# Created by Open3D 
# object name: temp_object_985116645
# number of vertices: 2022
# number of triangles: 3980
v 0.0299731 1.71184e-09 0.0950541 0.8 0.8 0.8
vn -0.9935 0.0346445 0.108432
v 0.0293181 0.00623176 0.0950541 0.8 0.8 0.8
vn -0.978993 -0.172673 0.108432
v 0.0273818 0.0121912 0.0950541 0.8 0.8 0.8
vn -0.921699 -0.372444 0.108432
v 0.0242488 0.0176178 0.0950541 0.8 0.8 0.8
vn -0.824122 -0.555937 0.108432
v 0.0200559 0.0222744 0.0950541 0.8 0.8 0.8
vn -0.690527 -0.715133 0.108432
v 0.0149866 0.0259575 0.0950541 0.8 0.8 0.8
vn -0.526753 -0.843074 0.108432
v 0.0092622 0.0285061 0.0950541 0.8 0.8 0.8
vn -0.339957 -0.934169 0.108432
v 0.00313305 0.0298089 0.0950541 0.8 0.8 0.8
vn -0.138304 -0.984436 0.108432
v -0.00313304 0.0298089 0.0950541 0.8 0.8 0.8
vn 0.0693943 -0.991679 0.108432
v -0.0092622 0.0285061 0.0950541 0.8 0.8 0.8
vn 0.274059 -0.95558 0.108432
v -0.0149865 0.0259575 0.0950541 0.8 0.8 0.8
vn 0.466747 -0.877719 0.108432
v -0.0200559 0.0222744 0.0950541 0.8 0.8 0.8
vn 0.639035 -0.761496 0.108432
v -0.0242487 0.0176178 0.0950541 0.8 0.8 0.8
vn 0.783395 -0.611993 0.108432
v -0.0273818 0.0121912 0.0950541 0.8 0.8 0.8
vn 0.893516 -0.435742 0.108432
v -0.0293181 0.00623176 0.0950541 0.8 0.8 0.8
vn 0.964587 -0.240448 0.108432
v -0.0299731 1.71184e-09 0.0950541 0.8 0.8 0.8
vn 0.9935 -0.0346445 0.108432
v -0.0293181 -0.00623176 0.0950541 0.8 0.8 0.8
vn 0.978993 0.172673 0.108432
v -0.0273818 -0.0121912 0.0950541 0.8 0.8 0.8
vn 0.921699 0.372444 0.108432
v -0.0242487 -0.0176177 0.0950541 0.8 0.8 0.8
vn 0.824122 0.555937 0.108432
v -0.0200559 -0.0222744 0.0950541 0.8 0.8 0.8
vn 0.690527 0.715133 0.108432
v -0.0149865 -0.0259575 0.0950541 0.8 0.8 0.8
vn 0.526753 0.843074 0.108432
v -0.0092622 -0.0285061 0.0950541 0.8 0.8 0.8
vn 0.339957 0.934169 0.108432
v -0.00313304 -0.0298089 0.0950541 0.8 0.8 0.8
vn 0.138304 0.984436 0.108432
v 0.00313305 -0.0298089 0.0950541 0.8 0.8 0.8
vn -0.0693943 0.991679 0.108432
v 0.0092622 -0.0285061 0.0950541 0.8 0.8 0.8
vn -0.274059 0.95558 0.108432
v 0.0149866 -0.0259575 0.0950541 0.8 0.8 0.8
vn -0.466747 0.877719 0.108432
v 0.0200559 -0.0222744 0.0950541 0.8 0.8 0.8
vn -0.639035 0.761496 0.108432
v 0.0242488 -0.0176177 0.0950541 0.8 0.8 0.8
vn -0.783395 0.611993 0.108432
v 0.0273818 -0.0121912 0.0950541 0.8 0.8 0.8
vn -0.893516 0.435742 0.108432
v 0.0293181 -0.00623176 0.0950541 0.8 0.8 0.8
vn -0.964587 0.240448 0.108432
v 0.0297637 1.71184e-09 0.0631435 0.8 0.8 0.8
vn -0.99983 -0.00685633 0.0171341
v 0.0291133 0.00618823 0.0631435 0.8 0.8 0.8
vn -0.976556 -0.214583 0.0171341
v 0.0271905 0.012106 0.0631435 0.8 0.8 0.8
vn -0.910601 -0.412931 0.0171341
v 0.0240794 0.0174947 0.0631435 0.8 0.8 0.8
vn -0.804849 -0.593232 0.0171341
v 0.0199158 0.0221188 0.0631435 0.8 0.8 0.8
vn -0.663921 -0.747606 0.0171341
v 0.0148819 0.0257761 0.0631435 0.8 0.8 0.8
vn -0.493977 -0.869306 0.0171341
v 0.0091975 0.028307 0.0631435 0.8 0.8 0.8
vn -0.302444 -0.953013 0.0171341
v 0.00311116 0.0296007 0.0631435 0.8 0.8 0.8
vn -0.0976919 -0.995069 0.0171341
v -0.00311115 0.0296007 0.0631435 0.8 0.8 0.8
vn 0.111329 -0.993636 0.0171341
v -0.00919749 0.028307 0.0631435 0.8 0.8 0.8
vn 0.315485 -0.948776 0.0171341
v -0.0148819 0.0257761 0.0631435 0.8 0.8 0.8
vn 0.505853 -0.86245 0.0171341
v -0.0199158 0.0221188 0.0631435 0.8 0.8 0.8
vn 0.674112 -0.738431 0.0171341
v -0.0240794 0.0174947 0.0631435 0.8 0.8 0.8
vn 0.812909 -0.582138 0.0171341
v -0.0271905 0.012106 0.0631435 0.8 0.8 0.8
vn 0.916179 -0.400404 0.0171341
v -0.0291133 0.00618823 0.0631435 0.8 0.8 0.8
vn 0.979407 -0.20117 0.0171341
v -0.0297637 1.71184e-09 0.0631435 0.8 0.8 0.8
vn 0.99983 0.00685633 0.0171341
v -0.0291133 -0.00618822 0.0631435 0.8 0.8 0.8
vn 0.976556 0.214583 0.0171341
v -0.0271905 -0.012106 0.0631435 0.8 0.8 0.8
vn 0.910601 0.412931 0.0171341
v -0.0240794 -0.0174947 0.0631435 0.8 0.8 0.8
vn 0.804849 0.593232 0.0171341
v -0.0199158 -0.0221188 0.0631435 0.8 0.8 0.8
vn 0.663921 0.747606 0.0171341
v -0.0148819 -0.0257761 0.0631435 0.8 0.8 0.8
vn 0.493977 0.869306 0.0171341
v -0.00919749 -0.028307 0.0631435 0.8 0.8 0.8
vn 0.302444 0.953013 0.0171341
v -0.00311115 -0.0296007 0.0631435 0.8 0.8 0.8
vn 0.0976919 0.995069 0.0171341
v 0.00311116 -0.0296007 0.0631435 0.8 0.8 0.8
vn -0.111329 0.993636 0.0171341
v 0.0091975 -0.028307 0.0631435 0.8 0.8 0.8
vn -0.315485 0.948776 0.0171341
v 0.0148819 -0.0257761 0.0631435 0.8 0.8 0.8
vn -0.505853 0.86245 0.0171341
v 0.0199158 -0.0221188 0.0631435 0.8 0.8 0.8
vn -0.674112 0.738431 0.0171341
v 0.0240794 -0.0174947 0.0631435 0.8 0.8 0.8
vn -0.812909 0.582138 0.0171341
v 0.0271905 -0.012106 0.0631435 0.8 0.8 0.8
vn -0.916179 0.400404 0.0171341
v 0.0291133 -0.00618822 0.0631435 0.8 0.8 0.8
vn -0.979407 0.20117 0.0171341
v 0.0290437 1.71184e-09 0.0410279 0.8 0.8 0.8
vn -0.998819 -0.00772627 0.0479715
v 0.028409 0.00603853 0.0410279 0.8 0.8 0.8
vn -0.975386 -0.215224 0.0479715
v 0.0265328 0.0118131 0.0410279 0.8 0.8 0.8
vn -0.909324 -0.413315 0.0479715
v 0.0234969 0.0170715 0.0410279 0.8 0.8 0.8
vn -0.80352 -0.593342 0.0479715
v 0.019434 0.0215837 0.0410279 0.8 0.8 0.8
vn -0.662599 -0.747437 0.0479715
v 0.0145219 0.0251526 0.0410279 0.8 0.8 0.8
vn -0.492718 -0.868866 0.0479715
v 0.008975 0.0276222 0.0410279 0.8 0.8 0.8
vn -0.301304 -0.952321 0.0479715
v 0.0030359 0.0288846 0.0410279 0.8 0.8 0.8
vn -0.0967211 -0.994155 0.0479715
v -0.00303589 0.0288846 0.0410279 0.8 0.8 0.8
vn 0.112089 -0.99254 0.0479715
v -0.008975 0.0276222 0.0410279 0.8 0.8 0.8
vn 0.316 -0.947546 0.0479715
v -0.0145219 0.0251526 0.0410279 0.8 0.8 0.8
vn 0.506101 -0.861139 0.0479715
v -0.019434 0.0215837 0.0410279 0.8 0.8 0.8
vn 0.674082 -0.737097 0.0479715
v -0.0234969 0.0170715 0.0410279 0.8 0.8 0.8
vn 0.812603 -0.58084 0.0479715
v -0.0265328 0.0118131 0.0410279 0.8 0.8 0.8
vn 0.915609 -0.399198 0.0479715
v -0.028409 0.00603853 0.0410279 0.8 0.8 0.8
vn 0.978599 -0.200109 0.0479715
v -0.0290437 1.71184e-09 0.0410279 0.8 0.8 0.8
vn 0.998819 0.00772627 0.0479715
v -0.028409 -0.00603853 0.0410279 0.8 0.8 0.8
vn 0.975386 0.215224 0.0479715
v -0.0265328 -0.0118131 0.0410279 0.8 0.8 0.8
vn 0.909324 0.413315 0.0479715
v -0.0234969 -0.0170715 0.0410279 0.8 0.8 0.8
vn 0.80352 0.593342 0.0479715
v -0.019434 -0.0215837 0.0410279 0.8 0.8 0.8
vn 0.662599 0.747437 0.0479715
v -0.0145219 -0.0251526 0.0410279 0.8 0.8 0.8
vn 0.492718 0.868866 0.0479715
v -0.008975 -0.0276222 0.0410279 0.8 0.8 0.8
vn 0.301304 0.952321 0.0479715
v -0.00303589 -0.0288846 0.0410279 0.8 0.8 0.8
vn 0.0967211 0.994155 0.0479715
v 0.0030359 -0.0288846 0.0410279 0.8 0.8 0.8
vn -0.112089 0.99254 0.0479715
v 0.008975 -0.0276222 0.0410279 0.8 0.8 0.8
vn -0.316 0.947546 0.0479715
v 0.0145219 -0.0251526 0.0410279 0.8 0.8 0.8
vn -0.506101 0.861139 0.0479715
v 0.019434 -0.0215837 0.0410279 0.8 0.8 0.8
vn -0.674082 0.737097 0.0479715
v 0.0234969 -0.0170715 0.0410279 0.8 0.8 0.8
vn -0.812603 0.58084 0.0479715
v 0.0265328 -0.0118131 0.0410279 0.8 0.8 0.8
vn -0.915609 0.399198 0.0479715
v 0.028409 -0.00603853 0.0410279 0.8 0.8 0.8
vn -0.978599 0.200109 0.0479715
v 0.0279731 1.71184e-09 0.0260091 0.8 0.8 0.8
vn -0.995509 -0.00848566 0.0942845
v 0.0273618 0.00581594 0.0260091 0.8 0.8 0.8
vn -0.971991 -0.215278 0.0942845
v 0.0255547 0.0113777 0.0260091 0.8 0.8 0.8
vn -0.905991 -0.412662 0.0942845
v 0.0226307 0.0164422 0.0260091 0.8 0.8 0.8
vn -0.800396 -0.592011 0.0942845
v 0.0187177 0.0207881 0.0260091 0.8 0.8 0.8
vn -0.65982 -0.745486 0.0942845
v 0.0139866 0.0242254 0.0260091 0.8 0.8 0.8
vn -0.490406 -0.866379 0.0942845
v 0.00864417 0.026604 0.0260091 0.8 0.8 0.8
vn -0.299559 -0.949408 0.0942845
v 0.00292399 0.0278199 0.0260091 0.8 0.8 0.8
vn -0.0956199 -0.990943 0.0942845
v -0.00292398 0.0278199 0.0260091 0.8 0.8 0.8
vn 0.112498 -0.989169 0.0942845
v -0.00864416 0.026604 0.0260091 0.8 0.8 0.8
vn 0.3157 -0.944163 0.0942845
v -0.0139865 0.0242254 0.0260091 0.8 0.8 0.8
vn 0.505103 -0.857893 0.0942845
v -0.0187177 0.0207881 0.0260091 0.8 0.8 0.8
vn 0.672432 -0.734129 0.0942845
v -0.0226307 0.0164422 0.0260091 0.8 0.8 0.8
vn 0.810372 -0.578281 0.0942845
v -0.0255547 0.0113777 0.0260091 0.8 0.8 0.8
vn 0.912894 -0.397158 0.0942845
v -0.0273618 0.00581594 0.0260091 0.8 0.8 0.8
vn 0.975519 -0.198678 0.0942845
v -0.0279731 1.71184e-09 0.0260091 0.8 0.8 0.8
vn 0.995509 0.00848566 0.0942845
v -0.0273618 -0.00581593 0.0260091 0.8 0.8 0.8
vn 0.971991 0.215278 0.0942845
v -0.0255547 -0.0113777 0.0260091 0.8 0.8 0.8
vn 0.905991 0.412662 0.0942845
v -0.0226307 -0.0164422 0.0260091 0.8 0.8 0.8
vn 0.800396 0.592011 0.0942845
v -0.0187177 -0.0207881 0.0260091 0.8 0.8 0.8
vn 0.65982 0.745486 0.0942845
v -0.0139865 -0.0242254 0.0260091 0.8 0.8 0.8
vn 0.490406 0.866379 0.0942845
v -0.00864416 -0.026604 0.0260091 0.8 0.8 0.8
vn 0.299559 0.949408 0.0942845
v -0.00292398 -0.0278199 0.0260091 0.8 0.8 0.8
vn 0.0956199 0.990943 0.0942845
v 0.00292399 -0.0278199 0.0260091 0.8 0.8 0.8
vn -0.112498 0.989169 0.0942845
v 0.00864417 -0.026604 0.0260091 0.8 0.8 0.8
vn -0.3157 0.944163 0.0942845
v 0.0139866 -0.0242254 0.0260091 0.8 0.8 0.8
vn -0.505103 0.857893 0.0942845
v 0.0187177 -0.0207881 0.0260091 0.8 0.8 0.8
vn -0.672432 0.734129 0.0942845
v 0.0226307 -0.0164422 0.0260091 0.8 0.8 0.8
vn -0.810372 0.578281 0.0942845
v 0.0255547 -0.0113777 0.0260091 0.8 0.8 0.8
vn -0.912894 0.397158 0.0942845
v 0.0273618 -0.00581593 0.0260091 0.8 0.8 0.8
vn -0.975519 0.198678 0.0942845
v 0.0266669 1.71184e-09 0.0160386 0.8 0.8 0.8
vn -0.986186 -0.00914789 0.165391
v 0.0260841 0.00554435 0.0160386 0.8 0.8 0.8
vn -0.962733 -0.213988 0.165391
v 0.0243614 0.0108464 0.0160386 0.8 0.8 0.8
vn -0.897205 -0.409475 0.165391
v 0.0215739 0.0156744 0.0160386 0.8 0.8 0.8
vn -0.792464 -0.587066 0.165391
v 0.0178436 0.0198173 0.0160386 0.8 0.8 0.8
vn -0.653089 -0.739 0.165391
v 0.0133334 0.0230942 0.0160386 0.8 0.8 0.8
vn -0.485171 -0.858636 0.165391
v 0.00824051 0.0253617 0.0160386 0.8 0.8 0.8
vn -0.296048 -0.940745 0.165391
v 0.00278745 0.0265208 0.0160386 0.8 0.8 0.8
vn -0.0939867 -0.981739 0.165391
v -0.00278744 0.0265208 0.0160386 0.8 0.8 0.8
vn 0.112182 -0.979827 0.165391
v -0.00824051 0.0253617 0.0160386 0.8 0.8 0.8
vn 0.313448 -0.935091 0.165391
v -0.0133334 0.0230942 0.0160386 0.8 0.8 0.8
vn 0.501015 -0.849488 0.165391
v -0.0178436 0.0198173 0.0160386 0.8 0.8 0.8
vn 0.666685 -0.726758 0.165391
v -0.0215739 0.0156744 0.0160386 0.8 0.8 0.8
vn 0.803218 -0.572265 0.165391
v -0.0243614 0.0108464 0.0160386 0.8 0.8 0.8
vn 0.904646 -0.392761 0.165391
v -0.0260841 0.00554435 0.0160386 0.8 0.8 0.8
vn 0.966537 -0.196092 0.165391
v -0.0266669 1.71184e-09 0.0160386 0.8 0.8 0.8
vn 0.986186 0.00914789 0.165391
v -0.0260841 -0.00554435 0.0160386 0.8 0.8 0.8
vn 0.962733 0.213988 0.165391
v -0.0243614 -0.0108464 0.0160386 0.8 0.8 0.8
vn 0.897205 0.409475 0.165391
v -0.0215739 -0.0156744 0.0160386 0.8 0.8 0.8
vn 0.792464 0.587066 0.165391
v -0.0178436 -0.0198173 0.0160386 0.8 0.8 0.8
vn 0.653089 0.739 0.165391
v -0.0133334 -0.0230942 0.0160386 0.8 0.8 0.8
vn 0.485171 0.858636 0.165391
v -0.00824051 -0.0253617 0.0160386 0.8 0.8 0.8
vn 0.296048 0.940745 0.165391
v -0.00278744 -0.0265208 0.0160386 0.8 0.8 0.8
vn 0.0939867 0.981739 0.165391
v 0.00278745 -0.0265208 0.0160386 0.8 0.8 0.8
vn -0.112182 0.979827 0.165391
v 0.00824051 -0.0253617 0.0160386 0.8 0.8 0.8
vn -0.313448 0.935091 0.165391
v 0.0133334 -0.0230942 0.0160386 0.8 0.8 0.8
vn -0.501015 0.849488 0.165391
v 0.0178436 -0.0198173 0.0160386 0.8 0.8 0.8
vn -0.666685 0.726758 0.165391
v 0.0215739 -0.0156744 0.0160386 0.8 0.8 0.8
vn -0.803218 0.572265 0.165391
v 0.0243614 -0.0108464 0.0160386 0.8 0.8 0.8
vn -0.904646 0.392761 0.165391
v 0.0260841 -0.00554435 0.0160386 0.8 0.8 0.8
vn -0.966537 0.196092 0.165391
v 0.025206 1.71184e-09 0.00958631 0.8 0.8 0.8
vn -0.961423 -0.00964454 0.274907
v 0.0246552 0.00524062 0.00958631 0.8 0.8 0.8
vn -0.938408 -0.209325 0.274907
v 0.0230268 0.0102522 0.00958631 0.8 0.8 0.8
vn -0.87438 -0.399857 0.274907
v 0.0203921 0.0148157 0.00958631 0.8 0.8 0.8
vn -0.772138 -0.572913 0.274907
v 0.0168661 0.0187317 0.00958631 0.8 0.8 0.8
vn -0.63615 -0.72093 0.274907
v 0.012603 0.021829 0.00958631 0.8 0.8 0.8
vn -0.472359 -0.837439 0.274907
v 0.00778908 0.0239723 0.00958631 0.8 0.8 0.8
vn -0.287923 -0.917348 0.274907
v 0.00263475 0.0250679 0.00958631 0.8 0.8 0.8
vn -0.0909043 -0.957164 0.274907
v -0.00263474 0.0250679 0.00958631 0.8 0.8 0.8
vn 0.110088 -0.955148 0.274907
v -0.00778908 0.0239723 0.00958631 0.8 0.8 0.8
vn 0.306268 -0.911387 0.274907
v -0.012603 0.021829 0.00958631 0.8 0.8 0.8
vn 0.489064 -0.827794 0.274907
v -0.0168661 0.0187317 0.00958631 0.8 0.8 0.8
vn 0.650485 -0.708023 0.274907
v -0.0203921 0.0148157 0.00958631 0.8 0.8 0.8
vn 0.783476 -0.557307 0.274907
v -0.0230268 0.0102522 0.00958631 0.8 0.8 0.8
vn 0.882226 -0.382235 0.274907
v -0.0246552 0.00524062 0.00958631 0.8 0.8 0.8
vn 0.942418 -0.190457 0.274907
v -0.025206 1.71184e-09 0.00958631 0.8 0.8 0.8
vn 0.961423 0.00964454 0.274907
v -0.0246552 -0.00524062 0.00958631 0.8 0.8 0.8
vn 0.938408 0.209325 0.274907
v -0.0230268 -0.0102522 0.00958631 0.8 0.8 0.8
vn 0.87438 0.399857 0.274907
v -0.0203921 -0.0148157 0.00958631 0.8 0.8 0.8
vn 0.772138 0.572913 0.274907
v -0.0168661 -0.0187317 0.00958631 0.8 0.8 0.8
vn 0.63615 0.72093 0.274907
v -0.012603 -0.021829 0.00958631 0.8 0.8 0.8
vn 0.472359 0.837439 0.274907
v -0.00778908 -0.0239723 0.00958631 0.8 0.8 0.8
vn 0.287923 0.917348 0.274907
v -0.00263474 -0.0250679 0.00958631 0.8 0.8 0.8
vn 0.0909043 0.957164 0.274907
v 0.00263475 -0.0250679 0.00958631 0.8 0.8 0.8
vn -0.110088 0.955148 0.274907
v 0.00778908 -0.0239723 0.00958631 0.8 0.8 0.8
vn -0.306268 0.911387 0.274907
v 0.012603 -0.021829 0.00958631 0.8 0.8 0.8
vn -0.489064 0.827794 0.274907
v 0.0168661 -0.0187317 0.00958631 0.8 0.8 0.8
vn -0.650485 0.708023 0.274907
v 0.0203921 -0.0148157 0.00958631 0.8 0.8 0.8
vn -0.783476 0.557307 0.274907
v 0.0230268 -0.0102522 0.00958631 0.8 0.8 0.8
vn -0.882226 0.382235 0.274907
v 0.0246552 -0.00524062 0.00958631 0.8 0.8 0.8
vn -0.942418 0.190457 0.274907
v 0.0236464 1.71184e-09 0.00552982 0.8 0.8 0.8
vn -0.899843 -0.00973987 0.436105
v 0.0231296 0.00491635 0.00552982 0.8 0.8 0.8
vn -0.878154 -0.196615 0.436105
v 0.021602 0.00961784 0.00552982 0.8 0.8 0.8
vn -0.818086 -0.374897 0.436105
v 0.0191303 0.013899 0.00552982 0.8 0.8 0.8
vn -0.722263 -0.536794 0.436105
v 0.0158225 0.0175727 0.00552982 0.8 0.8 0.8
vn -0.594874 -0.675231 0.436105
v 0.0118232 0.0204783 0.00552982 0.8 0.8 0.8
vn -0.441487 -0.784157 0.436105
v 0.00730713 0.022489 0.00552982 0.8 0.8 0.8
vn -0.268804 -0.858811 0.436105
v 0.00247172 0.0235168 0.00552982 0.8 0.8 0.8
vn -0.0843727 -0.895932 0.436105
v -0.00247171 0.0235168 0.00552982 0.8 0.8 0.8
vn 0.103746 -0.893896 0.436105
v -0.00730712 0.022489 0.00552982 0.8 0.8 0.8
vn 0.28733 -0.852792 0.436105
v -0.0118232 0.0204783 0.00552982 0.8 0.8 0.8
vn 0.458357 -0.774417 0.436105
v -0.0158225 0.0175727 0.00552982 0.8 0.8 0.8
vn 0.609351 -0.662196 0.436105
v -0.0191303 0.013899 0.00552982 0.8 0.8 0.8
vn 0.733713 -0.521035 0.436105
v -0.021602 0.00961784 0.00552982 0.8 0.8 0.8
vn 0.826009 -0.357101 0.436105
v -0.0231296 0.00491635 0.00552982 0.8 0.8 0.8
vn 0.882204 -0.177561 0.436105
v -0.0236463 1.71184e-09 0.00552982 0.8 0.8 0.8
vn 0.899843 0.00973987 0.436105
v -0.0231296 -0.00491635 0.00552982 0.8 0.8 0.8
vn 0.878154 0.196615 0.436105
v -0.021602 -0.00961784 0.00552982 0.8 0.8 0.8
vn 0.818086 0.374897 0.436105
v -0.0191303 -0.013899 0.00552982 0.8 0.8 0.8
vn 0.722263 0.536794 0.436105
v -0.0158225 -0.0175727 0.00552982 0.8 0.8 0.8
vn 0.594874 0.675231 0.436105
v -0.0118232 -0.0204783 0.00552982 0.8 0.8 0.8
vn 0.441487 0.784157 0.436105
v -0.00730712 -0.022489 0.00552982 0.8 0.8 0.8
vn 0.268804 0.858811 0.436105
v -0.00247171 -0.0235168 0.00552982 0.8 0.8 0.8
vn 0.0843727 0.895932 0.436105
v 0.00247172 -0.0235168 0.00552982 0.8 0.8 0.8
vn -0.103746 0.893896 0.436105
v 0.00730713 -0.022489 0.00552982 0.8 0.8 0.8
vn -0.28733 0.852792 0.436105
v 0.0118232 -0.0204783 0.00552982 0.8 0.8 0.8
vn -0.458357 0.774417 0.436105
v 0.0158225 -0.0175727 0.00552982 0.8 0.8 0.8
vn -0.609351 0.662196 0.436105
v 0.0191303 -0.013899 0.00552982 0.8 0.8 0.8
vn -0.733713 0.521035 0.436105
v 0.021602 -0.00961784 0.00552982 0.8 0.8 0.8
vn -0.826009 0.357101 0.436105
v 0.0231296 -0.00491635 0.00552982 0.8 0.8 0.8
vn -0.882204 0.177561 0.436105
v 0.0220255 1.71184e-09 0.00306235 0.8 0.8 0.8
vn -0.768583 -0.00898063 0.639687
v 0.0215442 0.00457937 0.00306235 0.8 0.8 0.8
vn -0.749921 -0.168582 0.639687
v 0.0201213 0.00895859 0.00306235 0.8 0.8 0.8
vn -0.698483 -0.320815 0.639687
v 0.017819 0.0129463 0.00306235 0.8 0.8 0.8
vn -0.616518 -0.459027 0.639687
v 0.014738 0.0163682 0.00306235 0.8 0.8 0.8
vn -0.507609 -0.577178 0.639687
v 0.0110128 0.0190747 0.00306235 0.8 0.8 0.8
vn -0.376514 -0.670103 0.639687
v 0.00680627 0.0209475 0.00306235 0.8 0.8 0.8
vn -0.228964 -0.733741 0.639687
v 0.0023023 0.0219049 0.00306235 0.8 0.8 0.8
vn -0.0714074 -0.765312 0.639687
v -0.00230229 0.0219049 0.00306235 0.8 0.8 0.8
vn 0.0892702 -0.763434 0.639687
v -0.00680626 0.0209475 0.00306235 0.8 0.8 0.8
vn 0.246046 -0.728191 0.639687
v -0.0110128 0.0190747 0.00306235 0.8 0.8 0.8
vn 0.392069 -0.661122 0.639687
v -0.014738 0.0163682 0.00306235 0.8 0.8 0.8
vn 0.520956 -0.565159 0.639687
v -0.017819 0.0129463 0.00306235 0.8 0.8 0.8
vn 0.627076 -0.444496 0.639687
v -0.0201213 0.00895859 0.00306235 0.8 0.8 0.8
vn 0.705788 -0.304407 0.639687
v -0.0215442 0.00457937 0.00306235 0.8 0.8 0.8
vn 0.753655 -0.151013 0.639687
v -0.0220255 1.71184e-09 0.00306235 0.8 0.8 0.8
vn 0.768583 0.00898063 0.639687
v -0.0215442 -0.00457936 0.00306235 0.8 0.8 0.8
vn 0.749921 0.168582 0.639687
v -0.0201213 -0.00895859 0.00306235 0.8 0.8 0.8
vn 0.698483 0.320815 0.639687
v -0.017819 -0.0129463 0.00306235 0.8 0.8 0.8
vn 0.616518 0.459027 0.639687
v -0.014738 -0.0163682 0.00306235 0.8 0.8 0.8
vn 0.507609 0.577178 0.639687
v -0.0110128 -0.0190747 0.00306235 0.8 0.8 0.8
vn 0.376514 0.670103 0.639687
v -0.00680626 -0.0209475 0.00306235 0.8 0.8 0.8
vn 0.228964 0.733741 0.639687
v -0.00230229 -0.0219049 0.00306235 0.8 0.8 0.8
vn 0.0714074 0.765312 0.639687
v 0.0023023 -0.0219049 0.00306235 0.8 0.8 0.8
vn -0.0892702 0.763434 0.639687
v 0.00680627 -0.0209475 0.00306235 0.8 0.8 0.8
vn -0.246046 0.728191 0.639687
v 0.0110128 -0.0190747 0.00306235 0.8 0.8 0.8
vn -0.392069 0.661122 0.639687
v 0.014738 -0.0163682 0.00306235 0.8 0.8 0.8
vn -0.520956 0.565159 0.639687
v 0.017819 -0.0129463 0.00306235 0.8 0.8 0.8
vn -0.627076 0.444496 0.639687
v 0.0201213 -0.00895859 0.00306235 0.8 0.8 0.8
vn -0.705788 0.304407 0.639687
v 0.0215442 -0.00457936 0.00306235 0.8 0.8 0.8
vn -0.753655 0.151013 0.639687
v 0.0203681 1.71184e-09 0.00161751 0.8 0.8 0.8
vn -0.5629 -0.00711835 0.826494
v 0.019923 0.00423477 0.00161751 0.8 0.8 0.8
vn -0.549119 -0.123996 0.826494
v 0.0186072 0.00828447 0.00161751 0.8 0.8 0.8
vn -0.51134 -0.235455 0.826494
v 0.0164782 0.0119721 0.00161751 0.8 0.8 0.8
vn -0.451212 -0.336623 0.826494
v 0.0136289 0.0151365 0.00161751 0.8 0.8 0.8
vn -0.371364 -0.423079 0.826494
v 0.0101841 0.0176393 0.00161751 0.8 0.8 0.8
vn -0.275285 -0.491045 0.826494
v 0.0062941 0.0193712 0.00161751 0.8 0.8 0.8
vn -0.167176 -0.53755 0.826494
v 0.00212905 0.0202566 0.00161751 0.8 0.8 0.8
vn -0.0517597 -0.560561 0.826494
v -0.00212905 0.0202566 0.00161751 0.8 0.8 0.8
vn 0.0659184 -0.559072 0.826494
v -0.0062941 0.0193712 0.00161751 0.8 0.8 0.8
vn 0.180716 -0.53315 0.826494
v -0.0101841 0.0176393 0.00161751 0.8 0.8 0.8
vn 0.287615 -0.483927 0.826494
v -0.0136289 0.0151365 0.00161751 0.8 0.8 0.8
vn 0.381944 -0.413553 0.826494
v -0.0164782 0.0119721 0.00161751 0.8 0.8 0.8
vn 0.45958 -0.325106 0.826494
v -0.0186072 0.00828447 0.00161751 0.8 0.8 0.8
vn 0.51713 -0.222449 0.826494
v -0.019923 0.00423477 0.00161751 0.8 0.8 0.8
vn 0.552079 -0.110071 0.826494
v -0.0203681 1.71184e-09 0.00161751 0.8 0.8 0.8
vn 0.5629 0.00711835 0.826494
v -0.019923 -0.00423477 0.00161751 0.8 0.8 0.8
vn 0.549119 0.123996 0.826494
v -0.0186072 -0.00828446 0.00161751 0.8 0.8 0.8
vn 0.51134 0.235455 0.826494
v -0.0164782 -0.0119721 0.00161751 0.8 0.8 0.8
vn 0.451212 0.336623 0.826494
v -0.0136289 -0.0151365 0.00161751 0.8 0.8 0.8
vn 0.371364 0.423079 0.826494
v -0.0101841 -0.0176393 0.00161751 0.8 0.8 0.8
vn 0.275285 0.491045 0.826494
v -0.0062941 -0.0193712 0.00161751 0.8 0.8 0.8
vn 0.167176 0.53755 0.826494
v -0.00212905 -0.0202566 0.00161751 0.8 0.8 0.8
vn 0.0517597 0.560561 0.826494
v 0.00212905 -0.0202566 0.00161751 0.8 0.8 0.8
vn -0.0659184 0.559072 0.826494
v 0.0062941 -0.0193712 0.00161751 0.8 0.8 0.8
vn -0.180716 0.53315 0.826494
v 0.0101841 -0.0176393 0.00161751 0.8 0.8 0.8
vn -0.287615 0.483927 0.826494
v 0.0136289 -0.0151365 0.00161751 0.8 0.8 0.8
vn -0.381944 0.413553 0.826494
v 0.0164782 -0.0119721 0.00161751 0.8 0.8 0.8
vn -0.45958 0.325106 0.826494
v 0.0186072 -0.00828446 0.00161751 0.8 0.8 0.8
vn -0.51713 0.222449 0.826494
v 0.019923 -0.00423477 0.00161751 0.8 0.8 0.8
vn -0.552079 0.110071 0.826494
v 0.0186897 1.71184e-09 0.00080817 0.8 0.8 0.8
vn -0.348181 -0.0047853 0.937415
v 0.0182813 0.00388581 0.00080817 0.8 0.8 0.8
vn -0.339577 -0.0770716 0.937415
v 0.0170739 0.0076018 0.00080817 0.8 0.8 0.8
vn -0.316133 -0.14599 0.937415
v 0.0151203 0.0109855 0.00080817 0.8 0.8 0.8
vn -0.278872 -0.208527 0.937415
v 0.0125059 0.0138892 0.00080817 0.8 0.8 0.8
vn -0.229422 -0.261951 0.937415
v 0.00934486 0.0161858 0.00080817 0.8 0.8 0.8
vn -0.169946 -0.303926 0.937415
v 0.00577544 0.017775 0.00080817 0.8 0.8 0.8
vn -0.103043 -0.332618 0.937415
v 0.00195361 0.0185873 0.00080817 0.8 0.8 0.8
vn -0.0316357 -0.346774 0.937415
v -0.00195361 0.0185873 0.00080817 0.8 0.8 0.8
vn 0.0411539 -0.345773 0.937415
v -0.00577544 0.017775 0.00080817 0.8 0.8 0.8
vn 0.112145 -0.329661 0.937415
v -0.00934486 0.0161858 0.00080817 0.8 0.8 0.8
vn 0.178235 -0.299141 0.937415
v -0.0125059 0.0138892 0.00080817 0.8 0.8 0.8
vn 0.236535 -0.255547 0.937415
v -0.0151203 0.0109855 0.00080817 0.8 0.8 0.8
vn 0.284497 -0.200784 0.937415
v -0.0170739 0.0076018 0.00080817 0.8 0.8 0.8
vn 0.320025 -0.137246 0.937415
v -0.0182813 0.00388581 0.00080817 0.8 0.8 0.8
vn 0.341567 -0.0677102 0.937415
v -0.0186897 1.71184e-09 0.00080817 0.8 0.8 0.8
vn 0.348181 0.0047853 0.937415
v -0.0182813 -0.00388581 0.00080817 0.8 0.8 0.8
vn 0.339577 0.0770716 0.937415
v -0.0170739 -0.00760179 0.00080817 0.8 0.8 0.8
vn 0.316133 0.14599 0.937415
v -0.0151203 -0.0109855 0.00080817 0.8 0.8 0.8
vn 0.278872 0.208527 0.937415
v -0.0125059 -0.0138892 0.00080817 0.8 0.8 0.8
vn 0.229422 0.261951 0.937415
v -0.00934486 -0.0161858 0.00080817 0.8 0.8 0.8
vn 0.169946 0.303926 0.937415
v -0.00577544 -0.017775 0.00080817 0.8 0.8 0.8
vn 0.103043 0.332618 0.937415
v -0.00195361 -0.0185873 0.00080817 0.8 0.8 0.8
vn 0.0316357 0.346774 0.937415
v 0.00195361 -0.0185873 0.00080817 0.8 0.8 0.8
vn -0.0411539 0.345773 0.937415
v 0.00577544 -0.017775 0.00080817 0.8 0.8 0.8
vn -0.112145 0.329661 0.937415
v 0.00934486 -0.0161858 0.00080817 0.8 0.8 0.8
vn -0.178235 0.299141 0.937415
v 0.0125059 -0.0138892 0.00080817 0.8 0.8 0.8
vn -0.236535 0.255547 0.937415
v 0.0151203 -0.0109855 0.00080817 0.8 0.8 0.8
vn -0.284497 0.200784 0.937415
v 0.0170739 -0.00760179 0.00080817 0.8 0.8 0.8
vn -0.320025 0.137246 0.937415
v 0.0182813 -0.00388581 0.00080817 0.8 0.8 0.8
vn -0.341567 0.0677102 0.937415
v 0.0169998 1.71184e-09 0.000377936 0.8 0.8 0.8
vn -0.18916 -0.00284151 0.981942
v 0.0166283 0.00353446 0.000377936 0.8 0.8 0.8
vn -0.184435 -0.0421079 0.981942
v 0.0155301 0.00691444 0.000377936 0.8 0.8 0.8
vn -0.17165 -0.079534 0.981942
v 0.0137531 0.00999223 0.000377936 0.8 0.8 0.8
vn -0.151363 -0.113484 0.981942
v 0.0113751 0.0126333 0.000377936 0.8 0.8 0.8
vn -0.124461 -0.142474 0.981942
v 0.0084999 0.0147223 0.000377936 0.8 0.8 0.8
vn -0.092119 -0.165238 0.981942
v 0.00525323 0.0161678 0.000377936 0.8 0.8 0.8
vn -0.0557511 -0.18078 0.981942
v 0.00177697 0.0169067 0.000377936 0.8 0.8 0.8
vn -0.0169466 -0.18842 0.981942
v -0.00177696 0.0169067 0.000377936 0.8 0.8 0.8
vn 0.0225985 -0.187826 0.981942
v -0.00525323 0.0161678 0.000377936 0.8 0.8 0.8
vn 0.061156 -0.179023 0.981942
v -0.0084999 0.0147223 0.000377936 0.8 0.8 0.8
vn 0.0970406 -0.162396 0.981942
v -0.0113751 0.0126333 0.000377936 0.8 0.8 0.8
vn 0.128684 -0.138672 0.981942
v -0.0137531 0.00999223 0.000377936 0.8 0.8 0.8
vn 0.154704 -0.108886 0.981942
v -0.0155301 0.00691444 0.000377936 0.8 0.8 0.8
vn 0.173962 -0.0743423 0.981942
v -0.0166283 0.00353446 0.000377936 0.8 0.8 0.8
vn 0.185617 -0.0365491 0.981942
v -0.0169998 1.71184e-09 0.000377936 0.8 0.8 0.8
vn 0.18916 0.00284151 0.981942
v -0.0166283 -0.00353446 0.000377936 0.8 0.8 0.8
vn 0.184435 0.0421079 0.981942
v -0.0155301 -0.00691444 0.000377936 0.8 0.8 0.8
vn 0.17165 0.079534 0.981942
v -0.0137531 -0.00999223 0.000377936 0.8 0.8 0.8
vn 0.151363 0.113484 0.981942
v -0.0113751 -0.0126333 0.000377936 0.8 0.8 0.8
vn 0.124461 0.142474 0.981942
v -0.0084999 -0.0147223 0.000377936 0.8 0.8 0.8
vn 0.092119 0.165238 0.981942
v -0.00525323 -0.0161678 0.000377936 0.8 0.8 0.8
vn 0.0557511 0.18078 0.981942
v -0.00177696 -0.0169067 0.000377936 0.8 0.8 0.8
vn 0.0169466 0.18842 0.981942
v 0.00177697 -0.0169067 0.000377936 0.8 0.8 0.8
vn -0.0225985 0.187826 0.981942
v 0.00525323 -0.0161678 0.000377936 0.8 0.8 0.8
vn -0.061156 0.179023 0.981942
v 0.0084999 -0.0147223 0.000377936 0.8 0.8 0.8
vn -0.0970406 0.162396 0.981942
v 0.0113751 -0.0126333 0.000377936 0.8 0.8 0.8
vn -0.128684 0.138672 0.981942
v 0.0137531 -0.00999223 0.000377936 0.8 0.8 0.8
vn -0.154704 0.108886 0.981942
v 0.0155301 -0.00691444 0.000377936 0.8 0.8 0.8
vn -0.173962 0.0743423 0.981942
v 0.0166283 -0.00353446 0.000377936 0.8 0.8 0.8
vn -0.185617 0.0365491 0.981942
v 0.0153039 1.71184e-09 0.000163127 0.8 0.8 0.8
vn -0.0933986 -0.00154434 0.995628
v 0.0149695 0.00318187 0.000163127 0.8 0.8 0.8
vn -0.0910365 -0.0209292 0.995628
v 0.0139808 0.00622467 0.000163127 0.8 0.8 0.8
vn -0.0846957 -0.0393994 0.995628
v 0.0123811 0.00899543 0.000163127 0.8 0.8 0.8
vn -0.0746533 -0.0561477 0.995628
v 0.0102403 0.011373 0.000163127 0.8 0.8 0.8
vn -0.0613482 -0.070442 0.995628
v 0.00765197 0.0132536 0.000163127 0.8 0.8 0.8
vn -0.0453618 -0.0816577 0.995628
v 0.00472918 0.0145549 0.000163127 0.8 0.8 0.8
vn -0.027393 -0.0893045 0.995628
v 0.0015997 0.0152201 0.000163127 0.8 0.8 0.8
vn -0.00822693 -0.0930483 0.995628
v -0.00159969 0.0152201 0.000163127 0.8 0.8 0.8
vn 0.0112987 -0.0927255 0.995628
v -0.00472917 0.0145549 0.000163127 0.8 0.8 0.8
vn 0.0303305 -0.0883501 0.995628
v -0.00765196 0.0132536 0.000163127 0.8 0.8 0.8
vn 0.0480367 -0.0801133 0.995628
v -0.0102403 0.011373 0.000163127 0.8 0.8 0.8
vn 0.0636435 -0.0683753 0.995628
v -0.0123811 0.00899543 0.000163127 0.8 0.8 0.8
vn 0.0764688 -0.0536489 0.995628
v -0.0139808 0.00622467 0.000163127 0.8 0.8 0.8
vn 0.085952 -0.0365778 0.995628
v -0.0149695 0.00318187 0.000163127 0.8 0.8 0.8
vn 0.0916787 -0.0179081 0.995628
v -0.0153039 1.71184e-09 0.000163127 0.8 0.8 0.8
vn 0.0933986 0.00154434 0.995628
v -0.0149695 -0.00318186 0.000163127 0.8 0.8 0.8
vn 0.0910365 0.0209292 0.995628
v -0.0139808 -0.00622467 0.000163127 0.8 0.8 0.8
vn 0.0846957 0.0393994 0.995628
v -0.0123811 -0.00899542 0.000163127 0.8 0.8 0.8
vn 0.0746533 0.0561477 0.995628
v -0.0102403 -0.011373 0.000163127 0.8 0.8 0.8
vn 0.0613482 0.070442 0.995628
v -0.00765196 -0.0132536 0.000163127 0.8 0.8 0.8
vn 0.0453618 0.0816577 0.995628
v -0.00472917 -0.0145549 0.000163127 0.8 0.8 0.8
vn 0.027393 0.0893045 0.995628
v -0.00159969 -0.0152201 0.000163127 0.8 0.8 0.8
vn 0.00822693 0.0930483 0.995628
v 0.0015997 -0.0152201 0.000163127 0.8 0.8 0.8
vn -0.0112987 0.0927255 0.995628
v 0.00472918 -0.0145549 0.000163127 0.8 0.8 0.8
vn -0.0303305 0.0883501 0.995628
v 0.00765197 -0.0132536 0.000163127 0.8 0.8 0.8
vn -0.0480367 0.0801133 0.995628
v 0.0102403 -0.011373 0.000163127 0.8 0.8 0.8
vn -0.0636435 0.0683753 0.995628
v 0.0123811 -0.00899542 0.000163127 0.8 0.8 0.8
vn -0.0764688 0.0536489 0.995628
v 0.0139808 -0.00622467 0.000163127 0.8 0.8 0.8
vn -0.085952 0.0365778 0.995628
v 0.0149695 -0.00318186 0.000163127 0.8 0.8 0.8
vn -0.0916787 0.0179081 0.995628
v 0.0136052 1.71184e-09 6.37695e-05 0.8 0.8 0.8
vn -0.0421953 -0.000774518 0.999109
v 0.0133079 0.00282868 6.37695e-05 0.8 0.8 0.8
vn -0.0411122 -0.00953049 0.999109
v 0.012429 0.00553373 6.37695e-05 0.8 0.8 0.8
vn -0.0382323 -0.0178699 0.999109
v 0.0110068 0.00799693 6.37695e-05 0.8 0.8 0.8
vn -0.0336815 -0.0254284 0.999109
v 0.00910365 0.0101106 6.37695e-05 0.8 0.8 0.8
vn -0.0276586 -0.0318755 0.999109
v 0.0068026 0.0117824 6.37695e-05 0.8 0.8 0.8
vn -0.0204269 -0.0369295 0.999109
v 0.00420424 0.0129393 6.37695e-05 0.8 0.8 0.8
vn -0.0123025 -0.0403695 0.999109
v 0.00142213 0.0135307 6.37695e-05 0.8 0.8 0.8
vn -0.00364034 -0.0420451 0.999109
v -0.00142213 0.0135307 6.37695e-05 0.8 0.8 0.8
vn 0.00518089 -0.0418832 0.999109
v -0.00420423 0.0129393 6.37695e-05 0.8 0.8 0.8
vn 0.0137757 -0.0398908 0.999109
v -0.00680259 0.0117824 6.37695e-05 0.8 0.8 0.8
vn 0.0217684 -0.036155 0.999109
v -0.00910364 0.0101106 6.37695e-05 0.8 0.8 0.8
vn 0.0288098 -0.030839 0.999109
v -0.0110068 0.00799693 6.37695e-05 0.8 0.8 0.8
vn 0.034592 -0.0241752 0.999109
v -0.012429 0.00553373 6.37695e-05 0.8 0.8 0.8
vn 0.0388624 -0.0164548 0.999109
v -0.0133079 0.00282868 6.37695e-05 0.8 0.8 0.8
vn 0.0414343 -0.00801531 0.999109
v -0.0136052 1.71184e-09 6.37695e-05 0.8 0.8 0.8
vn 0.0421953 0.000774518 0.999109
v -0.0133079 -0.00282868 6.37695e-05 0.8 0.8 0.8
vn 0.0411122 0.00953049 0.999109
v -0.012429 -0.00553373 6.37695e-05 0.8 0.8 0.8
vn 0.0382323 0.0178699 0.999109
v -0.0110068 -0.00799693 6.37695e-05 0.8 0.8 0.8
vn 0.0336815 0.0254284 0.999109
v -0.00910364 -0.0101106 6.37695e-05 0.8 0.8 0.8
vn 0.0276586 0.0318755 0.999109
v -0.00680259 -0.0117824 6.37695e-05 0.8 0.8 0.8
vn 0.0204269 0.0369295 0.999109
v -0.00420423 -0.0129393 6.37695e-05 0.8 0.8 0.8
vn 0.0123025 0.0403695 0.999109
v -0.00142213 -0.0135307 6.37695e-05 0.8 0.8 0.8
vn 0.00364034 0.0420451 0.999109
v 0.00142213 -0.0135307 6.37695e-05 0.8 0.8 0.8
vn -0.00518089 0.0418832 0.999109
v 0.00420424 -0.0129393 6.37695e-05 0.8 0.8 0.8
vn -0.0137757 0.0398908 0.999109
v 0.0068026 -0.0117824 6.37695e-05 0.8 0.8 0.8
vn -0.0217684 0.036155 0.999109
v 0.00910365 -0.0101106 6.37695e-05 0.8 0.8 0.8
vn -0.0288098 0.030839 0.999109
v 0.0110068 -0.00799693 6.37695e-05 0.8 0.8 0.8
vn -0.034592 0.0241752 0.999109
v 0.012429 -0.00553373 6.37695e-05 0.8 0.8 0.8
vn -0.0388624 0.0164548 0.999109
v 0.0133079 -0.00282868 6.37695e-05 0.8 0.8 0.8
vn -0.0414343 0.00801531 0.999109
v 0.0119052 1.71184e-09 2.19866e-05 0.8 0.8 0.8
vn -0.0172261 -0.000354527 0.999852
v 0.011645 0.00247522 2.19866e-05 0.8 0.8 0.8
vn -0.016776 -0.00392829 0.999852
v 0.0108759 0.00484227 2.19866e-05 0.8 0.8 0.8
vn -0.0155927 -0.00733037 0.999852
v 0.00963148 0.00699768 2.19866e-05 0.8 0.8 0.8
vn -0.0137278 -0.0104121 0.999852
v 0.00796611 0.00884726 2.19866e-05 0.8 0.8 0.8
vn -0.0112631 -0.0130387 0.999852
v 0.00595258 0.0103102 2.19866e-05 0.8 0.8 0.8
vn -0.00830603 -0.0150955 0.999852
v 0.0036789 0.0113225 2.19866e-05 0.8 0.8 0.8
vn -0.00498599 -0.0164926 0.999852
v 0.00124443 0.0118399 2.19866e-05 0.8 0.8 0.8
vn -0.00144804 -0.0171688 0.999852
v -0.00124443 0.0118399 2.19866e-05 0.8 0.8 0.8
vn 0.00215321 -0.0170947 0.999852
v -0.00367889 0.0113225 2.19866e-05 0.8 0.8 0.8
vn 0.00566034 -0.0162735 0.999852
v -0.00595258 0.0103102 2.19866e-05 0.8 0.8 0.8
vn 0.00892009 -0.014741 0.999852
v -0.0079661 0.00884726 2.19866e-05 0.8 0.8 0.8
vn 0.01179 -0.0125643 0.999852
v -0.00963147 0.00699768 2.19866e-05 0.8 0.8 0.8
vn 0.0141446 -0.00983845 0.999852
v -0.0108759 0.00484227 2.19866e-05 0.8 0.8 0.8
vn 0.015881 -0.00668262 0.999852
v -0.011645 0.00247522 2.19866e-05 0.8 0.8 0.8
vn 0.0169234 -0.00323473 0.999852
v -0.0119052 1.71184e-09 2.19866e-05 0.8 0.8 0.8
vn 0.0172261 0.000354527 0.999852
v -0.011645 -0.00247522 2.19866e-05 0.8 0.8 0.8
vn 0.016776 0.00392829 0.999852
v -0.0108759 -0.00484226 2.19866e-05 0.8 0.8 0.8
vn 0.0155927 0.00733037 0.999852
v -0.00963147 -0.00699768 2.19866e-05 0.8 0.8 0.8
vn 0.0137278 0.0104121 0.999852
v -0.0079661 -0.00884726 2.19866e-05 0.8 0.8 0.8
vn 0.0112631 0.0130387 0.999852
v -0.00595258 -0.0103102 2.19866e-05 0.8 0.8 0.8
vn 0.00830603 0.0150955 0.999852
v -0.00367889 -0.0113225 2.19866e-05 0.8 0.8 0.8
vn 0.00498599 0.0164926 0.999852
v -0.00124443 -0.0118399 2.19866e-05 0.8 0.8 0.8
vn 0.00144804 0.0171688 0.999852
v 0.00124443 -0.0118399 2.19866e-05 0.8 0.8 0.8
vn -0.00215321 0.0170947 0.999852
v 0.0036789 -0.0113225 2.19866e-05 0.8 0.8 0.8
vn -0.00566034 0.0162735 0.999852
v 0.00595258 -0.0103102 2.19866e-05 0.8 0.8 0.8
vn -0.00892009 0.014741 0.999852
v 0.00796611 -0.00884726 2.19866e-05 0.8 0.8 0.8
vn -0.01179 0.0125643 0.999852
v 0.00963148 -0.00699768 2.19866e-05 0.8 0.8 0.8
vn -0.0141446 0.00983845 0.999852
v 0.0108759 -0.00484226 2.19866e-05 0.8 0.8 0.8
vn -0.015881 0.00668262 0.999852
v 0.011645 -0.00247522 2.19866e-05 0.8 0.8 0.8
vn -0.0169234 0.00323473 0.999852
v 0.0102046 1.71184e-09 6.43122e-06 0.8 0.8 0.8
vn -0.00619592 -0.000144622 0.999981
v 0.00998163 0.00212166 6.43122e-06 0.8 0.8 0.8
vn -0.00603046 -0.00142967 0.999981
v 0.00932239 0.0041506 6.43122e-06 0.8 0.8 0.8
vn -0.00560143 -0.00265223 0.999981
v 0.00825571 0.00599813 6.43122e-06 0.8 0.8 0.8
vn -0.0049276 -0.00375887 0.999981
v 0.00682823 0.00758351 6.43122e-06 0.8 0.8 0.8
vn -0.0040384 -0.00470124 0.999981
v 0.00510231 0.00883746 6.43122e-06 0.8 0.8 0.8
vn -0.00297271 -0.00543814 0.999981
v 0.0031534 0.00970517 6.43122e-06 0.8 0.8 0.8
vn -0.0017771 -0.00593736 0.999981
v 0.00106668 0.0101487 6.43122e-06 0.8 0.8 0.8
vn -0.00050382 -0.0061771 0.999981
v -0.00106667 0.0101487 6.43122e-06 0.8 0.8 0.8
vn 0.00079148 -0.00614686 0.999981
v -0.0031534 0.00970517 6.43122e-06 0.8 0.8 0.8
vn 0.00205219 -0.00584798 0.999981
v -0.00510231 0.00883746 6.43122e-06 0.8 0.8 0.8
vn 0.00322321 -0.00529351 0.999981
v -0.00682822 0.00758351 6.43122e-06 0.8 0.8 0.8
vn 0.00425335 -0.00450769 0.999981
v -0.00825571 0.00599813 6.43122e-06 0.8 0.8 0.8
vn 0.00509761 -0.00352487 0.999981
v -0.00932238 0.0041506 6.43122e-06 0.8 0.8 0.8
vn 0.00571908 -0.00238799 0.999981
v -0.00998162 0.00212166 6.43122e-06 0.8 0.8 0.8
vn 0.00609059 -0.00114674 0.999981
v -0.0102046 1.71184e-09 6.43122e-06 0.8 0.8 0.8
vn 0.00619592 0.000144622 0.999981
v -0.00998162 -0.00212166 6.43122e-06 0.8 0.8 0.8
vn 0.00603046 0.00142967 0.999981
v -0.00932238 -0.00415059 6.43122e-06 0.8 0.8 0.8
vn 0.00560143 0.00265223 0.999981
v -0.00825571 -0.00599812 6.43122e-06 0.8 0.8 0.8
vn 0.0049276 0.00375887 0.999981
v -0.00682822 -0.00758351 6.43122e-06 0.8 0.8 0.8
vn 0.0040384 0.00470124 0.999981
v -0.00510231 -0.00883746 6.43122e-06 0.8 0.8 0.8
vn 0.00297271 0.00543814 0.999981
v -0.0031534 -0.00970517 6.43122e-06 0.8 0.8 0.8
vn 0.0017771 0.00593736 0.999981
v -0.00106667 -0.0101487 6.43122e-06 0.8 0.8 0.8
vn 0.00050382 0.0061771 0.999981
v 0.00106668 -0.0101487 6.43122e-06 0.8 0.8 0.8
vn -0.00079148 0.00614686 0.999981
v 0.0031534 -0.00970517 6.43122e-06 0.8 0.8 0.8
vn -0.00205219 0.00584798 0.999981
v 0.00510231 -0.00883746 6.43122e-06 0.8 0.8 0.8
vn -0.00322321 0.00529351 0.999981
v 0.00682823 -0.00758351 6.43122e-06 0.8 0.8 0.8
vn -0.00425335 0.00450769 0.999981
v 0.00825571 -0.00599812 6.43122e-06 0.8 0.8 0.8
vn -0.00509761 0.00352487 0.999981
v 0.00932239 -0.00415059 6.43122e-06 0.8 0.8 0.8
vn -0.00571908 0.00238799 0.999981
v 0.00998163 -0.00212166 6.43122e-06 0.8 0.8 0.8
vn -0.00609059 0.00114674 0.999981
v 0.00850391 1.71184e-09 1.50268e-06 0.8 0.8 0.8
vn -0.00188828 -5.06228e-05 0.999998
v 0.00831808 0.00176806 1.50268e-06 0.8 0.8 0.8
vn -0.00183649 -0.000442112 0.999998
v 0.00776871 0.00345885 1.50268e-06 0.8 0.8 0.8
vn -0.00170444 -0.000814278 0.999998
v 0.00687981 0.00499847 1.50268e-06 0.8 0.8 0.8
vn -0.00149789 -0.00115086 0.999998
v 0.00569022 0.00631963 1.50268e-06 0.8 0.8 0.8
vn -0.00122588 -0.00143714 0.999998
v 0.00425195 0.0073646 1.50268e-06 0.8 0.8 0.8
vn -0.000900299 -0.00166061 0.999998
v 0.00262785 0.00808769 1.50268e-06 0.8 0.8 0.8
vn -0.000535365 -0.0018115 0.999998
v 0.000888903 0.00845732 1.50268e-06 0.8 0.8 0.8
vn -0.000147033 -0.00188323 0.999998
v -0.000888897 0.00845732 1.50268e-06 0.8 0.8 0.8
vn 0.000247724 -0.00187264 0.999998
v -0.00262785 0.00808769 1.50268e-06 0.8 0.8 0.8
vn 0.000631655 -0.00178022 0.999998
v -0.00425195 0.0073646 1.50268e-06 0.8 0.8 0.8
vn 0.00098798 -0.00160999 0.999998
v -0.00569022 0.00631963 1.50268e-06 0.8 0.8 0.8
vn 0.00130113 -0.00136939 0.999998
v -0.0068798 0.00499847 1.50268e-06 0.8 0.8 0.8
vn 0.0015574 -0.00106895 0.999998
v -0.0077687 0.00345885 1.50268e-06 0.8 0.8 0.8
vn 0.00174562 -0.000721786 0.999998
v -0.00831807 0.00176806 1.50268e-06 0.8 0.8 0.8
vn 0.00185754 -0.000343079 0.999998
v -0.0085039 1.71184e-09 1.50268e-06 0.8 0.8 0.8
vn 0.00188828 5.06228e-05 0.999998
v -0.00831807 -0.00176806 1.50268e-06 0.8 0.8 0.8
vn 0.00183649 0.000442112 0.999998
v -0.0077687 -0.00345885 1.50268e-06 0.8 0.8 0.8
vn 0.00170444 0.000814278 0.999998
v -0.0068798 -0.00499847 1.50268e-06 0.8 0.8 0.8
vn 0.00149789 0.00115086 0.999998
v -0.00569022 -0.00631963 1.50268e-06 0.8 0.8 0.8
vn 0.00122588 0.00143714 0.999998
v -0.00425195 -0.00736459 1.50268e-06 0.8 0.8 0.8
vn 0.000900299 0.00166061 0.999998
v -0.00262785 -0.00808769 1.50268e-06 0.8 0.8 0.8
vn 0.000535365 0.0018115 0.999998
v -0.000888897 -0.00845732 1.50268e-06 0.8 0.8 0.8
vn 0.000147033 0.00188323 0.999998
v 0.000888903 -0.00845732 1.50268e-06 0.8 0.8 0.8
vn -0.000247724 0.00187264 0.999998
v 0.00262785 -0.00808769 1.50268e-06 0.8 0.8 0.8
vn -0.000631655 0.00178022 0.999998
v 0.00425195 -0.00736459 1.50268e-06 0.8 0.8 0.8
vn -0.00098798 0.00160999 0.999998
v 0.00569022 -0.00631963 1.50268e-06 0.8 0.8 0.8
vn -0.00130113 0.00136939 0.999998
v 0.00687981 -0.00499847 1.50268e-06 0.8 0.8 0.8
vn -0.0015574 0.00106895 0.999998
v 0.00776871 -0.00345885 1.50268e-06 0.8 0.8 0.8
vn -0.00174562 0.000721786 0.999998
v 0.00831808 -0.00176806 1.50268e-06 0.8 0.8 0.8
vn -0.00185754 0.000343079 0.999998
v 0.00680314 1.71184e-09 2.53548e-07 0.8 0.8 0.8
vn -0.000459261 -1.43209e-05 1
v 0.00665447 0.00141445 2.53548e-07 0.8 0.8 0.8
vn -0.000446248 -0.000109494 1
v 0.00621497 0.00276709 2.53548e-07 0.8 0.8 0.8
vn -0.000413731 -0.000199881 1
v 0.00550385 0.00399878 2.53548e-07 0.8 0.8 0.8
vn -0.000363133 -0.000281533 1
v 0.00455219 0.00505572 2.53548e-07 0.8 0.8 0.8
vn -0.000296663 -0.00035088 1
v 0.00340157 0.00589169 2.53548e-07 0.8 0.8 0.8
vn -0.000217228 -0.000404892 1
v 0.00210229 0.00647017 2.53548e-07 0.8 0.8 0.8
vn -0.0001283 -0.000441209 1
v 0.000711124 0.00676587 2.53548e-07 0.8 0.8 0.8
vn -3.37635e-05 -0.000458242 1
v -0.000711119 0.00676587 2.53548e-07 0.8 0.8 0.8
vn 6.22483e-05 -0.000455249 1
v -0.00210228 0.00647017 2.53548e-07 0.8 0.8 0.8
vn 0.00015554 -0.000432358 1
v -0.00340156 0.00589169 2.53548e-07 0.8 0.8 0.8
vn 0.000242033 -0.000390572 1
v -0.00455218 0.00505572 2.53548e-07 0.8 0.8 0.8
vn 0.000317948 -0.000331715 1
v -0.00550385 0.00399878 2.53548e-07 0.8 0.8 0.8
vn 0.000379968 -0.000258361 1
v -0.00621497 0.00276709 2.53548e-07 0.8 0.8 0.8
vn 0.000425381 -0.000173716 1
v -0.00665447 0.00141445 2.53548e-07 0.8 0.8 0.8
vn 0.000452203 -8.14779e-05 1
v -0.00680313 1.71184e-09 2.53548e-07 0.8 0.8 0.8
vn 0.000459261 1.43209e-05 1
v -0.00665447 -0.00141445 2.53548e-07 0.8 0.8 0.8
vn 0.000446248 0.000109494 1
v -0.00621497 -0.00276708 2.53548e-07 0.8 0.8 0.8
vn 0.000413731 0.000199881 1
v -0.00550385 -0.00399878 2.53548e-07 0.8 0.8 0.8
vn 0.000363133 0.000281533 1
v -0.00455218 -0.00505571 2.53548e-07 0.8 0.8 0.8
vn 0.000296663 0.00035088 1
v -0.00340156 -0.00589168 2.53548e-07 0.8 0.8 0.8
vn 0.000217228 0.000404892 1
v -0.00210228 -0.00647016 2.53548e-07 0.8 0.8 0.8
vn 0.0001283 0.000441209 1
v -0.000711119 -0.00676586 2.53548e-07 0.8 0.8 0.8
vn 3.37635e-05 0.000458242 1
v 0.000711124 -0.00676586 2.53548e-07 0.8 0.8 0.8
vn -6.22483e-05 0.000455249 1
v 0.00210229 -0.00647016 2.53548e-07 0.8 0.8 0.8
vn -0.00015554 0.000432358 1
v 0.00340157 -0.00589168 2.53548e-07 0.8 0.8 0.8
vn -0.000242033 0.000390572 1
v 0.00455219 -0.00505571 2.53548e-07 0.8 0.8 0.8
vn -0.000317948 0.000331715 1
v 0.00550385 -0.00399878 2.53548e-07 0.8 0.8 0.8
vn -0.000379968 0.000258361 1
v 0.00621497 -0.00276708 2.53548e-07 0.8 0.8 0.8
vn -0.000425381 0.000173716 1
v 0.00665447 -0.00141445 2.53548e-07 0.8 0.8 0.8
vn -0.000452203 8.14779e-05 1
v 0.00510235 1.71184e-09 2.55706e-08 0.8 0.8 0.8
vn -8.08867e-05 -2.96211e-06 1
v 0.00499086 0.00106084 2.55706e-08 0.8 0.8 0.8
vn -7.85033e-05 -1.97147e-05 1
v 0.00466123 0.00207532 2.55706e-08 0.8 0.8 0.8
vn -7.26889e-05 -3.56056e-05 1
v 0.00412789 0.00299909 2.55706e-08 0.8 0.8 0.8
vn -6.36977e-05 -4.99404e-05 1
v 0.00341414 0.00379179 2.55706e-08 0.8 0.8 0.8
vn -5.19225e-05 -6.20926e-05 1
v 0.00255118 0.00441877 2.55706e-08 0.8 0.8 0.8
vn -3.78781e-05 -7.1531e-05 1
v 0.00157672 0.00485263 2.55706e-08 0.8 0.8 0.8
vn -2.21782e-05 -7.78432e-05 1
v 0.000533344 0.0050744 2.55706e-08 0.8 0.8 0.8
vn -5.50908e-06 -8.07532e-05 1
v -0.000533338 0.0050744 2.55706e-08 0.8 0.8 0.8
vn 1.14008e-05 -8.0134e-05 1
v -0.00157671 0.00485263 2.55706e-08 0.8 0.8 0.8
vn 2.78125e-05 -7.60125e-05 1
v -0.00255117 0.00441877 2.55706e-08 0.8 0.8 0.8
vn 4.30086e-05 -6.85689e-05 1
v -0.00341414 0.00379179 2.55706e-08 0.8 0.8 0.8
vn 5.63251e-05 -5.81285e-05 1
v -0.00412789 0.00299909 2.55706e-08 0.8 0.8 0.8
vn 6.71798e-05 -4.51476e-05 1
v -0.00466123 0.00207532 2.55706e-08 0.8 0.8 0.8
vn 7.50985e-05 -3.01936e-05 1
v -0.00499085 0.00106084 2.55706e-08 0.8 0.8 0.8
vn 7.9735e-05 -1.39199e-05 1
v -0.00510235 1.71184e-09 2.55706e-08 0.8 0.8 0.8
vn 8.08867e-05 2.96211e-06 1
v -0.00499085 -0.00106084 2.55706e-08 0.8 0.8 0.8
vn 7.85033e-05 1.97147e-05 1
v -0.00466123 -0.00207531 2.55706e-08 0.8 0.8 0.8
vn 7.26889e-05 3.56056e-05 1
v -0.00412789 -0.00299909 2.55706e-08 0.8 0.8 0.8
vn 6.36977e-05 4.99404e-05 1
v -0.00341414 -0.00379178 2.55706e-08 0.8 0.8 0.8
vn 5.19225e-05 6.20926e-05 1
v -0.00255117 -0.00441876 2.55706e-08 0.8 0.8 0.8
vn 3.78781e-05 7.1531e-05 1
v -0.00157671 -0.00485262 2.55706e-08 0.8 0.8 0.8
vn 2.21782e-05 7.78432e-05 1
v -0.000533338 -0.0050744 2.55706e-08 0.8 0.8 0.8
vn 5.50908e-06 8.07532e-05 1
v 0.000533344 -0.0050744 2.55706e-08 0.8 0.8 0.8
vn -1.14008e-05 8.0134e-05 1
v 0.00157672 -0.00485262 2.55706e-08 0.8 0.8 0.8
vn -2.78125e-05 7.60125e-05 1
v 0.00255118 -0.00441876 2.55706e-08 0.8 0.8 0.8
vn -4.30086e-05 6.85689e-05 1
v 0.00341414 -0.00379178 2.55706e-08 0.8 0.8 0.8
vn -5.63251e-05 5.81285e-05 1
v 0.00412789 -0.00299909 2.55706e-08 0.8 0.8 0.8
vn -6.71798e-05 4.51476e-05 1
v 0.00466123 -0.00207531 2.55706e-08 0.8 0.8 0.8
vn -7.50985e-05 3.01936e-05 1
v 0.00499086 -0.00106084 2.55706e-08 0.8 0.8 0.8
vn -7.9735e-05 1.39199e-05 1
v 0.00340157 1.71184e-09 1.00811e-09 0.8 0.8 0.8
vn -8.67041e-06 -3.74304e-07 1
v 0.00332724 0.000707227 1.00811e-09 0.8 0.8 0.8
vn -8.40312e-06 -2.1688e-06 1
v 0.00310749 0.00138354 1.00811e-09 0.8 0.8 0.8
vn -7.76857e-06 -3.86852e-06 1
v 0.00275193 0.00199939 1.00811e-09 0.8 0.8 0.8
vn -6.7945e-06 -5.39916e-06 1
v 0.0022761 0.00252786 1.00811e-09 0.8 0.8 0.8
vn -5.52347e-06 -6.69383e-06 1
v 0.00170079 0.00294585 1.00811e-09 0.8 0.8 0.8
vn -4.01105e-06 -7.69595e-06 1
v 0.00105114 0.00323508 1.00811e-09 0.8 0.8 0.8
vn -2.32332e-06 -8.36171e-06 1
v 0.000355563 0.00338294 1.00811e-09 0.8 0.8 0.8
vn -5.34051e-07 -8.66204e-06 1
v -0.000355558 0.00338294 1.00811e-09 0.8 0.8 0.8
vn 1.27856e-06 -8.58379e-06 1
v -0.00105114 0.00323508 1.00811e-09 0.8 0.8 0.8
vn 3.03529e-06 -8.13038e-06 1
v -0.00170078 0.00294585 1.00811e-09 0.8 0.8 0.8
vn 4.65936e-06 -7.32164e-06 1
v -0.00227609 0.00252786 1.00811e-09 0.8 0.8 0.8
vn 6.0798e-06 -6.19291e-06 1
v -0.00275192 0.00199939 1.00811e-09 0.8 0.8 0.8
vn 7.23452e-06 -4.79352e-06 1
v -0.00310748 0.00138354 1.00811e-09 0.8 0.8 0.8
vn 8.07305e-06 -3.18463e-06 1
v -0.00332723 0.000707227 1.00811e-09 0.8 0.8 0.8
vn 8.55876e-06 -1.43655e-06 1
v -0.00340157 1.71184e-09 1.00811e-09 0.8 0.8 0.8
vn 8.67041e-06 3.74304e-07 1
v -0.00332723 -0.000707224 1.00811e-09 0.8 0.8 0.8
vn 8.40312e-06 2.1688e-06 1
v -0.00310748 -0.00138354 1.00811e-09 0.8 0.8 0.8
vn 7.76857e-06 3.86852e-06 1
v -0.00275192 -0.00199939 1.00811e-09 0.8 0.8 0.8
vn 6.7945e-06 5.39916e-06 1
v -0.00227609 -0.00252786 1.00811e-09 0.8 0.8 0.8
vn 5.52347e-06 6.69383e-06 1
v -0.00170078 -0.00294584 1.00811e-09 0.8 0.8 0.8
vn 4.01105e-06 7.69595e-06 1
v -0.00105114 -0.00323508 1.00811e-09 0.8 0.8 0.8
vn 2.32332e-06 8.36171e-06 1
v -0.000355558 -0.00338293 1.00811e-09 0.8 0.8 0.8
vn 5.34051e-07 8.66204e-06 1
v 0.000355563 -0.00338293 1.00811e-09 0.8 0.8 0.8
vn -1.27856e-06 8.58379e-06 1
v 0.00105114 -0.00323508 1.00811e-09 0.8 0.8 0.8
vn -3.03529e-06 8.13038e-06 1
v 0.00170079 -0.00294584 1.00811e-09 0.8 0.8 0.8
vn -4.65936e-06 7.32164e-06 1
v 0.0022761 -0.00252786 1.00811e-09 0.8 0.8 0.8
vn -6.0798e-06 6.19291e-06 1
v 0.00275193 -0.00199939 1.00811e-09 0.8 0.8 0.8
vn -7.23452e-06 4.79352e-06 1
v 0.00310749 -0.00138354 1.00811e-09 0.8 0.8 0.8
vn -8.07305e-06 3.18463e-06 1
v 0.00332724 -0.000707224 1.00811e-09 0.8 0.8 0.8
vn -8.55876e-06 1.43655e-06 1
v 0.00170079 1.71184e-09 4.00824e-12 0.8 0.8 0.8
vn -3.94369e-07 -2.06836e-08 1
v 0.00166362 0.000353615 4.00824e-12 0.8 0.8 0.8
vn -3.81451e-07 -1.02226e-07 1
v 0.00155375 0.000691773 4.00824e-12 0.8 0.8 0.8
vn -3.51861e-07 -1.793e-07 1
v 0.00137597 0.000999697 4.00824e-12 0.8 0.8 0.8
vn -3.06894e-07 -2.48538e-07 1
v 0.00113805 0.00126393 4.00824e-12 0.8 0.8 0.8
vn -2.48513e-07 -3.06913e-07 1
v 0.000850395 0.00147292 4.00824e-12 0.8 0.8 0.8
vn -1.79272e-07 -3.51875e-07 1
v 0.000525574 0.00161754 4.00824e-12 0.8 0.8 0.8
vn -1.02195e-07 -3.81459e-07 1
v 0.000177783 0.00169147 4.00824e-12 0.8 0.8 0.8
vn -2.06525e-08 -3.94371e-07 1
v -0.000177778 0.00169147 4.00824e-12 0.8 0.8 0.8
vn 6.17931e-08 -3.90047e-07 1
v -0.000525569 0.00161754 4.00824e-12 0.8 0.8 0.8
vn 1.41538e-07 -3.68676e-07 1
v -0.000850389 0.00147292 4.00824e-12 0.8 0.8 0.8
vn 2.15097e-07 -3.31192e-07 1
v -0.00113804 0.00126393 4.00824e-12 0.8 0.8 0.8
vn 2.79255e-07 -2.79233e-07 1
v -0.00137596 0.000999697 4.00824e-12 0.8 0.8 0.8
vn 3.31209e-07 -2.15071e-07 1
v -0.00155374 0.000691773 4.00824e-12 0.8 0.8 0.8
vn 3.68687e-07 -1.41509e-07 1
v -0.00166362 0.000353615 4.00824e-12 0.8 0.8 0.8
vn 3.90052e-07 -6.17623e-08 1
v -0.00170078 1.71184e-09 4.00824e-12 0.8 0.8 0.8
vn 3.94369e-07 2.06836e-08 1
v -0.00166362 -0.000353611 4.00824e-12 0.8 0.8 0.8
vn 3.81451e-07 1.02226e-07 1
v -0.00155374 -0.000691769 4.00824e-12 0.8 0.8 0.8
vn 3.51861e-07 1.793e-07 1
v -0.00137596 -0.000999694 4.00824e-12 0.8 0.8 0.8
vn 3.06894e-07 2.48538e-07 1
v -0.00113804 -0.00126393 4.00824e-12 0.8 0.8 0.8
vn 2.48513e-07 3.06913e-07 1
v -0.000850389 -0.00147292 4.00824e-12 0.8 0.8 0.8
vn 1.79272e-07 3.51875e-07 1
v -0.000525569 -0.00161754 4.00824e-12 0.8 0.8 0.8
vn 1.02195e-07 3.81459e-07 1
v -0.000177778 -0.00169147 4.00824e-12 0.8 0.8 0.8
vn 2.06525e-08 3.94371e-07 1
v 0.000177783 -0.00169147 4.00824e-12 0.8 0.8 0.8
vn -6.17931e-08 3.90047e-07 1
v 0.000525574 -0.00161754 4.00824e-12 0.8 0.8 0.8
vn -1.41538e-07 3.68676e-07 1
v 0.000850395 -0.00147292 4.00824e-12 0.8 0.8 0.8
vn -2.15097e-07 3.31192e-07 1
v 0.00113805 -0.00126393 4.00824e-12 0.8 0.8 0.8
vn -2.79255e-07 2.79233e-07 1
v 0.00137597 -0.000999694 4.00824e-12 0.8 0.8 0.8
vn -3.31209e-07 2.15071e-07 1
v 0.00155375 -0.000691769 4.00824e-12 0.8 0.8 0.8
vn -3.68687e-07 1.41509e-07 1
v 0.00166362 -0.000353611 4.00824e-12 0.8 0.8 0.8
vn -3.90052e-07 6.17623e-08 1
v 2.58027e-09 1.71184e-09 0 0.8 0.8 0.8
vn -2.35671e-09 -2.477e-10 1
v 2.58027e-09 1.71184e-09 0 0.8 0.8 0.8
vn -2.25371e-09 -7.32275e-10 1
v 2.58027e-09 1.71184e-09 0 0.8 0.8 0.8
vn -2.05221e-09 -1.18485e-09 1
v 2.58027e-09 1.71184e-09 0 0.8 0.8 0.8
vn -1.76102e-09 -1.58563e-09 1
v 2.58027e-09 1.71184e-09 0 0.8 0.8 0.8
vn -1.39287e-09 -1.91712e-09 1
v 2.58027e-09 1.71184e-09 0 0.8 0.8 0.8
vn -9.6384e-10 -2.16482e-09 1
v 2.58027e-09 1.71184e-09 0 0.8 0.8 0.8
vn -4.92686e-10 -2.31791e-09 1
v 2.58027e-09 1.71184e-09 0 0.8 0.8 0.8
vn -2.89513e-24 -2.36969e-09 1
v 2.58027e-09 1.71184e-09 0 0.8 0.8 0.8
vn 4.92686e-10 -2.31791e-09 1
v 2.58027e-09 1.71184e-09 0 0.8 0.8 0.8
vn 9.6384e-10 -2.16482e-09 1
v 2.58027e-09 1.71184e-09 0 0.8 0.8 0.8
vn 1.39287e-09 -1.91712e-09 1
v 2.58027e-09 1.71184e-09 0 0.8 0.8 0.8
vn 1.76102e-09 -1.58563e-09 1
v 2.58027e-09 1.71184e-09 0 0.8 0.8 0.8
vn 2.05221e-09 -1.18485e-09 1
v 2.58027e-09 1.71184e-09 0 0.8 0.8 0.8
vn 2.25371e-09 -7.32275e-10 1
v 2.58027e-09 1.71184e-09 0 0.8 0.8 0.8
vn 2.35671e-09 -2.477e-10 1
v 2.58027e-09 1.71184e-09 0 0.8 0.8 0.8
vn 2.35671e-09 2.477e-10 1
v 2.58027e-09 1.71184e-09 0 0.8 0.8 0.8
vn 2.25371e-09 7.32275e-10 1
v 2.58027e-09 1.71184e-09 0 0.8 0.8 0.8
vn 2.05221e-09 1.18485e-09 1
v 2.58027e-09 1.71184e-09 0 0.8 0.8 0.8
vn 1.76102e-09 1.58563e-09 1
v 2.58027e-09 1.71184e-09 0 0.8 0.8 0.8
vn 1.39287e-09 1.91712e-09 1
v 2.58027e-09 1.71184e-09 0 0.8 0.8 0.8
vn 9.6384e-10 2.16482e-09 1
v 2.58027e-09 1.71184e-09 0 0.8 0.8 0.8
vn 4.92686e-10 2.31791e-09 1
v 2.58027e-09 1.71184e-09 0 0.8 0.8 0.8
vn 1.44757e-24 2.36969e-09 1
v 2.58027e-09 1.71184e-09 0 0.8 0.8 0.8
vn -4.92686e-10 2.31791e-09 1
v 2.58027e-09 1.71184e-09 0 0.8 0.8 0.8
vn -9.6384e-10 2.16482e-09 1
v 2.58027e-09 1.71184e-09 0 0.8 0.8 0.8
vn -1.39287e-09 1.91712e-09 1
v 2.58027e-09 1.71184e-09 0 0.8 0.8 0.8
vn -1.76102e-09 1.58563e-09 1
v 2.58027e-09 1.71184e-09 0 0.8 0.8 0.8
vn -2.05221e-09 1.18485e-09 1
v 2.58027e-09 1.71184e-09 0 0.8 0.8 0.8
vn -2.25371e-09 7.32275e-10 1
v 2.58027e-09 1.71184e-09 0 0.8 0.8 0.8
vn -2.35671e-09 2.477e-10 1
v 0.0331282 1.71184e-09 0.0950541 0.8 0.8 0.8
vn 0.995489 -0.0347139 0.0883043
v 0.0324042 0.00688774 0.0950541 0.8 0.8 0.8
vn 0.980952 0.173018 0.0883043
v 0.0302641 0.0134744 0.0950541 0.8 0.8 0.8
vn 0.923543 0.373189 0.0883043
v 0.0268013 0.0194723 0.0950541 0.8 0.8 0.8
vn 0.825771 0.557049 0.0883043
v 0.0221671 0.024619 0.0950541 0.8 0.8 0.8
vn 0.691909 0.716564 0.0883043
v 0.0165641 0.0286898 0.0950541 0.8 0.8 0.8
vn 0.527807 0.844761 0.0883043
v 0.0102372 0.0315068 0.0950541 0.8 0.8 0.8
vn 0.340638 0.936039 0.0883043
v 0.00346284 0.0329467 0.0950541 0.8 0.8 0.8
vn 0.138581 0.986407 0.0883043
v -0.00346283 0.0329467 0.0950541 0.8 0.8 0.8
vn -0.0695332 0.993664 0.0883043
v -0.0102372 0.0315068 0.0950541 0.8 0.8 0.8
vn -0.274608 0.957493 0.0883043
v -0.0165641 0.0286898 0.0950541 0.8 0.8 0.8
vn -0.467681 0.879475 0.0883043
v -0.0221671 0.024619 0.0950541 0.8 0.8 0.8
vn -0.640314 0.76302 0.0883043
v -0.0268012 0.0194723 0.0950541 0.8 0.8 0.8
vn -0.784963 0.613218 0.0883043
v -0.0302641 0.0134744 0.0950541 0.8 0.8 0.8
vn -0.895305 0.436614 0.0883043
v -0.0324042 0.00688774 0.0950541 0.8 0.8 0.8
vn -0.966517 0.240929 0.0883043
v -0.0331282 1.71184e-09 0.0950541 0.8 0.8 0.8
vn -0.995489 0.0347139 0.0883043
v -0.0324042 -0.00688773 0.0950541 0.8 0.8 0.8
vn -0.980952 -0.173018 0.0883043
v -0.0302641 -0.0134744 0.0950541 0.8 0.8 0.8
vn -0.923543 -0.373189 0.0883043
v -0.0268012 -0.0194722 0.0950541 0.8 0.8 0.8
vn -0.825771 -0.557049 0.0883043
v -0.0221671 -0.024619 0.0950541 0.8 0.8 0.8
vn -0.691909 -0.716564 0.0883043
v -0.0165641 -0.0286898 0.0950541 0.8 0.8 0.8
vn -0.527807 -0.844761 0.0883043
v -0.0102372 -0.0315068 0.0950541 0.8 0.8 0.8
vn -0.340638 -0.936039 0.0883043
v -0.00346283 -0.0329467 0.0950541 0.8 0.8 0.8
vn -0.138581 -0.986407 0.0883043
v 0.00346284 -0.0329467 0.0950541 0.8 0.8 0.8
vn 0.0695332 -0.993664 0.0883043
v 0.0102372 -0.0315068 0.0950541 0.8 0.8 0.8
vn 0.274608 -0.957493 0.0883043
v 0.0165641 -0.0286898 0.0950541 0.8 0.8 0.8
vn 0.467681 -0.879475 0.0883043
v 0.0221671 -0.024619 0.0950541 0.8 0.8 0.8
vn 0.640314 -0.76302 0.0883043
v 0.0268013 -0.0194722 0.0950541 0.8 0.8 0.8
vn 0.784963 -0.613218 0.0883043
v 0.0302641 -0.0134744 0.0950541 0.8 0.8 0.8
vn 0.895305 -0.436614 0.0883043
v 0.0324042 -0.00688773 0.0950541 0.8 0.8 0.8
vn 0.966517 -0.240929 0.0883043
v 0.0328968 1.71184e-09 0.0631435 0.8 0.8 0.8
vn 0.999797 0.00685611 -0.0189371
v 0.0321779 0.00683962 0.0631435 0.8 0.8 0.8
vn 0.976524 0.214576 -0.0189371
v 0.0300527 0.0133803 0.0631435 0.8 0.8 0.8
vn 0.910572 0.412918 -0.0189371
v 0.026614 0.0193362 0.0631435 0.8 0.8 0.8
vn 0.804823 0.593213 -0.0189371
v 0.0220122 0.0244471 0.0631435 0.8 0.8 0.8
vn 0.6639 0.747582 -0.0189371
v 0.0164484 0.0284894 0.0631435 0.8 0.8 0.8
vn 0.493961 0.869278 -0.0189371
v 0.0101657 0.0312867 0.0631435 0.8 0.8 0.8
vn 0.302434 0.952982 -0.0189371
v 0.00343865 0.0327165 0.0631435 0.8 0.8 0.8
vn 0.0976887 0.995037 -0.0189371
v -0.00343864 0.0327165 0.0631435 0.8 0.8 0.8
vn -0.111326 0.993604 -0.0189371
v -0.0101657 0.0312867 0.0631435 0.8 0.8 0.8
vn -0.315475 0.948745 -0.0189371
v -0.0164484 0.0284894 0.0631435 0.8 0.8 0.8
vn -0.505836 0.862422 -0.0189371
v -0.0220122 0.0244471 0.0631435 0.8 0.8 0.8
vn -0.67409 0.738406 -0.0189371
v -0.026614 0.0193362 0.0631435 0.8 0.8 0.8
vn -0.812883 0.582119 -0.0189371
v -0.0300527 0.0133803 0.0631435 0.8 0.8 0.8
vn -0.916149 0.400391 -0.0189371
v -0.0321779 0.00683962 0.0631435 0.8 0.8 0.8
vn -0.979375 0.201163 -0.0189371
v -0.0328967 1.71184e-09 0.0631435 0.8 0.8 0.8
vn -0.999797 -0.00685611 -0.0189371
v -0.0321779 -0.00683962 0.0631435 0.8 0.8 0.8
vn -0.976524 -0.214576 -0.0189371
v -0.0300527 -0.0133803 0.0631435 0.8 0.8 0.8
vn -0.910572 -0.412918 -0.0189371
v -0.026614 -0.0193362 0.0631435 0.8 0.8 0.8
vn -0.804823 -0.593213 -0.0189371
v -0.0220122 -0.024447 0.0631435 0.8 0.8 0.8
vn -0.6639 -0.747582 -0.0189371
v -0.0164484 -0.0284894 0.0631435 0.8 0.8 0.8
vn -0.493961 -0.869278 -0.0189371
v -0.0101657 -0.0312867 0.0631435 0.8 0.8 0.8
vn -0.302434 -0.952982 -0.0189371
v -0.00343864 -0.0327165 0.0631435 0.8 0.8 0.8
vn -0.0976887 -0.995037 -0.0189371
v 0.00343865 -0.0327165 0.0631435 0.8 0.8 0.8
vn 0.111326 -0.993604 -0.0189371
v 0.0101657 -0.0312867 0.0631435 0.8 0.8 0.8
vn 0.315475 -0.948745 -0.0189371
v 0.0164484 -0.0284894 0.0631435 0.8 0.8 0.8
vn 0.505836 -0.862422 -0.0189371
v 0.0220122 -0.024447 0.0631435 0.8 0.8 0.8
vn 0.67409 -0.738406 -0.0189371
v 0.026614 -0.0193362 0.0631435 0.8 0.8 0.8
vn 0.812883 -0.582119 -0.0189371
v 0.0300527 -0.0133803 0.0631435 0.8 0.8 0.8
vn 0.916149 -0.400391 -0.0189371
v 0.0321779 -0.00683962 0.0631435 0.8 0.8 0.8
vn 0.979375 -0.201163 -0.0189371
v 0.032101 1.71184e-09 0.0410279 0.8 0.8 0.8
vn 0.998564 0.0077243 -0.0530077
v 0.0313995 0.00667416 0.0410279 0.8 0.8 0.8
vn 0.975137 0.215169 -0.0530077
v 0.0293257 0.0130566 0.0410279 0.8 0.8 0.8
vn 0.909092 0.413209 -0.0530077
v 0.0259702 0.0188685 0.0410279 0.8 0.8 0.8
vn 0.803315 0.59319 -0.0530077
v 0.0214797 0.0238557 0.0410279 0.8 0.8 0.8
vn 0.66243 0.747246 -0.0530077
v 0.0160505 0.0278002 0.0410279 0.8 0.8 0.8
vn 0.492593 0.868644 -0.0530077
v 0.00991974 0.0305298 0.0410279 0.8 0.8 0.8
vn 0.301227 0.952078 -0.0530077
v 0.00335547 0.0319251 0.0410279 0.8 0.8 0.8
vn 0.0966964 0.993901 -0.0530077
v -0.00335546 0.0319251 0.0410279 0.8 0.8 0.8
vn -0.11206 0.992287 -0.0530077
v -0.00991974 0.0305298 0.0410279 0.8 0.8 0.8
vn -0.31592 0.947304 -0.0530077
v -0.0160505 0.0278002 0.0410279 0.8 0.8 0.8
vn -0.505972 0.86092 -0.0530077
v -0.0214797 0.0238557 0.0410279 0.8 0.8 0.8
vn -0.67391 0.736909 -0.0530077
v -0.0259702 0.0188685 0.0410279 0.8 0.8 0.8
vn -0.812396 0.580692 -0.0530077
v -0.0293257 0.0130566 0.0410279 0.8 0.8 0.8
vn -0.915376 0.399096 -0.0530077
v -0.0313995 0.00667416 0.0410279 0.8 0.8 0.8
vn -0.978349 0.200058 -0.0530077
v -0.0321009 1.71184e-09 0.0410279 0.8 0.8 0.8
vn -0.998564 -0.0077243 -0.0530077
v -0.0313995 -0.00667416 0.0410279 0.8 0.8 0.8
vn -0.975137 -0.215169 -0.0530077
v -0.0293257 -0.0130566 0.0410279 0.8 0.8 0.8
vn -0.909092 -0.413209 -0.0530077
v -0.0259702 -0.0188685 0.0410279 0.8 0.8 0.8
vn -0.803315 -0.59319 -0.0530077
v -0.0214797 -0.0238557 0.0410279 0.8 0.8 0.8
vn -0.66243 -0.747246 -0.0530077
v -0.0160505 -0.0278002 0.0410279 0.8 0.8 0.8
vn -0.492593 -0.868644 -0.0530077
v -0.00991974 -0.0305298 0.0410279 0.8 0.8 0.8
vn -0.301227 -0.952078 -0.0530077
v -0.00335546 -0.0319251 0.0410279 0.8 0.8 0.8
vn -0.0966964 -0.993901 -0.0530077
v 0.00335547 -0.0319251 0.0410279 0.8 0.8 0.8
vn 0.11206 -0.992287 -0.0530077
v 0.00991974 -0.0305298 0.0410279 0.8 0.8 0.8
vn 0.31592 -0.947304 -0.0530077
v 0.0160505 -0.0278002 0.0410279 0.8 0.8 0.8
vn 0.505972 -0.86092 -0.0530077
v 0.0214797 -0.0238557 0.0410279 0.8 0.8 0.8
vn 0.67391 -0.736909 -0.0530077
v 0.0259702 -0.0188685 0.0410279 0.8 0.8 0.8
vn 0.812396 -0.580692 -0.0530077
v 0.0293257 -0.0130566 0.0410279 0.8 0.8 0.8
vn 0.915376 -0.399096 -0.0530077
v 0.0313995 -0.00667416 0.0410279 0.8 0.8 0.8
vn 0.978349 -0.200058 -0.0530077
v 0.0309176 1.71184e-09 0.0260091 0.8 0.8 0.8
vn 0.99453 0.00847732 -0.104107
v 0.030242 0.00642814 0.0260091 0.8 0.8 0.8
vn 0.971035 0.215066 -0.104107
v 0.0282447 0.0125753 0.0260091 0.8 0.8 0.8
vn 0.9051 0.412256 -0.104107
v 0.0250129 0.0181729 0.0260091 0.8 0.8 0.8
vn 0.799609 0.591428 -0.104107
v 0.0206879 0.0229763 0.0260091 0.8 0.8 0.8
vn 0.659171 0.744752 -0.104107
v 0.0154588 0.0267755 0.0260091 0.8 0.8 0.8
vn 0.489923 0.865527 -0.104107
v 0.00955408 0.0294044 0.0260091 0.8 0.8 0.8
vn 0.299264 0.948474 -0.104107
v 0.00323178 0.0307483 0.0260091 0.8 0.8 0.8
vn 0.0955258 0.989968 -0.104107
v -0.00323177 0.0307483 0.0260091 0.8 0.8 0.8
vn -0.112388 0.988196 -0.104107
v -0.00955407 0.0294044 0.0260091 0.8 0.8 0.8
vn -0.315389 0.943235 -0.104107
v -0.0154588 0.0267755 0.0260091 0.8 0.8 0.8
vn -0.504607 0.85705 -0.104107
v -0.0206879 0.0229763 0.0260091 0.8 0.8 0.8
vn -0.67177 0.733407 -0.104107
v -0.0250129 0.0181729 0.0260091 0.8 0.8 0.8
vn -0.809575 0.577712 -0.104107
v -0.0282447 0.0125753 0.0260091 0.8 0.8 0.8
vn -0.911996 0.396767 -0.104107
v -0.030242 0.00642814 0.0260091 0.8 0.8 0.8
vn -0.97456 0.198482 -0.104107
v -0.0309176 1.71184e-09 0.0260091 0.8 0.8 0.8
vn -0.99453 -0.00847732 -0.104107
v -0.030242 -0.00642814 0.0260091 0.8 0.8 0.8
vn -0.971035 -0.215066 -0.104107
v -0.0282447 -0.0125753 0.0260091 0.8 0.8 0.8
vn -0.9051 -0.412256 -0.104107
v -0.0250129 -0.0181729 0.0260091 0.8 0.8 0.8
vn -0.799609 -0.591428 -0.104107
v -0.0206879 -0.0229763 0.0260091 0.8 0.8 0.8
vn -0.659171 -0.744752 -0.104107
v -0.0154588 -0.0267755 0.0260091 0.8 0.8 0.8
vn -0.489923 -0.865527 -0.104107
v -0.00955407 -0.0294044 0.0260091 0.8 0.8 0.8
vn -0.299264 -0.948474 -0.104107
v -0.00323177 -0.0307483 0.0260091 0.8 0.8 0.8
vn -0.0955258 -0.989968 -0.104107
v 0.00323178 -0.0307483 0.0260091 0.8 0.8 0.8
vn 0.112388 -0.988196 -0.104107
v 0.00955408 -0.0294044 0.0260091 0.8 0.8 0.8
vn 0.315389 -0.943235 -0.104107
v 0.0154588 -0.0267755 0.0260091 0.8 0.8 0.8
vn 0.504607 -0.85705 -0.104107
v 0.0206879 -0.0229763 0.0260091 0.8 0.8 0.8
vn 0.67177 -0.733407 -0.104107
v 0.0250129 -0.0181729 0.0260091 0.8 0.8 0.8
vn 0.809575 -0.577712 -0.104107
v 0.0282447 -0.0125753 0.0260091 0.8 0.8 0.8
vn 0.911996 -0.396767 -0.104107
v 0.030242 -0.00642814 0.0260091 0.8 0.8 0.8
vn 0.97456 -0.198482 -0.104107
v 0.0294739 1.71184e-09 0.0160386 0.8 0.8 0.8
vn 0.98321 0.00912029 -0.182249
v 0.0288298 0.00612797 0.0160386 0.8 0.8 0.8
vn 0.959828 0.213342 -0.182249
v 0.0269257 0.0119881 0.0160386 0.8 0.8 0.8
vn 0.894498 0.408239 -0.182249
v 0.0238449 0.0173243 0.0160386 0.8 0.8 0.8
vn 0.790073 0.585295 -0.182249
v 0.0197219 0.0219034 0.0160386 0.8 0.8 0.8
vn 0.651118 0.73677 -0.182249
v 0.0147369 0.0255251 0.0160386 0.8 0.8 0.8
vn 0.483707 0.856045 -0.182249
v 0.00910794 0.0280313 0.0160386 0.8 0.8 0.8
vn 0.295155 0.937907 -0.182249
v 0.00308086 0.0293124 0.0160386 0.8 0.8 0.8
vn 0.0937031 0.978777 -0.182249
v -0.00308086 0.0293124 0.0160386 0.8 0.8 0.8
vn -0.111844 0.976871 -0.182249
v -0.00910793 0.0280313 0.0160386 0.8 0.8 0.8
vn -0.312503 0.93227 -0.182249
v -0.0147369 0.0255251 0.0160386 0.8 0.8 0.8
vn -0.499503 0.846925 -0.182249
v -0.0197219 0.0219034 0.0160386 0.8 0.8 0.8
vn -0.664674 0.724565 -0.182249
v -0.0238449 0.0173243 0.0160386 0.8 0.8 0.8
vn -0.800794 0.570538 -0.182249
v -0.0269257 0.0119881 0.0160386 0.8 0.8 0.8
vn -0.901917 0.391576 -0.182249
v -0.0288298 0.00612797 0.0160386 0.8 0.8 0.8
vn -0.963621 0.1955 -0.182249
v -0.0294739 1.71184e-09 0.0160386 0.8 0.8 0.8
vn -0.98321 -0.00912029 -0.182249
v -0.0288298 -0.00612797 0.0160386 0.8 0.8 0.8
vn -0.959828 -0.213342 -0.182249
v -0.0269257 -0.0119881 0.0160386 0.8 0.8 0.8
vn -0.894498 -0.408239 -0.182249
v -0.0238449 -0.0173243 0.0160386 0.8 0.8 0.8
vn -0.790073 -0.585295 -0.182249
v -0.0197219 -0.0219034 0.0160386 0.8 0.8 0.8
vn -0.651118 -0.73677 -0.182249
v -0.0147369 -0.0255251 0.0160386 0.8 0.8 0.8
vn -0.483707 -0.856045 -0.182249
v -0.00910793 -0.0280313 0.0160386 0.8 0.8 0.8
vn -0.295155 -0.937907 -0.182249
v -0.00308086 -0.0293124 0.0160386 0.8 0.8 0.8
vn -0.0937031 -0.978777 -0.182249
v 0.00308086 -0.0293124 0.0160386 0.8 0.8 0.8
vn 0.111844 -0.976871 -0.182249
v 0.00910794 -0.0280313 0.0160386 0.8 0.8 0.8
vn 0.312503 -0.93227 -0.182249
v 0.0147369 -0.0255251 0.0160386 0.8 0.8 0.8
vn 0.499503 -0.846925 -0.182249
v 0.0197219 -0.0219034 0.0160386 0.8 0.8 0.8
vn 0.664674 -0.724565 -0.182249
v 0.0238449 -0.0173243 0.0160386 0.8 0.8 0.8
vn 0.800794 -0.570538 -0.182249
v 0.0269257 -0.0119881 0.0160386 0.8 0.8 0.8
vn 0.901917 -0.391576 -0.182249
v 0.0288298 -0.00612797 0.0160386 0.8 0.8 0.8
vn 0.963621 -0.1955 -0.182249
v 0.0278592 1.71184e-09 0.00958631 0.8 0.8 0.8
vn 0.953472 0.00956478 -0.301331
v 0.0272505 0.00579226 0.00958631 0.8 0.8 0.8
vn 0.930647 0.207594 -0.301331
v 0.0254507 0.0113314 0.00958631 0.8 0.8 0.8
vn 0.867149 0.39655 -0.301331
v 0.0225386 0.0163753 0.00958631 0.8 0.8 0.8
vn 0.765753 0.568175 -0.301331
v 0.0186415 0.0207035 0.00958631 0.8 0.8 0.8
vn 0.630889 0.714968 -0.301331
v 0.0139296 0.0241268 0.00958631 0.8 0.8 0.8
vn 0.468452 0.830513 -0.301331
v 0.00860898 0.0264957 0.00958631 0.8 0.8 0.8
vn 0.285542 0.909761 -0.301331
v 0.00291209 0.0277066 0.00958631 0.8 0.8 0.8
vn 0.0901525 0.949248 -0.301331
v -0.00291208 0.0277066 0.00958631 0.8 0.8 0.8
vn -0.109177 0.947249 -0.301331
v -0.00860898 0.0264957 0.00958631 0.8 0.8 0.8
vn -0.303736 0.90385 -0.301331
v -0.0139296 0.0241268 0.00958631 0.8 0.8 0.8
vn -0.485019 0.820948 -0.301331
v -0.0186415 0.0207035 0.00958631 0.8 0.8 0.8
vn -0.645105 0.702167 -0.301331
v -0.0225386 0.0163753 0.00958631 0.8 0.8 0.8
vn -0.776997 0.552698 -0.301331
v -0.0254507 0.0113314 0.00958631 0.8 0.8 0.8
vn -0.87493 0.379074 -0.301331
v -0.0272505 0.00579226 0.00958631 0.8 0.8 0.8
vn -0.934625 0.188882 -0.301331
v -0.0278592 1.71184e-09 0.00958631 0.8 0.8 0.8
vn -0.953472 -0.00956478 -0.301331
v -0.0272505 -0.00579226 0.00958631 0.8 0.8 0.8
vn -0.930647 -0.207594 -0.301331
v -0.0254507 -0.0113314 0.00958631 0.8 0.8 0.8
vn -0.867149 -0.39655 -0.301331
v -0.0225386 -0.0163753 0.00958631 0.8 0.8 0.8
vn -0.765753 -0.568175 -0.301331
v -0.0186415 -0.0207035 0.00958631 0.8 0.8 0.8
vn -0.630889 -0.714968 -0.301331
v -0.0139296 -0.0241268 0.00958631 0.8 0.8 0.8
vn -0.468452 -0.830513 -0.301331
v -0.00860898 -0.0264957 0.00958631 0.8 0.8 0.8
vn -0.285542 -0.909761 -0.301331
v -0.00291208 -0.0277066 0.00958631 0.8 0.8 0.8
vn -0.0901525 -0.949248 -0.301331
v 0.00291209 -0.0277066 0.00958631 0.8 0.8 0.8
vn 0.109177 -0.947249 -0.301331
v 0.00860898 -0.0264957 0.00958631 0.8 0.8 0.8
vn 0.303736 -0.90385 -0.301331
v 0.0139296 -0.0241268 0.00958631 0.8 0.8 0.8
vn 0.485019 -0.820948 -0.301331
v 0.0186415 -0.0207035 0.00958631 0.8 0.8 0.8
vn 0.645105 -0.702167 -0.301331
v 0.0225386 -0.0163753 0.00958631 0.8 0.8 0.8
vn 0.776997 -0.552698 -0.301331
v 0.0254507 -0.0113314 0.00958631 0.8 0.8 0.8
vn 0.87493 -0.379074 -0.301331
v 0.0272505 -0.00579226 0.00958631 0.8 0.8 0.8
vn 0.934625 -0.188882 -0.301331
v 0.0261354 1.71184e-09 0.00552982 0.8 0.8 0.8
vn 0.881459 0.00954089 -0.472163
v 0.0255643 0.00543387 0.00552982 0.8 0.8 0.8
vn 0.860214 0.192598 -0.472163
v 0.0238759 0.0106302 0.00552982 0.8 0.8 0.8
vn 0.801373 0.367238 -0.472163
v 0.021144 0.015362 0.00552982 0.8 0.8 0.8
vn 0.707508 0.525828 -0.472163
v 0.017488 0.0194224 0.00552982 0.8 0.8 0.8
vn 0.582721 0.661436 -0.472163
v 0.0130677 0.022634 0.00552982 0.8 0.8 0.8
vn 0.432467 0.768137 -0.472163
v 0.0080763 0.0248563 0.00552982 0.8 0.8 0.8
vn 0.263312 0.841266 -0.472163
v 0.0027319 0.0259923 0.00552982 0.8 0.8 0.8
vn 0.082649 0.877628 -0.472163
v -0.00273189 0.0259923 0.00552982 0.8 0.8 0.8
vn -0.101626 0.875633 -0.472163
v -0.00807629 0.0248563 0.00552982 0.8 0.8 0.8
vn -0.28146 0.835369 -0.472163
v -0.0130677 0.022634 0.00552982 0.8 0.8 0.8
vn -0.448992 0.758596 -0.472163
v -0.017488 0.0194224 0.00552982 0.8 0.8 0.8
vn -0.596902 0.648668 -0.472163
v -0.021144 0.015362 0.00552982 0.8 0.8 0.8
vn -0.718724 0.51039 -0.472163
v -0.0238759 0.0106302 0.00552982 0.8 0.8 0.8
vn -0.809134 0.349806 -0.472163
v -0.0255643 0.00543387 0.00552982 0.8 0.8 0.8
vn -0.864181 0.173933 -0.472163
v -0.0261354 1.71184e-09 0.00552982 0.8 0.8 0.8
vn -0.881459 -0.00954089 -0.472163
v -0.0255643 -0.00543386 0.00552982 0.8 0.8 0.8
vn -0.860214 -0.192598 -0.472163
v -0.0238759 -0.0106302 0.00552982 0.8 0.8 0.8
vn -0.801373 -0.367238 -0.472163
v -0.021144 -0.015362 0.00552982 0.8 0.8 0.8
vn -0.707508 -0.525828 -0.472163
v -0.017488 -0.0194224 0.00552982 0.8 0.8 0.8
vn -0.582721 -0.661436 -0.472163
v -0.0130677 -0.022634 0.00552982 0.8 0.8 0.8
vn -0.432467 -0.768137 -0.472163
v -0.00807629 -0.0248563 0.00552982 0.8 0.8 0.8
vn -0.263312 -0.841266 -0.472163
v -0.00273189 -0.0259923 0.00552982 0.8 0.8 0.8
vn -0.082649 -0.877628 -0.472163
v 0.0027319 -0.0259923 0.00552982 0.8 0.8 0.8
vn 0.101626 -0.875633 -0.472163
v 0.0080763 -0.0248563 0.00552982 0.8 0.8 0.8
vn 0.28146 -0.835369 -0.472163
v 0.0130677 -0.022634 0.00552982 0.8 0.8 0.8
vn 0.448992 -0.758596 -0.472163
v 0.017488 -0.0194224 0.00552982 0.8 0.8 0.8
vn 0.596902 -0.648668 -0.472163
v 0.021144 -0.015362 0.00552982 0.8 0.8 0.8
vn 0.718724 -0.51039 -0.472163
v 0.0238759 -0.0106302 0.00552982 0.8 0.8 0.8
vn 0.809134 -0.349806 -0.472163
v 0.0255643 -0.00543386 0.00552982 0.8 0.8 0.8
vn 0.864181 -0.173933 -0.472163
v 0.024344 1.71184e-09 0.00306235 0.8 0.8 0.8
vn 0.735939 0.00859919 -0.676993
v 0.023812 0.00506141 0.00306235 0.8 0.8 0.8
vn 0.718069 0.161422 -0.676993
v 0.0222394 0.0099016 0.00306235 0.8 0.8 0.8
vn 0.668816 0.307189 -0.676993
v 0.0196947 0.0143091 0.00306235 0.8 0.8 0.8
vn 0.590333 0.439531 -0.676993
v 0.0162893 0.0180911 0.00306235 0.8 0.8 0.8
vn 0.486049 0.552663 -0.676993
v 0.012172 0.0210825 0.00306235 0.8 0.8 0.8
vn 0.360522 0.641642 -0.676993
v 0.00752272 0.0231525 0.00306235 0.8 0.8 0.8
vn 0.219239 0.702577 -0.676993
v 0.00254464 0.0242107 0.00306235 0.8 0.8 0.8
vn 0.0683745 0.732807 -0.676993
v -0.00254464 0.0242107 0.00306235 0.8 0.8 0.8
vn -0.0854787 0.731009 -0.676993
v -0.00752271 0.0231525 0.00306235 0.8 0.8 0.8
vn -0.235596 0.697262 -0.676993
v -0.012172 0.0210825 0.00306235 0.8 0.8 0.8
vn -0.375417 0.633042 -0.676993
v -0.0162893 0.0180911 0.00306235 0.8 0.8 0.8
vn -0.49883 0.541155 -0.676993
v -0.0196947 0.0143091 0.00306235 0.8 0.8 0.8
vn -0.600442 0.425617 -0.676993
v -0.0222394 0.0099016 0.00306235 0.8 0.8 0.8
vn -0.675812 0.291478 -0.676993
v -0.023812 0.00506141 0.00306235 0.8 0.8 0.8
vn -0.721645 0.144599 -0.676993
v -0.024344 1.71184e-09 0.00306235 0.8 0.8 0.8
vn -0.735939 -0.00859919 -0.676993
v -0.023812 -0.0050614 0.00306235 0.8 0.8 0.8
vn -0.718069 -0.161422 -0.676993
v -0.0222394 -0.0099016 0.00306235 0.8 0.8 0.8
vn -0.668816 -0.307189 -0.676993
v -0.0196947 -0.014309 0.00306235 0.8 0.8 0.8
vn -0.590333 -0.439531 -0.676993
v -0.0162893 -0.0180911 0.00306235 0.8 0.8 0.8
vn -0.486049 -0.552663 -0.676993
v -0.012172 -0.0210825 0.00306235 0.8 0.8 0.8
vn -0.360522 -0.641642 -0.676993
v -0.00752271 -0.0231525 0.00306235 0.8 0.8 0.8
vn -0.219239 -0.702577 -0.676993
v -0.00254464 -0.0242107 0.00306235 0.8 0.8 0.8
vn -0.0683745 -0.732807 -0.676993
v 0.00254464 -0.0242107 0.00306235 0.8 0.8 0.8
vn 0.0854787 -0.731009 -0.676993
v 0.00752272 -0.0231525 0.00306235 0.8 0.8 0.8
vn 0.235596 -0.697262 -0.676993
v 0.012172 -0.0210825 0.00306235 0.8 0.8 0.8
vn 0.375417 -0.633042 -0.676993
v 0.0162893 -0.0180911 0.00306235 0.8 0.8 0.8
vn 0.49883 -0.541155 -0.676993
v 0.0196947 -0.014309 0.00306235 0.8 0.8 0.8
vn 0.600442 -0.425617 -0.676993
v 0.0222394 -0.0099016 0.00306235 0.8 0.8 0.8
vn 0.675812 -0.291478 -0.676993
v 0.023812 -0.0050614 0.00306235 0.8 0.8 0.8
vn 0.721645 -0.144599 -0.676993
v 0.0225121 1.71184e-09 0.00161751 0.8 0.8 0.8
vn 0.524593 0.00663392 -0.851327
v 0.0220202 0.00468054 0.00161751 0.8 0.8 0.8
vn 0.51175 0.115558 -0.851327
v 0.0205659 0.00915652 0.00161751 0.8 0.8 0.8
vn 0.476541 0.219432 -0.851327
v 0.0182127 0.0132323 0.00161751 0.8 0.8 0.8
vn 0.420505 0.313715 -0.851327
v 0.0150636 0.0167298 0.00161751 0.8 0.8 0.8
vn 0.346091 0.394287 -0.851327
v 0.0112561 0.0194961 0.00161751 0.8 0.8 0.8
vn 0.256551 0.457628 -0.851327
v 0.00695664 0.0214103 0.00161751 0.8 0.8 0.8
vn 0.155799 0.500968 -0.851327
v 0.00235316 0.0223888 0.00161751 0.8 0.8 0.8
vn 0.0482373 0.522413 -0.851327
v -0.00235316 0.0223888 0.00161751 0.8 0.8 0.8
vn -0.0614325 0.521026 -0.851327
v -0.00695663 0.0214103 0.00161751 0.8 0.8 0.8
vn -0.168417 0.496868 -0.851327
v -0.0112561 0.0194961 0.00161751 0.8 0.8 0.8
vn -0.268042 0.450994 -0.851327
v -0.0150636 0.0167298 0.00161751 0.8 0.8 0.8
vn -0.355951 0.38541 -0.851327
v -0.0182127 0.0132323 0.00161751 0.8 0.8 0.8
vn -0.428304 0.302981 -0.851327
v -0.0205659 0.00915652 0.00161751 0.8 0.8 0.8
vn -0.481938 0.207311 -0.851327
v -0.0220202 0.00468054 0.00161751 0.8 0.8 0.8
vn -0.514509 0.10258 -0.851327
v -0.0225121 1.71184e-09 0.00161751 0.8 0.8 0.8
vn -0.524593 -0.00663392 -0.851327
v -0.0220202 -0.00468054 0.00161751 0.8 0.8 0.8
vn -0.51175 -0.115558 -0.851327
v -0.0205659 -0.00915651 0.00161751 0.8 0.8 0.8
vn -0.476541 -0.219432 -0.851327
v -0.0182127 -0.0132323 0.00161751 0.8 0.8 0.8
vn -0.420505 -0.313715 -0.851327
v -0.0150636 -0.0167298 0.00161751 0.8 0.8 0.8
vn -0.346091 -0.394287 -0.851327
v -0.0112561 -0.0194961 0.00161751 0.8 0.8 0.8
vn -0.256551 -0.457628 -0.851327
v -0.00695663 -0.0214103 0.00161751 0.8 0.8 0.8
vn -0.155799 -0.500968 -0.851327
v -0.00235316 -0.0223888 0.00161751 0.8 0.8 0.8
vn -0.0482373 -0.522413 -0.851327
v 0.00235316 -0.0223888 0.00161751 0.8 0.8 0.8
vn 0.0614325 -0.521026 -0.851327
v 0.00695664 -0.0214103 0.00161751 0.8 0.8 0.8
vn 0.168417 -0.496868 -0.851327
v 0.0112561 -0.0194961 0.00161751 0.8 0.8 0.8
vn 0.268042 -0.450994 -0.851327
v 0.0150636 -0.0167298 0.00161751 0.8 0.8 0.8
vn 0.355951 -0.38541 -0.851327
v 0.0182127 -0.0132323 0.00161751 0.8 0.8 0.8
vn 0.428304 -0.302981 -0.851327
v 0.0205659 -0.00915651 0.00161751 0.8 0.8 0.8
vn 0.481938 -0.207311 -0.851327
v 0.0220202 -0.00468054 0.00161751 0.8 0.8 0.8
vn 0.514509 -0.10258 -0.851327
v 0.0206571 1.71184e-09 0.00080817 0.8 0.8 0.8
vn 0.318544 0.00437798 -0.947898
v 0.0202057 0.00429485 0.00080817 0.8 0.8 0.8
vn 0.310672 0.0705113 -0.947898
v 0.0188712 0.00840198 0.00080817 0.8 0.8 0.8
vn 0.289223 0.133563 -0.947898
v 0.0167119 0.0121419 0.00080817 0.8 0.8 0.8
vn 0.255134 0.190777 -0.947898
v 0.0138223 0.0153512 0.00080817 0.8 0.8 0.8
vn 0.209894 0.239654 -0.947898
v 0.0103285 0.0178895 0.00080817 0.8 0.8 0.8
vn 0.15548 0.278056 -0.947898
v 0.00638338 0.019646 0.00080817 0.8 0.8 0.8
vn 0.0942717 0.304306 -0.947898
v 0.00215925 0.0205439 0.00080817 0.8 0.8 0.8
vn 0.0289429 0.317256 -0.947898
v -0.00215925 0.0205439 0.00080817 0.8 0.8 0.8
vn -0.0376509 0.316341 -0.947898
v -0.00638338 0.019646 0.00080817 0.8 0.8 0.8
vn -0.102599 0.3016 -0.947898
v -0.0103285 0.0178895 0.00080817 0.8 0.8 0.8
vn -0.163063 0.273678 -0.947898
v -0.0138223 0.0153512 0.00080817 0.8 0.8 0.8
vn -0.216401 0.233795 -0.947898
v -0.0167119 0.0121419 0.00080817 0.8 0.8 0.8
vn -0.260281 0.183693 -0.947898
v -0.0188712 0.00840198 0.00080817 0.8 0.8 0.8
vn -0.292785 0.125564 -0.947898
v -0.0202056 0.00429485 0.00080817 0.8 0.8 0.8
vn -0.312493 0.0619466 -0.947898
v -0.0206571 1.71184e-09 0.00080817 0.8 0.8 0.8
vn -0.318544 -0.00437798 -0.947898
v -0.0202056 -0.00429484 0.00080817 0.8 0.8 0.8
vn -0.310672 -0.0705113 -0.947898
v -0.0188712 -0.00840198 0.00080817 0.8 0.8 0.8
vn -0.289223 -0.133563 -0.947898
v -0.0167119 -0.0121419 0.00080817 0.8 0.8 0.8
vn -0.255134 -0.190777 -0.947898
v -0.0138223 -0.0153512 0.00080817 0.8 0.8 0.8
vn -0.209894 -0.239654 -0.947898
v -0.0103285 -0.0178895 0.00080817 0.8 0.8 0.8
vn -0.15548 -0.278056 -0.947898
v -0.00638338 -0.019646 0.00080817 0.8 0.8 0.8
vn -0.0942717 -0.304306 -0.947898
v -0.00215925 -0.0205439 0.00080817 0.8 0.8 0.8
vn -0.0289429 -0.317256 -0.947898
v 0.00215925 -0.0205439 0.00080817 0.8 0.8 0.8
vn 0.0376509 -0.316341 -0.947898
v 0.00638338 -0.019646 0.00080817 0.8 0.8 0.8
vn 0.102599 -0.3016 -0.947898
v 0.0103285 -0.0178895 0.00080817 0.8 0.8 0.8
vn 0.163063 -0.273678 -0.947898
v 0.0138223 -0.0153512 0.00080817 0.8 0.8 0.8
vn 0.216401 -0.233795 -0.947898
v 0.0167119 -0.0121419 0.00080817 0.8 0.8 0.8
vn 0.260281 -0.183693 -0.947898
v 0.0188712 -0.00840198 0.00080817 0.8 0.8 0.8
vn 0.292785 -0.125564 -0.947898
v 0.0202057 -0.00429484 0.00080817 0.8 0.8 0.8
vn 0.312493 -0.0619466 -0.947898
v 0.0187893 1.71184e-09 0.000377936 0.8 0.8 0.8
vn 0.171703 0.00257927 -0.985145
v 0.0183787 0.00390651 0.000377936 0.8 0.8 0.8
vn 0.167414 0.0382219 -0.985145
v 0.0171648 0.00764228 0.000377936 0.8 0.8 0.8
vn 0.155809 0.0721941 -0.985145
v 0.0152008 0.011044 0.000377936 0.8 0.8 0.8
vn 0.137394 0.103011 -0.985145
v 0.0125725 0.0139631 0.000377936 0.8 0.8 0.8
vn 0.112975 0.129326 -0.985145
v 0.00939463 0.016272 0.000377936 0.8 0.8 0.8
vn 0.0836176 0.149989 -0.985145
v 0.0058062 0.0178696 0.000377936 0.8 0.8 0.8
vn 0.050606 0.164096 -0.985145
v 0.00196401 0.0186863 0.000377936 0.8 0.8 0.8
vn 0.0153827 0.171032 -0.985145
v -0.00196401 0.0186863 0.000377936 0.8 0.8 0.8
vn -0.020513 0.170492 -0.985145
v -0.0058062 0.0178696 0.000377936 0.8 0.8 0.8
vn -0.0555121 0.162502 -0.985145
v -0.00939463 0.016272 0.000377936 0.8 0.8 0.8
vn -0.0880851 0.147409 -0.985145
v -0.0125725 0.0139631 0.000377936 0.8 0.8 0.8
vn -0.116808 0.125874 -0.985145
v -0.0152008 0.011044 0.000377936 0.8 0.8 0.8
vn -0.140426 0.0988376 -0.985145
v -0.0171648 0.00764228 0.000377936 0.8 0.8 0.8
vn -0.157907 0.0674815 -0.985145
v -0.0183787 0.00390651 0.000377936 0.8 0.8 0.8
vn -0.168487 0.0331761 -0.985145
v -0.0187893 1.71184e-09 0.000377936 0.8 0.8 0.8
vn -0.171703 -0.00257927 -0.985145
v -0.0183787 -0.0039065 0.000377936 0.8 0.8 0.8
vn -0.167414 -0.0382219 -0.985145
v -0.0171648 -0.00764228 0.000377936 0.8 0.8 0.8
vn -0.155809 -0.0721941 -0.985145
v -0.0152008 -0.011044 0.000377936 0.8 0.8 0.8
vn -0.137394 -0.103011 -0.985145
v -0.0125725 -0.0139631 0.000377936 0.8 0.8 0.8
vn -0.112975 -0.129326 -0.985145
v -0.00939463 -0.016272 0.000377936 0.8 0.8 0.8
vn -0.0836176 -0.149989 -0.985145
v -0.0058062 -0.0178696 0.000377936 0.8 0.8 0.8
vn -0.050606 -0.164096 -0.985145
v -0.00196401 -0.0186863 0.000377936 0.8 0.8 0.8
vn -0.0153827 -0.171032 -0.985145
v 0.00196401 -0.0186863 0.000377936 0.8 0.8 0.8
vn 0.020513 -0.170492 -0.985145
v 0.0058062 -0.0178696 0.000377936 0.8 0.8 0.8
vn 0.0555121 -0.162502 -0.985145
v 0.00939463 -0.016272 0.000377936 0.8 0.8 0.8
vn 0.0880851 -0.147409 -0.985145
v 0.0125725 -0.0139631 0.000377936 0.8 0.8 0.8
vn 0.116808 -0.125874 -0.985145
v 0.0152008 -0.011044 0.000377936 0.8 0.8 0.8
vn 0.140426 -0.0988376 -0.985145
v 0.0171648 -0.00764228 0.000377936 0.8 0.8 0.8
vn 0.157907 -0.0674815 -0.985145
v 0.0183787 -0.0039065 0.000377936 0.8 0.8 0.8
vn 0.168487 -0.0331761 -0.985145
v 0.0169149 1.71184e-09 0.000163127 0.8 0.8 0.8
vn 0.0845704 0.00139837 -0.996417
v 0.0165452 0.0035168 0.000163127 0.8 0.8 0.8
vn 0.0824316 0.018951 -0.996417
v 0.0154525 0.0068799 0.000163127 0.8 0.8 0.8
vn 0.0766901 0.0356754 -0.996417
v 0.0136844 0.00994231 0.000163127 0.8 0.8 0.8
vn 0.067597 0.0508405 -0.996417
v 0.0113183 0.0125702 0.000163127 0.8 0.8 0.8
vn 0.0555495 0.0637838 -0.996417
v 0.00845744 0.0146487 0.000163127 0.8 0.8 0.8
vn 0.0410742 0.0739393 -0.996417
v 0.00522699 0.016087 0.000163127 0.8 0.8 0.8
vn 0.0248038 0.0808634 -0.996417
v 0.00176809 0.0168222 0.000163127 0.8 0.8 0.8
vn 0.00744931 0.0842533 -0.996417
v -0.00176808 0.0168222 0.000163127 0.8 0.8 0.8
vn -0.0102307 0.083961 -0.996417
v -0.00522698 0.016087 0.000163127 0.8 0.8 0.8
vn -0.0274636 0.0799991 -0.996417
v -0.00845743 0.0146487 0.000163127 0.8 0.8 0.8
vn -0.0434962 0.0725409 -0.996417
v -0.0113183 0.0125702 0.000163127 0.8 0.8 0.8
vn -0.0576278 0.0619124 -0.996417
v -0.0136844 0.00994231 0.000163127 0.8 0.8 0.8
vn -0.0692408 0.0485779 -0.996417
v -0.0154525 0.0068799 0.000163127 0.8 0.8 0.8
vn -0.0778277 0.0331204 -0.996417
v -0.0165452 0.0035168 0.000163127 0.8 0.8 0.8
vn -0.0830131 0.0162154 -0.996417
v -0.0169149 1.71184e-09 0.000163127 0.8 0.8 0.8
vn -0.0845704 -0.00139837 -0.996417
v -0.0165452 -0.0035168 0.000163127 0.8 0.8 0.8
vn -0.0824316 -0.018951 -0.996417
v -0.0154525 -0.0068799 0.000163127 0.8 0.8 0.8
vn -0.0766901 -0.0356754 -0.996417
v -0.0136844 -0.00994231 0.000163127 0.8 0.8 0.8
vn -0.067597 -0.0508405 -0.996417
v -0.0113183 -0.0125702 0.000163127 0.8 0.8 0.8
vn -0.0555495 -0.0637838 -0.996417
v -0.00845743 -0.0146487 0.000163127 0.8 0.8 0.8
vn -0.0410742 -0.0739393 -0.996417
v -0.00522698 -0.016087 0.000163127 0.8 0.8 0.8
vn -0.0248038 -0.0808634 -0.996417
v -0.00176808 -0.0168222 0.000163127 0.8 0.8 0.8
vn -0.00744931 -0.0842533 -0.996417
v 0.00176809 -0.0168222 0.000163127 0.8 0.8 0.8
vn 0.0102307 -0.083961 -0.996417
v 0.00522699 -0.016087 0.000163127 0.8 0.8 0.8
vn 0.0274636 -0.0799991 -0.996417
v 0.00845744 -0.0146487 0.000163127 0.8 0.8 0.8
vn 0.0434962 -0.0725409 -0.996417
v 0.0113183 -0.0125702 0.000163127 0.8 0.8 0.8
vn 0.0576278 -0.0619124 -0.996417
v 0.0136844 -0.00994231 0.000163127 0.8 0.8 0.8
vn 0.0692408 -0.0485779 -0.996417
v 0.0154525 -0.0068799 0.000163127 0.8 0.8 0.8
vn 0.0778277 -0.0331204 -0.996417
v 0.0165452 -0.0035168 0.000163127 0.8 0.8 0.8
vn 0.0830131 -0.0162154 -0.996417
v 0.0150373 1.71184e-09 6.37695e-05 0.8 0.8 0.8
vn 0.0381829 0.000700867 -0.999271
v 0.0147087 0.00312643 6.37695e-05 0.8 0.8 0.8
vn 0.0372028 0.00862422 -0.999271
v 0.0137373 0.00611623 6.37695e-05 0.8 0.8 0.8
vn 0.0345967 0.0161706 -0.999271
v 0.0121654 0.00883871 6.37695e-05 0.8 0.8 0.8
vn 0.0304786 0.0230103 -0.999271
v 0.0100619 0.0111749 6.37695e-05 0.8 0.8 0.8
vn 0.0250285 0.0288444 -0.999271
v 0.00751866 0.0130227 6.37695e-05 0.8 0.8 0.8
vn 0.0184845 0.0334178 -0.999271
v 0.00464679 0.0143013 6.37695e-05 0.8 0.8 0.8
vn 0.0111326 0.0365307 -0.999271
v 0.00157183 0.0149549 6.37695e-05 0.8 0.8 0.8
vn 0.00329417 0.038047 -0.999271
v -0.00157182 0.0149549 6.37695e-05 0.8 0.8 0.8
vn -0.00468823 0.0379004 -0.999271
v -0.00464678 0.0143013 6.37695e-05 0.8 0.8 0.8
vn -0.0124657 0.0360975 -0.999271
v -0.00751865 0.0130227 6.37695e-05 0.8 0.8 0.8
vn -0.0196984 0.0327169 -0.999271
v -0.0100619 0.0111749 6.37695e-05 0.8 0.8 0.8
vn -0.0260702 0.0279064 -0.999271
v -0.0121654 0.00883871 6.37695e-05 0.8 0.8 0.8
vn -0.0313026 0.0218763 -0.999271
v -0.0137373 0.00611623 6.37695e-05 0.8 0.8 0.8
vn -0.0351669 0.0148901 -0.999271
v -0.0147087 0.00312643 6.37695e-05 0.8 0.8 0.8
vn -0.0374942 0.00725311 -0.999271
v -0.0150373 1.71184e-09 6.37695e-05 0.8 0.8 0.8
vn -0.0381829 -0.000700867 -0.999271
v -0.0147087 -0.00312643 6.37695e-05 0.8 0.8 0.8
vn -0.0372028 -0.00862422 -0.999271
v -0.0137373 -0.00611622 6.37695e-05 0.8 0.8 0.8
vn -0.0345967 -0.0161706 -0.999271
v -0.0121654 -0.00883871 6.37695e-05 0.8 0.8 0.8
vn -0.0304786 -0.0230103 -0.999271
v -0.0100619 -0.0111749 6.37695e-05 0.8 0.8 0.8
vn -0.0250285 -0.0288444 -0.999271
v -0.00751865 -0.0130227 6.37695e-05 0.8 0.8 0.8
vn -0.0184845 -0.0334178 -0.999271
v -0.00464678 -0.0143013 6.37695e-05 0.8 0.8 0.8
vn -0.0111326 -0.0365307 -0.999271
v -0.00157182 -0.0149549 6.37695e-05 0.8 0.8 0.8
vn -0.00329417 -0.038047 -0.999271
v 0.00157183 -0.0149549 6.37695e-05 0.8 0.8 0.8
vn 0.00468823 -0.0379004 -0.999271
v 0.00464679 -0.0143013 6.37695e-05 0.8 0.8 0.8
vn 0.0124657 -0.0360975 -0.999271
v 0.00751866 -0.0130227 6.37695e-05 0.8 0.8 0.8
vn 0.0196984 -0.0327169 -0.999271
v 0.0100619 -0.0111749 6.37695e-05 0.8 0.8 0.8
vn 0.0260702 -0.0279064 -0.999271
v 0.0121654 -0.00883871 6.37695e-05 0.8 0.8 0.8
vn 0.0313026 -0.0218763 -0.999271
v 0.0137373 -0.00611622 6.37695e-05 0.8 0.8 0.8
vn 0.0351669 -0.0148901 -0.999271
v 0.0147087 -0.00312643 6.37695e-05 0.8 0.8 0.8
vn 0.0374942 -0.00725311 -0.999271
v 0.0131583 1.71184e-09 2.19866e-05 0.8 0.8 0.8
vn 0.015586 0.000320771 -0.999878
v 0.0128708 0.00273577 2.19866e-05 0.8 0.8 0.8
vn 0.0151787 0.00355427 -0.999878
v 0.0120207 0.00535198 2.19866e-05 0.8 0.8 0.8
vn 0.014108 0.00663242 -0.999878
v 0.0106453 0.00773428 2.19866e-05 0.8 0.8 0.8
vn 0.0124208 0.00942071 -0.999878
v 0.00880465 0.00977855 2.19866e-05 0.8 0.8 0.8
vn 0.0101907 0.0117973 -0.999878
v 0.00657917 0.0113955 2.19866e-05 0.8 0.8 0.8
vn 0.00751519 0.0136582 -0.999878
v 0.00406615 0.0125143 2.19866e-05 0.8 0.8 0.8
vn 0.00451126 0.0149223 -0.999878
v 0.00137542 0.0130863 2.19866e-05 0.8 0.8 0.8
vn 0.00131016 0.0155341 -0.999878
v -0.00137542 0.0130863 2.19866e-05 0.8 0.8 0.8
vn -0.00194819 0.0154671 -0.999878
v -0.00406615 0.0125143 2.19866e-05 0.8 0.8 0.8
vn -0.0051214 0.014724 -0.999878
v -0.00657916 0.0113955 2.19866e-05 0.8 0.8 0.8
vn -0.00807078 0.0133375 -0.999878
v -0.00880464 0.00977855 2.19866e-05 0.8 0.8 0.8
vn -0.0106674 0.011368 -0.999878
v -0.0106453 0.00773428 2.19866e-05 0.8 0.8 0.8
vn -0.0127979 0.00890169 -0.999878
v -0.0120207 0.00535198 2.19866e-05 0.8 0.8 0.8
vn -0.014369 0.00604634 -0.999878
v -0.0128708 0.00273577 2.19866e-05 0.8 0.8 0.8
vn -0.0153121 0.00292674 -0.999878
v -0.0131583 1.71184e-09 2.19866e-05 0.8 0.8 0.8
vn -0.015586 -0.000320771 -0.999878
v -0.0128708 -0.00273577 2.19866e-05 0.8 0.8 0.8
vn -0.0151787 -0.00355427 -0.999878
v -0.0120207 -0.00535198 2.19866e-05 0.8 0.8 0.8
vn -0.014108 -0.00663242 -0.999878
v -0.0106453 -0.00773427 2.19866e-05 0.8 0.8 0.8
vn -0.0124208 -0.00942071 -0.999878
v -0.00880464 -0.00977855 2.19866e-05 0.8 0.8 0.8
vn -0.0101907 -0.0117973 -0.999878
v -0.00657916 -0.0113955 2.19866e-05 0.8 0.8 0.8
vn -0.00751519 -0.0136582 -0.999878
v -0.00406615 -0.0125143 2.19866e-05 0.8 0.8 0.8
vn -0.00451126 -0.0149223 -0.999878
v -0.00137542 -0.0130863 2.19866e-05 0.8 0.8 0.8
vn -0.00131016 -0.0155341 -0.999878
v 0.00137542 -0.0130863 2.19866e-05 0.8 0.8 0.8
vn 0.00194819 -0.0154671 -0.999878
v 0.00406615 -0.0125143 2.19866e-05 0.8 0.8 0.8
vn 0.0051214 -0.014724 -0.999878
v 0.00657917 -0.0113955 2.19866e-05 0.8 0.8 0.8
vn 0.00807078 -0.0133375 -0.999878
v 0.00880465 -0.00977855 2.19866e-05 0.8 0.8 0.8
vn 0.0106674 -0.011368 -0.999878
v 0.0106453 -0.00773427 2.19866e-05 0.8 0.8 0.8
vn 0.0127979 -0.00890169 -0.999878
v 0.0120207 -0.00535198 2.19866e-05 0.8 0.8 0.8
vn 0.014369 -0.00604634 -0.999878
v 0.0128708 -0.00273577 2.19866e-05 0.8 0.8 0.8
vn 0.0153121 -0.00292674 -0.999878
v 0.0112788 1.71184e-09 6.43122e-06 0.8 0.8 0.8
vn 0.00560585 0.000130849 -0.999984
v 0.0110323 0.00234499 6.43122e-06 0.8 0.8 0.8
vn 0.00545615 0.00129351 -0.999984
v 0.0103037 0.0045875 6.43122e-06 0.8 0.8 0.8
vn 0.00506798 0.00239964 -0.999984
v 0.00912474 0.00662951 6.43122e-06 0.8 0.8 0.8
vn 0.00445832 0.0034009 -0.999984
v 0.00754699 0.00838178 6.43122e-06 0.8 0.8 0.8
vn 0.00365381 0.00425352 -0.999984
v 0.0056394 0.00976772 6.43122e-06 0.8 0.8 0.8
vn 0.00268961 0.00492023 -0.999984
v 0.00348534 0.0107268 6.43122e-06 0.8 0.8 0.8
vn 0.00160786 0.00537192 -0.999984
v 0.00117896 0.011217 6.43122e-06 0.8 0.8 0.8
vn 0.000455839 0.00558882 -0.999984
v -0.00117895 0.011217 6.43122e-06 0.8 0.8 0.8
vn -0.000716103 0.00556147 -0.999984
v -0.00348534 0.0107268 6.43122e-06 0.8 0.8 0.8
vn -0.00185675 0.00529105 -0.999984
v -0.00563939 0.00976772 6.43122e-06 0.8 0.8 0.8
vn -0.00291624 0.00478939 -0.999984
v -0.00754698 0.00838178 6.43122e-06 0.8 0.8 0.8
vn -0.00384829 0.0040784 -0.999984
v -0.00912473 0.00662951 6.43122e-06 0.8 0.8 0.8
vn -0.00461214 0.00318918 -0.999984
v -0.0103037 0.0045875 6.43122e-06 0.8 0.8 0.8
vn -0.00517442 0.00216057 -0.999984
v -0.0110323 0.00234499 6.43122e-06 0.8 0.8 0.8
vn -0.00551056 0.00103753 -0.999984
v -0.0112788 1.71184e-09 6.43122e-06 0.8 0.8 0.8
vn -0.00560585 -0.000130849 -0.999984
v -0.0110323 -0.00234499 6.43122e-06 0.8 0.8 0.8
vn -0.00545615 -0.00129351 -0.999984
v -0.0103037 -0.0045875 6.43122e-06 0.8 0.8 0.8
vn -0.00506798 -0.00239964 -0.999984
v -0.00912473 -0.00662951 6.43122e-06 0.8 0.8 0.8
vn -0.00445832 -0.0034009 -0.999984
v -0.00754698 -0.00838177 6.43122e-06 0.8 0.8 0.8
vn -0.00365381 -0.00425352 -0.999984
v -0.00563939 -0.00976772 6.43122e-06 0.8 0.8 0.8
vn -0.00268961 -0.00492023 -0.999984
v -0.00348534 -0.0107268 6.43122e-06 0.8 0.8 0.8
vn -0.00160786 -0.00537192 -0.999984
v -0.00117895 -0.011217 6.43122e-06 0.8 0.8 0.8
vn -0.000455839 -0.00558882 -0.999984
v 0.00117896 -0.011217 6.43122e-06 0.8 0.8 0.8
vn 0.000716103 -0.00556147 -0.999984
v 0.00348534 -0.0107268 6.43122e-06 0.8 0.8 0.8
vn 0.00185675 -0.00529105 -0.999984
v 0.0056394 -0.00976772 6.43122e-06 0.8 0.8 0.8
vn 0.00291624 -0.00478939 -0.999984
v 0.00754699 -0.00838177 6.43122e-06 0.8 0.8 0.8
vn 0.00384829 -0.0040784 -0.999984
v 0.00912474 -0.00662951 6.43122e-06 0.8 0.8 0.8
vn 0.00461214 -0.00318918 -0.999984
v 0.0103037 -0.0045875 6.43122e-06 0.8 0.8 0.8
vn 0.00517442 -0.00216057 -0.999984
v 0.0110323 -0.00234499 6.43122e-06 0.8 0.8 0.8
vn 0.00551056 -0.00103753 -0.999984
v 0.00939905 1.71184e-09 1.50268e-06 0.8 0.8 0.8
vn 0.00170844 4.58016e-05 -0.999999
v 0.00919366 0.00195417 1.50268e-06 0.8 0.8 0.8
vn 0.00166159 0.000400006 -0.999999
v 0.00858646 0.00382294 1.50268e-06 0.8 0.8 0.8
vn 0.00154211 0.000736728 -0.999999
v 0.00760399 0.00552463 1.50268e-06 0.8 0.8 0.8
vn 0.00135524 0.00104125 -0.999999
v 0.0062892 0.00698486 1.50268e-06 0.8 0.8 0.8
vn 0.00110913 0.00130027 -0.999999
v 0.00469953 0.00813982 1.50268e-06 0.8 0.8 0.8
vn 0.000814556 0.00150246 -0.999999
v 0.00290447 0.00893903 1.50268e-06 0.8 0.8 0.8
vn 0.000484378 0.00163898 -0.999999
v 0.000982471 0.00934756 1.50268e-06 0.8 0.8 0.8
vn 0.00013303 0.00170387 -0.999999
v -0.000982466 0.00934756 1.50268e-06 0.8 0.8 0.8
vn -0.000224132 0.0016943 -0.999999
v -0.00290446 0.00893903 1.50268e-06 0.8 0.8 0.8
vn -0.000571498 0.00161067 -0.999999
v -0.00469952 0.00813982 1.50268e-06 0.8 0.8 0.8
vn -0.000893887 0.00145665 -0.999999
v -0.00628919 0.00698486 1.50268e-06 0.8 0.8 0.8
vn -0.00117721 0.00123897 -0.999999
v -0.00760399 0.00552463 1.50268e-06 0.8 0.8 0.8
vn -0.00140908 0.000967143 -0.999999
v -0.00858646 0.00382294 1.50268e-06 0.8 0.8 0.8
vn -0.00157937 0.000653045 -0.999999
v -0.00919366 0.00195417 1.50268e-06 0.8 0.8 0.8
vn -0.00168063 0.000310405 -0.999999
v -0.00939905 1.71184e-09 1.50268e-06 0.8 0.8 0.8
vn -0.00170844 -4.58016e-05 -0.999999
v -0.00919366 -0.00195417 1.50268e-06 0.8 0.8 0.8
vn -0.00166159 -0.000400006 -0.999999
v -0.00858646 -0.00382294 1.50268e-06 0.8 0.8 0.8
vn -0.00154211 -0.000736728 -0.999999
v -0.00760399 -0.00552462 1.50268e-06 0.8 0.8 0.8
vn -0.00135524 -0.00104125 -0.999999
v -0.00628919 -0.00698485 1.50268e-06 0.8 0.8 0.8
vn -0.00110913 -0.00130027 -0.999999
v -0.00469952 -0.00813982 1.50268e-06 0.8 0.8 0.8
vn -0.000814556 -0.00150246 -0.999999
v -0.00290446 -0.00893903 1.50268e-06 0.8 0.8 0.8
vn -0.000484378 -0.00163898 -0.999999
v -0.000982466 -0.00934756 1.50268e-06 0.8 0.8 0.8
vn -0.00013303 -0.00170387 -0.999999
v 0.000982471 -0.00934756 1.50268e-06 0.8 0.8 0.8
vn 0.000224132 -0.0016943 -0.999999
v 0.00290447 -0.00893903 1.50268e-06 0.8 0.8 0.8
vn 0.000571498 -0.00161067 -0.999999
v 0.00469953 -0.00813982 1.50268e-06 0.8 0.8 0.8
vn 0.000893887 -0.00145665 -0.999999
v 0.0062892 -0.00698485 1.50268e-06 0.8 0.8 0.8
vn 0.00117721 -0.00123897 -0.999999
v 0.00760399 -0.00552462 1.50268e-06 0.8 0.8 0.8
vn 0.00140908 -0.000967143 -0.999999
v 0.00858646 -0.00382294 1.50268e-06 0.8 0.8 0.8
vn 0.00157937 -0.000653045 -0.999999
v 0.00919366 -0.00195417 1.50268e-06 0.8 0.8 0.8
vn 0.00168063 -0.000310405 -0.999999
v 0.00751926 1.71184e-09 2.53548e-07 0.8 0.8 0.8
vn 0.000415522 1.2957e-05 -1
v 0.00735494 0.00156334 2.53548e-07 0.8 0.8 0.8
vn 0.000403748 9.90658e-05 -1
v 0.00686918 0.00305836 2.53548e-07 0.8 0.8 0.8
vn 0.000374328 0.000180845 -1
v 0.00608321 0.00441971 2.53548e-07 0.8 0.8 0.8
vn 0.000328549 0.00025472 -1
v 0.00503136 0.0055879 2.53548e-07 0.8 0.8 0.8
vn 0.00026841 0.000317463 -1
v 0.00375963 0.00651187 2.53548e-07 0.8 0.8 0.8
vn 0.00019654 0.000366331 -1
v 0.00232358 0.00715124 2.53548e-07 0.8 0.8 0.8
vn 0.000116081 0.000399189 -1
v 0.000785979 0.00747806 2.53548e-07 0.8 0.8 0.8
vn 3.05479e-05 0.0004146 -1
v -0.000785973 0.00747806 2.53548e-07 0.8 0.8 0.8
vn -5.63199e-05 0.000411892 -1
v -0.00232357 0.00715124 2.53548e-07 0.8 0.8 0.8
vn -0.000140726 0.000391181 -1
v -0.00375962 0.00651187 2.53548e-07 0.8 0.8 0.8
vn -0.000218982 0.000353374 -1
v -0.00503136 0.0055879 2.53548e-07 0.8 0.8 0.8
vn -0.000287668 0.000300123 -1
v -0.0060832 0.00441971 2.53548e-07 0.8 0.8 0.8
vn -0.00034378 0.000233755 -1
v -0.00686918 0.00305836 2.53548e-07 0.8 0.8 0.8
vn -0.000384869 0.000157171 -1
v -0.00735494 0.00156334 2.53548e-07 0.8 0.8 0.8
vn -0.000409136 7.37181e-05 -1
v -0.00751925 1.71184e-09 2.53548e-07 0.8 0.8 0.8
vn -0.000415522 -1.2957e-05 -1
v -0.00735494 -0.00156334 2.53548e-07 0.8 0.8 0.8
vn -0.000403748 -9.90658e-05 -1
v -0.00686918 -0.00305835 2.53548e-07 0.8 0.8 0.8
vn -0.000374328 -0.000180845 -1
v -0.0060832 -0.0044197 2.53548e-07 0.8 0.8 0.8
vn -0.000328549 -0.00025472 -1
v -0.00503136 -0.00558789 2.53548e-07 0.8 0.8 0.8
vn -0.00026841 -0.000317463 -1
v -0.00375962 -0.00651186 2.53548e-07 0.8 0.8 0.8
vn -0.00019654 -0.000366331 -1
v -0.00232357 -0.00715123 2.53548e-07 0.8 0.8 0.8
vn -0.000116081 -0.000399189 -1
v -0.000785973 -0.00747806 2.53548e-07 0.8 0.8 0.8
vn -3.05479e-05 -0.0004146 -1
v 0.000785979 -0.00747806 2.53548e-07 0.8 0.8 0.8
vn 5.63199e-05 -0.000411892 -1
v 0.00232358 -0.00715123 2.53548e-07 0.8 0.8 0.8
vn 0.000140726 -0.000391181 -1
v 0.00375963 -0.00651186 2.53548e-07 0.8 0.8 0.8
vn 0.000218982 -0.000353374 -1
v 0.00503136 -0.00558789 2.53548e-07 0.8 0.8 0.8
vn 0.000287668 -0.000300123 -1
v 0.00608321 -0.0044197 2.53548e-07 0.8 0.8 0.8
vn 0.00034378 -0.000233755 -1
v 0.00686918 -0.00305835 2.53548e-07 0.8 0.8 0.8
vn 0.000384869 -0.000157171 -1
v 0.00735494 -0.00156334 2.53548e-07 0.8 0.8 0.8
vn 0.000409136 -7.37181e-05 -1
v 0.00563944 1.71184e-09 2.55706e-08 0.8 0.8 0.8
vn 7.31832e-05 2.68e-06 -1
v 0.00551621 0.00117251 2.55706e-08 0.8 0.8 0.8
vn 7.10268e-05 1.78371e-05 -1
v 0.00515189 0.00229377 2.55706e-08 0.8 0.8 0.8
vn 6.57661e-05 3.22146e-05 -1
v 0.00456241 0.00331478 2.55706e-08 0.8 0.8 0.8
vn 5.76312e-05 4.51842e-05 -1
v 0.00377353 0.00419092 2.55706e-08 0.8 0.8 0.8
vn 4.69775e-05 5.6179e-05 -1
v 0.00281972 0.0048839 2.55706e-08 0.8 0.8 0.8
vn 3.42707e-05 6.47185e-05 -1
v 0.00174269 0.00536343 2.55706e-08 0.8 0.8 0.8
vn 2.0066e-05 7.04296e-05 -1
v 0.000589485 0.00560855 2.55706e-08 0.8 0.8 0.8
vn 4.98441e-06 7.30625e-05 -1
v -0.00058948 0.00560855 2.55706e-08 0.8 0.8 0.8
vn -1.03151e-05 7.25022e-05 -1
v -0.00174268 0.00536343 2.55706e-08 0.8 0.8 0.8
vn -2.51637e-05 6.87732e-05 -1
v -0.00281972 0.0048839 2.55706e-08 0.8 0.8 0.8
vn -3.89126e-05 6.20385e-05 -1
v -0.00377352 0.00419092 2.55706e-08 0.8 0.8 0.8
vn -5.09608e-05 5.25925e-05 -1
v -0.0045624 0.00331478 2.55706e-08 0.8 0.8 0.8
vn -6.07817e-05 4.08479e-05 -1
v -0.00515188 0.00229377 2.55706e-08 0.8 0.8 0.8
vn -6.79463e-05 2.7318e-05 -1
v -0.0055162 0.00117251 2.55706e-08 0.8 0.8 0.8
vn -7.21412e-05 1.25942e-05 -1
v -0.00563944 1.71184e-09 2.55706e-08 0.8 0.8 0.8
vn -7.31832e-05 -2.68e-06 -1
v -0.0055162 -0.0011725 2.55706e-08 0.8 0.8 0.8
vn -7.10268e-05 -1.78371e-05 -1
v -0.00515188 -0.00229377 2.55706e-08 0.8 0.8 0.8
vn -6.57661e-05 -3.22146e-05 -1
v -0.0045624 -0.00331478 2.55706e-08 0.8 0.8 0.8
vn -5.76312e-05 -4.51842e-05 -1
v -0.00377352 -0.00419092 2.55706e-08 0.8 0.8 0.8
vn -4.69775e-05 -5.6179e-05 -1
v -0.00281972 -0.0048839 2.55706e-08 0.8 0.8 0.8
vn -3.42707e-05 -6.47185e-05 -1
v -0.00174268 -0.00536343 2.55706e-08 0.8 0.8 0.8
vn -2.0066e-05 -7.04296e-05 -1
v -0.00058948 -0.00560855 2.55706e-08 0.8 0.8 0.8
vn -4.98441e-06 -7.30625e-05 -1
v 0.000589485 -0.00560855 2.55706e-08 0.8 0.8 0.8
vn 1.03151e-05 -7.25022e-05 -1
v 0.00174269 -0.00536343 2.55706e-08 0.8 0.8 0.8
vn 2.51637e-05 -6.87732e-05 -1
v 0.00281972 -0.0048839 2.55706e-08 0.8 0.8 0.8
vn 3.89126e-05 -6.20385e-05 -1
v 0.00377353 -0.00419092 2.55706e-08 0.8 0.8 0.8
vn 5.09608e-05 -5.25925e-05 -1
v 0.00456241 -0.00331478 2.55706e-08 0.8 0.8 0.8
vn 6.07817e-05 -4.08479e-05 -1
v 0.00515189 -0.00229377 2.55706e-08 0.8 0.8 0.8
vn 6.79463e-05 -2.7318e-05 -1
v 0.00551621 -0.0011725 2.55706e-08 0.8 0.8 0.8
vn 7.21412e-05 -1.25942e-05 -1
v 0.00375963 1.71184e-09 1.00811e-09 0.8 0.8 0.8
vn 7.84465e-06 3.38656e-07 -1
v 0.00367747 0.000781672 1.00811e-09 0.8 0.8 0.8
vn 7.60282e-06 1.96225e-06 -1
v 0.00343459 0.00152918 1.00811e-09 0.8 0.8 0.8
vn 7.0287e-06 3.50009e-06 -1
v 0.00304161 0.00220986 1.00811e-09 0.8 0.8 0.8
vn 6.1474e-06 4.88495e-06 -1
v 0.00251568 0.00279395 1.00811e-09 0.8 0.8 0.8
vn 4.99743e-06 6.05632e-06 -1
v 0.00187982 0.00325593 1.00811e-09 0.8 0.8 0.8
vn 3.62904e-06 6.963e-06 -1
v 0.00116179 0.00357562 1.00811e-09 0.8 0.8 0.8
vn 2.10205e-06 7.56536e-06 -1
v 0.000392991 0.00373903 1.00811e-09 0.8 0.8 0.8
vn 4.83189e-07 7.83708e-06 -1
v -0.000392986 0.00373903 1.00811e-09 0.8 0.8 0.8
vn -1.15679e-06 7.76628e-06 -1
v -0.00116179 0.00357562 1.00811e-09 0.8 0.8 0.8
vn -2.74621e-06 7.35606e-06 -1
v -0.00187981 0.00325593 1.00811e-09 0.8 0.8 0.8
vn -4.21561e-06 6.62434e-06 -1
v -0.00251568 0.00279395 1.00811e-09 0.8 0.8 0.8
vn -5.50077e-06 5.60311e-06 -1
v -0.0030416 0.00220986 1.00811e-09 0.8 0.8 0.8
vn -6.54552e-06 4.33699e-06 -1
v -0.00343459 0.00152918 1.00811e-09 0.8 0.8 0.8
vn -7.30419e-06 2.88133e-06 -1
v -0.00367747 0.000781672 1.00811e-09 0.8 0.8 0.8
vn -7.74364e-06 1.29974e-06 -1
v -0.00375963 1.71184e-09 1.00811e-09 0.8 0.8 0.8
vn -7.84465e-06 -3.38656e-07 -1
v -0.00367747 -0.000781669 1.00811e-09 0.8 0.8 0.8
vn -7.60282e-06 -1.96225e-06 -1
v -0.00343459 -0.00152918 1.00811e-09 0.8 0.8 0.8
vn -7.0287e-06 -3.50009e-06 -1
v -0.0030416 -0.00220985 1.00811e-09 0.8 0.8 0.8
vn -6.1474e-06 -4.88495e-06 -1
v -0.00251568 -0.00279395 1.00811e-09 0.8 0.8 0.8
vn -4.99743e-06 -6.05632e-06 -1
v -0.00187981 -0.00325593 1.00811e-09 0.8 0.8 0.8
vn -3.62904e-06 -6.963e-06 -1
v -0.00116179 -0.00357562 1.00811e-09 0.8 0.8 0.8
vn -2.10205e-06 -7.56536e-06 -1
v -0.000392986 -0.00373903 1.00811e-09 0.8 0.8 0.8
vn -4.83189e-07 -7.83708e-06 -1
v 0.000392991 -0.00373903 1.00811e-09 0.8 0.8 0.8
vn 1.15679e-06 -7.76628e-06 -1
v 0.00116179 -0.00357562 1.00811e-09 0.8 0.8 0.8
vn 2.74621e-06 -7.35606e-06 -1
v 0.00187982 -0.00325593 1.00811e-09 0.8 0.8 0.8
vn 4.21561e-06 -6.62434e-06 -1
v 0.00251568 -0.00279395 1.00811e-09 0.8 0.8 0.8
vn 5.50077e-06 -5.60311e-06 -1
v 0.00304161 -0.00220985 1.00811e-09 0.8 0.8 0.8
vn 6.54552e-06 -4.33699e-06 -1
v 0.00343459 -0.00152918 1.00811e-09 0.8 0.8 0.8
vn 7.30419e-06 -2.88133e-06 -1
v 0.00367747 -0.000781669 1.00811e-09 0.8 0.8 0.8
vn 7.74364e-06 -1.29974e-06 -1
v 0.00187982 1.71184e-09 4.00824e-12 0.8 0.8 0.8
vn 3.5681e-07 1.87138e-08 -1
v 0.00183874 0.000390837 4.00824e-12 0.8 0.8 0.8
vn 3.45122e-07 9.24898e-08 -1
v 0.0017173 0.000764591 4.00824e-12 0.8 0.8 0.8
vn 3.18351e-07 1.62224e-07 -1
v 0.0015208 0.00110493 4.00824e-12 0.8 0.8 0.8
vn 2.77666e-07 2.24867e-07 -1
v 0.00125784 0.00139698 4.00824e-12 0.8 0.8 0.8
vn 2.24846e-07 2.77684e-07 -1
v 0.000939909 0.00162797 4.00824e-12 0.8 0.8 0.8
vn 1.62198e-07 3.18364e-07 -1
v 0.000580897 0.00178781 4.00824e-12 0.8 0.8 0.8
vn 9.24625e-08 3.45129e-07 -1
v 0.000196497 0.00186952 4.00824e-12 0.8 0.8 0.8
vn 1.86856e-08 3.56812e-07 -1
v -0.000196491 0.00186952 4.00824e-12 0.8 0.8 0.8
vn -5.59081e-08 3.52899e-07 -1
v -0.000580892 0.00178781 4.00824e-12 0.8 0.8 0.8
vn -1.28058e-07 3.33564e-07 -1
v -0.000939904 0.00162797 4.00824e-12 0.8 0.8 0.8
vn -1.94612e-07 2.9965e-07 -1
v -0.00125784 0.00139698 4.00824e-12 0.8 0.8 0.8
vn -2.5266e-07 2.5264e-07 -1
v -0.0015208 0.00110493 4.00824e-12 0.8 0.8 0.8
vn -2.99665e-07 1.94588e-07 -1
v -0.00171729 0.000764591 4.00824e-12 0.8 0.8 0.8
vn -3.33574e-07 1.28032e-07 -1
v -0.00183873 0.000390837 4.00824e-12 0.8 0.8 0.8
vn -3.52904e-07 5.58802e-08 -1
v -0.00187981 1.71184e-09 4.00824e-12 0.8 0.8 0.8
vn -3.5681e-07 -1.87138e-08 -1
v -0.00183873 -0.000390834 4.00824e-12 0.8 0.8 0.8
vn -3.45122e-07 -9.24898e-08 -1
v -0.00171729 -0.000764587 4.00824e-12 0.8 0.8 0.8
vn -3.18351e-07 -1.62224e-07 -1
v -0.0015208 -0.00110493 4.00824e-12 0.8 0.8 0.8
vn -2.77666e-07 -2.24867e-07 -1
v -0.00125784 -0.00139697 4.00824e-12 0.8 0.8 0.8
vn -2.24846e-07 -2.77684e-07 -1
v -0.000939904 -0.00162796 4.00824e-12 0.8 0.8 0.8
vn -1.62198e-07 -3.18364e-07 -1
v -0.000580892 -0.00178781 4.00824e-12 0.8 0.8 0.8
vn -9.24625e-08 -3.45129e-07 -1
v -0.000196491 -0.00186951 4.00824e-12 0.8 0.8 0.8
vn -1.86856e-08 -3.56812e-07 -1
v 0.000196497 -0.00186951 4.00824e-12 0.8 0.8 0.8
vn 5.59081e-08 -3.52899e-07 -1
v 0.000580897 -0.00178781 4.00824e-12 0.8 0.8 0.8
vn 1.28058e-07 -3.33564e-07 -1
v 0.000939909 -0.00162796 4.00824e-12 0.8 0.8 0.8
vn 1.94612e-07 -2.9965e-07 -1
v 0.00125784 -0.00139697 4.00824e-12 0.8 0.8 0.8
vn 2.5266e-07 -2.5264e-07 -1
v 0.0015208 -0.00110493 4.00824e-12 0.8 0.8 0.8
vn 2.99665e-07 -1.94588e-07 -1
v 0.0017173 -0.000764587 4.00824e-12 0.8 0.8 0.8
vn 3.33574e-07 -1.28032e-07 -1
v 0.00183874 -0.000390834 4.00824e-12 0.8 0.8 0.8
vn 3.52904e-07 -5.58802e-08 -1
v 2.58027e-09 1.71184e-09 0 0.8 0.8 0.8
vn 2.13226e-09 2.2411e-10 -1
v 2.58027e-09 1.71184e-09 0 0.8 0.8 0.8
vn 2.03907e-09 6.62534e-10 -1
v 2.58027e-09 1.71184e-09 0 0.8 0.8 0.8
vn 1.85676e-09 1.072e-09 -1
v 2.58027e-09 1.71184e-09 0 0.8 0.8 0.8
vn 1.59331e-09 1.43462e-09 -1
v 2.58027e-09 1.71184e-09 0 0.8 0.8 0.8
vn 1.26021e-09 1.73454e-09 -1
v 2.58027e-09 1.71184e-09 0 0.8 0.8 0.8
vn 8.72046e-10 1.95865e-09 -1
v 2.58027e-09 1.71184e-09 0 0.8 0.8 0.8
vn 4.45764e-10 2.09715e-09 -1
v 2.58027e-09 1.71184e-09 0 0.8 0.8 0.8
vn -5.16988e-26 2.14401e-09 -1
v 2.58027e-09 1.71184e-09 0 0.8 0.8 0.8
vn -4.45764e-10 2.09715e-09 -1
v 2.58027e-09 1.71184e-09 0 0.8 0.8 0.8
vn -8.72046e-10 1.95865e-09 -1
v 2.58027e-09 1.71184e-09 0 0.8 0.8 0.8
vn -1.26021e-09 1.73454e-09 -1
v 2.58027e-09 1.71184e-09 0 0.8 0.8 0.8
vn -1.59331e-09 1.43462e-09 -1
v 2.58027e-09 1.71184e-09 0 0.8 0.8 0.8
vn -1.85676e-09 1.072e-09 -1
v 2.58027e-09 1.71184e-09 0 0.8 0.8 0.8
vn -2.03907e-09 6.62534e-10 -1
v 2.58027e-09 1.71184e-09 0 0.8 0.8 0.8
vn -2.13226e-09 2.2411e-10 -1
v 2.58027e-09 1.71184e-09 0 0.8 0.8 0.8
vn -2.13226e-09 -2.2411e-10 -1
v 2.58027e-09 1.71184e-09 0 0.8 0.8 0.8
vn -2.03907e-09 -6.62534e-10 -1
v 2.58027e-09 1.71184e-09 0 0.8 0.8 0.8
vn -1.85676e-09 -1.072e-09 -1
v 2.58027e-09 1.71184e-09 0 0.8 0.8 0.8
vn -1.59331e-09 -1.43462e-09 -1
v 2.58027e-09 1.71184e-09 0 0.8 0.8 0.8
vn -1.26021e-09 -1.73454e-09 -1
v 2.58027e-09 1.71184e-09 0 0.8 0.8 0.8
vn -8.72046e-10 -1.95865e-09 -1
v 2.58027e-09 1.71184e-09 0 0.8 0.8 0.8
vn -4.45764e-10 -2.09715e-09 -1
v 2.58027e-09 1.71184e-09 0 0.8 0.8 0.8
vn 2.17135e-24 -2.14401e-09 -1
v 2.58027e-09 1.71184e-09 0 0.8 0.8 0.8
vn 4.45764e-10 -2.09715e-09 -1
v 2.58027e-09 1.71184e-09 0 0.8 0.8 0.8
vn 8.72046e-10 -1.95865e-09 -1
v 2.58027e-09 1.71184e-09 0 0.8 0.8 0.8
vn 1.26021e-09 -1.73454e-09 -1
v 2.58027e-09 1.71184e-09 0 0.8 0.8 0.8
vn 1.59331e-09 -1.43462e-09 -1
v 2.58027e-09 1.71184e-09 0 0.8 0.8 0.8
vn 1.85676e-09 -1.072e-09 -1
v 2.58027e-09 1.71184e-09 0 0.8 0.8 0.8
vn 2.03907e-09 -6.62534e-10 -1
v 2.58027e-09 1.71184e-09 0 0.8 0.8 0.8
vn 2.13226e-09 -2.2411e-10 -1
v 0.0278347 -2.27837e-08 0.0802432 0.8 0.8 0.8
vn -0.999993 -2.77556e-17 0.00388287
v 0.0278347 -2.27837e-08 0.0148109 0.8 0.8 0.8
vn -0.999992 -2.77556e-17 -0.00389109
v 0.0279551 -2.27837e-08 0.078542 0.8 0.8 0.8
vn -0.942827 0.0040591 -0.333259
v 0.0279552 -0.000519864 0.0785629 0.8 0.8 0.8
vn -0.943107 -0.0232948 -0.331673
v 0.0279554 -0.00100936 0.0786249 0.8 0.8 0.8
vn -0.946121 -0.0514636 -0.319698
v 0.0279558 -0.00146852 0.0787268 0.8 0.8 0.8
vn -0.950552 -0.078718 -0.300423
v 0.0279564 -0.00188892 0.0788662 0.8 0.8 0.8
vn -0.956173 -0.104319 -0.273588
v 0.0279571 -0.00226176 0.0790399 0.8 0.8 0.8
vn -0.962446 -0.127494 -0.239674
v 0.0279579 -0.00257893 0.0792442 0.8 0.8 0.8
vn -0.968741 -0.147502 -0.19946
v 0.0279587 -0.00283335 0.0794745 0.8 0.8 0.8
vn -0.974418 -0.163659 -0.154029
v 0.0279597 -0.00301932 0.079726 0.8 0.8 0.8
vn -0.978912 -0.175373 -0.104763
v 0.0279608 -0.00313262 0.0799942 0.8 0.8 0.8
vn -0.981872 -0.181949 -0.0531318
v 0.0279619 -0.00317067 0.080279 0.8 0.8 0.8
vn -0.982773 -0.184795 -0.00278765
v 0.027963 -0.00313262 0.0805638 0.8 0.8 0.8
vn -0.982044 -0.182757 0.0467959
v 0.027964 -0.00301932 0.0808319 0.8 0.8 0.8
vn -0.979876 -0.174529 0.0968688
v 0.027965 -0.00283335 0.0810834 0.8 0.8 0.8
vn -0.97619 -0.162202 0.144029
v 0.0279659 -0.00257893 0.0813137 0.8 0.8 0.8
vn -0.971456 -0.146017 0.186953
v 0.0279667 -0.00226176 0.081518 0.8 0.8 0.8
vn -0.966198 -0.126582 0.224586
v 0.0279674 -0.00188892 0.0816918 0.8 0.8 0.8
vn -0.960955 -0.104552 0.256193
v 0.0279679 -0.00146852 0.0818311 0.8 0.8 0.8
vn -0.956233 -0.080578 0.281293
v 0.0279683 -0.00100936 0.081933 0.8 0.8 0.8
vn -0.952473 -0.0552837 0.299564
v 0.0279685 -0.000519864 0.0819951 0.8 0.8 0.8
vn -0.950149 -0.0291837 0.310428
v 0.0279686 -2.27837e-08 0.0820159 0.8 0.8 0.8
vn -0.948749 -0.00378049 0.316007
v 0.0279685 0.000519819 0.0819951 0.8 0.8 0.8
vn -0.948941 0.0214602 0.314722
v 0.0279683 0.00100932 0.081933 0.8 0.8 0.8
vn -0.951272 0.0476108 0.304656
v 0.0279679 0.00146848 0.0818311 0.8 0.8 0.8
vn -0.954768 0.073196 0.288202
v 0.0279674 0.00188887 0.0816918 0.8 0.8 0.8
vn -0.959293 0.0976553 0.264992
v 0.0279667 0.00226172 0.081518 0.8 0.8 0.8
vn -0.964466 0.12036 0.2352
v 0.0279659 0.00257888 0.0813137 0.8 0.8 0.8
vn -0.96981 0.140654 0.19921
v 0.027965 0.00283331 0.0810834 0.8 0.8 0.8
vn -0.974796 0.157854 0.157657
v 0.027964 0.00301927 0.0808319 0.8 0.8 0.8
vn -0.978897 0.171269 0.111481
v 0.027963 0.00313257 0.0805638 0.8 0.8 0.8
vn -0.981721 0.180014 0.0617929
v 0.0279619 0.00317062 0.080279 0.8 0.8 0.8
vn -0.982663 0.185008 0.0120908
v 0.0279608 0.00313257 0.0799942 0.8 0.8 0.8
vn -0.98199 0.185069 -0.038024
v 0.0279597 0.00301927 0.079726 0.8 0.8 0.8
vn -0.979735 0.178962 -0.0899587
v 0.0279587 0.00283331 0.0794745 0.8 0.8 0.8
vn -0.975716 0.168357 -0.140121
v 0.0279579 0.00257888 0.0792442 0.8 0.8 0.8
vn -0.970357 0.153259 -0.186866
v 0.0279571 0.00226172 0.0790399 0.8 0.8 0.8
vn -0.964208 0.134159 -0.228702
v 0.0279564 0.00188887 0.0788662 0.8 0.8 0.8
vn -0.957912 0.111704 -0.264439
v 0.0279558 0.00146848 0.0787268 0.8 0.8 0.8
vn -0.952125 0.0866225 -0.293181
v 0.0279554 0.00100932 0.0786249 0.8 0.8 0.8
vn -0.947456 0.0596787 -0.31427
v 0.0279552 0.000519819 0.0785629 0.8 0.8 0.8
vn -0.94457 0.0315554 -0.326791
v 0.0283167 -2.27837e-08 0.0783837 0.8 0.8 0.8
vn -0.161529 0.00476018 -0.986857
v 0.0283171 -0.000595686 0.0784077 0.8 0.8 0.8
vn -0.164216 -0.0761917 -0.983478
v 0.0283182 -0.00115658 0.078479 0.8 0.8 0.8
vn -0.177453 -0.163287 -0.970488
v 0.02832 -0.00168271 0.0785961 0.8 0.8 0.8
vn -0.199517 -0.255129 -0.946098
v 0.0283225 -0.00216442 0.0787563 0.8 0.8 0.8
vn -0.232012 -0.353278 -0.906292
v 0.0283256 -0.00259165 0.078956 0.8 0.8 0.8
vn -0.276222 -0.458086 -0.844902
v 0.0283293 -0.00295507 0.0791908 0.8 0.8 0.8
vn -0.332719 -0.567339 -0.753276
v 0.0283334 -0.00324661 0.0794555 0.8 0.8 0.8
vn -0.399741 -0.673676 -0.621585
v 0.028338 -0.0034597 0.0797446 0.8 0.8 0.8
vn -0.470952 -0.762312 -0.443942
v 0.0283428 -0.00358952 0.0800528 0.8 0.8 0.8
vn -0.53552 -0.813466 -0.226916
v 0.0283479 -0.00363313 0.0803802 0.8 0.8 0.8
vn -0.578072 -0.81598 -0.0032074
v 0.028353 -0.00358952 0.0807075 0.8 0.8 0.8
vn -0.599698 -0.772781 0.207776
v 0.0283578 -0.0034597 0.0810157 0.8 0.8 0.8
vn -0.604401 -0.692164 0.394472
v 0.0283623 -0.00324661 0.0813048 0.8 0.8 0.8
vn -0.595595 -0.595231 0.539413
v 0.0283665 -0.00295507 0.0815695 0.8 0.8 0.8
vn -0.580913 -0.495241 0.64597
v 0.0283701 -0.00259165 0.0818043 0.8 0.8 0.8
vn -0.565222 -0.399198 0.721918
v 0.0283733 -0.00216442 0.082004 0.8 0.8 0.8
vn -0.551081 -0.309456 0.77495
v 0.0283758 -0.00168271 0.0821642 0.8 0.8 0.8
vn -0.539627 -0.225991 0.811006
v 0.0283776 -0.00115658 0.0822813 0.8 0.8 0.8
vn -0.531302 -0.14781 0.834188
v 0.0283787 -0.000595686 0.0823526 0.8 0.8 0.8
vn -0.526499 -0.0734484 0.846997
v 0.0283791 -2.27837e-08 0.0823766 0.8 0.8 0.8
vn -0.523914 -0.00405138 0.851761
v 0.0283787 0.000595641 0.0823526 0.8 0.8 0.8
vn -0.524712 0.0648853 0.848804
v 0.0283776 0.00115654 0.0822813 0.8 0.8 0.8
vn -0.529913 0.138823 0.836613
v 0.0283758 0.00168267 0.0821642 0.8 0.8 0.8
vn -0.537987 0.216464 0.814686
v 0.0283733 0.00216438 0.082004 0.8 0.8 0.8
vn -0.54913 0.299256 0.780322
v 0.0283701 0.0025916 0.0818043 0.8 0.8 0.8
vn -0.563016 0.388246 0.729574
v 0.0283665 0.00295503 0.0815695 0.8 0.8 0.8
vn -0.578656 0.483622 0.656709
v 0.0283623 0.00324657 0.0813048 0.8 0.8 0.8
vn -0.593742 0.583398 0.554181
v 0.0283578 0.00345966 0.0810157 0.8 0.8 0.8
vn -0.603812 0.681182 0.414008
v 0.028353 0.00358948 0.0807075 0.8 0.8 0.8
vn -0.602325 0.763883 0.231703
v 0.0283479 0.00363308 0.0803802 0.8 0.8 0.8
vn -0.581015 0.813574 0.0227739
v 0.0283428 0.00358948 0.0800528 0.8 0.8 0.8
vn -0.538833 0.818318 -0.200036
v 0.028338 0.00345966 0.0797446 0.8 0.8 0.8
vn -0.47749 0.771627 -0.420231
v 0.0283334 0.00324657 0.0794555 0.8 0.8 0.8
vn -0.406907 0.686022 -0.603159
v 0.0283293 0.00295503 0.0791908 0.8 0.8 0.8
vn -0.339276 0.580654 -0.74009
v 0.0283256 0.0025916 0.078956 0.8 0.8 0.8
vn -0.281669 0.471109 -0.835894
v 0.0283225 0.00216438 0.0787563 0.8 0.8 0.8
vn -0.236302 0.365516 -0.900311
v 0.02832 0.00168267 0.0785961 0.8 0.8 0.8
vn -0.202805 0.266523 -0.94225
v 0.0283182 0.00115654 0.078479 0.8 0.8 0.8
vn -0.180022 0.173964 -0.968157
v 0.0283171 0.000595641 0.0784077 0.8 0.8 0.8
vn -0.16724 0.086319 -0.98213
v 0.0289301 -2.27837e-08 0.0783757 0.8 0.8 0.8
vn 0.0508023 0.00332327 -0.998703
v 0.028931 -0.000643323 0.0784017 0.8 0.8 0.8
vn 0.0489406 -0.0787716 -0.995691
v 0.0289338 -0.00124908 0.0784791 0.8 0.8 0.8
vn 0.0416631 -0.167533 -0.984986
v 0.0289383 -0.00181728 0.0786062 0.8 0.8 0.8
vn 0.0290084 -0.262177 -0.964584
v 0.0289445 -0.00233752 0.0787801 0.8 0.8 0.8
vn 0.00968598 -0.365296 -0.930841
v 0.0289522 -0.00279891 0.0789968 0.8 0.8 0.8
vn -0.0180065 -0.478895 -0.877687
v 0.0289612 -0.0031914 0.0792516 0.8 0.8 0.8
vn -0.0561641 -0.603189 -0.795618
v 0.0289714 -0.00350625 0.0795389 0.8 0.8 0.8
vn -0.106521 -0.733307 -0.671501
v 0.0289826 -0.00373638 0.0798527 0.8 0.8 0.8
vn -0.16835 -0.85398 -0.492317
v 0.0289944 -0.00387659 0.0801872 0.8 0.8 0.8
vn -0.235644 -0.937346 -0.25662
v 0.029007 -0.00392368 0.0805424 0.8 0.8 0.8
vn -0.293245 -0.956037 0.000612084
v 0.0290197 -0.00387659 0.0808977 0.8 0.8 0.8
vn -0.33574 -0.908557 0.248601
v 0.0290315 -0.00373638 0.0812322 0.8 0.8 0.8
vn -0.362196 -0.808052 0.464614
v 0.0290427 -0.00350625 0.081546 0.8 0.8 0.8
vn -0.373261 -0.685492 0.625122
v 0.0290529 -0.0031914 0.0818332 0.8 0.8 0.8
vn -0.375432 -0.56205 0.736988
v 0.0290619 -0.00279891 0.082088 0.8 0.8 0.8
vn -0.373469 -0.447175 0.812746
v 0.0290696 -0.00233752 0.0823048 0.8 0.8 0.8
vn -0.370106 -0.342931 0.863377
v 0.0290758 -0.00181728 0.0824787 0.8 0.8 0.8
vn -0.366727 -0.248241 0.896598
v 0.0290803 -0.00124908 0.0826057 0.8 0.8 0.8
vn -0.363995 -0.161075 0.917367
v 0.0290831 -0.000643323 0.0826832 0.8 0.8 0.8
vn -0.362348 -0.0791097 0.92868
v 0.029084 -2.27837e-08 0.0827092 0.8 0.8 0.8
vn -0.361302 -0.00306136 0.932444
v 0.0290831 0.000643278 0.0826832 0.8 0.8 0.8
vn -0.361518 0.0725919 0.929535
v 0.0290803 0.00124903 0.0826057 0.8 0.8 0.8
vn -0.363385 0.154188 0.918791
v 0.0290758 0.00181724 0.0824787 0.8 0.8 0.8
vn -0.366037 0.240843 0.898895
v 0.0290696 0.00233747 0.0823048 0.8 0.8 0.8
vn -0.369327 0.334857 0.866873
v 0.0290619 0.00279886 0.082088 0.8 0.8 0.8
vn -0.372657 0.438289 0.817942
v 0.0290529 0.00319135 0.0818332 0.8 0.8 0.8
vn -0.374741 0.552352 0.744631
v 0.0290427 0.00350621 0.081546 0.8 0.8 0.8
vn -0.373003 0.675365 0.6362
v 0.0290315 0.00373634 0.0812322 0.8 0.8 0.8
vn -0.362915 0.798663 0.480031
v 0.0290197 0.00387654 0.0808977 0.8 0.8 0.8
vn -0.338478 0.901949 0.26818
v 0.029007 0.00392363 0.0805424 0.8 0.8 0.8
vn -0.29622 0.954876 0.0215894
v 0.0289944 0.00387654 0.0801872 0.8 0.8 0.8
vn -0.238708 0.942091 -0.235547
v 0.0289826 0.00373634 0.0798527 0.8 0.8 0.8
vn -0.172317 0.862925 -0.475045
v 0.0289714 0.00350621 0.0795389 0.8 0.8 0.8
vn -0.110065 0.744012 -0.659038
v 0.0289612 0.00319135 0.0792516 0.8 0.8 0.8
vn -0.0589498 0.613854 -0.787215
v 0.0289522 0.00279886 0.0789968 0.8 0.8 0.8
vn -0.0200711 0.488769 -0.872182
v 0.0289445 0.00233747 0.0787801 0.8 0.8 0.8
vn 0.00819486 0.374248 -0.927292
v 0.0289383 0.00181724 0.0786062 0.8 0.8 0.8
vn 0.0279403 0.270329 -0.962362
v 0.0289338 0.00124903 0.0784791 0.8 0.8 0.8
vn 0.0408774 0.175073 -0.983707
v 0.028931 0.000643278 0.0784017 0.8 0.8 0.8
vn 0.0480796 0.0858798 -0.995145
v 0.0298188 -2.27837e-08 0.0784584 0.8 0.8 0.8
vn 0.105665 0.00263392 -0.994398
v 0.0298205 -0.000677428 0.078486 0.8 0.8 0.8
vn 0.104307 -0.0792636 -0.991381
v 0.0298258 -0.00131529 0.078568 0.8 0.8 0.8
vn 0.0996677 -0.167826 -0.980765
v 0.0298344 -0.00191363 0.0787027 0.8 0.8 0.8
vn 0.0914169 -0.262335 -0.960637
v 0.0298462 -0.00246144 0.078887 0.8 0.8 0.8
vn 0.0786322 -0.365492 -0.927487
v 0.029861 -0.00294729 0.0791167 0.8 0.8 0.8
vn 0.0599385 -0.479565 -0.875457
v 0.0298783 -0.00336059 0.0793867 0.8 0.8 0.8
vn 0.0334392 -0.605334 -0.795269
v 0.0298978 -0.00369213 0.0796912 0.8 0.8 0.8
vn -0.00297556 -0.738953 -0.673751
v 0.0299192 -0.00393446 0.0800237 0.8 0.8 0.8
vn -0.0503249 -0.866378 -0.496847
v 0.0299419 -0.0040821 0.0803782 0.8 0.8 0.8
vn -0.106024 -0.959633 -0.260505
v 0.0299661 -0.00413169 0.0807547 0.8 0.8 0.8
vn -0.159217 -0.987241 0.00227423
v 0.0299902 -0.0040821 0.0811312 0.8 0.8 0.8
vn -0.203844 -0.943963 0.259579
v 0.0300129 -0.00393446 0.0814857 0.8 0.8 0.8
vn -0.236685 -0.841888 0.48498
v 0.0300343 -0.00369213 0.0818183 0.8 0.8 0.8
vn -0.255898 -0.713979 0.651728
v 0.0300538 -0.00336059 0.0821227 0.8 0.8 0.8
vn -0.265841 -0.584356 0.766718
v 0.0300711 -0.00294729 0.0823927 0.8 0.8 0.8
vn -0.270431 -0.463887 0.843609
v 0.0300859 -0.00246144 0.0826224 0.8 0.8 0.8
vn -0.272226 -0.354966 0.894367
v 0.0300977 -0.00191363 0.0828067 0.8 0.8 0.8
vn -0.272678 -0.256411 0.927308
v 0.0301063 -0.00131529 0.0829414 0.8 0.8 0.8
vn -0.272576 -0.165979 0.94771
v 0.0301116 -0.000677428 0.0830234 0.8 0.8 0.8
vn -0.272425 -0.0811338 0.95875
v 0.0301133 -2.27837e-08 0.083051 0.8 0.8 0.8
vn -0.272007 -0.00251668 0.962292
v 0.0301116 0.000677382 0.0830234 0.8 0.8 0.8
vn -0.27184 0.0757679 0.959355
v 0.0301063 0.00131525 0.0829414 0.8 0.8 0.8
vn -0.27212 0.160304 0.948817
v 0.0300977 0.00191358 0.0828067 0.8 0.8 0.8
vn -0.272152 0.250305 0.929129
v 0.0300859 0.00246139 0.0826224 0.8 0.8 0.8
vn -0.271629 0.348288 0.89717
v 0.0300711 0.00294724 0.0823927 0.8 0.8 0.8
vn -0.26981 0.45652 0.847816
v 0.0300538 0.00336054 0.0821227 0.8 0.8 0.8
vn -0.265309 0.576308 0.772969
v 0.0300343 0.00369209 0.0818183 0.8 0.8 0.8
vn -0.255665 0.705607 0.660874
v 0.0300129 0.00393442 0.0814857 0.8 0.8 0.8
vn -0.237083 0.834268 0.497784
v 0.0299902 0.00408205 0.0811312 0.8 0.8 0.8
vn -0.205399 0.939006 0.275825
v 0.0299661 0.00413164 0.0807547 0.8 0.8 0.8
vn -0.160875 0.986784 0.0194117
v 0.0299419 0.00408205 0.0803782 0.8 0.8 0.8
vn -0.107661 0.963891 -0.243564
v 0.0299192 0.00393442 0.0800237 0.8 0.8 0.8
vn -0.0521688 0.873944 -0.483218
v 0.0298978 0.00369209 0.0796912 0.8 0.8 0.8
vn -0.00444428 0.747703 -0.664019
v 0.0298783 0.00336054 0.0793867 0.8 0.8 0.8
vn 0.0324079 0.613896 -0.788722
v 0.029861 0.00294724 0.0791167 0.8 0.8 0.8
vn 0.0592556 0.487424 -0.871152
v 0.0298462 0.00246139 0.078887 0.8 0.8 0.8
vn 0.0781912 0.372592 -0.924695
v 0.0298344 0.00191358 0.0787027 0.8 0.8 0.8
vn 0.0911334 0.268793 -0.958877
v 0.0298258 0.00131525 0.078568 0.8 0.8 0.8
vn 0.0994792 0.173798 -0.979744
v 0.0298205 0.000677382 0.078486 0.8 0.8 0.8
vn 0.104119 0.0848953 -0.990935
v 0.0310236 -2.27837e-08 0.0785977 0.8 0.8 0.8
vn 0.10538 0.00231984 -0.994429
v 0.0310266 -0.000702936 0.0786265 0.8 0.8 0.8
vn 0.104333 -0.0798581 -0.991331
v 0.0310354 -0.00136482 0.0787123 0.8 0.8 0.8
vn 0.101206 -0.16868 -0.980461
v 0.0310498 -0.00198568 0.0788531 0.8 0.8 0.8
vn 0.09555 -0.26339 -0.959946
v 0.0310696 -0.00255412 0.0790457 0.8 0.8 0.8
vn 0.0867252 -0.366648 -0.926309
v 0.0310942 -0.00305827 0.0792858 0.8 0.8 0.8
vn 0.0737033 -0.480695 -0.873785
v 0.0311232 -0.00348713 0.079568 0.8 0.8 0.8
vn 0.055012 -0.606353 -0.79329
v 0.0311559 -0.00383116 0.0798863 0.8 0.8 0.8
vn 0.0288792 -0.740033 -0.671951
v 0.0311916 -0.00408262 0.0802339 0.8 0.8 0.8
vn -0.00593706 -0.868353 -0.495912
v 0.0312296 -0.00423581 0.0806044 0.8 0.8 0.8
vn -0.0483022 -0.964235 -0.26061
v 0.03127 -0.00428727 0.0809979 0.8 0.8 0.8
vn -0.0907867 -0.995868 0.00237654
v 0.0313104 -0.00423581 0.0813915 0.8 0.8 0.8
vn -0.128547 -0.956421 0.262173
v 0.0313484 -0.00408262 0.081762 0.8 0.8 0.8
vn -0.158285 -0.856295 0.491636
v 0.0313841 -0.00383116 0.0821096 0.8 0.8 0.8
vn -0.177415 -0.727962 0.662265
v 0.0314167 -0.00348713 0.0824278 0.8 0.8 0.8
vn -0.188663 -0.596533 0.7801
v 0.0314457 -0.00305827 0.0827101 0.8 0.8 0.8
vn -0.194938 -0.47377 0.858802
v 0.0314703 -0.00255412 0.0829502 0.8 0.8 0.8
vn -0.198318 -0.362532 0.910626
v 0.0314901 -0.00198568 0.0831428 0.8 0.8 0.8
vn -0.200063 -0.261798 0.944159
v 0.0315046 -0.00136482 0.0832836 0.8 0.8 0.8
vn -0.200898 -0.169349 0.964863
v 0.0315134 -0.000702936 0.0833693 0.8 0.8 0.8
vn -0.201304 -0.0826141 0.976039
v 0.0315163 -2.27837e-08 0.0833981 0.8 0.8 0.8
vn -0.201087 -0.00225892 0.979571
v 0.0315134 0.00070289 0.0833693 0.8 0.8 0.8
vn -0.20072 0.0777983 0.976555
v 0.0315046 0.00136478 0.0832836 0.8 0.8 0.8
vn -0.200381 0.16426 0.96585
v 0.0314901 0.00198564 0.0831428 0.8 0.8 0.8
vn -0.199427 0.25633 0.945793
v 0.0314703 0.00255408 0.0829502 0.8 0.8 0.8
vn -0.197552 0.356563 0.913146
v 0.0314457 0.00305823 0.0827101 0.8 0.8 0.8
vn -0.194072 0.467207 0.862585
v 0.0314167 0.00348709 0.0824278 0.8 0.8 0.8
vn -0.187769 0.5894 0.785717
v 0.0313841 0.00383112 0.0821096 0.8 0.8 0.8
vn -0.176634 0.72061 0.670464
v 0.0313484 0.00408257 0.081762 0.8 0.8 0.8
vn -0.15783 0.849718 0.503059
v 0.0313104 0.00423577 0.0813915 0.8 0.8 0.8
vn -0.128742 0.952336 0.276554
v 0.03127 0.00428722 0.0809979 0.8 0.8 0.8
vn -0.0910143 0.995698 0.0173756
v 0.0312296 0.00423577 0.0806044 0.8 0.8 0.8
vn -0.0485106 0.968086 -0.24588
v 0.0311916 0.00408257 0.0802339 0.8 0.8 0.8
vn -0.00623993 0.875 -0.484083
v 0.0311559 0.00383112 0.0798863 0.8 0.8 0.8
vn 0.0287386 0.747651 -0.66347
v 0.0311232 0.00348709 0.079568 0.8 0.8 0.8
vn 0.0550297 0.613799 -0.787542
v 0.0310942 0.00305823 0.0792858 0.8 0.8 0.8
vn 0.073816 0.487544 -0.869972
v 0.0310696 0.00255408 0.0790457 0.8 0.8 0.8
vn 0.0868751 0.372854 -0.923814
v 0.0310498 0.00198564 0.0788531 0.8 0.8 0.8
vn 0.0956995 0.269052 -0.958359
v 0.0310354 0.00136478 0.0787123 0.8 0.8 0.8
vn 0.101337 0.173928 -0.97953
v 0.0310266 0.00070289 0.0786265 0.8 0.8 0.8
vn 0.10448 0.084813 -0.990904
v 0.0326147 -2.27837e-08 0.0787549 0.8 0.8 0.8
vn 0.072238 0.00226168 -0.997385
v 0.0326192 -0.000722121 0.0787847 0.8 0.8 0.8
vn 0.0714289 -0.0807325 -0.994173
v 0.0326328 -0.00140207 0.0788735 0.8 0.8 0.8
vn 0.0694917 -0.170372 -0.982926
v 0.0326551 -0.00203988 0.0790191 0.8 0.8 0.8
vn 0.0659264 -0.265815 -0.961767
v 0.0326856 -0.00262383 0.0792184 0.8 0.8 0.8
vn 0.0603719 -0.369631 -0.927215
v 0.0327236 -0.00314174 0.0794668 0.8 0.8 0.8
vn 0.0521864 -0.48393 -0.873549
v 0.0327683 -0.00358231 0.0797588 0.8 0.8 0.8
vn 0.0404459 -0.609369 -0.791854
v 0.0328187 -0.00393573 0.0800881 0.8 0.8 0.8
vn 0.024031 -0.74228 -0.669659
v 0.0328738 -0.00419405 0.0804478 0.8 0.8 0.8
vn 0.00212127 -0.869598 -0.493756
v 0.0329325 -0.00435142 0.0808312 0.8 0.8 0.8
vn -0.0246922 -0.965313 -0.259926
v 0.0329948 -0.00440428 0.0812383 0.8 0.8 0.8
vn -0.0519469 -0.998649 0.00128404
v 0.0330571 -0.00435142 0.0816455 0.8 0.8 0.8
vn -0.0766947 -0.962361 0.260728
v 0.0331158 -0.00419405 0.0820289 0.8 0.8 0.8
vn -0.0967176 -0.865221 0.491974
v 0.0331708 -0.00393573 0.0823885 0.8 0.8 0.8
vn -0.110015 -0.738204 0.665546
v 0.0332212 -0.00358231 0.0827178 0.8 0.8 0.8
vn -0.118107 -0.606501 0.786261
v 0.0332659 -0.00314174 0.0830098 0.8 0.8 0.8
vn -0.122792 -0.482513 0.867239
v 0.033304 -0.00262383 0.0832583 0.8 0.8 0.8
vn -0.125422 -0.369613 0.920682
v 0.0333345 -0.00203988 0.0834575 0.8 0.8 0.8
vn -0.126844 -0.267073 0.955292
v 0.0333568 -0.00140207 0.0836032 0.8 0.8 0.8
vn -0.127559 -0.172802 0.976662
v 0.0333704 -0.000722121 0.0836919 0.8 0.8 0.8
vn -0.127942 -0.084274 0.988195
v 0.0333749 -2.27837e-08 0.0837217 0.8 0.8 0.8
vn -0.127676 -0.00222683 0.991813
v 0.0333704 0.000722075 0.0836919 0.8 0.8 0.8
vn -0.127229 0.07953 0.98868
v 0.0333568 0.00140203 0.0836032 0.8 0.8 0.8
vn -0.126858 0.167796 0.977625
v 0.0333345 0.00203983 0.0834575 0.8 0.8 0.8
vn -0.125935 0.261708 0.956896
v 0.033304 0.00262379 0.0832583 0.8 0.8 0.8
vn -0.124279 0.363782 0.923156
v 0.0332659 0.0031417 0.0830098 0.8 0.8 0.8
vn -0.121419 0.476136 0.870949
v 0.0332212 0.00358226 0.0827178 0.8 0.8 0.8
vn -0.116539 0.599626 0.79175
v 0.0331708 0.00393568 0.0823885 0.8 0.8 0.8
vn -0.108336 0.731196 0.67351
v 0.0331158 0.004194 0.0820289 0.8 0.8 0.8
vn -0.0950747 0.859055 0.502977
v 0.0330571 0.00435138 0.0816455 0.8 0.8 0.8
vn -0.0753472 0.958645 0.27445
v 0.0329948 0.00440424 0.0812383 0.8 0.8 0.8
vn -0.0505986 0.998599 0.0154721
v 0.0329325 0.00435138 0.0808312 0.8 0.8 0.8
vn -0.0233695 0.968984 -0.246014
v 0.0328738 0.004194 0.0804478 0.8 0.8 0.8
vn 0.00326434 0.875874 -0.48253
v 0.0328187 0.00393568 0.0800881 0.8 0.8 0.8
vn 0.0250755 0.749491 -0.661539
v 0.0327683 0.00358226 0.0797588 0.8 0.8 0.8
vn 0.0413803 0.616462 -0.786296
v 0.0327236 0.0031417 0.0794668 0.8 0.8 0.8
vn 0.0529894 0.490497 -0.869831
v 0.0326856 0.00262379 0.0792184 0.8 0.8 0.8
vn 0.0610334 0.375617 -0.924763
v 0.0326551 0.00203983 0.0790191 0.8 0.8 0.8
vn 0.0664489 0.2713 -0.960198
v 0.0326328 0.00140203 0.0788735 0.8 0.8 0.8
vn 0.0698944 0.175473 -0.982
v 0.0326192 0.000722075 0.0787847 0.8 0.8 0.8
vn 0.0718439 0.0855573 -0.99374
v 0.0347183 -2.27837e-08 0.0788659 0.8 0.8 0.8
vn 0.00685988 0.00249828 -0.999973
v 0.034725 -0.000736197 0.0788965 0.8 0.8 0.8
vn 0.00627792 -0.0819238 -0.996619
v 0.0347449 -0.0014294 0.0789874 0.8 0.8 0.8
vn 0.00559407 -0.173019 -0.984903
v 0.0347777 -0.00207964 0.0791367 0.8 0.8 0.8
vn 0.00426735 -0.269804 -0.962906
v 0.0348226 -0.00267498 0.0793409 0.8 0.8 0.8
vn 0.00228074 -0.374721 -0.927135
v 0.0348785 -0.00320299 0.0795954 0.8 0.8 0.8
vn -0.000517492 -0.489659 -0.871914
v 0.0349442 -0.00365214 0.0798947 0.8 0.8 0.8
vn -0.00432558 -0.614969 -0.788539
v 0.0350183 -0.00401245 0.0802321 0.8 0.8 0.8
vn -0.00932315 -0.746686 -0.665112
v 0.0350993 -0.0042758 0.0806006 0.8 0.8 0.8
vn -0.0154979 -0.871892 -0.489453
v 0.0351856 -0.00443625 0.0809935 0.8 0.8 0.8
vn -0.0223795 -0.965824 -0.258232
v 0.0352772 -0.00449014 0.0814107 0.8 0.8 0.8
vn -0.028596 -0.999591 -0.00097968
v 0.0353689 -0.00443625 0.0818279 0.8 0.8 0.8
vn -0.0335931 -0.966239 0.255449
v 0.0354551 -0.0042758 0.0822208 0.8 0.8 0.8
vn -0.03701 -0.872921 0.486456
v 0.0355361 -0.00401245 0.0825893 0.8 0.8 0.8
vn -0.0386303 -0.748374 0.662152
v 0.0356102 -0.00365214 0.0829267 0.8 0.8 0.8
vn -0.0391044 -0.61726 0.785787
v 0.0356759 -0.00320299 0.083226 0.8 0.8 0.8
vn -0.0389821 -0.492475 0.869453
v 0.0357318 -0.00267498 0.0834805 0.8 0.8 0.8
vn -0.0386109 -0.378004 0.924998
v 0.0357767 -0.00207964 0.0836847 0.8 0.8 0.8
vn -0.0381801 -0.273528 0.961106
v 0.0358095 -0.0014294 0.083834 0.8 0.8 0.8
vn -0.037794 -0.177183 0.983452
v 0.0358295 -0.000736197 0.0839249 0.8 0.8 0.8
vn -0.0376179 -0.0865481 0.995537
v 0.0358362 -2.27837e-08 0.0839555 0.8 0.8 0.8
vn -0.0370714 -0.00247711 0.99931
v 0.0358295 0.000736152 0.0839249 0.8 0.8 0.8
vn -0.0366371 0.0812753 0.996018
v 0.0358095 0.00142936 0.083834 0.8 0.8 0.8
vn -0.0367536 0.171631 0.984476
v 0.0357767 0.0020796 0.0836847 0.8 0.8 0.8
vn -0.0367856 0.267598 0.962828
v 0.0357318 0.00267494 0.0834805 0.8 0.8 0.8
vn -0.0368061 0.371591 0.927667
v 0.0356759 0.00320294 0.083226 0.8 0.8 0.8
vn -0.036736 0.485514 0.873457
v 0.0356102 0.00365209 0.0829267 0.8 0.8 0.8
vn -0.0364056 0.609829 0.791697
v 0.0355361 0.0040124 0.0825893 0.8 0.8 0.8
vn -0.0355066 0.740899 0.670677
v 0.0354551 0.00427576 0.0822208 0.8 0.8 0.8
vn -0.0335682 0.866455 0.498126
v 0.0353689 0.0044362 0.0818279 0.8 0.8 0.8
vn -0.0301159 0.962427 0.269865
v 0.0352772 0.00449009 0.0814107 0.8 0.8 0.8
vn -0.0251044 0.999589 0.013816
v 0.0351856 0.0044362 0.0809935 0.8 0.8 0.8
vn -0.0189846 0.969666 -0.243697
v 0.0350993 0.00427576 0.0806006 0.8 0.8 0.8
vn -0.0125005 0.878474 -0.477627
v 0.0350183 0.0040124 0.0802321 0.8 0.8 0.8
vn -0.00677934 0.754326 -0.656465
v 0.0349442 0.00365209 0.0798947 0.8 0.8 0.8
vn -0.00223293 0.622569 -0.782562
v 0.0348785 0.00320294 0.0795954 0.8 0.8 0.8
vn 0.00116065 0.496764 -0.867885
v 0.0348226 0.00267494 0.0793409 0.8 0.8 0.8
vn 0.00359251 0.381247 -0.924466
v 0.0347777 0.0020796 0.0791367 0.8 0.8 0.8
vn 0.00526361 0.27582 -0.961195
v 0.0347449 0.00142936 0.0789874 0.8 0.8 0.8
vn 0.00633712 0.178635 -0.983895
v 0.034725 0.000736152 0.0788965 0.8 0.8 0.8
vn 0.00701299 0.0872469 -0.996162
v 0.0375959 -2.27837e-08 0.0787901 0.8 0.8 0.8
vn -0.10945 0.00336439 -0.993987
v 0.0376056 -0.000745863 0.078821 0.8 0.8 0.8
vn -0.109767 -0.0833837 -0.990454
v 0.0376343 -0.00144817 0.078913 0.8 0.8 0.8
vn -0.108691 -0.176863 -0.978216
v 0.0376814 -0.00210695 0.079064 0.8 0.8 0.8
vn -0.106845 -0.27586 -0.955241
v 0.037746 -0.0027101 0.0792706 0.8 0.8 0.8
vn -0.103729 -0.382613 -0.918067
v 0.0378264 -0.00324504 0.0795282 0.8 0.8 0.8
vn -0.0987705 -0.498678 -0.861142
v 0.0379209 -0.00370009 0.0798309 0.8 0.8 0.8
vn -0.091108 -0.623919 -0.77616
v 0.0380275 -0.00406513 0.0801723 0.8 0.8 0.8
vn -0.0795603 -0.753887 -0.652169
v 0.0381439 -0.00433194 0.0805452 0.8 0.8 0.8
vn -0.0628861 -0.875775 -0.478606
v 0.038268 -0.0044945 0.0809426 0.8 0.8 0.8
vn -0.0405984 -0.966474 -0.253536
v 0.0383998 -0.00454909 0.0813648 0.8 0.8 0.8
vn -0.0152512 -0.999872 -0.00492865
v 0.0385316 -0.0044945 0.0817869 0.8 0.8 0.8
vn 0.0106218 -0.969845 0.243491
v 0.0386557 -0.00433194 0.0821844 0.8 0.8 0.8
vn 0.0348022 -0.881747 0.470438
v 0.0387721 -0.00406513 0.0825573 0.8 0.8 0.8
vn 0.0541002 -0.761138 0.64633
v 0.0388787 -0.00370009 0.0828986 0.8 0.8 0.8
vn 0.0683193 -0.631507 0.772355
v 0.0389733 -0.00324504 0.0832014 0.8 0.8 0.8
vn 0.0783628 -0.506156 0.858874
v 0.0390537 -0.0027101 0.083459 0.8 0.8 0.8
vn 0.0853057 -0.389855 0.916916
v 0.0391182 -0.00210695 0.0836656 0.8 0.8 0.8
vn 0.0900051 -0.282889 0.95492
v 0.0391653 -0.00144817 0.0838166 0.8 0.8 0.8
vn 0.0930393 -0.183759 0.978558
v 0.0391941 -0.000745863 0.0839086 0.8 0.8 0.8
vn 0.0946129 -0.090235 0.991416
v 0.0392037 -2.27837e-08 0.0839395 0.8 0.8 0.8
vn 0.0958333 -0.00335113 0.995392
v 0.0391941 0.000745818 0.0839086 0.8 0.8 0.8
vn 0.0961597 0.0831051 0.991891
v 0.0391653 0.00144813 0.0838166 0.8 0.8 0.8
vn 0.094792 0.176265 0.979768
v 0.0391182 0.0021069 0.0836656 0.8 0.8 0.8
vn 0.0924202 0.274915 0.957016
v 0.0390537 0.00271006 0.083459 0.8 0.8 0.8
vn 0.0885038 0.381281 0.920213
v 0.0389733 0.003245 0.0832014 0.8 0.8 0.8
vn 0.0824482 0.49693 0.863865
v 0.0388787 0.00370005 0.0828986 0.8 0.8 0.8
vn 0.0733939 0.621777 0.779748
v 0.0387721 0.00406508 0.0825573 0.8 0.8 0.8
vn 0.0602282 0.751511 0.656966
v 0.0386557 0.0043319 0.0821844 0.8 0.8 0.8
vn 0.0419079 0.873578 0.484877
v 0.0385316 0.00449445 0.0817869 0.8 0.8 0.8
vn 0.0182769 0.965122 0.261164
v 0.0383998 0.00454905 0.0813648 0.8 0.8 0.8
vn -0.00757967 0.999886 0.0130898
v 0.038268 0.00449445 0.0809426 0.8 0.8 0.8
vn -0.0331369 0.971248 -0.235751
v 0.0381439 0.0043319 0.0805452 0.8 0.8 0.8
vn -0.0563186 0.884051 -0.463985
v 0.0380275 0.00406508 0.0801723 0.8 0.8 0.8
vn -0.0741382 0.763656 -0.641353
v 0.0379209 0.00370005 0.0798309 0.8 0.8 0.8
vn -0.0867937 0.63379 -0.76862
v 0.0378264 0.003245 0.0795282 0.8 0.8 0.8
vn -0.0954171 0.508025 -0.856041
v 0.037746 0.00271006 0.0792706 0.8 0.8 0.8
vn -0.101178 0.39128 -0.914693
v 0.0376814 0.0021069 0.079064 0.8 0.8 0.8
vn -0.104953 0.283901 -0.953092
v 0.0376343 0.00144813 0.078913 0.8 0.8 0.8
vn -0.107316 0.184402 -0.976974
v 0.0376056 0.000745818 0.078821 0.8 0.8 0.8
vn -0.108474 0.0905467 -0.989967
v 0.0419694 -2.27837e-08 0.0780691 0.8 0.8 0.8
vn -0.747947 0.00955708 -0.663689
v 0.0419834 -0.000751522 0.0780996 0.8 0.8 0.8
vn -0.747087 -0.073308 -0.660672
v 0.0420254 -0.00145916 0.0781902 0.8 0.8 0.8
vn -0.739135 -0.162758 -0.653597
v 0.0420942 -0.00212293 0.0783389 0.8 0.8 0.8
vn -0.724256 -0.257666 -0.639579
v 0.0421884 -0.00273067 0.0785424 0.8 0.8 0.8
vn -0.699742 -0.360481 -0.616777
v 0.0423058 -0.00326966 0.0787961 0.8 0.8 0.8
vn -0.661592 -0.47325 -0.581663
v 0.0424438 -0.00372817 0.0790943 0.8 0.8 0.8
vn -0.603594 -0.596767 -0.528719
v 0.0425994 -0.00409597 0.0794306 0.8 0.8 0.8
vn -0.516977 -0.728053 -0.450194
v 0.0427694 -0.00436481 0.0797978 0.8 0.8 0.8
vn -0.392003 -0.855785 -0.337587
v 0.0429506 -0.0045286 0.0801893 0.8 0.8 0.8
vn -0.224034 -0.956442 -0.187157
v 0.043143 -0.00458361 0.0806051 0.8 0.8 0.8
vn -0.0316536 -0.999375 -0.0157148
v 0.0433354 -0.0045286 0.0810209 0.8 0.8 0.8
vn 0.162636 -0.974118 0.156985
v 0.0435166 -0.00436481 0.0814124 0.8 0.8 0.8
vn 0.341376 -0.885496 0.315213
v 0.0436866 -0.00409597 0.0817797 0.8 0.8 0.8
vn 0.479054 -0.761697 0.436263
v 0.0438422 -0.00372817 0.0821159 0.8 0.8 0.8
vn 0.576397 -0.629334 0.521253
v 0.0439802 -0.00326966 0.0824141 0.8 0.8 0.8
vn 0.642355 -0.502871 0.578361
v 0.0440976 -0.00273067 0.0826678 0.8 0.8 0.8
vn 0.686205 -0.386986 0.615926
v 0.0441918 -0.00212293 0.0828713 0.8 0.8 0.8
vn 0.714839 -0.281544 0.640107
v 0.0442606 -0.00145916 0.08302 0.8 0.8 0.8
vn 0.732758 -0.184661 0.654956
v 0.0443025 -0.000751522 0.0831107 0.8 0.8 0.8
vn 0.742455 -0.0938612 0.663287
v 0.0443166 -2.27837e-08 0.0831411 0.8 0.8 0.8
vn 0.747015 -0.00954971 0.664739
v 0.0443025 0.000751477 0.0831107 0.8 0.8 0.8
vn 0.746299 0.0733111 0.661561
v 0.0442606 0.00145911 0.08302 0.8 0.8 0.8
vn 0.738456 0.162743 0.654368
v 0.0441918 0.00212289 0.0828713 0.8 0.8 0.8
vn 0.723657 0.257619 0.640276
v 0.0440976 0.00273062 0.0826678 0.8 0.8 0.8
vn 0.699185 0.360397 0.617458
v 0.0439802 0.00326962 0.0824141 0.8 0.8 0.8
vn 0.661027 0.473131 0.582401
v 0.0438422 0.00372812 0.0821159 0.8 0.8 0.8
vn 0.602954 0.596632 0.529601
v 0.0436866 0.00409593 0.0817797 0.8 0.8 0.8
vn 0.516172 0.727935 0.451306
v 0.0435166 0.00436477 0.0814124 0.8 0.8 0.8
vn 0.390916 0.855728 0.338991
v 0.0433354 0.00452855 0.0810209 0.8 0.8 0.8
vn 0.222541 0.956455 0.188863
v 0.043143 0.00458356 0.0806051 0.8 0.8 0.8
vn 0.0297268 0.999403 0.0176254
v 0.0429506 0.00452855 0.0801893 0.8 0.8 0.8
vn -0.164849 0.974078 -0.154906
v 0.0427694 0.00436477 0.0797978 0.8 0.8 0.8
vn -0.343737 0.885345 -0.313063
v 0.0425994 0.00409593 0.0794306 0.8 0.8 0.8
vn -0.48135 0.761478 -0.434112
v 0.0424438 0.00372812 0.0790943 0.8 0.8 0.8
vn -0.578518 0.62911 -0.519169
v 0.0423058 0.00326962 0.0787961 0.8 0.8 0.8
vn -0.64426 0.502685 -0.5764
v 0.0421884 0.00273062 0.0785424 0.8 0.8 0.8
vn -0.68789 0.386855 -0.614126
v 0.0420942 0.00212289 0.0783389 0.8 0.8 0.8
vn -0.716314 0.281468 -0.638491
v 0.0420254 0.00145911 0.0781902 0.8 0.8 0.8
vn -0.734036 0.184628 -0.653532
v 0.0419834 0.000751477 0.0780996 0.8 0.8 0.8
vn -0.743558 0.0938576 -0.662051
v 0.0580377 -2.27837e-08 0.0557671 0.8 0.8 0.8
vn -1 6.34433e-06 5.61774e-17
v 0.0580679 -0.000753386 0.0557754 0.8 0.8 0.8
vn -0.996643 -0.0816744 0.00560012
v 0.0581578 -0.00146278 0.0557999 0.8 0.8 0.8
vn -0.985446 -0.169901 0.00553671
v 0.0583052 -0.0021282 0.0558401 0.8 0.8 0.8
vn -0.964546 -0.263811 0.00739955
v 0.058507 -0.00273744 0.0558952 0.8 0.8 0.8
vn -0.930558 -0.366013 0.00977571
v 0.0587586 -0.00327777 0.0559638 0.8 0.8 0.8
vn -0.877884 -0.478708 0.0125953
v 0.0590543 -0.00373741 0.0560445 0.8 0.8 0.8
vn -0.797729 -0.602807 0.0158565
v 0.0593877 -0.00410613 0.0561354 0.8 0.8 0.8
vn -0.677591 -0.735181 0.0194645
v 0.0597518 -0.00437564 0.0562348 0.8 0.8 0.8
vn -0.503688 -0.863578 0.0230474
v 0.06014 -0.00453983 0.0563407 0.8 0.8 0.8
vn -0.270269 -0.962444 0.0256177
v 0.0605523 -0.00459498 0.0564532 0.8 0.8 0.8
vn -0.00688537 -0.999617 0.0267913
v 0.0609646 -0.00453983 0.0565657 0.8 0.8 0.8
vn 0.25771 -0.965845 0.0269981
v 0.0613528 -0.00437564 0.0566716 0.8 0.8 0.8
vn 0.494314 -0.86891 0.0254939
v 0.0617169 -0.00410613 0.0567709 0.8 0.8 0.8
vn 0.671708 -0.740475 0.0224976
v 0.0620503 -0.00373741 0.0568619 0.8 0.8 0.8
vn 0.794438 -0.607046 0.0190492
v 0.062346 -0.00327777 0.0569426 0.8 0.8 0.8
vn 0.876207 -0.481682 0.0156278
v 0.0625976 -0.00273744 0.0570112 0.8 0.8 0.8
vn 0.929788 -0.367887 0.0124219
v 0.0627993 -0.0021282 0.0570662 0.8 0.8 0.8
vn 0.964241 -0.264858 0.00950297
v 0.0629468 -0.00146278 0.0571065 0.8 0.8 0.8
vn 0.98535 -0.170399 0.00699286
v 0.0630367 -0.000753386 0.057131 0.8 0.8 0.8
vn 0.996619 -0.0819112 0.00635235
v 0.0630669 -2.27837e-08 0.0571392 0.8 0.8 0.8
vn 1 -6.33891e-06 2.1693e-16
v 0.0630367 0.000753341 0.057131 0.8 0.8 0.8
vn 0.996644 0.0816157 -0.00633042
v 0.0629468 0.00146273 0.0571065 0.8 0.8 0.8
vn 0.985463 0.169746 -0.00696661
v 0.0627993 0.00212816 0.0570662 0.8 0.8 0.8
vn 0.964606 0.263524 -0.00945558
v 0.0625976 0.00273739 0.0570112 0.8 0.8 0.8
vn 0.930704 0.365565 -0.0123439
v 0.062346 0.00327773 0.0569426 0.8 0.8 0.8
vn 0.878175 0.478087 -0.0155115
v 0.0620503 0.00373737 0.0568619 0.8 0.8 0.8
vn 0.798241 0.602042 -0.0188925
v 0.0617169 0.00410609 0.0567709 0.8 0.8 0.8
vn 0.678385 0.734368 -0.0223123
v 0.0613528 0.00437559 0.0566716 0.8 0.8 0.8
vn 0.50475 0.862895 -0.0253176
v 0.0609646 0.00453979 0.0565657 0.8 0.8 0.8
vn 0.271425 0.962084 -0.0268931
v 0.0605523 0.00459493 0.0564532 0.8 0.8 0.8
vn 0.00777551 0.999611 -0.026791
v 0.06014 0.00453979 0.0563407 0.8 0.8 0.8
vn -0.257198 0.966017 -0.0257125
v 0.0597518 0.00437559 0.0562348 0.8 0.8 0.8
vn -0.49418 0.86905 -0.0231932
v 0.0593877 0.00410609 0.0561354 0.8 0.8 0.8
vn -0.671761 0.740509 -0.0196052
v 0.0590543 0.00373737 0.0560445 0.8 0.8 0.8
vn -0.794535 0.607009 -0.0159667
v 0.0587586 0.00327773 0.0559638 0.8 0.8 0.8
vn -0.876283 0.48163 -0.0126718
v 0.058507 0.00273739 0.0558952 0.8 0.8 0.8
vn -0.929831 0.367856 -0.00982455
v 0.0583052 0.00212816 0.0558401 0.8 0.8 0.8
vn -0.964259 0.264858 -0.00742854
v 0.0581578 0.00146273 0.0557999 0.8 0.8 0.8
vn -0.985355 0.170423 -0.00555327
v 0.0580679 0.000753341 0.0557754 0.8 0.8 0.8
vn -0.996622 0.0819374 -0.00561727
v 0.0419694 -2.27837e-08 0.0246721 0.8 0.8 0.8
vn -0.858391 -0.00739488 0.512943
v 0.0419834 -0.000751522 0.0246493 0.8 0.8 0.8
vn -0.855622 -0.0727129 0.512468
v 0.0420254 -0.00145916 0.0245815 0.8 0.8 0.8
vn -0.84899 -0.143767 0.508475
v 0.0420942 -0.00212293 0.0244702 0.8 0.8 0.8
vn -0.836478 -0.221203 0.501372
v 0.0421884 -0.00273067 0.0243179 0.8 0.8 0.8
vn -0.815647 -0.308544 0.489408
v 0.0423058 -0.00326966 0.0241281 0.8 0.8 0.8
vn -0.781793 -0.410023 0.469767
v 0.0424438 -0.00372817 0.0239049 0.8 0.8 0.8
vn -0.726282 -0.530351 0.437313
v 0.0425994 -0.00409597 0.0236533 0.8 0.8 0.8
vn -0.633752 -0.672138 0.382869
v 0.0427694 -0.00436481 0.0233785 0.8 0.8 0.8
vn -0.480444 -0.826929 0.292169
v 0.0429506 -0.0045286 0.0230855 0.8 0.8 0.8
vn -0.245032 -0.957502 0.152147
v 0.043143 -0.00458361 0.0227744 0.8 0.8 0.8
vn 0.0393455 -0.999071 -0.0176053
v 0.0433354 -0.0045286 0.0224632 0.8 0.8 0.8
vn 0.316718 -0.93058 -0.183605
v 0.0435166 -0.00436481 0.0221703 0.8 0.8 0.8
vn 0.530356 -0.788269 -0.312017
v 0.0436866 -0.00409597 0.0218955 0.8 0.8 0.8
vn 0.664888 -0.634976 -0.393356
v 0.0438422 -0.00372817 0.0216438 0.8 0.8 0.8
vn 0.74538 -0.498736 -0.442348
v 0.0439802 -0.00326966 0.0214207 0.8 0.8 0.8
vn 0.793692 -0.383753 -0.472003
v 0.0440976 -0.00273067 0.0212309 0.8 0.8 0.8
vn 0.823154 -0.286404 -0.490296
v 0.0441918 -0.00212293 0.0210786 0.8 0.8 0.8
vn 0.841152 -0.202005 -0.501655
v 0.0442606 -0.00145916 0.0209673 0.8 0.8 0.8
vn 0.85172 -0.12656 -0.508483
v 0.0443025 -0.000751522 0.0208995 0.8 0.8 0.8
vn 0.857184 -0.0567665 -0.511872
v 0.0443166 -2.27837e-08 0.0208767 0.8 0.8 0.8
vn 0.85796 0.00738787 -0.513663
v 0.0443025 0.000751477 0.0208995 0.8 0.8 0.8
vn 0.855113 0.0727006 -0.513319
v 0.0442606 0.00145911 0.0209673 0.8 0.8 0.8
vn 0.848399 0.143758 -0.509463
v 0.0441918 0.00212289 0.0210786 0.8 0.8 0.8
vn 0.835794 0.221205 -0.502511
v 0.0440976 0.00273062 0.0212309 0.8 0.8 0.8
vn 0.814859 0.308563 -0.490707
v 0.0439802 0.00326962 0.0214207 0.8 0.8 0.8
vn 0.78089 0.41006 -0.471234
v 0.0438422 0.00372812 0.0216438 0.8 0.8 0.8
vn 0.725258 0.530398 -0.438952
v 0.0436866 0.00409593 0.0218955 0.8 0.8 0.8
vn 0.632614 0.672177 -0.384679
v 0.0435166 0.00436477 0.0221703 0.8 0.8 0.8
vn 0.47925 0.826927 -0.294126
v 0.0433354 0.00452855 0.0224632 0.8 0.8 0.8
vn 0.243948 0.957455 -0.154174
v 0.043143 0.00458356 0.0227744 0.8 0.8 0.8
vn -0.0402314 0.999067 0.0156973
v 0.0429506 0.00452855 0.0230855 0.8 0.8 0.8
vn -0.31731 0.930699 0.181973
v 0.0427694 0.00436477 0.0233785 0.8 0.8 0.8
vn -0.530759 0.788483 0.310788
v 0.0425994 0.00409593 0.0236533 0.8 0.8 0.8
vn -0.665194 0.635207 0.392467
v 0.0424438 0.00372812 0.0239049 0.8 0.8 0.8
vn -0.745639 0.498934 0.441687
v 0.0423058 0.00326962 0.0241281 0.8 0.8 0.8
vn -0.793935 0.383904 0.471472
v 0.0421884 0.00273062 0.0243179 0.8 0.8 0.8
vn -0.823403 0.286507 0.489817
v 0.0420942 0.00212289 0.0244702 0.8 0.8 0.8
vn -0.841425 0.202066 0.501171
v 0.0420254 0.00145911 0.0245815 0.8 0.8 0.8
vn -0.852033 0.126589 0.507951
v 0.0419834 0.000751477 0.0246493 0.8 0.8 0.8
vn -0.857548 0.0567727 0.511262
v 0.0375959 -2.27837e-08 0.0215726 0.8 0.8 0.8
vn -0.547316 -0.00283276 0.836921
v 0.0376056 -0.000745863 0.021547 0.8 0.8 0.8
vn -0.545405 -0.0763442 0.834688
v 0.0376343 -0.00144817 0.0214706 0.8 0.8 0.8
vn -0.540458 -0.156052 0.826772
v 0.0376814 -0.00210695 0.0213452 0.8 0.8 0.8
vn -0.531068 -0.241894 0.812068
v 0.037746 -0.0027101 0.0211737 0.8 0.8 0.8
vn -0.51558 -0.336995 0.787789
v 0.0378264 -0.00324504 0.0209599 0.8 0.8 0.8
vn -0.490954 -0.444613 0.749189
v 0.0379209 -0.00370009 0.0207085 0.8 0.8 0.8
vn -0.452003 -0.567493 0.688219
v 0.0380275 -0.00406513 0.0204251 0.8 0.8 0.8
vn -0.390443 -0.704982 0.592076
v 0.0381439 -0.00433194 0.0201156 0.8 0.8 0.8
vn -0.295356 -0.845954 0.44399
v 0.038268 -0.0044945 0.0197856 0.8 0.8 0.8
vn -0.159376 -0.959361 0.232866
v 0.0383998 -0.00454909 0.0194351 0.8 0.8 0.8
vn -0.000460795 -0.999914 -0.0130901
v 0.0385316 -0.0044945 0.0190847 0.8 0.8 0.8
vn 0.158316 -0.953109 -0.257913
v 0.0386557 -0.00433194 0.0187547 0.8 0.8 0.8
vn 0.2925 -0.836107 -0.464079
v 0.0387721 -0.00406513 0.0184451 0.8 0.8 0.8
vn 0.385883 -0.694565 -0.607185
v 0.0388787 -0.00370009 0.0181617 0.8 0.8 0.8
vn 0.446358 -0.557904 -0.699648
v 0.0389733 -0.00324504 0.0179104 0.8 0.8 0.8
vn 0.484702 -0.436139 -0.758186
v 0.0390537 -0.0027101 0.0176966 0.8 0.8 0.8
vn 0.508968 -0.329494 -0.795227
v 0.0391182 -0.00210695 0.017525 0.8 0.8 0.8
vn 0.524187 -0.235124 -0.818502
v 0.0391653 -0.00144817 0.0173997 0.8 0.8 0.8
vn 0.533328 -0.149779 -0.832543
v 0.0391941 -0.000745863 0.0173233 0.8 0.8 0.8
vn 0.538192 -0.0703689 -0.839879
v 0.0392037 -2.27837e-08 0.0172976 0.8 0.8 0.8
vn 0.539128 0.00283546 -0.842219
v 0.0391941 0.000745818 0.0173233 0.8 0.8 0.8
vn 0.537048 0.0764608 -0.840079
v 0.0391653 0.00144813 0.0173997 0.8 0.8 0.8
vn 0.531796 0.156298 -0.832324
v 0.0391182 0.0021069 0.017525 0.8 0.8 0.8
vn 0.521892 0.242291 -0.817878
v 0.0390537 0.00271006 0.0176966 0.8 0.8 0.8
vn 0.505656 0.337573 -0.79395
v 0.0389733 0.003245 0.0179104 0.8 0.8 0.8
vn 0.479995 0.445406 -0.75579
v 0.0388787 0.00370005 0.0181617 0.8 0.8 0.8
vn 0.43966 0.568525 -0.695326
v 0.0387721 0.00406508 0.0184451 0.8 0.8 0.8
vn 0.376339 0.706215 -0.599691
v 0.0386557 0.0043319 0.0187547 0.8 0.8 0.8
vn 0.279256 0.847181 -0.451996
v 0.0385316 0.00449445 0.0190847 0.8 0.8 0.8
vn 0.141611 0.960125 -0.241051
v 0.0383998 0.00454905 0.0194351 0.8 0.8 0.8
vn -0.0179308 0.999827 0.00492843
v 0.038268 0.00449445 0.0197856 0.8 0.8 0.8
vn -0.175848 0.952199 0.249791
v 0.0381439 0.0043319 0.0201156 0.8 0.8 0.8
vn -0.308068 0.834833 0.456232
v 0.0380275 0.00406508 0.0204251 0.8 0.8 0.8
vn -0.399375 0.693353 0.599802
v 0.0379209 0.00370005 0.0207085 0.8 0.8 0.8
vn -0.458108 0.556916 0.692807
v 0.0378264 0.003245 0.0209599 0.8 0.8 0.8
vn -0.495131 0.435389 0.751852
v 0.037746 0.00271006 0.0211737 0.8 0.8 0.8
vn -0.518446 0.328951 0.789307
v 0.0376814 0.0021069 0.0213452 0.8 0.8 0.8
vn -0.533014 0.234751 0.812889
v 0.0376343 0.00144813 0.0214706 0.8 0.8 0.8
vn -0.541742 0.149547 0.827134
v 0.0376056 0.000745818 0.021547 0.8 0.8 0.8
vn -0.546382 0.0702614 0.834584
v 0.0347183 -2.27837e-08 0.0199318 0.8 0.8 0.8
vn -0.473094 -0.00220107 0.881009
v 0.034725 -0.000736197 0.0199049 0.8 0.8 0.8
vn -0.47157 -0.0769387 0.878466
v 0.0347449 -0.0014294 0.0198248 0.8 0.8 0.8
vn -0.467442 -0.157921 0.869804
v 0.0347777 -0.00207964 0.0196934 0.8 0.8 0.8
vn -0.459597 -0.244967 0.853675
v 0.0348226 -0.00267498 0.0195136 0.8 0.8 0.8
vn -0.446628 -0.341112 0.827143
v 0.0348785 -0.00320299 0.0192894 0.8 0.8 0.8
vn -0.425983 -0.449439 0.785203
v 0.0349442 -0.00365214 0.0190259 0.8 0.8 0.8
vn -0.393344 -0.572386 0.719482
v 0.0350183 -0.00401245 0.0187288 0.8 0.8 0.8
vn -0.341885 -0.708888 0.616922
v 0.0350993 -0.0042758 0.0184043 0.8 0.8 0.8
vn -0.262716 -0.847682 0.460886
v 0.0351856 -0.00443625 0.0180584 0.8 0.8 0.8
vn -0.149836 -0.958892 0.240989
v 0.0352772 -0.00449014 0.017691 0.8 0.8 0.8
vn -0.0175934 -0.99975 -0.0138182
v 0.0353689 -0.00443625 0.0173236 0.8 0.8 0.8
vn 0.115917 -0.956373 -0.268167
v 0.0354551 -0.0042758 0.0169776 0.8 0.8 0.8
vn 0.231046 -0.843486 -0.484921
v 0.0355361 -0.00401245 0.0166531 0.8 0.8 0.8
vn 0.312906 -0.704138 -0.6374
v 0.0356102 -0.00365214 0.016356 0.8 0.8 0.8
vn 0.366912 -0.567673 -0.736969
v 0.0356759 -0.00320299 0.0160925 0.8 0.8 0.8
vn 0.401657 -0.444929 -0.800443
v 0.0357318 -0.00267498 0.0158684 0.8 0.8 0.8
vn 0.423894 -0.336782 -0.840768
v 0.0357767 -0.00207964 0.0156886 0.8 0.8 0.8
vn 0.437969 -0.24073 -0.866159
v 0.0358095 -0.0014294 0.0155572 0.8 0.8 0.8
vn 0.446492 -0.153677 -0.881492
v 0.0358295 -0.000736197 0.0154771 0.8 0.8 0.8
vn 0.451056 -0.0725866 -0.889539
v 0.0358362 -2.27837e-08 0.0154502 0.8 0.8 0.8
vn 0.452026 0.00221112 -0.892002
v 0.0358295 0.000736152 0.0154771 0.8 0.8 0.8
vn 0.450185 0.0773366 -0.88958
v 0.0358095 0.00142936 0.0155572 0.8 0.8 0.8
vn 0.445359 0.158755 -0.881165
v 0.0357767 0.0020796 0.0156886 0.8 0.8 0.8
vn 0.436291 0.246302 -0.86544
v 0.0357318 0.00267494 0.0158684 0.8 0.8 0.8
vn 0.421493 0.343042 -0.839444
v 0.0356759 0.00320294 0.0160925 0.8 0.8 0.8
vn 0.398277 0.452074 -0.798126
v 0.0356102 0.00365209 0.016356 0.8 0.8 0.8
vn 0.362167 0.575797 -0.733003
v 0.0355361 0.0040124 0.0166531 0.8 0.8 0.8
vn 0.306262 0.712944 -0.630804
v 0.0354551 0.00427576 0.0169776 0.8 0.8 0.8
vn 0.222022 0.851718 -0.47464
v 0.0353689 0.0044362 0.0173236 0.8 0.8 0.8
vn 0.104812 0.96146 -0.254185
v 0.0352772 0.00449009 0.017691 0.8 0.8 0.8
vn -0.0291284 0.999575 0.000979664
v 0.0351856 0.0044362 0.0180584 0.8 0.8 0.8
vn -0.160742 0.953503 0.254938
v 0.0350993 0.00427576 0.0184043 0.8 0.8 0.8
vn -0.271166 0.839325 0.471171
v 0.0350183 0.0040124 0.0187288 0.8 0.8 0.8
vn -0.347884 0.700077 0.623594
v 0.0349442 0.00365209 0.0190259 0.8 0.8 0.8
vn -0.397487 0.564306 0.723577
v 0.0348785 0.00320294 0.0192894 0.8 0.8 0.8
vn -0.428842 0.442348 0.787669
v 0.0348226 0.00267494 0.0195136 0.8 0.8 0.8
vn -0.448603 0.334901 0.828612
v 0.0347777 0.0020796 0.0196934 0.8 0.8 0.8
vn -0.460944 0.239435 0.854519
v 0.0347449 0.00142936 0.0198248 0.8 0.8 0.8
vn -0.468331 0.152873 0.870227
v 0.034725 0.000736152 0.0199049 0.8 0.8 0.8
vn -0.472242 0.0722147 0.878506
v 0.0326147 -2.27837e-08 0.0188987 0.8 0.8 0.8
vn -0.426415 -0.00205112 0.904525
v 0.0326192 -0.000722121 0.0188714 0.8 0.8 0.8
vn -0.425225 -0.0776375 0.901752
v 0.0326328 -0.00140207 0.0187901 0.8 0.8 0.8
vn -0.421872 -0.159484 0.892518
v 0.0326551 -0.00203988 0.0186565 0.8 0.8 0.8
vn -0.415476 -0.247322 0.875335
v 0.0326856 -0.00262383 0.0184738 0.8 0.8 0.8
vn -0.404825 -0.344103 0.847177
v 0.0327236 -0.00314174 0.0182461 0.8 0.8 0.8
vn -0.387749 -0.452759 0.802907
v 0.0327683 -0.00358231 0.0179784 0.8 0.8 0.8
vn -0.360574 -0.575486 0.734031
v 0.0328187 -0.00393573 0.0176765 0.8 0.8 0.8
vn -0.317487 -0.710938 0.62751
v 0.0328738 -0.00419405 0.0173468 0.8 0.8 0.8
vn -0.250873 -0.847868 0.467101
v 0.0329325 -0.00435142 0.0169953 0.8 0.8 0.8
vn -0.1553 -0.95749 0.243096
v 0.0329948 -0.00440428 0.0166221 0.8 0.8 0.8
vn -0.0422006 -0.998989 -0.0154781
v 0.0330571 -0.00435142 0.0162488 0.8 0.8 0.8
vn 0.0739209 -0.958747 -0.27448
v 0.0331158 -0.00419405 0.0158973 0.8 0.8 0.8
vn 0.176468 -0.849421 -0.497336
v 0.0331708 -0.00393573 0.0155676 0.8 0.8 0.8
vn 0.251163 -0.711947 -0.655781
v 0.0332212 -0.00358231 0.0152657 0.8 0.8 0.8
vn 0.301496 -0.575646 -0.760087
v 0.0332659 -0.00314174 0.014998 0.8 0.8 0.8
vn 0.334438 -0.452064 -0.826915
v 0.033304 -0.00262383 0.0147703 0.8 0.8 0.8
vn 0.355816 -0.342631 -0.869482
v 0.0333345 -0.00203988 0.0145876 0.8 0.8 0.8
vn 0.369499 -0.245139 -0.896313
v 0.0333568 -0.00140207 0.0144541 0.8 0.8 0.8
vn 0.377864 -0.156621 -0.912518
v 0.0333704 -0.000722121 0.0143727 0.8 0.8 0.8
vn 0.38238 -0.0740882 -0.92103
v 0.0333749 -2.27837e-08 0.0143454 0.8 0.8 0.8
vn 0.383398 0.00207363 -0.923581
v 0.0333704 0.000722075 0.0143727 0.8 0.8 0.8
vn 0.381633 0.0785412 -0.920971
v 0.0333568 0.00140203 0.0144541 0.8 0.8 0.8
vn 0.376912 0.161376 -0.912083
v 0.0333345 0.00203983 0.0145876 0.8 0.8 0.8
vn 0.368094 0.250343 -0.895452
v 0.033304 0.00262379 0.0147703 0.8 0.8 0.8
vn 0.353811 0.348457 -0.867984
v 0.0332659 0.0031417 0.014998 0.8 0.8 0.8
vn 0.331625 0.458679 -0.824402
v 0.0332212 0.00358226 0.0152657 0.8 0.8 0.8
vn 0.297565 0.583109 -0.755936
v 0.0331708 0.00393568 0.0155676 0.8 0.8 0.8
vn 0.245711 0.719943 -0.649083
v 0.0331158 0.004194 0.0158973 0.8 0.8 0.8
vn 0.169174 0.856766 -0.487167
v 0.0330571 0.00435138 0.0162488 0.8 0.8 0.8
vn 0.0651561 0.963153 -0.260942
v 0.0329948 0.00440424 0.0166221 0.8 0.8 0.8
vn -0.0512504 0.998685 -0.00128409
v 0.0329325 0.00435138 0.0169953 0.8 0.8 0.8
vn -0.163859 0.952556 0.256491
v 0.0328738 0.004194 0.0173468 0.8 0.8 0.8
vn -0.25743 0.840292 0.477116
v 0.0328187 0.00393568 0.0176765 0.8 0.8 0.8
vn -0.322125 0.702917 0.634147
v 0.0327683 0.00358226 0.0179784 0.8 0.8 0.8
vn -0.363769 0.568086 0.738208
v 0.0327236 0.0031417 0.0182461 0.8 0.8 0.8
vn -0.389948 0.446228 0.805494
v 0.0326856 0.00262379 0.0184738 0.8 0.8 0.8
vn -0.406338 0.338358 0.848766
v 0.0326551 0.00203983 0.0186565 0.8 0.8 0.8
vn -0.416501 0.242189 0.876283
v 0.0326328 0.00140203 0.0187901 0.8 0.8 0.8
vn -0.422539 0.15479 0.893029
v 0.0326192 0.000722075 0.0188714 0.8 0.8 0.8
vn -0.425698 0.0732391 0.901896
v 0.0310236 -2.27837e-08 0.0181906 0.8 0.8 0.8
vn -0.40111 -0.00213694 0.916027
v 0.0310266 -0.000702936 0.0181634 0.8 0.8 0.8
vn -0.400291 -0.0781493 0.91305
v 0.0310354 -0.00136482 0.0180825 0.8 0.8 0.8
vn -0.397824 -0.160398 0.903332
v 0.0310498 -0.00198568 0.0179495 0.8 0.8 0.8
vn -0.393061 -0.248537 0.885286
v 0.0310696 -0.00255412 0.0177677 0.8 0.8 0.8
vn -0.384971 -0.345424 0.85585
v 0.0310942 -0.00305827 0.017541 0.8 0.8 0.8
vn -0.37172 -0.453847 0.809844
v 0.0311232 -0.00348713 0.0172745 0.8 0.8 0.8
vn -0.350172 -0.575809 0.738798
v 0.0311559 -0.00383116 0.016974 0.8 0.8 0.8
vn -0.315283 -0.709812 0.629892
v 0.0311916 -0.00408262 0.0166458 0.8 0.8 0.8
vn -0.260229 -0.84487 0.467414
v 0.0312296 -0.00423581 0.016296 0.8 0.8 0.8
vn -0.179485 -0.953487 0.242173
v 0.03127 -0.00428727 0.0159244 0.8 0.8 0.8
vn -0.0816312 -0.996511 -0.0173898
v 0.0313104 -0.00423581 0.0155528 0.8 0.8 0.8
vn 0.021839 -0.960099 -0.278808
v 0.0313484 -0.00408262 0.015203 0.8 0.8 0.8
vn 0.116431 -0.854651 -0.505979
v 0.0313841 -0.00383116 0.0148748 0.8 0.8 0.8
vn 0.18761 -0.719121 -0.669079
v 0.0314167 -0.00348713 0.0145743 0.8 0.8 0.8
vn 0.236937 -0.582986 -0.777167
v 0.0314457 -0.00305827 0.0143078 0.8 0.8 0.8
vn 0.269966 -0.458579 -0.846655
v 0.0314703 -0.00255412 0.0140811 0.8 0.8 0.8
vn 0.291798 -0.347902 -0.890965
v 0.0314901 -0.00198568 0.0138993 0.8 0.8 0.8
vn 0.305984 -0.249038 -0.918887
v 0.0315046 -0.00136482 0.0137664 0.8 0.8 0.8
vn 0.314767 -0.159138 -0.935733
v 0.0315134 -0.000702936 0.0136854 0.8 0.8 0.8
vn 0.319561 -0.0752505 -0.944573
v 0.0315163 -2.27837e-08 0.0136582 0.8 0.8 0.8
vn 0.320688 0.00218423 -0.947182
v 0.0315134 0.00070289 0.0136854 0.8 0.8 0.8
vn 0.318844 0.0799387 -0.94443
v 0.0315046 0.00136478 0.0137664 0.8 0.8 0.8
vn 0.313877 0.164137 -0.935168
v 0.0314901 0.00198564 0.0138993 0.8 0.8 0.8
vn 0.304677 0.254496 -0.917825
v 0.0314703 0.00255408 0.0140811 0.8 0.8 0.8
vn 0.289932 0.353991 -0.889174
v 0.0314457 0.00305823 0.0143078 0.8 0.8 0.8
vn 0.267346 0.465455 -0.843729
v 0.0314167 0.00348709 0.0145743 0.8 0.8 0.8
vn 0.233284 0.590681 -0.772447
v 0.0313841 0.00383112 0.0148748 0.8 0.8 0.8
vn 0.182583 0.727263 -0.661628
v 0.0313484 0.00408257 0.015203 0.8 0.8 0.8
vn 0.109817 0.861982 -0.494901
v 0.0313104 0.00423577 0.0155528 0.8 0.8 0.8
vn 0.0141526 0.964326 -0.26434
v 0.03127 0.00428722 0.0159244 0.8 0.8 0.8
vn -0.0895047 0.995984 -0.00237682
v 0.0312296 0.00423577 0.016296 0.8 0.8 0.8
vn -0.186904 0.948351 0.256316
v 0.0311916 0.00408257 0.0166458 0.8 0.8 0.8
vn -0.265734 0.837147 0.47809
v 0.0311559 0.00383112 0.016974 0.8 0.8 0.8
vn -0.3191 0.701637 0.637087
v 0.0311232 0.00348709 0.0172745 0.8 0.8 0.8
vn -0.352756 0.568234 0.74342
v 0.0310942 0.00305823 0.017541 0.8 0.8 0.8
vn -0.373469 0.447129 0.812771
v 0.0310696 0.00255408 0.0177677 0.8 0.8 0.8
vn -0.386155 0.339488 0.85769
v 0.0310498 0.00198564 0.0179495 0.8 0.8 0.8
vn -0.393847 0.243215 0.886415
v 0.0310354 0.00136478 0.0180825 0.8 0.8 0.8
vn -0.398314 0.15552 0.903969
v 0.0310266 0.00070289 0.0181634 0.8 0.8 0.8
vn -0.40058 0.0735725 0.913303
v 0.0298188 -2.27837e-08 0.0176747 0.8 0.8 0.8
vn -0.400888 -0.00242659 0.916124
v 0.0298205 -0.000677428 0.0176481 0.8 0.8 0.8
vn -0.400572 -0.0782117 0.912921
v 0.0298258 -0.00131529 0.0175689 0.8 0.8 0.8
vn -0.399291 -0.160137 0.902731
v 0.0298344 -0.00191363 0.0174389 0.8 0.8 0.8
vn -0.396694 -0.24777 0.88388
v 0.0298462 -0.00246144 0.0172611 0.8 0.8 0.8
vn -0.391927 -0.343836 0.853329
v 0.029861 -0.00294729 0.0170394 0.8 0.8 0.8
vn -0.383501 -0.450948 0.805961
v 0.0298783 -0.00336059 0.0167788 0.8 0.8 0.8
vn -0.368783 -0.570925 0.733514
v 0.0298978 -0.00369213 0.0164849 0.8 0.8 0.8
vn -0.343351 -0.702255 0.623657
v 0.0299192 -0.00393446 0.016164 0.8 0.8 0.8
vn -0.300791 -0.834609 0.461469
v 0.0299419 -0.0040821 0.0158218 0.8 0.8 0.8
vn -0.234776 -0.942427 0.23814
v 0.0299661 -0.00413169 0.0154585 0.8 0.8 0.8
vn -0.150566 -0.988409 -0.0194436
v 0.0299902 -0.0040821 0.0150951 0.8 0.8 0.8
vn -0.0565076 -0.95793 -0.281384
v 0.0300129 -0.00393446 0.014753 0.8 0.8 0.8
vn 0.0346043 -0.858237 -0.512086
v 0.0300343 -0.00369213 0.0144321 0.8 0.8 0.8
vn 0.106705 -0.725697 -0.67969
v 0.0300538 -0.00336059 0.0141382 0.8 0.8 0.8
vn 0.158794 -0.590144 -0.791526
v 0.0300711 -0.00294729 0.0138776 0.8 0.8 0.8
vn 0.194835 -0.465017 -0.863596
v 0.0300859 -0.00246144 0.0136559 0.8 0.8 0.8
vn 0.219278 -0.353086 -0.909531
v 0.0300977 -0.00191363 0.0134781 0.8 0.8 0.8
vn 0.235487 -0.252808 -0.938421
v 0.0301063 -0.00131529 0.0133481 0.8 0.8 0.8
vn 0.245691 -0.161485 -0.955803
v 0.0301116 -0.000677428 0.0132689 0.8 0.8 0.8
vn 0.251348 -0.0762052 -0.964892
v 0.0301133 -2.27837e-08 0.0132423 0.8 0.8 0.8
vn 0.252707 0.0025304 -0.96754
v 0.0301116 0.000677382 0.0132689 0.8 0.8 0.8
vn 0.250528 0.081634 -0.964661
v 0.0301063 0.00131525 0.0133481 0.8 0.8 0.8
vn 0.24472 0.167266 -0.955057
v 0.0300977 0.00191358 0.0134781 0.8 0.8 0.8
vn 0.234074 0.259107 -0.937056
v 0.0300859 0.00246139 0.0136559 0.8 0.8 0.8
vn 0.217266 0.360086 -0.907267
v 0.0300711 0.00294724 0.0138776 0.8 0.8 0.8
vn 0.192016 0.472874 -0.859953
v 0.0300538 0.00336054 0.0141382 0.8 0.8 0.8
vn 0.154889 0.598853 -0.785738
v 0.0300343 0.00369209 0.0144321 0.8 0.8 0.8
vn 0.101414 0.734763 -0.6707
v 0.0300129 0.00393442 0.014753 0.8 0.8 0.8
vn 0.0278524 0.866172 -0.498969
v 0.0299902 0.00408205 0.0150951 0.8 0.8 0.8
vn -0.063885 0.962239 -0.264605
v 0.0299661 0.00413164 0.0154585 0.8 0.8 0.8
vn -0.158012 0.987435 -0.00227467
v 0.0299419 0.00408205 0.0158218 0.8 0.8 0.8
vn -0.241717 0.936455 0.254213
v 0.0299192 0.00393442 0.016164 0.8 0.8 0.8
vn -0.30559 0.82598 0.47368
v 0.0298978 0.00369209 0.0164849 0.8 0.8 0.8
vn -0.346511 0.693175 0.632012
v 0.0298783 0.00336054 0.0167788 0.8 0.8 0.8
vn -0.370824 0.56249 0.738982
v 0.029861 0.00294724 0.0170394 0.8 0.8 0.8
vn -0.384822 0.443432 0.809494
v 0.0298462 0.00246139 0.0172611 0.8 0.8 0.8
vn -0.39278 0.337163 0.855597
v 0.0298344 0.00191358 0.0174389 0.8 0.8 0.8
vn -0.397225 0.241763 0.885304
v 0.0298258 0.00131525 0.0175689 0.8 0.8 0.8
vn -0.399582 0.154615 0.903564
v 0.0298205 0.000677382 0.0176481 0.8 0.8 0.8
vn -0.40062 0.0730232 0.91333
v 0.0289301 -2.27837e-08 0.0172741 0.8 0.8 0.8
vn -0.442169 -0.0029846 0.896927
v 0.028931 -0.000643323 0.0172486 0.8 0.8 0.8
vn -0.44269 -0.0770954 0.893354
v 0.0289338 -0.00124908 0.0171727 0.8 0.8 0.8
vn -0.443284 -0.157063 0.882514
v 0.0289383 -0.00181728 0.0170481 0.8 0.8 0.8
vn -0.444082 -0.242306 0.8626
v 0.0289445 -0.00233752 0.0168776 0.8 0.8 0.8
vn -0.444439 -0.335266 0.830705
v 0.0289522 -0.00279891 0.016665 0.8 0.8 0.8
vn -0.443271 -0.438215 0.781971
v 0.0289612 -0.0031914 0.0164151 0.8 0.8 0.8
vn -0.438512 -0.552648 0.708723
v 0.0289714 -0.00350625 0.0161334 0.8 0.8 0.8
vn -0.426359 -0.677113 0.59978
v 0.0289826 -0.00373638 0.0158257 0.8 0.8 0.8
vn -0.400596 -0.802666 0.441872
v 0.0289944 -0.00387659 0.0154976 0.8 0.8 0.8
vn -0.353362 -0.90755 0.226911
v 0.029007 -0.00392368 0.0151492 0.8 0.8 0.8
vn -0.285453 -0.958148 -0.0216634
v 0.0290197 -0.00387659 0.0148008 0.8 0.8 0.8
vn -0.200552 -0.939052 -0.279212
v 0.0290315 -0.00373638 0.0144728 0.8 0.8 0.8
vn -0.108654 -0.852024 -0.512103
v 0.0290427 -0.00350625 0.0141651 0.8 0.8 0.8
vn -0.0290925 -0.727589 -0.685396
v 0.0290529 -0.0031914 0.0138833 0.8 0.8 0.8
vn 0.0325858 -0.59545 -0.802732
v 0.0290619 -0.00279891 0.0136335 0.8 0.8 0.8
vn 0.0775499 -0.470888 -0.878778
v 0.0290696 -0.00233752 0.0134209 0.8 0.8 0.8
vn 0.109235 -0.358176 -0.927242
v 0.0290758 -0.00181728 0.0132504 0.8 0.8 0.8
vn 0.130853 -0.256578 -0.957625
v 0.0290803 -0.00124908 0.0131258 0.8 0.8 0.8
vn 0.144761 -0.163758 -0.975821
v 0.0290831 -0.000643323 0.0130498 0.8 0.8 0.8
vn 0.152648 -0.0769453 -0.985281
v 0.029084 -2.27837e-08 0.0130243 0.8 0.8 0.8
vn 0.154495 0.00324372 -0.987988
v 0.0290831 0.000643278 0.0130498 0.8 0.8 0.8
vn 0.151357 0.0838999 -0.984912
v 0.0290803 0.00124903 0.0131258 0.8 0.8 0.8
vn 0.143357 0.171152 -0.974759
v 0.0290758 0.00181724 0.0132504 0.8 0.8 0.8
vn 0.128859 0.264607 -0.955708
v 0.0290696 0.00233747 0.0134209 0.8 0.8 0.8
vn 0.106435 0.367047 -0.924093
v 0.0290619 0.00279886 0.0136335 0.8 0.8 0.8
vn 0.0736893 0.480744 -0.873759
v 0.0290529 0.00319135 0.0138833 0.8 0.8 0.8
vn 0.0273718 0.606181 -0.794855
v 0.0290427 0.00350621 0.0141651 0.8 0.8 0.8
vn -0.0358578 0.738419 -0.673388
v 0.0290315 0.00373634 0.0144728 0.8 0.8 0.8
vn -0.11669 0.860991 -0.495053
v 0.0290197 0.00387654 0.0148008 0.8 0.8 0.8
vn -0.208229 0.943402 -0.258135
v 0.029007 0.00392363 0.0151492 0.8 0.8 0.8
vn -0.292941 0.95613 -0.000612143
v 0.0289944 0.00387654 0.0154976 0.8 0.8 0.8
vn -0.360168 0.899777 0.246334
v 0.0289826 0.00373634 0.0158257 0.8 0.8 0.8
vn -0.404586 0.792273 0.456743
v 0.0289714 0.00350621 0.0161334 0.8 0.8 0.8
vn -0.428627 0.666321 0.61016
v 0.0289612 0.00319135 0.0164151 0.8 0.8 0.8
vn -0.439751 0.542593 0.71569
v 0.0289522 0.00279886 0.016665 0.8 0.8 0.8
vn -0.443926 0.42919 0.786591
v 0.0289445 0.00233747 0.0168776 0.8 0.8 0.8
vn -0.444759 0.327193 0.833747
v 0.0289383 0.00181724 0.0170481 0.8 0.8 0.8
vn -0.444194 0.234991 0.864564
v 0.0289338 0.00124903 0.0171727 0.8 0.8 0.8
vn -0.44323 0.150308 0.883716
v 0.028931 0.000643278 0.0172486 0.8 0.8 0.8
vn -0.442298 0.0707326 0.894075
v 0.0283167 -2.27837e-08 0.0169325 0.8 0.8 0.8
vn -0.577577 -0.00393762 0.816327
v 0.0283171 -0.000595686 0.0169087 0.8 0.8 0.8
vn -0.579676 -0.0713416 0.811718
v 0.0283182 -0.00115658 0.016838 0.8 0.8 0.8
vn -0.58339 -0.143639 0.79939
v 0.02832 -0.00168271 0.0167219 0.8 0.8 0.8
vn -0.589837 -0.219791 0.777036
v 0.0283225 -0.00216442 0.016563 0.8 0.8 0.8
vn -0.598509 -0.301355 0.742275
v 0.0283256 -0.00259165 0.016365 0.8 0.8 0.8
vn -0.608768 -0.389525 0.691138
v 0.0283293 -0.00295507 0.0161323 0.8 0.8 0.8
vn -0.619195 -0.4847 0.617789
v 0.0283334 -0.00324661 0.0158698 0.8 0.8 0.8
vn -0.626856 -0.585136 0.514458
v 0.028338 -0.0034597 0.0155831 0.8 0.8 0.8
vn -0.626383 -0.684578 0.372824
v 0.0283428 -0.00358952 0.0152775 0.8 0.8 0.8
vn -0.609482 -0.770125 0.188255
v 0.0283479 -0.00363313 0.014953 0.8 0.8 0.8
vn -0.572722 -0.819429 -0.0229378
v 0.028353 -0.00358952 0.0146285 0.8 0.8 0.8
vn -0.512408 -0.82177 -0.249262
v 0.0283578 -0.0034597 0.0143229 0.8 0.8 0.8
vn -0.429074 -0.771886 -0.469136
v 0.0283623 -0.00324661 0.0140362 0.8 0.8 0.8
vn -0.341483 -0.681445 -0.647319
v 0.0283665 -0.00295507 0.0137737 0.8 0.8 0.8
vn -0.262099 -0.572256 -0.777064
v 0.0283701 -0.00259165 0.013541 0.8 0.8 0.8
vn -0.197197 -0.460553 -0.865451
v 0.0283733 -0.00216442 0.013343 0.8 0.8 0.8
vn -0.147635 -0.35415 -0.923462
v 0.0283758 -0.00168271 0.0131841 0.8 0.8 0.8
vn -0.111897 -0.25518 -0.960397
v 0.0283776 -0.00115658 0.013068 0.8 0.8 0.8
vn -0.0880009 -0.163061 -0.982684
v 0.0283787 -0.000595686 0.0129973 0.8 0.8 0.8
vn -0.0739082 -0.0760124 -0.994364
v 0.0283791 -2.27837e-08 0.0129735 0.8 0.8 0.8
vn -0.0710633 0.0047444 -0.997461
v 0.0283787 0.000595641 0.0129973 0.8 0.8 0.8
vn -0.0772334 0.086134 -0.993285
v 0.0283776 0.00115654 0.013068 0.8 0.8 0.8
vn -0.0912485 0.173745 -0.980554
v 0.0283758 0.00168267 0.0131841 0.8 0.8 0.8
vn -0.116275 0.266608 -0.956766
v 0.0283733 0.00216438 0.013343 0.8 0.8 0.8
vn -0.153499 0.366454 -0.917687
v 0.0283701 0.0025916 0.013541 0.8 0.8 0.8
vn -0.204799 0.473655 -0.856568
v 0.0283665 0.00295503 0.0137737 0.8 0.8 0.8
vn -0.271484 0.585579 -0.763802
v 0.0283623 0.00324657 0.0140362 0.8 0.8 0.8
vn -0.352147 0.693532 -0.628495
v 0.0283578 0.00345966 0.0143229 0.8 0.8 0.8
vn -0.439555 0.780379 -0.444747
v 0.028353 0.00358948 0.0146285 0.8 0.8 0.8
vn -0.519639 0.825084 -0.221839
v 0.0283479 0.00363308 0.014953 0.8 0.8 0.8
vn -0.579231 0.815157 0.00320417
v 0.0283428 0.00358948 0.0152775 0.8 0.8 0.8
vn -0.615148 0.759419 0.21184
v 0.028338 0.00345966 0.0155831 0.8 0.8 0.8
vn -0.628272 0.672299 0.391521
v 0.0283334 0.00324657 0.0158698 0.8 0.8 0.8
vn -0.627018 0.572529 0.52826
v 0.0283293 0.00295503 0.0161323 0.8 0.8 0.8
vn -0.618563 0.47271 0.627634
v 0.0283256 0.0025916 0.016365 0.8 0.8 0.8
vn -0.607851 0.378468 0.698054
v 0.0283225 0.00216438 0.016563 0.8 0.8 0.8
vn -0.597552 0.291216 0.747078
v 0.02832 0.00168267 0.0167219 0.8 0.8 0.8
vn -0.588928 0.210422 0.780311
v 0.0283182 0.00115654 0.016838 0.8 0.8 0.8
vn -0.582498 0.134865 0.801566
v 0.0283171 0.000595641 0.0169087 0.8 0.8 0.8
vn -0.578218 0.063019 0.813445
v 0.0279551 -2.27837e-08 0.0165775 0.8 0.8 0.8
vn -0.958746 -0.0034621 0.284244
v 0.0279552 -0.000519864 0.0165567 0.8 0.8 0.8
vn -0.959776 -0.0269858 0.279468
v 0.0279554 -0.00100936 0.0164948 0.8 0.8 0.8
vn -0.961444 -0.0513047 0.270172
v 0.0279558 -0.00146852 0.0163931 0.8 0.8 0.8
vn -0.964199 -0.0751381 0.254311
v 0.0279564 -0.00188892 0.016254 0.8 0.8 0.8
vn -0.967691 -0.0981141 0.232267
v 0.0279571 -0.00226176 0.0160807 0.8 0.8 0.8
vn -0.971595 -0.119741 0.204123
v 0.0279579 -0.00257893 0.0158768 0.8 0.8 0.8
vn -0.975516 -0.139467 0.17005
v 0.0279587 -0.00283335 0.015647 0.8 0.8 0.8
vn -0.979001 -0.156686 0.130408
v 0.0279597 -0.00301932 0.015396 0.8 0.8 0.8
vn -0.981565 -0.170769 0.0858402
v 0.0279608 -0.00313262 0.0151284 0.8 0.8 0.8
vn -0.982706 -0.181384 0.0372669
v 0.0279619 -0.00317067 0.0148443 0.8 0.8 0.8
vn -0.982434 -0.186211 -0.0121695
v 0.027963 -0.00313262 0.0145601 0.8 0.8 0.8
vn -0.980441 -0.186151 -0.0638997
v 0.027964 -0.00301932 0.0142925 0.8 0.8 0.8
vn -0.97612 -0.18206 -0.118504
v 0.027965 -0.00283335 0.0140415 0.8 0.8 0.8
vn -0.969928 -0.172213 -0.171998
v 0.0279659 -0.00257893 0.0138117 0.8 0.8 0.8
vn -0.962192 -0.157099 -0.222501
v 0.0279667 -0.00226176 0.0136078 0.8 0.8 0.8
vn -0.953572 -0.137197 -0.2681
v 0.0279674 -0.00188892 0.0134345 0.8 0.8 0.8
vn -0.944901 -0.113196 -0.307161
v 0.0279679 -0.00146852 0.0132954 0.8 0.8 0.8
vn -0.937064 -0.0859484 -0.338413
v 0.0279683 -0.00100936 0.0131937 0.8 0.8 0.8
vn -0.93086 -0.0564154 -0.360995
v 0.0279685 -0.000519864 0.0131318 0.8 0.8 0.8
vn -0.926683 -0.0255687 -0.374974
v 0.0279686 -2.27837e-08 0.013111 0.8 0.8 0.8
vn -0.926292 0.00450752 -0.376779
v 0.0279685 0.000519819 0.0131318 0.8 0.8 0.8
vn -0.928777 0.0346914 -0.369013
v 0.0279683 0.00100932 0.0131937 0.8 0.8 0.8
vn -0.93297 0.0653255 -0.353978
v 0.0279679 0.00146848 0.0132954 0.8 0.8 0.8
vn -0.9396 0.0942557 -0.329041
v 0.0279674 0.00188887 0.0134345 0.8 0.8 0.8
vn -0.947699 0.120595 -0.295505
v 0.0279667 0.00226172 0.0136078 0.8 0.8 0.8
vn -0.956385 0.143428 -0.254474
v 0.0279659 0.00257888 0.0138117 0.8 0.8 0.8
vn -0.964763 0.161963 -0.207368
v 0.027965 0.00283331 0.0140415 0.8 0.8 0.8
vn -0.972034 0.175602 -0.155927
v 0.027964 0.00301927 0.0142925 0.8 0.8 0.8
vn -0.977602 0.184018 -0.102135
v 0.027963 0.00313257 0.0145601 0.8 0.8 0.8
vn -0.981103 0.18744 -0.0479949
v 0.0279619 0.00317062 0.0148443 0.8 0.8 0.8
vn -0.982825 0.18452 0.0027835
v 0.0279608 0.00313257 0.0151284 0.8 0.8 0.8
vn -0.982867 0.176926 0.0516652
v 0.0279597 0.00301927 0.015396 0.8 0.8 0.8
vn -0.981105 0.166098 0.0992222
v 0.0279587 0.00283331 0.015647 0.8 0.8 0.8
vn -0.978182 0.151285 0.142383
v 0.0279579 0.00257888 0.0158768 0.8 0.8 0.8
vn -0.974493 0.133436 0.180439
v 0.0279571 0.00226172 0.0160807 0.8 0.8 0.8
vn -0.970502 0.113227 0.212853
v 0.0279564 0.00188887 0.016254 0.8 0.8 0.8
vn -0.966638 0.0912596 0.239339
v 0.0279558 0.00146848 0.0163931 0.8 0.8 0.8
vn -0.963264 0.0680704 0.259787
v 0.0279554 0.00100932 0.0164948 0.8 0.8 0.8
vn -0.960654 0.0441421 0.274217
v 0.0279552 0.000519819 0.0165567 0.8 0.8 0.8
vn -0.95889 0.0198819 0.283081
f 2//2 31//31 1//1
f 32//32 31//31 2//2
f 3//3 32//32 2//2
f 33//33 32//32 3//3
f 4//4 33//33 3//3
f 34//34 33//33 4//4
f 5//5 34//34 4//4
f 35//35 34//34 5//5
f 6//6 35//35 5//5
f 36//36 35//35 6//6
f 7//7 36//36 6//6
f 37//37 36//36 7//7
f 8//8 37//37 7//7
f 38//38 37//37 8//8
f 9//9 38//38 8//8
f 39//39 38//38 9//9
f 10//10 39//39 9//9
f 40//40 39//39 10//10
f 11//11 40//40 10//10
f 41//41 40//40 11//11
f 12//12 41//41 11//11
f 42//42 41//41 12//12
f 13//13 42//42 12//12
f 43//43 42//42 13//13
f 14//14 43//43 13//13
f 44//44 43//43 14//14
f 15//15 44//44 14//14
f 45//45 44//44 15//15
f 16//16 45//45 15//15
f 46//46 45//45 16//16
f 17//17 46//46 16//16
f 47//47 46//46 17//17
f 18//18 47//47 17//17
f 48//48 47//47 18//18
f 19//19 48//48 18//18
f 49//49 48//48 19//19
f 20//20 49//49 19//19
f 50//50 49//49 20//20
f 21//21 50//50 20//20
f 51//51 50//50 21//21
f 22//22 51//51 21//21
f 52//52 51//51 22//22
f 23//23 52//52 22//22
f 53//53 52//52 23//23
f 24//24 53//53 23//23
f 54//54 53//53 24//24
f 25//25 54//54 24//24
f 55//55 54//54 25//25
f 26//26 55//55 25//25
f 56//56 55//55 26//26
f 27//27 56//56 26//26
f 57//57 56//56 27//27
f 28//28 57//57 27//27
f 58//58 57//57 28//28
f 29//29 58//58 28//28
f 59//59 58//58 29//29
f 30//30 59//59 29//29
f 60//60 59//59 30//30
f 1//1 60//60 30//30
f 31//31 60//60 1//1
f 32//32 61//61 31//31
f 62//62 61//61 32//32
f 33//33 62//62 32//32
f 63//63 62//62 33//33
f 34//34 63//63 33//33
f 64//64 63//63 34//34
f 35//35 64//64 34//34
f 65//65 64//64 35//35
f 36//36 65//65 35//35
f 66//66 65//65 36//36
f 37//37 66//66 36//36
f 67//67 66//66 37//37
f 38//38 67//67 37//37
f 68//68 67//67 38//38
f 39//39 68//68 38//38
f 69//69 68//68 39//39
f 40//40 69//69 39//39
f 70//70 69//69 40//40
f 41//41 70//70 40//40
f 71//71 70//70 41//41
f 42//42 71//71 41//41
f 72//72 71//71 42//42
f 43//43 72//72 42//42
f 73//73 72//72 43//43
f 44//44 73//73 43//43
f 74//74 73//73 44//44
f 45//45 74//74 44//44
f 75//75 74//74 45//45
f 46//46 75//75 45//45
f 76//76 75//75 46//46
f 47//47 76//76 46//46
f 77//77 76//76 47//47
f 48//48 77//77 47//47
f 78//78 77//77 48//48
f 49//49 78//78 48//48
f 79//79 78//78 49//49
f 50//50 79//79 49//49
f 80//80 79//79 50//50
f 51//51 80//80 50//50
f 81//81 80//80 51//51
f 52//52 81//81 51//51
f 82//82 81//81 52//52
f 53//53 82//82 52//52
f 83//83 82//82 53//53
f 54//54 83//83 53//53
f 84//84 83//83 54//54
f 55//55 84//84 54//54
f 85//85 84//84 55//55
f 56//56 85//85 55//55
f 86//86 85//85 56//56
f 57//57 86//86 56//56
f 87//87 86//86 57//57
f 58//58 87//87 57//57
f 88//88 87//87 58//58
f 59//59 88//88 58//58
f 89//89 88//88 59//59
f 60//60 89//89 59//59
f 90//90 89//89 60//60
f 31//31 90//90 60//60
f 61//61 90//90 31//31
f 62//62 91//91 61//61
f 92//92 91//91 62//62
f 63//63 92//92 62//62
f 93//93 92//92 63//63
f 64//64 93//93 63//63
f 94//94 93//93 64//64
f 65//65 94//94 64//64
f 95//95 94//94 65//65
f 66//66 95//95 65//65
f 96//96 95//95 66//66
f 67//67 96//96 66//66
f 97//97 96//96 67//67
f 68//68 97//97 67//67
f 98//98 97//97 68//68
f 69//69 98//98 68//68
f 99//99 98//98 69//69
f 70//70 99//99 69//69
f 100//100 99//99 70//70
f 71//71 100//100 70//70
f 101//101 100//100 71//71
f 72//72 101//101 71//71
f 102//102 101//101 72//72
f 73//73 102//102 72//72
f 103//103 102//102 73//73
f 74//74 103//103 73//73
f 104//104 103//103 74//74
f 75//75 104//104 74//74
f 105//105 104//104 75//75
f 76//76 105//105 75//75
f 106//106 105//105 76//76
f 77//77 106//106 76//76
f 107//107 106//106 77//77
f 78//78 107//107 77//77
f 108//108 107//107 78//78
f 79//79 108//108 78//78
f 109//109 108//108 79//79
f 80//80 109//109 79//79
f 110//110 109//109 80//80
f 81//81 110//110 80//80
f 111//111 110//110 81//81
f 82//82 111//111 81//81
f 112//112 111//111 82//82
f 83//83 112//112 82//82
f 113//113 112//112 83//83
f 84//84 113//113 83//83
f 114//114 113//113 84//84
f 85//85 114//114 84//84
f 115//115 114//114 85//85
f 86//86 115//115 85//85
f 116//116 115//115 86//86
f 87//87 116//116 86//86
f 117//117 116//116 87//87
f 88//88 117//117 87//87
f 118//118 117//117 88//88
f 89//89 118//118 88//88
f 119//119 118//118 89//89
f 90//90 119//119 89//89
f 120//120 119//119 90//90
f 61//61 120//120 90//90
f 91//91 120//120 61//61
f 92//92 121//121 91//91
f 122//122 121//121 92//92
f 93//93 122//122 92//92
f 123//123 122//122 93//93
f 94//94 123//123 93//93
f 124//124 123//123 94//94
f 95//95 124//124 94//94
f 125//125 124//124 95//95
f 96//96 125//125 95//95
f 126//126 125//125 96//96
f 97//97 126//126 96//96
f 127//127 126//126 97//97
f 98//98 127//127 97//97
f 128//128 127//127 98//98
f 99//99 128//128 98//98
f 129//129 128//128 99//99
f 100//100 129//129 99//99
f 130//130 129//129 100//100
f 101//101 130//130 100//100
f 131//131 130//130 101//101
f 102//102 131//131 101//101
f 132//132 131//131 102//102
f 103//103 132//132 102//102
f 133//133 132//132 103//103
f 104//104 133//133 103//103
f 134//134 133//133 104//104
f 105//105 134//134 104//104
f 135//135 134//134 105//105
f 106//106 135//135 105//105
f 136//136 135//135 106//106
f 107//107 136//136 106//106
f 137//137 136//136 107//107
f 108//108 137//137 107//107
f 138//138 137//137 108//108
f 109//109 138//138 108//108
f 139//139 138//138 109//109
f 110//110 139//139 109//109
f 140//140 139//139 110//110
f 111//111 140//140 110//110
f 141//141 140//140 111//111
f 112//112 141//141 111//111
f 142//142 141//141 112//112
f 113//113 142//142 112//112
f 143//143 142//142 113//113
f 114//114 143//143 113//113
f 144//144 143//143 114//114
f 115//115 144//144 114//114
f 145//145 144//144 115//115
f 116//116 145//145 115//115
f 146//146 145//145 116//116
f 117//117 146//146 116//116
f 147//147 146//146 117//117
f 118//118 147//147 117//117
f 148//148 147//147 118//118
f 119//119 148//148 118//118
f 149//149 148//148 119//119
f 120//120 149//149 119//119
f 150//150 149//149 120//120
f 91//91 150//150 120//120
f 121//121 150//150 91//91
f 122//122 151//151 121//121
f 152//152 151//151 122//122
f 123//123 152//152 122//122
f 153//153 152//152 123//123
f 124//124 153//153 123//123
f 154//154 153//153 124//124
f 125//125 154//154 124//124
f 155//155 154//154 125//125
f 126//126 155//155 125//125
f 156//156 155//155 126//126
f 127//127 156//156 126//126
f 157//157 156//156 127//127
f 128//128 157//157 127//127
f 158//158 157//157 128//128
f 129//129 158//158 128//128
f 159//159 158//158 129//129
f 130//130 159//159 129//129
f 160//160 159//159 130//130
f 131//131 160//160 130//130
f 161//161 160//160 131//131
f 132//132 161//161 131//131
f 162//162 161//161 132//132
f 133//133 162//162 132//132
f 163//163 162//162 133//133
f 134//134 163//163 133//133
f 164//164 163//163 134//134
f 135//135 164//164 134//134
f 165//165 164//164 135//135
f 136//136 165//165 135//135
f 166//166 165//165 136//136
f 137//137 166//166 136//136
f 167//167 166//166 137//137
f 138//138 167//167 137//137
f 168//168 167//167 138//138
f 139//139 168//168 138//138
f 169//169 168//168 139//139
f 140//140 169//169 139//139
f 170//170 169//169 140//140
f 141//141 170//170 140//140
f 171//171 170//170 141//141
f 142//142 171//171 141//141
f 172//172 171//171 142//142
f 143//143 172//172 142//142
f 173//173 172//172 143//143
f 144//144 173//173 143//143
f 174//174 173//173 144//144
f 145//145 174//174 144//144
f 175//175 174//174 145//145
f 146//146 175//175 145//145
f 176//176 175//175 146//146
f 147//147 176//176 146//146
f 177//177 176//176 147//147
f 148//148 177//177 147//147
f 178//178 177//177 148//148
f 149//149 178//178 148//148
f 179//179 178//178 149//149
f 150//150 179//179 149//149
f 180//180 179//179 150//150
f 121//121 180//180 150//150
f 151//151 180//180 121//121
f 152//152 181//181 151//151
f 182//182 181//181 152//152
f 153//153 182//182 152//152
f 183//183 182//182 153//153
f 154//154 183//183 153//153
f 184//184 183//183 154//154
f 155//155 184//184 154//154
f 185//185 184//184 155//155
f 156//156 185//185 155//155
f 186//186 185//185 156//156
f 157//157 186//186 156//156
f 187//187 186//186 157//157
f 158//158 187//187 157//157
f 188//188 187//187 158//158
f 159//159 188//188 158//158
f 189//189 188//188 159//159
f 160//160 189//189 159//159
f 190//190 189//189 160//160
f 161//161 190//190 160//160
f 191//191 190//190 161//161
f 162//162 191//191 161//161
f 192//192 191//191 162//162
f 163//163 192//192 162//162
f 193//193 192//192 163//163
f 164//164 193//193 163//163
f 194//194 193//193 164//164
f 165//165 194//194 164//164
f 195//195 194//194 165//165
f 166//166 195//195 165//165
f 196//196 195//195 166//166
f 167//167 196//196 166//166
f 197//197 196//196 167//167
f 168//168 197//197 167//167
f 198//198 197//197 168//168
f 169//169 198//198 168//168
f 199//199 198//198 169//169
f 170//170 199//199 169//169
f 200//200 199//199 170//170
f 171//171 200//200 170//170
f 201//201 200//200 171//171
f 172//172 201//201 171//171
f 202//202 201//201 172//172
f 173//173 202//202 172//172
f 203//203 202//202 173//173
f 174//174 203//203 173//173
f 204//204 203//203 174//174
f 175//175 204//204 174//174
f 205//205 204//204 175//175
f 176//176 205//205 175//175
f 206//206 205//205 176//176
f 177//177 206//206 176//176
f 207//207 206//206 177//177
f 178//178 207//207 177//177
f 208//208 207//207 178//178
f 179//179 208//208 178//178
f 209//209 208//208 179//179
f 180//180 209//209 179//179
f 210//210 209//209 180//180
f 151//151 210//210 180//180
f 181//181 210//210 151//151
f 182//182 211//211 181//181
f 212//212 211//211 182//182
f 183//183 212//212 182//182
f 213//213 212//212 183//183
f 184//184 213//213 183//183
f 214//214 213//213 184//184
f 185//185 214//214 184//184
f 215//215 214//214 185//185
f 186//186 215//215 185//185
f 216//216 215//215 186//186
f 187//187 216//216 186//186
f 217//217 216//216 187//187
f 188//188 217//217 187//187
f 218//218 217//217 188//188
f 189//189 218//218 188//188
f 219//219 218//218 189//189
f 190//190 219//219 189//189
f 220//220 219//219 190//190
f 191//191 220//220 190//190
f 221//221 220//220 191//191
f 192//192 221//221 191//191
f 222//222 221//221 192//192
f 193//193 222//222 192//192
f 223//223 222//222 193//193
f 194//194 223//223 193//193
f 224//224 223//223 194//194
f 195//195 224//224 194//194
f 225//225 224//224 195//195
f 196//196 225//225 195//195
f 226//226 225//225 196//196
f 197//197 226//226 196//196
f 227//227 226//226 197//197
f 198//198 227//227 197//197
f 228//228 227//227 198//198
f 199//199 228//228 198//198
f 229//229 228//228 199//199
f 200//200 229//229 199//199
f 230//230 229//229 200//200
f 201//201 230//230 200//200
f 231//231 230//230 201//201
f 202//202 231//231 201//201
f 232//232 231//231 202//202
f 203//203 232//232 202//202
f 233//233 232//232 203//203
f 204//204 233//233 203//203
f 234//234 233//233 204//204
f 205//205 234//234 204//204
f 235//235 234//234 205//205
f 206//206 235//235 205//205
f 236//236 235//235 206//206
f 207//207 236//236 206//206
f 237//237 236//236 207//207
f 208//208 237//237 207//207
f 238//238 237//237 208//208
f 209//209 238//238 208//208
f 239//239 238//238 209//209
f 210//210 239//239 209//209
f 240//240 239//239 210//210
f 181//181 240//240 210//210
f 211//211 240//240 181//181
f 212//212 241//241 211//211
f 242//242 241//241 212//212
f 213//213 242//242 212//212
f 243//243 242//242 213//213
f 214//214 243//243 213//213
f 244//244 243//243 214//214
f 215//215 244//244 214//214
f 245//245 244//244 215//215
f 216//216 245//245 215//215
f 246//246 245//245 216//216
f 217//217 246//246 216//216
f 247//247 246//246 217//217
f 218//218 247//247 217//217
f 248//248 247//247 218//218
f 219//219 248//248 218//218
f 249//249 248//248 219//219
f 220//220 249//249 219//219
f 250//250 249//249 220//220
f 221//221 250//250 220//220
f 251//251 250//250 221//221
f 222//222 251//251 221//221
f 252//252 251//251 222//222
f 223//223 252//252 222//222
f 253//253 252//252 223//223
f 224//224 253//253 223//223
f 254//254 253//253 224//224
f 225//225 254//254 224//224
f 255//255 254//254 225//225
f 226//226 255//255 225//225
f 256//256 255//255 226//226
f 227//227 256//256 226//226
f 257//257 256//256 227//227
f 228//228 257//257 227//227
f 258//258 257//257 228//228
f 229//229 258//258 228//228
f 259//259 258//258 229//229
f 230//230 259//259 229//229
f 260//260 259//259 230//230
f 231//231 260//260 230//230
f 261//261 260//260 231//231
f 232//232 261//261 231//231
f 262//262 261//261 232//232
f 233//233 262//262 232//232
f 263//263 262//262 233//233
f 234//234 263//263 233//233
f 264//264 263//263 234//234
f 235//235 264//264 234//234
f 265//265 264//264 235//235
f 236//236 265//265 235//235
f 266//266 265//265 236//236
f 237//237 266//266 236//236
f 267//267 266//266 237//237
f 238//238 267//267 237//237
f 268//268 267//267 238//238
f 239//239 268//268 238//238
f 269//269 268//268 239//239
f 240//240 269//269 239//239
f 270//270 269//269 240//240
f 211//211 270//270 240//240
f 241//241 270//270 211//211
f 242//242 271//271 241//241
f 272//272 271//271 242//242
f 243//243 272//272 242//242
f 273//273 272//272 243//243
f 244//244 273//273 243//243
f 274//274 273//273 244//244
f 245//245 274//274 244//244
f 275//275 274//274 245//245
f 246//246 275//275 245//245
f 276//276 275//275 246//246
f 247//247 276//276 246//246
f 277//277 276//276 247//247
f 248//248 277//277 247//247
f 278//278 277//277 248//248
f 249//249 278//278 248//248
f 279//279 278//278 249//249
f 250//250 279//279 249//249
f 280//280 279//279 250//250
f 251//251 280//280 250//250
f 281//281 280//280 251//251
f 252//252 281//281 251//251
f 282//282 281//281 252//252
f 253//253 282//282 252//252
f 283//283 282//282 253//253
f 254//254 283//283 253//253
f 284//284 283//283 254//254
f 255//255 284//284 254//254
f 285//285 284//284 255//255
f 256//256 285//285 255//255
f 286//286 285//285 256//256
f 257//257 286//286 256//256
f 287//287 286//286 257//257
f 258//258 287//287 257//257
f 288//288 287//287 258//258
f 259//259 288//288 258//258
f 289//289 288//288 259//259
f 260//260 289//289 259//259
f 290//290 289//289 260//260
f 261//261 290//290 260//260
f 291//291 290//290 261//261
f 262//262 291//291 261//261
f 292//292 291//291 262//262
f 263//263 292//292 262//262
f 293//293 292//292 263//263
f 264//264 293//293 263//263
f 294//294 293//293 264//264
f 265//265 294//294 264//264
f 295//295 294//294 265//265
f 266//266 295//295 265//265
f 296//296 295//295 266//266
f 267//267 296//296 266//266
f 297//297 296//296 267//267
f 268//268 297//297 267//267
f 298//298 297//297 268//268
f 269//269 298//298 268//268
f 299//299 298//298 269//269
f 270//270 299//299 269//269
f 300//300 299//299 270//270
f 241//241 300//300 270//270
f 271//271 300//300 241//241
f 272//272 301//301 271//271
f 302//302 301//301 272//272
f 273//273 302//302 272//272
f 303//303 302//302 273//273
f 274//274 303//303 273//273
f 304//304 303//303 274//274
f 275//275 304//304 274//274
f 305//305 304//304 275//275
f 276//276 305//305 275//275
f 306//306 305//305 276//276
f 277//277 306//306 276//276
f 307//307 306//306 277//277
f 278//278 307//307 277//277
f 308//308 307//307 278//278
f 279//279 308//308 278//278
f 309//309 308//308 279//279
f 280//280 309//309 279//279
f 310//310 309//309 280//280
f 281//281 310//310 280//280
f 311//311 310//310 281//281
f 282//282 311//311 281//281
f 312//312 311//311 282//282
f 283//283 312//312 282//282
f 313//313 312//312 283//283
f 284//284 313//313 283//283
f 314//314 313//313 284//284
f 285//285 314//314 284//284
f 315//315 314//314 285//285
f 286//286 315//315 285//285
f 316//316 315//315 286//286
f 287//287 316//316 286//286
f 317//317 316//316 287//287
f 288//288 317//317 287//287
f 318//318 317//317 288//288
f 289//289 318//318 288//288
f 319//319 318//318 289//289
f 290//290 319//319 289//289
f 320//320 319//319 290//290
f 291//291 320//320 290//290
f 321//321 320//320 291//291
f 292//292 321//321 291//291
f 322//322 321//321 292//292
f 293//293 322//322 292//292
f 323//323 322//322 293//293
f 294//294 323//323 293//293
f 324//324 323//323 294//294
f 295//295 324//324 294//294
f 325//325 324//324 295//295
f 296//296 325//325 295//295
f 326//326 325//325 296//296
f 297//297 326//326 296//296
f 327//327 326//326 297//297
f 298//298 327//327 297//297
f 328//328 327//327 298//298
f 299//299 328//328 298//298
f 329//329 328//328 299//299
f 300//300 329//329 299//299
f 330//330 329//329 300//300
f 271//271 330//330 300//300
f 301//301 330//330 271//271
f 302//302 331//331 301//301
f 332//332 331//331 302//302
f 303//303 332//332 302//302
f 333//333 332//332 303//303
f 304//304 333//333 303//303
f 334//334 333//333 304//304
f 305//305 334//334 304//304
f 335//335 334//334 305//305
f 306//306 335//335 305//305
f 336//336 335//335 306//306
f 307//307 336//336 306//306
f 337//337 336//336 307//307
f 308//308 337//337 307//307
f 338//338 337//337 308//308
f 309//309 338//338 308//308
f 339//339 338//338 309//309
f 310//310 339//339 309//309
f 340//340 339//339 310//310
f 311//311 340//340 310//310
f 341//341 340//340 311//311
f 312//312 341//341 311//311
f 342//342 341//341 312//312
f 313//313 342//342 312//312
f 343//343 342//342 313//313
f 314//314 343//343 313//313
f 344//344 343//343 314//314
f 315//315 344//344 314//314
f 345//345 344//344 315//315
f 316//316 345//345 315//315
f 346//346 345//345 316//316
f 317//317 346//346 316//316
f 347//347 346//346 317//317
f 318//318 347//347 317//317
f 348//348 347//347 318//318
f 319//319 348//348 318//318
f 349//349 348//348 319//319
f 320//320 349//349 319//319
f 350//350 349//349 320//320
f 321//321 350//350 320//320
f 351//351 350//350 321//321
f 322//322 351//351 321//321
f 352//352 351//351 322//322
f 323//323 352//352 322//322
f 353//353 352//352 323//323
f 324//324 353//353 323//323
f 354//354 353//353 324//324
f 325//325 354//354 324//324
f 355//355 354//354 325//325
f 326//326 355//355 325//325
f 356//356 355//355 326//326
f 327//327 356//356 326//326
f 357//357 356//356 327//327
f 328//328 357//357 327//327
f 358//358 357//357 328//328
f 329//329 358//358 328//328
f 359//359 358//358 329//329
f 330//330 359//359 329//329
f 360//360 359//359 330//330
f 301//301 360//360 330//330
f 331//331 360//360 301//301
f 332//332 361//361 331//331
f 362//362 361//361 332//332
f 333//333 362//362 332//332
f 363//363 362//362 333//333
f 334//334 363//363 333//333
f 364//364 363//363 334//334
f 335//335 364//364 334//334
f 365//365 364//364 335//335
f 336//336 365//365 335//335
f 366//366 365//365 336//336
f 337//337 366//366 336//336
f 367//367 366//366 337//337
f 338//338 367//367 337//337
f 368//368 367//367 338//338
f 339//339 368//368 338//338
f 369//369 368//368 339//339
f 340//340 369//369 339//339
f 370//370 369//369 340//340
f 341//341 370//370 340//340
f 371//371 370//370 341//341
f 342//342 371//371 341//341
f 372//372 371//371 342//342
f 343//343 372//372 342//342
f 373//373 372//372 343//343
f 344//344 373//373 343//343
f 374//374 373//373 344//344
f 345//345 374//374 344//344
f 375//375 374//374 345//345
f 346//346 375//375 345//345
f 376//376 375//375 346//346
f 347//347 376//376 346//346
f 377//377 376//376 347//347
f 348//348 377//377 347//347
f 378//378 377//377 348//348
f 349//349 378//378 348//348
f 379//379 378//378 349//349
f 350//350 379//379 349//349
f 380//380 379//379 350//350
f 351//351 380//380 350//350
f 381//381 380//380 351//351
f 352//352 381//381 351//351
f 382//382 381//381 352//352
f 353//353 382//382 352//352
f 383//383 382//382 353//353
f 354//354 383//383 353//353
f 384//384 383//383 354//354
f 355//355 384//384 354//354
f 385//385 384//384 355//355
f 356//356 385//385 355//355
f 386//386 385//385 356//356
f 357//357 386//386 356//356
f 387//387 386//386 357//357
f 358//358 387//387 357//357
f 388//388 387//387 358//358
f 359//359 388//388 358//358
f 389//389 388//388 359//359
f 360//360 389//389 359//359
f 390//390 389//389 360//360
f 331//331 390//390 360//360
f 361//361 390//390 331//331
f 362//362 391//391 361//361
f 392//392 391//391 362//362
f 363//363 392//392 362//362
f 393//393 392//392 363//363
f 364//364 393//393 363//363
f 394//394 393//393 364//364
f 365//365 394//394 364//364
f 395//395 394//394 365//365
f 366//366 395//395 365//365
f 396//396 395//395 366//366
f 367//367 396//396 366//366
f 397//397 396//396 367//367
f 368//368 397//397 367//367
f 398//398 397//397 368//368
f 369//369 398//398 368//368
f 399//399 398//398 369//369
f 370//370 399//399 369//369
f 400//400 399//399 370//370
f 371//371 400//400 370//370
f 401//401 400//400 371//371
f 372//372 401//401 371//371
f 402//402 401//401 372//372
f 373//373 402//402 372//372
f 403//403 402//402 373//373
f 374//374 403//403 373//373
f 404//404 403//403 374//374
f 375//375 404//404 374//374
f 405//405 404//404 375//375
f 376//376 405//405 375//375
f 406//406 405//405 376//376
f 377//377 406//406 376//376
f 407//407 406//406 377//377
f 378//378 407//407 377//377
f 408//408 407//407 378//378
f 379//379 408//408 378//378
f 409//409 408//408 379//379
f 380//380 409//409 379//379
f 410//410 409//409 380//380
f 381//381 410//410 380//380
f 411//411 410//410 381//381
f 382//382 411//411 381//381
f 412//412 411//411 382//382
f 383//383 412//412 382//382
f 413//413 412//412 383//383
f 384//384 413//413 383//383
f 414//414 413//413 384//384
f 385//385 414//414 384//384
f 415//415 414//414 385//385
f 386//386 415//415 385//385
f 416//416 415//415 386//386
f 387//387 416//416 386//386
f 417//417 416//416 387//387
f 388//388 417//417 387//387
f 418//418 417//417 388//388
f 389//389 418//418 388//388
f 419//419 418//418 389//389
f 390//390 419//419 389//389
f 420//420 419//419 390//390
f 361//361 420//420 390//390
f 391//391 420//420 361//361
f 392//392 421//421 391//391
f 422//422 421//421 392//392
f 393//393 422//422 392//392
f 423//423 422//422 393//393
f 394//394 423//423 393//393
f 424//424 423//423 394//394
f 395//395 424//424 394//394
f 425//425 424//424 395//395
f 396//396 425//425 395//395
f 426//426 425//425 396//396
f 397//397 426//426 396//396
f 427//427 426//426 397//397
f 398//398 427//427 397//397
f 428//428 427//427 398//398
f 399//399 428//428 398//398
f 429//429 428//428 399//399
f 400//400 429//429 399//399
f 430//430 429//429 400//400
f 401//401 430//430 400//400
f 431//431 430//430 401//401
f 402//402 431//431 401//401
f 432//432 431//431 402//402
f 403//403 432//432 402//402
f 433//433 432//432 403//403
f 404//404 433//433 403//403
f 434//434 433//433 404//404
f 405//405 434//434 404//404
f 435//435 434//434 405//405
f 406//406 435//435 405//405
f 436//436 435//435 406//406
f 407//407 436//436 406//406
f 437//437 436//436 407//407
f 408//408 437//437 407//407
f 438//438 437//437 408//408
f 409//409 438//438 408//408
f 439//439 438//438 409//409
f 410//410 439//439 409//409
f 440//440 439//439 410//410
f 411//411 440//440 410//410
f 441//441 440//440 411//411
f 412//412 441//441 411//411
f 442//442 441//441 412//412
f 413//413 442//442 412//412
f 443//443 442//442 413//413
f 414//414 443//443 413//413
f 444//444 443//443 414//414
f 415//415 444//444 414//414
f 445//445 444//444 415//415
f 416//416 445//445 415//415
f 446//446 445//445 416//416
f 417//417 446//446 416//416
f 447//447 446//446 417//417
f 418//418 447//447 417//417
f 448//448 447//447 418//418
f 419//419 448//448 418//418
f 449//449 448//448 419//419
f 420//420 449//449 419//419
f 450//450 449//449 420//420
f 391//391 450//450 420//420
f 421//421 450//450 391//391
f 422//422 451//451 421//421
f 452//452 451//451 422//422
f 423//423 452//452 422//422
f 453//453 452//452 423//423
f 424//424 453//453 423//423
f 454//454 453//453 424//424
f 425//425 454//454 424//424
f 455//455 454//454 425//425
f 426//426 455//455 425//425
f 456//456 455//455 426//426
f 427//427 456//456 426//426
f 457//457 456//456 427//427
f 428//428 457//457 427//427
f 458//458 457//457 428//428
f 429//429 458//458 428//428
f 459//459 458//458 429//429
f 430//430 459//459 429//429
f 460//460 459//459 430//430
f 431//431 460//460 430//430
f 461//461 460//460 431//431
f 432//432 461//461 431//431
f 462//462 461//461 432//432
f 433//433 462//462 432//432
f 463//463 462//462 433//433
f 434//434 463//463 433//433
f 464//464 463//463 434//434
f 435//435 464//464 434//434
f 465//465 464//464 435//435
f 436//436 465//465 435//435
f 466//466 465//465 436//436
f 437//437 466//466 436//436
f 467//467 466//466 437//437
f 438//438 467//467 437//437
f 468//468 467//467 438//438
f 439//439 468//468 438//438
f 469//469 468//468 439//439
f 440//440 469//469 439//439
f 470//470 469//469 440//440
f 441//441 470//470 440//440
f 471//471 470//470 441//441
f 442//442 471//471 441//441
f 472//472 471//471 442//442
f 443//443 472//472 442//442
f 473//473 472//472 443//443
f 444//444 473//473 443//443
f 474//474 473//473 444//444
f 445//445 474//474 444//444
f 475//475 474//474 445//445
f 446//446 475//475 445//445
f 476//476 475//475 446//446
f 447//447 476//476 446//446
f 477//477 476//476 447//447
f 448//448 477//477 447//447
f 478//478 477//477 448//448
f 449//449 478//478 448//448
f 479//479 478//478 449//449
f 450//450 479//479 449//449
f 480//480 479//479 450//450
f 421//421 480//480 450//450
f 451//451 480//480 421//421
f 452//452 481//481 451//451
f 482//482 481//481 452//452
f 453//453 482//482 452//452
f 483//483 482//482 453//453
f 454//454 483//483 453//453
f 484//484 483//483 454//454
f 455//455 484//484 454//454
f 485//485 484//484 455//455
f 456//456 485//485 455//455
f 486//486 485//485 456//456
f 457//457 486//486 456//456
f 487//487 486//486 457//457
f 458//458 487//487 457//457
f 488//488 487//487 458//458
f 459//459 488//488 458//458
f 489//489 488//488 459//459
f 460//460 489//489 459//459
f 490//490 489//489 460//460
f 461//461 490//490 460//460
f 491//491 490//490 461//461
f 462//462 491//491 461//461
f 492//492 491//491 462//462
f 463//463 492//492 462//462
f 493//493 492//492 463//463
f 464//464 493//493 463//463
f 494//494 493//493 464//464
f 465//465 494//494 464//464
f 495//495 494//494 465//465
f 466//466 495//495 465//465
f 496//496 495//495 466//466
f 467//467 496//496 466//466
f 497//497 496//496 467//467
f 468//468 497//497 467//467
f 498//498 497//497 468//468
f 469//469 498//498 468//468
f 499//499 498//498 469//469
f 470//470 499//499 469//469
f 500//500 499//499 470//470
f 471//471 500//500 470//470
f 501//501 500//500 471//471
f 472//472 501//501 471//471
f 502//502 501//501 472//472
f 473//473 502//502 472//472
f 503//503 502//502 473//473
f 474//474 503//503 473//473
f 504//504 503//503 474//474
f 475//475 504//504 474//474
f 505//505 504//504 475//475
f 476//476 505//505 475//475
f 506//506 505//505 476//476
f 477//477 506//506 476//476
f 507//507 506//506 477//477
f 478//478 507//507 477//477
f 508//508 507//507 478//478
f 479//479 508//508 478//478
f 509//509 508//508 479//479
f 480//480 509//509 479//479
f 510//510 509//509 480//480
f 451//451 510//510 480//480
f 481//481 510//510 451//451
f 482//482 511//511 481//481
f 512//512 511//511 482//482
f 483//483 512//512 482//482
f 513//513 512//512 483//483
f 484//484 513//513 483//483
f 514//514 513//513 484//484
f 485//485 514//514 484//484
f 515//515 514//514 485//485
f 486//486 515//515 485//485
f 516//516 515//515 486//486
f 487//487 516//516 486//486
f 517//517 516//516 487//487
f 488//488 517//517 487//487
f 518//518 517//517 488//488
f 489//489 518//518 488//488
f 519//519 518//518 489//489
f 490//490 519//519 489//489
f 520//520 519//519 490//490
f 491//491 520//520 490//490
f 521//521 520//520 491//491
f 492//492 521//521 491//491
f 522//522 521//521 492//492
f 493//493 522//522 492//492
f 523//523 522//522 493//493
f 494//494 523//523 493//493
f 524//524 523//523 494//494
f 495//495 524//524 494//494
f 525//525 524//524 495//495
f 496//496 525//525 495//495
f 526//526 525//525 496//496
f 497//497 526//526 496//496
f 527//527 526//526 497//497
f 498//498 527//527 497//497
f 528//528 527//527 498//498
f 499//499 528//528 498//498
f 529//529 528//528 499//499
f 500//500 529//529 499//499
f 530//530 529//529 500//500
f 501//501 530//530 500//500
f 531//531 530//530 501//501
f 502//502 531//531 501//501
f 532//532 531//531 502//502
f 503//503 532//532 502//502
f 533//533 532//532 503//503
f 504//504 533//533 503//503
f 534//534 533//533 504//504
f 505//505 534//534 504//504
f 535//535 534//534 505//505
f 506//506 535//535 505//505
f 536//536 535//535 506//506
f 507//507 536//536 506//506
f 537//537 536//536 507//507
f 508//508 537//537 507//507
f 538//538 537//537 508//508
f 509//509 538//538 508//508
f 539//539 538//538 509//509
f 510//510 539//539 509//509
f 540//540 539//539 510//510
f 481//481 540//540 510//510
f 511//511 540//540 481//481
f 512//512 541//541 511//511
f 542//542 541//541 512//512
f 513//513 542//542 512//512
f 543//543 542//542 513//513
f 514//514 543//543 513//513
f 544//544 543//543 514//514
f 515//515 544//544 514//514
f 545//545 544//544 515//515
f 516//516 545//545 515//515
f 546//546 545//545 516//516
f 517//517 546//546 516//516
f 547//547 546//546 517//517
f 518//518 547//547 517//517
f 548//548 547//547 518//518
f 519//519 548//548 518//518
f 549//549 548//548 519//519
f 520//520 549//549 519//519
f 550//550 549//549 520//520
f 521//521 550//550 520//520
f 551//551 550//550 521//521
f 522//522 551//551 521//521
f 552//552 551//551 522//522
f 523//523 552//552 522//522
f 553//553 552//552 523//523
f 524//524 553//553 523//523
f 554//554 553//553 524//524
f 525//525 554//554 524//524
f 555//555 554//554 525//525
f 526//526 555//555 525//525
f 556//556 555//555 526//526
f 527//527 556//556 526//526
f 557//557 556//556 527//527
f 528//528 557//557 527//527
f 558//558 557//557 528//528
f 529//529 558//558 528//528
f 559//559 558//558 529//529
f 530//530 559//559 529//529
f 560//560 559//559 530//530
f 531//531 560//560 530//530
f 561//561 560//560 531//531
f 532//532 561//561 531//531
f 562//562 561//561 532//532
f 533//533 562//562 532//532
f 563//563 562//562 533//533
f 534//534 563//563 533//533
f 564//564 563//563 534//534
f 535//535 564//564 534//534
f 565//565 564//564 535//535
f 536//536 565//565 535//535
f 566//566 565//565 536//536
f 537//537 566//566 536//536
f 567//567 566//566 537//537
f 538//538 567//567 537//537
f 568//568 567//567 538//538
f 539//539 568//568 538//538
f 569//569 568//568 539//539
f 540//540 569//569 539//539
f 570//570 569//569 540//540
f 511//511 570//570 540//540
f 541//541 570//570 511//511
f 542//542 571//571 541//541
f 572//572 571//571 542//542
f 543//543 572//572 542//542
f 573//573 572//572 543//543
f 544//544 573//573 543//543
f 574//574 573//573 544//544
f 545//545 574//574 544//544
f 575//575 574//574 545//545
f 546//546 575//575 545//545
f 576//576 575//575 546//546
f 547//547 576//576 546//546
f 577//577 576//576 547//547
f 548//548 577//577 547//547
f 578//578 577//577 548//548
f 549//549 578//578 548//548
f 579//579 578//578 549//549
f 550//550 579//579 549//549
f 580//580 579//579 550//550
f 551//551 580//580 550//550
f 581//581 580//580 551//551
f 552//552 581//581 551//551
f 582//582 581//581 552//552
f 553//553 582//582 552//552
f 583//583 582//582 553//553
f 554//554 583//583 553//553
f 584//584 583//583 554//554
f 555//555 584//584 554//554
f 585//585 584//584 555//555
f 556//556 585//585 555//555
f 586//586 585//585 556//556
f 557//557 586//586 556//556
f 587//587 586//586 557//557
f 558//558 587//587 557//557
f 588//588 587//587 558//558
f 559//559 588//588 558//558
f 589//589 588//588 559//559
f 560//560 589//589 559//559
f 590//590 589//589 560//560
f 561//561 590//590 560//560
f 591//591 590//590 561//561
f 562//562 591//591 561//561
f 592//592 591//591 562//562
f 563//563 592//592 562//562
f 593//593 592//592 563//563
f 564//564 593//593 563//563
f 594//594 593//593 564//564
f 565//565 594//594 564//564
f 595//595 594//594 565//565
f 566//566 595//595 565//565
f 596//596 595//595 566//566
f 567//567 596//596 566//566
f 597//597 596//596 567//567
f 568//568 597//597 567//567
f 598//598 597//597 568//568
f 569//569 598//598 568//568
f 599//599 598//598 569//569
f 570//570 599//599 569//569
f 600//600 599//599 570//570
f 541//541 600//600 570//570
f 571//571 600//600 541//541
f 572//572 601//601 571//571
f 602//602 601//601 572//572
f 573//573 602//602 572//572
f 603//603 602//602 573//573
f 574//574 603//603 573//573
f 604//604 603//603 574//574
f 575//575 604//604 574//574
f 605//605 604//604 575//575
f 576//576 605//605 575//575
f 606//606 605//605 576//576
f 577//577 606//606 576//576
f 607//607 606//606 577//577
f 578//578 607//607 577//577
f 608//608 607//607 578//578
f 579//579 608//608 578//578
f 609//609 608//608 579//579
f 580//580 609//609 579//579
f 610//610 609//609 580//580
f 581//581 610//610 580//580
f 611//611 610//610 581//581
f 582//582 611//611 581//581
f 612//612 611//611 582//582
f 583//583 612//612 582//582
f 613//613 612//612 583//583
f 584//584 613//613 583//583
f 614//614 613//613 584//584
f 585//585 614//614 584//584
f 615//615 614//614 585//585
f 586//586 615//615 585//585
f 616//616 615//615 586//586
f 587//587 616//616 586//586
f 617//617 616//616 587//587
f 588//588 617//617 587//587
f 618//618 617//617 588//588
f 589//589 618//618 588//588
f 619//619 618//618 589//589
f 590//590 619//619 589//589
f 620//620 619//619 590//590
f 591//591 620//620 590//590
f 621//621 620//620 591//591
f 592//592 621//621 591//591
f 622//622 621//621 592//592
f 593//593 622//622 592//592
f 623//623 622//622 593//593
f 594//594 623//623 593//593
f 624//624 623//623 594//594
f 595//595 624//624 594//594
f 625//625 624//624 595//595
f 596//596 625//625 595//595
f 626//626 625//625 596//596
f 597//597 626//626 596//596
f 627//627 626//626 597//597
f 598//598 627//627 597//597
f 628//628 627//627 598//598
f 599//599 628//628 598//598
f 629//629 628//628 599//599
f 600//600 629//629 599//599
f 630//630 629//629 600//600
f 571//571 630//630 600//600
f 601//601 630//630 571//571
f 661//661 632//632 631//631
f 661//661 662//662 632//632
f 662//662 633//633 632//632
f 662//662 663//663 633//633
f 663//663 634//634 633//633
f 663//663 664//664 634//634
f 664//664 635//635 634//634
f 664//664 665//665 635//635
f 665//665 636//636 635//635
f 665//665 666//666 636//636
f 666//666 637//637 636//636
f 666//666 667//667 637//637
f 667//667 638//638 637//637
f 667//667 668//668 638//638
f 668//668 639//639 638//638
f 668//668 669//669 639//639
f 669//669 640//640 639//639
f 669//669 670//670 640//640
f 670//670 641//641 640//640
f 670//670 671//671 641//641
f 671//671 642//642 641//641
f 671//671 672//672 642//642
f 672//672 643//643 642//642
f 672//672 673//673 643//643
f 673//673 644//644 643//643
f 673//673 674//674 644//644
f 674//674 645//645 644//644
f 674//674 675//675 645//645
f 675//675 646//646 645//645
f 675//675 676//676 646//646
f 676//676 647//647 646//646
f 676//676 677//677 647//647
f 677//677 648//648 647//647
f 677//677 678//678 648//648
f 678//678 649//649 648//648
f 678//678 679//679 649//649
f 679//679 650//650 649//649
f 679//679 680//680 650//650
f 680//680 651//651 650//650
f 680//680 681//681 651//651
f 681//681 652//652 651//651
f 681//681 682//682 652//652
f 682//682 653//653 652//652
f 682//682 683//683 653//653
f 683//683 654//654 653//653
f 683//683 684//684 654//654
f 684//684 655//655 654//654
f 684//684 685//685 655//655
f 685//685 656//656 655//655
f 685//685 686//686 656//656
f 686//686 657//657 656//656
f 686//686 687//687 657//657
f 687//687 658//658 657//657
f 687//687 688//688 658//658
f 688//688 659//659 658//658
f 688//688 689//689 659//659
f 689//689 660//660 659//659
f 689//689 690//690 660//660
f 690//690 631//631 660//660
f 690//690 661//661 631//631
f 691//691 662//662 661//661
f 691//691 692//692 662//662
f 692//692 663//663 662//662
f 692//692 693//693 663//663
f 693//693 664//664 663//663
f 693//693 694//694 664//664
f 694//694 665//665 664//664
f 694//694 695//695 665//665
f 695//695 666//666 665//665
f 695//695 696//696 666//666
f 696//696 667//667 666//666
f 696//696 697//697 667//667
f 697//697 668//668 667//667
f 697//697 698//698 668//668
f 698//698 669//669 668//668
f 698//698 699//699 669//669
f 699//699 670//670 669//669
f 699//699 700//700 670//670
f 700//700 671//671 670//670
f 700//700 701//701 671//671
f 701//701 672//672 671//671
f 701//701 702//702 672//672
f 702//702 673//673 672//672
f 702//702 703//703 673//673
f 703//703 674//674 673//673
f 703//703 704//704 674//674
f 704//704 675//675 674//674
f 704//704 705//705 675//675
f 705//705 676//676 675//675
f 705//705 706//706 676//676
f 706//706 677//677 676//676
f 706//706 707//707 677//677
f 707//707 678//678 677//677
f 707//707 708//708 678//678
f 708//708 679//679 678//678
f 708//708 709//709 679//679
f 709//709 680//680 679//679
f 709//709 710//710 680//680
f 710//710 681//681 680//680
f 710//710 711//711 681//681
f 711//711 682//682 681//681
f 711//711 712//712 682//682
f 712//712 683//683 682//682
f 712//712 713//713 683//683
f 713//713 684//684 683//683
f 713//713 714//714 684//684
f 714//714 685//685 684//684
f 714//714 715//715 685//685
f 715//715 686//686 685//685
f 715//715 716//716 686//686
f 716//716 687//687 686//686
f 716//716 717//717 687//687
f 717//717 688//688 687//687
f 717//717 718//718 688//688
f 718//718 689//689 688//688
f 718//718 719//719 689//689
f 719//719 690//690 689//689
f 719//719 720//720 690//690
f 720//720 661//661 690//690
f 720//720 691//691 661//661
f 721//721 692//692 691//691
f 721//721 722//722 692//692
f 722//722 693//693 692//692
f 722//722 723//723 693//693
f 723//723 694//694 693//693
f 723//723 724//724 694//694
f 724//724 695//695 694//694
f 724//724 725//725 695//695
f 725//725 696//696 695//695
f 725//725 726//726 696//696
f 726//726 697//697 696//696
f 726//726 727//727 697//697
f 727//727 698//698 697//697
f 727//727 728//728 698//698
f 728//728 699//699 698//698
f 728//728 729//729 699//699
f 729//729 700//700 699//699
f 729//729 730//730 700//700
f 730//730 701//701 700//700
f 730//730 731//731 701//701
f 731//731 702//702 701//701
f 731//731 732//732 702//702
f 732//732 703//703 702//702
f 732//732 733//733 703//703
f 733//733 704//704 703//703
f 733//733 734//734 704//704
f 734//734 705//705 704//704
f 734//734 735//735 705//705
f 735//735 706//706 705//705
f 735//735 736//736 706//706
f 736//736 707//707 706//706
f 736//736 737//737 707//707
f 737//737 708//708 707//707
f 737//737 738//738 708//708
f 738//738 709//709 708//708
f 738//738 739//739 709//709
f 739//739 710//710 709//709
f 739//739 740//740 710//710
f 740//740 711//711 710//710
f 740//740 741//741 711//711
f 741//741 712//712 711//711
f 741//741 742//742 712//712
f 742//742 713//713 712//712
f 742//742 743//743 713//713
f 743//743 714//714 713//713
f 743//743 744//744 714//714
f 744//744 715//715 714//714
f 744//744 745//745 715//715
f 745//745 716//716 715//715
f 745//745 746//746 716//716
f 746//746 717//717 716//716
f 746//746 747//747 717//717
f 747//747 718//718 717//717
f 747//747 748//748 718//718
f 748//748 719//719 718//718
f 748//748 749//749 719//719
f 749//749 720//720 719//719
f 749//749 750//750 720//720
f 750//750 691//691 720//720
f 750//750 721//721 691//691
f 751//751 722//722 721//721
f 751//751 752//752 722//722
f 752//752 723//723 722//722
f 752//752 753//753 723//723
f 753//753 724//724 723//723
f 753//753 754//754 724//724
f 754//754 725//725 724//724
f 754//754 755//755 725//725
f 755//755 726//726 725//725
f 755//755 756//756 726//726
f 756//756 727//727 726//726
f 756//756 757//757 727//727
f 757//757 728//728 727//727
f 757//757 758//758 728//728
f 758//758 729//729 728//728
f 758//758 759//759 729//729
f 759//759 730//730 729//729
f 759//759 760//760 730//730
f 760//760 731//731 730//730
f 760//760 761//761 731//731
f 761//761 732//732 731//731
f 761//761 762//762 732//732
f 762//762 733//733 732//732
f 762//762 763//763 733//733
f 763//763 734//734 733//733
f 763//763 764//764 734//734
f 764//764 735//735 734//734
f 764//764 765//765 735//735
f 765//765 736//736 735//735
f 765//765 766//766 736//736
f 766//766 737//737 736//736
f 766//766 767//767 737//737
f 767//767 738//738 737//737
f 767//767 768//768 738//738
f 768//768 739//739 738//738
f 768//768 769//769 739//739
f 769//769 740//740 739//739
f 769//769 770//770 740//740
f 770//770 741//741 740//740
f 770//770 771//771 741//741
f 771//771 742//742 741//741
f 771//771 772//772 742//742
f 772//772 743//743 742//742
f 772//772 773//773 743//743
f 773//773 744//744 743//743
f 773//773 774//774 744//744
f 774//774 745//745 744//744
f 774//774 775//775 745//745
f 775//775 746//746 745//745
f 775//775 776//776 746//746
f 776//776 747//747 746//746
f 776//776 777//777 747//747
f 777//777 748//748 747//747
f 777//777 778//778 748//748
f 778//778 749//749 748//748
f 778//778 779//779 749//749
f 779//779 750//750 749//749
f 779//779 780//780 750//750
f 780//780 721//721 750//750
f 780//780 751//751 721//721
f 781//781 752//752 751//751
f 781//781 782//782 752//752
f 782//782 753//753 752//752
f 782//782 783//783 753//753
f 783//783 754//754 753//753
f 783//783 784//784 754//754
f 784//784 755//755 754//754
f 784//784 785//785 755//755
f 785//785 756//756 755//755
f 785//785 786//786 756//756
f 786//786 757//757 756//756
f 786//786 787//787 757//757
f 787//787 758//758 757//757
f 787//787 788//788 758//758
f 788//788 759//759 758//758
f 788//788 789//789 759//759
f 789//789 760//760 759//759
f 789//789 790//790 760//760
f 790//790 761//761 760//760
f 790//790 791//791 761//761
f 791//791 762//762 761//761
f 791//791 792//792 762//762
f 792//792 763//763 762//762
f 792//792 793//793 763//763
f 793//793 764//764 763//763
f 793//793 794//794 764//764
f 794//794 765//765 764//764
f 794//794 795//795 765//765
f 795//795 766//766 765//765
f 795//795 796//796 766//766
f 796//796 767//767 766//766
f 796//796 797//797 767//767
f 797//797 768//768 767//767
f 797//797 798//798 768//768
f 798//798 769//769 768//768
f 798//798 799//799 769//769
f 799//799 770//770 769//769
f 799//799 800//800 770//770
f 800//800 771//771 770//770
f 800//800 801//801 771//771
f 801//801 772//772 771//771
f 801//801 802//802 772//772
f 802//802 773//773 772//772
f 802//802 803//803 773//773
f 803//803 774//774 773//773
f 803//803 804//804 774//774
f 804//804 775//775 774//774
f 804//804 805//805 775//775
f 805//805 776//776 775//775
f 805//805 806//806 776//776
f 806//806 777//777 776//776
f 806//806 807//807 777//777
f 807//807 778//778 777//777
f 807//807 808//808 778//778
f 808//808 779//779 778//778
f 808//808 809//809 779//779
f 809//809 780//780 779//779
f 809//809 810//810 780//780
f 810//810 751//751 780//780
f 810//810 781//781 751//751
f 811//811 782//782 781//781
f 811//811 812//812 782//782
f 812//812 783//783 782//782
f 812//812 813//813 783//783
f 813//813 784//784 783//783
f 813//813 814//814 784//784
f 814//814 785//785 784//784
f 814//814 815//815 785//785
f 815//815 786//786 785//785
f 815//815 816//816 786//786
f 816//816 787//787 786//786
f 816//816 817//817 787//787
f 817//817 788//788 787//787
f 817//817 818//818 788//788
f 818//818 789//789 788//788
f 818//818 819//819 789//789
f 819//819 790//790 789//789
f 819//819 820//820 790//790
f 820//820 791//791 790//790
f 820//820 821//821 791//791
f 821//821 792//792 791//791
f 821//821 822//822 792//792
f 822//822 793//793 792//792
f 822//822 823//823 793//793
f 823//823 794//794 793//793
f 823//823 824//824 794//794
f 824//824 795//795 794//794
f 824//824 825//825 795//795
f 825//825 796//796 795//795
f 825//825 826//826 796//796
f 826//826 797//797 796//796
f 826//826 827//827 797//797
f 827//827 798//798 797//797
f 827//827 828//828 798//798
f 828//828 799//799 798//798
f 828//828 829//829 799//799
f 829//829 800//800 799//799
f 829//829 830//830 800//800
f 830//830 801//801 800//800
f 830//830 831//831 801//801
f 831//831 802//802 801//801
f 831//831 832//832 802//802
f 832//832 803//803 802//802
f 832//832 833//833 803//803
f 833//833 804//804 803//803
f 833//833 834//834 804//804
f 834//834 805//805 804//804
f 834//834 835//835 805//805
f 835//835 806//806 805//805
f 835//835 836//836 806//806
f 836//836 807//807 806//806
f 836//836 837//837 807//807
f 837//837 808//808 807//807
f 837//837 838//838 808//808
f 838//838 809//809 808//808
f 838//838 839//839 809//809
f 839//839 810//810 809//809
f 839//839 840//840 810//810
f 840//840 781//781 810//810
f 840//840 811//811 781//781
f 841//841 812//812 811//811
f 841//841 842//842 812//812
f 842//842 813//813 812//812
f 842//842 843//843 813//813
f 843//843 814//814 813//813
f 843//843 844//844 814//814
f 844//844 815//815 814//814
f 844//844 845//845 815//815
f 845//845 816//816 815//815
f 845//845 846//846 816//816
f 846//846 817//817 816//816
f 846//846 847//847 817//817
f 847//847 818//818 817//817
f 847//847 848//848 818//818
f 848//848 819//819 818//818
f 848//848 849//849 819//819
f 849//849 820//820 819//819
f 849//849 850//850 820//820
f 850//850 821//821 820//820
f 850//850 851//851 821//821
f 851//851 822//822 821//821
f 851//851 852//852 822//822
f 852//852 823//823 822//822
f 852//852 853//853 823//823
f 853//853 824//824 823//823
f 853//853 854//854 824//824
f 854//854 825//825 824//824
f 854//854 855//855 825//825
f 855//855 826//826 825//825
f 855//855 856//856 826//826
f 856//856 827//827 826//826
f 856//856 857//857 827//827
f 857//857 828//828 827//827
f 857//857 858//858 828//828
f 858//858 829//829 828//828
f 858//858 859//859 829//829
f 859//859 830//830 829//829
f 859//859 860//860 830//830
f 860//860 831//831 830//830
f 860//860 861//861 831//831
f 861//861 832//832 831//831
f 861//861 862//862 832//832
f 862//862 833//833 832//832
f 862//862 863//863 833//833
f 863//863 834//834 833//833
f 863//863 864//864 834//834
f 864//864 835//835 834//834
f 864//864 865//865 835//835
f 865//865 836//836 835//835
f 865//865 866//866 836//836
f 866//866 837//837 836//836
f 866//866 867//867 837//837
f 867//867 838//838 837//837
f 867//867 868//868 838//838
f 868//868 839//839 838//838
f 868//868 869//869 839//839
f 869//869 840//840 839//839
f 869//869 870//870 840//840
f 870//870 811//811 840//840
f 870//870 841//841 811//811
f 871//871 842//842 841//841
f 871//871 872//872 842//842
f 872//872 843//843 842//842
f 872//872 873//873 843//843
f 873//873 844//844 843//843
f 873//873 874//874 844//844
f 874//874 845//845 844//844
f 874//874 875//875 845//845
f 875//875 846//846 845//845
f 875//875 876//876 846//846
f 876//876 847//847 846//846
f 876//876 877//877 847//847
f 877//877 848//848 847//847
f 877//877 878//878 848//848
f 878//878 849//849 848//848
f 878//878 879//879 849//849
f 879//879 850//850 849//849
f 879//879 880//880 850//850
f 880//880 851//851 850//850
f 880//880 881//881 851//851
f 881//881 852//852 851//851
f 881//881 882//882 852//852
f 882//882 853//853 852//852
f 882//882 883//883 853//853
f 883//883 854//854 853//853
f 883//883 884//884 854//854
f 884//884 855//855 854//854
f 884//884 885//885 855//855
f 885//885 856//856 855//855
f 885//885 886//886 856//856
f 886//886 857//857 856//856
f 886//886 887//887 857//857
f 887//887 858//858 857//857
f 887//887 888//888 858//858
f 888//888 859//859 858//858
f 888//888 889//889 859//859
f 889//889 860//860 859//859
f 889//889 890//890 860//860
f 890//890 861//861 860//860
f 890//890 891//891 861//861
f 891//891 862//862 861//861
f 891//891 892//892 862//862
f 892//892 863//863 862//862
f 892//892 893//893 863//863
f 893//893 864//864 863//863
f 893//893 894//894 864//864
f 894//894 865//865 864//864
f 894//894 895//895 865//865
f 895//895 866//866 865//865
f 895//895 896//896 866//866
f 896//896 867//867 866//866
f 896//896 897//897 867//867
f 897//897 868//868 867//867
f 897//897 898//898 868//868
f 898//898 869//869 868//868
f 898//898 899//899 869//869
f 899//899 870//870 869//869
f 899//899 900//900 870//870
f 900//900 841//841 870//870
f 900//900 871//871 841//841
f 901//901 872//872 871//871
f 901//901 902//902 872//872
f 902//902 873//873 872//872
f 902//902 903//903 873//873
f 903//903 874//874 873//873
f 903//903 904//904 874//874
f 904//904 875//875 874//874
f 904//904 905//905 875//875
f 905//905 876//876 875//875
f 905//905 906//906 876//876
f 906//906 877//877 876//876
f 906//906 907//907 877//877
f 907//907 878//878 877//877
f 907//907 908//908 878//878
f 908//908 879//879 878//878
f 908//908 909//909 879//879
f 909//909 880//880 879//879
f 909//909 910//910 880//880
f 910//910 881//881 880//880
f 910//910 911//911 881//881
f 911//911 882//882 881//881
f 911//911 912//912 882//882
f 912//912 883//883 882//882
f 912//912 913//913 883//883
f 913//913 884//884 883//883
f 913//913 914//914 884//884
f 914//914 885//885 884//884
f 914//914 915//915 885//885
f 915//915 886//886 885//885
f 915//915 916//916 886//886
f 916//916 887//887 886//886
f 916//916 917//917 887//887
f 917//917 888//888 887//887
f 917//917 918//918 888//888
f 918//918 889//889 888//888
f 918//918 919//919 889//889
f 919//919 890//890 889//889
f 919//919 920//920 890//890
f 920//920 891//891 890//890
f 920//920 921//921 891//891
f 921//921 892//892 891//891
f 921//921 922//922 892//892
f 922//922 893//893 892//892
f 922//922 923//923 893//893
f 923//923 894//894 893//893
f 923//923 924//924 894//894
f 924//924 895//895 894//894
f 924//924 925//925 895//895
f 925//925 896//896 895//895
f 925//925 926//926 896//896
f 926//926 897//897 896//896
f 926//926 927//927 897//897
f 927//927 898//898 897//897
f 927//927 928//928 898//898
f 928//928 899//899 898//898
f 928//928 929//929 899//899
f 929//929 900//900 899//899
f 929//929 930//930 900//900
f 930//930 871//871 900//900
f 930//930 901//901 871//871
f 931//931 902//902 901//901
f 931//931 932//932 902//902
f 932//932 903//903 902//902
f 932//932 933//933 903//903
f 933//933 904//904 903//903
f 933//933 934//934 904//904
f 934//934 905//905 904//904
f 934//934 935//935 905//905
f 935//935 906//906 905//905
f 935//935 936//936 906//906
f 936//936 907//907 906//906
f 936//936 937//937 907//907
f 937//937 908//908 907//907
f 937//937 938//938 908//908
f 938//938 909//909 908//908
f 938//938 939//939 909//909
f 939//939 910//910 909//909
f 939//939 940//940 910//910
f 940//940 911//911 910//910
f 940//940 941//941 911//911
f 941//941 912//912 911//911
f 941//941 942//942 912//912
f 942//942 913//913 912//912
f 942//942 943//943 913//913
f 943//943 914//914 913//913
f 943//943 944//944 914//914
f 944//944 915//915 914//914
f 944//944 945//945 915//915
f 945//945 916//916 915//915
f 945//945 946//946 916//916
f 946//946 917//917 916//916
f 946//946 947//947 917//917
f 947//947 918//918 917//917
f 947//947 948//948 918//918
f 948//948 919//919 918//918
f 948//948 949//949 919//919
f 949//949 920//920 919//919
f 949//949 950//950 920//920
f 950//950 921//921 920//920
f 950//950 951//951 921//921
f 951//951 922//922 921//921
f 951//951 952//952 922//922
f 952//952 923//923 922//922
f 952//952 953//953 923//923
f 953//953 924//924 923//923
f 953//953 954//954 924//924
f 954//954 925//925 924//924
f 954//954 955//955 925//925
f 955//955 926//926 925//925
f 955//955 956//956 926//926
f 956//956 927//927 926//926
f 956//956 957//957 927//927
f 957//957 928//928 927//927
f 957//957 958//958 928//928
f 958//958 929//929 928//928
f 958//958 959//959 929//929
f 959//959 930//930 929//929
f 959//959 960//960 930//930
f 960//960 901//901 930//930
f 960//960 931//931 901//901
f 961//961 932//932 931//931
f 961//961 962//962 932//932
f 962//962 933//933 932//932
f 962//962 963//963 933//933
f 963//963 934//934 933//933
f 963//963 964//964 934//934
f 964//964 935//935 934//934
f 964//964 965//965 935//935
f 965//965 936//936 935//935
f 965//965 966//966 936//936
f 966//966 937//937 936//936
f 966//966 967//967 937//937
f 967//967 938//938 937//937
f 967//967 968//968 938//938
f 968//968 939//939 938//938
f 968//968 969//969 939//939
f 969//969 940//940 939//939
f 969//969 970//970 940//940
f 970//970 941//941 940//940
f 970//970 971//971 941//941
f 971//971 942//942 941//941
f 971//971 972//972 942//942
f 972//972 943//943 942//942
f 972//972 973//973 943//943
f 973//973 944//944 943//943
f 973//973 974//974 944//944
f 974//974 945//945 944//944
f 974//974 975//975 945//945
f 975//975 946//946 945//945
f 975//975 976//976 946//946
f 976//976 947//947 946//946
f 976//976 977//977 947//947
f 977//977 948//948 947//947
f 977//977 978//978 948//948
f 978//978 949//949 948//948
f 978//978 979//979 949//949
f 979//979 950//950 949//949
f 979//979 980//980 950//950
f 980//980 951//951 950//950
f 980//980 981//981 951//951
f 981//981 952//952 951//951
f 981//981 982//982 952//952
f 982//982 953//953 952//952
f 982//982 983//983 953//953
f 983//983 954//954 953//953
f 983//983 984//984 954//954
f 984//984 955//955 954//954
f 984//984 985//985 955//955
f 985//985 956//956 955//955
f 985//985 986//986 956//956
f 986//986 957//957 956//956
f 986//986 987//987 957//957
f 987//987 958//958 957//957
f 987//987 988//988 958//958
f 988//988 959//959 958//958
f 988//988 989//989 959//959
f 989//989 960//960 959//959
f 989//989 990//990 960//960
f 990//990 931//931 960//960
f 990//990 961//961 931//931
f 991//991 962//962 961//961
f 991//991 992//992 962//962
f 992//992 963//963 962//962
f 992//992 993//993 963//963
f 993//993 964//964 963//963
f 993//993 994//994 964//964
f 994//994 965//965 964//964
f 994//994 995//995 965//965
f 995//995 966//966 965//965
f 995//995 996//996 966//966
f 996//996 967//967 966//966
f 996//996 997//997 967//967
f 997//997 968//968 967//967
f 997//997 998//998 968//968
f 998//998 969//969 968//968
f 998//998 999//999 969//969
f 999//999 970//970 969//969
f 999//999 1000//1000 970//970
f 1000//1000 971//971 970//970
f 1000//1000 1001//1001 971//971
f 1001//1001 972//972 971//971
f 1001//1001 1002//1002 972//972
f 1002//1002 973//973 972//972
f 1002//1002 1003//1003 973//973
f 1003//1003 974//974 973//973
f 1003//1003 1004//1004 974//974
f 1004//1004 975//975 974//974
f 1004//1004 1005//1005 975//975
f 1005//1005 976//976 975//975
f 1005//1005 1006//1006 976//976
f 1006//1006 977//977 976//976
f 1006//1006 1007//1007 977//977
f 1007//1007 978//978 977//977
f 1007//1007 1008//1008 978//978
f 1008//1008 979//979 978//978
f 1008//1008 1009//1009 979//979
f 1009//1009 980//980 979//979
f 1009//1009 1010//1010 980//980
f 1010//1010 981//981 980//980
f 1010//1010 1011//1011 981//981
f 1011//1011 982//982 981//981
f 1011//1011 1012//1012 982//982
f 1012//1012 983//983 982//982
f 1012//1012 1013//1013 983//983
f 1013//1013 984//984 983//983
f 1013//1013 1014//1014 984//984
f 1014//1014 985//985 984//984
f 1014//1014 1015//1015 985//985
f 1015//1015 986//986 985//985
f 1015//1015 1016//1016 986//986
f 1016//1016 987//987 986//986
f 1016//1016 1017//1017 987//987
f 1017//1017 988//988 987//987
f 1017//1017 1018//1018 988//988
f 1018//1018 989//989 988//988
f 1018//1018 1019//1019 989//989
f 1019//1019 990//990 989//989
f 1019//1019 1020//1020 990//990
f 1020//1020 961//961 990//990
f 1020//1020 991//991 961//961
f 1021//1021 992//992 991//991
f 1021//1021 1022//1022 992//992
f 1022//1022 993//993 992//992
f 1022//1022 1023//1023 993//993
f 1023//1023 994//994 993//993
f 1023//1023 1024//1024 994//994
f 1024//1024 995//995 994//994
f 1024//1024 1025//1025 995//995
f 1025//1025 996//996 995//995
f 1025//1025 1026//1026 996//996
f 1026//1026 997//997 996//996
f 1026//1026 1027//1027 997//997
f 1027//1027 998//998 997//997
f 1027//1027 1028//1028 998//998
f 1028//1028 999//999 998//998
f 1028//1028 1029//1029 999//999
f 1029//1029 1000//1000 999//999
f 1029//1029 1030//1030 1000//1000
f 1030//1030 1001//1001 1000//1000
f 1030//1030 1031//1031 1001//1001
f 1031//1031 1002//1002 1001//1001
f 1031//1031 1032//1032 1002//1002
f 1032//1032 1003//1003 1002//1002
f 1032//1032 1033//1033 1003//1003
f 1033//1033 1004//1004 1003//1003
f 1033//1033 1034//1034 1004//1004
f 1034//1034 1005//1005 1004//1004
f 1034//1034 1035//1035 1005//1005
f 1035//1035 1006//1006 1005//1005
f 1035//1035 1036//1036 1006//1006
f 1036//1036 1007//1007 1006//1006
f 1036//1036 1037//1037 1007//1007
f 1037//1037 1008//1008 1007//1007
f 1037//1037 1038//1038 1008//1008
f 1038//1038 1009//1009 1008//1008
f 1038//1038 1039//1039 1009//1009
f 1039//1039 1010//1010 1009//1009
f 1039//1039 1040//1040 1010//1010
f 1040//1040 1011//1011 1010//1010
f 1040//1040 1041//1041 1011//1011
f 1041//1041 1012//1012 1011//1011
f 1041//1041 1042//1042 1012//1012
f 1042//1042 1013//1013 1012//1012
f 1042//1042 1043//1043 1013//1013
f 1043//1043 1014//1014 1013//1013
f 1043//1043 1044//1044 1014//1014
f 1044//1044 1015//1015 1014//1014
f 1044//1044 1045//1045 1015//1015
f 1045//1045 1016//1016 1015//1015
f 1045//1045 1046//1046 1016//1016
f 1046//1046 1017//1017 1016//1016
f 1046//1046 1047//1047 1017//1017
f 1047//1047 1018//1018 1017//1017
f 1047//1047 1048//1048 1018//1018
f 1048//1048 1019//1019 1018//1018
f 1048//1048 1049//1049 1019//1019
f 1049//1049 1020//1020 1019//1019
f 1049//1049 1050//1050 1020//1020
f 1050//1050 991//991 1020//1020
f 1050//1050 1021//1021 991//991
f 1051//1051 1022//1022 1021//1021
f 1051//1051 1052//1052 1022//1022
f 1052//1052 1023//1023 1022//1022
f 1052//1052 1053//1053 1023//1023
f 1053//1053 1024//1024 1023//1023
f 1053//1053 1054//1054 1024//1024
f 1054//1054 1025//1025 1024//1024
f 1054//1054 1055//1055 1025//1025
f 1055//1055 1026//1026 1025//1025
f 1055//1055 1056//1056 1026//1026
f 1056//1056 1027//1027 1026//1026
f 1056//1056 1057//1057 1027//1027
f 1057//1057 1028//1028 1027//1027
f 1057//1057 1058//1058 1028//1028
f 1058//1058 1029//1029 1028//1028
f 1058//1058 1059//1059 1029//1029
f 1059//1059 1030//1030 1029//1029
f 1059//1059 1060//1060 1030//1030
f 1060//1060 1031//1031 1030//1030
f 1060//1060 1061//1061 1031//1031
f 1061//1061 1032//1032 1031//1031
f 1061//1061 1062//1062 1032//1032
f 1062//1062 1033//1033 1032//1032
f 1062//1062 1063//1063 1033//1033
f 1063//1063 1034//1034 1033//1033
f 1063//1063 1064//1064 1034//1034
f 1064//1064 1035//1035 1034//1034
f 1064//1064 1065//1065 1035//1035
f 1065//1065 1036//1036 1035//1035
f 1065//1065 1066//1066 1036//1036
f 1066//1066 1037//1037 1036//1036
f 1066//1066 1067//1067 1037//1037
f 1067//1067 1038//1038 1037//1037
f 1067//1067 1068//1068 1038//1038
f 1068//1068 1039//1039 1038//1038
f 1068//1068 1069//1069 1039//1039
f 1069//1069 1040//1040 1039//1039
f 1069//1069 1070//1070 1040//1040
f 1070//1070 1041//1041 1040//1040
f 1070//1070 1071//1071 1041//1041
f 1071//1071 1042//1042 1041//1041
f 1071//1071 1072//1072 1042//1042
f 1072//1072 1043//1043 1042//1042
f 1072//1072 1073//1073 1043//1043
f 1073//1073 1044//1044 1043//1043
f 1073//1073 1074//1074 1044//1044
f 1074//1074 1045//1045 1044//1044
f 1074//1074 1075//1075 1045//1045
f 1075//1075 1046//1046 1045//1045
f 1075//1075 1076//1076 1046//1046
f 1076//1076 1047//1047 1046//1046
f 1076//1076 1077//1077 1047//1047
f 1077//1077 1048//1048 1047//1047
f 1077//1077 1078//1078 1048//1048
f 1078//1078 1049//1049 1048//1048
f 1078//1078 1079//1079 1049//1049
f 1079//1079 1050//1050 1049//1049
f 1079//1079 1080//1080 1050//1050
f 1080//1080 1021//1021 1050//1050
f 1080//1080 1051//1051 1021//1021
f 1081//1081 1052//1052 1051//1051
f 1081//1081 1082//1082 1052//1052
f 1082//1082 1053//1053 1052//1052
f 1082//1082 1083//1083 1053//1053
f 1083//1083 1054//1054 1053//1053
f 1083//1083 1084//1084 1054//1054
f 1084//1084 1055//1055 1054//1054
f 1084//1084 1085//1085 1055//1055
f 1085//1085 1056//1056 1055//1055
f 1085//1085 1086//1086 1056//1056
f 1086//1086 1057//1057 1056//1056
f 1086//1086 1087//1087 1057//1057
f 1087//1087 1058//1058 1057//1057
f 1087//1087 1088//1088 1058//1058
f 1088//1088 1059//1059 1058//1058
f 1088//1088 1089//1089 1059//1059
f 1089//1089 1060//1060 1059//1059
f 1089//1089 1090//1090 1060//1060
f 1090//1090 1061//1061 1060//1060
f 1090//1090 1091//1091 1061//1061
f 1091//1091 1062//1062 1061//1061
f 1091//1091 1092//1092 1062//1062
f 1092//1092 1063//1063 1062//1062
f 1092//1092 1093//1093 1063//1063
f 1093//1093 1064//1064 1063//1063
f 1093//1093 1094//1094 1064//1064
f 1094//1094 1065//1065 1064//1064
f 1094//1094 1095//1095 1065//1065
f 1095//1095 1066//1066 1065//1065
f 1095//1095 1096//1096 1066//1066
f 1096//1096 1067//1067 1066//1066
f 1096//1096 1097//1097 1067//1067
f 1097//1097 1068//1068 1067//1067
f 1097//1097 1098//1098 1068//1068
f 1098//1098 1069//1069 1068//1068
f 1098//1098 1099//1099 1069//1069
f 1099//1099 1070//1070 1069//1069
f 1099//1099 1100//1100 1070//1070
f 1100//1100 1071//1071 1070//1070
f 1100//1100 1101//1101 1071//1071
f 1101//1101 1072//1072 1071//1071
f 1101//1101 1102//1102 1072//1072
f 1102//1102 1073//1073 1072//1072
f 1102//1102 1103//1103 1073//1073
f 1103//1103 1074//1074 1073//1073
f 1103//1103 1104//1104 1074//1074
f 1104//1104 1075//1075 1074//1074
f 1104//1104 1105//1105 1075//1075
f 1105//1105 1076//1076 1075//1075
f 1105//1105 1106//1106 1076//1076
f 1106//1106 1077//1077 1076//1076
f 1106//1106 1107//1107 1077//1077
f 1107//1107 1078//1078 1077//1077
f 1107//1107 1108//1108 1078//1078
f 1108//1108 1079//1079 1078//1078
f 1108//1108 1109//1109 1079//1079
f 1109//1109 1080//1080 1079//1079
f 1109//1109 1110//1110 1080//1080
f 1110//1110 1051//1051 1080//1080
f 1110//1110 1081//1081 1051//1051
f 1111//1111 1082//1082 1081//1081
f 1111//1111 1112//1112 1082//1082
f 1112//1112 1083//1083 1082//1082
f 1112//1112 1113//1113 1083//1083
f 1113//1113 1084//1084 1083//1083
f 1113//1113 1114//1114 1084//1084
f 1114//1114 1085//1085 1084//1084
f 1114//1114 1115//1115 1085//1085
f 1115//1115 1086//1086 1085//1085
f 1115//1115 1116//1116 1086//1086
f 1116//1116 1087//1087 1086//1086
f 1116//1116 1117//1117 1087//1087
f 1117//1117 1088//1088 1087//1087
f 1117//1117 1118//1118 1088//1088
f 1118//1118 1089//1089 1088//1088
f 1118//1118 1119//1119 1089//1089
f 1119//1119 1090//1090 1089//1089
f 1119//1119 1120//1120 1090//1090
f 1120//1120 1091//1091 1090//1090
f 1120//1120 1121//1121 1091//1091
f 1121//1121 1092//1092 1091//1091
f 1121//1121 1122//1122 1092//1092
f 1122//1122 1093//1093 1092//1092
f 1122//1122 1123//1123 1093//1093
f 1123//1123 1094//1094 1093//1093
f 1123//1123 1124//1124 1094//1094
f 1124//1124 1095//1095 1094//1094
f 1124//1124 1125//1125 1095//1095
f 1125//1125 1096//1096 1095//1095
f 1125//1125 1126//1126 1096//1096
f 1126//1126 1097//1097 1096//1096
f 1126//1126 1127//1127 1097//1097
f 1127//1127 1098//1098 1097//1097
f 1127//1127 1128//1128 1098//1098
f 1128//1128 1099//1099 1098//1098
f 1128//1128 1129//1129 1099//1099
f 1129//1129 1100//1100 1099//1099
f 1129//1129 1130//1130 1100//1100
f 1130//1130 1101//1101 1100//1100
f 1130//1130 1131//1131 1101//1101
f 1131//1131 1102//1102 1101//1101
f 1131//1131 1132//1132 1102//1102
f 1132//1132 1103//1103 1102//1102
f 1132//1132 1133//1133 1103//1103
f 1133//1133 1104//1104 1103//1103
f 1133//1133 1134//1134 1104//1104
f 1134//1134 1105//1105 1104//1104
f 1134//1134 1135//1135 1105//1105
f 1135//1135 1106//1106 1105//1105
f 1135//1135 1136//1136 1106//1106
f 1136//1136 1107//1107 1106//1106
f 1136//1136 1137//1137 1107//1107
f 1137//1137 1108//1108 1107//1107
f 1137//1137 1138//1138 1108//1108
f 1138//1138 1109//1109 1108//1108
f 1138//1138 1139//1139 1109//1109
f 1139//1139 1110//1110 1109//1109
f 1139//1139 1140//1140 1110//1110
f 1140//1140 1081//1081 1110//1110
f 1140//1140 1111//1111 1081//1081
f 1141//1141 1112//1112 1111//1111
f 1141//1141 1142//1142 1112//1112
f 1142//1142 1113//1113 1112//1112
f 1142//1142 1143//1143 1113//1113
f 1143//1143 1114//1114 1113//1113
f 1143//1143 1144//1144 1114//1114
f 1144//1144 1115//1115 1114//1114
f 1144//1144 1145//1145 1115//1115
f 1145//1145 1116//1116 1115//1115
f 1145//1145 1146//1146 1116//1116
f 1146//1146 1117//1117 1116//1116
f 1146//1146 1147//1147 1117//1117
f 1147//1147 1118//1118 1117//1117
f 1147//1147 1148//1148 1118//1118
f 1148//1148 1119//1119 1118//1118
f 1148//1148 1149//1149 1119//1119
f 1149//1149 1120//1120 1119//1119
f 1149//1149 1150//1150 1120//1120
f 1150//1150 1121//1121 1120//1120
f 1150//1150 1151//1151 1121//1121
f 1151//1151 1122//1122 1121//1121
f 1151//1151 1152//1152 1122//1122
f 1152//1152 1123//1123 1122//1122
f 1152//1152 1153//1153 1123//1123
f 1153//1153 1124//1124 1123//1123
f 1153//1153 1154//1154 1124//1124
f 1154//1154 1125//1125 1124//1124
f 1154//1154 1155//1155 1125//1125
f 1155//1155 1126//1126 1125//1125
f 1155//1155 1156//1156 1126//1126
f 1156//1156 1127//1127 1126//1126
f 1156//1156 1157//1157 1127//1127
f 1157//1157 1128//1128 1127//1127
f 1157//1157 1158//1158 1128//1128
f 1158//1158 1129//1129 1128//1128
f 1158//1158 1159//1159 1129//1129
f 1159//1159 1130//1130 1129//1129
f 1159//1159 1160//1160 1130//1130
f 1160//1160 1131//1131 1130//1130
f 1160//1160 1161//1161 1131//1131
f 1161//1161 1132//1132 1131//1131
f 1161//1161 1162//1162 1132//1132
f 1162//1162 1133//1133 1132//1132
f 1162//1162 1163//1163 1133//1133
f 1163//1163 1134//1134 1133//1133
f 1163//1163 1164//1164 1134//1134
f 1164//1164 1135//1135 1134//1134
f 1164//1164 1165//1165 1135//1135
f 1165//1165 1136//1136 1135//1135
f 1165//1165 1166//1166 1136//1136
f 1166//1166 1137//1137 1136//1136
f 1166//1166 1167//1167 1137//1137
f 1167//1167 1138//1138 1137//1137
f 1167//1167 1168//1168 1138//1138
f 1168//1168 1139//1139 1138//1138
f 1168//1168 1169//1169 1139//1139
f 1169//1169 1140//1140 1139//1139
f 1169//1169 1170//1170 1140//1140
f 1170//1170 1111//1111 1140//1140
f 1170//1170 1141//1141 1111//1111
f 1171//1171 1142//1142 1141//1141
f 1171//1171 1172//1172 1142//1142
f 1172//1172 1143//1143 1142//1142
f 1172//1172 1173//1173 1143//1143
f 1173//1173 1144//1144 1143//1143
f 1173//1173 1174//1174 1144//1144
f 1174//1174 1145//1145 1144//1144
f 1174//1174 1175//1175 1145//1145
f 1175//1175 1146//1146 1145//1145
f 1175//1175 1176//1176 1146//1146
f 1176//1176 1147//1147 1146//1146
f 1176//1176 1177//1177 1147//1147
f 1177//1177 1148//1148 1147//1147
f 1177//1177 1178//1178 1148//1148
f 1178//1178 1149//1149 1148//1148
f 1178//1178 1179//1179 1149//1149
f 1179//1179 1150//1150 1149//1149
f 1179//1179 1180//1180 1150//1150
f 1180//1180 1151//1151 1150//1150
f 1180//1180 1181//1181 1151//1151
f 1181//1181 1152//1152 1151//1151
f 1181//1181 1182//1182 1152//1152
f 1182//1182 1153//1153 1152//1152
f 1182//1182 1183//1183 1153//1153
f 1183//1183 1154//1154 1153//1153
f 1183//1183 1184//1184 1154//1154
f 1184//1184 1155//1155 1154//1154
f 1184//1184 1185//1185 1155//1155
f 1185//1185 1156//1156 1155//1155
f 1185//1185 1186//1186 1156//1156
f 1186//1186 1157//1157 1156//1156
f 1186//1186 1187//1187 1157//1157
f 1187//1187 1158//1158 1157//1157
f 1187//1187 1188//1188 1158//1158
f 1188//1188 1159//1159 1158//1158
f 1188//1188 1189//1189 1159//1159
f 1189//1189 1160//1160 1159//1159
f 1189//1189 1190//1190 1160//1160
f 1190//1190 1161//1161 1160//1160
f 1190//1190 1191//1191 1161//1161
f 1191//1191 1162//1162 1161//1161
f 1191//1191 1192//1192 1162//1162
f 1192//1192 1163//1163 1162//1162
f 1192//1192 1193//1193 1163//1163
f 1193//1193 1164//1164 1163//1163
f 1193//1193 1194//1194 1164//1164
f 1194//1194 1165//1165 1164//1164
f 1194//1194 1195//1195 1165//1165
f 1195//1195 1166//1166 1165//1165
f 1195//1195 1196//1196 1166//1166
f 1196//1196 1167//1167 1166//1166
f 1196//1196 1197//1197 1167//1167
f 1197//1197 1168//1168 1167//1167
f 1197//1197 1198//1198 1168//1168
f 1198//1198 1169//1169 1168//1168
f 1198//1198 1199//1199 1169//1169
f 1199//1199 1170//1170 1169//1169
f 1199//1199 1200//1200 1170//1170
f 1200//1200 1141//1141 1170//1170
f 1200//1200 1171//1171 1141//1141
f 1201//1201 1172//1172 1171//1171
f 1201//1201 1202//1202 1172//1172
f 1202//1202 1173//1173 1172//1172
f 1202//1202 1203//1203 1173//1173
f 1203//1203 1174//1174 1173//1173
f 1203//1203 1204//1204 1174//1174
f 1204//1204 1175//1175 1174//1174
f 1204//1204 1205//1205 1175//1175
f 1205//1205 1176//1176 1175//1175
f 1205//1205 1206//1206 1176//1176
f 1206//1206 1177//1177 1176//1176
f 1206//1206 1207//1207 1177//1177
f 1207//1207 1178//1178 1177//1177
f 1207//1207 1208//1208 1178//1178
f 1208//1208 1179//1179 1178//1178
f 1208//1208 1209//1209 1179//1179
f 1209//1209 1180//1180 1179//1179
f 1209//1209 1210//1210 1180//1180
f 1210//1210 1181//1181 1180//1180
f 1210//1210 1211//1211 1181//1181
f 1211//1211 1182//1182 1181//1181
f 1211//1211 1212//1212 1182//1182
f 1212//1212 1183//1183 1182//1182
f 1212//1212 1213//1213 1183//1183
f 1213//1213 1184//1184 1183//1183
f 1213//1213 1214//1214 1184//1184
f 1214//1214 1185//1185 1184//1184
f 1214//1214 1215//1215 1185//1185
f 1215//1215 1186//1186 1185//1185
f 1215//1215 1216//1216 1186//1186
f 1216//1216 1187//1187 1186//1186
f 1216//1216 1217//1217 1187//1187
f 1217//1217 1188//1188 1187//1187
f 1217//1217 1218//1218 1188//1188
f 1218//1218 1189//1189 1188//1188
f 1218//1218 1219//1219 1189//1189
f 1219//1219 1190//1190 1189//1189
f 1219//1219 1220//1220 1190//1190
f 1220//1220 1191//1191 1190//1190
f 1220//1220 1221//1221 1191//1191
f 1221//1221 1192//1192 1191//1191
f 1221//1221 1222//1222 1192//1192
f 1222//1222 1193//1193 1192//1192
f 1222//1222 1223//1223 1193//1193
f 1223//1223 1194//1194 1193//1193
f 1223//1223 1224//1224 1194//1194
f 1224//1224 1195//1195 1194//1194
f 1224//1224 1225//1225 1195//1195
f 1225//1225 1196//1196 1195//1195
f 1225//1225 1226//1226 1196//1196
f 1226//1226 1197//1197 1196//1196
f 1226//1226 1227//1227 1197//1197
f 1227//1227 1198//1198 1197//1197
f 1227//1227 1228//1228 1198//1198
f 1228//1228 1199//1199 1198//1198
f 1228//1228 1229//1229 1199//1199
f 1229//1229 1200//1200 1199//1199
f 1229//1229 1230//1230 1200//1200
f 1230//1230 1171//1171 1200//1200
f 1230//1230 1201//1201 1171//1171
f 1231//1231 1202//1202 1201//1201
f 1231//1231 1232//1232 1202//1202
f 1232//1232 1203//1203 1202//1202
f 1232//1232 1233//1233 1203//1203
f 1233//1233 1204//1204 1203//1203
f 1233//1233 1234//1234 1204//1204
f 1234//1234 1205//1205 1204//1204
f 1234//1234 1235//1235 1205//1205
f 1235//1235 1206//1206 1205//1205
f 1235//1235 1236//1236 1206//1206
f 1236//1236 1207//1207 1206//1206
f 1236//1236 1237//1237 1207//1207
f 1237//1237 1208//1208 1207//1207
f 1237//1237 1238//1238 1208//1208
f 1238//1238 1209//1209 1208//1208
f 1238//1238 1239//1239 1209//1209
f 1239//1239 1210//1210 1209//1209
f 1239//1239 1240//1240 1210//1210
f 1240//1240 1211//1211 1210//1210
f 1240//1240 1241//1241 1211//1211
f 1241//1241 1212//1212 1211//1211
f 1241//1241 1242//1242 1212//1212
f 1242//1242 1213//1213 1212//1212
f 1242//1242 1243//1243 1213//1213
f 1243//1243 1214//1214 1213//1213
f 1243//1243 1244//1244 1214//1214
f 1244//1244 1215//1215 1214//1214
f 1244//1244 1245//1245 1215//1215
f 1245//1245 1216//1216 1215//1215
f 1245//1245 1246//1246 1216//1216
f 1246//1246 1217//1217 1216//1216
f 1246//1246 1247//1247 1217//1217
f 1247//1247 1218//1218 1217//1217
f 1247//1247 1248//1248 1218//1218
f 1248//1248 1219//1219 1218//1218
f 1248//1248 1249//1249 1219//1219
f 1249//1249 1220//1220 1219//1219
f 1249//1249 1250//1250 1220//1220
f 1250//1250 1221//1221 1220//1220
f 1250//1250 1251//1251 1221//1221
f 1251//1251 1222//1222 1221//1221
f 1251//1251 1252//1252 1222//1222
f 1252//1252 1223//1223 1222//1222
f 1252//1252 1253//1253 1223//1223
f 1253//1253 1224//1224 1223//1223
f 1253//1253 1254//1254 1224//1224
f 1254//1254 1225//1225 1224//1224
f 1254//1254 1255//1255 1225//1225
f 1255//1255 1226//1226 1225//1225
f 1255//1255 1256//1256 1226//1226
f 1256//1256 1227//1227 1226//1226
f 1256//1256 1257//1257 1227//1227
f 1257//1257 1228//1228 1227//1227
f 1257//1257 1258//1258 1228//1228
f 1258//1258 1229//1229 1228//1228
f 1258//1258 1259//1259 1229//1229
f 1259//1259 1230//1230 1229//1229
f 1259//1259 1260//1260 1230//1230
f 1260//1260 1201//1201 1230//1230
f 1260//1260 1231//1231 1201//1201
f 2//2 1//1 632//632
f 3//3 2//2 633//633
f 4//4 3//3 634//634
f 5//5 4//4 635//635
f 6//6 5//5 636//636
f 7//7 6//6 637//637
f 8//8 7//7 638//638
f 9//9 8//8 639//639
f 10//10 9//9 640//640
f 11//11 10//10 641//641
f 12//12 11//11 642//642
f 13//13 12//12 643//643
f 14//14 13//13 644//644
f 15//15 14//14 645//645
f 16//16 15//15 646//646
f 17//17 16//16 647//647
f 18//18 17//17 648//648
f 19//19 18//18 649//649
f 20//20 19//19 650//650
f 21//21 20//20 651//651
f 22//22 21//21 652//652
f 23//23 22//22 653//653
f 24//24 23//23 654//654
f 25//25 24//24 655//655
f 26//26 25//25 656//656
f 27//27 26//26 657//657
f 28//28 27//27 658//658
f 29//29 28//28 659//659
f 30//30 29//29 660//660
f 1//1 30//30 631//631
f 1//1 631//631 632//632
f 2//2 632//632 633//633
f 3//3 633//633 634//634
f 4//4 634//634 635//635
f 5//5 635//635 636//636
f 6//6 636//636 637//637
f 7//7 637//637 638//638
f 8//8 638//638 639//639
f 9//9 639//639 640//640
f 10//10 640//640 641//641
f 11//11 641//641 642//642
f 12//12 642//642 643//643
f 13//13 643//643 644//644
f 14//14 644//644 645//645
f 15//15 645//645 646//646
f 16//16 646//646 647//647
f 17//17 647//647 648//648
f 18//18 648//648 649//649
f 19//19 649//649 650//650
f 20//20 650//650 651//651
f 21//21 651//651 652//652
f 22//22 652//652 653//653
f 23//23 653//653 654//654
f 24//24 654//654 655//655
f 25//25 655//655 656//656
f 26//26 656//656 657//657
f 27//27 657//657 658//658
f 28//28 658//658 659//659
f 29//29 659//659 660//660
f 30//30 660//660 631//631
f 1261//1261 1263//1263 1264//1264
f 1262//1262 1984//1984 1983//1983
f 1261//1261 1264//1264 1265//1265
f 1262//1262 1985//1985 1984//1984
f 1261//1261 1265//1265 1266//1266
f 1262//1262 1986//1986 1985//1985
f 1261//1261 1266//1266 1267//1267
f 1262//1262 1987//1987 1986//1986
f 1261//1261 1267//1267 1268//1268
f 1262//1262 1988//1988 1987//1987
f 1261//1261 1268//1268 1269//1269
f 1262//1262 1989//1989 1988//1988
f 1261//1261 1269//1269 1270//1270
f 1262//1262 1990//1990 1989//1989
f 1261//1261 1270//1270 1271//1271
f 1262//1262 1991//1991 1990//1990
f 1261//1261 1271//1271 1272//1272
f 1262//1262 1992//1992 1991//1991
f 1261//1261 1272//1272 1273//1273
f 1262//1262 1993//1993 1992//1992
f 1261//1261 1273//1273 1274//1274
f 1262//1262 1994//1994 1993//1993
f 1261//1261 1274//1274 1275//1275
f 1262//1262 1995//1995 1994//1994
f 1261//1261 1275//1275 1276//1276
f 1262//1262 1996//1996 1995//1995
f 1261//1261 1276//1276 1277//1277
f 1262//1262 1997//1997 1996//1996
f 1261//1261 1277//1277 1278//1278
f 1262//1262 1998//1998 1997//1997
f 1261//1261 1278//1278 1279//1279
f 1262//1262 1999//1999 1998//1998
f 1261//1261 1279//1279 1280//1280
f 1262//1262 2000//2000 1999//1999
f 1261//1261 1280//1280 1281//1281
f 1262//1262 2001//2001 2000//2000
f 1261//1261 1281//1281 1282//1282
f 1262//1262 2002//2002 2001//2001
f 1261//1261 1282//1282 1283//1283
f 1262//1262 2003//2003 2002//2002
f 1261//1261 1283//1283 1284//1284
f 1262//1262 2004//2004 2003//2003
f 1261//1261 1284//1284 1285//1285
f 1262//1262 2005//2005 2004//2004
f 1261//1261 1285//1285 1286//1286
f 1262//1262 2006//2006 2005//2005
f 1261//1261 1286//1286 1287//1287
f 1262//1262 2007//2007 2006//2006
f 1261//1261 1287//1287 1288//1288
f 1262//1262 2008//2008 2007//2007
f 1261//1261 1288//1288 1289//1289
f 1262//1262 2009//2009 2008//2008
f 1261//1261 1289//1289 1290//1290
f 1262//1262 2010//2010 2009//2009
f 1261//1261 1290//1290 1291//1291
f 1262//1262 2011//2011 2010//2010
f 1261//1261 1291//1291 1292//1292
f 1262//1262 2012//2012 2011//2011
f 1261//1261 1292//1292 1293//1293
f 1262//1262 2013//2013 2012//2012
f 1261//1261 1293//1293 1294//1294
f 1262//1262 2014//2014 2013//2013
f 1261//1261 1294//1294 1295//1295
f 1262//1262 2015//2015 2014//2014
f 1261//1261 1295//1295 1296//1296
f 1262//1262 2016//2016 2015//2015
f 1261//1261 1296//1296 1297//1297
f 1262//1262 2017//2017 2016//2016
f 1261//1261 1297//1297 1298//1298
f 1262//1262 2018//2018 2017//2017
f 1261//1261 1298//1298 1299//1299
f 1262//1262 2019//2019 2018//2018
f 1261//1261 1299//1299 1300//1300
f 1262//1262 2020//2020 2019//2019
f 1261//1261 1300//1300 1301//1301
f 1262//1262 2021//2021 2020//2020
f 1261//1261 1301//1301 1302//1302
f 1262//1262 2022//2022 2021//2021
f 1261//1261 1302//1302 1263//1263
f 1262//1262 1983//1983 2022//2022
f 1303//1303 1264//1264 1263//1263
f 1303//1303 1304//1304 1264//1264
f 1304//1304 1265//1265 1264//1264
f 1304//1304 1305//1305 1265//1265
f 1305//1305 1266//1266 1265//1265
f 1305//1305 1306//1306 1266//1266
f 1306//1306 1267//1267 1266//1266
f 1306//1306 1307//1307 1267//1267
f 1307//1307 1268//1268 1267//1267
f 1307//1307 1308//1308 1268//1268
f 1308//1308 1269//1269 1268//1268
f 1308//1308 1309//1309 1269//1269
f 1309//1309 1270//1270 1269//1269
f 1309//1309 1310//1310 1270//1270
f 1310//1310 1271//1271 1270//1270
f 1310//1310 1311//1311 1271//1271
f 1311//1311 1272//1272 1271//1271
f 1311//1311 1312//1312 1272//1272
f 1312//1312 1273//1273 1272//1272
f 1312//1312 1313//1313 1273//1273
f 1313//1313 1274//1274 1273//1273
f 1313//1313 1314//1314 1274//1274
f 1314//1314 1275//1275 1274//1274
f 1314//1314 1315//1315 1275//1275
f 1315//1315 1276//1276 1275//1275
f 1315//1315 1316//1316 1276//1276
f 1316//1316 1277//1277 1276//1276
f 1316//1316 1317//1317 1277//1277
f 1317//1317 1278//1278 1277//1277
f 1317//1317 1318//1318 1278//1278
f 1318//1318 1279//1279 1278//1278
f 1318//1318 1319//1319 1279//1279
f 1319//1319 1280//1280 1279//1279
f 1319//1319 1320//1320 1280//1280
f 1320//1320 1281//1281 1280//1280
f 1320//1320 1321//1321 1281//1281
f 1321//1321 1282//1282 1281//1281
f 1321//1321 1322//1322 1282//1282
f 1322//1322 1283//1283 1282//1282
f 1322//1322 1323//1323 1283//1283
f 1323//1323 1284//1284 1283//1283
f 1323//1323 1324//1324 1284//1284
f 1324//1324 1285//1285 1284//1284
f 1324//1324 1325//1325 1285//1285
f 1325//1325 1286//1286 1285//1285
f 1325//1325 1326//1326 1286//1286
f 1326//1326 1287//1287 1286//1286
f 1326//1326 1327//1327 1287//1287
f 1327//1327 1288//1288 1287//1287
f 1327//1327 1328//1328 1288//1288
f 1328//1328 1289//1289 1288//1288
f 1328//1328 1329//1329 1289//1289
f 1329//1329 1290//1290 1289//1289
f 1329//1329 1330//1330 1290//1290
f 1330//1330 1291//1291 1290//1290
f 1330//1330 1331//1331 1291//1291
f 1331//1331 1292//1292 1291//1291
f 1331//1331 1332//1332 1292//1292
f 1332//1332 1293//1293 1292//1292
f 1332//1332 1333//1333 1293//1293
f 1333//1333 1294//1294 1293//1293
f 1333//1333 1334//1334 1294//1294
f 1334//1334 1295//1295 1294//1294
f 1334//1334 1335//1335 1295//1295
f 1335//1335 1296//1296 1295//1295
f 1335//1335 1336//1336 1296//1296
f 1336//1336 1297//1297 1296//1296
f 1336//1336 1337//1337 1297//1297
f 1337//1337 1298//1298 1297//1297
f 1337//1337 1338//1338 1298//1298
f 1338//1338 1299//1299 1298//1298
f 1338//1338 1339//1339 1299//1299
f 1339//1339 1300//1300 1299//1299
f 1339//1339 1340//1340 1300//1300
f 1340//1340 1301//1301 1300//1300
f 1340//1340 1341//1341 1301//1301
f 1341//1341 1302//1302 1301//1301
f 1341//1341 1342//1342 1302//1302
f 1342//1342 1263//1263 1302//1302
f 1342//1342 1303//1303 1263//1263
f 1343//1343 1304//1304 1303//1303
f 1343//1343 1344//1344 1304//1304
f 1344//1344 1305//1305 1304//1304
f 1344//1344 1345//1345 1305//1305
f 1345//1345 1306//1306 1305//1305
f 1345//1345 1346//1346 1306//1306
f 1346//1346 1307//1307 1306//1306
f 1346//1346 1347//1347 1307//1307
f 1347//1347 1308//1308 1307//1307
f 1347//1347 1348//1348 1308//1308
f 1348//1348 1309//1309 1308//1308
f 1348//1348 1349//1349 1309//1309
f 1349//1349 1310//1310 1309//1309
f 1349//1349 1350//1350 1310//1310
f 1350//1350 1311//1311 1310//1310
f 1350//1350 1351//1351 1311//1311
f 1351//1351 1312//1312 1311//1311
f 1351//1351 1352//1352 1312//1312
f 1352//1352 1313//1313 1312//1312
f 1352//1352 1353//1353 1313//1313
f 1353//1353 1314//1314 1313//1313
f 1353//1353 1354//1354 1314//1314
f 1354//1354 1315//1315 1314//1314
f 1354//1354 1355//1355 1315//1315
f 1355//1355 1316//1316 1315//1315
f 1355//1355 1356//1356 1316//1316
f 1356//1356 1317//1317 1316//1316
f 1356//1356 1357//1357 1317//1317
f 1357//1357 1318//1318 1317//1317
f 1357//1357 1358//1358 1318//1318
f 1358//1358 1319//1319 1318//1318
f 1358//1358 1359//1359 1319//1319
f 1359//1359 1320//1320 1319//1319
f 1359//1359 1360//1360 1320//1320
f 1360//1360 1321//1321 1320//1320
f 1360//1360 1361//1361 1321//1321
f 1361//1361 1322//1322 1321//1321
f 1361//1361 1362//1362 1322//1322
f 1362//1362 1323//1323 1322//1322
f 1362//1362 1363//1363 1323//1323
f 1363//1363 1324//1324 1323//1323
f 1363//1363 1364//1364 1324//1324
f 1364//1364 1325//1325 1324//1324
f 1364//1364 1365//1365 1325//1325
f 1365//1365 1326//1326 1325//1325
f 1365//1365 1366//1366 1326//1326
f 1366//1366 1327//1327 1326//1326
f 1366//1366 1367//1367 1327//1327
f 1367//1367 1328//1328 1327//1327
f 1367//1367 1368//1368 1328//1328
f 1368//1368 1329//1329 1328//1328
f 1368//1368 1369//1369 1329//1329
f 1369//1369 1330//1330 1329//1329
f 1369//1369 1370//1370 1330//1330
f 1370//1370 1331//1331 1330//1330
f 1370//1370 1371//1371 1331//1331
f 1371//1371 1332//1332 1331//1331
f 1371//1371 1372//1372 1332//1332
f 1372//1372 1333//1333 1332//1332
f 1372//1372 1373//1373 1333//1333
f 1373//1373 1334//1334 1333//1333
f 1373//1373 1374//1374 1334//1334
f 1374//1374 1335//1335 1334//1334
f 1374//1374 1375//1375 1335//1335
f 1375//1375 1336//1336 1335//1335
f 1375//1375 1376//1376 1336//1336
f 1376//1376 1337//1337 1336//1336
f 1376//1376 1377//1377 1337//1337
f 1377//1377 1338//1338 1337//1337
f 1377//1377 1378//1378 1338//1338
f 1378//1378 1339//1339 1338//1338
f 1378//1378 1379//1379 1339//1339
f 1379//1379 1340//1340 1339//1339
f 1379//1379 1380//1380 1340//1340
f 1380//1380 1341//1341 1340//1340
f 1380//1380 1381//1381 1341//1341
f 1381//1381 1342//1342 1341//1341
f 1381//1381 1382//1382 1342//1342
f 1382//1382 1303//1303 1342//1342
f 1382//1382 1343//1343 1303//1303
f 1383//1383 1344//1344 1343//1343
f 1383//1383 1384//1384 1344//1344
f 1384//1384 1345//1345 1344//1344
f 1384//1384 1385//1385 1345//1345
f 1385//1385 1346//1346 1345//1345
f 1385//1385 1386//1386 1346//1346
f 1386//1386 1347//1347 1346//1346
f 1386//1386 1387//1387 1347//1347
f 1387//1387 1348//1348 1347//1347
f 1387//1387 1388//1388 1348//1348
f 1388//1388 1349//1349 1348//1348
f 1388//1388 1389//1389 1349//1349
f 1389//1389 1350//1350 1349//1349
f 1389//1389 1390//1390 1350//1350
f 1390//1390 1351//1351 1350//1350
f 1390//1390 1391//1391 1351//1351
f 1391//1391 1352//1352 1351//1351
f 1391//1391 1392//1392 1352//1352
f 1392//1392 1353//1353 1352//1352
f 1392//1392 1393//1393 1353//1353
f 1393//1393 1354//1354 1353//1353
f 1393//1393 1394//1394 1354//1354
f 1394//1394 1355//1355 1354//1354
f 1394//1394 1395//1395 1355//1355
f 1395//1395 1356//1356 1355//1355
f 1395//1395 1396//1396 1356//1356
f 1396//1396 1357//1357 1356//1356
f 1396//1396 1397//1397 1357//1357
f 1397//1397 1358//1358 1357//1357
f 1397//1397 1398//1398 1358//1358
f 1398//1398 1359//1359 1358//1358
f 1398//1398 1399//1399 1359//1359
f 1399//1399 1360//1360 1359//1359
f 1399//1399 1400//1400 1360//1360
f 1400//1400 1361//1361 1360//1360
f 1400//1400 1401//1401 1361//1361
f 1401//1401 1362//1362 1361//1361
f 1401//1401 1402//1402 1362//1362
f 1402//1402 1363//1363 1362//1362
f 1402//1402 1403//1403 1363//1363
f 1403//1403 1364//1364 1363//1363
f 1403//1403 1404//1404 1364//1364
f 1404//1404 1365//1365 1364//1364
f 1404//1404 1405//1405 1365//1365
f 1405//1405 1366//1366 1365//1365
f 1405//1405 1406//1406 1366//1366
f 1406//1406 1367//1367 1366//1366
f 1406//1406 1407//1407 1367//1367
f 1407//1407 1368//1368 1367//1367
f 1407//1407 1408//1408 1368//1368
f 1408//1408 1369//1369 1368//1368
f 1408//1408 1409//1409 1369//1369
f 1409//1409 1370//1370 1369//1369
f 1409//1409 1410//1410 1370//1370
f 1410//1410 1371//1371 1370//1370
f 1410//1410 1411//1411 1371//1371
f 1411//1411 1372//1372 1371//1371
f 1411//1411 1412//1412 1372//1372
f 1412//1412 1373//1373 1372//1372
f 1412//1412 1413//1413 1373//1373
f 1413//1413 1374//1374 1373//1373
f 1413//1413 1414//1414 1374//1374
f 1414//1414 1375//1375 1374//1374
f 1414//1414 1415//1415 1375//1375
f 1415//1415 1376//1376 1375//1375
f 1415//1415 1416//1416 1376//1376
f 1416//1416 1377//1377 1376//1376
f 1416//1416 1417//1417 1377//1377
f 1417//1417 1378//1378 1377//1377
f 1417//1417 1418//1418 1378//1378
f 1418//1418 1379//1379 1378//1378
f 1418//1418 1419//1419 1379//1379
f 1419//1419 1380//1380 1379//1379
f 1419//1419 1420//1420 1380//1380
f 1420//1420 1381//1381 1380//1380
f 1420//1420 1421//1421 1381//1381
f 1421//1421 1382//1382 1381//1381
f 1421//1421 1422//1422 1382//1382
f 1422//1422 1343//1343 1382//1382
f 1422//1422 1383//1383 1343//1343
f 1423//1423 1384//1384 1383//1383
f 1423//1423 1424//1424 1384//1384
f 1424//1424 1385//1385 1384//1384
f 1424//1424 1425//1425 1385//1385
f 1425//1425 1386//1386 1385//1385
f 1425//1425 1426//1426 1386//1386
f 1426//1426 1387//1387 1386//1386
f 1426//1426 1427//1427 1387//1387
f 1427//1427 1388//1388 1387//1387
f 1427//1427 1428//1428 1388//1388
f 1428//1428 1389//1389 1388//1388
f 1428//1428 1429//1429 1389//1389
f 1429//1429 1390//1390 1389//1389
f 1429//1429 1430//1430 1390//1390
f 1430//1430 1391//1391 1390//1390
f 1430//1430 1431//1431 1391//1391
f 1431//1431 1392//1392 1391//1391
f 1431//1431 1432//1432 1392//1392
f 1432//1432 1393//1393 1392//1392
f 1432//1432 1433//1433 1393//1393
f 1433//1433 1394//1394 1393//1393
f 1433//1433 1434//1434 1394//1394
f 1434//1434 1395//1395 1394//1394
f 1434//1434 1435//1435 1395//1395
f 1435//1435 1396//1396 1395//1395
f 1435//1435 1436//1436 1396//1396
f 1436//1436 1397//1397 1396//1396
f 1436//1436 1437//1437 1397//1397
f 1437//1437 1398//1398 1397//1397
f 1437//1437 1438//1438 1398//1398
f 1438//1438 1399//1399 1398//1398
f 1438//1438 1439//1439 1399//1399
f 1439//1439 1400//1400 1399//1399
f 1439//1439 1440//1440 1400//1400
f 1440//1440 1401//1401 1400//1400
f 1440//1440 1441//1441 1401//1401
f 1441//1441 1402//1402 1401//1401
f 1441//1441 1442//1442 1402//1402
f 1442//1442 1403//1403 1402//1402
f 1442//1442 1443//1443 1403//1403
f 1443//1443 1404//1404 1403//1403
f 1443//1443 1444//1444 1404//1404
f 1444//1444 1405//1405 1404//1404
f 1444//1444 1445//1445 1405//1405
f 1445//1445 1406//1406 1405//1405
f 1445//1445 1446//1446 1406//1406
f 1446//1446 1407//1407 1406//1406
f 1446//1446 1447//1447 1407//1407
f 1447//1447 1408//1408 1407//1407
f 1447//1447 1448//1448 1408//1408
f 1448//1448 1409//1409 1408//1408
f 1448//1448 1449//1449 1409//1409
f 1449//1449 1410//1410 1409//1409
f 1449//1449 1450//1450 1410//1410
f 1450//1450 1411//1411 1410//1410
f 1450//1450 1451//1451 1411//1411
f 1451//1451 1412//1412 1411//1411
f 1451//1451 1452//1452 1412//1412
f 1452//1452 1413//1413 1412//1412
f 1452//1452 1453//1453 1413//1413
f 1453//1453 1414//1414 1413//1413
f 1453//1453 1454//1454 1414//1414
f 1454//1454 1415//1415 1414//1414
f 1454//1454 1455//1455 1415//1415
f 1455//1455 1416//1416 1415//1415
f 1455//1455 1456//1456 1416//1416
f 1456//1456 1417//1417 1416//1416
f 1456//1456 1457//1457 1417//1417
f 1457//1457 1418//1418 1417//1417
f 1457//1457 1458//1458 1418//1418
f 1458//1458 1419//1419 1418//1418
f 1458//1458 1459//1459 1419//1419
f 1459//1459 1420//1420 1419//1419
f 1459//1459 1460//1460 1420//1420
f 1460//1460 1421//1421 1420//1420
f 1460//1460 1461//1461 1421//1421
f 1461//1461 1422//1422 1421//1421
f 1461//1461 1462//1462 1422//1422
f 1462//1462 1383//1383 1422//1422
f 1462//1462 1423//1423 1383//1383
f 1463//1463 1424//1424 1423//1423
f 1463//1463 1464//1464 1424//1424
f 1464//1464 1425//1425 1424//1424
f 1464//1464 1465//1465 1425//1425
f 1465//1465 1426//1426 1425//1425
f 1465//1465 1466//1466 1426//1426
f 1466//1466 1427//1427 1426//1426
f 1466//1466 1467//1467 1427//1427
f 1467//1467 1428//1428 1427//1427
f 1467//1467 1468//1468 1428//1428
f 1468//1468 1429//1429 1428//1428
f 1468//1468 1469//1469 1429//1429
f 1469//1469 1430//1430 1429//1429
f 1469//1469 1470//1470 1430//1430
f 1470//1470 1431//1431 1430//1430
f 1470//1470 1471//1471 1431//1431
f 1471//1471 1432//1432 1431//1431
f 1471//1471 1472//1472 1432//1432
f 1472//1472 1433//1433 1432//1432
f 1472//1472 1473//1473 1433//1433
f 1473//1473 1434//1434 1433//1433
f 1473//1473 1474//1474 1434//1434
f 1474//1474 1435//1435 1434//1434
f 1474//1474 1475//1475 1435//1435
f 1475//1475 1436//1436 1435//1435
f 1475//1475 1476//1476 1436//1436
f 1476//1476 1437//1437 1436//1436
f 1476//1476 1477//1477 1437//1437
f 1477//1477 1438//1438 1437//1437
f 1477//1477 1478//1478 1438//1438
f 1478//1478 1439//1439 1438//1438
f 1478//1478 1479//1479 1439//1439
f 1479//1479 1440//1440 1439//1439
f 1479//1479 1480//1480 1440//1440
f 1480//1480 1441//1441 1440//1440
f 1480//1480 1481//1481 1441//1441
f 1481//1481 1442//1442 1441//1441
f 1481//1481 1482//1482 1442//1442
f 1482//1482 1443//1443 1442//1442
f 1482//1482 1483//1483 1443//1443
f 1483//1483 1444//1444 1443//1443
f 1483//1483 1484//1484 1444//1444
f 1484//1484 1445//1445 1444//1444
f 1484//1484 1485//1485 1445//1445
f 1485//1485 1446//1446 1445//1445
f 1485//1485 1486//1486 1446//1446
f 1486//1486 1447//1447 1446//1446
f 1486//1486 1487//1487 1447//1447
f 1487//1487 1448//1448 1447//1447
f 1487//1487 1488//1488 1448//1448
f 1488//1488 1449//1449 1448//1448
f 1488//1488 1489//1489 1449//1449
f 1489//1489 1450//1450 1449//1449
f 1489//1489 1490//1490 1450//1450
f 1490//1490 1451//1451 1450//1450
f 1490//1490 1491//1491 1451//1451
f 1491//1491 1452//1452 1451//1451
f 1491//1491 1492//1492 1452//1452
f 1492//1492 1453//1453 1452//1452
f 1492//1492 1493//1493 1453//1453
f 1493//1493 1454//1454 1453//1453
f 1493//1493 1494//1494 1454//1454
f 1494//1494 1455//1455 1454//1454
f 1494//1494 1495//1495 1455//1455
f 1495//1495 1456//1456 1455//1455
f 1495//1495 1496//1496 1456//1456
f 1496//1496 1457//1457 1456//1456
f 1496//1496 1497//1497 1457//1457
f 1497//1497 1458//1458 1457//1457
f 1497//1497 1498//1498 1458//1458
f 1498//1498 1459//1459 1458//1458
f 1498//1498 1499//1499 1459//1459
f 1499//1499 1460//1460 1459//1459
f 1499//1499 1500//1500 1460//1460
f 1500//1500 1461//1461 1460//1460
f 1500//1500 1501//1501 1461//1461
f 1501//1501 1462//1462 1461//1461
f 1501//1501 1502//1502 1462//1462
f 1502//1502 1423//1423 1462//1462
f 1502//1502 1463//1463 1423//1423
f 1503//1503 1464//1464 1463//1463
f 1503//1503 1504//1504 1464//1464
f 1504//1504 1465//1465 1464//1464
f 1504//1504 1505//1505 1465//1465
f 1505//1505 1466//1466 1465//1465
f 1505//1505 1506//1506 1466//1466
f 1506//1506 1467//1467 1466//1466
f 1506//1506 1507//1507 1467//1467
f 1507//1507 1468//1468 1467//1467
f 1507//1507 1508//1508 1468//1468
f 1508//1508 1469//1469 1468//1468
f 1508//1508 1509//1509 1469//1469
f 1509//1509 1470//1470 1469//1469
f 1509//1509 1510//1510 1470//1470
f 1510//1510 1471//1471 1470//1470
f 1510//1510 1511//1511 1471//1471
f 1511//1511 1472//1472 1471//1471
f 1511//1511 1512//1512 1472//1472
f 1512//1512 1473//1473 1472//1472
f 1512//1512 1513//1513 1473//1473
f 1513//1513 1474//1474 1473//1473
f 1513//1513 1514//1514 1474//1474
f 1514//1514 1475//1475 1474//1474
f 1514//1514 1515//1515 1475//1475
f 1515//1515 1476//1476 1475//1475
f 1515//1515 1516//1516 1476//1476
f 1516//1516 1477//1477 1476//1476
f 1516//1516 1517//1517 1477//1477
f 1517//1517 1478//1478 1477//1477
f 1517//1517 1518//1518 1478//1478
f 1518//1518 1479//1479 1478//1478
f 1518//1518 1519//1519 1479//1479
f 1519//1519 1480//1480 1479//1479
f 1519//1519 1520//1520 1480//1480
f 1520//1520 1481//1481 1480//1480
f 1520//1520 1521//1521 1481//1481
f 1521//1521 1482//1482 1481//1481
f 1521//1521 1522//1522 1482//1482
f 1522//1522 1483//1483 1482//1482
f 1522//1522 1523//1523 1483//1483
f 1523//1523 1484//1484 1483//1483
f 1523//1523 1524//1524 1484//1484
f 1524//1524 1485//1485 1484//1484
f 1524//1524 1525//1525 1485//1485
f 1525//1525 1486//1486 1485//1485
f 1525//1525 1526//1526 1486//1486
f 1526//1526 1487//1487 1486//1486
f 1526//1526 1527//1527 1487//1487
f 1527//1527 1488//1488 1487//1487
f 1527//1527 1528//1528 1488//1488
f 1528//1528 1489//1489 1488//1488
f 1528//1528 1529//1529 1489//1489
f 1529//1529 1490//1490 1489//1489
f 1529//1529 1530//1530 1490//1490
f 1530//1530 1491//1491 1490//1490
f 1530//1530 1531//1531 1491//1491
f 1531//1531 1492//1492 1491//1491
f 1531//1531 1532//1532 1492//1492
f 1532//1532 1493//1493 1492//1492
f 1532//1532 1533//1533 1493//1493
f 1533//1533 1494//1494 1493//1493
f 1533//1533 1534//1534 1494//1494
f 1534//1534 1495//1495 1494//1494
f 1534//1534 1535//1535 1495//1495
f 1535//1535 1496//1496 1495//1495
f 1535//1535 1536//1536 1496//1496
f 1536//1536 1497//1497 1496//1496
f 1536//1536 1537//1537 1497//1497
f 1537//1537 1498//1498 1497//1497
f 1537//1537 1538//1538 1498//1498
f 1538//1538 1499//1499 1498//1498
f 1538//1538 1539//1539 1499//1499
f 1539//1539 1500//1500 1499//1499
f 1539//1539 1540//1540 1500//1500
f 1540//1540 1501//1501 1500//1500
f 1540//1540 1541//1541 1501//1501
f 1541//1541 1502//1502 1501//1501
f 1541//1541 1542//1542 1502//1502
f 1542//1542 1463//1463 1502//1502
f 1542//1542 1503//1503 1463//1463
f 1543//1543 1504//1504 1503//1503
f 1543//1543 1544//1544 1504//1504
f 1544//1544 1505//1505 1504//1504
f 1544//1544 1545//1545 1505//1505
f 1545//1545 1506//1506 1505//1505
f 1545//1545 1546//1546 1506//1506
f 1546//1546 1507//1507 1506//1506
f 1546//1546 1547//1547 1507//1507
f 1547//1547 1508//1508 1507//1507
f 1547//1547 1548//1548 1508//1508
f 1548//1548 1509//1509 1508//1508
f 1548//1548 1549//1549 1509//1509
f 1549//1549 1510//1510 1509//1509
f 1549//1549 1550//1550 1510//1510
f 1550//1550 1511//1511 1510//1510
f 1550//1550 1551//1551 1511//1511
f 1551//1551 1512//1512 1511//1511
f 1551//1551 1552//1552 1512//1512
f 1552//1552 1513//1513 1512//1512
f 1552//1552 1553//1553 1513//1513
f 1553//1553 1514//1514 1513//1513
f 1553//1553 1554//1554 1514//1514
f 1554//1554 1515//1515 1514//1514
f 1554//1554 1555//1555 1515//1515
f 1555//1555 1516//1516 1515//1515
f 1555//1555 1556//1556 1516//1516
f 1556//1556 1517//1517 1516//1516
f 1556//1556 1557//1557 1517//1517
f 1557//1557 1518//1518 1517//1517
f 1557//1557 1558//1558 1518//1518
f 1558//1558 1519//1519 1518//1518
f 1558//1558 1559//1559 1519//1519
f 1559//1559 1520//1520 1519//1519
f 1559//1559 1560//1560 1520//1520
f 1560//1560 1521//1521 1520//1520
f 1560//1560 1561//1561 1521//1521
f 1561//1561 1522//1522 1521//1521
f 1561//1561 1562//1562 1522//1522
f 1562//1562 1523//1523 1522//1522
f 1562//1562 1563//1563 1523//1523
f 1563//1563 1524//1524 1523//1523
f 1563//1563 1564//1564 1524//1524
f 1564//1564 1525//1525 1524//1524
f 1564//1564 1565//1565 1525//1525
f 1565//1565 1526//1526 1525//1525
f 1565//1565 1566//1566 1526//1526
f 1566//1566 1527//1527 1526//1526
f 1566//1566 1567//1567 1527//1527
f 1567//1567 1528//1528 1527//1527
f 1567//1567 1568//1568 1528//1528
f 1568//1568 1529//1529 1528//1528
f 1568//1568 1569//1569 1529//1529
f 1569//1569 1530//1530 1529//1529
f 1569//1569 1570//1570 1530//1530
f 1570//1570 1531//1531 1530//1530
f 1570//1570 1571//1571 1531//1531
f 1571//1571 1532//1532 1531//1531
f 1571//1571 1572//1572 1532//1532
f 1572//1572 1533//1533 1532//1532
f 1572//1572 1573//1573 1533//1533
f 1573//1573 1534//1534 1533//1533
f 1573//1573 1574//1574 1534//1534
f 1574//1574 1535//1535 1534//1534
f 1574//1574 1575//1575 1535//1535
f 1575//1575 1536//1536 1535//1535
f 1575//1575 1576//1576 1536//1536
f 1576//1576 1537//1537 1536//1536
f 1576//1576 1577//1577 1537//1537
f 1577//1577 1538//1538 1537//1537
f 1577//1577 1578//1578 1538//1538
f 1578//1578 1539//1539 1538//1538
f 1578//1578 1579//1579 1539//1539
f 1579//1579 1540//1540 1539//1539
f 1579//1579 1580//1580 1540//1540
f 1580//1580 1541//1541 1540//1540
f 1580//1580 1581//1581 1541//1541
f 1581//1581 1542//1542 1541//1541
f 1581//1581 1582//1582 1542//1542
f 1582//1582 1503//1503 1542//1542
f 1582//1582 1543//1543 1503//1503
f 1583//1583 1544//1544 1543//1543
f 1583//1583 1584//1584 1544//1544
f 1584//1584 1545//1545 1544//1544
f 1584//1584 1585//1585 1545//1545
f 1585//1585 1546//1546 1545//1545
f 1585//1585 1586//1586 1546//1546
f 1586//1586 1547//1547 1546//1546
f 1586//1586 1587//1587 1547//1547
f 1587//1587 1548//1548 1547//1547
f 1587//1587 1588//1588 1548//1548
f 1588//1588 1549//1549 1548//1548
f 1588//1588 1589//1589 1549//1549
f 1589//1589 1550//1550 1549//1549
f 1589//1589 1590//1590 1550//1550
f 1590//1590 1551//1551 1550//1550
f 1590//1590 1591//1591 1551//1551
f 1591//1591 1552//1552 1551//1551
f 1591//1591 1592//1592 1552//1552
f 1592//1592 1553//1553 1552//1552
f 1592//1592 1593//1593 1553//1553
f 1593//1593 1554//1554 1553//1553
f 1593//1593 1594//1594 1554//1554
f 1594//1594 1555//1555 1554//1554
f 1594//1594 1595//1595 1555//1555
f 1595//1595 1556//1556 1555//1555
f 1595//1595 1596//1596 1556//1556
f 1596//1596 1557//1557 1556//1556
f 1596//1596 1597//1597 1557//1557
f 1597//1597 1558//1558 1557//1557
f 1597//1597 1598//1598 1558//1558
f 1598//1598 1559//1559 1558//1558
f 1598//1598 1599//1599 1559//1559
f 1599//1599 1560//1560 1559//1559
f 1599//1599 1600//1600 1560//1560
f 1600//1600 1561//1561 1560//1560
f 1600//1600 1601//1601 1561//1561
f 1601//1601 1562//1562 1561//1561
f 1601//1601 1602//1602 1562//1562
f 1602//1602 1563//1563 1562//1562
f 1602//1602 1603//1603 1563//1563
f 1603//1603 1564//1564 1563//1563
f 1603//1603 1604//1604 1564//1564
f 1604//1604 1565//1565 1564//1564
f 1604//1604 1605//1605 1565//1565
f 1605//1605 1566//1566 1565//1565
f 1605//1605 1606//1606 1566//1566
f 1606//1606 1567//1567 1566//1566
f 1606//1606 1607//1607 1567//1567
f 1607//1607 1568//1568 1567//1567
f 1607//1607 1608//1608 1568//1568
f 1608//1608 1569//1569 1568//1568
f 1608//1608 1609//1609 1569//1569
f 1609//1609 1570//1570 1569//1569
f 1609//1609 1610//1610 1570//1570
f 1610//1610 1571//1571 1570//1570
f 1610//1610 1611//1611 1571//1571
f 1611//1611 1572//1572 1571//1571
f 1611//1611 1612//1612 1572//1572
f 1612//1612 1573//1573 1572//1572
f 1612//1612 1613//1613 1573//1573
f 1613//1613 1574//1574 1573//1573
f 1613//1613 1614//1614 1574//1574
f 1614//1614 1575//1575 1574//1574
f 1614//1614 1615//1615 1575//1575
f 1615//1615 1576//1576 1575//1575
f 1615//1615 1616//1616 1576//1576
f 1616//1616 1577//1577 1576//1576
f 1616//1616 1617//1617 1577//1577
f 1617//1617 1578//1578 1577//1577
f 1617//1617 1618//1618 1578//1578
f 1618//1618 1579//1579 1578//1578
f 1618//1618 1619//1619 1579//1579
f 1619//1619 1580//1580 1579//1579
f 1619//1619 1620//1620 1580//1580
f 1620//1620 1581//1581 1580//1580
f 1620//1620 1621//1621 1581//1581
f 1621//1621 1582//1582 1581//1581
f 1621//1621 1622//1622 1582//1582
f 1622//1622 1543//1543 1582//1582
f 1622//1622 1583//1583 1543//1543
f 1623//1623 1584//1584 1583//1583
f 1623//1623 1624//1624 1584//1584
f 1624//1624 1585//1585 1584//1584
f 1624//1624 1625//1625 1585//1585
f 1625//1625 1586//1586 1585//1585
f 1625//1625 1626//1626 1586//1586
f 1626//1626 1587//1587 1586//1586
f 1626//1626 1627//1627 1587//1587
f 1627//1627 1588//1588 1587//1587
f 1627//1627 1628//1628 1588//1588
f 1628//1628 1589//1589 1588//1588
f 1628//1628 1629//1629 1589//1589
f 1629//1629 1590//1590 1589//1589
f 1629//1629 1630//1630 1590//1590
f 1630//1630 1591//1591 1590//1590
f 1630//1630 1631//1631 1591//1591
f 1631//1631 1592//1592 1591//1591
f 1631//1631 1632//1632 1592//1592
f 1632//1632 1593//1593 1592//1592
f 1632//1632 1633//1633 1593//1593
f 1633//1633 1594//1594 1593//1593
f 1633//1633 1634//1634 1594//1594
f 1634//1634 1595//1595 1594//1594
f 1634//1634 1635//1635 1595//1595
f 1635//1635 1596//1596 1595//1595
f 1635//1635 1636//1636 1596//1596
f 1636//1636 1597//1597 1596//1596
f 1636//1636 1637//1637 1597//1597
f 1637//1637 1598//1598 1597//1597
f 1637//1637 1638//1638 1598//1598
f 1638//1638 1599//1599 1598//1598
f 1638//1638 1639//1639 1599//1599
f 1639//1639 1600//1600 1599//1599
f 1639//1639 1640//1640 1600//1600
f 1640//1640 1601//1601 1600//1600
f 1640//1640 1641//1641 1601//1601
f 1641//1641 1602//1602 1601//1601
f 1641//1641 1642//1642 1602//1602
f 1642//1642 1603//1603 1602//1602
f 1642//1642 1643//1643 1603//1603
f 1643//1643 1604//1604 1603//1603
f 1643//1643 1644//1644 1604//1604
f 1644//1644 1605//1605 1604//1604
f 1644//1644 1645//1645 1605//1605
f 1645//1645 1606//1606 1605//1605
f 1645//1645 1646//1646 1606//1606
f 1646//1646 1607//1607 1606//1606
f 1646//1646 1647//1647 1607//1607
f 1647//1647 1608//1608 1607//1607
f 1647//1647 1648//1648 1608//1608
f 1648//1648 1609//1609 1608//1608
f 1648//1648 1649//1649 1609//1609
f 1649//1649 1610//1610 1609//1609
f 1649//1649 1650//1650 1610//1610
f 1650//1650 1611//1611 1610//1610
f 1650//1650 1651//1651 1611//1611
f 1651//1651 1612//1612 1611//1611
f 1651//1651 1652//1652 1612//1612
f 1652//1652 1613//1613 1612//1612
f 1652//1652 1653//1653 1613//1613
f 1653//1653 1614//1614 1613//1613
f 1653//1653 1654//1654 1614//1614
f 1654//1654 1615//1615 1614//1614
f 1654//1654 1655//1655 1615//1615
f 1655//1655 1616//1616 1615//1615
f 1655//1655 1656//1656 1616//1616
f 1656//1656 1617//1617 1616//1616
f 1656//1656 1657//1657 1617//1617
f 1657//1657 1618//1618 1617//1617
f 1657//1657 1658//1658 1618//1618
f 1658//1658 1619//1619 1618//1618
f 1658//1658 1659//1659 1619//1619
f 1659//1659 1620//1620 1619//1619
f 1659//1659 1660//1660 1620//1620
f 1660//1660 1621//1621 1620//1620
f 1660//1660 1661//1661 1621//1621
f 1661//1661 1622//1622 1621//1621
f 1661//1661 1662//1662 1622//1622
f 1662//1662 1583//1583 1622//1622
f 1662//1662 1623//1623 1583//1583
f 1663//1663 1624//1624 1623//1623
f 1663//1663 1664//1664 1624//1624
f 1664//1664 1625//1625 1624//1624
f 1664//1664 1665//1665 1625//1625
f 1665//1665 1626//1626 1625//1625
f 1665//1665 1666//1666 1626//1626
f 1666//1666 1627//1627 1626//1626
f 1666//1666 1667//1667 1627//1627
f 1667//1667 1628//1628 1627//1627
f 1667//1667 1668//1668 1628//1628
f 1668//1668 1629//1629 1628//1628
f 1668//1668 1669//1669 1629//1629
f 1669//1669 1630//1630 1629//1629
f 1669//1669 1670//1670 1630//1630
f 1670//1670 1631//1631 1630//1630
f 1670//1670 1671//1671 1631//1631
f 1671//1671 1632//1632 1631//1631
f 1671//1671 1672//1672 1632//1632
f 1672//1672 1633//1633 1632//1632
f 1672//1672 1673//1673 1633//1633
f 1673//1673 1634//1634 1633//1633
f 1673//1673 1674//1674 1634//1634
f 1674//1674 1635//1635 1634//1634
f 1674//1674 1675//1675 1635//1635
f 1675//1675 1636//1636 1635//1635
f 1675//1675 1676//1676 1636//1636
f 1676//1676 1637//1637 1636//1636
f 1676//1676 1677//1677 1637//1637
f 1677//1677 1638//1638 1637//1637
f 1677//1677 1678//1678 1638//1638
f 1678//1678 1639//1639 1638//1638
f 1678//1678 1679//1679 1639//1639
f 1679//1679 1640//1640 1639//1639
f 1679//1679 1680//1680 1640//1640
f 1680//1680 1641//1641 1640//1640
f 1680//1680 1681//1681 1641//1641
f 1681//1681 1642//1642 1641//1641
f 1681//1681 1682//1682 1642//1642
f 1682//1682 1643//1643 1642//1642
f 1682//1682 1683//1683 1643//1643
f 1683//1683 1644//1644 1643//1643
f 1683//1683 1684//1684 1644//1644
f 1684//1684 1645//1645 1644//1644
f 1684//1684 1685//1685 1645//1645
f 1685//1685 1646//1646 1645//1645
f 1685//1685 1686//1686 1646//1646
f 1686//1686 1647//1647 1646//1646
f 1686//1686 1687//1687 1647//1647
f 1687//1687 1648//1648 1647//1647
f 1687//1687 1688//1688 1648//1648
f 1688//1688 1649//1649 1648//1648
f 1688//1688 1689//1689 1649//1649
f 1689//1689 1650//1650 1649//1649
f 1689//1689 1690//1690 1650//1650
f 1690//1690 1651//1651 1650//1650
f 1690//1690 1691//1691 1651//1651
f 1691//1691 1652//1652 1651//1651
f 1691//1691 1692//1692 1652//1652
f 1692//1692 1653//1653 1652//1652
f 1692//1692 1693//1693 1653//1653
f 1693//1693 1654//1654 1653//1653
f 1693//1693 1694//1694 1654//1654
f 1694//1694 1655//1655 1654//1654
f 1694//1694 1695//1695 1655//1655
f 1695//1695 1656//1656 1655//1655
f 1695//1695 1696//1696 1656//1656
f 1696//1696 1657//1657 1656//1656
f 1696//1696 1697//1697 1657//1657
f 1697//1697 1658//1658 1657//1657
f 1697//1697 1698//1698 1658//1658
f 1698//1698 1659//1659 1658//1658
f 1698//1698 1699//1699 1659//1659
f 1699//1699 1660//1660 1659//1659
f 1699//1699 1700//1700 1660//1660
f 1700//1700 1661//1661 1660//1660
f 1700//1700 1701//1701 1661//1661
f 1701//1701 1662//1662 1661//1661
f 1701//1701 1702//1702 1662//1662
f 1702//1702 1623//1623 1662//1662
f 1702//1702 1663//1663 1623//1623
f 1703//1703 1664//1664 1663//1663
f 1703//1703 1704//1704 1664//1664
f 1704//1704 1665//1665 1664//1664
f 1704//1704 1705//1705 1665//1665
f 1705//1705 1666//1666 1665//1665
f 1705//1705 1706//1706 1666//1666
f 1706//1706 1667//1667 1666//1666
f 1706//1706 1707//1707 1667//1667
f 1707//1707 1668//1668 1667//1667
f 1707//1707 1708//1708 1668//1668
f 1708//1708 1669//1669 1668//1668
f 1708//1708 1709//1709 1669//1669
f 1709//1709 1670//1670 1669//1669
f 1709//1709 1710//1710 1670//1670
f 1710//1710 1671//1671 1670//1670
f 1710//1710 1711//1711 1671//1671
f 1711//1711 1672//1672 1671//1671
f 1711//1711 1712//1712 1672//1672
f 1712//1712 1673//1673 1672//1672
f 1712//1712 1713//1713 1673//1673
f 1713//1713 1674//1674 1673//1673
f 1713//1713 1714//1714 1674//1674
f 1714//1714 1675//1675 1674//1674
f 1714//1714 1715//1715 1675//1675
f 1715//1715 1676//1676 1675//1675
f 1715//1715 1716//1716 1676//1676
f 1716//1716 1677//1677 1676//1676
f 1716//1716 1717//1717 1677//1677
f 1717//1717 1678//1678 1677//1677
f 1717//1717 1718//1718 1678//1678
f 1718//1718 1679//1679 1678//1678
f 1718//1718 1719//1719 1679//1679
f 1719//1719 1680//1680 1679//1679
f 1719//1719 1720//1720 1680//1680
f 1720//1720 1681//1681 1680//1680
f 1720//1720 1721//1721 1681//1681
f 1721//1721 1682//1682 1681//1681
f 1721//1721 1722//1722 1682//1682
f 1722//1722 1683//1683 1682//1682
f 1722//1722 1723//1723 1683//1683
f 1723//1723 1684//1684 1683//1683
f 1723//1723 1724//1724 1684//1684
f 1724//1724 1685//1685 1684//1684
f 1724//1724 1725//1725 1685//1685
f 1725//1725 1686//1686 1685//1685
f 1725//1725 1726//1726 1686//1686
f 1726//1726 1687//1687 1686//1686
f 1726//1726 1727//1727 1687//1687
f 1727//1727 1688//1688 1687//1687
f 1727//1727 1728//1728 1688//1688
f 1728//1728 1689//1689 1688//1688
f 1728//1728 1729//1729 1689//1689
f 1729//1729 1690//1690 1689//1689
f 1729//1729 1730//1730 1690//1690
f 1730//1730 1691//1691 1690//1690
f 1730//1730 1731//1731 1691//1691
f 1731//1731 1692//1692 1691//1691
f 1731//1731 1732//1732 1692//1692
f 1732//1732 1693//1693 1692//1692
f 1732//1732 1733//1733 1693//1693
f 1733//1733 1694//1694 1693//1693
f 1733//1733 1734//1734 1694//1694
f 1734//1734 1695//1695 1694//1694
f 1734//1734 1735//1735 1695//1695
f 1735//1735 1696//1696 1695//1695
f 1735//1735 1736//1736 1696//1696
f 1736//1736 1697//1697 1696//1696
f 1736//1736 1737//1737 1697//1697
f 1737//1737 1698//1698 1697//1697
f 1737//1737 1738//1738 1698//1698
f 1738//1738 1699//1699 1698//1698
f 1738//1738 1739//1739 1699//1699
f 1739//1739 1700//1700 1699//1699
f 1739//1739 1740//1740 1700//1700
f 1740//1740 1701//1701 1700//1700
f 1740//1740 1741//1741 1701//1701
f 1741//1741 1702//1702 1701//1701
f 1741//1741 1742//1742 1702//1702
f 1742//1742 1663//1663 1702//1702
f 1742//1742 1703//1703 1663//1663
f 1743//1743 1704//1704 1703//1703
f 1743//1743 1744//1744 1704//1704
f 1744//1744 1705//1705 1704//1704
f 1744//1744 1745//1745 1705//1705
f 1745//1745 1706//1706 1705//1705
f 1745//1745 1746//1746 1706//1706
f 1746//1746 1707//1707 1706//1706
f 1746//1746 1747//1747 1707//1707
f 1747//1747 1708//1708 1707//1707
f 1747//1747 1748//1748 1708//1708
f 1748//1748 1709//1709 1708//1708
f 1748//1748 1749//1749 1709//1709
f 1749//1749 1710//1710 1709//1709
f 1749//1749 1750//1750 1710//1710
f 1750//1750 1711//1711 1710//1710
f 1750//1750 1751//1751 1711//1711
f 1751//1751 1712//1712 1711//1711
f 1751//1751 1752//1752 1712//1712
f 1752//1752 1713//1713 1712//1712
f 1752//1752 1753//1753 1713//1713
f 1753//1753 1714//1714 1713//1713
f 1753//1753 1754//1754 1714//1714
f 1754//1754 1715//1715 1714//1714
f 1754//1754 1755//1755 1715//1715
f 1755//1755 1716//1716 1715//1715
f 1755//1755 1756//1756 1716//1716
f 1756//1756 1717//1717 1716//1716
f 1756//1756 1757//1757 1717//1717
f 1757//1757 1718//1718 1717//1717
f 1757//1757 1758//1758 1718//1718
f 1758//1758 1719//1719 1718//1718
f 1758//1758 1759//1759 1719//1719
f 1759//1759 1720//1720 1719//1719
f 1759//1759 1760//1760 1720//1720
f 1760//1760 1721//1721 1720//1720
f 1760//1760 1761//1761 1721//1721
f 1761//1761 1722//1722 1721//1721
f 1761//1761 1762//1762 1722//1722
f 1762//1762 1723//1723 1722//1722
f 1762//1762 1763//1763 1723//1723
f 1763//1763 1724//1724 1723//1723
f 1763//1763 1764//1764 1724//1724
f 1764//1764 1725//1725 1724//1724
f 1764//1764 1765//1765 1725//1725
f 1765//1765 1726//1726 1725//1725
f 1765//1765 1766//1766 1726//1726
f 1766//1766 1727//1727 1726//1726
f 1766//1766 1767//1767 1727//1727
f 1767//1767 1728//1728 1727//1727
f 1767//1767 1768//1768 1728//1728
f 1768//1768 1729//1729 1728//1728
f 1768//1768 1769//1769 1729//1729
f 1769//1769 1730//1730 1729//1729
f 1769//1769 1770//1770 1730//1730
f 1770//1770 1731//1731 1730//1730
f 1770//1770 1771//1771 1731//1731
f 1771//1771 1732//1732 1731//1731
f 1771//1771 1772//1772 1732//1732
f 1772//1772 1733//1733 1732//1732
f 1772//1772 1773//1773 1733//1733
f 1773//1773 1734//1734 1733//1733
f 1773//1773 1774//1774 1734//1734
f 1774//1774 1735//1735 1734//1734
f 1774//1774 1775//1775 1735//1735
f 1775//1775 1736//1736 1735//1735
f 1775//1775 1776//1776 1736//1736
f 1776//1776 1737//1737 1736//1736
f 1776//1776 1777//1777 1737//1737
f 1777//1777 1738//1738 1737//1737
f 1777//1777 1778//1778 1738//1738
f 1778//1778 1739//1739 1738//1738
f 1778//1778 1779//1779 1739//1739
f 1779//1779 1740//1740 1739//1739
f 1779//1779 1780//1780 1740//1740
f 1780//1780 1741//1741 1740//1740
f 1780//1780 1781//1781 1741//1741
f 1781//1781 1742//1742 1741//1741
f 1781//1781 1782//1782 1742//1742
f 1782//1782 1703//1703 1742//1742
f 1782//1782 1743//1743 1703//1703
f 1783//1783 1744//1744 1743//1743
f 1783//1783 1784//1784 1744//1744
f 1784//1784 1745//1745 1744//1744
f 1784//1784 1785//1785 1745//1745
f 1785//1785 1746//1746 1745//1745
f 1785//1785 1786//1786 1746//1746
f 1786//1786 1747//1747 1746//1746
f 1786//1786 1787//1787 1747//1747
f 1787//1787 1748//1748 1747//1747
f 1787//1787 1788//1788 1748//1748
f 1788//1788 1749//1749 1748//1748
f 1788//1788 1789//1789 1749//1749
f 1789//1789 1750//1750 1749//1749
f 1789//1789 1790//1790 1750//1750
f 1790//1790 1751//1751 1750//1750
f 1790//1790 1791//1791 1751//1751
f 1791//1791 1752//1752 1751//1751
f 1791//1791 1792//1792 1752//1752
f 1792//1792 1753//1753 1752//1752
f 1792//1792 1793//1793 1753//1753
f 1793//1793 1754//1754 1753//1753
f 1793//1793 1794//1794 1754//1754
f 1794//1794 1755//1755 1754//1754
f 1794//1794 1795//1795 1755//1755
f 1795//1795 1756//1756 1755//1755
f 1795//1795 1796//1796 1756//1756
f 1796//1796 1757//1757 1756//1756
f 1796//1796 1797//1797 1757//1757
f 1797//1797 1758//1758 1757//1757
f 1797//1797 1798//1798 1758//1758
f 1798//1798 1759//1759 1758//1758
f 1798//1798 1799//1799 1759//1759
f 1799//1799 1760//1760 1759//1759
f 1799//1799 1800//1800 1760//1760
f 1800//1800 1761//1761 1760//1760
f 1800//1800 1801//1801 1761//1761
f 1801//1801 1762//1762 1761//1761
f 1801//1801 1802//1802 1762//1762
f 1802//1802 1763//1763 1762//1762
f 1802//1802 1803//1803 1763//1763
f 1803//1803 1764//1764 1763//1763
f 1803//1803 1804//1804 1764//1764
f 1804//1804 1765//1765 1764//1764
f 1804//1804 1805//1805 1765//1765
f 1805//1805 1766//1766 1765//1765
f 1805//1805 1806//1806 1766//1766
f 1806//1806 1767//1767 1766//1766
f 1806//1806 1807//1807 1767//1767
f 1807//1807 1768//1768 1767//1767
f 1807//1807 1808//1808 1768//1768
f 1808//1808 1769//1769 1768//1768
f 1808//1808 1809//1809 1769//1769
f 1809//1809 1770//1770 1769//1769
f 1809//1809 1810//1810 1770//1770
f 1810//1810 1771//1771 1770//1770
f 1810//1810 1811//1811 1771//1771
f 1811//1811 1772//1772 1771//1771
f 1811//1811 1812//1812 1772//1772
f 1812//1812 1773//1773 1772//1772
f 1812//1812 1813//1813 1773//1773
f 1813//1813 1774//1774 1773//1773
f 1813//1813 1814//1814 1774//1774
f 1814//1814 1775//1775 1774//1774
f 1814//1814 1815//1815 1775//1775
f 1815//1815 1776//1776 1775//1775
f 1815//1815 1816//1816 1776//1776
f 1816//1816 1777//1777 1776//1776
f 1816//1816 1817//1817 1777//1777
f 1817//1817 1778//1778 1777//1777
f 1817//1817 1818//1818 1778//1778
f 1818//1818 1779//1779 1778//1778
f 1818//1818 1819//1819 1779//1779
f 1819//1819 1780//1780 1779//1779
f 1819//1819 1820//1820 1780//1780
f 1820//1820 1781//1781 1780//1780
f 1820//1820 1821//1821 1781//1781
f 1821//1821 1782//1782 1781//1781
f 1821//1821 1822//1822 1782//1782
f 1822//1822 1743//1743 1782//1782
f 1822//1822 1783//1783 1743//1743
f 1823//1823 1784//1784 1783//1783
f 1823//1823 1824//1824 1784//1784
f 1824//1824 1785//1785 1784//1784
f 1824//1824 1825//1825 1785//1785
f 1825//1825 1786//1786 1785//1785
f 1825//1825 1826//1826 1786//1786
f 1826//1826 1787//1787 1786//1786
f 1826//1826 1827//1827 1787//1787
f 1827//1827 1788//1788 1787//1787
f 1827//1827 1828//1828 1788//1788
f 1828//1828 1789//1789 1788//1788
f 1828//1828 1829//1829 1789//1789
f 1829//1829 1790//1790 1789//1789
f 1829//1829 1830//1830 1790//1790
f 1830//1830 1791//1791 1790//1790
f 1830//1830 1831//1831 1791//1791
f 1831//1831 1792//1792 1791//1791
f 1831//1831 1832//1832 1792//1792
f 1832//1832 1793//1793 1792//1792
f 1832//1832 1833//1833 1793//1793
f 1833//1833 1794//1794 1793//1793
f 1833//1833 1834//1834 1794//1794
f 1834//1834 1795//1795 1794//1794
f 1834//1834 1835//1835 1795//1795
f 1835//1835 1796//1796 1795//1795
f 1835//1835 1836//1836 1796//1796
f 1836//1836 1797//1797 1796//1796
f 1836//1836 1837//1837 1797//1797
f 1837//1837 1798//1798 1797//1797
f 1837//1837 1838//1838 1798//1798
f 1838//1838 1799//1799 1798//1798
f 1838//1838 1839//1839 1799//1799
f 1839//1839 1800//1800 1799//1799
f 1839//1839 1840//1840 1800//1800
f 1840//1840 1801//1801 1800//1800
f 1840//1840 1841//1841 1801//1801
f 1841//1841 1802//1802 1801//1801
f 1841//1841 1842//1842 1802//1802
f 1842//1842 1803//1803 1802//1802
f 1842//1842 1843//1843 1803//1803
f 1843//1843 1804//1804 1803//1803
f 1843//1843 1844//1844 1804//1804
f 1844//1844 1805//1805 1804//1804
f 1844//1844 1845//1845 1805//1805
f 1845//1845 1806//1806 1805//1805
f 1845//1845 1846//1846 1806//1806
f 1846//1846 1807//1807 1806//1806
f 1846//1846 1847//1847 1807//1807
f 1847//1847 1808//1808 1807//1807
f 1847//1847 1848//1848 1808//1808
f 1848//1848 1809//1809 1808//1808
f 1848//1848 1849//1849 1809//1809
f 1849//1849 1810//1810 1809//1809
f 1849//1849 1850//1850 1810//1810
f 1850//1850 1811//1811 1810//1810
f 1850//1850 1851//1851 1811//1811
f 1851//1851 1812//1812 1811//1811
f 1851//1851 1852//1852 1812//1812
f 1852//1852 1813//1813 1812//1812
f 1852//1852 1853//1853 1813//1813
f 1853//1853 1814//1814 1813//1813
f 1853//1853 1854//1854 1814//1814
f 1854//1854 1815//1815 1814//1814
f 1854//1854 1855//1855 1815//1815
f 1855//1855 1816//1816 1815//1815
f 1855//1855 1856//1856 1816//1816
f 1856//1856 1817//1817 1816//1816
f 1856//1856 1857//1857 1817//1817
f 1857//1857 1818//1818 1817//1817
f 1857//1857 1858//1858 1818//1818
f 1858//1858 1819//1819 1818//1818
f 1858//1858 1859//1859 1819//1819
f 1859//1859 1820//1820 1819//1819
f 1859//1859 1860//1860 1820//1820
f 1860//1860 1821//1821 1820//1820
f 1860//1860 1861//1861 1821//1821
f 1861//1861 1822//1822 1821//1821
f 1861//1861 1862//1862 1822//1822
f 1862//1862 1783//1783 1822//1822
f 1862//1862 1823//1823 1783//1783
f 1863//1863 1824//1824 1823//1823
f 1863//1863 1864//1864 1824//1824
f 1864//1864 1825//1825 1824//1824
f 1864//1864 1865//1865 1825//1825
f 1865//1865 1826//1826 1825//1825
f 1865//1865 1866//1866 1826//1826
f 1866//1866 1827//1827 1826//1826
f 1866//1866 1867//1867 1827//1827
f 1867//1867 1828//1828 1827//1827
f 1867//1867 1868//1868 1828//1828
f 1868//1868 1829//1829 1828//1828
f 1868//1868 1869//1869 1829//1829
f 1869//1869 1830//1830 1829//1829
f 1869//1869 1870//1870 1830//1830
f 1870//1870 1831//1831 1830//1830
f 1870//1870 1871//1871 1831//1831
f 1871//1871 1832//1832 1831//1831
f 1871//1871 1872//1872 1832//1832
f 1872//1872 1833//1833 1832//1832
f 1872//1872 1873//1873 1833//1833
f 1873//1873 1834//1834 1833//1833
f 1873//1873 1874//1874 1834//1834
f 1874//1874 1835//1835 1834//1834
f 1874//1874 1875//1875 1835//1835
f 1875//1875 1836//1836 1835//1835
f 1875//1875 1876//1876 1836//1836
f 1876//1876 1837//1837 1836//1836
f 1876//1876 1877//1877 1837//1837
f 1877//1877 1838//1838 1837//1837
f 1877//1877 1878//1878 1838//1838
f 1878//1878 1839//1839 1838//1838
f 1878//1878 1879//1879 1839//1839
f 1879//1879 1840//1840 1839//1839
f 1879//1879 1880//1880 1840//1840
f 1880//1880 1841//1841 1840//1840
f 1880//1880 1881//1881 1841//1841
f 1881//1881 1842//1842 1841//1841
f 1881//1881 1882//1882 1842//1842
f 1882//1882 1843//1843 1842//1842
f 1882//1882 1883//1883 1843//1843
f 1883//1883 1844//1844 1843//1843
f 1883//1883 1884//1884 1844//1844
f 1884//1884 1845//1845 1844//1844
f 1884//1884 1885//1885 1845//1845
f 1885//1885 1846//1846 1845//1845
f 1885//1885 1886//1886 1846//1846
f 1886//1886 1847//1847 1846//1846
f 1886//1886 1887//1887 1847//1847
f 1887//1887 1848//1848 1847//1847
f 1887//1887 1888//1888 1848//1848
f 1888//1888 1849//1849 1848//1848
f 1888//1888 1889//1889 1849//1849
f 1889//1889 1850//1850 1849//1849
f 1889//1889 1890//1890 1850//1850
f 1890//1890 1851//1851 1850//1850
f 1890//1890 1891//1891 1851//1851
f 1891//1891 1852//1852 1851//1851
f 1891//1891 1892//1892 1852//1852
f 1892//1892 1853//1853 1852//1852
f 1892//1892 1893//1893 1853//1853
f 1893//1893 1854//1854 1853//1853
f 1893//1893 1894//1894 1854//1854
f 1894//1894 1855//1855 1854//1854
f 1894//1894 1895//1895 1855//1855
f 1895//1895 1856//1856 1855//1855
f 1895//1895 1896//1896 1856//1856
f 1896//1896 1857//1857 1856//1856
f 1896//1896 1897//1897 1857//1857
f 1897//1897 1858//1858 1857//1857
f 1897//1897 1898//1898 1858//1858
f 1898//1898 1859//1859 1858//1858
f 1898//1898 1899//1899 1859//1859
f 1899//1899 1860//1860 1859//1859
f 1899//1899 1900//1900 1860//1860
f 1900//1900 1861//1861 1860//1860
f 1900//1900 1901//1901 1861//1861
f 1901//1901 1862//1862 1861//1861
f 1901//1901 1902//1902 1862//1862
f 1902//1902 1823//1823 1862//1862
f 1902//1902 1863//1863 1823//1823
f 1903//1903 1864//1864 1863//1863
f 1903//1903 1904//1904 1864//1864
f 1904//1904 1865//1865 1864//1864
f 1904//1904 1905//1905 1865//1865
f 1905//1905 1866//1866 1865//1865
f 1905//1905 1906//1906 1866//1866
f 1906//1906 1867//1867 1866//1866
f 1906//1906 1907//1907 1867//1867
f 1907//1907 1868//1868 1867//1867
f 1907//1907 1908//1908 1868//1868
f 1908//1908 1869//1869 1868//1868
f 1908//1908 1909//1909 1869//1869
f 1909//1909 1870//1870 1869//1869
f 1909//1909 1910//1910 1870//1870
f 1910//1910 1871//1871 1870//1870
f 1910//1910 1911//1911 1871//1871
f 1911//1911 1872//1872 1871//1871
f 1911//1911 1912//1912 1872//1872
f 1912//1912 1873//1873 1872//1872
f 1912//1912 1913//1913 1873//1873
f 1913//1913 1874//1874 1873//1873
f 1913//1913 1914//1914 1874//1874
f 1914//1914 1875//1875 1874//1874
f 1914//1914 1915//1915 1875//1875
f 1915//1915 1876//1876 1875//1875
f 1915//1915 1916//1916 1876//1876
f 1916//1916 1877//1877 1876//1876
f 1916//1916 1917//1917 1877//1877
f 1917//1917 1878//1878 1877//1877
f 1917//1917 1918//1918 1878//1878
f 1918//1918 1879//1879 1878//1878
f 1918//1918 1919//1919 1879//1879
f 1919//1919 1880//1880 1879//1879
f 1919//1919 1920//1920 1880//1880
f 1920//1920 1881//1881 1880//1880
f 1920//1920 1921//1921 1881//1881
f 1921//1921 1882//1882 1881//1881
f 1921//1921 1922//1922 1882//1882
f 1922//1922 1883//1883 1882//1882
f 1922//1922 1923//1923 1883//1883
f 1923//1923 1884//1884 1883//1883
f 1923//1923 1924//1924 1884//1884
f 1924//1924 1885//1885 1884//1884
f 1924//1924 1925//1925 1885//1885
f 1925//1925 1886//1886 1885//1885
f 1925//1925 1926//1926 1886//1886
f 1926//1926 1887//1887 1886//1886
f 1926//1926 1927//1927 1887//1887
f 1927//1927 1888//1888 1887//1887
f 1927//1927 1928//1928 1888//1888
f 1928//1928 1889//1889 1888//1888
f 1928//1928 1929//1929 1889//1889
f 1929//1929 1890//1890 1889//1889
f 1929//1929 1930//1930 1890//1890
f 1930//1930 1891//1891 1890//1890
f 1930//1930 1931//1931 1891//1891
f 1931//1931 1892//1892 1891//1891
f 1931//1931 1932//1932 1892//1892
f 1932//1932 1893//1893 1892//1892
f 1932//1932 1933//1933 1893//1893
f 1933//1933 1894//1894 1893//1893
f 1933//1933 1934//1934 1894//1894
f 1934//1934 1895//1895 1894//1894
f 1934//1934 1935//1935 1895//1895
f 1935//1935 1896//1896 1895//1895
f 1935//1935 1936//1936 1896//1896
f 1936//1936 1897//1897 1896//1896
f 1936//1936 1937//1937 1897//1897
f 1937//1937 1898//1898 1897//1897
f 1937//1937 1938//1938 1898//1898
f 1938//1938 1899//1899 1898//1898
f 1938//1938 1939//1939 1899//1899
f 1939//1939 1900//1900 1899//1899
f 1939//1939 1940//1940 1900//1900
f 1940//1940 1901//1901 1900//1900
f 1940//1940 1941//1941 1901//1901
f 1941//1941 1902//1902 1901//1901
f 1941//1941 1942//1942 1902//1902
f 1942//1942 1863//1863 1902//1902
f 1942//1942 1903//1903 1863//1863
f 1943//1943 1904//1904 1903//1903
f 1943//1943 1944//1944 1904//1904
f 1944//1944 1905//1905 1904//1904
f 1944//1944 1945//1945 1905//1905
f 1945//1945 1906//1906 1905//1905
f 1945//1945 1946//1946 1906//1906
f 1946//1946 1907//1907 1906//1906
f 1946//1946 1947//1947 1907//1907
f 1947//1947 1908//1908 1907//1907
f 1947//1947 1948//1948 1908//1908
f 1948//1948 1909//1909 1908//1908
f 1948//1948 1949//1949 1909//1909
f 1949//1949 1910//1910 1909//1909
f 1949//1949 1950//1950 1910//1910
f 1950//1950 1911//1911 1910//1910
f 1950//1950 1951//1951 1911//1911
f 1951//1951 1912//1912 1911//1911
f 1951//1951 1952//1952 1912//1912
f 1952//1952 1913//1913 1912//1912
f 1952//1952 1953//1953 1913//1913
f 1953//1953 1914//1914 1913//1913
f 1953//1953 1954//1954 1914//1914
f 1954//1954 1915//1915 1914//1914
f 1954//1954 1955//1955 1915//1915
f 1955//1955 1916//1916 1915//1915
f 1955//1955 1956//1956 1916//1916
f 1956//1956 1917//1917 1916//1916
f 1956//1956 1957//1957 1917//1917
f 1957//1957 1918//1918 1917//1917
f 1957//1957 1958//1958 1918//1918
f 1958//1958 1919//1919 1918//1918
f 1958//1958 1959//1959 1919//1919
f 1959//1959 1920//1920 1919//1919
f 1959//1959 1960//1960 1920//1920
f 1960//1960 1921//1921 1920//1920
f 1960//1960 1961//1961 1921//1921
f 1961//1961 1922//1922 1921//1921
f 1961//1961 1962//1962 1922//1922
f 1962//1962 1923//1923 1922//1922
f 1962//1962 1963//1963 1923//1923
f 1963//1963 1924//1924 1923//1923
f 1963//1963 1964//1964 1924//1924
f 1964//1964 1925//1925 1924//1924
f 1964//1964 1965//1965 1925//1925
f 1965//1965 1926//1926 1925//1925
f 1965//1965 1966//1966 1926//1926
f 1966//1966 1927//1927 1926//1926
f 1966//1966 1967//1967 1927//1927
f 1967//1967 1928//1928 1927//1927
f 1967//1967 1968//1968 1928//1928
f 1968//1968 1929//1929 1928//1928
f 1968//1968 1969//1969 1929//1929
f 1969//1969 1930//1930 1929//1929
f 1969//1969 1970//1970 1930//1930
f 1970//1970 1931//1931 1930//1930
f 1970//1970 1971//1971 1931//1931
f 1971//1971 1932//1932 1931//1931
f 1971//1971 1972//1972 1932//1932
f 1972//1972 1933//1933 1932//1932
f 1972//1972 1973//1973 1933//1933
f 1973//1973 1934//1934 1933//1933
f 1973//1973 1974//1974 1934//1934
f 1974//1974 1935//1935 1934//1934
f 1974//1974 1975//1975 1935//1935
f 1975//1975 1936//1936 1935//1935
f 1975//1975 1976//1976 1936//1936
f 1976//1976 1937//1937 1936//1936
f 1976//1976 1977//1977 1937//1937
f 1977//1977 1938//1938 1937//1937
f 1977//1977 1978//1978 1938//1938
f 1978//1978 1939//1939 1938//1938
f 1978//1978 1979//1979 1939//1939
f 1979//1979 1940//1940 1939//1939
f 1979//1979 1980//1980 1940//1940
f 1980//1980 1941//1941 1940//1940
f 1980//1980 1981//1981 1941//1941
f 1981//1981 1942//1942 1941//1941
f 1981//1981 1982//1982 1942//1942
f 1982//1982 1903//1903 1942//1942
f 1982//1982 1943//1943 1903//1903
f 1983//1983 1944//1944 1943//1943
f 1983//1983 1984//1984 1944//1944
f 1984//1984 1945//1945 1944//1944
f 1984//1984 1985//1985 1945//1945
f 1985//1985 1946//1946 1945//1945
f 1985//1985 1986//1986 1946//1946
f 1986//1986 1947//1947 1946//1946
f 1986//1986 1987//1987 1947//1947
f 1987//1987 1948//1948 1947//1947
f 1987//1987 1988//1988 1948//1948
f 1988//1988 1949//1949 1948//1948
f 1988//1988 1989//1989 1949//1949
f 1989//1989 1950//1950 1949//1949
f 1989//1989 1990//1990 1950//1950
f 1990//1990 1951//1951 1950//1950
f 1990//1990 1991//1991 1951//1951
f 1991//1991 1952//1952 1951//1951
f 1991//1991 1992//1992 1952//1952
f 1992//1992 1953//1953 1952//1952
f 1992//1992 1993//1993 1953//1953
f 1993//1993 1954//1954 1953//1953
f 1993//1993 1994//1994 1954//1954
f 1994//1994 1955//1955 1954//1954
f 1994//1994 1995//1995 1955//1955
f 1995//1995 1956//1956 1955//1955
f 1995//1995 1996//1996 1956//1956
f 1996//1996 1957//1957 1956//1956
f 1996//1996 1997//1997 1957//1957
f 1997//1997 1958//1958 1957//1957
f 1997//1997 1998//1998 1958//1958
f 1998//1998 1959//1959 1958//1958
f 1998//1998 1999//1999 1959//1959
f 1999//1999 1960//1960 1959//1959
f 1999//1999 2000//2000 1960//1960
f 2000//2000 1961//1961 1960//1960
f 2000//2000 2001//2001 1961//1961
f 2001//2001 1962//1962 1961//1961
f 2001//2001 2002//2002 1962//1962
f 2002//2002 1963//1963 1962//1962
f 2002//2002 2003//2003 1963//1963
f 2003//2003 1964//1964 1963//1963
f 2003//2003 2004//2004 1964//1964
f 2004//2004 1965//1965 1964//1964
f 2004//2004 2005//2005 1965//1965
f 2005//2005 1966//1966 1965//1965
f 2005//2005 2006//2006 1966//1966
f 2006//2006 1967//1967 1966//1966
f 2006//2006 2007//2007 1967//1967
f 2007//2007 1968//1968 1967//1967
f 2007//2007 2008//2008 1968//1968
f 2008//2008 1969//1969 1968//1968
f 2008//2008 2009//2009 1969//1969
f 2009//2009 1970//1970 1969//1969
f 2009//2009 2010//2010 1970//1970
f 2010//2010 1971//1971 1970//1970
f 2010//2010 2011//2011 1971//1971
f 2011//2011 1972//1972 1971//1971
f 2011//2011 2012//2012 1972//1972
f 2012//2012 1973//1973 1972//1972
f 2012//2012 2013//2013 1973//1973
f 2013//2013 1974//1974 1973//1973
f 2013//2013 2014//2014 1974//1974
f 2014//2014 1975//1975 1974//1974
f 2014//2014 2015//2015 1975//1975
f 2015//2015 1976//1976 1975//1975
f 2015//2015 2016//2016 1976//1976
f 2016//2016 1977//1977 1976//1976
f 2016//2016 2017//2017 1977//1977
f 2017//2017 1978//1978 1977//1977
f 2017//2017 2018//2018 1978//1978
f 2018//2018 1979//1979 1978//1978
f 2018//2018 2019//2019 1979//1979
f 2019//2019 1980//1980 1979//1979
f 2019//2019 2020//2020 1980//1980
f 2020//2020 1981//1981 1980//1980
f 2020//2020 2021//2021 1981//1981
f 2021//2021 1982//1982 1981//1981
f 2021//2021 2022//2022 1982//1982
f 2022//2022 1943//1943 1982//1982
f 2022//2022 1983//1983 1943//1943
