# Created by Open3D 
# object name: temp_object_463613923
# number of vertices: 1260
# number of triangles: 2460
v 0.046769 8.99668e-10 0.128487 0.8 0.8 0.8
vn -0.981223 0.0317415 0.190248
v 0.0457469 0.00972381 0.128487 0.8 0.8 0.8
vn -0.96638 -0.17296 0.190248
v 0.0427256 0.0190226 0.128487 0.8 0.8 0.8
vn -0.909302 -0.370102 0.190248
v 0.0378369 0.0274901 0.128487 0.8 0.8 0.8
vn -0.812483 -0.551069 0.190248
v 0.0312945 0.0347561 0.128487 0.8 0.8 0.8
vn -0.680155 -0.707951 0.190248
v 0.0233845 0.0405031 0.128487 0.8 0.8 0.8
vn -0.5181 -0.833893 0.190248
v 0.0144524 0.0444799 0.128487 0.8 0.8 0.8
vn -0.333403 -0.92339 0.190248
v 0.00488872 0.0465127 0.128487 0.8 0.8 0.8
vn -0.134133 -0.97253 0.190248
v -0.00488865 0.0465127 0.128487 0.8 0.8 0.8
vn 0.070998 -0.979165 0.190248
v -0.0144524 0.0444799 0.128487 0.8 0.8 0.8
vn 0.273027 -0.943007 0.190248
v -0.0233844 0.0405031 0.128487 0.8 0.8 0.8
vn 0.463122 -0.865635 0.190248
v -0.0312945 0.0347561 0.128487 0.8 0.8 0.8
vn 0.632978 -0.75043 0.190248
v -0.0378368 0.0274901 0.128487 0.8 0.8 0.8
vn 0.775169 -0.602428 0.190248
v -0.0427255 0.0190226 0.128487 0.8 0.8 0.8
vn 0.883481 -0.428097 0.190248
v -0.0457469 0.00972381 0.128487 0.8 0.8 0.8
vn 0.953181 -0.235056 0.190248
v -0.0467689 8.99668e-10 0.128487 0.8 0.8 0.8
vn 0.981223 -0.0317415 0.190248
v -0.0457469 -0.0097238 0.128487 0.8 0.8 0.8
vn 0.96638 0.17296 0.190248
v -0.0427255 -0.0190226 0.128487 0.8 0.8 0.8
vn 0.909302 0.370102 0.190248
v -0.0378368 -0.0274901 0.128487 0.8 0.8 0.8
vn 0.812483 0.551069 0.190248
v -0.0312945 -0.0347561 0.128487 0.8 0.8 0.8
vn 0.680155 0.707951 0.190248
v -0.0233844 -0.0405031 0.128487 0.8 0.8 0.8
vn 0.5181 0.833893 0.190248
v -0.0144524 -0.0444799 0.128487 0.8 0.8 0.8
vn 0.333403 0.92339 0.190248
v -0.00488865 -0.0465127 0.128487 0.8 0.8 0.8
vn 0.134133 0.97253 0.190248
v 0.00488871 -0.0465127 0.128487 0.8 0.8 0.8
vn -0.070998 0.979165 0.190248
v 0.0144524 -0.0444799 0.128487 0.8 0.8 0.8
vn -0.273027 0.943007 0.190248
v 0.0233845 -0.0405031 0.128487 0.8 0.8 0.8
vn -0.463122 0.865635 0.190248
v 0.0312945 -0.0347561 0.128487 0.8 0.8 0.8
vn -0.632978 0.75043 0.190248
v 0.0378369 -0.0274901 0.128487 0.8 0.8 0.8
vn -0.775169 0.602428 0.190248
v 0.0427256 -0.0190226 0.128487 0.8 0.8 0.8
vn -0.883481 0.428097 0.190248
v 0.0457469 -0.0097238 0.128487 0.8 0.8 0.8
vn -0.953181 0.235056 0.190248
v 0.0415895 8.99668e-10 0.0744837 0.8 0.8 0.8
vn -0.994609 -0.0123623 0.102958
v 0.0406806 0.00864693 0.0744837 0.8 0.8 0.8
vn -0.970304 -0.218883 0.102958
v 0.0379939 0.0169159 0.0744837 0.8 0.8 0.8
vn -0.903592 -0.415837 0.102958
v 0.0336466 0.0244456 0.0744837 0.8 0.8 0.8
vn -0.797389 -0.594618 0.102958
v 0.0278288 0.030907 0.0744837 0.8 0.8 0.8
vn -0.656336 -0.74741 0.102958
v 0.0207947 0.0360175 0.0744837 0.8 0.8 0.8
vn -0.486598 -0.867538 0.102958
v 0.0128519 0.0395539 0.0744837 0.8 0.8 0.8
vn -0.295594 -0.949749 0.102958
v 0.00434731 0.0413616 0.0744837 0.8 0.8 0.8
vn -0.0916704 -0.990453 0.102958
v -0.00434725 0.0413616 0.0744837 0.8 0.8 0.8
vn 0.11626 -0.987868 0.102958
v -0.0128518 0.0395539 0.0744837 0.8 0.8 0.8
vn 0.319108 -0.942109 0.102958
v -0.0207947 0.0360175 0.0744837 0.8 0.8 0.8
vn 0.508011 -0.855175 0.102958
v -0.0278287 0.030907 0.0744837 0.8 0.8 0.8
vn 0.67471 -0.730866 0.102958
v -0.0336465 0.0244456 0.0744837 0.8 0.8 0.8
vn 0.811922 -0.574615 0.102958
v -0.0379938 0.0169159 0.0744837 0.8 0.8 0.8
vn 0.913649 -0.39325 0.102958
v -0.0406806 0.00864693 0.0744837 0.8 0.8 0.8
vn 0.975445 -0.194699 0.102958
v -0.0415894 8.99668e-10 0.0744837 0.8 0.8 0.8
vn 0.994609 0.0123623 0.102958
v -0.0406806 -0.00864693 0.0744837 0.8 0.8 0.8
vn 0.970304 0.218883 0.102958
v -0.0379938 -0.0169159 0.0744837 0.8 0.8 0.8
vn 0.903592 0.415837 0.102958
v -0.0336465 -0.0244456 0.0744837 0.8 0.8 0.8
vn 0.797389 0.594618 0.102958
v -0.0278287 -0.030907 0.0744837 0.8 0.8 0.8
vn 0.656336 0.74741 0.102958
v -0.0207947 -0.0360175 0.0744837 0.8 0.8 0.8
vn 0.486598 0.867538 0.102958
v -0.0128518 -0.0395539 0.0744837 0.8 0.8 0.8
vn 0.295594 0.949749 0.102958
v -0.00434725 -0.0413616 0.0744837 0.8 0.8 0.8
vn 0.0916704 0.990453 0.102958
v 0.00434731 -0.0413616 0.0744837 0.8 0.8 0.8
vn -0.11626 0.987868 0.102958
v 0.0128519 -0.0395539 0.0744837 0.8 0.8 0.8
vn -0.319108 0.942109 0.102958
v 0.0207947 -0.0360175 0.0744837 0.8 0.8 0.8
vn -0.508011 0.855175 0.102958
v 0.0278288 -0.030907 0.0744837 0.8 0.8 0.8
vn -0.67471 0.730866 0.102958
v 0.0336466 -0.0244456 0.0744837 0.8 0.8 0.8
vn -0.811922 0.574615 0.102958
v 0.0379939 -0.0169159 0.0744837 0.8 0.8 0.8
vn -0.913649 0.39325 0.102958
v 0.0406806 -0.00864693 0.0744837 0.8 0.8 0.8
vn -0.975445 0.194699 0.102958
v 0.0377777 8.99668e-10 0.0419235 0.8 0.8 0.8
vn -0.99142 -0.0121481 0.130152
v 0.0369522 0.00785443 0.0419235 0.8 0.8 0.8
vn -0.967229 -0.21801 0.130152
v 0.0345117 0.0153656 0.0419235 0.8 0.8 0.8
vn -0.900766 -0.414344 0.130152
v 0.0305628 0.0222052 0.0419235 0.8 0.8 0.8
vn -0.794935 -0.59257 0.130152
v 0.0252783 0.0280743 0.0419235 0.8 0.8 0.8
vn -0.654361 -0.744897 0.130152
v 0.0188889 0.0327165 0.0419235 0.8 0.8 0.8
vn -0.485189 -0.864669 0.130152
v 0.011674 0.0359287 0.0419235 0.8 0.8 0.8
vn -0.294812 -0.94665 0.130152
v 0.00394888 0.0375708 0.0419235 0.8 0.8 0.8
vn -0.0915501 -0.987258 0.130152
v -0.00394881 0.0375708 0.0419235 0.8 0.8 0.8
vn 0.115713 -0.984719 0.130152
v -0.0116739 0.0359287 0.0419235 0.8 0.8 0.8
vn 0.317919 -0.939142 0.130152
v -0.0188888 0.0327165 0.0419235 0.8 0.8 0.8
vn 0.50623 -0.852521 0.130152
v -0.0252782 0.0280743 0.0419235 0.8 0.8 0.8
vn 0.672417 -0.72864 0.130152
v -0.0305628 0.0222052 0.0419235 0.8 0.8 0.8
vn 0.809216 -0.572914 0.130152
v -0.0345116 0.0153656 0.0419235 0.8 0.8 0.8
vn 0.910648 -0.392149 0.130152
v -0.0369521 0.00785443 0.0419235 0.8 0.8 0.8
vn 0.97228 -0.194245 0.130152
v -0.0377777 8.99668e-10 0.0419235 0.8 0.8 0.8
vn 0.99142 0.0121481 0.130152
v -0.0369521 -0.00785443 0.0419235 0.8 0.8 0.8
vn 0.967229 0.21801 0.130152
v -0.0345116 -0.0153656 0.0419235 0.8 0.8 0.8
vn 0.900766 0.414344 0.130152
v -0.0305628 -0.0222052 0.0419235 0.8 0.8 0.8
vn 0.794935 0.59257 0.130152
v -0.0252782 -0.0280743 0.0419235 0.8 0.8 0.8
vn 0.654361 0.744897 0.130152
v -0.0188888 -0.0327164 0.0419235 0.8 0.8 0.8
vn 0.485189 0.864669 0.130152
v -0.0116739 -0.0359287 0.0419235 0.8 0.8 0.8
vn 0.294812 0.94665 0.130152
v -0.00394882 -0.0375708 0.0419235 0.8 0.8 0.8
vn 0.0915501 0.987258 0.130152
v 0.00394887 -0.0375708 0.0419235 0.8 0.8 0.8
vn -0.115713 0.984719 0.130152
v 0.011674 -0.0359287 0.0419235 0.8 0.8 0.8
vn -0.317919 0.939142 0.130152
v 0.0188889 -0.0327164 0.0419235 0.8 0.8 0.8
vn -0.50623 0.852521 0.130152
v 0.0252782 -0.0280743 0.0419235 0.8 0.8 0.8
vn -0.672417 0.72864 0.130152
v 0.0305628 -0.0222052 0.0419235 0.8 0.8 0.8
vn -0.809216 0.572914 0.130152
v 0.0345117 -0.0153656 0.0419235 0.8 0.8 0.8
vn -0.910648 0.392149 0.130152
v 0.0369522 -0.00785443 0.0419235 0.8 0.8 0.8
vn -0.97228 0.194245 0.130152
v 0.0347804 8.99668e-10 0.0228341 0.8 0.8 0.8
vn -0.983488 -0.0121708 0.180565
v 0.0340204 0.00723125 0.0228341 0.8 0.8 0.8
vn -0.959466 -0.216383 0.180565
v 0.0317735 0.0141465 0.0228341 0.8 0.8 0.8
vn -0.89351 -0.411139 0.180565
v 0.028138 0.0204434 0.0228341 0.8 0.8 0.8
vn -0.788505 -0.587926 0.180565
v 0.0232726 0.0258469 0.0228341 0.8 0.8 0.8
vn -0.649037 -0.739018 0.180565
v 0.0173902 0.0301207 0.0228341 0.8 0.8 0.8
vn -0.481204 -0.857811 0.180565
v 0.0107478 0.0330781 0.0228341 0.8 0.8 0.8
vn -0.292339 -0.939113 0.180565
v 0.00363557 0.0345898 0.0228341 0.8 0.8 0.8
vn -0.0906983 -0.979372 0.180565
v -0.00363551 0.0345898 0.0228341 0.8 0.8 0.8
vn 0.114907 -0.976828 0.180565
v -0.0107477 0.0330781 0.0228341 0.8 0.8 0.8
vn 0.31549 -0.931591 0.180565
v -0.0173902 0.0301207 0.0228341 0.8 0.8 0.8
vn 0.502284 -0.84564 0.180565
v -0.0232726 0.0258469 0.0228341 0.8 0.8 0.8
vn 0.667126 -0.72273 0.180565
v -0.0281379 0.0204434 0.0228341 0.8 0.8 0.8
vn 0.802812 -0.568233 0.180565
v -0.0317734 0.0141465 0.0228341 0.8 0.8 0.8
vn 0.903411 -0.388902 0.180565
v -0.0340203 0.00723125 0.0228341 0.8 0.8 0.8
vn 0.964527 -0.192574 0.180565
v -0.0347804 8.99668e-10 0.0228341 0.8 0.8 0.8
vn 0.983488 0.0121708 0.180565
v -0.0340203 -0.00723125 0.0228341 0.8 0.8 0.8
vn 0.959466 0.216383 0.180565
v -0.0317734 -0.0141465 0.0228341 0.8 0.8 0.8
vn 0.89351 0.411139 0.180565
v -0.0281379 -0.0204434 0.0228341 0.8 0.8 0.8
vn 0.788505 0.587926 0.180565
v -0.0232726 -0.0258469 0.0228341 0.8 0.8 0.8
vn 0.649037 0.739018 0.180565
v -0.0173902 -0.0301207 0.0228341 0.8 0.8 0.8
vn 0.481204 0.857811 0.180565
v -0.0107477 -0.0330781 0.0228341 0.8 0.8 0.8
vn 0.292339 0.939113 0.180565
v -0.00363551 -0.0345898 0.0228341 0.8 0.8 0.8
vn 0.0906983 0.979372 0.180565
v 0.00363557 -0.0345898 0.0228341 0.8 0.8 0.8
vn -0.114907 0.976828 0.180565
v 0.0107478 -0.0330781 0.0228341 0.8 0.8 0.8
vn -0.31549 0.931591 0.180565
v 0.0173902 -0.0301207 0.0228341 0.8 0.8 0.8
vn -0.502284 0.84564 0.180565
v 0.0232726 -0.0258469 0.0228341 0.8 0.8 0.8
vn -0.667126 0.72273 0.180565
v 0.0281379 -0.0204434 0.0228341 0.8 0.8 0.8
vn -0.802812 0.568233 0.180565
v 0.0317735 -0.0141465 0.0228341 0.8 0.8 0.8
vn -0.903411 0.388902 0.180565
v 0.0340204 -0.00723125 0.0228341 0.8 0.8 0.8
vn -0.964527 0.192574 0.180565
v 0.032254 8.99668e-10 0.0119869 0.8 0.8 0.8
vn -0.96202 -0.0122618 0.272703
v 0.0315491 0.00670597 0.0119869 0.8 0.8 0.8
vn -0.938448 -0.212009 0.272703
v 0.0294655 0.0131189 0.0119869 0.8 0.8 0.8
vn -0.873862 -0.402491 0.272703
v 0.026094 0.0189584 0.0119869 0.8 0.8 0.8
vn -0.771083 -0.575381 0.272703
v 0.0215821 0.0239693 0.0119869 0.8 0.8 0.8
vn -0.634605 -0.723125 0.272703
v 0.016127 0.0279327 0.0119869 0.8 0.8 0.8
vn -0.470391 -0.839265 0.272703
v 0.00996704 0.0306753 0.0119869 0.8 0.8 0.8
vn -0.285619 -0.918725 0.272703
v 0.00337148 0.0320772 0.0119869 0.8 0.8 0.8
vn -0.0883638 -0.958032 0.272703
v -0.00337142 0.0320772 0.0119869 0.8 0.8 0.8
vn 0.112753 -0.955468 0.272703
v -0.00996698 0.0306753 0.0119869 0.8 0.8 0.8
vn 0.308942 -0.911146 0.272703
v -0.0161269 0.0279327 0.0119869 0.8 0.8 0.8
vn 0.491629 -0.827003 0.272703
v -0.0215821 0.0239693 0.0119869 0.8 0.8 0.8
vn 0.652829 -0.706715 0.272703
v -0.0260939 0.0189584 0.0119869 0.8 0.8 0.8
vn 0.785498 -0.555541 0.272703
v -0.0294654 0.0131189 0.0119869 0.8 0.8 0.8
vn 0.883836 -0.380087 0.272703
v -0.0315491 0.00670597 0.0119869 0.8 0.8 0.8
vn 0.943547 -0.188021 0.272703
v -0.0322539 8.99668e-10 0.0119869 0.8 0.8 0.8
vn 0.96202 0.0122618 0.272703
v -0.0315491 -0.00670597 0.0119869 0.8 0.8 0.8
vn 0.938448 0.212009 0.272703
v -0.0294654 -0.0131189 0.0119869 0.8 0.8 0.8
vn 0.873862 0.402491 0.272703
v -0.0260939 -0.0189584 0.0119869 0.8 0.8 0.8
vn 0.771083 0.575381 0.272703
v -0.0215821 -0.0239693 0.0119869 0.8 0.8 0.8
vn 0.634605 0.723125 0.272703
v -0.0161269 -0.0279327 0.0119869 0.8 0.8 0.8
vn 0.470391 0.839265 0.272703
v -0.00996698 -0.0306753 0.0119869 0.8 0.8 0.8
vn 0.285619 0.918725 0.272703
v -0.00337142 -0.0320772 0.0119869 0.8 0.8 0.8
vn 0.0883638 0.958032 0.272703
v 0.00337148 -0.0320772 0.0119869 0.8 0.8 0.8
vn -0.112753 0.955468 0.272703
v 0.00996704 -0.0306753 0.0119869 0.8 0.8 0.8
vn -0.308942 0.911146 0.272703
v 0.016127 -0.0279327 0.0119869 0.8 0.8 0.8
vn -0.491629 0.827003 0.272703
v 0.0215821 -0.0239693 0.0119869 0.8 0.8 0.8
vn -0.652829 0.706715 0.272703
v 0.026094 -0.0189584 0.0119869 0.8 0.8 0.8
vn -0.785498 0.555541 0.272703
v 0.0294655 -0.0131189 0.0119869 0.8 0.8 0.8
vn -0.883836 0.380087 0.272703
v 0.0315491 -0.00670597 0.0119869 0.8 0.8 0.8
vn -0.943547 0.188021 0.272703
v 0.0299909 8.99668e-10 0.00603619 0.8 0.8 0.8
vn -0.901749 -0.0120131 0.432094
v 0.0293356 0.00623546 0.00603619 0.8 0.8 0.8
vn -0.879546 -0.199235 0.432094
v 0.0273981 0.0121984 0.00603619 0.8 0.8 0.8
vn -0.818902 -0.377749 0.432094
v 0.0242632 0.0176282 0.00603619 0.8 0.8 0.8
vn -0.722469 -0.539753 0.432094
v 0.0200679 0.0222876 0.00603619 0.8 0.8 0.8
vn -0.59446 -0.678168 0.432094
v 0.0149955 0.0259729 0.00603619 0.8 0.8 0.8
vn -0.440471 -0.786944 0.432094
v 0.00926773 0.028523 0.00603619 0.8 0.8 0.8
vn -0.267231 -0.861326 0.432094
v 0.00313493 0.0298266 0.00603619 0.8 0.8 0.8
vn -0.0823111 -0.898065 0.432094
v -0.00313487 0.0298266 0.00603619 0.8 0.8 0.8
vn 0.106206 -0.895553 0.432094
v -0.00926767 0.028523 0.00603619 0.8 0.8 0.8
vn 0.290081 -0.853902 0.432094
v -0.0149954 0.0259729 0.00603619 0.8 0.8 0.8
vn 0.461278 -0.774931 0.432094
v -0.0200678 0.0222876 0.00603619 0.8 0.8 0.8
vn 0.612315 -0.662092 0.432094
v -0.0242631 0.0176282 0.00603619 0.8 0.8 0.8
vn 0.736591 -0.520316 0.432094
v -0.027398 0.0121984 0.00603619 0.8 0.8 0.8
vn 0.828675 -0.3558 0.432094
v -0.0293355 0.00623546 0.00603619 0.8 0.8 0.8
vn 0.884541 -0.175734 0.432094
v -0.0299909 8.99668e-10 0.00603619 0.8 0.8 0.8
vn 0.901749 0.0120131 0.432094
v -0.0293355 -0.00623546 0.00603619 0.8 0.8 0.8
vn 0.879546 0.199235 0.432094
v -0.027398 -0.0121984 0.00603619 0.8 0.8 0.8
vn 0.818902 0.377749 0.432094
v -0.0242631 -0.0176282 0.00603619 0.8 0.8 0.8
vn 0.722469 0.539753 0.432094
v -0.0200678 -0.0222876 0.00603619 0.8 0.8 0.8
vn 0.59446 0.678168 0.432094
v -0.0149954 -0.0259729 0.00603619 0.8 0.8 0.8
vn 0.440471 0.786944 0.432094
v -0.00926767 -0.028523 0.00603619 0.8 0.8 0.8
vn 0.267231 0.861326 0.432094
v -0.00313487 -0.0298266 0.00603619 0.8 0.8 0.8
vn 0.0823111 0.898065 0.432094
v 0.00313493 -0.0298266 0.00603619 0.8 0.8 0.8
vn -0.106206 0.895553 0.432094
v 0.00926773 -0.028523 0.00603619 0.8 0.8 0.8
vn -0.290081 0.853902 0.432094
v 0.0149955 -0.0259729 0.00603619 0.8 0.8 0.8
vn -0.461278 0.774931 0.432094
v 0.0200679 -0.0222876 0.00603619 0.8 0.8 0.8
vn -0.612315 0.662092 0.432094
v 0.0242632 -0.0176282 0.00603619 0.8 0.8 0.8
vn -0.736591 0.520316 0.432094
v 0.0273981 -0.0121984 0.00603619 0.8 0.8 0.8
vn -0.828675 0.3558 0.432094
v 0.0293356 -0.00623546 0.00603619 0.8 0.8 0.8
vn -0.884541 0.175734 0.432094
v 0.0278699 8.99668e-10 0.00289904 0.8 0.8 0.8
vn -0.751857 -0.0105822 0.659241
v 0.0272609 0.00579448 0.00289904 0.8 0.8 0.8
vn -0.733227 -0.166671 0.659241
v 0.0254604 0.0113357 0.00289904 0.8 0.8 0.8
vn -0.682551 -0.315475 0.659241
v 0.0225472 0.0163815 0.00289904 0.8 0.8 0.8
vn -0.602045 -0.450492 0.659241
v 0.0186486 0.0207114 0.00289904 0.8 0.8 0.8
vn -0.495226 -0.565819 0.659241
v 0.013935 0.024136 0.00289904 0.8 0.8 0.8
vn -0.366764 -0.656418 0.659241
v 0.0086123 0.0265058 0.00289904 0.8 0.8 0.8
vn -0.222272 -0.718329 0.659241
v 0.00291323 0.0277172 0.00289904 0.8 0.8 0.8
vn -0.0680663 -0.748844 0.659241
v -0.00291317 0.0277172 0.00289904 0.8 0.8 0.8
vn 0.0891146 -0.746632 0.659241
v -0.00861224 0.0265058 0.00289904 0.8 0.8 0.8
vn 0.242401 -0.711788 0.659241
v -0.0139349 0.024136 0.00289904 0.8 0.8 0.8
vn 0.385093 -0.645836 0.659241
v -0.0186486 0.0207114 0.00289904 0.8 0.8 0.8
vn 0.510955 -0.551658 0.659241
v -0.0225472 0.0163815 0.00289904 0.8 0.8 0.8
vn 0.614485 -0.433369 0.659241
v -0.0254604 0.0113357 0.00289904 0.8 0.8 0.8
vn 0.69116 -0.29614 0.659241
v -0.0272608 0.00579448 0.00289904 0.8 0.8 0.8
vn 0.737627 -0.145969 0.659241
v -0.0278699 8.99668e-10 0.00289904 0.8 0.8 0.8
vn 0.751857 0.0105822 0.659241
v -0.0272608 -0.00579448 0.00289904 0.8 0.8 0.8
vn 0.733227 0.166671 0.659241
v -0.0254604 -0.0113357 0.00289904 0.8 0.8 0.8
vn 0.682551 0.315475 0.659241
v -0.0225472 -0.0163815 0.00289904 0.8 0.8 0.8
vn 0.602045 0.450492 0.659241
v -0.0186486 -0.0207114 0.00289904 0.8 0.8 0.8
vn 0.495226 0.565819 0.659241
v -0.0139349 -0.024136 0.00289904 0.8 0.8 0.8
vn 0.366764 0.656418 0.659241
v -0.00861224 -0.0265058 0.00289904 0.8 0.8 0.8
vn 0.222272 0.718329 0.659241
v -0.00291317 -0.0277172 0.00289904 0.8 0.8 0.8
vn 0.0680663 0.748844 0.659241
v 0.00291323 -0.0277172 0.00289904 0.8 0.8 0.8
vn -0.0891146 0.746632 0.659241
v 0.0086123 -0.0265058 0.00289904 0.8 0.8 0.8
vn -0.242401 0.711788 0.659241
v 0.013935 -0.024136 0.00289904 0.8 0.8 0.8
vn -0.385093 0.645836 0.659241
v 0.0186486 -0.0207114 0.00289904 0.8 0.8 0.8
vn -0.510955 0.551658 0.659241
v 0.0225472 -0.0163815 0.00289904 0.8 0.8 0.8
vn -0.614485 0.433369 0.659241
v 0.0254604 -0.0113357 0.00289904 0.8 0.8 0.8
vn -0.69116 0.29614 0.659241
v 0.0272609 -0.00579448 0.00289904 0.8 0.8 0.8
vn -0.737627 0.145969 0.659241
v 0.0258223 8.99668e-10 0.00131866 0.8 0.8 0.8
vn -0.502138 -0.00752785 0.864755
v 0.0252581 0.00536876 0.00131866 0.8 0.8 0.8
vn -0.4896 -0.111764 0.864755
v 0.0235899 0.0105029 0.00131866 0.8 0.8 0.8
vn -0.455664 -0.211115 0.864755
v 0.0208907 0.015178 0.00131866 0.8 0.8 0.8
vn -0.401814 -0.30124 0.864755
v 0.0172785 0.0191897 0.00131866 0.8 0.8 0.8
vn -0.330402 -0.378199 0.864755
v 0.0129112 0.0223628 0.00131866 0.8 0.8 0.8
vn -0.24455 -0.438629 0.864755
v 0.00797956 0.0245585 0.00131866 0.8 0.8 0.8
vn -0.14801 -0.479888 0.864755
v 0.0026992 0.0256808 0.00131866 0.8 0.8 0.8
vn -0.0450012 -0.500175 0.864755
v -0.00269913 0.0256808 0.00131866 0.8 0.8 0.8
vn 0.0599744 -0.498601 0.864755
v -0.0079795 0.0245585 0.00131866 0.8 0.8 0.8
vn 0.162329 -0.475236 0.864755
v -0.0129111 0.0223628 0.00131866 0.8 0.8 0.8
vn 0.257589 -0.431101 0.864755
v -0.0172785 0.0191897 0.00131866 0.8 0.8 0.8
vn 0.34159 -0.368124 0.864755
v -0.0208906 0.015178 0.00131866 0.8 0.8 0.8
vn 0.410663 -0.289059 0.864755
v -0.0235898 0.0105029 0.00131866 0.8 0.8 0.8
vn 0.461788 -0.197361 0.864755
v -0.025258 0.00536876 0.00131866 0.8 0.8 0.8
vn 0.492731 -0.0970371 0.864755
v -0.0258223 8.99668e-10 0.00131866 0.8 0.8 0.8
vn 0.502138 0.00752785 0.864755
v -0.025258 -0.00536876 0.00131866 0.8 0.8 0.8
vn 0.4896 0.111764 0.864755
v -0.0235898 -0.0105029 0.00131866 0.8 0.8 0.8
vn 0.455664 0.211115 0.864755
v -0.0208907 -0.015178 0.00131866 0.8 0.8 0.8
vn 0.401814 0.30124 0.864755
v -0.0172785 -0.0191897 0.00131866 0.8 0.8 0.8
vn 0.330402 0.378199 0.864755
v -0.0129111 -0.0223628 0.00131866 0.8 0.8 0.8
vn 0.24455 0.438629 0.864755
v -0.0079795 -0.0245585 0.00131866 0.8 0.8 0.8
vn 0.14801 0.479888 0.864755
v -0.00269914 -0.0256808 0.00131866 0.8 0.8 0.8
vn 0.0450012 0.500175 0.864755
v 0.0026992 -0.0256808 0.00131866 0.8 0.8 0.8
vn -0.0599744 0.498601 0.864755
v 0.00797956 -0.0245585 0.00131866 0.8 0.8 0.8
vn -0.162329 0.475236 0.864755
v 0.0129112 -0.0223628 0.00131866 0.8 0.8 0.8
vn -0.257589 0.431101 0.864755
v 0.0172785 -0.0191897 0.00131866 0.8 0.8 0.8
vn -0.34159 0.368124 0.864755
v 0.0208907 -0.015178 0.00131866 0.8 0.8 0.8
vn -0.410663 0.289059 0.864755
v 0.0235899 -0.0105029 0.00131866 0.8 0.8 0.8
vn -0.461788 0.197361 0.864755
v 0.0252581 -0.00536876 0.00131866 0.8 0.8 0.8
vn -0.492731 0.0970371 0.864755
v 0.0238109 8.99668e-10 0.000563134 0.8 0.8 0.8
vn -0.266319 -0.00428118 0.963875
v 0.0232906 0.00495056 0.000563134 0.8 0.8 0.8
vn -0.259609 -0.0595585 0.963875
v 0.0217523 0.00968475 0.000563134 0.8 0.8 0.8
vn -0.241553 -0.112233 0.963875
v 0.0192634 0.0139957 0.000563134 0.8 0.8 0.8
vn -0.21294 -0.160002 0.963875
v 0.0159326 0.0176949 0.000563134 0.8 0.8 0.8
vn -0.175021 -0.200778 0.963875
v 0.0119055 0.0206208 0.000563134 0.8 0.8 0.8
vn -0.129452 -0.23278 0.963875
v 0.00735799 0.0226455 0.000563134 0.8 0.8 0.8
vn -0.0782255 -0.254608 0.963875
v 0.00248894 0.0236804 0.000563134 0.8 0.8 0.8
vn -0.0235802 -0.265308 0.963875
v -0.00248888 0.0236804 0.000563134 0.8 0.8 0.8
vn 0.0320957 -0.264413 0.963875
v -0.00735793 0.0226455 0.000563134 0.8 0.8 0.8
vn 0.0863688 -0.251962 0.963875
v -0.0119054 0.0206208 0.000563134 0.8 0.8 0.8
vn 0.136867 -0.228499 0.963875
v -0.0159325 0.0176949 0.000563134 0.8 0.8 0.8
vn 0.181384 -0.195049 0.963875
v -0.0192634 0.0139957 0.000563134 0.8 0.8 0.8
vn 0.217973 -0.153075 0.963875
v -0.0217523 0.00968475 0.000563134 0.8 0.8 0.8
vn 0.245036 -0.104411 0.963875
v -0.0232905 0.00495056 0.000563134 0.8 0.8 0.8
vn 0.26139 -0.0511832 0.963875
v -0.0238108 8.99668e-10 0.000563134 0.8 0.8 0.8
vn 0.266319 0.00428118 0.963875
v -0.0232905 -0.00495056 0.000563134 0.8 0.8 0.8
vn 0.259609 0.0595585 0.963875
v -0.0217523 -0.00968475 0.000563134 0.8 0.8 0.8
vn 0.241553 0.112233 0.963875
v -0.0192634 -0.0139957 0.000563134 0.8 0.8 0.8
vn 0.21294 0.160002 0.963875
v -0.0159325 -0.0176949 0.000563134 0.8 0.8 0.8
vn 0.175021 0.200778 0.963875
v -0.0119054 -0.0206208 0.000563134 0.8 0.8 0.8
vn 0.129452 0.23278 0.963875
v -0.00735793 -0.0226455 0.000563134 0.8 0.8 0.8
vn 0.0782255 0.254608 0.963875
v -0.00248888 -0.0236804 0.000563134 0.8 0.8 0.8
vn 0.0235802 0.265308 0.963875
v 0.00248894 -0.0236804 0.000563134 0.8 0.8 0.8
vn -0.0320957 0.264413 0.963875
v 0.00735799 -0.0226455 0.000563134 0.8 0.8 0.8
vn -0.0863688 0.251962 0.963875
v 0.0119055 -0.0206208 0.000563134 0.8 0.8 0.8
vn -0.136867 0.228499 0.963875
v 0.0159326 -0.0176949 0.000563134 0.8 0.8 0.8
vn -0.181384 0.195049 0.963875
v 0.0192634 -0.0139957 0.000563134 0.8 0.8 0.8
vn -0.217973 0.153075 0.963875
v 0.0217523 -0.00968475 0.000563134 0.8 0.8 0.8
vn -0.245036 0.104411 0.963875
v 0.0232906 -0.00495056 0.000563134 0.8 0.8 0.8
vn -0.26139 0.0511832 0.963875
v 0.0218163 8.99668e-10 0.000223316 0.8 0.8 0.8
vn -0.121655 -0.00210978 0.99257
v 0.0213396 0.00453586 0.000223316 0.8 0.8 0.8
vn -0.118558 -0.0273572 0.99257
v 0.0199302 0.00887348 0.000223316 0.8 0.8 0.8
vn -0.110279 -0.051409 0.99257
v 0.0176498 0.0128233 0.000223316 0.8 0.8 0.8
vn -0.097181 -0.073214 0.99257
v 0.014598 0.0162127 0.000223316 0.8 0.8 0.8
vn -0.0798354 -0.0918192 0.99257
v 0.0109082 0.0188935 0.000223316 0.8 0.8 0.8
vn -0.0590005 -0.106411 0.99257
v 0.00674163 0.0207485 0.000223316 0.8 0.8 0.8
vn -0.035587 -0.116353 0.99257
v 0.00228045 0.0216968 0.000223316 0.8 0.8 0.8
vn -0.0106182 -0.121209 0.99257
v -0.00228039 0.0216968 0.000223316 0.8 0.8 0.8
vn 0.0148147 -0.120768 0.99257
v -0.00674157 0.0207485 0.000223316 0.8 0.8 0.8
vn 0.0396 -0.115049 0.99257
v -0.0109081 0.0188935 0.000223316 0.8 0.8 0.8
vn 0.0626547 -0.104302 0.99257
v -0.0145979 0.0162127 0.000223316 0.8 0.8 0.8
vn 0.0829711 -0.0889957 0.99257
v -0.0176497 0.0128233 0.000223316 0.8 0.8 0.8
vn 0.0996612 -0.0698003 0.99257
v -0.0199301 0.00887348 0.000223316 0.8 0.8 0.8
vn 0.111996 -0.0475542 0.99257
v -0.0213395 0.00453586 0.000223316 0.8 0.8 0.8
vn 0.119435 -0.0232299 0.99257
v -0.0218162 8.99668e-10 0.000223316 0.8 0.8 0.8
vn 0.121655 0.00210978 0.99257
v -0.0213395 -0.00453586 0.000223316 0.8 0.8 0.8
vn 0.118558 0.0273572 0.99257
v -0.0199301 -0.00887348 0.000223316 0.8 0.8 0.8
vn 0.110279 0.051409 0.99257
v -0.0176497 -0.0128233 0.000223316 0.8 0.8 0.8
vn 0.097181 0.073214 0.99257
v -0.0145979 -0.0162127 0.000223316 0.8 0.8 0.8
vn 0.0798354 0.0918192 0.99257
v -0.0109081 -0.0188934 0.000223316 0.8 0.8 0.8
vn 0.0590005 0.106411 0.99257
v -0.00674157 -0.0207485 0.000223316 0.8 0.8 0.8
vn 0.035587 0.116353 0.99257
v -0.00228039 -0.0216968 0.000223316 0.8 0.8 0.8
vn 0.0106182 0.121209 0.99257
v 0.00228045 -0.0216968 0.000223316 0.8 0.8 0.8
vn -0.0148147 0.120768 0.99257
v 0.00674163 -0.0207485 0.000223316 0.8 0.8 0.8
vn -0.0396 0.115049 0.99257
v 0.0109082 -0.0188934 0.000223316 0.8 0.8 0.8
vn -0.0626547 0.104302 0.99257
v 0.014598 -0.0162127 0.000223316 0.8 0.8 0.8
vn -0.0829711 0.0889957 0.99257
v 0.0176498 -0.0128233 0.000223316 0.8 0.8 0.8
vn -0.0996612 0.0698003 0.99257
v 0.0199302 -0.00887348 0.000223316 0.8 0.8 0.8
vn -0.111996 0.0475542 0.99257
v 0.0213396 -0.00453586 0.000223316 0.8 0.8 0.8
vn -0.119435 0.0232299 0.99257
v 0.0198291 8.99668e-10 8.10806e-05 0.8 0.8 0.8
vn -0.0502399 -0.000945584 0.998737
v 0.0193958 0.00412269 8.10806e-05 0.8 0.8 0.8
vn -0.0489454 -0.0113704 0.998737
v 0.0181148 0.0080652 8.10806e-05 0.8 0.8 0.8
vn -0.0455118 -0.0212982 0.998737
v 0.0160421 0.0116552 8.10806e-05 0.8 0.8 0.8
vn -0.0400891 -0.0302952 0.998737
v 0.0132682 0.0147358 8.10806e-05 0.8 0.8 0.8
vn -0.0329143 -0.0379682 0.998737
v 0.00991455 0.0171725 8.10806e-05 0.8 0.8 0.8
vn -0.024301 -0.0439818 0.998737
v 0.00612754 0.0188585 8.10806e-05 0.8 0.8 0.8
vn -0.0146257 -0.0480732 0.998737
v 0.00207273 0.0197204 8.10806e-05 0.8 0.8 0.8
vn -0.00431109 -0.0500635 0.998737
v -0.00207267 0.0197204 8.10806e-05 0.8 0.8 0.8
vn 0.0061919 -0.0498658 0.998737
v -0.00612748 0.0188585 8.10806e-05 0.8 0.8 0.8
vn 0.0164243 -0.0474888 0.998737
v -0.00991449 0.0171725 8.10806e-05 0.8 0.8 0.8
vn 0.0259388 -0.0430362 0.998737
v -0.0132682 0.0147358 8.10806e-05 0.8 0.8 0.8
vn 0.0343197 -0.0367028 0.998737
v -0.016042 0.0116552 8.10806e-05 0.8 0.8 0.8
vn 0.0412007 -0.0287653 0.998737
v -0.0181147 0.0080652 8.10806e-05 0.8 0.8 0.8
vn 0.046281 -0.0195706 0.998737
v -0.0193957 0.00412269 8.10806e-05 0.8 0.8 0.8
vn 0.0493386 -0.00952054 0.998737
v -0.019829 8.99668e-10 8.10806e-05 0.8 0.8 0.8
vn 0.0502399 0.000945584 0.998737
v -0.0193957 -0.00412269 8.10806e-05 0.8 0.8 0.8
vn 0.0489454 0.0113704 0.998737
v -0.0181147 -0.0080652 8.10806e-05 0.8 0.8 0.8
vn 0.0455118 0.0212982 0.998737
v -0.016042 -0.0116552 8.10806e-05 0.8 0.8 0.8
vn 0.0400891 0.0302952 0.998737
v -0.0132682 -0.0147358 8.10806e-05 0.8 0.8 0.8
vn 0.0329143 0.0379682 0.998737
v -0.00991449 -0.0171725 8.10806e-05 0.8 0.8 0.8
vn 0.024301 0.0439818 0.998737
v -0.00612748 -0.0188585 8.10806e-05 0.8 0.8 0.8
vn 0.0146257 0.0480732 0.998737
v -0.00207267 -0.0197204 8.10806e-05 0.8 0.8 0.8
vn 0.00431109 0.0500635 0.998737
v 0.00207273 -0.0197204 8.10806e-05 0.8 0.8 0.8
vn -0.0061919 0.0498658 0.998737
v 0.00612754 -0.0188585 8.10806e-05 0.8 0.8 0.8
vn -0.0164243 0.0474888 0.998737
v 0.00991455 -0.0171725 8.10806e-05 0.8 0.8 0.8
vn -0.0259388 0.0430362 0.998737
v 0.0132682 -0.0147358 8.10806e-05 0.8 0.8 0.8
vn -0.0343197 0.0367028 0.998737
v 0.0160421 -0.0116552 8.10806e-05 0.8 0.8 0.8
vn -0.0412007 0.0287653 0.998737
v 0.0181148 -0.0080652 8.10806e-05 0.8 0.8 0.8
vn -0.046281 0.0195706 0.998737
v 0.0193958 -0.00412269 8.10806e-05 0.8 0.8 0.8
vn -0.0493386 0.00952054 0.998737
v 0.0178448 8.99668e-10 2.64555e-05 0.8 0.8 0.8
vn -0.0188601 -0.000387651 0.999822
v 0.0174549 0.00371014 2.64555e-05 0.8 0.8 0.8
vn -0.0183674 -0.00430042 0.999822
v 0.016302 0.00725812 2.64555e-05 0.8 0.8 0.8
vn -0.0170719 -0.00802524 0.999822
v 0.0144368 0.0104889 2.64555e-05 0.8 0.8 0.8
vn -0.0150303 -0.0113993 0.999822
v 0.0119405 0.0132613 2.64555e-05 0.8 0.8 0.8
vn -0.0123318 -0.0142752 0.999822
v 0.00892242 0.015454 2.64555e-05 0.8 0.8 0.8
vn -0.00909435 -0.0165272 0.999822
v 0.00551437 0.0169714 2.64555e-05 0.8 0.8 0.8
vn -0.00545942 -0.0180568 0.999822
v 0.00186532 0.017747 2.64555e-05 0.8 0.8 0.8
vn -0.00158589 -0.0187973 0.999822
v -0.00186526 0.017747 2.64555e-05 0.8 0.8 0.8
vn 0.00235695 -0.0187163 0.999822
v -0.00551431 0.0169714 2.64555e-05 0.8 0.8 0.8
vn 0.00619678 -0.0178173 0.999822
v -0.00892236 0.015454 2.64555e-05 0.8 0.8 0.8
vn 0.00976578 -0.0161395 0.999822
v -0.0119405 0.0132613 2.64555e-05 0.8 0.8 0.8
vn 0.012908 -0.0137564 0.999822
v -0.0144367 0.0104889 2.64555e-05 0.8 0.8 0.8
vn 0.015486 -0.0107721 0.999822
v -0.016302 0.00725812 2.64555e-05 0.8 0.8 0.8
vn 0.0173873 -0.00731697 0.999822
v -0.0174548 0.00371014 2.64555e-05 0.8 0.8 0.8
vn 0.0185286 -0.00354206 0.999822
v -0.0178447 8.99668e-10 2.64555e-05 0.8 0.8 0.8
vn 0.0188601 0.000387651 0.999822
v -0.0174548 -0.00371014 2.64555e-05 0.8 0.8 0.8
vn 0.0183674 0.00430042 0.999822
v -0.016302 -0.00725812 2.64555e-05 0.8 0.8 0.8
vn 0.0170719 0.00802524 0.999822
v -0.0144367 -0.0104889 2.64555e-05 0.8 0.8 0.8
vn 0.0150303 0.0113993 0.999822
v -0.0119405 -0.0132613 2.64555e-05 0.8 0.8 0.8
vn 0.0123318 0.0142752 0.999822
v -0.00892236 -0.015454 2.64555e-05 0.8 0.8 0.8
vn 0.00909435 0.0165272 0.999822
v -0.00551431 -0.0169714 2.64555e-05 0.8 0.8 0.8
vn 0.00545942 0.0180568 0.999822
v -0.00186526 -0.017747 2.64555e-05 0.8 0.8 0.8
vn 0.00158589 0.0187973 0.999822
v 0.00186532 -0.017747 2.64555e-05 0.8 0.8 0.8
vn -0.00235695 0.0187163 0.999822
v 0.00551437 -0.0169714 2.64555e-05 0.8 0.8 0.8
vn -0.00619678 0.0178173 0.999822
v 0.00892242 -0.015454 2.64555e-05 0.8 0.8 0.8
vn -0.00976578 0.0161395 0.999822
v 0.0119405 -0.0132613 2.64555e-05 0.8 0.8 0.8
vn -0.012908 0.0137564 0.999822
v 0.0144368 -0.0104889 2.64555e-05 0.8 0.8 0.8
vn -0.015486 0.0107721 0.999822
v 0.016302 -0.00725812 2.64555e-05 0.8 0.8 0.8
vn -0.0173873 0.00731697 0.999822
v 0.0174549 -0.00371014 2.64555e-05 0.8 0.8 0.8
vn -0.0185286 0.00354206 0.999822
v 0.0158616 8.99668e-10 7.56425e-06 0.8 0.8 0.8
vn -0.00634741 -0.000143415 0.99998
v 0.015515 0.00329781 7.56425e-06 0.8 0.8 0.8
vn -0.00617889 -0.00145998 0.99998
v 0.0144903 0.0064515 7.56425e-06 0.8 0.8 0.8
vn -0.00574032 -0.00271274 0.99998
v 0.0128323 0.00932322 7.56425e-06 0.8 0.8 0.8
vn -0.00505087 -0.00384694 0.99998
v 0.0106135 0.0117875 7.56425e-06 0.8 0.8 0.8
vn -0.00414067 -0.00481301 0.99998
v 0.00793083 0.0137366 7.56425e-06 0.8 0.8 0.8
vn -0.00304951 -0.00556873 0.99998
v 0.00490154 0.0150853 7.56425e-06 0.8 0.8 0.8
vn -0.00182506 -0.00608107 0.99998
v 0.00165802 0.0157747 7.56425e-06 0.8 0.8 0.8
vn -0.000520856 -0.00632763 0.99998
v -0.00165796 0.0157747 7.56425e-06 0.8 0.8 0.8
vn 0.000806115 -0.00629765 0.99998
v -0.00490147 0.0150853 7.56425e-06 0.8 0.8 0.8
vn 0.00209785 -0.00599243 0.99998
v -0.00793077 0.0137366 7.56425e-06 0.8 0.8 0.8
vn 0.00329791 -0.00542531 0.99998
v -0.0106135 0.0117875 7.56425e-06 0.8 0.8 0.8
vn 0.00435383 -0.00462108 0.99998
v -0.0128323 0.00932322 7.56425e-06 0.8 0.8 0.8
vn 0.00521946 -0.00361489 0.99998
v -0.0144903 0.0064515 7.56425e-06 0.8 0.8 0.8
vn 0.00585698 -0.00245071 0.99998
v -0.015515 0.00329781 7.56425e-06 0.8 0.8 0.8
vn 0.00623852 -0.00117942 0.99998
v -0.0158616 8.99668e-10 7.56425e-06 0.8 0.8 0.8
vn 0.00634741 0.000143415 0.99998
v -0.015515 -0.00329781 7.56425e-06 0.8 0.8 0.8
vn 0.00617889 0.00145998 0.99998
v -0.0144903 -0.00645149 7.56425e-06 0.8 0.8 0.8
vn 0.00574032 0.00271274 0.99998
v -0.0128323 -0.00932322 7.56425e-06 0.8 0.8 0.8
vn 0.00505087 0.00384694 0.99998
v -0.0106135 -0.0117875 7.56425e-06 0.8 0.8 0.8
vn 0.00414067 0.00481301 0.99998
v -0.00793077 -0.0137366 7.56425e-06 0.8 0.8 0.8
vn 0.00304951 0.00556873 0.99998
v -0.00490148 -0.0150853 7.56425e-06 0.8 0.8 0.8
vn 0.00182506 0.00608107 0.99998
v -0.00165796 -0.0157747 7.56425e-06 0.8 0.8 0.8
vn 0.000520856 0.00632763 0.99998
v 0.00165802 -0.0157747 7.56425e-06 0.8 0.8 0.8
vn -0.000806115 0.00629765 0.99998
v 0.00490154 -0.0150853 7.56425e-06 0.8 0.8 0.8
vn -0.00209785 0.00599243 0.99998
v 0.00793083 -0.0137366 7.56425e-06 0.8 0.8 0.8
vn -0.00329791 0.00542531 0.99998
v 0.0106135 -0.0117875 7.56425e-06 0.8 0.8 0.8
vn -0.00435383 0.00462108 0.99998
v 0.0128323 -0.00932322 7.56425e-06 0.8 0.8 0.8
vn -0.00521946 0.00361489 0.99998
v 0.0144903 -0.00645149 7.56425e-06 0.8 0.8 0.8
vn -0.00585698 0.00245071 0.99998
v 0.015515 -0.00329781 7.56425e-06 0.8 0.8 0.8
vn -0.00623852 0.00117942 0.99998
v 0.0138788 8.99668e-10 1.82942e-06 0.8 0.8 0.8
vn -0.00186905 -4.6742e-05 0.999998
v 0.0135755 0.00288556 1.82942e-06 0.8 0.8 0.8
vn -0.00181849 -0.000434318 0.999998
v 0.0126789 0.00564501 1.82942e-06 0.8 0.8 0.8
vn -0.00168845 -0.000802913 0.999998
v 0.0112282 0.00815775 1.82942e-06 0.8 0.8 0.8
vn -0.00148462 -0.00113642 0.999998
v 0.00928676 0.010314 1.82942e-06 0.8 0.8 0.8
vn -0.0012159 -0.00142025 0.999998
v 0.00693943 0.0120194 1.82942e-06 0.8 0.8 0.8
vn -0.000894046 -0.00164202 0.999998
v 0.00428881 0.0131995 1.82942e-06 0.8 0.8 0.8
vn -0.000533115 -0.00179202 0.999998
v 0.00145076 0.0138028 1.82942e-06 0.8 0.8 0.8
vn -0.000148883 -0.0018637 0.999998
v -0.0014507 0.0138028 1.82942e-06 0.8 0.8 0.8
vn 0.000241855 -0.00185393 0.999998
v -0.00428875 0.0131995 1.82942e-06 0.8 0.8 0.8
vn 0.000622023 -0.00176313 0.999998
v -0.00693937 0.0120194 1.82942e-06 0.8 0.8 0.8
vn 0.000975006 -0.00159528 0.999998
v -0.00928669 0.010314 1.82942e-06 0.8 0.8 0.8
vn 0.00128538 -0.0013577 0.999998
v -0.0112281 0.00815775 1.82942e-06 0.8 0.8 0.8
vn 0.00153957 -0.00106079 0.999998
v -0.0126789 0.00564501 1.82942e-06 0.8 0.8 0.8
vn 0.00172648 -0.000717511 0.999998
v -0.0135755 0.00288556 1.82942e-06 0.8 0.8 0.8
vn 0.00183793 -0.000342877 0.999998
v -0.0138788 8.99668e-10 1.82942e-06 0.8 0.8 0.8
vn 0.00186905 4.6742e-05 0.999998
v -0.0135755 -0.00288556 1.82942e-06 0.8 0.8 0.8
vn 0.00181849 0.000434318 0.999998
v -0.0126789 -0.00564501 1.82942e-06 0.8 0.8 0.8
vn 0.00168845 0.000802913 0.999998
v -0.0112281 -0.00815775 1.82942e-06 0.8 0.8 0.8
vn 0.00148462 0.00113642 0.999998
v -0.00928669 -0.010314 1.82942e-06 0.8 0.8 0.8
vn 0.0012159 0.00142025 0.999998
v -0.00693937 -0.0120194 1.82942e-06 0.8 0.8 0.8
vn 0.000894046 0.00164202 0.999998
v -0.00428875 -0.0131995 1.82942e-06 0.8 0.8 0.8
vn 0.000533115 0.00179202 0.999998
v -0.0014507 -0.0138028 1.82942e-06 0.8 0.8 0.8
vn 0.000148883 0.0018637 0.999998
v 0.00145076 -0.0138028 1.82942e-06 0.8 0.8 0.8
vn -0.000241855 0.00185393 0.999998
v 0.00428881 -0.0131995 1.82942e-06 0.8 0.8 0.8
vn -0.000622023 0.00176313 0.999998
v 0.00693943 -0.0120194 1.82942e-06 0.8 0.8 0.8
vn -0.000975006 0.00159528 0.999998
v 0.00928676 -0.010314 1.82942e-06 0.8 0.8 0.8
vn -0.00128538 0.0013577 0.999998
v 0.0112282 -0.00815775 1.82942e-06 0.8 0.8 0.8
vn -0.00153957 0.00106079 0.999998
v 0.0126789 -0.00564501 1.82942e-06 0.8 0.8 0.8
vn -0.00172648 0.000717511 0.999998
v 0.0135755 -0.00288556 1.82942e-06 0.8 0.8 0.8
vn -0.00183793 0.000342877 0.999998
v 0.0118961 8.99668e-10 3.55361e-07 0.8 0.8 0.8
vn -0.000464832 -1.29544e-05 1
v 0.0116362 0.00247334 3.55361e-07 0.8 0.8 0.8
vn -0.000451981 -0.000109315 1
v 0.0108676 0.00483857 3.55361e-07 0.8 0.8 0.8
vn -0.000419376 -0.000200899 1
v 0.00962416 0.00699234 3.55361e-07 0.8 0.8 0.8
vn -0.000368443 -0.000283702 1
v 0.00796006 0.00884051 3.55361e-07 0.8 0.8 0.8
vn -0.000301407 -0.000354106 1
v 0.00594807 0.0103023 3.55361e-07 0.8 0.8 0.8
vn -0.000221197 -0.000409034 1
v 0.00367612 0.0113138 3.55361e-07 0.8 0.8 0.8
vn -0.000131321 -0.000446085 1
v 0.00124351 0.0118309 3.55361e-07 0.8 0.8 0.8
vn -3.57048e-05 -0.00046364 1
v -0.00124345 0.0118309 3.55361e-07 0.8 0.8 0.8
vn 6.14716e-05 -0.000460932 1
v -0.00367606 0.0113138 3.55361e-07 0.8 0.8 0.8
vn 0.000155961 -0.000438079 1
v -0.00594801 0.0103023 3.55361e-07 0.8 0.8 0.8
vn 0.000243635 -0.000396079 1
v -0.00796 0.00884051 3.55361e-07 0.8 0.8 0.8
vn 0.000320661 -0.00033677 1
v -0.0096241 0.00699234 3.55361e-07 0.8 0.8 0.8
vn 0.000383672 -0.000262741 1
v -0.0108676 0.00483857 3.55361e-07 0.8 0.8 0.8
vn 0.000429915 -0.00017723 1
v -0.0116361 0.00247334 3.55361e-07 0.8 0.8 0.8
vn 0.000457368 -8.39728e-05 1
v -0.0118961 8.99668e-10 3.55361e-07 0.8 0.8 0.8
vn 0.000464832 1.29544e-05 1
v -0.0116361 -0.00247333 3.55361e-07 0.8 0.8 0.8
vn 0.000451981 0.000109315 1
v -0.0108676 -0.00483857 3.55361e-07 0.8 0.8 0.8
vn 0.000419376 0.000200899 1
v -0.0096241 -0.00699234 3.55361e-07 0.8 0.8 0.8
vn 0.000368443 0.000283702 1
v -0.00796 -0.00884051 3.55361e-07 0.8 0.8 0.8
vn 0.000301407 0.000354106 1
v -0.00594801 -0.0103023 3.55361e-07 0.8 0.8 0.8
vn 0.000221197 0.000409034 1
v -0.00367606 -0.0113138 3.55361e-07 0.8 0.8 0.8
vn 0.000131321 0.000446085 1
v -0.00124345 -0.0118309 3.55361e-07 0.8 0.8 0.8
vn 3.57048e-05 0.00046364 1
v 0.00124351 -0.0118309 3.55361e-07 0.8 0.8 0.8
vn -6.14716e-05 0.000460932 1
v 0.00367612 -0.0113138 3.55361e-07 0.8 0.8 0.8
vn -0.000155961 0.000438079 1
v 0.00594807 -0.0103023 3.55361e-07 0.8 0.8 0.8
vn -0.000243635 0.000396079 1
v 0.00796006 -0.00884051 3.55361e-07 0.8 0.8 0.8
vn -0.000320661 0.00033677 1
v 0.00962416 -0.00699234 3.55361e-07 0.8 0.8 0.8
vn -0.000383672 0.000262741 1
v 0.0108676 -0.00483857 3.55361e-07 0.8 0.8 0.8
vn -0.000429915 0.00017723 1
v 0.0116362 -0.00247333 3.55361e-07 0.8 0.8 0.8
vn -0.000457368 8.39728e-05 1
v 0.00991343 8.99668e-10 5.11652e-08 0.8 0.8 0.8
vn -9.27467e-05 -2.89725e-06 1
v 0.0096968 0.00206111 5.11652e-08 0.8 0.8 0.8
vn -9.01176e-05 -2.21171e-05 1
v 0.00905637 0.00403214 5.11652e-08 0.8 0.8 0.8
vn -8.35499e-05 -4.03703e-05 1
v 0.00802014 0.00582695 5.11652e-08 0.8 0.8 0.8
vn -7.33307e-05 -5.68591e-05 1
v 0.00663339 0.00736709 5.11652e-08 0.8 0.8 0.8
vn -5.99066e-05 -7.08629e-05 1
v 0.00495673 0.00858526 5.11652e-08 0.8 0.8 0.8
vn -4.38643e-05 -8.17696e-05 1
v 0.00306344 0.0094282 5.11652e-08 0.8 0.8 0.8
vn -2.59049e-05 -8.91027e-05 1
v 0.00103626 0.00985909 5.11652e-08 0.8 0.8 0.8
vn -6.8133e-06 -9.25415e-05 1
v -0.0010362 0.00985909 5.11652e-08 0.8 0.8 0.8
vn 1.2576e-05 -9.19358e-05 1
v -0.00306338 0.0094282 5.11652e-08 0.8 0.8 0.8
vn 3.14158e-05 -8.73121e-05 1
v -0.00495667 0.00858526 5.11652e-08 0.8 0.8 0.8
vn 4.88825e-05 -7.88724e-05 1
v -0.00663333 0.00736709 5.11652e-08 0.8 0.8 0.8
vn 6.42127e-05 -6.69856e-05 1
v -0.00802008 0.00582695 5.11652e-08 0.8 0.8 0.8
vn 7.67366e-05 -5.21712e-05 1
v -0.00905631 0.00403214 5.11652e-08 0.8 0.8 0.8
vn 8.59068e-05 -3.50767e-05 1
v -0.00969674 0.00206111 5.11652e-08 0.8 0.8 0.8
vn 9.13224e-05 -1.64492e-05 1
v -0.00991337 8.99668e-10 5.11652e-08 0.8 0.8 0.8
vn 9.27467e-05 2.89725e-06 1
v -0.00969674 -0.00206111 5.11652e-08 0.8 0.8 0.8
vn 9.01176e-05 2.21171e-05 1
v -0.00905631 -0.00403214 5.11652e-08 0.8 0.8 0.8
vn 8.35499e-05 4.03703e-05 1
v -0.00802008 -0.00582695 5.11652e-08 0.8 0.8 0.8
vn 7.33307e-05 5.68591e-05 1
v -0.00663333 -0.00736709 5.11652e-08 0.8 0.8 0.8
vn 5.99066e-05 7.08629e-05 1
v -0.00495667 -0.00858525 5.11652e-08 0.8 0.8 0.8
vn 4.38643e-05 8.17696e-05 1
v -0.00306338 -0.0094282 5.11652e-08 0.8 0.8 0.8
vn 2.59049e-05 8.91027e-05 1
v -0.0010362 -0.00985909 5.11652e-08 0.8 0.8 0.8
vn 6.8133e-06 9.25415e-05 1
v 0.00103626 -0.00985909 5.11652e-08 0.8 0.8 0.8
vn -1.2576e-05 9.19358e-05 1
v 0.00306344 -0.0094282 5.11652e-08 0.8 0.8 0.8
vn -3.14158e-05 8.73121e-05 1
v 0.00495673 -0.00858525 5.11652e-08 0.8 0.8 0.8
vn -4.88825e-05 7.88724e-05 1
v 0.00663339 -0.00736709 5.11652e-08 0.8 0.8 0.8
vn -6.42127e-05 6.69856e-05 1
v 0.00802014 -0.00582695 5.11652e-08 0.8 0.8 0.8
vn -7.67366e-05 5.21712e-05 1
v 0.00905637 -0.00403214 5.11652e-08 0.8 0.8 0.8
vn -8.59068e-05 3.50767e-05 1
v 0.0096968 -0.00206111 5.11652e-08 0.8 0.8 0.8
vn -9.13224e-05 1.64492e-05 1
v 0.00793075 8.99668e-10 4.77336e-09 0.8 0.8 0.8
vn -1.37258e-05 -4.82208e-07 1
v 0.00775744 0.00164889 4.77336e-09 0.8 0.8 0.8
vn -1.33256e-05 -3.32543e-06 1
v 0.0072451 0.00322571 4.77336e-09 0.8 0.8 0.8
vn -1.2343e-05 -6.02332e-06 1
v 0.00641612 0.00466156 4.77336e-09 0.8 0.8 0.8
vn -1.0821e-05 -8.45796e-06 1
v 0.00530672 0.00589367 4.77336e-09 0.8 0.8 0.8
vn -8.82603e-06 -1.05229e-05 1
v 0.00396539 0.0068682 4.77336e-09 0.8 0.8 0.8
vn -6.44532e-06 -1.2128e-05 1
v 0.00245076 0.00754256 4.77336e-09 0.8 0.8 0.8
vn -3.78291e-06 -1.32031e-05 1
v 0.000829017 0.00788727 4.77336e-09 0.8 0.8 0.8
vn -9.55175e-07 -1.37011e-05 1
v -0.000828955 0.00788727 4.77336e-09 0.8 0.8 0.8
vn 1.91431e-06 -1.36002e-05 1
v -0.0024507 0.00754256 4.77336e-09 0.8 0.8 0.8
vn 4.70012e-06 -1.2905e-05 1
v -0.00396533 0.0068682 4.77336e-09 0.8 0.8 0.8
vn 7.28052e-06 -1.16458e-05 1
v -0.00530666 0.00589367 4.77336e-09 0.8 0.8 0.8
vn 9.54273e-06 -9.87763e-06 1
v -0.00641606 0.00466156 4.77336e-09 0.8 0.8 0.8
vn 1.13879e-05 -7.67773e-06 1
v -0.00724504 0.00322571 4.77336e-09 0.8 0.8 0.8
vn 1.27353e-05 -5.14228e-06 1
v -0.00775738 0.00164889 4.77336e-09 0.8 0.8 0.8
vn 1.35262e-05 -2.38209e-06 1
v -0.00793069 8.99668e-10 4.77336e-09 0.8 0.8 0.8
vn 1.37258e-05 4.82208e-07 1
v -0.00775738 -0.00164889 4.77336e-09 0.8 0.8 0.8
vn 1.33256e-05 3.32543e-06 1
v -0.00724504 -0.00322571 4.77336e-09 0.8 0.8 0.8
vn 1.2343e-05 6.02332e-06 1
v -0.00641606 -0.00466156 4.77336e-09 0.8 0.8 0.8
vn 1.0821e-05 8.45796e-06 1
v -0.00530666 -0.00589367 4.77336e-09 0.8 0.8 0.8
vn 8.82603e-06 1.05229e-05 1
v -0.00396533 -0.0068682 4.77336e-09 0.8 0.8 0.8
vn 6.44532e-06 1.2128e-05 1
v -0.0024507 -0.00754256 4.77336e-09 0.8 0.8 0.8
vn 3.78291e-06 1.32031e-05 1
v -0.000828955 -0.00788727 4.77336e-09 0.8 0.8 0.8
vn 9.55175e-07 1.37011e-05 1
v 0.000829016 -0.00788727 4.77336e-09 0.8 0.8 0.8
vn -1.91431e-06 1.36002e-05 1
v 0.00245076 -0.00754256 4.77336e-09 0.8 0.8 0.8
vn -4.70012e-06 1.2905e-05 1
v 0.00396539 -0.0068682 4.77336e-09 0.8 0.8 0.8
vn -7.28052e-06 1.16458e-05 1
v 0.00530672 -0.00589367 4.77336e-09 0.8 0.8 0.8
vn -9.54273e-06 9.87763e-06 1
v 0.00641612 -0.00466156 4.77336e-09 0.8 0.8 0.8
vn -1.13879e-05 7.67773e-06 1
v 0.0072451 -0.00322571 4.77336e-09 0.8 0.8 0.8
vn -1.27353e-05 5.14228e-06 1
v 0.00775744 -0.00164889 4.77336e-09 0.8 0.8 0.8
vn -1.35262e-05 2.38209e-06 1
v 0.00594807 8.99668e-10 2.24248e-10 0.8 0.8 0.8
vn -1.32427e-06 -5.22866e-08 1
v 0.00581809 0.00123667 2.24248e-10 0.8 0.8 0.8
vn -1.28446e-06 -3.26476e-07 1
v 0.00543383 0.00241929 2.24248e-10 0.8 0.8 0.8
vn -1.18852e-06 -5.86397e-07 1
v 0.0048121 0.00349617 2.24248e-10 0.8 0.8 0.8
vn -1.04063e-06 -8.20689e-07 1
v 0.00398005 0.00442026 2.24248e-10 0.8 0.8 0.8
vn -8.47255e-07 -1.01911e-06 1
v 0.00297405 0.00515115 2.24248e-10 0.8 0.8 0.8
vn -6.16855e-07 -1.173e-06 1
v 0.00183808 0.00565692 2.24248e-10 0.8 0.8 0.8
vn -3.59496e-07 -1.27562e-06 1
v 0.00062177 0.00591546 2.24248e-10 0.8 0.8 0.8
vn -8.64241e-08 -1.32248e-06 1
v -0.000621709 0.00591546 2.24248e-10 0.8 0.8 0.8
vn 1.90424e-07 -1.31155e-06 1
v -0.00183801 0.00565692 2.24248e-10 0.8 0.8 0.8
vn 4.5895e-07 -1.2433e-06 1
v -0.00297399 0.00515115 2.24248e-10 0.8 0.8 0.8
vn 7.07418e-07 -1.12071e-06 1
v -0.00397998 0.00442026 2.24248e-10 0.8 0.8 0.8
vn 9.24968e-07 -9.4914e-07 1
v -0.00481203 0.00349617 2.24248e-10 0.8 0.8 0.8
vn 1.10209e-06 -7.36088e-07 1
v -0.00543377 0.00241929 2.24248e-10 0.8 0.8 0.8
vn 1.23105e-06 -4.90864e-07 1
v -0.00581803 0.00123667 2.24248e-10 0.8 0.8 0.8
vn 1.30621e-06 -2.24188e-07 1
v -0.00594801 8.99668e-10 2.24248e-10 0.8 0.8 0.8
vn 1.32427e-06 5.22866e-08 1
v -0.00581803 -0.00123667 2.24248e-10 0.8 0.8 0.8
vn 1.28446e-06 3.26476e-07 1
v -0.00543377 -0.00241928 2.24248e-10 0.8 0.8 0.8
vn 1.18852e-06 5.86397e-07 1
v -0.00481203 -0.00349617 2.24248e-10 0.8 0.8 0.8
vn 1.04063e-06 8.20689e-07 1
v -0.00397998 -0.00442025 2.24248e-10 0.8 0.8 0.8
vn 8.47255e-07 1.01911e-06 1
v -0.00297399 -0.00515115 2.24248e-10 0.8 0.8 0.8
vn 6.16855e-07 1.173e-06 1
v -0.00183801 -0.00565692 2.24248e-10 0.8 0.8 0.8
vn 3.59496e-07 1.27562e-06 1
v -0.000621709 -0.00591545 2.24248e-10 0.8 0.8 0.8
vn 8.64241e-08 1.32248e-06 1
v 0.00062177 -0.00591545 2.24248e-10 0.8 0.8 0.8
vn -1.90424e-07 1.31155e-06 1
v 0.00183808 -0.00565692 2.24248e-10 0.8 0.8 0.8
vn -4.5895e-07 1.2433e-06 1
v 0.00297405 -0.00515115 2.24248e-10 0.8 0.8 0.8
vn -7.07418e-07 1.12071e-06 1
v 0.00398005 -0.00442025 2.24248e-10 0.8 0.8 0.8
vn -9.24968e-07 9.4914e-07 1
v 0.0048121 -0.00349617 2.24248e-10 0.8 0.8 0.8
vn -1.10209e-06 7.36088e-07 1
v 0.00543383 -0.00241928 2.24248e-10 0.8 0.8 0.8
vn -1.23105e-06 4.90864e-07 1
v 0.00581809 -0.00123667 2.24248e-10 0.8 0.8 0.8
vn -1.30621e-06 2.24188e-07 1
v 0.00396539 8.99668e-10 3.0122e-12 0.8 0.8 0.8
vn -6.57234e-08 -2.91869e-09 1
v 0.00387874 0.000824445 3.0122e-12 0.8 0.8 0.8
vn -6.36803e-08 -1.65196e-08 1
v 0.00362257 0.00161286 3.0122e-12 0.8 0.8 0.8
vn -5.88541e-08 -2.93985e-08 1
v 0.00320807 0.00233078 3.0122e-12 0.8 0.8 0.8
vn -5.14558e-08 -4.09925e-08 1
v 0.00265337 0.00294684 3.0122e-12 0.8 0.8 0.8
vn -4.18085e-08 -5.0795e-08 1
v 0.00198271 0.0034341 3.0122e-12 0.8 0.8 0.8
vn -3.0334e-08 -5.83774e-08 1
v 0.00122539 0.00377128 3.0122e-12 0.8 0.8 0.8
vn -1.75338e-08 -6.34086e-08 1
v 0.000414524 0.00394364 3.0122e-12 0.8 0.8 0.8
vn -3.96726e-09 -6.56684e-08 1
v -0.000414462 0.00394364 3.0122e-12 0.8 0.8 0.8
vn 9.77266e-09 -6.50582e-08 1
v -0.00122533 0.00377128 3.0122e-12 0.8 0.8 0.8
vn 2.30855e-08 -6.16047e-08 1
v -0.00198265 0.0034341 3.0122e-12 0.8 0.8 0.8
vn 3.53893e-08 -5.54588e-08 1
v -0.00265331 0.00294684 3.0122e-12 0.8 0.8 0.8
vn 4.61465e-08 -4.6889e-08 1
v -0.00320801 0.00233078 3.0122e-12 0.8 0.8 0.8
vn 5.48869e-08 -3.627e-08 1
v -0.00362251 0.00161286 3.0122e-12 0.8 0.8 0.8
vn 6.12284e-08 -2.40657e-08 1
v -0.00387868 0.000824445 3.0122e-12 0.8 0.8 0.8
vn 6.4894e-08 -1.08097e-08 1
v -0.00396533 8.99668e-10 3.0122e-12 0.8 0.8 0.8
vn 6.57234e-08 2.91869e-09 1
v -0.00387868 -0.000824444 3.0122e-12 0.8 0.8 0.8
vn 6.36803e-08 1.65196e-08 1
v -0.00362251 -0.00161286 3.0122e-12 0.8 0.8 0.8
vn 5.88541e-08 2.93985e-08 1
v -0.00320801 -0.00233078 3.0122e-12 0.8 0.8 0.8
vn 5.14558e-08 4.09925e-08 1
v -0.00265331 -0.00294684 3.0122e-12 0.8 0.8 0.8
vn 4.18085e-08 5.0795e-08 1
v -0.00198265 -0.0034341 3.0122e-12 0.8 0.8 0.8
vn 3.0334e-08 5.83774e-08 1
v -0.00122533 -0.00377128 3.0122e-12 0.8 0.8 0.8
vn 1.75338e-08 6.34086e-08 1
v -0.000414462 -0.00394364 3.0122e-12 0.8 0.8 0.8
vn 3.96726e-09 6.56684e-08 1
v 0.000414523 -0.00394364 3.0122e-12 0.8 0.8 0.8
vn -9.77266e-09 6.50582e-08 1
v 0.00122539 -0.00377128 3.0122e-12 0.8 0.8 0.8
vn -2.30855e-08 6.16047e-08 1
v 0.00198271 -0.0034341 3.0122e-12 0.8 0.8 0.8
vn -3.53893e-08 5.54588e-08 1
v 0.00265337 -0.00294684 3.0122e-12 0.8 0.8 0.8
vn -4.61465e-08 4.6889e-08 1
v 0.00320807 -0.00233078 3.0122e-12 0.8 0.8 0.8
vn -5.48869e-08 3.627e-08 1
v 0.00362257 -0.00161286 3.0122e-12 0.8 0.8 0.8
vn -6.12284e-08 2.40657e-08 1
v 0.00387874 -0.000824444 3.0122e-12 0.8 0.8 0.8
vn -6.4894e-08 1.08097e-08 1
v 0.00198271 8.99668e-10 1.88738e-15 0.8 0.8 0.8
vn -1.01252e-09 -5.31935e-11 1
v 0.00193938 0.000412223 1.88738e-15 0.8 0.8 0.8
vn -9.79336e-10 -2.62546e-10 1
v 0.0018113 0.000806429 1.88738e-15 0.8 0.8 0.8
vn -9.03349e-10 -4.60424e-10 1
v 0.00160405 0.00116539 1.88738e-15 0.8 0.8 0.8
vn -7.87881e-10 -6.38179e-10 1
v 0.0013267 0.00147342 1.88738e-15 0.8 0.8 0.8
vn -6.37979e-10 -7.88043e-10 1
v 0.000991371 0.00171705 1.88738e-15 0.8 0.8 0.8
vn -4.60194e-10 -9.03466e-10 1
v 0.000612712 0.00188564 1.88738e-15 0.8 0.8 0.8
vn -2.62296e-10 -9.79403e-10 1
v 0.000207277 0.00197182 1.88738e-15 0.8 0.8 0.8
vn -5.29353e-11 -1.01253e-09 1
v -0.000207216 0.00197182 1.88738e-15 0.8 0.8 0.8
vn 1.58739e-10 -1.00141e-09 1
v -0.000612651 0.00188564 1.88738e-15 0.8 0.8 0.8
vn 3.63476e-10 -9.46527e-10 1
v -0.000991309 0.00171705 1.88738e-15 0.8 0.8 0.8
vn 5.52328e-10 -8.50272e-10 1
v -0.00132664 0.00147342 1.88738e-15 0.8 0.8 0.8
vn 7.17039e-10 -7.16857e-10 1
v -0.00160399 0.00116539 1.88738e-15 0.8 0.8 0.8
vn 8.50413e-10 -5.52111e-10 1
v -0.00181124 0.000806429 1.88738e-15 0.8 0.8 0.8
vn 9.4662e-10 -3.63235e-10 1
v -0.00193932 0.000412223 1.88738e-15 0.8 0.8 0.8
vn 1.00145e-09 -1.58484e-10 1
v -0.00198265 8.99668e-10 1.88738e-15 0.8 0.8 0.8
vn 1.01252e-09 5.31935e-11 1
v -0.00193932 -0.000412221 1.88738e-15 0.8 0.8 0.8
vn 9.79336e-10 2.62546e-10 1
v -0.00181124 -0.000806428 1.88738e-15 0.8 0.8 0.8
vn 9.03349e-10 4.60424e-10 1
v -0.00160399 -0.00116539 1.88738e-15 0.8 0.8 0.8
vn 7.87881e-10 6.38179e-10 1
v -0.00132664 -0.00147342 1.88738e-15 0.8 0.8 0.8
vn 6.37979e-10 7.88043e-10 1
v -0.000991309 -0.00171705 1.88738e-15 0.8 0.8 0.8
vn 4.60194e-10 9.03466e-10 1
v -0.000612651 -0.00188564 1.88738e-15 0.8 0.8 0.8
vn 2.62296e-10 9.79403e-10 1
v -0.000207216 -0.00197182 1.88738e-15 0.8 0.8 0.8
vn 5.29353e-11 1.01253e-09 1
v 0.000207277 -0.00197182 1.88738e-15 0.8 0.8 0.8
vn -1.58739e-10 1.00141e-09 1
v 0.000612712 -0.00188564 1.88738e-15 0.8 0.8 0.8
vn -3.63476e-10 9.46527e-10 1
v 0.00099137 -0.00171705 1.88738e-15 0.8 0.8 0.8
vn -5.52328e-10 8.50272e-10 1
v 0.0013267 -0.00147342 1.88738e-15 0.8 0.8 0.8
vn -7.17039e-10 7.16857e-10 1
v 0.00160405 -0.00116539 1.88738e-15 0.8 0.8 0.8
vn -8.50413e-10 5.52111e-10 1
v 0.0018113 -0.000806428 1.88738e-15 0.8 0.8 0.8
vn -9.4662e-10 3.63235e-10 1
v 0.00193938 -0.000412221 1.88738e-15 0.8 0.8 0.8
vn -1.00145e-09 1.58484e-10 1
v 3.06332e-08 8.99668e-10 0 0.8 0.8 0.8
vn -9.51934e-13 -1.00052e-13 1
v 3.06332e-08 8.99668e-10 0 0.8 0.8 0.8
vn -9.1033e-13 -2.95784e-13 1
v 3.06332e-08 8.99668e-10 0 0.8 0.8 0.8
vn -8.2894e-13 -4.78589e-13 1
v 3.06332e-08 8.99668e-10 0 0.8 0.8 0.8
vn -7.11321e-13 -6.40476e-13 1
v 3.06332e-08 8.99668e-10 0 0.8 0.8 0.8
vn -5.62615e-13 -7.74372e-13 1
v 3.06332e-08 8.99668e-10 0 0.8 0.8 0.8
vn -3.89319e-13 -8.74425e-13 1
v 3.06332e-08 8.99668e-10 0 0.8 0.8 0.8
vn -1.99008e-13 -9.3626e-13 1
v 3.06332e-08 8.99668e-10 0 0.8 0.8 0.8
vn -3.22171e-20 -9.57177e-13 1
v 3.06332e-08 8.99668e-10 0 0.8 0.8 0.8
vn 1.99008e-13 -9.3626e-13 1
v 3.06332e-08 8.99668e-10 0 0.8 0.8 0.8
vn 3.89319e-13 -8.74425e-13 1
v 3.06332e-08 8.99668e-10 0 0.8 0.8 0.8
vn 5.62615e-13 -7.74372e-13 1
v 3.06332e-08 8.99668e-10 0 0.8 0.8 0.8
vn 7.11321e-13 -6.40476e-13 1
v 3.06332e-08 8.99668e-10 0 0.8 0.8 0.8
vn 8.2894e-13 -4.78589e-13 1
v 3.06332e-08 8.99668e-10 0 0.8 0.8 0.8
vn 9.10329e-13 -2.95784e-13 1
v 3.06332e-08 8.99668e-10 0 0.8 0.8 0.8
vn 9.51934e-13 -1.00052e-13 1
v 3.06332e-08 8.99668e-10 0 0.8 0.8 0.8
vn 9.51934e-13 1.00052e-13 1
v 3.06332e-08 8.99668e-10 0 0.8 0.8 0.8
vn 9.1033e-13 2.95784e-13 1
v 3.06332e-08 8.99668e-10 0 0.8 0.8 0.8
vn 8.2894e-13 4.78589e-13 1
v 3.06332e-08 8.99668e-10 0 0.8 0.8 0.8
vn 7.11321e-13 6.40476e-13 1
v 3.06332e-08 8.99668e-10 0 0.8 0.8 0.8
vn 5.62615e-13 7.74372e-13 1
v 3.06332e-08 8.99668e-10 0 0.8 0.8 0.8
vn 3.89319e-13 8.74425e-13 1
v 3.06332e-08 8.99668e-10 0 0.8 0.8 0.8
vn 1.99008e-13 9.3626e-13 1
v 3.06332e-08 8.99668e-10 0 0.8 0.8 0.8
vn 3.22171e-20 9.57177e-13 1
v 3.06332e-08 8.99668e-10 0 0.8 0.8 0.8
vn -1.99008e-13 9.3626e-13 1
v 3.06332e-08 8.99668e-10 0 0.8 0.8 0.8
vn -3.89319e-13 8.74425e-13 1
v 3.06332e-08 8.99668e-10 0 0.8 0.8 0.8
vn -5.62615e-13 7.74372e-13 1
v 3.06332e-08 8.99668e-10 0 0.8 0.8 0.8
vn -7.11321e-13 6.40476e-13 1
v 3.06332e-08 8.99668e-10 0 0.8 0.8 0.8
vn -8.2894e-13 4.78589e-13 1
v 3.06332e-08 8.99668e-10 0 0.8 0.8 0.8
vn -9.10329e-13 2.95784e-13 1
v 3.06332e-08 8.99668e-10 0 0.8 0.8 0.8
vn -9.51934e-13 1.00052e-13 1
v 0.051692 8.99668e-10 0.128487 0.8 0.8 0.8
vn 0.999374 -0.0323287 -0.0143464
v 0.0505624 0.0107474 0.128487 0.8 0.8 0.8
vn 0.984257 0.176159 -0.0143464
v 0.047223 0.021025 0.128487 0.8 0.8 0.8
vn 0.926123 0.376948 -0.0143464
v 0.0418197 0.0303838 0.128487 0.8 0.8 0.8
vn 0.827513 0.561263 -0.0143464
v 0.0345887 0.0384146 0.128487 0.8 0.8 0.8
vn 0.692737 0.721048 -0.0143464
v 0.025846 0.0447666 0.128487 0.8 0.8 0.8
vn 0.527685 0.849319 -0.0143464
v 0.0159737 0.049162 0.128487 0.8 0.8 0.8
vn 0.33957 0.940471 -0.0143464
v 0.00540331 0.0514088 0.128487 0.8 0.8 0.8
vn 0.136615 0.99052 -0.0143464
v -0.00540325 0.0514088 0.128487 0.8 0.8 0.8
vn -0.0723114 0.997279 -0.0143464
v -0.0159737 0.049162 0.128487 0.8 0.8 0.8
vn -0.278077 0.960452 -0.0143464
v -0.025846 0.0447666 0.128487 0.8 0.8 0.8
vn -0.47169 0.881648 -0.0143464
v -0.0345886 0.0384146 0.128487 0.8 0.8 0.8
vn -0.644687 0.764312 -0.0143464
v -0.0418196 0.0303838 0.128487 0.8 0.8 0.8
vn -0.789508 0.613572 -0.0143464
v -0.0472229 0.021025 0.128487 0.8 0.8 0.8
vn -0.899825 0.436016 -0.0143464
v -0.0505623 0.0107474 0.128487 0.8 0.8 0.8
vn -0.970814 0.239404 -0.0143464
v -0.0516919 8.99668e-10 0.128487 0.8 0.8 0.8
vn -0.999374 0.0323287 -0.0143464
v -0.0505623 -0.0107474 0.128487 0.8 0.8 0.8
vn -0.984257 -0.176159 -0.0143464
v -0.0472229 -0.021025 0.128487 0.8 0.8 0.8
vn -0.926123 -0.376948 -0.0143464
v -0.0418196 -0.0303838 0.128487 0.8 0.8 0.8
vn -0.827513 -0.561263 -0.0143464
v -0.0345886 -0.0384146 0.128487 0.8 0.8 0.8
vn -0.692737 -0.721048 -0.0143464
v -0.025846 -0.0447666 0.128487 0.8 0.8 0.8
vn -0.527685 -0.849319 -0.0143464
v -0.0159737 -0.049162 0.128487 0.8 0.8 0.8
vn -0.33957 -0.940471 -0.0143464
v -0.00540325 -0.0514088 0.128487 0.8 0.8 0.8
vn -0.136615 -0.99052 -0.0143464
v 0.00540331 -0.0514088 0.128487 0.8 0.8 0.8
vn 0.0723114 -0.997279 -0.0143464
v 0.0159737 -0.049162 0.128487 0.8 0.8 0.8
vn 0.278077 -0.960452 -0.0143464
v 0.025846 -0.0447666 0.128487 0.8 0.8 0.8
vn 0.47169 -0.881648 -0.0143464
v 0.0345887 -0.0384146 0.128487 0.8 0.8 0.8
vn 0.644687 -0.764312 -0.0143464
v 0.0418197 -0.0303838 0.128487 0.8 0.8 0.8
vn 0.789508 -0.613572 -0.0143464
v 0.047223 -0.021025 0.128487 0.8 0.8 0.8
vn 0.899825 -0.436016 -0.0143464
v 0.0505624 -0.0107474 0.128487 0.8 0.8 0.8
vn 0.970814 -0.239404 -0.0143464
v 0.0459673 8.99668e-10 0.0744837 0.8 0.8 0.8
vn 0.993443 0.0123478 -0.113662
v 0.0449628 0.00955713 0.0744837 0.8 0.8 0.8
vn 0.969166 0.218626 -0.113662
v 0.0419932 0.0186966 0.0744837 0.8 0.8 0.8
vn 0.902533 0.41535 -0.113662
v 0.0371883 0.0270189 0.0744837 0.8 0.8 0.8
vn 0.796454 0.593921 -0.113662
v 0.0307581 0.0341603 0.0744837 0.8 0.8 0.8
vn 0.655567 0.746534 -0.113662
v 0.0229837 0.0398088 0.0744837 0.8 0.8 0.8
vn 0.486028 0.866521 -0.113662
v 0.0142047 0.0437175 0.0744837 0.8 0.8 0.8
vn 0.295247 0.948636 -0.113662
v 0.00480492 0.0457154 0.0744837 0.8 0.8 0.8
vn 0.0915629 0.989291 -0.113662
v -0.00480485 0.0457154 0.0744837 0.8 0.8 0.8
vn -0.116123 0.98671 -0.113662
v -0.0142046 0.0437175 0.0744837 0.8 0.8 0.8
vn -0.318734 0.941004 -0.113662
v -0.0229836 0.0398088 0.0744837 0.8 0.8 0.8
vn -0.507415 0.854173 -0.113662
v -0.0307581 0.0341603 0.0744837 0.8 0.8 0.8
vn -0.673919 0.730009 -0.113662
v -0.0371883 0.0270189 0.0744837 0.8 0.8 0.8
vn -0.81097 0.573941 -0.113662
v -0.0419931 0.0186966 0.0744837 0.8 0.8 0.8
vn -0.912577 0.392789 -0.113662
v -0.0449627 0.00955713 0.0744837 0.8 0.8 0.8
vn -0.974301 0.19447 -0.113662
v -0.0459672 8.99668e-10 0.0744837 0.8 0.8 0.8
vn -0.993443 -0.0123478 -0.113662
v -0.0449627 -0.00955713 0.0744837 0.8 0.8 0.8
vn -0.969166 -0.218626 -0.113662
v -0.0419931 -0.0186966 0.0744837 0.8 0.8 0.8
vn -0.902533 -0.41535 -0.113662
v -0.0371883 -0.0270189 0.0744837 0.8 0.8 0.8
vn -0.796454 -0.593921 -0.113662
v -0.0307581 -0.0341603 0.0744837 0.8 0.8 0.8
vn -0.655567 -0.746534 -0.113662
v -0.0229836 -0.0398088 0.0744837 0.8 0.8 0.8
vn -0.486028 -0.866521 -0.113662
v -0.0142046 -0.0437175 0.0744837 0.8 0.8 0.8
vn -0.295247 -0.948636 -0.113662
v -0.00480486 -0.0457154 0.0744837 0.8 0.8 0.8
vn -0.0915629 -0.989291 -0.113662
v 0.00480492 -0.0457154 0.0744837 0.8 0.8 0.8
vn 0.116123 -0.98671 -0.113662
v 0.0142047 -0.0437175 0.0744837 0.8 0.8 0.8
vn 0.318734 -0.941004 -0.113662
v 0.0229837 -0.0398088 0.0744837 0.8 0.8 0.8
vn 0.507415 -0.854173 -0.113662
v 0.0307581 -0.0341603 0.0744837 0.8 0.8 0.8
vn 0.673919 -0.730009 -0.113662
v 0.0371883 -0.0270189 0.0744837 0.8 0.8 0.8
vn 0.81097 -0.573941 -0.113662
v 0.0419932 -0.0186966 0.0744837 0.8 0.8 0.8
vn 0.912577 -0.392789 -0.113662
v 0.0449628 -0.00955713 0.0744837 0.8 0.8 0.8
vn 0.974301 -0.19447 -0.113662
v 0.0417543 8.99668e-10 0.0419235 0.8 0.8 0.8
vn 0.989564 0.0121253 -0.143583
v 0.0408419 0.00868121 0.0419235 0.8 0.8 0.8
vn 0.965419 0.217602 -0.143583
v 0.0381445 0.016983 0.0419235 0.8 0.8 0.8
vn 0.89908 0.413569 -0.143583
v 0.03378 0.0245426 0.0419235 0.8 0.8 0.8
vn 0.793447 0.591461 -0.143583
v 0.0279391 0.0310295 0.0419235 0.8 0.8 0.8
vn 0.653137 0.743503 -0.143583
v 0.0208772 0.0361603 0.0419235 0.8 0.8 0.8
vn 0.484281 0.86305 -0.143583
v 0.0129028 0.0397107 0.0419235 0.8 0.8 0.8
vn 0.29426 0.944878 -0.143583
v 0.00436455 0.0415256 0.0419235 0.8 0.8 0.8
vn 0.0913787 0.98541 -0.143583
v -0.00436448 0.0415256 0.0419235 0.8 0.8 0.8
vn -0.115496 0.982876 -0.143583
v -0.0129028 0.0397107 0.0419235 0.8 0.8 0.8
vn -0.317324 0.937384 -0.143583
v -0.0208771 0.0361603 0.0419235 0.8 0.8 0.8
vn -0.505283 0.850925 -0.143583
v -0.0279391 0.0310295 0.0419235 0.8 0.8 0.8
vn -0.671158 0.727276 -0.143583
v -0.0337799 0.0245426 0.0419235 0.8 0.8 0.8
vn -0.807701 0.571842 -0.143583
v -0.0381444 0.016983 0.0419235 0.8 0.8 0.8
vn -0.908944 0.391415 -0.143583
v -0.0408418 0.00868121 0.0419235 0.8 0.8 0.8
vn -0.970461 0.193882 -0.143583
v -0.0417543 8.99668e-10 0.0419235 0.8 0.8 0.8
vn -0.989564 -0.0121253 -0.143583
v -0.0408418 -0.00868121 0.0419235 0.8 0.8 0.8
vn -0.965419 -0.217602 -0.143583
v -0.0381444 -0.016983 0.0419235 0.8 0.8 0.8
vn -0.89908 -0.413569 -0.143583
v -0.0337799 -0.0245426 0.0419235 0.8 0.8 0.8
vn -0.793447 -0.591461 -0.143583
v -0.0279391 -0.0310295 0.0419235 0.8 0.8 0.8
vn -0.653137 -0.743503 -0.143583
v -0.0208771 -0.0361603 0.0419235 0.8 0.8 0.8
vn -0.484281 -0.86305 -0.143583
v -0.0129028 -0.0397107 0.0419235 0.8 0.8 0.8
vn -0.29426 -0.944878 -0.143583
v -0.00436448 -0.0415256 0.0419235 0.8 0.8 0.8
vn -0.0913787 -0.98541 -0.143583
v 0.00436454 -0.0415256 0.0419235 0.8 0.8 0.8
vn 0.115496 -0.982876 -0.143583
v 0.0129028 -0.0397107 0.0419235 0.8 0.8 0.8
vn 0.317324 -0.937384 -0.143583
v 0.0208772 -0.0361603 0.0419235 0.8 0.8 0.8
vn 0.505283 -0.850925 -0.143583
v 0.0279391 -0.0310295 0.0419235 0.8 0.8 0.8
vn 0.671158 -0.727276 -0.143583
v 0.03378 -0.0245426 0.0419235 0.8 0.8 0.8
vn 0.807701 -0.571842 -0.143583
v 0.0381445 -0.016983 0.0419235 0.8 0.8 0.8
vn 0.908944 -0.391415 -0.143583
v 0.0408419 -0.00868121 0.0419235 0.8 0.8 0.8
vn 0.970461 -0.193882 -0.143583
v 0.0384415 8.99668e-10 0.0228341 0.8 0.8 0.8
vn 0.979954 0.0121271 -0.198855
v 0.0376015 0.00799243 0.0228341 0.8 0.8 0.8
vn 0.956018 0.215606 -0.198855
v 0.0351181 0.0156356 0.0228341 0.8 0.8 0.8
vn 0.8903 0.409662 -0.198855
v 0.0310998 0.0225953 0.0228341 0.8 0.8 0.8
vn 0.785671 0.585814 -0.198855
v 0.0257224 0.0285676 0.0228341 0.8 0.8 0.8
vn 0.646705 0.736362 -0.198855
v 0.0192208 0.0332913 0.0228341 0.8 0.8 0.8
vn 0.479475 0.854729 -0.198855
v 0.0118791 0.03656 0.0228341 0.8 0.8 0.8
vn 0.291289 0.935739 -0.198855
v 0.00401826 0.0382309 0.0228341 0.8 0.8 0.8
vn 0.0903724 0.975853 -0.198855
v -0.0040182 0.0382309 0.0228341 0.8 0.8 0.8
vn -0.114494 0.973318 -0.198855
v -0.011879 0.03656 0.0228341 0.8 0.8 0.8
vn -0.314356 0.928244 -0.198855
v -0.0192207 0.0332913 0.0228341 0.8 0.8 0.8
vn -0.500479 0.842601 -0.198855
v -0.0257223 0.0285676 0.0228341 0.8 0.8 0.8
vn -0.664729 0.720133 -0.198855
v -0.0310998 0.0225953 0.0228341 0.8 0.8 0.8
vn -0.799928 0.566191 -0.198855
v -0.035118 0.0156356 0.0228341 0.8 0.8 0.8
vn -0.900165 0.387505 -0.198855
v -0.0376014 0.00799243 0.0228341 0.8 0.8 0.8
vn -0.961061 0.191882 -0.198855
v -0.0384414 8.99668e-10 0.0228341 0.8 0.8 0.8
vn -0.979954 -0.0121271 -0.198855
v -0.0376014 -0.00799243 0.0228341 0.8 0.8 0.8
vn -0.956018 -0.215606 -0.198855
v -0.035118 -0.0156356 0.0228341 0.8 0.8 0.8
vn -0.8903 -0.409662 -0.198855
v -0.0310998 -0.0225953 0.0228341 0.8 0.8 0.8
vn -0.785671 -0.585814 -0.198855
v -0.0257223 -0.0285676 0.0228341 0.8 0.8 0.8
vn -0.646705 -0.736362 -0.198855
v -0.0192207 -0.0332913 0.0228341 0.8 0.8 0.8
vn -0.479475 -0.854729 -0.198855
v -0.011879 -0.03656 0.0228341 0.8 0.8 0.8
vn -0.291289 -0.935739 -0.198855
v -0.0040182 -0.0382309 0.0228341 0.8 0.8 0.8
vn -0.0903724 -0.975853 -0.198855
v 0.00401826 -0.0382309 0.0228341 0.8 0.8 0.8
vn 0.114494 -0.973318 -0.198855
v 0.0118791 -0.03656 0.0228341 0.8 0.8 0.8
vn 0.314356 -0.928244 -0.198855
v 0.0192208 -0.0332913 0.0228341 0.8 0.8 0.8
vn 0.500479 -0.842601 -0.198855
v 0.0257224 -0.0285676 0.0228341 0.8 0.8 0.8
vn 0.664729 -0.720133 -0.198855
v 0.0310998 -0.0225953 0.0228341 0.8 0.8 0.8
vn 0.799928 -0.566191 -0.198855
v 0.0351181 -0.0156356 0.0228341 0.8 0.8 0.8
vn 0.900165 -0.387505 -0.198855
v 0.0376015 -0.00799243 0.0228341 0.8 0.8 0.8
vn 0.961061 -0.191882 -0.198855
v 0.0356491 8.99668e-10 0.0119869 0.8 0.8 0.8
vn 0.95419 0.012162 -0.298956
v 0.0348701 0.00741186 0.0119869 0.8 0.8 0.8
vn 0.93081 0.210283 -0.298956
v 0.0325671 0.0144998 0.0119869 0.8 0.8 0.8
vn 0.866749 0.399214 -0.298956
v 0.0288407 0.020954 0.0119869 0.8 0.8 0.8
vn 0.764807 0.570698 -0.298956
v 0.0238539 0.0264924 0.0119869 0.8 0.8 0.8
vn 0.629439 0.717239 -0.298956
v 0.0178246 0.030873 0.0119869 0.8 0.8 0.8
vn 0.466562 0.832433 -0.298956
v 0.0110162 0.0339043 0.0119869 0.8 0.8 0.8
vn 0.283294 0.911246 -0.298956
v 0.00372637 0.0354538 0.0119869 0.8 0.8 0.8
vn 0.0876446 0.950234 -0.298956
v -0.00372631 0.0354538 0.0119869 0.8 0.8 0.8
vn -0.111835 0.947691 -0.298956
v -0.0110161 0.0339043 0.0119869 0.8 0.8 0.8
vn -0.306428 0.90373 -0.298956
v -0.0178245 0.030873 0.0119869 0.8 0.8 0.8
vn -0.487627 0.820271 -0.298956
v -0.0238539 0.0264924 0.0119869 0.8 0.8 0.8
vn -0.647516 0.700963 -0.298956
v -0.0288407 0.020954 0.0119869 0.8 0.8 0.8
vn -0.779104 0.551019 -0.298956
v -0.032567 0.0144998 0.0119869 0.8 0.8 0.8
vn -0.876642 0.376993 -0.298956
v -0.03487 0.00741186 0.0119869 0.8 0.8 0.8
vn -0.935867 0.186491 -0.298956
v -0.035649 8.99668e-10 0.0119869 0.8 0.8 0.8
vn -0.95419 -0.012162 -0.298956
v -0.03487 -0.00741186 0.0119869 0.8 0.8 0.8
vn -0.93081 -0.210283 -0.298956
v -0.032567 -0.0144998 0.0119869 0.8 0.8 0.8
vn -0.866749 -0.399214 -0.298956
v -0.0288407 -0.020954 0.0119869 0.8 0.8 0.8
vn -0.764807 -0.570698 -0.298956
v -0.0238539 -0.0264924 0.0119869 0.8 0.8 0.8
vn -0.629439 -0.717239 -0.298956
v -0.0178245 -0.030873 0.0119869 0.8 0.8 0.8
vn -0.466562 -0.832433 -0.298956
v -0.0110161 -0.0339043 0.0119869 0.8 0.8 0.8
vn -0.283294 -0.911246 -0.298956
v -0.00372631 -0.0354538 0.0119869 0.8 0.8 0.8
vn -0.0876446 -0.950234 -0.298956
v 0.00372637 -0.0354538 0.0119869 0.8 0.8 0.8
vn 0.111835 -0.947691 -0.298956
v 0.0110162 -0.0339043 0.0119869 0.8 0.8 0.8
vn 0.306428 -0.90373 -0.298956
v 0.0178246 -0.030873 0.0119869 0.8 0.8 0.8
vn 0.487627 -0.820271 -0.298956
v 0.0238539 -0.0264924 0.0119869 0.8 0.8 0.8
vn 0.647516 -0.700963 -0.298956
v 0.0288407 -0.020954 0.0119869 0.8 0.8 0.8
vn 0.779104 -0.551019 -0.298956
v 0.0325671 -0.0144998 0.0119869 0.8 0.8 0.8
vn 0.876642 -0.376993 -0.298956
v 0.0348701 -0.00741186 0.0119869 0.8 0.8 0.8
vn 0.935867 -0.186491 -0.298956
v 0.0331479 8.99668e-10 0.00603619 0.8 0.8 0.8
vn 0.883653 0.011772 -0.467994
v 0.0324235 0.00689182 0.00603619 0.8 0.8 0.8
vn 0.861896 0.195237 -0.467994
v 0.0302821 0.0134824 0.00603619 0.8 0.8 0.8
vn 0.802469 0.370168 -0.467994
v 0.0268172 0.0194838 0.00603619 0.8 0.8 0.8
vn 0.707971 0.528922 -0.467994
v 0.0221803 0.0246336 0.00603619 0.8 0.8 0.8
vn 0.582531 0.664559 -0.467994
v 0.0165739 0.0287069 0.00603619 0.8 0.8 0.8
vn 0.431632 0.771152 -0.467994
v 0.0102433 0.0315255 0.00603619 0.8 0.8 0.8
vn 0.261868 0.844042 -0.467994
v 0.00346492 0.0329662 0.00603619 0.8 0.8 0.8
vn 0.0806594 0.880043 -0.467994
v -0.00346486 0.0329662 0.00603619 0.8 0.8 0.8
vn -0.104074 0.877582 -0.467994
v -0.0102432 0.0315255 0.00603619 0.8 0.8 0.8
vn -0.28426 0.836767 -0.467994
v -0.0165739 0.0287069 0.00603619 0.8 0.8 0.8
vn -0.452022 0.75938 -0.467994
v -0.0221802 0.0246336 0.00603619 0.8 0.8 0.8
vn -0.600028 0.648805 -0.467994
v -0.0268171 0.0194838 0.00603619 0.8 0.8 0.8
vn -0.72181 0.509875 -0.467994
v -0.030282 0.0134824 0.00603619 0.8 0.8 0.8
vn -0.812046 0.34866 -0.467994
v -0.0324234 0.00689182 0.00603619 0.8 0.8 0.8
vn -0.866791 0.172207 -0.467994
v -0.0331478 8.99668e-10 0.00603619 0.8 0.8 0.8
vn -0.883653 -0.011772 -0.467994
v -0.0324234 -0.00689182 0.00603619 0.8 0.8 0.8
vn -0.861896 -0.195237 -0.467994
v -0.030282 -0.0134824 0.00603619 0.8 0.8 0.8
vn -0.802469 -0.370168 -0.467994
v -0.0268171 -0.0194838 0.00603619 0.8 0.8 0.8
vn -0.707971 -0.528922 -0.467994
v -0.0221802 -0.0246336 0.00603619 0.8 0.8 0.8
vn -0.582531 -0.664559 -0.467994
v -0.0165739 -0.0287069 0.00603619 0.8 0.8 0.8
vn -0.431632 -0.771152 -0.467994
v -0.0102432 -0.0315255 0.00603619 0.8 0.8 0.8
vn -0.261868 -0.844042 -0.467994
v -0.00346486 -0.0329662 0.00603619 0.8 0.8 0.8
vn -0.0806594 -0.880043 -0.467994
v 0.00346492 -0.0329662 0.00603619 0.8 0.8 0.8
vn 0.104074 -0.877582 -0.467994
v 0.0102433 -0.0315255 0.00603619 0.8 0.8 0.8
vn 0.28426 -0.836767 -0.467994
v 0.0165739 -0.0287069 0.00603619 0.8 0.8 0.8
vn 0.452022 -0.75938 -0.467994
v 0.0221803 -0.0246336 0.00603619 0.8 0.8 0.8
vn 0.600028 -0.648805 -0.467994
v 0.0268172 -0.0194838 0.00603619 0.8 0.8 0.8
vn 0.72181 -0.509875 -0.467994
v 0.0302821 -0.0134824 0.00603619 0.8 0.8 0.8
vn 0.812046 -0.34866 -0.467994
v 0.0324235 -0.00689182 0.00603619 0.8 0.8 0.8
vn 0.866791 -0.172207 -0.467994
v 0.0308036 8.99668e-10 0.00289904 0.8 0.8 0.8
vn 0.718073 0.0101067 -0.695895
v 0.0301305 0.00640442 0.00289904 0.8 0.8 0.8
vn 0.70028 0.159182 -0.695895
v 0.0281405 0.0125289 0.00289904 0.8 0.8 0.8
vn 0.651882 0.301299 -0.695895
v 0.0249206 0.0181059 0.00289904 0.8 0.8 0.8
vn 0.574993 0.430249 -0.695895
v 0.0206116 0.0228915 0.00289904 0.8 0.8 0.8
vn 0.472974 0.540395 -0.695895
v 0.0154018 0.0266767 0.00289904 0.8 0.8 0.8
vn 0.350284 0.626923 -0.695895
v 0.00951886 0.0292959 0.00289904 0.8 0.8 0.8
vn 0.212285 0.686051 -0.695895
v 0.00321988 0.0306348 0.00289904 0.8 0.8 0.8
vn 0.0650078 0.715196 -0.695895
v -0.00321982 0.0306348 0.00289904 0.8 0.8 0.8
vn -0.0851103 0.713083 -0.695895
v -0.00951879 0.0292959 0.00289904 0.8 0.8 0.8
vn -0.231509 0.679805 -0.695895
v -0.0154018 0.0266767 0.00289904 0.8 0.8 0.8
vn -0.367789 0.616816 -0.695895
v -0.0206116 0.0228915 0.00289904 0.8 0.8 0.8
vn -0.487995 0.526869 -0.695895
v -0.0249206 0.0181059 0.00289904 0.8 0.8 0.8
vn -0.586874 0.413896 -0.695895
v -0.0281404 0.0125289 0.00289904 0.8 0.8 0.8
vn -0.660103 0.282834 -0.695895
v -0.0301304 0.00640442 0.00289904 0.8 0.8 0.8
vn -0.704483 0.13941 -0.695895
v -0.0308035 8.99668e-10 0.00289904 0.8 0.8 0.8
vn -0.718073 -0.0101067 -0.695895
v -0.0301304 -0.00640442 0.00289904 0.8 0.8 0.8
vn -0.70028 -0.159182 -0.695895
v -0.0281404 -0.0125289 0.00289904 0.8 0.8 0.8
vn -0.651882 -0.301299 -0.695895
v -0.0249206 -0.0181059 0.00289904 0.8 0.8 0.8
vn -0.574993 -0.430249 -0.695895
v -0.0206116 -0.0228915 0.00289904 0.8 0.8 0.8
vn -0.472974 -0.540395 -0.695895
v -0.0154018 -0.0266767 0.00289904 0.8 0.8 0.8
vn -0.350284 -0.626923 -0.695895
v -0.0095188 -0.0292959 0.00289904 0.8 0.8 0.8
vn -0.212285 -0.686051 -0.695895
v -0.00321982 -0.0306348 0.00289904 0.8 0.8 0.8
vn -0.0650078 -0.715196 -0.695895
v 0.00321988 -0.0306348 0.00289904 0.8 0.8 0.8
vn 0.0851103 -0.713083 -0.695895
v 0.00951886 -0.0292959 0.00289904 0.8 0.8 0.8
vn 0.231509 -0.679805 -0.695895
v 0.0154018 -0.0266767 0.00289904 0.8 0.8 0.8
vn 0.367789 -0.616816 -0.695895
v 0.0206116 -0.0228915 0.00289904 0.8 0.8 0.8
vn 0.487995 -0.526869 -0.695895
v 0.0249206 -0.0181059 0.00289904 0.8 0.8 0.8
vn 0.586874 -0.413896 -0.695895
v 0.0281405 -0.0125289 0.00289904 0.8 0.8 0.8
vn 0.660103 -0.282834 -0.695895
v 0.0301305 -0.00640442 0.00289904 0.8 0.8 0.8
vn 0.704483 -0.13941 -0.695895
v 0.0285405 8.99668e-10 0.00131866 0.8 0.8 0.8
vn 0.465079 0.00697227 -0.885242
v 0.0279168 0.00593389 0.00131866 0.8 0.8 0.8
vn 0.453466 0.103515 -0.885242
v 0.026073 0.0116084 0.00131866 0.8 0.8 0.8
vn 0.422035 0.195534 -0.885242
v 0.0230897 0.0167756 0.00131866 0.8 0.8 0.8
vn 0.372159 0.279007 -0.885242
v 0.0190973 0.0212097 0.00131866 0.8 0.8 0.8
vn 0.306017 0.350286 -0.885242
v 0.0142703 0.0247167 0.00131866 0.8 0.8 0.8
vn 0.226501 0.406256 -0.885242
v 0.00881951 0.0271436 0.00131866 0.8 0.8 0.8
vn 0.137086 0.444471 -0.885242
v 0.00298332 0.0283841 0.00131866 0.8 0.8 0.8
vn 0.0416799 0.46326 -0.885242
v -0.00298326 0.0283841 0.00131866 0.8 0.8 0.8
vn -0.0555481 0.461802 -0.885242
v -0.00881945 0.0271436 0.00131866 0.8 0.8 0.8
vn -0.150348 0.440162 -0.885242
v -0.0142702 0.0247167 0.00131866 0.8 0.8 0.8
vn -0.238578 0.399284 -0.885242
v -0.0190972 0.0212097 0.00131866 0.8 0.8 0.8
vn -0.31638 0.340956 -0.885242
v -0.0230897 0.0167756 0.00131866 0.8 0.8 0.8
vn -0.380355 0.267726 -0.885242
v -0.026073 0.0116084 0.00131866 0.8 0.8 0.8
vn -0.427707 0.182795 -0.885242
v -0.0279167 0.00593389 0.00131866 0.8 0.8 0.8
vn -0.456366 0.0898755 -0.885242
v -0.0285404 8.99668e-10 0.00131866 0.8 0.8 0.8
vn -0.465079 -0.00697227 -0.885242
v -0.0279167 -0.00593389 0.00131866 0.8 0.8 0.8
vn -0.453466 -0.103515 -0.885242
v -0.026073 -0.0116084 0.00131866 0.8 0.8 0.8
vn -0.422035 -0.195534 -0.885242
v -0.0230897 -0.0167756 0.00131866 0.8 0.8 0.8
vn -0.372159 -0.279007 -0.885242
v -0.0190973 -0.0212097 0.00131866 0.8 0.8 0.8
vn -0.306017 -0.350286 -0.885242
v -0.0142702 -0.0247167 0.00131866 0.8 0.8 0.8
vn -0.226501 -0.406256 -0.885242
v -0.00881945 -0.0271436 0.00131866 0.8 0.8 0.8
vn -0.137086 -0.444471 -0.885242
v -0.00298326 -0.0283841 0.00131866 0.8 0.8 0.8
vn -0.0416799 -0.46326 -0.885242
v 0.00298332 -0.0283841 0.00131866 0.8 0.8 0.8
vn 0.0555481 -0.461802 -0.885242
v 0.00881951 -0.0271436 0.00131866 0.8 0.8 0.8
vn 0.150348 -0.440162 -0.885242
v 0.0142702 -0.0247167 0.00131866 0.8 0.8 0.8
vn 0.238578 -0.399284 -0.885242
v 0.0190973 -0.0212097 0.00131866 0.8 0.8 0.8
vn 0.31638 -0.340956 -0.885242
v 0.0230897 -0.0167756 0.00131866 0.8 0.8 0.8
vn 0.380355 -0.267726 -0.885242
v 0.026073 -0.0116084 0.00131866 0.8 0.8 0.8
vn 0.427707 -0.182795 -0.885242
v 0.0279168 -0.00593389 0.00131866 0.8 0.8 0.8
vn 0.456366 -0.0898755 -0.885242
v 0.0263173 8.99668e-10 0.000563134 0.8 0.8 0.8
vn 0.242521 0.00389862 -0.970138
v 0.0257422 0.00547167 0.000563134 0.8 0.8 0.8
vn 0.236411 0.0542364 -0.970138
v 0.0240421 0.0107042 0.000563134 0.8 0.8 0.8
vn 0.219968 0.102204 -0.970138
v 0.0212912 0.0154689 0.000563134 0.8 0.8 0.8
vn 0.193912 0.145704 -0.970138
v 0.0176097 0.0195575 0.000563134 0.8 0.8 0.8
vn 0.159381 0.182837 -0.970138
v 0.0131587 0.0227914 0.000563134 0.8 0.8 0.8
vn 0.117884 0.211979 -0.970138
v 0.00813252 0.0250292 0.000563134 0.8 0.8 0.8
vn 0.0712353 0.231856 -0.970138
v 0.00275094 0.0261731 0.000563134 0.8 0.8 0.8
vn 0.0214731 0.2416 -0.970138
v -0.00275087 0.0261731 0.000563134 0.8 0.8 0.8
vn -0.0292276 0.240785 -0.970138
v -0.00813245 0.0250292 0.000563134 0.8 0.8 0.8
vn -0.0786509 0.229447 -0.970138
v -0.0131586 0.0227914 0.000563134 0.8 0.8 0.8
vn -0.124637 0.20808 -0.970138
v -0.0176097 0.0195575 0.000563134 0.8 0.8 0.8
vn -0.165176 0.17762 -0.970138
v -0.0212911 0.0154689 0.000563134 0.8 0.8 0.8
vn -0.198495 0.139396 -0.970138
v -0.024042 0.0107042 0.000563134 0.8 0.8 0.8
vn -0.22314 0.0950807 -0.970138
v -0.0257421 0.00547167 0.000563134 0.8 0.8 0.8
vn -0.238032 0.0466095 -0.970138
v -0.0263172 8.99668e-10 0.000563134 0.8 0.8 0.8
vn -0.242521 -0.00389862 -0.970138
v -0.0257421 -0.00547167 0.000563134 0.8 0.8 0.8
vn -0.236411 -0.0542364 -0.970138
v -0.024042 -0.0107042 0.000563134 0.8 0.8 0.8
vn -0.219968 -0.102204 -0.970138
v -0.0212911 -0.0154689 0.000563134 0.8 0.8 0.8
vn -0.193912 -0.145704 -0.970138
v -0.0176097 -0.0195575 0.000563134 0.8 0.8 0.8
vn -0.159381 -0.182837 -0.970138
v -0.0131586 -0.0227914 0.000563134 0.8 0.8 0.8
vn -0.117884 -0.211979 -0.970138
v -0.00813246 -0.0250292 0.000563134 0.8 0.8 0.8
vn -0.0712353 -0.231856 -0.970138
v -0.00275087 -0.0261731 0.000563134 0.8 0.8 0.8
vn -0.0214731 -0.2416 -0.970138
v 0.00275093 -0.0261731 0.000563134 0.8 0.8 0.8
vn 0.0292276 -0.240785 -0.970138
v 0.00813251 -0.0250292 0.000563134 0.8 0.8 0.8
vn 0.0786509 -0.229447 -0.970138
v 0.0131587 -0.0227914 0.000563134 0.8 0.8 0.8
vn 0.124637 -0.20808 -0.970138
v 0.0176097 -0.0195575 0.000563134 0.8 0.8 0.8
vn 0.165176 -0.17762 -0.970138
v 0.0212912 -0.0154689 0.000563134 0.8 0.8 0.8
vn 0.198495 -0.139396 -0.970138
v 0.0240421 -0.0107042 0.000563134 0.8 0.8 0.8
vn 0.22314 -0.0950807 -0.970138
v 0.0257422 -0.00547167 0.000563134 0.8 0.8 0.8
vn 0.238032 -0.0466095 -0.970138
v 0.0241128 8.99668e-10 0.000223316 0.8 0.8 0.8
vn 0.110217 0.00191142 -0.993906
v 0.0235858 0.00501332 0.000223316 0.8 0.8 0.8
vn 0.107411 0.0247851 -0.993906
v 0.0220281 0.00980753 0.000223316 0.8 0.8 0.8
vn 0.0999109 0.0465755 -0.993906
v 0.0195076 0.0141731 0.000223316 0.8 0.8 0.8
vn 0.088044 0.0663304 -0.993906
v 0.0161346 0.0179192 0.000223316 0.8 0.8 0.8
vn 0.0723292 0.0831863 -0.993906
v 0.0120564 0.0208822 0.000223316 0.8 0.8 0.8
vn 0.0534532 0.0964065 -0.993906
v 0.00745127 0.0229326 0.000223316 0.8 0.8 0.8
vn 0.0322411 0.105413 -0.993906
v 0.0025205 0.0239806 0.000223316 0.8 0.8 0.8
vn 0.00961988 0.109813 -0.993906
v -0.00252043 0.0239806 0.000223316 0.8 0.8 0.8
vn -0.0134218 0.109414 -0.993906
v -0.00745121 0.0229326 0.000223316 0.8 0.8 0.8
vn -0.0358768 0.104232 -0.993906
v -0.0120563 0.0208822 0.000223316 0.8 0.8 0.8
vn -0.0567639 0.0944951 -0.993906
v -0.0161345 0.0179192 0.000223316 0.8 0.8 0.8
vn -0.0751701 0.0806283 -0.993906
v -0.0195076 0.0141731 0.000223316 0.8 0.8 0.8
vn -0.090291 0.0632376 -0.993906
v -0.022028 0.00980753 0.000223316 0.8 0.8 0.8
vn -0.101466 0.0430832 -0.993906
v -0.0235858 0.00501332 0.000223316 0.8 0.8 0.8
vn -0.108206 0.0210458 -0.993906
v -0.0241127 8.99668e-10 0.000223316 0.8 0.8 0.8
vn -0.110217 -0.00191142 -0.993906
v -0.0235858 -0.00501332 0.000223316 0.8 0.8 0.8
vn -0.107411 -0.0247851 -0.993906
v -0.022028 -0.00980753 0.000223316 0.8 0.8 0.8
vn -0.0999109 -0.0465755 -0.993906
v -0.0195076 -0.0141731 0.000223316 0.8 0.8 0.8
vn -0.088044 -0.0663304 -0.993906
v -0.0161345 -0.0179192 0.000223316 0.8 0.8 0.8
vn -0.0723292 -0.0831863 -0.993906
v -0.0120563 -0.0208822 0.000223316 0.8 0.8 0.8
vn -0.0534532 -0.0964065 -0.993906
v -0.00745121 -0.0229326 0.000223316 0.8 0.8 0.8
vn -0.0322411 -0.105413 -0.993906
v -0.00252044 -0.0239806 0.000223316 0.8 0.8 0.8
vn -0.00961988 -0.109813 -0.993906
v 0.0025205 -0.0239806 0.000223316 0.8 0.8 0.8
vn 0.0134218 -0.109414 -0.993906
v 0.00745127 -0.0229326 0.000223316 0.8 0.8 0.8
vn 0.0358768 -0.104232 -0.993906
v 0.0120564 -0.0208822 0.000223316 0.8 0.8 0.8
vn 0.0567639 -0.0944951 -0.993906
v 0.0161346 -0.0179192 0.000223316 0.8 0.8 0.8
vn 0.0751701 -0.0806283 -0.993906
v 0.0195076 -0.0141731 0.000223316 0.8 0.8 0.8
vn 0.090291 -0.0632376 -0.993906
v 0.0220281 -0.00980753 0.000223316 0.8 0.8 0.8
vn 0.101466 -0.0430832 -0.993906
v 0.0235858 -0.00501332 0.000223316 0.8 0.8 0.8
vn 0.108206 -0.0210458 -0.993906
v 0.0219163 8.99668e-10 8.10806e-05 0.8 0.8 0.8
vn 0.0454655 0.000855724 -0.998966
v 0.0214374 0.00455666 8.10806e-05 0.8 0.8 0.8
vn 0.0442941 0.0102898 -0.998966
v 0.0200216 0.00891417 8.10806e-05 0.8 0.8 0.8
vn 0.0411868 0.0192742 -0.998966
v 0.0177307 0.0128821 8.10806e-05 0.8 0.8 0.8
vn 0.0362794 0.0274163 -0.998966
v 0.0146649 0.016287 8.10806e-05 0.8 0.8 0.8
vn 0.0297865 0.0343601 -0.998966
v 0.0109582 0.0189801 8.10806e-05 0.8 0.8 0.8
vn 0.0219917 0.0398022 -0.998966
v 0.00677254 0.0208436 8.10806e-05 0.8 0.8 0.8
vn 0.0132358 0.0435047 -0.998966
v 0.00229091 0.0217962 8.10806e-05 0.8 0.8 0.8
vn 0.00390141 0.0453059 -0.998966
v -0.00229085 0.0217962 8.10806e-05 0.8 0.8 0.8
vn -0.00560348 0.045127 -0.998966
v -0.00677248 0.0208436 8.10806e-05 0.8 0.8 0.8
vn -0.0148635 0.0429759 -0.998966
v -0.0109581 0.0189801 8.10806e-05 0.8 0.8 0.8
vn -0.0234738 0.0389464 -0.998966
v -0.0146648 0.016287 8.10806e-05 0.8 0.8 0.8
vn -0.0310583 0.0332149 -0.998966
v -0.0177306 0.0128821 8.10806e-05 0.8 0.8 0.8
vn -0.0372854 0.0260317 -0.998966
v -0.0200215 0.00891417 8.10806e-05 0.8 0.8 0.8
vn -0.0418829 0.0177108 -0.998966
v -0.0214374 0.00455666 8.10806e-05 0.8 0.8 0.8
vn -0.0446499 0.00861579 -0.998966
v -0.0219163 8.99668e-10 8.10806e-05 0.8 0.8 0.8
vn -0.0454655 -0.000855724 -0.998966
v -0.0214374 -0.00455666 8.10806e-05 0.8 0.8 0.8
vn -0.0442941 -0.0102898 -0.998966
v -0.0200215 -0.00891416 8.10806e-05 0.8 0.8 0.8
vn -0.0411868 -0.0192742 -0.998966
v -0.0177306 -0.0128821 8.10806e-05 0.8 0.8 0.8
vn -0.0362794 -0.0274163 -0.998966
v -0.0146648 -0.016287 8.10806e-05 0.8 0.8 0.8
vn -0.0297865 -0.0343601 -0.998966
v -0.0109581 -0.0189801 8.10806e-05 0.8 0.8 0.8
vn -0.0219917 -0.0398022 -0.998966
v -0.00677248 -0.0208436 8.10806e-05 0.8 0.8 0.8
vn -0.0132358 -0.0435047 -0.998966
v -0.00229085 -0.0217962 8.10806e-05 0.8 0.8 0.8
vn -0.00390141 -0.0453059 -0.998966
v 0.00229091 -0.0217962 8.10806e-05 0.8 0.8 0.8
vn 0.00560348 -0.045127 -0.998966
v 0.00677254 -0.0208436 8.10806e-05 0.8 0.8 0.8
vn 0.0148635 -0.0429759 -0.998966
v 0.0109582 -0.0189801 8.10806e-05 0.8 0.8 0.8
vn 0.0234738 -0.0389464 -0.998966
v 0.0146649 -0.016287 8.10806e-05 0.8 0.8 0.8
vn 0.0310583 -0.0332149 -0.998966
v 0.0177307 -0.0128821 8.10806e-05 0.8 0.8 0.8
vn 0.0372854 -0.0260317 -0.998966
v 0.0200216 -0.00891416 8.10806e-05 0.8 0.8 0.8
vn 0.0418829 -0.0177108 -0.998966
v 0.0214374 -0.00455666 8.10806e-05 0.8 0.8 0.8
vn 0.0446499 -0.00861579 -0.998966
v 0.0197232 8.99668e-10 2.64555e-05 0.8 0.8 0.8
vn 0.0170645 0.000350743 -0.999854
v 0.0192922 0.00410068 2.64555e-05 0.8 0.8 0.8
vn 0.0166187 0.00389098 -0.999854
v 0.018018 0.00802214 2.64555e-05 0.8 0.8 0.8
vn 0.0154465 0.00726117 -0.999854
v 0.0159564 0.011593 2.64555e-05 0.8 0.8 0.8
vn 0.0135993 0.010314 -0.999854
v 0.0131974 0.0146572 2.64555e-05 0.8 0.8 0.8
vn 0.0111577 0.0129161 -0.999854
v 0.00986162 0.0170808 2.64555e-05 0.8 0.8 0.8
vn 0.00822849 0.0149536 -0.999854
v 0.00609483 0.0187579 2.64555e-05 0.8 0.8 0.8
vn 0.00493964 0.0163377 -0.999854
v 0.00206166 0.0196151 2.64555e-05 0.8 0.8 0.8
vn 0.0014349 0.0170077 -0.999854
v -0.0020616 0.0196151 2.64555e-05 0.8 0.8 0.8
vn -0.00213254 0.0169343 -0.999854
v -0.00609476 0.0187579 2.64555e-05 0.8 0.8 0.8
vn -0.00560679 0.0161209 -0.999854
v -0.00986156 0.0170808 2.64555e-05 0.8 0.8 0.8
vn -0.00883599 0.0146029 -0.999854
v -0.0131973 0.0146572 2.64555e-05 0.8 0.8 0.8
vn -0.011679 0.0124467 -0.999854
v -0.0159564 0.011593 2.64555e-05 0.8 0.8 0.8
vn -0.0140116 0.00974649 -0.999854
v -0.018018 0.00802214 2.64555e-05 0.8 0.8 0.8
vn -0.0157318 0.00662033 -0.999854
v -0.0192921 0.00410068 2.64555e-05 0.8 0.8 0.8
vn -0.0167645 0.00320483 -0.999854
v -0.0197231 8.99668e-10 2.64555e-05 0.8 0.8 0.8
vn -0.0170645 -0.000350743 -0.999854
v -0.0192921 -0.00410068 2.64555e-05 0.8 0.8 0.8
vn -0.0166187 -0.00389098 -0.999854
v -0.018018 -0.00802214 2.64555e-05 0.8 0.8 0.8
vn -0.0154465 -0.00726117 -0.999854
v -0.0159564 -0.011593 2.64555e-05 0.8 0.8 0.8
vn -0.0135993 -0.010314 -0.999854
v -0.0131973 -0.0146572 2.64555e-05 0.8 0.8 0.8
vn -0.0111577 -0.0129161 -0.999854
v -0.00986156 -0.0170808 2.64555e-05 0.8 0.8 0.8
vn -0.00822849 -0.0149536 -0.999854
v -0.00609477 -0.0187579 2.64555e-05 0.8 0.8 0.8
vn -0.00493964 -0.0163377 -0.999854
v -0.0020616 -0.0196151 2.64555e-05 0.8 0.8 0.8
vn -0.0014349 -0.0170077 -0.999854
v 0.00206166 -0.0196151 2.64555e-05 0.8 0.8 0.8
vn 0.00213254 -0.0169343 -0.999854
v 0.00609483 -0.0187579 2.64555e-05 0.8 0.8 0.8
vn 0.00560679 -0.0161209 -0.999854
v 0.00986162 -0.0170808 2.64555e-05 0.8 0.8 0.8
vn 0.00883599 -0.0146029 -0.999854
v 0.0131974 -0.0146572 2.64555e-05 0.8 0.8 0.8
vn 0.011679 -0.0124467 -0.999854
v 0.0159564 -0.011593 2.64555e-05 0.8 0.8 0.8
vn 0.0140116 -0.00974649 -0.999854
v 0.018018 -0.00802214 2.64555e-05 0.8 0.8 0.8
vn 0.0157318 -0.00662033 -0.999854
v 0.0192922 -0.00410068 2.64555e-05 0.8 0.8 0.8
vn 0.0167645 -0.00320483 -0.999854
v 0.0175313 8.99668e-10 7.56425e-06 0.8 0.8 0.8
vn 0.00574292 0.000129757 -0.999984
v 0.0171482 0.00364495 7.56425e-06 0.8 0.8 0.8
vn 0.00559044 0.00132094 -0.999984
v 0.0160156 0.0071306 7.56425e-06 0.8 0.8 0.8
vn 0.00519364 0.00245439 -0.999984
v 0.0141831 0.0103046 7.56425e-06 0.8 0.8 0.8
vn 0.00456985 0.00348058 -0.999984
v 0.0117307 0.0130283 7.56425e-06 0.8 0.8 0.8
vn 0.00374633 0.00435464 -0.999984
v 0.00876565 0.0151825 7.56425e-06 0.8 0.8 0.8
vn 0.00275909 0.00503839 -0.999984
v 0.00541748 0.0166732 7.56425e-06 0.8 0.8 0.8
vn 0.00165125 0.00550194 -0.999984
v 0.00183255 0.0174352 7.56425e-06 0.8 0.8 0.8
vn 0.000471252 0.00572502 -0.999984
v -0.00183248 0.0174352 7.56425e-06 0.8 0.8 0.8
vn -0.000729345 0.00569789 -0.999984
v -0.00541742 0.0166732 7.56425e-06 0.8 0.8 0.8
vn -0.00189807 0.00542174 -0.999984
v -0.00876559 0.0151825 7.56425e-06 0.8 0.8 0.8
vn -0.00298383 0.00490863 -0.999984
v -0.0117307 0.0130283 7.56425e-06 0.8 0.8 0.8
vn -0.00393919 0.004181 -0.999984
v -0.014183 0.0103046 7.56425e-06 0.8 0.8 0.8
vn -0.00472239 0.00327063 -0.999984
v -0.0160156 0.0071306 7.56425e-06 0.8 0.8 0.8
vn -0.00529919 0.00221732 -0.999984
v -0.0171481 0.00364495 7.56425e-06 0.8 0.8 0.8
vn -0.0056444 0.0010671 -0.999984
v -0.0175312 8.99668e-10 7.56425e-06 0.8 0.8 0.8
vn -0.00574292 -0.000129757 -0.999984
v -0.0171481 -0.00364495 7.56425e-06 0.8 0.8 0.8
vn -0.00559044 -0.00132094 -0.999984
v -0.0160156 -0.0071306 7.56425e-06 0.8 0.8 0.8
vn -0.00519364 -0.00245439 -0.999984
v -0.014183 -0.0103046 7.56425e-06 0.8 0.8 0.8
vn -0.00456985 -0.00348058 -0.999984
v -0.0117307 -0.0130283 7.56425e-06 0.8 0.8 0.8
vn -0.00374633 -0.00435464 -0.999984
v -0.00876559 -0.0151825 7.56425e-06 0.8 0.8 0.8
vn -0.00275909 -0.00503839 -0.999984
v -0.00541742 -0.0166732 7.56425e-06 0.8 0.8 0.8
vn -0.00165125 -0.00550194 -0.999984
v -0.00183248 -0.0174352 7.56425e-06 0.8 0.8 0.8
vn -0.000471252 -0.00572502 -0.999984
v 0.00183254 -0.0174352 7.56425e-06 0.8 0.8 0.8
vn 0.000729345 -0.00569789 -0.999984
v 0.00541748 -0.0166732 7.56425e-06 0.8 0.8 0.8
vn 0.00189807 -0.00542174 -0.999984
v 0.00876565 -0.0151825 7.56425e-06 0.8 0.8 0.8
vn 0.00298383 -0.00490863 -0.999984
v 0.0117307 -0.0130283 7.56425e-06 0.8 0.8 0.8
vn 0.00393919 -0.004181 -0.999984
v 0.0141831 -0.0103046 7.56425e-06 0.8 0.8 0.8
vn 0.00472239 -0.00327063 -0.999984
v 0.0160156 -0.0071306 7.56425e-06 0.8 0.8 0.8
vn 0.00529919 -0.00221732 -0.999984
v 0.0171482 -0.00364495 7.56425e-06 0.8 0.8 0.8
vn 0.0056444 -0.0010671 -0.999984
v 0.0153397 8.99668e-10 1.82942e-06 0.8 0.8 0.8
vn 0.00169105 4.22904e-05 -0.999999
v 0.0150045 0.00318931 1.82942e-06 0.8 0.8 0.8
vn 0.0016453 0.000392955 -0.999999
v 0.0140136 0.00623923 1.82942e-06 0.8 0.8 0.8
vn 0.00152765 0.000726445 -0.999999
v 0.0124101 0.00901646 1.82942e-06 0.8 0.8 0.8
vn 0.00134323 0.00102819 -0.999999
v 0.0102643 0.0113996 1.82942e-06 0.8 0.8 0.8
vn 0.0011001 0.00128499 -0.999999
v 0.00766989 0.0132846 1.82942e-06 0.8 0.8 0.8
vn 0.000808899 0.00148564 -0.999999
v 0.00474026 0.0145889 1.82942e-06 0.8 0.8 0.8
vn 0.000482342 0.00162135 -0.999999
v 0.00160347 0.0152557 1.82942e-06 0.8 0.8 0.8
vn 0.000134704 0.0016862 -0.999999
v -0.00160341 0.0152557 1.82942e-06 0.8 0.8 0.8
vn -0.000218821 0.00167736 -0.999999
v -0.0047402 0.0145889 1.82942e-06 0.8 0.8 0.8
vn -0.000562783 0.00159521 -0.999999
v -0.00766983 0.0132846 1.82942e-06 0.8 0.8 0.8
vn -0.000882148 0.00144334 -0.999999
v -0.0102642 0.0113996 1.82942e-06 0.8 0.8 0.8
vn -0.00116296 0.0012284 -0.999999
v -0.0124101 0.00901646 1.82942e-06 0.8 0.8 0.8
vn -0.00139294 0.000959759 -0.999999
v -0.0140135 0.00623923 1.82942e-06 0.8 0.8 0.8
vn -0.00156205 0.000649177 -0.999999
v -0.0150045 0.00318931 1.82942e-06 0.8 0.8 0.8
vn -0.00166289 0.000310222 -0.999999
v -0.0153397 8.99668e-10 1.82942e-06 0.8 0.8 0.8
vn -0.00169105 -4.22904e-05 -0.999999
v -0.0150045 -0.00318931 1.82942e-06 0.8 0.8 0.8
vn -0.0016453 -0.000392955 -0.999999
v -0.0140135 -0.00623922 1.82942e-06 0.8 0.8 0.8
vn -0.00152765 -0.000726445 -0.999999
v -0.0124101 -0.00901646 1.82942e-06 0.8 0.8 0.8
vn -0.00134323 -0.00102819 -0.999999
v -0.0102642 -0.0113996 1.82942e-06 0.8 0.8 0.8
vn -0.0011001 -0.00128499 -0.999999
v -0.00766983 -0.0132846 1.82942e-06 0.8 0.8 0.8
vn -0.000808899 -0.00148564 -0.999999
v -0.0047402 -0.0145889 1.82942e-06 0.8 0.8 0.8
vn -0.000482342 -0.00162135 -0.999999
v -0.00160341 -0.0152557 1.82942e-06 0.8 0.8 0.8
vn -0.000134704 -0.0016862 -0.999999
v 0.00160347 -0.0152557 1.82942e-06 0.8 0.8 0.8
vn 0.000218821 -0.00167736 -0.999999
v 0.00474026 -0.0145889 1.82942e-06 0.8 0.8 0.8
vn 0.000562783 -0.00159521 -0.999999
v 0.00766989 -0.0132846 1.82942e-06 0.8 0.8 0.8
vn 0.000882148 -0.00144334 -0.999999
v 0.0102643 -0.0113996 1.82942e-06 0.8 0.8 0.8
vn 0.00116296 -0.0012284 -0.999999
v 0.0124101 -0.00901646 1.82942e-06 0.8 0.8 0.8
vn 0.00139294 -0.000959759 -0.999999
v 0.0140136 -0.00623922 1.82942e-06 0.8 0.8 0.8
vn 0.00156205 -0.000649177 -0.999999
v 0.0150045 -0.00318931 1.82942e-06 0.8 0.8 0.8
vn 0.00166289 -0.000310222 -0.999999
v 0.0131483 8.99668e-10 3.55361e-07 0.8 0.8 0.8
vn 0.000420563 1.17206e-05 -1
v 0.012861 0.00273369 3.55361e-07 0.8 0.8 0.8
vn 0.000408935 9.89044e-05 -1
v 0.0120116 0.0053479 3.55361e-07 0.8 0.8 0.8
vn 0.000379436 0.000181766 -1
v 0.0106372 0.00772838 3.55361e-07 0.8 0.8 0.8
vn 0.000333353 0.000256683 -1
v 0.00879796 0.00977109 3.55361e-07 0.8 0.8 0.8
vn 0.000272701 0.000320382 -1
v 0.00657418 0.0113868 3.55361e-07 0.8 0.8 0.8
vn 0.000200131 0.000370078 -1
v 0.00406308 0.0125048 3.55361e-07 0.8 0.8 0.8
vn 0.000118814 0.000403601 -1
v 0.0013744 0.0130763 3.55361e-07 0.8 0.8 0.8
vn 3.23043e-05 0.000419484 -1
v -0.00137434 0.0130763 3.55361e-07 0.8 0.8 0.8
vn -5.56172e-05 0.000417034 -1
v -0.00406302 0.0125048 3.55361e-07 0.8 0.8 0.8
vn -0.000141108 0.000396357 -1
v -0.00657412 0.0113868 3.55361e-07 0.8 0.8 0.8
vn -0.000220432 0.000358358 -1
v -0.0087979 0.00977109 3.55361e-07 0.8 0.8 0.8
vn -0.000290121 0.000304696 -1
v -0.0106372 0.00772838 3.55361e-07 0.8 0.8 0.8
vn -0.000347132 0.000237718 -1
v -0.0120115 0.0053479 3.55361e-07 0.8 0.8 0.8
vn -0.00038897 0.000160351 -1
v -0.012861 0.00273369 3.55361e-07 0.8 0.8 0.8
vn -0.000413809 7.59754e-05 -1
v -0.0131483 8.99668e-10 3.55361e-07 0.8 0.8 0.8
vn -0.000420563 -1.17206e-05 -1
v -0.012861 -0.00273368 3.55361e-07 0.8 0.8 0.8
vn -0.000408935 -9.89044e-05 -1
v -0.0120115 -0.0053479 3.55361e-07 0.8 0.8 0.8
vn -0.000379436 -0.000181766 -1
v -0.0106372 -0.00772838 3.55361e-07 0.8 0.8 0.8
vn -0.000333353 -0.000256683 -1
v -0.0087979 -0.00977109 3.55361e-07 0.8 0.8 0.8
vn -0.000272701 -0.000320382 -1
v -0.00657412 -0.0113868 3.55361e-07 0.8 0.8 0.8
vn -0.000200131 -0.000370078 -1
v -0.00406302 -0.0125048 3.55361e-07 0.8 0.8 0.8
vn -0.000118814 -0.000403601 -1
v -0.00137434 -0.0130763 3.55361e-07 0.8 0.8 0.8
vn -3.23043e-05 -0.000419484 -1
v 0.0013744 -0.0130763 3.55361e-07 0.8 0.8 0.8
vn 5.56172e-05 -0.000417034 -1
v 0.00406308 -0.0125048 3.55361e-07 0.8 0.8 0.8
vn 0.000141108 -0.000396357 -1
v 0.00657418 -0.0113868 3.55361e-07 0.8 0.8 0.8
vn 0.000220432 -0.000358358 -1
v 0.00879796 -0.00977109 3.55361e-07 0.8 0.8 0.8
vn 0.000290121 -0.000304696 -1
v 0.0106372 -0.00772838 3.55361e-07 0.8 0.8 0.8
vn 0.000347132 -0.000237718 -1
v 0.0120116 -0.0053479 3.55361e-07 0.8 0.8 0.8
vn 0.00038897 -0.000160351 -1
v 0.012861 -0.00273368 3.55361e-07 0.8 0.8 0.8
vn 0.000413809 -7.59754e-05 -1
v 0.0109569 8.99668e-10 5.11652e-08 0.8 0.8 0.8
vn 8.39137e-05 2.62132e-06 -1
v 0.0107175 0.00227807 5.11652e-08 0.8 0.8 0.8
vn 8.1535e-05 2.00107e-05 -1
v 0.0100097 0.00445658 5.11652e-08 0.8 0.8 0.8
vn 7.55928e-05 3.65255e-05 -1
v 0.00886436 0.00644031 5.11652e-08 0.8 0.8 0.8
vn 6.63468e-05 5.14439e-05 -1
v 0.00733164 0.00814257 5.11652e-08 0.8 0.8 0.8
vn 5.42012e-05 6.4114e-05 -1
v 0.00547849 0.00948897 5.11652e-08 0.8 0.8 0.8
vn 3.96867e-05 7.39821e-05 -1
v 0.0033859 0.0104206 5.11652e-08 0.8 0.8 0.8
vn 2.34377e-05 8.06167e-05 -1
v 0.00114534 0.0108969 5.11652e-08 0.8 0.8 0.8
vn 6.16441e-06 8.3728e-05 -1
v -0.00114528 0.0108969 5.11652e-08 0.8 0.8 0.8
vn -1.13783e-05 8.318e-05 -1
v -0.00338584 0.0104206 5.11652e-08 0.8 0.8 0.8
vn -2.84238e-05 7.89966e-05 -1
v -0.00547843 0.00948897 5.11652e-08 0.8 0.8 0.8
vn -4.4227e-05 7.13607e-05 -1
v -0.00733158 0.00814257 5.11652e-08 0.8 0.8 0.8
vn -5.80972e-05 6.0606e-05 -1
v -0.0088643 0.00644031 5.11652e-08 0.8 0.8 0.8
vn -6.94284e-05 4.72025e-05 -1
v -0.0100096 0.00445658 5.11652e-08 0.8 0.8 0.8
vn -7.77252e-05 3.17361e-05 -1
v -0.0107174 0.00227807 5.11652e-08 0.8 0.8 0.8
vn -8.2625e-05 1.48826e-05 -1
v -0.0109569 8.99668e-10 5.11652e-08 0.8 0.8 0.8
vn -8.39137e-05 -2.62132e-06 -1
v -0.0107174 -0.00227807 5.11652e-08 0.8 0.8 0.8
vn -8.1535e-05 -2.00107e-05 -1
v -0.0100096 -0.00445658 5.11652e-08 0.8 0.8 0.8
vn -7.55928e-05 -3.65255e-05 -1
v -0.0088643 -0.00644031 5.11652e-08 0.8 0.8 0.8
vn -6.63468e-05 -5.14439e-05 -1
v -0.00733158 -0.00814257 5.11652e-08 0.8 0.8 0.8
vn -5.42012e-05 -6.4114e-05 -1
v -0.00547843 -0.00948897 5.11652e-08 0.8 0.8 0.8
vn -3.96867e-05 -7.39821e-05 -1
v -0.00338584 -0.0104206 5.11652e-08 0.8 0.8 0.8
vn -2.34377e-05 -8.06167e-05 -1
v -0.00114528 -0.0108969 5.11652e-08 0.8 0.8 0.8
vn -6.16441e-06 -8.3728e-05 -1
v 0.00114534 -0.0108969 5.11652e-08 0.8 0.8 0.8
vn 1.13783e-05 -8.318e-05 -1
v 0.0033859 -0.0104206 5.11652e-08 0.8 0.8 0.8
vn 2.84238e-05 -7.89966e-05 -1
v 0.00547849 -0.00948897 5.11652e-08 0.8 0.8 0.8
vn 4.4227e-05 -7.13607e-05 -1
v 0.00733164 -0.00814257 5.11652e-08 0.8 0.8 0.8
vn 5.80972e-05 -6.0606e-05 -1
v 0.00886436 -0.00644031 5.11652e-08 0.8 0.8 0.8
vn 6.94284e-05 -4.72025e-05 -1
v 0.0100097 -0.00445658 5.11652e-08 0.8 0.8 0.8
vn 7.77252e-05 -3.17361e-05 -1
v 0.0107175 -0.00227807 5.11652e-08 0.8 0.8 0.8
vn 8.2625e-05 -1.48826e-05 -1
v 0.00876556 8.99668e-10 4.77336e-09 0.8 0.8 0.8
vn 1.24186e-05 4.36283e-07 -1
v 0.00857401 0.00182246 4.77336e-09 0.8 0.8 0.8
vn 1.20565e-05 3.00873e-06 -1
v 0.00800774 0.00356526 4.77336e-09 0.8 0.8 0.8
vn 1.11675e-05 5.44967e-06 -1
v 0.00709149 0.00515225 4.77336e-09 0.8 0.8 0.8
vn 9.79043e-06 7.65244e-06 -1
v 0.00586532 0.00651406 4.77336e-09 0.8 0.8 0.8
vn 7.98546e-06 9.52076e-06 -1
v 0.0043828 0.00759117 4.77336e-09 0.8 0.8 0.8
vn 5.83148e-06 1.0973e-05 -1
v 0.00270873 0.00833652 4.77336e-09 0.8 0.8 0.8
vn 3.42263e-06 1.19456e-05 -1
v 0.000916278 0.00871751 4.77336e-09 0.8 0.8 0.8
vn 8.64206e-07 1.23962e-05 -1
v -0.000916217 0.00871751 4.77336e-09 0.8 0.8 0.8
vn -1.73199e-06 1.2305e-05 -1
v -0.00270867 0.00833652 4.77336e-09 0.8 0.8 0.8
vn -4.25249e-06 1.1676e-05 -1
v -0.00438273 0.00759117 4.77336e-09 0.8 0.8 0.8
vn -6.58714e-06 1.05367e-05 -1
v -0.00586525 0.00651406 4.77336e-09 0.8 0.8 0.8
vn -8.6339e-06 8.9369e-06 -1
v -0.00709143 0.00515225 4.77336e-09 0.8 0.8 0.8
vn -1.03033e-05 6.94652e-06 -1
v -0.00800768 0.00356526 4.77336e-09 0.8 0.8 0.8
vn -1.15224e-05 4.65254e-06 -1
v -0.00857395 0.00182246 4.77336e-09 0.8 0.8 0.8
vn -1.22379e-05 2.15523e-06 -1
v -0.0087655 8.99668e-10 4.77336e-09 0.8 0.8 0.8
vn -1.24186e-05 -4.36283e-07 -1
v -0.00857395 -0.00182246 4.77336e-09 0.8 0.8 0.8
vn -1.20565e-05 -3.00873e-06 -1
v -0.00800768 -0.00356526 4.77336e-09 0.8 0.8 0.8
vn -1.11675e-05 -5.44967e-06 -1
v -0.00709143 -0.00515225 4.77336e-09 0.8 0.8 0.8
vn -9.79043e-06 -7.65244e-06 -1
v -0.00586525 -0.00651406 4.77336e-09 0.8 0.8 0.8
vn -7.98546e-06 -9.52076e-06 -1
v -0.00438274 -0.00759117 4.77336e-09 0.8 0.8 0.8
vn -5.83148e-06 -1.0973e-05 -1
v -0.00270867 -0.00833651 4.77336e-09 0.8 0.8 0.8
vn -3.42263e-06 -1.19456e-05 -1
v -0.000916217 -0.00871751 4.77336e-09 0.8 0.8 0.8
vn -8.64206e-07 -1.23962e-05 -1
v 0.000916278 -0.00871751 4.77336e-09 0.8 0.8 0.8
vn 1.73199e-06 -1.2305e-05 -1
v 0.00270873 -0.00833651 4.77336e-09 0.8 0.8 0.8
vn 4.25249e-06 -1.1676e-05 -1
v 0.0043828 -0.00759117 4.77336e-09 0.8 0.8 0.8
vn 6.58714e-06 -1.05367e-05 -1
v 0.00586532 -0.00651406 4.77336e-09 0.8 0.8 0.8
vn 8.6339e-06 -8.9369e-06 -1
v 0.00709149 -0.00515225 4.77336e-09 0.8 0.8 0.8
vn 1.03033e-05 -6.94652e-06 -1
v 0.00800774 -0.00356526 4.77336e-09 0.8 0.8 0.8
vn 1.15224e-05 -4.65254e-06 -1
v 0.00857401 -0.00182246 4.77336e-09 0.8 0.8 0.8
vn 1.22379e-05 -2.15523e-06 -1
v 0.00657418 8.99668e-10 2.24248e-10 0.8 0.8 0.8
vn 1.19815e-06 4.73069e-08 -1
v 0.00643052 0.00136684 2.24248e-10 0.8 0.8 0.8
vn 1.16213e-06 2.95383e-07 -1
v 0.00600581 0.00267395 2.24248e-10 0.8 0.8 0.8
vn 1.07532e-06 5.30549e-07 -1
v 0.00531863 0.00386419 2.24248e-10 0.8 0.8 0.8
vn 9.41519e-07 7.42528e-07 -1
v 0.00439899 0.00488554 2.24248e-10 0.8 0.8 0.8
vn 7.66564e-07 9.22055e-07 -1
v 0.0032871 0.00569338 2.24248e-10 0.8 0.8 0.8
vn 5.58107e-07 1.06128e-06 -1
v 0.00203155 0.00625239 2.24248e-10 0.8 0.8 0.8
vn 3.25258e-07 1.15413e-06 -1
v 0.000687216 0.00653814 2.24248e-10 0.8 0.8 0.8
vn 7.81933e-08 1.19653e-06 -1
v -0.000687155 0.00653814 2.24248e-10 0.8 0.8 0.8
vn -1.72289e-07 1.18664e-06 -1
v -0.00203149 0.00625239 2.24248e-10 0.8 0.8 0.8
vn -4.15241e-07 1.12489e-06 -1
v -0.00328704 0.00569338 2.24248e-10 0.8 0.8 0.8
vn -6.40045e-07 1.01398e-06 -1
v -0.00439893 0.00488554 2.24248e-10 0.8 0.8 0.8
vn -8.36876e-07 8.58746e-07 -1
v -0.00531857 0.00386419 2.24248e-10 0.8 0.8 0.8
vn -9.97132e-07 6.65984e-07 -1
v -0.00600575 0.00267395 2.24248e-10 0.8 0.8 0.8
vn -1.11381e-06 4.44115e-07 -1
v -0.00643046 0.00136684 2.24248e-10 0.8 0.8 0.8
vn -1.18181e-06 2.02837e-07 -1
v -0.00657412 8.99668e-10 2.24248e-10 0.8 0.8 0.8
vn -1.19815e-06 -4.73069e-08 -1
v -0.00643046 -0.00136684 2.24248e-10 0.8 0.8 0.8
vn -1.16213e-06 -2.95383e-07 -1
v -0.00600575 -0.00267395 2.24248e-10 0.8 0.8 0.8
vn -1.07532e-06 -5.30549e-07 -1
v -0.00531857 -0.00386419 2.24248e-10 0.8 0.8 0.8
vn -9.41519e-07 -7.42528e-07 -1
v -0.00439893 -0.00488554 2.24248e-10 0.8 0.8 0.8
vn -7.66564e-07 -9.22055e-07 -1
v -0.00328704 -0.00569338 2.24248e-10 0.8 0.8 0.8
vn -5.58107e-07 -1.06128e-06 -1
v -0.00203149 -0.00625239 2.24248e-10 0.8 0.8 0.8
vn -3.25258e-07 -1.15413e-06 -1
v -0.000687155 -0.00653813 2.24248e-10 0.8 0.8 0.8
vn -7.81933e-08 -1.19653e-06 -1
v 0.000687216 -0.00653813 2.24248e-10 0.8 0.8 0.8
vn 1.72289e-07 -1.18664e-06 -1
v 0.00203155 -0.00625239 2.24248e-10 0.8 0.8 0.8
vn 4.15241e-07 -1.12489e-06 -1
v 0.0032871 -0.00569338 2.24248e-10 0.8 0.8 0.8
vn 6.40045e-07 -1.01398e-06 -1
v 0.00439899 -0.00488554 2.24248e-10 0.8 0.8 0.8
vn 8.36876e-07 -8.58746e-07 -1
v 0.00531863 -0.00386419 2.24248e-10 0.8 0.8 0.8
vn 9.97132e-07 -6.65984e-07 -1
v 0.00600581 -0.00267395 2.24248e-10 0.8 0.8 0.8
vn 1.11381e-06 -4.44115e-07 -1
v 0.00643052 -0.00136684 2.24248e-10 0.8 0.8 0.8
vn 1.18181e-06 -2.02837e-07 -1
v 0.0043828 8.99668e-10 3.0122e-12 0.8 0.8 0.8
vn 5.9464e-08 2.64072e-09 -1
v 0.00428702 0.000911229 3.0122e-12 0.8 0.8 0.8
vn 5.76155e-08 1.49463e-08 -1
v 0.00400389 0.00178263 3.0122e-12 0.8 0.8 0.8
vn 5.3249e-08 2.65986e-08 -1
v 0.00354576 0.00257613 3.0122e-12 0.8 0.8 0.8
vn 4.65552e-08 3.70884e-08 -1
v 0.00293267 0.00325703 3.0122e-12 0.8 0.8 0.8
vn 3.78267e-08 4.59573e-08 -1
v 0.00219141 0.00379559 3.0122e-12 0.8 0.8 0.8
vn 2.74451e-08 5.28177e-08 -1
v 0.00135438 0.00416826 3.0122e-12 0.8 0.8 0.8
vn 1.58639e-08 5.73696e-08 -1
v 0.000458155 0.00435876 3.0122e-12 0.8 0.8 0.8
vn 3.58943e-09 5.94143e-08 -1
v -0.000458093 0.00435876 3.0122e-12 0.8 0.8 0.8
vn -8.84193e-09 5.88622e-08 -1
v -0.00135432 0.00416826 3.0122e-12 0.8 0.8 0.8
vn -2.08869e-08 5.57376e-08 -1
v -0.00219135 0.00379559 3.0122e-12 0.8 0.8 0.8
vn -3.20189e-08 5.0177e-08 -1
v -0.00293261 0.00325703 3.0122e-12 0.8 0.8 0.8
vn -4.17516e-08 4.24234e-08 -1
v -0.0035457 0.00257613 3.0122e-12 0.8 0.8 0.8
vn -4.96596e-08 3.28157e-08 -1
v -0.00400382 0.00178263 3.0122e-12 0.8 0.8 0.8
vn -5.53971e-08 2.17738e-08 -1
v -0.00428696 0.000911229 3.0122e-12 0.8 0.8 0.8
vn -5.87136e-08 9.78024e-09 -1
v -0.00438273 8.99668e-10 3.0122e-12 0.8 0.8 0.8
vn -5.9464e-08 -2.64072e-09 -1
v -0.00428696 -0.000911227 3.0122e-12 0.8 0.8 0.8
vn -5.76155e-08 -1.49463e-08 -1
v -0.00400382 -0.00178263 3.0122e-12 0.8 0.8 0.8
vn -5.3249e-08 -2.65986e-08 -1
v -0.0035457 -0.00257612 3.0122e-12 0.8 0.8 0.8
vn -4.65552e-08 -3.70884e-08 -1
v -0.00293261 -0.00325703 3.0122e-12 0.8 0.8 0.8
vn -3.78267e-08 -4.59573e-08 -1
v -0.00219135 -0.00379559 3.0122e-12 0.8 0.8 0.8
vn -2.74451e-08 -5.28177e-08 -1
v -0.00135432 -0.00416826 3.0122e-12 0.8 0.8 0.8
vn -1.58639e-08 -5.73696e-08 -1
v -0.000458093 -0.00435876 3.0122e-12 0.8 0.8 0.8
vn -3.58943e-09 -5.94143e-08 -1
v 0.000458154 -0.00435876 3.0122e-12 0.8 0.8 0.8
vn 8.84193e-09 -5.88622e-08 -1
v 0.00135438 -0.00416826 3.0122e-12 0.8 0.8 0.8
vn 2.08869e-08 -5.57376e-08 -1
v 0.00219141 -0.00379559 3.0122e-12 0.8 0.8 0.8
vn 3.20189e-08 -5.0177e-08 -1
v 0.00293267 -0.00325703 3.0122e-12 0.8 0.8 0.8
vn 4.17516e-08 -4.24234e-08 -1
v 0.00354576 -0.00257612 3.0122e-12 0.8 0.8 0.8
vn 4.96596e-08 -3.28157e-08 -1
v 0.00400389 -0.00178263 3.0122e-12 0.8 0.8 0.8
vn 5.53971e-08 -2.17738e-08 -1
v 0.00428702 -0.000911227 3.0122e-12 0.8 0.8 0.8
vn 5.87136e-08 -9.78024e-09 -1
v 0.00219141 8.99668e-10 1.88738e-15 0.8 0.8 0.8
vn 9.16091e-10 4.81274e-11 -1
v 0.00214353 0.000455615 1.88738e-15 0.8 0.8 0.8
vn 8.86066e-10 2.37542e-10 -1
v 0.00200196 0.000891317 1.88738e-15 0.8 0.8 0.8
vn 8.17315e-10 4.16574e-10 -1
v 0.0017729 0.00128806 1.88738e-15 0.8 0.8 0.8
vn 7.12844e-10 5.774e-10 -1
v 0.00146635 0.00162852 1.88738e-15 0.8 0.8 0.8
vn 5.77219e-10 7.12992e-10 -1
v 0.00109572 0.00189779 1.88738e-15 0.8 0.8 0.8
vn 4.16366e-10 8.17422e-10 -1
v 0.000677205 0.00208413 1.88738e-15 0.8 0.8 0.8
vn 2.37316e-10 8.86126e-10 -1
v 0.000229093 0.00217938 1.88738e-15 0.8 0.8 0.8
vn 4.78938e-11 9.16103e-10 -1
v -0.000229031 0.00217938 1.88738e-15 0.8 0.8 0.8
vn -1.43621e-10 9.06042e-10 -1
v -0.000677144 0.00208413 1.88738e-15 0.8 0.8 0.8
vn -3.28859e-10 8.56382e-10 -1
v -0.00109566 0.00189779 1.88738e-15 0.8 0.8 0.8
vn -4.99725e-10 7.69294e-10 -1
v -0.00146629 0.00162852 1.88738e-15 0.8 0.8 0.8
vn -6.4875e-10 6.48585e-10 -1
v -0.00177284 0.00128806 1.88738e-15 0.8 0.8 0.8
vn -7.69422e-10 4.99529e-10 -1
v -0.0020019 0.000891317 1.88738e-15 0.8 0.8 0.8
vn -8.56466e-10 3.28641e-10 -1
v -0.00214347 0.000455615 1.88738e-15 0.8 0.8 0.8
vn -9.06078e-10 1.4339e-10 -1
v -0.00219135 8.99668e-10 1.88738e-15 0.8 0.8 0.8
vn -9.16091e-10 -4.81274e-11 -1
v -0.00214347 -0.000455613 1.88738e-15 0.8 0.8 0.8
vn -8.86066e-10 -2.37542e-10 -1
v -0.0020019 -0.000891315 1.88738e-15 0.8 0.8 0.8
vn -8.17315e-10 -4.16574e-10 -1
v -0.00177284 -0.00128806 1.88738e-15 0.8 0.8 0.8
vn -7.12844e-10 -5.774e-10 -1
v -0.00146629 -0.00162851 1.88738e-15 0.8 0.8 0.8
vn -5.77219e-10 -7.12992e-10 -1
v -0.00109566 -0.00189779 1.88738e-15 0.8 0.8 0.8
vn -4.16366e-10 -8.17422e-10 -1
v -0.000677144 -0.00208413 1.88738e-15 0.8 0.8 0.8
vn -2.37316e-10 -8.86126e-10 -1
v -0.000229031 -0.00217938 1.88738e-15 0.8 0.8 0.8
vn -4.78938e-11 -9.16103e-10 -1
v 0.000229092 -0.00217938 1.88738e-15 0.8 0.8 0.8
vn 1.43621e-10 -9.06042e-10 -1
v 0.000677205 -0.00208413 1.88738e-15 0.8 0.8 0.8
vn 3.28859e-10 -8.56382e-10 -1
v 0.00109572 -0.00189779 1.88738e-15 0.8 0.8 0.8
vn 4.99725e-10 -7.69294e-10 -1
v 0.00146635 -0.00162851 1.88738e-15 0.8 0.8 0.8
vn 6.4875e-10 -6.48585e-10 -1
v 0.0017729 -0.00128806 1.88738e-15 0.8 0.8 0.8
vn 7.69422e-10 -4.99529e-10 -1
v 0.00200196 -0.000891315 1.88738e-15 0.8 0.8 0.8
vn 8.56466e-10 -3.28641e-10 -1
v 0.00214353 -0.000455613 1.88738e-15 0.8 0.8 0.8
vn 9.06078e-10 -1.4339e-10 -1
v 3.06332e-08 8.99668e-10 0 0.8 0.8 0.8
vn 8.61273e-13 9.05235e-14 -1
v 3.06332e-08 8.99668e-10 0 0.8 0.8 0.8
vn 8.23631e-13 2.67614e-13 -1
v 3.06332e-08 8.99668e-10 0 0.8 0.8 0.8
vn 7.49993e-13 4.33009e-13 -1
v 3.06332e-08 8.99668e-10 0 0.8 0.8 0.8
vn 6.43576e-13 5.79479e-13 -1
v 3.06332e-08 8.99668e-10 0 0.8 0.8 0.8
vn 5.09032e-13 7.00623e-13 -1
v 3.06332e-08 8.99668e-10 0 0.8 0.8 0.8
vn 3.52241e-13 7.91146e-13 -1
v 3.06332e-08 8.99668e-10 0 0.8 0.8 0.8
vn 1.80055e-13 8.47093e-13 -1
v 3.06332e-08 8.99668e-10 0 0.8 0.8 0.8
vn 2.91488e-20 8.66017e-13 -1
v 3.06332e-08 8.99668e-10 0 0.8 0.8 0.8
vn -1.80055e-13 8.47093e-13 -1
v 3.06332e-08 8.99668e-10 0 0.8 0.8 0.8
vn -3.52241e-13 7.91146e-13 -1
v 3.06332e-08 8.99668e-10 0 0.8 0.8 0.8
vn -5.09032e-13 7.00623e-13 -1
v 3.06332e-08 8.99668e-10 0 0.8 0.8 0.8
vn -6.43576e-13 5.79479e-13 -1
v 3.06332e-08 8.99668e-10 0 0.8 0.8 0.8
vn -7.49993e-13 4.33009e-13 -1
v 3.06332e-08 8.99668e-10 0 0.8 0.8 0.8
vn -8.23631e-13 2.67614e-13 -1
v 3.06332e-08 8.99668e-10 0 0.8 0.8 0.8
vn -8.61273e-13 9.05235e-14 -1
v 3.06332e-08 8.99668e-10 0 0.8 0.8 0.8
vn -8.61273e-13 -9.05235e-14 -1
v 3.06332e-08 8.99668e-10 0 0.8 0.8 0.8
vn -8.23631e-13 -2.67614e-13 -1
v 3.06332e-08 8.99668e-10 0 0.8 0.8 0.8
vn -7.49993e-13 -4.33009e-13 -1
v 3.06332e-08 8.99668e-10 0 0.8 0.8 0.8
vn -6.43576e-13 -5.79479e-13 -1
v 3.06332e-08 8.99668e-10 0 0.8 0.8 0.8
vn -5.09032e-13 -7.00623e-13 -1
v 3.06332e-08 8.99668e-10 0 0.8 0.8 0.8
vn -3.52241e-13 -7.91146e-13 -1
v 3.06332e-08 8.99668e-10 0 0.8 0.8 0.8
vn -1.80055e-13 -8.47093e-13 -1
v 3.06332e-08 8.99668e-10 0 0.8 0.8 0.8
vn -2.91488e-20 -8.66017e-13 -1
v 3.06332e-08 8.99668e-10 0 0.8 0.8 0.8
vn 1.80055e-13 -8.47093e-13 -1
v 3.06332e-08 8.99668e-10 0 0.8 0.8 0.8
vn 3.52241e-13 -7.91146e-13 -1
v 3.06332e-08 8.99668e-10 0 0.8 0.8 0.8
vn 5.09032e-13 -7.00623e-13 -1
v 3.06332e-08 8.99668e-10 0 0.8 0.8 0.8
vn 6.43576e-13 -5.79479e-13 -1
v 3.06332e-08 8.99668e-10 0 0.8 0.8 0.8
vn 7.49993e-13 -4.33009e-13 -1
v 3.06332e-08 8.99668e-10 0 0.8 0.8 0.8
vn 8.23631e-13 -2.67614e-13 -1
v 3.06332e-08 8.99668e-10 0 0.8 0.8 0.8
vn 8.61273e-13 -9.05235e-14 -1
f 2//2 31//31 1//1
f 32//32 31//31 2//2
f 3//3 32//32 2//2
f 33//33 32//32 3//3
f 4//4 33//33 3//3
f 34//34 33//33 4//4
f 5//5 34//34 4//4
f 35//35 34//34 5//5
f 6//6 35//35 5//5
f 36//36 35//35 6//6
f 7//7 36//36 6//6
f 37//37 36//36 7//7
f 8//8 37//37 7//7
f 38//38 37//37 8//8
f 9//9 38//38 8//8
f 39//39 38//38 9//9
f 10//10 39//39 9//9
f 40//40 39//39 10//10
f 11//11 40//40 10//10
f 41//41 40//40 11//11
f 12//12 41//41 11//11
f 42//42 41//41 12//12
f 13//13 42//42 12//12
f 43//43 42//42 13//13
f 14//14 43//43 13//13
f 44//44 43//43 14//14
f 15//15 44//44 14//14
f 45//45 44//44 15//15
f 16//16 45//45 15//15
f 46//46 45//45 16//16
f 17//17 46//46 16//16
f 47//47 46//46 17//17
f 18//18 47//47 17//17
f 48//48 47//47 18//18
f 19//19 48//48 18//18
f 49//49 48//48 19//19
f 20//20 49//49 19//19
f 50//50 49//49 20//20
f 21//21 50//50 20//20
f 51//51 50//50 21//21
f 22//22 51//51 21//21
f 52//52 51//51 22//22
f 23//23 52//52 22//22
f 53//53 52//52 23//23
f 24//24 53//53 23//23
f 54//54 53//53 24//24
f 25//25 54//54 24//24
f 55//55 54//54 25//25
f 26//26 55//55 25//25
f 56//56 55//55 26//26
f 27//27 56//56 26//26
f 57//57 56//56 27//27
f 28//28 57//57 27//27
f 58//58 57//57 28//28
f 29//29 58//58 28//28
f 59//59 58//58 29//29
f 30//30 59//59 29//29
f 60//60 59//59 30//30
f 1//1 60//60 30//30
f 31//31 60//60 1//1
f 32//32 61//61 31//31
f 62//62 61//61 32//32
f 33//33 62//62 32//32
f 63//63 62//62 33//33
f 34//34 63//63 33//33
f 64//64 63//63 34//34
f 35//35 64//64 34//34
f 65//65 64//64 35//35
f 36//36 65//65 35//35
f 66//66 65//65 36//36
f 37//37 66//66 36//36
f 67//67 66//66 37//37
f 38//38 67//67 37//37
f 68//68 67//67 38//38
f 39//39 68//68 38//38
f 69//69 68//68 39//39
f 40//40 69//69 39//39
f 70//70 69//69 40//40
f 41//41 70//70 40//40
f 71//71 70//70 41//41
f 42//42 71//71 41//41
f 72//72 71//71 42//42
f 43//43 72//72 42//42
f 73//73 72//72 43//43
f 44//44 73//73 43//43
f 74//74 73//73 44//44
f 45//45 74//74 44//44
f 75//75 74//74 45//45
f 46//46 75//75 45//45
f 76//76 75//75 46//46
f 47//47 76//76 46//46
f 77//77 76//76 47//47
f 48//48 77//77 47//47
f 78//78 77//77 48//48
f 49//49 78//78 48//48
f 79//79 78//78 49//49
f 50//50 79//79 49//49
f 80//80 79//79 50//50
f 51//51 80//80 50//50
f 81//81 80//80 51//51
f 52//52 81//81 51//51
f 82//82 81//81 52//52
f 53//53 82//82 52//52
f 83//83 82//82 53//53
f 54//54 83//83 53//53
f 84//84 83//83 54//54
f 55//55 84//84 54//54
f 85//85 84//84 55//55
f 56//56 85//85 55//55
f 86//86 85//85 56//56
f 57//57 86//86 56//56
f 87//87 86//86 57//57
f 58//58 87//87 57//57
f 88//88 87//87 58//58
f 59//59 88//88 58//58
f 89//89 88//88 59//59
f 60//60 89//89 59//59
f 90//90 89//89 60//60
f 31//31 90//90 60//60
f 61//61 90//90 31//31
f 62//62 91//91 61//61
f 92//92 91//91 62//62
f 63//63 92//92 62//62
f 93//93 92//92 63//63
f 64//64 93//93 63//63
f 94//94 93//93 64//64
f 65//65 94//94 64//64
f 95//95 94//94 65//65
f 66//66 95//95 65//65
f 96//96 95//95 66//66
f 67//67 96//96 66//66
f 97//97 96//96 67//67
f 68//68 97//97 67//67
f 98//98 97//97 68//68
f 69//69 98//98 68//68
f 99//99 98//98 69//69
f 70//70 99//99 69//69
f 100//100 99//99 70//70
f 71//71 100//100 70//70
f 101//101 100//100 71//71
f 72//72 101//101 71//71
f 102//102 101//101 72//72
f 73//73 102//102 72//72
f 103//103 102//102 73//73
f 74//74 103//103 73//73
f 104//104 103//103 74//74
f 75//75 104//104 74//74
f 105//105 104//104 75//75
f 76//76 105//105 75//75
f 106//106 105//105 76//76
f 77//77 106//106 76//76
f 107//107 106//106 77//77
f 78//78 107//107 77//77
f 108//108 107//107 78//78
f 79//79 108//108 78//78
f 109//109 108//108 79//79
f 80//80 109//109 79//79
f 110//110 109//109 80//80
f 81//81 110//110 80//80
f 111//111 110//110 81//81
f 82//82 111//111 81//81
f 112//112 111//111 82//82
f 83//83 112//112 82//82
f 113//113 112//112 83//83
f 84//84 113//113 83//83
f 114//114 113//113 84//84
f 85//85 114//114 84//84
f 115//115 114//114 85//85
f 86//86 115//115 85//85
f 116//116 115//115 86//86
f 87//87 116//116 86//86
f 117//117 116//116 87//87
f 88//88 117//117 87//87
f 118//118 117//117 88//88
f 89//89 118//118 88//88
f 119//119 118//118 89//89
f 90//90 119//119 89//89
f 120//120 119//119 90//90
f 61//61 120//120 90//90
f 91//91 120//120 61//61
f 92//92 121//121 91//91
f 122//122 121//121 92//92
f 93//93 122//122 92//92
f 123//123 122//122 93//93
f 94//94 123//123 93//93
f 124//124 123//123 94//94
f 95//95 124//124 94//94
f 125//125 124//124 95//95
f 96//96 125//125 95//95
f 126//126 125//125 96//96
f 97//97 126//126 96//96
f 127//127 126//126 97//97
f 98//98 127//127 97//97
f 128//128 127//127 98//98
f 99//99 128//128 98//98
f 129//129 128//128 99//99
f 100//100 129//129 99//99
f 130//130 129//129 100//100
f 101//101 130//130 100//100
f 131//131 130//130 101//101
f 102//102 131//131 101//101
f 132//132 131//131 102//102
f 103//103 132//132 102//102
f 133//133 132//132 103//103
f 104//104 133//133 103//103
f 134//134 133//133 104//104
f 105//105 134//134 104//104
f 135//135 134//134 105//105
f 106//106 135//135 105//105
f 136//136 135//135 106//106
f 107//107 136//136 106//106
f 137//137 136//136 107//107
f 108//108 137//137 107//107
f 138//138 137//137 108//108
f 109//109 138//138 108//108
f 139//139 138//138 109//109
f 110//110 139//139 109//109
f 140//140 139//139 110//110
f 111//111 140//140 110//110
f 141//141 140//140 111//111
f 112//112 141//141 111//111
f 142//142 141//141 112//112
f 113//113 142//142 112//112
f 143//143 142//142 113//113
f 114//114 143//143 113//113
f 144//144 143//143 114//114
f 115//115 144//144 114//114
f 145//145 144//144 115//115
f 116//116 145//145 115//115
f 146//146 145//145 116//116
f 117//117 146//146 116//116
f 147//147 146//146 117//117
f 118//118 147//147 117//117
f 148//148 147//147 118//118
f 119//119 148//148 118//118
f 149//149 148//148 119//119
f 120//120 149//149 119//119
f 150//150 149//149 120//120
f 91//91 150//150 120//120
f 121//121 150//150 91//91
f 122//122 151//151 121//121
f 152//152 151//151 122//122
f 123//123 152//152 122//122
f 153//153 152//152 123//123
f 124//124 153//153 123//123
f 154//154 153//153 124//124
f 125//125 154//154 124//124
f 155//155 154//154 125//125
f 126//126 155//155 125//125
f 156//156 155//155 126//126
f 127//127 156//156 126//126
f 157//157 156//156 127//127
f 128//128 157//157 127//127
f 158//158 157//157 128//128
f 129//129 158//158 128//128
f 159//159 158//158 129//129
f 130//130 159//159 129//129
f 160//160 159//159 130//130
f 131//131 160//160 130//130
f 161//161 160//160 131//131
f 132//132 161//161 131//131
f 162//162 161//161 132//132
f 133//133 162//162 132//132
f 163//163 162//162 133//133
f 134//134 163//163 133//133
f 164//164 163//163 134//134
f 135//135 164//164 134//134
f 165//165 164//164 135//135
f 136//136 165//165 135//135
f 166//166 165//165 136//136
f 137//137 166//166 136//136
f 167//167 166//166 137//137
f 138//138 167//167 137//137
f 168//168 167//167 138//138
f 139//139 168//168 138//138
f 169//169 168//168 139//139
f 140//140 169//169 139//139
f 170//170 169//169 140//140
f 141//141 170//170 140//140
f 171//171 170//170 141//141
f 142//142 171//171 141//141
f 172//172 171//171 142//142
f 143//143 172//172 142//142
f 173//173 172//172 143//143
f 144//144 173//173 143//143
f 174//174 173//173 144//144
f 145//145 174//174 144//144
f 175//175 174//174 145//145
f 146//146 175//175 145//145
f 176//176 175//175 146//146
f 147//147 176//176 146//146
f 177//177 176//176 147//147
f 148//148 177//177 147//147
f 178//178 177//177 148//148
f 149//149 178//178 148//148
f 179//179 178//178 149//149
f 150//150 179//179 149//149
f 180//180 179//179 150//150
f 121//121 180//180 150//150
f 151//151 180//180 121//121
f 152//152 181//181 151//151
f 182//182 181//181 152//152
f 153//153 182//182 152//152
f 183//183 182//182 153//153
f 154//154 183//183 153//153
f 184//184 183//183 154//154
f 155//155 184//184 154//154
f 185//185 184//184 155//155
f 156//156 185//185 155//155
f 186//186 185//185 156//156
f 157//157 186//186 156//156
f 187//187 186//186 157//157
f 158//158 187//187 157//157
f 188//188 187//187 158//158
f 159//159 188//188 158//158
f 189//189 188//188 159//159
f 160//160 189//189 159//159
f 190//190 189//189 160//160
f 161//161 190//190 160//160
f 191//191 190//190 161//161
f 162//162 191//191 161//161
f 192//192 191//191 162//162
f 163//163 192//192 162//162
f 193//193 192//192 163//163
f 164//164 193//193 163//163
f 194//194 193//193 164//164
f 165//165 194//194 164//164
f 195//195 194//194 165//165
f 166//166 195//195 165//165
f 196//196 195//195 166//166
f 167//167 196//196 166//166
f 197//197 196//196 167//167
f 168//168 197//197 167//167
f 198//198 197//197 168//168
f 169//169 198//198 168//168
f 199//199 198//198 169//169
f 170//170 199//199 169//169
f 200//200 199//199 170//170
f 171//171 200//200 170//170
f 201//201 200//200 171//171
f 172//172 201//201 171//171
f 202//202 201//201 172//172
f 173//173 202//202 172//172
f 203//203 202//202 173//173
f 174//174 203//203 173//173
f 204//204 203//203 174//174
f 175//175 204//204 174//174
f 205//205 204//204 175//175
f 176//176 205//205 175//175
f 206//206 205//205 176//176
f 177//177 206//206 176//176
f 207//207 206//206 177//177
f 178//178 207//207 177//177
f 208//208 207//207 178//178
f 179//179 208//208 178//178
f 209//209 208//208 179//179
f 180//180 209//209 179//179
f 210//210 209//209 180//180
f 151//151 210//210 180//180
f 181//181 210//210 151//151
f 182//182 211//211 181//181
f 212//212 211//211 182//182
f 183//183 212//212 182//182
f 213//213 212//212 183//183
f 184//184 213//213 183//183
f 214//214 213//213 184//184
f 185//185 214//214 184//184
f 215//215 214//214 185//185
f 186//186 215//215 185//185
f 216//216 215//215 186//186
f 187//187 216//216 186//186
f 217//217 216//216 187//187
f 188//188 217//217 187//187
f 218//218 217//217 188//188
f 189//189 218//218 188//188
f 219//219 218//218 189//189
f 190//190 219//219 189//189
f 220//220 219//219 190//190
f 191//191 220//220 190//190
f 221//221 220//220 191//191
f 192//192 221//221 191//191
f 222//222 221//221 192//192
f 193//193 222//222 192//192
f 223//223 222//222 193//193
f 194//194 223//223 193//193
f 224//224 223//223 194//194
f 195//195 224//224 194//194
f 225//225 224//224 195//195
f 196//196 225//225 195//195
f 226//226 225//225 196//196
f 197//197 226//226 196//196
f 227//227 226//226 197//197
f 198//198 227//227 197//197
f 228//228 227//227 198//198
f 199//199 228//228 198//198
f 229//229 228//228 199//199
f 200//200 229//229 199//199
f 230//230 229//229 200//200
f 201//201 230//230 200//200
f 231//231 230//230 201//201
f 202//202 231//231 201//201
f 232//232 231//231 202//202
f 203//203 232//232 202//202
f 233//233 232//232 203//203
f 204//204 233//233 203//203
f 234//234 233//233 204//204
f 205//205 234//234 204//204
f 235//235 234//234 205//205
f 206//206 235//235 205//205
f 236//236 235//235 206//206
f 207//207 236//236 206//206
f 237//237 236//236 207//207
f 208//208 237//237 207//207
f 238//238 237//237 208//208
f 209//209 238//238 208//208
f 239//239 238//238 209//209
f 210//210 239//239 209//209
f 240//240 239//239 210//210
f 181//181 240//240 210//210
f 211//211 240//240 181//181
f 212//212 241//241 211//211
f 242//242 241//241 212//212
f 213//213 242//242 212//212
f 243//243 242//242 213//213
f 214//214 243//243 213//213
f 244//244 243//243 214//214
f 215//215 244//244 214//214
f 245//245 244//244 215//215
f 216//216 245//245 215//215
f 246//246 245//245 216//216
f 217//217 246//246 216//216
f 247//247 246//246 217//217
f 218//218 247//247 217//217
f 248//248 247//247 218//218
f 219//219 248//248 218//218
f 249//249 248//248 219//219
f 220//220 249//249 219//219
f 250//250 249//249 220//220
f 221//221 250//250 220//220
f 251//251 250//250 221//221
f 222//222 251//251 221//221
f 252//252 251//251 222//222
f 223//223 252//252 222//222
f 253//253 252//252 223//223
f 224//224 253//253 223//223
f 254//254 253//253 224//224
f 225//225 254//254 224//224
f 255//255 254//254 225//225
f 226//226 255//255 225//225
f 256//256 255//255 226//226
f 227//227 256//256 226//226
f 257//257 256//256 227//227
f 228//228 257//257 227//227
f 258//258 257//257 228//228
f 229//229 258//258 228//228
f 259//259 258//258 229//229
f 230//230 259//259 229//229
f 260//260 259//259 230//230
f 231//231 260//260 230//230
f 261//261 260//260 231//231
f 232//232 261//261 231//231
f 262//262 261//261 232//232
f 233//233 262//262 232//232
f 263//263 262//262 233//233
f 234//234 263//263 233//233
f 264//264 263//263 234//234
f 235//235 264//264 234//234
f 265//265 264//264 235//235
f 236//236 265//265 235//235
f 266//266 265//265 236//236
f 237//237 266//266 236//236
f 267//267 266//266 237//237
f 238//238 267//267 237//237
f 268//268 267//267 238//238
f 239//239 268//268 238//238
f 269//269 268//268 239//239
f 240//240 269//269 239//239
f 270//270 269//269 240//240
f 211//211 270//270 240//240
f 241//241 270//270 211//211
f 242//242 271//271 241//241
f 272//272 271//271 242//242
f 243//243 272//272 242//242
f 273//273 272//272 243//243
f 244//244 273//273 243//243
f 274//274 273//273 244//244
f 245//245 274//274 244//244
f 275//275 274//274 245//245
f 246//246 275//275 245//245
f 276//276 275//275 246//246
f 247//247 276//276 246//246
f 277//277 276//276 247//247
f 248//248 277//277 247//247
f 278//278 277//277 248//248
f 249//249 278//278 248//248
f 279//279 278//278 249//249
f 250//250 279//279 249//249
f 280//280 279//279 250//250
f 251//251 280//280 250//250
f 281//281 280//280 251//251
f 252//252 281//281 251//251
f 282//282 281//281 252//252
f 253//253 282//282 252//252
f 283//283 282//282 253//253
f 254//254 283//283 253//253
f 284//284 283//283 254//254
f 255//255 284//284 254//254
f 285//285 284//284 255//255
f 256//256 285//285 255//255
f 286//286 285//285 256//256
f 257//257 286//286 256//256
f 287//287 286//286 257//257
f 258//258 287//287 257//257
f 288//288 287//287 258//258
f 259//259 288//288 258//258
f 289//289 288//288 259//259
f 260//260 289//289 259//259
f 290//290 289//289 260//260
f 261//261 290//290 260//260
f 291//291 290//290 261//261
f 262//262 291//291 261//261
f 292//292 291//291 262//262
f 263//263 292//292 262//262
f 293//293 292//292 263//263
f 264//264 293//293 263//263
f 294//294 293//293 264//264
f 265//265 294//294 264//264
f 295//295 294//294 265//265
f 266//266 295//295 265//265
f 296//296 295//295 266//266
f 267//267 296//296 266//266
f 297//297 296//296 267//267
f 268//268 297//297 267//267
f 298//298 297//297 268//268
f 269//269 298//298 268//268
f 299//299 298//298 269//269
f 270//270 299//299 269//269
f 300//300 299//299 270//270
f 241//241 300//300 270//270
f 271//271 300//300 241//241
f 272//272 301//301 271//271
f 302//302 301//301 272//272
f 273//273 302//302 272//272
f 303//303 302//302 273//273
f 274//274 303//303 273//273
f 304//304 303//303 274//274
f 275//275 304//304 274//274
f 305//305 304//304 275//275
f 276//276 305//305 275//275
f 306//306 305//305 276//276
f 277//277 306//306 276//276
f 307//307 306//306 277//277
f 278//278 307//307 277//277
f 308//308 307//307 278//278
f 279//279 308//308 278//278
f 309//309 308//308 279//279
f 280//280 309//309 279//279
f 310//310 309//309 280//280
f 281//281 310//310 280//280
f 311//311 310//310 281//281
f 282//282 311//311 281//281
f 312//312 311//311 282//282
f 283//283 312//312 282//282
f 313//313 312//312 283//283
f 284//284 313//313 283//283
f 314//314 313//313 284//284
f 285//285 314//314 284//284
f 315//315 314//314 285//285
f 286//286 315//315 285//285
f 316//316 315//315 286//286
f 287//287 316//316 286//286
f 317//317 316//316 287//287
f 288//288 317//317 287//287
f 318//318 317//317 288//288
f 289//289 318//318 288//288
f 319//319 318//318 289//289
f 290//290 319//319 289//289
f 320//320 319//319 290//290
f 291//291 320//320 290//290
f 321//321 320//320 291//291
f 292//292 321//321 291//291
f 322//322 321//321 292//292
f 293//293 322//322 292//292
f 323//323 322//322 293//293
f 294//294 323//323 293//293
f 324//324 323//323 294//294
f 295//295 324//324 294//294
f 325//325 324//324 295//295
f 296//296 325//325 295//295
f 326//326 325//325 296//296
f 297//297 326//326 296//296
f 327//327 326//326 297//297
f 298//298 327//327 297//297
f 328//328 327//327 298//298
f 299//299 328//328 298//298
f 329//329 328//328 299//299
f 300//300 329//329 299//299
f 330//330 329//329 300//300
f 271//271 330//330 300//300
f 301//301 330//330 271//271
f 302//302 331//331 301//301
f 332//332 331//331 302//302
f 303//303 332//332 302//302
f 333//333 332//332 303//303
f 304//304 333//333 303//303
f 334//334 333//333 304//304
f 305//305 334//334 304//304
f 335//335 334//334 305//305
f 306//306 335//335 305//305
f 336//336 335//335 306//306
f 307//307 336//336 306//306
f 337//337 336//336 307//307
f 308//308 337//337 307//307
f 338//338 337//337 308//308
f 309//309 338//338 308//308
f 339//339 338//338 309//309
f 310//310 339//339 309//309
f 340//340 339//339 310//310
f 311//311 340//340 310//310
f 341//341 340//340 311//311
f 312//312 341//341 311//311
f 342//342 341//341 312//312
f 313//313 342//342 312//312
f 343//343 342//342 313//313
f 314//314 343//343 313//313
f 344//344 343//343 314//314
f 315//315 344//344 314//314
f 345//345 344//344 315//315
f 316//316 345//345 315//315
f 346//346 345//345 316//316
f 317//317 346//346 316//316
f 347//347 346//346 317//317
f 318//318 347//347 317//317
f 348//348 347//347 318//318
f 319//319 348//348 318//318
f 349//349 348//348 319//319
f 320//320 349//349 319//319
f 350//350 349//349 320//320
f 321//321 350//350 320//320
f 351//351 350//350 321//321
f 322//322 351//351 321//321
f 352//352 351//351 322//322
f 323//323 352//352 322//322
f 353//353 352//352 323//323
f 324//324 353//353 323//323
f 354//354 353//353 324//324
f 325//325 354//354 324//324
f 355//355 354//354 325//325
f 326//326 355//355 325//325
f 356//356 355//355 326//326
f 327//327 356//356 326//326
f 357//357 356//356 327//327
f 328//328 357//357 327//327
f 358//358 357//357 328//328
f 329//329 358//358 328//328
f 359//359 358//358 329//329
f 330//330 359//359 329//329
f 360//360 359//359 330//330
f 301//301 360//360 330//330
f 331//331 360//360 301//301
f 332//332 361//361 331//331
f 362//362 361//361 332//332
f 333//333 362//362 332//332
f 363//363 362//362 333//333
f 334//334 363//363 333//333
f 364//364 363//363 334//334
f 335//335 364//364 334//334
f 365//365 364//364 335//335
f 336//336 365//365 335//335
f 366//366 365//365 336//336
f 337//337 366//366 336//336
f 367//367 366//366 337//337
f 338//338 367//367 337//337
f 368//368 367//367 338//338
f 339//339 368//368 338//338
f 369//369 368//368 339//339
f 340//340 369//369 339//339
f 370//370 369//369 340//340
f 341//341 370//370 340//340
f 371//371 370//370 341//341
f 342//342 371//371 341//341
f 372//372 371//371 342//342
f 343//343 372//372 342//342
f 373//373 372//372 343//343
f 344//344 373//373 343//343
f 374//374 373//373 344//344
f 345//345 374//374 344//344
f 375//375 374//374 345//345
f 346//346 375//375 345//345
f 376//376 375//375 346//346
f 347//347 376//376 346//346
f 377//377 376//376 347//347
f 348//348 377//377 347//347
f 378//378 377//377 348//348
f 349//349 378//378 348//348
f 379//379 378//378 349//349
f 350//350 379//379 349//349
f 380//380 379//379 350//350
f 351//351 380//380 350//350
f 381//381 380//380 351//351
f 352//352 381//381 351//351
f 382//382 381//381 352//352
f 353//353 382//382 352//352
f 383//383 382//382 353//353
f 354//354 383//383 353//353
f 384//384 383//383 354//354
f 355//355 384//384 354//354
f 385//385 384//384 355//355
f 356//356 385//385 355//355
f 386//386 385//385 356//356
f 357//357 386//386 356//356
f 387//387 386//386 357//357
f 358//358 387//387 357//357
f 388//388 387//387 358//358
f 359//359 388//388 358//358
f 389//389 388//388 359//359
f 360//360 389//389 359//359
f 390//390 389//389 360//360
f 331//331 390//390 360//360
f 361//361 390//390 331//331
f 362//362 391//391 361//361
f 392//392 391//391 362//362
f 363//363 392//392 362//362
f 393//393 392//392 363//363
f 364//364 393//393 363//363
f 394//394 393//393 364//364
f 365//365 394//394 364//364
f 395//395 394//394 365//365
f 366//366 395//395 365//365
f 396//396 395//395 366//366
f 367//367 396//396 366//366
f 397//397 396//396 367//367
f 368//368 397//397 367//367
f 398//398 397//397 368//368
f 369//369 398//398 368//368
f 399//399 398//398 369//369
f 370//370 399//399 369//369
f 400//400 399//399 370//370
f 371//371 400//400 370//370
f 401//401 400//400 371//371
f 372//372 401//401 371//371
f 402//402 401//401 372//372
f 373//373 402//402 372//372
f 403//403 402//402 373//373
f 374//374 403//403 373//373
f 404//404 403//403 374//374
f 375//375 404//404 374//374
f 405//405 404//404 375//375
f 376//376 405//405 375//375
f 406//406 405//405 376//376
f 377//377 406//406 376//376
f 407//407 406//406 377//377
f 378//378 407//407 377//377
f 408//408 407//407 378//378
f 379//379 408//408 378//378
f 409//409 408//408 379//379
f 380//380 409//409 379//379
f 410//410 409//409 380//380
f 381//381 410//410 380//380
f 411//411 410//410 381//381
f 382//382 411//411 381//381
f 412//412 411//411 382//382
f 383//383 412//412 382//382
f 413//413 412//412 383//383
f 384//384 413//413 383//383
f 414//414 413//413 384//384
f 385//385 414//414 384//384
f 415//415 414//414 385//385
f 386//386 415//415 385//385
f 416//416 415//415 386//386
f 387//387 416//416 386//386
f 417//417 416//416 387//387
f 388//388 417//417 387//387
f 418//418 417//417 388//388
f 389//389 418//418 388//388
f 419//419 418//418 389//389
f 390//390 419//419 389//389
f 420//420 419//419 390//390
f 361//361 420//420 390//390
f 391//391 420//420 361//361
f 392//392 421//421 391//391
f 422//422 421//421 392//392
f 393//393 422//422 392//392
f 423//423 422//422 393//393
f 394//394 423//423 393//393
f 424//424 423//423 394//394
f 395//395 424//424 394//394
f 425//425 424//424 395//395
f 396//396 425//425 395//395
f 426//426 425//425 396//396
f 397//397 426//426 396//396
f 427//427 426//426 397//397
f 398//398 427//427 397//397
f 428//428 427//427 398//398
f 399//399 428//428 398//398
f 429//429 428//428 399//399
f 400//400 429//429 399//399
f 430//430 429//429 400//400
f 401//401 430//430 400//400
f 431//431 430//430 401//401
f 402//402 431//431 401//401
f 432//432 431//431 402//402
f 403//403 432//432 402//402
f 433//433 432//432 403//403
f 404//404 433//433 403//403
f 434//434 433//433 404//404
f 405//405 434//434 404//404
f 435//435 434//434 405//405
f 406//406 435//435 405//405
f 436//436 435//435 406//406
f 407//407 436//436 406//406
f 437//437 436//436 407//407
f 408//408 437//437 407//407
f 438//438 437//437 408//408
f 409//409 438//438 408//408
f 439//439 438//438 409//409
f 410//410 439//439 409//409
f 440//440 439//439 410//410
f 411//411 440//440 410//410
f 441//441 440//440 411//411
f 412//412 441//441 411//411
f 442//442 441//441 412//412
f 413//413 442//442 412//412
f 443//443 442//442 413//413
f 414//414 443//443 413//413
f 444//444 443//443 414//414
f 415//415 444//444 414//414
f 445//445 444//444 415//415
f 416//416 445//445 415//415
f 446//446 445//445 416//416
f 417//417 446//446 416//416
f 447//447 446//446 417//417
f 418//418 447//447 417//417
f 448//448 447//447 418//418
f 419//419 448//448 418//418
f 449//449 448//448 419//419
f 420//420 449//449 419//419
f 450//450 449//449 420//420
f 391//391 450//450 420//420
f 421//421 450//450 391//391
f 422//422 451//451 421//421
f 452//452 451//451 422//422
f 423//423 452//452 422//422
f 453//453 452//452 423//423
f 424//424 453//453 423//423
f 454//454 453//453 424//424
f 425//425 454//454 424//424
f 455//455 454//454 425//425
f 426//426 455//455 425//425
f 456//456 455//455 426//426
f 427//427 456//456 426//426
f 457//457 456//456 427//427
f 428//428 457//457 427//427
f 458//458 457//457 428//428
f 429//429 458//458 428//428
f 459//459 458//458 429//429
f 430//430 459//459 429//429
f 460//460 459//459 430//430
f 431//431 460//460 430//430
f 461//461 460//460 431//431
f 432//432 461//461 431//431
f 462//462 461//461 432//432
f 433//433 462//462 432//432
f 463//463 462//462 433//433
f 434//434 463//463 433//433
f 464//464 463//463 434//434
f 435//435 464//464 434//434
f 465//465 464//464 435//435
f 436//436 465//465 435//435
f 466//466 465//465 436//436
f 437//437 466//466 436//436
f 467//467 466//466 437//437
f 438//438 467//467 437//437
f 468//468 467//467 438//438
f 439//439 468//468 438//438
f 469//469 468//468 439//439
f 440//440 469//469 439//439
f 470//470 469//469 440//440
f 441//441 470//470 440//440
f 471//471 470//470 441//441
f 442//442 471//471 441//441
f 472//472 471//471 442//442
f 443//443 472//472 442//442
f 473//473 472//472 443//443
f 444//444 473//473 443//443
f 474//474 473//473 444//444
f 445//445 474//474 444//444
f 475//475 474//474 445//445
f 446//446 475//475 445//445
f 476//476 475//475 446//446
f 447//447 476//476 446//446
f 477//477 476//476 447//447
f 448//448 477//477 447//447
f 478//478 477//477 448//448
f 449//449 478//478 448//448
f 479//479 478//478 449//449
f 450//450 479//479 449//449
f 480//480 479//479 450//450
f 421//421 480//480 450//450
f 451//451 480//480 421//421
f 452//452 481//481 451//451
f 482//482 481//481 452//452
f 453//453 482//482 452//452
f 483//483 482//482 453//453
f 454//454 483//483 453//453
f 484//484 483//483 454//454
f 455//455 484//484 454//454
f 485//485 484//484 455//455
f 456//456 485//485 455//455
f 486//486 485//485 456//456
f 457//457 486//486 456//456
f 487//487 486//486 457//457
f 458//458 487//487 457//457
f 488//488 487//487 458//458
f 459//459 488//488 458//458
f 489//489 488//488 459//459
f 460//460 489//489 459//459
f 490//490 489//489 460//460
f 461//461 490//490 460//460
f 491//491 490//490 461//461
f 462//462 491//491 461//461
f 492//492 491//491 462//462
f 463//463 492//492 462//462
f 493//493 492//492 463//463
f 464//464 493//493 463//463
f 494//494 493//493 464//464
f 465//465 494//494 464//464
f 495//495 494//494 465//465
f 466//466 495//495 465//465
f 496//496 495//495 466//466
f 467//467 496//496 466//466
f 497//497 496//496 467//467
f 468//468 497//497 467//467
f 498//498 497//497 468//468
f 469//469 498//498 468//468
f 499//499 498//498 469//469
f 470//470 499//499 469//469
f 500//500 499//499 470//470
f 471//471 500//500 470//470
f 501//501 500//500 471//471
f 472//472 501//501 471//471
f 502//502 501//501 472//472
f 473//473 502//502 472//472
f 503//503 502//502 473//473
f 474//474 503//503 473//473
f 504//504 503//503 474//474
f 475//475 504//504 474//474
f 505//505 504//504 475//475
f 476//476 505//505 475//475
f 506//506 505//505 476//476
f 477//477 506//506 476//476
f 507//507 506//506 477//477
f 478//478 507//507 477//477
f 508//508 507//507 478//478
f 479//479 508//508 478//478
f 509//509 508//508 479//479
f 480//480 509//509 479//479
f 510//510 509//509 480//480
f 451//451 510//510 480//480
f 481//481 510//510 451//451
f 482//482 511//511 481//481
f 512//512 511//511 482//482
f 483//483 512//512 482//482
f 513//513 512//512 483//483
f 484//484 513//513 483//483
f 514//514 513//513 484//484
f 485//485 514//514 484//484
f 515//515 514//514 485//485
f 486//486 515//515 485//485
f 516//516 515//515 486//486
f 487//487 516//516 486//486
f 517//517 516//516 487//487
f 488//488 517//517 487//487
f 518//518 517//517 488//488
f 489//489 518//518 488//488
f 519//519 518//518 489//489
f 490//490 519//519 489//489
f 520//520 519//519 490//490
f 491//491 520//520 490//490
f 521//521 520//520 491//491
f 492//492 521//521 491//491
f 522//522 521//521 492//492
f 493//493 522//522 492//492
f 523//523 522//522 493//493
f 494//494 523//523 493//493
f 524//524 523//523 494//494
f 495//495 524//524 494//494
f 525//525 524//524 495//495
f 496//496 525//525 495//495
f 526//526 525//525 496//496
f 497//497 526//526 496//496
f 527//527 526//526 497//497
f 498//498 527//527 497//497
f 528//528 527//527 498//498
f 499//499 528//528 498//498
f 529//529 528//528 499//499
f 500//500 529//529 499//499
f 530//530 529//529 500//500
f 501//501 530//530 500//500
f 531//531 530//530 501//501
f 502//502 531//531 501//501
f 532//532 531//531 502//502
f 503//503 532//532 502//502
f 533//533 532//532 503//503
f 504//504 533//533 503//503
f 534//534 533//533 504//504
f 505//505 534//534 504//504
f 535//535 534//534 505//505
f 506//506 535//535 505//505
f 536//536 535//535 506//506
f 507//507 536//536 506//506
f 537//537 536//536 507//507
f 508//508 537//537 507//507
f 538//538 537//537 508//508
f 509//509 538//538 508//508
f 539//539 538//538 509//509
f 510//510 539//539 509//509
f 540//540 539//539 510//510
f 481//481 540//540 510//510
f 511//511 540//540 481//481
f 512//512 541//541 511//511
f 542//542 541//541 512//512
f 513//513 542//542 512//512
f 543//543 542//542 513//513
f 514//514 543//543 513//513
f 544//544 543//543 514//514
f 515//515 544//544 514//514
f 545//545 544//544 515//515
f 516//516 545//545 515//515
f 546//546 545//545 516//516
f 517//517 546//546 516//516
f 547//547 546//546 517//517
f 518//518 547//547 517//517
f 548//548 547//547 518//518
f 519//519 548//548 518//518
f 549//549 548//548 519//519
f 520//520 549//549 519//519
f 550//550 549//549 520//520
f 521//521 550//550 520//520
f 551//551 550//550 521//521
f 522//522 551//551 521//521
f 552//552 551//551 522//522
f 523//523 552//552 522//522
f 553//553 552//552 523//523
f 524//524 553//553 523//523
f 554//554 553//553 524//524
f 525//525 554//554 524//524
f 555//555 554//554 525//525
f 526//526 555//555 525//525
f 556//556 555//555 526//526
f 527//527 556//556 526//526
f 557//557 556//556 527//527
f 528//528 557//557 527//527
f 558//558 557//557 528//528
f 529//529 558//558 528//528
f 559//559 558//558 529//529
f 530//530 559//559 529//529
f 560//560 559//559 530//530
f 531//531 560//560 530//530
f 561//561 560//560 531//531
f 532//532 561//561 531//531
f 562//562 561//561 532//532
f 533//533 562//562 532//532
f 563//563 562//562 533//533
f 534//534 563//563 533//533
f 564//564 563//563 534//534
f 535//535 564//564 534//534
f 565//565 564//564 535//535
f 536//536 565//565 535//535
f 566//566 565//565 536//536
f 537//537 566//566 536//536
f 567//567 566//566 537//537
f 538//538 567//567 537//537
f 568//568 567//567 538//538
f 539//539 568//568 538//538
f 569//569 568//568 539//539
f 540//540 569//569 539//539
f 570//570 569//569 540//540
f 511//511 570//570 540//540
f 541//541 570//570 511//511
f 542//542 571//571 541//541
f 572//572 571//571 542//542
f 543//543 572//572 542//542
f 573//573 572//572 543//543
f 544//544 573//573 543//543
f 574//574 573//573 544//544
f 545//545 574//574 544//544
f 575//575 574//574 545//545
f 546//546 575//575 545//545
f 576//576 575//575 546//546
f 547//547 576//576 546//546
f 577//577 576//576 547//547
f 548//548 577//577 547//547
f 578//578 577//577 548//548
f 549//549 578//578 548//548
f 579//579 578//578 549//549
f 550//550 579//579 549//549
f 580//580 579//579 550//550
f 551//551 580//580 550//550
f 581//581 580//580 551//551
f 552//552 581//581 551//551
f 582//582 581//581 552//552
f 553//553 582//582 552//552
f 583//583 582//582 553//553
f 554//554 583//583 553//553
f 584//584 583//583 554//554
f 555//555 584//584 554//554
f 585//585 584//584 555//555
f 556//556 585//585 555//555
f 586//586 585//585 556//556
f 557//557 586//586 556//556
f 587//587 586//586 557//557
f 558//558 587//587 557//557
f 588//588 587//587 558//558
f 559//559 588//588 558//558
f 589//589 588//588 559//559
f 560//560 589//589 559//559
f 590//590 589//589 560//560
f 561//561 590//590 560//560
f 591//591 590//590 561//561
f 562//562 591//591 561//561
f 592//592 591//591 562//562
f 563//563 592//592 562//562
f 593//593 592//592 563//563
f 564//564 593//593 563//563
f 594//594 593//593 564//564
f 565//565 594//594 564//564
f 595//595 594//594 565//565
f 566//566 595//595 565//565
f 596//596 595//595 566//566
f 567//567 596//596 566//566
f 597//597 596//596 567//567
f 568//568 597//597 567//567
f 598//598 597//597 568//568
f 569//569 598//598 568//568
f 599//599 598//598 569//569
f 570//570 599//599 569//569
f 600//600 599//599 570//570
f 541//541 600//600 570//570
f 571//571 600//600 541//541
f 572//572 601//601 571//571
f 602//602 601//601 572//572
f 573//573 602//602 572//572
f 603//603 602//602 573//573
f 574//574 603//603 573//573
f 604//604 603//603 574//574
f 575//575 604//604 574//574
f 605//605 604//604 575//575
f 576//576 605//605 575//575
f 606//606 605//605 576//576
f 577//577 606//606 576//576
f 607//607 606//606 577//577
f 578//578 607//607 577//577
f 608//608 607//607 578//578
f 579//579 608//608 578//578
f 609//609 608//608 579//579
f 580//580 609//609 579//579
f 610//610 609//609 580//580
f 581//581 610//610 580//580
f 611//611 610//610 581//581
f 582//582 611//611 581//581
f 612//612 611//611 582//582
f 583//583 612//612 582//582
f 613//613 612//612 583//583
f 584//584 613//613 583//583
f 614//614 613//613 584//584
f 585//585 614//614 584//584
f 615//615 614//614 585//585
f 586//586 615//615 585//585
f 616//616 615//615 586//586
f 587//587 616//616 586//586
f 617//617 616//616 587//587
f 588//588 617//617 587//587
f 618//618 617//617 588//588
f 589//589 618//618 588//588
f 619//619 618//618 589//589
f 590//590 619//619 589//589
f 620//620 619//619 590//590
f 591//591 620//620 590//590
f 621//621 620//620 591//591
f 592//592 621//621 591//591
f 622//622 621//621 592//592
f 593//593 622//622 592//592
f 623//623 622//622 593//593
f 594//594 623//623 593//593
f 624//624 623//623 594//594
f 595//595 624//624 594//594
f 625//625 624//624 595//595
f 596//596 625//625 595//595
f 626//626 625//625 596//596
f 597//597 626//626 596//596
f 627//627 626//626 597//597
f 598//598 627//627 597//597
f 628//628 627//627 598//598
f 599//599 628//628 598//598
f 629//629 628//628 599//599
f 600//600 629//629 599//599
f 630//630 629//629 600//600
f 571//571 630//630 600//600
f 601//601 630//630 571//571
f 661//661 632//632 631//631
f 661//661 662//662 632//632
f 662//662 633//633 632//632
f 662//662 663//663 633//633
f 663//663 634//634 633//633
f 663//663 664//664 634//634
f 664//664 635//635 634//634
f 664//664 665//665 635//635
f 665//665 636//636 635//635
f 665//665 666//666 636//636
f 666//666 637//637 636//636
f 666//666 667//667 637//637
f 667//667 638//638 637//637
f 667//667 668//668 638//638
f 668//668 639//639 638//638
f 668//668 669//669 639//639
f 669//669 640//640 639//639
f 669//669 670//670 640//640
f 670//670 641//641 640//640
f 670//670 671//671 641//641
f 671//671 642//642 641//641
f 671//671 672//672 642//642
f 672//672 643//643 642//642
f 672//672 673//673 643//643
f 673//673 644//644 643//643
f 673//673 674//674 644//644
f 674//674 645//645 644//644
f 674//674 675//675 645//645
f 675//675 646//646 645//645
f 675//675 676//676 646//646
f 676//676 647//647 646//646
f 676//676 677//677 647//647
f 677//677 648//648 647//647
f 677//677 678//678 648//648
f 678//678 649//649 648//648
f 678//678 679//679 649//649
f 679//679 650//650 649//649
f 679//679 680//680 650//650
f 680//680 651//651 650//650
f 680//680 681//681 651//651
f 681//681 652//652 651//651
f 681//681 682//682 652//652
f 682//682 653//653 652//652
f 682//682 683//683 653//653
f 683//683 654//654 653//653
f 683//683 684//684 654//654
f 684//684 655//655 654//654
f 684//684 685//685 655//655
f 685//685 656//656 655//655
f 685//685 686//686 656//656
f 686//686 657//657 656//656
f 686//686 687//687 657//657
f 687//687 658//658 657//657
f 687//687 688//688 658//658
f 688//688 659//659 658//658
f 688//688 689//689 659//659
f 689//689 660//660 659//659
f 689//689 690//690 660//660
f 690//690 631//631 660//660
f 690//690 661//661 631//631
f 691//691 662//662 661//661
f 691//691 692//692 662//662
f 692//692 663//663 662//662
f 692//692 693//693 663//663
f 693//693 664//664 663//663
f 693//693 694//694 664//664
f 694//694 665//665 664//664
f 694//694 695//695 665//665
f 695//695 666//666 665//665
f 695//695 696//696 666//666
f 696//696 667//667 666//666
f 696//696 697//697 667//667
f 697//697 668//668 667//667
f 697//697 698//698 668//668
f 698//698 669//669 668//668
f 698//698 699//699 669//669
f 699//699 670//670 669//669
f 699//699 700//700 670//670
f 700//700 671//671 670//670
f 700//700 701//701 671//671
f 701//701 672//672 671//671
f 701//701 702//702 672//672
f 702//702 673//673 672//672
f 702//702 703//703 673//673
f 703//703 674//674 673//673
f 703//703 704//704 674//674
f 704//704 675//675 674//674
f 704//704 705//705 675//675
f 705//705 676//676 675//675
f 705//705 706//706 676//676
f 706//706 677//677 676//676
f 706//706 707//707 677//677
f 707//707 678//678 677//677
f 707//707 708//708 678//678
f 708//708 679//679 678//678
f 708//708 709//709 679//679
f 709//709 680//680 679//679
f 709//709 710//710 680//680
f 710//710 681//681 680//680
f 710//710 711//711 681//681
f 711//711 682//682 681//681
f 711//711 712//712 682//682
f 712//712 683//683 682//682
f 712//712 713//713 683//683
f 713//713 684//684 683//683
f 713//713 714//714 684//684
f 714//714 685//685 684//684
f 714//714 715//715 685//685
f 715//715 686//686 685//685
f 715//715 716//716 686//686
f 716//716 687//687 686//686
f 716//716 717//717 687//687
f 717//717 688//688 687//687
f 717//717 718//718 688//688
f 718//718 689//689 688//688
f 718//718 719//719 689//689
f 719//719 690//690 689//689
f 719//719 720//720 690//690
f 720//720 661//661 690//690
f 720//720 691//691 661//661
f 721//721 692//692 691//691
f 721//721 722//722 692//692
f 722//722 693//693 692//692
f 722//722 723//723 693//693
f 723//723 694//694 693//693
f 723//723 724//724 694//694
f 724//724 695//695 694//694
f 724//724 725//725 695//695
f 725//725 696//696 695//695
f 725//725 726//726 696//696
f 726//726 697//697 696//696
f 726//726 727//727 697//697
f 727//727 698//698 697//697
f 727//727 728//728 698//698
f 728//728 699//699 698//698
f 728//728 729//729 699//699
f 729//729 700//700 699//699
f 729//729 730//730 700//700
f 730//730 701//701 700//700
f 730//730 731//731 701//701
f 731//731 702//702 701//701
f 731//731 732//732 702//702
f 732//732 703//703 702//702
f 732//732 733//733 703//703
f 733//733 704//704 703//703
f 733//733 734//734 704//704
f 734//734 705//705 704//704
f 734//734 735//735 705//705
f 735//735 706//706 705//705
f 735//735 736//736 706//706
f 736//736 707//707 706//706
f 736//736 737//737 707//707
f 737//737 708//708 707//707
f 737//737 738//738 708//708
f 738//738 709//709 708//708
f 738//738 739//739 709//709
f 739//739 710//710 709//709
f 739//739 740//740 710//710
f 740//740 711//711 710//710
f 740//740 741//741 711//711
f 741//741 712//712 711//711
f 741//741 742//742 712//712
f 742//742 713//713 712//712
f 742//742 743//743 713//713
f 743//743 714//714 713//713
f 743//743 744//744 714//714
f 744//744 715//715 714//714
f 744//744 745//745 715//715
f 745//745 716//716 715//715
f 745//745 746//746 716//716
f 746//746 717//717 716//716
f 746//746 747//747 717//717
f 747//747 718//718 717//717
f 747//747 748//748 718//718
f 748//748 719//719 718//718
f 748//748 749//749 719//719
f 749//749 720//720 719//719
f 749//749 750//750 720//720
f 750//750 691//691 720//720
f 750//750 721//721 691//691
f 751//751 722//722 721//721
f 751//751 752//752 722//722
f 752//752 723//723 722//722
f 752//752 753//753 723//723
f 753//753 724//724 723//723
f 753//753 754//754 724//724
f 754//754 725//725 724//724
f 754//754 755//755 725//725
f 755//755 726//726 725//725
f 755//755 756//756 726//726
f 756//756 727//727 726//726
f 756//756 757//757 727//727
f 757//757 728//728 727//727
f 757//757 758//758 728//728
f 758//758 729//729 728//728
f 758//758 759//759 729//729
f 759//759 730//730 729//729
f 759//759 760//760 730//730
f 760//760 731//731 730//730
f 760//760 761//761 731//731
f 761//761 732//732 731//731
f 761//761 762//762 732//732
f 762//762 733//733 732//732
f 762//762 763//763 733//733
f 763//763 734//734 733//733
f 763//763 764//764 734//734
f 764//764 735//735 734//734
f 764//764 765//765 735//735
f 765//765 736//736 735//735
f 765//765 766//766 736//736
f 766//766 737//737 736//736
f 766//766 767//767 737//737
f 767//767 738//738 737//737
f 767//767 768//768 738//738
f 768//768 739//739 738//738
f 768//768 769//769 739//739
f 769//769 740//740 739//739
f 769//769 770//770 740//740
f 770//770 741//741 740//740
f 770//770 771//771 741//741
f 771//771 742//742 741//741
f 771//771 772//772 742//742
f 772//772 743//743 742//742
f 772//772 773//773 743//743
f 773//773 744//744 743//743
f 773//773 774//774 744//744
f 774//774 745//745 744//744
f 774//774 775//775 745//745
f 775//775 746//746 745//745
f 775//775 776//776 746//746
f 776//776 747//747 746//746
f 776//776 777//777 747//747
f 777//777 748//748 747//747
f 777//777 778//778 748//748
f 778//778 749//749 748//748
f 778//778 779//779 749//749
f 779//779 750//750 749//749
f 779//779 780//780 750//750
f 780//780 721//721 750//750
f 780//780 751//751 721//721
f 781//781 752//752 751//751
f 781//781 782//782 752//752
f 782//782 753//753 752//752
f 782//782 783//783 753//753
f 783//783 754//754 753//753
f 783//783 784//784 754//754
f 784//784 755//755 754//754
f 784//784 785//785 755//755
f 785//785 756//756 755//755
f 785//785 786//786 756//756
f 786//786 757//757 756//756
f 786//786 787//787 757//757
f 787//787 758//758 757//757
f 787//787 788//788 758//758
f 788//788 759//759 758//758
f 788//788 789//789 759//759
f 789//789 760//760 759//759
f 789//789 790//790 760//760
f 790//790 761//761 760//760
f 790//790 791//791 761//761
f 791//791 762//762 761//761
f 791//791 792//792 762//762
f 792//792 763//763 762//762
f 792//792 793//793 763//763
f 793//793 764//764 763//763
f 793//793 794//794 764//764
f 794//794 765//765 764//764
f 794//794 795//795 765//765
f 795//795 766//766 765//765
f 795//795 796//796 766//766
f 796//796 767//767 766//766
f 796//796 797//797 767//767
f 797//797 768//768 767//767
f 797//797 798//798 768//768
f 798//798 769//769 768//768
f 798//798 799//799 769//769
f 799//799 770//770 769//769
f 799//799 800//800 770//770
f 800//800 771//771 770//770
f 800//800 801//801 771//771
f 801//801 772//772 771//771
f 801//801 802//802 772//772
f 802//802 773//773 772//772
f 802//802 803//803 773//773
f 803//803 774//774 773//773
f 803//803 804//804 774//774
f 804//804 775//775 774//774
f 804//804 805//805 775//775
f 805//805 776//776 775//775
f 805//805 806//806 776//776
f 806//806 777//777 776//776
f 806//806 807//807 777//777
f 807//807 778//778 777//777
f 807//807 808//808 778//778
f 808//808 779//779 778//778
f 808//808 809//809 779//779
f 809//809 780//780 779//779
f 809//809 810//810 780//780
f 810//810 751//751 780//780
f 810//810 781//781 751//751
f 811//811 782//782 781//781
f 811//811 812//812 782//782
f 812//812 783//783 782//782
f 812//812 813//813 783//783
f 813//813 784//784 783//783
f 813//813 814//814 784//784
f 814//814 785//785 784//784
f 814//814 815//815 785//785
f 815//815 786//786 785//785
f 815//815 816//816 786//786
f 816//816 787//787 786//786
f 816//816 817//817 787//787
f 817//817 788//788 787//787
f 817//817 818//818 788//788
f 818//818 789//789 788//788
f 818//818 819//819 789//789
f 819//819 790//790 789//789
f 819//819 820//820 790//790
f 820//820 791//791 790//790
f 820//820 821//821 791//791
f 821//821 792//792 791//791
f 821//821 822//822 792//792
f 822//822 793//793 792//792
f 822//822 823//823 793//793
f 823//823 794//794 793//793
f 823//823 824//824 794//794
f 824//824 795//795 794//794
f 824//824 825//825 795//795
f 825//825 796//796 795//795
f 825//825 826//826 796//796
f 826//826 797//797 796//796
f 826//826 827//827 797//797
f 827//827 798//798 797//797
f 827//827 828//828 798//798
f 828//828 799//799 798//798
f 828//828 829//829 799//799
f 829//829 800//800 799//799
f 829//829 830//830 800//800
f 830//830 801//801 800//800
f 830//830 831//831 801//801
f 831//831 802//802 801//801
f 831//831 832//832 802//802
f 832//832 803//803 802//802
f 832//832 833//833 803//803
f 833//833 804//804 803//803
f 833//833 834//834 804//804
f 834//834 805//805 804//804
f 834//834 835//835 805//805
f 835//835 806//806 805//805
f 835//835 836//836 806//806
f 836//836 807//807 806//806
f 836//836 837//837 807//807
f 837//837 808//808 807//807
f 837//837 838//838 808//808
f 838//838 809//809 808//808
f 838//838 839//839 809//809
f 839//839 810//810 809//809
f 839//839 840//840 810//810
f 840//840 781//781 810//810
f 840//840 811//811 781//781
f 841//841 812//812 811//811
f 841//841 842//842 812//812
f 842//842 813//813 812//812
f 842//842 843//843 813//813
f 843//843 814//814 813//813
f 843//843 844//844 814//814
f 844//844 815//815 814//814
f 844//844 845//845 815//815
f 845//845 816//816 815//815
f 845//845 846//846 816//816
f 846//846 817//817 816//816
f 846//846 847//847 817//817
f 847//847 818//818 817//817
f 847//847 848//848 818//818
f 848//848 819//819 818//818
f 848//848 849//849 819//819
f 849//849 820//820 819//819
f 849//849 850//850 820//820
f 850//850 821//821 820//820
f 850//850 851//851 821//821
f 851//851 822//822 821//821
f 851//851 852//852 822//822
f 852//852 823//823 822//822
f 852//852 853//853 823//823
f 853//853 824//824 823//823
f 853//853 854//854 824//824
f 854//854 825//825 824//824
f 854//854 855//855 825//825
f 855//855 826//826 825//825
f 855//855 856//856 826//826
f 856//856 827//827 826//826
f 856//856 857//857 827//827
f 857//857 828//828 827//827
f 857//857 858//858 828//828
f 858//858 829//829 828//828
f 858//858 859//859 829//829
f 859//859 830//830 829//829
f 859//859 860//860 830//830
f 860//860 831//831 830//830
f 860//860 861//861 831//831
f 861//861 832//832 831//831
f 861//861 862//862 832//832
f 862//862 833//833 832//832
f 862//862 863//863 833//833
f 863//863 834//834 833//833
f 863//863 864//864 834//834
f 864//864 835//835 834//834
f 864//864 865//865 835//835
f 865//865 836//836 835//835
f 865//865 866//866 836//836
f 866//866 837//837 836//836
f 866//866 867//867 837//837
f 867//867 838//838 837//837
f 867//867 868//868 838//838
f 868//868 839//839 838//838
f 868//868 869//869 839//839
f 869//869 840//840 839//839
f 869//869 870//870 840//840
f 870//870 811//811 840//840
f 870//870 841//841 811//811
f 871//871 842//842 841//841
f 871//871 872//872 842//842
f 872//872 843//843 842//842
f 872//872 873//873 843//843
f 873//873 844//844 843//843
f 873//873 874//874 844//844
f 874//874 845//845 844//844
f 874//874 875//875 845//845
f 875//875 846//846 845//845
f 875//875 876//876 846//846
f 876//876 847//847 846//846
f 876//876 877//877 847//847
f 877//877 848//848 847//847
f 877//877 878//878 848//848
f 878//878 849//849 848//848
f 878//878 879//879 849//849
f 879//879 850//850 849//849
f 879//879 880//880 850//850
f 880//880 851//851 850//850
f 880//880 881//881 851//851
f 881//881 852//852 851//851
f 881//881 882//882 852//852
f 882//882 853//853 852//852
f 882//882 883//883 853//853
f 883//883 854//854 853//853
f 883//883 884//884 854//854
f 884//884 855//855 854//854
f 884//884 885//885 855//855
f 885//885 856//856 855//855
f 885//885 886//886 856//856
f 886//886 857//857 856//856
f 886//886 887//887 857//857
f 887//887 858//858 857//857
f 887//887 888//888 858//858
f 888//888 859//859 858//858
f 888//888 889//889 859//859
f 889//889 860//860 859//859
f 889//889 890//890 860//860
f 890//890 861//861 860//860
f 890//890 891//891 861//861
f 891//891 862//862 861//861
f 891//891 892//892 862//862
f 892//892 863//863 862//862
f 892//892 893//893 863//863
f 893//893 864//864 863//863
f 893//893 894//894 864//864
f 894//894 865//865 864//864
f 894//894 895//895 865//865
f 895//895 866//866 865//865
f 895//895 896//896 866//866
f 896//896 867//867 866//866
f 896//896 897//897 867//867
f 897//897 868//868 867//867
f 897//897 898//898 868//868
f 898//898 869//869 868//868
f 898//898 899//899 869//869
f 899//899 870//870 869//869
f 899//899 900//900 870//870
f 900//900 841//841 870//870
f 900//900 871//871 841//841
f 901//901 872//872 871//871
f 901//901 902//902 872//872
f 902//902 873//873 872//872
f 902//902 903//903 873//873
f 903//903 874//874 873//873
f 903//903 904//904 874//874
f 904//904 875//875 874//874
f 904//904 905//905 875//875
f 905//905 876//876 875//875
f 905//905 906//906 876//876
f 906//906 877//877 876//876
f 906//906 907//907 877//877
f 907//907 878//878 877//877
f 907//907 908//908 878//878
f 908//908 879//879 878//878
f 908//908 909//909 879//879
f 909//909 880//880 879//879
f 909//909 910//910 880//880
f 910//910 881//881 880//880
f 910//910 911//911 881//881
f 911//911 882//882 881//881
f 911//911 912//912 882//882
f 912//912 883//883 882//882
f 912//912 913//913 883//883
f 913//913 884//884 883//883
f 913//913 914//914 884//884
f 914//914 885//885 884//884
f 914//914 915//915 885//885
f 915//915 886//886 885//885
f 915//915 916//916 886//886
f 916//916 887//887 886//886
f 916//916 917//917 887//887
f 917//917 888//888 887//887
f 917//917 918//918 888//888
f 918//918 889//889 888//888
f 918//918 919//919 889//889
f 919//919 890//890 889//889
f 919//919 920//920 890//890
f 920//920 891//891 890//890
f 920//920 921//921 891//891
f 921//921 892//892 891//891
f 921//921 922//922 892//892
f 922//922 893//893 892//892
f 922//922 923//923 893//893
f 923//923 894//894 893//893
f 923//923 924//924 894//894
f 924//924 895//895 894//894
f 924//924 925//925 895//895
f 925//925 896//896 895//895
f 925//925 926//926 896//896
f 926//926 897//897 896//896
f 926//926 927//927 897//897
f 927//927 898//898 897//897
f 927//927 928//928 898//898
f 928//928 899//899 898//898
f 928//928 929//929 899//899
f 929//929 900//900 899//899
f 929//929 930//930 900//900
f 930//930 871//871 900//900
f 930//930 901//901 871//871
f 931//931 902//902 901//901
f 931//931 932//932 902//902
f 932//932 903//903 902//902
f 932//932 933//933 903//903
f 933//933 904//904 903//903
f 933//933 934//934 904//904
f 934//934 905//905 904//904
f 934//934 935//935 905//905
f 935//935 906//906 905//905
f 935//935 936//936 906//906
f 936//936 907//907 906//906
f 936//936 937//937 907//907
f 937//937 908//908 907//907
f 937//937 938//938 908//908
f 938//938 909//909 908//908
f 938//938 939//939 909//909
f 939//939 910//910 909//909
f 939//939 940//940 910//910
f 940//940 911//911 910//910
f 940//940 941//941 911//911
f 941//941 912//912 911//911
f 941//941 942//942 912//912
f 942//942 913//913 912//912
f 942//942 943//943 913//913
f 943//943 914//914 913//913
f 943//943 944//944 914//914
f 944//944 915//915 914//914
f 944//944 945//945 915//915
f 945//945 916//916 915//915
f 945//945 946//946 916//916
f 946//946 917//917 916//916
f 946//946 947//947 917//917
f 947//947 918//918 917//917
f 947//947 948//948 918//918
f 948//948 919//919 918//918
f 948//948 949//949 919//919
f 949//949 920//920 919//919
f 949//949 950//950 920//920
f 950//950 921//921 920//920
f 950//950 951//951 921//921
f 951//951 922//922 921//921
f 951//951 952//952 922//922
f 952//952 923//923 922//922
f 952//952 953//953 923//923
f 953//953 924//924 923//923
f 953//953 954//954 924//924
f 954//954 925//925 924//924
f 954//954 955//955 925//925
f 955//955 926//926 925//925
f 955//955 956//956 926//926
f 956//956 927//927 926//926
f 956//956 957//957 927//927
f 957//957 928//928 927//927
f 957//957 958//958 928//928
f 958//958 929//929 928//928
f 958//958 959//959 929//929
f 959//959 930//930 929//929
f 959//959 960//960 930//930
f 960//960 901//901 930//930
f 960//960 931//931 901//901
f 961//961 932//932 931//931
f 961//961 962//962 932//932
f 962//962 933//933 932//932
f 962//962 963//963 933//933
f 963//963 934//934 933//933
f 963//963 964//964 934//934
f 964//964 935//935 934//934
f 964//964 965//965 935//935
f 965//965 936//936 935//935
f 965//965 966//966 936//936
f 966//966 937//937 936//936
f 966//966 967//967 937//937
f 967//967 938//938 937//937
f 967//967 968//968 938//938
f 968//968 939//939 938//938
f 968//968 969//969 939//939
f 969//969 940//940 939//939
f 969//969 970//970 940//940
f 970//970 941//941 940//940
f 970//970 971//971 941//941
f 971//971 942//942 941//941
f 971//971 972//972 942//942
f 972//972 943//943 942//942
f 972//972 973//973 943//943
f 973//973 944//944 943//943
f 973//973 974//974 944//944
f 974//974 945//945 944//944
f 974//974 975//975 945//945
f 975//975 946//946 945//945
f 975//975 976//976 946//946
f 976//976 947//947 946//946
f 976//976 977//977 947//947
f 977//977 948//948 947//947
f 977//977 978//978 948//948
f 978//978 949//949 948//948
f 978//978 979//979 949//949
f 979//979 950//950 949//949
f 979//979 980//980 950//950
f 980//980 951//951 950//950
f 980//980 981//981 951//951
f 981//981 952//952 951//951
f 981//981 982//982 952//952
f 982//982 953//953 952//952
f 982//982 983//983 953//953
f 983//983 954//954 953//953
f 983//983 984//984 954//954
f 984//984 955//955 954//954
f 984//984 985//985 955//955
f 985//985 956//956 955//955
f 985//985 986//986 956//956
f 986//986 957//957 956//956
f 986//986 987//987 957//957
f 987//987 958//958 957//957
f 987//987 988//988 958//958
f 988//988 959//959 958//958
f 988//988 989//989 959//959
f 989//989 960//960 959//959
f 989//989 990//990 960//960
f 990//990 931//931 960//960
f 990//990 961//961 931//931
f 991//991 962//962 961//961
f 991//991 992//992 962//962
f 992//992 963//963 962//962
f 992//992 993//993 963//963
f 993//993 964//964 963//963
f 993//993 994//994 964//964
f 994//994 965//965 964//964
f 994//994 995//995 965//965
f 995//995 966//966 965//965
f 995//995 996//996 966//966
f 996//996 967//967 966//966
f 996//996 997//997 967//967
f 997//997 968//968 967//967
f 997//997 998//998 968//968
f 998//998 969//969 968//968
f 998//998 999//999 969//969
f 999//999 970//970 969//969
f 999//999 1000//1000 970//970
f 1000//1000 971//971 970//970
f 1000//1000 1001//1001 971//971
f 1001//1001 972//972 971//971
f 1001//1001 1002//1002 972//972
f 1002//1002 973//973 972//972
f 1002//1002 1003//1003 973//973
f 1003//1003 974//974 973//973
f 1003//1003 1004//1004 974//974
f 1004//1004 975//975 974//974
f 1004//1004 1005//1005 975//975
f 1005//1005 976//976 975//975
f 1005//1005 1006//1006 976//976
f 1006//1006 977//977 976//976
f 1006//1006 1007//1007 977//977
f 1007//1007 978//978 977//977
f 1007//1007 1008//1008 978//978
f 1008//1008 979//979 978//978
f 1008//1008 1009//1009 979//979
f 1009//1009 980//980 979//979
f 1009//1009 1010//1010 980//980
f 1010//1010 981//981 980//980
f 1010//1010 1011//1011 981//981
f 1011//1011 982//982 981//981
f 1011//1011 1012//1012 982//982
f 1012//1012 983//983 982//982
f 1012//1012 1013//1013 983//983
f 1013//1013 984//984 983//983
f 1013//1013 1014//1014 984//984
f 1014//1014 985//985 984//984
f 1014//1014 1015//1015 985//985
f 1015//1015 986//986 985//985
f 1015//1015 1016//1016 986//986
f 1016//1016 987//987 986//986
f 1016//1016 1017//1017 987//987
f 1017//1017 988//988 987//987
f 1017//1017 1018//1018 988//988
f 1018//1018 989//989 988//988
f 1018//1018 1019//1019 989//989
f 1019//1019 990//990 989//989
f 1019//1019 1020//1020 990//990
f 1020//1020 961//961 990//990
f 1020//1020 991//991 961//961
f 1021//1021 992//992 991//991
f 1021//1021 1022//1022 992//992
f 1022//1022 993//993 992//992
f 1022//1022 1023//1023 993//993
f 1023//1023 994//994 993//993
f 1023//1023 1024//1024 994//994
f 1024//1024 995//995 994//994
f 1024//1024 1025//1025 995//995
f 1025//1025 996//996 995//995
f 1025//1025 1026//1026 996//996
f 1026//1026 997//997 996//996
f 1026//1026 1027//1027 997//997
f 1027//1027 998//998 997//997
f 1027//1027 1028//1028 998//998
f 1028//1028 999//999 998//998
f 1028//1028 1029//1029 999//999
f 1029//1029 1000//1000 999//999
f 1029//1029 1030//1030 1000//1000
f 1030//1030 1001//1001 1000//1000
f 1030//1030 1031//1031 1001//1001
f 1031//1031 1002//1002 1001//1001
f 1031//1031 1032//1032 1002//1002
f 1032//1032 1003//1003 1002//1002
f 1032//1032 1033//1033 1003//1003
f 1033//1033 1004//1004 1003//1003
f 1033//1033 1034//1034 1004//1004
f 1034//1034 1005//1005 1004//1004
f 1034//1034 1035//1035 1005//1005
f 1035//1035 1006//1006 1005//1005
f 1035//1035 1036//1036 1006//1006
f 1036//1036 1007//1007 1006//1006
f 1036//1036 1037//1037 1007//1007
f 1037//1037 1008//1008 1007//1007
f 1037//1037 1038//1038 1008//1008
f 1038//1038 1009//1009 1008//1008
f 1038//1038 1039//1039 1009//1009
f 1039//1039 1010//1010 1009//1009
f 1039//1039 1040//1040 1010//1010
f 1040//1040 1011//1011 1010//1010
f 1040//1040 1041//1041 1011//1011
f 1041//1041 1012//1012 1011//1011
f 1041//1041 1042//1042 1012//1012
f 1042//1042 1013//1013 1012//1012
f 1042//1042 1043//1043 1013//1013
f 1043//1043 1014//1014 1013//1013
f 1043//1043 1044//1044 1014//1014
f 1044//1044 1015//1015 1014//1014
f 1044//1044 1045//1045 1015//1015
f 1045//1045 1016//1016 1015//1015
f 1045//1045 1046//1046 1016//1016
f 1046//1046 1017//1017 1016//1016
f 1046//1046 1047//1047 1017//1017
f 1047//1047 1018//1018 1017//1017
f 1047//1047 1048//1048 1018//1018
f 1048//1048 1019//1019 1018//1018
f 1048//1048 1049//1049 1019//1019
f 1049//1049 1020//1020 1019//1019
f 1049//1049 1050//1050 1020//1020
f 1050//1050 991//991 1020//1020
f 1050//1050 1021//1021 991//991
f 1051//1051 1022//1022 1021//1021
f 1051//1051 1052//1052 1022//1022
f 1052//1052 1023//1023 1022//1022
f 1052//1052 1053//1053 1023//1023
f 1053//1053 1024//1024 1023//1023
f 1053//1053 1054//1054 1024//1024
f 1054//1054 1025//1025 1024//1024
f 1054//1054 1055//1055 1025//1025
f 1055//1055 1026//1026 1025//1025
f 1055//1055 1056//1056 1026//1026
f 1056//1056 1027//1027 1026//1026
f 1056//1056 1057//1057 1027//1027
f 1057//1057 1028//1028 1027//1027
f 1057//1057 1058//1058 1028//1028
f 1058//1058 1029//1029 1028//1028
f 1058//1058 1059//1059 1029//1029
f 1059//1059 1030//1030 1029//1029
f 1059//1059 1060//1060 1030//1030
f 1060//1060 1031//1031 1030//1030
f 1060//1060 1061//1061 1031//1031
f 1061//1061 1032//1032 1031//1031
f 1061//1061 1062//1062 1032//1032
f 1062//1062 1033//1033 1032//1032
f 1062//1062 1063//1063 1033//1033
f 1063//1063 1034//1034 1033//1033
f 1063//1063 1064//1064 1034//1034
f 1064//1064 1035//1035 1034//1034
f 1064//1064 1065//1065 1035//1035
f 1065//1065 1036//1036 1035//1035
f 1065//1065 1066//1066 1036//1036
f 1066//1066 1037//1037 1036//1036
f 1066//1066 1067//1067 1037//1037
f 1067//1067 1038//1038 1037//1037
f 1067//1067 1068//1068 1038//1038
f 1068//1068 1039//1039 1038//1038
f 1068//1068 1069//1069 1039//1039
f 1069//1069 1040//1040 1039//1039
f 1069//1069 1070//1070 1040//1040
f 1070//1070 1041//1041 1040//1040
f 1070//1070 1071//1071 1041//1041
f 1071//1071 1042//1042 1041//1041
f 1071//1071 1072//1072 1042//1042
f 1072//1072 1043//1043 1042//1042
f 1072//1072 1073//1073 1043//1043
f 1073//1073 1044//1044 1043//1043
f 1073//1073 1074//1074 1044//1044
f 1074//1074 1045//1045 1044//1044
f 1074//1074 1075//1075 1045//1045
f 1075//1075 1046//1046 1045//1045
f 1075//1075 1076//1076 1046//1046
f 1076//1076 1047//1047 1046//1046
f 1076//1076 1077//1077 1047//1047
f 1077//1077 1048//1048 1047//1047
f 1077//1077 1078//1078 1048//1048
f 1078//1078 1049//1049 1048//1048
f 1078//1078 1079//1079 1049//1049
f 1079//1079 1050//1050 1049//1049
f 1079//1079 1080//1080 1050//1050
f 1080//1080 1021//1021 1050//1050
f 1080//1080 1051//1051 1021//1021
f 1081//1081 1052//1052 1051//1051
f 1081//1081 1082//1082 1052//1052
f 1082//1082 1053//1053 1052//1052
f 1082//1082 1083//1083 1053//1053
f 1083//1083 1054//1054 1053//1053
f 1083//1083 1084//1084 1054//1054
f 1084//1084 1055//1055 1054//1054
f 1084//1084 1085//1085 1055//1055
f 1085//1085 1056//1056 1055//1055
f 1085//1085 1086//1086 1056//1056
f 1086//1086 1057//1057 1056//1056
f 1086//1086 1087//1087 1057//1057
f 1087//1087 1058//1058 1057//1057
f 1087//1087 1088//1088 1058//1058
f 1088//1088 1059//1059 1058//1058
f 1088//1088 1089//1089 1059//1059
f 1089//1089 1060//1060 1059//1059
f 1089//1089 1090//1090 1060//1060
f 1090//1090 1061//1061 1060//1060
f 1090//1090 1091//1091 1061//1061
f 1091//1091 1062//1062 1061//1061
f 1091//1091 1092//1092 1062//1062
f 1092//1092 1063//1063 1062//1062
f 1092//1092 1093//1093 1063//1063
f 1093//1093 1064//1064 1063//1063
f 1093//1093 1094//1094 1064//1064
f 1094//1094 1065//1065 1064//1064
f 1094//1094 1095//1095 1065//1065
f 1095//1095 1066//1066 1065//1065
f 1095//1095 1096//1096 1066//1066
f 1096//1096 1067//1067 1066//1066
f 1096//1096 1097//1097 1067//1067
f 1097//1097 1068//1068 1067//1067
f 1097//1097 1098//1098 1068//1068
f 1098//1098 1069//1069 1068//1068
f 1098//1098 1099//1099 1069//1069
f 1099//1099 1070//1070 1069//1069
f 1099//1099 1100//1100 1070//1070
f 1100//1100 1071//1071 1070//1070
f 1100//1100 1101//1101 1071//1071
f 1101//1101 1072//1072 1071//1071
f 1101//1101 1102//1102 1072//1072
f 1102//1102 1073//1073 1072//1072
f 1102//1102 1103//1103 1073//1073
f 1103//1103 1074//1074 1073//1073
f 1103//1103 1104//1104 1074//1074
f 1104//1104 1075//1075 1074//1074
f 1104//1104 1105//1105 1075//1075
f 1105//1105 1076//1076 1075//1075
f 1105//1105 1106//1106 1076//1076
f 1106//1106 1077//1077 1076//1076
f 1106//1106 1107//1107 1077//1077
f 1107//1107 1078//1078 1077//1077
f 1107//1107 1108//1108 1078//1078
f 1108//1108 1079//1079 1078//1078
f 1108//1108 1109//1109 1079//1079
f 1109//1109 1080//1080 1079//1079
f 1109//1109 1110//1110 1080//1080
f 1110//1110 1051//1051 1080//1080
f 1110//1110 1081//1081 1051//1051
f 1111//1111 1082//1082 1081//1081
f 1111//1111 1112//1112 1082//1082
f 1112//1112 1083//1083 1082//1082
f 1112//1112 1113//1113 1083//1083
f 1113//1113 1084//1084 1083//1083
f 1113//1113 1114//1114 1084//1084
f 1114//1114 1085//1085 1084//1084
f 1114//1114 1115//1115 1085//1085
f 1115//1115 1086//1086 1085//1085
f 1115//1115 1116//1116 1086//1086
f 1116//1116 1087//1087 1086//1086
f 1116//1116 1117//1117 1087//1087
f 1117//1117 1088//1088 1087//1087
f 1117//1117 1118//1118 1088//1088
f 1118//1118 1089//1089 1088//1088
f 1118//1118 1119//1119 1089//1089
f 1119//1119 1090//1090 1089//1089
f 1119//1119 1120//1120 1090//1090
f 1120//1120 1091//1091 1090//1090
f 1120//1120 1121//1121 1091//1091
f 1121//1121 1092//1092 1091//1091
f 1121//1121 1122//1122 1092//1092
f 1122//1122 1093//1093 1092//1092
f 1122//1122 1123//1123 1093//1093
f 1123//1123 1094//1094 1093//1093
f 1123//1123 1124//1124 1094//1094
f 1124//1124 1095//1095 1094//1094
f 1124//1124 1125//1125 1095//1095
f 1125//1125 1096//1096 1095//1095
f 1125//1125 1126//1126 1096//1096
f 1126//1126 1097//1097 1096//1096
f 1126//1126 1127//1127 1097//1097
f 1127//1127 1098//1098 1097//1097
f 1127//1127 1128//1128 1098//1098
f 1128//1128 1099//1099 1098//1098
f 1128//1128 1129//1129 1099//1099
f 1129//1129 1100//1100 1099//1099
f 1129//1129 1130//1130 1100//1100
f 1130//1130 1101//1101 1100//1100
f 1130//1130 1131//1131 1101//1101
f 1131//1131 1102//1102 1101//1101
f 1131//1131 1132//1132 1102//1102
f 1132//1132 1103//1103 1102//1102
f 1132//1132 1133//1133 1103//1103
f 1133//1133 1104//1104 1103//1103
f 1133//1133 1134//1134 1104//1104
f 1134//1134 1105//1105 1104//1104
f 1134//1134 1135//1135 1105//1105
f 1135//1135 1106//1106 1105//1105
f 1135//1135 1136//1136 1106//1106
f 1136//1136 1107//1107 1106//1106
f 1136//1136 1137//1137 1107//1107
f 1137//1137 1108//1108 1107//1107
f 1137//1137 1138//1138 1108//1108
f 1138//1138 1109//1109 1108//1108
f 1138//1138 1139//1139 1109//1109
f 1139//1139 1110//1110 1109//1109
f 1139//1139 1140//1140 1110//1110
f 1140//1140 1081//1081 1110//1110
f 1140//1140 1111//1111 1081//1081
f 1141//1141 1112//1112 1111//1111
f 1141//1141 1142//1142 1112//1112
f 1142//1142 1113//1113 1112//1112
f 1142//1142 1143//1143 1113//1113
f 1143//1143 1114//1114 1113//1113
f 1143//1143 1144//1144 1114//1114
f 1144//1144 1115//1115 1114//1114
f 1144//1144 1145//1145 1115//1115
f 1145//1145 1116//1116 1115//1115
f 1145//1145 1146//1146 1116//1116
f 1146//1146 1117//1117 1116//1116
f 1146//1146 1147//1147 1117//1117
f 1147//1147 1118//1118 1117//1117
f 1147//1147 1148//1148 1118//1118
f 1148//1148 1119//1119 1118//1118
f 1148//1148 1149//1149 1119//1119
f 1149//1149 1120//1120 1119//1119
f 1149//1149 1150//1150 1120//1120
f 1150//1150 1121//1121 1120//1120
f 1150//1150 1151//1151 1121//1121
f 1151//1151 1122//1122 1121//1121
f 1151//1151 1152//1152 1122//1122
f 1152//1152 1123//1123 1122//1122
f 1152//1152 1153//1153 1123//1123
f 1153//1153 1124//1124 1123//1123
f 1153//1153 1154//1154 1124//1124
f 1154//1154 1125//1125 1124//1124
f 1154//1154 1155//1155 1125//1125
f 1155//1155 1126//1126 1125//1125
f 1155//1155 1156//1156 1126//1126
f 1156//1156 1127//1127 1126//1126
f 1156//1156 1157//1157 1127//1127
f 1157//1157 1128//1128 1127//1127
f 1157//1157 1158//1158 1128//1128
f 1158//1158 1129//1129 1128//1128
f 1158//1158 1159//1159 1129//1129
f 1159//1159 1130//1130 1129//1129
f 1159//1159 1160//1160 1130//1130
f 1160//1160 1131//1131 1130//1130
f 1160//1160 1161//1161 1131//1131
f 1161//1161 1132//1132 1131//1131
f 1161//1161 1162//1162 1132//1132
f 1162//1162 1133//1133 1132//1132
f 1162//1162 1163//1163 1133//1133
f 1163//1163 1134//1134 1133//1133
f 1163//1163 1164//1164 1134//1134
f 1164//1164 1135//1135 1134//1134
f 1164//1164 1165//1165 1135//1135
f 1165//1165 1136//1136 1135//1135
f 1165//1165 1166//1166 1136//1136
f 1166//1166 1137//1137 1136//1136
f 1166//1166 1167//1167 1137//1137
f 1167//1167 1138//1138 1137//1137
f 1167//1167 1168//1168 1138//1138
f 1168//1168 1139//1139 1138//1138
f 1168//1168 1169//1169 1139//1139
f 1169//1169 1140//1140 1139//1139
f 1169//1169 1170//1170 1140//1140
f 1170//1170 1111//1111 1140//1140
f 1170//1170 1141//1141 1111//1111
f 1171//1171 1142//1142 1141//1141
f 1171//1171 1172//1172 1142//1142
f 1172//1172 1143//1143 1142//1142
f 1172//1172 1173//1173 1143//1143
f 1173//1173 1144//1144 1143//1143
f 1173//1173 1174//1174 1144//1144
f 1174//1174 1145//1145 1144//1144
f 1174//1174 1175//1175 1145//1145
f 1175//1175 1146//1146 1145//1145
f 1175//1175 1176//1176 1146//1146
f 1176//1176 1147//1147 1146//1146
f 1176//1176 1177//1177 1147//1147
f 1177//1177 1148//1148 1147//1147
f 1177//1177 1178//1178 1148//1148
f 1178//1178 1149//1149 1148//1148
f 1178//1178 1179//1179 1149//1149
f 1179//1179 1150//1150 1149//1149
f 1179//1179 1180//1180 1150//1150
f 1180//1180 1151//1151 1150//1150
f 1180//1180 1181//1181 1151//1151
f 1181//1181 1152//1152 1151//1151
f 1181//1181 1182//1182 1152//1152
f 1182//1182 1153//1153 1152//1152
f 1182//1182 1183//1183 1153//1153
f 1183//1183 1154//1154 1153//1153
f 1183//1183 1184//1184 1154//1154
f 1184//1184 1155//1155 1154//1154
f 1184//1184 1185//1185 1155//1155
f 1185//1185 1156//1156 1155//1155
f 1185//1185 1186//1186 1156//1156
f 1186//1186 1157//1157 1156//1156
f 1186//1186 1187//1187 1157//1157
f 1187//1187 1158//1158 1157//1157
f 1187//1187 1188//1188 1158//1158
f 1188//1188 1159//1159 1158//1158
f 1188//1188 1189//1189 1159//1159
f 1189//1189 1160//1160 1159//1159
f 1189//1189 1190//1190 1160//1160
f 1190//1190 1161//1161 1160//1160
f 1190//1190 1191//1191 1161//1161
f 1191//1191 1162//1162 1161//1161
f 1191//1191 1192//1192 1162//1162
f 1192//1192 1163//1163 1162//1162
f 1192//1192 1193//1193 1163//1163
f 1193//1193 1164//1164 1163//1163
f 1193//1193 1194//1194 1164//1164
f 1194//1194 1165//1165 1164//1164
f 1194//1194 1195//1195 1165//1165
f 1195//1195 1166//1166 1165//1165
f 1195//1195 1196//1196 1166//1166
f 1196//1196 1167//1167 1166//1166
f 1196//1196 1197//1197 1167//1167
f 1197//1197 1168//1168 1167//1167
f 1197//1197 1198//1198 1168//1168
f 1198//1198 1169//1169 1168//1168
f 1198//1198 1199//1199 1169//1169
f 1199//1199 1170//1170 1169//1169
f 1199//1199 1200//1200 1170//1170
f 1200//1200 1141//1141 1170//1170
f 1200//1200 1171//1171 1141//1141
f 1201//1201 1172//1172 1171//1171
f 1201//1201 1202//1202 1172//1172
f 1202//1202 1173//1173 1172//1172
f 1202//1202 1203//1203 1173//1173
f 1203//1203 1174//1174 1173//1173
f 1203//1203 1204//1204 1174//1174
f 1204//1204 1175//1175 1174//1174
f 1204//1204 1205//1205 1175//1175
f 1205//1205 1176//1176 1175//1175
f 1205//1205 1206//1206 1176//1176
f 1206//1206 1177//1177 1176//1176
f 1206//1206 1207//1207 1177//1177
f 1207//1207 1178//1178 1177//1177
f 1207//1207 1208//1208 1178//1178
f 1208//1208 1179//1179 1178//1178
f 1208//1208 1209//1209 1179//1179
f 1209//1209 1180//1180 1179//1179
f 1209//1209 1210//1210 1180//1180
f 1210//1210 1181//1181 1180//1180
f 1210//1210 1211//1211 1181//1181
f 1211//1211 1182//1182 1181//1181
f 1211//1211 1212//1212 1182//1182
f 1212//1212 1183//1183 1182//1182
f 1212//1212 1213//1213 1183//1183
f 1213//1213 1184//1184 1183//1183
f 1213//1213 1214//1214 1184//1184
f 1214//1214 1185//1185 1184//1184
f 1214//1214 1215//1215 1185//1185
f 1215//1215 1186//1186 1185//1185
f 1215//1215 1216//1216 1186//1186
f 1216//1216 1187//1187 1186//1186
f 1216//1216 1217//1217 1187//1187
f 1217//1217 1188//1188 1187//1187
f 1217//1217 1218//1218 1188//1188
f 1218//1218 1189//1189 1188//1188
f 1218//1218 1219//1219 1189//1189
f 1219//1219 1190//1190 1189//1189
f 1219//1219 1220//1220 1190//1190
f 1220//1220 1191//1191 1190//1190
f 1220//1220 1221//1221 1191//1191
f 1221//1221 1192//1192 1191//1191
f 1221//1221 1222//1222 1192//1192
f 1222//1222 1193//1193 1192//1192
f 1222//1222 1223//1223 1193//1193
f 1223//1223 1194//1194 1193//1193
f 1223//1223 1224//1224 1194//1194
f 1224//1224 1195//1195 1194//1194
f 1224//1224 1225//1225 1195//1195
f 1225//1225 1196//1196 1195//1195
f 1225//1225 1226//1226 1196//1196
f 1226//1226 1197//1197 1196//1196
f 1226//1226 1227//1227 1197//1197
f 1227//1227 1198//1198 1197//1197
f 1227//1227 1228//1228 1198//1198
f 1228//1228 1199//1199 1198//1198
f 1228//1228 1229//1229 1199//1199
f 1229//1229 1200//1200 1199//1199
f 1229//1229 1230//1230 1200//1200
f 1230//1230 1171//1171 1200//1200
f 1230//1230 1201//1201 1171//1171
f 1231//1231 1202//1202 1201//1201
f 1231//1231 1232//1232 1202//1202
f 1232//1232 1203//1203 1202//1202
f 1232//1232 1233//1233 1203//1203
f 1233//1233 1204//1204 1203//1203
f 1233//1233 1234//1234 1204//1204
f 1234//1234 1205//1205 1204//1204
f 1234//1234 1235//1235 1205//1205
f 1235//1235 1206//1206 1205//1205
f 1235//1235 1236//1236 1206//1206
f 1236//1236 1207//1207 1206//1206
f 1236//1236 1237//1237 1207//1207
f 1237//1237 1208//1208 1207//1207
f 1237//1237 1238//1238 1208//1208
f 1238//1238 1209//1209 1208//1208
f 1238//1238 1239//1239 1209//1209
f 1239//1239 1210//1210 1209//1209
f 1239//1239 1240//1240 1210//1210
f 1240//1240 1211//1211 1210//1210
f 1240//1240 1241//1241 1211//1211
f 1241//1241 1212//1212 1211//1211
f 1241//1241 1242//1242 1212//1212
f 1242//1242 1213//1213 1212//1212
f 1242//1242 1243//1243 1213//1213
f 1243//1243 1214//1214 1213//1213
f 1243//1243 1244//1244 1214//1214
f 1244//1244 1215//1215 1214//1214
f 1244//1244 1245//1245 1215//1215
f 1245//1245 1216//1216 1215//1215
f 1245//1245 1246//1246 1216//1216
f 1246//1246 1217//1217 1216//1216
f 1246//1246 1247//1247 1217//1217
f 1247//1247 1218//1218 1217//1217
f 1247//1247 1248//1248 1218//1218
f 1248//1248 1219//1219 1218//1218
f 1248//1248 1249//1249 1219//1219
f 1249//1249 1220//1220 1219//1219
f 1249//1249 1250//1250 1220//1220
f 1250//1250 1221//1221 1220//1220
f 1250//1250 1251//1251 1221//1221
f 1251//1251 1222//1222 1221//1221
f 1251//1251 1252//1252 1222//1222
f 1252//1252 1223//1223 1222//1222
f 1252//1252 1253//1253 1223//1223
f 1253//1253 1224//1224 1223//1223
f 1253//1253 1254//1254 1224//1224
f 1254//1254 1225//1225 1224//1224
f 1254//1254 1255//1255 1225//1225
f 1255//1255 1226//1226 1225//1225
f 1255//1255 1256//1256 1226//1226
f 1256//1256 1227//1227 1226//1226
f 1256//1256 1257//1257 1227//1227
f 1257//1257 1228//1228 1227//1227
f 1257//1257 1258//1258 1228//1228
f 1258//1258 1229//1229 1228//1228
f 1258//1258 1259//1259 1229//1229
f 1259//1259 1230//1230 1229//1229
f 1259//1259 1260//1260 1230//1230
f 1260//1260 1201//1201 1230//1230
f 1260//1260 1231//1231 1201//1201
f 2//2 1//1 632//632
f 3//3 2//2 633//633
f 4//4 3//3 634//634
f 5//5 4//4 635//635
f 6//6 5//5 636//636
f 7//7 6//6 637//637
f 8//8 7//7 638//638
f 9//9 8//8 639//639
f 10//10 9//9 640//640
f 11//11 10//10 641//641
f 12//12 11//11 642//642
f 13//13 12//12 643//643
f 14//14 13//13 644//644
f 15//15 14//14 645//645
f 16//16 15//15 646//646
f 17//17 16//16 647//647
f 18//18 17//17 648//648
f 19//19 18//18 649//649
f 20//20 19//19 650//650
f 21//21 20//20 651//651
f 22//22 21//21 652//652
f 23//23 22//22 653//653
f 24//24 23//23 654//654
f 25//25 24//24 655//655
f 26//26 25//25 656//656
f 27//27 26//26 657//657
f 28//28 27//27 658//658
f 29//29 28//28 659//659
f 30//30 29//29 660//660
f 1//1 30//30 631//631
f 1//1 631//631 632//632
f 2//2 632//632 633//633
f 3//3 633//633 634//634
f 4//4 634//634 635//635
f 5//5 635//635 636//636
f 6//6 636//636 637//637
f 7//7 637//637 638//638
f 8//8 638//638 639//639
f 9//9 639//639 640//640
f 10//10 640//640 641//641
f 11//11 641//641 642//642
f 12//12 642//642 643//643
f 13//13 643//643 644//644
f 14//14 644//644 645//645
f 15//15 645//645 646//646
f 16//16 646//646 647//647
f 17//17 647//647 648//648
f 18//18 648//648 649//649
f 19//19 649//649 650//650
f 20//20 650//650 651//651
f 21//21 651//651 652//652
f 22//22 652//652 653//653
f 23//23 653//653 654//654
f 24//24 654//654 655//655
f 25//25 655//655 656//656
f 26//26 656//656 657//657
f 27//27 657//657 658//658
f 28//28 658//658 659//659
f 29//29 659//659 660//660
f 30//30 660//660 631//631
