# Created by Open3D 
# object name: temp_object_441205746
# number of vertices: 1524
# number of triangles: 3040
v 9.71451e-07 -3.10403e-08 0.0331454 0.8 0.8 0.8
vn 3.50826e-13 -4.35151e-13 1
v 8.82822e-07 -3.10403e-08 0.0110485 0.8 0.8 0.8
vn -3.50826e-13 4.35151e-13 -1
v 0.0389851 -3.26894e-08 0.0331044 0.8 0.8 0.8
vn 0.0045337 -5.9064e-06 0.99999
v 0.0388405 0.0350164 0.0331044 0.8 0.8 0.8
vn 0.00507221 4.82657e-05 0.999987
v 0.0384026 0.0429504 0.0331044 0.8 0.8 0.8
vn 0.00437968 0.000338745 0.99999
v 0.0376585 0.0482043 0.0331044 0.8 0.8 0.8
vn 0.00388468 0.000696034 0.999992
v 0.0365835 0.052088 0.0331044 0.8 0.8 0.8
vn 0.00329086 0.00110841 0.999994
v 0.0351353 0.0550577 0.0331044 0.8 0.8 0.8
vn 0.00262127 0.00153743 0.999995
v 0.0332402 0.057327 0.0331044 0.8 0.8 0.8
vn 0.00192117 0.00194491 0.999996
v 0.0307619 0.0590115 0.0331044 0.8 0.8 0.8
vn 0.00124414 0.00229319 0.999997
v 0.027409 0.0601775 0.0331044 0.8 0.8 0.8
vn 0.000646079 0.00253988 0.999997
v 0.0223459 0.0608637 0.0331044 0.8 0.8 0.8
vn 0.000118112 0.00245175 0.999997
v 5.79313e-07 0.0610903 0.0331044 0.8 0.8 0.8
vn 9.2553e-06 0.00289315 0.999996
v -0.0223458 0.0608637 0.0331044 0.8 0.8 0.8
vn -7.56312e-05 0.00323682 0.999995
v -0.0274089 0.0601775 0.0331044 0.8 0.8 0.8
vn -0.000530814 0.00279487 0.999996
v -0.0307618 0.0590115 0.0331044 0.8 0.8 0.8
vn -0.00109068 0.00247899 0.999996
v -0.0332401 0.057327 0.0331044 0.8 0.8 0.8
vn -0.00173687 0.00210004 0.999996
v -0.0351352 0.0550577 0.0331044 0.8 0.8 0.8
vn -0.00240913 0.00167274 0.999996
v -0.0365835 0.052088 0.0331044 0.8 0.8 0.8
vn -0.00304765 0.00122598 0.999995
v -0.0376584 0.0482044 0.0331044 0.8 0.8 0.8
vn -0.0035934 0.000793932 0.999993
v -0.0384025 0.0429504 0.0331044 0.8 0.8 0.8
vn -0.00397996 0.000412288 0.999992
v -0.0388404 0.0350164 0.0331044 0.8 0.8 0.8
vn -0.00384186 7.53721e-05 0.999993
v -0.038985 9.99515e-07 0.0331044 0.8 0.8 0.8
vn -0.00453352 5.90621e-06 0.99999
v -0.0388404 -0.0350165 0.0331044 0.8 0.8 0.8
vn -0.00507205 -4.82629e-05 0.999987
v -0.0384025 -0.0429504 0.0331044 0.8 0.8 0.8
vn -0.00437954 -0.000338734 0.99999
v -0.0376584 -0.0482044 0.0331044 0.8 0.8 0.8
vn -0.00388457 -0.000696014 0.999992
v -0.0365835 -0.0520881 0.0331044 0.8 0.8 0.8
vn -0.00329078 -0.00110838 0.999994
v -0.0351352 -0.0550577 0.0331044 0.8 0.8 0.8
vn -0.00262122 -0.0015374 0.999995
v -0.0332402 -0.0573271 0.0331044 0.8 0.8 0.8
vn -0.00192114 -0.00194488 0.999996
v -0.0307618 -0.0590115 0.0331044 0.8 0.8 0.8
vn -0.00124412 -0.00229317 0.999997
v -0.0274089 -0.0601776 0.0331044 0.8 0.8 0.8
vn -0.000646076 -0.00253987 0.999997
v -0.0223459 -0.0608637 0.0331044 0.8 0.8 0.8
vn -0.000118112 -0.00245175 0.999997
v -6.76825e-07 -0.0610904 0.0331044 0.8 0.8 0.8
vn -9.25531e-06 -0.00289315 0.999996
v 0.0223459 -0.0608637 0.0331044 0.8 0.8 0.8
vn 7.56307e-05 -0.00323683 0.999995
v 0.027409 -0.0601776 0.0331044 0.8 0.8 0.8
vn 0.000530816 -0.00279489 0.999996
v 0.0307619 -0.0590115 0.0331044 0.8 0.8 0.8
vn 0.00109069 -0.00247901 0.999996
v 0.0332402 -0.0573271 0.0331044 0.8 0.8 0.8
vn 0.00173689 -0.00210007 0.999996
v 0.0351353 -0.0550577 0.0331044 0.8 0.8 0.8
vn 0.00240918 -0.00167277 0.999996
v 0.0365835 -0.0520881 0.0331044 0.8 0.8 0.8
vn 0.00304772 -0.00122601 0.999995
v 0.0376585 -0.0482044 0.0331044 0.8 0.8 0.8
vn 0.0035935 -0.000793955 0.999993
v 0.0384026 -0.0429504 0.0331044 0.8 0.8 0.8
vn 0.00398009 -0.000412302 0.999992
v 0.0388405 -0.0350165 0.0331044 0.8 0.8 0.8
vn 0.00384199 -7.53732e-05 0.999993
v 0.0477926 -3.3062e-08 0.0329803 0.8 0.8 0.8
vn 0.0234844 -1.30174e-05 0.999724
v 0.0476153 0.0429274 0.0329803 0.8 0.8 0.8
vn 0.0255072 0.000297394 0.999675
v 0.0470785 0.0526538 0.0329803 0.8 0.8 0.8
vn 0.0223173 0.00187943 0.999749
v 0.0461663 0.0590947 0.0329803 0.8 0.8 0.8
vn 0.0197921 0.003768 0.999797
v 0.0448485 0.0638558 0.0329803 0.8 0.8 0.8
vn 0.0167248 0.00592909 0.999843
v 0.0430731 0.0674964 0.0329803 0.8 0.8 0.8
vn 0.0132645 0.00816648 0.999879
v 0.0407499 0.0702784 0.0329803 0.8 0.8 0.8
vn 0.0096567 0.0102862 0.9999
v 0.0377116 0.0723434 0.0329803 0.8 0.8 0.8
vn 0.00618437 0.0121015 0.999908
v 0.0336013 0.0737729 0.0329803 0.8 0.8 0.8
vn 0.00314159 0.0134187 0.999905
v 0.0273944 0.0746141 0.0329803 0.8 0.8 0.8
vn 0.00052331 0.0134732 0.999909
v 7.00966e-07 0.0748919 0.0329803 0.8 0.8 0.8
vn 2.04016e-05 0.014989 0.999888
v -0.0273943 0.0746141 0.0329803 0.8 0.8 0.8
vn -0.000466104 0.0162807 0.999867
v -0.0336012 0.0737729 0.0329803 0.8 0.8 0.8
vn -0.00294553 0.0142439 0.999894
v -0.0377115 0.0723434 0.0329803 0.8 0.8 0.8
vn -0.00590516 0.0126317 0.999903
v -0.0407498 0.0702785 0.0329803 0.8 0.8 0.8
vn -0.00929153 0.0106736 0.9999
v -0.043073 0.0674964 0.0329803 0.8 0.8 0.8
vn -0.0127971 0.00846484 0.999882
v -0.0448484 0.0638558 0.0329803 0.8 0.8 0.8
vn -0.0161179 0.00616216 0.999851
v -0.0461662 0.0590947 0.0329803 0.8 0.8 0.8
vn -0.0189614 0.00394621 0.999812
v -0.0470784 0.0526538 0.0329803 0.8 0.8 0.8
vn -0.0210247 0.00200456 0.999777
v -0.0476153 0.0429274 0.0329803 0.8 0.8 0.8
vn -0.0211101 0.00033391 0.999777
v -0.0477925 1.23234e-06 0.0329803 0.8 0.8 0.8
vn -0.0234843 1.30174e-05 0.999724
v -0.0476153 -0.0429275 0.0329803 0.8 0.8 0.8
vn -0.0255073 -0.000297387 0.999675
v -0.0470784 -0.0526538 0.0329803 0.8 0.8 0.8
vn -0.0223173 -0.00187943 0.999749
v -0.0461662 -0.0590948 0.0329803 0.8 0.8 0.8
vn -0.0197921 -0.003768 0.999797
v -0.0448485 -0.0638559 0.0329803 0.8 0.8 0.8
vn -0.0167248 -0.00592909 0.999843
v -0.0430731 -0.0674964 0.0329803 0.8 0.8 0.8
vn -0.0132645 -0.00816648 0.999879
v -0.0407498 -0.0702785 0.0329803 0.8 0.8 0.8
vn -0.0096567 -0.0102862 0.9999
v -0.0377115 -0.0723435 0.0329803 0.8 0.8 0.8
vn -0.00618437 -0.0121015 0.999908
v -0.0336012 -0.073773 0.0329803 0.8 0.8 0.8
vn -0.00314159 -0.0134187 0.999905
v -0.0273943 -0.0746142 0.0329803 0.8 0.8 0.8
vn -0.000523314 -0.0134732 0.999909
v -8.38961e-07 -0.074892 0.0329803 0.8 0.8 0.8
vn -2.04016e-05 -0.014989 0.999888
v 0.0273943 -0.0746142 0.0329803 0.8 0.8 0.8
vn 0.000466101 -0.0162807 0.999867
v 0.0336013 -0.073773 0.0329803 0.8 0.8 0.8
vn 0.00294553 -0.0142439 0.999894
v 0.0377116 -0.0723435 0.0329803 0.8 0.8 0.8
vn 0.00590516 -0.0126317 0.999903
v 0.0407499 -0.0702785 0.0329803 0.8 0.8 0.8
vn 0.00929153 -0.0106736 0.9999
v 0.0430731 -0.0674964 0.0329803 0.8 0.8 0.8
vn 0.0127971 -0.00846484 0.999882
v 0.0448485 -0.0638559 0.0329803 0.8 0.8 0.8
vn 0.0161179 -0.00616216 0.999851
v 0.0461663 -0.0590948 0.0329803 0.8 0.8 0.8
vn 0.0189614 -0.00394621 0.999812
v 0.0470785 -0.0526538 0.0329803 0.8 0.8 0.8
vn 0.0210247 -0.00200456 0.999777
v 0.0476153 -0.0429275 0.0329803 0.8 0.8 0.8
vn 0.02111 -0.000333902 0.999777
v 0.0535902 -3.33073e-08 0.0327694 0.8 0.8 0.8
vn 0.0518275 -1.94565e-05 0.998656
v 0.0533914 0.0481347 0.0327694 0.8 0.8 0.8
vn 0.055003 0.000673245 0.998486
v 0.0527894 0.059041 0.0327694 0.8 0.8 0.8
vn 0.0488667 0.00419908 0.998796
v 0.0517666 0.0662633 0.0327694 0.8 0.8 0.8
vn 0.0434277 0.00838792 0.999021
v 0.0502889 0.0716019 0.0327694 0.8 0.8 0.8
vn 0.0367226 0.0131784 0.999239
v 0.0482982 0.0756841 0.0327694 0.8 0.8 0.8
vn 0.0291244 0.0181397 0.999411
v 0.0456931 0.0788036 0.0327694 0.8 0.8 0.8
vn 0.0211888 0.0228464 0.999514
v 0.0422863 0.0811191 0.0327694 0.8 0.8 0.8
vn 0.0135485 0.026894 0.999546
v 0.0376773 0.082722 0.0327694 0.8 0.8 0.8
vn 0.00685836 0.0298834 0.99953
v 0.0307174 0.0836652 0.0327694 0.8 0.8 0.8
vn 0.00112935 0.0305686 0.999532
v 7.81043e-07 0.0839767 0.0327694 0.8 0.8 0.8
vn 3.05123e-05 0.0331002 0.999452
v -0.0307173 0.0836652 0.0327694 0.8 0.8 0.8
vn -0.00105592 0.0351319 0.999382
v -0.0376772 0.082722 0.0327694 0.8 0.8 0.8
vn -0.00658462 0.0312062 0.999491
v -0.0422862 0.0811191 0.0327694 0.8 0.8 0.8
vn -0.0131507 0.0277277 0.999529
v -0.045693 0.0788037 0.0327694 0.8 0.8 0.8
vn -0.0206565 0.0234411 0.999512
v -0.0482981 0.0756841 0.0327694 0.8 0.8 0.8
vn -0.0284256 0.0185861 0.999423
v -0.0502888 0.0716019 0.0327694 0.8 0.8 0.8
vn -0.0357919 0.0135184 0.999268
v -0.0517665 0.0662633 0.0327694 0.8 0.8 0.8
vn -0.0421235 0.00864193 0.999075
v -0.0527893 0.059041 0.0327694 0.8 0.8 0.8
vn -0.0467981 0.00437391 0.998895
v -0.0533913 0.0481347 0.0327694 0.8 0.8 0.8
vn -0.0478691 0.000720216 0.998853
v -0.0535901 1.38559e-06 0.0327694 0.8 0.8 0.8
vn -0.0518273 1.94565e-05 0.998656
v -0.0533913 -0.0481348 0.0327694 0.8 0.8 0.8
vn -0.055003 -0.000673229 0.998486
v -0.0527893 -0.0590411 0.0327694 0.8 0.8 0.8
vn -0.0488667 -0.00419908 0.998796
v -0.0517665 -0.0662634 0.0327694 0.8 0.8 0.8
vn -0.0434277 -0.00838792 0.999021
v -0.0502888 -0.071602 0.0327694 0.8 0.8 0.8
vn -0.0367226 -0.0131784 0.999239
v -0.0482981 -0.0756841 0.0327694 0.8 0.8 0.8
vn -0.0291244 -0.0181397 0.999411
v -0.045693 -0.0788037 0.0327694 0.8 0.8 0.8
vn -0.0211888 -0.0228464 0.999514
v -0.0422862 -0.0811192 0.0327694 0.8 0.8 0.8
vn -0.0135485 -0.026894 0.999546
v -0.0376772 -0.082722 0.0327694 0.8 0.8 0.8
vn -0.00685836 -0.0298834 0.99953
v -0.0307174 -0.0836653 0.0327694 0.8 0.8 0.8
vn -0.00112936 -0.0305686 0.999532
v -9.45686e-07 -0.0839768 0.0327694 0.8 0.8 0.8
vn -3.05123e-05 -0.0331001 0.999452
v 0.0307174 -0.0836653 0.0327694 0.8 0.8 0.8
vn 0.00105591 -0.0351319 0.999382
v 0.0376773 -0.082722 0.0327694 0.8 0.8 0.8
vn 0.00658462 -0.0312062 0.999491
v 0.0422862 -0.0811192 0.0327694 0.8 0.8 0.8
vn 0.0131507 -0.0277277 0.999529
v 0.0456931 -0.0788037 0.0327694 0.8 0.8 0.8
vn 0.0206565 -0.0234411 0.999512
v 0.0482981 -0.0756841 0.0327694 0.8 0.8 0.8
vn 0.0284256 -0.0185861 0.999423
v 0.0502889 -0.071602 0.0327694 0.8 0.8 0.8
vn 0.0357919 -0.0135184 0.999268
v 0.0517666 -0.0662634 0.0327694 0.8 0.8 0.8
vn 0.0421235 -0.00864193 0.999075
v 0.0527894 -0.0590411 0.0327694 0.8 0.8 0.8
vn 0.0467981 -0.00437391 0.998895
v 0.0533914 -0.0481348 0.0327694 0.8 0.8 0.8
vn 0.047869 -0.000720199 0.998853
v 0.0578316 -3.34867e-08 0.0324648 0.8 0.8 0.8
vn 0.0963893 -2.79771e-05 0.995344
v 0.0576171 0.0519444 0.0324648 0.8 0.8 0.8
vn 0.101362 0.0012698 0.994849
v 0.0569675 0.0637138 0.0324648 0.8 0.8 0.8
vn 0.0906255 0.00786233 0.995854
v 0.0558637 0.0715077 0.0324648 0.8 0.8 0.8
vn 0.0806325 0.0156811 0.996621
v 0.0542691 0.0772689 0.0324648 0.8 0.8 0.8
vn 0.0682243 0.0246259 0.997366
v 0.0521207 0.0816741 0.0324648 0.8 0.8 0.8
vn 0.0541194 0.0338938 0.997959
v 0.0493095 0.0850406 0.0324648 0.8 0.8 0.8
vn 0.0393637 0.0426898 0.998313
v 0.045633 0.0875394 0.0324648 0.8 0.8 0.8
vn 0.025148 0.0502613 0.998419
v 0.0406593 0.0892691 0.0324648 0.8 0.8 0.8
vn 0.0127044 0.055884 0.998356
v 0.0331486 0.090287 0.0324648 0.8 0.8 0.8
vn 0.00207681 0.0575604 0.99834
v 8.39627e-07 0.0906231 0.0324648 0.8 0.8 0.8
vn 4.39607e-05 0.0616812 0.998096
v -0.0331485 0.090287 0.0324648 0.8 0.8 0.8
vn -0.00199585 0.0648824 0.997891
v -0.0406592 0.0892691 0.0324648 0.8 0.8 0.8
vn -0.01235 0.0579717 0.998242
v -0.0456329 0.0875394 0.0324648 0.8 0.8 0.8
vn -0.0246157 0.0515461 0.998367
v -0.0493094 0.0850406 0.0324648 0.8 0.8 0.8
vn -0.0386255 0.0435785 0.998303
v -0.0521207 0.0816741 0.0324648 0.8 0.8 0.8
vn -0.053114 0.0345376 0.997991
v -0.054269 0.0772689 0.0324648 0.8 0.8 0.8
vn -0.0668378 0.0250984 0.997448
v -0.0558636 0.0715078 0.0324648 0.8 0.8 0.8
vn -0.0786307 0.0160219 0.996775
v -0.0569674 0.0637138 0.0324648 0.8 0.8 0.8
vn -0.0873772 0.00808941 0.996142
v -0.057617 0.0519444 0.0324648 0.8 0.8 0.8
vn -0.0899818 0.00132215 0.995943
v -0.0578315 1.49771e-06 0.0324648 0.8 0.8 0.8
vn -0.096389 2.79771e-05 0.995344
v -0.057617 -0.0519445 0.0324648 0.8 0.8 0.8
vn -0.101362 -0.00126977 0.994849
v -0.0569674 -0.0637139 0.0324648 0.8 0.8 0.8
vn -0.0906255 -0.00786233 0.995854
v -0.0558636 -0.0715078 0.0324648 0.8 0.8 0.8
vn -0.0806325 -0.0156811 0.996621
v -0.054269 -0.077269 0.0324648 0.8 0.8 0.8
vn -0.0682243 -0.0246259 0.997366
v -0.0521207 -0.0816742 0.0324648 0.8 0.8 0.8
vn -0.0541194 -0.0338938 0.997959
v -0.0493094 -0.0850407 0.0324648 0.8 0.8 0.8
vn -0.0393637 -0.0426898 0.998313
v -0.0456329 -0.0875394 0.0324648 0.8 0.8 0.8
vn -0.025148 -0.0502613 0.998419
v -0.0406592 -0.0892691 0.0324648 0.8 0.8 0.8
vn -0.0127044 -0.055884 0.998356
v -0.0331485 -0.090287 0.0324648 0.8 0.8 0.8
vn -0.00207683 -0.0575604 0.99834
v -1.02376e-06 -0.0906232 0.0324648 0.8 0.8 0.8
vn -4.39607e-05 -0.0616811 0.998096
v 0.0331486 -0.090287 0.0324648 0.8 0.8 0.8
vn 0.00199584 -0.0648824 0.997891
v 0.0406593 -0.0892691 0.0324648 0.8 0.8 0.8
vn 0.01235 -0.0579717 0.998242
v 0.045633 -0.0875394 0.0324648 0.8 0.8 0.8
vn 0.0246157 -0.0515461 0.998367
v 0.0493095 -0.0850407 0.0324648 0.8 0.8 0.8
vn 0.0386255 -0.0435785 0.998303
v 0.0521207 -0.0816742 0.0324648 0.8 0.8 0.8
vn 0.053114 -0.0345376 0.997991
v 0.0542691 -0.077269 0.0324648 0.8 0.8 0.8
vn 0.0668378 -0.0250984 0.997448
v 0.0558636 -0.0715078 0.0324648 0.8 0.8 0.8
vn 0.0786307 -0.0160219 0.996775
v 0.0569675 -0.0637139 0.0324648 0.8 0.8 0.8
vn 0.0873772 -0.00808941 0.996142
v 0.057617 -0.0519445 0.0324648 0.8 0.8 0.8
vn 0.0899817 -0.00132212 0.995943
v 0.0610202 -3.36216e-08 0.0320543 0.8 0.8 0.8
vn 0.16881 -4.14487e-05 0.985649
v 0.0607939 0.0548084 0.0320543 0.8 0.8 0.8
vn 0.177114 0.00224599 0.984188
v 0.0601085 0.0672268 0.0320543 0.8 0.8 0.8
vn 0.158757 0.0138426 0.987221
v 0.0589438 0.0754504 0.0320543 0.8 0.8 0.8
vn 0.141463 0.0276105 0.989558
v 0.0572613 0.0815292 0.0320543 0.8 0.8 0.8
vn 0.119856 0.0433946 0.991842
v 0.0549945 0.0861774 0.0320543 0.8 0.8 0.8
vn 0.095165 0.0597725 0.993665
v 0.0520283 0.0897295 0.0320543 0.8 0.8 0.8
vn 0.0692377 0.0753168 0.994753
v 0.0481491 0.092366 0.0320543 0.8 0.8 0.8
vn 0.0442103 0.0886768 0.995079
v 0.0429011 0.0941911 0.0320543 0.8 0.8 0.8
vn 0.0222987 0.0985774 0.99488
v 0.0349763 0.0952651 0.0320543 0.8 0.8 0.8
vn 0.00362231 0.101647 0.994814
v 8.8367e-07 0.0956198 0.0320543 0.8 0.8 0.8
vn 6.55044e-05 0.108648 0.99408
v -0.0349762 0.0952651 0.0320543 0.8 0.8 0.8
vn -0.00355262 0.114091 0.993464
v -0.042901 0.0941911 0.0320543 0.8 0.8 0.8
vn -0.0218524 0.102063 0.994538
v -0.048149 0.092366 0.0320543 0.8 0.8 0.8
vn -0.0435008 0.0907648 0.994922
v -0.0520282 0.0897295 0.0320543 0.8 0.8 0.8
vn -0.0681974 0.0767082 0.994719
v -0.0549944 0.0861774 0.0320543 0.8 0.8 0.8
vn -0.0936726 0.060735 0.993749
v -0.0572612 0.0815292 0.0320543 0.8 0.8 0.8
vn -0.117705 0.0440652 0.99207
v -0.0589437 0.0754504 0.0320543 0.8 0.8 0.8
vn -0.138249 0.028069 0.99
v -0.0601084 0.0672268 0.0320543 0.8 0.8 0.8
vn -0.153414 0.0141325 0.988061
v -0.0607938 0.0548084 0.0320543 0.8 0.8 0.8
vn -0.1581 0.00229442 0.987421
v -0.0610201 1.58201e-06 0.0320543 0.8 0.8 0.8
vn -0.168809 4.14487e-05 0.985649
v -0.0607938 -0.0548085 0.0320543 0.8 0.8 0.8
vn -0.177114 -0.00224594 0.984188
v -0.0601084 -0.0672269 0.0320543 0.8 0.8 0.8
vn -0.158757 -0.0138426 0.987221
v -0.0589437 -0.0754505 0.0320543 0.8 0.8 0.8
vn -0.141463 -0.0276105 0.989558
v -0.0572612 -0.0815293 0.0320543 0.8 0.8 0.8
vn -0.119856 -0.0433946 0.991842
v -0.0549944 -0.0861774 0.0320543 0.8 0.8 0.8
vn -0.095165 -0.0597725 0.993665
v -0.0520282 -0.0897295 0.0320543 0.8 0.8 0.8
vn -0.0692377 -0.0753168 0.994753
v -0.048149 -0.092366 0.0320543 0.8 0.8 0.8
vn -0.0442103 -0.0886768 0.995079
v -0.042901 -0.0941911 0.0320543 0.8 0.8 0.8
vn -0.0222987 -0.0985774 0.99488
v -0.0349762 -0.0952652 0.0320543 0.8 0.8 0.8
vn -0.00362233 -0.101647 0.994814
v -1.08246e-06 -0.0956199 0.0320543 0.8 0.8 0.8
vn -6.55044e-05 -0.108648 0.99408
v 0.0349763 -0.0952652 0.0320543 0.8 0.8 0.8
vn 0.0035526 -0.114091 0.993464
v 0.0429011 -0.0941911 0.0320543 0.8 0.8 0.8
vn 0.0218524 -0.102063 0.994538
v 0.0481491 -0.0923661 0.0320543 0.8 0.8 0.8
vn 0.0435008 -0.0907648 0.994922
v 0.0520283 -0.0897295 0.0320543 0.8 0.8 0.8
vn 0.0681974 -0.0767082 0.994719
v 0.0549945 -0.0861774 0.0320543 0.8 0.8 0.8
vn 0.0936726 -0.060735 0.993749
v 0.0572613 -0.0815293 0.0320543 0.8 0.8 0.8
vn 0.117705 -0.0440652 0.99207
v 0.0589438 -0.0754505 0.0320543 0.8 0.8 0.8
vn 0.138249 -0.028069 0.99
v 0.0601085 -0.0672269 0.0320543 0.8 0.8 0.8
vn 0.153414 -0.0141325 0.988061
v 0.0607939 -0.0548085 0.0320543 0.8 0.8 0.8
vn 0.1581 -0.00229437 0.987421
v 0.0633876 -3.37218e-08 0.0315173 0.8 0.8 0.8
vn 0.294782 -6.67674e-05 0.955565
v 0.0631525 0.0569348 0.0315173 0.8 0.8 0.8
vn 0.309958 0.00395107 0.950742
v 0.0624405 0.069835 0.0315173 0.8 0.8 0.8
vn 0.278464 0.0243322 0.960138
v 0.0612306 0.0783777 0.0315173 0.8 0.8 0.8
vn 0.249166 0.0487063 0.967235
v 0.0594828 0.0846923 0.0315173 0.8 0.8 0.8
vn 0.212029 0.0768663 0.974236
v 0.0571281 0.0895208 0.0315173 0.8 0.8 0.8
vn 0.168932 0.106236 0.979886
v 0.0540468 0.0932107 0.0315173 0.8 0.8 0.8
vn 0.12313 0.134114 0.983286
v 0.0500171 0.0959495 0.0315173 0.8 0.8 0.8
vn 0.0786179 0.157932 0.984315
v 0.0445655 0.0978454 0.0315173 0.8 0.8 0.8
vn 0.0395812 0.175352 0.98371
v 0.0363333 0.0989611 0.0315173 0.8 0.8 0.8
vn 0.00638442 0.180103 0.983627
v 9.16369e-07 0.0993295 0.0315173 0.8 0.8 0.8
vn 0.000107425 0.193156 0.981168
v -0.0363332 0.0989611 0.0315173 0.8 0.8 0.8
vn -0.00637542 0.203684 0.979016
v -0.0445654 0.0978454 0.0315173 0.8 0.8 0.8
vn -0.0390191 0.181851 0.982552
v -0.050017 0.0959495 0.0315173 0.8 0.8 0.8
vn -0.0776292 0.161726 0.983778
v -0.0540467 0.0932107 0.0315173 0.8 0.8 0.8
vn -0.121553 0.136545 0.983148
v -0.057128 0.0895208 0.0315173 0.8 0.8 0.8
vn -0.166514 0.107831 0.980125
v -0.0594827 0.0846923 0.0315173 0.8 0.8 0.8
vn -0.208376 0.0779089 0.974941
v -0.0612305 0.0783777 0.0315173 0.8 0.8 0.8
vn -0.24354 0.049371 0.968633
v -0.0624404 0.069835 0.0315173 0.8 0.8 0.8
vn -0.268949 0.0247229 0.962837
v -0.0631524 0.0569348 0.0315173 0.8 0.8 0.8
vn -0.275793 0.0039814 0.961209
v -0.0633875 1.64459e-06 0.0315173 0.8 0.8 0.8
vn -0.294781 6.67674e-05 0.955565
v -0.0631524 -0.0569349 0.0315173 0.8 0.8 0.8
vn -0.309959 -0.00395098 0.950742
v -0.0624404 -0.069835 0.0315173 0.8 0.8 0.8
vn -0.278464 -0.0243322 0.960138
v -0.0612305 -0.0783777 0.0315173 0.8 0.8 0.8
vn -0.249166 -0.0487063 0.967235
v -0.0594828 -0.0846924 0.0315173 0.8 0.8 0.8
vn -0.212029 -0.0768663 0.974236
v -0.057128 -0.0895208 0.0315173 0.8 0.8 0.8
vn -0.168932 -0.106236 0.979886
v -0.0540467 -0.0932107 0.0315173 0.8 0.8 0.8
vn -0.12313 -0.134114 0.983286
v -0.050017 -0.0959495 0.0315173 0.8 0.8 0.8
vn -0.0786179 -0.157932 0.984315
v -0.0445655 -0.0978454 0.0315173 0.8 0.8 0.8
vn -0.0395812 -0.175352 0.98371
v -0.0363332 -0.0989611 0.0315173 0.8 0.8 0.8
vn -0.00638446 -0.180103 0.983627
v -1.12604e-06 -0.0993296 0.0315173 0.8 0.8 0.8
vn -0.000107425 -0.193156 0.981168
v 0.0363332 -0.0989611 0.0315173 0.8 0.8 0.8
vn 0.00637538 -0.203684 0.979016
v 0.0445655 -0.0978454 0.0315173 0.8 0.8 0.8
vn 0.0390191 -0.181851 0.982552
v 0.0500171 -0.0959496 0.0315173 0.8 0.8 0.8
vn 0.0776292 -0.161726 0.983778
v 0.0540468 -0.0932107 0.0315173 0.8 0.8 0.8
vn 0.121553 -0.136545 0.983148
v 0.0571281 -0.0895208 0.0315173 0.8 0.8 0.8
vn 0.166514 -0.107831 0.980125
v 0.0594828 -0.0846924 0.0315173 0.8 0.8 0.8
vn 0.208376 -0.0779089 0.974941
v 0.0612306 -0.0783777 0.0315173 0.8 0.8 0.8
vn 0.24354 -0.049371 0.968633
v 0.0624405 -0.069835 0.0315173 0.8 0.8 0.8
vn 0.268949 -0.0247229 0.962837
v 0.0631525 -0.0569349 0.0315173 0.8 0.8 0.8
vn 0.275793 -0.00398131 0.961209
v 0.0650512 -3.37921e-08 0.0308149 0.8 0.8 0.8
vn 0.526678 -0.000123192 0.850065
v 0.0648099 0.0584291 0.0308149 0.8 0.8 0.8
vn 0.554811 0.00705796 0.831946
v 0.0640792 0.0716678 0.0308149 0.8 0.8 0.8
vn 0.504617 0.0440567 0.862218
v 0.0628376 0.0804347 0.0308149 0.8 0.8 0.8
vn 0.458575 0.0895875 0.884128
v 0.0610439 0.086915 0.0308149 0.8 0.8 0.8
vn 0.396761 0.143764 0.906594
v 0.0586274 0.0918702 0.0308149 0.8 0.8 0.8
vn 0.320549 0.201487 0.925555
v 0.0554652 0.095657 0.0308149 0.8 0.8 0.8
vn 0.235586 0.256474 0.937401
v 0.0513298 0.0984677 0.0308149 0.8 0.8 0.8
vn 0.150689 0.302533 0.941152
v 0.0457352 0.100413 0.0308149 0.8 0.8 0.8
vn 0.0756149 0.334711 0.939282
v 0.0372868 0.101558 0.0308149 0.8 0.8 0.8
vn 0.0120749 0.339934 0.940372
v 9.39347e-07 0.101936 0.0308149 0.8 0.8 0.8
vn 0.000211179 0.367686 0.92995
v -0.0372867 0.101558 0.0308149 0.8 0.8 0.8
vn -0.0122313 0.391559 0.920072
v -0.0457351 0.100413 0.0308149 0.8 0.8 0.8
vn -0.0747991 0.348897 0.934171
v -0.0513297 0.0984677 0.0308149 0.8 0.8 0.8
vn -0.149057 0.310718 0.938742
v -0.0554651 0.095657 0.0308149 0.8 0.8 0.8
vn -0.23276 0.2616 0.93669
v -0.0586273 0.0918702 0.0308149 0.8 0.8 0.8
vn -0.316021 0.204746 0.926396
v -0.0610438 0.086915 0.0308149 0.8 0.8 0.8
vn -0.389836 0.145828 0.909265
v -0.0628375 0.0804347 0.0308149 0.8 0.8 0.8
vn -0.448006 0.0908748 0.8894
v -0.0640791 0.0716678 0.0308149 0.8 0.8 0.8
vn -0.487052 0.0448089 0.872223
v -0.0648098 0.0584291 0.0308149 0.8 0.8 0.8
vn -0.492864 0.00712969 0.870077
v -0.0650511 1.68856e-06 0.0308149 0.8 0.8 0.8
vn -0.526677 0.000123192 0.850066
v -0.0648098 -0.0584291 0.0308149 0.8 0.8 0.8
vn -0.554812 -0.0070578 0.831946
v -0.0640791 -0.0716678 0.0308149 0.8 0.8 0.8
vn -0.504617 -0.0440567 0.862218
v -0.0628375 -0.0804347 0.0308149 0.8 0.8 0.8
vn -0.458575 -0.0895875 0.884128
v -0.0610439 -0.0869151 0.0308149 0.8 0.8 0.8
vn -0.396761 -0.143764 0.906594
v -0.0586273 -0.0918703 0.0308149 0.8 0.8 0.8
vn -0.320549 -0.201487 0.925555
v -0.0554652 -0.095657 0.0308149 0.8 0.8 0.8
vn -0.235586 -0.256474 0.937401
v -0.0513297 -0.0984677 0.0308149 0.8 0.8 0.8
vn -0.150689 -0.302533 0.941152
v -0.0457351 -0.100413 0.0308149 0.8 0.8 0.8
vn -0.0756149 -0.334711 0.939282
v -0.0372867 -0.101558 0.0308149 0.8 0.8 0.8
vn -0.012075 -0.339934 0.940372
v -1.15667e-06 -0.101936 0.0308149 0.8 0.8 0.8
vn -0.000211179 -0.367686 0.92995
v 0.0372868 -0.101558 0.0308149 0.8 0.8 0.8
vn 0.0122312 -0.39156 0.920071
v 0.0457351 -0.100413 0.0308149 0.8 0.8 0.8
vn 0.0747991 -0.348897 0.934171
v 0.0513298 -0.0984677 0.0308149 0.8 0.8 0.8
vn 0.149057 -0.310718 0.938742
v 0.0554652 -0.095657 0.0308149 0.8 0.8 0.8
vn 0.23276 -0.2616 0.93669
v 0.0586274 -0.0918703 0.0308149 0.8 0.8 0.8
vn 0.316021 -0.204746 0.926396
v 0.0610439 -0.0869151 0.0308149 0.8 0.8 0.8
vn 0.389836 -0.145828 0.909265
v 0.0628376 -0.0804347 0.0308149 0.8 0.8 0.8
vn 0.448006 -0.0908748 0.8894
v 0.0640792 -0.0716679 0.0308149 0.8 0.8 0.8
vn 0.487052 -0.0448089 0.872223
v 0.0648099 -0.0584291 0.0308149 0.8 0.8 0.8
vn 0.492864 -0.00712952 0.870077
v 0.0660621 -3.38349e-08 0.0298647 0.8 0.8 0.8
vn 0.87154 -0.000255078 0.490324
v 0.0658171 0.0593371 0.0298647 0.8 0.8 0.8
vn 0.898591 0.0112495 0.438643
v 0.065075 0.0727815 0.0298647 0.8 0.8 0.8
vn 0.860668 0.074648 0.503665
v 0.0638141 0.0816847 0.0298647 0.8 0.8 0.8
vn 0.821757 0.159781 0.546979
v 0.0619926 0.0882657 0.0298647 0.8 0.8 0.8
vn 0.75419 0.272183 0.59759
v 0.0595385 0.0932979 0.0298647 0.8 0.8 0.8
vn 0.645329 0.404092 0.648274
v 0.0563272 0.0971435 0.0298647 0.8 0.8 0.8
vn 0.493626 0.535246 0.685452
v 0.0521275 0.0999979 0.0298647 0.8 0.8 0.8
vn 0.319798 0.63903 0.69955
v 0.0464459 0.101974 0.0298647 0.8 0.8 0.8
vn 0.159138 0.699825 0.696362
v 0.0378663 0.103137 0.0298647 0.8 0.8 0.8
vn 0.0252072 0.698169 0.715489
v 9.5331e-07 0.103521 0.0298647 0.8 0.8 0.8
vn 0.000539078 0.750117 0.661305
v -0.0378662 0.103137 0.0298647 0.8 0.8 0.8
vn -0.0244092 0.794034 0.607382
v -0.0464458 0.101974 0.0298647 0.8 0.8 0.8
vn -0.15507 0.728107 0.667692
v -0.0521274 0.0999979 0.0298647 0.8 0.8 0.8
vn -0.313741 0.657113 0.685397
v -0.0563271 0.0971435 0.0298647 0.8 0.8 0.8
vn -0.48585 0.548241 0.680721
v -0.0595384 0.0932979 0.0298647 0.8 0.8 0.8
vn -0.636146 0.413722 0.65127
v -0.0619925 0.0882657 0.0298647 0.8 0.8 0.8
vn -0.743513 0.279244 0.607628
v -0.063814 0.0816847 0.0298647 0.8 0.8 0.8
vn -0.808567 0.164787 0.564858
v -0.0650749 0.0727815 0.0298647 0.8 0.8 0.8
vn -0.841616 0.0779382 0.534423
v -0.065817 0.0593371 0.0298647 0.8 0.8 0.8
vn -0.836853 0.0123046 0.54729
v -0.066062 1.71529e-06 0.0298647 0.8 0.8 0.8
vn -0.871539 0.000255078 0.490327
v -0.065817 -0.0593371 0.0298647 0.8 0.8 0.8
vn -0.898591 -0.0112493 0.438642
v -0.065075 -0.0727816 0.0298647 0.8 0.8 0.8
vn -0.860668 -0.074648 0.503665
v -0.063814 -0.0816847 0.0298647 0.8 0.8 0.8
vn -0.821757 -0.159781 0.546979
v -0.0619925 -0.0882658 0.0298647 0.8 0.8 0.8
vn -0.75419 -0.272183 0.59759
v -0.0595384 -0.093298 0.0298647 0.8 0.8 0.8
vn -0.645329 -0.404092 0.648274
v -0.0563271 -0.0971436 0.0298647 0.8 0.8 0.8
vn -0.493626 -0.535246 0.685452
v -0.0521274 -0.099998 0.0298647 0.8 0.8 0.8
vn -0.319798 -0.63903 0.69955
v -0.0464458 -0.101974 0.0298647 0.8 0.8 0.8
vn -0.159138 -0.699825 0.696362
v -0.0378662 -0.103137 0.0298647 0.8 0.8 0.8
vn -0.0252074 -0.698169 0.715489
v -1.17528e-06 -0.103521 0.0298647 0.8 0.8 0.8
vn -0.000539078 -0.750116 0.661306
v 0.0378662 -0.103137 0.0298647 0.8 0.8 0.8
vn 0.024409 -0.794035 0.607382
v 0.0464459 -0.101974 0.0298647 0.8 0.8 0.8
vn 0.15507 -0.728107 0.667692
v 0.0521275 -0.099998 0.0298647 0.8 0.8 0.8
vn 0.313741 -0.657113 0.685397
v 0.0563272 -0.0971436 0.0298647 0.8 0.8 0.8
vn 0.48585 -0.548241 0.680721
v 0.0595385 -0.093298 0.0298647 0.8 0.8 0.8
vn 0.636146 -0.413722 0.65127
v 0.0619926 -0.0882658 0.0298647 0.8 0.8 0.8
vn 0.743513 -0.279244 0.607628
v 0.0638141 -0.0816847 0.0298647 0.8 0.8 0.8
vn 0.808567 -0.164787 0.564858
v 0.065075 -0.0727816 0.0298647 0.8 0.8 0.8
vn 0.841616 -0.0779382 0.534423
v 0.065817 -0.0593372 0.0298647 0.8 0.8 0.8
vn 0.836852 -0.0123043 0.54729
v 0.0663963 -3.3849e-08 0.0284298 0.8 0.8 0.8
vn 0.986862 -0.000836863 -0.161565
v 0.06615 0.0596372 0.0284298 0.8 0.8 0.8
vn 0.982104 0.0105737 -0.188041
v 0.0654042 0.0731497 0.0284298 0.8 0.8 0.8
vn 0.98033 0.0798582 -0.180489
v 0.0641369 0.0820978 0.0284298 0.8 0.8 0.8
vn 0.964592 0.179329 -0.193401
v 0.0623062 0.0887122 0.0284298 0.8 0.8 0.8
vn 0.922684 0.320602 -0.214168
v 0.0598397 0.0937698 0.0284298 0.8 0.8 0.8
vn 0.831205 0.5021 -0.238735
v 0.0566121 0.0976349 0.0284298 0.8 0.8 0.8
vn 0.668195 0.697681 -0.258373
v 0.0523911 0.100504 0.0284298 0.8 0.8 0.8
vn 0.447268 0.854886 -0.262908
v 0.0466808 0.10249 0.0284298 0.8 0.8 0.8
vn 0.227581 0.940878 -0.250908
v 0.0380578 0.103658 0.0284298 0.8 0.8 0.8
vn 0.0413149 0.978768 -0.200763
v 9.57926e-07 0.104044 0.0284298 0.8 0.8 0.8
vn 0.00201699 0.968631 -0.248497
v -0.0380577 0.103658 0.0284298 0.8 0.8 0.8
vn -0.0253136 0.95751 -0.287285
v -0.0466807 0.10249 0.0284298 0.8 0.8 0.8
vn -0.188738 0.943544 -0.272217
v -0.052391 0.100504 0.0284298 0.8 0.8 0.8
vn -0.399299 0.874666 -0.274809
v -0.056612 0.0976349 0.0284298 0.8 0.8 0.8
vn -0.625565 0.733179 -0.266678
v -0.0598396 0.0937698 0.0284298 0.8 0.8 0.8
vn -0.804109 0.542105 -0.243987
v -0.0623061 0.0887122 0.0284298 0.8 0.8 0.8
vn -0.909853 0.354869 -0.215024
v -0.0641368 0.0820978 0.0284298 0.8 0.8 0.8
vn -0.960512 0.204651 -0.188506
v -0.0654041 0.0731497 0.0284298 0.8 0.8 0.8
vn -0.981211 0.0966533 -0.166982
v -0.0661499 0.0596372 0.0284298 0.8 0.8 0.8
vn -0.991397 0.0170423 -0.129771
v -0.0663962 1.72412e-06 0.0284298 0.8 0.8 0.8
vn -0.986862 0.000836868 -0.161564
v -0.0661499 -0.0596373 0.0284298 0.8 0.8 0.8
vn -0.982104 -0.0105735 -0.188041
v -0.0654041 -0.0731497 0.0284298 0.8 0.8 0.8
vn -0.98033 -0.0798582 -0.180489
v -0.0641368 -0.0820979 0.0284298 0.8 0.8 0.8
vn -0.964592 -0.179329 -0.193401
v -0.0623061 -0.0887122 0.0284298 0.8 0.8 0.8
vn -0.922684 -0.320602 -0.214168
v -0.0598396 -0.0937699 0.0284298 0.8 0.8 0.8
vn -0.831205 -0.5021 -0.238735
v -0.056612 -0.0976349 0.0284298 0.8 0.8 0.8
vn -0.668195 -0.697681 -0.258373
v -0.052391 -0.100504 0.0284298 0.8 0.8 0.8
vn -0.447268 -0.854886 -0.262908
v -0.0466807 -0.10249 0.0284298 0.8 0.8 0.8
vn -0.227581 -0.940878 -0.250908
v -0.0380577 -0.103658 0.0284298 0.8 0.8 0.8
vn -0.0413152 -0.978768 -0.200764
v -1.18143e-06 -0.104044 0.0284298 0.8 0.8 0.8
vn -0.00201699 -0.968631 -0.248496
v 0.0380578 -0.103658 0.0284298 0.8 0.8 0.8
vn 0.0253135 -0.95751 -0.287285
v 0.0466808 -0.10249 0.0284298 0.8 0.8 0.8
vn 0.188738 -0.943544 -0.272217
v 0.0523911 -0.100504 0.0284298 0.8 0.8 0.8
vn 0.399299 -0.874666 -0.274809
v 0.0566121 -0.0976349 0.0284298 0.8 0.8 0.8
vn 0.625565 -0.733179 -0.266678
v 0.0598397 -0.0937699 0.0284298 0.8 0.8 0.8
vn 0.804109 -0.542105 -0.243987
v 0.0623061 -0.0887123 0.0284298 0.8 0.8 0.8
vn 0.909853 -0.354869 -0.215024
v 0.0641369 -0.0820979 0.0284298 0.8 0.8 0.8
vn 0.960512 -0.204651 -0.188506
v 0.0654042 -0.0731497 0.0284298 0.8 0.8 0.8
vn 0.981211 -0.0966533 -0.166982
v 0.06615 -0.0596373 0.0284298 0.8 0.8 0.8
vn 0.991398 -0.0170419 -0.129771
v 0.0647868 -3.37809e-08 0.0220971 0.8 0.8 0.8
vn 0.95998 3.77093e-05 -0.280068
v 0.0645464 0.0581916 0.0220971 0.8 0.8 0.8
vn 0.957176 0.0131225 -0.28921
v 0.0638187 0.0713765 0.0220971 0.8 0.8 0.8
vn 0.949345 0.0854619 -0.302391
v 0.0625822 0.0801077 0.0220971 0.8 0.8 0.8
vn 0.926089 0.18494 -0.328872
v 0.0607958 0.0865617 0.0220971 0.8 0.8 0.8
vn 0.87328 0.322373 -0.365319
v 0.0583891 0.0914968 0.0220971 0.8 0.8 0.8
vn 0.770014 0.49264 -0.405442
v 0.0552398 0.0952681 0.0220971 0.8 0.8 0.8
vn 0.602646 0.668396 -0.435964
v 0.0511211 0.0980674 0.0220971 0.8 0.8 0.8
vn 0.392418 0.805315 -0.444382
v 0.0455492 0.100005 0.0220971 0.8 0.8 0.8
vn 0.192927 0.88048 -0.433052
v 0.0371352 0.101145 0.0220971 0.8 0.8 0.8
vn 0.0300447 0.911933 -0.409238
v 9.35695e-07 0.101522 0.0220971 0.8 0.8 0.8
vn -8.77425e-05 0.909466 -0.415779
v -0.0371351 0.101145 0.0220971 0.8 0.8 0.8
vn -0.0304118 0.903393 -0.427733
v -0.0455491 0.100005 0.0220971 0.8 0.8 0.8
vn -0.194026 0.877733 -0.438109
v -0.051121 0.0980674 0.0220971 0.8 0.8 0.8
vn -0.39386 0.803184 -0.446956
v -0.0552397 0.0952681 0.0220971 0.8 0.8 0.8
vn -0.604125 0.666457 -0.436883
v -0.058389 0.0914968 0.0220971 0.8 0.8 0.8
vn -0.771285 0.490948 -0.405079
v -0.0607957 0.0865617 0.0220971 0.8 0.8 0.8
vn -0.874346 0.321043 -0.363937
v -0.0625821 0.0801077 0.0220971 0.8 0.8 0.8
vn -0.927126 0.183981 -0.326479
v -0.0638186 0.0713765 0.0220971 0.8 0.8 0.8
vn -0.950669 0.084831 -0.298384
v -0.0645463 0.0581916 0.0220971 0.8 0.8 0.8
vn -0.961276 0.0128975 -0.275287
v -0.0647867 1.68157e-06 0.0220971 0.8 0.8 0.8
vn -0.95998 -3.77093e-05 -0.280068
v -0.0645464 -0.0581916 0.0220971 0.8 0.8 0.8
vn -0.957176 -0.0131222 -0.28921
v -0.0638187 -0.0713765 0.0220971 0.8 0.8 0.8
vn -0.949345 -0.0854619 -0.302391
v -0.0625821 -0.0801078 0.0220971 0.8 0.8 0.8
vn -0.926089 -0.18494 -0.328872
v -0.0607957 -0.0865618 0.0220971 0.8 0.8 0.8
vn -0.87328 -0.322373 -0.365319
v -0.058389 -0.0914968 0.0220971 0.8 0.8 0.8
vn -0.770014 -0.49264 -0.405442
v -0.0552397 -0.0952682 0.0220971 0.8 0.8 0.8
vn -0.602646 -0.668396 -0.435964
v -0.051121 -0.0980675 0.0220971 0.8 0.8 0.8
vn -0.392418 -0.805315 -0.444382
v -0.0455492 -0.100005 0.0220971 0.8 0.8 0.8
vn -0.192927 -0.88048 -0.433052
v -0.0371352 -0.101146 0.0220971 0.8 0.8 0.8
vn -0.0300449 -0.911933 -0.409238
v -1.1518e-06 -0.101522 0.0220971 0.8 0.8 0.8
vn 8.77425e-05 -0.909466 -0.415779
v 0.0371352 -0.101146 0.0220971 0.8 0.8 0.8
vn 0.0304116 -0.903393 -0.427733
v 0.0455492 -0.100005 0.0220971 0.8 0.8 0.8
vn 0.194026 -0.877733 -0.438109
v 0.0511211 -0.0980675 0.0220971 0.8 0.8 0.8
vn 0.39386 -0.803184 -0.446956
v 0.0552398 -0.0952682 0.0220971 0.8 0.8 0.8
vn 0.604125 -0.666457 -0.436883
v 0.0583891 -0.0914969 0.0220971 0.8 0.8 0.8
vn 0.771285 -0.490948 -0.405079
v 0.0607958 -0.0865618 0.0220971 0.8 0.8 0.8
vn 0.874346 -0.321043 -0.363937
v 0.0625821 -0.0801078 0.0220971 0.8 0.8 0.8
vn 0.927126 -0.183981 -0.326479
v 0.0638187 -0.0713765 0.0220971 0.8 0.8 0.8
vn 0.950669 -0.084831 -0.298384
v 0.0645464 -0.0581916 0.0220971 0.8 0.8 0.8
vn 0.961276 -0.0128972 -0.275287
v 0.0626965 -3.36925e-08 0.015764 0.8 0.8 0.8
vn 0.92451 0.000834646 -0.381157
v 0.0624639 0.0563141 0.015764 0.8 0.8 0.8
vn 0.911899 0.0159236 -0.410105
v 0.0617597 0.0690736 0.015764 0.8 0.8 0.8
vn 0.905046 0.0896948 -0.415748
v 0.060563 0.0775232 0.015764 0.8 0.8 0.8
vn 0.87439 0.18712 -0.447692
v 0.0588343 0.0837689 0.015764 0.8 0.8 0.8
vn 0.81131 0.317616 -0.490812
v 0.0565053 0.0885448 0.015764 0.8 0.8 0.8
vn 0.699499 0.47326 -0.535468
v 0.0534576 0.0921944 0.015764 0.8 0.8 0.8
vn 0.53386 0.628051 -0.566167
v 0.0494718 0.0949034 0.015764 0.8 0.8 0.8
vn 0.339522 0.747037 -0.571541
v 0.0440797 0.0967786 0.015764 0.8 0.8 0.8
vn 0.162044 0.815157 -0.556112
v 0.0359371 0.0978821 0.015764 0.8 0.8 0.8
vn 0.0222196 0.853034 -0.521383
v 9.06824e-07 0.0982466 0.015764 0.8 0.8 0.8
vn -0.00186208 0.839955 -0.542652
v -0.035937 0.0978821 0.015764 0.8 0.8 0.8
vn -0.0350275 0.81691 -0.575701
v -0.0440796 0.0967786 0.015764 0.8 0.8 0.8
vn -0.193765 0.796216 -0.573145
v -0.0494717 0.0949034 0.015764 0.8 0.8 0.8
vn -0.379253 0.721714 -0.579048
v -0.0534575 0.0921945 0.015764 0.8 0.8 0.8
vn -0.57217 0.595195 -0.564238
v -0.0565052 0.0885448 0.015764 0.8 0.8 0.8
vn -0.728619 0.43857 -0.52609
v -0.0588342 0.083769 0.015764 0.8 0.8 0.8
vn -0.830234 0.287398 -0.477612
v -0.060563 0.0775232 0.015764 0.8 0.8 0.8
vn -0.886438 0.164069 -0.432792
v -0.0617596 0.0690736 0.015764 0.8 0.8 0.8
vn -0.914362 0.0740218 -0.398075
v -0.0624639 0.0563141 0.015764 0.8 0.8 0.8
vn -0.931594 0.00988211 -0.363365
v -0.0626964 1.62632e-06 0.015764 0.8 0.8 0.8
vn -0.924511 -0.000834641 -0.381156
v -0.0624639 -0.0563142 0.015764 0.8 0.8 0.8
vn -0.911899 -0.0159232 -0.410105
v -0.0617596 -0.0690737 0.015764 0.8 0.8 0.8
vn -0.905046 -0.0896948 -0.415748
v -0.060563 -0.0775232 0.015764 0.8 0.8 0.8
vn -0.87439 -0.18712 -0.447692
v -0.0588342 -0.083769 0.015764 0.8 0.8 0.8
vn -0.81131 -0.317616 -0.490812
v -0.0565052 -0.0885448 0.015764 0.8 0.8 0.8
vn -0.699499 -0.47326 -0.535468
v -0.0534575 -0.0921945 0.015764 0.8 0.8 0.8
vn -0.53386 -0.628051 -0.566167
v -0.0494717 -0.0949035 0.015764 0.8 0.8 0.8
vn -0.339522 -0.747037 -0.571541
v -0.0440796 -0.0967787 0.015764 0.8 0.8 0.8
vn -0.162044 -0.815157 -0.556112
v -0.0359371 -0.0978822 0.015764 0.8 0.8 0.8
vn -0.0222197 -0.853033 -0.521383
v -1.11332e-06 -0.0982467 0.015764 0.8 0.8 0.8
vn 0.00186207 -0.839956 -0.542652
v 0.0359371 -0.0978822 0.015764 0.8 0.8 0.8
vn 0.0350273 -0.81691 -0.575701
v 0.0440796 -0.0967787 0.015764 0.8 0.8 0.8
vn 0.193765 -0.796216 -0.573145
v 0.0494718 -0.0949035 0.015764 0.8 0.8 0.8
vn 0.379253 -0.721714 -0.579048
v 0.0534575 -0.0921945 0.015764 0.8 0.8 0.8
vn 0.57217 -0.595195 -0.564238
v 0.0565053 -0.0885448 0.015764 0.8 0.8 0.8
vn 0.728619 -0.43857 -0.52609
v 0.0588343 -0.083769 0.015764 0.8 0.8 0.8
vn 0.830234 -0.287398 -0.477612
v 0.060563 -0.0775232 0.015764 0.8 0.8 0.8
vn 0.886438 -0.164069 -0.432792
v 0.0617597 -0.0690737 0.015764 0.8 0.8 0.8
vn 0.914362 -0.0740218 -0.398075
v 0.0624639 -0.0563142 0.015764 0.8 0.8 0.8
vn 0.931595 -0.00988186 -0.363365
v 0.0615753 -3.36451e-08 0.0143291 0.8 0.8 0.8
vn 0.679192 0.000208962 -0.73396
v 0.0613468 0.055307 0.0143291 0.8 0.8 0.8
vn 0.649827 0.00959446 -0.760022
v 0.0606552 0.0678383 0.0143291 0.8 0.8 0.8
vn 0.640225 0.059388 -0.765888
v 0.0594799 0.0761367 0.0143291 0.8 0.8 0.8
vn 0.59686 0.121788 -0.793049
v 0.0577821 0.0822708 0.0143291 0.8 0.8 0.8
vn 0.528137 0.198558 -0.825619
v 0.0554947 0.0869613 0.0143291 0.8 0.8 0.8
vn 0.434593 0.282916 -0.855036
v 0.0525015 0.0905457 0.0143291 0.8 0.8 0.8
vn 0.322839 0.364671 -0.873379
v 0.048587 0.0932062 0.0143291 0.8 0.8 0.8
vn 0.206697 0.433442 -0.877157
v 0.0432913 0.0950478 0.0143291 0.8 0.8 0.8
vn 0.102832 0.483653 -0.869198
v 0.0352944 0.0961316 0.0143291 0.8 0.8 0.8
vn 0.0162687 0.531378 -0.846978
v 8.91336e-07 0.0964896 0.0143291 0.8 0.8 0.8
vn -0.000384165 0.508491 -0.861067
v -0.0352943 0.0961316 0.0143291 0.8 0.8 0.8
vn -0.0173623 0.478898 -0.877699
v -0.0432913 0.0950478 0.0143291 0.8 0.8 0.8
vn -0.106598 0.467986 -0.877283
v -0.0485869 0.0932062 0.0143291 0.8 0.8 0.8
vn -0.211993 0.423099 -0.880935
v -0.0525014 0.0905457 0.0143291 0.8 0.8 0.8
vn -0.329433 0.356844 -0.874149
v -0.0554946 0.0869613 0.0143291 0.8 0.8 0.8
vn -0.442331 0.276708 -0.853098
v -0.057782 0.0822708 0.0143291 0.8 0.8 0.8
vn -0.537148 0.193655 -0.820957
v -0.0594798 0.0761367 0.0143291 0.8 0.8 0.8
vn -0.60796 0.118067 -0.78514
v -0.0606551 0.0678383 0.0143291 0.8 0.8 0.8
vn -0.656138 0.0568123 -0.752499
v -0.0613468 0.055307 0.0143291 0.8 0.8 0.8
vn -0.701036 0.00874063 -0.713073
v -0.0615752 1.59668e-06 0.0143291 0.8 0.8 0.8
vn -0.679193 -0.000208962 -0.733959
v -0.0613468 -0.055307 0.0143291 0.8 0.8 0.8
vn -0.649827 -0.00959423 -0.760022
v -0.0606551 -0.0678384 0.0143291 0.8 0.8 0.8
vn -0.640225 -0.059388 -0.765888
v -0.0594799 -0.0761368 0.0143291 0.8 0.8 0.8
vn -0.59686 -0.121788 -0.793049
v -0.0577821 -0.0822709 0.0143291 0.8 0.8 0.8
vn -0.528137 -0.198558 -0.825619
v -0.0554947 -0.0869613 0.0143291 0.8 0.8 0.8
vn -0.434593 -0.282916 -0.855036
v -0.0525014 -0.0905457 0.0143291 0.8 0.8 0.8
vn -0.322839 -0.364671 -0.873379
v -0.048587 -0.0932062 0.0143291 0.8 0.8 0.8
vn -0.206697 -0.433442 -0.877157
v -0.0432913 -0.0950479 0.0143291 0.8 0.8 0.8
vn -0.102832 -0.483653 -0.869198
v -0.0352944 -0.0961317 0.0143291 0.8 0.8 0.8
vn -0.0162688 -0.531378 -0.846978
v -1.09268e-06 -0.0964896 0.0143291 0.8 0.8 0.8
vn 0.000384165 -0.508492 -0.861067
v 0.0352944 -0.0961317 0.0143291 0.8 0.8 0.8
vn 0.0173622 -0.478897 -0.877699
v 0.0432913 -0.0950479 0.0143291 0.8 0.8 0.8
vn 0.106598 -0.467986 -0.877283
v 0.048587 -0.0932062 0.0143291 0.8 0.8 0.8
vn 0.211993 -0.423099 -0.880935
v 0.0525015 -0.0905457 0.0143291 0.8 0.8 0.8
vn 0.329433 -0.356844 -0.874149
v 0.0554947 -0.0869613 0.0143291 0.8 0.8 0.8
vn 0.442331 -0.276708 -0.853098
v 0.0577821 -0.0822709 0.0143291 0.8 0.8 0.8
vn 0.537148 -0.193655 -0.820957
v 0.0594799 -0.0761368 0.0143291 0.8 0.8 0.8
vn 0.60796 -0.118067 -0.78514
v 0.0606552 -0.0678384 0.0143291 0.8 0.8 0.8
vn 0.656138 -0.0568123 -0.752499
v 0.0613468 -0.055307 0.0143291 0.8 0.8 0.8
vn 0.701036 -0.00874042 -0.713072
v 0.060113 -3.35832e-08 0.0133789 0.8 0.8 0.8
vn 0.441089 0.000107714 -0.897463
v 0.0598901 0.0539936 0.0133789 0.8 0.8 0.8
vn 0.417397 0.00605519 -0.908704
v 0.0592148 0.0662274 0.0133789 0.8 0.8 0.8
vn 0.406686 0.0374585 -0.9128
v 0.0580675 0.0743287 0.0133789 0.8 0.8 0.8
vn 0.370918 0.0753006 -0.925608
v 0.05641 0.0803172 0.0133789 0.8 0.8 0.8
vn 0.319988 0.119784 -0.939819
v 0.0541769 0.0848962 0.0133789 0.8 0.8 0.8
vn 0.257463 0.166919 -0.951762
v 0.0512548 0.0883955 0.0133789 0.8 0.8 0.8
vn 0.188661 0.212187 -0.958845
v 0.0474332 0.0909928 0.0133789 0.8 0.8 0.8
vn 0.12051 0.25142 -0.960346
v 0.0422633 0.0927907 0.0133789 0.8 0.8 0.8
vn 0.0603878 0.282004 -0.957511
v 0.0344563 0.0938488 0.0133789 0.8 0.8 0.8
vn 0.00975268 0.313083 -0.949676
v 8.7114e-07 0.0941982 0.0133789 0.8 0.8 0.8
vn -0.000179462 0.299268 -0.954169
v -0.0344562 0.0938488 0.0133789 0.8 0.8 0.8
vn -0.0100196 0.281275 -0.959575
v -0.0422632 0.0927907 0.0133789 0.8 0.8 0.8
vn -0.0617362 0.27296 -0.960042
v -0.0474332 0.0909928 0.0133789 0.8 0.8 0.8
vn -0.122575 0.245886 -0.961517
v -0.0512547 0.0883955 0.0133789 0.8 0.8 0.8
vn -0.191555 0.208391 -0.959104
v -0.0541768 0.0848962 0.0133789 0.8 0.8 0.8
vn -0.261401 0.164198 -0.951162
v -0.0564099 0.0803172 0.0133789 0.8 0.8 0.8
vn -0.325352 0.117806 -0.938226
v -0.0580674 0.0743287 0.0133789 0.8 0.8 0.8
vn -0.378513 0.0738848 -0.922642
v -0.0592148 0.0662274 0.0133789 0.8 0.8 0.8
vn -0.418762 0.0365184 -0.907362
v -0.05989 0.0539936 0.0133789 0.8 0.8 0.8
vn -0.45897 0.00582239 -0.888433
v -0.060113 1.55802e-06 0.0133789 0.8 0.8 0.8
vn -0.44109 -0.000107714 -0.897463
v -0.05989 -0.0539937 0.0133789 0.8 0.8 0.8
vn -0.417396 -0.00605505 -0.908704
v -0.0592148 -0.0662274 0.0133789 0.8 0.8 0.8
vn -0.406686 -0.0374585 -0.9128
v -0.0580674 -0.0743288 0.0133789 0.8 0.8 0.8
vn -0.370918 -0.0753006 -0.925608
v -0.0564099 -0.0803172 0.0133789 0.8 0.8 0.8
vn -0.319988 -0.119784 -0.939819
v -0.0541768 -0.0848963 0.0133789 0.8 0.8 0.8
vn -0.257463 -0.166919 -0.951762
v -0.0512547 -0.0883955 0.0133789 0.8 0.8 0.8
vn -0.188661 -0.212187 -0.958845
v -0.0474332 -0.0909929 0.0133789 0.8 0.8 0.8
vn -0.12051 -0.25142 -0.960346
v -0.0422632 -0.0927908 0.0133789 0.8 0.8 0.8
vn -0.0603878 -0.282004 -0.957511
v -0.0344562 -0.0938489 0.0133789 0.8 0.8 0.8
vn -0.00975274 -0.313083 -0.949676
v -1.06576e-06 -0.0941983 0.0133789 0.8 0.8 0.8
vn 0.000179462 -0.299269 -0.954169
v 0.0344563 -0.0938489 0.0133789 0.8 0.8 0.8
vn 0.0100195 -0.281275 -0.959575
v 0.0422633 -0.0927908 0.0133789 0.8 0.8 0.8
vn 0.0617362 -0.27296 -0.960042
v 0.0474332 -0.0909929 0.0133789 0.8 0.8 0.8
vn 0.122575 -0.245886 -0.961517
v 0.0512548 -0.0883955 0.0133789 0.8 0.8 0.8
vn 0.191555 -0.208391 -0.959104
v 0.0541769 -0.0848963 0.0133789 0.8 0.8 0.8
vn 0.261401 -0.164198 -0.951162
v 0.05641 -0.0803172 0.0133789 0.8 0.8 0.8
vn 0.325352 -0.117806 -0.938226
v 0.0580675 -0.0743288 0.0133789 0.8 0.8 0.8
vn 0.378513 -0.0738848 -0.922642
v 0.0592148 -0.0662274 0.0133789 0.8 0.8 0.8
vn 0.418762 -0.0365184 -0.907362
v 0.05989 -0.0539937 0.0133789 0.8 0.8 0.8
vn 0.45897 -0.00582225 -0.888433
v 0.0582039 -3.35025e-08 0.0126766 0.8 0.8 0.8
vn 0.274539 6.4294e-05 -0.961576
v 0.057988 0.0522788 0.0126766 0.8 0.8 0.8
vn 0.259103 0.00374842 -0.965842
v 0.0573342 0.064124 0.0126766 0.8 0.8 0.8
vn 0.250847 0.0230789 -0.967752
v 0.0562233 0.0719681 0.0126766 0.8 0.8 0.8
vn 0.226676 0.0459808 -0.972884
v 0.0546185 0.0777664 0.0126766 0.8 0.8 0.8
vn 0.193623 0.0724311 -0.978399
v 0.0524563 0.0822 0.0126766 0.8 0.8 0.8
vn 0.154508 0.100106 -0.982907
v 0.049627 0.0855881 0.0126766 0.8 0.8 0.8
vn 0.112661 0.126623 -0.985532
v 0.0459268 0.088103 0.0126766 0.8 0.8 0.8
vn 0.0718778 0.149838 -0.986094
v 0.0409211 0.0898438 0.0126766 0.8 0.8 0.8
vn 0.0360765 0.168284 -0.985078
v 0.033362 0.0908683 0.0126766 0.8 0.8 0.8
vn 0.00584458 0.187112 -0.982321
v 8.4477e-07 0.0912066 0.0126766 0.8 0.8 0.8
vn -0.000103083 0.179248 -0.983804
v -0.0333619 0.0908683 0.0126766 0.8 0.8 0.8
vn -0.00599415 0.168737 -0.985643
v -0.040921 0.0898438 0.0126766 0.8 0.8 0.8
vn -0.0368442 0.163085 -0.985924
v -0.0459267 0.088103 0.0126766 0.8 0.8 0.8
vn -0.07306 0.146676 -0.986483
v -0.0496269 0.0855881 0.0126766 0.8 0.8 0.8
vn -0.114338 0.124472 -0.985613
v -0.0524562 0.0822 0.0126766 0.8 0.8 0.8
vn -0.156835 0.0985786 -0.982693
v -0.0546184 0.0777664 0.0126766 0.8 0.8 0.8
vn -0.196871 0.0713332 -0.977831
v -0.0562232 0.0719681 0.0126766 0.8 0.8 0.8
vn -0.231397 0.0452046 -0.971809
v -0.0573342 0.064124 0.0126766 0.8 0.8 0.8
vn -0.258528 0.0225704 -0.96574
v -0.0579879 0.0522788 0.0126766 0.8 0.8 0.8
vn -0.286015 0.00363824 -0.958218
v -0.0582038 1.50756e-06 0.0126766 0.8 0.8 0.8
vn -0.274539 -6.42941e-05 -0.961576
v -0.0579879 -0.0522789 0.0126766 0.8 0.8 0.8
vn -0.259103 -0.00374833 -0.965842
v -0.0573342 -0.0641241 0.0126766 0.8 0.8 0.8
vn -0.250847 -0.0230789 -0.967752
v -0.0562232 -0.0719682 0.0126766 0.8 0.8 0.8
vn -0.226676 -0.0459808 -0.972884
v -0.0546184 -0.0777664 0.0126766 0.8 0.8 0.8
vn -0.193623 -0.0724311 -0.978399
v -0.0524562 -0.0822 0.0126766 0.8 0.8 0.8
vn -0.154508 -0.100106 -0.982907
v -0.0496269 -0.0855882 0.0126766 0.8 0.8 0.8
vn -0.112661 -0.126623 -0.985532
v -0.0459267 -0.088103 0.0126766 0.8 0.8 0.8
vn -0.0718778 -0.149838 -0.986094
v -0.040921 -0.0898439 0.0126766 0.8 0.8 0.8
vn -0.0360765 -0.168284 -0.985078
v -0.0333619 -0.0908683 0.0126766 0.8 0.8 0.8
vn -0.00584462 -0.187112 -0.982321
v -1.03062e-06 -0.0912067 0.0126766 0.8 0.8 0.8
vn 0.000103083 -0.179248 -0.983804
v 0.033362 -0.0908683 0.0126766 0.8 0.8 0.8
vn 0.00599411 -0.168737 -0.985643
v 0.0409211 -0.0898439 0.0126766 0.8 0.8 0.8
vn 0.0368442 -0.163085 -0.985924
v 0.0459268 -0.088103 0.0126766 0.8 0.8 0.8
vn 0.07306 -0.146676 -0.986483
v 0.049627 -0.0855882 0.0126766 0.8 0.8 0.8
vn 0.114338 -0.124472 -0.985613
v 0.0524563 -0.0822 0.0126766 0.8 0.8 0.8
vn 0.156835 -0.0985786 -0.982693
v 0.0546185 -0.0777664 0.0126766 0.8 0.8 0.8
vn 0.196871 -0.0713332 -0.977831
v 0.0562233 -0.0719682 0.0126766 0.8 0.8 0.8
vn 0.231397 -0.0452046 -0.971809
v 0.0573342 -0.0641241 0.0126766 0.8 0.8 0.8
vn 0.258528 -0.0225704 -0.96574
v 0.057988 -0.0522789 0.0126766 0.8 0.8 0.8
vn 0.286015 -0.00363816 -0.958218
v 0.0557579 -3.3399e-08 0.0121395 0.8 0.8 0.8
vn 0.168798 4.24353e-05 -0.985651
v 0.0555511 0.0500818 0.0121395 0.8 0.8 0.8
vn 0.158958 0.00231061 -0.987283
v 0.0549248 0.0614292 0.0121395 0.8 0.8 0.8
vn 0.15362 0.0141608 -0.988029
v 0.0538605 0.0689437 0.0121395 0.8 0.8 0.8
vn 0.138331 0.028099 -0.989987
v 0.0523231 0.0744982 0.0121395 0.8 0.8 0.8
vn 0.11772 0.0440888 -0.992068
v 0.0502518 0.0787455 0.0121395 0.8 0.8 0.8
vn 0.0936481 0.0607425 -0.993751
v 0.0475414 0.0819913 0.0121395 0.8 0.8 0.8
vn 0.0681513 0.0766874 -0.994723
v 0.0439968 0.0844004 0.0121395 0.8 0.8 0.8
vn 0.0434477 0.0906973 -0.99493
v 0.0392014 0.0860681 0.0121395 0.8 0.8 0.8
vn 0.0218047 0.101908 -0.994555
v 0.03196 0.0870495 0.0121395 0.8 0.8 0.8
vn 0.00352609 0.113418 -0.993541
v 8.10985e-07 0.0873737 0.0121395 0.8 0.8 0.8
vn -6.70679e-05 0.108641 -0.994081
v -0.0319599 0.0870495 0.0121395 0.8 0.8 0.8
vn -0.00364811 0.102207 -0.994756
v -0.0392013 0.0860681 0.0121395 0.8 0.8 0.8
vn -0.0223438 0.0987113 -0.994865
v -0.0439967 0.0844004 0.0121395 0.8 0.8 0.8
vn -0.0442579 0.0887299 -0.995072
v -0.0475413 0.0819913 0.0121395 0.8 0.8 0.8
vn -0.0692747 0.0753266 -0.99475
v -0.0502518 0.0787455 0.0121395 0.8 0.8 0.8
vn -0.0951765 0.0597568 -0.993665
v -0.052323 0.0744982 0.0121395 0.8 0.8 0.8
vn -0.119823 0.0433653 -0.991848
v -0.0538605 0.0689437 0.0121395 0.8 0.8 0.8
vn -0.141359 0.027577 -0.989574
v -0.0549247 0.0614292 0.0121395 0.8 0.8 0.8
vn -0.15852 0.0138127 -0.987259
v -0.055551 0.0500818 0.0121395 0.8 0.8 0.8
vn -0.176088 0.00222943 -0.984372
v -0.0557578 1.4429e-06 0.0121395 0.8 0.8 0.8
vn -0.168799 -4.24353e-05 -0.985651
v -0.055551 -0.0500819 0.0121395 0.8 0.8 0.8
vn -0.158958 -0.00231056 -0.987283
v -0.0549247 -0.0614293 0.0121395 0.8 0.8 0.8
vn -0.15362 -0.0141608 -0.988029
v -0.0538605 -0.0689437 0.0121395 0.8 0.8 0.8
vn -0.138331 -0.028099 -0.989987
v -0.0523231 -0.0744983 0.0121395 0.8 0.8 0.8
vn -0.11772 -0.0440888 -0.992068
v -0.0502518 -0.0787456 0.0121395 0.8 0.8 0.8
vn -0.0936481 -0.0607425 -0.993751
v -0.0475413 -0.0819914 0.0121395 0.8 0.8 0.8
vn -0.0681513 -0.0766874 -0.994723
v -0.0439967 -0.0844005 0.0121395 0.8 0.8 0.8
vn -0.0434477 -0.0906973 -0.99493
v -0.0392013 -0.0860682 0.0121395 0.8 0.8 0.8
vn -0.0218047 -0.101908 -0.994555
v -0.0319599 -0.0870496 0.0121395 0.8 0.8 0.8
vn -0.00352611 -0.113418 -0.993541
v -9.85591e-07 -0.0873737 0.0121395 0.8 0.8 0.8
vn 6.70679e-05 -0.108641 -0.994081
v 0.03196 -0.0870496 0.0121395 0.8 0.8 0.8
vn 0.00364809 -0.102207 -0.994756
v 0.0392014 -0.0860682 0.0121395 0.8 0.8 0.8
vn 0.0223438 -0.0987113 -0.994865
v 0.0439967 -0.0844005 0.0121395 0.8 0.8 0.8
vn 0.0442579 -0.0887299 -0.995072
v 0.0475414 -0.0819914 0.0121395 0.8 0.8 0.8
vn 0.0692747 -0.0753266 -0.99475
v 0.0502518 -0.0787456 0.0121395 0.8 0.8 0.8
vn 0.0951765 -0.0597568 -0.993665
v 0.0523231 -0.0744983 0.0121395 0.8 0.8 0.8
vn 0.119823 -0.0433653 -0.991848
v 0.0538605 -0.0689437 0.0121395 0.8 0.8 0.8
vn 0.141359 -0.027577 -0.989574
v 0.0549248 -0.0614293 0.0121395 0.8 0.8 0.8
vn 0.15852 -0.0138127 -0.987259
v 0.0555511 -0.0500819 0.0121395 0.8 0.8 0.8
vn 0.176088 -0.00222938 -0.984372
v 0.0526479 -3.32674e-08 0.0117291 0.8 0.8 0.8
vn 0.100736 2.96828e-05 -0.994913
v 0.0524526 0.0472884 0.0117291 0.8 0.8 0.8
vn 0.0943595 0.00138816 -0.995537
v 0.0518612 0.0580029 0.0117291 0.8 0.8 0.8
vn 0.0914014 0.00846621 -0.995778
v 0.0508564 0.0650982 0.0117291 0.8 0.8 0.8
vn 0.082219 0.0167591 -0.996473
v 0.0494047 0.070343 0.0117291 0.8 0.8 0.8
vn 0.0698722 0.0262458 -0.997211
v 0.0474489 0.0743533 0.0117291 0.8 0.8 0.8
vn 0.0555144 0.0361091 -0.997805
v 0.0448897 0.0774181 0.0117291 0.8 0.8 0.8
vn 0.0403618 0.0455514 -0.998146
v 0.0415427 0.0796928 0.0117291 0.8 0.8 0.8
vn 0.0257135 0.0538644 -0.998217
v 0.0370148 0.0812675 0.0117291 0.8 0.8 0.8
vn 0.0128926 0.0605495 -0.998082
v 0.0301773 0.0821942 0.0117291 0.8 0.8 0.8
vn 0.00207652 0.0675847 -0.997711
v 7.68029e-07 0.0825002 0.0117291 0.8 0.8 0.8
vn -4.66554e-05 0.0644792 -0.997919
v -0.0301773 0.0821942 0.0117291 0.8 0.8 0.8
vn -0.002181 0.0603753 -0.998173
v -0.0370147 0.0812675 0.0117291 0.8 0.8 0.8
vn -0.013299 0.05847 -0.998201
v -0.0415426 0.0796928 0.0117291 0.8 0.8 0.8
vn -0.0263092 0.052563 -0.998271
v -0.0448896 0.0774181 0.0117291 0.8 0.8 0.8
vn -0.0411667 0.0446314 -0.998155
v -0.0474489 0.0743533 0.0117291 0.8 0.8 0.8
vn -0.0565816 0.0354255 -0.997769
v -0.0494046 0.070343 0.0117291 0.8 0.8 0.8
vn -0.0713068 0.0257306 -0.997122
v -0.0508563 0.0650982 0.0117291 0.8 0.8 0.8
vn -0.0842453 0.0163778 -0.99631
v -0.0518612 0.0580029 0.0117291 0.8 0.8 0.8
vn -0.0946348 0.00820602 -0.995478
v -0.0524525 0.0472884 0.0117291 0.8 0.8 0.8
vn -0.105556 0.00132077 -0.994412
v -0.0526478 1.36069e-06 0.0117291 0.8 0.8 0.8
vn -0.100736 -2.96828e-05 -0.994913
v -0.0524525 -0.0472885 0.0117291 0.8 0.8 0.8
vn -0.0943594 -0.00138813 -0.995537
v -0.0518612 -0.058003 0.0117291 0.8 0.8 0.8
vn -0.0914014 -0.00846621 -0.995778
v -0.0508563 -0.0650983 0.0117291 0.8 0.8 0.8
vn -0.082219 -0.0167591 -0.996473
v -0.0494046 -0.070343 0.0117291 0.8 0.8 0.8
vn -0.0698722 -0.0262458 -0.997211
v -0.0474489 -0.0743534 0.0117291 0.8 0.8 0.8
vn -0.0555144 -0.0361091 -0.997805
v -0.0448896 -0.0774181 0.0117291 0.8 0.8 0.8
vn -0.0403618 -0.0455514 -0.998146
v -0.0415427 -0.0796929 0.0117291 0.8 0.8 0.8
vn -0.0257135 -0.0538644 -0.998217
v -0.0370148 -0.0812676 0.0117291 0.8 0.8 0.8
vn -0.0128926 -0.0605495 -0.998082
v -0.0301773 -0.0821942 0.0117291 0.8 0.8 0.8
vn -0.00207654 -0.0675847 -0.997711
v -9.2834e-07 -0.0825003 0.0117291 0.8 0.8 0.8
vn 4.66554e-05 -0.0644793 -0.997919
v 0.0301773 -0.0821942 0.0117291 0.8 0.8 0.8
vn 0.00218098 -0.0603753 -0.998173
v 0.0370148 -0.0812676 0.0117291 0.8 0.8 0.8
vn 0.013299 -0.05847 -0.998201
v 0.0415427 -0.0796929 0.0117291 0.8 0.8 0.8
vn 0.0263092 -0.052563 -0.998271
v 0.0448897 -0.0774181 0.0117291 0.8 0.8 0.8
vn 0.0411667 -0.0446314 -0.998155
v 0.0474489 -0.0743534 0.0117291 0.8 0.8 0.8
vn 0.0565816 -0.0354255 -0.997769
v 0.0494047 -0.070343 0.0117291 0.8 0.8 0.8
vn 0.0713068 -0.0257306 -0.997122
v 0.0508564 -0.0650983 0.0117291 0.8 0.8 0.8
vn 0.0842453 -0.0163778 -0.99631
v 0.0518612 -0.058003 0.0117291 0.8 0.8 0.8
vn 0.0946348 -0.00820602 -0.995478
v 0.0524526 -0.0472885 0.0117291 0.8 0.8 0.8
vn 0.105557 -0.00132074 -0.994412
v 0.048652 -3.30984e-08 0.0114244 0.8 0.8 0.8
vn 0.0556775 2.10782e-05 -0.998449
v 0.0484715 0.0436993 0.0114244 0.8 0.8 0.8
vn 0.0515322 0.00077601 -0.998671
v 0.0479251 0.0536006 0.0114244 0.8 0.8 0.8
vn 0.0503023 0.00470313 -0.998723
v 0.0469965 0.0601574 0.0114244 0.8 0.8 0.8
vn 0.0452659 0.00928904 -0.998932
v 0.045655 0.065004 0.0114244 0.8 0.8 0.8
vn 0.0384562 0.0145279 -0.999155
v 0.0438477 0.06871 0.0114244 0.8 0.8 0.8
vn 0.0305376 0.0199712 -0.999334
v 0.0414827 0.0715422 0.0114244 0.8 0.8 0.8
vn 0.0221879 0.0251845 -0.999437
v 0.0383897 0.0736443 0.0114244 0.8 0.8 0.8
vn 0.0141225 0.0297845 -0.999457
v 0.0342055 0.0750994 0.0114244 0.8 0.8 0.8
vn 0.00706837 0.033511 -0.999413
v 0.0278869 0.0759558 0.0114244 0.8 0.8 0.8
vn 0.00113107 0.037664 -0.99929
v 7.12836e-07 0.0762386 0.0114244 0.8 0.8 0.8
vn -3.3061e-05 0.0355636 -0.999367
v -0.0278868 0.0759558 0.0114244 0.8 0.8 0.8
vn -0.00121696 0.0329114 -0.999458
v -0.0342054 0.0750994 0.0114244 0.8 0.8 0.8
vn -0.00737531 0.0321242 -0.999457
v -0.0383896 0.0736443 0.0114244 0.8 0.8 0.8
vn -0.014564 0.0289024 -0.999476
v -0.0414826 0.0715422 0.0114244 0.8 0.8 0.8
vn -0.022772 0.024548 -0.999439
v -0.0438476 0.06871 0.0114244 0.8 0.8 0.8
vn -0.0312948 0.0194874 -0.99932
v -0.0456549 0.065004 0.0114244 0.8 0.8 0.8
vn -0.0394521 0.0141548 -0.999121
v -0.0469964 0.0601574 0.0114244 0.8 0.8 0.8
vn -0.0466455 0.00900707 -0.998871
v -0.047925 0.0536006 0.0114244 0.8 0.8 0.8
vn -0.0524704 0.00450709 -0.998612
v -0.0484714 0.0436993 0.0114244 0.8 0.8 0.8
vn -0.0589595 0.000721058 -0.99826
v -0.0486519 1.25506e-06 0.0114244 0.8 0.8 0.8
vn -0.0556777 -2.10782e-05 -0.998449
v -0.0484715 -0.0436993 0.0114244 0.8 0.8 0.8
vn -0.0515322 -0.000775991 -0.998671
v -0.047925 -0.0536006 0.0114244 0.8 0.8 0.8
vn -0.0503023 -0.00470313 -0.998723
v -0.0469964 -0.0601574 0.0114244 0.8 0.8 0.8
vn -0.0452659 -0.00928904 -0.998932
v -0.0456549 -0.0650041 0.0114244 0.8 0.8 0.8
vn -0.0384562 -0.0145279 -0.999155
v -0.0438476 -0.0687101 0.0114244 0.8 0.8 0.8
vn -0.0305376 -0.0199712 -0.999334
v -0.0414826 -0.0715422 0.0114244 0.8 0.8 0.8
vn -0.0221879 -0.0251845 -0.999437
v -0.0383896 -0.0736443 0.0114244 0.8 0.8 0.8
vn -0.0141225 -0.0297845 -0.999457
v -0.0342054 -0.0750995 0.0114244 0.8 0.8 0.8
vn -0.00706837 -0.033511 -0.999413
v -0.0278869 -0.0759558 0.0114244 0.8 0.8 0.8
vn -0.00113108 -0.037664 -0.99929
v -8.54781e-07 -0.0762386 0.0114244 0.8 0.8 0.8
vn 3.3061e-05 -0.0355636 -0.999367
v 0.0278869 -0.0759558 0.0114244 0.8 0.8 0.8
vn 0.00121695 -0.0329113 -0.999458
v 0.0342055 -0.0750995 0.0114244 0.8 0.8 0.8
vn 0.00737531 -0.0321242 -0.999457
v 0.0383897 -0.0736443 0.0114244 0.8 0.8 0.8
vn 0.014564 -0.0289024 -0.999476
v 0.0414826 -0.0715422 0.0114244 0.8 0.8 0.8
vn 0.022772 -0.024548 -0.999439
v 0.0438476 -0.0687101 0.0114244 0.8 0.8 0.8
vn 0.0312948 -0.0194874 -0.99932
v 0.045655 -0.0650041 0.0114244 0.8 0.8 0.8
vn 0.0394521 -0.0141548 -0.999121
v 0.0469964 -0.0601574 0.0114244 0.8 0.8 0.8
vn 0.0466455 -0.00900707 -0.998871
v 0.0479251 -0.0536006 0.0114244 0.8 0.8 0.8
vn 0.0524704 -0.00450709 -0.998612
v 0.0484715 -0.0436994 0.0114244 0.8 0.8 0.8
vn 0.0589596 -0.000721041 -0.99826
v 0.0433058 -3.28722e-08 0.0112135 0.8 0.8 0.8
vn 0.0256567 1.42742e-05 -0.999671
v 0.0431451 0.0388973 0.0112135 0.8 0.8 0.8
vn 0.0230896 0.000365431 -0.999733
v 0.0426587 0.0477105 0.0112135 0.8 0.8 0.8
vn 0.0229764 0.00219116 -0.999734
v 0.0418321 0.0535468 0.0112135 0.8 0.8 0.8
vn 0.0207183 0.00431258 -0.999776
v 0.0406381 0.0578609 0.0112135 0.8 0.8 0.8
vn 0.0176096 0.00673344 -0.999822
v 0.0390294 0.0611597 0.0112135 0.8 0.8 0.8
vn 0.0139803 0.00924875 -0.999859
v 0.0369242 0.0636806 0.0112135 0.8 0.8 0.8
vn 0.0101496 0.011661 -0.99988
v 0.0341712 0.0655517 0.0112135 0.8 0.8 0.8
vn 0.00644967 0.0137989 -0.999884
v 0.0304467 0.0668469 0.0112135 0.8 0.8 0.8
vn 0.00321637 0.0155574 -0.999874
v 0.0248225 0.0676092 0.0112135 0.8 0.8 0.8
vn 0.00050833 0.0177651 -0.999842
v 6.38992e-07 0.0678609 0.0112135 0.8 0.8 0.8
vn -2.23726e-05 0.0163762 -0.999866
v -0.0248224 0.0676092 0.0112135 0.8 0.8 0.8
vn -0.000572717 0.014737 -0.999891
v -0.0304466 0.066847 0.0112135 0.8 0.8 0.8
vn -0.00343411 0.0146647 -0.999887
v -0.0341711 0.0655517 0.0112135 0.8 0.8 0.8
vn -0.00675867 0.013223 -0.99989
v -0.0369241 0.0636806 0.0112135 0.8 0.8 0.8
vn -0.0105521 0.0112383 -0.999881
v -0.0390293 0.0611597 0.0112135 0.8 0.8 0.8
vn -0.0144929 0.00892152 -0.999855
v -0.040638 0.0578609 0.0112135 0.8 0.8 0.8
vn -0.0182718 0.00647659 -0.999812
v -0.0418321 0.0535468 0.0112135 0.8 0.8 0.8
vn -0.0216204 0.00411537 -0.999758
v -0.0426586 0.0477105 0.0112135 0.8 0.8 0.8
vn -0.0243746 0.00205218 -0.999701
v -0.043145 0.0388973 0.0112135 0.8 0.8 0.8
vn -0.0278318 0.00032432 -0.999613
v -0.0433057 1.11373e-06 0.0112135 0.8 0.8 0.8
vn -0.0256568 -1.42742e-05 -0.999671
v -0.0431451 -0.0388973 0.0112135 0.8 0.8 0.8
vn -0.0230896 -0.000365422 -0.999733
v -0.0426586 -0.0477106 0.0112135 0.8 0.8 0.8
vn -0.0229764 -0.00219116 -0.999734
v -0.0418321 -0.0535469 0.0112135 0.8 0.8 0.8
vn -0.0207183 -0.00431258 -0.999776
v -0.040638 -0.057861 0.0112135 0.8 0.8 0.8
vn -0.0176096 -0.00673344 -0.999822
v -0.0390293 -0.0611597 0.0112135 0.8 0.8 0.8
vn -0.0139803 -0.00924875 -0.999859
v -0.0369242 -0.0636806 0.0112135 0.8 0.8 0.8
vn -0.0101496 -0.011661 -0.99988
v -0.0341711 -0.0655518 0.0112135 0.8 0.8 0.8
vn -0.00644967 -0.0137989 -0.999884
v -0.0304467 -0.066847 0.0112135 0.8 0.8 0.8
vn -0.00321637 -0.0155574 -0.999874
v -0.0248224 -0.0676092 0.0112135 0.8 0.8 0.8
vn -0.000508333 -0.0177651 -0.999842
v -7.56363e-07 -0.067861 0.0112135 0.8 0.8 0.8
vn 2.23726e-05 -0.0163762 -0.999866
v 0.0248225 -0.0676092 0.0112135 0.8 0.8 0.8
vn 0.000572714 -0.014737 -0.999891
v 0.0304467 -0.066847 0.0112135 0.8 0.8 0.8
vn 0.00343411 -0.0146647 -0.999887
v 0.0341712 -0.0655518 0.0112135 0.8 0.8 0.8
vn 0.00675867 -0.013223 -0.99989
v 0.0369242 -0.0636806 0.0112135 0.8 0.8 0.8
vn 0.0105521 -0.0112383 -0.999881
v 0.0390293 -0.0611597 0.0112135 0.8 0.8 0.8
vn 0.0144929 -0.00892152 -0.999855
v 0.0406381 -0.057861 0.0112135 0.8 0.8 0.8
vn 0.0182718 -0.00647659 -0.999812
v 0.0418321 -0.0535469 0.0112135 0.8 0.8 0.8
vn 0.0216204 -0.00411537 -0.999758
v 0.0426587 -0.0477106 0.0112135 0.8 0.8 0.8
vn 0.0243746 -0.00205218 -0.999701
v 0.0431451 -0.0388973 0.0112135 0.8 0.8 0.8
vn 0.0278319 -0.000324312 -0.999613
v 0.0352853 -3.25329e-08 0.0110894 0.8 0.8 0.8
vn 0.0050021 6.52121e-06 -0.999987
v 0.0351544 0.0316933 0.0110894 0.8 0.8 0.8
vn 0.00423967 8.31993e-05 -0.999991
v 0.0347581 0.0388743 0.0110894 0.8 0.8 0.8
vn 0.00439146 0.000454966 -0.99999
v 0.0340846 0.0436297 0.0110894 0.8 0.8 0.8
vn 0.0039648 0.000876059 -0.999992
v 0.0331117 0.0471448 0.0110894 0.8 0.8 0.8
vn 0.00336255 0.00135274 -0.999993
v 0.0318009 0.0498326 0.0110894 0.8 0.8 0.8
vn 0.00265799 0.00184565 -0.999995
v 0.0300857 0.0518866 0.0110894 0.8 0.8 0.8
vn 0.00191623 0.00231706 -0.999995
v 0.0278425 0.0534112 0.0110894 0.8 0.8 0.8
vn 0.00120327 0.0027351 -0.999996
v 0.0248079 0.0544666 0.0110894 0.8 0.8 0.8
vn 0.000585566 0.00308351 -0.999995
v 0.0202253 0.0550876 0.0110894 0.8 0.8 0.8
vn 8.34099e-05 0.00357053 -0.999994
v 5.28211e-07 0.0552927 0.0110894 0.8 0.8 0.8
vn -1.02188e-05 0.00319209 -0.999995
v -0.0202252 0.0550876 0.0110894 0.8 0.8 0.8
vn -0.000130371 0.00270552 -0.999996
v -0.0248078 0.0544666 0.0110894 0.8 0.8 0.8
vn -0.000712932 0.00280239 -0.999996
v -0.0278424 0.0534112 0.0110894 0.8 0.8 0.8
vn -0.00137278 0.00253011 -0.999996
v -0.0300856 0.0518866 0.0110894 0.8 0.8 0.8
vn -0.00211974 0.00214579 -0.999995
v -0.0318008 0.0498326 0.0110894 0.8 0.8 0.8
vn -0.00289212 0.00169618 -0.999994
v -0.0331116 0.0471448 0.0110894 0.8 0.8 0.8
vn -0.00363081 0.00122282 -0.999993
v -0.0340845 0.0436297 0.0110894 0.8 0.8 0.8
vn -0.00428586 0.000767852 -0.999991
v -0.034758 0.0388743 0.0110894 0.8 0.8 0.8
vn -0.0048318 0.000373672 -0.999988
v -0.0351544 0.0316933 0.0110894 0.8 0.8 0.8
vn -0.00559495 5.32273e-05 -0.999984
v -0.0352853 9.01713e-07 0.0110894 0.8 0.8 0.8
vn -0.00500195 -6.52096e-06 -0.999987
v -0.0351544 -0.0316934 0.0110894 0.8 0.8 0.8
vn -0.00423951 -8.31943e-05 -0.999991
v -0.034758 -0.0388744 0.0110894 0.8 0.8 0.8
vn -0.00439131 -0.000454951 -0.99999
v -0.0340846 -0.0436297 0.0110894 0.8 0.8 0.8
vn -0.00396468 -0.000876034 -0.999992
v -0.0331116 -0.0471448 0.0110894 0.8 0.8 0.8
vn -0.00336247 -0.00135271 -0.999993
v -0.0318009 -0.0498327 0.0110894 0.8 0.8 0.8
vn -0.00265794 -0.00184562 -0.999995
v -0.0300856 -0.0518867 0.0110894 0.8 0.8 0.8
vn -0.0019162 -0.00231703 -0.999995
v -0.0278424 -0.0534113 0.0110894 0.8 0.8 0.8
vn -0.00120326 -0.00273508 -0.999996
v -0.0248078 -0.0544666 0.0110894 0.8 0.8 0.8
vn -0.000585563 -0.0030835 -0.999995
v -0.0202252 -0.0550877 0.0110894 0.8 0.8 0.8
vn -8.34104e-05 -0.00357053 -0.999994
v -6.08718e-07 -0.0552928 0.0110894 0.8 0.8 0.8
vn 1.02188e-05 -0.0031921 -0.999995
v 0.0202253 -0.0550877 0.0110894 0.8 0.8 0.8
vn 0.00013037 -0.00270552 -0.999996
v 0.0248078 -0.0544666 0.0110894 0.8 0.8 0.8
vn 0.000712935 -0.0028024 -0.999996
v 0.0278425 -0.0534113 0.0110894 0.8 0.8 0.8
vn 0.00137279 -0.00253014 -0.999996
v 0.0300857 -0.0518867 0.0110894 0.8 0.8 0.8
vn 0.00211977 -0.00214582 -0.999995
v 0.0318009 -0.0498327 0.0110894 0.8 0.8 0.8
vn 0.00289218 -0.00169621 -0.999994
v 0.0331117 -0.0471448 0.0110894 0.8 0.8 0.8
vn 0.00363089 -0.00122285 -0.999993
v 0.0340846 -0.0436297 0.0110894 0.8 0.8 0.8
vn 0.00428598 -0.000767873 -0.999991
v 0.0347581 -0.0388744 0.0110894 0.8 0.8 0.8
vn 0.00483196 -0.000373684 -0.999988
v 0.0351544 -0.0316934 0.0110894 0.8 0.8 0.8
vn 0.00559514 -5.32277e-05 -0.999984
v -0.0761313 -4.131e-08 0.0861855 0.8 0.8 0.8
vn 0.963471 -6.98101e-08 0.267812
v -0.0881428 -4.04396e-08 0.0828468 0.8 0.8 0.8
vn -0.963471 6.98101e-08 -0.267812
v -0.0657131 -4.17815e-08 0.0486193 0.8 0.8 0.8
vn 0.964153 -3.40211e-06 0.265347
v -0.0657519 0.0350164 0.0487586 0.8 0.8 0.8
vn 0.964234 2.71617e-05 0.265054
v -0.0658691 0.0429504 0.0491805 0.8 0.8 0.8
vn 0.96413 0.00019105 0.26543
v -0.0660684 0.0482043 0.0498974 0.8 0.8 0.8
vn 0.964056 0.000392631 0.2657
v -0.0663563 0.052088 0.0509331 0.8 0.8 0.8
vn 0.963967 0.00062529 0.266023
v -0.0667441 0.0550576 0.0523284 0.8 0.8 0.8
vn 0.963866 0.00086734 0.266387
v -0.0672517 0.057327 0.0541543 0.8 0.8 0.8
vn 0.96376 0.00109724 0.266767
v -0.0679154 0.0590115 0.0565421 0.8 0.8 0.8
vn 0.963658 0.00129374 0.267135
v -0.0688133 0.0601775 0.0597725 0.8 0.8 0.8
vn 0.963568 0.00143292 0.26746
v -0.0701693 0.0608637 0.0646506 0.8 0.8 0.8
vn 0.963488 0.0013832 0.267747
v -0.0761536 0.0610903 0.0861797 0.8 0.8 0.8
vn 0.963471 0.00163224 0.267807
v -0.0821383 0.0608637 0.10771 0.8 0.8 0.8
vn 0.963458 0.00182614 0.267853
v -0.0834942 0.0601775 0.112588 0.8 0.8 0.8
vn 0.96339 0.00157679 0.2681
v -0.0843922 0.0590115 0.115818 0.8 0.8 0.8
vn 0.963305 0.00139857 0.268405
v -0.0850559 0.057327 0.118206 0.8 0.8 0.8
vn 0.963208 0.00118476 0.268756
v -0.0855634 0.0550577 0.120032 0.8 0.8 0.8
vn 0.963106 0.000943684 0.269121
v -0.0859513 0.052088 0.121427 0.8 0.8 0.8
vn 0.963009 0.000691621 0.269468
v -0.0862392 0.0482043 0.122463 0.8 0.8 0.8
vn 0.962926 0.000447864 0.269765
v -0.0864384 0.0429504 0.12318 0.8 0.8 0.8
vn 0.962867 0.000232542 0.269975
v -0.0865557 0.0350164 0.123602 0.8 0.8 0.8
vn 0.962888 4.24549e-05 0.2699
v -0.0865945 9.8807e-07 0.123741 0.8 0.8 0.8
vn 0.962783 3.26238e-06 0.270275
v -0.0865557 -0.0350165 0.123602 0.8 0.8 0.8
vn 0.962701 -2.72998e-05 0.270568
v -0.0864385 -0.0429504 0.12318 0.8 0.8 0.8
vn 0.962806 -0.000191183 0.270192
v -0.0862392 -0.0482044 0.122463 0.8 0.8 0.8
vn 0.962882 -0.000392759 0.269923
v -0.0859513 -0.0520881 0.121427 0.8 0.8 0.8
vn 0.962972 -0.000625415 0.2696
v -0.0855634 -0.0550577 0.120032 0.8 0.8 0.8
vn 0.963074 -0.000867463 0.269236
v -0.0850559 -0.0573271 0.118206 0.8 0.8 0.8
vn 0.96318 -0.00109736 0.268856
v -0.0843922 -0.0590116 0.115818 0.8 0.8 0.8
vn 0.963282 -0.00129387 0.268488
v -0.0834942 -0.0601776 0.112588 0.8 0.8 0.8
vn 0.963373 -0.00143306 0.268163
v -0.0821383 -0.0608638 0.10771 0.8 0.8 0.8
vn 0.963452 -0.00138334 0.267876
v -0.076154 -0.0610904 0.0861809 0.8 0.8 0.8
vn 0.963469 -0.00163237 0.267817
v -0.0701693 -0.0608638 0.0646506 0.8 0.8 0.8
vn 0.963481 -0.00182628 0.26777
v -0.0688133 -0.0601776 0.0597725 0.8 0.8 0.8
vn 0.96355 -0.00157693 0.267523
v -0.0679154 -0.0590116 0.0565421 0.8 0.8 0.8
vn 0.963635 -0.00139872 0.267219
v -0.0672517 -0.0573271 0.0541543 0.8 0.8 0.8
vn 0.963732 -0.00118492 0.266867
v -0.0667441 -0.0550577 0.0523284 0.8 0.8 0.8
vn 0.963834 -0.000943842 0.266502
v -0.0663563 -0.0520881 0.0509331 0.8 0.8 0.8
vn 0.96393 -0.000691778 0.266155
v -0.0660684 -0.0482044 0.0498974 0.8 0.8 0.8
vn 0.964012 -0.000448017 0.265858
v -0.0658691 -0.0429504 0.0491805 0.8 0.8 0.8
vn 0.96407 -0.000232689 0.265648
v -0.0657519 -0.0350165 0.0487586 0.8 0.8 0.8
vn 0.964049 -4.25951e-05 0.265723
v -0.0634218 -4.18835e-08 0.0401147 0.8 0.8 0.8
vn 0.966936 -7.41515e-06 0.25502
v -0.0634693 0.0429274 0.0402855 0.8 0.8 0.8
vn 0.967226 0.000167756 0.253916
v -0.0636131 0.0526538 0.0408027 0.8 0.8 0.8
vn 0.966767 0.00106047 0.255657
v -0.0638574 0.0590947 0.0416816 0.8 0.8 0.8
vn 0.9664 0.00212611 0.257034
v -0.0642103 0.0638558 0.0429512 0.8 0.8 0.8
vn 0.96595 0.00334545 0.258706
v -0.0646858 0.0674964 0.0446618 0.8 0.8 0.8
vn 0.965438 0.00460779 0.260591
v -0.0653079 0.0702784 0.0469002 0.8 0.8 0.8
vn 0.9649 0.00580374 0.262554
v -0.0661216 0.0723434 0.0498275 0.8 0.8 0.8
vn 0.964377 0.00682794 0.264442
v -0.0672224 0.0737729 0.0537877 0.8 0.8 0.8
vn 0.963917 0.00757118 0.266096
v -0.0688847 0.0746141 0.0597679 0.8 0.8 0.8
vn 0.963522 0.00760193 0.26752
v -0.0762211 0.0748919 0.0861608 0.8 0.8 0.8
vn 0.96344 0.00845731 0.267791
v -0.0835578 0.0746141 0.112555 0.8 0.8 0.8
vn 0.96336 0.00918623 0.268054
v -0.0852201 0.0737729 0.118535 0.8 0.8 0.8
vn 0.962994 0.00803687 0.269404
v -0.0863209 0.0723434 0.122495 0.8 0.8 0.8
vn 0.962549 0.00712715 0.271014
v -0.0871345 0.0702784 0.125423 0.8 0.8 0.8
vn 0.962036 0.00602232 0.272854
v -0.0877567 0.0674964 0.127661 0.8 0.8 0.8
vn 0.961501 0.00477613 0.274759
v -0.0882322 0.0638558 0.129372 0.8 0.8 0.8
vn 0.96099 0.00347694 0.276562
v -0.0885851 0.0590947 0.130641 0.8 0.8 0.8
vn 0.960548 0.00222664 0.278104
v -0.0888294 0.0526538 0.13152 0.8 0.8 0.8
vn 0.960225 0.00113106 0.279223
v -0.0889732 0.0429274 0.132037 0.8 0.8 0.8
vn 0.960213 0.000188349 0.27927
v -0.0890207 1.22063e-06 0.132208 0.8 0.8 0.8
vn 0.959837 7.27554e-06 0.280557
v -0.0889732 -0.0429275 0.132037 0.8 0.8 0.8
vn 0.959516 -0.000167892 0.281653
v -0.0888294 -0.0526538 0.13152 0.8 0.8 0.8
vn 0.960022 -0.00106061 0.279924
v -0.0885851 -0.0590948 0.130641 0.8 0.8 0.8
vn 0.960418 -0.00212625 0.278555
v -0.0882322 -0.0638559 0.129372 0.8 0.8 0.8
vn 0.960896 -0.00334559 0.276891
v -0.0877567 -0.0674964 0.127661 0.8 0.8 0.8
vn 0.96143 -0.00460793 0.275013
v -0.0871346 -0.0702785 0.125423 0.8 0.8 0.8
vn 0.961981 -0.00580388 0.273053
v -0.0863209 -0.0723435 0.122495 0.8 0.8 0.8
vn 0.962508 -0.00682808 0.271166
v -0.0852201 -0.073773 0.118535 0.8 0.8 0.8
vn 0.962967 -0.00757132 0.269512
v -0.0835578 -0.0746142 0.112555 0.8 0.8 0.8
vn 0.963364 -0.00760207 0.268089
v -0.0762215 -0.074892 0.0861623 0.8 0.8 0.8
vn 0.963434 -0.00845744 0.267813
v -0.0688847 -0.0746142 0.0597679 0.8 0.8 0.8
vn 0.963501 -0.00918638 0.267547
v -0.0672224 -0.073773 0.0537877 0.8 0.8 0.8
vn 0.963884 -0.00803701 0.266202
v -0.0661216 -0.0723435 0.0498275 0.8 0.8 0.8
vn 0.964334 -0.00712729 0.264593
v -0.065308 -0.0702785 0.0469002 0.8 0.8 0.8
vn 0.964845 -0.00602246 0.262752
v -0.0646858 -0.0674964 0.0446618 0.8 0.8 0.8
vn 0.965369 -0.00477627 0.260845
v -0.0642103 -0.0638559 0.0429512 0.8 0.8 0.8
vn 0.965861 -0.00347708 0.259037
v -0.0638574 -0.0590948 0.0416816 0.8 0.8 0.8
vn 0.966279 -0.00222678 0.257487
v -0.0636131 -0.0526539 0.0408027 0.8 0.8 0.8
vn 0.96658 -0.0011312 0.256362
v -0.0634693 -0.0429275 0.0402855 0.8 0.8 0.8
vn 0.966593 -0.000188484 0.256316
v -0.0619838 -4.19455e-08 0.0344971 0.8 0.8 0.8
vn 0.970897 -1.10562e-05 0.239499
v -0.062037 0.0481347 0.0346886 0.8 0.8 0.8
vn 0.971326 0.000380164 0.237753
v -0.0621982 0.059041 0.0352686 0.8 0.8 0.8
vn 0.970491 0.00237097 0.241124
v -0.0624722 0.0662633 0.0362541 0.8 0.8 0.8
vn 0.969737 0.00473551 0.244106
v -0.0628679 0.0716019 0.0376777 0.8 0.8 0.8
vn 0.968789 0.007439 0.247775
v -0.0634011 0.0756841 0.0395958 0.8 0.8 0.8
vn 0.967693 0.0102384 0.251924
v -0.0640987 0.0788036 0.0421057 0.8 0.8 0.8
vn 0.966525 0.012894 0.256249
v -0.0650111 0.0811191 0.0453881 0.8 0.8 0.8
vn 0.96538 0.015178 0.260406
v -0.0662455 0.082722 0.0498287 0.8 0.8 0.8
vn 0.964364 0.0168654 0.264043
v -0.0681094 0.0836652 0.0565343 0.8 0.8 0.8
vn 0.963498 0.0172521 0.267158
v -0.0763357 0.0839767 0.0861289 0.8 0.8 0.8
vn 0.963308 0.0186818 0.267749
v -0.0845624 0.0836652 0.115725 0.8 0.8 0.8
vn 0.963122 0.0198295 0.268333
v -0.0864263 0.082722 0.122431 0.8 0.8 0.8
vn 0.96232 0.0176124 0.271349
v -0.0876606 0.0811191 0.126871 0.8 0.8 0.8
vn 0.961339 0.0156487 0.274923
v -0.088573 0.0788036 0.130154 0.8 0.8 0.8
vn 0.960199 0.0132297 0.279003
v -0.0892707 0.0756841 0.132663 0.8 0.8 0.8
vn 0.958997 0.0104902 0.283221
v -0.0898038 0.0716019 0.134582 0.8 0.8 0.8
vn 0.957836 0.00763073 0.287215
v -0.0901996 0.0662633 0.136005 0.8 0.8 0.8
vn 0.956818 0.00487873 0.290645
v -0.0904735 0.059041 0.136991 0.8 0.8 0.8
vn 0.956055 0.00246953 0.293176
v -0.0906347 0.0481347 0.137571 0.8 0.8 0.8
vn 0.955881 0.000406589 0.293755
v -0.090688 1.37372e-06 0.137762 0.8 0.8 0.8
vn 0.95522 1.09166e-05 0.295896
v -0.0906347 -0.0481348 0.137571 0.8 0.8 0.8
vn 0.954687 -0.000380295 0.297612
v -0.0904735 -0.0590411 0.136991 0.8 0.8 0.8
vn 0.955712 -0.00237111 0.294294
v -0.0901996 -0.0662634 0.136005 0.8 0.8 0.8
vn 0.956605 -0.00473565 0.291351
v -0.0898039 -0.071602 0.134582 0.8 0.8 0.8
vn 0.957686 -0.00743913 0.287719
v -0.0892707 -0.0756842 0.132663 0.8 0.8 0.8
vn 0.958888 -0.0102385 0.2836
v -0.088573 -0.0788037 0.130154 0.8 0.8 0.8
vn 0.96012 -0.0128941 0.279292
v -0.0876606 -0.0811192 0.126871 0.8 0.8 0.8
vn 0.961284 -0.0151782 0.27514
v -0.0864263 -0.0827221 0.122431 0.8 0.8 0.8
vn 0.96229 -0.0168655 0.271501
v -0.0845624 -0.0836653 0.115725 0.8 0.8 0.8
vn 0.963157 -0.0172522 0.268386
v -0.0763362 -0.0839768 0.0861306 0.8 0.8 0.8
vn 0.963298 -0.018682 0.267782
v -0.0681094 -0.0836653 0.0565343 0.8 0.8 0.8
vn 0.963441 -0.0198296 0.267185
v -0.0662455 -0.0827221 0.0498287 0.8 0.8 0.8
vn 0.96431 -0.0176125 0.264188
v -0.0650111 -0.0811192 0.0453881 0.8 0.8 0.8
vn 0.965314 -0.0156489 0.260621
v -0.0640987 -0.0788037 0.0421057 0.8 0.8 0.8
vn 0.966444 -0.0132298 0.256538
v -0.0634011 -0.0756842 0.0395958 0.8 0.8 0.8
vn 0.967591 -0.0104904 0.252305
v -0.0628679 -0.071602 0.0376777 0.8 0.8 0.8
vn 0.968657 -0.00763087 0.248284
v -0.0624722 -0.0662634 0.0362541 0.8 0.8 0.8
vn 0.969556 -0.00487887 0.244821
v -0.0621983 -0.0590411 0.0352686 0.8 0.8 0.8
vn 0.970208 -0.00246967 0.24226
v -0.0620371 -0.0481348 0.0346886 0.8 0.8 0.8
vn 0.970358 -0.000406719 0.241673
v -0.0610135 -4.1985e-08 0.0303646 0.8 0.8 0.8
vn 0.976647 -1.59028e-05 0.214851
v -0.061071 0.0519444 0.0305713 0.8 0.8 0.8
vn 0.977253 0.000718868 0.212078
v -0.0612449 0.0637138 0.0311971 0.8 0.8 0.8
vn 0.975926 0.00444838 0.218055
v -0.0615405 0.0715077 0.0322606 0.8 0.8 0.8
vn 0.974643 0.00886755 0.223591
v -0.0619676 0.0772689 0.0337969 0.8 0.8 0.8
vn 0.972988 0.0139187 0.230434
v -0.0625429 0.0816741 0.0358668 0.8 0.8 0.8
vn 0.971033 0.0191493 0.238178
v -0.0632958 0.0850406 0.0385753 0.8 0.8 0.8
vn 0.968907 0.024113 0.246246
v -0.0642804 0.0875394 0.0421175 0.8 0.8 0.8
vn 0.96679 0.0283876 0.253992
v -0.0656124 0.0892691 0.0469096 0.8 0.8 0.8
vn 0.964888 0.0315647 0.260758
v -0.0676239 0.090287 0.0541459 0.8 0.8 0.8
vn 0.963275 0.032512 0.26654
v -0.0765013 0.0906231 0.0860828 0.8 0.8 0.8
vn 0.962893 0.0348453 0.267625
v -0.085379 0.090287 0.118021 0.8 0.8 0.8
vn 0.962521 0.0366589 0.268718
v -0.0873905 0.0892691 0.125258 0.8 0.8 0.8
vn 0.961063 0.0327465 0.274383
v -0.0887225 0.0875394 0.13005 0.8 0.8 0.8
vn 0.959246 0.0291144 0.281068
v -0.0897071 0.0850406 0.133592 0.8 0.8 0.8
vn 0.957107 0.0246152 0.288688
v -0.09046 0.0816741 0.1363 0.8 0.8 0.8
vn 0.954817 0.0195126 0.296552
v -0.0910354 0.0772689 0.13837 0.8 0.8 0.8
vn 0.95257 0.014185 0.303989
v -0.0914624 0.0715077 0.139907 0.8 0.8 0.8
vn 0.950572 0.0090593 0.310373
v -0.091758 0.0637138 0.14097 0.8 0.8 0.8
vn 0.949046 0.00457595 0.315104
v -0.091932 0.0519444 0.141596 0.8 0.8 0.8
vn 0.948588 0.000747946 0.316513
v -0.0919895 1.48573e-06 0.141803 0.8 0.8 0.8
vn 0.947426 1.57634e-05 0.319975
v -0.091932 -0.0519445 0.141596 0.8 0.8 0.8
vn 0.946513 -0.000718991 0.322663
v -0.091758 -0.0637139 0.14097 0.8 0.8 0.8
vn 0.948462 -0.00444852 0.316859
v -0.0914624 -0.0715078 0.139907 0.8 0.8 0.8
vn 0.95022 -0.00886769 0.311455
v -0.0910354 -0.077269 0.13837 0.8 0.8 0.8
vn 0.952334 -0.0139188 0.304739
v -0.09046 -0.0816742 0.1363 0.8 0.8 0.8
vn 0.954655 -0.0191494 0.297097
v -0.0897072 -0.0850407 0.133592 0.8 0.8 0.8
vn 0.956998 -0.0241131 0.28909
v -0.0887225 -0.0875394 0.13005 0.8 0.8 0.8
vn 0.959182 -0.0283878 0.281362
v -0.0873905 -0.0892691 0.125258 0.8 0.8 0.8
vn 0.961045 -0.0315649 0.274585
v -0.0853791 -0.090287 0.118021 0.8 0.8 0.8
vn 0.962647 -0.0325121 0.2688
v -0.0765018 -0.0906232 0.0860846 0.8 0.8 0.8
vn 0.962879 -0.0348454 0.267673
v -0.0676239 -0.090287 0.0541459 0.8 0.8 0.8
vn 0.963125 -0.0366591 0.266545
v -0.0656125 -0.0892691 0.0469096 0.8 0.8 0.8
vn 0.964799 -0.0327466 0.26094
v -0.0642804 -0.0875394 0.0421175 0.8 0.8 0.8
vn 0.966693 -0.0291145 0.254277
v -0.0632958 -0.0850407 0.0385753 0.8 0.8 0.8
vn 0.968793 -0.0246153 0.246646
v -0.0625429 -0.0816742 0.0358668 0.8 0.8 0.8
vn 0.97089 -0.0195127 0.238729
v -0.0619676 -0.077269 0.0337969 0.8 0.8 0.8
vn 0.972803 -0.0141851 0.231199
v -0.0615405 -0.0715078 0.0322606 0.8 0.8 0.8
vn 0.974386 -0.00905944 0.2247
v -0.0612449 -0.0637139 0.0311971 0.8 0.8 0.8
vn 0.975521 -0.00457609 0.21986
v -0.061071 -0.0519445 0.0305713 0.8 0.8 0.8
vn 0.975855 -0.000748067 0.218416
v -0.0603826 -4.20075e-08 0.0272304 0.8 0.8 0.8
vn 0.984763 -2.36822e-05 0.173903
v -0.0604433 0.0548084 0.0274485 0.8 0.8 0.8
vn 0.985595 0.00128088 0.169119
v -0.0606268 0.0672268 0.0281088 0.8 0.8 0.8
vn 0.983698 0.00787833 0.179653
v -0.0609387 0.0754504 0.029231 0.8 0.8 0.8
vn 0.981762 0.0156891 0.189464
v -0.0613893 0.0815292 0.030852 0.8 0.8 0.8
vn 0.979159 0.0246196 0.201595
v -0.0619964 0.0861774 0.033036 0.8 0.8 0.8
vn 0.975957 0.0338693 0.215314
v -0.0627908 0.0897295 0.0358939 0.8 0.8 0.8
vn 0.972353 0.0426457 0.229591
v -0.0638297 0.092366 0.0396314 0.8 0.8 0.8
vn 0.968657 0.0501992 0.243277
v -0.0652352 0.0941911 0.0446876 0.8 0.8 0.8
vn 0.965274 0.0558114 0.255209
v -0.0673575 0.0952651 0.052323 0.8 0.8 0.8
vn 0.962421 0.0575521 0.265391
v -0.0767243 0.0956198 0.0860208 0.8 0.8 0.8
vn 0.961655 0.0615466 0.267268
v -0.0860916 0.0952651 0.11972 0.8 0.8 0.8
vn 0.960914 0.0646574 0.269191
v -0.088214 0.0941911 0.127356 0.8 0.8 0.8
vn 0.958472 0.0577981 0.279267
v -0.0896195 0.092366 0.132412 0.8 0.8 0.8
vn 0.95531 0.0513866 0.291105
v -0.0906584 0.0897295 0.136149 0.8 0.8 0.8
vn 0.951501 0.0434345 0.304564
v -0.0914527 0.0861774 0.139007 0.8 0.8 0.8
vn 0.947327 0.0344128 0.318412
v -0.0920598 0.0815292 0.141191 0.8 0.8 0.8
vn 0.943138 0.0249962 0.33146
v -0.0925104 0.0754504 0.142812 0.8 0.8 0.8
vn 0.93934 0.0159448 0.342616
v -0.0928223 0.0672268 0.143934 0.8 0.8 0.8
vn 0.936394 0.00803868 0.350858
v -0.0930059 0.0548084 0.144595 0.8 0.8 0.8
vn 0.935468 0.0013056 0.353408
v -0.0930665 1.56994e-06 0.144813 0.8 0.8 0.8
vn 0.933246 2.35432e-05 0.359237
v -0.0930059 -0.0548085 0.144595 0.8 0.8 0.8
vn 0.93149 -0.00128099 0.363765
v -0.0928223 -0.0672269 0.143934 0.8 0.8 0.8
vn 0.935302 -0.00787847 0.353763
v -0.0925104 -0.0754505 0.142812 0.8 0.8 0.8
vn 0.938707 -0.0156893 0.34436
v -0.0920598 -0.0815293 0.141191 0.8 0.8 0.8
vn 0.942737 -0.0246198 0.332626
v -0.0914528 -0.0861775 0.139007 0.8 0.8 0.8
vn 0.947074 -0.0338695 0.319223
v -0.0906584 -0.0897295 0.136149 0.8 0.8 0.8
vn 0.951354 -0.0426458 0.305134
v -0.0896195 -0.0923661 0.132412 0.8 0.8 0.8
vn 0.955252 -0.0501993 0.291503
v -0.088214 -0.0941911 0.127356 0.8 0.8 0.8
vn 0.958511 -0.0558116 0.279537
v -0.0860916 -0.0952652 0.11972 0.8 0.8 0.8
vn 0.961323 -0.0575522 0.269344
v -0.0767249 -0.0956199 0.0860226 0.8 0.8 0.8
vn 0.961635 -0.0615467 0.26734
v -0.0673575 -0.0952652 0.052323 0.8 0.8 0.8
vn 0.961992 -0.0646575 0.265311
v -0.0652352 -0.0941911 0.0446876 0.8 0.8 0.8
vn 0.965101 -0.0577982 0.255421
v -0.0638297 -0.0923661 0.0396314 0.8 0.8 0.8
vn 0.968501 -0.0513868 0.243648
v -0.0627908 -0.0897295 0.0358939 0.8 0.8 0.8
vn 0.972184 -0.0434347 0.230154
v -0.0619964 -0.0861775 0.033036 0.8 0.8 0.8
vn 0.975756 -0.0344129 0.216139
v -0.0613893 -0.0815293 0.030852 0.8 0.8 0.8
vn 0.978901 -0.0249963 0.202801
v -0.0609387 -0.0754505 0.029231 0.8 0.8 0.8
vn 0.981405 -0.015945 0.191286
v -0.0606268 -0.0672269 0.0281088 0.8 0.8 0.8
vn 0.983135 -0.00803882 0.182705
v -0.0604433 -0.0548085 0.0274485 0.8 0.8 0.8
vn 0.983658 -0.00130571 0.180043
v -0.0600406 -4.20151e-08 0.0248683 0.8 0.8 0.8
vn 0.995123 -3.89013e-05 0.0986387
v -0.0601035 0.0569348 0.0250949 0.8 0.8 0.8
vn 0.99602 0.00230591 0.0890989
v -0.0602942 0.069835 0.0257809 0.8 0.8 0.8
vn 0.993974 0.0141089 0.108702
v -0.0606182 0.0783777 0.0269465 0.8 0.8 0.8
vn 0.991581 0.0281042 0.126402
v -0.0610863 0.0846923 0.0286305 0.8 0.8 0.8
vn 0.987965 0.0441395 0.148249
v -0.0617169 0.0895208 0.0308992 0.8 0.8 0.8
vn 0.983052 0.0607681 0.17296
v -0.0625422 0.0932107 0.0338679 0.8 0.8 0.8
vn 0.977075 0.0765362 0.198662
v -0.0636214 0.0959495 0.0377504 0.8 0.8 0.8
vn 0.97059 0.090065 0.223257
v -0.0650813 0.0978454 0.0430029 0.8 0.8 0.8
vn 0.964439 0.10004 0.244643
v -0.0672861 0.0989611 0.0509344 0.8 0.8 0.8
vn 0.95934 0.102757 0.262883
v -0.0770163 0.0993295 0.0859396 0.8 0.8 0.8
vn 0.957599 0.11039 0.266116
v -0.086747 0.0989611 0.120946 0.8 0.8 0.8
vn 0.955918 0.116579 0.2695
v -0.0889517 0.0978454 0.128878 0.8 0.8 0.8
vn 0.952057 0.103831 0.287762
v -0.0904117 0.0959495 0.13413 0.8 0.8 0.8
vn 0.946552 0.0922624 0.309074
v -0.0914909 0.0932107 0.138013 0.8 0.8 0.8
vn 0.939633 0.0779307 0.33319
v -0.0923161 0.0895208 0.140982 0.8 0.8 0.8
vn 0.931746 0.0616704 0.357837
v -0.0929467 0.0846923 0.14325 0.8 0.8 0.8
vn 0.923555 0.0447165 0.380851
v -0.0934148 0.0783777 0.144934 0.8 0.8 0.8
vn 0.915937 0.0284602 0.400312
v -0.0937388 0.069835 0.1461 0.8 0.8 0.8
vn 0.90994 0.0143088 0.414493
v -0.0939295 0.0569348 0.146786 0.8 0.8 0.8
vn 0.908291 0.00230683 0.418332
v -0.0939925 1.63247e-06 0.147013 0.8 0.8 0.8
vn 0.90328 3.87637e-05 0.429052
v -0.0939295 -0.0569349 0.146786 0.8 0.8 0.8
vn 0.899125 -0.002306 0.437687
v -0.0937388 -0.0698351 0.1461 0.8 0.8 0.8
vn 0.907489 -0.014109 0.41984
v -0.0934148 -0.0783777 0.144934 0.8 0.8 0.8
vn 0.914573 -0.0281043 0.403443
v -0.0929467 -0.0846924 0.14325 0.8 0.8 0.8
vn 0.92275 -0.0441396 0.382864
v -0.0923161 -0.0895209 0.140982 0.8 0.8 0.8
vn 0.931294 -0.0607683 0.359163
v -0.0914909 -0.0932108 0.138013 0.8 0.8 0.8
vn 0.939438 -0.0765364 0.334063
v -0.0904117 -0.0959496 0.13413 0.8 0.8 0.8
vn 0.946576 -0.0900651 0.309649
v -0.0889517 -0.0978454 0.128878 0.8 0.8 0.8
vn 0.952343 -0.10004 0.288156
v -0.086747 -0.0989611 0.120946 0.8 0.8 0.8
vn 0.957389 -0.102757 0.269902
v -0.0770168 -0.0993296 0.0859415 0.8 0.8 0.8
vn 0.957566 -0.11039 0.266234
v -0.0672861 -0.0989611 0.0509344 0.8 0.8 0.8
vn 0.957872 -0.116579 0.262468
v -0.0650814 -0.0978454 0.0430029 0.8 0.8 0.8
vn 0.96399 -0.103831 0.244833
v -0.0636214 -0.0959496 0.0377504 0.8 0.8 0.8
vn 0.970273 -0.0922625 0.223737
v -0.0625422 -0.0932108 0.0338679 0.8 0.8 0.8
vn 0.976792 -0.0779309 0.19951
v -0.061717 -0.0895209 0.0308992 0.8 0.8 0.8
vn 0.982754 -0.0616705 0.174329
v -0.0610863 -0.0846924 0.0286305 0.8 0.8 0.8
vn 0.987615 -0.0447166 0.150389
v -0.0606183 -0.0783778 0.0269465 0.8 0.8 0.8
vn 0.991133 -0.0284603 0.129788
v -0.0602942 -0.0698351 0.0257809 0.8 0.8 0.8
vn 0.993315 -0.0143089 0.114547
v -0.0601036 -0.0569349 0.0250949 0.8 0.8 0.8
vn 0.993884 -0.00230691 0.110407
v -0.0599769 -4.20076e-08 0.0231594 0.8 0.8 0.8
vn 0.997878 -7.72399e-05 -0.0651158
v -0.0600415 0.0584291 0.0233919 0.8 0.8 0.8
vn 0.996055 0.00447974 -0.0886293
v -0.0602372 0.0716678 0.0240959 0.8 0.8 0.8
vn 0.998484 0.0273646 -0.047768
v -0.0605697 0.0804347 0.0252921 0.8 0.8 0.8
vn 0.998406 0.0547856 -0.0135426
v -0.06105 0.086915 0.0270203 0.8 0.8 0.8
vn 0.995829 0.0865332 0.0289365
v -0.0616972 0.0918702 0.0293485 0.8 0.8 0.8
vn 0.989783 0.119675 0.0775134
v -0.0625441 0.095657 0.0323952 0.8 0.8 0.8
vn 0.980146 0.151081 0.128409
v -0.0636516 0.0984676 0.0363796 0.8 0.8 0.8
vn 0.967995 0.177748 0.177178
v -0.0651499 0.100413 0.0417698 0.8 0.8 0.8
vn 0.955549 0.19691 0.219439
v -0.0674125 0.101558 0.0499096 0.8 0.8 0.8
vn 0.945915 0.199831 0.255564
v -0.0773981 0.101936 0.0858334 0.8 0.8 0.8
vn 0.940392 0.217721 0.261267
v -0.0873842 0.101558 0.121759 0.8 0.8 0.8
vn 0.934866 0.233465 0.26743
v -0.0896467 0.100413 0.129899 0.8 0.8 0.8
vn 0.930022 0.205988 0.30435
v -0.091145 0.0984676 0.135289 0.8 0.8 0.8
vn 0.919954 0.182864 0.346765
v -0.0922526 0.095657 0.139273 0.8 0.8 0.8
vn 0.905993 0.154177 0.394216
v -0.0930994 0.0918702 0.14232 0.8 0.8 0.8
vn 0.888854 0.121539 0.441777
v -0.0937466 0.086915 0.144648 0.8 0.8 0.8
vn 0.870139 0.0876107 0.484956
v -0.094227 0.0804347 0.146376 0.8 0.8 0.8
vn 0.852251 0.0553659 0.520195
v -0.0945595 0.0716678 0.147573 0.8 0.8 0.8
vn 0.83815 0.0276343 0.544739
v -0.0947552 0.0584291 0.148277 0.8 0.8 0.8
vn 0.836205 0.00440364 0.5484
v -0.0948198 1.67642e-06 0.148509 0.8 0.8 0.8
vn 0.821133 7.71079e-05 0.570737
v -0.0947552 -0.0584291 0.148277 0.8 0.8 0.8
vn 0.807436 -0.00447977 0.589938
v -0.0945595 -0.0716679 0.147573 0.8 0.8 0.8
vn 0.830603 -0.0273647 0.556192
v -0.094227 -0.0804347 0.146376 0.8 0.8 0.8
vn 0.8482 -0.0547857 0.526836
v -0.0937466 -0.0869151 0.144648 0.8 0.8 0.8
vn 0.867913 -0.0865334 0.48912
v -0.0930994 -0.0918703 0.14232 0.8 0.8 0.8
vn 0.887803 -0.119675 0.444391
v -0.0922526 -0.095657 0.139273 0.8 0.8 0.8
vn 0.905814 -0.151081 0.395823
v -0.0911451 -0.0984677 0.135289 0.8 0.8 0.8
vn 0.920573 -0.177748 0.347779
v -0.0896467 -0.100413 0.129899 0.8 0.8 0.8
vn 0.931722 -0.19691 0.305157
v -0.0873842 -0.101558 0.121759 0.8 0.8 0.8
vn 0.942112 -0.199831 0.269242
v -0.0773987 -0.101936 0.0858354 0.8 0.8 0.8
vn 0.940325 -0.217721 0.261508
v -0.0674125 -0.101558 0.0499096 0.8 0.8 0.8
vn 0.938773 -0.233465 0.253377
v -0.0651499 -0.100413 0.0417698 0.8 0.8 0.8
vn 0.953675 -0.205988 0.219254
v -0.0636516 -0.0984677 0.0363796 0.8 0.8 0.8
vn 0.96694 -0.182864 0.177727
v -0.0625441 -0.095657 0.0323952 0.8 0.8 0.8
vn 0.97947 -0.154177 0.129878
v -0.0616972 -0.0918703 0.0293485 0.8 0.8 0.8
vn 0.989334 -0.12154 0.080295
v -0.0610501 -0.0869151 0.0270203 0.8 0.8 0.8
vn 0.995586 -0.0876109 0.0336522
v -0.0605697 -0.0804348 0.0252921 0.8 0.8 0.8
vn 0.998449 -0.055366 -0.00576407
v -0.0602372 -0.0716679 0.0240959 0.8 0.8 0.8
vn 0.999038 -0.0276345 -0.0340635
v -0.0600415 -0.0584291 0.0233919 0.8 0.8 0.8
vn 0.99926 -0.00440366 -0.0382032
v -0.0602226 -4.19825e-08 0.0220418 0.8 0.8 0.8
vn 0.869949 -0.000207274 -0.493141
v -0.0602883 0.0593371 0.0222779 0.8 0.8 0.8
vn 0.832891 0.00946693 -0.553356
v -0.060487 0.0727815 0.0229928 0.8 0.8 0.8
vn 0.877903 0.0600894 -0.475052
v -0.0608247 0.0816847 0.0242077 0.8 0.8 0.8
vn 0.901042 0.124741 -0.415408
v -0.0613125 0.0882657 0.0259627 0.8 0.8 0.8
vn 0.920233 0.204888 -0.333454
v -0.0619697 0.0932979 0.0283271 0.8 0.8 0.8
vn 0.928523 0.293159 -0.227823
v -0.0628298 0.0971435 0.0314211 0.8 0.8 0.8
vn 0.919755 0.377892 -0.10606
v -0.0639545 0.0999979 0.0354675 0.8 0.8 0.8
vn 0.89461 0.446535 0.0167328
v -0.0654761 0.101974 0.0409415 0.8 0.8 0.8
vn 0.86275 0.490159 0.124128
v -0.0677738 0.103137 0.0492077 0.8 0.8 0.8
vn 0.848552 0.482206 0.217798
v -0.0779146 0.103521 0.0856898 0.8 0.8 0.8
vn 0.811621 0.539032 0.225201
v -0.0880559 0.103137 0.122174 0.8 0.8 0.8
vn 0.770362 0.593482 0.23307
v -0.0903536 0.101974 0.13044 0.8 0.8 0.8
vn 0.785833 0.520778 0.333553
v -0.0918752 0.0999979 0.135914 0.8 0.8 0.8
vn 0.767063 0.46395 0.44313
v -0.0929999 0.0971435 0.13996 0.8 0.8 0.8
vn 0.73138 0.388409 0.560555
v -0.09386 0.0932979 0.143054 0.8 0.8 0.8
vn 0.68176 0.299489 0.667465
v -0.0945172 0.0882657 0.145419 0.8 0.8 0.8
vn 0.62662 0.208677 0.750867
v -0.095005 0.0816847 0.147174 0.8 0.8 0.8
vn 0.576577 0.127011 0.80711
v -0.0953427 0.0727815 0.148389 0.8 0.8 0.8
vn 0.541342 0.0613926 0.838558
v -0.0955414 0.0593371 0.149104 0.8 0.8 0.8
vn 0.55455 0.00960396 0.832095
v -0.0956071 1.70315e-06 0.14934 0.8 0.8 0.8
vn 0.490672 0.000207175 0.871344
v -0.0955414 -0.0593372 0.149104 0.8 0.8 0.8
vn 0.42785 -0.0094668 0.9038
v -0.0953427 -0.0727816 0.148389 0.8 0.8 0.8
vn 0.506817 -0.0600895 0.859957
v -0.095005 -0.0816847 0.147174 0.8 0.8 0.8
vn 0.557416 -0.124741 0.820809
v -0.0945172 -0.0882658 0.145419 0.8 0.8 0.8
vn 0.616148 -0.204888 0.760515
v -0.09386 -0.093298 0.143054 0.8 0.8 0.8
vn 0.677759 -0.293159 0.674315
v -0.0929999 -0.0971436 0.13996 0.8 0.8 0.8
vn 0.733086 -0.377892 0.565493
v -0.0918752 -0.099998 0.135914 0.8 0.8 0.8
vn 0.774916 -0.446535 0.447338
v -0.0903536 -0.101974 0.13044 0.8 0.8 0.8
vn 0.803048 -0.490159 0.338907
v -0.0880559 -0.103137 0.122174 0.8 0.8 0.8
vn 0.839227 -0.482206 0.251346
v -0.0779152 -0.103521 0.0856919 0.8 0.8 0.8
vn 0.811414 -0.539032 0.225947
v -0.0677738 -0.103137 0.0492077 0.8 0.8 0.8
vn 0.780133 -0.593483 0.197915
v -0.0654761 -0.101974 0.0409415 0.8 0.8 0.8
vn 0.84524 -0.520778 0.119829
v -0.0639545 -0.099998 0.0354675 0.8 0.8 0.8
vn 0.885712 -0.46395 0.0162841
v -0.0628298 -0.0971436 0.0314211 0.8 0.8 0.8
vn 0.915745 -0.388409 -0.102711
v -0.0619697 -0.093298 0.0283271 0.8 0.8 0.8
vn 0.928415 -0.299489 -0.219891
v -0.0613125 -0.0882658 0.0259627 0.8 0.8 0.8
vn 0.924225 -0.208677 -0.319785
v -0.0608247 -0.0816847 0.0242077 0.8 0.8 0.8
vn 0.910385 -0.127011 -0.393786
v -0.060487 -0.0727816 0.0229928 0.8 0.8 0.8
vn 0.896433 -0.0613927 -0.438906
v -0.0602883 -0.0593372 0.0222779 0.8 0.8 0.8
vn 0.904412 -0.00960384 -0.426553
v -0.0609131 -4.193e-08 0.0215031 0.8 0.8 0.8
vn -0.0112985 -0.000814361 -0.999936
v -0.0609791 0.0596372 0.0217404 0.8 0.8 0.8
vn -0.0560148 0.0101948 -0.998378
v -0.0611788 0.0731497 0.0224589 0.8 0.8 0.8
vn -0.0441613 0.0772104 -0.996036
v -0.0615182 0.0820978 0.0236799 0.8 0.8 0.8
vn -0.0692209 0.172551 -0.982565
v -0.0620085 0.0887122 0.0254438 0.8 0.8 0.8
vn -0.113199 0.305928 -0.945301
v -0.0626691 0.0937698 0.0278202 0.8 0.8 0.8
vn -0.174724 0.474005 -0.863013
v -0.0635334 0.0976349 0.0309298 0.8 0.8 0.8
vn -0.245321 0.652591 -0.716897
v -0.0646639 0.100504 0.0349966 0.8 0.8 0.8
vn -0.307229 0.797871 -0.518664
v -0.0661932 0.10249 0.0404983 0.8 0.8 0.8
vn -0.345003 0.883222 -0.317634
v -0.0685025 0.103658 0.0488064 0.8 0.8 0.8
vn -0.318324 0.939078 -0.129625
v -0.0786946 0.104044 0.085473 0.8 0.8 0.8
vn -0.398298 0.910309 -0.11268
v -0.0888871 0.103658 0.122141 0.8 0.8 0.8
vn -0.458503 0.882677 -0.103228
v -0.0911965 0.10249 0.130449 0.8 0.8 0.8
vn -0.478816 0.876553 0.0488908
v -0.0927258 0.100504 0.135951 0.8 0.8 0.8
vn -0.534615 0.811502 0.235905
v -0.0938562 0.0976349 0.140018 0.8 0.8 0.8
vn -0.580312 0.68301 0.443547
v -0.0947206 0.0937698 0.143128 0.8 0.8 0.8
vn -0.595203 0.510538 0.620551
v -0.0953811 0.0887122 0.145504 0.8 0.8 0.8
vn -0.582697 0.338506 0.738835
v -0.0958714 0.0820978 0.147268 0.8 0.8 0.8
vn -0.558293 0.197282 0.805846
v -0.0962108 0.0731497 0.148489 0.8 0.8 0.8
vn -0.532272 0.0938907 0.84135
v -0.0964106 0.0596372 0.149207 0.8 0.8 0.8
vn -0.478564 0.016743 0.877893
v -0.0964765 1.71203e-06 0.149445 0.8 0.8 0.8
vn -0.525701 0.000814405 0.850669
v -0.0964106 -0.0596373 0.149207 0.8 0.8 0.8
vn -0.563201 -0.0101945 0.826257
v -0.0962108 -0.0731497 0.148489 0.8 0.8 0.8
vn -0.551839 -0.0772103 0.830369
v -0.0958715 -0.0820979 0.147268 0.8 0.8 0.8
vn -0.566352 -0.172551 0.805898
v -0.0953812 -0.0887123 0.145504 0.8 0.8 0.8
vn -0.584791 -0.305928 0.751284
v -0.0947206 -0.0937699 0.143128 0.8 0.8 0.8
vn -0.595025 -0.474005 0.649049
v -0.0938562 -0.097635 0.140018 0.8 0.8 0.8
vn -0.580092 -0.652591 0.487461
v -0.0927258 -0.100504 0.135951 0.8 0.8 0.8
vn -0.530819 -0.797871 0.285715
v -0.0911965 -0.10249 0.130449 0.8 0.8 0.8
vn -0.459432 -0.883222 0.0940288
v -0.0888872 -0.103658 0.122141 0.8 0.8 0.8
vn -0.339556 -0.939078 -0.0532424
v -0.0786952 -0.104044 0.0854751 0.8 0.8 0.8
vn -0.399312 -0.910309 -0.109028
v -0.0685025 -0.103658 0.0488064 0.8 0.8 0.8
vn -0.446004 -0.882677 -0.148194
v -0.0661932 -0.10249 0.0404983 0.8 0.8 0.8
vn -0.384901 -0.876553 -0.288974
v -0.0646639 -0.100504 0.0349966 0.8 0.8 0.8
vn -0.336185 -0.811502 -0.477958
v -0.0635335 -0.097635 0.0309298 0.8 0.8 0.8
vn -0.268173 -0.68301 -0.679397
v -0.0626691 -0.0937699 0.0278202 0.8 0.8 0.8
vn -0.189583 -0.510538 -0.838695
v -0.0620085 -0.0887123 0.0254438 0.8 0.8 0.8
vn -0.117829 -0.338506 -0.933558
v -0.0615182 -0.0820979 0.0236799 0.8 0.8 0.8
vn -0.0623445 -0.197282 -0.978362
v -0.0611788 -0.0731497 0.0224589 0.8 0.8 0.8
vn -0.0217341 -0.0938907 -0.995345
v -0.0609791 -0.0596373 0.0217404 0.8 0.8 0.8
vn 0.0431288 -0.0167426 -0.998929
v -0.0647866 -4.1661e-08 0.0220969 0.8 0.8 0.8
vn -0.204655 3.49513e-05 -0.978834
v -0.0648509 0.0581915 0.0223285 0.8 0.8 0.8
vn -0.218753 0.0120848 -0.975705
v -0.0650458 0.0713765 0.0230296 0.8 0.8 0.8
vn -0.239723 0.0781519 -0.967691
v -0.065377 0.0801077 0.024221 0.8 0.8 0.8
vn -0.282573 0.166645 -0.94466
v -0.0658554 0.0865617 0.0259421 0.8 0.8 0.8
vn -0.343916 0.284297 -0.894929
v -0.0664999 0.0914968 0.0282609 0.8 0.8 0.8
vn -0.418099 0.423678 -0.803549
v -0.0673433 0.0952681 0.0312952 0.8 0.8 0.8
vn -0.491575 0.563484 -0.663957
v -0.0684464 0.0980674 0.0352634 0.8 0.8 0.8
vn -0.548076 0.675116 -0.493792
v -0.0699386 0.100005 0.0406317 0.8 0.8 0.8
vn -0.581007 0.743713 -0.330638
v -0.072192 0.101145 0.0487384 0.8 0.8 0.8
vn -0.592654 0.782363 -0.191491
v -0.082137 0.101522 0.0845162 0.8 0.8 0.8
vn -0.606586 0.776949 -0.168532
v -0.0920825 0.101145 0.120296 0.8 0.8 0.8
vn -0.62605 0.765751 -0.147265
v -0.0943358 0.100005 0.128402 0.8 0.8 0.8
vn -0.673571 0.73891 -0.0176981
v -0.095828 0.0980674 0.133771 0.8 0.8 0.8
vn -0.727036 0.67217 0.14002
v -0.0969311 0.0952681 0.137739 0.8 0.8 0.8
vn -0.764891 0.561508 0.315676
v -0.0977745 0.0914968 0.140773 0.8 0.8 0.8
vn -0.772741 0.422321 0.473831
v -0.098419 0.0865617 0.143092 0.8 0.8 0.8
vn -0.755223 0.283361 0.591054
v -0.0988974 0.0801077 0.144813 0.8 0.8 0.8
vn -0.727098 0.166007 0.666161
v -0.0992286 0.0713765 0.146005 0.8 0.8 0.8
vn -0.700298 0.0777427 0.709605
v -0.0994235 0.0581915 0.146706 0.8 0.8 0.8
vn -0.674844 0.0119632 0.737863
v -0.0994879 1.66978e-06 0.146937 0.8 0.8 0.8
vn -0.680433 -3.48872e-05 0.73281
v -0.0994235 -0.0581916 0.146706 0.8 0.8 0.8
vn -0.690895 -0.0120844 0.722854
v -0.0992286 -0.0713765 0.146005 0.8 0.8 0.8
vn -0.70472 -0.0781518 0.705168
v -0.0988975 -0.0801078 0.144813 0.8 0.8 0.8
vn -0.729539 -0.166645 0.663327
v -0.098419 -0.0865618 0.143092 0.8 0.8 0.8
vn -0.756417 -0.284296 0.589074
v -0.0977745 -0.0914969 0.140773 0.8 0.8 0.8
vn -0.772802 -0.423678 0.472519
v -0.0969311 -0.0952682 0.137739 0.8 0.8 0.8
vn -0.763701 -0.563484 0.315034
v -0.0958281 -0.0980675 0.133771 0.8 0.8 0.8
vn -0.724282 -0.675116 0.140121
v -0.0943358 -0.100005 0.128402 0.8 0.8 0.8
vn -0.668292 -0.743713 -0.0166243
v -0.0920825 -0.101146 0.120296 0.8 0.8 0.8
vn -0.606461 -0.782363 -0.141822
v -0.0821375 -0.101522 0.0845182 0.8 0.8 0.8
vn -0.606546 -0.776949 -0.168677
v -0.072192 -0.101146 0.0487384 0.8 0.8 0.8
vn -0.612243 -0.765751 -0.196938
v -0.0699386 -0.100005 0.0406317 0.8 0.8 0.8
vn -0.586083 -0.73891 -0.332443
v -0.0684464 -0.0980675 0.0352634 0.8 0.8 0.8
vn -0.550487 -0.67217 -0.495128
v -0.0673434 -0.0952682 0.0312952 0.8 0.8 0.8
vn -0.492263 -0.561508 -0.665121
v -0.0664999 -0.0914969 0.0282609 0.8 0.8 0.8
vn -0.41737 -0.422321 -0.804641
v -0.0658554 -0.0865618 0.0259421 0.8 0.8 0.8
vn -0.34187 -0.283361 -0.896009
v -0.065377 -0.0801078 0.024221 0.8 0.8 0.8
vn -0.279021 -0.166007 -0.945827
v -0.0650458 -0.0713765 0.0230296 0.8 0.8 0.8
vn -0.233645 -0.0777426 -0.969209
v -0.0648509 -0.0581916 0.0223285 0.8 0.8 0.8
vn -0.19726 -0.0119629 -0.980278
v -0.0687889 -4.13862e-08 0.0231539 0.8 0.8 0.8
vn -0.352217 0.000728986 -0.935918
v -0.0688512 0.0563141 0.023378 0.8 0.8 0.8
vn -0.39109 0.0136535 -0.920251
v -0.0690398 0.0690736 0.0240565 0.8 0.8 0.8
vn -0.399464 0.0766271 -0.913541
v -0.0693603 0.0775232 0.0252094 0.8 0.8 0.8
vn -0.443621 0.15652 -0.882441
v -0.0698232 0.0837689 0.026875 0.8 0.8 0.8
vn -0.504281 0.25797 -0.824107
v -0.070447 0.0885448 0.029119 0.8 0.8 0.8
vn -0.572303 0.372515 -0.730549
v -0.0712632 0.0921944 0.0320554 0.8 0.8 0.8
vn -0.634407 0.483623 -0.603022
v -0.0723306 0.0949034 0.0358955 0.8 0.8 0.8
vn -0.678922 0.573027 -0.459027
v -0.0737747 0.0967786 0.0410907 0.8 0.8 0.8
vn -0.702918 0.632248 -0.325836
v -0.0759554 0.0978821 0.0489358 0.8 0.8 0.8
vn -0.70312 0.678175 -0.213778
v -0.0855795 0.0982466 0.0835593 0.8 0.8 0.8
vn -0.726087 0.657778 -0.200314
v -0.0952041 0.0978821 0.118184 0.8 0.8 0.8
vn -0.759035 0.624748 -0.183182
v -0.0973848 0.0967786 0.12603 0.8 0.8 0.8
vn -0.789663 0.610044 -0.0654113
v -0.0988289 0.0949034 0.131225 0.8 0.8 0.8
vn -0.831897 0.550614 0.0690727
v -0.0998963 0.0921944 0.135065 0.8 0.8 0.8
vn -0.861156 0.458958 0.218559
v -0.100713 0.0885448 0.138001 0.8 0.8 0.8
vn -0.866489 0.347512 0.358375
v -0.101336 0.0837689 0.140245 0.8 0.8 0.8
vn -0.850756 0.235563 0.469813
v -0.101799 0.0775232 0.141911 0.8 0.8 0.8
vn -0.824939 0.138607 0.547963
v -0.10212 0.0690736 0.143064 0.8 0.8 0.8
vn -0.798983 0.0639604 0.597943
v -0.102308 0.0563141 0.143742 0.8 0.8 0.8
vn -0.768159 0.00872526 0.640199
v -0.102371 1.61484e-06 0.143966 0.8 0.8 0.8
vn -0.78468 -0.0007289 0.6199
v -0.102308 -0.0563142 0.143742 0.8 0.8 0.8
vn -0.809893 -0.0136532 0.586418
v -0.10212 -0.0690737 0.143064 0.8 0.8 0.8
vn -0.813603 -0.076627 0.576349
v -0.101799 -0.0775232 0.141911 0.8 0.8 0.8
vn -0.835376 -0.15652 0.526924
v -0.101336 -0.083769 0.140245 0.8 0.8 0.8
vn -0.857231 -0.25797 0.445653
v -0.100713 -0.0885449 0.138001 0.8 0.8 0.8
vn -0.867214 -0.372514 0.330412
v -0.0998963 -0.0921945 0.135065 0.8 0.8 0.8
vn -0.854598 -0.483623 0.189129
v -0.0988289 -0.0949035 0.131225 0.8 0.8 0.8
vn -0.818417 -0.573027 0.042818
v -0.0973848 -0.0967787 0.12603 0.8 0.8 0.8
vn -0.770237 -0.632248 -0.0836511
v -0.0952041 -0.0978822 0.118184 0.8 0.8 0.8
vn -0.712582 -0.678174 -0.179739
v -0.0855801 -0.0982467 0.0835612 0.8 0.8 0.8
vn -0.725305 -0.657779 -0.203124
v -0.0759554 -0.0978822 0.0489358 0.8 0.8 0.8
vn -0.744687 -0.624748 -0.234801
v -0.0737747 -0.0967787 0.0410907 0.8 0.8 0.8
vn -0.710144 -0.610044 -0.351484
v -0.0723306 -0.0949035 0.0358955 0.8 0.8 0.8
vn -0.676919 -0.550614 -0.488472
v -0.0712632 -0.0921945 0.0320554 0.8 0.8 0.8
vn -0.624837 -0.458958 -0.631614
v -0.070447 -0.0885449 0.029119 0.8 0.8 0.8
vn -0.557252 -0.347512 -0.754126
v -0.0698232 -0.083769 0.026875 0.8 0.8 0.8
vn -0.486267 -0.235563 -0.84146
v -0.0693603 -0.0775232 0.0252094 0.8 0.8 0.8
vn -0.423824 -0.138607 -0.895076
v -0.0690398 -0.0690737 0.0240565 0.8 0.8 0.8
vn -0.375798 -0.0639604 -0.924492
v -0.0688512 -0.0563142 0.023378 0.8 0.8 0.8
vn -0.327589 -0.00872496 -0.94478
v -0.0698692 -4.13161e-08 0.0240174 0.8 0.8 0.8
vn -0.730128 0.000142466 -0.683311
v -0.0699303 0.055307 0.0242375 0.8 0.8 0.8
vn -0.751405 0.00641491 -0.65981
v -0.0701156 0.0678383 0.0249038 0.8 0.8 0.8
vn -0.756588 0.0395377 -0.652696
v -0.0704303 0.0761367 0.0260362 0.8 0.8 0.8
vn -0.779685 0.0794985 -0.621105
v -0.070885 0.0822708 0.027672 0.8 0.8 0.8
vn -0.808779 0.126602 -0.574324
v -0.0714976 0.0869612 0.0298758 0.8 0.8 0.8
vn -0.838919 0.176628 -0.514799
v -0.0722992 0.0905456 0.0327597 0.8 0.8 0.8
vn -0.865779 0.224715 -0.447136
v -0.0733476 0.0932061 0.0365312 0.8 0.8 0.8
vn -0.88654 0.266376 -0.378272
v -0.0747658 0.0950478 0.0416334 0.8 0.8 0.8
vn -0.900358 0.298919 -0.316233
v -0.0769075 0.0961316 0.0493382 0.8 0.8 0.8
vn -0.905469 0.333661 -0.262292
v -0.0863595 0.0964895 0.0833425 0.8 0.8 0.8
vn -0.914136 0.316095 -0.25385
v -0.095812 0.0961316 0.117348 0.8 0.8 0.8
vn -0.923631 0.294199 -0.245667
v -0.0979537 0.0950478 0.125053 0.8 0.8 0.8
vn -0.938153 0.28758 -0.192786
v -0.0993719 0.0932061 0.130155 0.8 0.8 0.8
vn -0.956849 0.259324 -0.131111
v -0.10042 0.0905456 0.133927 0.8 0.8 0.8
vn -0.9737 0.219771 -0.0600734
v -0.101222 0.0869612 0.136811 0.8 0.8 0.8
vn -0.984834 0.172991 0.0132688
v -0.101834 0.0822708 0.139015 0.8 0.8 0.8
vn -0.98892 0.12389 0.0817819
v -0.102289 0.0761367 0.14065 0.8 0.8 0.8
vn -0.98713 0.0775127 0.139877
v -0.102604 0.0678383 0.141783 0.8 0.8 0.8
vn -0.982023 0.0381932 0.184856
v -0.102789 0.055307 0.142449 0.8 0.8 0.8
vn -0.972427 0.00604764 0.233131
v -0.10285 1.58529e-06 0.142669 0.8 0.8 0.8
vn -0.978021 -0.000142342 0.208505
v -0.102789 -0.0553071 0.142449 0.8 0.8 0.8
vn -0.984119 -0.00641463 0.177394
v -0.102604 -0.0678384 0.141783 0.8 0.8 0.8
vn -0.984887 -0.0395376 0.168626
v -0.102289 -0.0761368 0.14065 0.8 0.8 0.8
vn -0.988368 -0.0794984 0.129647
v -0.101834 -0.0822709 0.139015 0.8 0.8 0.8
vn -0.989147 -0.126602 0.0745617
v -0.101222 -0.0869613 0.136811 0.8 0.8 0.8
vn -0.984245 -0.176628 0.00802167
v -0.10042 -0.0905457 0.133927 0.8 0.8 0.8
vn -0.972334 -0.224715 -0.0637963
v -0.0993719 -0.0932062 0.130155 0.8 0.8 0.8
vn -0.95458 -0.266376 -0.133496
v -0.0979537 -0.0950479 0.125053 0.8 0.8 0.8
vn -0.934399 -0.298919 -0.193766
v -0.095812 -0.0961317 0.117348 0.8 0.8 0.8
vn -0.91094 -0.333661 -0.242607
v -0.08636 -0.0964896 0.0833444 0.8 0.8 0.8
vn -0.914008 -0.316095 -0.254311
v -0.0769075 -0.0961317 0.0493382 0.8 0.8 0.8
vn -0.917918 -0.294198 -0.26622
v -0.0747658 -0.0950479 0.0416334 0.8 0.8 0.8
vn -0.903067 -0.28758 -0.31901
v -0.0733476 -0.0932062 0.0365312 0.8 0.8 0.8
vn -0.887254 -0.259324 -0.381486
v -0.0722992 -0.0905457 0.0327597 0.8 0.8 0.8
vn -0.865028 -0.219771 -0.45103
v -0.0714976 -0.0869613 0.0298758 0.8 0.8 0.8
vn -0.836716 -0.172991 -0.519597
v -0.070885 -0.0822709 0.027672 0.8 0.8 0.8
vn -0.804859 -0.12389 -0.580391
v -0.0704303 -0.0761368 0.0260362 0.8 0.8 0.8
vn -0.773345 -0.0775126 -0.629229
v -0.0701156 -0.0678384 0.0249038 0.8 0.8 0.8
vn -0.745759 -0.038193 -0.66512
v -0.0699303 -0.0553071 0.0242375 0.8 0.8 0.8
vn -0.712626 -0.00604737 -0.701518
v -0.0707773 -4.12609e-08 0.0252826 0.8 0.8 0.8
vn -0.856876 6.53283e-05 -0.515523
v -0.070837 0.0539936 0.0254975 0.8 0.8 0.8
vn -0.865471 0.00363936 -0.500946
v -0.0710178 0.0662273 0.026148 0.8 0.8 0.8
vn -0.868895 0.0224487 -0.494487
v -0.0713251 0.0743287 0.0272535 0.8 0.8 0.8
vn -0.879812 0.044724 -0.473212
v -0.071769 0.0803172 0.0288504 0.8 0.8 0.8
vn -0.893425 0.0704424 -0.443654
v -0.072367 0.0848962 0.0310019 0.8 0.8 0.8
vn -0.907704 0.0973509 -0.408162
v -0.0731496 0.0883955 0.0338173 0.8 0.8 0.8
vn -0.920977 0.123147 -0.369644
v -0.0741731 0.0909928 0.0374992 0.8 0.8 0.8
vn -0.932089 0.145765 -0.331605
v -0.0755576 0.0927907 0.0424803 0.8 0.8 0.8
vn -0.94046 0.163817 -0.297825
v -0.0776485 0.0938488 0.0500021 0.8 0.8 0.8
vn -0.945684 0.182861 -0.26878
v -0.086876 0.0941982 0.083199 0.8 0.8 0.8
vn -0.94876 0.174249 -0.263614
v -0.096104 0.0938488 0.116397 0.8 0.8 0.8
vn -0.9521 0.16316 -0.258619
v -0.0981949 0.0927907 0.123919 0.8 0.8 0.8
vn -0.960287 0.158286 -0.22977
v -0.0995794 0.0909928 0.1289 0.8 0.8 0.8
vn -0.970207 0.14244 -0.195985
v -0.100603 0.0883955 0.132582 0.8 0.8 0.8
vn -0.980155 0.120922 -0.157083
v -0.101385 0.0848962 0.135398 0.8 0.8 0.8
vn -0.988561 0.0958033 -0.116486
v -0.101984 0.0803172 0.137549 0.8 0.8 0.8
vn -0.994565 0.0693562 -0.077648
v -0.102427 0.0743287 0.139146 0.8 0.8 0.8
vn -0.99808 0.0439743 -0.0436105
v -0.102735 0.0662273 0.140252 0.8 0.8 0.8
vn -0.999624 0.021969 -0.0163883
v -0.102916 0.0539936 0.140902 0.8 0.8 0.8
vn -0.999916 0.0035498 0.0124875
v -0.102975 1.54672e-06 0.141117 0.8 0.8 0.8
vn -1 -6.51938e-05 -0.000624402
v -0.102916 -0.0539937 0.140902 0.8 0.8 0.8
vn -0.999839 -0.00363914 -0.0175466
v -0.102735 -0.0662274 0.140252 0.8 0.8 0.8
vn -0.999439 -0.0224486 -0.0248456
v -0.102427 -0.0743288 0.139146 0.8 0.8 0.8
vn -0.997812 -0.0447239 -0.0487025
v -0.101984 -0.0803172 0.137549 0.8 0.8 0.8
vn -0.994218 -0.0704423 -0.0810459
v -0.101385 -0.0848963 0.135398 0.8 0.8 0.8
vn -0.988132 -0.0973507 -0.118816
v -0.100603 -0.0883956 0.132582 0.8 0.8 0.8
vn -0.979624 -0.123146 -0.158658
v -0.0995794 -0.0909929 0.1289 0.8 0.8 0.8
vn -0.969512 -0.145765 -0.196975
v -0.0981949 -0.0927908 0.123919 0.8 0.8 0.8
vn -0.959249 -0.163817 -0.230229
v -0.0961041 -0.0938489 0.116397 0.8 0.8 0.8
vn -0.948736 -0.182861 -0.257804
v -0.0868766 -0.0941983 0.0832008 0.8 0.8 0.8
vn -0.948704 -0.174249 -0.263816
v -0.0776485 -0.0938489 0.0500021 0.8 0.8 0.8
vn -0.948987 -0.16316 -0.269818
v -0.0755577 -0.0927908 0.0424803 0.8 0.8 0.8
vn -0.941112 -0.158286 -0.298754
v -0.0741731 -0.0909929 0.0374992 0.8 0.8 0.8
vn -0.932173 -0.14244 -0.332812
v -0.0731496 -0.0883956 0.0338173 0.8 0.8 0.8
vn -0.920619 -0.120922 -0.371267
v -0.0723671 -0.0848963 0.0310019 0.8 0.8 0.8
vn -0.906869 -0.0958032 -0.410379
v -0.071769 -0.0803172 0.0288504 0.8 0.8 0.8
vn -0.891969 -0.069356 -0.446744
v -0.0713251 -0.0743288 0.0272535 0.8 0.8 0.8
vn -0.877415 -0.0439741 -0.477713
v -0.0710178 -0.0662274 0.026148 0.8 0.8 0.8
vn -0.864689 -0.0219689 -0.501827
v -0.070837 -0.0539937 0.0254975 0.8 0.8 0.8
vn -0.850037 -0.00354959 -0.526711
v -0.0716704 -4.12101e-08 0.0270159 0.8 0.8 0.8
vn -0.908619 3.73174e-05 -0.417627
v -0.0717282 0.0522788 0.0272239 0.8 0.8 0.8
vn -0.912541 0.00216504 -0.408979
v -0.0719033 0.064124 0.0278538 0.8 0.8 0.8
vn -0.914496 0.0133122 -0.404375
v -0.0722008 0.0719681 0.0289241 0.8 0.8 0.8
vn -0.920027 0.0264286 -0.390962
v -0.0726306 0.0777664 0.0304703 0.8 0.8 0.8
vn -0.927006 0.0414739 -0.372747
v -0.0732096 0.0822 0.0325535 0.8 0.8 0.8
vn -0.934516 0.0571436 -0.351305
v -0.0739674 0.0855881 0.0352795 0.8 0.8 0.8
vn -0.941776 0.0721502 -0.32841
v -0.0749583 0.088103 0.0388445 0.8 0.8 0.8
vn -0.948181 0.0853448 -0.306054
v -0.0762989 0.0898438 0.0436674 0.8 0.8 0.8
vn -0.953317 0.0959183 -0.286332
v -0.0783233 0.0908683 0.0509503 0.8 0.8 0.8
vn -0.957056 0.106852 -0.269493
v -0.0872578 0.0912066 0.0830929 0.8 0.8 0.8
vn -0.958436 0.102257 -0.266351
v -0.0961928 0.0908683 0.115237 0.8 0.8 0.8
vn -0.959917 0.0961395 -0.263279
v -0.0982172 0.0898438 0.12252 0.8 0.8 0.8
vn -0.964712 0.0929011 -0.246373
v -0.0995578 0.088103 0.127343 0.8 0.8 0.8
vn -0.970409 0.0835217 -0.226561
v -0.100549 0.0855881 0.130908 0.8 0.8 0.8
vn -0.97644 0.0709205 -0.203801
v -0.101306 0.0822 0.133634 0.8 0.8 0.8
vn -0.982048 0.0562797 -0.180042
v -0.101886 0.0777664 0.135717 0.8 0.8 0.8
vn -0.986717 0.0408612 -0.157226
v -0.102315 0.0719681 0.137263 0.8 0.8 0.8
vn -0.990216 0.0260016 -0.137101
v -0.102613 0.064124 0.138333 0.8 0.8 0.8
vn -0.992577 0.0130369 -0.120913
v -0.102788 0.0522788 0.138963 0.8 0.8 0.8
vn -0.994565 0.0021125 -0.104094
v -0.102846 1.49634e-06 0.139171 0.8 0.8 0.8
vn -0.9938 -3.71796e-05 -0.11118
v -0.102788 -0.0522789 0.138963 0.8 0.8 0.8
vn -0.992697 -0.00216485 -0.120612
v -0.102613 -0.0641241 0.138333 0.8 0.8 0.8
vn -0.991996 -0.013312 -0.125565
v -0.102315 -0.0719682 0.137263 0.8 0.8 0.8
vn -0.989812 -0.0264284 -0.139907
v -0.101886 -0.0777664 0.135717 0.8 0.8 0.8
vn -0.986389 -0.0414737 -0.159111
v -0.101306 -0.0822001 0.133634 0.8 0.8 0.8
vn -0.981756 -0.0571434 -0.181353
v -0.100549 -0.0855882 0.130908 0.8 0.8 0.8
vn -0.97616 -0.0721501 -0.204711
v -0.0995578 -0.088103 0.127343 0.8 0.8 0.8
vn -0.97011 -0.0853447 -0.227165
v -0.0982172 -0.0898439 0.12252 0.8 0.8 0.8
vn -0.964331 -0.0959182 -0.246709
v -0.0961928 -0.0908683 0.115237 0.8 0.8 0.8
vn -0.958844 -0.106852 -0.263062
v -0.0872584 -0.0912067 0.0830947 0.8 0.8 0.8
vn -0.958405 -0.102257 -0.266465
v -0.0783233 -0.0908683 0.0509503 0.8 0.8 0.8
vn -0.958088 -0.0961393 -0.26986
v -0.0762989 -0.0898439 0.0436674 0.8 0.8 0.8
vn -0.95347 -0.092901 -0.286816
v -0.0749583 -0.088103 0.0388445 0.8 0.8 0.8
vn -0.948126 -0.0835216 -0.306726
v -0.0739674 -0.0855882 0.0352795 0.8 0.8 0.8
vn -0.941546 -0.0709204 -0.329334
v -0.0732097 -0.0822001 0.0325535 0.8 0.8 0.8
vn -0.934089 -0.0562796 -0.352578
v -0.0726306 -0.0777664 0.0304703 0.8 0.8 0.8
vn -0.926314 -0.040861 -0.374531
v -0.0722008 -0.0719682 0.0289241 0.8 0.8 0.8
vn -0.918925 -0.0260015 -0.393575
v -0.0719033 -0.0641241 0.0278538 0.8 0.8 0.8
vn -0.912594 -0.0130368 -0.408659
v -0.0717282 -0.0522789 0.0272239 0.8 0.8 0.8
vn -0.905617 -0.00211231 -0.424092
v -0.0726174 -4.11593e-08 0.0292914 0.8 0.8 0.8
vn -0.933249 2.42501e-05 -0.359231
v -0.0726728 0.0500818 0.0294907 0.8 0.8 0.8
vn -0.935292 0.00131508 -0.353875
v -0.0728405 0.0614292 0.0300941 0.8 0.8 0.8
vn -0.936352 0.00805511 -0.35097
v -0.0731255 0.0689437 0.0311194 0.8 0.8 0.8
vn -0.939324 0.0159622 -0.34266
v -0.0735372 0.0744982 0.0326007 0.8 0.8 0.8
vn -0.943135 0.0250098 -0.331469
v -0.074092 0.0787455 0.0345963 0.8 0.8 0.8
vn -0.947332 0.0344171 -0.318399
v -0.0748178 0.0819913 0.0372077 0.8 0.8 0.8
vn -0.951509 0.0434227 -0.304539
v -0.0757672 0.0844004 0.0406229 0.8 0.8 0.8
vn -0.955321 0.0513483 -0.291077
v -0.0770514 0.0860681 0.0452431 0.8 0.8 0.8
vn -0.958485 0.05771 -0.279242
v -0.0789907 0.0870495 0.05222 0.8 0.8 0.8
vn -0.960942 0.0642725 -0.269183
v -0.0875498 0.0873736 0.0830117 0.8 0.8 0.8
vn -0.961655 0.0615428 -0.267268
v -0.0961092 0.0870495 0.113805 0.8 0.8 0.8
vn -0.962408 0.0578716 -0.265372
v -0.0980486 0.0860681 0.120782 0.8 0.8 0.8
vn -0.965276 0.0558879 -0.255184
v -0.0993328 0.0844004 0.125402 0.8 0.8 0.8
vn -0.968662 0.0502296 -0.243251
v -0.100282 0.0819913 0.128817 0.8 0.8 0.8
vn -0.972357 0.0426514 -0.22957
v -0.101008 0.0787455 0.131429 0.8 0.8 0.8
vn -0.975959 0.0338606 -0.215308
v -0.101563 0.0744982 0.133424 0.8 0.8 0.8
vn -0.979156 0.0246031 -0.201613
v -0.101974 0.0689437 0.134906 0.8 0.8 0.8
vn -0.981751 0.0156701 -0.189524
v -0.10226 0.0614292 0.135931 0.8 0.8 0.8
vn -0.983674 0.00786125 -0.179789
v -0.102427 0.0500818 0.136534 0.8 0.8 0.8
vn -0.985493 0.00127141 -0.169711
v -0.102483 1.43177e-06 0.136734 0.8 0.8 0.8
vn -0.984762 -2.41112e-05 -0.17391
v -0.102427 -0.0500819 0.136534 0.8 0.8 0.8
vn -0.983748 -0.00131491 -0.179552
v -0.10226 -0.0614293 0.135931 0.8 0.8 0.8
vn -0.983157 -0.00805497 -0.182588
v -0.101974 -0.0689438 0.134906 0.8 0.8 0.8
vn -0.981414 -0.015962 -0.191239
v -0.101563 -0.0744983 0.133424 0.8 0.8 0.8
vn -0.978902 -0.0250096 -0.202792
v -0.101008 -0.0787456 0.131429 0.8 0.8 0.8
vn -0.975753 -0.034417 -0.216153
v -0.100282 -0.0819914 0.128817 0.8 0.8 0.8
vn -0.972179 -0.0434226 -0.23018
v -0.0993329 -0.0844005 0.125402 0.8 0.8 0.8
vn -0.968496 -0.0513482 -0.243678
v -0.0980486 -0.0860682 0.120782 0.8 0.8 0.8
vn -0.965099 -0.0577099 -0.255448
v -0.0961093 -0.0870496 0.113805 0.8 0.8 0.8
vn -0.962012 -0.0642723 -0.265332
v -0.0875503 -0.0873737 0.0830135 0.8 0.8 0.8
vn -0.961635 -0.0615427 -0.267341
v -0.0789908 -0.0870496 0.05222 0.8 0.8 0.8
vn -0.961301 -0.0578715 -0.269353
v -0.0770514 -0.0860682 0.0452431 0.8 0.8 0.8
vn -0.9585 -0.0558878 -0.27956
v -0.0757672 -0.0844005 0.0406229 0.8 0.8 0.8
vn -0.955242 -0.0502295 -0.291529
v -0.0748179 -0.0819914 0.0372077 0.8 0.8 0.8
vn -0.951347 -0.0426513 -0.305154
v -0.074092 -0.0787456 0.0345963 0.8 0.8 0.8
vn -0.947072 -0.0338604 -0.319229
v -0.0735373 -0.0744983 0.0326007 0.8 0.8 0.8
vn -0.942744 -0.0246029 -0.332609
v -0.0731255 -0.0689438 0.0311194 0.8 0.8 0.8
vn -0.938728 -0.0156699 -0.344304
v -0.0728405 -0.0614293 0.0300941 0.8 0.8 0.8
vn -0.935351 -0.00786111 -0.353634
v -0.0726728 -0.0500819 0.0294907 0.8 0.8 0.8
vn -0.931708 -0.00127124 -0.363205
v -0.0736734 -4.11054e-08 0.0322258 0.8 0.8 0.8
vn -0.946629 1.68765e-05 -0.322325
v -0.0737257 0.0472884 0.0324139 0.8 0.8 0.8
vn -0.947795 0.000785653 -0.318879
v -0.0738841 0.0580029 0.0329837 0.8 0.8 0.8
vn -0.94832 0.00479044 -0.317278
v -0.0741532 0.0650982 0.0339519 0.8 0.8 0.8
vn -0.949933 0.00947822 -0.312311
v -0.0745419 0.0703429 0.0353505 0.8 0.8 0.8
vn -0.952036 0.014836 -0.305627
v -0.0750657 0.0743533 0.0372348 0.8 0.8 0.8
vn -0.954396 0.0204031 -0.297846
v -0.0757511 0.0774181 0.0397006 0.8 0.8 0.8
vn -0.956795 0.0257324 -0.289621
v -0.0766475 0.0796928 0.0429253 0.8 0.8 0.8
vn -0.959033 0.030427 -0.281654
v -0.0778601 0.0812675 0.0472878 0.8 0.8 0.8
vn -0.960931 0.0342065 -0.274666
v -0.0796913 0.0821942 0.0538755 0.8 0.8 0.8
vn -0.962453 0.0381906 -0.268747
v -0.0877729 0.0825002 0.0829498 0.8 0.8 0.8
vn -0.962839 0.0364305 -0.267609
v -0.0958549 0.0821942 0.112025 0.8 0.8 0.8
vn -0.96324 0.0341059 -0.266469
v -0.0976861 0.0812675 0.118613 0.8 0.8 0.8
vn -0.96493 0.033029 -0.26042
v -0.0988987 0.0796928 0.122976 0.8 0.8 0.8
vn -0.96692 0.0296908 -0.253346
v -0.0997951 0.0774181 0.1262 0.8 0.8 0.8
vn -0.969132 0.0252126 -0.245249
v -0.10048 0.0743533 0.128666 0.8 0.8 0.8
vn -0.971348 0.0200174 -0.236818
v -0.101004 0.0703429 0.13055 0.8 0.8 0.8
vn -0.973382 0.0145457 -0.228728
v -0.101393 0.0650982 0.131949 0.8 0.8 0.8
vn -0.975097 0.00926362 -0.221586
v -0.101662 0.0580029 0.132917 0.8 0.8 0.8
vn -0.976421 0.00464417 -0.215824
v -0.101821 0.0472884 0.133487 0.8 0.8 0.8
vn -0.977758 0.000748084 -0.209735
v -0.101873 1.34967e-06 0.133675 0.8 0.8 0.8
vn -0.977177 -1.67371e-05 -0.212427
v -0.101821 -0.0472885 0.133487 0.8 0.8 0.8
vn -0.976397 -0.000785495 -0.215981
v -0.101662 -0.058003 0.132917 0.8 0.8 0.8
vn -0.976021 -0.0047903 -0.217623
v -0.101393 -0.0650983 0.131949 0.8 0.8 0.8
vn -0.974839 -0.00947808 -0.22271
v -0.101004 -0.070343 0.13055 0.8 0.8 0.8
vn -0.973191 -0.0148359 -0.22952
v -0.10048 -0.0743534 0.128666 0.8 0.8 0.8
vn -0.971197 -0.020403 -0.237402
v -0.0997951 -0.0774181 0.1262 0.8 0.8 0.8
vn -0.969008 -0.0257323 -0.245686
v -0.0988987 -0.0796929 0.122976 0.8 0.8 0.8
vn -0.966813 -0.0304269 -0.253665
v -0.0976861 -0.0812676 0.118613 0.8 0.8 0.8
vn -0.964832 -0.0342064 -0.260631
v -0.095855 -0.0821942 0.112025 0.8 0.8 0.8
vn -0.963082 -0.0381904 -0.266486
v -0.0877734 -0.0825003 0.0829514 0.8 0.8 0.8
vn -0.962825 -0.0364304 -0.26766
v -0.0796913 -0.0821942 0.0538755 0.8 0.8 0.8
vn -0.96258 -0.0341058 -0.268843
v -0.0778601 -0.0812676 0.0472878 0.8 0.8 0.8
vn -0.960906 -0.0330289 -0.274896
v -0.0766475 -0.0796929 0.0429253 0.8 0.8 0.8
vn -0.95896 -0.0296907 -0.281982
v -0.0757511 -0.0774181 0.0397006 0.8 0.8 0.8
vn -0.956676 -0.0252124 -0.29006
v -0.0750657 -0.0743534 0.0372348 0.8 0.8 0.8
vn -0.954223 -0.0200172 -0.298425
v -0.074542 -0.070343 0.0353505 0.8 0.8 0.8
vn -0.951791 -0.0145455 -0.306403
v -0.0741532 -0.0650983 0.0339519 0.8 0.8 0.8
vn -0.949574 -0.00926348 -0.313406
v -0.0738841 -0.058003 0.0329837 0.8 0.8 0.8
vn -0.947735 -0.00464403 -0.319026
v -0.0737257 -0.0472885 0.0324139 0.8 0.8 0.8
vn -0.945737 -0.000747927 -0.324931
v -0.0749091 -4.10449e-08 0.0360297 0.8 0.8 0.8
vn -0.954573 1.19755e-05 -0.297977
v -0.0749575 0.0436993 0.0362035 0.8 0.8 0.8
vn -0.95527 0.000438288 -0.295736
v -0.0751038 0.0536006 0.0367301 0.8 0.8 0.8
vn -0.955472 0.00265586 -0.29507
v -0.0753525 0.0601573 0.0376247 0.8 0.8 0.8
vn -0.956299 0.00524471 -0.292345
v -0.0757118 0.065004 0.0389172 0.8 0.8 0.8
vn -0.957398 0.00820134 -0.288656
v -0.0761958 0.06871 0.0406585 0.8 0.8 0.8
vn -0.958651 0.0112728 -0.284362
v -0.0768292 0.0715421 0.0429371 0.8 0.8 0.8
vn -0.959944 0.0142145 -0.27983
v -0.0776575 0.0736443 0.0459171 0.8 0.8 0.8
vn -0.96117 0.0168105 -0.275445
v -0.0787781 0.0750994 0.0499485 0.8 0.8 0.8
vn -0.962223 0.0189144 -0.271606
v -0.0804703 0.0759558 0.0560362 0.8 0.8 0.8
vn -0.963082 0.0212602 -0.268366
v -0.0879385 0.0762386 0.0829038 0.8 0.8 0.8
vn -0.963282 0.0200735 -0.26774
v -0.0954071 0.0759558 0.109773 0.8 0.8 0.8
vn -0.963489 0.0185753 -0.267104
v -0.0970993 0.0750994 0.11586 0.8 0.8 0.8
vn -0.964419 0.0181311 -0.263755
v -0.0982199 0.0736443 0.119892 0.8 0.8 0.8
vn -0.965512 0.0163125 -0.259848
v -0.0990482 0.0715422 0.122872 0.8 0.8 0.8
vn -0.966741 0.0138552 -0.255381
v -0.0996816 0.06871 0.12515 0.8 0.8 0.8
vn -0.967993 0.0109998 -0.250735
v -0.100166 0.065004 0.126892 0.8 0.8 0.8
vn -0.969166 0.00799092 -0.246279
v -0.100525 0.0601573 0.128184 0.8 0.8 0.8
vn -0.970178 0.00508572 -0.24234
v -0.100774 0.0536006 0.129079 0.8 0.8 0.8
vn -0.970981 0.00254535 -0.239144
v -0.10092 0.0436993 0.129605 0.8 0.8 0.8
vn -0.971856 0.000407368 -0.235576
v -0.100968 1.24417e-06 0.129779 0.8 0.8 0.8
vn -0.971416 -1.18359e-05 -0.237382
v -0.10092 -0.0436994 0.129605 0.8 0.8 0.8
vn -0.970857 -0.000438138 -0.239661
v -0.100774 -0.0536006 0.129079 0.8 0.8 0.8
vn -0.970686 -0.00265572 -0.240336
v -0.100525 -0.0601574 0.128184 0.8 0.8 0.8
vn -0.969988 -0.00524457 -0.243097
v -0.100166 -0.0650041 0.126892 0.8 0.8 0.8
vn -0.969026 -0.0082012 -0.246824
v -0.0996816 -0.0687101 0.12515 0.8 0.8 0.8
vn -0.967883 -0.0112727 -0.251148
v -0.0990482 -0.0715422 0.122872 0.8 0.8 0.8
vn -0.966652 -0.0142143 -0.255698
v -0.0982199 -0.0736444 0.119892 0.8 0.8 0.8
vn -0.965439 -0.0168104 -0.260086
v -0.0970993 -0.0750995 0.11586 0.8 0.8 0.8
vn -0.96436 -0.0189142 -0.263918
v -0.0954072 -0.0759558 0.109773 0.8 0.8 0.8
vn -0.963424 -0.0212601 -0.267136
v -0.0879389 -0.0762386 0.0829053 0.8 0.8 0.8
vn -0.963272 -0.0200734 -0.267776
v -0.0804703 -0.0759558 0.0560362 0.8 0.8 0.8
vn -0.963121 -0.0185752 -0.268427
v -0.0787781 -0.0750995 0.0499485 0.8 0.8 0.8
vn -0.96219 -0.018131 -0.271776
v -0.0776575 -0.0736444 0.0459171 0.8 0.8 0.8
vn -0.961109 -0.0163123 -0.275687
v -0.0768292 -0.0715422 0.0429371 0.8 0.8 0.8
vn -0.959857 -0.013855 -0.280147
v -0.0761958 -0.0687101 0.0406585 0.8 0.8 0.8
vn -0.958532 -0.0109997 -0.284773
v -0.0757118 -0.0650041 0.0389172 0.8 0.8 0.8
vn -0.957237 -0.00799078 -0.289195
v -0.0753525 -0.0601574 0.0376247 0.8 0.8 0.8
vn -0.956071 -0.00508558 -0.293091
v -0.0751038 -0.0536006 0.0367301 0.8 0.8 0.8
vn -0.955109 -0.00254521 -0.296243
v -0.0749575 -0.0436994 0.0362035 0.8 0.8 0.8
vn -0.954017 -0.000407219 -0.299751
v -0.0764555 -4.09717e-08 0.0411487 0.8 0.8 0.8
vn -0.959493 8.12546e-06 -0.281734
v -0.0764986 0.0388973 0.0413035 0.8 0.8 0.8
vn -0.9599 0.000206282 -0.280343
v -0.0766288 0.0477105 0.0417722 0.8 0.8 0.8
vn -0.959917 0.00123653 -0.280281
v -0.0768502 0.0535468 0.0425685 0.8 0.8 0.8
vn -0.960272 0.00243358 -0.279057
v -0.07717 0.0578609 0.043719 0.8 0.8 0.8
vn -0.960756 0.0037995 -0.27737
v -0.0776008 0.0611597 0.0452689 0.8 0.8 0.8
vn -0.961316 0.00521867 -0.2754
v -0.0781646 0.0636806 0.0472972 0.8 0.8 0.8
vn -0.961901 0.00657969 -0.273319
v -0.0789019 0.0655517 0.0499497 0.8 0.8 0.8
vn -0.962461 0.00778593 -0.271308
v -0.0798993 0.0668469 0.0535381 0.8 0.8 0.8
vn -0.962946 0.00877823 -0.26955
v -0.0814056 0.0676092 0.0589568 0.8 0.8 0.8
vn -0.963346 0.0100241 -0.268075
v -0.0880532 0.0678609 0.082872 0.8 0.8 0.8
vn -0.963433 0.00924026 -0.267788
v -0.0947011 0.0676092 0.106788 0.8 0.8 0.8
vn -0.963524 0.00831525 -0.267491
v -0.0962073 0.0668469 0.112207 0.8 0.8 0.8
vn -0.963955 0.00827446 -0.265935
v -0.0972048 0.0655517 0.115795 0.8 0.8 0.8
vn -0.964459 0.00746096 -0.264128
v -0.0979421 0.0636806 0.118448 0.8 0.8 0.8
vn -0.965029 0.00634116 -0.262065
v -0.0985058 0.0611597 0.120476 0.8 0.8 0.8
vn -0.965617 0.00503404 -0.259921
v -0.0989367 0.0578609 0.122026 0.8 0.8 0.8
vn -0.966175 0.00365459 -0.257862
v -0.0992565 0.0535468 0.123177 0.8 0.8 0.8
vn -0.966664 0.00232232 -0.256037
v -0.0994778 0.0477105 0.123973 0.8 0.8 0.8
vn -0.967063 0.00115814 -0.254534
v -0.0996081 0.0388973 0.124442 0.8 0.8 0.8
vn -0.967559 0.000183097 -0.252646
v -0.0996511 1.10302e-06 0.124596 0.8 0.8 0.8
vn -0.967248 -7.98586e-06 -0.253834
v -0.0996081 -0.0388974 0.124442 0.8 0.8 0.8
vn -0.966879 -0.000206137 -0.255236
v -0.0994778 -0.0477106 0.123973 0.8 0.8 0.8
vn -0.966862 -0.00123639 -0.255297
v -0.0992565 -0.0535469 0.123177 0.8 0.8 0.8
vn -0.966533 -0.00243344 -0.256529
v -0.0989367 -0.057861 0.122026 0.8 0.8 0.8
vn -0.966078 -0.00379936 -0.258223
v -0.0985059 -0.0611597 0.120476 0.8 0.8 0.8
vn -0.965541 -0.00521853 -0.2602
v -0.0979421 -0.0636806 0.118448 0.8 0.8 0.8
vn -0.964968 -0.00657955 -0.262284
v -0.0972048 -0.0655518 0.115795 0.8 0.8 0.8
vn -0.96441 -0.00778579 -0.264296
v -0.0962073 -0.066847 0.112207 0.8 0.8 0.8
vn -0.963919 -0.00877809 -0.266053
v -0.0947011 -0.0676093 0.106788 0.8 0.8 0.8
vn -0.9635 -0.010024 -0.267522
v -0.0880536 -0.067861 0.0828733 0.8 0.8 0.8
vn -0.963427 -0.00924013 -0.267813
v -0.0814056 -0.0676093 0.0589568 0.8 0.8 0.8
vn -0.963351 -0.0083151 -0.268114
v -0.0798994 -0.066847 0.0535381 0.8 0.8 0.8
vn -0.962917 -0.00827432 -0.269669
v -0.0789019 -0.0655518 0.0499497 0.8 0.8 0.8
vn -0.962416 -0.00746082 -0.271477
v -0.0781646 -0.0636806 0.0472972 0.8 0.8 0.8
vn -0.96184 -0.00634102 -0.273538
v -0.0776008 -0.0611597 0.0452689 0.8 0.8 0.8
vn -0.961237 -0.0050339 -0.275679
v -0.07717 -0.057861 0.043719 0.8 0.8 0.8
vn -0.960652 -0.00365445 -0.277729
v -0.0768502 -0.0535469 0.0425685 0.8 0.8 0.8
vn -0.96013 -0.00232218 -0.279546
v -0.0766288 -0.0477106 0.0417722 0.8 0.8 0.8
vn -0.959696 -0.001158 -0.281039
v -0.0764986 -0.0388974 0.0413035 0.8 0.8 0.8
vn -0.959146 -0.000182953 -0.282912
v -0.078671 -4.08695e-08 0.0488574 0.8 0.8 0.8
vn -0.962712 3.74916e-06 -0.27053
v -0.078706 0.0316933 0.0489836 0.8 0.8 0.8
vn -0.962828 4.70107e-05 -0.270116
v -0.0788122 0.0388743 0.0493654 0.8 0.8 0.8
vn -0.962805 0.000256761 -0.270198
v -0.0789925 0.0436297 0.0500143 0.8 0.8 0.8
vn -0.96287 0.00049434 -0.269966
v -0.0792531 0.0471448 0.0509517 0.8 0.8 0.8
vn -0.962961 0.000763284 -0.269639
v -0.0796041 0.0498326 0.0522146 0.8 0.8 0.8
vn -0.963068 0.00104138 -0.269256
v -0.0800635 0.0518866 0.0538672 0.8 0.8 0.8
vn -0.96318 0.00130735 -0.268853
v -0.0806642 0.0534112 0.0560284 0.8 0.8 0.8
vn -0.963288 0.0015432 -0.268466
v -0.081477 0.0544666 0.0589522 0.8 0.8 0.8
vn -0.963381 0.00173978 -0.26813
v -0.0827042 0.0550876 0.0633674 0.8 0.8 0.8
vn -0.963457 0.00201455 -0.267857
v -0.0881207 0.0552927 0.0828533 0.8 0.8 0.8
vn -0.963471 0.00180104 -0.267806
v -0.0935373 0.0550876 0.10234 0.8 0.8 0.8
vn -0.96349 0.00152651 -0.267741
v -0.0947646 0.0544666 0.106755 0.8 0.8 0.8
vn -0.963578 0.00158117 -0.267424
v -0.0955773 0.0534112 0.109679 0.8 0.8 0.8
vn -0.963677 0.00142755 -0.267065
v -0.0961781 0.0518866 0.11184 0.8 0.8 0.8
vn -0.96379 0.00121072 -0.266659
v -0.0966374 0.0498326 0.113493 0.8 0.8 0.8
vn -0.963906 0.000957046 -0.266239
v -0.0969885 0.0471448 0.114756 0.8 0.8 0.8
vn -0.964018 0.000689983 -0.265838
v -0.097249 0.0436297 0.115693 0.8 0.8 0.8
vn -0.964116 0.00043329 -0.265481
v -0.0974294 0.0388743 0.116342 0.8 0.8 0.8
vn -0.964198 0.000210895 -0.265184
v -0.0975356 0.0316933 0.116724 0.8 0.8 0.8
vn -0.964312 3.01006e-05 -0.264769
v -0.0975706 8.91248e-07 0.11685 0.8 0.8 0.8
vn -0.964223 -3.6094e-06 -0.265092
v -0.0975356 -0.0316934 0.116724 0.8 0.8 0.8
vn -0.964109 -4.68683e-05 -0.265507
v -0.0974294 -0.0388744 0.116342 0.8 0.8 0.8
vn -0.964132 -0.000256613 -0.265424
v -0.0972491 -0.0436298 0.115693 0.8 0.8 0.8
vn -0.964068 -0.000494186 -0.265656
v -0.0969885 -0.0471449 0.114756 0.8 0.8 0.8
vn -0.963977 -0.000763126 -0.265984
v -0.0966375 -0.0498327 0.113493 0.8 0.8 0.8
vn -0.963871 -0.00104122 -0.266367
v -0.0961781 -0.0518867 0.11184 0.8 0.8 0.8
vn -0.963759 -0.00130719 -0.26677
v -0.0955773 -0.0534113 0.109679 0.8 0.8 0.8
vn -0.963652 -0.00154305 -0.267157
v -0.0947646 -0.0544666 0.106755 0.8 0.8 0.8
vn -0.963558 -0.00173963 -0.267493
v -0.0935374 -0.0550877 0.10234 0.8 0.8 0.8
vn -0.963482 -0.00201441 -0.267766
v -0.088121 -0.0552928 0.0828544 0.8 0.8 0.8
vn -0.963468 -0.0018009 -0.267817
v -0.0827042 -0.0550877 0.0633674 0.8 0.8 0.8
vn -0.96345 -0.00152637 -0.267883
v -0.081477 -0.0544666 0.0589522 0.8 0.8 0.8
vn -0.963362 -0.00158103 -0.268199
v -0.0806643 -0.0534113 0.0560284 0.8 0.8 0.8
vn -0.963262 -0.00142742 -0.268558
v -0.0800635 -0.0518867 0.0538672 0.8 0.8 0.8
vn -0.96315 -0.00121059 -0.268964
v -0.0796041 -0.0498327 0.0522146 0.8 0.8 0.8
vn -0.963032 -0.000956925 -0.269384
v -0.0792531 -0.0471449 0.0509517 0.8 0.8 0.8
vn -0.96292 -0.00068986 -0.269785
v -0.0789925 -0.0436298 0.0500143 0.8 0.8 0.8
vn -0.962821 -0.000433163 -0.270141
v -0.0788122 -0.0388744 0.0493654 0.8 0.8 0.8
vn -0.962737 -0.000210762 -0.270438
v -0.078706 -0.0316934 0.0489836 0.8 0.8 0.8
vn -0.962621 -2.99612e-05 -0.270852
f 1//1 3//3 4//4
f 2//2 724//724 723//723
f 1//1 4//4 5//5
f 2//2 725//725 724//724
f 1//1 5//5 6//6
f 2//2 726//726 725//725
f 1//1 6//6 7//7
f 2//2 727//727 726//726
f 1//1 7//7 8//8
f 2//2 728//728 727//727
f 1//1 8//8 9//9
f 2//2 729//729 728//728
f 1//1 9//9 10//10
f 2//2 730//730 729//729
f 1//1 10//10 11//11
f 2//2 731//731 730//730
f 1//1 11//11 12//12
f 2//2 732//732 731//731
f 1//1 12//12 13//13
f 2//2 733//733 732//732
f 1//1 13//13 14//14
f 2//2 734//734 733//733
f 1//1 14//14 15//15
f 2//2 735//735 734//734
f 1//1 15//15 16//16
f 2//2 736//736 735//735
f 1//1 16//16 17//17
f 2//2 737//737 736//736
f 1//1 17//17 18//18
f 2//2 738//738 737//737
f 1//1 18//18 19//19
f 2//2 739//739 738//738
f 1//1 19//19 20//20
f 2//2 740//740 739//739
f 1//1 20//20 21//21
f 2//2 741//741 740//740
f 1//1 21//21 22//22
f 2//2 742//742 741//741
f 1//1 22//22 23//23
f 2//2 743//743 742//742
f 1//1 23//23 24//24
f 2//2 744//744 743//743
f 1//1 24//24 25//25
f 2//2 745//745 744//744
f 1//1 25//25 26//26
f 2//2 746//746 745//745
f 1//1 26//26 27//27
f 2//2 747//747 746//746
f 1//1 27//27 28//28
f 2//2 748//748 747//747
f 1//1 28//28 29//29
f 2//2 749//749 748//748
f 1//1 29//29 30//30
f 2//2 750//750 749//749
f 1//1 30//30 31//31
f 2//2 751//751 750//750
f 1//1 31//31 32//32
f 2//2 752//752 751//751
f 1//1 32//32 33//33
f 2//2 753//753 752//752
f 1//1 33//33 34//34
f 2//2 754//754 753//753
f 1//1 34//34 35//35
f 2//2 755//755 754//754
f 1//1 35//35 36//36
f 2//2 756//756 755//755
f 1//1 36//36 37//37
f 2//2 757//757 756//756
f 1//1 37//37 38//38
f 2//2 758//758 757//757
f 1//1 38//38 39//39
f 2//2 759//759 758//758
f 1//1 39//39 40//40
f 2//2 760//760 759//759
f 1//1 40//40 41//41
f 2//2 761//761 760//760
f 1//1 41//41 42//42
f 2//2 762//762 761//761
f 1//1 42//42 3//3
f 2//2 723//723 762//762
f 43//43 4//4 3//3
f 43//43 44//44 4//4
f 44//44 5//5 4//4
f 44//44 45//45 5//5
f 45//45 6//6 5//5
f 45//45 46//46 6//6
f 46//46 7//7 6//6
f 46//46 47//47 7//7
f 47//47 8//8 7//7
f 47//47 48//48 8//8
f 48//48 9//9 8//8
f 48//48 49//49 9//9
f 49//49 10//10 9//9
f 49//49 50//50 10//10
f 50//50 11//11 10//10
f 50//50 51//51 11//11
f 51//51 12//12 11//11
f 51//51 52//52 12//12
f 52//52 13//13 12//12
f 52//52 53//53 13//13
f 53//53 14//14 13//13
f 53//53 54//54 14//14
f 54//54 15//15 14//14
f 54//54 55//55 15//15
f 55//55 16//16 15//15
f 55//55 56//56 16//16
f 56//56 17//17 16//16
f 56//56 57//57 17//17
f 57//57 18//18 17//17
f 57//57 58//58 18//18
f 58//58 19//19 18//18
f 58//58 59//59 19//19
f 59//59 20//20 19//19
f 59//59 60//60 20//20
f 60//60 21//21 20//20
f 60//60 61//61 21//21
f 61//61 22//22 21//21
f 61//61 62//62 22//22
f 62//62 23//23 22//22
f 62//62 63//63 23//23
f 63//63 24//24 23//23
f 63//63 64//64 24//24
f 64//64 25//25 24//24
f 64//64 65//65 25//25
f 65//65 26//26 25//25
f 65//65 66//66 26//26
f 66//66 27//27 26//26
f 66//66 67//67 27//27
f 67//67 28//28 27//27
f 67//67 68//68 28//28
f 68//68 29//29 28//28
f 68//68 69//69 29//29
f 69//69 30//30 29//29
f 69//69 70//70 30//30
f 70//70 31//31 30//30
f 70//70 71//71 31//31
f 71//71 32//32 31//31
f 71//71 72//72 32//32
f 72//72 33//33 32//32
f 72//72 73//73 33//33
f 73//73 34//34 33//33
f 73//73 74//74 34//34
f 74//74 35//35 34//34
f 74//74 75//75 35//35
f 75//75 36//36 35//35
f 75//75 76//76 36//36
f 76//76 37//37 36//36
f 76//76 77//77 37//37
f 77//77 38//38 37//37
f 77//77 78//78 38//38
f 78//78 39//39 38//38
f 78//78 79//79 39//39
f 79//79 40//40 39//39
f 79//79 80//80 40//40
f 80//80 41//41 40//40
f 80//80 81//81 41//41
f 81//81 42//42 41//41
f 81//81 82//82 42//42
f 82//82 3//3 42//42
f 82//82 43//43 3//3
f 83//83 44//44 43//43
f 83//83 84//84 44//44
f 84//84 45//45 44//44
f 84//84 85//85 45//45
f 85//85 46//46 45//45
f 85//85 86//86 46//46
f 86//86 47//47 46//46
f 86//86 87//87 47//47
f 87//87 48//48 47//47
f 87//87 88//88 48//48
f 88//88 49//49 48//48
f 88//88 89//89 49//49
f 89//89 50//50 49//49
f 89//89 90//90 50//50
f 90//90 51//51 50//50
f 90//90 91//91 51//51
f 91//91 52//52 51//51
f 91//91 92//92 52//52
f 92//92 53//53 52//52
f 92//92 93//93 53//53
f 93//93 54//54 53//53
f 93//93 94//94 54//54
f 94//94 55//55 54//54
f 94//94 95//95 55//55
f 95//95 56//56 55//55
f 95//95 96//96 56//56
f 96//96 57//57 56//56
f 96//96 97//97 57//57
f 97//97 58//58 57//57
f 97//97 98//98 58//58
f 98//98 59//59 58//58
f 98//98 99//99 59//59
f 99//99 60//60 59//59
f 99//99 100//100 60//60
f 100//100 61//61 60//60
f 100//100 101//101 61//61
f 101//101 62//62 61//61
f 101//101 102//102 62//62
f 102//102 63//63 62//62
f 102//102 103//103 63//63
f 103//103 64//64 63//63
f 103//103 104//104 64//64
f 104//104 65//65 64//64
f 104//104 105//105 65//65
f 105//105 66//66 65//65
f 105//105 106//106 66//66
f 106//106 67//67 66//66
f 106//106 107//107 67//67
f 107//107 68//68 67//67
f 107//107 108//108 68//68
f 108//108 69//69 68//68
f 108//108 109//109 69//69
f 109//109 70//70 69//69
f 109//109 110//110 70//70
f 110//110 71//71 70//70
f 110//110 111//111 71//71
f 111//111 72//72 71//71
f 111//111 112//112 72//72
f 112//112 73//73 72//72
f 112//112 113//113 73//73
f 113//113 74//74 73//73
f 113//113 114//114 74//74
f 114//114 75//75 74//74
f 114//114 115//115 75//75
f 115//115 76//76 75//75
f 115//115 116//116 76//76
f 116//116 77//77 76//76
f 116//116 117//117 77//77
f 117//117 78//78 77//77
f 117//117 118//118 78//78
f 118//118 79//79 78//78
f 118//118 119//119 79//79
f 119//119 80//80 79//79
f 119//119 120//120 80//80
f 120//120 81//81 80//80
f 120//120 121//121 81//81
f 121//121 82//82 81//81
f 121//121 122//122 82//82
f 122//122 43//43 82//82
f 122//122 83//83 43//43
f 123//123 84//84 83//83
f 123//123 124//124 84//84
f 124//124 85//85 84//84
f 124//124 125//125 85//85
f 125//125 86//86 85//85
f 125//125 126//126 86//86
f 126//126 87//87 86//86
f 126//126 127//127 87//87
f 127//127 88//88 87//87
f 127//127 128//128 88//88
f 128//128 89//89 88//88
f 128//128 129//129 89//89
f 129//129 90//90 89//89
f 129//129 130//130 90//90
f 130//130 91//91 90//90
f 130//130 131//131 91//91
f 131//131 92//92 91//91
f 131//131 132//132 92//92
f 132//132 93//93 92//92
f 132//132 133//133 93//93
f 133//133 94//94 93//93
f 133//133 134//134 94//94
f 134//134 95//95 94//94
f 134//134 135//135 95//95
f 135//135 96//96 95//95
f 135//135 136//136 96//96
f 136//136 97//97 96//96
f 136//136 137//137 97//97
f 137//137 98//98 97//97
f 137//137 138//138 98//98
f 138//138 99//99 98//98
f 138//138 139//139 99//99
f 139//139 100//100 99//99
f 139//139 140//140 100//100
f 140//140 101//101 100//100
f 140//140 141//141 101//101
f 141//141 102//102 101//101
f 141//141 142//142 102//102
f 142//142 103//103 102//102
f 142//142 143//143 103//103
f 143//143 104//104 103//103
f 143//143 144//144 104//104
f 144//144 105//105 104//104
f 144//144 145//145 105//105
f 145//145 106//106 105//105
f 145//145 146//146 106//106
f 146//146 107//107 106//106
f 146//146 147//147 107//107
f 147//147 108//108 107//107
f 147//147 148//148 108//108
f 148//148 109//109 108//108
f 148//148 149//149 109//109
f 149//149 110//110 109//109
f 149//149 150//150 110//110
f 150//150 111//111 110//110
f 150//150 151//151 111//111
f 151//151 112//112 111//111
f 151//151 152//152 112//112
f 152//152 113//113 112//112
f 152//152 153//153 113//113
f 153//153 114//114 113//113
f 153//153 154//154 114//114
f 154//154 115//115 114//114
f 154//154 155//155 115//115
f 155//155 116//116 115//115
f 155//155 156//156 116//116
f 156//156 117//117 116//116
f 156//156 157//157 117//117
f 157//157 118//118 117//117
f 157//157 158//158 118//118
f 158//158 119//119 118//118
f 158//158 159//159 119//119
f 159//159 120//120 119//119
f 159//159 160//160 120//120
f 160//160 121//121 120//120
f 160//160 161//161 121//121
f 161//161 122//122 121//121
f 161//161 162//162 122//122
f 162//162 83//83 122//122
f 162//162 123//123 83//83
f 163//163 124//124 123//123
f 163//163 164//164 124//124
f 164//164 125//125 124//124
f 164//164 165//165 125//125
f 165//165 126//126 125//125
f 165//165 166//166 126//126
f 166//166 127//127 126//126
f 166//166 167//167 127//127
f 167//167 128//128 127//127
f 167//167 168//168 128//128
f 168//168 129//129 128//128
f 168//168 169//169 129//129
f 169//169 130//130 129//129
f 169//169 170//170 130//130
f 170//170 131//131 130//130
f 170//170 171//171 131//131
f 171//171 132//132 131//131
f 171//171 172//172 132//132
f 172//172 133//133 132//132
f 172//172 173//173 133//133
f 173//173 134//134 133//133
f 173//173 174//174 134//134
f 174//174 135//135 134//134
f 174//174 175//175 135//135
f 175//175 136//136 135//135
f 175//175 176//176 136//136
f 176//176 137//137 136//136
f 176//176 177//177 137//137
f 177//177 138//138 137//137
f 177//177 178//178 138//138
f 178//178 139//139 138//138
f 178//178 179//179 139//139
f 179//179 140//140 139//139
f 179//179 180//180 140//140
f 180//180 141//141 140//140
f 180//180 181//181 141//141
f 181//181 142//142 141//141
f 181//181 182//182 142//142
f 182//182 143//143 142//142
f 182//182 183//183 143//143
f 183//183 144//144 143//143
f 183//183 184//184 144//144
f 184//184 145//145 144//144
f 184//184 185//185 145//145
f 185//185 146//146 145//145
f 185//185 186//186 146//146
f 186//186 147//147 146//146
f 186//186 187//187 147//147
f 187//187 148//148 147//147
f 187//187 188//188 148//148
f 188//188 149//149 148//148
f 188//188 189//189 149//149
f 189//189 150//150 149//149
f 189//189 190//190 150//150
f 190//190 151//151 150//150
f 190//190 191//191 151//151
f 191//191 152//152 151//151
f 191//191 192//192 152//152
f 192//192 153//153 152//152
f 192//192 193//193 153//153
f 193//193 154//154 153//153
f 193//193 194//194 154//154
f 194//194 155//155 154//154
f 194//194 195//195 155//155
f 195//195 156//156 155//155
f 195//195 196//196 156//156
f 196//196 157//157 156//156
f 196//196 197//197 157//157
f 197//197 158//158 157//157
f 197//197 198//198 158//158
f 198//198 159//159 158//158
f 198//198 199//199 159//159
f 199//199 160//160 159//159
f 199//199 200//200 160//160
f 200//200 161//161 160//160
f 200//200 201//201 161//161
f 201//201 162//162 161//161
f 201//201 202//202 162//162
f 202//202 123//123 162//162
f 202//202 163//163 123//123
f 203//203 164//164 163//163
f 203//203 204//204 164//164
f 204//204 165//165 164//164
f 204//204 205//205 165//165
f 205//205 166//166 165//165
f 205//205 206//206 166//166
f 206//206 167//167 166//166
f 206//206 207//207 167//167
f 207//207 168//168 167//167
f 207//207 208//208 168//168
f 208//208 169//169 168//168
f 208//208 209//209 169//169
f 209//209 170//170 169//169
f 209//209 210//210 170//170
f 210//210 171//171 170//170
f 210//210 211//211 171//171
f 211//211 172//172 171//171
f 211//211 212//212 172//172
f 212//212 173//173 172//172
f 212//212 213//213 173//173
f 213//213 174//174 173//173
f 213//213 214//214 174//174
f 214//214 175//175 174//174
f 214//214 215//215 175//175
f 215//215 176//176 175//175
f 215//215 216//216 176//176
f 216//216 177//177 176//176
f 216//216 217//217 177//177
f 217//217 178//178 177//177
f 217//217 218//218 178//178
f 218//218 179//179 178//178
f 218//218 219//219 179//179
f 219//219 180//180 179//179
f 219//219 220//220 180//180
f 220//220 181//181 180//180
f 220//220 221//221 181//181
f 221//221 182//182 181//181
f 221//221 222//222 182//182
f 222//222 183//183 182//182
f 222//222 223//223 183//183
f 223//223 184//184 183//183
f 223//223 224//224 184//184
f 224//224 185//185 184//184
f 224//224 225//225 185//185
f 225//225 186//186 185//185
f 225//225 226//226 186//186
f 226//226 187//187 186//186
f 226//226 227//227 187//187
f 227//227 188//188 187//187
f 227//227 228//228 188//188
f 228//228 189//189 188//188
f 228//228 229//229 189//189
f 229//229 190//190 189//189
f 229//229 230//230 190//190
f 230//230 191//191 190//190
f 230//230 231//231 191//191
f 231//231 192//192 191//191
f 231//231 232//232 192//192
f 232//232 193//193 192//192
f 232//232 233//233 193//193
f 233//233 194//194 193//193
f 233//233 234//234 194//194
f 234//234 195//195 194//194
f 234//234 235//235 195//195
f 235//235 196//196 195//195
f 235//235 236//236 196//196
f 236//236 197//197 196//196
f 236//236 237//237 197//197
f 237//237 198//198 197//197
f 237//237 238//238 198//198
f 238//238 199//199 198//198
f 238//238 239//239 199//199
f 239//239 200//200 199//199
f 239//239 240//240 200//200
f 240//240 201//201 200//200
f 240//240 241//241 201//201
f 241//241 202//202 201//201
f 241//241 242//242 202//202
f 242//242 163//163 202//202
f 242//242 203//203 163//163
f 243//243 204//204 203//203
f 243//243 244//244 204//204
f 244//244 205//205 204//204
f 244//244 245//245 205//205
f 245//245 206//206 205//205
f 245//245 246//246 206//206
f 246//246 207//207 206//206
f 246//246 247//247 207//207
f 247//247 208//208 207//207
f 247//247 248//248 208//208
f 248//248 209//209 208//208
f 248//248 249//249 209//209
f 249//249 210//210 209//209
f 249//249 250//250 210//210
f 250//250 211//211 210//210
f 250//250 251//251 211//211
f 251//251 212//212 211//211
f 251//251 252//252 212//212
f 252//252 213//213 212//212
f 252//252 253//253 213//213
f 253//253 214//214 213//213
f 253//253 254//254 214//214
f 254//254 215//215 214//214
f 254//254 255//255 215//215
f 255//255 216//216 215//215
f 255//255 256//256 216//216
f 256//256 217//217 216//216
f 256//256 257//257 217//217
f 257//257 218//218 217//217
f 257//257 258//258 218//218
f 258//258 219//219 218//218
f 258//258 259//259 219//219
f 259//259 220//220 219//219
f 259//259 260//260 220//220
f 260//260 221//221 220//220
f 260//260 261//261 221//221
f 261//261 222//222 221//221
f 261//261 262//262 222//222
f 262//262 223//223 222//222
f 262//262 263//263 223//223
f 263//263 224//224 223//223
f 263//263 264//264 224//224
f 264//264 225//225 224//224
f 264//264 265//265 225//225
f 265//265 226//226 225//225
f 265//265 266//266 226//226
f 266//266 227//227 226//226
f 266//266 267//267 227//227
f 267//267 228//228 227//227
f 267//267 268//268 228//228
f 268//268 229//229 228//228
f 268//268 269//269 229//229
f 269//269 230//230 229//229
f 269//269 270//270 230//230
f 270//270 231//231 230//230
f 270//270 271//271 231//231
f 271//271 232//232 231//231
f 271//271 272//272 232//232
f 272//272 233//233 232//232
f 272//272 273//273 233//233
f 273//273 234//234 233//233
f 273//273 274//274 234//234
f 274//274 235//235 234//234
f 274//274 275//275 235//235
f 275//275 236//236 235//235
f 275//275 276//276 236//236
f 276//276 237//237 236//236
f 276//276 277//277 237//237
f 277//277 238//238 237//237
f 277//277 278//278 238//238
f 278//278 239//239 238//238
f 278//278 279//279 239//239
f 279//279 240//240 239//239
f 279//279 280//280 240//240
f 280//280 241//241 240//240
f 280//280 281//281 241//241
f 281//281 242//242 241//241
f 281//281 282//282 242//242
f 282//282 203//203 242//242
f 282//282 243//243 203//203
f 283//283 244//244 243//243
f 283//283 284//284 244//244
f 284//284 245//245 244//244
f 284//284 285//285 245//245
f 285//285 246//246 245//245
f 285//285 286//286 246//246
f 286//286 247//247 246//246
f 286//286 287//287 247//247
f 287//287 248//248 247//247
f 287//287 288//288 248//248
f 288//288 249//249 248//248
f 288//288 289//289 249//249
f 289//289 250//250 249//249
f 289//289 290//290 250//250
f 290//290 251//251 250//250
f 290//290 291//291 251//251
f 291//291 252//252 251//251
f 291//291 292//292 252//252
f 292//292 253//253 252//252
f 292//292 293//293 253//253
f 293//293 254//254 253//253
f 293//293 294//294 254//254
f 294//294 255//255 254//254
f 294//294 295//295 255//255
f 295//295 256//256 255//255
f 295//295 296//296 256//256
f 296//296 257//257 256//256
f 296//296 297//297 257//257
f 297//297 258//258 257//257
f 297//297 298//298 258//258
f 298//298 259//259 258//258
f 298//298 299//299 259//259
f 299//299 260//260 259//259
f 299//299 300//300 260//260
f 300//300 261//261 260//260
f 300//300 301//301 261//261
f 301//301 262//262 261//261
f 301//301 302//302 262//262
f 302//302 263//263 262//262
f 302//302 303//303 263//263
f 303//303 264//264 263//263
f 303//303 304//304 264//264
f 304//304 265//265 264//264
f 304//304 305//305 265//265
f 305//305 266//266 265//265
f 305//305 306//306 266//266
f 306//306 267//267 266//266
f 306//306 307//307 267//267
f 307//307 268//268 267//267
f 307//307 308//308 268//268
f 308//308 269//269 268//268
f 308//308 309//309 269//269
f 309//309 270//270 269//269
f 309//309 310//310 270//270
f 310//310 271//271 270//270
f 310//310 311//311 271//271
f 311//311 272//272 271//271
f 311//311 312//312 272//272
f 312//312 273//273 272//272
f 312//312 313//313 273//273
f 313//313 274//274 273//273
f 313//313 314//314 274//274
f 314//314 275//275 274//274
f 314//314 315//315 275//275
f 315//315 276//276 275//275
f 315//315 316//316 276//276
f 316//316 277//277 276//276
f 316//316 317//317 277//277
f 317//317 278//278 277//277
f 317//317 318//318 278//278
f 318//318 279//279 278//278
f 318//318 319//319 279//279
f 319//319 280//280 279//279
f 319//319 320//320 280//280
f 320//320 281//281 280//280
f 320//320 321//321 281//281
f 321//321 282//282 281//281
f 321//321 322//322 282//282
f 322//322 243//243 282//282
f 322//322 283//283 243//243
f 323//323 284//284 283//283
f 323//323 324//324 284//284
f 324//324 285//285 284//284
f 324//324 325//325 285//285
f 325//325 286//286 285//285
f 325//325 326//326 286//286
f 326//326 287//287 286//286
f 326//326 327//327 287//287
f 327//327 288//288 287//287
f 327//327 328//328 288//288
f 328//328 289//289 288//288
f 328//328 329//329 289//289
f 329//329 290//290 289//289
f 329//329 330//330 290//290
f 330//330 291//291 290//290
f 330//330 331//331 291//291
f 331//331 292//292 291//291
f 331//331 332//332 292//292
f 332//332 293//293 292//292
f 332//332 333//333 293//293
f 333//333 294//294 293//293
f 333//333 334//334 294//294
f 334//334 295//295 294//294
f 334//334 335//335 295//295
f 335//335 296//296 295//295
f 335//335 336//336 296//296
f 336//336 297//297 296//296
f 336//336 337//337 297//297
f 337//337 298//298 297//297
f 337//337 338//338 298//298
f 338//338 299//299 298//298
f 338//338 339//339 299//299
f 339//339 300//300 299//299
f 339//339 340//340 300//300
f 340//340 301//301 300//300
f 340//340 341//341 301//301
f 341//341 302//302 301//301
f 341//341 342//342 302//302
f 342//342 303//303 302//302
f 342//342 343//343 303//303
f 343//343 304//304 303//303
f 343//343 344//344 304//304
f 344//344 305//305 304//304
f 344//344 345//345 305//305
f 345//345 306//306 305//305
f 345//345 346//346 306//306
f 346//346 307//307 306//306
f 346//346 347//347 307//307
f 347//347 308//308 307//307
f 347//347 348//348 308//308
f 348//348 309//309 308//308
f 348//348 349//349 309//309
f 349//349 310//310 309//309
f 349//349 350//350 310//310
f 350//350 311//311 310//310
f 350//350 351//351 311//311
f 351//351 312//312 311//311
f 351//351 352//352 312//312
f 352//352 313//313 312//312
f 352//352 353//353 313//313
f 353//353 314//314 313//313
f 353//353 354//354 314//314
f 354//354 315//315 314//314
f 354//354 355//355 315//315
f 355//355 316//316 315//315
f 355//355 356//356 316//316
f 356//356 317//317 316//316
f 356//356 357//357 317//317
f 357//357 318//318 317//317
f 357//357 358//358 318//318
f 358//358 319//319 318//318
f 358//358 359//359 319//319
f 359//359 320//320 319//319
f 359//359 360//360 320//320
f 360//360 321//321 320//320
f 360//360 361//361 321//321
f 361//361 322//322 321//321
f 361//361 362//362 322//322
f 362//362 283//283 322//322
f 362//362 323//323 283//283
f 363//363 324//324 323//323
f 363//363 364//364 324//324
f 364//364 325//325 324//324
f 364//364 365//365 325//325
f 365//365 326//326 325//325
f 365//365 366//366 326//326
f 366//366 327//327 326//326
f 366//366 367//367 327//327
f 367//367 328//328 327//327
f 367//367 368//368 328//328
f 368//368 329//329 328//328
f 368//368 369//369 329//329
f 369//369 330//330 329//329
f 369//369 370//370 330//330
f 370//370 331//331 330//330
f 370//370 371//371 331//331
f 371//371 332//332 331//331
f 371//371 372//372 332//332
f 372//372 333//333 332//332
f 372//372 373//373 333//333
f 373//373 334//334 333//333
f 373//373 374//374 334//334
f 374//374 335//335 334//334
f 374//374 375//375 335//335
f 375//375 336//336 335//335
f 375//375 376//376 336//336
f 376//376 337//337 336//336
f 376//376 377//377 337//337
f 377//377 338//338 337//337
f 377//377 378//378 338//338
f 378//378 339//339 338//338
f 378//378 379//379 339//339
f 379//379 340//340 339//339
f 379//379 380//380 340//340
f 380//380 341//341 340//340
f 380//380 381//381 341//341
f 381//381 342//342 341//341
f 381//381 382//382 342//342
f 382//382 343//343 342//342
f 382//382 383//383 343//343
f 383//383 344//344 343//343
f 383//383 384//384 344//344
f 384//384 345//345 344//344
f 384//384 385//385 345//345
f 385//385 346//346 345//345
f 385//385 386//386 346//346
f 386//386 347//347 346//346
f 386//386 387//387 347//347
f 387//387 348//348 347//347
f 387//387 388//388 348//348
f 388//388 349//349 348//348
f 388//388 389//389 349//349
f 389//389 350//350 349//349
f 389//389 390//390 350//350
f 390//390 351//351 350//350
f 390//390 391//391 351//351
f 391//391 352//352 351//351
f 391//391 392//392 352//352
f 392//392 353//353 352//352
f 392//392 393//393 353//353
f 393//393 354//354 353//353
f 393//393 394//394 354//354
f 394//394 355//355 354//354
f 394//394 395//395 355//355
f 395//395 356//356 355//355
f 395//395 396//396 356//356
f 396//396 357//357 356//356
f 396//396 397//397 357//357
f 397//397 358//358 357//357
f 397//397 398//398 358//358
f 398//398 359//359 358//358
f 398//398 399//399 359//359
f 399//399 360//360 359//359
f 399//399 400//400 360//360
f 400//400 361//361 360//360
f 400//400 401//401 361//361
f 401//401 362//362 361//361
f 401//401 402//402 362//362
f 402//402 323//323 362//362
f 402//402 363//363 323//323
f 403//403 364//364 363//363
f 403//403 404//404 364//364
f 404//404 365//365 364//364
f 404//404 405//405 365//365
f 405//405 366//366 365//365
f 405//405 406//406 366//366
f 406//406 367//367 366//366
f 406//406 407//407 367//367
f 407//407 368//368 367//367
f 407//407 408//408 368//368
f 408//408 369//369 368//368
f 408//408 409//409 369//369
f 409//409 370//370 369//369
f 409//409 410//410 370//370
f 410//410 371//371 370//370
f 410//410 411//411 371//371
f 411//411 372//372 371//371
f 411//411 412//412 372//372
f 412//412 373//373 372//372
f 412//412 413//413 373//373
f 413//413 374//374 373//373
f 413//413 414//414 374//374
f 414//414 375//375 374//374
f 414//414 415//415 375//375
f 415//415 376//376 375//375
f 415//415 416//416 376//376
f 416//416 377//377 376//376
f 416//416 417//417 377//377
f 417//417 378//378 377//377
f 417//417 418//418 378//378
f 418//418 379//379 378//378
f 418//418 419//419 379//379
f 419//419 380//380 379//379
f 419//419 420//420 380//380
f 420//420 381//381 380//380
f 420//420 421//421 381//381
f 421//421 382//382 381//381
f 421//421 422//422 382//382
f 422//422 383//383 382//382
f 422//422 423//423 383//383
f 423//423 384//384 383//383
f 423//423 424//424 384//384
f 424//424 385//385 384//384
f 424//424 425//425 385//385
f 425//425 386//386 385//385
f 425//425 426//426 386//386
f 426//426 387//387 386//386
f 426//426 427//427 387//387
f 427//427 388//388 387//387
f 427//427 428//428 388//388
f 428//428 389//389 388//388
f 428//428 429//429 389//389
f 429//429 390//390 389//389
f 429//429 430//430 390//390
f 430//430 391//391 390//390
f 430//430 431//431 391//391
f 431//431 392//392 391//391
f 431//431 432//432 392//392
f 432//432 393//393 392//392
f 432//432 433//433 393//393
f 433//433 394//394 393//393
f 433//433 434//434 394//394
f 434//434 395//395 394//394
f 434//434 435//435 395//395
f 435//435 396//396 395//395
f 435//435 436//436 396//396
f 436//436 397//397 396//396
f 436//436 437//437 397//397
f 437//437 398//398 397//397
f 437//437 438//438 398//398
f 438//438 399//399 398//398
f 438//438 439//439 399//399
f 439//439 400//400 399//399
f 439//439 440//440 400//400
f 440//440 401//401 400//400
f 440//440 441//441 401//401
f 441//441 402//402 401//401
f 441//441 442//442 402//402
f 442//442 363//363 402//402
f 442//442 403//403 363//363
f 443//443 404//404 403//403
f 443//443 444//444 404//404
f 444//444 405//405 404//404
f 444//444 445//445 405//405
f 445//445 406//406 405//405
f 445//445 446//446 406//406
f 446//446 407//407 406//406
f 446//446 447//447 407//407
f 447//447 408//408 407//407
f 447//447 448//448 408//408
f 448//448 409//409 408//408
f 448//448 449//449 409//409
f 449//449 410//410 409//409
f 449//449 450//450 410//410
f 450//450 411//411 410//410
f 450//450 451//451 411//411
f 451//451 412//412 411//411
f 451//451 452//452 412//412
f 452//452 413//413 412//412
f 452//452 453//453 413//413
f 453//453 414//414 413//413
f 453//453 454//454 414//414
f 454//454 415//415 414//414
f 454//454 455//455 415//415
f 455//455 416//416 415//415
f 455//455 456//456 416//416
f 456//456 417//417 416//416
f 456//456 457//457 417//417
f 457//457 418//418 417//417
f 457//457 458//458 418//418
f 458//458 419//419 418//418
f 458//458 459//459 419//419
f 459//459 420//420 419//419
f 459//459 460//460 420//420
f 460//460 421//421 420//420
f 460//460 461//461 421//421
f 461//461 422//422 421//421
f 461//461 462//462 422//422
f 462//462 423//423 422//422
f 462//462 463//463 423//423
f 463//463 424//424 423//423
f 463//463 464//464 424//424
f 464//464 425//425 424//424
f 464//464 465//465 425//425
f 465//465 426//426 425//425
f 465//465 466//466 426//426
f 466//466 427//427 426//426
f 466//466 467//467 427//427
f 467//467 428//428 427//427
f 467//467 468//468 428//428
f 468//468 429//429 428//428
f 468//468 469//469 429//429
f 469//469 430//430 429//429
f 469//469 470//470 430//430
f 470//470 431//431 430//430
f 470//470 471//471 431//431
f 471//471 432//432 431//431
f 471//471 472//472 432//432
f 472//472 433//433 432//432
f 472//472 473//473 433//433
f 473//473 434//434 433//433
f 473//473 474//474 434//434
f 474//474 435//435 434//434
f 474//474 475//475 435//435
f 475//475 436//436 435//435
f 475//475 476//476 436//436
f 476//476 437//437 436//436
f 476//476 477//477 437//437
f 477//477 438//438 437//437
f 477//477 478//478 438//438
f 478//478 439//439 438//438
f 478//478 479//479 439//439
f 479//479 440//440 439//439
f 479//479 480//480 440//440
f 480//480 441//441 440//440
f 480//480 481//481 441//441
f 481//481 442//442 441//441
f 481//481 482//482 442//442
f 482//482 403//403 442//442
f 482//482 443//443 403//403
f 483//483 444//444 443//443
f 483//483 484//484 444//444
f 484//484 445//445 444//444
f 484//484 485//485 445//445
f 485//485 446//446 445//445
f 485//485 486//486 446//446
f 486//486 447//447 446//446
f 486//486 487//487 447//447
f 487//487 448//448 447//447
f 487//487 488//488 448//448
f 488//488 449//449 448//448
f 488//488 489//489 449//449
f 489//489 450//450 449//449
f 489//489 490//490 450//450
f 490//490 451//451 450//450
f 490//490 491//491 451//451
f 491//491 452//452 451//451
f 491//491 492//492 452//452
f 492//492 453//453 452//452
f 492//492 493//493 453//453
f 493//493 454//454 453//453
f 493//493 494//494 454//454
f 494//494 455//455 454//454
f 494//494 495//495 455//455
f 495//495 456//456 455//455
f 495//495 496//496 456//456
f 496//496 457//457 456//456
f 496//496 497//497 457//457
f 497//497 458//458 457//457
f 497//497 498//498 458//458
f 498//498 459//459 458//458
f 498//498 499//499 459//459
f 499//499 460//460 459//459
f 499//499 500//500 460//460
f 500//500 461//461 460//460
f 500//500 501//501 461//461
f 501//501 462//462 461//461
f 501//501 502//502 462//462
f 502//502 463//463 462//462
f 502//502 503//503 463//463
f 503//503 464//464 463//463
f 503//503 504//504 464//464
f 504//504 465//465 464//464
f 504//504 505//505 465//465
f 505//505 466//466 465//465
f 505//505 506//506 466//466
f 506//506 467//467 466//466
f 506//506 507//507 467//467
f 507//507 468//468 467//467
f 507//507 508//508 468//468
f 508//508 469//469 468//468
f 508//508 509//509 469//469
f 509//509 470//470 469//469
f 509//509 510//510 470//470
f 510//510 471//471 470//470
f 510//510 511//511 471//471
f 511//511 472//472 471//471
f 511//511 512//512 472//472
f 512//512 473//473 472//472
f 512//512 513//513 473//473
f 513//513 474//474 473//473
f 513//513 514//514 474//474
f 514//514 475//475 474//474
f 514//514 515//515 475//475
f 515//515 476//476 475//475
f 515//515 516//516 476//476
f 516//516 477//477 476//476
f 516//516 517//517 477//477
f 517//517 478//478 477//477
f 517//517 518//518 478//478
f 518//518 479//479 478//478
f 518//518 519//519 479//479
f 519//519 480//480 479//479
f 519//519 520//520 480//480
f 520//520 481//481 480//480
f 520//520 521//521 481//481
f 521//521 482//482 481//481
f 521//521 522//522 482//482
f 522//522 443//443 482//482
f 522//522 483//483 443//443
f 523//523 484//484 483//483
f 523//523 524//524 484//484
f 524//524 485//485 484//484
f 524//524 525//525 485//485
f 525//525 486//486 485//485
f 525//525 526//526 486//486
f 526//526 487//487 486//486
f 526//526 527//527 487//487
f 527//527 488//488 487//487
f 527//527 528//528 488//488
f 528//528 489//489 488//488
f 528//528 529//529 489//489
f 529//529 490//490 489//489
f 529//529 530//530 490//490
f 530//530 491//491 490//490
f 530//530 531//531 491//491
f 531//531 492//492 491//491
f 531//531 532//532 492//492
f 532//532 493//493 492//492
f 532//532 533//533 493//493
f 533//533 494//494 493//493
f 533//533 534//534 494//494
f 534//534 495//495 494//494
f 534//534 535//535 495//495
f 535//535 496//496 495//495
f 535//535 536//536 496//496
f 536//536 497//497 496//496
f 536//536 537//537 497//497
f 537//537 498//498 497//497
f 537//537 538//538 498//498
f 538//538 499//499 498//498
f 538//538 539//539 499//499
f 539//539 500//500 499//499
f 539//539 540//540 500//500
f 540//540 501//501 500//500
f 540//540 541//541 501//501
f 541//541 502//502 501//501
f 541//541 542//542 502//502
f 542//542 503//503 502//502
f 542//542 543//543 503//503
f 543//543 504//504 503//503
f 543//543 544//544 504//504
f 544//544 505//505 504//504
f 544//544 545//545 505//505
f 545//545 506//506 505//505
f 545//545 546//546 506//506
f 546//546 507//507 506//506
f 546//546 547//547 507//507
f 547//547 508//508 507//507
f 547//547 548//548 508//508
f 548//548 509//509 508//508
f 548//548 549//549 509//509
f 549//549 510//510 509//509
f 549//549 550//550 510//510
f 550//550 511//511 510//510
f 550//550 551//551 511//511
f 551//551 512//512 511//511
f 551//551 552//552 512//512
f 552//552 513//513 512//512
f 552//552 553//553 513//513
f 553//553 514//514 513//513
f 553//553 554//554 514//514
f 554//554 515//515 514//514
f 554//554 555//555 515//515
f 555//555 516//516 515//515
f 555//555 556//556 516//516
f 556//556 517//517 516//516
f 556//556 557//557 517//517
f 557//557 518//518 517//517
f 557//557 558//558 518//518
f 558//558 519//519 518//518
f 558//558 559//559 519//519
f 559//559 520//520 519//519
f 559//559 560//560 520//520
f 560//560 521//521 520//520
f 560//560 561//561 521//521
f 561//561 522//522 521//521
f 561//561 562//562 522//522
f 562//562 483//483 522//522
f 562//562 523//523 483//483
f 563//563 524//524 523//523
f 563//563 564//564 524//524
f 564//564 525//525 524//524
f 564//564 565//565 525//525
f 565//565 526//526 525//525
f 565//565 566//566 526//526
f 566//566 527//527 526//526
f 566//566 567//567 527//527
f 567//567 528//528 527//527
f 567//567 568//568 528//528
f 568//568 529//529 528//528
f 568//568 569//569 529//529
f 569//569 530//530 529//529
f 569//569 570//570 530//530
f 570//570 531//531 530//530
f 570//570 571//571 531//531
f 571//571 532//532 531//531
f 571//571 572//572 532//532
f 572//572 533//533 532//532
f 572//572 573//573 533//533
f 573//573 534//534 533//533
f 573//573 574//574 534//534
f 574//574 535//535 534//534
f 574//574 575//575 535//535
f 575//575 536//536 535//535
f 575//575 576//576 536//536
f 576//576 537//537 536//536
f 576//576 577//577 537//537
f 577//577 538//538 537//537
f 577//577 578//578 538//538
f 578//578 539//539 538//538
f 578//578 579//579 539//539
f 579//579 540//540 539//539
f 579//579 580//580 540//540
f 580//580 541//541 540//540
f 580//580 581//581 541//541
f 581//581 542//542 541//541
f 581//581 582//582 542//542
f 582//582 543//543 542//542
f 582//582 583//583 543//543
f 583//583 544//544 543//543
f 583//583 584//584 544//544
f 584//584 545//545 544//544
f 584//584 585//585 545//545
f 585//585 546//546 545//545
f 585//585 586//586 546//546
f 586//586 547//547 546//546
f 586//586 587//587 547//547
f 587//587 548//548 547//547
f 587//587 588//588 548//548
f 588//588 549//549 548//548
f 588//588 589//589 549//549
f 589//589 550//550 549//549
f 589//589 590//590 550//550
f 590//590 551//551 550//550
f 590//590 591//591 551//551
f 591//591 552//552 551//551
f 591//591 592//592 552//552
f 592//592 553//553 552//552
f 592//592 593//593 553//553
f 593//593 554//554 553//553
f 593//593 594//594 554//554
f 594//594 555//555 554//554
f 594//594 595//595 555//555
f 595//595 556//556 555//555
f 595//595 596//596 556//556
f 596//596 557//557 556//556
f 596//596 597//597 557//557
f 597//597 558//558 557//557
f 597//597 598//598 558//558
f 598//598 559//559 558//558
f 598//598 599//599 559//559
f 599//599 560//560 559//559
f 599//599 600//600 560//560
f 600//600 561//561 560//560
f 600//600 601//601 561//561
f 601//601 562//562 561//561
f 601//601 602//602 562//562
f 602//602 523//523 562//562
f 602//602 563//563 523//523
f 603//603 564//564 563//563
f 603//603 604//604 564//564
f 604//604 565//565 564//564
f 604//604 605//605 565//565
f 605//605 566//566 565//565
f 605//605 606//606 566//566
f 606//606 567//567 566//566
f 606//606 607//607 567//567
f 607//607 568//568 567//567
f 607//607 608//608 568//568
f 608//608 569//569 568//568
f 608//608 609//609 569//569
f 609//609 570//570 569//569
f 609//609 610//610 570//570
f 610//610 571//571 570//570
f 610//610 611//611 571//571
f 611//611 572//572 571//571
f 611//611 612//612 572//572
f 612//612 573//573 572//572
f 612//612 613//613 573//573
f 613//613 574//574 573//573
f 613//613 614//614 574//574
f 614//614 575//575 574//574
f 614//614 615//615 575//575
f 615//615 576//576 575//575
f 615//615 616//616 576//576
f 616//616 577//577 576//576
f 616//616 617//617 577//577
f 617//617 578//578 577//577
f 617//617 618//618 578//578
f 618//618 579//579 578//578
f 618//618 619//619 579//579
f 619//619 580//580 579//579
f 619//619 620//620 580//580
f 620//620 581//581 580//580
f 620//620 621//621 581//581
f 621//621 582//582 581//581
f 621//621 622//622 582//582
f 622//622 583//583 582//582
f 622//622 623//623 583//583
f 623//623 584//584 583//583
f 623//623 624//624 584//584
f 624//624 585//585 584//584
f 624//624 625//625 585//585
f 625//625 586//586 585//585
f 625//625 626//626 586//586
f 626//626 587//587 586//586
f 626//626 627//627 587//587
f 627//627 588//588 587//587
f 627//627 628//628 588//588
f 628//628 589//589 588//588
f 628//628 629//629 589//589
f 629//629 590//590 589//589
f 629//629 630//630 590//590
f 630//630 591//591 590//590
f 630//630 631//631 591//591
f 631//631 592//592 591//591
f 631//631 632//632 592//592
f 632//632 593//593 592//592
f 632//632 633//633 593//593
f 633//633 594//594 593//593
f 633//633 634//634 594//594
f 634//634 595//595 594//594
f 634//634 635//635 595//595
f 635//635 596//596 595//595
f 635//635 636//636 596//596
f 636//636 597//597 596//596
f 636//636 637//637 597//597
f 637//637 598//598 597//597
f 637//637 638//638 598//598
f 638//638 599//599 598//598
f 638//638 639//639 599//599
f 639//639 600//600 599//599
f 639//639 640//640 600//600
f 640//640 601//601 600//600
f 640//640 641//641 601//601
f 641//641 602//602 601//601
f 641//641 642//642 602//602
f 642//642 563//563 602//602
f 642//642 603//603 563//563
f 643//643 604//604 603//603
f 643//643 644//644 604//604
f 644//644 605//605 604//604
f 644//644 645//645 605//605
f 645//645 606//606 605//605
f 645//645 646//646 606//606
f 646//646 607//607 606//606
f 646//646 647//647 607//607
f 647//647 608//608 607//607
f 647//647 648//648 608//608
f 648//648 609//609 608//608
f 648//648 649//649 609//609
f 649//649 610//610 609//609
f 649//649 650//650 610//610
f 650//650 611//611 610//610
f 650//650 651//651 611//611
f 651//651 612//612 611//611
f 651//651 652//652 612//612
f 652//652 613//613 612//612
f 652//652 653//653 613//613
f 653//653 614//614 613//613
f 653//653 654//654 614//614
f 654//654 615//615 614//614
f 654//654 655//655 615//615
f 655//655 616//616 615//615
f 655//655 656//656 616//616
f 656//656 617//617 616//616
f 656//656 657//657 617//617
f 657//657 618//618 617//617
f 657//657 658//658 618//618
f 658//658 619//619 618//618
f 658//658 659//659 619//619
f 659//659 620//620 619//619
f 659//659 660//660 620//620
f 660//660 621//621 620//620
f 660//660 661//661 621//621
f 661//661 622//622 621//621
f 661//661 662//662 622//622
f 662//662 623//623 622//622
f 662//662 663//663 623//623
f 663//663 624//624 623//623
f 663//663 664//664 624//624
f 664//664 625//625 624//624
f 664//664 665//665 625//625
f 665//665 626//626 625//625
f 665//665 666//666 626//626
f 666//666 627//627 626//626
f 666//666 667//667 627//627
f 667//667 628//628 627//627
f 667//667 668//668 628//628
f 668//668 629//629 628//628
f 668//668 669//669 629//629
f 669//669 630//630 629//629
f 669//669 670//670 630//630
f 670//670 631//631 630//630
f 670//670 671//671 631//631
f 671//671 632//632 631//631
f 671//671 672//672 632//632
f 672//672 633//633 632//632
f 672//672 673//673 633//633
f 673//673 634//634 633//633
f 673//673 674//674 634//634
f 674//674 635//635 634//634
f 674//674 675//675 635//635
f 675//675 636//636 635//635
f 675//675 676//676 636//636
f 676//676 637//637 636//636
f 676//676 677//677 637//637
f 677//677 638//638 637//637
f 677//677 678//678 638//638
f 678//678 639//639 638//638
f 678//678 679//679 639//639
f 679//679 640//640 639//639
f 679//679 680//680 640//640
f 680//680 641//641 640//640
f 680//680 681//681 641//641
f 681//681 642//642 641//641
f 681//681 682//682 642//642
f 682//682 603//603 642//642
f 682//682 643//643 603//603
f 683//683 644//644 643//643
f 683//683 684//684 644//644
f 684//684 645//645 644//644
f 684//684 685//685 645//645
f 685//685 646//646 645//645
f 685//685 686//686 646//646
f 686//686 647//647 646//646
f 686//686 687//687 647//647
f 687//687 648//648 647//647
f 687//687 688//688 648//648
f 688//688 649//649 648//648
f 688//688 689//689 649//649
f 689//689 650//650 649//649
f 689//689 690//690 650//650
f 690//690 651//651 650//650
f 690//690 691//691 651//651
f 691//691 652//652 651//651
f 691//691 692//692 652//652
f 692//692 653//653 652//652
f 692//692 693//693 653//653
f 693//693 654//654 653//653
f 693//693 694//694 654//654
f 694//694 655//655 654//654
f 694//694 695//695 655//655
f 695//695 656//656 655//655
f 695//695 696//696 656//656
f 696//696 657//657 656//656
f 696//696 697//697 657//657
f 697//697 658//658 657//657
f 697//697 698//698 658//658
f 698//698 659//659 658//658
f 698//698 699//699 659//659
f 699//699 660//660 659//659
f 699//699 700//700 660//660
f 700//700 661//661 660//660
f 700//700 701//701 661//661
f 701//701 662//662 661//661
f 701//701 702//702 662//662
f 702//702 663//663 662//662
f 702//702 703//703 663//663
f 703//703 664//664 663//663
f 703//703 704//704 664//664
f 704//704 665//665 664//664
f 704//704 705//705 665//665
f 705//705 666//666 665//665
f 705//705 706//706 666//666
f 706//706 667//667 666//666
f 706//706 707//707 667//667
f 707//707 668//668 667//667
f 707//707 708//708 668//668
f 708//708 669//669 668//668
f 708//708 709//709 669//669
f 709//709 670//670 669//669
f 709//709 710//710 670//670
f 710//710 671//671 670//670
f 710//710 711//711 671//671
f 711//711 672//672 671//671
f 711//711 712//712 672//672
f 712//712 673//673 672//672
f 712//712 713//713 673//673
f 713//713 674//674 673//673
f 713//713 714//714 674//674
f 714//714 675//675 674//674
f 714//714 715//715 675//675
f 715//715 676//676 675//675
f 715//715 716//716 676//676
f 716//716 677//677 676//676
f 716//716 717//717 677//677
f 717//717 678//678 677//677
f 717//717 718//718 678//678
f 718//718 679//679 678//678
f 718//718 719//719 679//679
f 719//719 680//680 679//679
f 719//719 720//720 680//680
f 720//720 681//681 680//680
f 720//720 721//721 681//681
f 721//721 682//682 681//681
f 721//721 722//722 682//682
f 722//722 643//643 682//682
f 722//722 683//683 643//643
f 723//723 684//684 683//683
f 723//723 724//724 684//684
f 724//724 685//685 684//684
f 724//724 725//725 685//685
f 725//725 686//686 685//685
f 725//725 726//726 686//686
f 726//726 687//687 686//686
f 726//726 727//727 687//687
f 727//727 688//688 687//687
f 727//727 728//728 688//688
f 728//728 689//689 688//688
f 728//728 729//729 689//689
f 729//729 690//690 689//689
f 729//729 730//730 690//690
f 730//730 691//691 690//690
f 730//730 731//731 691//691
f 731//731 692//692 691//691
f 731//731 732//732 692//692
f 732//732 693//693 692//692
f 732//732 733//733 693//693
f 733//733 694//694 693//693
f 733//733 734//734 694//694
f 734//734 695//695 694//694
f 734//734 735//735 695//695
f 735//735 696//696 695//695
f 735//735 736//736 696//696
f 736//736 697//697 696//696
f 736//736 737//737 697//697
f 737//737 698//698 697//697
f 737//737 738//738 698//698
f 738//738 699//699 698//698
f 738//738 739//739 699//699
f 739//739 700//700 699//699
f 739//739 740//740 700//700
f 740//740 701//701 700//700
f 740//740 741//741 701//701
f 741//741 702//702 701//701
f 741//741 742//742 702//702
f 742//742 703//703 702//702
f 742//742 743//743 703//703
f 743//743 704//704 703//703
f 743//743 744//744 704//704
f 744//744 705//705 704//704
f 744//744 745//745 705//705
f 745//745 706//706 705//705
f 745//745 746//746 706//706
f 746//746 707//707 706//706
f 746//746 747//747 707//707
f 747//747 708//708 707//707
f 747//747 748//748 708//708
f 748//748 709//709 708//708
f 748//748 749//749 709//709
f 749//749 710//710 709//709
f 749//749 750//750 710//710
f 750//750 711//711 710//710
f 750//750 751//751 711//711
f 751//751 712//712 711//711
f 751//751 752//752 712//712
f 752//752 713//713 712//712
f 752//752 753//753 713//713
f 753//753 714//714 713//713
f 753//753 754//754 714//714
f 754//754 715//715 714//714
f 754//754 755//755 715//715
f 755//755 716//716 715//715
f 755//755 756//756 716//716
f 756//756 717//717 716//716
f 756//756 757//757 717//717
f 757//757 718//718 717//717
f 757//757 758//758 718//718
f 758//758 719//719 718//718
f 758//758 759//759 719//719
f 759//759 720//720 719//719
f 759//759 760//760 720//720
f 760//760 721//721 720//720
f 760//760 761//761 721//721
f 761//761 722//722 721//721
f 761//761 762//762 722//722
f 762//762 683//683 722//722
f 762//762 723//723 683//683
f 763//763 765//765 766//766
f 764//764 1486//1486 1485//1485
f 763//763 766//766 767//767
f 764//764 1487//1487 1486//1486
f 763//763 767//767 768//768
f 764//764 1488//1488 1487//1487
f 763//763 768//768 769//769
f 764//764 1489//1489 1488//1488
f 763//763 769//769 770//770
f 764//764 1490//1490 1489//1489
f 763//763 770//770 771//771
f 764//764 1491//1491 1490//1490
f 763//763 771//771 772//772
f 764//764 1492//1492 1491//1491
f 763//763 772//772 773//773
f 764//764 1493//1493 1492//1492
f 763//763 773//773 774//774
f 764//764 1494//1494 1493//1493
f 763//763 774//774 775//775
f 764//764 1495//1495 1494//1494
f 763//763 775//775 776//776
f 764//764 1496//1496 1495//1495
f 763//763 776//776 777//777
f 764//764 1497//1497 1496//1496
f 763//763 777//777 778//778
f 764//764 1498//1498 1497//1497
f 763//763 778//778 779//779
f 764//764 1499//1499 1498//1498
f 763//763 779//779 780//780
f 764//764 1500//1500 1499//1499
f 763//763 780//780 781//781
f 764//764 1501//1501 1500//1500
f 763//763 781//781 782//782
f 764//764 1502//1502 1501//1501
f 763//763 782//782 783//783
f 764//764 1503//1503 1502//1502
f 763//763 783//783 784//784
f 764//764 1504//1504 1503//1503
f 763//763 784//784 785//785
f 764//764 1505//1505 1504//1504
f 763//763 785//785 786//786
f 764//764 1506//1506 1505//1505
f 763//763 786//786 787//787
f 764//764 1507//1507 1506//1506
f 763//763 787//787 788//788
f 764//764 1508//1508 1507//1507
f 763//763 788//788 789//789
f 764//764 1509//1509 1508//1508
f 763//763 789//789 790//790
f 764//764 1510//1510 1509//1509
f 763//763 790//790 791//791
f 764//764 1511//1511 1510//1510
f 763//763 791//791 792//792
f 764//764 1512//1512 1511//1511
f 763//763 792//792 793//793
f 764//764 1513//1513 1512//1512
f 763//763 793//793 794//794
f 764//764 1514//1514 1513//1513
f 763//763 794//794 795//795
f 764//764 1515//1515 1514//1514
f 763//763 795//795 796//796
f 764//764 1516//1516 1515//1515
f 763//763 796//796 797//797
f 764//764 1517//1517 1516//1516
f 763//763 797//797 798//798
f 764//764 1518//1518 1517//1517
f 763//763 798//798 799//799
f 764//764 1519//1519 1518//1518
f 763//763 799//799 800//800
f 764//764 1520//1520 1519//1519
f 763//763 800//800 801//801
f 764//764 1521//1521 1520//1520
f 763//763 801//801 802//802
f 764//764 1522//1522 1521//1521
f 763//763 802//802 803//803
f 764//764 1523//1523 1522//1522
f 763//763 803//803 804//804
f 764//764 1524//1524 1523//1523
f 763//763 804//804 765//765
f 764//764 1485//1485 1524//1524
f 805//805 766//766 765//765
f 805//805 806//806 766//766
f 806//806 767//767 766//766
f 806//806 807//807 767//767
f 807//807 768//768 767//767
f 807//807 808//808 768//768
f 808//808 769//769 768//768
f 808//808 809//809 769//769
f 809//809 770//770 769//769
f 809//809 810//810 770//770
f 810//810 771//771 770//770
f 810//810 811//811 771//771
f 811//811 772//772 771//771
f 811//811 812//812 772//772
f 812//812 773//773 772//772
f 812//812 813//813 773//773
f 813//813 774//774 773//773
f 813//813 814//814 774//774
f 814//814 775//775 774//774
f 814//814 815//815 775//775
f 815//815 776//776 775//775
f 815//815 816//816 776//776
f 816//816 777//777 776//776
f 816//816 817//817 777//777
f 817//817 778//778 777//777
f 817//817 818//818 778//778
f 818//818 779//779 778//778
f 818//818 819//819 779//779
f 819//819 780//780 779//779
f 819//819 820//820 780//780
f 820//820 781//781 780//780
f 820//820 821//821 781//781
f 821//821 782//782 781//781
f 821//821 822//822 782//782
f 822//822 783//783 782//782
f 822//822 823//823 783//783
f 823//823 784//784 783//783
f 823//823 824//824 784//784
f 824//824 785//785 784//784
f 824//824 825//825 785//785
f 825//825 786//786 785//785
f 825//825 826//826 786//786
f 826//826 787//787 786//786
f 826//826 827//827 787//787
f 827//827 788//788 787//787
f 827//827 828//828 788//788
f 828//828 789//789 788//788
f 828//828 829//829 789//789
f 829//829 790//790 789//789
f 829//829 830//830 790//790
f 830//830 791//791 790//790
f 830//830 831//831 791//791
f 831//831 792//792 791//791
f 831//831 832//832 792//792
f 832//832 793//793 792//792
f 832//832 833//833 793//793
f 833//833 794//794 793//793
f 833//833 834//834 794//794
f 834//834 795//795 794//794
f 834//834 835//835 795//795
f 835//835 796//796 795//795
f 835//835 836//836 796//796
f 836//836 797//797 796//796
f 836//836 837//837 797//797
f 837//837 798//798 797//797
f 837//837 838//838 798//798
f 838//838 799//799 798//798
f 838//838 839//839 799//799
f 839//839 800//800 799//799
f 839//839 840//840 800//800
f 840//840 801//801 800//800
f 840//840 841//841 801//801
f 841//841 802//802 801//801
f 841//841 842//842 802//802
f 842//842 803//803 802//802
f 842//842 843//843 803//803
f 843//843 804//804 803//803
f 843//843 844//844 804//804
f 844//844 765//765 804//804
f 844//844 805//805 765//765
f 845//845 806//806 805//805
f 845//845 846//846 806//806
f 846//846 807//807 806//806
f 846//846 847//847 807//807
f 847//847 808//808 807//807
f 847//847 848//848 808//808
f 848//848 809//809 808//808
f 848//848 849//849 809//809
f 849//849 810//810 809//809
f 849//849 850//850 810//810
f 850//850 811//811 810//810
f 850//850 851//851 811//811
f 851//851 812//812 811//811
f 851//851 852//852 812//812
f 852//852 813//813 812//812
f 852//852 853//853 813//813
f 853//853 814//814 813//813
f 853//853 854//854 814//814
f 854//854 815//815 814//814
f 854//854 855//855 815//815
f 855//855 816//816 815//815
f 855//855 856//856 816//816
f 856//856 817//817 816//816
f 856//856 857//857 817//817
f 857//857 818//818 817//817
f 857//857 858//858 818//818
f 858//858 819//819 818//818
f 858//858 859//859 819//819
f 859//859 820//820 819//819
f 859//859 860//860 820//820
f 860//860 821//821 820//820
f 860//860 861//861 821//821
f 861//861 822//822 821//821
f 861//861 862//862 822//822
f 862//862 823//823 822//822
f 862//862 863//863 823//823
f 863//863 824//824 823//823
f 863//863 864//864 824//824
f 864//864 825//825 824//824
f 864//864 865//865 825//825
f 865//865 826//826 825//825
f 865//865 866//866 826//826
f 866//866 827//827 826//826
f 866//866 867//867 827//827
f 867//867 828//828 827//827
f 867//867 868//868 828//828
f 868//868 829//829 828//828
f 868//868 869//869 829//829
f 869//869 830//830 829//829
f 869//869 870//870 830//830
f 870//870 831//831 830//830
f 870//870 871//871 831//831
f 871//871 832//832 831//831
f 871//871 872//872 832//832
f 872//872 833//833 832//832
f 872//872 873//873 833//833
f 873//873 834//834 833//833
f 873//873 874//874 834//834
f 874//874 835//835 834//834
f 874//874 875//875 835//835
f 875//875 836//836 835//835
f 875//875 876//876 836//836
f 876//876 837//837 836//836
f 876//876 877//877 837//837
f 877//877 838//838 837//837
f 877//877 878//878 838//838
f 878//878 839//839 838//838
f 878//878 879//879 839//839
f 879//879 840//840 839//839
f 879//879 880//880 840//840
f 880//880 841//841 840//840
f 880//880 881//881 841//841
f 881//881 842//842 841//841
f 881//881 882//882 842//842
f 882//882 843//843 842//842
f 882//882 883//883 843//843
f 883//883 844//844 843//843
f 883//883 884//884 844//844
f 884//884 805//805 844//844
f 884//884 845//845 805//805
f 885//885 846//846 845//845
f 885//885 886//886 846//846
f 886//886 847//847 846//846
f 886//886 887//887 847//847
f 887//887 848//848 847//847
f 887//887 888//888 848//848
f 888//888 849//849 848//848
f 888//888 889//889 849//849
f 889//889 850//850 849//849
f 889//889 890//890 850//850
f 890//890 851//851 850//850
f 890//890 891//891 851//851
f 891//891 852//852 851//851
f 891//891 892//892 852//852
f 892//892 853//853 852//852
f 892//892 893//893 853//853
f 893//893 854//854 853//853
f 893//893 894//894 854//854
f 894//894 855//855 854//854
f 894//894 895//895 855//855
f 895//895 856//856 855//855
f 895//895 896//896 856//856
f 896//896 857//857 856//856
f 896//896 897//897 857//857
f 897//897 858//858 857//857
f 897//897 898//898 858//858
f 898//898 859//859 858//858
f 898//898 899//899 859//859
f 899//899 860//860 859//859
f 899//899 900//900 860//860
f 900//900 861//861 860//860
f 900//900 901//901 861//861
f 901//901 862//862 861//861
f 901//901 902//902 862//862
f 902//902 863//863 862//862
f 902//902 903//903 863//863
f 903//903 864//864 863//863
f 903//903 904//904 864//864
f 904//904 865//865 864//864
f 904//904 905//905 865//865
f 905//905 866//866 865//865
f 905//905 906//906 866//866
f 906//906 867//867 866//866
f 906//906 907//907 867//867
f 907//907 868//868 867//867
f 907//907 908//908 868//868
f 908//908 869//869 868//868
f 908//908 909//909 869//869
f 909//909 870//870 869//869
f 909//909 910//910 870//870
f 910//910 871//871 870//870
f 910//910 911//911 871//871
f 911//911 872//872 871//871
f 911//911 912//912 872//872
f 912//912 873//873 872//872
f 912//912 913//913 873//873
f 913//913 874//874 873//873
f 913//913 914//914 874//874
f 914//914 875//875 874//874
f 914//914 915//915 875//875
f 915//915 876//876 875//875
f 915//915 916//916 876//876
f 916//916 877//877 876//876
f 916//916 917//917 877//877
f 917//917 878//878 877//877
f 917//917 918//918 878//878
f 918//918 879//879 878//878
f 918//918 919//919 879//879
f 919//919 880//880 879//879
f 919//919 920//920 880//880
f 920//920 881//881 880//880
f 920//920 921//921 881//881
f 921//921 882//882 881//881
f 921//921 922//922 882//882
f 922//922 883//883 882//882
f 922//922 923//923 883//883
f 923//923 884//884 883//883
f 923//923 924//924 884//884
f 924//924 845//845 884//884
f 924//924 885//885 845//845
f 925//925 886//886 885//885
f 925//925 926//926 886//886
f 926//926 887//887 886//886
f 926//926 927//927 887//887
f 927//927 888//888 887//887
f 927//927 928//928 888//888
f 928//928 889//889 888//888
f 928//928 929//929 889//889
f 929//929 890//890 889//889
f 929//929 930//930 890//890
f 930//930 891//891 890//890
f 930//930 931//931 891//891
f 931//931 892//892 891//891
f 931//931 932//932 892//892
f 932//932 893//893 892//892
f 932//932 933//933 893//893
f 933//933 894//894 893//893
f 933//933 934//934 894//894
f 934//934 895//895 894//894
f 934//934 935//935 895//895
f 935//935 896//896 895//895
f 935//935 936//936 896//896
f 936//936 897//897 896//896
f 936//936 937//937 897//897
f 937//937 898//898 897//897
f 937//937 938//938 898//898
f 938//938 899//899 898//898
f 938//938 939//939 899//899
f 939//939 900//900 899//899
f 939//939 940//940 900//900
f 940//940 901//901 900//900
f 940//940 941//941 901//901
f 941//941 902//902 901//901
f 941//941 942//942 902//902
f 942//942 903//903 902//902
f 942//942 943//943 903//903
f 943//943 904//904 903//903
f 943//943 944//944 904//904
f 944//944 905//905 904//904
f 944//944 945//945 905//905
f 945//945 906//906 905//905
f 945//945 946//946 906//906
f 946//946 907//907 906//906
f 946//946 947//947 907//907
f 947//947 908//908 907//907
f 947//947 948//948 908//908
f 948//948 909//909 908//908
f 948//948 949//949 909//909
f 949//949 910//910 909//909
f 949//949 950//950 910//910
f 950//950 911//911 910//910
f 950//950 951//951 911//911
f 951//951 912//912 911//911
f 951//951 952//952 912//912
f 952//952 913//913 912//912
f 952//952 953//953 913//913
f 953//953 914//914 913//913
f 953//953 954//954 914//914
f 954//954 915//915 914//914
f 954//954 955//955 915//915
f 955//955 916//916 915//915
f 955//955 956//956 916//916
f 956//956 917//917 916//916
f 956//956 957//957 917//917
f 957//957 918//918 917//917
f 957//957 958//958 918//918
f 958//958 919//919 918//918
f 958//958 959//959 919//919
f 959//959 920//920 919//919
f 959//959 960//960 920//920
f 960//960 921//921 920//920
f 960//960 961//961 921//921
f 961//961 922//922 921//921
f 961//961 962//962 922//922
f 962//962 923//923 922//922
f 962//962 963//963 923//923
f 963//963 924//924 923//923
f 963//963 964//964 924//924
f 964//964 885//885 924//924
f 964//964 925//925 885//885
f 965//965 926//926 925//925
f 965//965 966//966 926//926
f 966//966 927//927 926//926
f 966//966 967//967 927//927
f 967//967 928//928 927//927
f 967//967 968//968 928//928
f 968//968 929//929 928//928
f 968//968 969//969 929//929
f 969//969 930//930 929//929
f 969//969 970//970 930//930
f 970//970 931//931 930//930
f 970//970 971//971 931//931
f 971//971 932//932 931//931
f 971//971 972//972 932//932
f 972//972 933//933 932//932
f 972//972 973//973 933//933
f 973//973 934//934 933//933
f 973//973 974//974 934//934
f 974//974 935//935 934//934
f 974//974 975//975 935//935
f 975//975 936//936 935//935
f 975//975 976//976 936//936
f 976//976 937//937 936//936
f 976//976 977//977 937//937
f 977//977 938//938 937//937
f 977//977 978//978 938//938
f 978//978 939//939 938//938
f 978//978 979//979 939//939
f 979//979 940//940 939//939
f 979//979 980//980 940//940
f 980//980 941//941 940//940
f 980//980 981//981 941//941
f 981//981 942//942 941//941
f 981//981 982//982 942//942
f 982//982 943//943 942//942
f 982//982 983//983 943//943
f 983//983 944//944 943//943
f 983//983 984//984 944//944
f 984//984 945//945 944//944
f 984//984 985//985 945//945
f 985//985 946//946 945//945
f 985//985 986//986 946//946
f 986//986 947//947 946//946
f 986//986 987//987 947//947
f 987//987 948//948 947//947
f 987//987 988//988 948//948
f 988//988 949//949 948//948
f 988//988 989//989 949//949
f 989//989 950//950 949//949
f 989//989 990//990 950//950
f 990//990 951//951 950//950
f 990//990 991//991 951//951
f 991//991 952//952 951//951
f 991//991 992//992 952//952
f 992//992 953//953 952//952
f 992//992 993//993 953//953
f 993//993 954//954 953//953
f 993//993 994//994 954//954
f 994//994 955//955 954//954
f 994//994 995//995 955//955
f 995//995 956//956 955//955
f 995//995 996//996 956//956
f 996//996 957//957 956//956
f 996//996 997//997 957//957
f 997//997 958//958 957//957
f 997//997 998//998 958//958
f 998//998 959//959 958//958
f 998//998 999//999 959//959
f 999//999 960//960 959//959
f 999//999 1000//1000 960//960
f 1000//1000 961//961 960//960
f 1000//1000 1001//1001 961//961
f 1001//1001 962//962 961//961
f 1001//1001 1002//1002 962//962
f 1002//1002 963//963 962//962
f 1002//1002 1003//1003 963//963
f 1003//1003 964//964 963//963
f 1003//1003 1004//1004 964//964
f 1004//1004 925//925 964//964
f 1004//1004 965//965 925//925
f 1005//1005 966//966 965//965
f 1005//1005 1006//1006 966//966
f 1006//1006 967//967 966//966
f 1006//1006 1007//1007 967//967
f 1007//1007 968//968 967//967
f 1007//1007 1008//1008 968//968
f 1008//1008 969//969 968//968
f 1008//1008 1009//1009 969//969
f 1009//1009 970//970 969//969
f 1009//1009 1010//1010 970//970
f 1010//1010 971//971 970//970
f 1010//1010 1011//1011 971//971
f 1011//1011 972//972 971//971
f 1011//1011 1012//1012 972//972
f 1012//1012 973//973 972//972
f 1012//1012 1013//1013 973//973
f 1013//1013 974//974 973//973
f 1013//1013 1014//1014 974//974
f 1014//1014 975//975 974//974
f 1014//1014 1015//1015 975//975
f 1015//1015 976//976 975//975
f 1015//1015 1016//1016 976//976
f 1016//1016 977//977 976//976
f 1016//1016 1017//1017 977//977
f 1017//1017 978//978 977//977
f 1017//1017 1018//1018 978//978
f 1018//1018 979//979 978//978
f 1018//1018 1019//1019 979//979
f 1019//1019 980//980 979//979
f 1019//1019 1020//1020 980//980
f 1020//1020 981//981 980//980
f 1020//1020 1021//1021 981//981
f 1021//1021 982//982 981//981
f 1021//1021 1022//1022 982//982
f 1022//1022 983//983 982//982
f 1022//1022 1023//1023 983//983
f 1023//1023 984//984 983//983
f 1023//1023 1024//1024 984//984
f 1024//1024 985//985 984//984
f 1024//1024 1025//1025 985//985
f 1025//1025 986//986 985//985
f 1025//1025 1026//1026 986//986
f 1026//1026 987//987 986//986
f 1026//1026 1027//1027 987//987
f 1027//1027 988//988 987//987
f 1027//1027 1028//1028 988//988
f 1028//1028 989//989 988//988
f 1028//1028 1029//1029 989//989
f 1029//1029 990//990 989//989
f 1029//1029 1030//1030 990//990
f 1030//1030 991//991 990//990
f 1030//1030 1031//1031 991//991
f 1031//1031 992//992 991//991
f 1031//1031 1032//1032 992//992
f 1032//1032 993//993 992//992
f 1032//1032 1033//1033 993//993
f 1033//1033 994//994 993//993
f 1033//1033 1034//1034 994//994
f 1034//1034 995//995 994//994
f 1034//1034 1035//1035 995//995
f 1035//1035 996//996 995//995
f 1035//1035 1036//1036 996//996
f 1036//1036 997//997 996//996
f 1036//1036 1037//1037 997//997
f 1037//1037 998//998 997//997
f 1037//1037 1038//1038 998//998
f 1038//1038 999//999 998//998
f 1038//1038 1039//1039 999//999
f 1039//1039 1000//1000 999//999
f 1039//1039 1040//1040 1000//1000
f 1040//1040 1001//1001 1000//1000
f 1040//1040 1041//1041 1001//1001
f 1041//1041 1002//1002 1001//1001
f 1041//1041 1042//1042 1002//1002
f 1042//1042 1003//1003 1002//1002
f 1042//1042 1043//1043 1003//1003
f 1043//1043 1004//1004 1003//1003
f 1043//1043 1044//1044 1004//1004
f 1044//1044 965//965 1004//1004
f 1044//1044 1005//1005 965//965
f 1045//1045 1006//1006 1005//1005
f 1045//1045 1046//1046 1006//1006
f 1046//1046 1007//1007 1006//1006
f 1046//1046 1047//1047 1007//1007
f 1047//1047 1008//1008 1007//1007
f 1047//1047 1048//1048 1008//1008
f 1048//1048 1009//1009 1008//1008
f 1048//1048 1049//1049 1009//1009
f 1049//1049 1010//1010 1009//1009
f 1049//1049 1050//1050 1010//1010
f 1050//1050 1011//1011 1010//1010
f 1050//1050 1051//1051 1011//1011
f 1051//1051 1012//1012 1011//1011
f 1051//1051 1052//1052 1012//1012
f 1052//1052 1013//1013 1012//1012
f 1052//1052 1053//1053 1013//1013
f 1053//1053 1014//1014 1013//1013
f 1053//1053 1054//1054 1014//1014
f 1054//1054 1015//1015 1014//1014
f 1054//1054 1055//1055 1015//1015
f 1055//1055 1016//1016 1015//1015
f 1055//1055 1056//1056 1016//1016
f 1056//1056 1017//1017 1016//1016
f 1056//1056 1057//1057 1017//1017
f 1057//1057 1018//1018 1017//1017
f 1057//1057 1058//1058 1018//1018
f 1058//1058 1019//1019 1018//1018
f 1058//1058 1059//1059 1019//1019
f 1059//1059 1020//1020 1019//1019
f 1059//1059 1060//1060 1020//1020
f 1060//1060 1021//1021 1020//1020
f 1060//1060 1061//1061 1021//1021
f 1061//1061 1022//1022 1021//1021
f 1061//1061 1062//1062 1022//1022
f 1062//1062 1023//1023 1022//1022
f 1062//1062 1063//1063 1023//1023
f 1063//1063 1024//1024 1023//1023
f 1063//1063 1064//1064 1024//1024
f 1064//1064 1025//1025 1024//1024
f 1064//1064 1065//1065 1025//1025
f 1065//1065 1026//1026 1025//1025
f 1065//1065 1066//1066 1026//1026
f 1066//1066 1027//1027 1026//1026
f 1066//1066 1067//1067 1027//1027
f 1067//1067 1028//1028 1027//1027
f 1067//1067 1068//1068 1028//1028
f 1068//1068 1029//1029 1028//1028
f 1068//1068 1069//1069 1029//1029
f 1069//1069 1030//1030 1029//1029
f 1069//1069 1070//1070 1030//1030
f 1070//1070 1031//1031 1030//1030
f 1070//1070 1071//1071 1031//1031
f 1071//1071 1032//1032 1031//1031
f 1071//1071 1072//1072 1032//1032
f 1072//1072 1033//1033 1032//1032
f 1072//1072 1073//1073 1033//1033
f 1073//1073 1034//1034 1033//1033
f 1073//1073 1074//1074 1034//1034
f 1074//1074 1035//1035 1034//1034
f 1074//1074 1075//1075 1035//1035
f 1075//1075 1036//1036 1035//1035
f 1075//1075 1076//1076 1036//1036
f 1076//1076 1037//1037 1036//1036
f 1076//1076 1077//1077 1037//1037
f 1077//1077 1038//1038 1037//1037
f 1077//1077 1078//1078 1038//1038
f 1078//1078 1039//1039 1038//1038
f 1078//1078 1079//1079 1039//1039
f 1079//1079 1040//1040 1039//1039
f 1079//1079 1080//1080 1040//1040
f 1080//1080 1041//1041 1040//1040
f 1080//1080 1081//1081 1041//1041
f 1081//1081 1042//1042 1041//1041
f 1081//1081 1082//1082 1042//1042
f 1082//1082 1043//1043 1042//1042
f 1082//1082 1083//1083 1043//1043
f 1083//1083 1044//1044 1043//1043
f 1083//1083 1084//1084 1044//1044
f 1084//1084 1005//1005 1044//1044
f 1084//1084 1045//1045 1005//1005
f 1085//1085 1046//1046 1045//1045
f 1085//1085 1086//1086 1046//1046
f 1086//1086 1047//1047 1046//1046
f 1086//1086 1087//1087 1047//1047
f 1087//1087 1048//1048 1047//1047
f 1087//1087 1088//1088 1048//1048
f 1088//1088 1049//1049 1048//1048
f 1088//1088 1089//1089 1049//1049
f 1089//1089 1050//1050 1049//1049
f 1089//1089 1090//1090 1050//1050
f 1090//1090 1051//1051 1050//1050
f 1090//1090 1091//1091 1051//1051
f 1091//1091 1052//1052 1051//1051
f 1091//1091 1092//1092 1052//1052
f 1092//1092 1053//1053 1052//1052
f 1092//1092 1093//1093 1053//1053
f 1093//1093 1054//1054 1053//1053
f 1093//1093 1094//1094 1054//1054
f 1094//1094 1055//1055 1054//1054
f 1094//1094 1095//1095 1055//1055
f 1095//1095 1056//1056 1055//1055
f 1095//1095 1096//1096 1056//1056
f 1096//1096 1057//1057 1056//1056
f 1096//1096 1097//1097 1057//1057
f 1097//1097 1058//1058 1057//1057
f 1097//1097 1098//1098 1058//1058
f 1098//1098 1059//1059 1058//1058
f 1098//1098 1099//1099 1059//1059
f 1099//1099 1060//1060 1059//1059
f 1099//1099 1100//1100 1060//1060
f 1100//1100 1061//1061 1060//1060
f 1100//1100 1101//1101 1061//1061
f 1101//1101 1062//1062 1061//1061
f 1101//1101 1102//1102 1062//1062
f 1102//1102 1063//1063 1062//1062
f 1102//1102 1103//1103 1063//1063
f 1103//1103 1064//1064 1063//1063
f 1103//1103 1104//1104 1064//1064
f 1104//1104 1065//1065 1064//1064
f 1104//1104 1105//1105 1065//1065
f 1105//1105 1066//1066 1065//1065
f 1105//1105 1106//1106 1066//1066
f 1106//1106 1067//1067 1066//1066
f 1106//1106 1107//1107 1067//1067
f 1107//1107 1068//1068 1067//1067
f 1107//1107 1108//1108 1068//1068
f 1108//1108 1069//1069 1068//1068
f 1108//1108 1109//1109 1069//1069
f 1109//1109 1070//1070 1069//1069
f 1109//1109 1110//1110 1070//1070
f 1110//1110 1071//1071 1070//1070
f 1110//1110 1111//1111 1071//1071
f 1111//1111 1072//1072 1071//1071
f 1111//1111 1112//1112 1072//1072
f 1112//1112 1073//1073 1072//1072
f 1112//1112 1113//1113 1073//1073
f 1113//1113 1074//1074 1073//1073
f 1113//1113 1114//1114 1074//1074
f 1114//1114 1075//1075 1074//1074
f 1114//1114 1115//1115 1075//1075
f 1115//1115 1076//1076 1075//1075
f 1115//1115 1116//1116 1076//1076
f 1116//1116 1077//1077 1076//1076
f 1116//1116 1117//1117 1077//1077
f 1117//1117 1078//1078 1077//1077
f 1117//1117 1118//1118 1078//1078
f 1118//1118 1079//1079 1078//1078
f 1118//1118 1119//1119 1079//1079
f 1119//1119 1080//1080 1079//1079
f 1119//1119 1120//1120 1080//1080
f 1120//1120 1081//1081 1080//1080
f 1120//1120 1121//1121 1081//1081
f 1121//1121 1082//1082 1081//1081
f 1121//1121 1122//1122 1082//1082
f 1122//1122 1083//1083 1082//1082
f 1122//1122 1123//1123 1083//1083
f 1123//1123 1084//1084 1083//1083
f 1123//1123 1124//1124 1084//1084
f 1124//1124 1045//1045 1084//1084
f 1124//1124 1085//1085 1045//1045
f 1125//1125 1086//1086 1085//1085
f 1125//1125 1126//1126 1086//1086
f 1126//1126 1087//1087 1086//1086
f 1126//1126 1127//1127 1087//1087
f 1127//1127 1088//1088 1087//1087
f 1127//1127 1128//1128 1088//1088
f 1128//1128 1089//1089 1088//1088
f 1128//1128 1129//1129 1089//1089
f 1129//1129 1090//1090 1089//1089
f 1129//1129 1130//1130 1090//1090
f 1130//1130 1091//1091 1090//1090
f 1130//1130 1131//1131 1091//1091
f 1131//1131 1092//1092 1091//1091
f 1131//1131 1132//1132 1092//1092
f 1132//1132 1093//1093 1092//1092
f 1132//1132 1133//1133 1093//1093
f 1133//1133 1094//1094 1093//1093
f 1133//1133 1134//1134 1094//1094
f 1134//1134 1095//1095 1094//1094
f 1134//1134 1135//1135 1095//1095
f 1135//1135 1096//1096 1095//1095
f 1135//1135 1136//1136 1096//1096
f 1136//1136 1097//1097 1096//1096
f 1136//1136 1137//1137 1097//1097
f 1137//1137 1098//1098 1097//1097
f 1137//1137 1138//1138 1098//1098
f 1138//1138 1099//1099 1098//1098
f 1138//1138 1139//1139 1099//1099
f 1139//1139 1100//1100 1099//1099
f 1139//1139 1140//1140 1100//1100
f 1140//1140 1101//1101 1100//1100
f 1140//1140 1141//1141 1101//1101
f 1141//1141 1102//1102 1101//1101
f 1141//1141 1142//1142 1102//1102
f 1142//1142 1103//1103 1102//1102
f 1142//1142 1143//1143 1103//1103
f 1143//1143 1104//1104 1103//1103
f 1143//1143 1144//1144 1104//1104
f 1144//1144 1105//1105 1104//1104
f 1144//1144 1145//1145 1105//1105
f 1145//1145 1106//1106 1105//1105
f 1145//1145 1146//1146 1106//1106
f 1146//1146 1107//1107 1106//1106
f 1146//1146 1147//1147 1107//1107
f 1147//1147 1108//1108 1107//1107
f 1147//1147 1148//1148 1108//1108
f 1148//1148 1109//1109 1108//1108
f 1148//1148 1149//1149 1109//1109
f 1149//1149 1110//1110 1109//1109
f 1149//1149 1150//1150 1110//1110
f 1150//1150 1111//1111 1110//1110
f 1150//1150 1151//1151 1111//1111
f 1151//1151 1112//1112 1111//1111
f 1151//1151 1152//1152 1112//1112
f 1152//1152 1113//1113 1112//1112
f 1152//1152 1153//1153 1113//1113
f 1153//1153 1114//1114 1113//1113
f 1153//1153 1154//1154 1114//1114
f 1154//1154 1115//1115 1114//1114
f 1154//1154 1155//1155 1115//1115
f 1155//1155 1116//1116 1115//1115
f 1155//1155 1156//1156 1116//1116
f 1156//1156 1117//1117 1116//1116
f 1156//1156 1157//1157 1117//1117
f 1157//1157 1118//1118 1117//1117
f 1157//1157 1158//1158 1118//1118
f 1158//1158 1119//1119 1118//1118
f 1158//1158 1159//1159 1119//1119
f 1159//1159 1120//1120 1119//1119
f 1159//1159 1160//1160 1120//1120
f 1160//1160 1121//1121 1120//1120
f 1160//1160 1161//1161 1121//1121
f 1161//1161 1122//1122 1121//1121
f 1161//1161 1162//1162 1122//1122
f 1162//1162 1123//1123 1122//1122
f 1162//1162 1163//1163 1123//1123
f 1163//1163 1124//1124 1123//1123
f 1163//1163 1164//1164 1124//1124
f 1164//1164 1085//1085 1124//1124
f 1164//1164 1125//1125 1085//1085
f 1165//1165 1126//1126 1125//1125
f 1165//1165 1166//1166 1126//1126
f 1166//1166 1127//1127 1126//1126
f 1166//1166 1167//1167 1127//1127
f 1167//1167 1128//1128 1127//1127
f 1167//1167 1168//1168 1128//1128
f 1168//1168 1129//1129 1128//1128
f 1168//1168 1169//1169 1129//1129
f 1169//1169 1130//1130 1129//1129
f 1169//1169 1170//1170 1130//1130
f 1170//1170 1131//1131 1130//1130
f 1170//1170 1171//1171 1131//1131
f 1171//1171 1132//1132 1131//1131
f 1171//1171 1172//1172 1132//1132
f 1172//1172 1133//1133 1132//1132
f 1172//1172 1173//1173 1133//1133
f 1173//1173 1134//1134 1133//1133
f 1173//1173 1174//1174 1134//1134
f 1174//1174 1135//1135 1134//1134
f 1174//1174 1175//1175 1135//1135
f 1175//1175 1136//1136 1135//1135
f 1175//1175 1176//1176 1136//1136
f 1176//1176 1137//1137 1136//1136
f 1176//1176 1177//1177 1137//1137
f 1177//1177 1138//1138 1137//1137
f 1177//1177 1178//1178 1138//1138
f 1178//1178 1139//1139 1138//1138
f 1178//1178 1179//1179 1139//1139
f 1179//1179 1140//1140 1139//1139
f 1179//1179 1180//1180 1140//1140
f 1180//1180 1141//1141 1140//1140
f 1180//1180 1181//1181 1141//1141
f 1181//1181 1142//1142 1141//1141
f 1181//1181 1182//1182 1142//1142
f 1182//1182 1143//1143 1142//1142
f 1182//1182 1183//1183 1143//1143
f 1183//1183 1144//1144 1143//1143
f 1183//1183 1184//1184 1144//1144
f 1184//1184 1145//1145 1144//1144
f 1184//1184 1185//1185 1145//1145
f 1185//1185 1146//1146 1145//1145
f 1185//1185 1186//1186 1146//1146
f 1186//1186 1147//1147 1146//1146
f 1186//1186 1187//1187 1147//1147
f 1187//1187 1148//1148 1147//1147
f 1187//1187 1188//1188 1148//1148
f 1188//1188 1149//1149 1148//1148
f 1188//1188 1189//1189 1149//1149
f 1189//1189 1150//1150 1149//1149
f 1189//1189 1190//1190 1150//1150
f 1190//1190 1151//1151 1150//1150
f 1190//1190 1191//1191 1151//1151
f 1191//1191 1152//1152 1151//1151
f 1191//1191 1192//1192 1152//1152
f 1192//1192 1153//1153 1152//1152
f 1192//1192 1193//1193 1153//1153
f 1193//1193 1154//1154 1153//1153
f 1193//1193 1194//1194 1154//1154
f 1194//1194 1155//1155 1154//1154
f 1194//1194 1195//1195 1155//1155
f 1195//1195 1156//1156 1155//1155
f 1195//1195 1196//1196 1156//1156
f 1196//1196 1157//1157 1156//1156
f 1196//1196 1197//1197 1157//1157
f 1197//1197 1158//1158 1157//1157
f 1197//1197 1198//1198 1158//1158
f 1198//1198 1159//1159 1158//1158
f 1198//1198 1199//1199 1159//1159
f 1199//1199 1160//1160 1159//1159
f 1199//1199 1200//1200 1160//1160
f 1200//1200 1161//1161 1160//1160
f 1200//1200 1201//1201 1161//1161
f 1201//1201 1162//1162 1161//1161
f 1201//1201 1202//1202 1162//1162
f 1202//1202 1163//1163 1162//1162
f 1202//1202 1203//1203 1163//1163
f 1203//1203 1164//1164 1163//1163
f 1203//1203 1204//1204 1164//1164
f 1204//1204 1125//1125 1164//1164
f 1204//1204 1165//1165 1125//1125
f 1205//1205 1166//1166 1165//1165
f 1205//1205 1206//1206 1166//1166
f 1206//1206 1167//1167 1166//1166
f 1206//1206 1207//1207 1167//1167
f 1207//1207 1168//1168 1167//1167
f 1207//1207 1208//1208 1168//1168
f 1208//1208 1169//1169 1168//1168
f 1208//1208 1209//1209 1169//1169
f 1209//1209 1170//1170 1169//1169
f 1209//1209 1210//1210 1170//1170
f 1210//1210 1171//1171 1170//1170
f 1210//1210 1211//1211 1171//1171
f 1211//1211 1172//1172 1171//1171
f 1211//1211 1212//1212 1172//1172
f 1212//1212 1173//1173 1172//1172
f 1212//1212 1213//1213 1173//1173
f 1213//1213 1174//1174 1173//1173
f 1213//1213 1214//1214 1174//1174
f 1214//1214 1175//1175 1174//1174
f 1214//1214 1215//1215 1175//1175
f 1215//1215 1176//1176 1175//1175
f 1215//1215 1216//1216 1176//1176
f 1216//1216 1177//1177 1176//1176
f 1216//1216 1217//1217 1177//1177
f 1217//1217 1178//1178 1177//1177
f 1217//1217 1218//1218 1178//1178
f 1218//1218 1179//1179 1178//1178
f 1218//1218 1219//1219 1179//1179
f 1219//1219 1180//1180 1179//1179
f 1219//1219 1220//1220 1180//1180
f 1220//1220 1181//1181 1180//1180
f 1220//1220 1221//1221 1181//1181
f 1221//1221 1182//1182 1181//1181
f 1221//1221 1222//1222 1182//1182
f 1222//1222 1183//1183 1182//1182
f 1222//1222 1223//1223 1183//1183
f 1223//1223 1184//1184 1183//1183
f 1223//1223 1224//1224 1184//1184
f 1224//1224 1185//1185 1184//1184
f 1224//1224 1225//1225 1185//1185
f 1225//1225 1186//1186 1185//1185
f 1225//1225 1226//1226 1186//1186
f 1226//1226 1187//1187 1186//1186
f 1226//1226 1227//1227 1187//1187
f 1227//1227 1188//1188 1187//1187
f 1227//1227 1228//1228 1188//1188
f 1228//1228 1189//1189 1188//1188
f 1228//1228 1229//1229 1189//1189
f 1229//1229 1190//1190 1189//1189
f 1229//1229 1230//1230 1190//1190
f 1230//1230 1191//1191 1190//1190
f 1230//1230 1231//1231 1191//1191
f 1231//1231 1192//1192 1191//1191
f 1231//1231 1232//1232 1192//1192
f 1232//1232 1193//1193 1192//1192
f 1232//1232 1233//1233 1193//1193
f 1233//1233 1194//1194 1193//1193
f 1233//1233 1234//1234 1194//1194
f 1234//1234 1195//1195 1194//1194
f 1234//1234 1235//1235 1195//1195
f 1235//1235 1196//1196 1195//1195
f 1235//1235 1236//1236 1196//1196
f 1236//1236 1197//1197 1196//1196
f 1236//1236 1237//1237 1197//1197
f 1237//1237 1198//1198 1197//1197
f 1237//1237 1238//1238 1198//1198
f 1238//1238 1199//1199 1198//1198
f 1238//1238 1239//1239 1199//1199
f 1239//1239 1200//1200 1199//1199
f 1239//1239 1240//1240 1200//1200
f 1240//1240 1201//1201 1200//1200
f 1240//1240 1241//1241 1201//1201
f 1241//1241 1202//1202 1201//1201
f 1241//1241 1242//1242 1202//1202
f 1242//1242 1203//1203 1202//1202
f 1242//1242 1243//1243 1203//1203
f 1243//1243 1204//1204 1203//1203
f 1243//1243 1244//1244 1204//1204
f 1244//1244 1165//1165 1204//1204
f 1244//1244 1205//1205 1165//1165
f 1245//1245 1206//1206 1205//1205
f 1245//1245 1246//1246 1206//1206
f 1246//1246 1207//1207 1206//1206
f 1246//1246 1247//1247 1207//1207
f 1247//1247 1208//1208 1207//1207
f 1247//1247 1248//1248 1208//1208
f 1248//1248 1209//1209 1208//1208
f 1248//1248 1249//1249 1209//1209
f 1249//1249 1210//1210 1209//1209
f 1249//1249 1250//1250 1210//1210
f 1250//1250 1211//1211 1210//1210
f 1250//1250 1251//1251 1211//1211
f 1251//1251 1212//1212 1211//1211
f 1251//1251 1252//1252 1212//1212
f 1252//1252 1213//1213 1212//1212
f 1252//1252 1253//1253 1213//1213
f 1253//1253 1214//1214 1213//1213
f 1253//1253 1254//1254 1214//1214
f 1254//1254 1215//1215 1214//1214
f 1254//1254 1255//1255 1215//1215
f 1255//1255 1216//1216 1215//1215
f 1255//1255 1256//1256 1216//1216
f 1256//1256 1217//1217 1216//1216
f 1256//1256 1257//1257 1217//1217
f 1257//1257 1218//1218 1217//1217
f 1257//1257 1258//1258 1218//1218
f 1258//1258 1219//1219 1218//1218
f 1258//1258 1259//1259 1219//1219
f 1259//1259 1220//1220 1219//1219
f 1259//1259 1260//1260 1220//1220
f 1260//1260 1221//1221 1220//1220
f 1260//1260 1261//1261 1221//1221
f 1261//1261 1222//1222 1221//1221
f 1261//1261 1262//1262 1222//1222
f 1262//1262 1223//1223 1222//1222
f 1262//1262 1263//1263 1223//1223
f 1263//1263 1224//1224 1223//1223
f 1263//1263 1264//1264 1224//1224
f 1264//1264 1225//1225 1224//1224
f 1264//1264 1265//1265 1225//1225
f 1265//1265 1226//1226 1225//1225
f 1265//1265 1266//1266 1226//1226
f 1266//1266 1227//1227 1226//1226
f 1266//1266 1267//1267 1227//1227
f 1267//1267 1228//1228 1227//1227
f 1267//1267 1268//1268 1228//1228
f 1268//1268 1229//1229 1228//1228
f 1268//1268 1269//1269 1229//1229
f 1269//1269 1230//1230 1229//1229
f 1269//1269 1270//1270 1230//1230
f 1270//1270 1231//1231 1230//1230
f 1270//1270 1271//1271 1231//1231
f 1271//1271 1232//1232 1231//1231
f 1271//1271 1272//1272 1232//1232
f 1272//1272 1233//1233 1232//1232
f 1272//1272 1273//1273 1233//1233
f 1273//1273 1234//1234 1233//1233
f 1273//1273 1274//1274 1234//1234
f 1274//1274 1235//1235 1234//1234
f 1274//1274 1275//1275 1235//1235
f 1275//1275 1236//1236 1235//1235
f 1275//1275 1276//1276 1236//1236
f 1276//1276 1237//1237 1236//1236
f 1276//1276 1277//1277 1237//1237
f 1277//1277 1238//1238 1237//1237
f 1277//1277 1278//1278 1238//1238
f 1278//1278 1239//1239 1238//1238
f 1278//1278 1279//1279 1239//1239
f 1279//1279 1240//1240 1239//1239
f 1279//1279 1280//1280 1240//1240
f 1280//1280 1241//1241 1240//1240
f 1280//1280 1281//1281 1241//1241
f 1281//1281 1242//1242 1241//1241
f 1281//1281 1282//1282 1242//1242
f 1282//1282 1243//1243 1242//1242
f 1282//1282 1283//1283 1243//1243
f 1283//1283 1244//1244 1243//1243
f 1283//1283 1284//1284 1244//1244
f 1284//1284 1205//1205 1244//1244
f 1284//1284 1245//1245 1205//1205
f 1285//1285 1246//1246 1245//1245
f 1285//1285 1286//1286 1246//1246
f 1286//1286 1247//1247 1246//1246
f 1286//1286 1287//1287 1247//1247
f 1287//1287 1248//1248 1247//1247
f 1287//1287 1288//1288 1248//1248
f 1288//1288 1249//1249 1248//1248
f 1288//1288 1289//1289 1249//1249
f 1289//1289 1250//1250 1249//1249
f 1289//1289 1290//1290 1250//1250
f 1290//1290 1251//1251 1250//1250
f 1290//1290 1291//1291 1251//1251
f 1291//1291 1252//1252 1251//1251
f 1291//1291 1292//1292 1252//1252
f 1292//1292 1253//1253 1252//1252
f 1292//1292 1293//1293 1253//1253
f 1293//1293 1254//1254 1253//1253
f 1293//1293 1294//1294 1254//1254
f 1294//1294 1255//1255 1254//1254
f 1294//1294 1295//1295 1255//1255
f 1295//1295 1256//1256 1255//1255
f 1295//1295 1296//1296 1256//1256
f 1296//1296 1257//1257 1256//1256
f 1296//1296 1297//1297 1257//1257
f 1297//1297 1258//1258 1257//1257
f 1297//1297 1298//1298 1258//1258
f 1298//1298 1259//1259 1258//1258
f 1298//1298 1299//1299 1259//1259
f 1299//1299 1260//1260 1259//1259
f 1299//1299 1300//1300 1260//1260
f 1300//1300 1261//1261 1260//1260
f 1300//1300 1301//1301 1261//1261
f 1301//1301 1262//1262 1261//1261
f 1301//1301 1302//1302 1262//1262
f 1302//1302 1263//1263 1262//1262
f 1302//1302 1303//1303 1263//1263
f 1303//1303 1264//1264 1263//1263
f 1303//1303 1304//1304 1264//1264
f 1304//1304 1265//1265 1264//1264
f 1304//1304 1305//1305 1265//1265
f 1305//1305 1266//1266 1265//1265
f 1305//1305 1306//1306 1266//1266
f 1306//1306 1267//1267 1266//1266
f 1306//1306 1307//1307 1267//1267
f 1307//1307 1268//1268 1267//1267
f 1307//1307 1308//1308 1268//1268
f 1308//1308 1269//1269 1268//1268
f 1308//1308 1309//1309 1269//1269
f 1309//1309 1270//1270 1269//1269
f 1309//1309 1310//1310 1270//1270
f 1310//1310 1271//1271 1270//1270
f 1310//1310 1311//1311 1271//1271
f 1311//1311 1272//1272 1271//1271
f 1311//1311 1312//1312 1272//1272
f 1312//1312 1273//1273 1272//1272
f 1312//1312 1313//1313 1273//1273
f 1313//1313 1274//1274 1273//1273
f 1313//1313 1314//1314 1274//1274
f 1314//1314 1275//1275 1274//1274
f 1314//1314 1315//1315 1275//1275
f 1315//1315 1276//1276 1275//1275
f 1315//1315 1316//1316 1276//1276
f 1316//1316 1277//1277 1276//1276
f 1316//1316 1317//1317 1277//1277
f 1317//1317 1278//1278 1277//1277
f 1317//1317 1318//1318 1278//1278
f 1318//1318 1279//1279 1278//1278
f 1318//1318 1319//1319 1279//1279
f 1319//1319 1280//1280 1279//1279
f 1319//1319 1320//1320 1280//1280
f 1320//1320 1281//1281 1280//1280
f 1320//1320 1321//1321 1281//1281
f 1321//1321 1282//1282 1281//1281
f 1321//1321 1322//1322 1282//1282
f 1322//1322 1283//1283 1282//1282
f 1322//1322 1323//1323 1283//1283
f 1323//1323 1284//1284 1283//1283
f 1323//1323 1324//1324 1284//1284
f 1324//1324 1245//1245 1284//1284
f 1324//1324 1285//1285 1245//1245
f 1325//1325 1286//1286 1285//1285
f 1325//1325 1326//1326 1286//1286
f 1326//1326 1287//1287 1286//1286
f 1326//1326 1327//1327 1287//1287
f 1327//1327 1288//1288 1287//1287
f 1327//1327 1328//1328 1288//1288
f 1328//1328 1289//1289 1288//1288
f 1328//1328 1329//1329 1289//1289
f 1329//1329 1290//1290 1289//1289
f 1329//1329 1330//1330 1290//1290
f 1330//1330 1291//1291 1290//1290
f 1330//1330 1331//1331 1291//1291
f 1331//1331 1292//1292 1291//1291
f 1331//1331 1332//1332 1292//1292
f 1332//1332 1293//1293 1292//1292
f 1332//1332 1333//1333 1293//1293
f 1333//1333 1294//1294 1293//1293
f 1333//1333 1334//1334 1294//1294
f 1334//1334 1295//1295 1294//1294
f 1334//1334 1335//1335 1295//1295
f 1335//1335 1296//1296 1295//1295
f 1335//1335 1336//1336 1296//1296
f 1336//1336 1297//1297 1296//1296
f 1336//1336 1337//1337 1297//1297
f 1337//1337 1298//1298 1297//1297
f 1337//1337 1338//1338 1298//1298
f 1338//1338 1299//1299 1298//1298
f 1338//1338 1339//1339 1299//1299
f 1339//1339 1300//1300 1299//1299
f 1339//1339 1340//1340 1300//1300
f 1340//1340 1301//1301 1300//1300
f 1340//1340 1341//1341 1301//1301
f 1341//1341 1302//1302 1301//1301
f 1341//1341 1342//1342 1302//1302
f 1342//1342 1303//1303 1302//1302
f 1342//1342 1343//1343 1303//1303
f 1343//1343 1304//1304 1303//1303
f 1343//1343 1344//1344 1304//1304
f 1344//1344 1305//1305 1304//1304
f 1344//1344 1345//1345 1305//1305
f 1345//1345 1306//1306 1305//1305
f 1345//1345 1346//1346 1306//1306
f 1346//1346 1307//1307 1306//1306
f 1346//1346 1347//1347 1307//1307
f 1347//1347 1308//1308 1307//1307
f 1347//1347 1348//1348 1308//1308
f 1348//1348 1309//1309 1308//1308
f 1348//1348 1349//1349 1309//1309
f 1349//1349 1310//1310 1309//1309
f 1349//1349 1350//1350 1310//1310
f 1350//1350 1311//1311 1310//1310
f 1350//1350 1351//1351 1311//1311
f 1351//1351 1312//1312 1311//1311
f 1351//1351 1352//1352 1312//1312
f 1352//1352 1313//1313 1312//1312
f 1352//1352 1353//1353 1313//1313
f 1353//1353 1314//1314 1313//1313
f 1353//1353 1354//1354 1314//1314
f 1354//1354 1315//1315 1314//1314
f 1354//1354 1355//1355 1315//1315
f 1355//1355 1316//1316 1315//1315
f 1355//1355 1356//1356 1316//1316
f 1356//1356 1317//1317 1316//1316
f 1356//1356 1357//1357 1317//1317
f 1357//1357 1318//1318 1317//1317
f 1357//1357 1358//1358 1318//1318
f 1358//1358 1319//1319 1318//1318
f 1358//1358 1359//1359 1319//1319
f 1359//1359 1320//1320 1319//1319
f 1359//1359 1360//1360 1320//1320
f 1360//1360 1321//1321 1320//1320
f 1360//1360 1361//1361 1321//1321
f 1361//1361 1322//1322 1321//1321
f 1361//1361 1362//1362 1322//1322
f 1362//1362 1323//1323 1322//1322
f 1362//1362 1363//1363 1323//1323
f 1363//1363 1324//1324 1323//1323
f 1363//1363 1364//1364 1324//1324
f 1364//1364 1285//1285 1324//1324
f 1364//1364 1325//1325 1285//1285
f 1365//1365 1326//1326 1325//1325
f 1365//1365 1366//1366 1326//1326
f 1366//1366 1327//1327 1326//1326
f 1366//1366 1367//1367 1327//1327
f 1367//1367 1328//1328 1327//1327
f 1367//1367 1368//1368 1328//1328
f 1368//1368 1329//1329 1328//1328
f 1368//1368 1369//1369 1329//1329
f 1369//1369 1330//1330 1329//1329
f 1369//1369 1370//1370 1330//1330
f 1370//1370 1331//1331 1330//1330
f 1370//1370 1371//1371 1331//1331
f 1371//1371 1332//1332 1331//1331
f 1371//1371 1372//1372 1332//1332
f 1372//1372 1333//1333 1332//1332
f 1372//1372 1373//1373 1333//1333
f 1373//1373 1334//1334 1333//1333
f 1373//1373 1374//1374 1334//1334
f 1374//1374 1335//1335 1334//1334
f 1374//1374 1375//1375 1335//1335
f 1375//1375 1336//1336 1335//1335
f 1375//1375 1376//1376 1336//1336
f 1376//1376 1337//1337 1336//1336
f 1376//1376 1377//1377 1337//1337
f 1377//1377 1338//1338 1337//1337
f 1377//1377 1378//1378 1338//1338
f 1378//1378 1339//1339 1338//1338
f 1378//1378 1379//1379 1339//1339
f 1379//1379 1340//1340 1339//1339
f 1379//1379 1380//1380 1340//1340
f 1380//1380 1341//1341 1340//1340
f 1380//1380 1381//1381 1341//1341
f 1381//1381 1342//1342 1341//1341
f 1381//1381 1382//1382 1342//1342
f 1382//1382 1343//1343 1342//1342
f 1382//1382 1383//1383 1343//1343
f 1383//1383 1344//1344 1343//1343
f 1383//1383 1384//1384 1344//1344
f 1384//1384 1345//1345 1344//1344
f 1384//1384 1385//1385 1345//1345
f 1385//1385 1346//1346 1345//1345
f 1385//1385 1386//1386 1346//1346
f 1386//1386 1347//1347 1346//1346
f 1386//1386 1387//1387 1347//1347
f 1387//1387 1348//1348 1347//1347
f 1387//1387 1388//1388 1348//1348
f 1388//1388 1349//1349 1348//1348
f 1388//1388 1389//1389 1349//1349
f 1389//1389 1350//1350 1349//1349
f 1389//1389 1390//1390 1350//1350
f 1390//1390 1351//1351 1350//1350
f 1390//1390 1391//1391 1351//1351
f 1391//1391 1352//1352 1351//1351
f 1391//1391 1392//1392 1352//1352
f 1392//1392 1353//1353 1352//1352
f 1392//1392 1393//1393 1353//1353
f 1393//1393 1354//1354 1353//1353
f 1393//1393 1394//1394 1354//1354
f 1394//1394 1355//1355 1354//1354
f 1394//1394 1395//1395 1355//1355
f 1395//1395 1356//1356 1355//1355
f 1395//1395 1396//1396 1356//1356
f 1396//1396 1357//1357 1356//1356
f 1396//1396 1397//1397 1357//1357
f 1397//1397 1358//1358 1357//1357
f 1397//1397 1398//1398 1358//1358
f 1398//1398 1359//1359 1358//1358
f 1398//1398 1399//1399 1359//1359
f 1399//1399 1360//1360 1359//1359
f 1399//1399 1400//1400 1360//1360
f 1400//1400 1361//1361 1360//1360
f 1400//1400 1401//1401 1361//1361
f 1401//1401 1362//1362 1361//1361
f 1401//1401 1402//1402 1362//1362
f 1402//1402 1363//1363 1362//1362
f 1402//1402 1403//1403 1363//1363
f 1403//1403 1364//1364 1363//1363
f 1403//1403 1404//1404 1364//1364
f 1404//1404 1325//1325 1364//1364
f 1404//1404 1365//1365 1325//1325
f 1405//1405 1366//1366 1365//1365
f 1405//1405 1406//1406 1366//1366
f 1406//1406 1367//1367 1366//1366
f 1406//1406 1407//1407 1367//1367
f 1407//1407 1368//1368 1367//1367
f 1407//1407 1408//1408 1368//1368
f 1408//1408 1369//1369 1368//1368
f 1408//1408 1409//1409 1369//1369
f 1409//1409 1370//1370 1369//1369
f 1409//1409 1410//1410 1370//1370
f 1410//1410 1371//1371 1370//1370
f 1410//1410 1411//1411 1371//1371
f 1411//1411 1372//1372 1371//1371
f 1411//1411 1412//1412 1372//1372
f 1412//1412 1373//1373 1372//1372
f 1412//1412 1413//1413 1373//1373
f 1413//1413 1374//1374 1373//1373
f 1413//1413 1414//1414 1374//1374
f 1414//1414 1375//1375 1374//1374
f 1414//1414 1415//1415 1375//1375
f 1415//1415 1376//1376 1375//1375
f 1415//1415 1416//1416 1376//1376
f 1416//1416 1377//1377 1376//1376
f 1416//1416 1417//1417 1377//1377
f 1417//1417 1378//1378 1377//1377
f 1417//1417 1418//1418 1378//1378
f 1418//1418 1379//1379 1378//1378
f 1418//1418 1419//1419 1379//1379
f 1419//1419 1380//1380 1379//1379
f 1419//1419 1420//1420 1380//1380
f 1420//1420 1381//1381 1380//1380
f 1420//1420 1421//1421 1381//1381
f 1421//1421 1382//1382 1381//1381
f 1421//1421 1422//1422 1382//1382
f 1422//1422 1383//1383 1382//1382
f 1422//1422 1423//1423 1383//1383
f 1423//1423 1384//1384 1383//1383
f 1423//1423 1424//1424 1384//1384
f 1424//1424 1385//1385 1384//1384
f 1424//1424 1425//1425 1385//1385
f 1425//1425 1386//1386 1385//1385
f 1425//1425 1426//1426 1386//1386
f 1426//1426 1387//1387 1386//1386
f 1426//1426 1427//1427 1387//1387
f 1427//1427 1388//1388 1387//1387
f 1427//1427 1428//1428 1388//1388
f 1428//1428 1389//1389 1388//1388
f 1428//1428 1429//1429 1389//1389
f 1429//1429 1390//1390 1389//1389
f 1429//1429 1430//1430 1390//1390
f 1430//1430 1391//1391 1390//1390
f 1430//1430 1431//1431 1391//1391
f 1431//1431 1392//1392 1391//1391
f 1431//1431 1432//1432 1392//1392
f 1432//1432 1393//1393 1392//1392
f 1432//1432 1433//1433 1393//1393
f 1433//1433 1394//1394 1393//1393
f 1433//1433 1434//1434 1394//1394
f 1434//1434 1395//1395 1394//1394
f 1434//1434 1435//1435 1395//1395
f 1435//1435 1396//1396 1395//1395
f 1435//1435 1436//1436 1396//1396
f 1436//1436 1397//1397 1396//1396
f 1436//1436 1437//1437 1397//1397
f 1437//1437 1398//1398 1397//1397
f 1437//1437 1438//1438 1398//1398
f 1438//1438 1399//1399 1398//1398
f 1438//1438 1439//1439 1399//1399
f 1439//1439 1400//1400 1399//1399
f 1439//1439 1440//1440 1400//1400
f 1440//1440 1401//1401 1400//1400
f 1440//1440 1441//1441 1401//1401
f 1441//1441 1402//1402 1401//1401
f 1441//1441 1442//1442 1402//1402
f 1442//1442 1403//1403 1402//1402
f 1442//1442 1443//1443 1403//1403
f 1443//1443 1404//1404 1403//1403
f 1443//1443 1444//1444 1404//1404
f 1444//1444 1365//1365 1404//1404
f 1444//1444 1405//1405 1365//1365
f 1445//1445 1406//1406 1405//1405
f 1445//1445 1446//1446 1406//1406
f 1446//1446 1407//1407 1406//1406
f 1446//1446 1447//1447 1407//1407
f 1447//1447 1408//1408 1407//1407
f 1447//1447 1448//1448 1408//1408
f 1448//1448 1409//1409 1408//1408
f 1448//1448 1449//1449 1409//1409
f 1449//1449 1410//1410 1409//1409
f 1449//1449 1450//1450 1410//1410
f 1450//1450 1411//1411 1410//1410
f 1450//1450 1451//1451 1411//1411
f 1451//1451 1412//1412 1411//1411
f 1451//1451 1452//1452 1412//1412
f 1452//1452 1413//1413 1412//1412
f 1452//1452 1453//1453 1413//1413
f 1453//1453 1414//1414 1413//1413
f 1453//1453 1454//1454 1414//1414
f 1454//1454 1415//1415 1414//1414
f 1454//1454 1455//1455 1415//1415
f 1455//1455 1416//1416 1415//1415
f 1455//1455 1456//1456 1416//1416
f 1456//1456 1417//1417 1416//1416
f 1456//1456 1457//1457 1417//1417
f 1457//1457 1418//1418 1417//1417
f 1457//1457 1458//1458 1418//1418
f 1458//1458 1419//1419 1418//1418
f 1458//1458 1459//1459 1419//1419
f 1459//1459 1420//1420 1419//1419
f 1459//1459 1460//1460 1420//1420
f 1460//1460 1421//1421 1420//1420
f 1460//1460 1461//1461 1421//1421
f 1461//1461 1422//1422 1421//1421
f 1461//1461 1462//1462 1422//1422
f 1462//1462 1423//1423 1422//1422
f 1462//1462 1463//1463 1423//1423
f 1463//1463 1424//1424 1423//1423
f 1463//1463 1464//1464 1424//1424
f 1464//1464 1425//1425 1424//1424
f 1464//1464 1465//1465 1425//1425
f 1465//1465 1426//1426 1425//1425
f 1465//1465 1466//1466 1426//1426
f 1466//1466 1427//1427 1426//1426
f 1466//1466 1467//1467 1427//1427
f 1467//1467 1428//1428 1427//1427
f 1467//1467 1468//1468 1428//1428
f 1468//1468 1429//1429 1428//1428
f 1468//1468 1469//1469 1429//1429
f 1469//1469 1430//1430 1429//1429
f 1469//1469 1470//1470 1430//1430
f 1470//1470 1431//1431 1430//1430
f 1470//1470 1471//1471 1431//1431
f 1471//1471 1432//1432 1431//1431
f 1471//1471 1472//1472 1432//1432
f 1472//1472 1433//1433 1432//1432
f 1472//1472 1473//1473 1433//1433
f 1473//1473 1434//1434 1433//1433
f 1473//1473 1474//1474 1434//1434
f 1474//1474 1435//1435 1434//1434
f 1474//1474 1475//1475 1435//1435
f 1475//1475 1436//1436 1435//1435
f 1475//1475 1476//1476 1436//1436
f 1476//1476 1437//1437 1436//1436
f 1476//1476 1477//1477 1437//1437
f 1477//1477 1438//1438 1437//1437
f 1477//1477 1478//1478 1438//1438
f 1478//1478 1439//1439 1438//1438
f 1478//1478 1479//1479 1439//1439
f 1479//1479 1440//1440 1439//1439
f 1479//1479 1480//1480 1440//1440
f 1480//1480 1441//1441 1440//1440
f 1480//1480 1481//1481 1441//1441
f 1481//1481 1442//1442 1441//1441
f 1481//1481 1482//1482 1442//1442
f 1482//1482 1443//1443 1442//1442
f 1482//1482 1483//1483 1443//1443
f 1483//1483 1444//1444 1443//1443
f 1483//1483 1484//1484 1444//1444
f 1484//1484 1405//1405 1444//1444
f 1484//1484 1445//1445 1405//1405
f 1485//1485 1446//1446 1445//1445
f 1485//1485 1486//1486 1446//1446
f 1486//1486 1447//1447 1446//1446
f 1486//1486 1487//1487 1447//1447
f 1487//1487 1448//1448 1447//1447
f 1487//1487 1488//1488 1448//1448
f 1488//1488 1449//1449 1448//1448
f 1488//1488 1489//1489 1449//1449
f 1489//1489 1450//1450 1449//1449
f 1489//1489 1490//1490 1450//1450
f 1490//1490 1451//1451 1450//1450
f 1490//1490 1491//1491 1451//1451
f 1491//1491 1452//1452 1451//1451
f 1491//1491 1492//1492 1452//1452
f 1492//1492 1453//1453 1452//1452
f 1492//1492 1493//1493 1453//1453
f 1493//1493 1454//1454 1453//1453
f 1493//1493 1494//1494 1454//1454
f 1494//1494 1455//1455 1454//1454
f 1494//1494 1495//1495 1455//1455
f 1495//1495 1456//1456 1455//1455
f 1495//1495 1496//1496 1456//1456
f 1496//1496 1457//1457 1456//1456
f 1496//1496 1497//1497 1457//1457
f 1497//1497 1458//1458 1457//1457
f 1497//1497 1498//1498 1458//1458
f 1498//1498 1459//1459 1458//1458
f 1498//1498 1499//1499 1459//1459
f 1499//1499 1460//1460 1459//1459
f 1499//1499 1500//1500 1460//1460
f 1500//1500 1461//1461 1460//1460
f 1500//1500 1501//1501 1461//1461
f 1501//1501 1462//1462 1461//1461
f 1501//1501 1502//1502 1462//1462
f 1502//1502 1463//1463 1462//1462
f 1502//1502 1503//1503 1463//1463
f 1503//1503 1464//1464 1463//1463
f 1503//1503 1504//1504 1464//1464
f 1504//1504 1465//1465 1464//1464
f 1504//1504 1505//1505 1465//1465
f 1505//1505 1466//1466 1465//1465
f 1505//1505 1506//1506 1466//1466
f 1506//1506 1467//1467 1466//1466
f 1506//1506 1507//1507 1467//1467
f 1507//1507 1468//1468 1467//1467
f 1507//1507 1508//1508 1468//1468
f 1508//1508 1469//1469 1468//1468
f 1508//1508 1509//1509 1469//1469
f 1509//1509 1470//1470 1469//1469
f 1509//1509 1510//1510 1470//1470
f 1510//1510 1471//1471 1470//1470
f 1510//1510 1511//1511 1471//1471
f 1511//1511 1472//1472 1471//1471
f 1511//1511 1512//1512 1472//1472
f 1512//1512 1473//1473 1472//1472
f 1512//1512 1513//1513 1473//1473
f 1513//1513 1474//1474 1473//1473
f 1513//1513 1514//1514 1474//1474
f 1514//1514 1475//1475 1474//1474
f 1514//1514 1515//1515 1475//1475
f 1515//1515 1476//1476 1475//1475
f 1515//1515 1516//1516 1476//1476
f 1516//1516 1477//1477 1476//1476
f 1516//1516 1517//1517 1477//1477
f 1517//1517 1478//1478 1477//1477
f 1517//1517 1518//1518 1478//1478
f 1518//1518 1479//1479 1478//1478
f 1518//1518 1519//1519 1479//1479
f 1519//1519 1480//1480 1479//1479
f 1519//1519 1520//1520 1480//1480
f 1520//1520 1481//1481 1480//1480
f 1520//1520 1521//1521 1481//1481
f 1521//1521 1482//1482 1481//1481
f 1521//1521 1522//1522 1482//1482
f 1522//1522 1483//1483 1482//1482
f 1522//1522 1523//1523 1483//1483
f 1523//1523 1484//1484 1483//1483
f 1523//1523 1524//1524 1484//1484
f 1524//1524 1445//1445 1484//1484
f 1524//1524 1485//1485 1445//1445
