# Created by Open3D 
# object name: temp_object_712223800
# number of vertices: 1260
# number of triangles: 2460
v 0.0494917 2.77796e-08 0.0311013 0.8 0.8 0.8
vn -0.831159 0.00230076 0.55603
v 0.049227 0.0288247 0.0311013 0.8 0.8 0.8
vn -0.872038 -0.0193251 0.489056
v 0.0484172 0.0339244 0.0311013 0.8 0.8 0.8
vn -0.79531 -0.183006 0.57792
v 0.0470099 0.0370962 0.0311013 0.8 0.8 0.8
vn -0.677201 -0.397087 0.619452
v 0.0448926 0.0392695 0.0311013 0.8 0.8 0.8
vn -0.484655 -0.613829 0.623156
v 0.041827 0.0407556 0.0311013 0.8 0.8 0.8
vn -0.272829 -0.759958 0.58994
v 0.0372155 0.0416929 0.0311013 0.8 0.8 0.8
vn -0.105314 -0.823135 0.557995
v 0.0286054 0.0421476 0.0311013 0.8 0.8 0.8
vn -0.00931957 -0.805838 0.592063
v -0.0286054 0.0421476 0.0311013 0.8 0.8 0.8
vn 0.00357429 -0.905315 0.424726
v -0.0372155 0.0416929 0.0311013 0.8 0.8 0.8
vn 0.0750055 -0.868038 0.4908
v -0.041827 0.0407556 0.0311013 0.8 0.8 0.8
vn 0.222725 -0.803223 0.552473
v -0.0448926 0.0392695 0.0311013 0.8 0.8 0.8
vn 0.423209 -0.670385 0.60949
v -0.0470099 0.0370962 0.0311013 0.8 0.8 0.8
vn 0.620529 -0.459918 0.635153
v -0.0484172 0.0339244 0.0311013 0.8 0.8 0.8
vn 0.746262 -0.23262 0.623683
v -0.049227 0.0288247 0.0311013 0.8 0.8 0.8
vn 0.758801 -0.0351141 0.650375
v -0.0494917 5.81748e-06 0.0311013 0.8 0.8 0.8
vn 0.831144 -0.00230086 0.556053
v -0.049227 -0.0288247 0.0311013 0.8 0.8 0.8
vn 0.872042 0.0193216 0.48905
v -0.0484172 -0.0339243 0.0311013 0.8 0.8 0.8
vn 0.79531 0.183006 0.57792
v -0.0470099 -0.0370961 0.0311013 0.8 0.8 0.8
vn 0.677201 0.397087 0.619452
v -0.0448926 -0.0392694 0.0311013 0.8 0.8 0.8
vn 0.484655 0.613829 0.623156
v -0.041827 -0.0407556 0.0311013 0.8 0.8 0.8
vn 0.272829 0.759958 0.58994
v -0.0372155 -0.0416928 0.0311013 0.8 0.8 0.8
vn 0.105314 0.823135 0.557995
v -0.0286054 -0.0421476 0.0311013 0.8 0.8 0.8
vn 0.00931957 0.805838 0.592063
v 0.0286054 -0.0421476 0.0311013 0.8 0.8 0.8
vn -0.00357429 0.905315 0.424726
v 0.0372155 -0.0416928 0.0311013 0.8 0.8 0.8
vn -0.0750055 0.868038 0.4908
v 0.041827 -0.0407556 0.0311013 0.8 0.8 0.8
vn -0.222725 0.803223 0.552473
v 0.0448926 -0.0392694 0.0311013 0.8 0.8 0.8
vn -0.423209 0.670385 0.60949
v 0.0470099 -0.0370961 0.0311013 0.8 0.8 0.8
vn -0.620529 0.459918 0.635153
v 0.0484172 -0.0339243 0.0311013 0.8 0.8 0.8
vn -0.746262 0.23262 0.623683
v 0.049227 -0.0288247 0.0311013 0.8 0.8 0.8
vn -0.758796 0.0351086 0.650381
v 0.0427029 2.77796e-08 0.0125063 0.8 0.8 0.8
vn -0.926734 -0.00152493 0.375715
v 0.0424745 0.0248708 0.0125063 0.8 0.8 0.8
vn -0.918689 -0.0362899 0.393311
v 0.0417758 0.0292709 0.0125063 0.8 0.8 0.8
vn -0.871012 -0.255408 0.419649
v 0.0405615 0.0320077 0.0125063 0.8 0.8 0.8
vn -0.732952 -0.518097 0.44086
v 0.0387346 0.0338828 0.0125063 0.8 0.8 0.8
vn -0.498733 -0.754909 0.425885
v 0.0360895 0.0351651 0.0125063 0.8 0.8 0.8
vn -0.259175 -0.886635 0.383023
v 0.0321106 0.0359738 0.0125063 0.8 0.8 0.8
vn -0.0876297 -0.935522 0.342229
v 0.0246816 0.0363662 0.0125063 0.8 0.8 0.8
vn -0.00474849 -0.948055 0.318071
v -0.0246816 0.0363662 0.0125063 0.8 0.8 0.8
vn 0.00882868 -0.940332 0.340143
v -0.0321106 0.0359738 0.0125063 0.8 0.8 0.8
vn 0.109763 -0.928413 0.354967
v -0.0360895 0.0351651 0.0125063 0.8 0.8 0.8
vn 0.296476 -0.870014 0.393926
v -0.0387346 0.0338828 0.0125063 0.8 0.8 0.8
vn 0.543284 -0.720011 0.431772
v -0.0405615 0.0320077 0.0125063 0.8 0.8 0.8
vn 0.766127 -0.471191 0.437068
v -0.0417758 0.0292709 0.0125063 0.8 0.8 0.8
vn 0.886402 -0.217059 0.408873
v -0.0424745 0.0248708 0.0125063 0.8 0.8 0.8
vn 0.929105 -0.0237796 0.369051
v -0.0427029 5.0233e-06 0.0125063 0.8 0.8 0.8
vn 0.926735 0.00152488 0.375712
v -0.0424745 -0.0248707 0.0125063 0.8 0.8 0.8
vn 0.918689 0.0362841 0.393311
v -0.0417758 -0.0292709 0.0125063 0.8 0.8 0.8
vn 0.871012 0.255408 0.419649
v -0.0405615 -0.0320076 0.0125063 0.8 0.8 0.8
vn 0.732952 0.518097 0.44086
v -0.0387346 -0.0338828 0.0125063 0.8 0.8 0.8
vn 0.498733 0.754909 0.425885
v -0.0360895 -0.0351651 0.0125063 0.8 0.8 0.8
vn 0.259175 0.886635 0.383023
v -0.0321106 -0.0359738 0.0125063 0.8 0.8 0.8
vn 0.0876297 0.935522 0.342229
v -0.0246816 -0.0363661 0.0125063 0.8 0.8 0.8
vn 0.00474849 0.948055 0.318071
v 0.0246816 -0.0363661 0.0125063 0.8 0.8 0.8
vn -0.00882868 0.940332 0.340143
v 0.0321106 -0.0359738 0.0125063 0.8 0.8 0.8
vn -0.109763 0.928413 0.354967
v 0.0360895 -0.0351651 0.0125063 0.8 0.8 0.8
vn -0.296476 0.870014 0.393926
v 0.0387346 -0.0338828 0.0125063 0.8 0.8 0.8
vn -0.543284 0.720011 0.431772
v 0.0405615 -0.0320076 0.0125063 0.8 0.8 0.8
vn -0.766127 0.471191 0.437068
v 0.0417758 -0.0292709 0.0125063 0.8 0.8 0.8
vn -0.886402 0.217059 0.408873
v 0.0424745 -0.0248707 0.0125063 0.8 0.8 0.8
vn -0.929106 0.0237753 0.369049
v 0.0387587 2.77796e-08 0.00478724 0.8 0.8 0.8
vn -0.849809 -0.00134625 0.52709
v 0.0385514 0.0225736 0.00478724 0.8 0.8 0.8
vn -0.82925 -0.0324819 0.557934
v 0.0379172 0.0265674 0.00478724 0.8 0.8 0.8
vn -0.782191 -0.228598 0.579586
v 0.0368151 0.0290513 0.00478724 0.8 0.8 0.8
vn -0.652923 -0.460335 0.601485
v 0.035157 0.0307533 0.00478724 0.8 0.8 0.8
vn -0.448132 -0.676636 0.584245
v 0.0327562 0.0319172 0.00478724 0.8 0.8 0.8
vn -0.237764 -0.811055 0.53447
v 0.0291448 0.0326512 0.00478724 0.8 0.8 0.8
vn -0.0819896 -0.871483 0.483524
v 0.0224019 0.0330073 0.00478724 0.8 0.8 0.8
vn -0.00453532 -0.894282 0.447481
v -0.0224019 0.0330073 0.00478724 0.8 0.8 0.8
vn 0.0080652 -0.868812 0.495076
v -0.0291448 0.0326512 0.00478724 0.8 0.8 0.8
vn 0.100859 -0.856788 0.505709
v -0.0327562 0.0319172 0.00478724 0.8 0.8 0.8
vn 0.268797 -0.791038 0.549551
v -0.035157 0.0307533 0.00478724 0.8 0.8 0.8
vn 0.48511 -0.644507 0.590999
v -0.0368151 0.0290513 0.00478724 0.8 0.8 0.8
vn 0.683549 -0.421498 0.595903
v -0.0379172 0.0265674 0.00478724 0.8 0.8 0.8
vn 0.802375 -0.197148 0.563318
v -0.0385514 0.0225736 0.00478724 0.8 0.8 0.8
vn 0.85974 -0.0221782 0.51025
v -0.0387587 4.5619e-06 0.00478724 0.8 0.8 0.8
vn 0.849813 0.00134621 0.527083
v -0.0385514 -0.0225736 0.00478724 0.8 0.8 0.8
vn 0.829249 0.0324767 0.557934
v -0.0379172 -0.0265673 0.00478724 0.8 0.8 0.8
vn 0.782191 0.228598 0.579586
v -0.0368151 -0.0290513 0.00478724 0.8 0.8 0.8
vn 0.652923 0.460335 0.601485
v -0.035157 -0.0307532 0.00478724 0.8 0.8 0.8
vn 0.448132 0.676636 0.584245
v -0.0327562 -0.0319171 0.00478724 0.8 0.8 0.8
vn 0.237764 0.811055 0.53447
v -0.0291448 -0.0326511 0.00478724 0.8 0.8 0.8
vn 0.0819896 0.871483 0.483524
v -0.0224019 -0.0330072 0.00478724 0.8 0.8 0.8
vn 0.00453532 0.894282 0.447481
v 0.0224019 -0.0330072 0.00478724 0.8 0.8 0.8
vn -0.0080652 0.868812 0.495076
v 0.0291448 -0.0326511 0.00478724 0.8 0.8 0.8
vn -0.100859 0.856788 0.505709
v 0.0327562 -0.0319171 0.00478724 0.8 0.8 0.8
vn -0.268797 0.791038 0.549551
v 0.035157 -0.0307532 0.00478724 0.8 0.8 0.8
vn -0.48511 0.644507 0.590999
v 0.0368151 -0.0290513 0.00478724 0.8 0.8 0.8
vn -0.683549 0.421498 0.595903
v 0.0379172 -0.0265673 0.00478724 0.8 0.8 0.8
vn -0.802375 0.197148 0.563318
v 0.0385514 -0.0225736 0.00478724 0.8 0.8 0.8
vn -0.859741 0.0221742 0.510248
v 0.0359717 2.77796e-08 0.00173459 0.8 0.8 0.8
vn -0.636694 -0.00101809 0.771116
v 0.0357793 0.0209505 0.00173459 0.8 0.8 0.8
vn -0.595887 -0.0233887 0.802727
v 0.0351907 0.024657 0.00173459 0.8 0.8 0.8
vn -0.558799 -0.163443 0.813038
v 0.0341679 0.0269624 0.00173459 0.8 0.8 0.8
vn -0.458965 -0.32379 0.827352
v 0.032629 0.028542 0.00173459 0.8 0.8 0.8
vn -0.320094 -0.483601 0.814659
v 0.0304008 0.0296222 0.00173459 0.8 0.8 0.8
vn -0.177303 -0.605233 0.776052
v 0.0270491 0.0303034 0.00173459 0.8 0.8 0.8
vn -0.0639072 -0.680002 0.73042
v 0.0207911 0.0306339 0.00173459 0.8 0.8 0.8
vn -0.00365911 -0.723685 0.69012
v -0.0207911 0.0306339 0.00173459 0.8 0.8 0.8
vn 0.00612844 -0.658367 0.752672
v -0.0270491 0.0303034 0.00173459 0.8 0.8 0.8
vn 0.0766087 -0.650106 0.755972
v -0.0304008 0.0296222 0.00173459 0.8 0.8 0.8
vn 0.197339 -0.580345 0.7901
v -0.032629 0.028542 0.00173459 0.8 0.8 0.8
vn 0.344514 -0.457439 0.819792
v -0.0341679 0.0269624 0.00173459 0.8 0.8 0.8
vn 0.484193 -0.29838 0.822512
v -0.0351908 0.024657 0.00173459 0.8 0.8 0.8
vn 0.58528 -0.143689 0.797998
v -0.0357793 0.0209505 0.00173459 0.8 0.8 0.8
vn 0.661651 -0.0170357 0.749618
v -0.0359717 4.23587e-06 0.00173459 0.8 0.8 0.8
vn 0.636703 0.00101807 0.771108
v -0.0357793 -0.0209504 0.00173459 0.8 0.8 0.8
vn 0.595886 0.0233849 0.802729
v -0.0351908 -0.024657 0.00173459 0.8 0.8 0.8
vn 0.558799 0.163443 0.813038
v -0.0341679 -0.0269623 0.00173459 0.8 0.8 0.8
vn 0.458965 0.32379 0.827352
v -0.032629 -0.0285419 0.00173459 0.8 0.8 0.8
vn 0.320094 0.483601 0.814659
v -0.0304008 -0.0296221 0.00173459 0.8 0.8 0.8
vn 0.177303 0.605233 0.776052
v -0.0270491 -0.0303033 0.00173459 0.8 0.8 0.8
vn 0.0639072 0.680002 0.73042
v -0.0207911 -0.0306338 0.00173459 0.8 0.8 0.8
vn 0.00365911 0.723685 0.69012
v 0.0207911 -0.0306338 0.00173459 0.8 0.8 0.8
vn -0.00612844 0.658367 0.752672
v 0.0270491 -0.0303033 0.00173459 0.8 0.8 0.8
vn -0.0766087 0.650106 0.755972
v 0.0304008 -0.0296221 0.00173459 0.8 0.8 0.8
vn -0.197339 0.580345 0.7901
v 0.032629 -0.0285419 0.00173459 0.8 0.8 0.8
vn -0.344514 0.457439 0.819792
v 0.0341679 -0.0269623 0.00173459 0.8 0.8 0.8
vn -0.484193 0.29838 0.822512
v 0.0351907 -0.024657 0.00173459 0.8 0.8 0.8
vn -0.58528 0.143689 0.797998
v 0.0357793 -0.0209504 0.00173459 0.8 0.8 0.8
vn -0.661654 0.0170327 0.749616
v 0.0336323 2.77796e-08 0.000590983 0.8 0.8 0.8
vn -0.326935 -0.000541273 0.945047
v 0.0334524 0.019588 0.000590983 0.8 0.8 0.8
vn -0.292195 -0.0115583 0.956289
v 0.0329021 0.0230535 0.000590983 0.8 0.8 0.8
vn -0.274718 -0.0806002 0.958141
v 0.0319458 0.0252089 0.000590983 0.8 0.8 0.8
vn -0.223095 -0.157765 0.961945
v 0.030507 0.0266857 0.000590983 0.8 0.8 0.8
vn -0.157611 -0.238666 0.958226
v 0.0284237 0.0276957 0.000590983 0.8 0.8 0.8
vn -0.0906183 -0.310152 0.946358
v 0.02529 0.0283326 0.000590983 0.8 0.8 0.8
vn -0.0341796 -0.365161 0.930317
v 0.0194389 0.0286416 0.000590983 0.8 0.8 0.8
vn -0.00203942 -0.408018 0.912972
v -0.0194389 0.0286416 0.000590983 0.8 0.8 0.8
vn 0.00318264 -0.338346 0.941017
v -0.02529 0.0283326 0.000590983 0.8 0.8 0.8
vn 0.0398407 -0.336748 0.940752
v -0.0284237 0.0276957 0.000590983 0.8 0.8 0.8
vn 0.0995039 -0.291859 0.951272
v -0.030507 0.0266857 0.000590983 0.8 0.8 0.8
vn 0.169131 -0.224057 0.959788
v -0.0319458 0.0252089 0.000590983 0.8 0.8 0.8
vn 0.237376 -0.145931 0.960394
v -0.0329021 0.0230535 0.000590983 0.8 0.8 0.8
vn 0.294102 -0.0719784 0.95306
v -0.0334524 0.019588 0.000590983 0.8 0.8 0.8
vn 0.351729 -0.0089905 0.936059
v -0.0336323 3.9622e-06 0.000590983 0.8 0.8 0.8
vn 0.326944 0.000541267 0.945044
v -0.0334524 -0.0195879 0.000590983 0.8 0.8 0.8
vn 0.292193 0.0115564 0.956289
v -0.0329021 -0.0230534 0.000590983 0.8 0.8 0.8
vn 0.274718 0.0806002 0.958141
v -0.0319458 -0.0252088 0.000590983 0.8 0.8 0.8
vn 0.223095 0.157765 0.961945
v -0.030507 -0.0266857 0.000590983 0.8 0.8 0.8
vn 0.157611 0.238666 0.958226
v -0.0284237 -0.0276956 0.000590983 0.8 0.8 0.8
vn 0.0906183 0.310152 0.946358
v -0.02529 -0.0283325 0.000590983 0.8 0.8 0.8
vn 0.0341796 0.365161 0.930317
v -0.0194389 -0.0286416 0.000590983 0.8 0.8 0.8
vn 0.00203942 0.408018 0.912972
v 0.0194389 -0.0286416 0.000590983 0.8 0.8 0.8
vn -0.00318264 0.338346 0.941017
v 0.02529 -0.0283325 0.000590983 0.8 0.8 0.8
vn -0.0398407 0.336748 0.940752
v 0.0284237 -0.0276956 0.000590983 0.8 0.8 0.8
vn -0.0995039 0.291859 0.951272
v 0.030507 -0.0266857 0.000590983 0.8 0.8 0.8
vn -0.169131 0.224057 0.959788
v 0.0319458 -0.0252088 0.000590983 0.8 0.8 0.8
vn -0.237376 0.145931 0.960394
v 0.0329021 -0.0230534 0.000590983 0.8 0.8 0.8
vn -0.294102 0.0719784 0.95306
v 0.0334524 -0.0195879 0.000590983 0.8 0.8 0.8
vn -0.351732 0.00898897 0.936057
v 0.0314564 2.77796e-08 0.000187833 0.8 0.8 0.8
vn -0.12514 -0.000217167 0.992139
v 0.0312882 0.0183207 0.000187833 0.8 0.8 0.8
vn -0.109408 -0.00437572 0.993987
v 0.0307735 0.021562 0.000187833 0.8 0.8 0.8
vn -0.103589 -0.0305247 0.994152
v 0.029879 0.023578 0.000187833 0.8 0.8 0.8
vn -0.0839341 -0.0595555 0.99469
v 0.0285333 0.0249593 0.000187833 0.8 0.8 0.8
vn -0.0595241 -0.0904271 0.994123
v 0.0265848 0.0259039 0.000187833 0.8 0.8 0.8
vn -0.0345967 -0.118855 0.992309
v 0.0236538 0.0264996 0.000187833 0.8 0.8 0.8
vn -0.013239 -0.142249 0.989742
v 0.0181813 0.0267886 0.000187833 0.8 0.8 0.8
vn -0.00079927 -0.162535 0.986703
v -0.0181813 0.0267886 0.000187833 0.8 0.8 0.8
vn 0.0012252 -0.128342 0.991729
v -0.0236538 0.0264996 0.000187833 0.8 0.8 0.8
vn 0.0153257 -0.128813 0.991551
v -0.0265848 0.0259039 0.000187833 0.8 0.8 0.8
vn 0.0379194 -0.110811 0.993118
v -0.0285333 0.0249593 0.000187833 0.8 0.8 0.8
vn 0.063979 -0.0844838 0.994369
v -0.029879 0.023578 0.000187833 0.8 0.8 0.8
vn 0.0897909 -0.0550137 0.99444
v -0.0307735 0.021562 0.000187833 0.8 0.8 0.8
vn 0.112101 -0.027315 0.993321
v -0.0312882 0.0183207 0.000187833 0.8 0.8 0.8
vn 0.137102 -0.00346872 0.990551
v -0.0314565 3.70766e-06 0.000187833 0.8 0.8 0.8
vn 0.125144 0.000217166 0.992139
v -0.0312882 -0.0183207 0.000187833 0.8 0.8 0.8
vn 0.109407 0.004375 0.993987
v -0.0307735 -0.0215619 0.000187833 0.8 0.8 0.8
vn 0.103589 0.0305247 0.994152
v -0.029879 -0.0235779 0.000187833 0.8 0.8 0.8
vn 0.0839341 0.0595555 0.99469
v -0.0285333 -0.0249592 0.000187833 0.8 0.8 0.8
vn 0.0595241 0.0904271 0.994123
v -0.0265848 -0.0259038 0.000187833 0.8 0.8 0.8
vn 0.0345967 0.118855 0.992309
v -0.0236538 -0.0264995 0.000187833 0.8 0.8 0.8
vn 0.013239 0.142249 0.989742
v -0.0181813 -0.0267886 0.000187833 0.8 0.8 0.8
vn 0.00079927 0.162535 0.986703
v 0.0181813 -0.0267886 0.000187833 0.8 0.8 0.8
vn -0.0012252 0.128342 0.991729
v 0.0236538 -0.0264995 0.000187833 0.8 0.8 0.8
vn -0.0153257 0.128813 0.991551
v 0.0265848 -0.0259038 0.000187833 0.8 0.8 0.8
vn -0.0379194 0.110811 0.993118
v 0.0285333 -0.0249592 0.000187833 0.8 0.8 0.8
vn -0.063979 0.0844838 0.994369
v 0.029879 -0.0235779 0.000187833 0.8 0.8 0.8
vn -0.0897909 0.0550137 0.99444
v 0.0307735 -0.0215619 0.000187833 0.8 0.8 0.8
vn -0.112101 0.027315 0.993321
v 0.0312882 -0.0183207 0.000187833 0.8 0.8 0.8
vn -0.137103 0.00346814 0.990551
v 0.0293367 2.77796e-08 5.51619e-05 0.8 0.8 0.8
vn -0.041472 -7.5908e-05 0.99914
v 0.0291797 0.0170861 5.51619e-05 0.8 0.8 0.8
vn -0.0358549 -0.00145297 0.999356
v 0.0286997 0.020109 5.51619e-05 0.8 0.8 0.8
vn -0.0341728 -0.010122 0.999365
v 0.0278655 0.0219891 5.51619e-05 0.8 0.8 0.8
vn -0.0276946 -0.0197297 0.999422
v 0.0266105 0.0232773 5.51619e-05 0.8 0.8 0.8
vn -0.0196526 -0.0299704 0.999358
v 0.0247933 0.0241583 5.51619e-05 0.8 0.8 0.8
vn -0.0114376 -0.0394687 0.999155
v 0.0220598 0.0247138 5.51619e-05 0.8 0.8 0.8
vn -0.00438187 -0.0474028 0.998866
v 0.0169561 0.0249834 5.51619e-05 0.8 0.8 0.8
vn -0.000263104 -0.0545569 0.998511
v -0.0169561 0.0249834 5.51619e-05 0.8 0.8 0.8
vn 0.000409205 -0.0421186 0.999113
v -0.0220598 0.0247138 5.51619e-05 0.8 0.8 0.8
vn 0.00509666 -0.0425525 0.999081
v -0.0247933 0.0241583 5.51619e-05 0.8 0.8 0.8
vn 0.0125818 -0.036606 0.999251
v -0.0266105 0.0232773 5.51619e-05 0.8 0.8 0.8
vn 0.0211997 -0.027887 0.999386
v -0.0278655 0.0219891 5.51619e-05 0.8 0.8 0.8
vn 0.029754 -0.0181566 0.999392
v -0.0286998 0.020109 5.51619e-05 0.8 0.8 0.8
vn 0.0372069 -0.00901854 0.999267
v -0.0291798 0.0170861 5.51619e-05 0.8 0.8 0.8
vn 0.0458431 -0.0011458 0.998948
v -0.0293367 3.45968e-06 5.51619e-05 0.8 0.8 0.8
vn 0.0414735 7.59076e-05 0.99914
v -0.0291798 -0.0170861 5.51619e-05 0.8 0.8 0.8
vn 0.0358547 0.00145273 0.999356
v -0.0286998 -0.0201089 5.51619e-05 0.8 0.8 0.8
vn 0.0341728 0.010122 0.999365
v -0.0278655 -0.0219891 5.51619e-05 0.8 0.8 0.8
vn 0.0276946 0.0197297 0.999422
v -0.0266105 -0.0232773 5.51619e-05 0.8 0.8 0.8
vn 0.0196526 0.0299704 0.999358
v -0.0247933 -0.0241582 5.51619e-05 0.8 0.8 0.8
vn 0.0114376 0.0394687 0.999155
v -0.0220598 -0.0247138 5.51619e-05 0.8 0.8 0.8
vn 0.00438187 0.0474028 0.998866
v -0.0169561 -0.0249834 5.51619e-05 0.8 0.8 0.8
vn 0.000263104 0.0545569 0.998511
v 0.0169561 -0.0249834 5.51619e-05 0.8 0.8 0.8
vn -0.000409205 0.0421186 0.999113
v 0.0220598 -0.0247138 5.51619e-05 0.8 0.8 0.8
vn -0.00509666 0.0425525 0.999081
v 0.0247933 -0.0241582 5.51619e-05 0.8 0.8 0.8
vn -0.0125818 0.036606 0.999251
v 0.0266105 -0.0232773 5.51619e-05 0.8 0.8 0.8
vn -0.0211997 0.027887 0.999386
v 0.0278655 -0.0219891 5.51619e-05 0.8 0.8 0.8
vn -0.029754 0.0181566 0.999392
v 0.0286997 -0.0201089 5.51619e-05 0.8 0.8 0.8
vn -0.0372069 0.00901854 0.999267
v 0.0291797 -0.0170861 5.51619e-05 0.8 0.8 0.8
vn -0.0458436 0.00114561 0.998948
v 0.0272348 2.77796e-08 1.47969e-05 0.8 0.8 0.8
vn -0.0124636 -2.415e-05 0.999922
v 0.0270891 0.015862 1.47969e-05 0.8 0.8 0.8
vn -0.0106764 -0.000439143 0.999943
v 0.0266435 0.0186682 1.47969e-05 0.8 0.8 0.8
vn -0.0102397 -0.00305075 0.999943
v 0.025869 0.0204137 1.47969e-05 0.8 0.8 0.8
vn -0.00830238 -0.00594147 0.999948
v 0.0247039 0.0216096 1.47969e-05 0.8 0.8 0.8
vn -0.00589147 -0.00902367 0.999942
v 0.023017 0.0224274 1.47969e-05 0.8 0.8 0.8
vn -0.00342753 -0.0118873 0.999923
v 0.0204793 0.0229432 1.47969e-05 0.8 0.8 0.8
vn -0.00131125 -0.0142945 0.999897
v 0.0157413 0.0231934 1.47969e-05 0.8 0.8 0.8
vn -7.79212e-05 -0.0165202 0.999864
v -0.0157413 0.0231934 1.47969e-05 0.8 0.8 0.8
vn 0.000124246 -0.0125369 0.999921
v -0.0204793 0.0229432 1.47969e-05 0.8 0.8 0.8
vn 0.00153785 -0.0127431 0.999918
v -0.023017 0.0224274 1.47969e-05 0.8 0.8 0.8
vn 0.00379067 -0.0109739 0.999933
v -0.0247039 0.0216096 1.47969e-05 0.8 0.8 0.8
vn 0.00638327 -0.0083605 0.999945
v -0.0258691 0.0204137 1.47969e-05 0.8 0.8 0.8
vn 0.00895837 -0.00544175 0.999945
v -0.0266435 0.0186682 1.47969e-05 0.8 0.8 0.8
vn 0.0112083 -0.00270071 0.999934
v -0.0270891 0.015862 1.47969e-05 0.8 0.8 0.8
vn 0.0138718 -0.000341974 0.999904
v -0.0272348 3.21379e-06 1.47969e-05 0.8 0.8 0.8
vn 0.012464 2.41498e-05 0.999922
v -0.0270891 -0.0158619 1.47969e-05 0.8 0.8 0.8
vn 0.0106763 0.00043907 0.999943
v -0.0266435 -0.0186682 1.47969e-05 0.8 0.8 0.8
vn 0.0102397 0.00305075 0.999943
v -0.0258691 -0.0204136 1.47969e-05 0.8 0.8 0.8
vn 0.00830238 0.00594147 0.999948
v -0.0247039 -0.0216095 1.47969e-05 0.8 0.8 0.8
vn 0.00589147 0.00902367 0.999942
v -0.023017 -0.0224274 1.47969e-05 0.8 0.8 0.8
vn 0.00342753 0.0118873 0.999923
v -0.0204793 -0.0229431 1.47969e-05 0.8 0.8 0.8
vn 0.00131125 0.0142945 0.999897
v -0.0157413 -0.0231934 1.47969e-05 0.8 0.8 0.8
vn 7.79212e-05 0.0165202 0.999864
v 0.0157413 -0.0231934 1.47969e-05 0.8 0.8 0.8
vn -0.000124246 0.0125369 0.999921
v 0.0204793 -0.0229431 1.47969e-05 0.8 0.8 0.8
vn -0.00153785 0.0127431 0.999918
v 0.023017 -0.0224274 1.47969e-05 0.8 0.8 0.8
vn -0.00379067 0.0109739 0.999933
v 0.0247039 -0.0216095 1.47969e-05 0.8 0.8 0.8
vn -0.00638327 0.0083605 0.999945
v 0.025869 -0.0204136 1.47969e-05 0.8 0.8 0.8
vn -0.00895837 0.00544175 0.999945
v 0.0266435 -0.0186682 1.47969e-05 0.8 0.8 0.8
vn -0.0112083 0.00270071 0.999934
v 0.0270891 -0.0158619 1.47969e-05 0.8 0.8 0.8
vn -0.0138719 0.000341916 0.999904
v 0.0251382 2.77796e-08 3.57644e-06 0.8 0.8 0.8
vn -0.00340232 -6.99828e-06 0.999994
v 0.0250037 0.0146409 3.57644e-06 0.8 0.8 0.8
vn -0.00288691 -0.000120738 0.999996
v 0.0245924 0.0172311 3.57644e-06 0.8 0.8 0.8
vn -0.00278705 -0.00083577 0.999996
v 0.0238776 0.0188422 3.57644e-06 0.8 0.8 0.8
vn -0.00226083 -0.0016261 0.999996
v 0.0228021 0.019946 3.57644e-06 0.8 0.8 0.8
vn -0.0016041 -0.0024688 0.999996
v 0.021245 0.0207009 3.57644e-06 0.8 0.8 0.8
vn -0.000932598 -0.00325259 0.999994
v 0.0189027 0.0211769 3.57644e-06 0.8 0.8 0.8
vn -0.000356059 -0.00391489 0.999992
v 0.0145294 0.0214079 3.57644e-06 0.8 0.8 0.8
vn -2.08952e-05 -0.00454152 0.99999
v -0.0145295 0.0214079 3.57644e-06 0.8 0.8 0.8
vn 3.43263e-05 -0.00338798 0.999994
v -0.0189027 0.0211769 3.57644e-06 0.8 0.8 0.8
vn 0.000421755 -0.0034656 0.999994
v -0.021245 0.0207009 3.57644e-06 0.8 0.8 0.8
vn 0.00103786 -0.00298797 0.999995
v -0.0228021 0.019946 3.57644e-06 0.8 0.8 0.8
vn 0.00174662 -0.00227664 0.999996
v -0.0238776 0.0188422 3.57644e-06 0.8 0.8 0.8
vn 0.00245088 -0.00148126 0.999996
v -0.0245924 0.0172311 3.57644e-06 0.8 0.8 0.8
vn 0.00306761 -0.000734297 0.999995
v -0.0250037 0.0146409 3.57644e-06 0.8 0.8 0.8
vn 0.00381221 -9.25548e-05 0.999993
v -0.0251382 2.96852e-06 3.57644e-06 0.8 0.8 0.8
vn 0.00340245 6.99824e-06 0.999994
v -0.0250037 -0.0146408 3.57644e-06 0.8 0.8 0.8
vn 0.00288688 0.000120718 0.999996
v -0.0245924 -0.017231 3.57644e-06 0.8 0.8 0.8
vn 0.00278705 0.00083577 0.999996
v -0.0238776 -0.0188421 3.57644e-06 0.8 0.8 0.8
vn 0.00226083 0.0016261 0.999996
v -0.0228021 -0.019946 3.57644e-06 0.8 0.8 0.8
vn 0.0016041 0.0024688 0.999996
v -0.021245 -0.0207008 3.57644e-06 0.8 0.8 0.8
vn 0.000932598 0.00325259 0.999994
v -0.0189027 -0.0211769 3.57644e-06 0.8 0.8 0.8
vn 0.000356059 0.00391489 0.999992
v -0.0145295 -0.0214079 3.57644e-06 0.8 0.8 0.8
vn 2.08952e-05 0.00454152 0.99999
v 0.0145294 -0.0214079 3.57644e-06 0.8 0.8 0.8
vn -3.43263e-05 0.00338798 0.999994
v 0.0189027 -0.0211769 3.57644e-06 0.8 0.8 0.8
vn -0.000421755 0.0034656 0.999994
v 0.021245 -0.0207008 3.57644e-06 0.8 0.8 0.8
vn -0.00103786 0.00298797 0.999995
v 0.0228021 -0.019946 3.57644e-06 0.8 0.8 0.8
vn -0.00174662 0.00227664 0.999996
v 0.0238776 -0.0188421 3.57644e-06 0.8 0.8 0.8
vn -0.00245088 0.00148126 0.999996
v 0.0245924 -0.017231 3.57644e-06 0.8 0.8 0.8
vn -0.00306761 0.000734297 0.999995
v 0.0250037 -0.0146408 3.57644e-06 0.8 0.8 0.8
vn -0.00381226 9.25391e-05 0.999993
v 0.0230429 2.77796e-08 7.68453e-07 0.8 0.8 0.8
vn -0.000834161 -1.82574e-06 1
v 0.0229197 0.0134206 7.68453e-07 0.8 0.8 0.8
vn -0.000700549 -2.98454e-05 1
v 0.0225426 0.0157949 7.68453e-07 0.8 0.8 0.8
vn -0.000681157 -0.000205734 1
v 0.0218874 0.0172717 7.68453e-07 0.8 0.8 0.8
vn -0.00055282 -0.000399832 1
v 0.0209016 0.0182836 7.68453e-07 0.8 0.8 0.8
vn -0.000392161 -0.000606788 1
v 0.0194743 0.0189755 7.68453e-07 0.8 0.8 0.8
vn -0.000227813 -0.000799469 1
v 0.0173272 0.0194119 7.68453e-07 0.8 0.8 0.8
vn -8.67744e-05 -0.000963161 1
v 0.0133184 0.0196236 7.68453e-07 0.8 0.8 0.8
vn -5.01954e-06 -0.00112164 0.999999
v -0.0133184 0.0196236 7.68453e-07 0.8 0.8 0.8
vn 8.53006e-06 -0.000821591 1
v -0.0173272 0.0194119 7.68453e-07 0.8 0.8 0.8
vn 0.000103944 -0.000846233 1
v -0.0194743 0.0189755 7.68453e-07 0.8 0.8 0.8
vn 0.000255303 -0.00073053 1
v -0.0209016 0.0182836 7.68453e-07 0.8 0.8 0.8
vn 0.00042935 -0.000556669 1
v -0.0218874 0.0172717 7.68453e-07 0.8 0.8 0.8
vn 0.000602361 -0.00036202 1
v -0.0225427 0.0157949 7.68453e-07 0.8 0.8 0.8
vn 0.00075421 -0.000179223 1
v -0.0229197 0.0134206 7.68453e-07 0.8 0.8 0.8
vn 0.000941247 -2.24695e-05 1
v -0.0230429 2.72342e-06 7.68453e-07 0.8 0.8 0.8
vn 0.000834196 1.82572e-06 1
v -0.0229197 -0.0134205 7.68453e-07 0.8 0.8 0.8
vn 0.000700542 2.98404e-05 1
v -0.0225427 -0.0157949 7.68453e-07 0.8 0.8 0.8
vn 0.000681157 0.000205734 1
v -0.0218874 -0.0172716 7.68453e-07 0.8 0.8 0.8
vn 0.00055282 0.000399832 1
v -0.0209016 -0.0182835 7.68453e-07 0.8 0.8 0.8
vn 0.000392161 0.000606788 1
v -0.0194743 -0.0189754 7.68453e-07 0.8 0.8 0.8
vn 0.000227813 0.000799469 1
v -0.0173272 -0.0194118 7.68453e-07 0.8 0.8 0.8
vn 8.67744e-05 0.000963161 1
v -0.0133184 -0.0196236 7.68453e-07 0.8 0.8 0.8
vn 5.01954e-06 0.00112164 0.999999
v 0.0133184 -0.0196236 7.68453e-07 0.8 0.8 0.8
vn -8.53006e-06 0.000821591 1
v 0.0173272 -0.0194118 7.68453e-07 0.8 0.8 0.8
vn -0.000103944 0.000846233 1
v 0.0194743 -0.0189754 7.68453e-07 0.8 0.8 0.8
vn -0.000255303 0.00073053 1
v 0.0209016 -0.0182835 7.68453e-07 0.8 0.8 0.8
vn -0.00042935 0.000556669 1
v 0.0218874 -0.0172716 7.68453e-07 0.8 0.8 0.8
vn -0.000602361 0.00036202 1
v 0.0225426 -0.0157949 7.68453e-07 0.8 0.8 0.8
vn -0.00075421 0.000179223 1
v 0.0229197 -0.0134205 7.68453e-07 0.8 0.8 0.8
vn -0.000941258 2.24657e-05 1
v 0.020948 2.77796e-08 1.47479e-07 0.8 0.8 0.8
vn -0.00018049 -4.21224e-07 1
v 0.020836 0.0122005 1.47479e-07 0.8 0.8 0.8
vn -0.000149882 -6.51744e-06 1
v 0.0204932 0.014359 1.47479e-07 0.8 0.8 0.8
vn -0.000146877 -4.4714e-05 1
v 0.0198976 0.0157015 1.47479e-07 0.8 0.8 0.8
vn -0.000119265 -8.67894e-05 1
v 0.0190014 0.0166214 1.47479e-07 0.8 0.8 0.8
vn -8.4585e-05 -0.000131649 1
v 0.0177038 0.0172504 1.47479e-07 0.8 0.8 0.8
vn -4.90919e-05 -0.000173458 1
v 0.015752 0.0176471 1.47479e-07 0.8 0.8 0.8
vn -1.86498e-05 -0.000209176 1
v 0.0121076 0.0178396 1.47479e-07 0.8 0.8 0.8
vn -1.06129e-06 -0.000244575 1
v -0.0121076 0.0178396 1.47479e-07 0.8 0.8 0.8
vn 1.87342e-06 -0.000175648 1
v -0.015752 0.0176471 1.47479e-07 0.8 0.8 0.8
vn 2.26212e-05 -0.000182295 1
v -0.0177038 0.0172504 1.47479e-07 0.8 0.8 0.8
vn 5.54443e-05 -0.000157584 1
v -0.0190014 0.0166214 1.47479e-07 0.8 0.8 0.8
vn 9.31683e-05 -0.00012009 1
v -0.0198976 0.0157015 1.47479e-07 0.8 0.8 0.8
vn 0.000130681 -7.80569e-05 1
v -0.0204933 0.014359 1.47479e-07 0.8 0.8 0.8
vn 0.000163684 -3.85848e-05 1
v -0.020836 0.0122005 1.47479e-07 0.8 0.8 0.8
vn 0.000205179 -4.80788e-06 1
v -0.0209481 2.47835e-06 1.47479e-07 0.8 0.8 0.8
vn 0.000180498 4.21221e-07 1
v -0.020836 -0.0122004 1.47479e-07 0.8 0.8 0.8
vn 0.00014988 6.51636e-06 1
v -0.0204933 -0.0143589 1.47479e-07 0.8 0.8 0.8
vn 0.000146877 4.4714e-05 1
v -0.0198976 -0.0157014 1.47479e-07 0.8 0.8 0.8
vn 0.000119265 8.67894e-05 1
v -0.0190014 -0.0166213 1.47479e-07 0.8 0.8 0.8
vn 8.4585e-05 0.000131649 1
v -0.0177038 -0.0172503 1.47479e-07 0.8 0.8 0.8
vn 4.90919e-05 0.000173458 1
v -0.015752 -0.017647 1.47479e-07 0.8 0.8 0.8
vn 1.86498e-05 0.000209176 1
v -0.0121076 -0.0178395 1.47479e-07 0.8 0.8 0.8
vn 1.06129e-06 0.000244575 1
v 0.0121076 -0.0178395 1.47479e-07 0.8 0.8 0.8
vn -1.87342e-06 0.000175648 1
v 0.015752 -0.017647 1.47479e-07 0.8 0.8 0.8
vn -2.26212e-05 0.000182295 1
v 0.0177038 -0.0172503 1.47479e-07 0.8 0.8 0.8
vn -5.54443e-05 0.000157584 1
v 0.0190014 -0.0166213 1.47479e-07 0.8 0.8 0.8
vn -9.31683e-05 0.00012009 1
v 0.0198976 -0.0157014 1.47479e-07 0.8 0.8 0.8
vn -0.000130681 7.80569e-05 1
v 0.0204932 -0.0143589 1.47479e-07 0.8 0.8 0.8
vn -0.000163684 3.85848e-05 1
v 0.020836 -0.0122004 1.47479e-07 0.8 0.8 0.8
vn -0.000205182 4.80707e-06 1
v 0.0188532 2.77796e-08 2.90042e-08 0.8 0.8 0.8
vn -3.36678e-05 -8.39213e-08 1
v 0.0187524 0.0109804 2.90042e-08 0.8 0.8 0.8
vn -2.76179e-05 -1.22833e-06 1
v 0.0184439 0.0129231 2.90042e-08 0.8 0.8 0.8
vn -2.72961e-05 -8.38193e-06 1
v 0.0179078 0.0141313 2.90042e-08 0.8 0.8 0.8
vn -2.21762e-05 -1.62462e-05 1
v 0.0171012 0.0149592 2.90042e-08 0.8 0.8 0.8
vn -1.57233e-05 -2.46299e-05 1
v 0.0159334 0.0155254 2.90042e-08 0.8 0.8 0.8
vn -9.11608e-06 -3.24518e-05 1
v 0.0141768 0.0158824 2.90042e-08 0.8 0.8 0.8
vn -3.45287e-06 -3.9173e-05 1
v 0.0108969 0.0160556 2.90042e-08 0.8 0.8 0.8
vn -1.9287e-07 -4.59912e-05 1
v -0.0108969 0.0160556 2.90042e-08 0.8 0.8 0.8
vn 3.55263e-07 -3.23392e-05 1
v -0.0141768 0.0158824 2.90042e-08 0.8 0.8 0.8
vn 4.24682e-06 -3.38431e-05 1
v -0.0159335 0.0155254 2.90042e-08 0.8 0.8 0.8
vn 1.03844e-05 -2.92978e-05 1
v -0.0171013 0.0149592 2.90042e-08 0.8 0.8 0.8
vn 1.74342e-05 -2.23282e-05 1
v -0.0179078 0.0141313 2.90042e-08 0.8 0.8 0.8
vn 2.44471e-05 -1.45041e-05 1
v -0.0184439 0.0129231 2.90042e-08 0.8 0.8 0.8
vn 3.06319e-05 -7.15739e-06 1
v -0.0187524 0.0109804 2.90042e-08 0.8 0.8 0.8
vn 3.85718e-05 -8.85641e-07 1
v -0.0188532 2.23329e-06 2.90042e-08 0.8 0.8 0.8
vn 3.36694e-05 8.39207e-08 1
v -0.0187524 -0.0109804 2.90042e-08 0.8 0.8 0.8
vn 2.76176e-05 1.22813e-06 1
v -0.0184439 -0.012923 2.90042e-08 0.8 0.8 0.8
vn 2.72961e-05 8.38193e-06 1
v -0.0179078 -0.0141313 2.90042e-08 0.8 0.8 0.8
vn 2.21762e-05 1.62462e-05 1
v -0.0171013 -0.0149592 2.90042e-08 0.8 0.8 0.8
vn 1.57233e-05 2.46299e-05 1
v -0.0159335 -0.0155253 2.90042e-08 0.8 0.8 0.8
vn 9.11608e-06 3.24518e-05 1
v -0.0141768 -0.0158823 2.90042e-08 0.8 0.8 0.8
vn 3.45287e-06 3.9173e-05 1
v -0.0108969 -0.0160556 2.90042e-08 0.8 0.8 0.8
vn 1.9287e-07 4.59912e-05 1
v 0.0108969 -0.0160556 2.90042e-08 0.8 0.8 0.8
vn -3.55263e-07 3.23392e-05 1
v 0.0141768 -0.0158823 2.90042e-08 0.8 0.8 0.8
vn -4.24682e-06 3.38431e-05 1
v 0.0159334 -0.0155253 2.90042e-08 0.8 0.8 0.8
vn -1.03844e-05 2.92978e-05 1
v 0.0171012 -0.0149592 2.90042e-08 0.8 0.8 0.8
vn -1.74342e-05 2.23282e-05 1
v 0.0179078 -0.0141313 2.90042e-08 0.8 0.8 0.8
vn -2.44471e-05 1.45041e-05 1
v 0.0184439 -0.012923 2.90042e-08 0.8 0.8 0.8
vn -3.06319e-05 7.15739e-06 1
v 0.0187524 -0.0109804 2.90042e-08 0.8 0.8 0.8
vn -3.85723e-05 8.85491e-07 1
v 0.0167584 2.77796e-08 1.01113e-08 0.8 0.8 0.8
vn -5.24918e-06 -1.3989e-08 1
v 0.0166688 0.00976037 1.01113e-08 0.8 0.8 0.8
vn -4.24985e-06 -1.93736e-07 1
v 0.0163946 0.0114872 1.01113e-08 0.8 0.8 0.8
vn -4.23892e-06 -1.31393e-06 1
v 0.015918 0.0125612 1.01113e-08 0.8 0.8 0.8
vn -3.4456e-06 -2.54268e-06 1
v 0.0152011 0.0132971 1.01113e-08 0.8 0.8 0.8
vn -2.44214e-06 -3.85233e-06 1
v 0.0141631 0.0138003 1.01113e-08 0.8 0.8 0.8
vn -1.41423e-06 -5.07545e-06 1
v 0.0126016 0.0141177 1.01113e-08 0.8 0.8 0.8
vn -5.33871e-07 -6.13259e-06 1
v 0.00968609 0.0142717 1.01113e-08 0.8 0.8 0.8
vn -2.91999e-08 -7.22951e-06 1
v -0.0096861 0.0142717 1.01113e-08 0.8 0.8 0.8
vn 5.64029e-08 -4.97193e-06 1
v -0.0126016 0.0141177 1.01113e-08 0.8 0.8 0.8
vn 6.66831e-07 -5.24993e-06 1
v -0.0141631 0.0138003 1.01113e-08 0.8 0.8 0.8
vn 1.62625e-06 -4.55163e-06 1
v -0.0152011 0.0132971 1.01113e-08 0.8 0.8 0.8
vn 2.72752e-06 -3.46891e-06 1
v -0.015918 0.0125612 1.01113e-08 0.8 0.8 0.8
vn 3.82334e-06 -2.25174e-06 1
v -0.0163946 0.0114872 1.01113e-08 0.8 0.8 0.8
vn 4.79211e-06 -1.10904e-06 1
v -0.0166688 0.00976037 1.01113e-08 0.8 0.8 0.8
vn 6.06156e-06 -1.3614e-07 1
v -0.0167584 1.98823e-06 1.01113e-08 0.8 0.8 0.8
vn 5.24944e-06 1.39889e-08 1
v -0.0166688 -0.00976032 1.01113e-08 0.8 0.8 0.8
vn 4.24979e-06 1.93704e-07 1
v -0.0163946 -0.0114871 1.01113e-08 0.8 0.8 0.8
vn 4.23892e-06 1.31393e-06 1
v -0.015918 -0.0125611 1.01113e-08 0.8 0.8 0.8
vn 3.4456e-06 2.54268e-06 1
v -0.0152011 -0.013297 1.01113e-08 0.8 0.8 0.8
vn 2.44214e-06 3.85233e-06 1
v -0.0141631 -0.0138003 1.01113e-08 0.8 0.8 0.8
vn 1.41423e-06 5.07545e-06 1
v -0.0126016 -0.0141176 1.01113e-08 0.8 0.8 0.8
vn 5.33871e-07 6.13259e-06 1
v -0.0096861 -0.0142716 1.01113e-08 0.8 0.8 0.8
vn 2.91999e-08 7.22951e-06 1
v 0.00968609 -0.0142716 1.01113e-08 0.8 0.8 0.8
vn -5.64029e-08 4.97193e-06 1
v 0.0126016 -0.0141176 1.01113e-08 0.8 0.8 0.8
vn -6.66831e-07 5.24993e-06 1
v 0.0141631 -0.0138003 1.01113e-08 0.8 0.8 0.8
vn -1.62625e-06 4.55163e-06 1
v 0.0152011 -0.013297 1.01113e-08 0.8 0.8 0.8
vn -2.72752e-06 3.46891e-06 1
v 0.015918 -0.0125611 1.01113e-08 0.8 0.8 0.8
vn -3.82334e-06 2.25174e-06 1
v 0.0163946 -0.0114871 1.01113e-08 0.8 0.8 0.8
vn -4.79211e-06 1.10904e-06 1
v 0.0166688 -0.00976032 1.01113e-08 0.8 0.8 0.8
vn -6.06164e-06 1.36117e-07 1
v 0.0146636 2.77796e-08 7.6989e-09 0.8 0.8 0.8
vn -6.56031e-07 -1.86923e-09 1
v 0.0145852 0.00854033 7.6989e-09 0.8 0.8 0.8
vn -5.23959e-07 -2.45293e-08 1
v 0.0143453 0.0100513 7.6989e-09 0.8 0.8 0.8
vn -5.27599e-07 -1.65188e-07 1
v 0.0139283 0.010991 7.6989e-09 0.8 0.8 0.8
vn -4.29054e-07 -3.19095e-07 1
v 0.013301 0.0116349 7.6989e-09 0.8 0.8 0.8
vn -3.03965e-07 -4.83084e-07 1
v 0.0123927 0.0120753 7.6989e-09 0.8 0.8 0.8
vn -1.75786e-07 -6.36376e-07 1
v 0.0110264 0.012353 7.6989e-09 0.8 0.8 0.8
vn -6.61099e-08 -7.69596e-07 1
v 0.00847533 0.0124877 7.6989e-09 0.8 0.8 0.8
vn -3.53127e-09 -9.10713e-07 1
v -0.00847534 0.0124877 7.6989e-09 0.8 0.8 0.8
vn 7.19099e-09 -6.12408e-07 1
v -0.0110264 0.012353 7.6989e-09 0.8 0.8 0.8
vn 8.39904e-08 -6.52728e-07 1
v -0.0123927 0.0120753 7.6989e-09 0.8 0.8 0.8
vn 2.0423e-07 -5.66738e-07 1
v -0.013301 0.0116349 7.6989e-09 0.8 0.8 0.8
vn 3.42133e-07 -4.319e-07 1
v -0.0139283 0.010991 7.6989e-09 0.8 0.8 0.8
vn 4.79378e-07 -2.80119e-07 1
v -0.0143453 0.0100513 7.6989e-09 0.8 0.8 0.8
vn 6.00985e-07 -1.37667e-07 1
v -0.0145852 0.00854033 7.6989e-09 0.8 0.8 0.8
vn 7.63405e-07 -1.67458e-08 1
v -0.0146636 1.74318e-06 7.6989e-09 0.8 0.8 0.8
vn 6.56065e-07 1.86922e-09 1
v -0.0145852 -0.00854028 7.6989e-09 0.8 0.8 0.8
vn 5.23951e-07 2.45252e-08 1
v -0.0143453 -0.0100512 7.6989e-09 0.8 0.8 0.8
vn 5.27599e-07 1.65188e-07 1
v -0.0139283 -0.010991 7.6989e-09 0.8 0.8 0.8
vn 4.29054e-07 3.19095e-07 1
v -0.013301 -0.0116349 7.6989e-09 0.8 0.8 0.8
vn 3.03965e-07 4.83084e-07 1
v -0.0123927 -0.0120752 7.6989e-09 0.8 0.8 0.8
vn 1.75786e-07 6.36376e-07 1
v -0.0110264 -0.0123529 7.6989e-09 0.8 0.8 0.8
vn 6.61099e-08 7.69596e-07 1
v -0.00847534 -0.0124876 7.6989e-09 0.8 0.8 0.8
vn 3.53127e-09 9.10713e-07 1
v 0.00847533 -0.0124876 7.6989e-09 0.8 0.8 0.8
vn -7.19099e-09 6.12408e-07 1
v 0.0110264 -0.0123529 7.6989e-09 0.8 0.8 0.8
vn -8.39904e-08 6.52728e-07 1
v 0.0123927 -0.0120752 7.6989e-09 0.8 0.8 0.8
vn -2.0423e-07 5.66738e-07 1
v 0.013301 -0.0116349 7.6989e-09 0.8 0.8 0.8
vn -3.42133e-07 4.319e-07 1
v 0.0139283 -0.010991 7.6989e-09 0.8 0.8 0.8
vn -4.79378e-07 2.80119e-07 1
v 0.0143453 -0.0100512 7.6989e-09 0.8 0.8 0.8
vn -6.00985e-07 1.37667e-07 1
v 0.0145852 -0.00854028 7.6989e-09 0.8 0.8 0.8
vn -7.63415e-07 1.67429e-08 1
v 0.0125688 2.77796e-08 7.46665e-09 0.8 0.8 0.8
vn -6.19958e-08 -1.88603e-10 1
v 0.0125016 0.00732029 7.46665e-09 0.8 0.8 0.8
vn -4.88575e-08 -2.35245e-09 1
v 0.0122959 0.00861539 7.46665e-09 0.8 0.8 0.8
vn -4.96567e-08 -1.57113e-08 1
v 0.0119385 0.0094209 7.46665e-09 0.8 0.8 0.8
vn -4.03947e-08 -3.02879e-08 1
v 0.0114008 0.00997282 7.46665e-09 0.8 0.8 0.8
vn -2.86009e-08 -4.58118e-08 1
v 0.0106223 0.0103502 7.46665e-09 0.8 0.8 0.8
vn -1.65144e-08 -6.03316e-08 1
v 0.00945117 0.0105883 7.46665e-09 0.8 0.8 0.8
vn -6.18455e-09 -7.30088e-08 1
v 0.00726457 0.0107038 7.46665e-09 0.8 0.8 0.8
vn -3.21747e-10 -8.6664e-08 1
v -0.00726458 0.0107038 7.46665e-09 0.8 0.8 0.8
vn 6.94621e-10 -5.70519e-08 1
v -0.00945118 0.0105883 7.46665e-09 0.8 0.8 0.8
vn 8.00523e-09 -6.13729e-08 1
v -0.0106223 0.0103502 7.46665e-09 0.8 0.8 0.8
vn 1.94008e-08 -5.33571e-08 1
v -0.0114008 0.00997282 7.46665e-09 0.8 0.8 0.8
vn 3.24569e-08 -4.06545e-08 1
v -0.0119385 0.0094209 7.46665e-09 0.8 0.8 0.8
vn 4.54504e-08 -2.6341e-08 1
v -0.0122959 0.00861539 7.46665e-09 0.8 0.8 0.8
vn 5.69841e-08 -1.29137e-08 1
v -0.0125016 0.00732029 7.46665e-09 0.8 0.8 0.8
vn 7.26351e-08 -1.5544e-09 1
v -0.0125688 1.49812e-06 7.46665e-09 0.8 0.8 0.8
vn 6.19992e-08 1.88601e-10 1
v -0.0125016 -0.00732023 7.46665e-09 0.8 0.8 0.8
vn 4.88567e-08 2.35207e-09 1
v -0.0122959 -0.00861533 7.46665e-09 0.8 0.8 0.8
vn 4.96567e-08 1.57113e-08 1
v -0.0119385 -0.00942084 7.46665e-09 0.8 0.8 0.8
vn 4.03947e-08 3.02879e-08 1
v -0.0114008 -0.00997276 7.46665e-09 0.8 0.8 0.8
vn 2.86009e-08 4.58118e-08 1
v -0.0106223 -0.0103502 7.46665e-09 0.8 0.8 0.8
vn 1.65144e-08 6.03316e-08 1
v -0.00945118 -0.0105882 7.46665e-09 0.8 0.8 0.8
vn 6.18455e-09 7.30088e-08 1
v -0.00726458 -0.0107037 7.46665e-09 0.8 0.8 0.8
vn 3.21747e-10 8.6664e-08 1
v 0.00726457 -0.0107037 7.46665e-09 0.8 0.8 0.8
vn -6.94621e-10 5.70519e-08 1
v 0.00945117 -0.0105882 7.46665e-09 0.8 0.8 0.8
vn -8.00523e-09 6.13729e-08 1
v 0.0106223 -0.0103502 7.46665e-09 0.8 0.8 0.8
vn -1.94008e-08 5.33571e-08 1
v 0.0114008 -0.00997276 7.46665e-09 0.8 0.8 0.8
vn -3.24569e-08 4.06545e-08 1
v 0.0119385 -0.00942084 7.46665e-09 0.8 0.8 0.8
vn -4.54504e-08 2.6341e-08 1
v 0.0122959 -0.00861533 7.46665e-09 0.8 0.8 0.8
vn -5.69841e-08 1.29137e-08 1
v 0.0125016 -0.00732023 7.46665e-09 0.8 0.8 0.8
vn -7.26361e-08 1.55413e-09 1
v 0.010474 2.77796e-08 7.45121e-09 0.8 0.8 0.8
vn -4.06834e-09 -1.31761e-11 1
v 0.010418 0.00610024 7.45121e-09 0.8 0.8 0.8
vn -3.16851e-09 -1.57037e-10 1
v 0.0102466 0.00717949 7.45121e-09 0.8 0.8 0.8
vn -3.2466e-09 -1.03827e-09 1
v 0.00994877 0.00785075 7.45121e-09 0.8 0.8 0.8
vn -2.64111e-09 -1.99681e-09 1
v 0.00950069 0.00831068 7.45121e-09 0.8 0.8 0.8
vn -1.86847e-09 -3.01682e-09 1
v 0.00885191 0.00862521 7.45121e-09 0.8 0.8 0.8
vn -1.0769e-09 -3.97088e-09 1
v 0.00787597 0.00882356 7.45121e-09 0.8 0.8 0.8
vn -4.01363e-10 -4.80623e-09 1
v 0.0060538 0.0089198 7.45121e-09 0.8 0.8 0.8
vn -2.02804e-11 -5.71477e-09 1
v -0.00605382 0.0089198 7.45121e-09 0.8 0.8 0.8
vn 4.67107e-11 -3.69688e-09 1
v -0.00787599 0.00882356 7.45121e-09 0.8 0.8 0.8
vn 5.30294e-10 -4.00965e-09 1
v -0.00885192 0.00862521 7.45121e-09 0.8 0.8 0.8
vn 1.28026e-09 -3.48905e-09 1
v -0.0095007 0.00831068 7.45121e-09 0.8 0.8 0.8
vn 2.13839e-09 -2.65726e-09 1
v -0.00994878 0.00785075 7.45121e-09 0.8 0.8 0.8
vn 2.99203e-09 -1.71956e-09 1
v -0.0102466 0.00717949 7.45121e-09 0.8 0.8 0.8
vn 3.75042e-09 -8.40649e-10 1
v -0.010418 0.00610024 7.45121e-09 0.8 0.8 0.8
vn 4.78969e-09 -9.99487e-11 1
v -0.010474 1.25306e-06 7.45121e-09 0.8 0.8 0.8
vn 4.06857e-09 1.31759e-11 1
v -0.010418 -0.00610019 7.45121e-09 0.8 0.8 0.8
vn 3.16846e-09 1.57012e-10 1
v -0.0102466 -0.00717944 7.45121e-09 0.8 0.8 0.8
vn 3.2466e-09 1.03827e-09 1
v -0.00994878 -0.0078507 7.45121e-09 0.8 0.8 0.8
vn 2.64111e-09 1.99681e-09 1
v -0.0095007 -0.00831063 7.45121e-09 0.8 0.8 0.8
vn 1.86847e-09 3.01682e-09 1
v -0.00885192 -0.00862515 7.45121e-09 0.8 0.8 0.8
vn 1.0769e-09 3.97088e-09 1
v -0.00787599 -0.0088235 7.45121e-09 0.8 0.8 0.8
vn 4.01363e-10 4.80623e-09 1
v -0.00605382 -0.00891974 7.45121e-09 0.8 0.8 0.8
vn 2.02804e-11 5.71477e-09 1
v 0.0060538 -0.00891974 7.45121e-09 0.8 0.8 0.8
vn -4.67107e-11 3.69688e-09 1
v 0.00787597 -0.0088235 7.45121e-09 0.8 0.8 0.8
vn -5.30294e-10 4.00965e-09 1
v 0.00885191 -0.00862515 7.45121e-09 0.8 0.8 0.8
vn -1.28026e-09 3.48905e-09 1
v 0.00950069 -0.00831063 7.45121e-09 0.8 0.8 0.8
vn -2.13839e-09 2.65726e-09 1
v 0.00994877 -0.0078507 7.45121e-09 0.8 0.8 0.8
vn -2.99203e-09 1.71956e-09 1
v 0.0102466 -0.00717944 7.45121e-09 0.8 0.8 0.8
vn -3.75042e-09 8.40649e-10 1
v 0.010418 -0.00610019 7.45121e-09 0.8 0.8 0.8
vn -4.78976e-09 9.99316e-11 1
v 0.00837921 2.77796e-08 7.45059e-09 0.8 0.8 0.8
vn -1.62527e-10 -5.58407e-13 1
v 0.00833439 0.0048802 7.45059e-09 0.8 0.8 0.8
vn -1.25543e-10 -6.4072e-12 1
v 0.00819729 0.0057436 7.45059e-09 0.8 0.8 0.8
vn -1.29327e-10 -4.18053e-11 1
v 0.00795901 0.00628061 7.45059e-09 0.8 0.8 0.8
vn -1.05152e-10 -8.01654e-11 1
v 0.00760055 0.00664855 7.45059e-09 0.8 0.8 0.8
vn -7.43006e-11 -1.20929e-10 1
v 0.00708152 0.00690017 7.45059e-09 0.8 0.8 0.8
vn -4.27256e-11 -1.59019e-10 1
v 0.00630078 0.00705885 7.45059e-09 0.8 0.8 0.8
vn -1.58342e-11 -1.92353e-10 1
v 0.00484304 0.00713584 7.45059e-09 0.8 0.8 0.8
vn -7.74345e-13 -2.28518e-10 1
v -0.00484305 0.00713584 7.45059e-09 0.8 0.8 0.8
vn 1.92023e-12 -1.46397e-10 1
v -0.00630079 0.00705885 7.45059e-09 0.8 0.8 0.8
vn 2.14148e-11 -1.59686e-10 1
v -0.00708154 0.00690017 7.45059e-09 0.8 0.8 0.8
vn 5.1459e-11 -1.38962e-10 1
v -0.00760056 0.00664855 7.45059e-09 0.8 0.8 0.8
vn 8.57746e-11 -1.05741e-10 1
v -0.00795903 0.00628061 7.45059e-09 0.8 0.8 0.8
vn 1.19871e-10 -6.83144e-11 1
v -0.0081973 0.0057436 7.45059e-09 0.8 0.8 0.8
vn 1.50139e-10 -3.32844e-11 1
v -0.0083344 0.0048802 7.45059e-09 0.8 0.8 0.8
vn 1.91579e-10 -3.89785e-12 1
v -0.00837922 1.00801e-06 7.45059e-09 0.8 0.8 0.8
vn 1.62537e-10 5.58397e-13 1
v -0.0083344 -0.00488015 7.45059e-09 0.8 0.8 0.8
vn 1.25541e-10 6.40616e-12 1
v -0.0081973 -0.00574354 7.45059e-09 0.8 0.8 0.8
vn 1.29327e-10 4.18053e-11 1
v -0.00795903 -0.00628055 7.45059e-09 0.8 0.8 0.8
vn 1.05152e-10 8.01654e-11 1
v -0.00760056 -0.0066485 7.45059e-09 0.8 0.8 0.8
vn 7.43006e-11 1.20929e-10 1
v -0.00708154 -0.00690011 7.45059e-09 0.8 0.8 0.8
vn 4.27256e-11 1.59019e-10 1
v -0.00630079 -0.00705879 7.45059e-09 0.8 0.8 0.8
vn 1.58342e-11 1.92353e-10 1
v -0.00484305 -0.00713579 7.45059e-09 0.8 0.8 0.8
vn 7.74345e-13 2.28518e-10 1
v 0.00484304 -0.00713579 7.45059e-09 0.8 0.8 0.8
vn -1.92023e-12 1.46397e-10 1
v 0.00630078 -0.00705879 7.45059e-09 0.8 0.8 0.8
vn -2.14148e-11 1.59686e-10 1
v 0.00708152 -0.00690011 7.45059e-09 0.8 0.8 0.8
vn -5.1459e-11 1.38962e-10 1
v 0.00760055 -0.0066485 7.45059e-09 0.8 0.8 0.8
vn -8.57746e-11 1.05741e-10 1
v 0.00795901 -0.00628055 7.45059e-09 0.8 0.8 0.8
vn -1.19871e-10 6.83144e-11 1
v 0.00819729 -0.00574354 7.45059e-09 0.8 0.8 0.8
vn -1.50139e-10 3.32844e-11 1
v 0.00833439 -0.00488015 7.45059e-09 0.8 0.8 0.8
vn -1.91581e-10 3.89718e-12 1
v 0.0062844 2.77796e-08 7.45058e-09 0.8 0.8 0.8
vn -3.17239e-12 -1.15625e-14 1
v 0.00625079 0.00366016 7.45058e-09 0.8 0.8 0.8
vn -2.44647e-12 -1.28845e-13 1
v 0.00614796 0.00430771 7.45058e-09 0.8 0.8 0.8
vn -2.52058e-12 -8.2411e-13 1
v 0.00596926 0.00471046 7.45058e-09 0.8 0.8 0.8
vn -2.04619e-12 -1.5738e-12 1
v 0.00570041 0.00498642 7.45058e-09 0.8 0.8 0.8
vn -1.44292e-12 -2.36848e-12 1
v 0.00531114 0.00517513 7.45058e-09 0.8 0.8 0.8
vn -8.27068e-13 -3.10886e-12 1
v 0.00472558 0.00529414 7.45058e-09 0.8 0.8 0.8
vn -3.04228e-13 -3.75258e-12 1
v 0.00363228 0.00535189 7.45058e-09 0.8 0.8 0.8
vn -1.42919e-14 -4.4344e-12 1
v -0.00363229 0.00535189 7.45058e-09 0.8 0.8 0.8
vn 3.89429e-14 -2.85284e-12 1
v -0.00472559 0.00529414 7.45058e-09 0.8 0.8 0.8
vn 4.23881e-13 -3.11454e-12 1
v -0.00531115 0.00517513 7.45058e-09 0.8 0.8 0.8
vn 1.01194e-12 -2.70631e-12 1
v -0.00570042 0.00498642 7.45058e-09 0.8 0.8 0.8
vn 1.68174e-12 -2.05574e-12 1
v -0.00596927 0.00471046 7.45058e-09 0.8 0.8 0.8
vn 2.34558e-12 -1.32485e-12 1
v -0.00614797 0.00430771 7.45058e-09 0.8 0.8 0.8
vn 2.93251e-12 -6.42544e-13 1
v -0.0062508 0.00366016 7.45058e-09 0.8 0.8 0.8
vn 3.72035e-12 -7.36867e-14 1
v -0.00628442 7.6295e-07 7.45058e-09 0.8 0.8 0.8
vn 3.17257e-12 1.15623e-14 1
v -0.0062508 -0.0036601 7.45058e-09 0.8 0.8 0.8
vn 2.44642e-12 1.28825e-13 1
v -0.00614797 -0.00430765 7.45058e-09 0.8 0.8 0.8
vn 2.52058e-12 8.2411e-13 1
v -0.00596927 -0.00471041 7.45058e-09 0.8 0.8 0.8
vn 2.04619e-12 1.5738e-12 1
v -0.00570042 -0.00498637 7.45058e-09 0.8 0.8 0.8
vn 1.44292e-12 2.36848e-12 1
v -0.00531115 -0.00517508 7.45058e-09 0.8 0.8 0.8
vn 8.27068e-13 3.10886e-12 1
v -0.00472559 -0.00529409 7.45058e-09 0.8 0.8 0.8
vn 3.04228e-13 3.75258e-12 1
v -0.00363229 -0.00535183 7.45058e-09 0.8 0.8 0.8
vn 1.42919e-14 4.4344e-12 1
v 0.00363228 -0.00535183 7.45058e-09 0.8 0.8 0.8
vn -3.89429e-14 2.85284e-12 1
v 0.00472558 -0.00529409 7.45058e-09 0.8 0.8 0.8
vn -4.23881e-13 3.11454e-12 1
v 0.00531114 -0.00517508 7.45058e-09 0.8 0.8 0.8
vn -1.01194e-12 2.70631e-12 1
v 0.00570041 -0.00498637 7.45058e-09 0.8 0.8 0.8
vn -1.68174e-12 2.05574e-12 1
v 0.00596926 -0.00471041 7.45058e-09 0.8 0.8 0.8
vn -2.34558e-12 1.32485e-12 1
v 0.00614796 -0.00430765 7.45058e-09 0.8 0.8 0.8
vn -2.93251e-12 6.42544e-13 1
v 0.00625079 -0.0036601 7.45058e-09 0.8 0.8 0.8
vn -3.7204e-12 7.36739e-14 1
v 0.0041896 2.77796e-08 7.45058e-09 0.8 0.8 0.8
vn -2.02886e-14 -7.98609e-17 1
v 0.00416719 0.00244011 7.45058e-09 0.8 0.8 0.8
vn -1.58088e-14 -8.70484e-16 1
v 0.00409864 0.00287181 7.45058e-09 0.8 0.8 0.8
vn -1.61287e-14 -5.35774e-15 1
v 0.0039795 0.00314032 7.45058e-09 0.8 0.8 0.8
vn -1.30416e-14 -1.01552e-14 1
v 0.00380027 0.00332429 7.45058e-09 0.8 0.8 0.8
vn -9.15979e-15 -1.52147e-14 1
v 0.00354076 0.0034501 7.45058e-09 0.8 0.8 0.8
vn -5.2199e-15 -1.98943e-14 1
v 0.00315039 0.00352944 7.45058e-09 0.8 0.8 0.8
vn -1.89555e-15 -2.38863e-14 1
v 0.00242152 0.00356794 7.45058e-09 0.8 0.8 0.8
vn -8.34604e-17 -2.78294e-14 1
v -0.00242153 0.00356794 7.45058e-09 0.8 0.8 0.8
vn 2.6648e-16 -1.8455e-14 1
v -0.0031504 0.00352944 7.45058e-09 0.8 0.8 0.8
vn 2.77622e-15 -1.9983e-14 1
v -0.00354077 0.0034501 7.45058e-09 0.8 0.8 0.8
vn 6.55002e-15 -1.72815e-14 1
v -0.00380028 0.00332429 7.45058e-09 0.8 0.8 0.8
vn 1.08255e-14 -1.30776e-14 1
v -0.00397952 0.00314032 7.45058e-09 0.8 0.8 0.8
vn 1.50389e-14 -8.38908e-15 1
v -0.00409865 0.00287181 7.45058e-09 0.8 0.8 0.8
vn 1.87244e-14 -4.03609e-15 1
v -0.0041672 0.00244011 7.45058e-09 0.8 0.8 0.8
vn 2.33879e-14 -4.46143e-16 1
v -0.00418961 5.17893e-07 7.45058e-09 0.8 0.8 0.8
vn 2.02897e-14 7.98583e-17 1
v -0.0041672 -0.00244006 7.45058e-09 0.8 0.8 0.8
vn 1.58085e-14 8.70347e-16 1
v -0.00409865 -0.00287176 7.45058e-09 0.8 0.8 0.8
vn 1.61287e-14 5.35774e-15 1
v -0.00397952 -0.00314026 7.45058e-09 0.8 0.8 0.8
vn 1.30416e-14 1.01552e-14 1
v -0.00380028 -0.00332423 7.45058e-09 0.8 0.8 0.8
vn 9.15979e-15 1.52147e-14 1
v -0.00354077 -0.00345004 7.45058e-09 0.8 0.8 0.8
vn 5.2199e-15 1.98943e-14 1
v -0.0031504 -0.00352938 7.45058e-09 0.8 0.8 0.8
vn 1.89555e-15 2.38863e-14 1
v -0.00242153 -0.00356788 7.45058e-09 0.8 0.8 0.8
vn 8.34604e-17 2.78294e-14 1
v 0.00242152 -0.00356788 7.45058e-09 0.8 0.8 0.8
vn -2.6648e-16 1.8455e-14 1
v 0.00315039 -0.00352938 7.45058e-09 0.8 0.8 0.8
vn -2.77622e-15 1.9983e-14 1
v 0.00354076 -0.00345004 7.45058e-09 0.8 0.8 0.8
vn -6.55002e-15 1.72815e-14 1
v 0.00380027 -0.00332423 7.45058e-09 0.8 0.8 0.8
vn -1.08255e-14 1.30776e-14 1
v 0.0039795 -0.00314026 7.45058e-09 0.8 0.8 0.8
vn -1.50389e-14 8.38908e-15 1
v 0.00409864 -0.00287176 7.45058e-09 0.8 0.8 0.8
vn -1.87244e-14 4.03609e-15 1
v 0.00416719 -0.00244006 7.45058e-09 0.8 0.8 0.8
vn -2.33882e-14 4.46064e-16 1
v 0.0020948 2.77796e-08 7.45058e-09 0.8 0.8 0.8
vn 0 0 1
v 0.00208359 0.00122007 7.45058e-09 0.8 0.8 0.8
vn 0 0 1
v 0.00204932 0.00143592 7.45058e-09 0.8 0.8 0.8
vn 0 0 1
v 0.00198975 0.00157017 7.45058e-09 0.8 0.8 0.8
vn 0 0 1
v 0.00190013 0.00166216 7.45058e-09 0.8 0.8 0.8
vn 0 0 1
v 0.00177038 0.00172506 7.45058e-09 0.8 0.8 0.8
vn 0 0 1
v 0.00157519 0.00176473 7.45058e-09 0.8 0.8 0.8
vn 0 0 1
v 0.00121076 0.00178398 7.45058e-09 0.8 0.8 0.8
vn 0 0 1
v -0.00121077 0.00178398 7.45058e-09 0.8 0.8 0.8
vn 0 0 1
v -0.0015752 0.00176473 7.45058e-09 0.8 0.8 0.8
vn 0 0 1
v -0.00177039 0.00172506 7.45058e-09 0.8 0.8 0.8
vn 0 0 1
v -0.00190015 0.00166216 7.45058e-09 0.8 0.8 0.8
vn 0 0 1
v -0.00198976 0.00157017 7.45058e-09 0.8 0.8 0.8
vn 0 0 1
v -0.00204933 0.00143592 7.45058e-09 0.8 0.8 0.8
vn 0 0 1
v -0.0020836 0.00122007 7.45058e-09 0.8 0.8 0.8
vn 0 0 1
v -0.00209481 2.72836e-07 7.45058e-09 0.8 0.8 0.8
vn 0 0 1
v -0.0020836 -0.00122002 7.45058e-09 0.8 0.8 0.8
vn 0 0 1
v -0.00204933 -0.00143587 7.45058e-09 0.8 0.8 0.8
vn 0 0 1
v -0.00198976 -0.00157012 7.45058e-09 0.8 0.8 0.8
vn 0 0 1
v -0.00190015 -0.0016621 7.45058e-09 0.8 0.8 0.8
vn 0 0 1
v -0.00177039 -0.00172501 7.45058e-09 0.8 0.8 0.8
vn 0 0 1
v -0.0015752 -0.00176468 7.45058e-09 0.8 0.8 0.8
vn 0 0 1
v -0.00121077 -0.00178393 7.45058e-09 0.8 0.8 0.8
vn 0 0 1
v 0.00121076 -0.00178393 7.45058e-09 0.8 0.8 0.8
vn 0 0 1
v 0.00157519 -0.00176468 7.45058e-09 0.8 0.8 0.8
vn 0 0 1
v 0.00177038 -0.00172501 7.45058e-09 0.8 0.8 0.8
vn 0 0 1
v 0.00190013 -0.0016621 7.45058e-09 0.8 0.8 0.8
vn 0 0 1
v 0.00198975 -0.00157012 7.45058e-09 0.8 0.8 0.8
vn 0 0 1
v 0.00204932 -0.00143587 7.45058e-09 0.8 0.8 0.8
vn 0 0 1
v 0.00208359 -0.00122002 7.45058e-09 0.8 0.8 0.8
vn 0 0 1
v -6.0507e-09 2.77796e-08 7.45058e-09 0.8 0.8 0.8
vn 0 0 1
v -6.0507e-09 2.77796e-08 7.45058e-09 0.8 0.8 0.8
vn 0 0 1
v -6.0507e-09 2.77796e-08 7.45058e-09 0.8 0.8 0.8
vn 0 0 1
v -6.0507e-09 2.77796e-08 7.45058e-09 0.8 0.8 0.8
vn 0 0 1
v -6.0507e-09 2.77796e-08 7.45058e-09 0.8 0.8 0.8
vn 0 0 1
v -6.0507e-09 2.77796e-08 7.45058e-09 0.8 0.8 0.8
vn 0 0 1
v -6.0507e-09 2.77796e-08 7.45058e-09 0.8 0.8 0.8
vn 0 0 1
v -6.0507e-09 2.77796e-08 7.45058e-09 0.8 0.8 0.8
vn 0 0 1
v -6.0507e-09 2.77796e-08 7.45058e-09 0.8 0.8 0.8
vn 0 0 1
v -6.0507e-09 2.77796e-08 7.45058e-09 0.8 0.8 0.8
vn 0 0 1
v -6.0507e-09 2.77796e-08 7.45058e-09 0.8 0.8 0.8
vn 0 0 1
v -6.0507e-09 2.77796e-08 7.45058e-09 0.8 0.8 0.8
vn 0 0 1
v -6.0507e-09 2.77796e-08 7.45058e-09 0.8 0.8 0.8
vn 0 0 1
v -6.0507e-09 2.77796e-08 7.45058e-09 0.8 0.8 0.8
vn 0 0 1
v -6.0507e-09 2.77796e-08 7.45058e-09 0.8 0.8 0.8
vn 0 0 1
v -6.0507e-09 2.77796e-08 7.45058e-09 0.8 0.8 0.8
vn 0 0 1
v -6.0507e-09 2.77796e-08 7.45058e-09 0.8 0.8 0.8
vn 0 0 1
v -6.0507e-09 2.77796e-08 7.45058e-09 0.8 0.8 0.8
vn 0 0 1
v -6.0507e-09 2.77796e-08 7.45058e-09 0.8 0.8 0.8
vn 0 0 1
v -6.0507e-09 2.77796e-08 7.45058e-09 0.8 0.8 0.8
vn 0 0 1
v -6.0507e-09 2.77796e-08 7.45058e-09 0.8 0.8 0.8
vn 0 0 1
v -6.0507e-09 2.77796e-08 7.45058e-09 0.8 0.8 0.8
vn 0 0 1
v -6.0507e-09 2.77796e-08 7.45058e-09 0.8 0.8 0.8
vn 0 0 1
v -6.0507e-09 2.77796e-08 7.45058e-09 0.8 0.8 0.8
vn 0 0 1
v -6.0507e-09 2.77796e-08 7.45058e-09 0.8 0.8 0.8
vn 0 0 1
v -6.0507e-09 2.77796e-08 7.45058e-09 0.8 0.8 0.8
vn 0 0 1
v -6.0507e-09 2.77796e-08 7.45058e-09 0.8 0.8 0.8
vn 0 0 1
v -6.0507e-09 2.77796e-08 7.45058e-09 0.8 0.8 0.8
vn 0 0 1
v -6.0507e-09 2.77796e-08 7.45058e-09 0.8 0.8 0.8
vn 0 0 1
v -6.0507e-09 2.77796e-08 7.45058e-09 0.8 0.8 0.8
vn 0 0 1
v 0.0547014 2.77796e-08 0.0311013 0.8 0.8 0.8
vn 0.992961 -0.00274865 -0.118413
v 0.0544088 0.0318589 0.0311013 0.8 0.8 0.8
vn 0.992808 0.0220015 -0.117677
v 0.0535138 0.0374954 0.0311013 0.8 0.8 0.8
vn 0.966207 0.222331 -0.130433
v 0.0519583 0.0410011 0.0311013 0.8 0.8 0.8
vn 0.853982 0.500745 -0.141311
v 0.0496181 0.0434031 0.0311013 0.8 0.8 0.8
vn 0.613586 0.777124 -0.139964
v 0.0462298 0.0450457 0.0311013 0.8 0.8 0.8
vn 0.335207 0.933711 -0.125777
v 0.0411329 0.0460816 0.0311013 0.8 0.8 0.8
vn 0.126123 0.985779 -0.111049
v 0.0316165 0.0465842 0.0311013 0.8 0.8 0.8
vn 0.0115015 0.994502 -0.104083
v -0.0316165 0.0465842 0.0311013 0.8 0.8 0.8
vn -0.00392835 0.994994 -0.0998613
v -0.0411329 0.0460816 0.0311013 0.8 0.8 0.8
vn -0.0855968 0.990611 -0.106602
v -0.0462298 0.0450457 0.0311013 0.8 0.8 0.8
vn -0.265263 0.956628 -0.120405
v -0.0496182 0.0434031 0.0311013 0.8 0.8 0.8
vn -0.52883 0.837694 -0.136411
v -0.0519583 0.0410011 0.0311013 0.8 0.8 0.8
vn -0.795143 0.589337 -0.142934
v -0.0535138 0.0374954 0.0311013 0.8 0.8 0.8
vn -0.945956 0.294868 -0.134983
v -0.0544088 0.0318589 0.0311013 0.8 0.8 0.8
vn -0.991316 0.0458739 -0.123242
v -0.0547014 6.42692e-06 0.0311013 0.8 0.8 0.8
vn -0.992961 0.00274881 -0.118414
v -0.0544088 -0.0318588 0.0311013 0.8 0.8 0.8
vn -0.992808 -0.0219974 -0.117676
v -0.0535138 -0.0374953 0.0311013 0.8 0.8 0.8
vn -0.966207 -0.222331 -0.130433
v -0.0519583 -0.041001 0.0311013 0.8 0.8 0.8
vn -0.853982 -0.500745 -0.141311
v -0.0496182 -0.043403 0.0311013 0.8 0.8 0.8
vn -0.613586 -0.777124 -0.139964
v -0.0462298 -0.0450457 0.0311013 0.8 0.8 0.8
vn -0.335207 -0.933711 -0.125777
v -0.0411329 -0.0460816 0.0311013 0.8 0.8 0.8
vn -0.126123 -0.985779 -0.111049
v -0.0316165 -0.0465842 0.0311013 0.8 0.8 0.8
vn -0.0115015 -0.994502 -0.104083
v 0.0316165 -0.0465842 0.0311013 0.8 0.8 0.8
vn 0.00392835 -0.994994 -0.0998613
v 0.0411329 -0.0460816 0.0311013 0.8 0.8 0.8
vn 0.0855968 -0.990611 -0.106602
v 0.0462298 -0.0450457 0.0311013 0.8 0.8 0.8
vn 0.265263 -0.956628 -0.120405
v 0.0496181 -0.043403 0.0311013 0.8 0.8 0.8
vn 0.52883 -0.837694 -0.136411
v 0.0519583 -0.041001 0.0311013 0.8 0.8 0.8
vn 0.795143 -0.589337 -0.142934
v 0.0535138 -0.0374953 0.0311013 0.8 0.8 0.8
vn 0.945956 -0.294868 -0.134983
v 0.0544088 -0.0318588 0.0311013 0.8 0.8 0.8
vn 0.991316 -0.045867 -0.123242
v 0.0471979 2.77796e-08 0.0125063 0.8 0.8 0.8
vn 0.91257 0.00150162 -0.408918
v 0.0469455 0.0274888 0.0125063 0.8 0.8 0.8
vn 0.903336 0.0356835 -0.427448
v 0.0461732 0.0323521 0.0125063 0.8 0.8 0.8
vn 0.854497 0.250566 -0.455029
v 0.0448311 0.0353769 0.0125063 0.8 0.8 0.8
vn 0.717659 0.507287 -0.4771
v 0.0428119 0.0374494 0.0125063 0.8 0.8 0.8
vn 0.489002 0.740179 -0.461531
v 0.0398884 0.0388667 0.0125063 0.8 0.8 0.8
vn 0.255062 0.872565 -0.416623
v 0.0354907 0.0397605 0.0125063 0.8 0.8 0.8
vn 0.0865142 0.923612 -0.373438
v 0.0272796 0.0401942 0.0125063 0.8 0.8 0.8
vn 0.00469613 0.937603 -0.347676
v -0.0272796 0.0401942 0.0125063 0.8 0.8 0.8
vn -0.00871763 0.928505 -0.371218
v -0.0354907 0.0397605 0.0125063 0.8 0.8 0.8
vn -0.108262 0.915716 -0.386967
v -0.0398884 0.0388667 0.0125063 0.8 0.8 0.8
vn -0.291506 0.85543 -0.428093
v -0.042812 0.0374494 0.0125063 0.8 0.8 0.8
vn -0.532397 0.705584 -0.467659
v -0.0448311 0.0353769 0.0125063 0.8 0.8 0.8
vn -0.750409 0.461523 -0.473163
v -0.0461732 0.0323521 0.0125063 0.8 0.8 0.8
vn -0.870425 0.213146 -0.443766
v -0.0469455 0.0274888 0.0125063 0.8 0.8 0.8
vn -0.915393 0.0234286 -0.401879
v -0.0471979 5.54915e-06 0.0125063 0.8 0.8 0.8
vn -0.912572 -0.00150157 -0.408914
v -0.0469455 -0.0274887 0.0125063 0.8 0.8 0.8
vn -0.903336 -0.0356778 -0.427448
v -0.0461732 -0.032352 0.0125063 0.8 0.8 0.8
vn -0.854497 -0.250566 -0.455029
v -0.0448311 -0.0353768 0.0125063 0.8 0.8 0.8
vn -0.717659 -0.507287 -0.4771
v -0.042812 -0.0374494 0.0125063 0.8 0.8 0.8
vn -0.489002 -0.740179 -0.461531
v -0.0398884 -0.0388667 0.0125063 0.8 0.8 0.8
vn -0.255062 -0.872565 -0.416623
v -0.0354907 -0.0397605 0.0125063 0.8 0.8 0.8
vn -0.0865142 -0.923612 -0.373438
v -0.0272796 -0.0401942 0.0125063 0.8 0.8 0.8
vn -0.00469613 -0.937603 -0.347676
v 0.0272796 -0.0401942 0.0125063 0.8 0.8 0.8
vn 0.00871763 -0.928505 -0.371218
v 0.0354907 -0.0397605 0.0125063 0.8 0.8 0.8
vn 0.108262 -0.915716 -0.386967
v 0.0398884 -0.0388667 0.0125063 0.8 0.8 0.8
vn 0.291506 -0.85543 -0.428093
v 0.0428119 -0.0374494 0.0125063 0.8 0.8 0.8
vn 0.532397 -0.705584 -0.467659
v 0.0448311 -0.0353768 0.0125063 0.8 0.8 0.8
vn 0.750409 -0.461523 -0.473163
v 0.0461732 -0.032352 0.0125063 0.8 0.8 0.8
vn 0.870425 -0.213146 -0.443766
v 0.0469455 -0.0274887 0.0125063 0.8 0.8 0.8
vn 0.915394 -0.0234244 -0.401877
v 0.0428386 2.77796e-08 0.00478724 0.8 0.8 0.8
vn 0.824797 0.00130663 -0.565427
v 0.0426094 0.0249498 0.00478724 0.8 0.8 0.8
vn 0.802047 0.0314164 -0.596434
v 0.0419085 0.0293639 0.00478724 0.8 0.8 0.8
vn 0.754608 0.220537 -0.618005
v 0.0406903 0.0321094 0.00478724 0.8 0.8 0.8
vn 0.628225 0.442922 -0.639652
v 0.0388577 0.0339905 0.00478724 0.8 0.8 0.8
vn 0.432087 0.65241 -0.622624
v 0.0362042 0.0352769 0.00478724 0.8 0.8 0.8
vn 0.230577 0.786541 -0.572876
v 0.0322126 0.0360881 0.00478724 0.8 0.8 0.8
vn 0.0799447 0.849748 -0.521093
v 0.02476 0.0364817 0.00478724 0.8 0.8 0.8
vn 0.00443792 0.875077 -0.483963
v -0.02476 0.0364817 0.00478724 0.8 0.8 0.8
vn -0.0078547 0.846137 -0.532908
v -0.0322126 0.0360881 0.00478724 0.8 0.8 0.8
vn -0.0981168 0.833495 -0.543746
v -0.0362042 0.0352769 0.00478724 0.8 0.8 0.8
vn -0.26023 0.765826 -0.58804
v -0.0388577 0.0339905 0.00478724 0.8 0.8 0.8
vn -0.467359 0.620924 -0.629308
v -0.0406903 0.0321094 0.00478724 0.8 0.8 0.8
vn -0.658144 0.405832 -0.63415
v -0.0419085 0.0293639 0.00478724 0.8 0.8 0.8
vn -0.775569 0.190562 -0.601814
v -0.0426094 0.0249498 0.00478724 0.8 0.8 0.8
vn -0.835962 0.0215648 -0.548363
v -0.0428386 5.03917e-06 0.00478724 0.8 0.8 0.8
vn -0.824802 -0.00130659 -0.56542
v -0.0426094 -0.0249498 0.00478724 0.8 0.8 0.8
vn -0.802046 -0.0314113 -0.596435
v -0.0419085 -0.0293639 0.00478724 0.8 0.8 0.8
vn -0.754608 -0.220537 -0.618005
v -0.0406903 -0.0321093 0.00478724 0.8 0.8 0.8
vn -0.628225 -0.442922 -0.639652
v -0.0388577 -0.0339904 0.00478724 0.8 0.8 0.8
vn -0.432087 -0.65241 -0.622624
v -0.0362042 -0.0352768 0.00478724 0.8 0.8 0.8
vn -0.230577 -0.786541 -0.572876
v -0.0322126 -0.0360881 0.00478724 0.8 0.8 0.8
vn -0.0799447 -0.849748 -0.521093
v -0.02476 -0.0364817 0.00478724 0.8 0.8 0.8
vn -0.00443792 -0.875077 -0.483963
v 0.02476 -0.0364817 0.00478724 0.8 0.8 0.8
vn 0.0078547 -0.846137 -0.532908
v 0.0322126 -0.0360881 0.00478724 0.8 0.8 0.8
vn 0.0981168 -0.833495 -0.543746
v 0.0362042 -0.0352768 0.00478724 0.8 0.8 0.8
vn 0.26023 -0.765826 -0.58804
v 0.0388577 -0.0339904 0.00478724 0.8 0.8 0.8
vn 0.467359 -0.620924 -0.629308
v 0.0406903 -0.0321093 0.00478724 0.8 0.8 0.8
vn 0.658144 -0.405832 -0.63415
v 0.0419085 -0.0293639 0.00478724 0.8 0.8 0.8
vn 0.775569 -0.190562 -0.601814
v 0.0426094 -0.0249498 0.00478724 0.8 0.8 0.8
vn 0.835964 -0.021561 -0.548361
v 0.0397582 2.77796e-08 0.00173459 0.8 0.8 0.8
vn 0.598482 0.000956987 -0.801136
v 0.0395456 0.0231558 0.00173459 0.8 0.8 0.8
vn 0.557416 0.0218787 -0.829945
v 0.038895 0.0272525 0.00173459 0.8 0.8 0.8
vn 0.52188 0.152645 -0.83925
v 0.0377645 0.0298005 0.00173459 0.8 0.8 0.8
vn 0.427673 0.301714 -0.852094
v 0.0360636 0.0315464 0.00173459 0.8 0.8 0.8
vn 0.29887 0.451535 -0.84071
v 0.0336009 0.0327403 0.00173459 0.8 0.8 0.8
vn 0.166537 0.568485 -0.805662
v 0.0298964 0.0334932 0.00173459 0.8 0.8 0.8
vn 0.0604344 0.64305 -0.763436
v 0.0229796 0.0338585 0.00173459 0.8 0.8 0.8
vn 0.00348006 0.688275 -0.725442
v -0.0229796 0.0338585 0.00173459 0.8 0.8 0.8
vn -0.00577655 0.620565 -0.784134
v -0.0298964 0.0334932 0.00173459 0.8 0.8 0.8
vn -0.0721746 0.612477 -0.787186
v -0.0336009 0.0327403 0.00173459 0.8 0.8 0.8
vn -0.184959 0.543939 -0.818487
v -0.0360636 0.0315464 0.00173459 0.8 0.8 0.8
vn -0.32141 0.426762 -0.845322
v -0.0377645 0.0298005 0.00173459 0.8 0.8 0.8
vn -0.451527 0.278251 -0.847762
v -0.038895 0.0272525 0.00173459 0.8 0.8 0.8
vn -0.547896 0.134511 -0.825661
v -0.0395456 0.0231558 0.00173459 0.8 0.8 0.8
vn -0.623942 0.0160648 -0.781306
v -0.0397582 4.67883e-06 0.00173459 0.8 0.8 0.8
vn -0.598492 -0.000956969 -0.801129
v -0.0395456 -0.0231557 0.00173459 0.8 0.8 0.8
vn -0.557415 -0.0218751 -0.829946
v -0.038895 -0.0272524 0.00173459 0.8 0.8 0.8
vn -0.52188 -0.152645 -0.83925
v -0.0377645 -0.0298005 0.00173459 0.8 0.8 0.8
vn -0.427673 -0.301714 -0.852094
v -0.0360636 -0.0315463 0.00173459 0.8 0.8 0.8
vn -0.29887 -0.451535 -0.84071
v -0.0336009 -0.0327402 0.00173459 0.8 0.8 0.8
vn -0.166537 -0.568485 -0.805662
v -0.0298964 -0.0334931 0.00173459 0.8 0.8 0.8
vn -0.0604344 -0.64305 -0.763436
v -0.0229796 -0.0338585 0.00173459 0.8 0.8 0.8
vn -0.00348006 -0.688275 -0.725442
v 0.0229796 -0.0338585 0.00173459 0.8 0.8 0.8
vn 0.00577655 -0.620565 -0.784134
v 0.0298964 -0.0334931 0.00173459 0.8 0.8 0.8
vn 0.0721746 -0.612477 -0.787186
v 0.0336009 -0.0327402 0.00173459 0.8 0.8 0.8
vn 0.184959 -0.543939 -0.818487
v 0.0360636 -0.0315463 0.00173459 0.8 0.8 0.8
vn 0.32141 -0.426762 -0.845322
v 0.0377645 -0.0298005 0.00173459 0.8 0.8 0.8
vn 0.451527 -0.278251 -0.847762
v 0.038895 -0.0272524 0.00173459 0.8 0.8 0.8
vn 0.547896 -0.134511 -0.825661
v 0.0395456 -0.0231557 0.00173459 0.8 0.8 0.8
vn 0.623945 -0.016062 -0.781303
v 0.0371726 2.77796e-08 0.000590983 0.8 0.8 0.8
vn 0.298709 0.000494541 -0.954344
v 0.0369737 0.0216499 0.000590983 0.8 0.8 0.8
vn 0.266442 0.0105396 -0.963793
v 0.0363655 0.0254801 0.000590983 0.8 0.8 0.8
vn 0.250423 0.0734723 -0.965345
v 0.0353085 0.0278625 0.000590983 0.8 0.8 0.8
vn 0.203229 0.143716 -0.968527
v 0.0337182 0.0294948 0.000590983 0.8 0.8 0.8
vn 0.14367 0.217556 -0.965416
v 0.0314157 0.030611 0.000590983 0.8 0.8 0.8
vn 0.0827756 0.283309 -0.95545
v 0.0279521 0.031315 0.000590983 0.8 0.8 0.8
vn 0.0313088 0.334489 -0.941879
v 0.0214851 0.0316565 0.000590983 0.8 0.8 0.8
vn 0.0018737 0.374863 -0.927078
v -0.0214851 0.0316565 0.000590983 0.8 0.8 0.8
vn -0.0029099 0.309352 -0.950943
v -0.0279521 0.031315 0.000590983 0.8 0.8 0.8
vn -0.0364283 0.307905 -0.95072
v -0.0314157 0.030611 0.000590983 0.8 0.8 0.8
vn -0.0908139 0.26637 -0.959583
v -0.0337182 0.0294948 0.000590983 0.8 0.8 0.8
vn -0.154129 0.204183 -0.966723
v -0.0353085 0.0278625 0.000590983 0.8 0.8 0.8
vn -0.216298 0.132972 -0.96723
v -0.0363655 0.0254801 0.000590983 0.8 0.8 0.8
vn -0.268333 0.0656717 -0.961085
v -0.0369737 0.0216499 0.000590983 0.8 0.8 0.8
vn -0.321866 0.00822717 -0.946749
v -0.0371726 4.37635e-06 0.000590983 0.8 0.8 0.8
vn -0.298717 -0.000494536 -0.954342
v -0.0369737 -0.0216498 0.000590983 0.8 0.8 0.8
vn -0.26644 -0.0105379 -0.963794
v -0.0363655 -0.0254801 0.000590983 0.8 0.8 0.8
vn -0.250423 -0.0734723 -0.965345
v -0.0353085 -0.0278624 0.000590983 0.8 0.8 0.8
vn -0.203229 -0.143716 -0.968527
v -0.0337182 -0.0294947 0.000590983 0.8 0.8 0.8
vn -0.14367 -0.217556 -0.965416
v -0.0314157 -0.030611 0.000590983 0.8 0.8 0.8
vn -0.0827756 -0.283309 -0.95545
v -0.0279521 -0.0313149 0.000590983 0.8 0.8 0.8
vn -0.0313088 -0.334489 -0.941879
v -0.0214851 -0.0316565 0.000590983 0.8 0.8 0.8
vn -0.0018737 -0.374863 -0.927078
v 0.0214851 -0.0316565 0.000590983 0.8 0.8 0.8
vn 0.0029099 -0.309352 -0.950943
v 0.0279521 -0.0313149 0.000590983 0.8 0.8 0.8
vn 0.0364283 -0.307905 -0.95072
v 0.0314157 -0.030611 0.000590983 0.8 0.8 0.8
vn 0.0908139 -0.26637 -0.959583
v 0.0337182 -0.0294947 0.000590983 0.8 0.8 0.8
vn 0.154129 -0.204183 -0.966723
v 0.0353085 -0.0278624 0.000590983 0.8 0.8 0.8
vn 0.216298 -0.132972 -0.96723
v 0.0363655 -0.0254801 0.000590983 0.8 0.8 0.8
vn 0.268333 -0.0656717 -0.961085
v 0.0369737 -0.0216498 0.000590983 0.8 0.8 0.8
vn 0.321869 -0.00822577 -0.946749
v 0.0347677 2.77796e-08 0.000187833 0.8 0.8 0.8
vn 0.113383 0.000196764 -0.993551
v 0.0345817 0.0202492 0.000187833 0.8 0.8 0.8
vn 0.0990956 0.0039633 -0.99507
v 0.0340128 0.0238317 0.000187833 0.8 0.8 0.8
vn 0.0938226 0.0276468 -0.995205
v 0.0330242 0.0260599 0.000187833 0.8 0.8 0.8
vn 0.0760134 0.0539354 -0.995647
v 0.0315368 0.0275866 0.000187833 0.8 0.8 0.8
vn 0.0539125 0.0819021 -0.995181
v 0.0293832 0.0286306 0.000187833 0.8 0.8 0.8
vn 0.0313454 0.107685 -0.993691
v 0.0261437 0.029289 0.000187833 0.8 0.8 0.8
vn 0.0120003 0.12894 -0.99158
v 0.0200951 0.0296085 0.000187833 0.8 0.8 0.8
vn 0.000724888 0.147409 -0.989075
v -0.0200951 0.0296085 0.000187833 0.8 0.8 0.8
vn -0.00111017 0.116293 -0.993214
v -0.0261437 0.029289 0.000187833 0.8 0.8 0.8
vn -0.0138873 0.116723 -0.993067
v -0.0293832 0.0286306 0.000187833 0.8 0.8 0.8
vn -0.0343508 0.100383 -0.994356
v -0.0315368 0.0275866 0.000187833 0.8 0.8 0.8
vn -0.0579448 0.0765157 -0.995383
v -0.0330242 0.0260599 0.000187833 0.8 0.8 0.8
vn -0.0813212 0.0498244 -0.995442
v -0.0340128 0.0238317 0.000187833 0.8 0.8 0.8
vn -0.101548 0.0247435 -0.994523
v -0.0345817 0.0202492 0.000187833 0.8 0.8 0.8
vn -0.124257 0.00314374 -0.992245
v -0.0347677 4.09501e-06 0.000187833 0.8 0.8 0.8
vn -0.113386 -0.000196763 -0.993551
v -0.0345817 -0.0202492 0.000187833 0.8 0.8 0.8
vn -0.0990949 -0.00396264 -0.99507
v -0.0340128 -0.0238316 0.000187833 0.8 0.8 0.8
vn -0.0938226 -0.0276468 -0.995205
v -0.0330242 -0.0260598 0.000187833 0.8 0.8 0.8
vn -0.0760134 -0.0539354 -0.995647
v -0.0315368 -0.0275865 0.000187833 0.8 0.8 0.8
vn -0.0539125 -0.0819021 -0.995181
v -0.0293832 -0.0286306 0.000187833 0.8 0.8 0.8
vn -0.0313454 -0.107685 -0.993691
v -0.0261437 -0.029289 0.000187833 0.8 0.8 0.8
vn -0.0120003 -0.12894 -0.99158
v -0.0200951 -0.0296084 0.000187833 0.8 0.8 0.8
vn -0.000724888 -0.147409 -0.989075
v 0.0200951 -0.0296084 0.000187833 0.8 0.8 0.8
vn 0.00111017 -0.116293 -0.993214
v 0.0261437 -0.029289 0.000187833 0.8 0.8 0.8
vn 0.0138873 -0.116723 -0.993067
v 0.0293832 -0.0286306 0.000187833 0.8 0.8 0.8
vn 0.0343508 -0.100383 -0.994356
v 0.0315368 -0.0275865 0.000187833 0.8 0.8 0.8
vn 0.0579448 -0.0765157 -0.995383
v 0.0330242 -0.0260598 0.000187833 0.8 0.8 0.8
vn 0.0813212 -0.0498244 -0.995442
v 0.0340128 -0.0238316 0.000187833 0.8 0.8 0.8
vn 0.101548 -0.0247435 -0.994523
v 0.0345817 -0.0202492 0.000187833 0.8 0.8 0.8
vn 0.124258 -0.00314321 -0.992245
v 0.0324247 2.77796e-08 5.51619e-05 0.8 0.8 0.8
vn 0.0375282 6.86893e-05 -0.999296
v 0.0322513 0.0188847 5.51619e-05 0.8 0.8 0.8
vn 0.032444 0.00131475 -0.999473
v 0.0317208 0.0222257 5.51619e-05 0.8 0.8 0.8
vn 0.0309218 0.00915902 -0.99948
v 0.0307987 0.0243038 5.51619e-05 0.8 0.8 0.8
vn 0.0250597 0.0178525 -0.999527
v 0.0294116 0.0257276 5.51619e-05 0.8 0.8 0.8
vn 0.017783 0.0271192 -0.999474
v 0.0274031 0.0267013 5.51619e-05 0.8 0.8 0.8
vn 0.0103499 0.0357152 -0.999308
v 0.0243819 0.0273153 5.51619e-05 0.8 0.8 0.8
vn 0.00396536 0.0428971 -0.999072
v 0.018741 0.0276132 5.51619e-05 0.8 0.8 0.8
vn 0.000238111 0.0493743 -0.99878
v -0.018741 0.0276132 5.51619e-05 0.8 0.8 0.8
vn -0.000370293 0.0381134 -0.999273
v -0.0243819 0.0273153 5.51619e-05 0.8 0.8 0.8
vn -0.00461203 0.0385063 -0.999248
v -0.0274032 0.0267013 5.51619e-05 0.8 0.8 0.8
vn -0.0113851 0.0331242 -0.999386
v -0.0294116 0.0257276 5.51619e-05 0.8 0.8 0.8
vn -0.0191829 0.0252339 -0.999498
v -0.0307987 0.0243038 5.51619e-05 0.8 0.8 0.8
vn -0.0269233 0.0164292 -0.999502
v -0.0317208 0.0222257 5.51619e-05 0.8 0.8 0.8
vn -0.0336678 0.00816071 -0.9994
v -0.0322513 0.0188847 5.51619e-05 0.8 0.8 0.8
vn -0.041485 0.00103688 -0.999139
v -0.0324248 3.82093e-06 5.51619e-05 0.8 0.8 0.8
vn -0.0375295 -6.8689e-05 -0.999296
v -0.0322513 -0.0188846 5.51619e-05 0.8 0.8 0.8
vn -0.0324437 -0.00131453 -0.999473
v -0.0317208 -0.0222257 5.51619e-05 0.8 0.8 0.8
vn -0.0309218 -0.00915902 -0.99948
v -0.0307987 -0.0243037 5.51619e-05 0.8 0.8 0.8
vn -0.0250597 -0.0178525 -0.999527
v -0.0294116 -0.0257275 5.51619e-05 0.8 0.8 0.8
vn -0.017783 -0.0271192 -0.999474
v -0.0274032 -0.0267012 5.51619e-05 0.8 0.8 0.8
vn -0.0103499 -0.0357152 -0.999308
v -0.0243819 -0.0273152 5.51619e-05 0.8 0.8 0.8
vn -0.00396536 -0.0428971 -0.999072
v -0.018741 -0.0276132 5.51619e-05 0.8 0.8 0.8
vn -0.000238111 -0.0493743 -0.99878
v 0.018741 -0.0276132 5.51619e-05 0.8 0.8 0.8
vn 0.000370293 -0.0381134 -0.999273
v 0.0243819 -0.0273152 5.51619e-05 0.8 0.8 0.8
vn 0.00461203 -0.0385063 -0.999248
v 0.0274031 -0.0267012 5.51619e-05 0.8 0.8 0.8
vn 0.0113851 -0.0331242 -0.999386
v 0.0294116 -0.0257275 5.51619e-05 0.8 0.8 0.8
vn 0.0191829 -0.0252339 -0.999498
v 0.0307987 -0.0243037 5.51619e-05 0.8 0.8 0.8
vn 0.0269233 -0.0164292 -0.999502
v 0.0317208 -0.0222257 5.51619e-05 0.8 0.8 0.8
vn 0.0336678 -0.00816071 -0.9994
v 0.0322513 -0.0188846 5.51619e-05 0.8 0.8 0.8
vn 0.0414855 -0.0010367 -0.999139
v 0.0301016 2.77796e-08 1.47969e-05 0.8 0.8 0.8
vn 0.0112767 2.18503e-05 -0.999936
v 0.0299406 0.0175316 1.47969e-05 0.8 0.8 0.8
vn 0.00965966 0.000397324 -0.999953
v 0.0294481 0.0206333 1.47969e-05 0.8 0.8 0.8
vn 0.00926455 0.00276023 -0.999953
v 0.0285921 0.0225625 1.47969e-05 0.8 0.8 0.8
vn 0.00751175 0.00537567 -0.999957
v 0.0273043 0.0238843 1.47969e-05 0.8 0.8 0.8
vn 0.00533044 0.00816436 -0.999952
v 0.0254398 0.0247882 1.47969e-05 0.8 0.8 0.8
vn 0.00310114 0.0107554 -0.999937
v 0.022635 0.0253582 1.47969e-05 0.8 0.8 0.8
vn 0.00118639 0.0129333 -0.999916
v 0.0173982 0.0256348 1.47969e-05 0.8 0.8 0.8
vn 7.05019e-05 0.0149472 -0.999888
v -0.0173982 0.0256348 1.47969e-05 0.8 0.8 0.8
vn -0.000112414 0.011343 -0.999936
v -0.022635 0.0253582 1.47969e-05 0.8 0.8 0.8
vn -0.00139141 0.0115297 -0.999933
v -0.0254398 0.0247882 1.47969e-05 0.8 0.8 0.8
vn -0.0034297 0.00992888 -0.999945
v -0.0273044 0.0238843 1.47969e-05 0.8 0.8 0.8
vn -0.0057754 0.00756434 -0.999955
v -0.0285921 0.0225625 1.47969e-05 0.8 0.8 0.8
vn -0.00810528 0.00492354 -0.999955
v -0.0294481 0.0206333 1.47969e-05 0.8 0.8 0.8
vn -0.010141 0.00244353 -0.999946
v -0.0299406 0.0175316 1.47969e-05 0.8 0.8 0.8
vn -0.0125509 0.00030941 -0.999921
v -0.0301016 3.54916e-06 1.47969e-05 0.8 0.8 0.8
vn -0.0112771 -2.18502e-05 -0.999936
v -0.0299406 -0.0175316 1.47969e-05 0.8 0.8 0.8
vn -0.00965958 -0.000397258 -0.999953
v -0.0294481 -0.0206333 1.47969e-05 0.8 0.8 0.8
vn -0.00926455 -0.00276023 -0.999953
v -0.0285921 -0.0225624 1.47969e-05 0.8 0.8 0.8
vn -0.00751175 -0.00537567 -0.999957
v -0.0273044 -0.0238842 1.47969e-05 0.8 0.8 0.8
vn -0.00533044 -0.00816436 -0.999952
v -0.0254398 -0.0247881 1.47969e-05 0.8 0.8 0.8
vn -0.00310114 -0.0107554 -0.999937
v -0.022635 -0.0253582 1.47969e-05 0.8 0.8 0.8
vn -0.00118639 -0.0129333 -0.999916
v -0.0173982 -0.0256348 1.47969e-05 0.8 0.8 0.8
vn -7.05019e-05 -0.0149472 -0.999888
v 0.0173982 -0.0256348 1.47969e-05 0.8 0.8 0.8
vn 0.000112414 -0.011343 -0.999936
v 0.022635 -0.0253582 1.47969e-05 0.8 0.8 0.8
vn 0.00139141 -0.0115297 -0.999933
v 0.0254398 -0.0247881 1.47969e-05 0.8 0.8 0.8
vn 0.0034297 -0.00992888 -0.999945
v 0.0273043 -0.0238842 1.47969e-05 0.8 0.8 0.8
vn 0.0057754 -0.00756434 -0.999955
v 0.0285921 -0.0225624 1.47969e-05 0.8 0.8 0.8
vn 0.00810528 -0.00492354 -0.999955
v 0.0294481 -0.0206333 1.47969e-05 0.8 0.8 0.8
vn 0.010141 -0.00244353 -0.999946
v 0.0299406 -0.0175316 1.47969e-05 0.8 0.8 0.8
vn 0.012551 -0.000309358 -0.999921
v 0.0277843 2.77796e-08 3.57644e-06 0.8 0.8 0.8
vn 0.00307829 6.33178e-06 -0.999995
v 0.0276357 0.016182 3.57644e-06 0.8 0.8 0.8
vn 0.00261197 0.000109239 -0.999997
v 0.0271811 0.0190449 3.57644e-06 0.8 0.8 0.8
vn 0.00252162 0.000756173 -0.999997
v 0.026391 0.0208255 3.57644e-06 0.8 0.8 0.8
vn 0.00204552 0.00147123 -0.999997
v 0.0252024 0.0220456 3.57644e-06 0.8 0.8 0.8
vn 0.00145133 0.00223368 -0.999996
v 0.0234813 0.0228799 3.57644e-06 0.8 0.8 0.8
vn 0.00084378 0.00294282 -0.999995
v 0.0208925 0.0234061 3.57644e-06 0.8 0.8 0.8
vn 0.000322149 0.00354205 -0.999994
v 0.0160589 0.0236614 3.57644e-06 0.8 0.8 0.8
vn 1.89052e-05 0.004109 -0.999992
v -0.0160589 0.0236614 3.57644e-06 0.8 0.8 0.8
vn -3.10572e-05 0.00306532 -0.999995
v -0.0208925 0.0234061 3.57644e-06 0.8 0.8 0.8
vn -0.000381589 0.00313555 -0.999995
v -0.0234814 0.0228799 3.57644e-06 0.8 0.8 0.8
vn -0.000939014 0.0027034 -0.999996
v -0.0252024 0.0220456 3.57644e-06 0.8 0.8 0.8
vn -0.00158027 0.00205982 -0.999997
v -0.026391 0.0208255 3.57644e-06 0.8 0.8 0.8
vn -0.00221747 0.00134019 -0.999997
v -0.0271811 0.0190449 3.57644e-06 0.8 0.8 0.8
vn -0.00277546 0.000664364 -0.999996
v -0.0276357 0.016182 3.57644e-06 0.8 0.8 0.8
vn -0.00344915 8.37401e-05 -0.999994
v -0.0277843 3.27807e-06 3.57644e-06 0.8 0.8 0.8
vn -0.00307841 -6.33174e-06 -0.999995
v -0.0276357 -0.0161819 3.57644e-06 0.8 0.8 0.8
vn -0.00261194 -0.000109221 -0.999997
v -0.0271811 -0.0190448 3.57644e-06 0.8 0.8 0.8
vn -0.00252162 -0.000756173 -0.999997
v -0.026391 -0.0208255 3.57644e-06 0.8 0.8 0.8
vn -0.00204552 -0.00147123 -0.999997
v -0.0252024 -0.0220455 3.57644e-06 0.8 0.8 0.8
vn -0.00145133 -0.00223368 -0.999996
v -0.0234814 -0.0228799 3.57644e-06 0.8 0.8 0.8
vn -0.00084378 -0.00294282 -0.999995
v -0.0208925 -0.023406 3.57644e-06 0.8 0.8 0.8
vn -0.000322149 -0.00354205 -0.999994
v -0.0160589 -0.0236613 3.57644e-06 0.8 0.8 0.8
vn -1.89052e-05 -0.004109 -0.999992
v 0.0160589 -0.0236613 3.57644e-06 0.8 0.8 0.8
vn 3.10572e-05 -0.00306532 -0.999995
v 0.0208925 -0.023406 3.57644e-06 0.8 0.8 0.8
vn 0.000381589 -0.00313555 -0.999995
v 0.0234813 -0.0228799 3.57644e-06 0.8 0.8 0.8
vn 0.000939014 -0.0027034 -0.999996
v 0.0252024 -0.0220455 3.57644e-06 0.8 0.8 0.8
vn 0.00158027 -0.00205982 -0.999997
v 0.026391 -0.0208255 3.57644e-06 0.8 0.8 0.8
vn 0.00221747 -0.00134019 -0.999997
v 0.0271811 -0.0190448 3.57644e-06 0.8 0.8 0.8
vn 0.00277546 -0.000664364 -0.999996
v 0.0276357 -0.0161819 3.57644e-06 0.8 0.8 0.8
vn 0.00344919 -8.3726e-05 -0.999994
v 0.0254685 2.77796e-08 7.68453e-07 0.8 0.8 0.8
vn 0.000754718 1.65186e-06 -1
v 0.0253323 0.0148333 7.68453e-07 0.8 0.8 0.8
vn 0.00063383 2.7003e-05 -1
v 0.0249156 0.0174575 7.68453e-07 0.8 0.8 0.8
vn 0.000616285 0.00018614 -1
v 0.0241913 0.0190898 7.68453e-07 0.8 0.8 0.8
vn 0.00050017 0.000361753 -1
v 0.0231018 0.0202081 7.68453e-07 0.8 0.8 0.8
vn 0.000354812 0.000548998 -1
v 0.0215242 0.0209729 7.68453e-07 0.8 0.8 0.8
vn 0.000206117 0.000723329 -1
v 0.0191511 0.0214552 7.68453e-07 0.8 0.8 0.8
vn 7.85101e-05 0.000871432 -1
v 0.0147204 0.0216892 7.68453e-07 0.8 0.8 0.8
vn 4.54149e-06 0.00101482 -0.999999
v -0.0147204 0.0216892 7.68453e-07 0.8 0.8 0.8
vn -7.71767e-06 0.000743345 -1
v -0.0191512 0.0214552 7.68453e-07 0.8 0.8 0.8
vn -9.40443e-05 0.00076564 -1
v -0.0215242 0.0209729 7.68453e-07 0.8 0.8 0.8
vn -0.000230989 0.000660955 -1
v -0.0231018 0.0202081 7.68453e-07 0.8 0.8 0.8
vn -0.00038846 0.000503653 -1
v -0.0241913 0.0190898 7.68453e-07 0.8 0.8 0.8
vn -0.000544993 0.000327542 -1
v -0.0249156 0.0174575 7.68453e-07 0.8 0.8 0.8
vn -0.000682381 0.000162154 -1
v -0.0253323 0.0148333 7.68453e-07 0.8 0.8 0.8
vn -0.000851605 2.03295e-05 -1
v -0.0254685 3.00717e-06 7.68453e-07 0.8 0.8 0.8
vn -0.000754749 -1.65185e-06 -1
v -0.0253323 -0.0148332 7.68453e-07 0.8 0.8 0.8
vn -0.000633824 -2.69985e-05 -1
v -0.0249156 -0.0174575 7.68453e-07 0.8 0.8 0.8
vn -0.000616285 -0.00018614 -1
v -0.0241913 -0.0190897 7.68453e-07 0.8 0.8 0.8
vn -0.00050017 -0.000361753 -1
v -0.0231018 -0.0202081 7.68453e-07 0.8 0.8 0.8
vn -0.000354812 -0.000548998 -1
v -0.0215242 -0.0209729 7.68453e-07 0.8 0.8 0.8
vn -0.000206117 -0.000723329 -1
v -0.0191512 -0.0214552 7.68453e-07 0.8 0.8 0.8
vn -7.85101e-05 -0.000871432 -1
v -0.0147204 -0.0216892 7.68453e-07 0.8 0.8 0.8
vn -4.54149e-06 -0.00101482 -0.999999
v 0.0147204 -0.0216892 7.68453e-07 0.8 0.8 0.8
vn 7.71767e-06 -0.000743345 -1
v 0.0191511 -0.0214552 7.68453e-07 0.8 0.8 0.8
vn 9.40443e-05 -0.00076564 -1
v 0.0215242 -0.0209729 7.68453e-07 0.8 0.8 0.8
vn 0.000230989 -0.000660955 -1
v 0.0231018 -0.0202081 7.68453e-07 0.8 0.8 0.8
vn 0.00038846 -0.000503653 -1
v 0.0241913 -0.0190897 7.68453e-07 0.8 0.8 0.8
vn 0.000544993 -0.000327542 -1
v 0.0249156 -0.0174575 7.68453e-07 0.8 0.8 0.8
vn 0.000682381 -0.000162154 -1
v 0.0253323 -0.0148332 7.68453e-07 0.8 0.8 0.8
vn 0.000851615 -2.03261e-05 -1
v 0.0231531 2.77796e-08 1.47479e-07 0.8 0.8 0.8
vn 0.0001633 3.81107e-07 -1
v 0.0230293 0.0134847 1.47479e-07 0.8 0.8 0.8
vn 0.000135608 5.89673e-06 -1
v 0.0226504 0.0158704 1.47479e-07 0.8 0.8 0.8
vn 0.000132889 4.04555e-05 -1
v 0.021992 0.0173543 1.47479e-07 0.8 0.8 0.8
vn 0.000107906 7.85238e-05 -1
v 0.0210015 0.018371 1.47479e-07 0.8 0.8 0.8
vn 7.65292e-05 0.000119111 -1
v 0.0195674 0.0190662 1.47479e-07 0.8 0.8 0.8
vn 4.44164e-05 0.000156938 -1
v 0.0174101 0.0195047 1.47479e-07 0.8 0.8 0.8
vn 1.68737e-05 0.000189255 -1
v 0.0133821 0.0197174 1.47479e-07 0.8 0.8 0.8
vn 9.60213e-07 0.000221282 -1
v -0.0133821 0.0197174 1.47479e-07 0.8 0.8 0.8
vn -1.695e-06 0.00015892 -1
v -0.0174101 0.0195047 1.47479e-07 0.8 0.8 0.8
vn -2.04668e-05 0.000164934 -1
v -0.0195674 0.0190662 1.47479e-07 0.8 0.8 0.8
vn -5.01639e-05 0.000142576 -1
v -0.0210016 0.018371 1.47479e-07 0.8 0.8 0.8
vn -8.42951e-05 0.000108653 -1
v -0.0219921 0.0173543 1.47479e-07 0.8 0.8 0.8
vn -0.000118236 7.06229e-05 -1
v -0.0226504 0.0158704 1.47479e-07 0.8 0.8 0.8
vn -0.000148095 3.49101e-05 -1
v -0.0230293 0.0134847 1.47479e-07 0.8 0.8 0.8
vn -0.000185638 4.34999e-06 -1
v -0.0231531 2.7363e-06 1.47479e-07 0.8 0.8 0.8
vn -0.000163307 -3.81104e-07 -1
v -0.0230293 -0.0134847 1.47479e-07 0.8 0.8 0.8
vn -0.000135606 -5.89575e-06 -1
v -0.0226504 -0.0158704 1.47479e-07 0.8 0.8 0.8
vn -0.000132889 -4.04555e-05 -1
v -0.0219921 -0.0173542 1.47479e-07 0.8 0.8 0.8
vn -0.000107906 -7.85238e-05 -1
v -0.0210016 -0.0183709 1.47479e-07 0.8 0.8 0.8
vn -7.65292e-05 -0.000119111 -1
v -0.0195674 -0.0190662 1.47479e-07 0.8 0.8 0.8
vn -4.44164e-05 -0.000156938 -1
v -0.0174101 -0.0195046 1.47479e-07 0.8 0.8 0.8
vn -1.68737e-05 -0.000189255 -1
v -0.0133821 -0.0197174 1.47479e-07 0.8 0.8 0.8
vn -9.60213e-07 -0.000221282 -1
v 0.0133821 -0.0197174 1.47479e-07 0.8 0.8 0.8
vn 1.695e-06 -0.00015892 -1
v 0.0174101 -0.0195046 1.47479e-07 0.8 0.8 0.8
vn 2.04668e-05 -0.000164934 -1
v 0.0195674 -0.0190662 1.47479e-07 0.8 0.8 0.8
vn 5.01639e-05 -0.000142576 -1
v 0.0210015 -0.0183709 1.47479e-07 0.8 0.8 0.8
vn 8.42951e-05 -0.000108653 -1
v 0.021992 -0.0173542 1.47479e-07 0.8 0.8 0.8
vn 0.000118236 -7.06229e-05 -1
v 0.0226504 -0.0158704 1.47479e-07 0.8 0.8 0.8
vn 0.000148095 -3.49101e-05 -1
v 0.0230293 -0.0134847 1.47479e-07 0.8 0.8 0.8
vn 0.00018564 -4.34925e-06 -1
v 0.0208378 2.77796e-08 2.90042e-08 0.8 0.8 0.8
vn 3.04614e-05 7.59288e-08 -1
v 0.0207263 0.0121362 2.90042e-08 0.8 0.8 0.8
vn 2.49876e-05 1.11135e-06 -1
v 0.0203854 0.0142834 2.90042e-08 0.8 0.8 0.8
vn 2.46965e-05 7.58365e-06 -1
v 0.0197928 0.0156188 2.90042e-08 0.8 0.8 0.8
vn 2.00642e-05 1.4699e-05 -1
v 0.0189014 0.0165339 2.90042e-08 0.8 0.8 0.8
vn 1.42259e-05 2.22842e-05 -1
v 0.0176106 0.0171596 2.90042e-08 0.8 0.8 0.8
vn 8.24788e-06 2.93611e-05 -1
v 0.015669 0.0175542 2.90042e-08 0.8 0.8 0.8
vn 3.12402e-06 3.54422e-05 -1
v 0.0120439 0.0177457 2.90042e-08 0.8 0.8 0.8
vn 1.74501e-07 4.16111e-05 -1
v -0.0120439 0.0177457 2.90042e-08 0.8 0.8 0.8
vn -3.21428e-07 2.92593e-05 -1
v -0.0156691 0.0175542 2.90042e-08 0.8 0.8 0.8
vn -3.84236e-06 3.06199e-05 -1
v -0.0176107 0.0171596 2.90042e-08 0.8 0.8 0.8
vn -9.3954e-06 2.65075e-05 -1
v -0.0189014 0.0165339 2.90042e-08 0.8 0.8 0.8
vn -1.57738e-05 2.02017e-05 -1
v -0.0197928 0.0156188 2.90042e-08 0.8 0.8 0.8
vn -2.21188e-05 1.31227e-05 -1
v -0.0203854 0.0142834 2.90042e-08 0.8 0.8 0.8
vn -2.77146e-05 6.47574e-06 -1
v -0.0207263 0.0121362 2.90042e-08 0.8 0.8 0.8
vn -3.48983e-05 8.01294e-07 -1
v -0.0208378 2.46545e-06 2.90042e-08 0.8 0.8 0.8
vn -3.04628e-05 -7.59282e-08 -1
v -0.0207263 -0.0121362 2.90042e-08 0.8 0.8 0.8
vn -2.49873e-05 -1.11116e-06 -1
v -0.0203854 -0.0142833 2.90042e-08 0.8 0.8 0.8
vn -2.46965e-05 -7.58365e-06 -1
v -0.0197928 -0.0156188 2.90042e-08 0.8 0.8 0.8
vn -2.00642e-05 -1.4699e-05 -1
v -0.0189014 -0.0165338 2.90042e-08 0.8 0.8 0.8
vn -1.42259e-05 -2.22842e-05 -1
v -0.0176107 -0.0171595 2.90042e-08 0.8 0.8 0.8
vn -8.24788e-06 -2.93611e-05 -1
v -0.0156691 -0.0175542 2.90042e-08 0.8 0.8 0.8
vn -3.12402e-06 -3.54422e-05 -1
v -0.0120439 -0.0177456 2.90042e-08 0.8 0.8 0.8
vn -1.74501e-07 -4.16111e-05 -1
v 0.0120439 -0.0177456 2.90042e-08 0.8 0.8 0.8
vn 3.21428e-07 -2.92593e-05 -1
v 0.015669 -0.0175542 2.90042e-08 0.8 0.8 0.8
vn 3.84236e-06 -3.06199e-05 -1
v 0.0176106 -0.0171595 2.90042e-08 0.8 0.8 0.8
vn 9.3954e-06 -2.65075e-05 -1
v 0.0189014 -0.0165338 2.90042e-08 0.8 0.8 0.8
vn 1.57738e-05 -2.02017e-05 -1
v 0.0197928 -0.0156188 2.90042e-08 0.8 0.8 0.8
vn 2.21188e-05 -1.31227e-05 -1
v 0.0203854 -0.0142833 2.90042e-08 0.8 0.8 0.8
vn 2.77146e-05 -6.47574e-06 -1
v 0.0207263 -0.0121362 2.90042e-08 0.8 0.8 0.8
vn 3.48987e-05 -8.01158e-07 -1
v 0.0185225 2.77796e-08 1.01113e-08 0.8 0.8 0.8
vn 4.74926e-06 1.26567e-08 -1
v 0.0184234 0.0107878 1.01113e-08 0.8 0.8 0.8
vn 3.8451e-06 1.75285e-07 -1
v 0.0181203 0.0126963 1.01113e-08 0.8 0.8 0.8
vn 3.83521e-06 1.1888e-06 -1
v 0.0175936 0.0138834 1.01113e-08 0.8 0.8 0.8
vn 3.11745e-06 2.30052e-06 -1
v 0.0168012 0.0146968 1.01113e-08 0.8 0.8 0.8
vn 2.20955e-06 3.48544e-06 -1
v 0.0156539 0.015253 1.01113e-08 0.8 0.8 0.8
vn 1.27954e-06 4.59207e-06 -1
v 0.013928 0.0156037 1.01113e-08 0.8 0.8 0.8
vn 4.83026e-07 5.54854e-06 -1
v 0.0107057 0.0157739 1.01113e-08 0.8 0.8 0.8
vn 2.64189e-08 6.54099e-06 -1
v -0.0107057 0.0157739 1.01113e-08 0.8 0.8 0.8
vn -5.10312e-08 4.49841e-06 -1
v -0.0139281 0.0156037 1.01113e-08 0.8 0.8 0.8
vn -6.03324e-07 4.74994e-06 -1
v -0.0156539 0.015253 1.01113e-08 0.8 0.8 0.8
vn -1.47137e-06 4.11814e-06 -1
v -0.0168012 0.0146968 1.01113e-08 0.8 0.8 0.8
vn -2.46775e-06 3.13854e-06 -1
v -0.0175936 0.0138834 1.01113e-08 0.8 0.8 0.8
vn -3.45921e-06 2.03729e-06 -1
v -0.0181203 0.0126963 1.01113e-08 0.8 0.8 0.8
vn -4.33571e-06 1.00342e-06 -1
v -0.0184234 0.0107878 1.01113e-08 0.8 0.8 0.8
vn -5.48427e-06 1.23175e-07 -1
v -0.0185225 2.1946e-06 1.01113e-08 0.8 0.8 0.8
vn -4.74949e-06 -1.26566e-08 -1
v -0.0184234 -0.0107877 1.01113e-08 0.8 0.8 0.8
vn -3.84505e-06 -1.75256e-07 -1
v -0.0181203 -0.0126963 1.01113e-08 0.8 0.8 0.8
vn -3.83521e-06 -1.1888e-06 -1
v -0.0175936 -0.0138834 1.01113e-08 0.8 0.8 0.8
vn -3.11745e-06 -2.30052e-06 -1
v -0.0168012 -0.0146967 1.01113e-08 0.8 0.8 0.8
vn -2.20955e-06 -3.48544e-06 -1
v -0.0156539 -0.0152529 1.01113e-08 0.8 0.8 0.8
vn -1.27954e-06 -4.59207e-06 -1
v -0.0139281 -0.0156037 1.01113e-08 0.8 0.8 0.8
vn -4.83026e-07 -5.54854e-06 -1
v -0.0107057 -0.0157739 1.01113e-08 0.8 0.8 0.8
vn -2.64189e-08 -6.54099e-06 -1
v 0.0107057 -0.0157739 1.01113e-08 0.8 0.8 0.8
vn 5.10312e-08 -4.49841e-06 -1
v 0.013928 -0.0156037 1.01113e-08 0.8 0.8 0.8
vn 6.03324e-07 -4.74994e-06 -1
v 0.0156539 -0.0152529 1.01113e-08 0.8 0.8 0.8
vn 1.47137e-06 -4.11814e-06 -1
v 0.0168012 -0.0146967 1.01113e-08 0.8 0.8 0.8
vn 2.46775e-06 -3.13854e-06 -1
v 0.0175936 -0.0138834 1.01113e-08 0.8 0.8 0.8
vn 3.45921e-06 -2.03729e-06 -1
v 0.0181203 -0.0126963 1.01113e-08 0.8 0.8 0.8
vn 4.33571e-06 -1.00342e-06 -1
v 0.0184234 -0.0107877 1.01113e-08 0.8 0.8 0.8
vn 5.48434e-06 -1.23154e-07 -1
v 0.0162072 2.77796e-08 7.6989e-09 0.8 0.8 0.8
vn 5.93552e-07 1.69121e-09 -1
v 0.0161205 0.00943931 7.6989e-09 0.8 0.8 0.8
vn 4.74058e-07 2.21932e-08 -1
v 0.0158553 0.0111093 7.6989e-09 0.8 0.8 0.8
vn 4.77351e-07 1.49456e-07 -1
v 0.0153944 0.012148 7.6989e-09 0.8 0.8 0.8
vn 3.88192e-07 2.88705e-07 -1
v 0.0147011 0.0128597 7.6989e-09 0.8 0.8 0.8
vn 2.75016e-07 4.37076e-07 -1
v 0.0136972 0.0133464 7.6989e-09 0.8 0.8 0.8
vn 1.59045e-07 5.75768e-07 -1
v 0.012187 0.0136533 7.6989e-09 0.8 0.8 0.8
vn 5.98137e-08 6.96301e-07 -1
v 0.00936747 0.0138022 7.6989e-09 0.8 0.8 0.8
vn 3.19495e-09 8.23978e-07 -1
v -0.00936748 0.0138022 7.6989e-09 0.8 0.8 0.8
vn -6.50614e-09 5.54083e-07 -1
v -0.012187 0.0136533 7.6989e-09 0.8 0.8 0.8
vn -7.59913e-08 5.90563e-07 -1
v -0.0136972 0.0133464 7.6989e-09 0.8 0.8 0.8
vn -1.8478e-07 5.12763e-07 -1
v -0.0147011 0.0128597 7.6989e-09 0.8 0.8 0.8
vn -3.09549e-07 3.90767e-07 -1
v -0.0153944 0.012148 7.6989e-09 0.8 0.8 0.8
vn -4.33723e-07 2.53441e-07 -1
v -0.0158553 0.0111093 7.6989e-09 0.8 0.8 0.8
vn -5.43748e-07 1.24556e-07 -1
v -0.0161205 0.00943931 7.6989e-09 0.8 0.8 0.8
vn -6.907e-07 1.5151e-08 -1
v -0.0162072 1.92375e-06 7.6989e-09 0.8 0.8 0.8
vn -5.93583e-07 -1.6912e-09 -1
v -0.0161205 -0.00943925 7.6989e-09 0.8 0.8 0.8
vn -4.74051e-07 -2.21895e-08 -1
v -0.0158553 -0.0111092 7.6989e-09 0.8 0.8 0.8
vn -4.77351e-07 -1.49456e-07 -1
v -0.0153944 -0.0121479 7.6989e-09 0.8 0.8 0.8
vn -3.88192e-07 -2.88705e-07 -1
v -0.0147011 -0.0128596 7.6989e-09 0.8 0.8 0.8
vn -2.75016e-07 -4.37076e-07 -1
v -0.0136972 -0.0133463 7.6989e-09 0.8 0.8 0.8
vn -1.59045e-07 -5.75768e-07 -1
v -0.012187 -0.0136532 7.6989e-09 0.8 0.8 0.8
vn -5.98137e-08 -6.96301e-07 -1
v -0.00936748 -0.0138021 7.6989e-09 0.8 0.8 0.8
vn -3.19495e-09 -8.23978e-07 -1
v 0.00936747 -0.0138021 7.6989e-09 0.8 0.8 0.8
vn 6.50614e-09 -5.54083e-07 -1
v 0.012187 -0.0136532 7.6989e-09 0.8 0.8 0.8
vn 7.59913e-08 -5.90563e-07 -1
v 0.0136972 -0.0133463 7.6989e-09 0.8 0.8 0.8
vn 1.8478e-07 -5.12763e-07 -1
v 0.0147011 -0.0128596 7.6989e-09 0.8 0.8 0.8
vn 3.09549e-07 -3.90767e-07 -1
v 0.0153944 -0.0121479 7.6989e-09 0.8 0.8 0.8
vn 4.33723e-07 -2.53441e-07 -1
v 0.0158553 -0.0111092 7.6989e-09 0.8 0.8 0.8
vn 5.43748e-07 -1.24556e-07 -1
v 0.0161205 -0.00943925 7.6989e-09 0.8 0.8 0.8
vn 6.90709e-07 -1.51484e-08 -1
v 0.0138918 2.77796e-08 7.46665e-09 0.8 0.8 0.8
vn 5.60914e-08 1.70641e-10 -1
v 0.0138175 0.00809084 7.46665e-09 0.8 0.8 0.8
vn 4.42044e-08 2.12841e-09 -1
v 0.0135902 0.00952227 7.46665e-09 0.8 0.8 0.8
vn 4.49275e-08 1.4215e-08 -1
v 0.0131952 0.0104126 7.46665e-09 0.8 0.8 0.8
vn 3.65476e-08 2.74034e-08 -1
v 0.0126009 0.0110226 7.46665e-09 0.8 0.8 0.8
vn 2.5877e-08 4.14488e-08 -1
v 0.0117404 0.0114397 7.46665e-09 0.8 0.8 0.8
vn 1.49416e-08 5.45857e-08 -1
v 0.010446 0.0117028 7.46665e-09 0.8 0.8 0.8
vn 5.59554e-09 6.60556e-08 -1
v 0.00802926 0.0118305 7.46665e-09 0.8 0.8 0.8
vn 2.91104e-10 7.84103e-08 -1
v -0.00802927 0.0118305 7.46665e-09 0.8 0.8 0.8
vn -6.28467e-10 5.16183e-08 -1
v -0.010446 0.0117028 7.46665e-09 0.8 0.8 0.8
vn -7.24282e-09 5.55278e-08 -1
v -0.0117404 0.0114397 7.46665e-09 0.8 0.8 0.8
vn -1.75531e-08 4.82754e-08 -1
v -0.0126009 0.0110226 7.46665e-09 0.8 0.8 0.8
vn -2.93658e-08 3.67826e-08 -1
v -0.0131952 0.0104126 7.46665e-09 0.8 0.8 0.8
vn -4.11218e-08 2.38323e-08 -1
v -0.0135903 0.00952227 7.46665e-09 0.8 0.8 0.8
vn -5.1557e-08 1.16839e-08 -1
v -0.0138176 0.00809084 7.46665e-09 0.8 0.8 0.8
vn -6.57175e-08 1.40636e-09 -1
v -0.0138919 1.65289e-06 7.46665e-09 0.8 0.8 0.8
vn -5.60945e-08 -1.70639e-10 -1
v -0.0138176 -0.00809079 7.46665e-09 0.8 0.8 0.8
vn -4.42037e-08 -2.12806e-09 -1
v -0.0135903 -0.00952221 7.46665e-09 0.8 0.8 0.8
vn -4.49275e-08 -1.4215e-08 -1
v -0.0131952 -0.0104125 7.46665e-09 0.8 0.8 0.8
vn -3.65476e-08 -2.74034e-08 -1
v -0.0126009 -0.0110225 7.46665e-09 0.8 0.8 0.8
vn -2.5877e-08 -4.14488e-08 -1
v -0.0117404 -0.0114397 7.46665e-09 0.8 0.8 0.8
vn -1.49416e-08 -5.45857e-08 -1
v -0.010446 -0.0117028 7.46665e-09 0.8 0.8 0.8
vn -5.59554e-09 -6.60556e-08 -1
v -0.00802927 -0.0118304 7.46665e-09 0.8 0.8 0.8
vn -2.91104e-10 -7.84103e-08 -1
v 0.00802926 -0.0118304 7.46665e-09 0.8 0.8 0.8
vn 6.28467e-10 -5.16183e-08 -1
v 0.010446 -0.0117028 7.46665e-09 0.8 0.8 0.8
vn 7.24282e-09 -5.55278e-08 -1
v 0.0117404 -0.0114397 7.46665e-09 0.8 0.8 0.8
vn 1.75531e-08 -4.82754e-08 -1
v 0.0126009 -0.0110225 7.46665e-09 0.8 0.8 0.8
vn 2.93658e-08 -3.67826e-08 -1
v 0.0131952 -0.0104125 7.46665e-09 0.8 0.8 0.8
vn 4.11218e-08 -2.38323e-08 -1
v 0.0135902 -0.00952221 7.46665e-09 0.8 0.8 0.8
vn 5.1557e-08 -1.16839e-08 -1
v 0.0138175 -0.00809079 7.46665e-09 0.8 0.8 0.8
vn 6.57184e-08 -1.40612e-09 -1
v 0.0115765 2.77796e-08 7.45121e-09 0.8 0.8 0.8
vn 3.68088e-09 1.19212e-11 -1
v 0.0115146 0.00674237 7.45121e-09 0.8 0.8 0.8
vn 2.86675e-09 1.42081e-10 -1
v 0.0113252 0.00793523 7.45121e-09 0.8 0.8 0.8
vn 2.9374e-09 9.39386e-10 -1
v 0.010996 0.00867714 7.45121e-09 0.8 0.8 0.8
vn 2.38957e-09 1.80664e-09 -1
v 0.0105008 0.00918549 7.45121e-09 0.8 0.8 0.8
vn 1.69052e-09 2.7295e-09 -1
v 0.00978369 0.00953312 7.45121e-09 0.8 0.8 0.8
vn 9.74335e-10 3.5927e-09 -1
v 0.00870502 0.00975235 7.45121e-09 0.8 0.8 0.8
vn 3.63138e-10 4.3485e-09 -1
v 0.00669105 0.00985872 7.45121e-09 0.8 0.8 0.8
vn 1.83489e-11 5.1705e-09 -1
v -0.00669106 0.00985872 7.45121e-09 0.8 0.8 0.8
vn -4.22621e-11 3.3448e-09 -1
v -0.00870504 0.00975235 7.45121e-09 0.8 0.8 0.8
vn -4.7979e-10 3.62777e-09 -1
v -0.0097837 0.00953312 7.45121e-09 0.8 0.8 0.8
vn -1.15833e-09 3.15676e-09 -1
v -0.0105008 0.00918549 7.45121e-09 0.8 0.8 0.8
vn -1.93473e-09 2.40419e-09 -1
v -0.010996 0.00867714 7.45121e-09 0.8 0.8 0.8
vn -2.70707e-09 1.55579e-09 -1
v -0.0113252 0.00793523 7.45121e-09 0.8 0.8 0.8
vn -3.39324e-09 7.60587e-10 -1
v -0.0115146 0.00674237 7.45121e-09 0.8 0.8 0.8
vn -4.33353e-09 9.04297e-11 -1
v -0.0115766 1.38204e-06 7.45121e-09 0.8 0.8 0.8
vn -3.68109e-09 -1.19211e-11 -1
v -0.0115146 -0.00674232 7.45121e-09 0.8 0.8 0.8
vn -2.8667e-09 -1.42058e-10 -1
v -0.0113252 -0.00793517 7.45121e-09 0.8 0.8 0.8
vn -2.9374e-09 -9.39386e-10 -1
v -0.010996 -0.00867709 7.45121e-09 0.8 0.8 0.8
vn -2.38957e-09 -1.80664e-09 -1
v -0.0105008 -0.00918543 7.45121e-09 0.8 0.8 0.8
vn -1.69052e-09 -2.7295e-09 -1
v -0.0097837 -0.00953306 7.45121e-09 0.8 0.8 0.8
vn -9.74335e-10 -3.5927e-09 -1
v -0.00870504 -0.00975229 7.45121e-09 0.8 0.8 0.8
vn -3.63138e-10 -4.3485e-09 -1
v -0.00669106 -0.00985866 7.45121e-09 0.8 0.8 0.8
vn -1.83489e-11 -5.1705e-09 -1
v 0.00669105 -0.00985866 7.45121e-09 0.8 0.8 0.8
vn 4.22621e-11 -3.3448e-09 -1
v 0.00870502 -0.00975229 7.45121e-09 0.8 0.8 0.8
vn 4.7979e-10 -3.62777e-09 -1
v 0.00978369 -0.00953306 7.45121e-09 0.8 0.8 0.8
vn 1.15833e-09 -3.15676e-09 -1
v 0.0105008 -0.00918543 7.45121e-09 0.8 0.8 0.8
vn 1.93473e-09 -2.40419e-09 -1
v 0.010996 -0.00867709 7.45121e-09 0.8 0.8 0.8
vn 2.70707e-09 -1.55579e-09 -1
v 0.0113252 -0.00793517 7.45121e-09 0.8 0.8 0.8
vn 3.39324e-09 -7.60587e-10 -1
v 0.0115146 -0.00674232 7.45121e-09 0.8 0.8 0.8
vn 4.33359e-09 -9.04143e-11 -1
v 0.00926123 2.77796e-08 7.45059e-09 0.8 0.8 0.8
vn 1.47048e-10 5.05225e-13 -1
v 0.00921169 0.0053939 7.45059e-09 0.8 0.8 0.8
vn 1.13586e-10 5.79699e-12 -1
v 0.00906016 0.00634819 7.45059e-09 0.8 0.8 0.8
vn 1.1701e-10 3.78238e-11 -1
v 0.00879681 0.00694172 7.45059e-09 0.8 0.8 0.8
vn 9.5138e-11 7.25306e-11 -1
v 0.00840061 0.0073484 7.45059e-09 0.8 0.8 0.8
vn 6.72243e-11 1.09412e-10 -1
v 0.00782695 0.0076265 7.45059e-09 0.8 0.8 0.8
vn 3.86565e-11 1.43875e-10 -1
v 0.00696402 0.00780188 7.45059e-09 0.8 0.8 0.8
vn 1.43262e-11 1.74034e-10 -1
v 0.00535284 0.00788698 7.45059e-09 0.8 0.8 0.8
vn 7.00597e-13 2.06755e-10 -1
v -0.00535285 0.00788698 7.45059e-09 0.8 0.8 0.8
vn -1.73735e-12 1.32454e-10 -1
v -0.00696403 0.00780188 7.45059e-09 0.8 0.8 0.8
vn -1.93753e-11 1.44478e-10 -1
v -0.00782696 0.0076265 7.45059e-09 0.8 0.8 0.8
vn -4.65581e-11 1.25728e-10 -1
v -0.00840062 0.0073484 7.45059e-09 0.8 0.8 0.8
vn -7.76056e-11 9.56702e-11 -1
v -0.00879682 0.00694172 7.45059e-09 0.8 0.8 0.8
vn -1.08455e-10 6.18083e-11 -1
v -0.00906017 0.00634819 7.45059e-09 0.8 0.8 0.8
vn -1.3584e-10 3.01144e-11 -1
v -0.0092117 0.0053939 7.45059e-09 0.8 0.8 0.8
vn -1.73333e-10 3.52663e-12 -1
v -0.00926124 1.11119e-06 7.45059e-09 0.8 0.8 0.8
vn -1.47057e-10 -5.05217e-13 -1
v -0.0092117 -0.00539385 7.45059e-09 0.8 0.8 0.8
vn -1.13584e-10 -5.79605e-12 -1
v -0.00906017 -0.00634813 7.45059e-09 0.8 0.8 0.8
vn -1.1701e-10 -3.78238e-11 -1
v -0.00879682 -0.00694166 7.45059e-09 0.8 0.8 0.8
vn -9.5138e-11 -7.25306e-11 -1
v -0.00840062 -0.00734834 7.45059e-09 0.8 0.8 0.8
vn -6.72243e-11 -1.09412e-10 -1
v -0.00782696 -0.00762645 7.45059e-09 0.8 0.8 0.8
vn -3.86565e-11 -1.43875e-10 -1
v -0.00696403 -0.00780183 7.45059e-09 0.8 0.8 0.8
vn -1.43262e-11 -1.74034e-10 -1
v -0.00535285 -0.00788693 7.45059e-09 0.8 0.8 0.8
vn -7.00597e-13 -2.06755e-10 -1
v 0.00535284 -0.00788693 7.45059e-09 0.8 0.8 0.8
vn 1.73735e-12 -1.32454e-10 -1
v 0.00696402 -0.00780183 7.45059e-09 0.8 0.8 0.8
vn 1.93753e-11 -1.44478e-10 -1
v 0.00782695 -0.00762645 7.45059e-09 0.8 0.8 0.8
vn 4.65581e-11 -1.25728e-10 -1
v 0.00840061 -0.00734834 7.45059e-09 0.8 0.8 0.8
vn 7.76056e-11 -9.56702e-11 -1
v 0.00879681 -0.00694166 7.45059e-09 0.8 0.8 0.8
vn 1.08455e-10 -6.18083e-11 -1
v 0.00906016 -0.00634813 7.45059e-09 0.8 0.8 0.8
vn 1.3584e-10 -3.01144e-11 -1
v 0.00921169 -0.00539385 7.45059e-09 0.8 0.8 0.8
vn 1.73335e-10 -3.52602e-12 -1
v 0.00694592 2.77796e-08 7.45058e-09 0.8 0.8 0.8
vn 2.87026e-12 1.04613e-14 -1
v 0.00690877 0.00404543 7.45058e-09 0.8 0.8 0.8
vn 2.21347e-12 1.16574e-13 -1
v 0.00679512 0.00476115 7.45058e-09 0.8 0.8 0.8
vn 2.28052e-12 7.45623e-13 -1
v 0.0065976 0.0052063 7.45058e-09 0.8 0.8 0.8
vn 1.85131e-12 1.42391e-12 -1
v 0.00630046 0.00551131 7.45058e-09 0.8 0.8 0.8
vn 1.3055e-12 2.14291e-12 -1
v 0.00587021 0.00571988 7.45058e-09 0.8 0.8 0.8
vn 7.48299e-13 2.81278e-12 -1
v 0.00522301 0.00585142 7.45058e-09 0.8 0.8 0.8
vn 2.75254e-13 3.39519e-12 -1
v 0.00401463 0.00591524 7.45058e-09 0.8 0.8 0.8
vn 1.29307e-14 4.01208e-12 -1
v -0.00401464 0.00591524 7.45058e-09 0.8 0.8 0.8
vn -3.52341e-14 2.58114e-12 -1
v -0.00522302 0.00585142 7.45058e-09 0.8 0.8 0.8
vn -3.83512e-13 2.81792e-12 -1
v -0.00587022 0.00571988 7.45058e-09 0.8 0.8 0.8
vn -9.15569e-13 2.44856e-12 -1
v -0.00630047 0.00551131 7.45058e-09 0.8 0.8 0.8
vn -1.52158e-12 1.85995e-12 -1
v -0.00659762 0.0052063 7.45058e-09 0.8 0.8 0.8
vn -2.12219e-12 1.19868e-12 -1
v -0.00679513 0.00476115 7.45058e-09 0.8 0.8 0.8
vn -2.65323e-12 5.8135e-13 -1
v -0.00690878 0.00404543 7.45058e-09 0.8 0.8 0.8
vn -3.36603e-12 6.66689e-14 -1
v -0.00694593 8.40337e-07 7.45058e-09 0.8 0.8 0.8
vn -2.87042e-12 -1.04611e-14 -1
v -0.00690878 -0.00404538 7.45058e-09 0.8 0.8 0.8
vn -2.21343e-12 -1.16556e-13 -1
v -0.00679513 -0.00476109 7.45058e-09 0.8 0.8 0.8
vn -2.28052e-12 -7.45623e-13 -1
v -0.00659762 -0.00520624 7.45058e-09 0.8 0.8 0.8
vn -1.85131e-12 -1.42391e-12 -1
v -0.00630047 -0.00551125 7.45058e-09 0.8 0.8 0.8
vn -1.3055e-12 -2.14291e-12 -1
v -0.00587022 -0.00571983 7.45058e-09 0.8 0.8 0.8
vn -7.48299e-13 -2.81278e-12 -1
v -0.00522302 -0.00585136 7.45058e-09 0.8 0.8 0.8
vn -2.75254e-13 -3.39519e-12 -1
v -0.00401464 -0.00591519 7.45058e-09 0.8 0.8 0.8
vn -1.29307e-14 -4.01208e-12 -1
v 0.00401463 -0.00591519 7.45058e-09 0.8 0.8 0.8
vn 3.52341e-14 -2.58114e-12 -1
v 0.00522301 -0.00585136 7.45058e-09 0.8 0.8 0.8
vn 3.83512e-13 -2.81792e-12 -1
v 0.00587021 -0.00571983 7.45058e-09 0.8 0.8 0.8
vn 9.15569e-13 -2.44856e-12 -1
v 0.00630046 -0.00551125 7.45058e-09 0.8 0.8 0.8
vn 1.52158e-12 -1.85995e-12 -1
v 0.0065976 -0.00520624 7.45058e-09 0.8 0.8 0.8
vn 2.12219e-12 -1.19868e-12 -1
v 0.00679512 -0.00476109 7.45058e-09 0.8 0.8 0.8
vn 2.65323e-12 -5.8135e-13 -1
v 0.00690877 -0.00404538 7.45058e-09 0.8 0.8 0.8
vn 3.36607e-12 -6.66574e-14 -1
v 0.00463061 2.77796e-08 7.45058e-09 0.8 0.8 0.8
vn 1.83564e-14 7.22551e-17 -1
v 0.00460584 0.00269697 7.45058e-09 0.8 0.8 0.8
vn 1.43032e-14 7.87581e-16 -1
v 0.00453008 0.00317411 7.45058e-09 0.8 0.8 0.8
vn 1.45926e-14 4.84748e-15 -1
v 0.0043984 0.00347087 7.45058e-09 0.8 0.8 0.8
vn 1.17996e-14 9.18806e-15 -1
v 0.0042003 0.00367421 7.45058e-09 0.8 0.8 0.8
vn 8.28743e-15 1.37657e-14 -1
v 0.00391347 0.00381326 7.45058e-09 0.8 0.8 0.8
vn 4.72276e-15 1.79996e-14 -1
v 0.00348201 0.00390096 7.45058e-09 0.8 0.8 0.8
vn 1.71502e-15 2.16114e-14 -1
v 0.00267642 0.0039435 7.45058e-09 0.8 0.8 0.8
vn 7.55118e-17 2.5179e-14 -1
v -0.00267643 0.0039435 7.45058e-09 0.8 0.8 0.8
vn -2.41101e-16 1.66974e-14 -1
v -0.00348202 0.00390096 7.45058e-09 0.8 0.8 0.8
vn -2.51182e-15 1.80799e-14 -1
v -0.00391348 0.00381326 7.45058e-09 0.8 0.8 0.8
vn -5.92621e-15 1.56356e-14 -1
v -0.00420031 0.00367421 7.45058e-09 0.8 0.8 0.8
vn -9.79451e-15 1.18321e-14 -1
v -0.00439841 0.00347087 7.45058e-09 0.8 0.8 0.8
vn -1.36066e-14 7.59012e-15 -1
v -0.00453009 0.00317411 7.45058e-09 0.8 0.8 0.8
vn -1.69412e-14 3.6517e-15 -1
v -0.00460585 0.00269697 7.45058e-09 0.8 0.8 0.8
vn -2.11605e-14 4.03653e-16 -1
v -0.00463062 5.69484e-07 7.45058e-09 0.8 0.8 0.8
vn -1.83574e-14 -7.22527e-17 -1
v -0.00460585 -0.00269691 7.45058e-09 0.8 0.8 0.8
vn -1.43029e-14 -7.87457e-16 -1
v -0.00453009 -0.00317405 7.45058e-09 0.8 0.8 0.8
vn -1.45926e-14 -4.84748e-15 -1
v -0.00439841 -0.00347082 7.45058e-09 0.8 0.8 0.8
vn -1.17996e-14 -9.18806e-15 -1
v -0.00420031 -0.00367416 7.45058e-09 0.8 0.8 0.8
vn -8.28743e-15 -1.37657e-14 -1
v -0.00391348 -0.00381321 7.45058e-09 0.8 0.8 0.8
vn -4.72276e-15 -1.79996e-14 -1
v -0.00348202 -0.0039009 7.45058e-09 0.8 0.8 0.8
vn -1.71502e-15 -2.16114e-14 -1
v -0.00267643 -0.00394345 7.45058e-09 0.8 0.8 0.8
vn -7.55118e-17 -2.5179e-14 -1
v 0.00267642 -0.00394345 7.45058e-09 0.8 0.8 0.8
vn 2.41101e-16 -1.66974e-14 -1
v 0.00348201 -0.0039009 7.45058e-09 0.8 0.8 0.8
vn 2.51182e-15 -1.80799e-14 -1
v 0.00391347 -0.00381321 7.45058e-09 0.8 0.8 0.8
vn 5.92621e-15 -1.56356e-14 -1
v 0.0042003 -0.00367416 7.45058e-09 0.8 0.8 0.8
vn 9.79451e-15 -1.18321e-14 -1
v 0.0043984 -0.00347082 7.45058e-09 0.8 0.8 0.8
vn 1.36066e-14 -7.59012e-15 -1
v 0.00453008 -0.00317405 7.45058e-09 0.8 0.8 0.8
vn 1.69412e-14 -3.6517e-15 -1
v 0.00460584 -0.00269691 7.45058e-09 0.8 0.8 0.8
vn 2.11608e-14 -4.03582e-16 -1
v 0.0023153 2.77796e-08 7.45058e-09 0.8 0.8 0.8
vn 0 0 -1
v 0.00230292 0.0013485 7.45058e-09 0.8 0.8 0.8
vn 0 0 -1
v 0.00226504 0.00158707 7.45058e-09 0.8 0.8 0.8
vn 0 0 -1
v 0.0021992 0.00173545 7.45058e-09 0.8 0.8 0.8
vn 0 0 -1
v 0.00210015 0.00183712 7.45058e-09 0.8 0.8 0.8
vn 0 0 -1
v 0.00195673 0.00190665 7.45058e-09 0.8 0.8 0.8
vn 0 0 -1
v 0.001741 0.00195049 7.45058e-09 0.8 0.8 0.8
vn 0 0 -1
v 0.0013382 0.00197177 7.45058e-09 0.8 0.8 0.8
vn 0 0 -1
v -0.00133822 0.00197177 7.45058e-09 0.8 0.8 0.8
vn 0 0 -1
v -0.00174101 0.00195049 7.45058e-09 0.8 0.8 0.8
vn 0 0 -1
v -0.00195674 0.00190665 7.45058e-09 0.8 0.8 0.8
vn 0 0 -1
v -0.00210016 0.00183712 7.45058e-09 0.8 0.8 0.8
vn 0 0 -1
v -0.00219921 0.00173545 7.45058e-09 0.8 0.8 0.8
vn 0 0 -1
v -0.00226505 0.00158707 7.45058e-09 0.8 0.8 0.8
vn 0 0 -1
v -0.00230293 0.0013485 7.45058e-09 0.8 0.8 0.8
vn 0 0 -1
v -0.00231532 2.98632e-07 7.45058e-09 0.8 0.8 0.8
vn 0 0 -1
v -0.00230293 -0.00134844 7.45058e-09 0.8 0.8 0.8
vn 0 0 -1
v -0.00226505 -0.00158701 7.45058e-09 0.8 0.8 0.8
vn 0 0 -1
v -0.00219921 -0.0017354 7.45058e-09 0.8 0.8 0.8
vn 0 0 -1
v -0.00210016 -0.00183706 7.45058e-09 0.8 0.8 0.8
vn 0 0 -1
v -0.00195674 -0.00190659 7.45058e-09 0.8 0.8 0.8
vn 0 0 -1
v -0.00174101 -0.00195044 7.45058e-09 0.8 0.8 0.8
vn 0 0 -1
v -0.00133822 -0.00197171 7.45058e-09 0.8 0.8 0.8
vn 0 0 -1
v 0.0013382 -0.00197171 7.45058e-09 0.8 0.8 0.8
vn 0 0 -1
v 0.001741 -0.00195044 7.45058e-09 0.8 0.8 0.8
vn 0 0 -1
v 0.00195673 -0.00190659 7.45058e-09 0.8 0.8 0.8
vn 0 0 -1
v 0.00210015 -0.00183706 7.45058e-09 0.8 0.8 0.8
vn 0 0 -1
v 0.0021992 -0.0017354 7.45058e-09 0.8 0.8 0.8
vn 0 0 -1
v 0.00226504 -0.00158701 7.45058e-09 0.8 0.8 0.8
vn 0 0 -1
v 0.00230292 -0.00134844 7.45058e-09 0.8 0.8 0.8
vn 0 0 -1
v -6.0507e-09 2.77796e-08 7.45058e-09 0.8 0.8 0.8
vn 0 0 -1
v -6.0507e-09 2.77796e-08 7.45058e-09 0.8 0.8 0.8
vn 0 0 -1
v -6.0507e-09 2.77796e-08 7.45058e-09 0.8 0.8 0.8
vn 0 0 -1
v -6.0507e-09 2.77796e-08 7.45058e-09 0.8 0.8 0.8
vn 0 0 -1
v -6.0507e-09 2.77796e-08 7.45058e-09 0.8 0.8 0.8
vn 0 0 -1
v -6.0507e-09 2.77796e-08 7.45058e-09 0.8 0.8 0.8
vn 0 0 -1
v -6.0507e-09 2.77796e-08 7.45058e-09 0.8 0.8 0.8
vn 0 0 -1
v -6.0507e-09 2.77796e-08 7.45058e-09 0.8 0.8 0.8
vn 0 0 -1
v -6.0507e-09 2.77796e-08 7.45058e-09 0.8 0.8 0.8
vn 0 0 -1
v -6.0507e-09 2.77796e-08 7.45058e-09 0.8 0.8 0.8
vn 0 0 -1
v -6.0507e-09 2.77796e-08 7.45058e-09 0.8 0.8 0.8
vn 0 0 -1
v -6.0507e-09 2.77796e-08 7.45058e-09 0.8 0.8 0.8
vn 0 0 -1
v -6.0507e-09 2.77796e-08 7.45058e-09 0.8 0.8 0.8
vn 0 0 -1
v -6.0507e-09 2.77796e-08 7.45058e-09 0.8 0.8 0.8
vn 0 0 -1
v -6.0507e-09 2.77796e-08 7.45058e-09 0.8 0.8 0.8
vn 0 0 -1
v -6.0507e-09 2.77796e-08 7.45058e-09 0.8 0.8 0.8
vn 0 0 -1
v -6.0507e-09 2.77796e-08 7.45058e-09 0.8 0.8 0.8
vn 0 0 -1
v -6.0507e-09 2.77796e-08 7.45058e-09 0.8 0.8 0.8
vn 0 0 -1
v -6.0507e-09 2.77796e-08 7.45058e-09 0.8 0.8 0.8
vn 0 0 -1
v -6.0507e-09 2.77796e-08 7.45058e-09 0.8 0.8 0.8
vn 0 0 -1
v -6.0507e-09 2.77796e-08 7.45058e-09 0.8 0.8 0.8
vn 0 0 -1
v -6.0507e-09 2.77796e-08 7.45058e-09 0.8 0.8 0.8
vn 0 0 -1
v -6.0507e-09 2.77796e-08 7.45058e-09 0.8 0.8 0.8
vn 0 0 -1
v -6.0507e-09 2.77796e-08 7.45058e-09 0.8 0.8 0.8
vn 0 0 -1
v -6.0507e-09 2.77796e-08 7.45058e-09 0.8 0.8 0.8
vn 0 0 -1
v -6.0507e-09 2.77796e-08 7.45058e-09 0.8 0.8 0.8
vn 0 0 -1
v -6.0507e-09 2.77796e-08 7.45058e-09 0.8 0.8 0.8
vn 0 0 -1
v -6.0507e-09 2.77796e-08 7.45058e-09 0.8 0.8 0.8
vn 0 0 -1
v -6.0507e-09 2.77796e-08 7.45058e-09 0.8 0.8 0.8
vn 0 0 -1
v -6.0507e-09 2.77796e-08 7.45058e-09 0.8 0.8 0.8
vn 0 0 -1
f 2//2 31//31 1//1
f 32//32 31//31 2//2
f 3//3 32//32 2//2
f 33//33 32//32 3//3
f 4//4 33//33 3//3
f 34//34 33//33 4//4
f 5//5 34//34 4//4
f 35//35 34//34 5//5
f 6//6 35//35 5//5
f 36//36 35//35 6//6
f 7//7 36//36 6//6
f 37//37 36//36 7//7
f 8//8 37//37 7//7
f 38//38 37//37 8//8
f 9//9 38//38 8//8
f 39//39 38//38 9//9
f 10//10 39//39 9//9
f 40//40 39//39 10//10
f 11//11 40//40 10//10
f 41//41 40//40 11//11
f 12//12 41//41 11//11
f 42//42 41//41 12//12
f 13//13 42//42 12//12
f 43//43 42//42 13//13
f 14//14 43//43 13//13
f 44//44 43//43 14//14
f 15//15 44//44 14//14
f 45//45 44//44 15//15
f 16//16 45//45 15//15
f 46//46 45//45 16//16
f 17//17 46//46 16//16
f 47//47 46//46 17//17
f 18//18 47//47 17//17
f 48//48 47//47 18//18
f 19//19 48//48 18//18
f 49//49 48//48 19//19
f 20//20 49//49 19//19
f 50//50 49//49 20//20
f 21//21 50//50 20//20
f 51//51 50//50 21//21
f 22//22 51//51 21//21
f 52//52 51//51 22//22
f 23//23 52//52 22//22
f 53//53 52//52 23//23
f 24//24 53//53 23//23
f 54//54 53//53 24//24
f 25//25 54//54 24//24
f 55//55 54//54 25//25
f 26//26 55//55 25//25
f 56//56 55//55 26//26
f 27//27 56//56 26//26
f 57//57 56//56 27//27
f 28//28 57//57 27//27
f 58//58 57//57 28//28
f 29//29 58//58 28//28
f 59//59 58//58 29//29
f 30//30 59//59 29//29
f 60//60 59//59 30//30
f 1//1 60//60 30//30
f 31//31 60//60 1//1
f 32//32 61//61 31//31
f 62//62 61//61 32//32
f 33//33 62//62 32//32
f 63//63 62//62 33//33
f 34//34 63//63 33//33
f 64//64 63//63 34//34
f 35//35 64//64 34//34
f 65//65 64//64 35//35
f 36//36 65//65 35//35
f 66//66 65//65 36//36
f 37//37 66//66 36//36
f 67//67 66//66 37//37
f 38//38 67//67 37//37
f 68//68 67//67 38//38
f 39//39 68//68 38//38
f 69//69 68//68 39//39
f 40//40 69//69 39//39
f 70//70 69//69 40//40
f 41//41 70//70 40//40
f 71//71 70//70 41//41
f 42//42 71//71 41//41
f 72//72 71//71 42//42
f 43//43 72//72 42//42
f 73//73 72//72 43//43
f 44//44 73//73 43//43
f 74//74 73//73 44//44
f 45//45 74//74 44//44
f 75//75 74//74 45//45
f 46//46 75//75 45//45
f 76//76 75//75 46//46
f 47//47 76//76 46//46
f 77//77 76//76 47//47
f 48//48 77//77 47//47
f 78//78 77//77 48//48
f 49//49 78//78 48//48
f 79//79 78//78 49//49
f 50//50 79//79 49//49
f 80//80 79//79 50//50
f 51//51 80//80 50//50
f 81//81 80//80 51//51
f 52//52 81//81 51//51
f 82//82 81//81 52//52
f 53//53 82//82 52//52
f 83//83 82//82 53//53
f 54//54 83//83 53//53
f 84//84 83//83 54//54
f 55//55 84//84 54//54
f 85//85 84//84 55//55
f 56//56 85//85 55//55
f 86//86 85//85 56//56
f 57//57 86//86 56//56
f 87//87 86//86 57//57
f 58//58 87//87 57//57
f 88//88 87//87 58//58
f 59//59 88//88 58//58
f 89//89 88//88 59//59
f 60//60 89//89 59//59
f 90//90 89//89 60//60
f 31//31 90//90 60//60
f 61//61 90//90 31//31
f 62//62 91//91 61//61
f 92//92 91//91 62//62
f 63//63 92//92 62//62
f 93//93 92//92 63//63
f 64//64 93//93 63//63
f 94//94 93//93 64//64
f 65//65 94//94 64//64
f 95//95 94//94 65//65
f 66//66 95//95 65//65
f 96//96 95//95 66//66
f 67//67 96//96 66//66
f 97//97 96//96 67//67
f 68//68 97//97 67//67
f 98//98 97//97 68//68
f 69//69 98//98 68//68
f 99//99 98//98 69//69
f 70//70 99//99 69//69
f 100//100 99//99 70//70
f 71//71 100//100 70//70
f 101//101 100//100 71//71
f 72//72 101//101 71//71
f 102//102 101//101 72//72
f 73//73 102//102 72//72
f 103//103 102//102 73//73
f 74//74 103//103 73//73
f 104//104 103//103 74//74
f 75//75 104//104 74//74
f 105//105 104//104 75//75
f 76//76 105//105 75//75
f 106//106 105//105 76//76
f 77//77 106//106 76//76
f 107//107 106//106 77//77
f 78//78 107//107 77//77
f 108//108 107//107 78//78
f 79//79 108//108 78//78
f 109//109 108//108 79//79
f 80//80 109//109 79//79
f 110//110 109//109 80//80
f 81//81 110//110 80//80
f 111//111 110//110 81//81
f 82//82 111//111 81//81
f 112//112 111//111 82//82
f 83//83 112//112 82//82
f 113//113 112//112 83//83
f 84//84 113//113 83//83
f 114//114 113//113 84//84
f 85//85 114//114 84//84
f 115//115 114//114 85//85
f 86//86 115//115 85//85
f 116//116 115//115 86//86
f 87//87 116//116 86//86
f 117//117 116//116 87//87
f 88//88 117//117 87//87
f 118//118 117//117 88//88
f 89//89 118//118 88//88
f 119//119 118//118 89//89
f 90//90 119//119 89//89
f 120//120 119//119 90//90
f 61//61 120//120 90//90
f 91//91 120//120 61//61
f 92//92 121//121 91//91
f 122//122 121//121 92//92
f 93//93 122//122 92//92
f 123//123 122//122 93//93
f 94//94 123//123 93//93
f 124//124 123//123 94//94
f 95//95 124//124 94//94
f 125//125 124//124 95//95
f 96//96 125//125 95//95
f 126//126 125//125 96//96
f 97//97 126//126 96//96
f 127//127 126//126 97//97
f 98//98 127//127 97//97
f 128//128 127//127 98//98
f 99//99 128//128 98//98
f 129//129 128//128 99//99
f 100//100 129//129 99//99
f 130//130 129//129 100//100
f 101//101 130//130 100//100
f 131//131 130//130 101//101
f 102//102 131//131 101//101
f 132//132 131//131 102//102
f 103//103 132//132 102//102
f 133//133 132//132 103//103
f 104//104 133//133 103//103
f 134//134 133//133 104//104
f 105//105 134//134 104//104
f 135//135 134//134 105//105
f 106//106 135//135 105//105
f 136//136 135//135 106//106
f 107//107 136//136 106//106
f 137//137 136//136 107//107
f 108//108 137//137 107//107
f 138//138 137//137 108//108
f 109//109 138//138 108//108
f 139//139 138//138 109//109
f 110//110 139//139 109//109
f 140//140 139//139 110//110
f 111//111 140//140 110//110
f 141//141 140//140 111//111
f 112//112 141//141 111//111
f 142//142 141//141 112//112
f 113//113 142//142 112//112
f 143//143 142//142 113//113
f 114//114 143//143 113//113
f 144//144 143//143 114//114
f 115//115 144//144 114//114
f 145//145 144//144 115//115
f 116//116 145//145 115//115
f 146//146 145//145 116//116
f 117//117 146//146 116//116
f 147//147 146//146 117//117
f 118//118 147//147 117//117
f 148//148 147//147 118//118
f 119//119 148//148 118//118
f 149//149 148//148 119//119
f 120//120 149//149 119//119
f 150//150 149//149 120//120
f 91//91 150//150 120//120
f 121//121 150//150 91//91
f 122//122 151//151 121//121
f 152//152 151//151 122//122
f 123//123 152//152 122//122
f 153//153 152//152 123//123
f 124//124 153//153 123//123
f 154//154 153//153 124//124
f 125//125 154//154 124//124
f 155//155 154//154 125//125
f 126//126 155//155 125//125
f 156//156 155//155 126//126
f 127//127 156//156 126//126
f 157//157 156//156 127//127
f 128//128 157//157 127//127
f 158//158 157//157 128//128
f 129//129 158//158 128//128
f 159//159 158//158 129//129
f 130//130 159//159 129//129
f 160//160 159//159 130//130
f 131//131 160//160 130//130
f 161//161 160//160 131//131
f 132//132 161//161 131//131
f 162//162 161//161 132//132
f 133//133 162//162 132//132
f 163//163 162//162 133//133
f 134//134 163//163 133//133
f 164//164 163//163 134//134
f 135//135 164//164 134//134
f 165//165 164//164 135//135
f 136//136 165//165 135//135
f 166//166 165//165 136//136
f 137//137 166//166 136//136
f 167//167 166//166 137//137
f 138//138 167//167 137//137
f 168//168 167//167 138//138
f 139//139 168//168 138//138
f 169//169 168//168 139//139
f 140//140 169//169 139//139
f 170//170 169//169 140//140
f 141//141 170//170 140//140
f 171//171 170//170 141//141
f 142//142 171//171 141//141
f 172//172 171//171 142//142
f 143//143 172//172 142//142
f 173//173 172//172 143//143
f 144//144 173//173 143//143
f 174//174 173//173 144//144
f 145//145 174//174 144//144
f 175//175 174//174 145//145
f 146//146 175//175 145//145
f 176//176 175//175 146//146
f 147//147 176//176 146//146
f 177//177 176//176 147//147
f 148//148 177//177 147//147
f 178//178 177//177 148//148
f 149//149 178//178 148//148
f 179//179 178//178 149//149
f 150//150 179//179 149//149
f 180//180 179//179 150//150
f 121//121 180//180 150//150
f 151//151 180//180 121//121
f 152//152 181//181 151//151
f 182//182 181//181 152//152
f 153//153 182//182 152//152
f 183//183 182//182 153//153
f 154//154 183//183 153//153
f 184//184 183//183 154//154
f 155//155 184//184 154//154
f 185//185 184//184 155//155
f 156//156 185//185 155//155
f 186//186 185//185 156//156
f 157//157 186//186 156//156
f 187//187 186//186 157//157
f 158//158 187//187 157//157
f 188//188 187//187 158//158
f 159//159 188//188 158//158
f 189//189 188//188 159//159
f 160//160 189//189 159//159
f 190//190 189//189 160//160
f 161//161 190//190 160//160
f 191//191 190//190 161//161
f 162//162 191//191 161//161
f 192//192 191//191 162//162
f 163//163 192//192 162//162
f 193//193 192//192 163//163
f 164//164 193//193 163//163
f 194//194 193//193 164//164
f 165//165 194//194 164//164
f 195//195 194//194 165//165
f 166//166 195//195 165//165
f 196//196 195//195 166//166
f 167//167 196//196 166//166
f 197//197 196//196 167//167
f 168//168 197//197 167//167
f 198//198 197//197 168//168
f 169//169 198//198 168//168
f 199//199 198//198 169//169
f 170//170 199//199 169//169
f 200//200 199//199 170//170
f 171//171 200//200 170//170
f 201//201 200//200 171//171
f 172//172 201//201 171//171
f 202//202 201//201 172//172
f 173//173 202//202 172//172
f 203//203 202//202 173//173
f 174//174 203//203 173//173
f 204//204 203//203 174//174
f 175//175 204//204 174//174
f 205//205 204//204 175//175
f 176//176 205//205 175//175
f 206//206 205//205 176//176
f 177//177 206//206 176//176
f 207//207 206//206 177//177
f 178//178 207//207 177//177
f 208//208 207//207 178//178
f 179//179 208//208 178//178
f 209//209 208//208 179//179
f 180//180 209//209 179//179
f 210//210 209//209 180//180
f 151//151 210//210 180//180
f 181//181 210//210 151//151
f 182//182 211//211 181//181
f 212//212 211//211 182//182
f 183//183 212//212 182//182
f 213//213 212//212 183//183
f 184//184 213//213 183//183
f 214//214 213//213 184//184
f 185//185 214//214 184//184
f 215//215 214//214 185//185
f 186//186 215//215 185//185
f 216//216 215//215 186//186
f 187//187 216//216 186//186
f 217//217 216//216 187//187
f 188//188 217//217 187//187
f 218//218 217//217 188//188
f 189//189 218//218 188//188
f 219//219 218//218 189//189
f 190//190 219//219 189//189
f 220//220 219//219 190//190
f 191//191 220//220 190//190
f 221//221 220//220 191//191
f 192//192 221//221 191//191
f 222//222 221//221 192//192
f 193//193 222//222 192//192
f 223//223 222//222 193//193
f 194//194 223//223 193//193
f 224//224 223//223 194//194
f 195//195 224//224 194//194
f 225//225 224//224 195//195
f 196//196 225//225 195//195
f 226//226 225//225 196//196
f 197//197 226//226 196//196
f 227//227 226//226 197//197
f 198//198 227//227 197//197
f 228//228 227//227 198//198
f 199//199 228//228 198//198
f 229//229 228//228 199//199
f 200//200 229//229 199//199
f 230//230 229//229 200//200
f 201//201 230//230 200//200
f 231//231 230//230 201//201
f 202//202 231//231 201//201
f 232//232 231//231 202//202
f 203//203 232//232 202//202
f 233//233 232//232 203//203
f 204//204 233//233 203//203
f 234//234 233//233 204//204
f 205//205 234//234 204//204
f 235//235 234//234 205//205
f 206//206 235//235 205//205
f 236//236 235//235 206//206
f 207//207 236//236 206//206
f 237//237 236//236 207//207
f 208//208 237//237 207//207
f 238//238 237//237 208//208
f 209//209 238//238 208//208
f 239//239 238//238 209//209
f 210//210 239//239 209//209
f 240//240 239//239 210//210
f 181//181 240//240 210//210
f 211//211 240//240 181//181
f 212//212 241//241 211//211
f 242//242 241//241 212//212
f 213//213 242//242 212//212
f 243//243 242//242 213//213
f 214//214 243//243 213//213
f 244//244 243//243 214//214
f 215//215 244//244 214//214
f 245//245 244//244 215//215
f 216//216 245//245 215//215
f 246//246 245//245 216//216
f 217//217 246//246 216//216
f 247//247 246//246 217//217
f 218//218 247//247 217//217
f 248//248 247//247 218//218
f 219//219 248//248 218//218
f 249//249 248//248 219//219
f 220//220 249//249 219//219
f 250//250 249//249 220//220
f 221//221 250//250 220//220
f 251//251 250//250 221//221
f 222//222 251//251 221//221
f 252//252 251//251 222//222
f 223//223 252//252 222//222
f 253//253 252//252 223//223
f 224//224 253//253 223//223
f 254//254 253//253 224//224
f 225//225 254//254 224//224
f 255//255 254//254 225//225
f 226//226 255//255 225//225
f 256//256 255//255 226//226
f 227//227 256//256 226//226
f 257//257 256//256 227//227
f 228//228 257//257 227//227
f 258//258 257//257 228//228
f 229//229 258//258 228//228
f 259//259 258//258 229//229
f 230//230 259//259 229//229
f 260//260 259//259 230//230
f 231//231 260//260 230//230
f 261//261 260//260 231//231
f 232//232 261//261 231//231
f 262//262 261//261 232//232
f 233//233 262//262 232//232
f 263//263 262//262 233//233
f 234//234 263//263 233//233
f 264//264 263//263 234//234
f 235//235 264//264 234//234
f 265//265 264//264 235//235
f 236//236 265//265 235//235
f 266//266 265//265 236//236
f 237//237 266//266 236//236
f 267//267 266//266 237//237
f 238//238 267//267 237//237
f 268//268 267//267 238//238
f 239//239 268//268 238//238
f 269//269 268//268 239//239
f 240//240 269//269 239//239
f 270//270 269//269 240//240
f 211//211 270//270 240//240
f 241//241 270//270 211//211
f 242//242 271//271 241//241
f 272//272 271//271 242//242
f 243//243 272//272 242//242
f 273//273 272//272 243//243
f 244//244 273//273 243//243
f 274//274 273//273 244//244
f 245//245 274//274 244//244
f 275//275 274//274 245//245
f 246//246 275//275 245//245
f 276//276 275//275 246//246
f 247//247 276//276 246//246
f 277//277 276//276 247//247
f 248//248 277//277 247//247
f 278//278 277//277 248//248
f 249//249 278//278 248//248
f 279//279 278//278 249//249
f 250//250 279//279 249//249
f 280//280 279//279 250//250
f 251//251 280//280 250//250
f 281//281 280//280 251//251
f 252//252 281//281 251//251
f 282//282 281//281 252//252
f 253//253 282//282 252//252
f 283//283 282//282 253//253
f 254//254 283//283 253//253
f 284//284 283//283 254//254
f 255//255 284//284 254//254
f 285//285 284//284 255//255
f 256//256 285//285 255//255
f 286//286 285//285 256//256
f 257//257 286//286 256//256
f 287//287 286//286 257//257
f 258//258 287//287 257//257
f 288//288 287//287 258//258
f 259//259 288//288 258//258
f 289//289 288//288 259//259
f 260//260 289//289 259//259
f 290//290 289//289 260//260
f 261//261 290//290 260//260
f 291//291 290//290 261//261
f 262//262 291//291 261//261
f 292//292 291//291 262//262
f 263//263 292//292 262//262
f 293//293 292//292 263//263
f 264//264 293//293 263//263
f 294//294 293//293 264//264
f 265//265 294//294 264//264
f 295//295 294//294 265//265
f 266//266 295//295 265//265
f 296//296 295//295 266//266
f 267//267 296//296 266//266
f 297//297 296//296 267//267
f 268//268 297//297 267//267
f 298//298 297//297 268//268
f 269//269 298//298 268//268
f 299//299 298//298 269//269
f 270//270 299//299 269//269
f 300//300 299//299 270//270
f 241//241 300//300 270//270
f 271//271 300//300 241//241
f 272//272 301//301 271//271
f 302//302 301//301 272//272
f 273//273 302//302 272//272
f 303//303 302//302 273//273
f 274//274 303//303 273//273
f 304//304 303//303 274//274
f 275//275 304//304 274//274
f 305//305 304//304 275//275
f 276//276 305//305 275//275
f 306//306 305//305 276//276
f 277//277 306//306 276//276
f 307//307 306//306 277//277
f 278//278 307//307 277//277
f 308//308 307//307 278//278
f 279//279 308//308 278//278
f 309//309 308//308 279//279
f 280//280 309//309 279//279
f 310//310 309//309 280//280
f 281//281 310//310 280//280
f 311//311 310//310 281//281
f 282//282 311//311 281//281
f 312//312 311//311 282//282
f 283//283 312//312 282//282
f 313//313 312//312 283//283
f 284//284 313//313 283//283
f 314//314 313//313 284//284
f 285//285 314//314 284//284
f 315//315 314//314 285//285
f 286//286 315//315 285//285
f 316//316 315//315 286//286
f 287//287 316//316 286//286
f 317//317 316//316 287//287
f 288//288 317//317 287//287
f 318//318 317//317 288//288
f 289//289 318//318 288//288
f 319//319 318//318 289//289
f 290//290 319//319 289//289
f 320//320 319//319 290//290
f 291//291 320//320 290//290
f 321//321 320//320 291//291
f 292//292 321//321 291//291
f 322//322 321//321 292//292
f 293//293 322//322 292//292
f 323//323 322//322 293//293
f 294//294 323//323 293//293
f 324//324 323//323 294//294
f 295//295 324//324 294//294
f 325//325 324//324 295//295
f 296//296 325//325 295//295
f 326//326 325//325 296//296
f 297//297 326//326 296//296
f 327//327 326//326 297//297
f 298//298 327//327 297//297
f 328//328 327//327 298//298
f 299//299 328//328 298//298
f 329//329 328//328 299//299
f 300//300 329//329 299//299
f 330//330 329//329 300//300
f 271//271 330//330 300//300
f 301//301 330//330 271//271
f 302//302 331//331 301//301
f 332//332 331//331 302//302
f 303//303 332//332 302//302
f 333//333 332//332 303//303
f 304//304 333//333 303//303
f 334//334 333//333 304//304
f 305//305 334//334 304//304
f 335//335 334//334 305//305
f 306//306 335//335 305//305
f 336//336 335//335 306//306
f 307//307 336//336 306//306
f 337//337 336//336 307//307
f 308//308 337//337 307//307
f 338//338 337//337 308//308
f 309//309 338//338 308//308
f 339//339 338//338 309//309
f 310//310 339//339 309//309
f 340//340 339//339 310//310
f 311//311 340//340 310//310
f 341//341 340//340 311//311
f 312//312 341//341 311//311
f 342//342 341//341 312//312
f 313//313 342//342 312//312
f 343//343 342//342 313//313
f 314//314 343//343 313//313
f 344//344 343//343 314//314
f 315//315 344//344 314//314
f 345//345 344//344 315//315
f 316//316 345//345 315//315
f 346//346 345//345 316//316
f 317//317 346//346 316//316
f 347//347 346//346 317//317
f 318//318 347//347 317//317
f 348//348 347//347 318//318
f 319//319 348//348 318//318
f 349//349 348//348 319//319
f 320//320 349//349 319//319
f 350//350 349//349 320//320
f 321//321 350//350 320//320
f 351//351 350//350 321//321
f 322//322 351//351 321//321
f 352//352 351//351 322//322
f 323//323 352//352 322//322
f 353//353 352//352 323//323
f 324//324 353//353 323//323
f 354//354 353//353 324//324
f 325//325 354//354 324//324
f 355//355 354//354 325//325
f 326//326 355//355 325//325
f 356//356 355//355 326//326
f 327//327 356//356 326//326
f 357//357 356//356 327//327
f 328//328 357//357 327//327
f 358//358 357//357 328//328
f 329//329 358//358 328//328
f 359//359 358//358 329//329
f 330//330 359//359 329//329
f 360//360 359//359 330//330
f 301//301 360//360 330//330
f 331//331 360//360 301//301
f 332//332 361//361 331//331
f 362//362 361//361 332//332
f 333//333 362//362 332//332
f 363//363 362//362 333//333
f 334//334 363//363 333//333
f 364//364 363//363 334//334
f 335//335 364//364 334//334
f 365//365 364//364 335//335
f 336//336 365//365 335//335
f 366//366 365//365 336//336
f 337//337 366//366 336//336
f 367//367 366//366 337//337
f 338//338 367//367 337//337
f 368//368 367//367 338//338
f 339//339 368//368 338//338
f 369//369 368//368 339//339
f 340//340 369//369 339//339
f 370//370 369//369 340//340
f 341//341 370//370 340//340
f 371//371 370//370 341//341
f 342//342 371//371 341//341
f 372//372 371//371 342//342
f 343//343 372//372 342//342
f 373//373 372//372 343//343
f 344//344 373//373 343//343
f 374//374 373//373 344//344
f 345//345 374//374 344//344
f 375//375 374//374 345//345
f 346//346 375//375 345//345
f 376//376 375//375 346//346
f 347//347 376//376 346//346
f 377//377 376//376 347//347
f 348//348 377//377 347//347
f 378//378 377//377 348//348
f 349//349 378//378 348//348
f 379//379 378//378 349//349
f 350//350 379//379 349//349
f 380//380 379//379 350//350
f 351//351 380//380 350//350
f 381//381 380//380 351//351
f 352//352 381//381 351//351
f 382//382 381//381 352//352
f 353//353 382//382 352//352
f 383//383 382//382 353//353
f 354//354 383//383 353//353
f 384//384 383//383 354//354
f 355//355 384//384 354//354
f 385//385 384//384 355//355
f 356//356 385//385 355//355
f 386//386 385//385 356//356
f 357//357 386//386 356//356
f 387//387 386//386 357//357
f 358//358 387//387 357//357
f 388//388 387//387 358//358
f 359//359 388//388 358//358
f 389//389 388//388 359//359
f 360//360 389//389 359//359
f 390//390 389//389 360//360
f 331//331 390//390 360//360
f 361//361 390//390 331//331
f 362//362 391//391 361//361
f 392//392 391//391 362//362
f 363//363 392//392 362//362
f 393//393 392//392 363//363
f 364//364 393//393 363//363
f 394//394 393//393 364//364
f 365//365 394//394 364//364
f 395//395 394//394 365//365
f 366//366 395//395 365//365
f 396//396 395//395 366//366
f 367//367 396//396 366//366
f 397//397 396//396 367//367
f 368//368 397//397 367//367
f 398//398 397//397 368//368
f 369//369 398//398 368//368
f 399//399 398//398 369//369
f 370//370 399//399 369//369
f 400//400 399//399 370//370
f 371//371 400//400 370//370
f 401//401 400//400 371//371
f 372//372 401//401 371//371
f 402//402 401//401 372//372
f 373//373 402//402 372//372
f 403//403 402//402 373//373
f 374//374 403//403 373//373
f 404//404 403//403 374//374
f 375//375 404//404 374//374
f 405//405 404//404 375//375
f 376//376 405//405 375//375
f 406//406 405//405 376//376
f 377//377 406//406 376//376
f 407//407 406//406 377//377
f 378//378 407//407 377//377
f 408//408 407//407 378//378
f 379//379 408//408 378//378
f 409//409 408//408 379//379
f 380//380 409//409 379//379
f 410//410 409//409 380//380
f 381//381 410//410 380//380
f 411//411 410//410 381//381
f 382//382 411//411 381//381
f 412//412 411//411 382//382
f 383//383 412//412 382//382
f 413//413 412//412 383//383
f 384//384 413//413 383//383
f 414//414 413//413 384//384
f 385//385 414//414 384//384
f 415//415 414//414 385//385
f 386//386 415//415 385//385
f 416//416 415//415 386//386
f 387//387 416//416 386//386
f 417//417 416//416 387//387
f 388//388 417//417 387//387
f 418//418 417//417 388//388
f 389//389 418//418 388//388
f 419//419 418//418 389//389
f 390//390 419//419 389//389
f 420//420 419//419 390//390
f 361//361 420//420 390//390
f 391//391 420//420 361//361
f 392//392 421//421 391//391
f 422//422 421//421 392//392
f 393//393 422//422 392//392
f 423//423 422//422 393//393
f 394//394 423//423 393//393
f 424//424 423//423 394//394
f 395//395 424//424 394//394
f 425//425 424//424 395//395
f 396//396 425//425 395//395
f 426//426 425//425 396//396
f 397//397 426//426 396//396
f 427//427 426//426 397//397
f 398//398 427//427 397//397
f 428//428 427//427 398//398
f 399//399 428//428 398//398
f 429//429 428//428 399//399
f 400//400 429//429 399//399
f 430//430 429//429 400//400
f 401//401 430//430 400//400
f 431//431 430//430 401//401
f 402//402 431//431 401//401
f 432//432 431//431 402//402
f 403//403 432//432 402//402
f 433//433 432//432 403//403
f 404//404 433//433 403//403
f 434//434 433//433 404//404
f 405//405 434//434 404//404
f 435//435 434//434 405//405
f 406//406 435//435 405//405
f 436//436 435//435 406//406
f 407//407 436//436 406//406
f 437//437 436//436 407//407
f 408//408 437//437 407//407
f 438//438 437//437 408//408
f 409//409 438//438 408//408
f 439//439 438//438 409//409
f 410//410 439//439 409//409
f 440//440 439//439 410//410
f 411//411 440//440 410//410
f 441//441 440//440 411//411
f 412//412 441//441 411//411
f 442//442 441//441 412//412
f 413//413 442//442 412//412
f 443//443 442//442 413//413
f 414//414 443//443 413//413
f 444//444 443//443 414//414
f 415//415 444//444 414//414
f 445//445 444//444 415//415
f 416//416 445//445 415//415
f 446//446 445//445 416//416
f 417//417 446//446 416//416
f 447//447 446//446 417//417
f 418//418 447//447 417//417
f 448//448 447//447 418//418
f 419//419 448//448 418//418
f 449//449 448//448 419//419
f 420//420 449//449 419//419
f 450//450 449//449 420//420
f 391//391 450//450 420//420
f 421//421 450//450 391//391
f 422//422 451//451 421//421
f 452//452 451//451 422//422
f 423//423 452//452 422//422
f 453//453 452//452 423//423
f 424//424 453//453 423//423
f 454//454 453//453 424//424
f 425//425 454//454 424//424
f 455//455 454//454 425//425
f 426//426 455//455 425//425
f 456//456 455//455 426//426
f 427//427 456//456 426//426
f 457//457 456//456 427//427
f 428//428 457//457 427//427
f 458//458 457//457 428//428
f 429//429 458//458 428//428
f 459//459 458//458 429//429
f 430//430 459//459 429//429
f 460//460 459//459 430//430
f 431//431 460//460 430//430
f 461//461 460//460 431//431
f 432//432 461//461 431//431
f 462//462 461//461 432//432
f 433//433 462//462 432//432
f 463//463 462//462 433//433
f 434//434 463//463 433//433
f 464//464 463//463 434//434
f 435//435 464//464 434//434
f 465//465 464//464 435//435
f 436//436 465//465 435//435
f 466//466 465//465 436//436
f 437//437 466//466 436//436
f 467//467 466//466 437//437
f 438//438 467//467 437//437
f 468//468 467//467 438//438
f 439//439 468//468 438//438
f 469//469 468//468 439//439
f 440//440 469//469 439//439
f 470//470 469//469 440//440
f 441//441 470//470 440//440
f 471//471 470//470 441//441
f 442//442 471//471 441//441
f 472//472 471//471 442//442
f 443//443 472//472 442//442
f 473//473 472//472 443//443
f 444//444 473//473 443//443
f 474//474 473//473 444//444
f 445//445 474//474 444//444
f 475//475 474//474 445//445
f 446//446 475//475 445//445
f 476//476 475//475 446//446
f 447//447 476//476 446//446
f 477//477 476//476 447//447
f 448//448 477//477 447//447
f 478//478 477//477 448//448
f 449//449 478//478 448//448
f 479//479 478//478 449//449
f 450//450 479//479 449//449
f 480//480 479//479 450//450
f 421//421 480//480 450//450
f 451//451 480//480 421//421
f 452//452 481//481 451//451
f 482//482 481//481 452//452
f 453//453 482//482 452//452
f 483//483 482//482 453//453
f 454//454 483//483 453//453
f 484//484 483//483 454//454
f 455//455 484//484 454//454
f 485//485 484//484 455//455
f 456//456 485//485 455//455
f 486//486 485//485 456//456
f 457//457 486//486 456//456
f 487//487 486//486 457//457
f 458//458 487//487 457//457
f 488//488 487//487 458//458
f 459//459 488//488 458//458
f 489//489 488//488 459//459
f 460//460 489//489 459//459
f 490//490 489//489 460//460
f 461//461 490//490 460//460
f 491//491 490//490 461//461
f 462//462 491//491 461//461
f 492//492 491//491 462//462
f 463//463 492//492 462//462
f 493//493 492//492 463//463
f 464//464 493//493 463//463
f 494//494 493//493 464//464
f 465//465 494//494 464//464
f 495//495 494//494 465//465
f 466//466 495//495 465//465
f 496//496 495//495 466//466
f 467//467 496//496 466//466
f 497//497 496//496 467//467
f 468//468 497//497 467//467
f 498//498 497//497 468//468
f 469//469 498//498 468//468
f 499//499 498//498 469//469
f 470//470 499//499 469//469
f 500//500 499//499 470//470
f 471//471 500//500 470//470
f 501//501 500//500 471//471
f 472//472 501//501 471//471
f 502//502 501//501 472//472
f 473//473 502//502 472//472
f 503//503 502//502 473//473
f 474//474 503//503 473//473
f 504//504 503//503 474//474
f 475//475 504//504 474//474
f 505//505 504//504 475//475
f 476//476 505//505 475//475
f 506//506 505//505 476//476
f 477//477 506//506 476//476
f 507//507 506//506 477//477
f 478//478 507//507 477//477
f 508//508 507//507 478//478
f 479//479 508//508 478//478
f 509//509 508//508 479//479
f 480//480 509//509 479//479
f 510//510 509//509 480//480
f 451//451 510//510 480//480
f 481//481 510//510 451//451
f 482//482 511//511 481//481
f 512//512 511//511 482//482
f 483//483 512//512 482//482
f 513//513 512//512 483//483
f 484//484 513//513 483//483
f 514//514 513//513 484//484
f 485//485 514//514 484//484
f 515//515 514//514 485//485
f 486//486 515//515 485//485
f 516//516 515//515 486//486
f 487//487 516//516 486//486
f 517//517 516//516 487//487
f 488//488 517//517 487//487
f 518//518 517//517 488//488
f 489//489 518//518 488//488
f 519//519 518//518 489//489
f 490//490 519//519 489//489
f 520//520 519//519 490//490
f 491//491 520//520 490//490
f 521//521 520//520 491//491
f 492//492 521//521 491//491
f 522//522 521//521 492//492
f 493//493 522//522 492//492
f 523//523 522//522 493//493
f 494//494 523//523 493//493
f 524//524 523//523 494//494
f 495//495 524//524 494//494
f 525//525 524//524 495//495
f 496//496 525//525 495//495
f 526//526 525//525 496//496
f 497//497 526//526 496//496
f 527//527 526//526 497//497
f 498//498 527//527 497//497
f 528//528 527//527 498//498
f 499//499 528//528 498//498
f 529//529 528//528 499//499
f 500//500 529//529 499//499
f 530//530 529//529 500//500
f 501//501 530//530 500//500
f 531//531 530//530 501//501
f 502//502 531//531 501//501
f 532//532 531//531 502//502
f 503//503 532//532 502//502
f 533//533 532//532 503//503
f 504//504 533//533 503//503
f 534//534 533//533 504//504
f 505//505 534//534 504//504
f 535//535 534//534 505//505
f 506//506 535//535 505//505
f 536//536 535//535 506//506
f 507//507 536//536 506//506
f 537//537 536//536 507//507
f 508//508 537//537 507//507
f 538//538 537//537 508//508
f 509//509 538//538 508//508
f 539//539 538//538 509//509
f 510//510 539//539 509//509
f 540//540 539//539 510//510
f 481//481 540//540 510//510
f 511//511 540//540 481//481
f 512//512 541//541 511//511
f 542//542 541//541 512//512
f 513//513 542//542 512//512
f 543//543 542//542 513//513
f 514//514 543//543 513//513
f 544//544 543//543 514//514
f 515//515 544//544 514//514
f 545//545 544//544 515//515
f 516//516 545//545 515//515
f 546//546 545//545 516//516
f 517//517 546//546 516//516
f 547//547 546//546 517//517
f 518//518 547//547 517//517
f 548//548 547//547 518//518
f 519//519 548//548 518//518
f 549//549 548//548 519//519
f 520//520 549//549 519//519
f 550//550 549//549 520//520
f 521//521 550//550 520//520
f 551//551 550//550 521//521
f 522//522 551//551 521//521
f 552//552 551//551 522//522
f 523//523 552//552 522//522
f 553//553 552//552 523//523
f 524//524 553//553 523//523
f 554//554 553//553 524//524
f 525//525 554//554 524//524
f 555//555 554//554 525//525
f 526//526 555//555 525//525
f 556//556 555//555 526//526
f 527//527 556//556 526//526
f 557//557 556//556 527//527
f 528//528 557//557 527//527
f 558//558 557//557 528//528
f 529//529 558//558 528//528
f 559//559 558//558 529//529
f 530//530 559//559 529//529
f 560//560 559//559 530//530
f 531//531 560//560 530//530
f 561//561 560//560 531//531
f 532//532 561//561 531//531
f 562//562 561//561 532//532
f 533//533 562//562 532//532
f 563//563 562//562 533//533
f 534//534 563//563 533//533
f 564//564 563//563 534//534
f 535//535 564//564 534//534
f 565//565 564//564 535//535
f 536//536 565//565 535//535
f 566//566 565//565 536//536
f 537//537 566//566 536//536
f 567//567 566//566 537//537
f 538//538 567//567 537//537
f 568//568 567//567 538//538
f 539//539 568//568 538//538
f 569//569 568//568 539//539
f 540//540 569//569 539//539
f 570//570 569//569 540//540
f 511//511 570//570 540//540
f 541//541 570//570 511//511
f 542//542 571//571 541//541
f 572//572 571//571 542//542
f 543//543 572//572 542//542
f 573//573 572//572 543//543
f 544//544 573//573 543//543
f 574//574 573//573 544//544
f 545//545 574//574 544//544
f 575//575 574//574 545//545
f 546//546 575//575 545//545
f 576//576 575//575 546//546
f 547//547 576//576 546//546
f 577//577 576//576 547//547
f 548//548 577//577 547//547
f 578//578 577//577 548//548
f 549//549 578//578 548//548
f 579//579 578//578 549//549
f 550//550 579//579 549//549
f 580//580 579//579 550//550
f 551//551 580//580 550//550
f 581//581 580//580 551//551
f 552//552 581//581 551//551
f 582//582 581//581 552//552
f 553//553 582//582 552//552
f 583//583 582//582 553//553
f 554//554 583//583 553//553
f 584//584 583//583 554//554
f 555//555 584//584 554//554
f 585//585 584//584 555//555
f 556//556 585//585 555//555
f 586//586 585//585 556//556
f 557//557 586//586 556//556
f 587//587 586//586 557//557
f 558//558 587//587 557//557
f 588//588 587//587 558//558
f 559//559 588//588 558//558
f 589//589 588//588 559//559
f 560//560 589//589 559//559
f 590//590 589//589 560//560
f 561//561 590//590 560//560
f 591//591 590//590 561//561
f 562//562 591//591 561//561
f 592//592 591//591 562//562
f 563//563 592//592 562//562
f 593//593 592//592 563//563
f 564//564 593//593 563//563
f 594//594 593//593 564//564
f 565//565 594//594 564//564
f 595//595 594//594 565//565
f 566//566 595//595 565//565
f 596//596 595//595 566//566
f 567//567 596//596 566//566
f 597//597 596//596 567//567
f 568//568 597//597 567//567
f 598//598 597//597 568//568
f 569//569 598//598 568//568
f 599//599 598//598 569//569
f 570//570 599//599 569//569
f 600//600 599//599 570//570
f 541//541 600//600 570//570
f 571//571 600//600 541//541
f 572//572 601//601 571//571
f 602//602 601//601 572//572
f 573//573 602//602 572//572
f 603//603 602//602 573//573
f 574//574 603//603 573//573
f 604//604 603//603 574//574
f 575//575 604//604 574//574
f 605//605 604//604 575//575
f 576//576 605//605 575//575
f 606//606 605//605 576//576
f 577//577 606//606 576//576
f 607//607 606//606 577//577
f 578//578 607//607 577//577
f 608//608 607//607 578//578
f 579//579 608//608 578//578
f 609//609 608//608 579//579
f 580//580 609//609 579//579
f 610//610 609//609 580//580
f 581//581 610//610 580//580
f 611//611 610//610 581//581
f 582//582 611//611 581//581
f 612//612 611//611 582//582
f 583//583 612//612 582//582
f 613//613 612//612 583//583
f 584//584 613//613 583//583
f 614//614 613//613 584//584
f 585//585 614//614 584//584
f 615//615 614//614 585//585
f 586//586 615//615 585//585
f 616//616 615//615 586//586
f 587//587 616//616 586//586
f 617//617 616//616 587//587
f 588//588 617//617 587//587
f 618//618 617//617 588//588
f 589//589 618//618 588//588
f 619//619 618//618 589//589
f 590//590 619//619 589//589
f 620//620 619//619 590//590
f 591//591 620//620 590//590
f 621//621 620//620 591//591
f 592//592 621//621 591//591
f 622//622 621//621 592//592
f 593//593 622//622 592//592
f 623//623 622//622 593//593
f 594//594 623//623 593//593
f 624//624 623//623 594//594
f 595//595 624//624 594//594
f 625//625 624//624 595//595
f 596//596 625//625 595//595
f 626//626 625//625 596//596
f 597//597 626//626 596//596
f 627//627 626//626 597//597
f 598//598 627//627 597//597
f 628//628 627//627 598//598
f 599//599 628//628 598//598
f 629//629 628//628 599//599
f 600//600 629//629 599//599
f 630//630 629//629 600//600
f 571//571 630//630 600//600
f 601//601 630//630 571//571
f 661//661 632//632 631//631
f 661//661 662//662 632//632
f 662//662 633//633 632//632
f 662//662 663//663 633//633
f 663//663 634//634 633//633
f 663//663 664//664 634//634
f 664//664 635//635 634//634
f 664//664 665//665 635//635
f 665//665 636//636 635//635
f 665//665 666//666 636//636
f 666//666 637//637 636//636
f 666//666 667//667 637//637
f 667//667 638//638 637//637
f 667//667 668//668 638//638
f 668//668 639//639 638//638
f 668//668 669//669 639//639
f 669//669 640//640 639//639
f 669//669 670//670 640//640
f 670//670 641//641 640//640
f 670//670 671//671 641//641
f 671//671 642//642 641//641
f 671//671 672//672 642//642
f 672//672 643//643 642//642
f 672//672 673//673 643//643
f 673//673 644//644 643//643
f 673//673 674//674 644//644
f 674//674 645//645 644//644
f 674//674 675//675 645//645
f 675//675 646//646 645//645
f 675//675 676//676 646//646
f 676//676 647//647 646//646
f 676//676 677//677 647//647
f 677//677 648//648 647//647
f 677//677 678//678 648//648
f 678//678 649//649 648//648
f 678//678 679//679 649//649
f 679//679 650//650 649//649
f 679//679 680//680 650//650
f 680//680 651//651 650//650
f 680//680 681//681 651//651
f 681//681 652//652 651//651
f 681//681 682//682 652//652
f 682//682 653//653 652//652
f 682//682 683//683 653//653
f 683//683 654//654 653//653
f 683//683 684//684 654//654
f 684//684 655//655 654//654
f 684//684 685//685 655//655
f 685//685 656//656 655//655
f 685//685 686//686 656//656
f 686//686 657//657 656//656
f 686//686 687//687 657//657
f 687//687 658//658 657//657
f 687//687 688//688 658//658
f 688//688 659//659 658//658
f 688//688 689//689 659//659
f 689//689 660//660 659//659
f 689//689 690//690 660//660
f 690//690 631//631 660//660
f 690//690 661//661 631//631
f 691//691 662//662 661//661
f 691//691 692//692 662//662
f 692//692 663//663 662//662
f 692//692 693//693 663//663
f 693//693 664//664 663//663
f 693//693 694//694 664//664
f 694//694 665//665 664//664
f 694//694 695//695 665//665
f 695//695 666//666 665//665
f 695//695 696//696 666//666
f 696//696 667//667 666//666
f 696//696 697//697 667//667
f 697//697 668//668 667//667
f 697//697 698//698 668//668
f 698//698 669//669 668//668
f 698//698 699//699 669//669
f 699//699 670//670 669//669
f 699//699 700//700 670//670
f 700//700 671//671 670//670
f 700//700 701//701 671//671
f 701//701 672//672 671//671
f 701//701 702//702 672//672
f 702//702 673//673 672//672
f 702//702 703//703 673//673
f 703//703 674//674 673//673
f 703//703 704//704 674//674
f 704//704 675//675 674//674
f 704//704 705//705 675//675
f 705//705 676//676 675//675
f 705//705 706//706 676//676
f 706//706 677//677 676//676
f 706//706 707//707 677//677
f 707//707 678//678 677//677
f 707//707 708//708 678//678
f 708//708 679//679 678//678
f 708//708 709//709 679//679
f 709//709 680//680 679//679
f 709//709 710//710 680//680
f 710//710 681//681 680//680
f 710//710 711//711 681//681
f 711//711 682//682 681//681
f 711//711 712//712 682//682
f 712//712 683//683 682//682
f 712//712 713//713 683//683
f 713//713 684//684 683//683
f 713//713 714//714 684//684
f 714//714 685//685 684//684
f 714//714 715//715 685//685
f 715//715 686//686 685//685
f 715//715 716//716 686//686
f 716//716 687//687 686//686
f 716//716 717//717 687//687
f 717//717 688//688 687//687
f 717//717 718//718 688//688
f 718//718 689//689 688//688
f 718//718 719//719 689//689
f 719//719 690//690 689//689
f 719//719 720//720 690//690
f 720//720 661//661 690//690
f 720//720 691//691 661//661
f 721//721 692//692 691//691
f 721//721 722//722 692//692
f 722//722 693//693 692//692
f 722//722 723//723 693//693
f 723//723 694//694 693//693
f 723//723 724//724 694//694
f 724//724 695//695 694//694
f 724//724 725//725 695//695
f 725//725 696//696 695//695
f 725//725 726//726 696//696
f 726//726 697//697 696//696
f 726//726 727//727 697//697
f 727//727 698//698 697//697
f 727//727 728//728 698//698
f 728//728 699//699 698//698
f 728//728 729//729 699//699
f 729//729 700//700 699//699
f 729//729 730//730 700//700
f 730//730 701//701 700//700
f 730//730 731//731 701//701
f 731//731 702//702 701//701
f 731//731 732//732 702//702
f 732//732 703//703 702//702
f 732//732 733//733 703//703
f 733//733 704//704 703//703
f 733//733 734//734 704//704
f 734//734 705//705 704//704
f 734//734 735//735 705//705
f 735//735 706//706 705//705
f 735//735 736//736 706//706
f 736//736 707//707 706//706
f 736//736 737//737 707//707
f 737//737 708//708 707//707
f 737//737 738//738 708//708
f 738//738 709//709 708//708
f 738//738 739//739 709//709
f 739//739 710//710 709//709
f 739//739 740//740 710//710
f 740//740 711//711 710//710
f 740//740 741//741 711//711
f 741//741 712//712 711//711
f 741//741 742//742 712//712
f 742//742 713//713 712//712
f 742//742 743//743 713//713
f 743//743 714//714 713//713
f 743//743 744//744 714//714
f 744//744 715//715 714//714
f 744//744 745//745 715//715
f 745//745 716//716 715//715
f 745//745 746//746 716//716
f 746//746 717//717 716//716
f 746//746 747//747 717//717
f 747//747 718//718 717//717
f 747//747 748//748 718//718
f 748//748 719//719 718//718
f 748//748 749//749 719//719
f 749//749 720//720 719//719
f 749//749 750//750 720//720
f 750//750 691//691 720//720
f 750//750 721//721 691//691
f 751//751 722//722 721//721
f 751//751 752//752 722//722
f 752//752 723//723 722//722
f 752//752 753//753 723//723
f 753//753 724//724 723//723
f 753//753 754//754 724//724
f 754//754 725//725 724//724
f 754//754 755//755 725//725
f 755//755 726//726 725//725
f 755//755 756//756 726//726
f 756//756 727//727 726//726
f 756//756 757//757 727//727
f 757//757 728//728 727//727
f 757//757 758//758 728//728
f 758//758 729//729 728//728
f 758//758 759//759 729//729
f 759//759 730//730 729//729
f 759//759 760//760 730//730
f 760//760 731//731 730//730
f 760//760 761//761 731//731
f 761//761 732//732 731//731
f 761//761 762//762 732//732
f 762//762 733//733 732//732
f 762//762 763//763 733//733
f 763//763 734//734 733//733
f 763//763 764//764 734//734
f 764//764 735//735 734//734
f 764//764 765//765 735//735
f 765//765 736//736 735//735
f 765//765 766//766 736//736
f 766//766 737//737 736//736
f 766//766 767//767 737//737
f 767//767 738//738 737//737
f 767//767 768//768 738//738
f 768//768 739//739 738//738
f 768//768 769//769 739//739
f 769//769 740//740 739//739
f 769//769 770//770 740//740
f 770//770 741//741 740//740
f 770//770 771//771 741//741
f 771//771 742//742 741//741
f 771//771 772//772 742//742
f 772//772 743//743 742//742
f 772//772 773//773 743//743
f 773//773 744//744 743//743
f 773//773 774//774 744//744
f 774//774 745//745 744//744
f 774//774 775//775 745//745
f 775//775 746//746 745//745
f 775//775 776//776 746//746
f 776//776 747//747 746//746
f 776//776 777//777 747//747
f 777//777 748//748 747//747
f 777//777 778//778 748//748
f 778//778 749//749 748//748
f 778//778 779//779 749//749
f 779//779 750//750 749//749
f 779//779 780//780 750//750
f 780//780 721//721 750//750
f 780//780 751//751 721//721
f 781//781 752//752 751//751
f 781//781 782//782 752//752
f 782//782 753//753 752//752
f 782//782 783//783 753//753
f 783//783 754//754 753//753
f 783//783 784//784 754//754
f 784//784 755//755 754//754
f 784//784 785//785 755//755
f 785//785 756//756 755//755
f 785//785 786//786 756//756
f 786//786 757//757 756//756
f 786//786 787//787 757//757
f 787//787 758//758 757//757
f 787//787 788//788 758//758
f 788//788 759//759 758//758
f 788//788 789//789 759//759
f 789//789 760//760 759//759
f 789//789 790//790 760//760
f 790//790 761//761 760//760
f 790//790 791//791 761//761
f 791//791 762//762 761//761
f 791//791 792//792 762//762
f 792//792 763//763 762//762
f 792//792 793//793 763//763
f 793//793 764//764 763//763
f 793//793 794//794 764//764
f 794//794 765//765 764//764
f 794//794 795//795 765//765
f 795//795 766//766 765//765
f 795//795 796//796 766//766
f 796//796 767//767 766//766
f 796//796 797//797 767//767
f 797//797 768//768 767//767
f 797//797 798//798 768//768
f 798//798 769//769 768//768
f 798//798 799//799 769//769
f 799//799 770//770 769//769
f 799//799 800//800 770//770
f 800//800 771//771 770//770
f 800//800 801//801 771//771
f 801//801 772//772 771//771
f 801//801 802//802 772//772
f 802//802 773//773 772//772
f 802//802 803//803 773//773
f 803//803 774//774 773//773
f 803//803 804//804 774//774
f 804//804 775//775 774//774
f 804//804 805//805 775//775
f 805//805 776//776 775//775
f 805//805 806//806 776//776
f 806//806 777//777 776//776
f 806//806 807//807 777//777
f 807//807 778//778 777//777
f 807//807 808//808 778//778
f 808//808 779//779 778//778
f 808//808 809//809 779//779
f 809//809 780//780 779//779
f 809//809 810//810 780//780
f 810//810 751//751 780//780
f 810//810 781//781 751//751
f 811//811 782//782 781//781
f 811//811 812//812 782//782
f 812//812 783//783 782//782
f 812//812 813//813 783//783
f 813//813 784//784 783//783
f 813//813 814//814 784//784
f 814//814 785//785 784//784
f 814//814 815//815 785//785
f 815//815 786//786 785//785
f 815//815 816//816 786//786
f 816//816 787//787 786//786
f 816//816 817//817 787//787
f 817//817 788//788 787//787
f 817//817 818//818 788//788
f 818//818 789//789 788//788
f 818//818 819//819 789//789
f 819//819 790//790 789//789
f 819//819 820//820 790//790
f 820//820 791//791 790//790
f 820//820 821//821 791//791
f 821//821 792//792 791//791
f 821//821 822//822 792//792
f 822//822 793//793 792//792
f 822//822 823//823 793//793
f 823//823 794//794 793//793
f 823//823 824//824 794//794
f 824//824 795//795 794//794
f 824//824 825//825 795//795
f 825//825 796//796 795//795
f 825//825 826//826 796//796
f 826//826 797//797 796//796
f 826//826 827//827 797//797
f 827//827 798//798 797//797
f 827//827 828//828 798//798
f 828//828 799//799 798//798
f 828//828 829//829 799//799
f 829//829 800//800 799//799
f 829//829 830//830 800//800
f 830//830 801//801 800//800
f 830//830 831//831 801//801
f 831//831 802//802 801//801
f 831//831 832//832 802//802
f 832//832 803//803 802//802
f 832//832 833//833 803//803
f 833//833 804//804 803//803
f 833//833 834//834 804//804
f 834//834 805//805 804//804
f 834//834 835//835 805//805
f 835//835 806//806 805//805
f 835//835 836//836 806//806
f 836//836 807//807 806//806
f 836//836 837//837 807//807
f 837//837 808//808 807//807
f 837//837 838//838 808//808
f 838//838 809//809 808//808
f 838//838 839//839 809//809
f 839//839 810//810 809//809
f 839//839 840//840 810//810
f 840//840 781//781 810//810
f 840//840 811//811 781//781
f 841//841 812//812 811//811
f 841//841 842//842 812//812
f 842//842 813//813 812//812
f 842//842 843//843 813//813
f 843//843 814//814 813//813
f 843//843 844//844 814//814
f 844//844 815//815 814//814
f 844//844 845//845 815//815
f 845//845 816//816 815//815
f 845//845 846//846 816//816
f 846//846 817//817 816//816
f 846//846 847//847 817//817
f 847//847 818//818 817//817
f 847//847 848//848 818//818
f 848//848 819//819 818//818
f 848//848 849//849 819//819
f 849//849 820//820 819//819
f 849//849 850//850 820//820
f 850//850 821//821 820//820
f 850//850 851//851 821//821
f 851//851 822//822 821//821
f 851//851 852//852 822//822
f 852//852 823//823 822//822
f 852//852 853//853 823//823
f 853//853 824//824 823//823
f 853//853 854//854 824//824
f 854//854 825//825 824//824
f 854//854 855//855 825//825
f 855//855 826//826 825//825
f 855//855 856//856 826//826
f 856//856 827//827 826//826
f 856//856 857//857 827//827
f 857//857 828//828 827//827
f 857//857 858//858 828//828
f 858//858 829//829 828//828
f 858//858 859//859 829//829
f 859//859 830//830 829//829
f 859//859 860//860 830//830
f 860//860 831//831 830//830
f 860//860 861//861 831//831
f 861//861 832//832 831//831
f 861//861 862//862 832//832
f 862//862 833//833 832//832
f 862//862 863//863 833//833
f 863//863 834//834 833//833
f 863//863 864//864 834//834
f 864//864 835//835 834//834
f 864//864 865//865 835//835
f 865//865 836//836 835//835
f 865//865 866//866 836//836
f 866//866 837//837 836//836
f 866//866 867//867 837//837
f 867//867 838//838 837//837
f 867//867 868//868 838//838
f 868//868 839//839 838//838
f 868//868 869//869 839//839
f 869//869 840//840 839//839
f 869//869 870//870 840//840
f 870//870 811//811 840//840
f 870//870 841//841 811//811
f 871//871 842//842 841//841
f 871//871 872//872 842//842
f 872//872 843//843 842//842
f 872//872 873//873 843//843
f 873//873 844//844 843//843
f 873//873 874//874 844//844
f 874//874 845//845 844//844
f 874//874 875//875 845//845
f 875//875 846//846 845//845
f 875//875 876//876 846//846
f 876//876 847//847 846//846
f 876//876 877//877 847//847
f 877//877 848//848 847//847
f 877//877 878//878 848//848
f 878//878 849//849 848//848
f 878//878 879//879 849//849
f 879//879 850//850 849//849
f 879//879 880//880 850//850
f 880//880 851//851 850//850
f 880//880 881//881 851//851
f 881//881 852//852 851//851
f 881//881 882//882 852//852
f 882//882 853//853 852//852
f 882//882 883//883 853//853
f 883//883 854//854 853//853
f 883//883 884//884 854//854
f 884//884 855//855 854//854
f 884//884 885//885 855//855
f 885//885 856//856 855//855
f 885//885 886//886 856//856
f 886//886 857//857 856//856
f 886//886 887//887 857//857
f 887//887 858//858 857//857
f 887//887 888//888 858//858
f 888//888 859//859 858//858
f 888//888 889//889 859//859
f 889//889 860//860 859//859
f 889//889 890//890 860//860
f 890//890 861//861 860//860
f 890//890 891//891 861//861
f 891//891 862//862 861//861
f 891//891 892//892 862//862
f 892//892 863//863 862//862
f 892//892 893//893 863//863
f 893//893 864//864 863//863
f 893//893 894//894 864//864
f 894//894 865//865 864//864
f 894//894 895//895 865//865
f 895//895 866//866 865//865
f 895//895 896//896 866//866
f 896//896 867//867 866//866
f 896//896 897//897 867//867
f 897//897 868//868 867//867
f 897//897 898//898 868//868
f 898//898 869//869 868//868
f 898//898 899//899 869//869
f 899//899 870//870 869//869
f 899//899 900//900 870//870
f 900//900 841//841 870//870
f 900//900 871//871 841//841
f 901//901 872//872 871//871
f 901//901 902//902 872//872
f 902//902 873//873 872//872
f 902//902 903//903 873//873
f 903//903 874//874 873//873
f 903//903 904//904 874//874
f 904//904 875//875 874//874
f 904//904 905//905 875//875
f 905//905 876//876 875//875
f 905//905 906//906 876//876
f 906//906 877//877 876//876
f 906//906 907//907 877//877
f 907//907 878//878 877//877
f 907//907 908//908 878//878
f 908//908 879//879 878//878
f 908//908 909//909 879//879
f 909//909 880//880 879//879
f 909//909 910//910 880//880
f 910//910 881//881 880//880
f 910//910 911//911 881//881
f 911//911 882//882 881//881
f 911//911 912//912 882//882
f 912//912 883//883 882//882
f 912//912 913//913 883//883
f 913//913 884//884 883//883
f 913//913 914//914 884//884
f 914//914 885//885 884//884
f 914//914 915//915 885//885
f 915//915 886//886 885//885
f 915//915 916//916 886//886
f 916//916 887//887 886//886
f 916//916 917//917 887//887
f 917//917 888//888 887//887
f 917//917 918//918 888//888
f 918//918 889//889 888//888
f 918//918 919//919 889//889
f 919//919 890//890 889//889
f 919//919 920//920 890//890
f 920//920 891//891 890//890
f 920//920 921//921 891//891
f 921//921 892//892 891//891
f 921//921 922//922 892//892
f 922//922 893//893 892//892
f 922//922 923//923 893//893
f 923//923 894//894 893//893
f 923//923 924//924 894//894
f 924//924 895//895 894//894
f 924//924 925//925 895//895
f 925//925 896//896 895//895
f 925//925 926//926 896//896
f 926//926 897//897 896//896
f 926//926 927//927 897//897
f 927//927 898//898 897//897
f 927//927 928//928 898//898
f 928//928 899//899 898//898
f 928//928 929//929 899//899
f 929//929 900//900 899//899
f 929//929 930//930 900//900
f 930//930 871//871 900//900
f 930//930 901//901 871//871
f 931//931 902//902 901//901
f 931//931 932//932 902//902
f 932//932 903//903 902//902
f 932//932 933//933 903//903
f 933//933 904//904 903//903
f 933//933 934//934 904//904
f 934//934 905//905 904//904
f 934//934 935//935 905//905
f 935//935 906//906 905//905
f 935//935 936//936 906//906
f 936//936 907//907 906//906
f 936//936 937//937 907//907
f 937//937 908//908 907//907
f 937//937 938//938 908//908
f 938//938 909//909 908//908
f 938//938 939//939 909//909
f 939//939 910//910 909//909
f 939//939 940//940 910//910
f 940//940 911//911 910//910
f 940//940 941//941 911//911
f 941//941 912//912 911//911
f 941//941 942//942 912//912
f 942//942 913//913 912//912
f 942//942 943//943 913//913
f 943//943 914//914 913//913
f 943//943 944//944 914//914
f 944//944 915//915 914//914
f 944//944 945//945 915//915
f 945//945 916//916 915//915
f 945//945 946//946 916//916
f 946//946 917//917 916//916
f 946//946 947//947 917//917
f 947//947 918//918 917//917
f 947//947 948//948 918//918
f 948//948 919//919 918//918
f 948//948 949//949 919//919
f 949//949 920//920 919//919
f 949//949 950//950 920//920
f 950//950 921//921 920//920
f 950//950 951//951 921//921
f 951//951 922//922 921//921
f 951//951 952//952 922//922
f 952//952 923//923 922//922
f 952//952 953//953 923//923
f 953//953 924//924 923//923
f 953//953 954//954 924//924
f 954//954 925//925 924//924
f 954//954 955//955 925//925
f 955//955 926//926 925//925
f 955//955 956//956 926//926
f 956//956 927//927 926//926
f 956//956 957//957 927//927
f 957//957 928//928 927//927
f 957//957 958//958 928//928
f 958//958 929//929 928//928
f 958//958 959//959 929//929
f 959//959 930//930 929//929
f 959//959 960//960 930//930
f 960//960 901//901 930//930
f 960//960 931//931 901//901
f 961//961 932//932 931//931
f 961//961 962//962 932//932
f 962//962 933//933 932//932
f 962//962 963//963 933//933
f 963//963 934//934 933//933
f 963//963 964//964 934//934
f 964//964 935//935 934//934
f 964//964 965//965 935//935
f 965//965 936//936 935//935
f 965//965 966//966 936//936
f 966//966 937//937 936//936
f 966//966 967//967 937//937
f 967//967 938//938 937//937
f 967//967 968//968 938//938
f 968//968 939//939 938//938
f 968//968 969//969 939//939
f 969//969 940//940 939//939
f 969//969 970//970 940//940
f 970//970 941//941 940//940
f 970//970 971//971 941//941
f 971//971 942//942 941//941
f 971//971 972//972 942//942
f 972//972 943//943 942//942
f 972//972 973//973 943//943
f 973//973 944//944 943//943
f 973//973 974//974 944//944
f 974//974 945//945 944//944
f 974//974 975//975 945//945
f 975//975 946//946 945//945
f 975//975 976//976 946//946
f 976//976 947//947 946//946
f 976//976 977//977 947//947
f 977//977 948//948 947//947
f 977//977 978//978 948//948
f 978//978 949//949 948//948
f 978//978 979//979 949//949
f 979//979 950//950 949//949
f 979//979 980//980 950//950
f 980//980 951//951 950//950
f 980//980 981//981 951//951
f 981//981 952//952 951//951
f 981//981 982//982 952//952
f 982//982 953//953 952//952
f 982//982 983//983 953//953
f 983//983 954//954 953//953
f 983//983 984//984 954//954
f 984//984 955//955 954//954
f 984//984 985//985 955//955
f 985//985 956//956 955//955
f 985//985 986//986 956//956
f 986//986 957//957 956//956
f 986//986 987//987 957//957
f 987//987 958//958 957//957
f 987//987 988//988 958//958
f 988//988 959//959 958//958
f 988//988 989//989 959//959
f 989//989 960//960 959//959
f 989//989 990//990 960//960
f 990//990 931//931 960//960
f 990//990 961//961 931//931
f 991//991 962//962 961//961
f 991//991 992//992 962//962
f 992//992 963//963 962//962
f 992//992 993//993 963//963
f 993//993 964//964 963//963
f 993//993 994//994 964//964
f 994//994 965//965 964//964
f 994//994 995//995 965//965
f 995//995 966//966 965//965
f 995//995 996//996 966//966
f 996//996 967//967 966//966
f 996//996 997//997 967//967
f 997//997 968//968 967//967
f 997//997 998//998 968//968
f 998//998 969//969 968//968
f 998//998 999//999 969//969
f 999//999 970//970 969//969
f 999//999 1000//1000 970//970
f 1000//1000 971//971 970//970
f 1000//1000 1001//1001 971//971
f 1001//1001 972//972 971//971
f 1001//1001 1002//1002 972//972
f 1002//1002 973//973 972//972
f 1002//1002 1003//1003 973//973
f 1003//1003 974//974 973//973
f 1003//1003 1004//1004 974//974
f 1004//1004 975//975 974//974
f 1004//1004 1005//1005 975//975
f 1005//1005 976//976 975//975
f 1005//1005 1006//1006 976//976
f 1006//1006 977//977 976//976
f 1006//1006 1007//1007 977//977
f 1007//1007 978//978 977//977
f 1007//1007 1008//1008 978//978
f 1008//1008 979//979 978//978
f 1008//1008 1009//1009 979//979
f 1009//1009 980//980 979//979
f 1009//1009 1010//1010 980//980
f 1010//1010 981//981 980//980
f 1010//1010 1011//1011 981//981
f 1011//1011 982//982 981//981
f 1011//1011 1012//1012 982//982
f 1012//1012 983//983 982//982
f 1012//1012 1013//1013 983//983
f 1013//1013 984//984 983//983
f 1013//1013 1014//1014 984//984
f 1014//1014 985//985 984//984
f 1014//1014 1015//1015 985//985
f 1015//1015 986//986 985//985
f 1015//1015 1016//1016 986//986
f 1016//1016 987//987 986//986
f 1016//1016 1017//1017 987//987
f 1017//1017 988//988 987//987
f 1017//1017 1018//1018 988//988
f 1018//1018 989//989 988//988
f 1018//1018 1019//1019 989//989
f 1019//1019 990//990 989//989
f 1019//1019 1020//1020 990//990
f 1020//1020 961//961 990//990
f 1020//1020 991//991 961//961
f 1021//1021 992//992 991//991
f 1021//1021 1022//1022 992//992
f 1022//1022 993//993 992//992
f 1022//1022 1023//1023 993//993
f 1023//1023 994//994 993//993
f 1023//1023 1024//1024 994//994
f 1024//1024 995//995 994//994
f 1024//1024 1025//1025 995//995
f 1025//1025 996//996 995//995
f 1025//1025 1026//1026 996//996
f 1026//1026 997//997 996//996
f 1026//1026 1027//1027 997//997
f 1027//1027 998//998 997//997
f 1027//1027 1028//1028 998//998
f 1028//1028 999//999 998//998
f 1028//1028 1029//1029 999//999
f 1029//1029 1000//1000 999//999
f 1029//1029 1030//1030 1000//1000
f 1030//1030 1001//1001 1000//1000
f 1030//1030 1031//1031 1001//1001
f 1031//1031 1002//1002 1001//1001
f 1031//1031 1032//1032 1002//1002
f 1032//1032 1003//1003 1002//1002
f 1032//1032 1033//1033 1003//1003
f 1033//1033 1004//1004 1003//1003
f 1033//1033 1034//1034 1004//1004
f 1034//1034 1005//1005 1004//1004
f 1034//1034 1035//1035 1005//1005
f 1035//1035 1006//1006 1005//1005
f 1035//1035 1036//1036 1006//1006
f 1036//1036 1007//1007 1006//1006
f 1036//1036 1037//1037 1007//1007
f 1037//1037 1008//1008 1007//1007
f 1037//1037 1038//1038 1008//1008
f 1038//1038 1009//1009 1008//1008
f 1038//1038 1039//1039 1009//1009
f 1039//1039 1010//1010 1009//1009
f 1039//1039 1040//1040 1010//1010
f 1040//1040 1011//1011 1010//1010
f 1040//1040 1041//1041 1011//1011
f 1041//1041 1012//1012 1011//1011
f 1041//1041 1042//1042 1012//1012
f 1042//1042 1013//1013 1012//1012
f 1042//1042 1043//1043 1013//1013
f 1043//1043 1014//1014 1013//1013
f 1043//1043 1044//1044 1014//1014
f 1044//1044 1015//1015 1014//1014
f 1044//1044 1045//1045 1015//1015
f 1045//1045 1016//1016 1015//1015
f 1045//1045 1046//1046 1016//1016
f 1046//1046 1017//1017 1016//1016
f 1046//1046 1047//1047 1017//1017
f 1047//1047 1018//1018 1017//1017
f 1047//1047 1048//1048 1018//1018
f 1048//1048 1019//1019 1018//1018
f 1048//1048 1049//1049 1019//1019
f 1049//1049 1020//1020 1019//1019
f 1049//1049 1050//1050 1020//1020
f 1050//1050 991//991 1020//1020
f 1050//1050 1021//1021 991//991
f 1051//1051 1022//1022 1021//1021
f 1051//1051 1052//1052 1022//1022
f 1052//1052 1023//1023 1022//1022
f 1052//1052 1053//1053 1023//1023
f 1053//1053 1024//1024 1023//1023
f 1053//1053 1054//1054 1024//1024
f 1054//1054 1025//1025 1024//1024
f 1054//1054 1055//1055 1025//1025
f 1055//1055 1026//1026 1025//1025
f 1055//1055 1056//1056 1026//1026
f 1056//1056 1027//1027 1026//1026
f 1056//1056 1057//1057 1027//1027
f 1057//1057 1028//1028 1027//1027
f 1057//1057 1058//1058 1028//1028
f 1058//1058 1029//1029 1028//1028
f 1058//1058 1059//1059 1029//1029
f 1059//1059 1030//1030 1029//1029
f 1059//1059 1060//1060 1030//1030
f 1060//1060 1031//1031 1030//1030
f 1060//1060 1061//1061 1031//1031
f 1061//1061 1032//1032 1031//1031
f 1061//1061 1062//1062 1032//1032
f 1062//1062 1033//1033 1032//1032
f 1062//1062 1063//1063 1033//1033
f 1063//1063 1034//1034 1033//1033
f 1063//1063 1064//1064 1034//1034
f 1064//1064 1035//1035 1034//1034
f 1064//1064 1065//1065 1035//1035
f 1065//1065 1036//1036 1035//1035
f 1065//1065 1066//1066 1036//1036
f 1066//1066 1037//1037 1036//1036
f 1066//1066 1067//1067 1037//1037
f 1067//1067 1038//1038 1037//1037
f 1067//1067 1068//1068 1038//1038
f 1068//1068 1039//1039 1038//1038
f 1068//1068 1069//1069 1039//1039
f 1069//1069 1040//1040 1039//1039
f 1069//1069 1070//1070 1040//1040
f 1070//1070 1041//1041 1040//1040
f 1070//1070 1071//1071 1041//1041
f 1071//1071 1042//1042 1041//1041
f 1071//1071 1072//1072 1042//1042
f 1072//1072 1043//1043 1042//1042
f 1072//1072 1073//1073 1043//1043
f 1073//1073 1044//1044 1043//1043
f 1073//1073 1074//1074 1044//1044
f 1074//1074 1045//1045 1044//1044
f 1074//1074 1075//1075 1045//1045
f 1075//1075 1046//1046 1045//1045
f 1075//1075 1076//1076 1046//1046
f 1076//1076 1047//1047 1046//1046
f 1076//1076 1077//1077 1047//1047
f 1077//1077 1048//1048 1047//1047
f 1077//1077 1078//1078 1048//1048
f 1078//1078 1049//1049 1048//1048
f 1078//1078 1079//1079 1049//1049
f 1079//1079 1050//1050 1049//1049
f 1079//1079 1080//1080 1050//1050
f 1080//1080 1021//1021 1050//1050
f 1080//1080 1051//1051 1021//1021
f 1081//1081 1052//1052 1051//1051
f 1081//1081 1082//1082 1052//1052
f 1082//1082 1053//1053 1052//1052
f 1082//1082 1083//1083 1053//1053
f 1083//1083 1054//1054 1053//1053
f 1083//1083 1084//1084 1054//1054
f 1084//1084 1055//1055 1054//1054
f 1084//1084 1085//1085 1055//1055
f 1085//1085 1056//1056 1055//1055
f 1085//1085 1086//1086 1056//1056
f 1086//1086 1057//1057 1056//1056
f 1086//1086 1087//1087 1057//1057
f 1087//1087 1058//1058 1057//1057
f 1087//1087 1088//1088 1058//1058
f 1088//1088 1059//1059 1058//1058
f 1088//1088 1089//1089 1059//1059
f 1089//1089 1060//1060 1059//1059
f 1089//1089 1090//1090 1060//1060
f 1090//1090 1061//1061 1060//1060
f 1090//1090 1091//1091 1061//1061
f 1091//1091 1062//1062 1061//1061
f 1091//1091 1092//1092 1062//1062
f 1092//1092 1063//1063 1062//1062
f 1092//1092 1093//1093 1063//1063
f 1093//1093 1064//1064 1063//1063
f 1093//1093 1094//1094 1064//1064
f 1094//1094 1065//1065 1064//1064
f 1094//1094 1095//1095 1065//1065
f 1095//1095 1066//1066 1065//1065
f 1095//1095 1096//1096 1066//1066
f 1096//1096 1067//1067 1066//1066
f 1096//1096 1097//1097 1067//1067
f 1097//1097 1068//1068 1067//1067
f 1097//1097 1098//1098 1068//1068
f 1098//1098 1069//1069 1068//1068
f 1098//1098 1099//1099 1069//1069
f 1099//1099 1070//1070 1069//1069
f 1099//1099 1100//1100 1070//1070
f 1100//1100 1071//1071 1070//1070
f 1100//1100 1101//1101 1071//1071
f 1101//1101 1072//1072 1071//1071
f 1101//1101 1102//1102 1072//1072
f 1102//1102 1073//1073 1072//1072
f 1102//1102 1103//1103 1073//1073
f 1103//1103 1074//1074 1073//1073
f 1103//1103 1104//1104 1074//1074
f 1104//1104 1075//1075 1074//1074
f 1104//1104 1105//1105 1075//1075
f 1105//1105 1076//1076 1075//1075
f 1105//1105 1106//1106 1076//1076
f 1106//1106 1077//1077 1076//1076
f 1106//1106 1107//1107 1077//1077
f 1107//1107 1078//1078 1077//1077
f 1107//1107 1108//1108 1078//1078
f 1108//1108 1079//1079 1078//1078
f 1108//1108 1109//1109 1079//1079
f 1109//1109 1080//1080 1079//1079
f 1109//1109 1110//1110 1080//1080
f 1110//1110 1051//1051 1080//1080
f 1110//1110 1081//1081 1051//1051
f 1111//1111 1082//1082 1081//1081
f 1111//1111 1112//1112 1082//1082
f 1112//1112 1083//1083 1082//1082
f 1112//1112 1113//1113 1083//1083
f 1113//1113 1084//1084 1083//1083
f 1113//1113 1114//1114 1084//1084
f 1114//1114 1085//1085 1084//1084
f 1114//1114 1115//1115 1085//1085
f 1115//1115 1086//1086 1085//1085
f 1115//1115 1116//1116 1086//1086
f 1116//1116 1087//1087 1086//1086
f 1116//1116 1117//1117 1087//1087
f 1117//1117 1088//1088 1087//1087
f 1117//1117 1118//1118 1088//1088
f 1118//1118 1089//1089 1088//1088
f 1118//1118 1119//1119 1089//1089
f 1119//1119 1090//1090 1089//1089
f 1119//1119 1120//1120 1090//1090
f 1120//1120 1091//1091 1090//1090
f 1120//1120 1121//1121 1091//1091
f 1121//1121 1092//1092 1091//1091
f 1121//1121 1122//1122 1092//1092
f 1122//1122 1093//1093 1092//1092
f 1122//1122 1123//1123 1093//1093
f 1123//1123 1094//1094 1093//1093
f 1123//1123 1124//1124 1094//1094
f 1124//1124 1095//1095 1094//1094
f 1124//1124 1125//1125 1095//1095
f 1125//1125 1096//1096 1095//1095
f 1125//1125 1126//1126 1096//1096
f 1126//1126 1097//1097 1096//1096
f 1126//1126 1127//1127 1097//1097
f 1127//1127 1098//1098 1097//1097
f 1127//1127 1128//1128 1098//1098
f 1128//1128 1099//1099 1098//1098
f 1128//1128 1129//1129 1099//1099
f 1129//1129 1100//1100 1099//1099
f 1129//1129 1130//1130 1100//1100
f 1130//1130 1101//1101 1100//1100
f 1130//1130 1131//1131 1101//1101
f 1131//1131 1102//1102 1101//1101
f 1131//1131 1132//1132 1102//1102
f 1132//1132 1103//1103 1102//1102
f 1132//1132 1133//1133 1103//1103
f 1133//1133 1104//1104 1103//1103
f 1133//1133 1134//1134 1104//1104
f 1134//1134 1105//1105 1104//1104
f 1134//1134 1135//1135 1105//1105
f 1135//1135 1106//1106 1105//1105
f 1135//1135 1136//1136 1106//1106
f 1136//1136 1107//1107 1106//1106
f 1136//1136 1137//1137 1107//1107
f 1137//1137 1108//1108 1107//1107
f 1137//1137 1138//1138 1108//1108
f 1138//1138 1109//1109 1108//1108
f 1138//1138 1139//1139 1109//1109
f 1139//1139 1110//1110 1109//1109
f 1139//1139 1140//1140 1110//1110
f 1140//1140 1081//1081 1110//1110
f 1140//1140 1111//1111 1081//1081
f 1141//1141 1112//1112 1111//1111
f 1141//1141 1142//1142 1112//1112
f 1142//1142 1113//1113 1112//1112
f 1142//1142 1143//1143 1113//1113
f 1143//1143 1114//1114 1113//1113
f 1143//1143 1144//1144 1114//1114
f 1144//1144 1115//1115 1114//1114
f 1144//1144 1145//1145 1115//1115
f 1145//1145 1116//1116 1115//1115
f 1145//1145 1146//1146 1116//1116
f 1146//1146 1117//1117 1116//1116
f 1146//1146 1147//1147 1117//1117
f 1147//1147 1118//1118 1117//1117
f 1147//1147 1148//1148 1118//1118
f 1148//1148 1119//1119 1118//1118
f 1148//1148 1149//1149 1119//1119
f 1149//1149 1120//1120 1119//1119
f 1149//1149 1150//1150 1120//1120
f 1150//1150 1121//1121 1120//1120
f 1150//1150 1151//1151 1121//1121
f 1151//1151 1122//1122 1121//1121
f 1151//1151 1152//1152 1122//1122
f 1152//1152 1123//1123 1122//1122
f 1152//1152 1153//1153 1123//1123
f 1153//1153 1124//1124 1123//1123
f 1153//1153 1154//1154 1124//1124
f 1154//1154 1125//1125 1124//1124
f 1154//1154 1155//1155 1125//1125
f 1155//1155 1126//1126 1125//1125
f 1155//1155 1156//1156 1126//1126
f 1156//1156 1127//1127 1126//1126
f 1156//1156 1157//1157 1127//1127
f 1157//1157 1128//1128 1127//1127
f 1157//1157 1158//1158 1128//1128
f 1158//1158 1129//1129 1128//1128
f 1158//1158 1159//1159 1129//1129
f 1159//1159 1130//1130 1129//1129
f 1159//1159 1160//1160 1130//1130
f 1160//1160 1131//1131 1130//1130
f 1160//1160 1161//1161 1131//1131
f 1161//1161 1132//1132 1131//1131
f 1161//1161 1162//1162 1132//1132
f 1162//1162 1133//1133 1132//1132
f 1162//1162 1163//1163 1133//1133
f 1163//1163 1134//1134 1133//1133
f 1163//1163 1164//1164 1134//1134
f 1164//1164 1135//1135 1134//1134
f 1164//1164 1165//1165 1135//1135
f 1165//1165 1136//1136 1135//1135
f 1165//1165 1166//1166 1136//1136
f 1166//1166 1137//1137 1136//1136
f 1166//1166 1167//1167 1137//1137
f 1167//1167 1138//1138 1137//1137
f 1167//1167 1168//1168 1138//1138
f 1168//1168 1139//1139 1138//1138
f 1168//1168 1169//1169 1139//1139
f 1169//1169 1140//1140 1139//1139
f 1169//1169 1170//1170 1140//1140
f 1170//1170 1111//1111 1140//1140
f 1170//1170 1141//1141 1111//1111
f 1171//1171 1142//1142 1141//1141
f 1171//1171 1172//1172 1142//1142
f 1172//1172 1143//1143 1142//1142
f 1172//1172 1173//1173 1143//1143
f 1173//1173 1144//1144 1143//1143
f 1173//1173 1174//1174 1144//1144
f 1174//1174 1145//1145 1144//1144
f 1174//1174 1175//1175 1145//1145
f 1175//1175 1146//1146 1145//1145
f 1175//1175 1176//1176 1146//1146
f 1176//1176 1147//1147 1146//1146
f 1176//1176 1177//1177 1147//1147
f 1177//1177 1148//1148 1147//1147
f 1177//1177 1178//1178 1148//1148
f 1178//1178 1149//1149 1148//1148
f 1178//1178 1179//1179 1149//1149
f 1179//1179 1150//1150 1149//1149
f 1179//1179 1180//1180 1150//1150
f 1180//1180 1151//1151 1150//1150
f 1180//1180 1181//1181 1151//1151
f 1181//1181 1152//1152 1151//1151
f 1181//1181 1182//1182 1152//1152
f 1182//1182 1153//1153 1152//1152
f 1182//1182 1183//1183 1153//1153
f 1183//1183 1154//1154 1153//1153
f 1183//1183 1184//1184 1154//1154
f 1184//1184 1155//1155 1154//1154
f 1184//1184 1185//1185 1155//1155
f 1185//1185 1156//1156 1155//1155
f 1185//1185 1186//1186 1156//1156
f 1186//1186 1157//1157 1156//1156
f 1186//1186 1187//1187 1157//1157
f 1187//1187 1158//1158 1157//1157
f 1187//1187 1188//1188 1158//1158
f 1188//1188 1159//1159 1158//1158
f 1188//1188 1189//1189 1159//1159
f 1189//1189 1160//1160 1159//1159
f 1189//1189 1190//1190 1160//1160
f 1190//1190 1161//1161 1160//1160
f 1190//1190 1191//1191 1161//1161
f 1191//1191 1162//1162 1161//1161
f 1191//1191 1192//1192 1162//1162
f 1192//1192 1163//1163 1162//1162
f 1192//1192 1193//1193 1163//1163
f 1193//1193 1164//1164 1163//1163
f 1193//1193 1194//1194 1164//1164
f 1194//1194 1165//1165 1164//1164
f 1194//1194 1195//1195 1165//1165
f 1195//1195 1166//1166 1165//1165
f 1195//1195 1196//1196 1166//1166
f 1196//1196 1167//1167 1166//1166
f 1196//1196 1197//1197 1167//1167
f 1197//1197 1168//1168 1167//1167
f 1197//1197 1198//1198 1168//1168
f 1198//1198 1169//1169 1168//1168
f 1198//1198 1199//1199 1169//1169
f 1199//1199 1170//1170 1169//1169
f 1199//1199 1200//1200 1170//1170
f 1200//1200 1141//1141 1170//1170
f 1200//1200 1171//1171 1141//1141
f 1201//1201 1172//1172 1171//1171
f 1201//1201 1202//1202 1172//1172
f 1202//1202 1173//1173 1172//1172
f 1202//1202 1203//1203 1173//1173
f 1203//1203 1174//1174 1173//1173
f 1203//1203 1204//1204 1174//1174
f 1204//1204 1175//1175 1174//1174
f 1204//1204 1205//1205 1175//1175
f 1205//1205 1176//1176 1175//1175
f 1205//1205 1206//1206 1176//1176
f 1206//1206 1177//1177 1176//1176
f 1206//1206 1207//1207 1177//1177
f 1207//1207 1178//1178 1177//1177
f 1207//1207 1208//1208 1178//1178
f 1208//1208 1179//1179 1178//1178
f 1208//1208 1209//1209 1179//1179
f 1209//1209 1180//1180 1179//1179
f 1209//1209 1210//1210 1180//1180
f 1210//1210 1181//1181 1180//1180
f 1210//1210 1211//1211 1181//1181
f 1211//1211 1182//1182 1181//1181
f 1211//1211 1212//1212 1182//1182
f 1212//1212 1183//1183 1182//1182
f 1212//1212 1213//1213 1183//1183
f 1213//1213 1184//1184 1183//1183
f 1213//1213 1214//1214 1184//1184
f 1214//1214 1185//1185 1184//1184
f 1214//1214 1215//1215 1185//1185
f 1215//1215 1186//1186 1185//1185
f 1215//1215 1216//1216 1186//1186
f 1216//1216 1187//1187 1186//1186
f 1216//1216 1217//1217 1187//1187
f 1217//1217 1188//1188 1187//1187
f 1217//1217 1218//1218 1188//1188
f 1218//1218 1189//1189 1188//1188
f 1218//1218 1219//1219 1189//1189
f 1219//1219 1190//1190 1189//1189
f 1219//1219 1220//1220 1190//1190
f 1220//1220 1191//1191 1190//1190
f 1220//1220 1221//1221 1191//1191
f 1221//1221 1192//1192 1191//1191
f 1221//1221 1222//1222 1192//1192
f 1222//1222 1193//1193 1192//1192
f 1222//1222 1223//1223 1193//1193
f 1223//1223 1194//1194 1193//1193
f 1223//1223 1224//1224 1194//1194
f 1224//1224 1195//1195 1194//1194
f 1224//1224 1225//1225 1195//1195
f 1225//1225 1196//1196 1195//1195
f 1225//1225 1226//1226 1196//1196
f 1226//1226 1197//1197 1196//1196
f 1226//1226 1227//1227 1197//1197
f 1227//1227 1198//1198 1197//1197
f 1227//1227 1228//1228 1198//1198
f 1228//1228 1199//1199 1198//1198
f 1228//1228 1229//1229 1199//1199
f 1229//1229 1200//1200 1199//1199
f 1229//1229 1230//1230 1200//1200
f 1230//1230 1171//1171 1200//1200
f 1230//1230 1201//1201 1171//1171
f 1231//1231 1202//1202 1201//1201
f 1231//1231 1232//1232 1202//1202
f 1232//1232 1203//1203 1202//1202
f 1232//1232 1233//1233 1203//1203
f 1233//1233 1204//1204 1203//1203
f 1233//1233 1234//1234 1204//1204
f 1234//1234 1205//1205 1204//1204
f 1234//1234 1235//1235 1205//1205
f 1235//1235 1206//1206 1205//1205
f 1235//1235 1236//1236 1206//1206
f 1236//1236 1207//1207 1206//1206
f 1236//1236 1237//1237 1207//1207
f 1237//1237 1208//1208 1207//1207
f 1237//1237 1238//1238 1208//1208
f 1238//1238 1209//1209 1208//1208
f 1238//1238 1239//1239 1209//1209
f 1239//1239 1210//1210 1209//1209
f 1239//1239 1240//1240 1210//1210
f 1240//1240 1211//1211 1210//1210
f 1240//1240 1241//1241 1211//1211
f 1241//1241 1212//1212 1211//1211
f 1241//1241 1242//1242 1212//1212
f 1242//1242 1213//1213 1212//1212
f 1242//1242 1243//1243 1213//1213
f 1243//1243 1214//1214 1213//1213
f 1243//1243 1244//1244 1214//1214
f 1244//1244 1215//1215 1214//1214
f 1244//1244 1245//1245 1215//1215
f 1245//1245 1216//1216 1215//1215
f 1245//1245 1246//1246 1216//1216
f 1246//1246 1217//1217 1216//1216
f 1246//1246 1247//1247 1217//1217
f 1247//1247 1218//1218 1217//1217
f 1247//1247 1248//1248 1218//1218
f 1248//1248 1219//1219 1218//1218
f 1248//1248 1249//1249 1219//1219
f 1249//1249 1220//1220 1219//1219
f 1249//1249 1250//1250 1220//1220
f 1250//1250 1221//1221 1220//1220
f 1250//1250 1251//1251 1221//1221
f 1251//1251 1222//1222 1221//1221
f 1251//1251 1252//1252 1222//1222
f 1252//1252 1223//1223 1222//1222
f 1252//1252 1253//1253 1223//1223
f 1253//1253 1224//1224 1223//1223
f 1253//1253 1254//1254 1224//1224
f 1254//1254 1225//1225 1224//1224
f 1254//1254 1255//1255 1225//1225
f 1255//1255 1226//1226 1225//1225
f 1255//1255 1256//1256 1226//1226
f 1256//1256 1227//1227 1226//1226
f 1256//1256 1257//1257 1227//1227
f 1257//1257 1228//1228 1227//1227
f 1257//1257 1258//1258 1228//1228
f 1258//1258 1229//1229 1228//1228
f 1258//1258 1259//1259 1229//1229
f 1259//1259 1230//1230 1229//1229
f 1259//1259 1260//1260 1230//1230
f 1260//1260 1201//1201 1230//1230
f 1260//1260 1231//1231 1201//1201
f 2//2 1//1 632//632
f 3//3 2//2 633//633
f 4//4 3//3 634//634
f 5//5 4//4 635//635
f 6//6 5//5 636//636
f 7//7 6//6 637//637
f 8//8 7//7 638//638
f 9//9 8//8 639//639
f 10//10 9//9 640//640
f 11//11 10//10 641//641
f 12//12 11//11 642//642
f 13//13 12//12 643//643
f 14//14 13//13 644//644
f 15//15 14//14 645//645
f 16//16 15//15 646//646
f 17//17 16//16 647//647
f 18//18 17//17 648//648
f 19//19 18//18 649//649
f 20//20 19//19 650//650
f 21//21 20//20 651//651
f 22//22 21//21 652//652
f 23//23 22//22 653//653
f 24//24 23//23 654//654
f 25//25 24//24 655//655
f 26//26 25//25 656//656
f 27//27 26//26 657//657
f 28//28 27//27 658//658
f 29//29 28//28 659//659
f 30//30 29//29 660//660
f 1//1 30//30 631//631
f 1//1 631//631 632//632
f 2//2 632//632 633//633
f 3//3 633//633 634//634
f 4//4 634//634 635//635
f 5//5 635//635 636//636
f 6//6 636//636 637//637
f 7//7 637//637 638//638
f 8//8 638//638 639//639
f 9//9 639//639 640//640
f 10//10 640//640 641//641
f 11//11 641//641 642//642
f 12//12 642//642 643//643
f 13//13 643//643 644//644
f 14//14 644//644 645//645
f 15//15 645//645 646//646
f 16//16 646//646 647//647
f 17//17 647//647 648//648
f 18//18 648//648 649//649
f 19//19 649//649 650//650
f 20//20 650//650 651//651
f 21//21 651//651 652//652
f 22//22 652//652 653//653
f 23//23 653//653 654//654
f 24//24 654//654 655//655
f 25//25 655//655 656//656
f 26//26 656//656 657//657
f 27//27 657//657 658//658
f 28//28 658//658 659//659
f 29//29 659//659 660//660
f 30//30 660//660 631//631
