# Created by Open3D 
# object name: temp_object_484024841
# number of vertices: 1260
# number of triangles: 2460
v 0.0896147 1.40646e-09 0.0215014 0.8 0.8 0.8
vn -0.248807 0.00159492 0.968552
v 0.0886158 0.0403955 0.0215014 0.8 0.8 0.8
vn -0.261065 -0.014479 0.965213
v 0.0855967 0.056778 0.0215014 0.8 0.8 0.8
vn -0.226959 -0.0588767 0.972123
v 0.0804795 0.0684387 0.0215014 0.8 0.8 0.8
vn -0.189719 -0.107212 0.975967
v 0.0730902 0.0770856 0.0215014 0.8 0.8 0.8
vn -0.1436 -0.155149 0.977399
v 0.0630469 0.0833082 0.0215014 0.8 0.8 0.8
vn -0.093362 -0.196077 0.976134
v 0.0493904 0.0873621 0.0215014 0.8 0.8 0.8
vn -0.0451103 -0.223696 0.973614
v 0.0284989 0.0893653 0.0215014 0.8 0.8 0.8
vn -0.00836923 -0.227367 0.973773
v -0.0284989 0.0893653 0.0215014 0.8 0.8 0.8
vn 0.00452396 -0.265999 0.963963
v -0.0493904 0.0873621 0.0215014 0.8 0.8 0.8
vn 0.0366947 -0.241891 0.969609
v -0.0630469 0.0833082 0.0215014 0.8 0.8 0.8
vn 0.0826597 -0.209635 0.974279
v -0.0730902 0.0770856 0.0215014 0.8 0.8 0.8
vn 0.131659 -0.167526 0.977037
v -0.0804795 0.0684387 0.0215014 0.8 0.8 0.8
vn 0.176874 -0.118622 0.977059
v -0.0855967 0.056778 0.0215014 0.8 0.8 0.8
vn 0.212009 -0.0686188 0.974856
v -0.0886158 0.0403955 0.0215014 0.8 0.8 0.8
vn 0.225571 -0.0202652 0.974016
v -0.0896147 -1.60161e-09 0.0215014 0.8 0.8 0.8
vn 0.248807 -0.00159492 0.968552
v -0.0886158 -0.0403955 0.0215014 0.8 0.8 0.8
vn 0.261065 0.014479 0.965213
v -0.0855967 -0.056778 0.0215014 0.8 0.8 0.8
vn 0.226959 0.0588767 0.972123
v -0.0804795 -0.0684387 0.0215014 0.8 0.8 0.8
vn 0.189719 0.107212 0.975967
v -0.0730902 -0.0770856 0.0215014 0.8 0.8 0.8
vn 0.1436 0.155149 0.977399
v -0.0630469 -0.0833082 0.0215014 0.8 0.8 0.8
vn 0.093362 0.196077 0.976134
v -0.0493904 -0.0873621 0.0215014 0.8 0.8 0.8
vn 0.0451103 0.223696 0.973614
v -0.0284989 -0.0893653 0.0215014 0.8 0.8 0.8
vn 0.00836923 0.227367 0.973773
v 0.0284989 -0.0893653 0.0215014 0.8 0.8 0.8
vn -0.00452396 0.265999 0.963963
v 0.0493904 -0.0873621 0.0215014 0.8 0.8 0.8
vn -0.0366947 0.241891 0.969609
v 0.0630469 -0.0833082 0.0215014 0.8 0.8 0.8
vn -0.0826597 0.209635 0.974279
v 0.0730902 -0.0770856 0.0215014 0.8 0.8 0.8
vn -0.131659 0.167526 0.977037
v 0.0804795 -0.0684387 0.0215014 0.8 0.8 0.8
vn -0.176874 0.118622 0.977059
v 0.0855967 -0.056778 0.0215014 0.8 0.8 0.8
vn -0.212009 0.0686188 0.974856
v 0.0886158 -0.0403955 0.0215014 0.8 0.8 0.8
vn -0.225571 0.0202652 0.974016
v 0.0627241 8.41311e-10 0.0118066 0.8 0.8 0.8
vn -0.338714 -0.00167252 0.940888
v 0.062025 0.0282741 0.0118066 0.8 0.8 0.8
vn -0.330521 -0.0281122 0.94338
v 0.0599118 0.0397407 0.0118066 0.8 0.8 0.8
vn -0.296199 -0.0935074 0.950538
v 0.0563301 0.0479024 0.0118066 0.8 0.8 0.8
vn -0.245703 -0.161595 0.955781
v 0.0511581 0.0539546 0.0118066 0.8 0.8 0.8
vn -0.18223 -0.227545 0.956564
v 0.0441285 0.05831 0.0118066 0.8 0.8 0.8
vn -0.113919 -0.282631 0.95244
v 0.0345699 0.0611474 0.0118066 0.8 0.8 0.8
vn -0.0503419 -0.320837 0.945796
v 0.0199473 0.0625495 0.0118066 0.8 0.8 0.8
vn -0.00636443 -0.337835 0.941184
v -0.0199473 0.0625495 0.0118066 0.8 0.8 0.8
vn 0.0114313 -0.336196 0.941723
v -0.0345699 0.0611474 0.0118066 0.8 0.8 0.8
vn 0.0615197 -0.314928 0.94712
v -0.0441285 0.05831 0.0118066 0.8 0.8 0.8
vn 0.127223 -0.272969 0.953573
v -0.0511581 0.0539546 0.0118066 0.8 0.8 0.8
vn 0.195425 -0.21514 0.95683
v -0.0563301 0.0479024 0.0118066 0.8 0.8 0.8
vn 0.256905 -0.148088 0.955024
v -0.0599118 0.0397407 0.0118066 0.8 0.8 0.8
vn 0.304071 -0.0809567 0.949203
v -0.0620249 0.0282741 0.0118066 0.8 0.8 0.8
vn 0.334191 -0.019618 0.942301
v -0.0627241 -1.26413e-09 0.0118066 0.8 0.8 0.8
vn 0.338714 0.00167252 0.940888
v -0.0620249 -0.0282741 0.0118066 0.8 0.8 0.8
vn 0.330521 0.0281122 0.94338
v -0.0599118 -0.0397407 0.0118066 0.8 0.8 0.8
vn 0.296199 0.0935074 0.950538
v -0.0563301 -0.0479024 0.0118066 0.8 0.8 0.8
vn 0.245703 0.161595 0.955781
v -0.0511581 -0.0539546 0.0118066 0.8 0.8 0.8
vn 0.18223 0.227545 0.956564
v -0.0441285 -0.05831 0.0118066 0.8 0.8 0.8
vn 0.113919 0.282631 0.95244
v -0.0345699 -0.0611474 0.0118066 0.8 0.8 0.8
vn 0.0503419 0.320837 0.945796
v -0.0199473 -0.0625495 0.0118066 0.8 0.8 0.8
vn 0.00636443 0.337835 0.941184
v 0.0199473 -0.0625495 0.0118066 0.8 0.8 0.8
vn -0.0114313 0.336196 0.941723
v 0.0345699 -0.0611474 0.0118066 0.8 0.8 0.8
vn -0.0615197 0.314928 0.94712
v 0.0441285 -0.05831 0.0118066 0.8 0.8 0.8
vn -0.127223 0.272969 0.953573
v 0.0511581 -0.0539546 0.0118066 0.8 0.8 0.8
vn -0.195425 0.21514 0.95683
v 0.0563301 -0.0479024 0.0118066 0.8 0.8 0.8
vn -0.256905 0.148088 0.955024
v 0.0599118 -0.0397407 0.0118066 0.8 0.8 0.8
vn -0.304071 0.0809567 0.949203
v 0.062025 -0.0282741 0.0118066 0.8 0.8 0.8
vn -0.334191 0.019618 0.942301
v 0.0473122 5.17404e-10 0.00627628 0.8 0.8 0.8
vn -0.332993 -0.00148041 0.942928
v 0.0467848 0.0213269 0.00627628 0.8 0.8 0.8
vn -0.324286 -0.0270821 0.945571
v 0.0451909 0.029976 0.00627628 0.8 0.8 0.8
vn -0.291317 -0.091201 0.952269
v 0.0424893 0.0361323 0.00627628 0.8 0.8 0.8
vn -0.241929 -0.158077 0.957331
v 0.0385881 0.0406975 0.00627628 0.8 0.8 0.8
vn -0.179709 -0.222988 0.958113
v 0.0332857 0.0439827 0.00627628 0.8 0.8 0.8
vn -0.112627 -0.277388 0.954134
v 0.0260757 0.0461229 0.00627628 0.8 0.8 0.8
vn -0.050045 -0.31539 0.947642
v 0.015046 0.0471805 0.00627628 0.8 0.8 0.8
vn -0.00648209 -0.332897 0.942941
v -0.015046 0.0471805 0.00627628 0.8 0.8 0.8
vn 0.010911 -0.329625 0.944049
v -0.0260757 0.0461229 0.00627628 0.8 0.8 0.8
vn 0.059825 -0.309538 0.949003
v -0.0332857 0.0439827 0.00627628 0.8 0.8 0.8
vn 0.124302 -0.268618 0.955193
v -0.0385881 0.0406975 0.00627628 0.8 0.8 0.8
vn 0.191353 -0.211982 0.958357
v -0.0424892 0.0361323 0.00627628 0.8 0.8 0.8
vn 0.251953 -0.146197 0.956633
v -0.0451909 0.029976 0.00627628 0.8 0.8 0.8
vn 0.298656 -0.080205 0.950985
v -0.0467848 0.0213269 0.00627628 0.8 0.8 0.8
vn 0.329108 -0.0196873 0.944087
v -0.0473122 -1.07071e-09 0.00627628 0.8 0.8 0.8
vn 0.332993 0.00148041 0.942928
v -0.0467848 -0.0213269 0.00627628 0.8 0.8 0.8
vn 0.324286 0.0270821 0.945571
v -0.0451909 -0.029976 0.00627628 0.8 0.8 0.8
vn 0.291317 0.091201 0.952269
v -0.0424892 -0.0361323 0.00627628 0.8 0.8 0.8
vn 0.241929 0.158077 0.957331
v -0.0385881 -0.0406975 0.00627628 0.8 0.8 0.8
vn 0.179709 0.222988 0.958113
v -0.0332857 -0.0439827 0.00627628 0.8 0.8 0.8
vn 0.112627 0.277388 0.954134
v -0.0260757 -0.0461229 0.00627628 0.8 0.8 0.8
vn 0.050045 0.31539 0.947642
v -0.015046 -0.0471805 0.00627628 0.8 0.8 0.8
vn 0.00648209 0.332897 0.942941
v 0.015046 -0.0471805 0.00627628 0.8 0.8 0.8
vn -0.010911 0.329625 0.944049
v 0.0260757 -0.0461229 0.00627628 0.8 0.8 0.8
vn -0.059825 0.309538 0.949003
v 0.0332857 -0.0439827 0.00627628 0.8 0.8 0.8
vn -0.124302 0.268618 0.955193
v 0.0385881 -0.0406975 0.00627628 0.8 0.8 0.8
vn -0.191353 0.211982 0.958357
v 0.0424893 -0.0361323 0.00627628 0.8 0.8 0.8
vn -0.251953 0.146197 0.956633
v 0.0451909 -0.029976 0.00627628 0.8 0.8 0.8
vn -0.298656 0.080205 0.950985
v 0.0467848 -0.0213269 0.00627628 0.8 0.8 0.8
vn -0.329108 0.0196873 0.944087
v 0.0383586 3.29231e-10 0.00321803 0.8 0.8 0.8
vn -0.310996 -0.00125197 0.95041
v 0.0379311 0.0172909 0.00321803 0.8 0.8 0.8
vn -0.301539 -0.0247924 0.953131
v 0.0366388 0.0243032 0.00321803 0.8 0.8 0.8
vn -0.271745 -0.0844682 0.958655
v 0.0344484 0.0292945 0.00321803 0.8 0.8 0.8
vn -0.22586 -0.146756 0.963042
v 0.0312855 0.0329957 0.00321803 0.8 0.8 0.8
vn -0.168024 -0.207373 0.963724
v 0.0269866 0.0356592 0.00321803 0.8 0.8 0.8
vn -0.105607 -0.25848 0.960227
v 0.0211411 0.0373944 0.00321803 0.8 0.8 0.8
vn -0.0472031 -0.294655 0.954437
v 0.0121987 0.0382519 0.00321803 0.8 0.8 0.8
vn -0.00625234 -0.312296 0.949964
v -0.0121987 0.0382519 0.00321803 0.8 0.8 0.8
vn 0.00990651 -0.306259 0.951897
v -0.021141 0.0373944 0.00321803 0.8 0.8 0.8
vn 0.0552672 -0.288577 0.95586
v -0.0269866 0.0356592 0.00321803 0.8 0.8 0.8
vn 0.115287 -0.250667 0.961184
v -0.0312855 0.0329957 0.00321803 0.8 0.8 0.8
vn 0.1778 -0.198024 0.963936
v -0.0344484 0.0292945 0.00321803 0.8 0.8 0.8
vn 0.234531 -0.136858 0.962427
v -0.0366388 0.0243032 0.00321803 0.8 0.8 0.8
vn 0.278627 -0.0753794 0.957437
v -0.0379311 0.0172909 0.00321803 0.8 0.8 0.8
vn 0.308451 -0.01875 0.951056
v -0.0383586 -9.58343e-10 0.00321803 0.8 0.8 0.8
vn 0.310996 0.00125197 0.95041
v -0.0379311 -0.0172909 0.00321803 0.8 0.8 0.8
vn 0.301539 0.0247924 0.953131
v -0.0366388 -0.0243032 0.00321803 0.8 0.8 0.8
vn 0.271745 0.0844682 0.958655
v -0.0344484 -0.0292945 0.00321803 0.8 0.8 0.8
vn 0.22586 0.146756 0.963042
v -0.0312855 -0.0329957 0.00321803 0.8 0.8 0.8
vn 0.168024 0.207373 0.963724
v -0.0269866 -0.0356592 0.00321803 0.8 0.8 0.8
vn 0.105607 0.25848 0.960227
v -0.021141 -0.0373944 0.00321803 0.8 0.8 0.8
vn 0.0472031 0.294655 0.954437
v -0.0121987 -0.0382519 0.00321803 0.8 0.8 0.8
vn 0.00625234 0.312296 0.949964
v 0.0121987 -0.0382519 0.00321803 0.8 0.8 0.8
vn -0.00990651 0.306259 0.951897
v 0.0211411 -0.0373944 0.00321803 0.8 0.8 0.8
vn -0.0552672 0.288577 0.95586
v 0.0269866 -0.0356592 0.00321803 0.8 0.8 0.8
vn -0.115287 0.250667 0.961184
v 0.0312855 -0.0329957 0.00321803 0.8 0.8 0.8
vn -0.1778 0.198024 0.963936
v 0.0344484 -0.0292945 0.00321803 0.8 0.8 0.8
vn -0.234531 0.136858 0.962427
v 0.0366388 -0.0243032 0.00321803 0.8 0.8 0.8
vn -0.278627 0.0753794 0.957437
v 0.0379311 -0.0172909 0.00321803 0.8 0.8 0.8
vn -0.308451 0.01875 0.951056
v 0.0329224 2.14981e-10 0.00158448 0.8 0.8 0.8
vn -0.265527 -0.000998779 0.964103
v 0.0325555 0.0148404 0.00158448 0.8 0.8 0.8
vn -0.255466 -0.0207991 0.966594
v 0.0314463 0.020859 0.00158448 0.8 0.8 0.8
vn -0.231224 -0.0715507 0.970266
v 0.0295664 0.0251429 0.00158448 0.8 0.8 0.8
vn -0.192259 -0.124486 0.973416
v 0.0268517 0.0283196 0.00158448 0.8 0.8 0.8
vn -0.143216 -0.176159 0.973888
v 0.023162 0.0306056 0.00158448 0.8 0.8 0.8
vn -0.0902862 -0.220116 0.971286
v 0.0181449 0.0320949 0.00158448 0.8 0.8 0.8
vn -0.040591 -0.251868 0.96691
v 0.0104699 0.0328308 0.00158448 0.8 0.8 0.8
vn -0.00547276 -0.268669 0.963217
v -0.0104699 0.0328308 0.00158448 0.8 0.8 0.8
vn 0.00826356 -0.259218 0.965784
v -0.0181449 0.0320949 0.00158448 0.8 0.8 0.8
vn 0.046733 -0.245423 0.968289
v -0.023162 0.0306056 0.00158448 0.8 0.8 0.8
vn 0.0977364 -0.213327 0.97208
v -0.0268517 0.0283196 0.00158448 0.8 0.8 0.8
vn 0.150913 -0.168645 0.974056
v -0.0295664 0.0251429 0.00158448 0.8 0.8 0.8
vn 0.199447 -0.116799 0.972923
v -0.0314463 0.020859 0.00158448 0.8 0.8 0.8
vn 0.237669 -0.0645965 0.969196
v -0.0325555 0.0148404 0.00158448 0.8 0.8 0.8
vn 0.264996 -0.0162715 0.964112
v -0.0329224 -8.90118e-10 0.00158448 0.8 0.8 0.8
vn 0.265527 0.000998779 0.964103
v -0.0325555 -0.0148404 0.00158448 0.8 0.8 0.8
vn 0.255466 0.0207991 0.966594
v -0.0314463 -0.020859 0.00158448 0.8 0.8 0.8
vn 0.231224 0.0715507 0.970266
v -0.0295664 -0.0251429 0.00158448 0.8 0.8 0.8
vn 0.192259 0.124486 0.973416
v -0.0268517 -0.0283196 0.00158448 0.8 0.8 0.8
vn 0.143216 0.176159 0.973888
v -0.023162 -0.0306056 0.00158448 0.8 0.8 0.8
vn 0.0902862 0.220116 0.971286
v -0.0181449 -0.0320949 0.00158448 0.8 0.8 0.8
vn 0.040591 0.251868 0.96691
v -0.0104699 -0.0328308 0.00158448 0.8 0.8 0.8
vn 0.00547276 0.268669 0.963217
v 0.0104699 -0.0328308 0.00158448 0.8 0.8 0.8
vn -0.00826356 0.259218 0.965784
v 0.0181449 -0.0320949 0.00158448 0.8 0.8 0.8
vn -0.046733 0.245423 0.968289
v 0.023162 -0.0306056 0.00158448 0.8 0.8 0.8
vn -0.0977364 0.213327 0.97208
v 0.0268517 -0.0283196 0.00158448 0.8 0.8 0.8
vn -0.150913 0.168645 0.974056
v 0.0295664 -0.0251429 0.00158448 0.8 0.8 0.8
vn -0.199447 0.116799 0.972923
v 0.0314463 -0.020859 0.00158448 0.8 0.8 0.8
vn -0.237669 0.0645965 0.969196
v 0.0325555 -0.0148404 0.00158448 0.8 0.8 0.8
vn -0.264996 0.0162715 0.964112
v 0.0293333 1.3955e-10 0.000745271 0.8 0.8 0.8
vn -0.19773 -0.000725325 0.980256
v 0.0290064 0.0132225 0.000745271 0.8 0.8 0.8
vn -0.188188 -0.0152686 0.982014
v 0.0280182 0.018585 0.000745271 0.8 0.8 0.8
vn -0.171327 -0.0529316 0.983791
v 0.0263431 0.0224019 0.000745271 0.8 0.8 0.8
vn -0.142496 -0.0921505 0.985496
v 0.0239244 0.0252322 0.000745271 0.8 0.8 0.8
vn -0.106267 -0.130556 0.985729
v 0.020637 0.0272691 0.000745271 0.8 0.8 0.8
vn -0.0671822 -0.163562 0.984243
v 0.0161668 0.028596 0.000745271 0.8 0.8 0.8
vn -0.0303608 -0.187992 0.981701
v 0.00932847 0.0292517 0.000745271 0.8 0.8 0.8
vn -0.0041444 -0.202226 0.97933
v -0.00932846 0.0292517 0.000745271 0.8 0.8 0.8
vn 0.00604887 -0.190727 0.981625
v -0.0161668 0.028596 0.000745271 0.8 0.8 0.8
vn 0.0345347 -0.18173 0.982742
v -0.020637 0.0272691 0.000745271 0.8 0.8 0.8
vn 0.07233 -0.158087 0.984772
v -0.0239244 0.0252322 0.000745271 0.8 0.8 0.8
vn 0.111762 -0.125042 0.985837
v -0.0263431 0.0224019 0.000745271 0.8 0.8 0.8
vn 0.147981 -0.0867681 0.985177
v -0.0280181 0.018585 0.000745271 0.8 0.8 0.8
vn 0.176944 -0.0481706 0.983041
v -0.0290064 0.0132225 0.000745271 0.8 0.8 0.8
vn 0.199115 -0.0122697 0.979899
v -0.0293333 -8.45074e-10 0.000745271 0.8 0.8 0.8
vn 0.19773 0.000725325 0.980256
v -0.0290064 -0.0132225 0.000745271 0.8 0.8 0.8
vn 0.188188 0.0152686 0.982014
v -0.0280181 -0.018585 0.000745271 0.8 0.8 0.8
vn 0.171327 0.0529316 0.983791
v -0.0263431 -0.0224019 0.000745271 0.8 0.8 0.8
vn 0.142496 0.0921505 0.985496
v -0.0239244 -0.0252322 0.000745271 0.8 0.8 0.8
vn 0.106267 0.130556 0.985729
v -0.020637 -0.0272691 0.000745271 0.8 0.8 0.8
vn 0.0671822 0.163562 0.984243
v -0.0161668 -0.028596 0.000745271 0.8 0.8 0.8
vn 0.0303608 0.187992 0.981701
v -0.00932846 -0.0292517 0.000745271 0.8 0.8 0.8
vn 0.0041444 0.202226 0.97933
v 0.00932847 -0.0292517 0.000745271 0.8 0.8 0.8
vn -0.00604887 0.190727 0.981625
v 0.0161668 -0.028596 0.000745271 0.8 0.8 0.8
vn -0.0345347 0.18173 0.982742
v 0.020637 -0.0272691 0.000745271 0.8 0.8 0.8
vn -0.07233 0.158087 0.984772
v 0.0239244 -0.0252322 0.000745271 0.8 0.8 0.8
vn -0.111762 0.125042 0.985837
v 0.0263431 -0.0224019 0.000745271 0.8 0.8 0.8
vn -0.147981 0.0867681 0.985177
v 0.0280182 -0.018585 0.000745271 0.8 0.8 0.8
vn -0.176944 0.0481706 0.983041
v 0.0290064 -0.0132225 0.000745271 0.8 0.8 0.8
vn -0.199115 0.0122697 0.979899
v 0.0266752 8.36843e-11 0.000332761 0.8 0.8 0.8
vn -0.12438 -0.000462378 0.992235
v 0.0263778 0.0120243 0.000332761 0.8 0.8 0.8
vn -0.117014 -0.00951124 0.993085
v 0.0254792 0.0169008 0.000332761 0.8 0.8 0.8
vn -0.107244 -0.0331611 0.99368
v 0.023956 0.0203718 0.000332761 0.8 0.8 0.8
vn -0.0892458 -0.0577519 0.994334
v 0.0217564 0.0229457 0.000332761 0.8 0.8 0.8
vn -0.0666172 -0.0818949 0.994412
v 0.0187669 0.024798 0.000332761 0.8 0.8 0.8
vn -0.0422008 -0.102817 0.993805
v 0.0147018 0.0260047 0.000332761 0.8 0.8 0.8
vn -0.0191392 -0.118641 0.992753
v 0.00848313 0.0266009 0.000332761 0.8 0.8 0.8
vn -0.00262943 -0.128714 0.991678
v -0.00848313 0.0266009 0.000332761 0.8 0.8 0.8
vn 0.00376646 -0.118437 0.992954
v -0.0147018 0.0260047 0.000332761 0.8 0.8 0.8
vn 0.0216213 -0.113655 0.993285
v -0.0187669 0.024798 0.000332761 0.8 0.8 0.8
vn 0.0453228 -0.0989884 0.994056
v -0.0217564 0.0229457 0.000332761 0.8 0.8 0.8
vn 0.0700648 -0.0783414 0.994461
v -0.0239559 0.0203718 0.000332761 0.8 0.8 0.8
vn 0.0929079 -0.0544403 0.994185
v -0.0254792 0.0169008 0.000332761 0.8 0.8 0.8
vn 0.111412 -0.0303041 0.993312
v -0.0263778 0.0120243 0.000332761 0.8 0.8 0.8
vn 0.126519 -0.00778168 0.991934
v -0.0266752 -8.11714e-10 0.000332761 0.8 0.8 0.8
vn 0.12438 0.000462378 0.992235
v -0.0263778 -0.0120243 0.000332761 0.8 0.8 0.8
vn 0.117014 0.00951124 0.993085
v -0.0254792 -0.0169008 0.000332761 0.8 0.8 0.8
vn 0.107244 0.0331611 0.99368
v -0.0239559 -0.0203718 0.000332761 0.8 0.8 0.8
vn 0.0892458 0.0577519 0.994334
v -0.0217564 -0.0229457 0.000332761 0.8 0.8 0.8
vn 0.0666172 0.0818949 0.994412
v -0.0187669 -0.024798 0.000332761 0.8 0.8 0.8
vn 0.0422008 0.102817 0.993805
v -0.0147018 -0.0260047 0.000332761 0.8 0.8 0.8
vn 0.0191392 0.118641 0.992753
v -0.00848313 -0.0266009 0.000332761 0.8 0.8 0.8
vn 0.00262943 0.128714 0.991678
v 0.00848313 -0.0266009 0.000332761 0.8 0.8 0.8
vn -0.00376646 0.118437 0.992954
v 0.0147018 -0.0260047 0.000332761 0.8 0.8 0.8
vn -0.0216213 0.113655 0.993285
v 0.0187669 -0.024798 0.000332761 0.8 0.8 0.8
vn -0.0453228 0.0989884 0.994056
v 0.0217564 -0.0229457 0.000332761 0.8 0.8 0.8
vn -0.0700648 0.0783414 0.994461
v 0.023956 -0.0203718 0.000332761 0.8 0.8 0.8
vn -0.0929079 0.0544403 0.994185
v 0.0254792 -0.0169008 0.000332761 0.8 0.8 0.8
vn -0.111412 0.0303041 0.993312
v 0.0263778 -0.0120243 0.000332761 0.8 0.8 0.8
vn -0.126519 0.00778168 0.991934
v 0.0244649 3.72311e-11 0.000139953 0.8 0.8 0.8
vn -0.0663908 -0.000257075 0.997794
v 0.0241922 0.011028 0.000139953 0.8 0.8 0.8
vn -0.0618425 -0.00505573 0.998073
v 0.023368 0.0155004 0.000139953 0.8 0.8 0.8
vn -0.0570309 -0.0176811 0.998216
v 0.021971 0.0186838 0.000139953 0.8 0.8 0.8
vn -0.0474931 -0.0307965 0.998397
v 0.0199537 0.0210444 0.000139953 0.8 0.8 0.8
vn -0.0354721 -0.0436933 0.998415
v 0.0172119 0.0227432 0.000139953 0.8 0.8 0.8
vn -0.0224921 -0.0549255 0.998237
v 0.0134836 0.0238499 0.000139953 0.8 0.8 0.8
vn -0.0102154 -0.0635459 0.997927
v 0.00778022 0.0243968 0.000139953 0.8 0.8 0.8
vn -0.00140366 -0.0694085 0.997587
v -0.00778021 0.0243968 0.000139953 0.8 0.8 0.8
vn 0.00200534 -0.0625217 0.998042
v -0.0134836 0.0238499 0.000139953 0.8 0.8 0.8
vn 0.0115254 -0.0603811 0.998109
v -0.0172118 0.0227432 0.000139953 0.8 0.8 0.8
vn 0.0241668 -0.0526633 0.99832
v -0.0199537 0.0210444 0.000139953 0.8 0.8 0.8
vn 0.0373692 -0.0417013 0.998431
v -0.0219709 0.0186838 0.000139953 0.8 0.8 0.8
vn 0.0495949 -0.0290004 0.998348
v -0.023368 0.0155004 0.000139953 0.8 0.8 0.8
vn 0.0595783 -0.0161616 0.998093
v -0.0241922 0.011028 0.000139953 0.8 0.8 0.8
vn 0.0681367 -0.00416619 0.997667
v -0.0244649 -7.83974e-10 0.000139953 0.8 0.8 0.8
vn 0.0663908 0.000257075 0.997794
v -0.0241922 -0.011028 0.000139953 0.8 0.8 0.8
vn 0.0618425 0.00505573 0.998073
v -0.023368 -0.0155004 0.000139953 0.8 0.8 0.8
vn 0.0570309 0.0176811 0.998216
v -0.0219709 -0.0186838 0.000139953 0.8 0.8 0.8
vn 0.0474931 0.0307965 0.998397
v -0.0199537 -0.0210444 0.000139953 0.8 0.8 0.8
vn 0.0354721 0.0436933 0.998415
v -0.0172118 -0.0227432 0.000139953 0.8 0.8 0.8
vn 0.0224921 0.0549255 0.998237
v -0.0134836 -0.0238499 0.000139953 0.8 0.8 0.8
vn 0.0102154 0.0635459 0.997927
v -0.00778021 -0.0243968 0.000139953 0.8 0.8 0.8
vn 0.00140366 0.0694085 0.997587
v 0.00778022 -0.0243968 0.000139953 0.8 0.8 0.8
vn -0.00200534 0.0625217 0.998042
v 0.0134836 -0.0238499 0.000139953 0.8 0.8 0.8
vn -0.0115254 0.0603811 0.998109
v 0.0172119 -0.0227432 0.000139953 0.8 0.8 0.8
vn -0.0241668 0.0526633 0.99832
v 0.0199537 -0.0210444 0.000139953 0.8 0.8 0.8
vn -0.0373692 0.0417013 0.998431
v 0.021971 -0.0186838 0.000139953 0.8 0.8 0.8
vn -0.0495949 0.0290004 0.998348
v 0.023368 -0.0155004 0.000139953 0.8 0.8 0.8
vn -0.0595783 0.0161616 0.998093
v 0.0241922 -0.011028 0.000139953 0.8 0.8 0.8
vn -0.0681367 0.00416619 0.997667
v 0.0224588 -4.9295e-12 5.49154e-05 0.8 0.8 0.8
vn -0.0309363 -0.000126991 0.999521
v 0.0222085 0.0101237 5.49154e-05 0.8 0.8 0.8
vn -0.0285929 -0.00235783 0.999588
v 0.0214519 0.0142294 5.49154e-05 0.8 0.8 0.8
vn -0.0265009 -0.00824855 0.999615
v 0.0201694 0.0171518 5.49154e-05 0.8 0.8 0.8
vn -0.022082 -0.0143632 0.999653
v 0.0183175 0.0193188 5.49154e-05 0.8 0.8 0.8
vn -0.0164965 -0.0203803 0.999656
v 0.0158005 0.0208783 5.49154e-05 0.8 0.8 0.8
vn -0.0104609 -0.0256339 0.999617
v 0.012378 0.0218943 5.49154e-05 0.8 0.8 0.8
vn -0.00474982 -0.0297031 0.999547
v 0.00714226 0.0223963 5.49154e-05 0.8 0.8 0.8
vn -0.000649247 -0.0325985 0.999468
v -0.00714225 0.0223963 5.49154e-05 0.8 0.8 0.8
vn 0.000938277 -0.0288806 0.999582
v -0.012378 0.0218943 5.49154e-05 0.8 0.8 0.8
vn 0.00537827 -0.0280343 0.999592
v -0.0158005 0.0208783 5.49154e-05 0.8 0.8 0.8
vn 0.0112722 -0.0244807 0.999637
v -0.0183175 0.0193188 5.49154e-05 0.8 0.8 0.8
vn 0.0174287 -0.0193916 0.99966
v -0.0201694 0.0171518 5.49154e-05 0.8 0.8 0.8
vn 0.023138 -0.0134876 0.999641
v -0.0214518 0.0142294 5.49154e-05 0.8 0.8 0.8
vn 0.027821 -0.0075162 0.999585
v -0.0222085 0.0101237 5.49154e-05 0.8 0.8 0.8
vn 0.0319739 -0.00193775 0.999487
v -0.0224588 -7.58798e-10 5.49154e-05 0.8 0.8 0.8
vn 0.0309363 0.000126991 0.999521
v -0.0222085 -0.0101237 5.49154e-05 0.8 0.8 0.8
vn 0.0285929 0.00235783 0.999588
v -0.0214518 -0.0142294 5.49154e-05 0.8 0.8 0.8
vn 0.0265009 0.00824855 0.999615
v -0.0201694 -0.0171518 5.49154e-05 0.8 0.8 0.8
vn 0.022082 0.0143632 0.999653
v -0.0183175 -0.0193188 5.49154e-05 0.8 0.8 0.8
vn 0.0164965 0.0203803 0.999656
v -0.0158005 -0.0208783 5.49154e-05 0.8 0.8 0.8
vn 0.0104609 0.0256339 0.999617
v -0.012378 -0.0218943 5.49154e-05 0.8 0.8 0.8
vn 0.00474982 0.0297031 0.999547
v -0.00714225 -0.0223963 5.49154e-05 0.8 0.8 0.8
vn 0.000649247 0.0325985 0.999468
v 0.00714226 -0.0223963 5.49154e-05 0.8 0.8 0.8
vn -0.000938277 0.0288806 0.999582
v 0.012378 -0.0218943 5.49154e-05 0.8 0.8 0.8
vn -0.00537827 0.0280343 0.999592
v 0.0158005 -0.0208783 5.49154e-05 0.8 0.8 0.8
vn -0.0112722 0.0244807 0.999637
v 0.0183175 -0.0193188 5.49154e-05 0.8 0.8 0.8
vn -0.0174287 0.0193916 0.99966
v 0.0201694 -0.0171518 5.49154e-05 0.8 0.8 0.8
vn -0.023138 0.0134876 0.999641
v 0.0214519 -0.0142294 5.49154e-05 0.8 0.8 0.8
vn -0.027821 0.0075162 0.999585
v 0.0222085 -0.0101237 5.49154e-05 0.8 0.8 0.8
vn -0.0319739 0.00193775 0.999487
v 0.0205403 -4.52495e-11 1.98602e-05 0.8 0.8 0.8
vn -0.0129013 -5.67814e-05 0.999917
v 0.0203114 0.00925894 1.98602e-05 0.8 0.8 0.8
vn -0.0118459 -0.000987656 0.999929
v 0.0196194 0.0130139 1.98602e-05 0.8 0.8 0.8
vn -0.0110249 -0.0034489 0.999933
v 0.0184465 0.0156866 1.98602e-05 0.8 0.8 0.8
vn -0.00919017 -0.00600132 0.99994
v 0.0167528 0.0176686 1.98602e-05 0.8 0.8 0.8
vn -0.00686512 -0.00851361 0.99994
v 0.0144508 0.0190948 1.98602e-05 0.8 0.8 0.8
vn -0.00435145 -0.01071 0.999933
v 0.0113206 0.020024 1.98602e-05 0.8 0.8 0.8
vn -0.00197308 -0.012422 0.999921
v 0.00653215 0.0204832 1.98602e-05 0.8 0.8 0.8
vn -0.000267189 -0.0136812 0.999906
v -0.00653215 0.0204832 1.98602e-05 0.8 0.8 0.8
vn 0.000394812 -0.0119565 0.999928
v -0.0113206 0.020024 1.98602e-05 0.8 0.8 0.8
vn 0.00225042 -0.0116551 0.99993
v -0.0144508 0.0190948 1.98602e-05 0.8 0.8 0.8
vn 0.00471109 -0.0101874 0.999937
v -0.0167528 0.0176686 1.98602e-05 0.8 0.8 0.8
vn 0.00728105 -0.00807055 0.999941
v -0.0184465 0.0156866 1.98602e-05 0.8 0.8 0.8
vn 0.00966589 -0.00561205 0.999938
v -0.0196194 0.0130139 1.98602e-05 0.8 0.8 0.8
vn 0.0116273 -0.003125 0.999928
v -0.0203114 0.00925894 1.98602e-05 0.8 0.8 0.8
vn 0.0134112 -0.000803628 0.99991
v -0.0205403 -7.34721e-10 1.98602e-05 0.8 0.8 0.8
vn 0.0129013 5.67814e-05 0.999917
v -0.0203114 -0.00925894 1.98602e-05 0.8 0.8 0.8
vn 0.0118459 0.000987656 0.999929
v -0.0196194 -0.0130139 1.98602e-05 0.8 0.8 0.8
vn 0.0110249 0.0034489 0.999933
v -0.0184465 -0.0156866 1.98602e-05 0.8 0.8 0.8
vn 0.00919017 0.00600132 0.99994
v -0.0167528 -0.0176686 1.98602e-05 0.8 0.8 0.8
vn 0.00686512 0.00851361 0.99994
v -0.0144508 -0.0190948 1.98602e-05 0.8 0.8 0.8
vn 0.00435145 0.01071 0.999933
v -0.0113206 -0.020024 1.98602e-05 0.8 0.8 0.8
vn 0.00197308 0.012422 0.999921
v -0.00653215 -0.0204832 1.98602e-05 0.8 0.8 0.8
vn 0.000267189 0.0136812 0.999906
v 0.00653215 -0.0204832 1.98602e-05 0.8 0.8 0.8
vn -0.000394812 0.0119565 0.999928
v 0.0113206 -0.020024 1.98602e-05 0.8 0.8 0.8
vn -0.00225042 0.0116551 0.99993
v 0.0144508 -0.0190948 1.98602e-05 0.8 0.8 0.8
vn -0.00471109 0.0101874 0.999937
v 0.0167528 -0.0176686 1.98602e-05 0.8 0.8 0.8
vn -0.00728105 0.00807055 0.999941
v 0.0184465 -0.0156866 1.98602e-05 0.8 0.8 0.8
vn -0.00966589 0.00561205 0.999938
v 0.0196194 -0.0130139 1.98602e-05 0.8 0.8 0.8
vn -0.0116273 0.003125 0.999928
v 0.0203114 -0.00925894 1.98602e-05 0.8 0.8 0.8
vn -0.0134112 0.000803628 0.99991
v 0.0186568 -8.4835e-11 6.516e-06 0.8 0.8 0.8
vn -0.00486179 -2.31272e-05 0.999988
v 0.0184488 0.0084099 6.516e-06 0.8 0.8 0.8
vn -0.00443603 -0.000374775 0.99999
v 0.0178203 0.0118206 6.516e-06 0.8 0.8 0.8
vn -0.00414457 -0.00130439 0.999991
v 0.0167549 0.0142482 6.516e-06 0.8 0.8 0.8
vn -0.0034557 -0.00226731 0.999991
v 0.0152166 0.0160484 6.516e-06 0.8 0.8 0.8
vn -0.00258076 -0.00321506 0.999992
v 0.0131257 0.0173439 6.516e-06 0.8 0.8 0.8
vn -0.00163455 -0.00404439 0.99999
v 0.0102825 0.0181878 6.516e-06 0.8 0.8 0.8
vn -0.000739598 -0.00469417 0.999989
v 0.00593316 0.0186049 6.516e-06 0.8 0.8 0.8
vn -9.88934e-05 -0.00518573 0.999987
v -0.00593315 0.0186049 6.516e-06 0.8 0.8 0.8
vn 0.000150652 -0.00447453 0.99999
v -0.0102825 0.0181878 6.516e-06 0.8 0.8 0.8
vn 0.000852051 -0.0043789 0.99999
v -0.0131257 0.0173439 6.516e-06 0.8 0.8 0.8
vn 0.0017806 -0.00383052 0.999991
v -0.0152166 0.0160484 6.516e-06 0.8 0.8 0.8
vn 0.00275004 -0.00303446 0.999992
v -0.0167549 0.0142482 6.516e-06 0.8 0.8 0.8
vn 0.00364995 -0.00210906 0.999991
v -0.0178203 0.0118206 6.516e-06 0.8 0.8 0.8
vn 0.00439163 -0.00117296 0.99999
v -0.0184488 0.0084099 6.516e-06 0.8 0.8 0.8
vn 0.00508106 -0.000300349 0.999987
v -0.0186568 -7.11082e-10 6.516e-06 0.8 0.8 0.8
vn 0.00486179 2.31272e-05 0.999988
v -0.0184488 -0.0084099 6.516e-06 0.8 0.8 0.8
vn 0.00443603 0.000374775 0.99999
v -0.0178203 -0.0118206 6.516e-06 0.8 0.8 0.8
vn 0.00414457 0.00130439 0.999991
v -0.0167549 -0.0142482 6.516e-06 0.8 0.8 0.8
vn 0.0034557 0.00226731 0.999991
v -0.0152166 -0.0160484 6.516e-06 0.8 0.8 0.8
vn 0.00258076 0.00321506 0.999992
v -0.0131257 -0.0173439 6.516e-06 0.8 0.8 0.8
vn 0.00163455 0.00404439 0.99999
v -0.0102825 -0.0181878 6.516e-06 0.8 0.8 0.8
vn 0.000739598 0.00469417 0.999989
v -0.00593315 -0.0186049 6.516e-06 0.8 0.8 0.8
vn 9.88934e-05 0.00518573 0.999987
v 0.00593316 -0.0186049 6.516e-06 0.8 0.8 0.8
vn -0.000150652 0.00447453 0.99999
v 0.0102825 -0.0181878 6.516e-06 0.8 0.8 0.8
vn -0.000852051 0.0043789 0.99999
v 0.0131257 -0.0173439 6.516e-06 0.8 0.8 0.8
vn -0.0017806 0.00383052 0.999991
v 0.0152166 -0.0160484 6.516e-06 0.8 0.8 0.8
vn -0.00275004 0.00303446 0.999992
v 0.0167549 -0.0142482 6.516e-06 0.8 0.8 0.8
vn -0.00364995 0.00210906 0.999991
v 0.0178203 -0.0118206 6.516e-06 0.8 0.8 0.8
vn -0.00439163 0.00117296 0.99999
v 0.0184488 -0.0084099 6.516e-06 0.8 0.8 0.8
vn -0.00508106 0.000300349 0.999987
v 0.0167861 -1.24152e-10 1.89807e-06 0.8 0.8 0.8
vn -0.00164808 -8.52954e-06 0.999999
v 0.016599 0.00756663 1.89807e-06 0.8 0.8 0.8
vn -0.00149371 -0.000128173 0.999999
v 0.0160334 0.0106353 1.89807e-06 0.8 0.8 0.8
vn -0.00140121 -0.000444134 0.999999
v 0.0150749 0.0128195 1.89807e-06 0.8 0.8 0.8
vn -0.00116852 -0.000770945 0.999999
v 0.0136908 0.0144392 1.89807e-06 0.8 0.8 0.8
vn -0.000872321 -0.00109255 0.999999
v 0.0118096 0.0156048 1.89807e-06 0.8 0.8 0.8
vn -0.000551929 -0.00137419 0.999999
v 0.0092515 0.0163641 1.89807e-06 0.8 0.8 0.8
vn -0.000249066 -0.00159597 0.999999
v 0.00533824 0.0167393 1.89807e-06 0.8 0.8 0.8
vn -3.27801e-05 -0.00176835 0.999998
v -0.00533823 0.0167393 1.89807e-06 0.8 0.8 0.8
vn 5.18607e-05 -0.00150568 0.999999
v -0.00925149 0.0163641 1.89807e-06 0.8 0.8 0.8
vn 0.000290519 -0.00147958 0.999999
v -0.0118095 0.0156048 1.89807e-06 0.8 0.8 0.8
vn 0.000605777 -0.00129527 0.999999
v -0.0136908 0.0144392 1.89807e-06 0.8 0.8 0.8
vn 0.00093475 -0.00102594 0.999999
v -0.0150749 0.0128195 1.89807e-06 0.8 0.8 0.8
vn 0.00124018 -0.000712595 0.999999
v -0.0160334 0.0106353 1.89807e-06 0.8 0.8 0.8
vn 0.00149239 -0.000395681 0.999999
v -0.0165989 0.00756663 1.89807e-06 0.8 0.8 0.8
vn 0.00173192 -0.000100745 0.999998
v -0.016786 -6.87604e-10 1.89807e-06 0.8 0.8 0.8
vn 0.00164808 8.52954e-06 0.999999
v -0.0165989 -0.00756663 1.89807e-06 0.8 0.8 0.8
vn 0.00149371 0.000128173 0.999999
v -0.0160334 -0.0106353 1.89807e-06 0.8 0.8 0.8
vn 0.00140121 0.000444134 0.999999
v -0.0150749 -0.0128195 1.89807e-06 0.8 0.8 0.8
vn 0.00116852 0.000770945 0.999999
v -0.0136908 -0.0144392 1.89807e-06 0.8 0.8 0.8
vn 0.000872321 0.00109255 0.999999
v -0.0118095 -0.0156048 1.89807e-06 0.8 0.8 0.8
vn 0.000551929 0.00137419 0.999999
v -0.00925149 -0.0163641 1.89807e-06 0.8 0.8 0.8
vn 0.000249066 0.00159597 0.999999
v -0.00533823 -0.0167393 1.89807e-06 0.8 0.8 0.8
vn 3.27801e-05 0.00176835 0.999998
v 0.00533824 -0.0167393 1.89807e-06 0.8 0.8 0.8
vn -5.18607e-05 0.00150568 0.999999
v 0.0092515 -0.0163641 1.89807e-06 0.8 0.8 0.8
vn -0.000290519 0.00147958 0.999999
v 0.0118096 -0.0156048 1.89807e-06 0.8 0.8 0.8
vn -0.000605777 0.00129527 0.999999
v 0.0136908 -0.0144392 1.89807e-06 0.8 0.8 0.8
vn -0.00093475 0.00102594 0.999999
v 0.0150749 -0.0128195 1.89807e-06 0.8 0.8 0.8
vn -0.00124018 0.000712595 0.999999
v 0.0160334 -0.0106353 1.89807e-06 0.8 0.8 0.8
vn -0.00149239 0.000395681 0.999999
v 0.016599 -0.00756663 1.89807e-06 0.8 0.8 0.8
vn -0.00173192 0.000100745 0.999998
v 0.0149196 -1.63379e-10 4.75001e-07 0.8 0.8 0.8
vn -0.000494725 -2.80259e-06 1
v 0.0147533 0.00672527 4.75001e-07 0.8 0.8 0.8
vn -0.000445035 -3.8889e-05 1
v 0.0142506 0.00945272 4.75001e-07 0.8 0.8 0.8
vn -0.000419345 -0.000134025 1
v 0.0133987 0.0113941 4.75001e-07 0.8 0.8 0.8
vn -0.000349758 -0.000232261 1
v 0.0121685 0.0128336 4.75001e-07 0.8 0.8 0.8
vn -0.000260967 -0.000328907 1
v 0.0104964 0.0138696 4.75001e-07 0.8 0.8 0.8
vn -0.00016491 -0.000413601 1
v 0.00822279 0.0145445 4.75001e-07 0.8 0.8 0.8
vn -7.41748e-05 -0.000480653 1
v 0.00474466 0.014878 4.75001e-07 0.8 0.8 0.8
vn -9.57528e-06 -0.000534242 1
v -0.00474465 0.014878 4.75001e-07 0.8 0.8 0.8
vn 1.58539e-05 -0.000448274 1
v -0.00822279 0.0145445 4.75001e-07 0.8 0.8 0.8
vn 8.78154e-05 -0.000442524 1
v -0.0104964 0.0138696 4.75001e-07 0.8 0.8 0.8
vn 0.00018262 -0.000387709 1
v -0.0121685 0.0128336 4.75001e-07 0.8 0.8 0.8
vn 0.000281485 -0.000307025 1
v -0.0133987 0.0113941 4.75001e-07 0.8 0.8 0.8
vn 0.000373285 -0.000213076 1
v -0.0142506 0.00945272 4.75001e-07 0.8 0.8 0.8
vn 0.00044924 -0.000118085 1
v -0.0147532 0.00672527 4.75001e-07 0.8 0.8 0.8
vn 0.000523014 -2.98554e-05 1
v -0.0149195 -6.6418e-10 4.75001e-07 0.8 0.8 0.8
vn 0.000494725 2.80259e-06 1
v -0.0147532 -0.00672527 4.75001e-07 0.8 0.8 0.8
vn 0.000445035 3.8889e-05 1
v -0.0142506 -0.00945272 4.75001e-07 0.8 0.8 0.8
vn 0.000419345 0.000134025 1
v -0.0133987 -0.0113941 4.75001e-07 0.8 0.8 0.8
vn 0.000349758 0.000232261 1
v -0.0121685 -0.0128336 4.75001e-07 0.8 0.8 0.8
vn 0.000260967 0.000328907 1
v -0.0104964 -0.0138696 4.75001e-07 0.8 0.8 0.8
vn 0.00016491 0.000413601 1
v -0.00822279 -0.0145445 4.75001e-07 0.8 0.8 0.8
vn 7.41748e-05 0.000480653 1
v -0.00474465 -0.014878 4.75001e-07 0.8 0.8 0.8
vn 9.57528e-06 0.000534242 1
v 0.00474466 -0.014878 4.75001e-07 0.8 0.8 0.8
vn -1.58539e-05 0.000448274 1
v 0.00822279 -0.0145445 4.75001e-07 0.8 0.8 0.8
vn -8.78154e-05 0.000442524 1
v 0.0104964 -0.0138696 4.75001e-07 0.8 0.8 0.8
vn -0.00018262 0.000387709 1
v 0.0121685 -0.0128336 4.75001e-07 0.8 0.8 0.8
vn -0.000281485 0.000307025 1
v 0.0133987 -0.0113941 4.75001e-07 0.8 0.8 0.8
vn -0.000373285 0.000213076 1
v 0.0142506 -0.00945272 4.75001e-07 0.8 0.8 0.8
vn -0.00044924 0.000118085 1
v 0.0147533 -0.00672527 4.75001e-07 0.8 0.8 0.8
vn -0.000523014 2.98554e-05 1
v 0.0130543 -2.02581e-10 9.53435e-08 0.8 0.8 0.8
vn -0.000128141 -7.99154e-07 1
v 0.0129088 0.00588446 9.53435e-08 0.8 0.8 0.8
vn -0.000114291 -1.02017e-05 1
v 0.012469 0.00827093 9.53435e-08 0.8 0.8 0.8
vn -0.000108241 -3.49303e-05 1
v 0.0117236 0.00996955 9.53435e-08 0.8 0.8 0.8
vn -9.02894e-05 -6.0414e-05 1
v 0.0106471 0.0112292 9.53435e-08 0.8 0.8 0.8
vn -6.73255e-05 -8.54759e-05 1
v 0.00918413 0.0121356 9.53435e-08 0.8 0.8 0.8
vn -4.24798e-05 -0.000107455 1
v 0.00719477 0.0127261 9.53435e-08 0.8 0.8 0.8
vn -1.90317e-05 -0.000124955 1
v 0.00415147 0.013018 9.53435e-08 0.8 0.8 0.8
vn -2.39955e-06 -0.000139356 1
v -0.00415147 0.013018 9.53435e-08 0.8 0.8 0.8
vn 4.19494e-06 -0.000115028 1
v -0.00719476 0.0127261 9.53435e-08 0.8 0.8 0.8
vn 2.29324e-05 -0.000114145 1
v -0.00918412 0.0121356 9.53435e-08 0.8 0.8 0.8
vn 4.75391e-05 -0.000100093 1
v -0.0106471 0.0112292 9.53435e-08 0.8 0.8 0.8
vn 7.31786e-05 -7.92395e-05 1
v -0.0117235 0.00996955 9.53435e-08 0.8 0.8 0.8
vn 9.69875e-05 -5.49371e-05 1
v -0.012469 0.00827093 9.53435e-08 0.8 0.8 0.8
vn 0.000116728 -3.03744e-05 1
v -0.0129088 0.00588446 9.53435e-08 0.8 0.8 0.8
vn 0.000136367 -7.61417e-06 1
v -0.0130543 -6.4077e-10 9.53435e-08 0.8 0.8 0.8
vn 0.000128141 7.99154e-07 1
v -0.0129088 -0.00588446 9.53435e-08 0.8 0.8 0.8
vn 0.000114291 1.02017e-05 1
v -0.012469 -0.00827093 9.53435e-08 0.8 0.8 0.8
vn 0.000108241 3.49303e-05 1
v -0.0117235 -0.00996955 9.53435e-08 0.8 0.8 0.8
vn 9.02894e-05 6.0414e-05 1
v -0.0106471 -0.0112292 9.53435e-08 0.8 0.8 0.8
vn 6.73255e-05 8.54759e-05 1
v -0.00918412 -0.0121356 9.53435e-08 0.8 0.8 0.8
vn 4.24798e-05 0.000107455 1
v -0.00719476 -0.0127261 9.53435e-08 0.8 0.8 0.8
vn 1.90317e-05 0.000124955 1
v -0.00415147 -0.013018 9.53435e-08 0.8 0.8 0.8
vn 2.39955e-06 0.000139356 1
v 0.00415147 -0.013018 9.53435e-08 0.8 0.8 0.8
vn -4.19494e-06 0.000115028 1
v 0.00719477 -0.0127261 9.53435e-08 0.8 0.8 0.8
vn -2.29324e-05 0.000114145 1
v 0.00918413 -0.0121356 9.53435e-08 0.8 0.8 0.8
vn -4.75391e-05 0.000100093 1
v 0.0106471 -0.0112292 9.53435e-08 0.8 0.8 0.8
vn -7.31786e-05 7.92395e-05 1
v 0.0117236 -0.00996955 9.53435e-08 0.8 0.8 0.8
vn -9.69875e-05 5.49371e-05 1
v 0.012469 -0.00827093 9.53435e-08 0.8 0.8 0.8
vn -0.000116728 3.03744e-05 1
v 0.0129088 -0.00588446 9.53435e-08 0.8 0.8 0.8
vn -0.000136367 7.61417e-06 1
v 0.0111893 -2.41776e-10 1.10701e-08 0.8 0.8 0.8
vn -2.75667e-05 -1.90237e-07 1
v 0.0110646 0.0050438 1.10701e-08 0.8 0.8 0.8
vn -2.43517e-05 -2.22806e-06 1
v 0.0106876 0.00708933 1.10701e-08 0.8 0.8 0.8
vn -2.31938e-05 -7.56933e-06 1
v 0.0100487 0.00854528 1.10701e-08 0.8 0.8 0.8
vn -1.93486e-05 -1.3061e-05 1
v 0.00912608 0.00962494 1.10701e-08 0.8 0.8 0.8
vn -1.44161e-05 -1.8459e-05 1
v 0.00787207 0.0104019 1.10701e-08 0.8 0.8 0.8
vn -9.07933e-06 -2.31961e-05 1
v 0.00616691 0.0109081 1.10701e-08 0.8 0.8 0.8
vn -4.04843e-06 -2.69911e-05 1
v 0.00355839 0.0111582 1.10701e-08 0.8 0.8 0.8
vn -4.95923e-07 -3.02079e-05 1
v -0.00355838 0.0111582 1.10701e-08 0.8 0.8 0.8
vn 9.2519e-07 -2.4486e-05 1
v -0.0061669 0.0109081 1.10701e-08 0.8 0.8 0.8
vn 4.98108e-06 -2.4441e-05 1
v -0.00787206 0.0104019 1.10701e-08 0.8 0.8 0.8
vn 1.02871e-05 -2.14516e-05 1
v -0.00912607 0.00962494 1.10701e-08 0.8 0.8 0.8
vn 1.58103e-05 -1.69755e-05 1
v -0.0100487 0.00854528 1.10701e-08 0.8 0.8 0.8
vn 2.0939e-05 -1.17547e-05 1
v -0.0106876 0.00708933 1.10701e-08 0.8 0.8 0.8
vn 2.52007e-05 -6.48084e-06 1
v -0.0110646 0.0050438 1.10701e-08 0.8 0.8 0.8
vn 2.9547e-05 -1.60775e-06 1
v -0.0111893 -6.17365e-10 1.10701e-08 0.8 0.8 0.8
vn 2.75667e-05 1.90237e-07 1
v -0.0110646 -0.0050438 1.10701e-08 0.8 0.8 0.8
vn 2.43517e-05 2.22806e-06 1
v -0.0106876 -0.00708933 1.10701e-08 0.8 0.8 0.8
vn 2.31938e-05 7.56933e-06 1
v -0.0100487 -0.00854528 1.10701e-08 0.8 0.8 0.8
vn 1.93486e-05 1.3061e-05 1
v -0.00912607 -0.00962495 1.10701e-08 0.8 0.8 0.8
vn 1.44161e-05 1.8459e-05 1
v -0.00787206 -0.0104019 1.10701e-08 0.8 0.8 0.8
vn 9.07933e-06 2.31961e-05 1
v -0.0061669 -0.0109081 1.10701e-08 0.8 0.8 0.8
vn 4.04843e-06 2.69911e-05 1
v -0.00355838 -0.0111582 1.10701e-08 0.8 0.8 0.8
vn 4.95923e-07 3.02079e-05 1
v 0.00355839 -0.0111582 1.10701e-08 0.8 0.8 0.8
vn -9.2519e-07 2.4486e-05 1
v 0.00616691 -0.0109081 1.10701e-08 0.8 0.8 0.8
vn -4.98108e-06 2.4441e-05 1
v 0.00787207 -0.0104019 1.10701e-08 0.8 0.8 0.8
vn -1.02871e-05 2.14516e-05 1
v 0.00912608 -0.00962495 1.10701e-08 0.8 0.8 0.8
vn -1.58103e-05 1.69755e-05 1
v 0.0100487 -0.00854528 1.10701e-08 0.8 0.8 0.8
vn -2.0939e-05 1.17547e-05 1
v 0.0106876 -0.00708933 1.10701e-08 0.8 0.8 0.8
vn -2.52007e-05 6.48084e-06 1
v 0.0110646 -0.0050438 1.10701e-08 0.8 0.8 0.8
vn -2.9547e-05 1.60775e-06 1
v 0.00932443 -2.8097e-10 -3.60987e-09 0.8 0.8 0.8
vn -4.65679e-06 -3.56902e-08 1
v 0.0092205 0.00420316 -3.60987e-09 0.8 0.8 0.8
vn -4.07103e-06 -3.83219e-07 1
v 0.00890636 0.00590777 -3.60987e-09 0.8 0.8 0.8
vn -3.90106e-06 -1.2896e-06 1
v 0.00837391 0.00712106 -3.60987e-09 0.8 0.8 0.8
vn -3.25417e-06 -2.219e-06 1
v 0.00760506 0.00802078 -3.60987e-09 0.8 0.8 0.8
vn -2.42214e-06 -3.13191e-06 1
v 0.00656005 0.00866824 -3.60987e-09 0.8 0.8 0.8
vn -1.52209e-06 -3.93344e-06 1
v 0.00513909 0.00909005 -3.60987e-09 0.8 0.8 0.8
vn -6.74814e-07 -4.57933e-06 1
v 0.00296532 0.00929848 -3.60987e-09 0.8 0.8 0.8
vn -7.97987e-08 -5.14244e-06 1
v -0.00296531 0.00929848 -3.60987e-09 0.8 0.8 0.8
vn 1.6089e-07 -4.08945e-06 1
v -0.00513908 0.00909004 -3.60987e-09 0.8 0.8 0.8
vn 8.51003e-07 -4.1078e-06 1
v -0.00656004 0.00866824 -3.60987e-09 0.8 0.8 0.8
vn 1.7497e-06 -3.60849e-06 1
v -0.00760505 0.00802078 -3.60987e-09 0.8 0.8 0.8
vn 2.68401e-06 -2.85394e-06 1
v -0.00837391 0.00712106 -3.60987e-09 0.8 0.8 0.8
vn 3.55138e-06 -1.97321e-06 1
v -0.00890636 0.00590777 -3.60987e-09 0.8 0.8 0.8
vn 4.27354e-06 -1.08422e-06 1
v -0.00922049 0.00420316 -3.60987e-09 0.8 0.8 0.8
vn 5.02807e-06 -2.65555e-07 1
v -0.00932442 -5.9396e-10 -3.60987e-09 0.8 0.8 0.8
vn 4.65679e-06 3.56902e-08 1
v -0.00922049 -0.00420316 -3.60987e-09 0.8 0.8 0.8
vn 4.07103e-06 3.83219e-07 1
v -0.00890636 -0.00590777 -3.60987e-09 0.8 0.8 0.8
vn 3.90106e-06 1.2896e-06 1
v -0.00837391 -0.00712106 -3.60987e-09 0.8 0.8 0.8
vn 3.25417e-06 2.219e-06 1
v -0.00760505 -0.00802078 -3.60987e-09 0.8 0.8 0.8
vn 2.42214e-06 3.13191e-06 1
v -0.00656004 -0.00866824 -3.60987e-09 0.8 0.8 0.8
vn 1.52209e-06 3.93344e-06 1
v -0.00513908 -0.00909005 -3.60987e-09 0.8 0.8 0.8
vn 6.74814e-07 4.57933e-06 1
v -0.00296531 -0.00929848 -3.60987e-09 0.8 0.8 0.8
vn 7.97987e-08 5.14244e-06 1
v 0.00296532 -0.00929848 -3.60987e-09 0.8 0.8 0.8
vn -1.6089e-07 4.08945e-06 1
v 0.00513909 -0.00909005 -3.60987e-09 0.8 0.8 0.8
vn -8.51003e-07 4.1078e-06 1
v 0.00656005 -0.00866824 -3.60987e-09 0.8 0.8 0.8
vn -1.7497e-06 3.60849e-06 1
v 0.00760506 -0.00802078 -3.60987e-09 0.8 0.8 0.8
vn -2.68401e-06 2.85394e-06 1
v 0.00837391 -0.00712106 -3.60987e-09 0.8 0.8 0.8
vn -3.55138e-06 1.97321e-06 1
v 0.00890636 -0.00590777 -3.60987e-09 0.8 0.8 0.8
vn -4.27354e-06 1.08422e-06 1
v 0.0092205 -0.00420316 -3.60987e-09 0.8 0.8 0.8
vn -5.02807e-06 2.65555e-07 1
v 0.00745955 -3.20163e-10 -5.44217e-09 0.8 0.8 0.8
vn -5.66784e-07 -4.82826e-09 1
v 0.0073764 0.00336253 -5.44217e-09 0.8 0.8 0.8
vn -4.90462e-07 -4.76647e-08 1
v 0.00712509 0.00472621 -5.44217e-09 0.8 0.8 0.8
vn -4.72678e-07 -1.58519e-07 1
v 0.00669913 0.00569685 -5.44217e-09 0.8 0.8 0.8
vn -3.9417e-07 -2.71842e-07 1
v 0.00608405 0.00641662 -5.44217e-09 0.8 0.8 0.8
vn -2.92997e-07 -3.83032e-07 1
v 0.00524804 0.00693459 -5.44217e-09 0.8 0.8 0.8
vn -1.83618e-07 -4.80653e-07 1
v 0.00411127 0.00727204 -5.44217e-09 0.8 0.8 0.8
vn -8.08455e-08 -5.59668e-07 1
v 0.00237226 0.00743878 -5.44217e-09 0.8 0.8 0.8
vn -9.15904e-09 -6.30057e-07 1
v -0.00237225 0.00743878 -5.44217e-09 0.8 0.8 0.8
vn 2.02559e-08 -4.9224e-07 1
v -0.00411126 0.00727203 -5.44217e-09 0.8 0.8 0.8
vn 1.04956e-07 -4.97437e-07 1
v -0.00524803 0.00693459 -5.44217e-09 0.8 0.8 0.8
vn 2.14641e-07 -4.37223e-07 1
v -0.00608404 0.00641662 -5.44217e-09 0.8 0.8 0.8
vn 3.28488e-07 -3.45503e-07 1
v -0.00669912 0.00569685 -5.44217e-09 0.8 0.8 0.8
vn 4.3411e-07 -2.38426e-07 1
v -0.00712508 0.00472621 -5.44217e-09 0.8 0.8 0.8
vn 5.22153e-07 -1.30468e-07 1
v -0.00737639 0.00336253 -5.44217e-09 0.8 0.8 0.8
vn 6.1594e-07 -3.14544e-08 1
v -0.00745954 -5.70556e-10 -5.44217e-09 0.8 0.8 0.8
vn 5.66784e-07 4.82826e-09 1
v -0.00737639 -0.00336253 -5.44217e-09 0.8 0.8 0.8
vn 4.90462e-07 4.76647e-08 1
v -0.00712508 -0.00472621 -5.44217e-09 0.8 0.8 0.8
vn 4.72678e-07 1.58519e-07 1
v -0.00669912 -0.00569685 -5.44217e-09 0.8 0.8 0.8
vn 3.9417e-07 2.71842e-07 1
v -0.00608404 -0.00641662 -5.44217e-09 0.8 0.8 0.8
vn 2.92997e-07 3.83032e-07 1
v -0.00524803 -0.00693459 -5.44217e-09 0.8 0.8 0.8
vn 1.83618e-07 4.80653e-07 1
v -0.00411126 -0.00727204 -5.44217e-09 0.8 0.8 0.8
vn 8.08455e-08 5.59668e-07 1
v -0.00237225 -0.00743878 -5.44217e-09 0.8 0.8 0.8
vn 9.15904e-09 6.30057e-07 1
v 0.00237226 -0.00743878 -5.44217e-09 0.8 0.8 0.8
vn -2.02559e-08 4.9224e-07 1
v 0.00411127 -0.00727204 -5.44217e-09 0.8 0.8 0.8
vn -1.04956e-07 4.97437e-07 1
v 0.00524804 -0.00693459 -5.44217e-09 0.8 0.8 0.8
vn -2.14641e-07 4.37223e-07 1
v 0.00608405 -0.00641662 -5.44217e-09 0.8 0.8 0.8
vn -3.28488e-07 3.45503e-07 1
v 0.00669913 -0.00569685 -5.44217e-09 0.8 0.8 0.8
vn -4.3411e-07 2.38426e-07 1
v 0.00712509 -0.00472621 -5.44217e-09 0.8 0.8 0.8
vn -5.22153e-07 1.30468e-07 1
v 0.0073764 -0.00336253 -5.44217e-09 0.8 0.8 0.8
vn -6.1594e-07 3.14544e-08 1
v 0.00559466 -3.59357e-10 -5.58288e-09 0.8 0.8 0.8
vn -4.3113e-08 -4.07242e-10 1
v 0.0055323 0.0025219 -5.58288e-09 0.8 0.8 0.8
vn -3.7034e-08 -3.7261e-09 1
v 0.00534382 0.00354466 -5.58288e-09 0.8 0.8 0.8
vn -3.58136e-08 -1.2199e-08 1
v 0.00502435 0.00427264 -5.58288e-09 0.8 0.8 0.8
vn -2.98362e-08 -2.08308e-08 1
v 0.00456304 0.00481247 -5.58288e-09 0.8 0.8 0.8
vn -2.21359e-08 -2.92846e-08 1
v 0.00393603 0.00520094 -5.58288e-09 0.8 0.8 0.8
vn -1.3824e-08 -3.66964e-08 1
v 0.00308345 0.00545403 -5.58288e-09 0.8 0.8 0.8
vn -6.03475e-09 -4.26963e-08 1
v 0.00177919 0.00557909 -5.58288e-09 0.8 0.8 0.8
vn -6.48991e-10 -4.80632e-08 1
v -0.00177919 0.00557909 -5.58288e-09 0.8 0.8 0.8
vn 1.60468e-09 -3.71525e-08 1
v -0.00308345 0.00545403 -5.58288e-09 0.8 0.8 0.8
vn 8.11092e-09 -3.76876e-08 1
v -0.00393602 0.00520094 -5.58288e-09 0.8 0.8 0.8
vn 1.64761e-08 -3.31151e-08 1
v -0.00456303 0.00481247 -5.58288e-09 0.8 0.8 0.8
vn 2.51393e-08 -2.61309e-08 1
v -0.00502434 0.00427264 -5.58288e-09 0.8 0.8 0.8
vn 3.31637e-08 -1.79869e-08 1
v -0.00534381 0.00354466 -5.58288e-09 0.8 0.8 0.8
vn 3.98458e-08 -9.792e-09 1
v -0.00553229 0.0025219 -5.58288e-09 0.8 0.8 0.8
vn 4.70026e-08 -2.31354e-09 1
v -0.00559465 -5.47151e-10 -5.58288e-09 0.8 0.8 0.8
vn 4.3113e-08 4.07242e-10 1
v -0.00553229 -0.0025219 -5.58288e-09 0.8 0.8 0.8
vn 3.7034e-08 3.7261e-09 1
v -0.00534381 -0.00354466 -5.58288e-09 0.8 0.8 0.8
vn 3.58136e-08 1.2199e-08 1
v -0.00502434 -0.00427264 -5.58288e-09 0.8 0.8 0.8
vn 2.98362e-08 2.08308e-08 1
v -0.00456303 -0.00481247 -5.58288e-09 0.8 0.8 0.8
vn 2.21359e-08 2.92846e-08 1
v -0.00393602 -0.00520094 -5.58288e-09 0.8 0.8 0.8
vn 1.3824e-08 3.66964e-08 1
v -0.00308345 -0.00545403 -5.58288e-09 0.8 0.8 0.8
vn 6.03475e-09 4.26963e-08 1
v -0.00177919 -0.00557909 -5.58288e-09 0.8 0.8 0.8
vn 6.48991e-10 4.80632e-08 1
v 0.00177919 -0.00557909 -5.58288e-09 0.8 0.8 0.8
vn -1.60468e-09 3.71525e-08 1
v 0.00308345 -0.00545403 -5.58288e-09 0.8 0.8 0.8
vn -8.11092e-09 3.76876e-08 1
v 0.00393603 -0.00520094 -5.58288e-09 0.8 0.8 0.8
vn -1.64761e-08 3.31151e-08 1
v 0.00456304 -0.00481247 -5.58288e-09 0.8 0.8 0.8
vn -2.51393e-08 2.61309e-08 1
v 0.00502435 -0.00427264 -5.58288e-09 0.8 0.8 0.8
vn -3.31637e-08 1.79869e-08 1
v 0.00534382 -0.00354466 -5.58288e-09 0.8 0.8 0.8
vn -3.98458e-08 9.792e-09 1
v 0.0055323 -0.0025219 -5.58288e-09 0.8 0.8 0.8
vn -4.70026e-08 2.31354e-09 1
v 0.00372977 -3.9855e-10 -5.58789e-09 0.8 0.8 0.8
vn -1.57648e-09 -1.65531e-11 1
v 0.0036882 0.00168126 -5.58789e-09 0.8 0.8 0.8
vn -1.35612e-09 -1.41948e-10 1
v 0.00356255 0.00236311 -5.58789e-09 0.8 0.8 0.8
vn -1.30683e-09 -4.53071e-10 1
v 0.00334957 0.00284842 -5.58789e-09 0.8 0.8 0.8
vn -1.0858e-09 -7.68717e-10 1
v 0.00304203 0.00320831 -5.58789e-09 0.8 0.8 0.8
vn -8.02922e-10 -1.07672e-09 1
v 0.00262402 0.00346729 -5.58789e-09 0.8 0.8 0.8
vn -4.98821e-10 -1.34544e-09 1
v 0.00205564 0.00363602 -5.58789e-09 0.8 0.8 0.8
vn -2.15131e-10 -1.56052e-09 1
v 0.00118613 0.00371939 -5.58789e-09 0.8 0.8 0.8
vn -2.15786e-11 -1.74529e-09 1
v -0.00118612 0.00371939 -5.58789e-09 0.8 0.8 0.8
vn 6.21282e-11 -1.36188e-09 1
v -0.00205563 0.00363602 -5.58789e-09 0.8 0.8 0.8
vn 3.03119e-10 -1.37718e-09 1
v -0.00262401 0.00346729 -5.58789e-09 0.8 0.8 0.8
vn 6.09622e-10 -1.20677e-09 1
v -0.00304202 0.00320831 -5.58789e-09 0.8 0.8 0.8
vn 9.25842e-10 -9.49518e-10 1
v -0.00334956 0.00284842 -5.58789e-09 0.8 0.8 0.8
vn 1.21758e-09 -6.5098e-10 1
v -0.00356254 0.00236311 -5.58789e-09 0.8 0.8 0.8
vn 1.45885e-09 -3.51765e-10 1
v -0.00368819 0.00168126 -5.58789e-09 0.8 0.8 0.8
vn 1.70953e-09 -8.06614e-11 1
v -0.00372977 -5.23747e-10 -5.58789e-09 0.8 0.8 0.8
vn 1.57648e-09 1.65531e-11 1
v -0.00368819 -0.00168126 -5.58789e-09 0.8 0.8 0.8
vn 1.35612e-09 1.41948e-10 1
v -0.00356254 -0.00236311 -5.58789e-09 0.8 0.8 0.8
vn 1.30683e-09 4.53071e-10 1
v -0.00334956 -0.00284842 -5.58789e-09 0.8 0.8 0.8
vn 1.0858e-09 7.68717e-10 1
v -0.00304202 -0.00320831 -5.58789e-09 0.8 0.8 0.8
vn 8.02922e-10 1.07672e-09 1
v -0.00262401 -0.0034673 -5.58789e-09 0.8 0.8 0.8
vn 4.98821e-10 1.34544e-09 1
v -0.00205563 -0.00363602 -5.58789e-09 0.8 0.8 0.8
vn 2.15131e-10 1.56052e-09 1
v -0.00118612 -0.00371939 -5.58789e-09 0.8 0.8 0.8
vn 2.15786e-11 1.74529e-09 1
v 0.00118613 -0.00371939 -5.58789e-09 0.8 0.8 0.8
vn -6.21282e-11 1.36188e-09 1
v 0.00205564 -0.00363602 -5.58789e-09 0.8 0.8 0.8
vn -3.03119e-10 1.37718e-09 1
v 0.00262402 -0.0034673 -5.58789e-09 0.8 0.8 0.8
vn -6.09622e-10 1.20677e-09 1
v 0.00304203 -0.00320831 -5.58789e-09 0.8 0.8 0.8
vn -9.25842e-10 9.49518e-10 1
v 0.00334957 -0.00284842 -5.58789e-09 0.8 0.8 0.8
vn -1.21758e-09 6.5098e-10 1
v 0.00356255 -0.00236311 -5.58789e-09 0.8 0.8 0.8
vn -1.45885e-09 3.51765e-10 1
v 0.0036882 -0.00168126 -5.58789e-09 0.8 0.8 0.8
vn -1.70953e-09 8.06614e-11 1
v 0.00186489 -4.37744e-10 -5.58794e-09 0.8 0.8 0.8
vn -1.58023e-11 -1.95343e-13 1
v 0.0018441 0.000840632 -5.58794e-09 0.8 0.8 0.8
vn -1.40536e-11 -1.57816e-12 1
v 0.00178128 0.00118155 -5.58794e-09 0.8 0.8 0.8
vn -1.31424e-11 -4.70029e-12 1
v 0.00167479 0.00142421 -5.58794e-09 0.8 0.8 0.8
vn -1.08174e-11 -7.8493e-12 1
v 0.00152101 0.00160416 -5.58794e-09 0.8 0.8 0.8
vn -7.92733e-12 -1.08886e-11 1
v 0.00131201 0.00173365 -5.58794e-09 0.8 0.8 0.8
vn -4.86257e-12 -1.34924e-11 1
v 0.00102782 0.00181801 -5.58794e-09 0.8 0.8 0.8
vn -2.03927e-12 -1.5467e-11 1
v 0.000593067 0.0018597 -5.58794e-09 0.8 0.8 0.8
vn -1.75696e-13 -1.68266e-11 1
v -0.000593059 0.0018597 -5.58794e-09 0.8 0.8 0.8
vn 7.13775e-13 -1.42152e-11 1
v -0.00102781 0.00181801 -5.58794e-09 0.8 0.8 0.8
vn 3.19361e-12 -1.39478e-11 1
v -0.00131201 0.00173365 -5.58794e-09 0.8 0.8 0.8
vn 6.26595e-12 -1.20753e-11 1
v -0.00152101 0.00160416 -5.58794e-09 0.8 0.8 0.8
vn 9.40469e-12 -9.41886e-12 1
v -0.00167478 0.00142421 -5.58794e-09 0.8 0.8 0.8
vn 1.2262e-11 -6.39157e-12 1
v -0.00178127 0.00118155 -5.58794e-09 0.8 0.8 0.8
vn 1.45586e-11 -3.39374e-12 1
v -0.0018441 0.000840632 -5.58794e-09 0.8 0.8 0.8
vn 1.65771e-11 -7.24947e-13 1
v -0.00186488 -5.00342e-10 -5.58794e-09 0.8 0.8 0.8
vn 1.58023e-11 1.95343e-13 1
v -0.0018441 -0.000840633 -5.58794e-09 0.8 0.8 0.8
vn 1.40536e-11 1.57816e-12 1
v -0.00178127 -0.00118155 -5.58794e-09 0.8 0.8 0.8
vn 1.31424e-11 4.70029e-12 1
v -0.00167478 -0.00142421 -5.58794e-09 0.8 0.8 0.8
vn 1.08174e-11 7.8493e-12 1
v -0.00152101 -0.00160416 -5.58794e-09 0.8 0.8 0.8
vn 7.92733e-12 1.08886e-11 1
v -0.00131201 -0.00173365 -5.58794e-09 0.8 0.8 0.8
vn 4.86257e-12 1.34924e-11 1
v -0.00102781 -0.00181801 -5.58794e-09 0.8 0.8 0.8
vn 2.03927e-12 1.5467e-11 1
v -0.000593059 -0.0018597 -5.58794e-09 0.8 0.8 0.8
vn 1.75696e-13 1.68266e-11 1
v 0.000593067 -0.0018597 -5.58794e-09 0.8 0.8 0.8
vn -7.13775e-13 1.42152e-11 1
v 0.00102782 -0.00181801 -5.58794e-09 0.8 0.8 0.8
vn -3.19361e-12 1.39478e-11 1
v 0.00131201 -0.00173365 -5.58794e-09 0.8 0.8 0.8
vn -6.26595e-12 1.20753e-11 1
v 0.00152101 -0.00160416 -5.58794e-09 0.8 0.8 0.8
vn -9.40469e-12 9.41886e-12 1
v 0.00167479 -0.00142421 -5.58794e-09 0.8 0.8 0.8
vn -1.2262e-11 6.39157e-12 1
v 0.00178128 -0.00118155 -5.58794e-09 0.8 0.8 0.8
vn -1.45586e-11 3.39374e-12 1
v 0.0018441 -0.000840632 -5.58794e-09 0.8 0.8 0.8
vn -1.65771e-11 7.24947e-13 1
v 3.83098e-09 -4.76938e-10 -5.58794e-09 0.8 0.8 0.8
vn -7.44163e-15 -1.84011e-16 1
v 3.83098e-09 -4.76938e-10 -5.58794e-09 0.8 0.8 0.8
vn -6.94231e-15 -1.27937e-15 1
v 3.83098e-09 -4.76938e-10 -5.58794e-09 0.8 0.8 0.8
vn -6.03437e-15 -2.64816e-15 1
v 3.83098e-09 -4.76938e-10 -5.58794e-09 0.8 0.8 0.8
vn -4.79894e-15 -4.10094e-15 1
v 3.83098e-09 -4.76938e-10 -5.58794e-09 0.8 0.8 0.8
vn -3.37648e-15 -5.44967e-15 1
v 3.83098e-09 -4.76938e-10 -5.58794e-09 0.8 0.8 0.8
vn -1.94034e-15 -6.53653e-15 1
v 3.83098e-09 -4.76938e-10 -5.58794e-09 0.8 0.8 0.8
vn -6.94308e-16 -7.24098e-15 1
v 3.83098e-09 -4.76938e-10 -5.58794e-09 0.8 0.8 0.8
vn -1.18329e-30 -7.4624e-15 1
v 3.83098e-09 -4.76938e-10 -5.58794e-09 0.8 0.8 0.8
vn 6.94308e-16 -7.24098e-15 1
v 3.83098e-09 -4.76938e-10 -5.58794e-09 0.8 0.8 0.8
vn 1.94034e-15 -6.53653e-15 1
v 3.83098e-09 -4.76938e-10 -5.58794e-09 0.8 0.8 0.8
vn 3.37648e-15 -5.44967e-15 1
v 3.83098e-09 -4.76938e-10 -5.58794e-09 0.8 0.8 0.8
vn 4.79894e-15 -4.10094e-15 1
v 3.83098e-09 -4.76938e-10 -5.58794e-09 0.8 0.8 0.8
vn 6.03437e-15 -2.64816e-15 1
v 3.83098e-09 -4.76938e-10 -5.58794e-09 0.8 0.8 0.8
vn 6.94231e-15 -1.27937e-15 1
v 3.83098e-09 -4.76938e-10 -5.58794e-09 0.8 0.8 0.8
vn 7.44163e-15 -1.84011e-16 1
v 3.83098e-09 -4.76938e-10 -5.58794e-09 0.8 0.8 0.8
vn 7.44163e-15 1.84011e-16 1
v 3.83098e-09 -4.76938e-10 -5.58794e-09 0.8 0.8 0.8
vn 6.94231e-15 1.27937e-15 1
v 3.83098e-09 -4.76938e-10 -5.58794e-09 0.8 0.8 0.8
vn 6.03437e-15 2.64816e-15 1
v 3.83098e-09 -4.76938e-10 -5.58794e-09 0.8 0.8 0.8
vn 4.79894e-15 4.10094e-15 1
v 3.83098e-09 -4.76938e-10 -5.58794e-09 0.8 0.8 0.8
vn 3.37648e-15 5.44967e-15 1
v 3.83098e-09 -4.76938e-10 -5.58794e-09 0.8 0.8 0.8
vn 1.94034e-15 6.53653e-15 1
v 3.83098e-09 -4.76938e-10 -5.58794e-09 0.8 0.8 0.8
vn 6.94308e-16 7.24098e-15 1
v 3.83098e-09 -4.76938e-10 -5.58794e-09 0.8 0.8 0.8
vn 0 7.4624e-15 1
v 3.83098e-09 -4.76938e-10 -5.58794e-09 0.8 0.8 0.8
vn -6.94308e-16 7.24098e-15 1
v 3.83098e-09 -4.76938e-10 -5.58794e-09 0.8 0.8 0.8
vn -1.94034e-15 6.53653e-15 1
v 3.83098e-09 -4.76938e-10 -5.58794e-09 0.8 0.8 0.8
vn -3.37648e-15 5.44967e-15 1
v 3.83098e-09 -4.76938e-10 -5.58794e-09 0.8 0.8 0.8
vn -4.79894e-15 4.10094e-15 1
v 3.83098e-09 -4.76938e-10 -5.58794e-09 0.8 0.8 0.8
vn -6.03437e-15 2.64816e-15 1
v 3.83098e-09 -4.76938e-10 -5.58794e-09 0.8 0.8 0.8
vn -6.94231e-15 1.27937e-15 1
v 3.83098e-09 -4.76938e-10 -5.58794e-09 0.8 0.8 0.8
vn -7.44163e-15 1.84011e-16 1
v 0.0990478 1.60471e-09 0.0215014 0.8 0.8 0.8
vn 0.443861 -0.00284527 -0.896091
v 0.0979438 0.0446477 0.0215014 0.8 0.8 0.8
vn 0.442295 0.0245302 -0.896534
v 0.0946069 0.0627547 0.0215014 0.8 0.8 0.8
vn 0.403279 0.104617 -0.909077
v 0.088951 0.0756428 0.0215014 0.8 0.8 0.8
vn 0.342766 0.1937 -0.919235
v 0.0807839 0.0851999 0.0215014 0.8 0.8 0.8
vn 0.261842 0.282902 -0.922716
v 0.0696834 0.0920775 0.0215014 0.8 0.8 0.8
vn 0.170847 0.358808 -0.917643
v 0.0545894 0.0965581 0.0215014 0.8 0.8 0.8
vn 0.0830834 0.412 -0.907388
v 0.0314988 0.0987722 0.0215014 0.8 0.8 0.8
vn 0.0160406 0.435774 -0.899913
v -0.0314988 0.0987722 0.0215014 0.8 0.8 0.8
vn -0.0075997 0.446845 -0.894579
v -0.0545894 0.0965581 0.0215014 0.8 0.8 0.8
vn -0.0643847 0.424422 -0.903173
v -0.0696834 0.0920775 0.0215014 0.8 0.8 0.8
vn -0.148253 0.375989 -0.914687
v -0.0807839 0.0851999 0.0215014 0.8 0.8 0.8
vn -0.239177 0.304334 -0.92205
v -0.088951 0.0756428 0.0215014 0.8 0.8 0.8
vn -0.323235 0.216781 -0.921154
v -0.0946069 0.0627546 0.0215014 0.8 0.8 0.8
vn -0.388612 0.125778 -0.912777
v -0.0979438 0.0446476 0.0215014 0.8 0.8 0.8
vn -0.429146 0.0385544 -0.902412
v -0.0990478 -1.72e-09 0.0215014 0.8 0.8 0.8
vn -0.443861 0.00284527 -0.896091
v -0.0979438 -0.0446477 0.0215014 0.8 0.8 0.8
vn -0.442295 -0.0245302 -0.896534
v -0.0946069 -0.0627547 0.0215014 0.8 0.8 0.8
vn -0.403279 -0.104617 -0.909077
v -0.088951 -0.0756428 0.0215014 0.8 0.8 0.8
vn -0.342766 -0.1937 -0.919235
v -0.0807839 -0.0851999 0.0215014 0.8 0.8 0.8
vn -0.261842 -0.282902 -0.922716
v -0.0696834 -0.0920775 0.0215014 0.8 0.8 0.8
vn -0.170847 -0.358808 -0.917643
v -0.0545894 -0.0965581 0.0215014 0.8 0.8 0.8
vn -0.0830834 -0.412 -0.907388
v -0.0314988 -0.0987722 0.0215014 0.8 0.8 0.8
vn -0.0160406 -0.435774 -0.899913
v 0.0314988 -0.0987722 0.0215014 0.8 0.8 0.8
vn 0.0075997 -0.446845 -0.894579
v 0.0545894 -0.0965581 0.0215014 0.8 0.8 0.8
vn 0.0643847 -0.424422 -0.903173
v 0.0696834 -0.0920775 0.0215014 0.8 0.8 0.8
vn 0.148253 -0.375989 -0.914687
v 0.0807839 -0.0851999 0.0215014 0.8 0.8 0.8
vn 0.239177 -0.304334 -0.92205
v 0.088951 -0.0756428 0.0215014 0.8 0.8 0.8
vn 0.323235 -0.216781 -0.921154
v 0.0946069 -0.0627546 0.0215014 0.8 0.8 0.8
vn 0.388612 -0.125778 -0.912777
v 0.0979438 -0.0446477 0.0215014 0.8 0.8 0.8
vn 0.429146 -0.0385544 -0.902412
v 0.0693266 9.80074e-10 0.0118066 0.8 0.8 0.8
vn 0.309695 0.00152923 -0.950835
v 0.0685539 0.0312503 0.0118066 0.8 0.8 0.8
vn 0.302073 0.0256926 -0.952939
v 0.0662183 0.0439239 0.0118066 0.8 0.8 0.8
vn 0.270366 0.0853521 -0.958967
v 0.0622596 0.0529447 0.0118066 0.8 0.8 0.8
vn 0.224067 0.147366 -0.963368
v 0.0565432 0.0596341 0.0118066 0.8 0.8 0.8
vn 0.166161 0.207479 -0.964024
v 0.0487736 0.0644479 0.0118066 0.8 0.8 0.8
vn 0.103948 0.257896 -0.960565
v 0.0382088 0.067584 0.0118066 0.8 0.8 0.8
vn 0.0459895 0.293098 -0.954976
v 0.022047 0.0691337 0.0118066 0.8 0.8 0.8
vn 0.00581887 0.308876 -0.951085
v -0.022047 0.0691337 0.0118066 0.8 0.8 0.8
vn -0.0104504 0.307349 -0.95154
v -0.0382088 0.067584 0.0118066 0.8 0.8 0.8
vn -0.0561879 0.287633 -0.956091
v -0.0487736 0.0644479 0.0118066 0.8 0.8 0.8
vn -0.116065 0.249029 -0.961516
v -0.0565432 0.0596341 0.0118066 0.8 0.8 0.8
vn -0.178183 0.196159 -0.964247
v -0.0622596 0.0529447 0.0118066 0.8 0.8 0.8
vn -0.234314 0.135065 -0.962733
v -0.0662183 0.0439239 0.0118066 0.8 0.8 0.8
vn -0.277617 0.0739133 -0.957844
v -0.0685539 0.0312503 0.0118066 0.8 0.8 0.8
vn -0.305485 0.0179328 -0.952028
v -0.0693266 -1.34699e-09 0.0118066 0.8 0.8 0.8
vn -0.309695 -0.00152923 -0.950835
v -0.0685539 -0.0312503 0.0118066 0.8 0.8 0.8
vn -0.302073 -0.0256926 -0.952939
v -0.0662183 -0.0439239 0.0118066 0.8 0.8 0.8
vn -0.270366 -0.0853521 -0.958967
v -0.0622596 -0.0529447 0.0118066 0.8 0.8 0.8
vn -0.224067 -0.147366 -0.963368
v -0.0565432 -0.0596341 0.0118066 0.8 0.8 0.8
vn -0.166161 -0.207479 -0.964024
v -0.0487736 -0.0644479 0.0118066 0.8 0.8 0.8
vn -0.103948 -0.257896 -0.960565
v -0.0382088 -0.067584 0.0118066 0.8 0.8 0.8
vn -0.0459895 -0.293098 -0.954976
v -0.022047 -0.0691337 0.0118066 0.8 0.8 0.8
vn -0.00581887 -0.308876 -0.951085
v 0.022047 -0.0691337 0.0118066 0.8 0.8 0.8
vn 0.0104504 -0.307349 -0.95154
v 0.0382088 -0.067584 0.0118066 0.8 0.8 0.8
vn 0.0561879 -0.287633 -0.956091
v 0.0487736 -0.0644479 0.0118066 0.8 0.8 0.8
vn 0.116065 -0.249029 -0.961516
v 0.0565432 -0.0596341 0.0118066 0.8 0.8 0.8
vn 0.178183 -0.196159 -0.964247
v 0.0622596 -0.0529447 0.0118066 0.8 0.8 0.8
vn 0.234314 -0.135065 -0.962733
v 0.0662183 -0.0439239 0.0118066 0.8 0.8 0.8
vn 0.277617 -0.0739133 -0.957844
v 0.0685539 -0.0312503 0.0118066 0.8 0.8 0.8
vn 0.305485 -0.0179328 -0.952028
v 0.0522924 6.22072e-10 0.00627628 0.8 0.8 0.8
vn 0.304356 0.0013531 -0.952557
v 0.0517096 0.0235718 0.00627628 0.8 0.8 0.8
vn 0.296261 0.0247417 -0.954787
v 0.0499478 0.0331314 0.00627628 0.8 0.8 0.8
vn 0.265829 0.0832216 -0.960421
v 0.0469618 0.0399357 0.00627628 0.8 0.8 0.8
vn 0.220566 0.144118 -0.964666
v 0.04265 0.0449814 0.00627628 0.8 0.8 0.8
vn 0.163817 0.203269 -0.965322
v 0.0367895 0.0486124 0.00627628 0.8 0.8 0.8
vn 0.102739 0.253036 -0.961986
v 0.0288205 0.050978 0.00627628 0.8 0.8 0.8
vn 0.0457035 0.288029 -0.95653
v 0.0166298 0.0521469 0.00627628 0.8 0.8 0.8
vn 0.00592462 0.304268 -0.952568
v -0.0166298 0.0521469 0.00627628 0.8 0.8 0.8
vn -0.00997075 0.301218 -0.953503
v -0.0288205 0.050978 0.00627628 0.8 0.8 0.8
vn -0.054622 0.282617 -0.957676
v -0.0367895 0.0486124 0.00627628 0.8 0.8 0.8
vn -0.113368 0.24499 -0.962875
v -0.04265 0.0449814 0.00627628 0.8 0.8 0.8
vn -0.174424 0.193227 -0.965525
v -0.0469618 0.0399357 0.00627628 0.8 0.8 0.8
vn -0.229732 0.133303 -0.964082
v -0.0499478 0.0331314 0.00627628 0.8 0.8 0.8
vn -0.272587 0.0732042 -0.959342
v -0.0517095 0.0235718 0.00627628 0.8 0.8 0.8
vn -0.300745 0.0179905 -0.953535
v -0.0522924 -1.13321e-09 0.00627628 0.8 0.8 0.8
vn -0.304356 -0.0013531 -0.952557
v -0.0517095 -0.0235718 0.00627628 0.8 0.8 0.8
vn -0.296261 -0.0247417 -0.954787
v -0.0499478 -0.0331314 0.00627628 0.8 0.8 0.8
vn -0.265829 -0.0832216 -0.960421
v -0.0469618 -0.0399357 0.00627628 0.8 0.8 0.8
vn -0.220566 -0.144118 -0.964666
v -0.04265 -0.0449814 0.00627628 0.8 0.8 0.8
vn -0.163817 -0.203269 -0.965322
v -0.0367895 -0.0486124 0.00627628 0.8 0.8 0.8
vn -0.102739 -0.253036 -0.961986
v -0.0288205 -0.050978 0.00627628 0.8 0.8 0.8
vn -0.0457035 -0.288029 -0.95653
v -0.0166298 -0.0521469 0.00627628 0.8 0.8 0.8
vn -0.00592462 -0.304268 -0.952568
v 0.0166298 -0.0521469 0.00627628 0.8 0.8 0.8
vn 0.00997075 -0.301218 -0.953503
v 0.0288205 -0.050978 0.00627628 0.8 0.8 0.8
vn 0.054622 -0.282617 -0.957676
v 0.0367895 -0.0486124 0.00627628 0.8 0.8 0.8
vn 0.113368 -0.24499 -0.962875
v 0.04265 -0.0449814 0.00627628 0.8 0.8 0.8
vn 0.174424 -0.193227 -0.965525
v 0.0469618 -0.0399357 0.00627628 0.8 0.8 0.8
vn 0.229732 -0.133303 -0.964082
v 0.0499478 -0.0331314 0.00627628 0.8 0.8 0.8
vn 0.272587 -0.0732042 -0.959342
v 0.0517096 -0.0235718 0.00627628 0.8 0.8 0.8
vn 0.300745 -0.0179905 -0.953535
v 0.0423964 4.14091e-10 0.00321803 0.8 0.8 0.8
vn 0.283879 0.00114281 -0.958859
v 0.0419238 0.019111 0.00321803 0.8 0.8 0.8
vn 0.275115 0.0226198 -0.961145
v 0.0404955 0.0268615 0.00321803 0.8 0.8 0.8
vn 0.24769 0.0769912 -0.965775
v 0.0380746 0.0323781 0.00321803 0.8 0.8 0.8
vn 0.205708 0.133662 -0.969442
v 0.0345787 0.0364689 0.00321803 0.8 0.8 0.8
vn 0.153014 0.188848 -0.970012
v 0.0298273 0.0394128 0.00321803 0.8 0.8 0.8
vn 0.0962322 0.235534 -0.96709
v 0.0233664 0.0413307 0.00321803 0.8 0.8 0.8
vn 0.0430568 0.268772 -0.962241
v 0.0134827 0.0422784 0.00321803 0.8 0.8 0.8
vn 0.00570762 0.285087 -0.958485
v -0.0134827 0.0422784 0.00321803 0.8 0.8 0.8
vn -0.00904035 0.279482 -0.960108
v -0.0233664 0.0413307 0.00321803 0.8 0.8 0.8
vn -0.0503999 0.263163 -0.963434
v -0.0298273 0.0394128 0.00321803 0.8 0.8 0.8
vn -0.105035 0.228376 -0.96789
v -0.0345787 0.0364689 0.00321803 0.8 0.8 0.8
vn -0.16191 0.180327 -0.970189
v -0.0380746 0.0323781 0.00321803 0.8 0.8 0.8
vn -0.213628 0.124661 -0.968929
v -0.0404955 0.0268615 0.00321803 0.8 0.8 0.8
vn -0.254018 0.0687217 -0.964755
v -0.0419238 0.019111 0.00321803 0.8 0.8 0.8
vn -0.281524 0.0171132 -0.959402
v -0.0423964 -1.00902e-09 0.00321803 0.8 0.8 0.8
vn -0.283879 -0.00114281 -0.958859
v -0.0419238 -0.019111 0.00321803 0.8 0.8 0.8
vn -0.275115 -0.0226198 -0.961145
v -0.0404955 -0.0268615 0.00321803 0.8 0.8 0.8
vn -0.24769 -0.0769912 -0.965775
v -0.0380746 -0.0323781 0.00321803 0.8 0.8 0.8
vn -0.205708 -0.133662 -0.969442
v -0.0345787 -0.0364689 0.00321803 0.8 0.8 0.8
vn -0.153014 -0.188848 -0.970012
v -0.0298273 -0.0394128 0.00321803 0.8 0.8 0.8
vn -0.0962322 -0.235534 -0.96709
v -0.0233664 -0.0413307 0.00321803 0.8 0.8 0.8
vn -0.0430568 -0.268772 -0.962241
v -0.0134827 -0.0422784 0.00321803 0.8 0.8 0.8
vn -0.00570762 -0.285087 -0.958485
v 0.0134827 -0.0422784 0.00321803 0.8 0.8 0.8
vn 0.00904035 -0.279482 -0.960108
v 0.0233664 -0.0413307 0.00321803 0.8 0.8 0.8
vn 0.0503999 -0.263163 -0.963434
v 0.0298273 -0.0394128 0.00321803 0.8 0.8 0.8
vn 0.105035 -0.228376 -0.96789
v 0.0345787 -0.0364689 0.00321803 0.8 0.8 0.8
vn 0.16191 -0.180327 -0.970189
v 0.0380746 -0.0323781 0.00321803 0.8 0.8 0.8
vn 0.213628 -0.124661 -0.968929
v 0.0404955 -0.0268615 0.00321803 0.8 0.8 0.8
vn 0.254018 -0.0687217 -0.964755
v 0.0419238 -0.019111 0.00321803 0.8 0.8 0.8
vn 0.281524 -0.0171132 -0.959402
v 0.036388 2.87814e-10 0.00158448 0.8 0.8 0.8
vn 0.24179 0.000909493 -0.970328
v 0.0359824 0.0164026 0.00158448 0.8 0.8 0.8
vn 0.232526 0.0189314 -0.972406
v 0.0347565 0.0230547 0.00158448 0.8 0.8 0.8
vn 0.210324 0.0650831 -0.975463
v 0.0326786 0.0277895 0.00158448 0.8 0.8 0.8
vn 0.174783 0.11317 -0.978082
v 0.0296782 0.0313006 0.00158448 0.8 0.8 0.8
vn 0.130186 0.160133 -0.978473
v 0.0256002 0.0338272 0.00158448 0.8 0.8 0.8
vn 0.0821101 0.200183 -0.976312
v 0.0200549 0.0354733 0.00158448 0.8 0.8 0.8
vn 0.0369439 0.229238 -0.972669
v 0.011572 0.0362867 0.00158448 0.8 0.8 0.8
vn 0.0049843 0.24469 -0.969589
v -0.0115719 0.0362867 0.00158448 0.8 0.8 0.8
vn -0.00752259 0.235974 -0.97173
v -0.0200549 0.0354733 0.00158448 0.8 0.8 0.8
vn -0.0425237 0.223317 -0.973818
v -0.0256001 0.0338272 0.00158448 0.8 0.8 0.8
vn -0.0888732 0.193981 -0.976971
v -0.0296782 0.0313006 0.00158448 0.8 0.8 0.8
vn -0.137179 0.153297 -0.978612
v -0.0326786 0.0277895 0.00158448 0.8 0.8 0.8
vn -0.181333 0.106191 -0.977672
v -0.0347565 0.0230547 0.00158448 0.8 0.8 0.8
vn -0.216227 0.0587687 -0.974573
v -0.0359824 0.0164026 0.00158448 0.8 0.8 0.8
vn -0.241306 0.0148169 -0.970336
v -0.036388 -9.3361e-10 0.00158448 0.8 0.8 0.8
vn -0.24179 -0.000909493 -0.970328
v -0.0359824 -0.0164026 0.00158448 0.8 0.8 0.8
vn -0.232526 -0.0189314 -0.972406
v -0.0347565 -0.0230547 0.00158448 0.8 0.8 0.8
vn -0.210324 -0.0650831 -0.975463
v -0.0326786 -0.0277895 0.00158448 0.8 0.8 0.8
vn -0.174783 -0.11317 -0.978082
v -0.0296782 -0.0313006 0.00158448 0.8 0.8 0.8
vn -0.130186 -0.160133 -0.978473
v -0.0256001 -0.0338272 0.00158448 0.8 0.8 0.8
vn -0.0821101 -0.200183 -0.976312
v -0.0200549 -0.0354733 0.00158448 0.8 0.8 0.8
vn -0.0369439 -0.229238 -0.972669
v -0.0115719 -0.0362867 0.00158448 0.8 0.8 0.8
vn -0.0049843 -0.24469 -0.969589
v 0.011572 -0.0362867 0.00158448 0.8 0.8 0.8
vn 0.00752259 -0.235974 -0.97173
v 0.0200549 -0.0354733 0.00158448 0.8 0.8 0.8
vn 0.0425237 -0.223317 -0.973818
v 0.0256002 -0.0338272 0.00158448 0.8 0.8 0.8
vn 0.0888732 -0.193981 -0.976971
v 0.0296782 -0.0313006 0.00158448 0.8 0.8 0.8
vn 0.137179 -0.153297 -0.978612
v 0.0326786 -0.0277895 0.00158448 0.8 0.8 0.8
vn 0.181333 -0.106191 -0.977672
v 0.0347565 -0.0230547 0.00158448 0.8 0.8 0.8
vn 0.216227 -0.0587687 -0.974573
v 0.0359824 -0.0164026 0.00158448 0.8 0.8 0.8
vn 0.241306 -0.0148169 -0.970336
v 0.0324211 2.04443e-10 0.000745271 0.8 0.8 0.8
vn 0.179536 0.000658586 -0.983751
v 0.0320597 0.0146144 0.000745271 0.8 0.8 0.8
vn 0.170819 0.0138593 -0.985205
v 0.0309674 0.0205413 0.000745271 0.8 0.8 0.8
vn 0.155464 0.0480308 -0.986673
v 0.0291161 0.0247599 0.000745271 0.8 0.8 0.8
vn 0.129263 0.0835929 -0.988081
v 0.0264428 0.0278883 0.000745271 0.8 0.8 0.8
vn 0.0963948 0.118427 -0.988273
v 0.0228093 0.0301395 0.000745271 0.8 0.8 0.8
vn 0.060957 0.148406 -0.987046
v 0.0178686 0.0316061 0.000745271 0.8 0.8 0.8
vn 0.0275601 0.17065 -0.984946
v 0.0103104 0.0323308 0.000745271 0.8 0.8 0.8
vn 0.00376369 0.183649 -0.982985
v -0.0103104 0.0323308 0.000745271 0.8 0.8 0.8
vn -0.00549095 0.173135 -0.984883
v -0.0178686 0.0316061 0.000745271 0.8 0.8 0.8
vn -0.0313431 0.164936 -0.985806
v -0.0228093 0.0301395 0.000745271 0.8 0.8 0.8
vn -0.0656215 0.143425 -0.987483
v -0.0264428 0.0278883 0.000745271 0.8 0.8 0.8
vn -0.101377 0.113423 -0.988361
v -0.0291161 0.0247599 0.000745271 0.8 0.8 0.8
vn -0.134246 0.0787148 -0.987817
v -0.0309674 0.0205413 0.000745271 0.8 0.8 0.8
vn -0.160583 0.0437165 -0.986054
v -0.0320597 0.0146144 0.000745271 0.8 0.8 0.8
vn -0.180806 0.0111415 -0.983456
v -0.032421 -8.83825e-10 0.000745271 0.8 0.8 0.8
vn -0.179536 -0.000658586 -0.983751
v -0.0320597 -0.0146144 0.000745271 0.8 0.8 0.8
vn -0.170819 -0.0138593 -0.985205
v -0.0309674 -0.0205413 0.000745271 0.8 0.8 0.8
vn -0.155464 -0.0480308 -0.986673
v -0.0291161 -0.0247599 0.000745271 0.8 0.8 0.8
vn -0.129263 -0.0835929 -0.988081
v -0.0264428 -0.0278883 0.000745271 0.8 0.8 0.8
vn -0.0963948 -0.118427 -0.988273
v -0.0228093 -0.0301395 0.000745271 0.8 0.8 0.8
vn -0.060957 -0.148406 -0.987046
v -0.0178686 -0.0316061 0.000745271 0.8 0.8 0.8
vn -0.0275601 -0.17065 -0.984946
v -0.0103104 -0.0323308 0.000745271 0.8 0.8 0.8
vn -0.00376369 -0.183649 -0.982985
v 0.0103104 -0.0323308 0.000745271 0.8 0.8 0.8
vn 0.00549095 -0.173135 -0.984883
v 0.0178686 -0.0316061 0.000745271 0.8 0.8 0.8
vn 0.0313431 -0.164936 -0.985806
v 0.0228093 -0.0301395 0.000745271 0.8 0.8 0.8
vn 0.0656215 -0.143425 -0.987483
v 0.0264428 -0.0278883 0.000745271 0.8 0.8 0.8
vn 0.101377 -0.113423 -0.988361
v 0.0291161 -0.0247599 0.000745271 0.8 0.8 0.8
vn 0.134246 -0.0787148 -0.987817
v 0.0309674 -0.0205413 0.000745271 0.8 0.8 0.8
vn 0.160583 -0.0437165 -0.986054
v 0.0320597 -0.0146144 0.000745271 0.8 0.8 0.8
vn 0.180806 -0.0111415 -0.983456
v 0.0294831 1.42697e-10 0.000332761 0.8 0.8 0.8
vn 0.112693 0.00041893 -0.99363
v 0.0291545 0.0132901 0.000332761 0.8 0.8 0.8
vn 0.106002 0.00861619 -0.994329
v 0.0281612 0.0186799 0.000332761 0.8 0.8 0.8
vn 0.0971418 0.0300373 -0.994817
v 0.0264776 0.0225162 0.000332761 0.8 0.8 0.8
vn 0.080829 0.0523053 -0.995355
v 0.0240466 0.0253611 0.000332761 0.8 0.8 0.8
vn 0.0603338 0.0741704 -0.995419
v 0.0207423 0.0274083 0.000332761 0.8 0.8 0.8
vn 0.0382245 0.0931297 -0.99492
v 0.0162494 0.028742 0.000332761 0.8 0.8 0.8
vn 0.0173391 0.107482 -0.994056
v 0.00937609 0.029401 0.000332761 0.8 0.8 0.8
vn 0.00238259 0.116631 -0.993172
v -0.00937609 0.029401 0.000332761 0.8 0.8 0.8
vn -0.0034121 0.107294 -0.994221
v -0.0162494 0.028742 0.000332761 0.8 0.8 0.8
vn -0.0195859 0.102956 -0.994493
v -0.0207423 0.0274083 0.000332761 0.8 0.8 0.8
vn -0.0410505 0.0896573 -0.995126
v -0.0240466 0.0253611 0.000332761 0.8 0.8 0.8
vn -0.0634556 0.0709514 -0.995459
v -0.0264776 0.0225162 0.000332761 0.8 0.8 0.8
vn -0.0841481 0.0493074 -0.995233
v -0.0281612 0.0186799 0.000332761 0.8 0.8 0.8
vn -0.100923 0.0274512 -0.994515
v -0.0291545 0.0132901 0.000332761 0.8 0.8 0.8
vn -0.114637 0.00705085 -0.993382
v -0.0294831 -8.46954e-10 0.000332761 0.8 0.8 0.8
vn -0.112693 -0.00041893 -0.99363
v -0.0291545 -0.0132901 0.000332761 0.8 0.8 0.8
vn -0.106002 -0.00861619 -0.994329
v -0.0281612 -0.0186799 0.000332761 0.8 0.8 0.8
vn -0.0971418 -0.0300373 -0.994817
v -0.0264776 -0.0225162 0.000332761 0.8 0.8 0.8
vn -0.080829 -0.0523053 -0.995355
v -0.0240466 -0.0253611 0.000332761 0.8 0.8 0.8
vn -0.0603338 -0.0741704 -0.995419
v -0.0207423 -0.0274083 0.000332761 0.8 0.8 0.8
vn -0.0382245 -0.0931297 -0.99492
v -0.0162494 -0.028742 0.000332761 0.8 0.8 0.8
vn -0.0173391 -0.107482 -0.994056
v -0.00937609 -0.029401 0.000332761 0.8 0.8 0.8
vn -0.00238259 -0.116631 -0.993172
v 0.00937609 -0.029401 0.000332761 0.8 0.8 0.8
vn 0.0034121 -0.107294 -0.994221
v 0.0162494 -0.028742 0.000332761 0.8 0.8 0.8
vn 0.0195859 -0.102956 -0.994493
v 0.0207423 -0.0274083 0.000332761 0.8 0.8 0.8
vn 0.0410505 -0.0896573 -0.995126
v 0.0240466 -0.0253611 0.000332761 0.8 0.8 0.8
vn 0.0634556 -0.0709514 -0.995459
v 0.0264776 -0.0225162 0.000332761 0.8 0.8 0.8
vn 0.0841481 -0.0493074 -0.995233
v 0.0281612 -0.0186799 0.000332761 0.8 0.8 0.8
vn 0.100923 -0.0274512 -0.994515
v 0.0291545 -0.0132901 0.000332761 0.8 0.8 0.8
vn 0.114637 -0.00705085 -0.993382
v 0.0270401 9.13541e-11 0.000139953 0.8 0.8 0.8
vn 0.0600919 0.000232685 -0.998193
v 0.0267387 0.0121888 0.000139953 0.8 0.8 0.8
vn 0.0559723 0.00457583 -0.998422
v 0.0258278 0.0171321 0.000139953 0.8 0.8 0.8
vn 0.0516161 0.0160023 -0.998539
v 0.0242837 0.0206505 0.000139953 0.8 0.8 0.8
vn 0.0429824 0.0278716 -0.998687
v 0.0220541 0.0232596 0.000139953 0.8 0.8 0.8
vn 0.032103 0.0395434 -0.998702
v 0.0190236 0.0251372 0.000139953 0.8 0.8 0.8
vn 0.0203565 0.0497104 -0.998556
v 0.0149029 0.0263604 0.000139953 0.8 0.8 0.8
vn 0.009246 0.0575156 -0.998302
v 0.00859919 0.0269649 0.000139953 0.8 0.8 0.8
vn 0.00127054 0.0628256 -0.998024
v -0.00859918 0.0269649 0.000139953 0.8 0.8 0.8
vn -0.001815 0.0565873 -0.998396
v -0.0149029 0.0263604 0.000139953 0.8 0.8 0.8
vn -0.0104313 0.0546492 -0.998451
v -0.0190236 0.0251372 0.000139953 0.8 0.8 0.8
vn -0.0218719 0.0476622 -0.998624
v -0.0220541 0.0232596 0.000139953 0.8 0.8 0.8
vn -0.0338198 0.0377405 -0.998715
v -0.0242837 0.0206505 0.000139953 0.8 0.8 0.8
vn -0.044885 0.0262463 -0.998647
v -0.0258277 0.0171321 0.000139953 0.8 0.8 0.8
vn -0.0539228 0.0146274 -0.998438
v -0.0267387 0.0121888 0.000139953 0.8 0.8 0.8
vn -0.0616736 0.003771 -0.998089
v -0.0270401 -8.16294e-10 0.000139953 0.8 0.8 0.8
vn -0.0600919 -0.000232685 -0.998193
v -0.0267387 -0.0121888 0.000139953 0.8 0.8 0.8
vn -0.0559723 -0.00457583 -0.998422
v -0.0258277 -0.0171321 0.000139953 0.8 0.8 0.8
vn -0.0516161 -0.0160023 -0.998539
v -0.0242837 -0.0206505 0.000139953 0.8 0.8 0.8
vn -0.0429824 -0.0278716 -0.998687
v -0.0220541 -0.0232596 0.000139953 0.8 0.8 0.8
vn -0.032103 -0.0395434 -0.998702
v -0.0190236 -0.0251372 0.000139953 0.8 0.8 0.8
vn -0.0203565 -0.0497104 -0.998556
v -0.0149029 -0.0263604 0.000139953 0.8 0.8 0.8
vn -0.009246 -0.0575156 -0.998302
v -0.00859918 -0.0269649 0.000139953 0.8 0.8 0.8
vn -0.00127054 -0.0628256 -0.998024
v 0.00859919 -0.0269649 0.000139953 0.8 0.8 0.8
vn 0.001815 -0.0565873 -0.998396
v 0.0149029 -0.0263604 0.000139953 0.8 0.8 0.8
vn 0.0104313 -0.0546492 -0.998451
v 0.0190236 -0.0251372 0.000139953 0.8 0.8 0.8
vn 0.0218719 -0.0476622 -0.998624
v 0.0220541 -0.0232596 0.000139953 0.8 0.8 0.8
vn 0.0338198 -0.0377405 -0.998715
v 0.0242837 -0.0206505 0.000139953 0.8 0.8 0.8
vn 0.044885 -0.0262463 -0.998647
v 0.0258278 -0.0171321 0.000139953 0.8 0.8 0.8
vn 0.0539228 -0.0146274 -0.998438
v 0.0267387 -0.0121888 0.000139953 0.8 0.8 0.8
vn 0.0616736 -0.003771 -0.998089
v 0.0248229 4.47555e-11 5.49154e-05 0.8 0.8 0.8
vn 0.0279924 0.000114907 -0.999608
v 0.0245462 0.0111894 5.49154e-05 0.8 0.8 0.8
vn 0.0258717 0.00213343 -0.999663
v 0.0237099 0.0157273 5.49154e-05 0.8 0.8 0.8
vn 0.0239786 0.0074635 -0.999685
v 0.0222925 0.0189572 5.49154e-05 0.8 0.8 0.8
vn 0.0199802 0.0129961 -0.999716
v 0.0202457 0.0213524 5.49154e-05 0.8 0.8 0.8
vn 0.0149263 0.0184405 -0.999719
v 0.0174637 0.023076 5.49154e-05 0.8 0.8 0.8
vn 0.00946531 0.0231942 -0.999686
v 0.0136809 0.0241989 5.49154e-05 0.8 0.8 0.8
vn 0.00429781 0.0268764 -0.99963
v 0.00789408 0.0247538 5.49154e-05 0.8 0.8 0.8
vn 0.000587471 0.0294968 -0.999565
v -0.00789407 0.0247538 5.49154e-05 0.8 0.8 0.8
vn -0.000848981 0.026132 -0.999658
v -0.0136809 0.0241989 5.49154e-05 0.8 0.8 0.8
vn -0.00486642 0.0253662 -0.999666
v -0.0174637 0.023076 5.49154e-05 0.8 0.8 0.8
vn -0.0101993 0.0221507 -0.999703
v -0.0202457 0.0213524 5.49154e-05 0.8 0.8 0.8
vn -0.0157698 0.0175459 -0.999722
v -0.0222925 0.0189572 5.49154e-05 0.8 0.8 0.8
vn -0.0209358 0.0122039 -0.999706
v -0.0237099 0.0157273 5.49154e-05 0.8 0.8 0.8
vn -0.0251733 0.00680088 -0.99966
v -0.0245462 0.0111894 5.49154e-05 0.8 0.8 0.8
vn -0.0289314 0.00175336 -0.99958
v -0.0248229 -7.88468e-10 5.49154e-05 0.8 0.8 0.8
vn -0.0279924 -0.000114907 -0.999608
v -0.0245462 -0.0111894 5.49154e-05 0.8 0.8 0.8
vn -0.0258717 -0.00213343 -0.999663
v -0.0237099 -0.0157273 5.49154e-05 0.8 0.8 0.8
vn -0.0239786 -0.0074635 -0.999685
v -0.0222925 -0.0189572 5.49154e-05 0.8 0.8 0.8
vn -0.0199802 -0.0129961 -0.999716
v -0.0202457 -0.0213524 5.49154e-05 0.8 0.8 0.8
vn -0.0149263 -0.0184405 -0.999719
v -0.0174637 -0.023076 5.49154e-05 0.8 0.8 0.8
vn -0.00946531 -0.0231942 -0.999686
v -0.0136809 -0.0241989 5.49154e-05 0.8 0.8 0.8
vn -0.00429781 -0.0268764 -0.99963
v -0.00789407 -0.0247538 5.49154e-05 0.8 0.8 0.8
vn -0.000587471 -0.0294968 -0.999565
v 0.00789408 -0.0247538 5.49154e-05 0.8 0.8 0.8
vn 0.000848981 -0.026132 -0.999658
v 0.0136809 -0.0241989 5.49154e-05 0.8 0.8 0.8
vn 0.00486642 -0.0253662 -0.999666
v 0.0174637 -0.023076 5.49154e-05 0.8 0.8 0.8
vn 0.0101993 -0.0221507 -0.999703
v 0.0202457 -0.0213524 5.49154e-05 0.8 0.8 0.8
vn 0.0157698 -0.0175459 -0.999722
v 0.0222925 -0.0189572 5.49154e-05 0.8 0.8 0.8
vn 0.0209358 -0.0122039 -0.999706
v 0.0237099 -0.0157273 5.49154e-05 0.8 0.8 0.8
vn 0.0251733 -0.00680088 -0.99966
v 0.0245462 -0.0111894 5.49154e-05 0.8 0.8 0.8
vn 0.0289314 -0.00175336 -0.99958
v 0.0227025 1.91402e-13 1.98602e-05 0.8 0.8 0.8
vn 0.0116728 5.13744e-05 -0.999932
v 0.0224494 0.0102336 1.98602e-05 0.8 0.8 0.8
vn 0.0107179 0.000893605 -0.999942
v 0.0216846 0.0143838 1.98602e-05 0.8 0.8 0.8
vn 0.00997505 0.00312047 -0.999945
v 0.0203882 0.0173379 1.98602e-05 0.8 0.8 0.8
vn 0.00831501 0.00542983 -0.999951
v 0.0185163 0.0195284 1.98602e-05 0.8 0.8 0.8
vn 0.00621136 0.00770287 -0.999951
v 0.0159719 0.0211048 1.98602e-05 0.8 0.8 0.8
vn 0.00393707 0.00969016 -0.999945
v 0.0125123 0.0221318 1.98602e-05 0.8 0.8 0.8
vn 0.00178519 0.0112391 -0.999935
v 0.00721975 0.0226393 1.98602e-05 0.8 0.8 0.8
vn 0.000241746 0.0123785 -0.999923
v -0.00721974 0.0226393 1.98602e-05 0.8 0.8 0.8
vn -0.000357216 0.0108179 -0.999941
v -0.0125123 0.0221318 1.98602e-05 0.8 0.8 0.8
vn -0.00203612 0.0105452 -0.999942
v -0.0159719 0.0211048 1.98602e-05 0.8 0.8 0.8
vn -0.00426247 0.00921724 -0.999948
v -0.0185162 0.0195284 1.98602e-05 0.8 0.8 0.8
vn -0.00658768 0.007302 -0.999952
v -0.0203882 0.0173379 1.98602e-05 0.8 0.8 0.8
vn -0.00874543 0.00507762 -0.999949
v -0.0216846 0.0143838 1.98602e-05 0.8 0.8 0.8
vn -0.0105201 0.00282742 -0.999941
v -0.0224494 0.0102336 1.98602e-05 0.8 0.8 0.8
vn -0.0121342 0.000727104 -0.999926
v -0.0227025 -7.61856e-10 1.98602e-05 0.8 0.8 0.8
vn -0.0116728 -5.13744e-05 -0.999932
v -0.0224494 -0.0102336 1.98602e-05 0.8 0.8 0.8
vn -0.0107179 -0.000893605 -0.999942
v -0.0216846 -0.0143838 1.98602e-05 0.8 0.8 0.8
vn -0.00997505 -0.00312047 -0.999945
v -0.0203882 -0.0173379 1.98602e-05 0.8 0.8 0.8
vn -0.00831501 -0.00542983 -0.999951
v -0.0185162 -0.0195284 1.98602e-05 0.8 0.8 0.8
vn -0.00621136 -0.00770287 -0.999951
v -0.0159719 -0.0211048 1.98602e-05 0.8 0.8 0.8
vn -0.00393707 -0.00969016 -0.999945
v -0.0125123 -0.0221318 1.98602e-05 0.8 0.8 0.8
vn -0.00178519 -0.0112391 -0.999935
v -0.00721974 -0.0226393 1.98602e-05 0.8 0.8 0.8
vn -0.000241746 -0.0123785 -0.999923
v 0.00721975 -0.0226393 1.98602e-05 0.8 0.8 0.8
vn 0.000357216 -0.0108179 -0.999941
v 0.0125123 -0.0221318 1.98602e-05 0.8 0.8 0.8
vn 0.00203612 -0.0105452 -0.999942
v 0.0159719 -0.0211048 1.98602e-05 0.8 0.8 0.8
vn 0.00426247 -0.00921724 -0.999948
v 0.0185163 -0.0195284 1.98602e-05 0.8 0.8 0.8
vn 0.00658768 -0.007302 -0.999952
v 0.0203882 -0.0173379 1.98602e-05 0.8 0.8 0.8
vn 0.00874543 -0.00507762 -0.999949
v 0.0216846 -0.0143838 1.98602e-05 0.8 0.8 0.8
vn 0.0105201 -0.00282742 -0.999941
v 0.0224494 -0.0102336 1.98602e-05 0.8 0.8 0.8
vn 0.0121342 -0.000727104 -0.999926
v 0.0206207 -4.3561e-11 6.516e-06 0.8 0.8 0.8
vn 0.00439877 2.09247e-05 -0.99999
v 0.0203908 0.00929515 6.516e-06 0.8 0.8 0.8
vn 0.00401356 0.000339083 -0.999992
v 0.0196961 0.0130648 6.516e-06 0.8 0.8 0.8
vn 0.00374986 0.00118017 -0.999992
v 0.0185186 0.015748 6.516e-06 0.8 0.8 0.8
vn 0.00312659 0.00205138 -0.999993
v 0.0168183 0.0177377 6.516e-06 0.8 0.8 0.8
vn 0.00233498 0.00290887 -0.999993
v 0.0145073 0.0191695 6.516e-06 0.8 0.8 0.8
vn 0.00147888 0.00365922 -0.999992
v 0.0113649 0.0201023 6.516e-06 0.8 0.8 0.8
vn 0.000669161 0.00424711 -0.999991
v 0.0065577 0.0205633 6.516e-06 0.8 0.8 0.8
vn 8.94752e-05 0.00469186 -0.999989
v -0.00655769 0.0205633 6.516e-06 0.8 0.8 0.8
vn -0.000136304 0.00404839 -0.999992
v -0.0113649 0.0201023 6.516e-06 0.8 0.8 0.8
vn -0.000770905 0.00396187 -0.999992
v -0.0145073 0.0191695 6.516e-06 0.8 0.8 0.8
vn -0.00161102 0.00346571 -0.999993
v -0.0168183 0.0177377 6.516e-06 0.8 0.8 0.8
vn -0.00248814 0.00274547 -0.999993
v -0.0185186 0.015748 6.516e-06 0.8 0.8 0.8
vn -0.00330234 0.0019082 -0.999993
v -0.0196961 0.0130648 6.516e-06 0.8 0.8 0.8
vn -0.00397338 0.00106125 -0.999992
v -0.0203908 0.00929515 6.516e-06 0.8 0.8 0.8
vn -0.00459716 0.000271745 -0.999989
v -0.0206207 -7.35729e-10 6.516e-06 0.8 0.8 0.8
vn -0.00439877 -2.09247e-05 -0.99999
v -0.0203908 -0.00929515 6.516e-06 0.8 0.8 0.8
vn -0.00401356 -0.000339083 -0.999992
v -0.0196961 -0.0130648 6.516e-06 0.8 0.8 0.8
vn -0.00374986 -0.00118017 -0.999992
v -0.0185186 -0.015748 6.516e-06 0.8 0.8 0.8
vn -0.00312659 -0.00205138 -0.999993
v -0.0168183 -0.0177377 6.516e-06 0.8 0.8 0.8
vn -0.00233498 -0.00290887 -0.999993
v -0.0145073 -0.0191695 6.516e-06 0.8 0.8 0.8
vn -0.00147888 -0.00365922 -0.999992
v -0.0113649 -0.0201023 6.516e-06 0.8 0.8 0.8
vn -0.000669161 -0.00424711 -0.999991
v -0.00655769 -0.0205633 6.516e-06 0.8 0.8 0.8
vn -8.94752e-05 -0.00469186 -0.999989
v 0.0065577 -0.0205633 6.516e-06 0.8 0.8 0.8
vn 0.000136304 -0.00404839 -0.999992
v 0.0113649 -0.0201023 6.516e-06 0.8 0.8 0.8
vn 0.000770905 -0.00396187 -0.999992
v 0.0145073 -0.0191695 6.516e-06 0.8 0.8 0.8
vn 0.00161102 -0.00346571 -0.999993
v 0.0168183 -0.0177377 6.516e-06 0.8 0.8 0.8
vn 0.00248814 -0.00274547 -0.999993
v 0.0185186 -0.015748 6.516e-06 0.8 0.8 0.8
vn 0.00330234 -0.0019082 -0.999993
v 0.0196961 -0.0130648 6.516e-06 0.8 0.8 0.8
vn 0.00397338 -0.00106125 -0.999992
v 0.0203908 -0.00929515 6.516e-06 0.8 0.8 0.8
vn 0.00459716 -0.000271745 -0.999989
v 0.018553 -8.70162e-11 1.89807e-06 0.8 0.8 0.8
vn 0.00149112 7.7172e-06 -0.999999
v 0.0183462 0.00836312 1.89807e-06 0.8 0.8 0.8
vn 0.00135146 0.000115966 -0.999999
v 0.0177212 0.0117548 1.89807e-06 0.8 0.8 0.8
vn 0.00126776 0.000401836 -0.999999
v 0.0166617 0.0141689 1.89807e-06 0.8 0.8 0.8
vn 0.00105723 0.000697522 -0.999999
v 0.0151319 0.0159591 1.89807e-06 0.8 0.8 0.8
vn 0.000789243 0.0009885 -0.999999
v 0.0130527 0.0172474 1.89807e-06 0.8 0.8 0.8
vn 0.000499364 0.00124331 -0.999999
v 0.0102253 0.0180866 1.89807e-06 0.8 0.8 0.8
vn 0.000225345 0.00144397 -0.999999
v 0.00590015 0.0185014 1.89807e-06 0.8 0.8 0.8
vn 2.96582e-05 0.00159993 -0.999999
v -0.00590015 0.0185014 1.89807e-06 0.8 0.8 0.8
vn -4.69216e-05 0.00136228 -0.999999
v -0.0102253 0.0180866 1.89807e-06 0.8 0.8 0.8
vn -0.000262851 0.00133866 -0.999999
v -0.0130527 0.0172474 1.89807e-06 0.8 0.8 0.8
vn -0.000548084 0.00117191 -0.999999
v -0.0151319 0.0159591 1.89807e-06 0.8 0.8 0.8
vn -0.000845726 0.000928233 -0.999999
v -0.0166617 0.0141689 1.89807e-06 0.8 0.8 0.8
vn -0.00112207 0.000644729 -0.999999
v -0.0177212 0.0117548 1.89807e-06 0.8 0.8 0.8
vn -0.00135026 0.000357997 -0.999999
v -0.0183462 0.00836311 1.89807e-06 0.8 0.8 0.8
vn -0.00156698 9.11504e-05 -0.999999
v -0.018553 -7.0978e-10 1.89807e-06 0.8 0.8 0.8
vn -0.00149112 -7.7172e-06 -0.999999
v -0.0183462 -0.00836312 1.89807e-06 0.8 0.8 0.8
vn -0.00135146 -0.000115966 -0.999999
v -0.0177212 -0.0117548 1.89807e-06 0.8 0.8 0.8
vn -0.00126776 -0.000401836 -0.999999
v -0.0166617 -0.0141689 1.89807e-06 0.8 0.8 0.8
vn -0.00105723 -0.000697522 -0.999999
v -0.0151319 -0.0159591 1.89807e-06 0.8 0.8 0.8
vn -0.000789243 -0.0009885 -0.999999
v -0.0130527 -0.0172474 1.89807e-06 0.8 0.8 0.8
vn -0.000499364 -0.00124331 -0.999999
v -0.0102253 -0.0180867 1.89807e-06 0.8 0.8 0.8
vn -0.000225345 -0.00144397 -0.999999
v -0.00590015 -0.0185014 1.89807e-06 0.8 0.8 0.8
vn -2.96582e-05 -0.00159993 -0.999999
v 0.00590015 -0.0185014 1.89807e-06 0.8 0.8 0.8
vn 4.69216e-05 -0.00136228 -0.999999
v 0.0102253 -0.0180866 1.89807e-06 0.8 0.8 0.8
vn 0.000262851 -0.00133866 -0.999999
v 0.0130527 -0.0172474 1.89807e-06 0.8 0.8 0.8
vn 0.000548084 -0.00117191 -0.999999
v 0.0151319 -0.0159591 1.89807e-06 0.8 0.8 0.8
vn 0.000845726 -0.000928233 -0.999999
v 0.0166617 -0.0141689 1.89807e-06 0.8 0.8 0.8
vn 0.00112207 -0.000644729 -0.999999
v 0.0177212 -0.0117548 1.89807e-06 0.8 0.8 0.8
vn 0.00135026 -0.000357997 -0.999999
v 0.0183462 -0.00836312 1.89807e-06 0.8 0.8 0.8
vn 0.00156698 -9.11504e-05 -0.999999
v 0.01649 -1.30373e-10 4.75001e-07 0.8 0.8 0.8
vn 0.000447608 2.53568e-06 -1
v 0.0163062 0.00743319 4.75001e-07 0.8 0.8 0.8
vn 0.000402651 3.51853e-05 -1
v 0.0157507 0.0104477 4.75001e-07 0.8 0.8 0.8
vn 0.000379407 0.00012126 -1
v 0.0148091 0.0125934 4.75001e-07 0.8 0.8 0.8
vn 0.000316447 0.000210141 -1
v 0.0134494 0.0141846 4.75001e-07 0.8 0.8 0.8
vn 0.000236113 0.000297582 -1
v 0.0116013 0.0153296 4.75001e-07 0.8 0.8 0.8
vn 0.000149205 0.000374211 -1
v 0.00908835 0.0160755 4.75001e-07 0.8 0.8 0.8
vn 6.71106e-05 0.000434877 -1
v 0.0052441 0.0164441 4.75001e-07 0.8 0.8 0.8
vn 8.66335e-06 0.000483362 -1
v -0.00524409 0.0164441 4.75001e-07 0.8 0.8 0.8
vn -1.4344e-05 0.000405581 -1
v -0.00908834 0.0160755 4.75001e-07 0.8 0.8 0.8
vn -7.94521e-05 0.000400379 -1
v -0.0116013 0.0153296 4.75001e-07 0.8 0.8 0.8
vn -0.000165228 0.000350784 -1
v -0.0134494 0.0141846 4.75001e-07 0.8 0.8 0.8
vn -0.000254676 0.000277785 -1
v -0.0148091 0.0125934 4.75001e-07 0.8 0.8 0.8
vn -0.000337734 0.000192783 -1
v -0.0157507 0.0104477 4.75001e-07 0.8 0.8 0.8
vn -0.000406455 0.000106839 -1
v -0.0163062 0.00743319 4.75001e-07 0.8 0.8 0.8
vn -0.000473203 2.7012e-05 -1
v -0.01649 -6.83889e-10 4.75001e-07 0.8 0.8 0.8
vn -0.000447608 -2.53568e-06 -1
v -0.0163062 -0.00743319 4.75001e-07 0.8 0.8 0.8
vn -0.000402651 -3.51853e-05 -1
v -0.0157507 -0.0104477 4.75001e-07 0.8 0.8 0.8
vn -0.000379407 -0.00012126 -1
v -0.0148091 -0.0125934 4.75001e-07 0.8 0.8 0.8
vn -0.000316447 -0.000210141 -1
v -0.0134494 -0.0141846 4.75001e-07 0.8 0.8 0.8
vn -0.000236113 -0.000297582 -1
v -0.0116013 -0.0153296 4.75001e-07 0.8 0.8 0.8
vn -0.000149205 -0.000374211 -1
v -0.00908834 -0.0160755 4.75001e-07 0.8 0.8 0.8
vn -6.71106e-05 -0.000434877 -1
v -0.00524409 -0.0164441 4.75001e-07 0.8 0.8 0.8
vn -8.66335e-06 -0.000483362 -1
v 0.0052441 -0.0164441 4.75001e-07 0.8 0.8 0.8
vn 1.4344e-05 -0.000405581 -1
v 0.00908835 -0.0160755 4.75001e-07 0.8 0.8 0.8
vn 7.94521e-05 -0.000400379 -1
v 0.0116013 -0.0153296 4.75001e-07 0.8 0.8 0.8
vn 0.000165228 -0.000350784 -1
v 0.0134494 -0.0141846 4.75001e-07 0.8 0.8 0.8
vn 0.000254676 -0.000277785 -1
v 0.0148091 -0.0125934 4.75001e-07 0.8 0.8 0.8
vn 0.000337734 -0.000192783 -1
v 0.0157507 -0.0104477 4.75001e-07 0.8 0.8 0.8
vn 0.000406455 -0.000106839 -1
v 0.0163062 -0.00743319 4.75001e-07 0.8 0.8 0.8
vn 0.000473203 -2.7012e-05 -1
v 0.0144284 -1.73701e-10 9.53435e-08 0.8 0.8 0.8
vn 0.000115937 7.23044e-07 -1
v 0.0142676 0.00650388 9.53435e-08 0.8 0.8 0.8
vn 0.000103407 9.23015e-06 -1
v 0.0137815 0.00914155 9.53435e-08 0.8 0.8 0.8
vn 9.79319e-05 3.16036e-05 -1
v 0.0129576 0.011019 9.53435e-08 0.8 0.8 0.8
vn 8.16904e-05 5.46603e-05 -1
v 0.0117679 0.0124112 9.53435e-08 0.8 0.8 0.8
vn 6.09136e-05 7.73354e-05 -1
v 0.0101509 0.013413 9.53435e-08 0.8 0.8 0.8
vn 3.84341e-05 9.72208e-05 -1
v 0.00795211 0.0140657 9.53435e-08 0.8 0.8 0.8
vn 1.72192e-05 0.000113055 -1
v 0.00458847 0.0143883 9.53435e-08 0.8 0.8 0.8
vn 2.17103e-06 0.000126084 -1
v -0.00458846 0.0143883 9.53435e-08 0.8 0.8 0.8
vn -3.79542e-06 0.000104073 -1
v -0.0079521 0.0140657 9.53435e-08 0.8 0.8 0.8
vn -2.07483e-05 0.000103274 -1
v -0.0101509 0.013413 9.53435e-08 0.8 0.8 0.8
vn -4.30116e-05 9.05602e-05 -1
v -0.0117679 0.0124112 9.53435e-08 0.8 0.8 0.8
vn -6.62092e-05 7.16929e-05 -1
v -0.0129576 0.011019 9.53435e-08 0.8 0.8 0.8
vn -8.77506e-05 4.9705e-05 -1
v -0.0137815 0.00914155 9.53435e-08 0.8 0.8 0.8
vn -0.000105611 2.74816e-05 -1
v -0.0142676 0.00650388 9.53435e-08 0.8 0.8 0.8
vn -0.000123379 6.88901e-06 -1
v -0.0144284 -6.58016e-10 9.53435e-08 0.8 0.8 0.8
vn -0.000115937 -7.23044e-07 -1
v -0.0142676 -0.00650388 9.53435e-08 0.8 0.8 0.8
vn -0.000103407 -9.23015e-06 -1
v -0.0137815 -0.00914155 9.53435e-08 0.8 0.8 0.8
vn -9.79319e-05 -3.16036e-05 -1
v -0.0129576 -0.011019 9.53435e-08 0.8 0.8 0.8
vn -8.16904e-05 -5.46603e-05 -1
v -0.0117679 -0.0124112 9.53435e-08 0.8 0.8 0.8
vn -6.09136e-05 -7.73354e-05 -1
v -0.0101509 -0.013413 9.53435e-08 0.8 0.8 0.8
vn -3.84341e-05 -9.72208e-05 -1
v -0.0079521 -0.0140657 9.53435e-08 0.8 0.8 0.8
vn -1.72192e-05 -0.000113055 -1
v -0.00458846 -0.0143883 9.53435e-08 0.8 0.8 0.8
vn -2.17103e-06 -0.000126084 -1
v 0.00458847 -0.0143883 9.53435e-08 0.8 0.8 0.8
vn 3.79542e-06 -0.000104073 -1
v 0.00795211 -0.0140657 9.53435e-08 0.8 0.8 0.8
vn 2.07483e-05 -0.000103274 -1
v 0.0101509 -0.013413 9.53435e-08 0.8 0.8 0.8
vn 4.30116e-05 -9.05602e-05 -1
v 0.0117679 -0.0124112 9.53435e-08 0.8 0.8 0.8
vn 6.62092e-05 -7.16929e-05 -1
v 0.0129576 -0.011019 9.53435e-08 0.8 0.8 0.8
vn 8.77506e-05 -4.9705e-05 -1
v 0.0137815 -0.00914155 9.53435e-08 0.8 0.8 0.8
vn 0.000105611 -2.74816e-05 -1
v 0.0142676 -0.00650388 9.53435e-08 0.8 0.8 0.8
vn 0.000123379 -6.88901e-06 -1
v 0.0123672 -2.17022e-10 1.10701e-08 0.8 0.8 0.8
vn 2.49413e-05 1.72119e-07 -1
v 0.0122293 0.00557472 1.10701e-08 0.8 0.8 0.8
vn 2.20325e-05 2.01587e-06 -1
v 0.0118127 0.00783557 1.10701e-08 0.8 0.8 0.8
vn 2.09848e-05 6.84844e-06 -1
v 0.0111065 0.00944479 1.10701e-08 0.8 0.8 0.8
vn 1.75059e-05 1.18171e-05 -1
v 0.0100867 0.0106381 1.10701e-08 0.8 0.8 0.8
vn 1.30431e-05 1.6701e-05 -1
v 0.00870071 0.0114968 1.10701e-08 0.8 0.8 0.8
vn 8.21463e-06 2.0987e-05 -1
v 0.00681606 0.0120563 1.10701e-08 0.8 0.8 0.8
vn 3.66286e-06 2.44205e-05 -1
v 0.00393295 0.0123327 1.10701e-08 0.8 0.8 0.8
vn 4.48693e-07 2.73309e-05 -1
v -0.00393295 0.0123327 1.10701e-08 0.8 0.8 0.8
vn -8.37076e-07 2.2154e-05 -1
v -0.00681605 0.0120563 1.10701e-08 0.8 0.8 0.8
vn -4.50669e-06 2.21133e-05 -1
v -0.0087007 0.0114968 1.10701e-08 0.8 0.8 0.8
vn -9.3074e-06 1.94086e-05 -1
v -0.0100867 0.0106381 1.10701e-08 0.8 0.8 0.8
vn -1.43046e-05 1.53588e-05 -1
v -0.0111065 0.00944478 1.10701e-08 0.8 0.8 0.8
vn -1.89448e-05 1.06352e-05 -1
v -0.0118127 0.00783557 1.10701e-08 0.8 0.8 0.8
vn -2.28006e-05 5.86362e-06 -1
v -0.0122293 0.00557472 1.10701e-08 0.8 0.8 0.8
vn -2.6733e-05 1.45463e-06 -1
v -0.0123671 -6.32147e-10 1.10701e-08 0.8 0.8 0.8
vn -2.49413e-05 -1.72119e-07 -1
v -0.0122293 -0.00557472 1.10701e-08 0.8 0.8 0.8
vn -2.20325e-05 -2.01587e-06 -1
v -0.0118127 -0.00783557 1.10701e-08 0.8 0.8 0.8
vn -2.09848e-05 -6.84844e-06 -1
v -0.0111065 -0.00944479 1.10701e-08 0.8 0.8 0.8
vn -1.75059e-05 -1.18171e-05 -1
v -0.0100867 -0.0106381 1.10701e-08 0.8 0.8 0.8
vn -1.30431e-05 -1.6701e-05 -1
v -0.0087007 -0.0114968 1.10701e-08 0.8 0.8 0.8
vn -8.21463e-06 -2.0987e-05 -1
v -0.00681605 -0.0120563 1.10701e-08 0.8 0.8 0.8
vn -3.66286e-06 -2.44205e-05 -1
v -0.00393295 -0.0123327 1.10701e-08 0.8 0.8 0.8
vn -4.48693e-07 -2.73309e-05 -1
v 0.00393295 -0.0123327 1.10701e-08 0.8 0.8 0.8
vn 8.37076e-07 -2.2154e-05 -1
v 0.00681606 -0.0120563 1.10701e-08 0.8 0.8 0.8
vn 4.50669e-06 -2.21133e-05 -1
v 0.00870071 -0.0114968 1.10701e-08 0.8 0.8 0.8
vn 9.3074e-06 -1.94086e-05 -1
v 0.0100867 -0.0106381 1.10701e-08 0.8 0.8 0.8
vn 1.43046e-05 -1.53588e-05 -1
v 0.0111065 -0.00944479 1.10701e-08 0.8 0.8 0.8
vn 1.89448e-05 -1.06352e-05 -1
v 0.0118127 -0.00783557 1.10701e-08 0.8 0.8 0.8
vn 2.28006e-05 -5.86362e-06 -1
v 0.0122293 -0.00557472 1.10701e-08 0.8 0.8 0.8
vn 2.6733e-05 -1.45463e-06 -1
v 0.010306 -2.60341e-10 -3.60987e-09 0.8 0.8 0.8
vn 4.21329e-06 3.22911e-08 -1
v 0.0101911 0.0046456 -3.60987e-09 0.8 0.8 0.8
vn 3.68331e-06 3.46722e-07 -1
v 0.00984388 0.00652964 -3.60987e-09 0.8 0.8 0.8
vn 3.52953e-06 1.16678e-06 -1
v 0.00925538 0.00787065 -3.60987e-09 0.8 0.8 0.8
vn 2.94425e-06 2.00767e-06 -1
v 0.00840559 0.00886507 -3.60987e-09 0.8 0.8 0.8
vn 2.19146e-06 2.83363e-06 -1
v 0.00725058 0.00958069 -3.60987e-09 0.8 0.8 0.8
vn 1.37713e-06 3.55883e-06 -1
v 0.00568004 0.0100469 -3.60987e-09 0.8 0.8 0.8
vn 6.10546e-07 4.14321e-06 -1
v 0.00327746 0.0102773 -3.60987e-09 0.8 0.8 0.8
vn 7.21988e-08 4.65269e-06 -1
v -0.00327745 0.0102773 -3.60987e-09 0.8 0.8 0.8
vn -1.45567e-07 3.69997e-06 -1
v -0.00568004 0.0100469 -3.60987e-09 0.8 0.8 0.8
vn -7.69955e-07 3.71658e-06 -1
v -0.00725057 0.00958069 -3.60987e-09 0.8 0.8 0.8
vn -1.58306e-06 3.26482e-06 -1
v -0.00840558 0.00886507 -3.60987e-09 0.8 0.8 0.8
vn -2.42839e-06 2.58213e-06 -1
v -0.00925537 0.00787065 -3.60987e-09 0.8 0.8 0.8
vn -3.21315e-06 1.78529e-06 -1
v -0.00984387 0.00652964 -3.60987e-09 0.8 0.8 0.8
vn -3.86653e-06 9.80958e-07 -1
v -0.0101911 0.0046456 -3.60987e-09 0.8 0.8 0.8
vn -4.5492e-06 2.40264e-07 -1
v -0.0103059 -6.06278e-10 -3.60987e-09 0.8 0.8 0.8
vn -4.21329e-06 -3.22911e-08 -1
v -0.0101911 -0.0046456 -3.60987e-09 0.8 0.8 0.8
vn -3.68331e-06 -3.46722e-07 -1
v -0.00984387 -0.00652964 -3.60987e-09 0.8 0.8 0.8
vn -3.52953e-06 -1.16678e-06 -1
v -0.00925537 -0.00787065 -3.60987e-09 0.8 0.8 0.8
vn -2.94425e-06 -2.00767e-06 -1
v -0.00840558 -0.00886507 -3.60987e-09 0.8 0.8 0.8
vn -2.19146e-06 -2.83363e-06 -1
v -0.00725057 -0.00958069 -3.60987e-09 0.8 0.8 0.8
vn -1.37713e-06 -3.55883e-06 -1
v -0.00568004 -0.0100469 -3.60987e-09 0.8 0.8 0.8
vn -6.10546e-07 -4.14321e-06 -1
v -0.00327745 -0.0102773 -3.60987e-09 0.8 0.8 0.8
vn -7.21988e-08 -4.65269e-06 -1
v 0.00327746 -0.0102773 -3.60987e-09 0.8 0.8 0.8
vn 1.45567e-07 -3.69997e-06 -1
v 0.00568004 -0.0100469 -3.60987e-09 0.8 0.8 0.8
vn 7.69955e-07 -3.71658e-06 -1
v 0.00725058 -0.00958069 -3.60987e-09 0.8 0.8 0.8
vn 1.58306e-06 -3.26482e-06 -1
v 0.00840559 -0.00886507 -3.60987e-09 0.8 0.8 0.8
vn 2.42839e-06 -2.58213e-06 -1
v 0.00925538 -0.00787065 -3.60987e-09 0.8 0.8 0.8
vn 3.21315e-06 -1.78529e-06 -1
v 0.00984388 -0.00652964 -3.60987e-09 0.8 0.8 0.8
vn 3.86653e-06 -9.80958e-07 -1
v 0.0101911 -0.0046456 -3.60987e-09 0.8 0.8 0.8
vn 4.5492e-06 -2.40264e-07 -1
v 0.00824476 -3.03661e-10 -5.44217e-09 0.8 0.8 0.8
vn 5.12804e-07 4.36843e-09 -1
v 0.00815286 0.00371648 -5.44217e-09 0.8 0.8 0.8
vn 4.43751e-07 4.31252e-08 -1
v 0.0078751 0.00522371 -5.44217e-09 0.8 0.8 0.8
vn 4.27661e-07 1.43422e-07 -1
v 0.0074043 0.00629652 -5.44217e-09 0.8 0.8 0.8
vn 3.5663e-07 2.45952e-07 -1
v 0.00672447 0.00709206 -5.44217e-09 0.8 0.8 0.8
vn 2.65093e-07 3.46553e-07 -1
v 0.00580047 0.00766455 -5.44217e-09 0.8 0.8 0.8
vn 1.66131e-07 4.34876e-07 -1
v 0.00454403 0.00803751 -5.44217e-09 0.8 0.8 0.8
vn 7.31459e-08 5.06366e-07 -1
v 0.00262197 0.00822181 -5.44217e-09 0.8 0.8 0.8
vn 8.28675e-09 5.70051e-07 -1
v -0.00262196 0.00822181 -5.44217e-09 0.8 0.8 0.8
vn -1.83268e-08 4.4536e-07 -1
v -0.00454403 0.00803751 -5.44217e-09 0.8 0.8 0.8
vn -9.49605e-08 4.50062e-07 -1
v -0.00580046 0.00766455 -5.44217e-09 0.8 0.8 0.8
vn -1.94199e-07 3.95583e-07 -1
v -0.00672446 0.00709206 -5.44217e-09 0.8 0.8 0.8
vn -2.97203e-07 3.12598e-07 -1
v -0.00740429 0.00629652 -5.44217e-09 0.8 0.8 0.8
vn -3.92766e-07 2.15719e-07 -1
v -0.00787509 0.00522371 -5.44217e-09 0.8 0.8 0.8
vn -4.72424e-07 1.18042e-07 -1
v -0.00815285 0.00371648 -5.44217e-09 0.8 0.8 0.8
vn -5.57279e-07 2.84588e-08 -1
v -0.00824475 -5.8041e-10 -5.44217e-09 0.8 0.8 0.8
vn -5.12804e-07 -4.36843e-09 -1
v -0.00815285 -0.00371648 -5.44217e-09 0.8 0.8 0.8
vn -4.43751e-07 -4.31252e-08 -1
v -0.00787509 -0.00522371 -5.44217e-09 0.8 0.8 0.8
vn -4.27661e-07 -1.43422e-07 -1
v -0.00740429 -0.00629652 -5.44217e-09 0.8 0.8 0.8
vn -3.5663e-07 -2.45952e-07 -1
v -0.00672446 -0.00709206 -5.44217e-09 0.8 0.8 0.8
vn -2.65093e-07 -3.46553e-07 -1
v -0.00580046 -0.00766455 -5.44217e-09 0.8 0.8 0.8
vn -1.66131e-07 -4.34876e-07 -1
v -0.00454403 -0.00803751 -5.44217e-09 0.8 0.8 0.8
vn -7.31459e-08 -5.06366e-07 -1
v -0.00262196 -0.00822181 -5.44217e-09 0.8 0.8 0.8
vn -8.28675e-09 -5.70051e-07 -1
v 0.00262197 -0.00822181 -5.44217e-09 0.8 0.8 0.8
vn 1.83268e-08 -4.4536e-07 -1
v 0.00454403 -0.00803751 -5.44217e-09 0.8 0.8 0.8
vn 9.49605e-08 -4.50062e-07 -1
v 0.00580047 -0.00766455 -5.44217e-09 0.8 0.8 0.8
vn 1.94199e-07 -3.95583e-07 -1
v 0.00672447 -0.00709206 -5.44217e-09 0.8 0.8 0.8
vn 2.97203e-07 -3.12598e-07 -1
v 0.0074043 -0.00629652 -5.44217e-09 0.8 0.8 0.8
vn 3.92766e-07 -2.15719e-07 -1
v 0.0078751 -0.00522371 -5.44217e-09 0.8 0.8 0.8
vn 4.72424e-07 -1.18042e-07 -1
v 0.00815286 -0.00371648 -5.44217e-09 0.8 0.8 0.8
vn 5.57279e-07 -2.84588e-08 -1
v 0.00618357 -3.4698e-10 -5.58288e-09 0.8 0.8 0.8
vn 3.9007e-08 3.68457e-10 -1
v 0.00611465 0.00278736 -5.58288e-09 0.8 0.8 0.8
vn 3.3507e-08 3.37123e-09 -1
v 0.00590633 0.00391778 -5.58288e-09 0.8 0.8 0.8
vn 3.24028e-08 1.10372e-08 -1
v 0.00555323 0.00472239 -5.58288e-09 0.8 0.8 0.8
vn 2.69946e-08 1.88469e-08 -1
v 0.00504335 0.00531904 -5.58288e-09 0.8 0.8 0.8
vn 2.00277e-08 2.64956e-08 -1
v 0.00435035 0.00574841 -5.58288e-09 0.8 0.8 0.8
vn 1.25074e-08 3.32015e-08 -1
v 0.00340803 0.00602813 -5.58288e-09 0.8 0.8 0.8
vn 5.46001e-09 3.863e-08 -1
v 0.00196648 0.00616636 -5.58288e-09 0.8 0.8 0.8
vn 5.87182e-10 4.34857e-08 -1
v -0.00196647 0.00616636 -5.58288e-09 0.8 0.8 0.8
vn -1.45185e-09 3.36142e-08 -1
v -0.00340802 0.00602813 -5.58288e-09 0.8 0.8 0.8
vn -7.33845e-09 3.40983e-08 -1
v -0.00435034 0.00574841 -5.58288e-09 0.8 0.8 0.8
vn -1.4907e-08 2.99613e-08 -1
v -0.00504335 0.00531904 -5.58288e-09 0.8 0.8 0.8
vn -2.27451e-08 2.36422e-08 -1
v -0.00555322 0.00472239 -5.58288e-09 0.8 0.8 0.8
vn -3.00053e-08 1.62739e-08 -1
v -0.00590632 0.00391778 -5.58288e-09 0.8 0.8 0.8
vn -3.6051e-08 8.85943e-09 -1
v -0.00611464 0.00278736 -5.58288e-09 0.8 0.8 0.8
vn -4.25261e-08 2.0932e-09 -1
v -0.00618356 -5.54542e-10 -5.58288e-09 0.8 0.8 0.8
vn -3.9007e-08 -3.68457e-10 -1
v -0.00611464 -0.00278736 -5.58288e-09 0.8 0.8 0.8
vn -3.3507e-08 -3.37123e-09 -1
v -0.00590632 -0.00391778 -5.58288e-09 0.8 0.8 0.8
vn -3.24028e-08 -1.10372e-08 -1
v -0.00555322 -0.00472239 -5.58288e-09 0.8 0.8 0.8
vn -2.69946e-08 -1.88469e-08 -1
v -0.00504335 -0.00531904 -5.58288e-09 0.8 0.8 0.8
vn -2.00277e-08 -2.64956e-08 -1
v -0.00435034 -0.00574841 -5.58288e-09 0.8 0.8 0.8
vn -1.25074e-08 -3.32015e-08 -1
v -0.00340802 -0.00602814 -5.58288e-09 0.8 0.8 0.8
vn -5.46001e-09 -3.863e-08 -1
v -0.00196647 -0.00616636 -5.58288e-09 0.8 0.8 0.8
vn -5.87182e-10 -4.34857e-08 -1
v 0.00196648 -0.00616636 -5.58288e-09 0.8 0.8 0.8
vn 1.45185e-09 -3.36142e-08 -1
v 0.00340803 -0.00602814 -5.58288e-09 0.8 0.8 0.8
vn 7.33845e-09 -3.40983e-08 -1
v 0.00435035 -0.00574841 -5.58288e-09 0.8 0.8 0.8
vn 1.4907e-08 -2.99613e-08 -1
v 0.00504335 -0.00531904 -5.58288e-09 0.8 0.8 0.8
vn 2.27451e-08 -2.36422e-08 -1
v 0.00555323 -0.00472239 -5.58288e-09 0.8 0.8 0.8
vn 3.00053e-08 -1.62739e-08 -1
v 0.00590633 -0.00391778 -5.58288e-09 0.8 0.8 0.8
vn 3.6051e-08 -8.85943e-09 -1
v 0.00611465 -0.00278736 -5.58288e-09 0.8 0.8 0.8
vn 4.25261e-08 -2.0932e-09 -1
v 0.00412238 -3.90299e-10 -5.58789e-09 0.8 0.8 0.8
vn 1.42634e-09 1.49766e-11 -1
v 0.00407643 0.00185824 -5.58789e-09 0.8 0.8 0.8
vn 1.22696e-09 1.28429e-10 -1
v 0.00393755 0.00261185 -5.58789e-09 0.8 0.8 0.8
vn 1.18237e-09 4.09922e-10 -1
v 0.00370215 0.00314826 -5.58789e-09 0.8 0.8 0.8
vn 9.82386e-10 6.95506e-10 -1
v 0.00336224 0.00354603 -5.58789e-09 0.8 0.8 0.8
vn 7.26453e-10 9.74176e-10 -1
v 0.00290023 0.00383227 -5.58789e-09 0.8 0.8 0.8
vn 4.51314e-10 1.2173e-09 -1
v 0.00227202 0.00401876 -5.58789e-09 0.8 0.8 0.8
vn 1.94642e-10 1.4119e-09 -1
v 0.00131099 0.00411091 -5.58789e-09 0.8 0.8 0.8
vn 1.95235e-11 1.57907e-09 -1
v -0.00131098 0.00411091 -5.58789e-09 0.8 0.8 0.8
vn -5.62112e-11 1.23218e-09 -1
v -0.00227201 0.00401876 -5.58789e-09 0.8 0.8 0.8
vn -2.74251e-10 1.24602e-09 -1
v -0.00290023 0.00383227 -5.58789e-09 0.8 0.8 0.8
vn -5.51563e-10 1.09184e-09 -1
v -0.00336223 0.00354603 -5.58789e-09 0.8 0.8 0.8
vn -8.37667e-10 8.59088e-10 -1
v -0.00370215 0.00314826 -5.58789e-09 0.8 0.8 0.8
vn -1.10162e-09 5.88982e-10 -1
v -0.00393754 0.00261185 -5.58789e-09 0.8 0.8 0.8
vn -1.31992e-09 3.18264e-10 -1
v -0.00407643 0.00185824 -5.58789e-09 0.8 0.8 0.8
vn -1.54672e-09 7.29794e-11 -1
v -0.00412237 -5.28674e-10 -5.58789e-09 0.8 0.8 0.8
vn -1.42634e-09 -1.49766e-11 -1
v -0.00407643 -0.00185824 -5.58789e-09 0.8 0.8 0.8
vn -1.22696e-09 -1.28429e-10 -1
v -0.00393754 -0.00261185 -5.58789e-09 0.8 0.8 0.8
vn -1.18237e-09 -4.09922e-10 -1
v -0.00370215 -0.00314826 -5.58789e-09 0.8 0.8 0.8
vn -9.82386e-10 -6.95506e-10 -1
v -0.00336223 -0.00354603 -5.58789e-09 0.8 0.8 0.8
vn -7.26453e-10 -9.74176e-10 -1
v -0.00290023 -0.00383227 -5.58789e-09 0.8 0.8 0.8
vn -4.51314e-10 -1.2173e-09 -1
v -0.00227201 -0.00401876 -5.58789e-09 0.8 0.8 0.8
vn -1.94642e-10 -1.4119e-09 -1
v -0.00131098 -0.00411091 -5.58789e-09 0.8 0.8 0.8
vn -1.95235e-11 -1.57907e-09 -1
v 0.00131099 -0.00411091 -5.58789e-09 0.8 0.8 0.8
vn 5.62112e-11 -1.23218e-09 -1
v 0.00227202 -0.00401876 -5.58789e-09 0.8 0.8 0.8
vn 2.74251e-10 -1.24602e-09 -1
v 0.00290023 -0.00383227 -5.58789e-09 0.8 0.8 0.8
vn 5.51563e-10 -1.09184e-09 -1
v 0.00336224 -0.00354603 -5.58789e-09 0.8 0.8 0.8
vn 8.37667e-10 -8.59088e-10 -1
v 0.00370215 -0.00314826 -5.58789e-09 0.8 0.8 0.8
vn 1.10162e-09 -5.88982e-10 -1
v 0.00393755 -0.00261185 -5.58789e-09 0.8 0.8 0.8
vn 1.31992e-09 -3.18264e-10 -1
v 0.00407643 -0.00185824 -5.58789e-09 0.8 0.8 0.8
vn 1.54672e-09 -7.29794e-11 -1
v 0.00206119 -4.33618e-10 -5.58794e-09 0.8 0.8 0.8
vn 1.42973e-11 1.76739e-13 -1
v 0.00203822 0.000929119 -5.58794e-09 0.8 0.8 0.8
vn 1.27151e-11 1.42786e-12 -1
v 0.00196878 0.00130593 -5.58794e-09 0.8 0.8 0.8
vn 1.18907e-11 4.25265e-12 -1
v 0.00185108 0.00157413 -5.58794e-09 0.8 0.8 0.8
vn 9.78717e-12 7.10175e-12 -1
v 0.00168112 0.00177301 -5.58794e-09 0.8 0.8 0.8
vn 7.17234e-12 9.85161e-12 -1
v 0.00145012 0.00191614 -5.58794e-09 0.8 0.8 0.8
vn 4.39947e-12 1.22074e-11 -1
v 0.00113601 0.00200938 -5.58794e-09 0.8 0.8 0.8
vn 1.84505e-12 1.3994e-11 -1
v 0.000655495 0.00205545 -5.58794e-09 0.8 0.8 0.8
vn 1.58963e-13 1.52241e-11 -1
v -0.000655487 0.00205545 -5.58794e-09 0.8 0.8 0.8
vn -6.45797e-13 1.28614e-11 -1
v -0.001136 0.00200938 -5.58794e-09 0.8 0.8 0.8
vn -2.88946e-12 1.26195e-11 -1
v -0.00145011 0.00191614 -5.58794e-09 0.8 0.8 0.8
vn -5.66919e-12 1.09253e-11 -1
v -0.00168111 0.00177301 -5.58794e-09 0.8 0.8 0.8
vn -8.50901e-12 8.52183e-12 -1
v -0.00185107 0.00157413 -5.58794e-09 0.8 0.8 0.8
vn -1.10942e-11 5.78285e-12 -1
v -0.00196877 0.00130593 -5.58794e-09 0.8 0.8 0.8
vn -1.3172e-11 3.07053e-12 -1
v -0.00203821 0.000929119 -5.58794e-09 0.8 0.8 0.8
vn -1.49983e-11 6.55905e-13 -1
v -0.00206119 -5.02806e-10 -5.58794e-09 0.8 0.8 0.8
vn -1.42973e-11 -1.76739e-13 -1
v -0.00203821 -0.00092912 -5.58794e-09 0.8 0.8 0.8
vn -1.27151e-11 -1.42786e-12 -1
v -0.00196877 -0.00130593 -5.58794e-09 0.8 0.8 0.8
vn -1.18907e-11 -4.25265e-12 -1
v -0.00185107 -0.00157413 -5.58794e-09 0.8 0.8 0.8
vn -9.78717e-12 -7.10175e-12 -1
v -0.00168111 -0.00177301 -5.58794e-09 0.8 0.8 0.8
vn -7.17234e-12 -9.85161e-12 -1
v -0.00145011 -0.00191614 -5.58794e-09 0.8 0.8 0.8
vn -4.39947e-12 -1.22074e-11 -1
v -0.001136 -0.00200938 -5.58794e-09 0.8 0.8 0.8
vn -1.84505e-12 -1.3994e-11 -1
v -0.000655487 -0.00205545 -5.58794e-09 0.8 0.8 0.8
vn -1.58963e-13 -1.52241e-11 -1
v 0.000655495 -0.00205545 -5.58794e-09 0.8 0.8 0.8
vn 6.45797e-13 -1.28614e-11 -1
v 0.00113601 -0.00200938 -5.58794e-09 0.8 0.8 0.8
vn 2.88946e-12 -1.26195e-11 -1
v 0.00145012 -0.00191614 -5.58794e-09 0.8 0.8 0.8
vn 5.66919e-12 -1.09253e-11 -1
v 0.00168112 -0.00177301 -5.58794e-09 0.8 0.8 0.8
vn 8.50901e-12 -8.52183e-12 -1
v 0.00185108 -0.00157413 -5.58794e-09 0.8 0.8 0.8
vn 1.10942e-11 -5.78285e-12 -1
v 0.00196878 -0.00130593 -5.58794e-09 0.8 0.8 0.8
vn 1.3172e-11 -3.07053e-12 -1
v 0.00203822 -0.00092912 -5.58794e-09 0.8 0.8 0.8
vn 1.49983e-11 -6.55905e-13 -1
v 3.83098e-09 -4.76938e-10 -5.58794e-09 0.8 0.8 0.8
vn 6.7329e-15 1.66486e-16 -1
v 3.83098e-09 -4.76938e-10 -5.58794e-09 0.8 0.8 0.8
vn 6.28114e-15 1.15753e-15 -1
v 3.83098e-09 -4.76938e-10 -5.58794e-09 0.8 0.8 0.8
vn 5.45966e-15 2.39595e-15 -1
v 3.83098e-09 -4.76938e-10 -5.58794e-09 0.8 0.8 0.8
vn 4.3419e-15 3.71038e-15 -1
v 3.83098e-09 -4.76938e-10 -5.58794e-09 0.8 0.8 0.8
vn 3.05491e-15 4.93066e-15 -1
v 3.83098e-09 -4.76938e-10 -5.58794e-09 0.8 0.8 0.8
vn 1.75554e-15 5.91401e-15 -1
v 3.83098e-09 -4.76938e-10 -5.58794e-09 0.8 0.8 0.8
vn 6.28184e-16 6.55136e-15 -1
v 3.83098e-09 -4.76938e-10 -5.58794e-09 0.8 0.8 0.8
vn -3.9443e-31 6.75169e-15 -1
v 3.83098e-09 -4.76938e-10 -5.58794e-09 0.8 0.8 0.8
vn -6.28184e-16 6.55136e-15 -1
v 3.83098e-09 -4.76938e-10 -5.58794e-09 0.8 0.8 0.8
vn -1.75554e-15 5.91401e-15 -1
v 3.83098e-09 -4.76938e-10 -5.58794e-09 0.8 0.8 0.8
vn -3.05491e-15 4.93066e-15 -1
v 3.83098e-09 -4.76938e-10 -5.58794e-09 0.8 0.8 0.8
vn -4.3419e-15 3.71038e-15 -1
v 3.83098e-09 -4.76938e-10 -5.58794e-09 0.8 0.8 0.8
vn -5.45966e-15 2.39595e-15 -1
v 3.83098e-09 -4.76938e-10 -5.58794e-09 0.8 0.8 0.8
vn -6.28114e-15 1.15753e-15 -1
v 3.83098e-09 -4.76938e-10 -5.58794e-09 0.8 0.8 0.8
vn -6.7329e-15 1.66486e-16 -1
v 3.83098e-09 -4.76938e-10 -5.58794e-09 0.8 0.8 0.8
vn -6.7329e-15 -1.66486e-16 -1
v 3.83098e-09 -4.76938e-10 -5.58794e-09 0.8 0.8 0.8
vn -6.28114e-15 -1.15753e-15 -1
v 3.83098e-09 -4.76938e-10 -5.58794e-09 0.8 0.8 0.8
vn -5.45966e-15 -2.39595e-15 -1
v 3.83098e-09 -4.76938e-10 -5.58794e-09 0.8 0.8 0.8
vn -4.3419e-15 -3.71038e-15 -1
v 3.83098e-09 -4.76938e-10 -5.58794e-09 0.8 0.8 0.8
vn -3.05491e-15 -4.93066e-15 -1
v 3.83098e-09 -4.76938e-10 -5.58794e-09 0.8 0.8 0.8
vn -1.75554e-15 -5.91401e-15 -1
v 3.83098e-09 -4.76938e-10 -5.58794e-09 0.8 0.8 0.8
vn -6.28184e-16 -6.55136e-15 -1
v 3.83098e-09 -4.76938e-10 -5.58794e-09 0.8 0.8 0.8
vn 1.97215e-30 -6.75169e-15 -1
v 3.83098e-09 -4.76938e-10 -5.58794e-09 0.8 0.8 0.8
vn 6.28184e-16 -6.55136e-15 -1
v 3.83098e-09 -4.76938e-10 -5.58794e-09 0.8 0.8 0.8
vn 1.75554e-15 -5.91401e-15 -1
v 3.83098e-09 -4.76938e-10 -5.58794e-09 0.8 0.8 0.8
vn 3.05491e-15 -4.93066e-15 -1
v 3.83098e-09 -4.76938e-10 -5.58794e-09 0.8 0.8 0.8
vn 4.3419e-15 -3.71038e-15 -1
v 3.83098e-09 -4.76938e-10 -5.58794e-09 0.8 0.8 0.8
vn 5.45966e-15 -2.39595e-15 -1
v 3.83098e-09 -4.76938e-10 -5.58794e-09 0.8 0.8 0.8
vn 6.28114e-15 -1.15753e-15 -1
v 3.83098e-09 -4.76938e-10 -5.58794e-09 0.8 0.8 0.8
vn 6.7329e-15 -1.66486e-16 -1
f 2//2 31//31 1//1
f 32//32 31//31 2//2
f 3//3 32//32 2//2
f 33//33 32//32 3//3
f 4//4 33//33 3//3
f 34//34 33//33 4//4
f 5//5 34//34 4//4
f 35//35 34//34 5//5
f 6//6 35//35 5//5
f 36//36 35//35 6//6
f 7//7 36//36 6//6
f 37//37 36//36 7//7
f 8//8 37//37 7//7
f 38//38 37//37 8//8
f 9//9 38//38 8//8
f 39//39 38//38 9//9
f 10//10 39//39 9//9
f 40//40 39//39 10//10
f 11//11 40//40 10//10
f 41//41 40//40 11//11
f 12//12 41//41 11//11
f 42//42 41//41 12//12
f 13//13 42//42 12//12
f 43//43 42//42 13//13
f 14//14 43//43 13//13
f 44//44 43//43 14//14
f 15//15 44//44 14//14
f 45//45 44//44 15//15
f 16//16 45//45 15//15
f 46//46 45//45 16//16
f 17//17 46//46 16//16
f 47//47 46//46 17//17
f 18//18 47//47 17//17
f 48//48 47//47 18//18
f 19//19 48//48 18//18
f 49//49 48//48 19//19
f 20//20 49//49 19//19
f 50//50 49//49 20//20
f 21//21 50//50 20//20
f 51//51 50//50 21//21
f 22//22 51//51 21//21
f 52//52 51//51 22//22
f 23//23 52//52 22//22
f 53//53 52//52 23//23
f 24//24 53//53 23//23
f 54//54 53//53 24//24
f 25//25 54//54 24//24
f 55//55 54//54 25//25
f 26//26 55//55 25//25
f 56//56 55//55 26//26
f 27//27 56//56 26//26
f 57//57 56//56 27//27
f 28//28 57//57 27//27
f 58//58 57//57 28//28
f 29//29 58//58 28//28
f 59//59 58//58 29//29
f 30//30 59//59 29//29
f 60//60 59//59 30//30
f 1//1 60//60 30//30
f 31//31 60//60 1//1
f 32//32 61//61 31//31
f 62//62 61//61 32//32
f 33//33 62//62 32//32
f 63//63 62//62 33//33
f 34//34 63//63 33//33
f 64//64 63//63 34//34
f 35//35 64//64 34//34
f 65//65 64//64 35//35
f 36//36 65//65 35//35
f 66//66 65//65 36//36
f 37//37 66//66 36//36
f 67//67 66//66 37//37
f 38//38 67//67 37//37
f 68//68 67//67 38//38
f 39//39 68//68 38//38
f 69//69 68//68 39//39
f 40//40 69//69 39//39
f 70//70 69//69 40//40
f 41//41 70//70 40//40
f 71//71 70//70 41//41
f 42//42 71//71 41//41
f 72//72 71//71 42//42
f 43//43 72//72 42//42
f 73//73 72//72 43//43
f 44//44 73//73 43//43
f 74//74 73//73 44//44
f 45//45 74//74 44//44
f 75//75 74//74 45//45
f 46//46 75//75 45//45
f 76//76 75//75 46//46
f 47//47 76//76 46//46
f 77//77 76//76 47//47
f 48//48 77//77 47//47
f 78//78 77//77 48//48
f 49//49 78//78 48//48
f 79//79 78//78 49//49
f 50//50 79//79 49//49
f 80//80 79//79 50//50
f 51//51 80//80 50//50
f 81//81 80//80 51//51
f 52//52 81//81 51//51
f 82//82 81//81 52//52
f 53//53 82//82 52//52
f 83//83 82//82 53//53
f 54//54 83//83 53//53
f 84//84 83//83 54//54
f 55//55 84//84 54//54
f 85//85 84//84 55//55
f 56//56 85//85 55//55
f 86//86 85//85 56//56
f 57//57 86//86 56//56
f 87//87 86//86 57//57
f 58//58 87//87 57//57
f 88//88 87//87 58//58
f 59//59 88//88 58//58
f 89//89 88//88 59//59
f 60//60 89//89 59//59
f 90//90 89//89 60//60
f 31//31 90//90 60//60
f 61//61 90//90 31//31
f 62//62 91//91 61//61
f 92//92 91//91 62//62
f 63//63 92//92 62//62
f 93//93 92//92 63//63
f 64//64 93//93 63//63
f 94//94 93//93 64//64
f 65//65 94//94 64//64
f 95//95 94//94 65//65
f 66//66 95//95 65//65
f 96//96 95//95 66//66
f 67//67 96//96 66//66
f 97//97 96//96 67//67
f 68//68 97//97 67//67
f 98//98 97//97 68//68
f 69//69 98//98 68//68
f 99//99 98//98 69//69
f 70//70 99//99 69//69
f 100//100 99//99 70//70
f 71//71 100//100 70//70
f 101//101 100//100 71//71
f 72//72 101//101 71//71
f 102//102 101//101 72//72
f 73//73 102//102 72//72
f 103//103 102//102 73//73
f 74//74 103//103 73//73
f 104//104 103//103 74//74
f 75//75 104//104 74//74
f 105//105 104//104 75//75
f 76//76 105//105 75//75
f 106//106 105//105 76//76
f 77//77 106//106 76//76
f 107//107 106//106 77//77
f 78//78 107//107 77//77
f 108//108 107//107 78//78
f 79//79 108//108 78//78
f 109//109 108//108 79//79
f 80//80 109//109 79//79
f 110//110 109//109 80//80
f 81//81 110//110 80//80
f 111//111 110//110 81//81
f 82//82 111//111 81//81
f 112//112 111//111 82//82
f 83//83 112//112 82//82
f 113//113 112//112 83//83
f 84//84 113//113 83//83
f 114//114 113//113 84//84
f 85//85 114//114 84//84
f 115//115 114//114 85//85
f 86//86 115//115 85//85
f 116//116 115//115 86//86
f 87//87 116//116 86//86
f 117//117 116//116 87//87
f 88//88 117//117 87//87
f 118//118 117//117 88//88
f 89//89 118//118 88//88
f 119//119 118//118 89//89
f 90//90 119//119 89//89
f 120//120 119//119 90//90
f 61//61 120//120 90//90
f 91//91 120//120 61//61
f 92//92 121//121 91//91
f 122//122 121//121 92//92
f 93//93 122//122 92//92
f 123//123 122//122 93//93
f 94//94 123//123 93//93
f 124//124 123//123 94//94
f 95//95 124//124 94//94
f 125//125 124//124 95//95
f 96//96 125//125 95//95
f 126//126 125//125 96//96
f 97//97 126//126 96//96
f 127//127 126//126 97//97
f 98//98 127//127 97//97
f 128//128 127//127 98//98
f 99//99 128//128 98//98
f 129//129 128//128 99//99
f 100//100 129//129 99//99
f 130//130 129//129 100//100
f 101//101 130//130 100//100
f 131//131 130//130 101//101
f 102//102 131//131 101//101
f 132//132 131//131 102//102
f 103//103 132//132 102//102
f 133//133 132//132 103//103
f 104//104 133//133 103//103
f 134//134 133//133 104//104
f 105//105 134//134 104//104
f 135//135 134//134 105//105
f 106//106 135//135 105//105
f 136//136 135//135 106//106
f 107//107 136//136 106//106
f 137//137 136//136 107//107
f 108//108 137//137 107//107
f 138//138 137//137 108//108
f 109//109 138//138 108//108
f 139//139 138//138 109//109
f 110//110 139//139 109//109
f 140//140 139//139 110//110
f 111//111 140//140 110//110
f 141//141 140//140 111//111
f 112//112 141//141 111//111
f 142//142 141//141 112//112
f 113//113 142//142 112//112
f 143//143 142//142 113//113
f 114//114 143//143 113//113
f 144//144 143//143 114//114
f 115//115 144//144 114//114
f 145//145 144//144 115//115
f 116//116 145//145 115//115
f 146//146 145//145 116//116
f 117//117 146//146 116//116
f 147//147 146//146 117//117
f 118//118 147//147 117//117
f 148//148 147//147 118//118
f 119//119 148//148 118//118
f 149//149 148//148 119//119
f 120//120 149//149 119//119
f 150//150 149//149 120//120
f 91//91 150//150 120//120
f 121//121 150//150 91//91
f 122//122 151//151 121//121
f 152//152 151//151 122//122
f 123//123 152//152 122//122
f 153//153 152//152 123//123
f 124//124 153//153 123//123
f 154//154 153//153 124//124
f 125//125 154//154 124//124
f 155//155 154//154 125//125
f 126//126 155//155 125//125
f 156//156 155//155 126//126
f 127//127 156//156 126//126
f 157//157 156//156 127//127
f 128//128 157//157 127//127
f 158//158 157//157 128//128
f 129//129 158//158 128//128
f 159//159 158//158 129//129
f 130//130 159//159 129//129
f 160//160 159//159 130//130
f 131//131 160//160 130//130
f 161//161 160//160 131//131
f 132//132 161//161 131//131
f 162//162 161//161 132//132
f 133//133 162//162 132//132
f 163//163 162//162 133//133
f 134//134 163//163 133//133
f 164//164 163//163 134//134
f 135//135 164//164 134//134
f 165//165 164//164 135//135
f 136//136 165//165 135//135
f 166//166 165//165 136//136
f 137//137 166//166 136//136
f 167//167 166//166 137//137
f 138//138 167//167 137//137
f 168//168 167//167 138//138
f 139//139 168//168 138//138
f 169//169 168//168 139//139
f 140//140 169//169 139//139
f 170//170 169//169 140//140
f 141//141 170//170 140//140
f 171//171 170//170 141//141
f 142//142 171//171 141//141
f 172//172 171//171 142//142
f 143//143 172//172 142//142
f 173//173 172//172 143//143
f 144//144 173//173 143//143
f 174//174 173//173 144//144
f 145//145 174//174 144//144
f 175//175 174//174 145//145
f 146//146 175//175 145//145
f 176//176 175//175 146//146
f 147//147 176//176 146//146
f 177//177 176//176 147//147
f 148//148 177//177 147//147
f 178//178 177//177 148//148
f 149//149 178//178 148//148
f 179//179 178//178 149//149
f 150//150 179//179 149//149
f 180//180 179//179 150//150
f 121//121 180//180 150//150
f 151//151 180//180 121//121
f 152//152 181//181 151//151
f 182//182 181//181 152//152
f 153//153 182//182 152//152
f 183//183 182//182 153//153
f 154//154 183//183 153//153
f 184//184 183//183 154//154
f 155//155 184//184 154//154
f 185//185 184//184 155//155
f 156//156 185//185 155//155
f 186//186 185//185 156//156
f 157//157 186//186 156//156
f 187//187 186//186 157//157
f 158//158 187//187 157//157
f 188//188 187//187 158//158
f 159//159 188//188 158//158
f 189//189 188//188 159//159
f 160//160 189//189 159//159
f 190//190 189//189 160//160
f 161//161 190//190 160//160
f 191//191 190//190 161//161
f 162//162 191//191 161//161
f 192//192 191//191 162//162
f 163//163 192//192 162//162
f 193//193 192//192 163//163
f 164//164 193//193 163//163
f 194//194 193//193 164//164
f 165//165 194//194 164//164
f 195//195 194//194 165//165
f 166//166 195//195 165//165
f 196//196 195//195 166//166
f 167//167 196//196 166//166
f 197//197 196//196 167//167
f 168//168 197//197 167//167
f 198//198 197//197 168//168
f 169//169 198//198 168//168
f 199//199 198//198 169//169
f 170//170 199//199 169//169
f 200//200 199//199 170//170
f 171//171 200//200 170//170
f 201//201 200//200 171//171
f 172//172 201//201 171//171
f 202//202 201//201 172//172
f 173//173 202//202 172//172
f 203//203 202//202 173//173
f 174//174 203//203 173//173
f 204//204 203//203 174//174
f 175//175 204//204 174//174
f 205//205 204//204 175//175
f 176//176 205//205 175//175
f 206//206 205//205 176//176
f 177//177 206//206 176//176
f 207//207 206//206 177//177
f 178//178 207//207 177//177
f 208//208 207//207 178//178
f 179//179 208//208 178//178
f 209//209 208//208 179//179
f 180//180 209//209 179//179
f 210//210 209//209 180//180
f 151//151 210//210 180//180
f 181//181 210//210 151//151
f 182//182 211//211 181//181
f 212//212 211//211 182//182
f 183//183 212//212 182//182
f 213//213 212//212 183//183
f 184//184 213//213 183//183
f 214//214 213//213 184//184
f 185//185 214//214 184//184
f 215//215 214//214 185//185
f 186//186 215//215 185//185
f 216//216 215//215 186//186
f 187//187 216//216 186//186
f 217//217 216//216 187//187
f 188//188 217//217 187//187
f 218//218 217//217 188//188
f 189//189 218//218 188//188
f 219//219 218//218 189//189
f 190//190 219//219 189//189
f 220//220 219//219 190//190
f 191//191 220//220 190//190
f 221//221 220//220 191//191
f 192//192 221//221 191//191
f 222//222 221//221 192//192
f 193//193 222//222 192//192
f 223//223 222//222 193//193
f 194//194 223//223 193//193
f 224//224 223//223 194//194
f 195//195 224//224 194//194
f 225//225 224//224 195//195
f 196//196 225//225 195//195
f 226//226 225//225 196//196
f 197//197 226//226 196//196
f 227//227 226//226 197//197
f 198//198 227//227 197//197
f 228//228 227//227 198//198
f 199//199 228//228 198//198
f 229//229 228//228 199//199
f 200//200 229//229 199//199
f 230//230 229//229 200//200
f 201//201 230//230 200//200
f 231//231 230//230 201//201
f 202//202 231//231 201//201
f 232//232 231//231 202//202
f 203//203 232//232 202//202
f 233//233 232//232 203//203
f 204//204 233//233 203//203
f 234//234 233//233 204//204
f 205//205 234//234 204//204
f 235//235 234//234 205//205
f 206//206 235//235 205//205
f 236//236 235//235 206//206
f 207//207 236//236 206//206
f 237//237 236//236 207//207
f 208//208 237//237 207//207
f 238//238 237//237 208//208
f 209//209 238//238 208//208
f 239//239 238//238 209//209
f 210//210 239//239 209//209
f 240//240 239//239 210//210
f 181//181 240//240 210//210
f 211//211 240//240 181//181
f 212//212 241//241 211//211
f 242//242 241//241 212//212
f 213//213 242//242 212//212
f 243//243 242//242 213//213
f 214//214 243//243 213//213
f 244//244 243//243 214//214
f 215//215 244//244 214//214
f 245//245 244//244 215//215
f 216//216 245//245 215//215
f 246//246 245//245 216//216
f 217//217 246//246 216//216
f 247//247 246//246 217//217
f 218//218 247//247 217//217
f 248//248 247//247 218//218
f 219//219 248//248 218//218
f 249//249 248//248 219//219
f 220//220 249//249 219//219
f 250//250 249//249 220//220
f 221//221 250//250 220//220
f 251//251 250//250 221//221
f 222//222 251//251 221//221
f 252//252 251//251 222//222
f 223//223 252//252 222//222
f 253//253 252//252 223//223
f 224//224 253//253 223//223
f 254//254 253//253 224//224
f 225//225 254//254 224//224
f 255//255 254//254 225//225
f 226//226 255//255 225//225
f 256//256 255//255 226//226
f 227//227 256//256 226//226
f 257//257 256//256 227//227
f 228//228 257//257 227//227
f 258//258 257//257 228//228
f 229//229 258//258 228//228
f 259//259 258//258 229//229
f 230//230 259//259 229//229
f 260//260 259//259 230//230
f 231//231 260//260 230//230
f 261//261 260//260 231//231
f 232//232 261//261 231//231
f 262//262 261//261 232//232
f 233//233 262//262 232//232
f 263//263 262//262 233//233
f 234//234 263//263 233//233
f 264//264 263//263 234//234
f 235//235 264//264 234//234
f 265//265 264//264 235//235
f 236//236 265//265 235//235
f 266//266 265//265 236//236
f 237//237 266//266 236//236
f 267//267 266//266 237//237
f 238//238 267//267 237//237
f 268//268 267//267 238//238
f 239//239 268//268 238//238
f 269//269 268//268 239//239
f 240//240 269//269 239//239
f 270//270 269//269 240//240
f 211//211 270//270 240//240
f 241//241 270//270 211//211
f 242//242 271//271 241//241
f 272//272 271//271 242//242
f 243//243 272//272 242//242
f 273//273 272//272 243//243
f 244//244 273//273 243//243
f 274//274 273//273 244//244
f 245//245 274//274 244//244
f 275//275 274//274 245//245
f 246//246 275//275 245//245
f 276//276 275//275 246//246
f 247//247 276//276 246//246
f 277//277 276//276 247//247
f 248//248 277//277 247//247
f 278//278 277//277 248//248
f 249//249 278//278 248//248
f 279//279 278//278 249//249
f 250//250 279//279 249//249
f 280//280 279//279 250//250
f 251//251 280//280 250//250
f 281//281 280//280 251//251
f 252//252 281//281 251//251
f 282//282 281//281 252//252
f 253//253 282//282 252//252
f 283//283 282//282 253//253
f 254//254 283//283 253//253
f 284//284 283//283 254//254
f 255//255 284//284 254//254
f 285//285 284//284 255//255
f 256//256 285//285 255//255
f 286//286 285//285 256//256
f 257//257 286//286 256//256
f 287//287 286//286 257//257
f 258//258 287//287 257//257
f 288//288 287//287 258//258
f 259//259 288//288 258//258
f 289//289 288//288 259//259
f 260//260 289//289 259//259
f 290//290 289//289 260//260
f 261//261 290//290 260//260
f 291//291 290//290 261//261
f 262//262 291//291 261//261
f 292//292 291//291 262//262
f 263//263 292//292 262//262
f 293//293 292//292 263//263
f 264//264 293//293 263//263
f 294//294 293//293 264//264
f 265//265 294//294 264//264
f 295//295 294//294 265//265
f 266//266 295//295 265//265
f 296//296 295//295 266//266
f 267//267 296//296 266//266
f 297//297 296//296 267//267
f 268//268 297//297 267//267
f 298//298 297//297 268//268
f 269//269 298//298 268//268
f 299//299 298//298 269//269
f 270//270 299//299 269//269
f 300//300 299//299 270//270
f 241//241 300//300 270//270
f 271//271 300//300 241//241
f 272//272 301//301 271//271
f 302//302 301//301 272//272
f 273//273 302//302 272//272
f 303//303 302//302 273//273
f 274//274 303//303 273//273
f 304//304 303//303 274//274
f 275//275 304//304 274//274
f 305//305 304//304 275//275
f 276//276 305//305 275//275
f 306//306 305//305 276//276
f 277//277 306//306 276//276
f 307//307 306//306 277//277
f 278//278 307//307 277//277
f 308//308 307//307 278//278
f 279//279 308//308 278//278
f 309//309 308//308 279//279
f 280//280 309//309 279//279
f 310//310 309//309 280//280
f 281//281 310//310 280//280
f 311//311 310//310 281//281
f 282//282 311//311 281//281
f 312//312 311//311 282//282
f 283//283 312//312 282//282
f 313//313 312//312 283//283
f 284//284 313//313 283//283
f 314//314 313//313 284//284
f 285//285 314//314 284//284
f 315//315 314//314 285//285
f 286//286 315//315 285//285
f 316//316 315//315 286//286
f 287//287 316//316 286//286
f 317//317 316//316 287//287
f 288//288 317//317 287//287
f 318//318 317//317 288//288
f 289//289 318//318 288//288
f 319//319 318//318 289//289
f 290//290 319//319 289//289
f 320//320 319//319 290//290
f 291//291 320//320 290//290
f 321//321 320//320 291//291
f 292//292 321//321 291//291
f 322//322 321//321 292//292
f 293//293 322//322 292//292
f 323//323 322//322 293//293
f 294//294 323//323 293//293
f 324//324 323//323 294//294
f 295//295 324//324 294//294
f 325//325 324//324 295//295
f 296//296 325//325 295//295
f 326//326 325//325 296//296
f 297//297 326//326 296//296
f 327//327 326//326 297//297
f 298//298 327//327 297//297
f 328//328 327//327 298//298
f 299//299 328//328 298//298
f 329//329 328//328 299//299
f 300//300 329//329 299//299
f 330//330 329//329 300//300
f 271//271 330//330 300//300
f 301//301 330//330 271//271
f 302//302 331//331 301//301
f 332//332 331//331 302//302
f 303//303 332//332 302//302
f 333//333 332//332 303//303
f 304//304 333//333 303//303
f 334//334 333//333 304//304
f 305//305 334//334 304//304
f 335//335 334//334 305//305
f 306//306 335//335 305//305
f 336//336 335//335 306//306
f 307//307 336//336 306//306
f 337//337 336//336 307//307
f 308//308 337//337 307//307
f 338//338 337//337 308//308
f 309//309 338//338 308//308
f 339//339 338//338 309//309
f 310//310 339//339 309//309
f 340//340 339//339 310//310
f 311//311 340//340 310//310
f 341//341 340//340 311//311
f 312//312 341//341 311//311
f 342//342 341//341 312//312
f 313//313 342//342 312//312
f 343//343 342//342 313//313
f 314//314 343//343 313//313
f 344//344 343//343 314//314
f 315//315 344//344 314//314
f 345//345 344//344 315//315
f 316//316 345//345 315//315
f 346//346 345//345 316//316
f 317//317 346//346 316//316
f 347//347 346//346 317//317
f 318//318 347//347 317//317
f 348//348 347//347 318//318
f 319//319 348//348 318//318
f 349//349 348//348 319//319
f 320//320 349//349 319//319
f 350//350 349//349 320//320
f 321//321 350//350 320//320
f 351//351 350//350 321//321
f 322//322 351//351 321//321
f 352//352 351//351 322//322
f 323//323 352//352 322//322
f 353//353 352//352 323//323
f 324//324 353//353 323//323
f 354//354 353//353 324//324
f 325//325 354//354 324//324
f 355//355 354//354 325//325
f 326//326 355//355 325//325
f 356//356 355//355 326//326
f 327//327 356//356 326//326
f 357//357 356//356 327//327
f 328//328 357//357 327//327
f 358//358 357//357 328//328
f 329//329 358//358 328//328
f 359//359 358//358 329//329
f 330//330 359//359 329//329
f 360//360 359//359 330//330
f 301//301 360//360 330//330
f 331//331 360//360 301//301
f 332//332 361//361 331//331
f 362//362 361//361 332//332
f 333//333 362//362 332//332
f 363//363 362//362 333//333
f 334//334 363//363 333//333
f 364//364 363//363 334//334
f 335//335 364//364 334//334
f 365//365 364//364 335//335
f 336//336 365//365 335//335
f 366//366 365//365 336//336
f 337//337 366//366 336//336
f 367//367 366//366 337//337
f 338//338 367//367 337//337
f 368//368 367//367 338//338
f 339//339 368//368 338//338
f 369//369 368//368 339//339
f 340//340 369//369 339//339
f 370//370 369//369 340//340
f 341//341 370//370 340//340
f 371//371 370//370 341//341
f 342//342 371//371 341//341
f 372//372 371//371 342//342
f 343//343 372//372 342//342
f 373//373 372//372 343//343
f 344//344 373//373 343//343
f 374//374 373//373 344//344
f 345//345 374//374 344//344
f 375//375 374//374 345//345
f 346//346 375//375 345//345
f 376//376 375//375 346//346
f 347//347 376//376 346//346
f 377//377 376//376 347//347
f 348//348 377//377 347//347
f 378//378 377//377 348//348
f 349//349 378//378 348//348
f 379//379 378//378 349//349
f 350//350 379//379 349//349
f 380//380 379//379 350//350
f 351//351 380//380 350//350
f 381//381 380//380 351//351
f 352//352 381//381 351//351
f 382//382 381//381 352//352
f 353//353 382//382 352//352
f 383//383 382//382 353//353
f 354//354 383//383 353//353
f 384//384 383//383 354//354
f 355//355 384//384 354//354
f 385//385 384//384 355//355
f 356//356 385//385 355//355
f 386//386 385//385 356//356
f 357//357 386//386 356//356
f 387//387 386//386 357//357
f 358//358 387//387 357//357
f 388//388 387//387 358//358
f 359//359 388//388 358//358
f 389//389 388//388 359//359
f 360//360 389//389 359//359
f 390//390 389//389 360//360
f 331//331 390//390 360//360
f 361//361 390//390 331//331
f 362//362 391//391 361//361
f 392//392 391//391 362//362
f 363//363 392//392 362//362
f 393//393 392//392 363//363
f 364//364 393//393 363//363
f 394//394 393//393 364//364
f 365//365 394//394 364//364
f 395//395 394//394 365//365
f 366//366 395//395 365//365
f 396//396 395//395 366//366
f 367//367 396//396 366//366
f 397//397 396//396 367//367
f 368//368 397//397 367//367
f 398//398 397//397 368//368
f 369//369 398//398 368//368
f 399//399 398//398 369//369
f 370//370 399//399 369//369
f 400//400 399//399 370//370
f 371//371 400//400 370//370
f 401//401 400//400 371//371
f 372//372 401//401 371//371
f 402//402 401//401 372//372
f 373//373 402//402 372//372
f 403//403 402//402 373//373
f 374//374 403//403 373//373
f 404//404 403//403 374//374
f 375//375 404//404 374//374
f 405//405 404//404 375//375
f 376//376 405//405 375//375
f 406//406 405//405 376//376
f 377//377 406//406 376//376
f 407//407 406//406 377//377
f 378//378 407//407 377//377
f 408//408 407//407 378//378
f 379//379 408//408 378//378
f 409//409 408//408 379//379
f 380//380 409//409 379//379
f 410//410 409//409 380//380
f 381//381 410//410 380//380
f 411//411 410//410 381//381
f 382//382 411//411 381//381
f 412//412 411//411 382//382
f 383//383 412//412 382//382
f 413//413 412//412 383//383
f 384//384 413//413 383//383
f 414//414 413//413 384//384
f 385//385 414//414 384//384
f 415//415 414//414 385//385
f 386//386 415//415 385//385
f 416//416 415//415 386//386
f 387//387 416//416 386//386
f 417//417 416//416 387//387
f 388//388 417//417 387//387
f 418//418 417//417 388//388
f 389//389 418//418 388//388
f 419//419 418//418 389//389
f 390//390 419//419 389//389
f 420//420 419//419 390//390
f 361//361 420//420 390//390
f 391//391 420//420 361//361
f 392//392 421//421 391//391
f 422//422 421//421 392//392
f 393//393 422//422 392//392
f 423//423 422//422 393//393
f 394//394 423//423 393//393
f 424//424 423//423 394//394
f 395//395 424//424 394//394
f 425//425 424//424 395//395
f 396//396 425//425 395//395
f 426//426 425//425 396//396
f 397//397 426//426 396//396
f 427//427 426//426 397//397
f 398//398 427//427 397//397
f 428//428 427//427 398//398
f 399//399 428//428 398//398
f 429//429 428//428 399//399
f 400//400 429//429 399//399
f 430//430 429//429 400//400
f 401//401 430//430 400//400
f 431//431 430//430 401//401
f 402//402 431//431 401//401
f 432//432 431//431 402//402
f 403//403 432//432 402//402
f 433//433 432//432 403//403
f 404//404 433//433 403//403
f 434//434 433//433 404//404
f 405//405 434//434 404//404
f 435//435 434//434 405//405
f 406//406 435//435 405//405
f 436//436 435//435 406//406
f 407//407 436//436 406//406
f 437//437 436//436 407//407
f 408//408 437//437 407//407
f 438//438 437//437 408//408
f 409//409 438//438 408//408
f 439//439 438//438 409//409
f 410//410 439//439 409//409
f 440//440 439//439 410//410
f 411//411 440//440 410//410
f 441//441 440//440 411//411
f 412//412 441//441 411//411
f 442//442 441//441 412//412
f 413//413 442//442 412//412
f 443//443 442//442 413//413
f 414//414 443//443 413//413
f 444//444 443//443 414//414
f 415//415 444//444 414//414
f 445//445 444//444 415//415
f 416//416 445//445 415//415
f 446//446 445//445 416//416
f 417//417 446//446 416//416
f 447//447 446//446 417//417
f 418//418 447//447 417//417
f 448//448 447//447 418//418
f 419//419 448//448 418//418
f 449//449 448//448 419//419
f 420//420 449//449 419//419
f 450//450 449//449 420//420
f 391//391 450//450 420//420
f 421//421 450//450 391//391
f 422//422 451//451 421//421
f 452//452 451//451 422//422
f 423//423 452//452 422//422
f 453//453 452//452 423//423
f 424//424 453//453 423//423
f 454//454 453//453 424//424
f 425//425 454//454 424//424
f 455//455 454//454 425//425
f 426//426 455//455 425//425
f 456//456 455//455 426//426
f 427//427 456//456 426//426
f 457//457 456//456 427//427
f 428//428 457//457 427//427
f 458//458 457//457 428//428
f 429//429 458//458 428//428
f 459//459 458//458 429//429
f 430//430 459//459 429//429
f 460//460 459//459 430//430
f 431//431 460//460 430//430
f 461//461 460//460 431//431
f 432//432 461//461 431//431
f 462//462 461//461 432//432
f 433//433 462//462 432//432
f 463//463 462//462 433//433
f 434//434 463//463 433//433
f 464//464 463//463 434//434
f 435//435 464//464 434//434
f 465//465 464//464 435//435
f 436//436 465//465 435//435
f 466//466 465//465 436//436
f 437//437 466//466 436//436
f 467//467 466//466 437//437
f 438//438 467//467 437//437
f 468//468 467//467 438//438
f 439//439 468//468 438//438
f 469//469 468//468 439//439
f 440//440 469//469 439//439
f 470//470 469//469 440//440
f 441//441 470//470 440//440
f 471//471 470//470 441//441
f 442//442 471//471 441//441
f 472//472 471//471 442//442
f 443//443 472//472 442//442
f 473//473 472//472 443//443
f 444//444 473//473 443//443
f 474//474 473//473 444//444
f 445//445 474//474 444//444
f 475//475 474//474 445//445
f 446//446 475//475 445//445
f 476//476 475//475 446//446
f 447//447 476//476 446//446
f 477//477 476//476 447//447
f 448//448 477//477 447//447
f 478//478 477//477 448//448
f 449//449 478//478 448//448
f 479//479 478//478 449//449
f 450//450 479//479 449//449
f 480//480 479//479 450//450
f 421//421 480//480 450//450
f 451//451 480//480 421//421
f 452//452 481//481 451//451
f 482//482 481//481 452//452
f 453//453 482//482 452//452
f 483//483 482//482 453//453
f 454//454 483//483 453//453
f 484//484 483//483 454//454
f 455//455 484//484 454//454
f 485//485 484//484 455//455
f 456//456 485//485 455//455
f 486//486 485//485 456//456
f 457//457 486//486 456//456
f 487//487 486//486 457//457
f 458//458 487//487 457//457
f 488//488 487//487 458//458
f 459//459 488//488 458//458
f 489//489 488//488 459//459
f 460//460 489//489 459//459
f 490//490 489//489 460//460
f 461//461 490//490 460//460
f 491//491 490//490 461//461
f 462//462 491//491 461//461
f 492//492 491//491 462//462
f 463//463 492//492 462//462
f 493//493 492//492 463//463
f 464//464 493//493 463//463
f 494//494 493//493 464//464
f 465//465 494//494 464//464
f 495//495 494//494 465//465
f 466//466 495//495 465//465
f 496//496 495//495 466//466
f 467//467 496//496 466//466
f 497//497 496//496 467//467
f 468//468 497//497 467//467
f 498//498 497//497 468//468
f 469//469 498//498 468//468
f 499//499 498//498 469//469
f 470//470 499//499 469//469
f 500//500 499//499 470//470
f 471//471 500//500 470//470
f 501//501 500//500 471//471
f 472//472 501//501 471//471
f 502//502 501//501 472//472
f 473//473 502//502 472//472
f 503//503 502//502 473//473
f 474//474 503//503 473//473
f 504//504 503//503 474//474
f 475//475 504//504 474//474
f 505//505 504//504 475//475
f 476//476 505//505 475//475
f 506//506 505//505 476//476
f 477//477 506//506 476//476
f 507//507 506//506 477//477
f 478//478 507//507 477//477
f 508//508 507//507 478//478
f 479//479 508//508 478//478
f 509//509 508//508 479//479
f 480//480 509//509 479//479
f 510//510 509//509 480//480
f 451//451 510//510 480//480
f 481//481 510//510 451//451
f 482//482 511//511 481//481
f 512//512 511//511 482//482
f 483//483 512//512 482//482
f 513//513 512//512 483//483
f 484//484 513//513 483//483
f 514//514 513//513 484//484
f 485//485 514//514 484//484
f 515//515 514//514 485//485
f 486//486 515//515 485//485
f 516//516 515//515 486//486
f 487//487 516//516 486//486
f 517//517 516//516 487//487
f 488//488 517//517 487//487
f 518//518 517//517 488//488
f 489//489 518//518 488//488
f 519//519 518//518 489//489
f 490//490 519//519 489//489
f 520//520 519//519 490//490
f 491//491 520//520 490//490
f 521//521 520//520 491//491
f 492//492 521//521 491//491
f 522//522 521//521 492//492
f 493//493 522//522 492//492
f 523//523 522//522 493//493
f 494//494 523//523 493//493
f 524//524 523//523 494//494
f 495//495 524//524 494//494
f 525//525 524//524 495//495
f 496//496 525//525 495//495
f 526//526 525//525 496//496
f 497//497 526//526 496//496
f 527//527 526//526 497//497
f 498//498 527//527 497//497
f 528//528 527//527 498//498
f 499//499 528//528 498//498
f 529//529 528//528 499//499
f 500//500 529//529 499//499
f 530//530 529//529 500//500
f 501//501 530//530 500//500
f 531//531 530//530 501//501
f 502//502 531//531 501//501
f 532//532 531//531 502//502
f 503//503 532//532 502//502
f 533//533 532//532 503//503
f 504//504 533//533 503//503
f 534//534 533//533 504//504
f 505//505 534//534 504//504
f 535//535 534//534 505//505
f 506//506 535//535 505//505
f 536//536 535//535 506//506
f 507//507 536//536 506//506
f 537//537 536//536 507//507
f 508//508 537//537 507//507
f 538//538 537//537 508//508
f 509//509 538//538 508//508
f 539//539 538//538 509//509
f 510//510 539//539 509//509
f 540//540 539//539 510//510
f 481//481 540//540 510//510
f 511//511 540//540 481//481
f 512//512 541//541 511//511
f 542//542 541//541 512//512
f 513//513 542//542 512//512
f 543//543 542//542 513//513
f 514//514 543//543 513//513
f 544//544 543//543 514//514
f 515//515 544//544 514//514
f 545//545 544//544 515//515
f 516//516 545//545 515//515
f 546//546 545//545 516//516
f 517//517 546//546 516//516
f 547//547 546//546 517//517
f 518//518 547//547 517//517
f 548//548 547//547 518//518
f 519//519 548//548 518//518
f 549//549 548//548 519//519
f 520//520 549//549 519//519
f 550//550 549//549 520//520
f 521//521 550//550 520//520
f 551//551 550//550 521//521
f 522//522 551//551 521//521
f 552//552 551//551 522//522
f 523//523 552//552 522//522
f 553//553 552//552 523//523
f 524//524 553//553 523//523
f 554//554 553//553 524//524
f 525//525 554//554 524//524
f 555//555 554//554 525//525
f 526//526 555//555 525//525
f 556//556 555//555 526//526
f 527//527 556//556 526//526
f 557//557 556//556 527//527
f 528//528 557//557 527//527
f 558//558 557//557 528//528
f 529//529 558//558 528//528
f 559//559 558//558 529//529
f 530//530 559//559 529//529
f 560//560 559//559 530//530
f 531//531 560//560 530//530
f 561//561 560//560 531//531
f 532//532 561//561 531//531
f 562//562 561//561 532//532
f 533//533 562//562 532//532
f 563//563 562//562 533//533
f 534//534 563//563 533//533
f 564//564 563//563 534//534
f 535//535 564//564 534//534
f 565//565 564//564 535//535
f 536//536 565//565 535//535
f 566//566 565//565 536//536
f 537//537 566//566 536//536
f 567//567 566//566 537//537
f 538//538 567//567 537//537
f 568//568 567//567 538//538
f 539//539 568//568 538//538
f 569//569 568//568 539//539
f 540//540 569//569 539//539
f 570//570 569//569 540//540
f 511//511 570//570 540//540
f 541//541 570//570 511//511
f 542//542 571//571 541//541
f 572//572 571//571 542//542
f 543//543 572//572 542//542
f 573//573 572//572 543//543
f 544//544 573//573 543//543
f 574//574 573//573 544//544
f 545//545 574//574 544//544
f 575//575 574//574 545//545
f 546//546 575//575 545//545
f 576//576 575//575 546//546
f 547//547 576//576 546//546
f 577//577 576//576 547//547
f 548//548 577//577 547//547
f 578//578 577//577 548//548
f 549//549 578//578 548//548
f 579//579 578//578 549//549
f 550//550 579//579 549//549
f 580//580 579//579 550//550
f 551//551 580//580 550//550
f 581//581 580//580 551//551
f 552//552 581//581 551//551
f 582//582 581//581 552//552
f 553//553 582//582 552//552
f 583//583 582//582 553//553
f 554//554 583//583 553//553
f 584//584 583//583 554//554
f 555//555 584//584 554//554
f 585//585 584//584 555//555
f 556//556 585//585 555//555
f 586//586 585//585 556//556
f 557//557 586//586 556//556
f 587//587 586//586 557//557
f 558//558 587//587 557//557
f 588//588 587//587 558//558
f 559//559 588//588 558//558
f 589//589 588//588 559//559
f 560//560 589//589 559//559
f 590//590 589//589 560//560
f 561//561 590//590 560//560
f 591//591 590//590 561//561
f 562//562 591//591 561//561
f 592//592 591//591 562//562
f 563//563 592//592 562//562
f 593//593 592//592 563//563
f 564//564 593//593 563//563
f 594//594 593//593 564//564
f 565//565 594//594 564//564
f 595//595 594//594 565//565
f 566//566 595//595 565//565
f 596//596 595//595 566//566
f 567//567 596//596 566//566
f 597//597 596//596 567//567
f 568//568 597//597 567//567
f 598//598 597//597 568//568
f 569//569 598//598 568//568
f 599//599 598//598 569//569
f 570//570 599//599 569//569
f 600//600 599//599 570//570
f 541//541 600//600 570//570
f 571//571 600//600 541//541
f 572//572 601//601 571//571
f 602//602 601//601 572//572
f 573//573 602//602 572//572
f 603//603 602//602 573//573
f 574//574 603//603 573//573
f 604//604 603//603 574//574
f 575//575 604//604 574//574
f 605//605 604//604 575//575
f 576//576 605//605 575//575
f 606//606 605//605 576//576
f 577//577 606//606 576//576
f 607//607 606//606 577//577
f 578//578 607//607 577//577
f 608//608 607//607 578//578
f 579//579 608//608 578//578
f 609//609 608//608 579//579
f 580//580 609//609 579//579
f 610//610 609//609 580//580
f 581//581 610//610 580//580
f 611//611 610//610 581//581
f 582//582 611//611 581//581
f 612//612 611//611 582//582
f 583//583 612//612 582//582
f 613//613 612//612 583//583
f 584//584 613//613 583//583
f 614//614 613//613 584//584
f 585//585 614//614 584//584
f 615//615 614//614 585//585
f 586//586 615//615 585//585
f 616//616 615//615 586//586
f 587//587 616//616 586//586
f 617//617 616//616 587//587
f 588//588 617//617 587//587
f 618//618 617//617 588//588
f 589//589 618//618 588//588
f 619//619 618//618 589//589
f 590//590 619//619 589//589
f 620//620 619//619 590//590
f 591//591 620//620 590//590
f 621//621 620//620 591//591
f 592//592 621//621 591//591
f 622//622 621//621 592//592
f 593//593 622//622 592//592
f 623//623 622//622 593//593
f 594//594 623//623 593//593
f 624//624 623//623 594//594
f 595//595 624//624 594//594
f 625//625 624//624 595//595
f 596//596 625//625 595//595
f 626//626 625//625 596//596
f 597//597 626//626 596//596
f 627//627 626//626 597//597
f 598//598 627//627 597//597
f 628//628 627//627 598//598
f 599//599 628//628 598//598
f 629//629 628//628 599//599
f 600//600 629//629 599//599
f 630//630 629//629 600//600
f 571//571 630//630 600//600
f 601//601 630//630 571//571
f 661//661 632//632 631//631
f 661//661 662//662 632//632
f 662//662 633//633 632//632
f 662//662 663//663 633//633
f 663//663 634//634 633//633
f 663//663 664//664 634//634
f 664//664 635//635 634//634
f 664//664 665//665 635//635
f 665//665 636//636 635//635
f 665//665 666//666 636//636
f 666//666 637//637 636//636
f 666//666 667//667 637//637
f 667//667 638//638 637//637
f 667//667 668//668 638//638
f 668//668 639//639 638//638
f 668//668 669//669 639//639
f 669//669 640//640 639//639
f 669//669 670//670 640//640
f 670//670 641//641 640//640
f 670//670 671//671 641//641
f 671//671 642//642 641//641
f 671//671 672//672 642//642
f 672//672 643//643 642//642
f 672//672 673//673 643//643
f 673//673 644//644 643//643
f 673//673 674//674 644//644
f 674//674 645//645 644//644
f 674//674 675//675 645//645
f 675//675 646//646 645//645
f 675//675 676//676 646//646
f 676//676 647//647 646//646
f 676//676 677//677 647//647
f 677//677 648//648 647//647
f 677//677 678//678 648//648
f 678//678 649//649 648//648
f 678//678 679//679 649//649
f 679//679 650//650 649//649
f 679//679 680//680 650//650
f 680//680 651//651 650//650
f 680//680 681//681 651//651
f 681//681 652//652 651//651
f 681//681 682//682 652//652
f 682//682 653//653 652//652
f 682//682 683//683 653//653
f 683//683 654//654 653//653
f 683//683 684//684 654//654
f 684//684 655//655 654//654
f 684//684 685//685 655//655
f 685//685 656//656 655//655
f 685//685 686//686 656//656
f 686//686 657//657 656//656
f 686//686 687//687 657//657
f 687//687 658//658 657//657
f 687//687 688//688 658//658
f 688//688 659//659 658//658
f 688//688 689//689 659//659
f 689//689 660//660 659//659
f 689//689 690//690 660//660
f 690//690 631//631 660//660
f 690//690 661//661 631//631
f 691//691 662//662 661//661
f 691//691 692//692 662//662
f 692//692 663//663 662//662
f 692//692 693//693 663//663
f 693//693 664//664 663//663
f 693//693 694//694 664//664
f 694//694 665//665 664//664
f 694//694 695//695 665//665
f 695//695 666//666 665//665
f 695//695 696//696 666//666
f 696//696 667//667 666//666
f 696//696 697//697 667//667
f 697//697 668//668 667//667
f 697//697 698//698 668//668
f 698//698 669//669 668//668
f 698//698 699//699 669//669
f 699//699 670//670 669//669
f 699//699 700//700 670//670
f 700//700 671//671 670//670
f 700//700 701//701 671//671
f 701//701 672//672 671//671
f 701//701 702//702 672//672
f 702//702 673//673 672//672
f 702//702 703//703 673//673
f 703//703 674//674 673//673
f 703//703 704//704 674//674
f 704//704 675//675 674//674
f 704//704 705//705 675//675
f 705//705 676//676 675//675
f 705//705 706//706 676//676
f 706//706 677//677 676//676
f 706//706 707//707 677//677
f 707//707 678//678 677//677
f 707//707 708//708 678//678
f 708//708 679//679 678//678
f 708//708 709//709 679//679
f 709//709 680//680 679//679
f 709//709 710//710 680//680
f 710//710 681//681 680//680
f 710//710 711//711 681//681
f 711//711 682//682 681//681
f 711//711 712//712 682//682
f 712//712 683//683 682//682
f 712//712 713//713 683//683
f 713//713 684//684 683//683
f 713//713 714//714 684//684
f 714//714 685//685 684//684
f 714//714 715//715 685//685
f 715//715 686//686 685//685
f 715//715 716//716 686//686
f 716//716 687//687 686//686
f 716//716 717//717 687//687
f 717//717 688//688 687//687
f 717//717 718//718 688//688
f 718//718 689//689 688//688
f 718//718 719//719 689//689
f 719//719 690//690 689//689
f 719//719 720//720 690//690
f 720//720 661//661 690//690
f 720//720 691//691 661//661
f 721//721 692//692 691//691
f 721//721 722//722 692//692
f 722//722 693//693 692//692
f 722//722 723//723 693//693
f 723//723 694//694 693//693
f 723//723 724//724 694//694
f 724//724 695//695 694//694
f 724//724 725//725 695//695
f 725//725 696//696 695//695
f 725//725 726//726 696//696
f 726//726 697//697 696//696
f 726//726 727//727 697//697
f 727//727 698//698 697//697
f 727//727 728//728 698//698
f 728//728 699//699 698//698
f 728//728 729//729 699//699
f 729//729 700//700 699//699
f 729//729 730//730 700//700
f 730//730 701//701 700//700
f 730//730 731//731 701//701
f 731//731 702//702 701//701
f 731//731 732//732 702//702
f 732//732 703//703 702//702
f 732//732 733//733 703//703
f 733//733 704//704 703//703
f 733//733 734//734 704//704
f 734//734 705//705 704//704
f 734//734 735//735 705//705
f 735//735 706//706 705//705
f 735//735 736//736 706//706
f 736//736 707//707 706//706
f 736//736 737//737 707//707
f 737//737 708//708 707//707
f 737//737 738//738 708//708
f 738//738 709//709 708//708
f 738//738 739//739 709//709
f 739//739 710//710 709//709
f 739//739 740//740 710//710
f 740//740 711//711 710//710
f 740//740 741//741 711//711
f 741//741 712//712 711//711
f 741//741 742//742 712//712
f 742//742 713//713 712//712
f 742//742 743//743 713//713
f 743//743 714//714 713//713
f 743//743 744//744 714//714
f 744//744 715//715 714//714
f 744//744 745//745 715//715
f 745//745 716//716 715//715
f 745//745 746//746 716//716
f 746//746 717//717 716//716
f 746//746 747//747 717//717
f 747//747 718//718 717//717
f 747//747 748//748 718//718
f 748//748 719//719 718//718
f 748//748 749//749 719//719
f 749//749 720//720 719//719
f 749//749 750//750 720//720
f 750//750 691//691 720//720
f 750//750 721//721 691//691
f 751//751 722//722 721//721
f 751//751 752//752 722//722
f 752//752 723//723 722//722
f 752//752 753//753 723//723
f 753//753 724//724 723//723
f 753//753 754//754 724//724
f 754//754 725//725 724//724
f 754//754 755//755 725//725
f 755//755 726//726 725//725
f 755//755 756//756 726//726
f 756//756 727//727 726//726
f 756//756 757//757 727//727
f 757//757 728//728 727//727
f 757//757 758//758 728//728
f 758//758 729//729 728//728
f 758//758 759//759 729//729
f 759//759 730//730 729//729
f 759//759 760//760 730//730
f 760//760 731//731 730//730
f 760//760 761//761 731//731
f 761//761 732//732 731//731
f 761//761 762//762 732//732
f 762//762 733//733 732//732
f 762//762 763//763 733//733
f 763//763 734//734 733//733
f 763//763 764//764 734//734
f 764//764 735//735 734//734
f 764//764 765//765 735//735
f 765//765 736//736 735//735
f 765//765 766//766 736//736
f 766//766 737//737 736//736
f 766//766 767//767 737//737
f 767//767 738//738 737//737
f 767//767 768//768 738//738
f 768//768 739//739 738//738
f 768//768 769//769 739//739
f 769//769 740//740 739//739
f 769//769 770//770 740//740
f 770//770 741//741 740//740
f 770//770 771//771 741//741
f 771//771 742//742 741//741
f 771//771 772//772 742//742
f 772//772 743//743 742//742
f 772//772 773//773 743//743
f 773//773 744//744 743//743
f 773//773 774//774 744//744
f 774//774 745//745 744//744
f 774//774 775//775 745//745
f 775//775 746//746 745//745
f 775//775 776//776 746//746
f 776//776 747//747 746//746
f 776//776 777//777 747//747
f 777//777 748//748 747//747
f 777//777 778//778 748//748
f 778//778 749//749 748//748
f 778//778 779//779 749//749
f 779//779 750//750 749//749
f 779//779 780//780 750//750
f 780//780 721//721 750//750
f 780//780 751//751 721//721
f 781//781 752//752 751//751
f 781//781 782//782 752//752
f 782//782 753//753 752//752
f 782//782 783//783 753//753
f 783//783 754//754 753//753
f 783//783 784//784 754//754
f 784//784 755//755 754//754
f 784//784 785//785 755//755
f 785//785 756//756 755//755
f 785//785 786//786 756//756
f 786//786 757//757 756//756
f 786//786 787//787 757//757
f 787//787 758//758 757//757
f 787//787 788//788 758//758
f 788//788 759//759 758//758
f 788//788 789//789 759//759
f 789//789 760//760 759//759
f 789//789 790//790 760//760
f 790//790 761//761 760//760
f 790//790 791//791 761//761
f 791//791 762//762 761//761
f 791//791 792//792 762//762
f 792//792 763//763 762//762
f 792//792 793//793 763//763
f 793//793 764//764 763//763
f 793//793 794//794 764//764
f 794//794 765//765 764//764
f 794//794 795//795 765//765
f 795//795 766//766 765//765
f 795//795 796//796 766//766
f 796//796 767//767 766//766
f 796//796 797//797 767//767
f 797//797 768//768 767//767
f 797//797 798//798 768//768
f 798//798 769//769 768//768
f 798//798 799//799 769//769
f 799//799 770//770 769//769
f 799//799 800//800 770//770
f 800//800 771//771 770//770
f 800//800 801//801 771//771
f 801//801 772//772 771//771
f 801//801 802//802 772//772
f 802//802 773//773 772//772
f 802//802 803//803 773//773
f 803//803 774//774 773//773
f 803//803 804//804 774//774
f 804//804 775//775 774//774
f 804//804 805//805 775//775
f 805//805 776//776 775//775
f 805//805 806//806 776//776
f 806//806 777//777 776//776
f 806//806 807//807 777//777
f 807//807 778//778 777//777
f 807//807 808//808 778//778
f 808//808 779//779 778//778
f 808//808 809//809 779//779
f 809//809 780//780 779//779
f 809//809 810//810 780//780
f 810//810 751//751 780//780
f 810//810 781//781 751//751
f 811//811 782//782 781//781
f 811//811 812//812 782//782
f 812//812 783//783 782//782
f 812//812 813//813 783//783
f 813//813 784//784 783//783
f 813//813 814//814 784//784
f 814//814 785//785 784//784
f 814//814 815//815 785//785
f 815//815 786//786 785//785
f 815//815 816//816 786//786
f 816//816 787//787 786//786
f 816//816 817//817 787//787
f 817//817 788//788 787//787
f 817//817 818//818 788//788
f 818//818 789//789 788//788
f 818//818 819//819 789//789
f 819//819 790//790 789//789
f 819//819 820//820 790//790
f 820//820 791//791 790//790
f 820//820 821//821 791//791
f 821//821 792//792 791//791
f 821//821 822//822 792//792
f 822//822 793//793 792//792
f 822//822 823//823 793//793
f 823//823 794//794 793//793
f 823//823 824//824 794//794
f 824//824 795//795 794//794
f 824//824 825//825 795//795
f 825//825 796//796 795//795
f 825//825 826//826 796//796
f 826//826 797//797 796//796
f 826//826 827//827 797//797
f 827//827 798//798 797//797
f 827//827 828//828 798//798
f 828//828 799//799 798//798
f 828//828 829//829 799//799
f 829//829 800//800 799//799
f 829//829 830//830 800//800
f 830//830 801//801 800//800
f 830//830 831//831 801//801
f 831//831 802//802 801//801
f 831//831 832//832 802//802
f 832//832 803//803 802//802
f 832//832 833//833 803//803
f 833//833 804//804 803//803
f 833//833 834//834 804//804
f 834//834 805//805 804//804
f 834//834 835//835 805//805
f 835//835 806//806 805//805
f 835//835 836//836 806//806
f 836//836 807//807 806//806
f 836//836 837//837 807//807
f 837//837 808//808 807//807
f 837//837 838//838 808//808
f 838//838 809//809 808//808
f 838//838 839//839 809//809
f 839//839 810//810 809//809
f 839//839 840//840 810//810
f 840//840 781//781 810//810
f 840//840 811//811 781//781
f 841//841 812//812 811//811
f 841//841 842//842 812//812
f 842//842 813//813 812//812
f 842//842 843//843 813//813
f 843//843 814//814 813//813
f 843//843 844//844 814//814
f 844//844 815//815 814//814
f 844//844 845//845 815//815
f 845//845 816//816 815//815
f 845//845 846//846 816//816
f 846//846 817//817 816//816
f 846//846 847//847 817//817
f 847//847 818//818 817//817
f 847//847 848//848 818//818
f 848//848 819//819 818//818
f 848//848 849//849 819//819
f 849//849 820//820 819//819
f 849//849 850//850 820//820
f 850//850 821//821 820//820
f 850//850 851//851 821//821
f 851//851 822//822 821//821
f 851//851 852//852 822//822
f 852//852 823//823 822//822
f 852//852 853//853 823//823
f 853//853 824//824 823//823
f 853//853 854//854 824//824
f 854//854 825//825 824//824
f 854//854 855//855 825//825
f 855//855 826//826 825//825
f 855//855 856//856 826//826
f 856//856 827//827 826//826
f 856//856 857//857 827//827
f 857//857 828//828 827//827
f 857//857 858//858 828//828
f 858//858 829//829 828//828
f 858//858 859//859 829//829
f 859//859 830//830 829//829
f 859//859 860//860 830//830
f 860//860 831//831 830//830
f 860//860 861//861 831//831
f 861//861 832//832 831//831
f 861//861 862//862 832//832
f 862//862 833//833 832//832
f 862//862 863//863 833//833
f 863//863 834//834 833//833
f 863//863 864//864 834//834
f 864//864 835//835 834//834
f 864//864 865//865 835//835
f 865//865 836//836 835//835
f 865//865 866//866 836//836
f 866//866 837//837 836//836
f 866//866 867//867 837//837
f 867//867 838//838 837//837
f 867//867 868//868 838//838
f 868//868 839//839 838//838
f 868//868 869//869 839//839
f 869//869 840//840 839//839
f 869//869 870//870 840//840
f 870//870 811//811 840//840
f 870//870 841//841 811//811
f 871//871 842//842 841//841
f 871//871 872//872 842//842
f 872//872 843//843 842//842
f 872//872 873//873 843//843
f 873//873 844//844 843//843
f 873//873 874//874 844//844
f 874//874 845//845 844//844
f 874//874 875//875 845//845
f 875//875 846//846 845//845
f 875//875 876//876 846//846
f 876//876 847//847 846//846
f 876//876 877//877 847//847
f 877//877 848//848 847//847
f 877//877 878//878 848//848
f 878//878 849//849 848//848
f 878//878 879//879 849//849
f 879//879 850//850 849//849
f 879//879 880//880 850//850
f 880//880 851//851 850//850
f 880//880 881//881 851//851
f 881//881 852//852 851//851
f 881//881 882//882 852//852
f 882//882 853//853 852//852
f 882//882 883//883 853//853
f 883//883 854//854 853//853
f 883//883 884//884 854//854
f 884//884 855//855 854//854
f 884//884 885//885 855//855
f 885//885 856//856 855//855
f 885//885 886//886 856//856
f 886//886 857//857 856//856
f 886//886 887//887 857//857
f 887//887 858//858 857//857
f 887//887 888//888 858//858
f 888//888 859//859 858//858
f 888//888 889//889 859//859
f 889//889 860//860 859//859
f 889//889 890//890 860//860
f 890//890 861//861 860//860
f 890//890 891//891 861//861
f 891//891 862//862 861//861
f 891//891 892//892 862//862
f 892//892 863//863 862//862
f 892//892 893//893 863//863
f 893//893 864//864 863//863
f 893//893 894//894 864//864
f 894//894 865//865 864//864
f 894//894 895//895 865//865
f 895//895 866//866 865//865
f 895//895 896//896 866//866
f 896//896 867//867 866//866
f 896//896 897//897 867//867
f 897//897 868//868 867//867
f 897//897 898//898 868//868
f 898//898 869//869 868//868
f 898//898 899//899 869//869
f 899//899 870//870 869//869
f 899//899 900//900 870//870
f 900//900 841//841 870//870
f 900//900 871//871 841//841
f 901//901 872//872 871//871
f 901//901 902//902 872//872
f 902//902 873//873 872//872
f 902//902 903//903 873//873
f 903//903 874//874 873//873
f 903//903 904//904 874//874
f 904//904 875//875 874//874
f 904//904 905//905 875//875
f 905//905 876//876 875//875
f 905//905 906//906 876//876
f 906//906 877//877 876//876
f 906//906 907//907 877//877
f 907//907 878//878 877//877
f 907//907 908//908 878//878
f 908//908 879//879 878//878
f 908//908 909//909 879//879
f 909//909 880//880 879//879
f 909//909 910//910 880//880
f 910//910 881//881 880//880
f 910//910 911//911 881//881
f 911//911 882//882 881//881
f 911//911 912//912 882//882
f 912//912 883//883 882//882
f 912//912 913//913 883//883
f 913//913 884//884 883//883
f 913//913 914//914 884//884
f 914//914 885//885 884//884
f 914//914 915//915 885//885
f 915//915 886//886 885//885
f 915//915 916//916 886//886
f 916//916 887//887 886//886
f 916//916 917//917 887//887
f 917//917 888//888 887//887
f 917//917 918//918 888//888
f 918//918 889//889 888//888
f 918//918 919//919 889//889
f 919//919 890//890 889//889
f 919//919 920//920 890//890
f 920//920 891//891 890//890
f 920//920 921//921 891//891
f 921//921 892//892 891//891
f 921//921 922//922 892//892
f 922//922 893//893 892//892
f 922//922 923//923 893//893
f 923//923 894//894 893//893
f 923//923 924//924 894//894
f 924//924 895//895 894//894
f 924//924 925//925 895//895
f 925//925 896//896 895//895
f 925//925 926//926 896//896
f 926//926 897//897 896//896
f 926//926 927//927 897//897
f 927//927 898//898 897//897
f 927//927 928//928 898//898
f 928//928 899//899 898//898
f 928//928 929//929 899//899
f 929//929 900//900 899//899
f 929//929 930//930 900//900
f 930//930 871//871 900//900
f 930//930 901//901 871//871
f 931//931 902//902 901//901
f 931//931 932//932 902//902
f 932//932 903//903 902//902
f 932//932 933//933 903//903
f 933//933 904//904 903//903
f 933//933 934//934 904//904
f 934//934 905//905 904//904
f 934//934 935//935 905//905
f 935//935 906//906 905//905
f 935//935 936//936 906//906
f 936//936 907//907 906//906
f 936//936 937//937 907//907
f 937//937 908//908 907//907
f 937//937 938//938 908//908
f 938//938 909//909 908//908
f 938//938 939//939 909//909
f 939//939 910//910 909//909
f 939//939 940//940 910//910
f 940//940 911//911 910//910
f 940//940 941//941 911//911
f 941//941 912//912 911//911
f 941//941 942//942 912//912
f 942//942 913//913 912//912
f 942//942 943//943 913//913
f 943//943 914//914 913//913
f 943//943 944//944 914//914
f 944//944 915//915 914//914
f 944//944 945//945 915//915
f 945//945 916//916 915//915
f 945//945 946//946 916//916
f 946//946 917//917 916//916
f 946//946 947//947 917//917
f 947//947 918//918 917//917
f 947//947 948//948 918//918
f 948//948 919//919 918//918
f 948//948 949//949 919//919
f 949//949 920//920 919//919
f 949//949 950//950 920//920
f 950//950 921//921 920//920
f 950//950 951//951 921//921
f 951//951 922//922 921//921
f 951//951 952//952 922//922
f 952//952 923//923 922//922
f 952//952 953//953 923//923
f 953//953 924//924 923//923
f 953//953 954//954 924//924
f 954//954 925//925 924//924
f 954//954 955//955 925//925
f 955//955 926//926 925//925
f 955//955 956//956 926//926
f 956//956 927//927 926//926
f 956//956 957//957 927//927
f 957//957 928//928 927//927
f 957//957 958//958 928//928
f 958//958 929//929 928//928
f 958//958 959//959 929//929
f 959//959 930//930 929//929
f 959//959 960//960 930//930
f 960//960 901//901 930//930
f 960//960 931//931 901//901
f 961//961 932//932 931//931
f 961//961 962//962 932//932
f 962//962 933//933 932//932
f 962//962 963//963 933//933
f 963//963 934//934 933//933
f 963//963 964//964 934//934
f 964//964 935//935 934//934
f 964//964 965//965 935//935
f 965//965 936//936 935//935
f 965//965 966//966 936//936
f 966//966 937//937 936//936
f 966//966 967//967 937//937
f 967//967 938//938 937//937
f 967//967 968//968 938//938
f 968//968 939//939 938//938
f 968//968 969//969 939//939
f 969//969 940//940 939//939
f 969//969 970//970 940//940
f 970//970 941//941 940//940
f 970//970 971//971 941//941
f 971//971 942//942 941//941
f 971//971 972//972 942//942
f 972//972 943//943 942//942
f 972//972 973//973 943//943
f 973//973 944//944 943//943
f 973//973 974//974 944//944
f 974//974 945//945 944//944
f 974//974 975//975 945//945
f 975//975 946//946 945//945
f 975//975 976//976 946//946
f 976//976 947//947 946//946
f 976//976 977//977 947//947
f 977//977 948//948 947//947
f 977//977 978//978 948//948
f 978//978 949//949 948//948
f 978//978 979//979 949//949
f 979//979 950//950 949//949
f 979//979 980//980 950//950
f 980//980 951//951 950//950
f 980//980 981//981 951//951
f 981//981 952//952 951//951
f 981//981 982//982 952//952
f 982//982 953//953 952//952
f 982//982 983//983 953//953
f 983//983 954//954 953//953
f 983//983 984//984 954//954
f 984//984 955//955 954//954
f 984//984 985//985 955//955
f 985//985 956//956 955//955
f 985//985 986//986 956//956
f 986//986 957//957 956//956
f 986//986 987//987 957//957
f 987//987 958//958 957//957
f 987//987 988//988 958//958
f 988//988 959//959 958//958
f 988//988 989//989 959//959
f 989//989 960//960 959//959
f 989//989 990//990 960//960
f 990//990 931//931 960//960
f 990//990 961//961 931//931
f 991//991 962//962 961//961
f 991//991 992//992 962//962
f 992//992 963//963 962//962
f 992//992 993//993 963//963
f 993//993 964//964 963//963
f 993//993 994//994 964//964
f 994//994 965//965 964//964
f 994//994 995//995 965//965
f 995//995 966//966 965//965
f 995//995 996//996 966//966
f 996//996 967//967 966//966
f 996//996 997//997 967//967
f 997//997 968//968 967//967
f 997//997 998//998 968//968
f 998//998 969//969 968//968
f 998//998 999//999 969//969
f 999//999 970//970 969//969
f 999//999 1000//1000 970//970
f 1000//1000 971//971 970//970
f 1000//1000 1001//1001 971//971
f 1001//1001 972//972 971//971
f 1001//1001 1002//1002 972//972
f 1002//1002 973//973 972//972
f 1002//1002 1003//1003 973//973
f 1003//1003 974//974 973//973
f 1003//1003 1004//1004 974//974
f 1004//1004 975//975 974//974
f 1004//1004 1005//1005 975//975
f 1005//1005 976//976 975//975
f 1005//1005 1006//1006 976//976
f 1006//1006 977//977 976//976
f 1006//1006 1007//1007 977//977
f 1007//1007 978//978 977//977
f 1007//1007 1008//1008 978//978
f 1008//1008 979//979 978//978
f 1008//1008 1009//1009 979//979
f 1009//1009 980//980 979//979
f 1009//1009 1010//1010 980//980
f 1010//1010 981//981 980//980
f 1010//1010 1011//1011 981//981
f 1011//1011 982//982 981//981
f 1011//1011 1012//1012 982//982
f 1012//1012 983//983 982//982
f 1012//1012 1013//1013 983//983
f 1013//1013 984//984 983//983
f 1013//1013 1014//1014 984//984
f 1014//1014 985//985 984//984
f 1014//1014 1015//1015 985//985
f 1015//1015 986//986 985//985
f 1015//1015 1016//1016 986//986
f 1016//1016 987//987 986//986
f 1016//1016 1017//1017 987//987
f 1017//1017 988//988 987//987
f 1017//1017 1018//1018 988//988
f 1018//1018 989//989 988//988
f 1018//1018 1019//1019 989//989
f 1019//1019 990//990 989//989
f 1019//1019 1020//1020 990//990
f 1020//1020 961//961 990//990
f 1020//1020 991//991 961//961
f 1021//1021 992//992 991//991
f 1021//1021 1022//1022 992//992
f 1022//1022 993//993 992//992
f 1022//1022 1023//1023 993//993
f 1023//1023 994//994 993//993
f 1023//1023 1024//1024 994//994
f 1024//1024 995//995 994//994
f 1024//1024 1025//1025 995//995
f 1025//1025 996//996 995//995
f 1025//1025 1026//1026 996//996
f 1026//1026 997//997 996//996
f 1026//1026 1027//1027 997//997
f 1027//1027 998//998 997//997
f 1027//1027 1028//1028 998//998
f 1028//1028 999//999 998//998
f 1028//1028 1029//1029 999//999
f 1029//1029 1000//1000 999//999
f 1029//1029 1030//1030 1000//1000
f 1030//1030 1001//1001 1000//1000
f 1030//1030 1031//1031 1001//1001
f 1031//1031 1002//1002 1001//1001
f 1031//1031 1032//1032 1002//1002
f 1032//1032 1003//1003 1002//1002
f 1032//1032 1033//1033 1003//1003
f 1033//1033 1004//1004 1003//1003
f 1033//1033 1034//1034 1004//1004
f 1034//1034 1005//1005 1004//1004
f 1034//1034 1035//1035 1005//1005
f 1035//1035 1006//1006 1005//1005
f 1035//1035 1036//1036 1006//1006
f 1036//1036 1007//1007 1006//1006
f 1036//1036 1037//1037 1007//1007
f 1037//1037 1008//1008 1007//1007
f 1037//1037 1038//1038 1008//1008
f 1038//1038 1009//1009 1008//1008
f 1038//1038 1039//1039 1009//1009
f 1039//1039 1010//1010 1009//1009
f 1039//1039 1040//1040 1010//1010
f 1040//1040 1011//1011 1010//1010
f 1040//1040 1041//1041 1011//1011
f 1041//1041 1012//1012 1011//1011
f 1041//1041 1042//1042 1012//1012
f 1042//1042 1013//1013 1012//1012
f 1042//1042 1043//1043 1013//1013
f 1043//1043 1014//1014 1013//1013
f 1043//1043 1044//1044 1014//1014
f 1044//1044 1015//1015 1014//1014
f 1044//1044 1045//1045 1015//1015
f 1045//1045 1016//1016 1015//1015
f 1045//1045 1046//1046 1016//1016
f 1046//1046 1017//1017 1016//1016
f 1046//1046 1047//1047 1017//1017
f 1047//1047 1018//1018 1017//1017
f 1047//1047 1048//1048 1018//1018
f 1048//1048 1019//1019 1018//1018
f 1048//1048 1049//1049 1019//1019
f 1049//1049 1020//1020 1019//1019
f 1049//1049 1050//1050 1020//1020
f 1050//1050 991//991 1020//1020
f 1050//1050 1021//1021 991//991
f 1051//1051 1022//1022 1021//1021
f 1051//1051 1052//1052 1022//1022
f 1052//1052 1023//1023 1022//1022
f 1052//1052 1053//1053 1023//1023
f 1053//1053 1024//1024 1023//1023
f 1053//1053 1054//1054 1024//1024
f 1054//1054 1025//1025 1024//1024
f 1054//1054 1055//1055 1025//1025
f 1055//1055 1026//1026 1025//1025
f 1055//1055 1056//1056 1026//1026
f 1056//1056 1027//1027 1026//1026
f 1056//1056 1057//1057 1027//1027
f 1057//1057 1028//1028 1027//1027
f 1057//1057 1058//1058 1028//1028
f 1058//1058 1029//1029 1028//1028
f 1058//1058 1059//1059 1029//1029
f 1059//1059 1030//1030 1029//1029
f 1059//1059 1060//1060 1030//1030
f 1060//1060 1031//1031 1030//1030
f 1060//1060 1061//1061 1031//1031
f 1061//1061 1032//1032 1031//1031
f 1061//1061 1062//1062 1032//1032
f 1062//1062 1033//1033 1032//1032
f 1062//1062 1063//1063 1033//1033
f 1063//1063 1034//1034 1033//1033
f 1063//1063 1064//1064 1034//1034
f 1064//1064 1035//1035 1034//1034
f 1064//1064 1065//1065 1035//1035
f 1065//1065 1036//1036 1035//1035
f 1065//1065 1066//1066 1036//1036
f 1066//1066 1037//1037 1036//1036
f 1066//1066 1067//1067 1037//1037
f 1067//1067 1038//1038 1037//1037
f 1067//1067 1068//1068 1038//1038
f 1068//1068 1039//1039 1038//1038
f 1068//1068 1069//1069 1039//1039
f 1069//1069 1040//1040 1039//1039
f 1069//1069 1070//1070 1040//1040
f 1070//1070 1041//1041 1040//1040
f 1070//1070 1071//1071 1041//1041
f 1071//1071 1042//1042 1041//1041
f 1071//1071 1072//1072 1042//1042
f 1072//1072 1043//1043 1042//1042
f 1072//1072 1073//1073 1043//1043
f 1073//1073 1044//1044 1043//1043
f 1073//1073 1074//1074 1044//1044
f 1074//1074 1045//1045 1044//1044
f 1074//1074 1075//1075 1045//1045
f 1075//1075 1046//1046 1045//1045
f 1075//1075 1076//1076 1046//1046
f 1076//1076 1047//1047 1046//1046
f 1076//1076 1077//1077 1047//1047
f 1077//1077 1048//1048 1047//1047
f 1077//1077 1078//1078 1048//1048
f 1078//1078 1049//1049 1048//1048
f 1078//1078 1079//1079 1049//1049
f 1079//1079 1050//1050 1049//1049
f 1079//1079 1080//1080 1050//1050
f 1080//1080 1021//1021 1050//1050
f 1080//1080 1051//1051 1021//1021
f 1081//1081 1052//1052 1051//1051
f 1081//1081 1082//1082 1052//1052
f 1082//1082 1053//1053 1052//1052
f 1082//1082 1083//1083 1053//1053
f 1083//1083 1054//1054 1053//1053
f 1083//1083 1084//1084 1054//1054
f 1084//1084 1055//1055 1054//1054
f 1084//1084 1085//1085 1055//1055
f 1085//1085 1056//1056 1055//1055
f 1085//1085 1086//1086 1056//1056
f 1086//1086 1057//1057 1056//1056
f 1086//1086 1087//1087 1057//1057
f 1087//1087 1058//1058 1057//1057
f 1087//1087 1088//1088 1058//1058
f 1088//1088 1059//1059 1058//1058
f 1088//1088 1089//1089 1059//1059
f 1089//1089 1060//1060 1059//1059
f 1089//1089 1090//1090 1060//1060
f 1090//1090 1061//1061 1060//1060
f 1090//1090 1091//1091 1061//1061
f 1091//1091 1062//1062 1061//1061
f 1091//1091 1092//1092 1062//1062
f 1092//1092 1063//1063 1062//1062
f 1092//1092 1093//1093 1063//1063
f 1093//1093 1064//1064 1063//1063
f 1093//1093 1094//1094 1064//1064
f 1094//1094 1065//1065 1064//1064
f 1094//1094 1095//1095 1065//1065
f 1095//1095 1066//1066 1065//1065
f 1095//1095 1096//1096 1066//1066
f 1096//1096 1067//1067 1066//1066
f 1096//1096 1097//1097 1067//1067
f 1097//1097 1068//1068 1067//1067
f 1097//1097 1098//1098 1068//1068
f 1098//1098 1069//1069 1068//1068
f 1098//1098 1099//1099 1069//1069
f 1099//1099 1070//1070 1069//1069
f 1099//1099 1100//1100 1070//1070
f 1100//1100 1071//1071 1070//1070
f 1100//1100 1101//1101 1071//1071
f 1101//1101 1072//1072 1071//1071
f 1101//1101 1102//1102 1072//1072
f 1102//1102 1073//1073 1072//1072
f 1102//1102 1103//1103 1073//1073
f 1103//1103 1074//1074 1073//1073
f 1103//1103 1104//1104 1074//1074
f 1104//1104 1075//1075 1074//1074
f 1104//1104 1105//1105 1075//1075
f 1105//1105 1076//1076 1075//1075
f 1105//1105 1106//1106 1076//1076
f 1106//1106 1077//1077 1076//1076
f 1106//1106 1107//1107 1077//1077
f 1107//1107 1078//1078 1077//1077
f 1107//1107 1108//1108 1078//1078
f 1108//1108 1079//1079 1078//1078
f 1108//1108 1109//1109 1079//1079
f 1109//1109 1080//1080 1079//1079
f 1109//1109 1110//1110 1080//1080
f 1110//1110 1051//1051 1080//1080
f 1110//1110 1081//1081 1051//1051
f 1111//1111 1082//1082 1081//1081
f 1111//1111 1112//1112 1082//1082
f 1112//1112 1083//1083 1082//1082
f 1112//1112 1113//1113 1083//1083
f 1113//1113 1084//1084 1083//1083
f 1113//1113 1114//1114 1084//1084
f 1114//1114 1085//1085 1084//1084
f 1114//1114 1115//1115 1085//1085
f 1115//1115 1086//1086 1085//1085
f 1115//1115 1116//1116 1086//1086
f 1116//1116 1087//1087 1086//1086
f 1116//1116 1117//1117 1087//1087
f 1117//1117 1088//1088 1087//1087
f 1117//1117 1118//1118 1088//1088
f 1118//1118 1089//1089 1088//1088
f 1118//1118 1119//1119 1089//1089
f 1119//1119 1090//1090 1089//1089
f 1119//1119 1120//1120 1090//1090
f 1120//1120 1091//1091 1090//1090
f 1120//1120 1121//1121 1091//1091
f 1121//1121 1092//1092 1091//1091
f 1121//1121 1122//1122 1092//1092
f 1122//1122 1093//1093 1092//1092
f 1122//1122 1123//1123 1093//1093
f 1123//1123 1094//1094 1093//1093
f 1123//1123 1124//1124 1094//1094
f 1124//1124 1095//1095 1094//1094
f 1124//1124 1125//1125 1095//1095
f 1125//1125 1096//1096 1095//1095
f 1125//1125 1126//1126 1096//1096
f 1126//1126 1097//1097 1096//1096
f 1126//1126 1127//1127 1097//1097
f 1127//1127 1098//1098 1097//1097
f 1127//1127 1128//1128 1098//1098
f 1128//1128 1099//1099 1098//1098
f 1128//1128 1129//1129 1099//1099
f 1129//1129 1100//1100 1099//1099
f 1129//1129 1130//1130 1100//1100
f 1130//1130 1101//1101 1100//1100
f 1130//1130 1131//1131 1101//1101
f 1131//1131 1102//1102 1101//1101
f 1131//1131 1132//1132 1102//1102
f 1132//1132 1103//1103 1102//1102
f 1132//1132 1133//1133 1103//1103
f 1133//1133 1104//1104 1103//1103
f 1133//1133 1134//1134 1104//1104
f 1134//1134 1105//1105 1104//1104
f 1134//1134 1135//1135 1105//1105
f 1135//1135 1106//1106 1105//1105
f 1135//1135 1136//1136 1106//1106
f 1136//1136 1107//1107 1106//1106
f 1136//1136 1137//1137 1107//1107
f 1137//1137 1108//1108 1107//1107
f 1137//1137 1138//1138 1108//1108
f 1138//1138 1109//1109 1108//1108
f 1138//1138 1139//1139 1109//1109
f 1139//1139 1110//1110 1109//1109
f 1139//1139 1140//1140 1110//1110
f 1140//1140 1081//1081 1110//1110
f 1140//1140 1111//1111 1081//1081
f 1141//1141 1112//1112 1111//1111
f 1141//1141 1142//1142 1112//1112
f 1142//1142 1113//1113 1112//1112
f 1142//1142 1143//1143 1113//1113
f 1143//1143 1114//1114 1113//1113
f 1143//1143 1144//1144 1114//1114
f 1144//1144 1115//1115 1114//1114
f 1144//1144 1145//1145 1115//1115
f 1145//1145 1116//1116 1115//1115
f 1145//1145 1146//1146 1116//1116
f 1146//1146 1117//1117 1116//1116
f 1146//1146 1147//1147 1117//1117
f 1147//1147 1118//1118 1117//1117
f 1147//1147 1148//1148 1118//1118
f 1148//1148 1119//1119 1118//1118
f 1148//1148 1149//1149 1119//1119
f 1149//1149 1120//1120 1119//1119
f 1149//1149 1150//1150 1120//1120
f 1150//1150 1121//1121 1120//1120
f 1150//1150 1151//1151 1121//1121
f 1151//1151 1122//1122 1121//1121
f 1151//1151 1152//1152 1122//1122
f 1152//1152 1123//1123 1122//1122
f 1152//1152 1153//1153 1123//1123
f 1153//1153 1124//1124 1123//1123
f 1153//1153 1154//1154 1124//1124
f 1154//1154 1125//1125 1124//1124
f 1154//1154 1155//1155 1125//1125
f 1155//1155 1126//1126 1125//1125
f 1155//1155 1156//1156 1126//1126
f 1156//1156 1127//1127 1126//1126
f 1156//1156 1157//1157 1127//1127
f 1157//1157 1128//1128 1127//1127
f 1157//1157 1158//1158 1128//1128
f 1158//1158 1129//1129 1128//1128
f 1158//1158 1159//1159 1129//1129
f 1159//1159 1130//1130 1129//1129
f 1159//1159 1160//1160 1130//1130
f 1160//1160 1131//1131 1130//1130
f 1160//1160 1161//1161 1131//1131
f 1161//1161 1132//1132 1131//1131
f 1161//1161 1162//1162 1132//1132
f 1162//1162 1133//1133 1132//1132
f 1162//1162 1163//1163 1133//1133
f 1163//1163 1134//1134 1133//1133
f 1163//1163 1164//1164 1134//1134
f 1164//1164 1135//1135 1134//1134
f 1164//1164 1165//1165 1135//1135
f 1165//1165 1136//1136 1135//1135
f 1165//1165 1166//1166 1136//1136
f 1166//1166 1137//1137 1136//1136
f 1166//1166 1167//1167 1137//1137
f 1167//1167 1138//1138 1137//1137
f 1167//1167 1168//1168 1138//1138
f 1168//1168 1139//1139 1138//1138
f 1168//1168 1169//1169 1139//1139
f 1169//1169 1140//1140 1139//1139
f 1169//1169 1170//1170 1140//1140
f 1170//1170 1111//1111 1140//1140
f 1170//1170 1141//1141 1111//1111
f 1171//1171 1142//1142 1141//1141
f 1171//1171 1172//1172 1142//1142
f 1172//1172 1143//1143 1142//1142
f 1172//1172 1173//1173 1143//1143
f 1173//1173 1144//1144 1143//1143
f 1173//1173 1174//1174 1144//1144
f 1174//1174 1145//1145 1144//1144
f 1174//1174 1175//1175 1145//1145
f 1175//1175 1146//1146 1145//1145
f 1175//1175 1176//1176 1146//1146
f 1176//1176 1147//1147 1146//1146
f 1176//1176 1177//1177 1147//1147
f 1177//1177 1148//1148 1147//1147
f 1177//1177 1178//1178 1148//1148
f 1178//1178 1149//1149 1148//1148
f 1178//1178 1179//1179 1149//1149
f 1179//1179 1150//1150 1149//1149
f 1179//1179 1180//1180 1150//1150
f 1180//1180 1151//1151 1150//1150
f 1180//1180 1181//1181 1151//1151
f 1181//1181 1152//1152 1151//1151
f 1181//1181 1182//1182 1152//1152
f 1182//1182 1153//1153 1152//1152
f 1182//1182 1183//1183 1153//1153
f 1183//1183 1154//1154 1153//1153
f 1183//1183 1184//1184 1154//1154
f 1184//1184 1155//1155 1154//1154
f 1184//1184 1185//1185 1155//1155
f 1185//1185 1156//1156 1155//1155
f 1185//1185 1186//1186 1156//1156
f 1186//1186 1157//1157 1156//1156
f 1186//1186 1187//1187 1157//1157
f 1187//1187 1158//1158 1157//1157
f 1187//1187 1188//1188 1158//1158
f 1188//1188 1159//1159 1158//1158
f 1188//1188 1189//1189 1159//1159
f 1189//1189 1160//1160 1159//1159
f 1189//1189 1190//1190 1160//1160
f 1190//1190 1161//1161 1160//1160
f 1190//1190 1191//1191 1161//1161
f 1191//1191 1162//1162 1161//1161
f 1191//1191 1192//1192 1162//1162
f 1192//1192 1163//1163 1162//1162
f 1192//1192 1193//1193 1163//1163
f 1193//1193 1164//1164 1163//1163
f 1193//1193 1194//1194 1164//1164
f 1194//1194 1165//1165 1164//1164
f 1194//1194 1195//1195 1165//1165
f 1195//1195 1166//1166 1165//1165
f 1195//1195 1196//1196 1166//1166
f 1196//1196 1167//1167 1166//1166
f 1196//1196 1197//1197 1167//1167
f 1197//1197 1168//1168 1167//1167
f 1197//1197 1198//1198 1168//1168
f 1198//1198 1169//1169 1168//1168
f 1198//1198 1199//1199 1169//1169
f 1199//1199 1170//1170 1169//1169
f 1199//1199 1200//1200 1170//1170
f 1200//1200 1141//1141 1170//1170
f 1200//1200 1171//1171 1141//1141
f 1201//1201 1172//1172 1171//1171
f 1201//1201 1202//1202 1172//1172
f 1202//1202 1173//1173 1172//1172
f 1202//1202 1203//1203 1173//1173
f 1203//1203 1174//1174 1173//1173
f 1203//1203 1204//1204 1174//1174
f 1204//1204 1175//1175 1174//1174
f 1204//1204 1205//1205 1175//1175
f 1205//1205 1176//1176 1175//1175
f 1205//1205 1206//1206 1176//1176
f 1206//1206 1177//1177 1176//1176
f 1206//1206 1207//1207 1177//1177
f 1207//1207 1178//1178 1177//1177
f 1207//1207 1208//1208 1178//1178
f 1208//1208 1179//1179 1178//1178
f 1208//1208 1209//1209 1179//1179
f 1209//1209 1180//1180 1179//1179
f 1209//1209 1210//1210 1180//1180
f 1210//1210 1181//1181 1180//1180
f 1210//1210 1211//1211 1181//1181
f 1211//1211 1182//1182 1181//1181
f 1211//1211 1212//1212 1182//1182
f 1212//1212 1183//1183 1182//1182
f 1212//1212 1213//1213 1183//1183
f 1213//1213 1184//1184 1183//1183
f 1213//1213 1214//1214 1184//1184
f 1214//1214 1185//1185 1184//1184
f 1214//1214 1215//1215 1185//1185
f 1215//1215 1186//1186 1185//1185
f 1215//1215 1216//1216 1186//1186
f 1216//1216 1187//1187 1186//1186
f 1216//1216 1217//1217 1187//1187
f 1217//1217 1188//1188 1187//1187
f 1217//1217 1218//1218 1188//1188
f 1218//1218 1189//1189 1188//1188
f 1218//1218 1219//1219 1189//1189
f 1219//1219 1190//1190 1189//1189
f 1219//1219 1220//1220 1190//1190
f 1220//1220 1191//1191 1190//1190
f 1220//1220 1221//1221 1191//1191
f 1221//1221 1192//1192 1191//1191
f 1221//1221 1222//1222 1192//1192
f 1222//1222 1193//1193 1192//1192
f 1222//1222 1223//1223 1193//1193
f 1223//1223 1194//1194 1193//1193
f 1223//1223 1224//1224 1194//1194
f 1224//1224 1195//1195 1194//1194
f 1224//1224 1225//1225 1195//1195
f 1225//1225 1196//1196 1195//1195
f 1225//1225 1226//1226 1196//1196
f 1226//1226 1197//1197 1196//1196
f 1226//1226 1227//1227 1197//1197
f 1227//1227 1198//1198 1197//1197
f 1227//1227 1228//1228 1198//1198
f 1228//1228 1199//1199 1198//1198
f 1228//1228 1229//1229 1199//1199
f 1229//1229 1200//1200 1199//1199
f 1229//1229 1230//1230 1200//1200
f 1230//1230 1171//1171 1200//1200
f 1230//1230 1201//1201 1171//1171
f 1231//1231 1202//1202 1201//1201
f 1231//1231 1232//1232 1202//1202
f 1232//1232 1203//1203 1202//1202
f 1232//1232 1233//1233 1203//1203
f 1233//1233 1204//1204 1203//1203
f 1233//1233 1234//1234 1204//1204
f 1234//1234 1205//1205 1204//1204
f 1234//1234 1235//1235 1205//1205
f 1235//1235 1206//1206 1205//1205
f 1235//1235 1236//1236 1206//1206
f 1236//1236 1207//1207 1206//1206
f 1236//1236 1237//1237 1207//1207
f 1237//1237 1208//1208 1207//1207
f 1237//1237 1238//1238 1208//1208
f 1238//1238 1209//1209 1208//1208
f 1238//1238 1239//1239 1209//1209
f 1239//1239 1210//1210 1209//1209
f 1239//1239 1240//1240 1210//1210
f 1240//1240 1211//1211 1210//1210
f 1240//1240 1241//1241 1211//1211
f 1241//1241 1212//1212 1211//1211
f 1241//1241 1242//1242 1212//1212
f 1242//1242 1213//1213 1212//1212
f 1242//1242 1243//1243 1213//1213
f 1243//1243 1214//1214 1213//1213
f 1243//1243 1244//1244 1214//1214
f 1244//1244 1215//1215 1214//1214
f 1244//1244 1245//1245 1215//1215
f 1245//1245 1216//1216 1215//1215
f 1245//1245 1246//1246 1216//1216
f 1246//1246 1217//1217 1216//1216
f 1246//1246 1247//1247 1217//1217
f 1247//1247 1218//1218 1217//1217
f 1247//1247 1248//1248 1218//1218
f 1248//1248 1219//1219 1218//1218
f 1248//1248 1249//1249 1219//1219
f 1249//1249 1220//1220 1219//1219
f 1249//1249 1250//1250 1220//1220
f 1250//1250 1221//1221 1220//1220
f 1250//1250 1251//1251 1221//1221
f 1251//1251 1222//1222 1221//1221
f 1251//1251 1252//1252 1222//1222
f 1252//1252 1223//1223 1222//1222
f 1252//1252 1253//1253 1223//1223
f 1253//1253 1224//1224 1223//1223
f 1253//1253 1254//1254 1224//1224
f 1254//1254 1225//1225 1224//1224
f 1254//1254 1255//1255 1225//1225
f 1255//1255 1226//1226 1225//1225
f 1255//1255 1256//1256 1226//1226
f 1256//1256 1227//1227 1226//1226
f 1256//1256 1257//1257 1227//1227
f 1257//1257 1228//1228 1227//1227
f 1257//1257 1258//1258 1228//1228
f 1258//1258 1229//1229 1228//1228
f 1258//1258 1259//1259 1229//1229
f 1259//1259 1230//1230 1229//1229
f 1259//1259 1260//1260 1230//1230
f 1260//1260 1201//1201 1230//1230
f 1260//1260 1231//1231 1201//1201
f 2//2 1//1 632//632
f 3//3 2//2 633//633
f 4//4 3//3 634//634
f 5//5 4//4 635//635
f 6//6 5//5 636//636
f 7//7 6//6 637//637
f 8//8 7//7 638//638
f 9//9 8//8 639//639
f 10//10 9//9 640//640
f 11//11 10//10 641//641
f 12//12 11//11 642//642
f 13//13 12//12 643//643
f 14//14 13//13 644//644
f 15//15 14//14 645//645
f 16//16 15//15 646//646
f 17//17 16//16 647//647
f 18//18 17//17 648//648
f 19//19 18//18 649//649
f 20//20 19//19 650//650
f 21//21 20//20 651//651
f 22//22 21//21 652//652
f 23//23 22//22 653//653
f 24//24 23//23 654//654
f 25//25 24//24 655//655
f 26//26 25//25 656//656
f 27//27 26//26 657//657
f 28//28 27//27 658//658
f 29//29 28//28 659//659
f 30//30 29//29 660//660
f 1//1 30//30 631//631
f 1//1 631//631 632//632
f 2//2 632//632 633//633
f 3//3 633//633 634//634
f 4//4 634//634 635//635
f 5//5 635//635 636//636
f 6//6 636//636 637//637
f 7//7 637//637 638//638
f 8//8 638//638 639//639
f 9//9 639//639 640//640
f 10//10 640//640 641//641
f 11//11 641//641 642//642
f 12//12 642//642 643//643
f 13//13 643//643 644//644
f 14//14 644//644 645//645
f 15//15 645//645 646//646
f 16//16 646//646 647//647
f 17//17 647//647 648//648
f 18//18 648//648 649//649
f 19//19 649//649 650//650
f 20//20 650//650 651//651
f 21//21 651//651 652//652
f 22//22 652//652 653//653
f 23//23 653//653 654//654
f 24//24 654//654 655//655
f 25//25 655//655 656//656
f 26//26 656//656 657//657
f 27//27 657//657 658//658
f 28//28 658//658 659//659
f 29//29 659//659 660//660
f 30//30 660//660 631//631
