# Created by Open3D 
# object name: temp_object_489555029
# number of vertices: 2286
# number of triangles: 4560
v 0.00610666 -1.33425e-08 0.142045 0.8 0.8 0.8
vn 8.80541e-18 -1.94657e-17 1
v 0.00610666 -1.33425e-08 -1.49036e-08 0.8 0.8 0.8
vn -8.80541e-18 1.94788e-17 -1
v 0.0359891 -1.35542e-08 0.142001 0.8 0.8 0.8
vn 0.00778303 -0.0001717 0.99997
v 0.035546 0.00562991 0.142001 0.8 0.8 0.8
vn 0.00769586 0.00104547 0.99997
v 0.0342276 0.0111212 0.142001 0.8 0.8 0.8
vn 0.00738569 0.0022209 0.99997
v 0.0320665 0.0163387 0.142001 0.8 0.8 0.8
vn 0.00686881 0.00331108 0.999971
v 0.0291158 0.0211538 0.142001 0.8 0.8 0.8
vn 0.00617103 0.0042788 0.999972
v 0.0254481 0.0254481 0.142001 0.8 0.8 0.8
vn 0.0053251 0.00509522 0.999973
v 0.0211538 0.0291157 0.142001 0.8 0.8 0.8
vn 0.00436765 0.00574088 0.999974
v 0.0163387 0.0320665 0.142001 0.8 0.8 0.8
vn 0.00333632 0.0062056 0.999975
v 0.0111212 0.0342276 0.142001 0.8 0.8 0.8
vn 0.0022673 0.00648753 0.999976
v 0.00562994 0.0355459 0.142001 0.8 0.8 0.8
vn 0.00119361 0.0065917 0.999978
v 1.17335e-08 0.035989 0.142001 0.8 0.8 0.8
vn 0.000144022 0.00652838 0.999979
v -0.00562992 0.0355459 0.142001 0.8 0.8 0.8
vn -0.000857393 0.00631137 0.99998
v -0.0111212 0.0342276 0.142001 0.8 0.8 0.8
vn -0.00179118 0.00595663 0.999981
v -0.0163387 0.0320665 0.142001 0.8 0.8 0.8
vn -0.00264213 0.00548108 0.999981
v -0.0211538 0.0291157 0.142001 0.8 0.8 0.8
vn -0.00339873 0.00490176 0.999982
v -0.0254481 0.0254481 0.142001 0.8 0.8 0.8
vn -0.00405248 0.00423532 0.999983
v -0.0291157 0.0211538 0.142001 0.8 0.8 0.8
vn -0.00459734 0.00349765 0.999983
v -0.0320665 0.0163387 0.142001 0.8 0.8 0.8
vn -0.00502909 0.00270379 0.999984
v -0.0342276 0.0111212 0.142001 0.8 0.8 0.8
vn -0.0053449 0.00186797 0.999984
v -0.035546 0.00562991 0.142001 0.8 0.8 0.8
vn -0.00554293 0.0010037 0.999984
v -0.035989 -1.30442e-08 0.142001 0.8 0.8 0.8
vn -0.00562207 0.000124028 0.999984
v -0.035546 -0.00562994 0.142001 0.8 0.8 0.8
vn -0.0055818 -0.000758281 0.999984
v -0.0342276 -0.0111212 0.142001 0.8 0.8 0.8
vn -0.00542208 -0.00163044 0.999984
v -0.0320665 -0.0163387 0.142001 0.8 0.8 0.8
vn -0.00514344 -0.00247937 0.999984
v -0.0291157 -0.0211538 0.142001 0.8 0.8 0.8
vn -0.00474712 -0.0032915 0.999983
v -0.0254481 -0.0254481 0.142001 0.8 0.8 0.8
vn -0.00423532 -0.00405248 0.999983
v -0.0211538 -0.0291158 0.142001 0.8 0.8 0.8
vn -0.00361159 -0.00474711 0.999982
v -0.0163387 -0.0320665 0.142001 0.8 0.8 0.8
vn -0.00288128 -0.00535923 0.999981
v -0.0111212 -0.0342276 0.142001 0.8 0.8 0.8
vn -0.00205213 -0.00587185 0.999981
v -0.00562992 -0.035546 0.142001 0.8 0.8 0.8
vn -0.00113489 -0.00626742 0.99998
v 8.22394e-09 -0.0359891 0.142001 0.8 0.8 0.8
vn -0.000144022 -0.00652838 0.999979
v 0.00562994 -0.035546 0.142001 0.8 0.8 0.8
vn 0.000901755 -0.00663793 0.999978
v 0.0111212 -0.0342276 0.142001 0.8 0.8 0.8
vn 0.00197899 -0.0065812 0.999976
v 0.0163387 -0.0320665 0.142001 0.8 0.8 0.8
vn 0.0030594 -0.0063467 0.999975
v 0.0211538 -0.0291158 0.142001 0.8 0.8 0.8
vn 0.00411023 -0.00592791 0.999974
v 0.0254481 -0.0254481 0.142001 0.8 0.8 0.8
vn 0.00509522 -0.0053251 0.999973
v 0.0291158 -0.0211538 0.142001 0.8 0.8 0.8
vn 0.00597633 -0.00454678 0.999972
v 0.0320665 -0.0163387 0.142001 0.8 0.8 0.8
vn 0.0067161 -0.00361077 0.999971
v 0.0342276 -0.0111212 0.142001 0.8 0.8 0.8
vn 0.00728056 -0.00254445 0.99997
v 0.035546 -0.00562994 0.142001 0.8 0.8 0.8
vn 0.00764227 -0.00138385 0.99997
v 0.0372351 -1.3563e-08 0.141867 0.8 0.8 0.8
vn 0.182911 -0.00138982 0.983129
v 0.0367767 0.00582484 0.141867 0.8 0.8 0.8
vn 0.180876 0.0272409 0.983129
v 0.0354127 0.0115063 0.141867 0.8 0.8 0.8
vn 0.174388 0.0552008 0.983129
v 0.0331768 0.0169044 0.141867 0.8 0.8 0.8
vn 0.163606 0.0818015 0.983129
v 0.0301239 0.0218862 0.141867 0.8 0.8 0.8
vn 0.148795 0.106388 0.983129
v 0.0263292 0.0263292 0.141867 0.8 0.8 0.8
vn 0.13032 0.128355 0.983129
v 0.0218863 0.0301238 0.141867 0.8 0.8 0.8
vn 0.108637 0.147161 0.983129
v 0.0169044 0.0331767 0.141867 0.8 0.8 0.8
vn 0.0842782 0.162344 0.983129
v 0.0115063 0.0354127 0.141867 0.8 0.8 0.8
vn 0.0578444 0.173529 0.983129
v 0.00582487 0.0367767 0.141867 0.8 0.8 0.8
vn 0.0299863 0.180442 0.983129
v 1.17942e-08 0.0372351 0.141867 0.8 0.8 0.8
vn 0.00138983 0.182911 0.983129
v -0.00582485 0.0367767 0.141867 0.8 0.8 0.8
vn -0.0272409 0.180876 0.983129
v -0.0115063 0.0354127 0.141867 0.8 0.8 0.8
vn -0.0552008 0.174388 0.983129
v -0.0169044 0.0331767 0.141867 0.8 0.8 0.8
vn -0.0818015 0.163606 0.983129
v -0.0218862 0.0301238 0.141867 0.8 0.8 0.8
vn -0.106388 0.148795 0.983129
v -0.0263292 0.0263292 0.141867 0.8 0.8 0.8
vn -0.128355 0.13032 0.983129
v -0.0301238 0.0218862 0.141867 0.8 0.8 0.8
vn -0.147161 0.108637 0.983129
v -0.0331767 0.0169044 0.141867 0.8 0.8 0.8
vn -0.162344 0.0842781 0.983129
v -0.0354127 0.0115063 0.141867 0.8 0.8 0.8
vn -0.173529 0.0578444 0.983129
v -0.0367767 0.00582484 0.141867 0.8 0.8 0.8
vn -0.180442 0.0299863 0.983129
v -0.0372351 -1.30354e-08 0.141867 0.8 0.8 0.8
vn -0.182911 0.00138982 0.983129
v -0.0367767 -0.00582487 0.141867 0.8 0.8 0.8
vn -0.180876 -0.0272409 0.983129
v -0.0354127 -0.0115063 0.141867 0.8 0.8 0.8
vn -0.174388 -0.0552008 0.983129
v -0.0331767 -0.0169044 0.141867 0.8 0.8 0.8
vn -0.163606 -0.0818015 0.983129
v -0.0301238 -0.0218863 0.141867 0.8 0.8 0.8
vn -0.148795 -0.106388 0.983129
v -0.0263292 -0.0263292 0.141867 0.8 0.8 0.8
vn -0.13032 -0.128355 0.983129
v -0.0218863 -0.0301239 0.141867 0.8 0.8 0.8
vn -0.108637 -0.147161 0.983129
v -0.0169044 -0.0331768 0.141867 0.8 0.8 0.8
vn -0.0842782 -0.162344 0.983129
v -0.0115063 -0.0354127 0.141867 0.8 0.8 0.8
vn -0.0578444 -0.173529 0.983129
v -0.00582485 -0.0367767 0.141867 0.8 0.8 0.8
vn -0.0299863 -0.180442 0.983129
v 8.16319e-09 -0.0372351 0.141867 0.8 0.8 0.8
vn -0.00138983 -0.182911 0.983129
v 0.00582487 -0.0367767 0.141867 0.8 0.8 0.8
vn 0.0272409 -0.180876 0.983129
v 0.0115063 -0.0354127 0.141867 0.8 0.8 0.8
vn 0.0552008 -0.174388 0.983129
v 0.0169044 -0.0331768 0.141867 0.8 0.8 0.8
vn 0.0818015 -0.163606 0.983129
v 0.0218863 -0.0301239 0.141867 0.8 0.8 0.8
vn 0.106388 -0.148795 0.983129
v 0.0263292 -0.0263292 0.141867 0.8 0.8 0.8
vn 0.128355 -0.13032 0.983129
v 0.0301239 -0.0218863 0.141867 0.8 0.8 0.8
vn 0.147161 -0.108637 0.983129
v 0.0331768 -0.0169044 0.141867 0.8 0.8 0.8
vn 0.162344 -0.0842781 0.983129
v 0.0354127 -0.0115063 0.141867 0.8 0.8 0.8
vn 0.173529 -0.0578444 0.983129
v 0.0367767 -0.00582487 0.141867 0.8 0.8 0.8
vn 0.180442 -0.0299863 0.983129
v 0.0379583 -1.35681e-08 0.141636 0.8 0.8 0.8
vn 0.425401 -0.00231079 0.905002
v 0.0374909 0.00593796 0.141636 0.8 0.8 0.8
vn 0.420525 0.064265 0.905002
v 0.0361004 0.0117297 0.141636 0.8 0.8 0.8
vn 0.405294 0.129258 0.905002
v 0.0338211 0.0172327 0.141636 0.8 0.8 0.8
vn 0.380084 0.191069 0.905002
v 0.0307089 0.0223113 0.141636 0.8 0.8 0.8
vn 0.345515 0.248175 0.905002
v 0.0268405 0.0268405 0.141636 0.8 0.8 0.8
vn 0.302438 0.29917 0.905002
v 0.0223113 0.0307088 0.141636 0.8 0.8 0.8
vn 0.251914 0.342798 0.905002
v 0.0172327 0.033821 0.141636 0.8 0.8 0.8
vn 0.195187 0.377986 0.905002
v 0.0117298 0.0361004 0.141636 0.8 0.8 0.8
vn 0.133654 0.403866 0.905002
v 0.00593799 0.0374909 0.141636 0.8 0.8 0.8
vn 0.0688297 0.419802 0.905002
v 1.18295e-08 0.0379582 0.141636 0.8 0.8 0.8
vn 0.00231081 0.425401 0.905002
v -0.00593797 0.0374909 0.141636 0.8 0.8 0.8
vn -0.064265 0.420525 0.905002
v -0.0117297 0.0361004 0.141636 0.8 0.8 0.8
vn -0.129258 0.405294 0.905002
v -0.0172327 0.033821 0.141636 0.8 0.8 0.8
vn -0.191069 0.380084 0.905002
v -0.0223113 0.0307088 0.141636 0.8 0.8 0.8
vn -0.248175 0.345515 0.905002
v -0.0268405 0.0268405 0.141636 0.8 0.8 0.8
vn -0.29917 0.302438 0.905002
v -0.0307089 0.0223113 0.141636 0.8 0.8 0.8
vn -0.342798 0.251914 0.905002
v -0.033821 0.0172327 0.141636 0.8 0.8 0.8
vn -0.377986 0.195187 0.905002
v -0.0361004 0.0117297 0.141636 0.8 0.8 0.8
vn -0.403866 0.133654 0.905002
v -0.0374909 0.00593796 0.141636 0.8 0.8 0.8
vn -0.419802 0.0688297 0.905002
v -0.0379582 -1.30302e-08 0.141636 0.8 0.8 0.8
vn -0.425401 0.00231079 0.905002
v -0.0374909 -0.00593799 0.141636 0.8 0.8 0.8
vn -0.420525 -0.064265 0.905002
v -0.0361004 -0.0117298 0.141636 0.8 0.8 0.8
vn -0.405294 -0.129258 0.905002
v -0.033821 -0.0172327 0.141636 0.8 0.8 0.8
vn -0.380084 -0.191069 0.905002
v -0.0307089 -0.0223113 0.141636 0.8 0.8 0.8
vn -0.345515 -0.248175 0.905002
v -0.0268405 -0.0268405 0.141636 0.8 0.8 0.8
vn -0.302438 -0.29917 0.905002
v -0.0223113 -0.0307089 0.141636 0.8 0.8 0.8
vn -0.251914 -0.342798 0.905002
v -0.0172327 -0.0338211 0.141636 0.8 0.8 0.8
vn -0.195187 -0.377986 0.905002
v -0.0117297 -0.0361004 0.141636 0.8 0.8 0.8
vn -0.133654 -0.403866 0.905002
v -0.00593797 -0.0374909 0.141636 0.8 0.8 0.8
vn -0.0688297 -0.419802 0.905002
v 8.12793e-09 -0.0379583 0.141636 0.8 0.8 0.8
vn -0.00231081 -0.425401 0.905002
v 0.00593799 -0.0374909 0.141636 0.8 0.8 0.8
vn 0.064265 -0.420525 0.905002
v 0.0117298 -0.0361004 0.141636 0.8 0.8 0.8
vn 0.129258 -0.405294 0.905002
v 0.0172327 -0.0338211 0.141636 0.8 0.8 0.8
vn 0.191069 -0.380084 0.905002
v 0.0223113 -0.0307089 0.141636 0.8 0.8 0.8
vn 0.248175 -0.345515 0.905002
v 0.0268405 -0.0268405 0.141636 0.8 0.8 0.8
vn 0.29917 -0.302438 0.905002
v 0.0307089 -0.0223113 0.141636 0.8 0.8 0.8
vn 0.342798 -0.251914 0.905002
v 0.0338211 -0.0172327 0.141636 0.8 0.8 0.8
vn 0.377986 -0.195187 0.905002
v 0.0361004 -0.0117298 0.141636 0.8 0.8 0.8
vn 0.403866 -0.133654 0.905002
v 0.0374909 -0.00593799 0.141636 0.8 0.8 0.8
vn 0.419802 -0.0688297 0.905002
v 0.0384516 -1.35716e-08 0.141296 0.8 0.8 0.8
vn 0.690806 -0.00313155 0.723033
v 0.0379782 0.00601515 0.141296 0.8 0.8 0.8
vn 0.682791 0.104973 0.723033
v 0.0365697 0.0118822 0.141296 0.8 0.8 0.8
vn 0.657963 0.210492 0.723033
v 0.0342607 0.0174567 0.141296 0.8 0.8 0.8
vn 0.616934 0.310829 0.723033
v 0.031108 0.0226013 0.141296 0.8 0.8 0.8
vn 0.560715 0.403512 0.723033
v 0.0271894 0.0271894 0.141296 0.8 0.8 0.8
vn 0.490688 0.486259 0.723033
v 0.0226013 0.031108 0.141296 0.8 0.8 0.8
vn 0.408579 0.557033 0.723033
v 0.0174567 0.0342606 0.141296 0.8 0.8 0.8
vn 0.31641 0.614091 0.723033
v 0.0118822 0.0365697 0.141296 0.8 0.8 0.8
vn 0.216449 0.656028 0.723033
v 0.00601517 0.0379782 0.141296 0.8 0.8 0.8
vn 0.111159 0.681811 0.723033
v 1.18536e-08 0.0384516 0.141296 0.8 0.8 0.8
vn 0.00313158 0.690806 0.723033
v -0.00601515 0.0379782 0.141296 0.8 0.8 0.8
vn -0.104973 0.682791 0.723033
v -0.0118822 0.0365697 0.141296 0.8 0.8 0.8
vn -0.210492 0.657963 0.723033
v -0.0174567 0.0342606 0.141296 0.8 0.8 0.8
vn -0.310829 0.616934 0.723033
v -0.0226013 0.031108 0.141296 0.8 0.8 0.8
vn -0.403512 0.560714 0.723033
v -0.0271894 0.0271894 0.141296 0.8 0.8 0.8
vn -0.486259 0.490688 0.723033
v -0.031108 0.0226013 0.141296 0.8 0.8 0.8
vn -0.557033 0.408579 0.723033
v -0.0342606 0.0174567 0.141296 0.8 0.8 0.8
vn -0.614091 0.31641 0.723033
v -0.0365697 0.0118822 0.141296 0.8 0.8 0.8
vn -0.656028 0.216449 0.723033
v -0.0379782 0.00601515 0.141296 0.8 0.8 0.8
vn -0.681811 0.111159 0.723033
v -0.0384516 -1.30267e-08 0.141296 0.8 0.8 0.8
vn -0.690806 0.00313155 0.723033
v -0.0379782 -0.00601517 0.141296 0.8 0.8 0.8
vn -0.682791 -0.104973 0.723033
v -0.0365697 -0.0118822 0.141296 0.8 0.8 0.8
vn -0.657963 -0.210492 0.723033
v -0.0342606 -0.0174567 0.141296 0.8 0.8 0.8
vn -0.616934 -0.310829 0.723033
v -0.031108 -0.0226013 0.141296 0.8 0.8 0.8
vn -0.560715 -0.403512 0.723033
v -0.0271894 -0.0271894 0.141296 0.8 0.8 0.8
vn -0.490688 -0.486259 0.723033
v -0.0226013 -0.031108 0.141296 0.8 0.8 0.8
vn -0.408579 -0.557033 0.723033
v -0.0174567 -0.0342607 0.141296 0.8 0.8 0.8
vn -0.31641 -0.614091 0.723033
v -0.0118822 -0.0365697 0.141296 0.8 0.8 0.8
vn -0.216449 -0.656028 0.723033
v -0.00601515 -0.0379782 0.141296 0.8 0.8 0.8
vn -0.111159 -0.681811 0.723033
v 8.10387e-09 -0.0384516 0.141296 0.8 0.8 0.8
vn -0.00313158 -0.690806 0.723033
v 0.00601517 -0.0379782 0.141296 0.8 0.8 0.8
vn 0.104973 -0.682791 0.723033
v 0.0118822 -0.0365697 0.141296 0.8 0.8 0.8
vn 0.210492 -0.657963 0.723033
v 0.0174567 -0.0342607 0.141296 0.8 0.8 0.8
vn 0.310829 -0.616934 0.723033
v 0.0226013 -0.031108 0.141296 0.8 0.8 0.8
vn 0.403512 -0.560714 0.723033
v 0.0271894 -0.0271894 0.141296 0.8 0.8 0.8
vn 0.486259 -0.490688 0.723033
v 0.031108 -0.0226013 0.141296 0.8 0.8 0.8
vn 0.557033 -0.408579 0.723033
v 0.0342607 -0.0174567 0.141296 0.8 0.8 0.8
vn 0.614091 -0.31641 0.723033
v 0.0365697 -0.0118822 0.141296 0.8 0.8 0.8
vn 0.656028 -0.216449 0.723033
v 0.0379782 -0.00601517 0.141296 0.8 0.8 0.8
vn 0.681811 -0.111159 0.723033
v 0.0388086 -1.35742e-08 0.140825 0.8 0.8 0.8
vn 0.874163 -0.00369164 0.485619
v 0.0383308 0.00607099 0.140825 0.8 0.8 0.8
vn 0.863978 0.133103 0.485619
v 0.0369092 0.0119925 0.140825 0.8 0.8 0.8
vn 0.832519 0.26662 0.485619
v 0.0345787 0.0176187 0.140825 0.8 0.8 0.8
vn 0.780561 0.393572 0.485619
v 0.0313968 0.0228111 0.140825 0.8 0.8 0.8
vn 0.709382 0.510833 0.485619
v 0.0274418 0.0274418 0.140825 0.8 0.8 0.8
vn 0.620737 0.615516 0.485619
v 0.0228111 0.0313968 0.140825 0.8 0.8 0.8
vn 0.516807 0.705042 0.485619
v 0.0176187 0.0345787 0.140825 0.8 0.8 0.8
vn 0.400151 0.777209 0.485619
v 0.0119925 0.0369092 0.140825 0.8 0.8 0.8
vn 0.273642 0.830237 0.485619
v 0.00607101 0.0383308 0.140825 0.8 0.8 0.8
vn 0.140395 0.862823 0.485619
v 1.1871e-08 0.0388086 0.140825 0.8 0.8 0.8
vn 0.00369168 0.874163 0.485619
v -0.00607099 0.0383308 0.140825 0.8 0.8 0.8
vn -0.133103 0.863978 0.485619
v -0.0119925 0.0369092 0.140825 0.8 0.8 0.8
vn -0.26662 0.832519 0.485619
v -0.0176187 0.0345787 0.140825 0.8 0.8 0.8
vn -0.393572 0.780561 0.485619
v -0.0228111 0.0313968 0.140825 0.8 0.8 0.8
vn -0.510833 0.709382 0.485619
v -0.0274418 0.0274418 0.140825 0.8 0.8 0.8
vn -0.615516 0.620737 0.485619
v -0.0313968 0.0228111 0.140825 0.8 0.8 0.8
vn -0.705043 0.516806 0.485619
v -0.0345787 0.0176187 0.140825 0.8 0.8 0.8
vn -0.777209 0.400151 0.485619
v -0.0369092 0.0119925 0.140825 0.8 0.8 0.8
vn -0.830237 0.273642 0.485619
v -0.0383308 0.00607099 0.140825 0.8 0.8 0.8
vn -0.862823 0.140395 0.485619
v -0.0388086 -1.30242e-08 0.140825 0.8 0.8 0.8
vn -0.874163 0.00369164 0.485619
v -0.0383308 -0.00607102 0.140825 0.8 0.8 0.8
vn -0.863978 -0.133103 0.485619
v -0.0369092 -0.0119925 0.140825 0.8 0.8 0.8
vn -0.832519 -0.26662 0.485619
v -0.0345787 -0.0176187 0.140825 0.8 0.8 0.8
vn -0.780561 -0.393572 0.485619
v -0.0313968 -0.0228111 0.140825 0.8 0.8 0.8
vn -0.709382 -0.510833 0.485619
v -0.0274418 -0.0274418 0.140825 0.8 0.8 0.8
vn -0.620737 -0.615516 0.485619
v -0.0228111 -0.0313968 0.140825 0.8 0.8 0.8
vn -0.516807 -0.705042 0.485619
v -0.0176187 -0.0345787 0.140825 0.8 0.8 0.8
vn -0.400151 -0.777209 0.485619
v -0.0119925 -0.0369092 0.140825 0.8 0.8 0.8
vn -0.273642 -0.830237 0.485619
v -0.00607099 -0.0383308 0.140825 0.8 0.8 0.8
vn -0.140395 -0.862823 0.485619
v 8.08647e-09 -0.0388086 0.140825 0.8 0.8 0.8
vn -0.00369168 -0.874163 0.485619
v 0.00607101 -0.0383308 0.140825 0.8 0.8 0.8
vn 0.133103 -0.863978 0.485619
v 0.0119925 -0.0369092 0.140825 0.8 0.8 0.8
vn 0.26662 -0.832519 0.485619
v 0.0176187 -0.0345787 0.140825 0.8 0.8 0.8
vn 0.393572 -0.780561 0.485619
v 0.0228111 -0.0313968 0.140825 0.8 0.8 0.8
vn 0.510833 -0.709382 0.485619
v 0.0274418 -0.0274418 0.140825 0.8 0.8 0.8
vn 0.615516 -0.620737 0.485619
v 0.0313968 -0.0228111 0.140825 0.8 0.8 0.8
vn 0.705043 -0.516806 0.485619
v 0.0345787 -0.0176187 0.140825 0.8 0.8 0.8
vn 0.777209 -0.400151 0.485619
v 0.0369092 -0.0119925 0.140825 0.8 0.8 0.8
vn 0.830237 -0.273642 0.485619
v 0.0383308 -0.00607102 0.140825 0.8 0.8 0.8
vn 0.862823 -0.140395 0.485619
v 0.0390708 -1.3576e-08 0.140183 0.8 0.8 0.8
vn 0.95918 -0.00417785 0.282766
v 0.0385897 0.006112 0.140183 0.8 0.8 0.8
vn 0.948024 0.145922 0.282766
v 0.0371585 0.0120735 0.140183 0.8 0.8 0.8
vn 0.913525 0.292429 0.282766
v 0.0348123 0.0177377 0.140183 0.8 0.8 0.8
vn 0.856532 0.431736 0.282766
v 0.0316089 0.0229652 0.140183 0.8 0.8 0.8
vn 0.778449 0.560412 0.282766
v 0.0276272 0.0276272 0.140183 0.8 0.8 0.8
vn 0.681197 0.675288 0.282766
v 0.0229652 0.0316089 0.140183 0.8 0.8 0.8
vn 0.567172 0.773537 0.282766
v 0.0177378 0.0348123 0.140183 0.8 0.8 0.8
vn 0.439181 0.852739 0.282766
v 0.0120735 0.0371585 0.140183 0.8 0.8 0.8
vn 0.300376 0.910943 0.282766
v 0.00611202 0.0385897 0.140183 0.8 0.8 0.8
vn 0.154175 0.946717 0.282766
v 1.18837e-08 0.0390707 0.140183 0.8 0.8 0.8
vn 0.00417789 0.95918 0.282766
v -0.006112 0.0385897 0.140183 0.8 0.8 0.8
vn -0.145922 0.948024 0.282766
v -0.0120735 0.0371585 0.140183 0.8 0.8 0.8
vn -0.292429 0.913525 0.282766
v -0.0177377 0.0348123 0.140183 0.8 0.8 0.8
vn -0.431736 0.856532 0.282766
v -0.0229652 0.0316089 0.140183 0.8 0.8 0.8
vn -0.560412 0.778448 0.282766
v -0.0276272 0.0276272 0.140183 0.8 0.8 0.8
vn -0.675288 0.681197 0.282766
v -0.0316089 0.0229652 0.140183 0.8 0.8 0.8
vn -0.773537 0.567172 0.282766
v -0.0348123 0.0177377 0.140183 0.8 0.8 0.8
vn -0.852739 0.439181 0.282766
v -0.0371585 0.0120735 0.140183 0.8 0.8 0.8
vn -0.910943 0.300376 0.282766
v -0.0385897 0.006112 0.140183 0.8 0.8 0.8
vn -0.946717 0.154175 0.282766
v -0.0390707 -1.30224e-08 0.140183 0.8 0.8 0.8
vn -0.95918 0.00417785 0.282766
v -0.0385897 -0.00611202 0.140183 0.8 0.8 0.8
vn -0.948024 -0.145922 0.282766
v -0.0371585 -0.0120735 0.140183 0.8 0.8 0.8
vn -0.913525 -0.292429 0.282766
v -0.0348123 -0.0177378 0.140183 0.8 0.8 0.8
vn -0.856532 -0.431736 0.282766
v -0.0316089 -0.0229652 0.140183 0.8 0.8 0.8
vn -0.778449 -0.560412 0.282766
v -0.0276272 -0.0276272 0.140183 0.8 0.8 0.8
vn -0.681197 -0.675288 0.282766
v -0.0229652 -0.0316089 0.140183 0.8 0.8 0.8
vn -0.567172 -0.773537 0.282766
v -0.0177377 -0.0348123 0.140183 0.8 0.8 0.8
vn -0.439181 -0.852739 0.282766
v -0.0120735 -0.0371585 0.140183 0.8 0.8 0.8
vn -0.300376 -0.910943 0.282766
v -0.006112 -0.0385897 0.140183 0.8 0.8 0.8
vn -0.154175 -0.946717 0.282766
v 8.07368e-09 -0.0390707 0.140183 0.8 0.8 0.8
vn -0.00417789 -0.95918 0.282766
v 0.00611202 -0.0385897 0.140183 0.8 0.8 0.8
vn 0.145922 -0.948024 0.282766
v 0.0120735 -0.0371585 0.140183 0.8 0.8 0.8
vn 0.292429 -0.913525 0.282766
v 0.0177378 -0.0348123 0.140183 0.8 0.8 0.8
vn 0.431736 -0.856532 0.282766
v 0.0229652 -0.0316089 0.140183 0.8 0.8 0.8
vn 0.560412 -0.778448 0.282766
v 0.0276272 -0.0276272 0.140183 0.8 0.8 0.8
vn 0.675288 -0.681197 0.282766
v 0.0316089 -0.0229652 0.140183 0.8 0.8 0.8
vn 0.773537 -0.567172 0.282766
v 0.0348123 -0.0177378 0.140183 0.8 0.8 0.8
vn 0.852739 -0.439181 0.282766
v 0.0371585 -0.0120735 0.140183 0.8 0.8 0.8
vn 0.910943 -0.300376 0.282766
v 0.0385897 -0.00611202 0.140183 0.8 0.8 0.8
vn 0.946717 -0.154175 0.282766
v 0.0392598 -1.35774e-08 0.139295 0.8 0.8 0.8
vn 0.989648 -0.00500402 0.14343
v 0.0387764 0.00614157 0.139295 0.8 0.8 0.8
vn 0.978247 0.149873 0.14343
v 0.0373383 0.0121319 0.139295 0.8 0.8 0.8
vn 0.942757 0.301059 0.14343
v 0.0349807 0.0178235 0.139295 0.8 0.8 0.8
vn 0.884055 0.444832 0.14343
v 0.0317618 0.0230763 0.139295 0.8 0.8 0.8
vn 0.803583 0.577652 0.14343
v 0.0277609 0.0277608 0.139295 0.8 0.8 0.8
vn 0.703325 0.696248 0.14343
v 0.0230763 0.0317618 0.139295 0.8 0.8 0.8
vn 0.585749 0.797701 0.14343
v 0.0178236 0.0349807 0.139295 0.8 0.8 0.8
vn 0.453749 0.879511 0.14343
v 0.0121319 0.0373382 0.139295 0.8 0.8 0.8
vn 0.310577 0.939665 0.14343
v 0.00614159 0.0387764 0.139295 0.8 0.8 0.8
vn 0.159758 0.976681 0.14343
v 1.1893e-08 0.0392598 0.139295 0.8 0.8 0.8
vn 0.00500407 0.989648 0.14343
v -0.00614157 0.0387764 0.139295 0.8 0.8 0.8
vn -0.149873 0.978246 0.14343
v -0.0121319 0.0373382 0.139295 0.8 0.8 0.8
vn -0.301059 0.942757 0.14343
v -0.0178236 0.0349807 0.139295 0.8 0.8 0.8
vn -0.444832 0.884054 0.14343
v -0.0230763 0.0317618 0.139295 0.8 0.8 0.8
vn -0.577652 0.803583 0.14343
v -0.0277608 0.0277608 0.139295 0.8 0.8 0.8
vn -0.696248 0.703325 0.14343
v -0.0317618 0.0230763 0.139295 0.8 0.8 0.8
vn -0.797701 0.585749 0.14343
v -0.0349807 0.0178235 0.139295 0.8 0.8 0.8
vn -0.879511 0.453749 0.14343
v -0.0373383 0.0121319 0.139295 0.8 0.8 0.8
vn -0.939665 0.310577 0.14343
v -0.0387764 0.00614157 0.139295 0.8 0.8 0.8
vn -0.976681 0.159757 0.14343
v -0.0392598 -1.3021e-08 0.139295 0.8 0.8 0.8
vn -0.989648 0.00500402 0.14343
v -0.0387764 -0.00614159 0.139295 0.8 0.8 0.8
vn -0.978247 -0.149873 0.14343
v -0.0373383 -0.0121319 0.139295 0.8 0.8 0.8
vn -0.942757 -0.301059 0.14343
v -0.0349807 -0.0178236 0.139295 0.8 0.8 0.8
vn -0.884055 -0.444832 0.14343
v -0.0317618 -0.0230763 0.139295 0.8 0.8 0.8
vn -0.803583 -0.577652 0.14343
v -0.0277608 -0.0277609 0.139295 0.8 0.8 0.8
vn -0.703325 -0.696248 0.14343
v -0.0230763 -0.0317618 0.139295 0.8 0.8 0.8
vn -0.585749 -0.797701 0.14343
v -0.0178236 -0.0349807 0.139295 0.8 0.8 0.8
vn -0.453749 -0.879511 0.14343
v -0.0121319 -0.0373383 0.139295 0.8 0.8 0.8
vn -0.310577 -0.939665 0.14343
v -0.00614157 -0.0387764 0.139295 0.8 0.8 0.8
vn -0.159758 -0.976681 0.14343
v 8.06447e-09 -0.0392598 0.139295 0.8 0.8 0.8
vn -0.00500407 -0.989648 0.14343
v 0.00614159 -0.0387764 0.139295 0.8 0.8 0.8
vn 0.149873 -0.978246 0.14343
v 0.0121319 -0.0373383 0.139295 0.8 0.8 0.8
vn 0.301059 -0.942757 0.14343
v 0.0178236 -0.0349807 0.139295 0.8 0.8 0.8
vn 0.444832 -0.884054 0.14343
v 0.0230763 -0.0317618 0.139295 0.8 0.8 0.8
vn 0.577652 -0.803583 0.14343
v 0.0277609 -0.0277609 0.139295 0.8 0.8 0.8
vn 0.696248 -0.703325 0.14343
v 0.0317618 -0.0230763 0.139295 0.8 0.8 0.8
vn 0.797701 -0.585749 0.14343
v 0.0349807 -0.0178236 0.139295 0.8 0.8 0.8
vn 0.879511 -0.453749 0.14343
v 0.0373383 -0.0121319 0.139295 0.8 0.8 0.8
vn 0.939665 -0.310577 0.14343
v 0.0387764 -0.00614159 0.139295 0.8 0.8 0.8
vn 0.976681 -0.159757 0.14343
v 0.039388 -1.35783e-08 0.137995 0.8 0.8 0.8
vn 0.998343 -0.00701818 0.0571203
v 0.0389031 0.00616163 0.137995 0.8 0.8 0.8
vn 0.987149 0.149243 0.0571203
v 0.0374602 0.0121716 0.137995 0.8 0.8 0.8
vn 0.951649 0.30183 0.0571203
v 0.035095 0.0178818 0.137995 0.8 0.8 0.8
vn 0.892716 0.446985 0.0571203
v 0.0318656 0.0231517 0.137995 0.8 0.8 0.8
vn 0.811801 0.581133 0.0571203
v 0.0278515 0.0278515 0.137995 0.8 0.8 0.8
vn 0.710898 0.700972 0.0571203
v 0.0231517 0.0318656 0.137995 0.8 0.8 0.8
vn 0.592489 0.803551 0.0571203
v 0.0178818 0.035095 0.137995 0.8 0.8 0.8
vn 0.459491 0.886344 0.0571203
v 0.0121716 0.0374602 0.137995 0.8 0.8 0.8
vn 0.31518 0.947311 0.0571203
v 0.00616165 0.0389031 0.137995 0.8 0.8 0.8
vn 0.163107 0.984953 0.0571203
v 1.18992e-08 0.039388 0.137995 0.8 0.8 0.8
vn 0.00701822 0.998343 0.0571203
v -0.00616163 0.0389031 0.137995 0.8 0.8 0.8
vn -0.149243 0.987149 0.0571203
v -0.0121716 0.0374602 0.137995 0.8 0.8 0.8
vn -0.30183 0.951649 0.0571203
v -0.0178818 0.035095 0.137995 0.8 0.8 0.8
vn -0.446985 0.892716 0.0571203
v -0.0231517 0.0318656 0.137995 0.8 0.8 0.8
vn -0.581133 0.811801 0.0571203
v -0.0278515 0.0278515 0.137995 0.8 0.8 0.8
vn -0.700972 0.710897 0.0571203
v -0.0318656 0.0231517 0.137995 0.8 0.8 0.8
vn -0.803551 0.592489 0.0571203
v -0.035095 0.0178818 0.137995 0.8 0.8 0.8
vn -0.886344 0.459491 0.0571203
v -0.0374602 0.0121716 0.137995 0.8 0.8 0.8
vn -0.947312 0.31518 0.0571203
v -0.0389031 0.00616163 0.137995 0.8 0.8 0.8
vn -0.984954 0.163107 0.0571203
v -0.039388 -1.30201e-08 0.137995 0.8 0.8 0.8
vn -0.998343 0.00701818 0.0571203
v -0.0389031 -0.00616166 0.137995 0.8 0.8 0.8
vn -0.987149 -0.149243 0.0571203
v -0.0374602 -0.0121716 0.137995 0.8 0.8 0.8
vn -0.951649 -0.30183 0.0571203
v -0.035095 -0.0178818 0.137995 0.8 0.8 0.8
vn -0.892716 -0.446985 0.0571203
v -0.0318656 -0.0231517 0.137995 0.8 0.8 0.8
vn -0.811801 -0.581133 0.0571203
v -0.0278515 -0.0278515 0.137995 0.8 0.8 0.8
vn -0.710898 -0.700972 0.0571203
v -0.0231517 -0.0318656 0.137995 0.8 0.8 0.8
vn -0.592489 -0.803551 0.0571203
v -0.0178818 -0.035095 0.137995 0.8 0.8 0.8
vn -0.459491 -0.886344 0.0571203
v -0.0121716 -0.0374602 0.137995 0.8 0.8 0.8
vn -0.31518 -0.947311 0.0571203
v -0.00616163 -0.0389031 0.137995 0.8 0.8 0.8
vn -0.163107 -0.984953 0.0571203
v 8.05821e-09 -0.039388 0.137995 0.8 0.8 0.8
vn -0.00701822 -0.998343 0.0571203
v 0.00616165 -0.0389031 0.137995 0.8 0.8 0.8
vn 0.149243 -0.987149 0.0571203
v 0.0121716 -0.0374602 0.137995 0.8 0.8 0.8
vn 0.30183 -0.951649 0.0571203
v 0.0178818 -0.035095 0.137995 0.8 0.8 0.8
vn 0.446985 -0.892716 0.0571203
v 0.0231517 -0.0318656 0.137995 0.8 0.8 0.8
vn 0.581133 -0.811801 0.0571203
v 0.0278515 -0.0278515 0.137995 0.8 0.8 0.8
vn 0.700972 -0.710897 0.0571203
v 0.0318656 -0.0231517 0.137995 0.8 0.8 0.8
vn 0.803551 -0.592489 0.0571203
v 0.035095 -0.0178818 0.137995 0.8 0.8 0.8
vn 0.886344 -0.459491 0.0571203
v 0.0374602 -0.0121716 0.137995 0.8 0.8 0.8
vn 0.947312 -0.31518 0.0571203
v 0.0389031 -0.00616166 0.137995 0.8 0.8 0.8
vn 0.984954 -0.163107 0.0571203
v 0.0394625 -1.35788e-08 0.135754 0.8 0.8 0.8
vn 0.999707 -0.0241399 0.00176579
v 0.0389767 0.00617328 0.135754 0.8 0.8 0.8
vn 0.991175 0.132546 0.00176579
v 0.0375311 0.0121946 0.135754 0.8 0.8 0.8
vn 0.958238 0.285968 0.00176579
v 0.0351614 0.0179156 0.135754 0.8 0.8 0.8
vn 0.901705 0.432349 0.00176579
v 0.0319259 0.0231955 0.135754 0.8 0.8 0.8
vn 0.822969 0.568083 0.00176579
v 0.0279042 0.0279042 0.135754 0.8 0.8 0.8
vn 0.723969 0.68983 0.00176579
v 0.0231955 0.0319258 0.135754 0.8 0.8 0.8
vn 0.607143 0.794591 0.00176579
v 0.0179156 0.0351613 0.135754 0.8 0.8 0.8
vn 0.475366 0.879786 0.00176579
v 0.0121946 0.0375311 0.135754 0.8 0.8 0.8
vn 0.331885 0.943318 0.00176579
v 0.00617331 0.0389766 0.135754 0.8 0.8 0.8
vn 0.180231 0.983623 0.00176579
v 1.19029e-08 0.0394625 0.135754 0.8 0.8 0.8
vn 0.02414 0.999707 0.00176579
v -0.00617329 0.0389766 0.135754 0.8 0.8 0.8
vn -0.132546 0.991175 0.00176579
v -0.0121946 0.0375311 0.135754 0.8 0.8 0.8
vn -0.285968 0.958237 0.00176579
v -0.0179156 0.0351613 0.135754 0.8 0.8 0.8
vn -0.432349 0.901705 0.00176579
v -0.0231955 0.0319258 0.135754 0.8 0.8 0.8
vn -0.568083 0.822969 0.00176579
v -0.0279042 0.0279042 0.135754 0.8 0.8 0.8
vn -0.68983 0.723969 0.00176579
v -0.0319258 0.0231955 0.135754 0.8 0.8 0.8
vn -0.794591 0.607143 0.00176579
v -0.0351613 0.0179156 0.135754 0.8 0.8 0.8
vn -0.879786 0.475366 0.00176579
v -0.0375311 0.0121946 0.135754 0.8 0.8 0.8
vn -0.943318 0.331885 0.00176579
v -0.0389767 0.00617328 0.135754 0.8 0.8 0.8
vn -0.983623 0.180231 0.00176579
v -0.0394625 -1.30196e-08 0.135754 0.8 0.8 0.8
vn -0.999707 0.0241399 0.00176579
v -0.0389767 -0.00617331 0.135754 0.8 0.8 0.8
vn -0.991175 -0.132546 0.00176579
v -0.0375311 -0.0121946 0.135754 0.8 0.8 0.8
vn -0.958238 -0.285968 0.00176579
v -0.0351613 -0.0179156 0.135754 0.8 0.8 0.8
vn -0.901705 -0.432349 0.00176579
v -0.0319258 -0.0231955 0.135754 0.8 0.8 0.8
vn -0.822969 -0.568083 0.00176579
v -0.0279042 -0.0279042 0.135754 0.8 0.8 0.8
vn -0.723969 -0.68983 0.00176579
v -0.0231955 -0.0319259 0.135754 0.8 0.8 0.8
vn -0.607143 -0.794591 0.00176579
v -0.0179156 -0.0351614 0.135754 0.8 0.8 0.8
vn -0.475366 -0.879786 0.00176579
v -0.0121946 -0.0375311 0.135754 0.8 0.8 0.8
vn -0.331885 -0.943318 0.00176579
v -0.00617329 -0.0389767 0.135754 0.8 0.8 0.8
vn -0.180231 -0.983623 0.00176579
v 8.05458e-09 -0.0394625 0.135754 0.8 0.8 0.8
vn -0.02414 -0.999707 0.00176579
v 0.00617331 -0.0389767 0.135754 0.8 0.8 0.8
vn 0.132546 -0.991175 0.00176579
v 0.0121946 -0.0375311 0.135754 0.8 0.8 0.8
vn 0.285968 -0.958237 0.00176579
v 0.0179156 -0.0351614 0.135754 0.8 0.8 0.8
vn 0.432349 -0.901705 0.00176579
v 0.0231955 -0.0319259 0.135754 0.8 0.8 0.8
vn 0.568083 -0.822969 0.00176579
v 0.0279042 -0.0279042 0.135754 0.8 0.8 0.8
vn 0.68983 -0.723969 0.00176579
v 0.0319259 -0.0231955 0.135754 0.8 0.8 0.8
vn 0.794591 -0.607143 0.00176579
v 0.0351614 -0.0179156 0.135754 0.8 0.8 0.8
vn 0.879786 -0.475366 0.00176579
v 0.0375311 -0.0121946 0.135754 0.8 0.8 0.8
vn 0.943318 -0.331885 0.00176579
v 0.0389767 -0.00617331 0.135754 0.8 0.8 0.8
vn 0.983623 -0.180231 0.00176579
v 0.039487 -1.3579e-08 0.0820061 0.8 0.8 0.8
vn 0.99999 -0.00444951 -3.07842e-18
v 0.0390008 0.00617711 0.0820061 0.8 0.8 0.8
vn 0.988375 0.152038 -3.03961e-18
v 0.0375543 0.0122021 0.0820061 0.8 0.8 0.8
vn 0.952422 0.304782 3.94262e-18
v 0.0351832 0.0179267 0.0820061 0.8 0.8 0.8
vn 0.893018 0.450021 1.81988e-17
v 0.0319456 0.0232098 0.0820061 0.8 0.8 0.8
vn 0.811624 0.58418 1.29813e-17
v 0.0279215 0.0279215 0.0820061 0.8 0.8 0.8
vn 0.710246 0.703953 1.29493e-17
v 0.0232099 0.0319456 0.0820061 0.8 0.8 0.8
vn 0.591379 0.806394 2.41854e-17
v 0.0179267 0.0351831 0.0820061 0.8 0.8 0.8
vn 0.457951 0.888978 8.1314e-18
v 0.0122022 0.0375543 0.0820061 0.8 0.8 0.8
vn 0.313246 0.949672 8.11032e-18
v 0.00617713 0.0390008 0.0820061 0.8 0.8 0.8
vn 0.160828 0.986982 2.54231e-17
v 1.1904e-08 0.0394869 0.0820061 0.8 0.8 0.8
vn 0.00444955 0.99999 2.2594e-17
v -0.00617711 0.0390008 0.0820061 0.8 0.8 0.8
vn -0.152038 0.988375 2.03941e-17
v -0.0122021 0.0375543 0.0820061 0.8 0.8 0.8
vn -0.304782 0.952422 2.39714e-17
v -0.0179267 0.0351831 0.0820061 0.8 0.8 0.8
vn -0.450021 0.893018 3.25616e-17
v -0.0232098 0.0319456 0.0820061 0.8 0.8 0.8
vn -0.58418 0.811624 2.25825e-17
v -0.0279215 0.0279215 0.0820061 0.8 0.8 0.8
vn -0.703954 0.710246 4.884e-18
v -0.0319456 0.0232098 0.0820061 0.8 0.8 0.8
vn -0.806394 0.591379 2.94157e-17
v -0.0351831 0.0179267 0.0820061 0.8 0.8 0.8
vn -0.888978 0.457951 1.70249e-17
v -0.0375543 0.0122021 0.0820061 0.8 0.8 0.8
vn -0.949672 0.313246 -6.60664e-18
v -0.0390008 0.00617711 0.0820061 0.8 0.8 0.8
vn -0.986983 0.160828 1.01659e-17
v -0.039487 -1.30194e-08 0.0820061 0.8 0.8 0.8
vn -0.99999 0.00444951 3.0122e-18
v -0.0390008 -0.00617713 0.0820061 0.8 0.8 0.8
vn -0.988375 -0.152038 -3.64781e-18
v -0.0375543 -0.0122022 0.0820061 0.8 0.8 0.8
vn -0.952422 -0.304782 1.29966e-17
v -0.0351831 -0.0179267 0.0820061 0.8 0.8 0.8
vn -0.893018 -0.450021 2.40415e-18
v -0.0319456 -0.0232099 0.0820061 0.8 0.8 0.8
vn -0.811624 -0.58418 -2.36193e-17
v -0.0279215 -0.0279215 0.0820061 0.8 0.8 0.8
vn -0.710246 -0.703953 -2.60372e-17
v -0.0232098 -0.0319456 0.0820061 0.8 0.8 0.8
vn -0.591379 -0.806394 -2.3435e-17
v -0.0179267 -0.0351832 0.0820061 0.8 0.8 0.8
vn -0.457951 -0.888978 -1.3009e-17
v -0.0122021 -0.0375543 0.0820061 0.8 0.8 0.8
vn -0.313246 -0.949672 -1.76338e-17
v -0.00617711 -0.0390008 0.0820061 0.8 0.8 0.8
vn -0.160828 -0.986982 -1.9762e-17
v 8.05339e-09 -0.039487 0.0820061 0.8 0.8 0.8
vn -0.00444955 -0.99999 -2.2914e-17
v 0.00617713 -0.0390008 0.0820061 0.8 0.8 0.8
vn 0.152038 -0.988375 -2.57131e-17
v 0.0122022 -0.0375543 0.0820061 0.8 0.8 0.8
vn 0.304782 -0.952422 -2.55384e-17
v 0.0179267 -0.0351832 0.0820061 0.8 0.8 0.8
vn 0.450021 -0.893018 -3.79027e-17
v 0.0232099 -0.0319456 0.0820061 0.8 0.8 0.8
vn 0.58418 -0.811624 -2.19204e-17
v 0.0279215 -0.0279215 0.0820061 0.8 0.8 0.8
vn 0.703954 -0.710246 -1.17612e-18
v 0.0319456 -0.0232099 0.0820061 0.8 0.8 0.8
vn 0.806394 -0.591379 -3.01917e-18
v 0.0351832 -0.0179267 0.0820061 0.8 0.8 0.8
vn 0.888978 -0.457951 -1.86692e-17
v 0.0375543 -0.0122022 0.0820061 0.8 0.8 0.8
vn 0.949672 -0.313246 -2.48882e-17
v 0.0390008 -0.00617714 0.0820061 0.8 0.8 0.8
vn 0.986983 -0.160828 -3.96405e-18
v 0.0394625 -1.35788e-08 0.00629145 0.8 0.8 0.8
vn 0.999693 0.0247305 -0.00126818
v 0.0389767 0.00617328 0.00629145 0.8 0.8 0.8
vn 0.983517 0.180813 -0.00126818
v 0.0375311 0.0121946 0.00629145 0.8 0.8 0.8
vn 0.943123 0.332442 -0.00126818
v 0.0351614 0.0179156 0.00629145 0.8 0.8 0.8
vn 0.879506 0.475886 -0.00126818
v 0.0319259 0.0231955 0.00629145 0.8 0.8 0.8
vn 0.794233 0.607612 -0.00126818
v 0.0279042 0.0279042 0.00629145 0.8 0.8 0.8
vn 0.689403 0.724377 -0.00126818
v 0.0231955 0.0319258 0.00629145 0.8 0.8 0.8
vn 0.567598 0.823305 -0.00126818
v 0.0179156 0.0351613 0.00629145 0.8 0.8 0.8
vn 0.431816 0.901961 -0.00126818
v 0.0121946 0.0375311 0.00629145 0.8 0.8 0.8
vn 0.285402 0.958407 -0.00126818
v 0.00617331 0.0389766 0.00629145 0.8 0.8 0.8
vn 0.13196 0.991254 -0.00126818
v 1.19029e-08 0.0394625 0.00629145 0.8 0.8 0.8
vn -0.0247305 0.999693 -0.00126818
v -0.00617329 0.0389766 0.00629145 0.8 0.8 0.8
vn -0.180813 0.983517 -0.00126818
v -0.0121946 0.0375311 0.00629145 0.8 0.8 0.8
vn -0.332442 0.943123 -0.00126818
v -0.0179156 0.0351613 0.00629145 0.8 0.8 0.8
vn -0.475886 0.879506 -0.00126818
v -0.0231955 0.0319258 0.00629145 0.8 0.8 0.8
vn -0.607612 0.794233 -0.00126818
v -0.0279042 0.0279042 0.00629145 0.8 0.8 0.8
vn -0.724377 0.689403 -0.00126818
v -0.0319258 0.0231955 0.00629145 0.8 0.8 0.8
vn -0.823305 0.567598 -0.00126818
v -0.0351613 0.0179156 0.00629145 0.8 0.8 0.8
vn -0.901961 0.431816 -0.00126818
v -0.0375311 0.0121946 0.00629145 0.8 0.8 0.8
vn -0.958407 0.285402 -0.00126818
v -0.0389767 0.00617328 0.00629145 0.8 0.8 0.8
vn -0.991254 0.13196 -0.00126818
v -0.0394625 -1.30196e-08 0.00629145 0.8 0.8 0.8
vn -0.999693 -0.0247305 -0.00126818
v -0.0389767 -0.00617331 0.00629145 0.8 0.8 0.8
vn -0.983517 -0.180813 -0.00126818
v -0.0375311 -0.0121946 0.00629145 0.8 0.8 0.8
vn -0.943123 -0.332442 -0.00126818
v -0.0351613 -0.0179156 0.00629145 0.8 0.8 0.8
vn -0.879506 -0.475886 -0.00126818
v -0.0319258 -0.0231955 0.00629145 0.8 0.8 0.8
vn -0.794233 -0.607612 -0.00126818
v -0.0279042 -0.0279042 0.00629145 0.8 0.8 0.8
vn -0.689403 -0.724377 -0.00126818
v -0.0231955 -0.0319259 0.00629145 0.8 0.8 0.8
vn -0.567598 -0.823305 -0.00126818
v -0.0179156 -0.0351614 0.00629145 0.8 0.8 0.8
vn -0.431816 -0.901961 -0.00126818
v -0.0121946 -0.0375311 0.00629145 0.8 0.8 0.8
vn -0.285402 -0.958407 -0.00126818
v -0.00617329 -0.0389767 0.00629145 0.8 0.8 0.8
vn -0.13196 -0.991254 -0.00126818
v 8.05458e-09 -0.0394625 0.00629145 0.8 0.8 0.8
vn 0.0247305 -0.999693 -0.00126818
v 0.00617331 -0.0389767 0.00629145 0.8 0.8 0.8
vn 0.180813 -0.983517 -0.00126818
v 0.0121946 -0.0375311 0.00629145 0.8 0.8 0.8
vn 0.332442 -0.943123 -0.00126818
v 0.0179156 -0.0351614 0.00629145 0.8 0.8 0.8
vn 0.475886 -0.879506 -0.00126818
v 0.0231955 -0.0319259 0.00629145 0.8 0.8 0.8
vn 0.607612 -0.794233 -0.00126818
v 0.0279042 -0.0279042 0.00629145 0.8 0.8 0.8
vn 0.724377 -0.689403 -0.00126818
v 0.0319259 -0.0231955 0.00629145 0.8 0.8 0.8
vn 0.823305 -0.567598 -0.00126818
v 0.0351614 -0.0179156 0.00629145 0.8 0.8 0.8
vn 0.901961 -0.431816 -0.00126818
v 0.0375311 -0.0121946 0.00629145 0.8 0.8 0.8
vn 0.958407 -0.285402 -0.00126818
v 0.0389767 -0.00617331 0.00629145 0.8 0.8 0.8
vn 0.991254 -0.13196 -0.00126818
v 0.039388 -1.35783e-08 0.00405021 0.8 0.8 0.8
vn 0.998343 0.00701817 -0.0571203
v 0.0389031 0.00616163 0.00405021 0.8 0.8 0.8
vn 0.984954 0.163107 -0.0571203
v 0.0374602 0.0121716 0.00405021 0.8 0.8 0.8
vn 0.947312 0.315179 -0.0571203
v 0.035095 0.0178818 0.00405021 0.8 0.8 0.8
vn 0.886344 0.459491 -0.0571203
v 0.0318656 0.0231517 0.00405021 0.8 0.8 0.8
vn 0.803551 0.592489 -0.0571203
v 0.0278515 0.0278515 0.00405021 0.8 0.8 0.8
vn 0.700972 0.710897 -0.0571203
v 0.0231517 0.0318656 0.00405021 0.8 0.8 0.8
vn 0.581133 0.811801 -0.0571203
v 0.0178818 0.035095 0.00405021 0.8 0.8 0.8
vn 0.446985 0.892716 -0.0571203
v 0.0121716 0.0374602 0.00405021 0.8 0.8 0.8
vn 0.30183 0.951649 -0.0571203
v 0.00616165 0.0389031 0.00405021 0.8 0.8 0.8
vn 0.149243 0.987149 -0.0571203
v 1.18992e-08 0.039388 0.00405021 0.8 0.8 0.8
vn -0.00701812 0.998343 -0.0571203
v -0.00616163 0.0389031 0.00405021 0.8 0.8 0.8
vn -0.163107 0.984953 -0.0571203
v -0.0121716 0.0374602 0.00405021 0.8 0.8 0.8
vn -0.315179 0.947311 -0.0571203
v -0.0178818 0.035095 0.00405021 0.8 0.8 0.8
vn -0.459491 0.886344 -0.0571203
v -0.0231517 0.0318656 0.00405021 0.8 0.8 0.8
vn -0.592489 0.803551 -0.0571203
v -0.0278515 0.0278515 0.00405021 0.8 0.8 0.8
vn -0.710897 0.700972 -0.0571203
v -0.0318656 0.0231517 0.00405021 0.8 0.8 0.8
vn -0.811801 0.581133 -0.0571203
v -0.035095 0.0178818 0.00405021 0.8 0.8 0.8
vn -0.892716 0.446985 -0.0571203
v -0.0374602 0.0121716 0.00405021 0.8 0.8 0.8
vn -0.951649 0.30183 -0.0571203
v -0.0389031 0.00616163 0.00405021 0.8 0.8 0.8
vn -0.987149 0.149243 -0.0571203
v -0.039388 -1.30201e-08 0.00405021 0.8 0.8 0.8
vn -0.998343 -0.00701817 -0.0571203
v -0.0389031 -0.00616166 0.00405021 0.8 0.8 0.8
vn -0.984954 -0.163107 -0.0571203
v -0.0374602 -0.0121716 0.00405021 0.8 0.8 0.8
vn -0.947312 -0.315179 -0.0571203
v -0.035095 -0.0178818 0.00405021 0.8 0.8 0.8
vn -0.886344 -0.459491 -0.0571203
v -0.0318656 -0.0231517 0.00405021 0.8 0.8 0.8
vn -0.803551 -0.592489 -0.0571203
v -0.0278515 -0.0278515 0.00405021 0.8 0.8 0.8
vn -0.700972 -0.710897 -0.0571203
v -0.0231517 -0.0318656 0.00405021 0.8 0.8 0.8
vn -0.581133 -0.811801 -0.0571203
v -0.0178818 -0.035095 0.00405021 0.8 0.8 0.8
vn -0.446985 -0.892716 -0.0571203
v -0.0121716 -0.0374602 0.00405021 0.8 0.8 0.8
vn -0.30183 -0.951649 -0.0571203
v -0.00616163 -0.0389031 0.00405021 0.8 0.8 0.8
vn -0.149243 -0.987149 -0.0571203
v 8.05821e-09 -0.039388 0.00405021 0.8 0.8 0.8
vn 0.00701812 -0.998343 -0.0571203
v 0.00616165 -0.0389031 0.00405021 0.8 0.8 0.8
vn 0.163107 -0.984953 -0.0571203
v 0.0121716 -0.0374602 0.00405021 0.8 0.8 0.8
vn 0.315179 -0.947311 -0.0571203
v 0.0178818 -0.035095 0.00405021 0.8 0.8 0.8
vn 0.459491 -0.886344 -0.0571203
v 0.0231517 -0.0318656 0.00405021 0.8 0.8 0.8
vn 0.592489 -0.803551 -0.0571203
v 0.0278515 -0.0278515 0.00405021 0.8 0.8 0.8
vn 0.710897 -0.700972 -0.0571203
v 0.0318656 -0.0231517 0.00405021 0.8 0.8 0.8
vn 0.811801 -0.581133 -0.0571203
v 0.035095 -0.0178818 0.00405021 0.8 0.8 0.8
vn 0.892716 -0.446985 -0.0571203
v 0.0374602 -0.0121716 0.00405021 0.8 0.8 0.8
vn 0.951649 -0.30183 -0.0571203
v 0.0389031 -0.00616166 0.00405021 0.8 0.8 0.8
vn 0.987149 -0.149243 -0.0571203
v 0.0392598 -1.35774e-08 0.0027496 0.8 0.8 0.8
vn 0.989648 0.00500401 -0.14343
v 0.0387764 0.00614157 0.0027496 0.8 0.8 0.8
vn 0.976681 0.159757 -0.14343
v 0.0373383 0.0121319 0.0027496 0.8 0.8 0.8
vn 0.939665 0.310577 -0.14343
v 0.0349807 0.0178235 0.0027496 0.8 0.8 0.8
vn 0.879511 0.453749 -0.14343
v 0.0317618 0.0230763 0.0027496 0.8 0.8 0.8
vn 0.797701 0.585749 -0.14343
v 0.0277609 0.0277608 0.0027496 0.8 0.8 0.8
vn 0.696248 0.703325 -0.14343
v 0.0230763 0.0317618 0.0027496 0.8 0.8 0.8
vn 0.577652 0.803583 -0.14343
v 0.0178236 0.0349807 0.0027496 0.8 0.8 0.8
vn 0.444832 0.884054 -0.14343
v 0.0121319 0.0373382 0.0027496 0.8 0.8 0.8
vn 0.301059 0.942757 -0.14343
v 0.00614159 0.0387764 0.0027496 0.8 0.8 0.8
vn 0.149873 0.978246 -0.14343
v 1.1893e-08 0.0392598 0.0027496 0.8 0.8 0.8
vn -0.00500397 0.989648 -0.14343
v -0.00614157 0.0387764 0.0027496 0.8 0.8 0.8
vn -0.159757 0.976681 -0.14343
v -0.0121319 0.0373382 0.0027496 0.8 0.8 0.8
vn -0.310577 0.939665 -0.14343
v -0.0178236 0.0349807 0.0027496 0.8 0.8 0.8
vn -0.453749 0.879511 -0.14343
v -0.0230763 0.0317618 0.0027496 0.8 0.8 0.8
vn -0.585749 0.797701 -0.14343
v -0.0277608 0.0277608 0.0027496 0.8 0.8 0.8
vn -0.703325 0.696248 -0.14343
v -0.0317618 0.0230763 0.0027496 0.8 0.8 0.8
vn -0.803583 0.577652 -0.14343
v -0.0349807 0.0178235 0.0027496 0.8 0.8 0.8
vn -0.884055 0.444832 -0.14343
v -0.0373383 0.0121319 0.0027496 0.8 0.8 0.8
vn -0.942757 0.301059 -0.14343
v -0.0387764 0.00614157 0.0027496 0.8 0.8 0.8
vn -0.978247 0.149873 -0.14343
v -0.0392598 -1.3021e-08 0.0027496 0.8 0.8 0.8
vn -0.989648 -0.00500401 -0.14343
v -0.0387764 -0.00614159 0.0027496 0.8 0.8 0.8
vn -0.976681 -0.159757 -0.14343
v -0.0373383 -0.0121319 0.0027496 0.8 0.8 0.8
vn -0.939665 -0.310577 -0.14343
v -0.0349807 -0.0178236 0.0027496 0.8 0.8 0.8
vn -0.879511 -0.453749 -0.14343
v -0.0317618 -0.0230763 0.0027496 0.8 0.8 0.8
vn -0.797701 -0.585749 -0.14343
v -0.0277608 -0.0277609 0.0027496 0.8 0.8 0.8
vn -0.696248 -0.703325 -0.14343
v -0.0230763 -0.0317618 0.0027496 0.8 0.8 0.8
vn -0.577652 -0.803583 -0.14343
v -0.0178236 -0.0349807 0.0027496 0.8 0.8 0.8
vn -0.444832 -0.884054 -0.14343
v -0.0121319 -0.0373383 0.0027496 0.8 0.8 0.8
vn -0.301059 -0.942757 -0.14343
v -0.00614157 -0.0387764 0.0027496 0.8 0.8 0.8
vn -0.149873 -0.978246 -0.14343
v 8.06447e-09 -0.0392598 0.0027496 0.8 0.8 0.8
vn 0.00500397 -0.989648 -0.14343
v 0.00614159 -0.0387764 0.0027496 0.8 0.8 0.8
vn 0.159757 -0.976681 -0.14343
v 0.0121319 -0.0373383 0.0027496 0.8 0.8 0.8
vn 0.310577 -0.939665 -0.14343
v 0.0178236 -0.0349807 0.0027496 0.8 0.8 0.8
vn 0.453749 -0.879511 -0.14343
v 0.0230763 -0.0317618 0.0027496 0.8 0.8 0.8
vn 0.585749 -0.797701 -0.14343
v 0.0277609 -0.0277609 0.0027496 0.8 0.8 0.8
vn 0.703325 -0.696248 -0.14343
v 0.0317618 -0.0230763 0.0027496 0.8 0.8 0.8
vn 0.803583 -0.577652 -0.14343
v 0.0349807 -0.0178236 0.0027496 0.8 0.8 0.8
vn 0.884055 -0.444832 -0.14343
v 0.0373383 -0.0121319 0.0027496 0.8 0.8 0.8
vn 0.942757 -0.301059 -0.14343
v 0.0387764 -0.00614159 0.0027496 0.8 0.8 0.8
vn 0.978247 -0.149873 -0.14343
v 0.0390708 -1.3576e-08 0.00186218 0.8 0.8 0.8
vn 0.95918 0.00417784 -0.282766
v 0.0385897 0.006112 0.00186218 0.8 0.8 0.8
vn 0.946717 0.154175 -0.282766
v 0.0371585 0.0120735 0.00186218 0.8 0.8 0.8
vn 0.910943 0.300376 -0.282766
v 0.0348123 0.0177377 0.00186218 0.8 0.8 0.8
vn 0.852739 0.439181 -0.282766
v 0.0316089 0.0229652 0.00186218 0.8 0.8 0.8
vn 0.773537 0.567172 -0.282766
v 0.0276272 0.0276272 0.00186218 0.8 0.8 0.8
vn 0.675288 0.681197 -0.282766
v 0.0229652 0.0316089 0.00186218 0.8 0.8 0.8
vn 0.560412 0.778448 -0.282766
v 0.0177378 0.0348123 0.00186218 0.8 0.8 0.8
vn 0.431736 0.856532 -0.282766
v 0.0120735 0.0371585 0.00186218 0.8 0.8 0.8
vn 0.29243 0.913525 -0.282766
v 0.00611202 0.0385897 0.00186218 0.8 0.8 0.8
vn 0.145922 0.948024 -0.282766
v 1.18837e-08 0.0390707 0.00186218 0.8 0.8 0.8
vn -0.0041778 0.95918 -0.282766
v -0.006112 0.0385897 0.00186218 0.8 0.8 0.8
vn -0.154175 0.946717 -0.282766
v -0.0120735 0.0371585 0.00186218 0.8 0.8 0.8
vn -0.300376 0.910943 -0.282766
v -0.0177377 0.0348123 0.00186218 0.8 0.8 0.8
vn -0.439181 0.852739 -0.282766
v -0.0229652 0.0316089 0.00186218 0.8 0.8 0.8
vn -0.567172 0.773537 -0.282766
v -0.0276272 0.0276272 0.00186218 0.8 0.8 0.8
vn -0.681197 0.675288 -0.282766
v -0.0316089 0.0229652 0.00186218 0.8 0.8 0.8
vn -0.778448 0.560412 -0.282766
v -0.0348123 0.0177377 0.00186218 0.8 0.8 0.8
vn -0.856532 0.431736 -0.282766
v -0.0371585 0.0120735 0.00186218 0.8 0.8 0.8
vn -0.913525 0.292429 -0.282766
v -0.0385897 0.006112 0.00186218 0.8 0.8 0.8
vn -0.948024 0.145922 -0.282766
v -0.0390707 -1.30224e-08 0.00186218 0.8 0.8 0.8
vn -0.95918 -0.00417784 -0.282766
v -0.0385897 -0.00611202 0.00186218 0.8 0.8 0.8
vn -0.946717 -0.154175 -0.282766
v -0.0371585 -0.0120735 0.00186218 0.8 0.8 0.8
vn -0.910943 -0.300376 -0.282766
v -0.0348123 -0.0177378 0.00186218 0.8 0.8 0.8
vn -0.852739 -0.439181 -0.282766
v -0.0316089 -0.0229652 0.00186218 0.8 0.8 0.8
vn -0.773537 -0.567172 -0.282766
v -0.0276272 -0.0276272 0.00186218 0.8 0.8 0.8
vn -0.675288 -0.681197 -0.282766
v -0.0229652 -0.0316089 0.00186218 0.8 0.8 0.8
vn -0.560412 -0.778448 -0.282766
v -0.0177377 -0.0348123 0.00186218 0.8 0.8 0.8
vn -0.431736 -0.856532 -0.282766
v -0.0120735 -0.0371585 0.00186218 0.8 0.8 0.8
vn -0.29243 -0.913525 -0.282766
v -0.006112 -0.0385897 0.00186218 0.8 0.8 0.8
vn -0.145922 -0.948024 -0.282766
v 8.07368e-09 -0.0390707 0.00186218 0.8 0.8 0.8
vn 0.0041778 -0.95918 -0.282766
v 0.00611202 -0.0385897 0.00186218 0.8 0.8 0.8
vn 0.154175 -0.946717 -0.282766
v 0.0120735 -0.0371585 0.00186218 0.8 0.8 0.8
vn 0.300376 -0.910943 -0.282766
v 0.0177378 -0.0348123 0.00186218 0.8 0.8 0.8
vn 0.439181 -0.852739 -0.282766
v 0.0229652 -0.0316089 0.00186218 0.8 0.8 0.8
vn 0.567172 -0.773537 -0.282766
v 0.0276272 -0.0276272 0.00186218 0.8 0.8 0.8
vn 0.681197 -0.675288 -0.282766
v 0.0316089 -0.0229652 0.00186218 0.8 0.8 0.8
vn 0.778448 -0.560412 -0.282766
v 0.0348123 -0.0177378 0.00186218 0.8 0.8 0.8
vn 0.856532 -0.431736 -0.282766
v 0.0371585 -0.0120735 0.00186218 0.8 0.8 0.8
vn 0.913525 -0.292429 -0.282766
v 0.0385897 -0.00611202 0.00186218 0.8 0.8 0.8
vn 0.948024 -0.145922 -0.282766
v 0.0388086 -1.35742e-08 0.00122011 0.8 0.8 0.8
vn 0.874163 0.00369163 -0.485619
v 0.0383308 0.00607099 0.00122011 0.8 0.8 0.8
vn 0.862823 0.140395 -0.485619
v 0.0369092 0.0119925 0.00122011 0.8 0.8 0.8
vn 0.830237 0.273642 -0.485619
v 0.0345787 0.0176187 0.00122011 0.8 0.8 0.8
vn 0.777209 0.400151 -0.485619
v 0.0313968 0.0228111 0.00122011 0.8 0.8 0.8
vn 0.705043 0.516806 -0.485619
v 0.0274418 0.0274418 0.00122011 0.8 0.8 0.8
vn 0.615516 0.620737 -0.485619
v 0.0228111 0.0313968 0.00122011 0.8 0.8 0.8
vn 0.510833 0.709382 -0.485619
v 0.0176187 0.0345787 0.00122011 0.8 0.8 0.8
vn 0.393572 0.780561 -0.485619
v 0.0119925 0.0369092 0.00122011 0.8 0.8 0.8
vn 0.26662 0.832519 -0.485619
v 0.00607101 0.0383308 0.00122011 0.8 0.8 0.8
vn 0.133103 0.863978 -0.485619
v 1.1871e-08 0.0388086 0.00122011 0.8 0.8 0.8
vn -0.0036916 0.874163 -0.485619
v -0.00607099 0.0383308 0.00122011 0.8 0.8 0.8
vn -0.140395 0.862823 -0.485619
v -0.0119925 0.0369092 0.00122011 0.8 0.8 0.8
vn -0.273642 0.830237 -0.485619
v -0.0176187 0.0345787 0.00122011 0.8 0.8 0.8
vn -0.400151 0.777209 -0.485619
v -0.0228111 0.0313968 0.00122011 0.8 0.8 0.8
vn -0.516806 0.705042 -0.485619
v -0.0274418 0.0274418 0.00122011 0.8 0.8 0.8
vn -0.620737 0.615516 -0.485619
v -0.0313968 0.0228111 0.00122011 0.8 0.8 0.8
vn -0.709382 0.510833 -0.485619
v -0.0345787 0.0176187 0.00122011 0.8 0.8 0.8
vn -0.780561 0.393572 -0.485619
v -0.0369092 0.0119925 0.00122011 0.8 0.8 0.8
vn -0.832519 0.26662 -0.485619
v -0.0383308 0.00607099 0.00122011 0.8 0.8 0.8
vn -0.863978 0.133103 -0.485619
v -0.0388086 -1.30242e-08 0.00122011 0.8 0.8 0.8
vn -0.874163 -0.00369163 -0.485619
v -0.0383308 -0.00607102 0.00122011 0.8 0.8 0.8
vn -0.862823 -0.140395 -0.485619
v -0.0369092 -0.0119925 0.00122011 0.8 0.8 0.8
vn -0.830237 -0.273642 -0.485619
v -0.0345787 -0.0176187 0.00122011 0.8 0.8 0.8
vn -0.777209 -0.400151 -0.485619
v -0.0313968 -0.0228111 0.00122011 0.8 0.8 0.8
vn -0.705043 -0.516806 -0.485619
v -0.0274418 -0.0274418 0.00122011 0.8 0.8 0.8
vn -0.615516 -0.620737 -0.485619
v -0.0228111 -0.0313968 0.00122011 0.8 0.8 0.8
vn -0.510833 -0.709382 -0.485619
v -0.0176187 -0.0345787 0.00122011 0.8 0.8 0.8
vn -0.393572 -0.780561 -0.485619
v -0.0119925 -0.0369092 0.00122011 0.8 0.8 0.8
vn -0.26662 -0.832519 -0.485619
v -0.00607099 -0.0383308 0.00122011 0.8 0.8 0.8
vn -0.133103 -0.863978 -0.485619
v 8.08647e-09 -0.0388086 0.00122011 0.8 0.8 0.8
vn 0.0036916 -0.874163 -0.485619
v 0.00607101 -0.0383308 0.00122011 0.8 0.8 0.8
vn 0.140395 -0.862823 -0.485619
v 0.0119925 -0.0369092 0.00122011 0.8 0.8 0.8
vn 0.273642 -0.830237 -0.485619
v 0.0176187 -0.0345787 0.00122011 0.8 0.8 0.8
vn 0.400151 -0.777209 -0.485619
v 0.0228111 -0.0313968 0.00122011 0.8 0.8 0.8
vn 0.516806 -0.705042 -0.485619
v 0.0274418 -0.0274418 0.00122011 0.8 0.8 0.8
vn 0.620737 -0.615516 -0.485619
v 0.0313968 -0.0228111 0.00122011 0.8 0.8 0.8
vn 0.709382 -0.510833 -0.485619
v 0.0345787 -0.0176187 0.00122011 0.8 0.8 0.8
vn 0.780561 -0.393572 -0.485619
v 0.0369092 -0.0119925 0.00122011 0.8 0.8 0.8
vn 0.832519 -0.26662 -0.485619
v 0.0383308 -0.00607102 0.00122011 0.8 0.8 0.8
vn 0.863978 -0.133103 -0.485619
v 0.0384516 -1.35716e-08 0.000748621 0.8 0.8 0.8
vn 0.690806 0.00313154 -0.723033
v 0.0379782 0.00601515 0.000748621 0.8 0.8 0.8
vn 0.681811 0.111159 -0.723033
v 0.0365697 0.0118822 0.000748621 0.8 0.8 0.8
vn 0.656028 0.216449 -0.723033
v 0.0342607 0.0174567 0.000748621 0.8 0.8 0.8
vn 0.614091 0.31641 -0.723033
v 0.031108 0.0226013 0.000748621 0.8 0.8 0.8
vn 0.557033 0.408579 -0.723033
v 0.0271894 0.0271894 0.000748621 0.8 0.8 0.8
vn 0.486259 0.490688 -0.723033
v 0.0226013 0.031108 0.000748621 0.8 0.8 0.8
vn 0.403512 0.560714 -0.723033
v 0.0174567 0.0342606 0.000748621 0.8 0.8 0.8
vn 0.310829 0.616934 -0.723033
v 0.0118822 0.0365697 0.000748621 0.8 0.8 0.8
vn 0.210493 0.657963 -0.723033
v 0.00601517 0.0379782 0.000748621 0.8 0.8 0.8
vn 0.104973 0.682791 -0.723033
v 1.18536e-08 0.0384516 0.000748621 0.8 0.8 0.8
vn -0.00313151 0.690806 -0.723033
v -0.00601515 0.0379782 0.000748621 0.8 0.8 0.8
vn -0.111159 0.681811 -0.723033
v -0.0118822 0.0365697 0.000748621 0.8 0.8 0.8
vn -0.216449 0.656028 -0.723033
v -0.0174567 0.0342606 0.000748621 0.8 0.8 0.8
vn -0.31641 0.614091 -0.723033
v -0.0226013 0.031108 0.000748621 0.8 0.8 0.8
vn -0.408579 0.557033 -0.723033
v -0.0271894 0.0271894 0.000748621 0.8 0.8 0.8
vn -0.490688 0.486259 -0.723033
v -0.031108 0.0226013 0.000748621 0.8 0.8 0.8
vn -0.560714 0.403512 -0.723033
v -0.0342606 0.0174567 0.000748621 0.8 0.8 0.8
vn -0.616934 0.310829 -0.723033
v -0.0365697 0.0118822 0.000748621 0.8 0.8 0.8
vn -0.657963 0.210492 -0.723033
v -0.0379782 0.00601515 0.000748621 0.8 0.8 0.8
vn -0.682791 0.104973 -0.723033
v -0.0384516 -1.30267e-08 0.000748621 0.8 0.8 0.8
vn -0.690806 -0.00313154 -0.723033
v -0.0379782 -0.00601517 0.000748621 0.8 0.8 0.8
vn -0.681811 -0.111159 -0.723033
v -0.0365697 -0.0118822 0.000748621 0.8 0.8 0.8
vn -0.656028 -0.216449 -0.723033
v -0.0342606 -0.0174567 0.000748621 0.8 0.8 0.8
vn -0.614091 -0.31641 -0.723033
v -0.031108 -0.0226013 0.000748621 0.8 0.8 0.8
vn -0.557033 -0.408579 -0.723033
v -0.0271894 -0.0271894 0.000748621 0.8 0.8 0.8
vn -0.486259 -0.490688 -0.723033
v -0.0226013 -0.031108 0.000748621 0.8 0.8 0.8
vn -0.403512 -0.560714 -0.723033
v -0.0174567 -0.0342607 0.000748621 0.8 0.8 0.8
vn -0.310829 -0.616934 -0.723033
v -0.0118822 -0.0365697 0.000748621 0.8 0.8 0.8
vn -0.210493 -0.657963 -0.723033
v -0.00601515 -0.0379782 0.000748621 0.8 0.8 0.8
vn -0.104973 -0.682791 -0.723033
v 8.10387e-09 -0.0384516 0.000748621 0.8 0.8 0.8
vn 0.00313151 -0.690806 -0.723033
v 0.00601517 -0.0379782 0.000748621 0.8 0.8 0.8
vn 0.111159 -0.681811 -0.723033
v 0.0118822 -0.0365697 0.000748621 0.8 0.8 0.8
vn 0.216449 -0.656028 -0.723033
v 0.0174567 -0.0342607 0.000748621 0.8 0.8 0.8
vn 0.31641 -0.614091 -0.723033
v 0.0226013 -0.031108 0.000748621 0.8 0.8 0.8
vn 0.408579 -0.557033 -0.723033
v 0.0271894 -0.0271894 0.000748621 0.8 0.8 0.8
vn 0.490688 -0.486259 -0.723033
v 0.031108 -0.0226013 0.000748621 0.8 0.8 0.8
vn 0.560714 -0.403512 -0.723033
v 0.0342607 -0.0174567 0.000748621 0.8 0.8 0.8
vn 0.616934 -0.310829 -0.723033
v 0.0365697 -0.0118822 0.000748621 0.8 0.8 0.8
vn 0.657963 -0.210492 -0.723033
v 0.0379782 -0.00601517 0.000748621 0.8 0.8 0.8
vn 0.682791 -0.104973 -0.723033
v 0.0379583 -1.35681e-08 0.000408618 0.8 0.8 0.8
vn 0.425401 0.00231078 -0.905002
v 0.0374909 0.00593796 0.000408618 0.8 0.8 0.8
vn 0.419802 0.0688297 -0.905002
v 0.0361004 0.0117297 0.000408618 0.8 0.8 0.8
vn 0.403866 0.133654 -0.905002
v 0.0338211 0.0172327 0.000408618 0.8 0.8 0.8
vn 0.377986 0.195187 -0.905002
v 0.0307089 0.0223113 0.000408618 0.8 0.8 0.8
vn 0.342798 0.251914 -0.905002
v 0.0268405 0.0268405 0.000408618 0.8 0.8 0.8
vn 0.29917 0.302438 -0.905002
v 0.0223113 0.0307088 0.000408618 0.8 0.8 0.8
vn 0.248175 0.345515 -0.905002
v 0.0172327 0.033821 0.000408618 0.8 0.8 0.8
vn 0.191069 0.380084 -0.905002
v 0.0117298 0.0361004 0.000408618 0.8 0.8 0.8
vn 0.129258 0.405294 -0.905002
v 0.00593799 0.0374909 0.000408618 0.8 0.8 0.8
vn 0.064265 0.420525 -0.905002
v 1.18295e-08 0.0379582 0.000408618 0.8 0.8 0.8
vn -0.00231077 0.425401 -0.905002
v -0.00593797 0.0374909 0.000408618 0.8 0.8 0.8
vn -0.0688297 0.419802 -0.905002
v -0.0117297 0.0361004 0.000408618 0.8 0.8 0.8
vn -0.133654 0.403866 -0.905002
v -0.0172327 0.033821 0.000408618 0.8 0.8 0.8
vn -0.195187 0.377986 -0.905002
v -0.0223113 0.0307088 0.000408618 0.8 0.8 0.8
vn -0.251914 0.342798 -0.905002
v -0.0268405 0.0268405 0.000408618 0.8 0.8 0.8
vn -0.302438 0.29917 -0.905002
v -0.0307089 0.0223113 0.000408618 0.8 0.8 0.8
vn -0.345515 0.248175 -0.905002
v -0.033821 0.0172327 0.000408618 0.8 0.8 0.8
vn -0.380084 0.191069 -0.905002
v -0.0361004 0.0117297 0.000408618 0.8 0.8 0.8
vn -0.405294 0.129258 -0.905002
v -0.0374909 0.00593796 0.000408618 0.8 0.8 0.8
vn -0.420525 0.064265 -0.905002
v -0.0379582 -1.30302e-08 0.000408618 0.8 0.8 0.8
vn -0.425401 -0.00231078 -0.905002
v -0.0374909 -0.00593799 0.000408618 0.8 0.8 0.8
vn -0.419802 -0.0688297 -0.905002
v -0.0361004 -0.0117298 0.000408618 0.8 0.8 0.8
vn -0.403866 -0.133654 -0.905002
v -0.033821 -0.0172327 0.000408618 0.8 0.8 0.8
vn -0.377986 -0.195187 -0.905002
v -0.0307089 -0.0223113 0.000408618 0.8 0.8 0.8
vn -0.342798 -0.251914 -0.905002
v -0.0268405 -0.0268405 0.000408618 0.8 0.8 0.8
vn -0.29917 -0.302438 -0.905002
v -0.0223113 -0.0307089 0.000408618 0.8 0.8 0.8
vn -0.248175 -0.345515 -0.905002
v -0.0172327 -0.0338211 0.000408618 0.8 0.8 0.8
vn -0.191069 -0.380084 -0.905002
v -0.0117297 -0.0361004 0.000408618 0.8 0.8 0.8
vn -0.129258 -0.405294 -0.905002
v -0.00593797 -0.0374909 0.000408618 0.8 0.8 0.8
vn -0.064265 -0.420525 -0.905002
v 8.12793e-09 -0.0379583 0.000408618 0.8 0.8 0.8
vn 0.00231077 -0.425401 -0.905002
v 0.00593799 -0.0374909 0.000408618 0.8 0.8 0.8
vn 0.0688297 -0.419802 -0.905002
v 0.0117298 -0.0361004 0.000408618 0.8 0.8 0.8
vn 0.133654 -0.403866 -0.905002
v 0.0172327 -0.0338211 0.000408618 0.8 0.8 0.8
vn 0.195187 -0.377986 -0.905002
v 0.0223113 -0.0307089 0.000408618 0.8 0.8 0.8
vn 0.251914 -0.342798 -0.905002
v 0.0268405 -0.0268405 0.000408618 0.8 0.8 0.8
vn 0.302438 -0.29917 -0.905002
v 0.0307089 -0.0223113 0.000408618 0.8 0.8 0.8
vn 0.345515 -0.248175 -0.905002
v 0.0338211 -0.0172327 0.000408618 0.8 0.8 0.8
vn 0.380084 -0.191069 -0.905002
v 0.0361004 -0.0117298 0.000408618 0.8 0.8 0.8
vn 0.405294 -0.129258 -0.905002
v 0.0374909 -0.00593799 0.000408618 0.8 0.8 0.8
vn 0.420525 -0.064265 -0.905002
v 0.0372351 -1.3563e-08 0.000177964 0.8 0.8 0.8
vn 0.182911 0.00138981 -0.983129
v 0.0367767 0.00582484 0.000177964 0.8 0.8 0.8
vn 0.180442 0.0299863 -0.983129
v 0.0354127 0.0115063 0.000177964 0.8 0.8 0.8
vn 0.173529 0.0578444 -0.983129
v 0.0331768 0.0169044 0.000177964 0.8 0.8 0.8
vn 0.162344 0.0842781 -0.983129
v 0.0301239 0.0218862 0.000177964 0.8 0.8 0.8
vn 0.147161 0.108637 -0.983129
v 0.0263292 0.0263292 0.000177964 0.8 0.8 0.8
vn 0.128355 0.13032 -0.983129
v 0.0218863 0.0301238 0.000177964 0.8 0.8 0.8
vn 0.106388 0.148795 -0.983129
v 0.0169044 0.0331767 0.000177964 0.8 0.8 0.8
vn 0.0818015 0.163606 -0.983129
v 0.0115063 0.0354127 0.000177964 0.8 0.8 0.8
vn 0.0552008 0.174388 -0.983129
v 0.00582487 0.0367767 0.000177964 0.8 0.8 0.8
vn 0.0272409 0.180876 -0.983129
v 1.17942e-08 0.0372351 0.000177964 0.8 0.8 0.8
vn -0.00138981 0.182911 -0.983129
v -0.00582485 0.0367767 0.000177964 0.8 0.8 0.8
vn -0.0299863 0.180442 -0.983129
v -0.0115063 0.0354127 0.000177964 0.8 0.8 0.8
vn -0.0578444 0.173529 -0.983129
v -0.0169044 0.0331767 0.000177964 0.8 0.8 0.8
vn -0.0842781 0.162344 -0.983129
v -0.0218862 0.0301238 0.000177964 0.8 0.8 0.8
vn -0.108637 0.147161 -0.983129
v -0.0263292 0.0263292 0.000177964 0.8 0.8 0.8
vn -0.13032 0.128355 -0.983129
v -0.0301238 0.0218862 0.000177964 0.8 0.8 0.8
vn -0.148795 0.106388 -0.983129
v -0.0331767 0.0169044 0.000177964 0.8 0.8 0.8
vn -0.163606 0.0818015 -0.983129
v -0.0354127 0.0115063 0.000177964 0.8 0.8 0.8
vn -0.174388 0.0552008 -0.983129
v -0.0367767 0.00582484 0.000177964 0.8 0.8 0.8
vn -0.180876 0.0272409 -0.983129
v -0.0372351 -1.30354e-08 0.000177964 0.8 0.8 0.8
vn -0.182911 -0.00138981 -0.983129
v -0.0367767 -0.00582487 0.000177964 0.8 0.8 0.8
vn -0.180442 -0.0299863 -0.983129
v -0.0354127 -0.0115063 0.000177964 0.8 0.8 0.8
vn -0.173529 -0.0578444 -0.983129
v -0.0331767 -0.0169044 0.000177964 0.8 0.8 0.8
vn -0.162344 -0.0842781 -0.983129
v -0.0301238 -0.0218863 0.000177964 0.8 0.8 0.8
vn -0.147161 -0.108637 -0.983129
v -0.0263292 -0.0263292 0.000177964 0.8 0.8 0.8
vn -0.128355 -0.13032 -0.983129
v -0.0218863 -0.0301239 0.000177964 0.8 0.8 0.8
vn -0.106388 -0.148795 -0.983129
v -0.0169044 -0.0331768 0.000177964 0.8 0.8 0.8
vn -0.0818015 -0.163606 -0.983129
v -0.0115063 -0.0354127 0.000177964 0.8 0.8 0.8
vn -0.0552008 -0.174388 -0.983129
v -0.00582485 -0.0367767 0.000177964 0.8 0.8 0.8
vn -0.0272409 -0.180876 -0.983129
v 8.16319e-09 -0.0372351 0.000177964 0.8 0.8 0.8
vn 0.00138981 -0.182911 -0.983129
v 0.00582487 -0.0367767 0.000177964 0.8 0.8 0.8
vn 0.0299863 -0.180442 -0.983129
v 0.0115063 -0.0354127 0.000177964 0.8 0.8 0.8
vn 0.0578444 -0.173529 -0.983129
v 0.0169044 -0.0331768 0.000177964 0.8 0.8 0.8
vn 0.0842781 -0.162344 -0.983129
v 0.0218863 -0.0301239 0.000177964 0.8 0.8 0.8
vn 0.108637 -0.147161 -0.983129
v 0.0263292 -0.0263292 0.000177964 0.8 0.8 0.8
vn 0.13032 -0.128355 -0.983129
v 0.0301239 -0.0218863 0.000177964 0.8 0.8 0.8
vn 0.148795 -0.106388 -0.983129
v 0.0331768 -0.0169044 0.000177964 0.8 0.8 0.8
vn 0.163606 -0.0818015 -0.983129
v 0.0354127 -0.0115063 0.000177964 0.8 0.8 0.8
vn 0.174388 -0.0552008 -0.983129
v 0.0367767 -0.00582487 0.000177964 0.8 0.8 0.8
vn 0.180876 -0.0272409 -0.983129
v 0.0359891 -1.35542e-08 4.39631e-05 0.8 0.8 0.8
vn 0.00778303 0.0001717 -0.99997
v 0.035546 0.00562991 4.39631e-05 0.8 0.8 0.8
vn 0.00764227 0.00138385 -0.99997
v 0.0342276 0.0111212 4.39631e-05 0.8 0.8 0.8
vn 0.00728057 0.00254445 -0.99997
v 0.0320665 0.0163387 4.39631e-05 0.8 0.8 0.8
vn 0.0067161 0.00361077 -0.999971
v 0.0291158 0.0211538 4.39631e-05 0.8 0.8 0.8
vn 0.00597633 0.00454678 -0.999972
v 0.0254481 0.0254481 4.39631e-05 0.8 0.8 0.8
vn 0.00509522 0.0053251 -0.999973
v 0.0211538 0.0291157 4.39631e-05 0.8 0.8 0.8
vn 0.00411023 0.00592791 -0.999974
v 0.0163387 0.0320665 4.39631e-05 0.8 0.8 0.8
vn 0.0030594 0.0063467 -0.999975
v 0.0111212 0.0342276 4.39631e-05 0.8 0.8 0.8
vn 0.00197899 0.0065812 -0.999976
v 0.00562994 0.0355459 4.39631e-05 0.8 0.8 0.8
vn 0.000901756 0.00663793 -0.999978
v 1.17335e-08 0.035989 4.39631e-05 0.8 0.8 0.8
vn -0.000144021 0.00652838 -0.999979
v -0.00562992 0.0355459 4.39631e-05 0.8 0.8 0.8
vn -0.00113489 0.00626742 -0.99998
v -0.0111212 0.0342276 4.39631e-05 0.8 0.8 0.8
vn -0.00205213 0.00587185 -0.999981
v -0.0163387 0.0320665 4.39631e-05 0.8 0.8 0.8
vn -0.00288128 0.00535923 -0.999981
v -0.0211538 0.0291157 4.39631e-05 0.8 0.8 0.8
vn -0.00361159 0.00474711 -0.999982
v -0.0254481 0.0254481 4.39631e-05 0.8 0.8 0.8
vn -0.00423532 0.00405248 -0.999983
v -0.0291157 0.0211538 4.39631e-05 0.8 0.8 0.8
vn -0.00474712 0.0032915 -0.999983
v -0.0320665 0.0163387 4.39631e-05 0.8 0.8 0.8
vn -0.00514344 0.00247937 -0.999984
v -0.0342276 0.0111212 4.39631e-05 0.8 0.8 0.8
vn -0.00542208 0.00163044 -0.999984
v -0.035546 0.00562991 4.39631e-05 0.8 0.8 0.8
vn -0.0055818 0.000758281 -0.999984
v -0.035989 -1.30442e-08 4.39631e-05 0.8 0.8 0.8
vn -0.00562207 -0.000124027 -0.999984
v -0.035546 -0.00562994 4.39631e-05 0.8 0.8 0.8
vn -0.00554293 -0.0010037 -0.999984
v -0.0342276 -0.0111212 4.39631e-05 0.8 0.8 0.8
vn -0.0053449 -0.00186796 -0.999984
v -0.0320665 -0.0163387 4.39631e-05 0.8 0.8 0.8
vn -0.00502909 -0.00270379 -0.999984
v -0.0291157 -0.0211538 4.39631e-05 0.8 0.8 0.8
vn -0.00459734 -0.00349765 -0.999983
v -0.0254481 -0.0254481 4.39631e-05 0.8 0.8 0.8
vn -0.00405248 -0.00423532 -0.999983
v -0.0211538 -0.0291158 4.39631e-05 0.8 0.8 0.8
vn -0.00339873 -0.00490176 -0.999982
v -0.0163387 -0.0320665 4.39631e-05 0.8 0.8 0.8
vn -0.00264213 -0.00548108 -0.999981
v -0.0111212 -0.0342276 4.39631e-05 0.8 0.8 0.8
vn -0.00179118 -0.00595663 -0.999981
v -0.00562992 -0.035546 4.39631e-05 0.8 0.8 0.8
vn -0.000857394 -0.00631137 -0.99998
v 8.22394e-09 -0.0359891 4.39631e-05 0.8 0.8 0.8
vn 0.000144021 -0.00652838 -0.999979
v 0.00562994 -0.035546 4.39631e-05 0.8 0.8 0.8
vn 0.00119361 -0.0065917 -0.999978
v 0.0111212 -0.0342276 4.39631e-05 0.8 0.8 0.8
vn 0.0022673 -0.00648753 -0.999976
v 0.0163387 -0.0320665 4.39631e-05 0.8 0.8 0.8
vn 0.00333631 -0.0062056 -0.999975
v 0.0211538 -0.0291158 4.39631e-05 0.8 0.8 0.8
vn 0.00436765 -0.00574088 -0.999974
v 0.0254481 -0.0254481 4.39631e-05 0.8 0.8 0.8
vn 0.0053251 -0.00509522 -0.999973
v 0.0291158 -0.0211538 4.39631e-05 0.8 0.8 0.8
vn 0.00617103 -0.0042788 -0.999972
v 0.0320665 -0.0163387 4.39631e-05 0.8 0.8 0.8
vn 0.0068688 -0.00331108 -0.999971
v 0.0342276 -0.0111212 4.39631e-05 0.8 0.8 0.8
vn 0.00738569 -0.0022209 -0.99997
v 0.035546 -0.00562994 4.39631e-05 0.8 0.8 0.8
vn 0.00769586 -0.00104547 -0.99997
v 0.0026226 -1.32893e-08 0.189126 0.8 0.8 0.8
vn 8.80541e-18 -1.93873e-17 1
v 0.00610666 -1.3314e-08 0.142045 0.8 0.8 0.8
vn -8.80541e-18 1.93873e-17 -1
v 0.0154624 -1.33802e-08 0.189111 0.8 0.8 0.8
vn 0.00599244 -0.000132317 0.999982
v 0.0152721 0.00241884 0.189111 0.8 0.8 0.8
vn 0.00592538 0.000804837 0.999982
v 0.0147056 0.00477813 0.189111 0.8 0.8 0.8
vn 0.00568669 0.00170989 0.999982
v 0.0137771 0.00701977 0.189111 0.8 0.8 0.8
vn 0.00528889 0.00254936 0.999983
v 0.0125094 0.00908856 0.189111 0.8 0.8 0.8
vn 0.00475182 0.00329462 0.999983
v 0.0109336 0.0109336 0.189111 0.8 0.8 0.8
vn 0.00410066 0.00392348 0.999984
v 0.00908859 0.0125093 0.189111 0.8 0.8 0.8
vn 0.00336357 0.00442093 0.999985
v 0.0070198 0.0137771 0.189111 0.8 0.8 0.8
vn 0.00256951 0.0047791 0.999985
v 0.00477816 0.0147056 0.189111 0.8 0.8 0.8
vn 0.00174633 0.00499654 0.999986
v 0.00241886 0.015272 0.189111 0.8 0.8 0.8
vn 0.000919455 0.0050771 0.999987
v 1.07079e-08 0.0154624 0.189111 0.8 0.8 0.8
vn 0.000111036 0.00502864 0.999987
v -0.00241884 0.015272 0.189111 0.8 0.8 0.8
vn -0.000660368 0.00486177 0.999988
v -0.00477814 0.0147056 0.189111 0.8 0.8 0.8
vn -0.00137976 0.00458876 0.999989
v -0.00701978 0.0137771 0.189111 0.8 0.8 0.8
vn -0.0020354 0.00422263 0.999989
v -0.00908857 0.0125093 0.189111 0.8 0.8 0.8
vn -0.00261839 0.0037765 0.999989
v -0.0109336 0.0109336 0.189111 0.8 0.8 0.8
vn -0.00312219 0.00326318 0.99999
v -0.0125093 0.00908856 0.189111 0.8 0.8 0.8
vn -0.00354209 0.00269493 0.99999
v -0.0137771 0.00701977 0.189111 0.8 0.8 0.8
vn -0.00387485 0.00208333 0.99999
v -0.0147056 0.00477813 0.189111 0.8 0.8 0.8
vn -0.00411826 0.00143936 0.99999
v -0.015272 0.00241884 0.189111 0.8 0.8 0.8
vn -0.0042709 0.000773453 0.999991
v -0.0154624 -1.31611e-08 0.189111 0.8 0.8 0.8
vn -0.00433191 9.56515e-05 0.999991
v -0.015272 -0.00241887 0.189111 0.8 0.8 0.8
vn -0.00430087 -0.000584182 0.999991
v -0.0147056 -0.00477816 0.189111 0.8 0.8 0.8
vn -0.00417778 -0.00125618 0.99999
v -0.0137771 -0.0070198 0.189111 0.8 0.8 0.8
vn -0.00396303 -0.00191027 0.99999
v -0.0125093 -0.00908859 0.189111 0.8 0.8 0.8
vn -0.00365759 -0.00253595 0.99999
v -0.0109336 -0.0109336 0.189111 0.8 0.8 0.8
vn -0.00326318 -0.00312219 0.99999
v -0.00908857 -0.0125094 0.189111 0.8 0.8 0.8
vn -0.00278253 -0.00365724 0.999989
v -0.00701978 -0.0137771 0.189111 0.8 0.8 0.8
vn -0.0022198 -0.00412867 0.999989
v -0.00477814 -0.0147056 0.189111 0.8 0.8 0.8
vn -0.00158096 -0.00452339 0.999989
v -0.00241884 -0.0152721 0.189111 0.8 0.8 0.8
vn -0.000874323 -0.00482789 0.999988
v 9.20002e-09 -0.0154624 0.189111 0.8 0.8 0.8
vn -0.000111036 -0.00502864 0.999987
v 0.00241886 -0.0152721 0.189111 0.8 0.8 0.8
vn 0.000694456 -0.00511274 0.999987
v 0.00477816 -0.0147056 0.189111 0.8 0.8 0.8
vn 0.00152408 -0.00506875 0.999986
v 0.0070198 -0.0137771 0.189111 0.8 0.8 0.8
vn 0.00235606 -0.00488786 0.999985
v 0.00908859 -0.0125094 0.189111 0.8 0.8 0.8
vn 0.00316516 -0.00456509 0.999985
v 0.0109336 -0.0109336 0.189111 0.8 0.8 0.8
vn 0.00392348 -0.00410066 0.999984
v 0.0125094 -0.00908859 0.189111 0.8 0.8 0.8
vn 0.00460177 -0.00350116 0.999983
v 0.0137771 -0.0070198 0.189111 0.8 0.8 0.8
vn 0.00517121 -0.00278033 0.999983
v 0.0147056 -0.00477816 0.189111 0.8 0.8 0.8
vn 0.00560568 -0.00195923 0.999982
v 0.0152721 -0.00241887 0.189111 0.8 0.8 0.8
vn 0.00588408 -0.0010656 0.999982
v 0.0160178 -1.33842e-08 0.189067 0.8 0.8 0.8
vn 0.133471 -0.00102026 0.991052
v 0.0158206 0.00250573 0.189067 0.8 0.8 0.8
vn 0.131988 0.0198718 0.991052
v 0.0152339 0.00494976 0.189067 0.8 0.8 0.8
vn 0.127254 0.0402746 0.991052
v 0.014272 0.00727192 0.189067 0.8 0.8 0.8
vn 0.119387 0.0596857 0.991052
v 0.0129587 0.00941502 0.189067 0.8 0.8 0.8
vn 0.10858 0.0776271 0.991052
v 0.0113263 0.0113263 0.189067 0.8 0.8 0.8
vn 0.0950999 0.0936571 0.991052
v 0.00941505 0.0129587 0.189067 0.8 0.8 0.8
vn 0.0792779 0.107381 0.991052
v 0.00727195 0.014272 0.189067 0.8 0.8 0.8
vn 0.0615038 0.118461 0.991052
v 0.00494979 0.0152338 0.189067 0.8 0.8 0.8
vn 0.0422152 0.126624 0.991052
v 0.00250575 0.0158206 0.189067 0.8 0.8 0.8
vn 0.0218872 0.131668 0.991052
v 1.0735e-08 0.0160178 0.189067 0.8 0.8 0.8
vn 0.00102026 0.133471 0.991052
v -0.00250573 0.0158206 0.189067 0.8 0.8 0.8
vn -0.0198718 0.131988 0.991052
v -0.00494977 0.0152338 0.189067 0.8 0.8 0.8
vn -0.0402746 0.127254 0.991052
v -0.00727193 0.014272 0.189067 0.8 0.8 0.8
vn -0.0596857 0.119387 0.991052
v -0.00941503 0.0129587 0.189067 0.8 0.8 0.8
vn -0.0776271 0.10858 0.991052
v -0.0113263 0.0113263 0.189067 0.8 0.8 0.8
vn -0.0936571 0.0950999 0.991052
v -0.0129587 0.00941502 0.189067 0.8 0.8 0.8
vn -0.107381 0.0792779 0.991052
v -0.014272 0.00727192 0.189067 0.8 0.8 0.8
vn -0.118461 0.0615038 0.991052
v -0.0152338 0.00494976 0.189067 0.8 0.8 0.8
vn -0.126624 0.0422152 0.991052
v -0.0158206 0.00250573 0.189067 0.8 0.8 0.8
vn -0.131669 0.0218872 0.991052
v -0.0160178 -1.31572e-08 0.189067 0.8 0.8 0.8
vn -0.133471 0.00102026 0.991052
v -0.0158206 -0.00250575 0.189067 0.8 0.8 0.8
vn -0.131988 -0.0198718 0.991052
v -0.0152338 -0.00494979 0.189067 0.8 0.8 0.8
vn -0.127254 -0.0402746 0.991052
v -0.014272 -0.00727195 0.189067 0.8 0.8 0.8
vn -0.119387 -0.0596857 0.991052
v -0.0129587 -0.00941505 0.189067 0.8 0.8 0.8
vn -0.10858 -0.0776271 0.991052
v -0.0113263 -0.0113263 0.189067 0.8 0.8 0.8
vn -0.0950999 -0.0936571 0.991052
v -0.00941503 -0.0129587 0.189067 0.8 0.8 0.8
vn -0.0792779 -0.107381 0.991052
v -0.00727193 -0.014272 0.189067 0.8 0.8 0.8
vn -0.0615038 -0.118461 0.991052
v -0.00494977 -0.0152339 0.189067 0.8 0.8 0.8
vn -0.0422152 -0.126624 0.991052
v -0.00250573 -0.0158206 0.189067 0.8 0.8 0.8
vn -0.0218872 -0.131668 0.991052
v 9.17294e-09 -0.0160178 0.189067 0.8 0.8 0.8
vn -0.00102026 -0.133471 0.991052
v 0.00250575 -0.0158206 0.189067 0.8 0.8 0.8
vn 0.0198718 -0.131988 0.991052
v 0.00494979 -0.0152339 0.189067 0.8 0.8 0.8
vn 0.0402746 -0.127254 0.991052
v 0.00727195 -0.014272 0.189067 0.8 0.8 0.8
vn 0.0596857 -0.119387 0.991052
v 0.00941505 -0.0129587 0.189067 0.8 0.8 0.8
vn 0.0776271 -0.10858 0.991052
v 0.0113263 -0.0113263 0.189067 0.8 0.8 0.8
vn 0.0936571 -0.0950999 0.991052
v 0.0129587 -0.00941505 0.189067 0.8 0.8 0.8
vn 0.107381 -0.0792779 0.991052
v 0.014272 -0.00727195 0.189067 0.8 0.8 0.8
vn 0.118461 -0.0615038 0.991052
v 0.0152339 -0.00494979 0.189067 0.8 0.8 0.8
vn 0.126624 -0.0422152 0.991052
v 0.0158206 -0.00250575 0.189067 0.8 0.8 0.8
vn 0.131669 -0.0218872 0.991052
v 0.0163641 -1.33866e-08 0.18899 0.8 0.8 0.8
vn 0.296066 -0.00162913 0.955166
v 0.0161626 0.00255989 0.18899 0.8 0.8 0.8
vn 0.292676 0.0447059 0.955166
v 0.0155632 0.00505676 0.18899 0.8 0.8 0.8
vn 0.282079 0.0899401 0.955166
v 0.0145805 0.00742911 0.18899 0.8 0.8 0.8
vn 0.264537 0.13296 0.955166
v 0.0132388 0.00961853 0.18899 0.8 0.8 0.8
vn 0.24048 0.172705 0.955166
v 0.0115711 0.0115711 0.18899 0.8 0.8 0.8
vn 0.210502 0.208198 0.955166
v 0.00961856 0.0132388 0.18899 0.8 0.8 0.8
vn 0.175341 0.238565 0.955166
v 0.00742914 0.0145805 0.18899 0.8 0.8 0.8
vn 0.135863 0.263057 0.955166
v 0.00505678 0.0155631 0.18899 0.8 0.8 0.8
vn 0.0930389 0.281072 0.955166
v 0.00255991 0.0161626 0.18899 0.8 0.8 0.8
vn 0.0479241 0.292166 0.955166
v 1.07518e-08 0.016364 0.18899 0.8 0.8 0.8
vn 0.00162914 0.296066 0.955166
v -0.00255989 0.0161626 0.18899 0.8 0.8 0.8
vn -0.0447059 0.292676 0.955166
v -0.00505676 0.0155631 0.18899 0.8 0.8 0.8
vn -0.0899401 0.282079 0.955166
v -0.00742911 0.0145805 0.18899 0.8 0.8 0.8
vn -0.13296 0.264537 0.955166
v -0.00961854 0.0132388 0.18899 0.8 0.8 0.8
vn -0.172705 0.24048 0.955166
v -0.0115711 0.0115711 0.18899 0.8 0.8 0.8
vn -0.208198 0.210502 0.955166
v -0.0132388 0.00961854 0.18899 0.8 0.8 0.8
vn -0.238565 0.175341 0.955166
v -0.0145805 0.00742911 0.18899 0.8 0.8 0.8
vn -0.263057 0.135863 0.955166
v -0.0155631 0.00505676 0.18899 0.8 0.8 0.8
vn -0.281072 0.0930389 0.955166
v -0.0161626 0.00255989 0.18899 0.8 0.8 0.8
vn -0.292166 0.047924 0.955166
v -0.016364 -1.31547e-08 0.18899 0.8 0.8 0.8
vn -0.296066 0.00162913 0.955166
v -0.0161626 -0.00255991 0.18899 0.8 0.8 0.8
vn -0.292676 -0.0447059 0.955166
v -0.0155631 -0.00505678 0.18899 0.8 0.8 0.8
vn -0.282079 -0.0899401 0.955166
v -0.0145805 -0.00742914 0.18899 0.8 0.8 0.8
vn -0.264537 -0.13296 0.955166
v -0.0132388 -0.00961856 0.18899 0.8 0.8 0.8
vn -0.24048 -0.172705 0.955166
v -0.0115711 -0.0115711 0.18899 0.8 0.8 0.8
vn -0.210502 -0.208198 0.955166
v -0.00961854 -0.0132388 0.18899 0.8 0.8 0.8
vn -0.175341 -0.238565 0.955166
v -0.00742912 -0.0145805 0.18899 0.8 0.8 0.8
vn -0.135863 -0.263057 0.955166
v -0.00505676 -0.0155632 0.18899 0.8 0.8 0.8
vn -0.0930389 -0.281072 0.955166
v -0.00255989 -0.0161626 0.18899 0.8 0.8 0.8
vn -0.0479241 -0.292166 0.955166
v 9.15606e-09 -0.0163641 0.18899 0.8 0.8 0.8
vn -0.00162914 -0.296066 0.955166
v 0.00255991 -0.0161626 0.18899 0.8 0.8 0.8
vn 0.0447059 -0.292676 0.955166
v 0.00505678 -0.0155632 0.18899 0.8 0.8 0.8
vn 0.0899401 -0.282079 0.955166
v 0.00742913 -0.0145805 0.18899 0.8 0.8 0.8
vn 0.13296 -0.264537 0.955166
v 0.00961856 -0.0132388 0.18899 0.8 0.8 0.8
vn 0.172705 -0.24048 0.955166
v 0.0115711 -0.0115711 0.18899 0.8 0.8 0.8
vn 0.208198 -0.210502 0.955166
v 0.0132388 -0.00961856 0.18899 0.8 0.8 0.8
vn 0.238565 -0.175341 0.955166
v 0.0145805 -0.00742914 0.18899 0.8 0.8 0.8
vn 0.263057 -0.135863 0.955166
v 0.0155631 -0.00505678 0.18899 0.8 0.8 0.8
vn 0.281072 -0.0930389 0.955166
v 0.0161626 -0.00255992 0.18899 0.8 0.8 0.8
vn 0.292166 -0.047924 0.955166
v 0.0166293 -1.33885e-08 0.188878 0.8 0.8 0.8
vn 0.479298 -0.00222052 0.877649
v 0.0164245 0.00260138 0.188878 0.8 0.8 0.8
vn 0.473745 0.0727856 0.877649
v 0.0158154 0.00513871 0.188878 0.8 0.8 0.8
vn 0.456526 0.145999 0.877649
v 0.0148168 0.00754951 0.188878 0.8 0.8 0.8
vn 0.428066 0.215618 0.877649
v 0.0134534 0.00977442 0.188878 0.8 0.8 0.8
vn 0.389066 0.279928 0.877649
v 0.0117587 0.0117587 0.188878 0.8 0.8 0.8
vn 0.340485 0.337345 0.877649
v 0.00977445 0.0134533 0.188878 0.8 0.8 0.8
vn 0.283521 0.386455 0.877649
v 0.00754954 0.0148168 0.188878 0.8 0.8 0.8
vn 0.219575 0.42605 0.877649
v 0.00513874 0.0158154 0.188878 0.8 0.8 0.8
vn 0.150223 0.455153 0.877649
v 0.0026014 0.0164245 0.188878 0.8 0.8 0.8
vn 0.077172 0.47305 0.877649
v 1.07648e-08 0.0166293 0.188878 0.8 0.8 0.8
vn 0.00222054 0.479298 0.877649
v -0.00260138 0.0164245 0.188878 0.8 0.8 0.8
vn -0.0727855 0.473745 0.877649
v -0.00513871 0.0158154 0.188878 0.8 0.8 0.8
vn -0.145999 0.456526 0.877649
v -0.00754952 0.0148168 0.188878 0.8 0.8 0.8
vn -0.215618 0.428066 0.877649
v -0.00977443 0.0134533 0.188878 0.8 0.8 0.8
vn -0.279928 0.389066 0.877649
v -0.0117587 0.0117587 0.188878 0.8 0.8 0.8
vn -0.337345 0.340485 0.877649
v -0.0134533 0.00977442 0.188878 0.8 0.8 0.8
vn -0.386455 0.283521 0.877649
v -0.0148168 0.00754951 0.188878 0.8 0.8 0.8
vn -0.42605 0.219575 0.877649
v -0.0158154 0.00513871 0.188878 0.8 0.8 0.8
vn -0.455153 0.150223 0.877649
v -0.0164245 0.00260138 0.188878 0.8 0.8 0.8
vn -0.47305 0.0771719 0.877649
v -0.0166293 -1.31529e-08 0.188878 0.8 0.8 0.8
vn -0.479298 0.00222052 0.877649
v -0.0164245 -0.0026014 0.188878 0.8 0.8 0.8
vn -0.473745 -0.0727856 0.877649
v -0.0158154 -0.00513874 0.188878 0.8 0.8 0.8
vn -0.456526 -0.145999 0.877649
v -0.0148168 -0.00754954 0.188878 0.8 0.8 0.8
vn -0.428066 -0.215618 0.877649
v -0.0134533 -0.00977445 0.188878 0.8 0.8 0.8
vn -0.389066 -0.279928 0.877649
v -0.0117587 -0.0117587 0.188878 0.8 0.8 0.8
vn -0.340485 -0.337345 0.877649
v -0.00977443 -0.0134534 0.188878 0.8 0.8 0.8
vn -0.283521 -0.386455 0.877649
v -0.00754952 -0.0148168 0.188878 0.8 0.8 0.8
vn -0.219575 -0.42605 0.877649
v -0.00513872 -0.0158154 0.188878 0.8 0.8 0.8
vn -0.150223 -0.455153 0.877649
v -0.00260138 -0.0164245 0.188878 0.8 0.8 0.8
vn -0.077172 -0.47305 0.877649
v 9.14313e-09 -0.0166293 0.188878 0.8 0.8 0.8
vn -0.00222054 -0.479298 0.877649
v 0.0026014 -0.0164245 0.188878 0.8 0.8 0.8
vn 0.0727855 -0.473745 0.877649
v 0.00513873 -0.0158154 0.188878 0.8 0.8 0.8
vn 0.145999 -0.456526 0.877649
v 0.00754954 -0.0148168 0.188878 0.8 0.8 0.8
vn 0.215618 -0.428066 0.877649
v 0.00977445 -0.0134534 0.188878 0.8 0.8 0.8
vn 0.279928 -0.389066 0.877649
v 0.0117587 -0.0117587 0.188878 0.8 0.8 0.8
vn 0.337345 -0.340485 0.877649
v 0.0134534 -0.00977445 0.188878 0.8 0.8 0.8
vn 0.386455 -0.283521 0.877649
v 0.0148168 -0.00754954 0.188878 0.8 0.8 0.8
vn 0.42605 -0.219575 0.877649
v 0.0158154 -0.00513874 0.188878 0.8 0.8 0.8
vn 0.455153 -0.150223 0.877649
v 0.0164245 -0.0026014 0.188878 0.8 0.8 0.8
vn 0.47305 -0.0771719 0.877649
v 0.0168572 -1.33901e-08 0.188721 0.8 0.8 0.8
vn 0.640829 -0.00279344 0.767679
v 0.0166496 0.00263702 0.188721 0.8 0.8 0.8
vn 0.633376 0.0974887 0.767679
v 0.0160321 0.00520913 0.188721 0.8 0.8 0.8
vn 0.610328 0.19537 0.767679
v 0.0150198 0.00765297 0.188721 0.8 0.8 0.8
vn 0.572251 0.288441 0.767679
v 0.0136377 0.00990837 0.188721 0.8 0.8 0.8
vn 0.520083 0.37441 0.767679
v 0.0119198 0.0119198 0.188721 0.8 0.8 0.8
vn 0.45511 0.451159 0.767679
v 0.00990839 0.0136377 0.188721 0.8 0.8 0.8
vn 0.37893 0.516799 0.767679
v 0.00765299 0.0150198 0.188721 0.8 0.8 0.8
vn 0.293419 0.569714 0.767679
v 0.00520915 0.0160321 0.188721 0.8 0.8 0.8
vn 0.200684 0.608601 0.767679
v 0.00263705 0.0166496 0.188721 0.8 0.8 0.8
vn 0.103007 0.632502 0.767679
v 1.07759e-08 0.0168571 0.188721 0.8 0.8 0.8
vn 0.00279347 0.640829 0.767679
v -0.00263703 0.0166496 0.188721 0.8 0.8 0.8
vn -0.0974886 0.633376 0.767679
v -0.00520913 0.0160321 0.188721 0.8 0.8 0.8
vn -0.19537 0.610328 0.767679
v -0.00765297 0.0150198 0.188721 0.8 0.8 0.8
vn -0.288441 0.572251 0.767679
v -0.00990837 0.0136377 0.188721 0.8 0.8 0.8
vn -0.37441 0.520083 0.767679
v -0.0119198 0.0119198 0.188721 0.8 0.8 0.8
vn -0.451159 0.45511 0.767679
v -0.0136377 0.00990837 0.188721 0.8 0.8 0.8
vn -0.516799 0.37893 0.767679
v -0.0150198 0.00765297 0.188721 0.8 0.8 0.8
vn -0.569714 0.293419 0.767679
v -0.0160321 0.00520913 0.188721 0.8 0.8 0.8
vn -0.608601 0.200684 0.767679
v -0.0166496 0.00263702 0.188721 0.8 0.8 0.8
vn -0.632502 0.103007 0.767679
v -0.0168571 -1.31512e-08 0.188721 0.8 0.8 0.8
vn -0.640829 0.00279344 0.767679
v -0.0166496 -0.00263705 0.188721 0.8 0.8 0.8
vn -0.633376 -0.0974887 0.767679
v -0.0160321 -0.00520916 0.188721 0.8 0.8 0.8
vn -0.610328 -0.19537 0.767679
v -0.0150198 -0.007653 0.188721 0.8 0.8 0.8
vn -0.572251 -0.288441 0.767679
v -0.0136377 -0.00990839 0.188721 0.8 0.8 0.8
vn -0.520083 -0.37441 0.767679
v -0.0119198 -0.0119198 0.188721 0.8 0.8 0.8
vn -0.45511 -0.451159 0.767679
v -0.00990837 -0.0136377 0.188721 0.8 0.8 0.8
vn -0.37893 -0.516799 0.767679
v -0.00765297 -0.0150198 0.188721 0.8 0.8 0.8
vn -0.293419 -0.569714 0.767679
v -0.00520913 -0.0160321 0.188721 0.8 0.8 0.8
vn -0.200684 -0.608601 0.767679
v -0.00263703 -0.0166496 0.188721 0.8 0.8 0.8
vn -0.103007 -0.632502 0.767679
v 9.13202e-09 -0.0168572 0.188721 0.8 0.8 0.8
vn -0.00279347 -0.640829 0.767679
v 0.00263705 -0.0166496 0.188721 0.8 0.8 0.8
vn 0.0974886 -0.633376 0.767679
v 0.00520915 -0.0160321 0.188721 0.8 0.8 0.8
vn 0.19537 -0.610328 0.767679
v 0.00765299 -0.0150198 0.188721 0.8 0.8 0.8
vn 0.288441 -0.572251 0.767679
v 0.00990839 -0.0136377 0.188721 0.8 0.8 0.8
vn 0.37441 -0.520083 0.767679
v 0.0119198 -0.0119198 0.188721 0.8 0.8 0.8
vn 0.451159 -0.45511 0.767679
v 0.0136377 -0.00990839 0.188721 0.8 0.8 0.8
vn 0.516799 -0.37893 0.767679
v 0.0150198 -0.007653 0.188721 0.8 0.8 0.8
vn 0.569714 -0.293419 0.767679
v 0.0160321 -0.00520916 0.188721 0.8 0.8 0.8
vn 0.608601 -0.200684 0.767679
v 0.0166496 -0.00263705 0.188721 0.8 0.8 0.8
vn 0.632502 -0.103007 0.767679
v 0.0170718 -1.33917e-08 0.188508 0.8 0.8 0.8
vn 0.757501 -0.00344019 0.652825
v 0.0168616 0.0026706 0.188508 0.8 0.8 0.8
vn 0.748713 0.115101 0.652825
v 0.0162362 0.00527545 0.188508 0.8 0.8 0.8
vn 0.721489 0.230809 0.652825
v 0.0152111 0.00775041 0.188508 0.8 0.8 0.8
vn 0.6765 0.340833 0.652825
v 0.0138114 0.0100345 0.188508 0.8 0.8 0.8
vn 0.614853 0.442465 0.652825
v 0.0120716 0.0120715 0.188508 0.8 0.8 0.8
vn 0.538067 0.533201 0.652825
v 0.0100345 0.0138113 0.188508 0.8 0.8 0.8
vn 0.448031 0.610809 0.652825
v 0.00775043 0.015211 0.188508 0.8 0.8 0.8
vn 0.346964 0.673376 0.652825
v 0.00527548 0.0162362 0.188508 0.8 0.8 0.8
vn 0.237353 0.719363 0.652825
v 0.00267062 0.0168616 0.188508 0.8 0.8 0.8
vn 0.121897 0.747637 0.652825
v 1.07863e-08 0.0170718 0.188508 0.8 0.8 0.8
vn 0.00344023 0.757501 0.652825
v -0.0026706 0.0168616 0.188508 0.8 0.8 0.8
vn -0.115101 0.748713 0.652825
v -0.00527546 0.0162362 0.188508 0.8 0.8 0.8
vn -0.230809 0.721489 0.652825
v -0.00775041 0.015211 0.188508 0.8 0.8 0.8
vn -0.340833 0.6765 0.652825
v -0.0100345 0.0138113 0.188508 0.8 0.8 0.8
vn -0.442465 0.614853 0.652825
v -0.0120716 0.0120715 0.188508 0.8 0.8 0.8
vn -0.533201 0.538067 0.652825
v -0.0138113 0.0100345 0.188508 0.8 0.8 0.8
vn -0.610809 0.448031 0.652825
v -0.015211 0.00775041 0.188508 0.8 0.8 0.8
vn -0.673377 0.346963 0.652825
v -0.0162362 0.00527545 0.188508 0.8 0.8 0.8
vn -0.719363 0.237352 0.652825
v -0.0168616 0.0026706 0.188508 0.8 0.8 0.8
vn -0.747637 0.121897 0.652825
v -0.0170718 -1.31497e-08 0.188508 0.8 0.8 0.8
vn -0.757501 0.00344019 0.652825
v -0.0168616 -0.00267063 0.188508 0.8 0.8 0.8
vn -0.748713 -0.115101 0.652825
v -0.0162362 -0.00527548 0.188508 0.8 0.8 0.8
vn -0.721489 -0.230809 0.652825
v -0.015211 -0.00775043 0.188508 0.8 0.8 0.8
vn -0.6765 -0.340833 0.652825
v -0.0138113 -0.0100345 0.188508 0.8 0.8 0.8
vn -0.614853 -0.442465 0.652825
v -0.0120716 -0.0120716 0.188508 0.8 0.8 0.8
vn -0.538067 -0.533201 0.652825
v -0.0100345 -0.0138114 0.188508 0.8 0.8 0.8
vn -0.448031 -0.610809 0.652825
v -0.00775041 -0.0152111 0.188508 0.8 0.8 0.8
vn -0.346964 -0.673376 0.652825
v -0.00527546 -0.0162362 0.188508 0.8 0.8 0.8
vn -0.237353 -0.719363 0.652825
v -0.0026706 -0.0168616 0.188508 0.8 0.8 0.8
vn -0.121897 -0.747637 0.652825
v 9.12155e-09 -0.0170718 0.188508 0.8 0.8 0.8
vn -0.00344023 -0.757501 0.652825
v 0.00267062 -0.0168616 0.188508 0.8 0.8 0.8
vn 0.115101 -0.748713 0.652825
v 0.00527548 -0.0162362 0.188508 0.8 0.8 0.8
vn 0.230809 -0.721489 0.652825
v 0.00775043 -0.0152111 0.188508 0.8 0.8 0.8
vn 0.340833 -0.6765 0.652825
v 0.0100345 -0.0138114 0.188508 0.8 0.8 0.8
vn 0.442465 -0.614853 0.652825
v 0.0120716 -0.0120716 0.188508 0.8 0.8 0.8
vn 0.533201 -0.538067 0.652825
v 0.0138114 -0.0100345 0.188508 0.8 0.8 0.8
vn 0.610809 -0.448031 0.652825
v 0.0152111 -0.00775043 0.188508 0.8 0.8 0.8
vn 0.673377 -0.346963 0.652825
v 0.0162362 -0.00527548 0.188508 0.8 0.8 0.8
vn 0.719363 -0.237352 0.652825
v 0.0168616 -0.00267063 0.188508 0.8 0.8 0.8
vn 0.747637 -0.121897 0.652825
v 0.0172943 -1.33932e-08 0.188214 0.8 0.8 0.8
vn 0.831477 -0.00442415 0.555541
v 0.0170814 0.00270541 0.188214 0.8 0.8 0.8
vn 0.821932 0.125702 0.555541
v 0.0164479 0.00534422 0.188214 0.8 0.8 0.8
vn 0.792149 0.252733 0.555541
v 0.0154093 0.00785143 0.188214 0.8 0.8 0.8
vn 0.74286 0.373541 0.555541
v 0.0139914 0.0101653 0.188214 0.8 0.8 0.8
vn 0.67528 0.485151 0.555541
v 0.0122289 0.0122289 0.188214 0.8 0.8 0.8
vn 0.591072 0.584815 0.555541
v 0.0101653 0.0139914 0.188214 0.8 0.8 0.8
vn 0.492309 0.670079 0.555541
v 0.00785146 0.0154093 0.188214 0.8 0.8 0.8
vn 0.381425 0.738843 0.555541
v 0.00534424 0.0164478 0.188214 0.8 0.8 0.8
vn 0.261148 0.789415 0.555541
v 0.00270544 0.0170814 0.188214 0.8 0.8 0.8
vn 0.134441 0.820548 0.555541
v 1.07972e-08 0.0172943 0.188214 0.8 0.8 0.8
vn 0.00442418 0.831477 0.555541
v -0.00270541 0.0170814 0.188214 0.8 0.8 0.8
vn -0.125702 0.821932 0.555541
v -0.00534422 0.0164478 0.188214 0.8 0.8 0.8
vn -0.252733 0.792149 0.555541
v -0.00785144 0.0154093 0.188214 0.8 0.8 0.8
vn -0.373541 0.74286 0.555541
v -0.0101653 0.0139914 0.188214 0.8 0.8 0.8
vn -0.485151 0.67528 0.555541
v -0.0122289 0.0122289 0.188214 0.8 0.8 0.8
vn -0.584815 0.591071 0.555541
v -0.0139914 0.0101653 0.188214 0.8 0.8 0.8
vn -0.670079 0.492309 0.555541
v -0.0154093 0.00785143 0.188214 0.8 0.8 0.8
vn -0.738843 0.381425 0.555541
v -0.0164478 0.00534422 0.188214 0.8 0.8 0.8
vn -0.789415 0.261148 0.555541
v -0.0170814 0.00270541 0.188214 0.8 0.8 0.8
vn -0.820548 0.134441 0.555541
v -0.0172943 -1.31482e-08 0.188214 0.8 0.8 0.8
vn -0.831477 0.00442415 0.555541
v -0.0170814 -0.00270544 0.188214 0.8 0.8 0.8
vn -0.821932 -0.125702 0.555541
v -0.0164478 -0.00534425 0.188214 0.8 0.8 0.8
vn -0.792149 -0.252733 0.555541
v -0.0154093 -0.00785146 0.188214 0.8 0.8 0.8
vn -0.74286 -0.373541 0.555541
v -0.0139914 -0.0101653 0.188214 0.8 0.8 0.8
vn -0.67528 -0.485151 0.555541
v -0.0122289 -0.0122289 0.188214 0.8 0.8 0.8
vn -0.591072 -0.584815 0.555541
v -0.0101653 -0.0139914 0.188214 0.8 0.8 0.8
vn -0.492309 -0.670079 0.555541
v -0.00785144 -0.0154093 0.188214 0.8 0.8 0.8
vn -0.381425 -0.738843 0.555541
v -0.00534422 -0.0164479 0.188214 0.8 0.8 0.8
vn -0.261148 -0.789415 0.555541
v -0.00270542 -0.0170814 0.188214 0.8 0.8 0.8
vn -0.134441 -0.820548 0.555541
v 9.1107e-09 -0.0172943 0.188214 0.8 0.8 0.8
vn -0.00442418 -0.831477 0.555541
v 0.00270543 -0.0170814 0.188214 0.8 0.8 0.8
vn 0.125702 -0.821932 0.555541
v 0.00534424 -0.0164479 0.188214 0.8 0.8 0.8
vn 0.252733 -0.792149 0.555541
v 0.00785146 -0.0154093 0.188214 0.8 0.8 0.8
vn 0.373541 -0.74286 0.555541
v 0.0101653 -0.0139914 0.188214 0.8 0.8 0.8
vn 0.485151 -0.67528 0.555541
v 0.0122289 -0.0122289 0.188214 0.8 0.8 0.8
vn 0.584815 -0.591071 0.555541
v 0.0139914 -0.0101653 0.188214 0.8 0.8 0.8
vn 0.670079 -0.492309 0.555541
v 0.0154093 -0.00785146 0.188214 0.8 0.8 0.8
vn 0.738843 -0.381425 0.555541
v 0.0164479 -0.00534425 0.188214 0.8 0.8 0.8
vn 0.789415 -0.261148 0.555541
v 0.0170814 -0.00270544 0.188214 0.8 0.8 0.8
vn 0.820548 -0.134441 0.555541
v 0.0175566 -1.33951e-08 0.187783 0.8 0.8 0.8
vn 0.874698 -0.00652271 0.484625
v 0.0173404 0.00274644 0.187783 0.8 0.8 0.8
vn 0.864949 0.13039 0.484625
v 0.0166973 0.00542526 0.187783 0.8 0.8 0.8
vn 0.833903 0.264093 0.484625
v 0.015643 0.00797049 0.187783 0.8 0.8 0.8
vn 0.782323 0.391293 0.484625
v 0.0142036 0.0103195 0.187783 0.8 0.8 0.8
vn 0.711479 0.508857 0.484625
v 0.0124144 0.0124143 0.187783 0.8 0.8 0.8
vn 0.623117 0.613892 0.484625
v 0.0103195 0.0142035 0.187783 0.8 0.8 0.8
vn 0.519412 0.703811 0.484625
v 0.00797052 0.015643 0.187783 0.8 0.8 0.8
vn 0.402916 0.7764 0.484625
v 0.00542528 0.0166973 0.187783 0.8 0.8 0.8
vn 0.2765 0.829871 0.484625
v 0.00274646 0.0173404 0.187783 0.8 0.8 0.8
vn 0.143275 0.862908 0.484625
v 1.081e-08 0.0175565 0.187783 0.8 0.8 0.8
vn 0.00652275 0.874698 0.484625
v -0.00274644 0.0173404 0.187783 0.8 0.8 0.8
vn -0.13039 0.864949 0.484625
v -0.00542526 0.0166973 0.187783 0.8 0.8 0.8
vn -0.264093 0.833903 0.484625
v -0.0079705 0.015643 0.187783 0.8 0.8 0.8
vn -0.391293 0.782323 0.484625
v -0.0103195 0.0142035 0.187783 0.8 0.8 0.8
vn -0.508858 0.711479 0.484625
v -0.0124143 0.0124143 0.187783 0.8 0.8 0.8
vn -0.613893 0.623117 0.484625
v -0.0142035 0.0103195 0.187783 0.8 0.8 0.8
vn -0.703811 0.519411 0.484625
v -0.015643 0.0079705 0.187783 0.8 0.8 0.8
vn -0.7764 0.402916 0.484625
v -0.0166973 0.00542526 0.187783 0.8 0.8 0.8
vn -0.829871 0.2765 0.484625
v -0.0173404 0.00274644 0.187783 0.8 0.8 0.8
vn -0.862909 0.143275 0.484625
v -0.0175565 -1.31463e-08 0.187783 0.8 0.8 0.8
vn -0.874698 0.00652271 0.484625
v -0.0173404 -0.00274646 0.187783 0.8 0.8 0.8
vn -0.864949 -0.13039 0.484625
v -0.0166973 -0.00542529 0.187783 0.8 0.8 0.8
vn -0.833903 -0.264093 0.484625
v -0.015643 -0.00797052 0.187783 0.8 0.8 0.8
vn -0.782323 -0.391293 0.484625
v -0.0142035 -0.0103195 0.187783 0.8 0.8 0.8
vn -0.711479 -0.508857 0.484625
v -0.0124143 -0.0124144 0.187783 0.8 0.8 0.8
vn -0.623117 -0.613892 0.484625
v -0.0103195 -0.0142036 0.187783 0.8 0.8 0.8
vn -0.519412 -0.703811 0.484625
v -0.0079705 -0.015643 0.187783 0.8 0.8 0.8
vn -0.402916 -0.7764 0.484625
v -0.00542526 -0.0166973 0.187783 0.8 0.8 0.8
vn -0.2765 -0.829871 0.484625
v -0.00274644 -0.0173404 0.187783 0.8 0.8 0.8
vn -0.143275 -0.862908 0.484625
v 9.09791e-09 -0.0175566 0.187783 0.8 0.8 0.8
vn -0.00652275 -0.874698 0.484625
v 0.00274646 -0.0173404 0.187783 0.8 0.8 0.8
vn 0.13039 -0.864949 0.484625
v 0.00542528 -0.0166973 0.187783 0.8 0.8 0.8
vn 0.264093 -0.833903 0.484625
v 0.00797052 -0.015643 0.187783 0.8 0.8 0.8
vn 0.391293 -0.782323 0.484625
v 0.0103195 -0.0142036 0.187783 0.8 0.8 0.8
vn 0.508858 -0.711479 0.484625
v 0.0124144 -0.0124144 0.187783 0.8 0.8 0.8
vn 0.613893 -0.623117 0.484625
v 0.0142036 -0.0103195 0.187783 0.8 0.8 0.8
vn 0.703811 -0.519411 0.484625
v 0.015643 -0.00797052 0.187783 0.8 0.8 0.8
vn 0.7764 -0.402916 0.484625
v 0.0166973 -0.00542529 0.187783 0.8 0.8 0.8
vn 0.829871 -0.2765 0.484625
v 0.0173404 -0.00274646 0.187783 0.8 0.8 0.8
vn 0.862909 -0.143275 0.484625
v 0.017945 -1.33978e-08 0.18704 0.8 0.8 0.8
vn 0.900935 -0.0282619 0.433032
v 0.0177241 0.0028072 0.18704 0.8 0.8 0.8
vn 0.894264 0.113023 0.433032
v 0.0170667 0.0055453 0.18704 0.8 0.8 0.8
vn 0.865574 0.251526 0.433032
v 0.0159891 0.00814685 0.18704 0.8 0.8 0.8
vn 0.81557 0.383834 0.433032
v 0.0145178 0.0105478 0.18704 0.8 0.8 0.8
vn 0.745484 0.506692 0.433032
v 0.012689 0.012689 0.18704 0.8 0.8 0.8
vn 0.657042 0.617073 0.433032
v 0.0105478 0.0145178 0.18704 0.8 0.8 0.8
vn 0.552421 0.71226 0.433032
v 0.00814687 0.0159891 0.18704 0.8 0.8 0.8
vn 0.434198 0.789908 0.433032
v 0.00554532 0.0170667 0.18704 0.8 0.8 0.8
vn 0.305283 0.848107 0.433032
v 0.00280723 0.0177241 0.18704 0.8 0.8 0.8
vn 0.168851 0.885422 0.433032
v 1.08289e-08 0.017945 0.18704 0.8 0.8 0.8
vn 0.028262 0.900935 0.433032
v -0.00280721 0.0177241 0.18704 0.8 0.8 0.8
vn -0.113023 0.894264 0.433032
v -0.0055453 0.0170667 0.18704 0.8 0.8 0.8
vn -0.251526 0.865574 0.433032
v -0.00814685 0.0159891 0.18704 0.8 0.8 0.8
vn -0.383834 0.81557 0.433032
v -0.0105478 0.0145178 0.18704 0.8 0.8 0.8
vn -0.506692 0.745484 0.433032
v -0.012689 0.012689 0.18704 0.8 0.8 0.8
vn -0.617073 0.657042 0.433032
v -0.0145178 0.0105478 0.18704 0.8 0.8 0.8
vn -0.71226 0.552421 0.433032
v -0.0159891 0.00814685 0.18704 0.8 0.8 0.8
vn -0.789909 0.434198 0.433032
v -0.0170667 0.0055453 0.18704 0.8 0.8 0.8
vn -0.848107 0.305283 0.433032
v -0.0177241 0.0028072 0.18704 0.8 0.8 0.8
vn -0.885422 0.168851 0.433032
v -0.017945 -1.31435e-08 0.18704 0.8 0.8 0.8
vn -0.900935 0.0282619 0.433032
v -0.0177241 -0.00280723 0.18704 0.8 0.8 0.8
vn -0.894264 -0.113023 0.433032
v -0.0170667 -0.00554533 0.18704 0.8 0.8 0.8
vn -0.865574 -0.251526 0.433032
v -0.0159891 -0.00814688 0.18704 0.8 0.8 0.8
vn -0.81557 -0.383834 0.433032
v -0.0145178 -0.0105478 0.18704 0.8 0.8 0.8
vn -0.745484 -0.506692 0.433032
v -0.012689 -0.012689 0.18704 0.8 0.8 0.8
vn -0.657042 -0.617073 0.433032
v -0.0105478 -0.0145178 0.18704 0.8 0.8 0.8
vn -0.552421 -0.71226 0.433032
v -0.00814685 -0.0159891 0.18704 0.8 0.8 0.8
vn -0.434198 -0.789908 0.433032
v -0.0055453 -0.0170667 0.18704 0.8 0.8 0.8
vn -0.305283 -0.848107 0.433032
v -0.00280721 -0.0177241 0.18704 0.8 0.8 0.8
vn -0.168851 -0.885422 0.433032
v 9.07897e-09 -0.017945 0.18704 0.8 0.8 0.8
vn -0.028262 -0.900935 0.433032
v 0.00280723 -0.0177241 0.18704 0.8 0.8 0.8
vn 0.113023 -0.894264 0.433032
v 0.00554532 -0.0170667 0.18704 0.8 0.8 0.8
vn 0.251526 -0.865574 0.433032
v 0.00814687 -0.0159891 0.18704 0.8 0.8 0.8
vn 0.383834 -0.81557 0.433032
v 0.0105478 -0.0145178 0.18704 0.8 0.8 0.8
vn 0.506692 -0.745484 0.433032
v 0.012689 -0.012689 0.18704 0.8 0.8 0.8
vn 0.617073 -0.657042 0.433032
v 0.0145178 -0.0105478 0.18704 0.8 0.8 0.8
vn 0.71226 -0.552421 0.433032
v 0.0159891 -0.00814688 0.18704 0.8 0.8 0.8
vn 0.789909 -0.434198 0.433032
v 0.0170667 -0.00554533 0.18704 0.8 0.8 0.8
vn 0.848107 -0.305283 0.433032
v 0.0177241 -0.00280723 0.18704 0.8 0.8 0.8
vn 0.885422 -0.168851 0.433032
v 0.0264806 -1.34583e-08 0.169226 0.8 0.8 0.8
vn 0.902108 -0.0128846 0.431318
v 0.0261546 0.00414246 0.169226 0.8 0.8 0.8
vn 0.893017 0.128395 0.431318
v 0.0251846 0.00818294 0.169226 0.8 0.8 0.8
vn 0.861937 0.266513 0.431318
v 0.0235944 0.0120219 0.169226 0.8 0.8 0.8
vn 0.809634 0.398068 0.431318
v 0.0214233 0.0155649 0.169226 0.8 0.8 0.8
vn 0.737394 0.519822 0.431318
v 0.0187246 0.0187246 0.169226 0.8 0.8 0.8
vn 0.646998 0.628776 0.431318
v 0.0155649 0.0214232 0.169226 0.8 0.8 0.8
vn 0.54067 0.722247 0.431318
v 0.012022 0.0235944 0.169226 0.8 0.8 0.8
vn 0.421029 0.797935 0.431318
v 0.00818297 0.0251845 0.169226 0.8 0.8 0.8
vn 0.291021 0.853974 0.431318
v 0.00414249 0.0261546 0.169226 0.8 0.8 0.8
vn 0.153847 0.888986 0.431318
v 1.12451e-08 0.0264806 0.169226 0.8 0.8 0.8
vn 0.0128847 0.902108 0.431318
v -0.00414247 0.0261546 0.169226 0.8 0.8 0.8
vn -0.128395 0.893017 0.431318
v -0.00818294 0.0251845 0.169226 0.8 0.8 0.8
vn -0.266513 0.861937 0.431318
v -0.0120219 0.0235944 0.169226 0.8 0.8 0.8
vn -0.398068 0.809634 0.431318
v -0.0155649 0.0214232 0.169226 0.8 0.8 0.8
vn -0.519822 0.737394 0.431318
v -0.0187246 0.0187246 0.169226 0.8 0.8 0.8
vn -0.628776 0.646997 0.431318
v -0.0214232 0.0155649 0.169226 0.8 0.8 0.8
vn -0.722247 0.54067 0.431318
v -0.0235944 0.0120219 0.169226 0.8 0.8 0.8
vn -0.797935 0.421029 0.431318
v -0.0251845 0.00818294 0.169226 0.8 0.8 0.8
vn -0.853974 0.291021 0.431318
v -0.0261546 0.00414246 0.169226 0.8 0.8 0.8
vn -0.888986 0.153847 0.431318
v -0.0264806 -1.30831e-08 0.169226 0.8 0.8 0.8
vn -0.902108 0.0128846 0.431318
v -0.0261546 -0.00414249 0.169226 0.8 0.8 0.8
vn -0.893017 -0.128395 0.431318
v -0.0251845 -0.00818297 0.169226 0.8 0.8 0.8
vn -0.861937 -0.266513 0.431318
v -0.0235944 -0.012022 0.169226 0.8 0.8 0.8
vn -0.809634 -0.398068 0.431318
v -0.0214232 -0.0155649 0.169226 0.8 0.8 0.8
vn -0.737394 -0.519822 0.431318
v -0.0187246 -0.0187246 0.169226 0.8 0.8 0.8
vn -0.646998 -0.628776 0.431318
v -0.0155649 -0.0214233 0.169226 0.8 0.8 0.8
vn -0.54067 -0.722247 0.431318
v -0.0120219 -0.0235944 0.169226 0.8 0.8 0.8
vn -0.421029 -0.797935 0.431318
v -0.00818295 -0.0251846 0.169226 0.8 0.8 0.8
vn -0.291021 -0.853974 0.431318
v -0.00414247 -0.0261546 0.169226 0.8 0.8 0.8
vn -0.153847 -0.888986 0.431318
v 8.66279e-09 -0.0264806 0.169226 0.8 0.8 0.8
vn -0.0128847 -0.902108 0.431318
v 0.00414249 -0.0261546 0.169226 0.8 0.8 0.8
vn 0.128395 -0.893017 0.431318
v 0.00818296 -0.0251846 0.169226 0.8 0.8 0.8
vn 0.266513 -0.861937 0.431318
v 0.0120219 -0.0235944 0.169226 0.8 0.8 0.8
vn 0.398068 -0.809634 0.431318
v 0.0155649 -0.0214233 0.169226 0.8 0.8 0.8
vn 0.519822 -0.737394 0.431318
v 0.0187246 -0.0187246 0.169226 0.8 0.8 0.8
vn 0.628776 -0.646997 0.431318
v 0.0214233 -0.0155649 0.169226 0.8 0.8 0.8
vn 0.722247 -0.54067 0.431318
v 0.0235944 -0.012022 0.169226 0.8 0.8 0.8
vn 0.797935 -0.421029 0.431318
v 0.0251846 -0.00818297 0.169226 0.8 0.8 0.8
vn 0.853974 -0.291021 0.431318
v 0.0261546 -0.00414249 0.169226 0.8 0.8 0.8
vn 0.888986 -0.153847 0.431318
v 0.0384653 -1.35432e-08 0.14413 0.8 0.8 0.8
vn 0.903351 0.0168587 0.42857
v 0.0379917 0.00601728 0.14413 0.8 0.8 0.8
vn 0.889592 0.157966 0.42857
v 0.0365827 0.0118864 0.14413 0.8 0.8 0.8
vn 0.853929 0.295184 0.42857
v 0.0342728 0.0174629 0.14413 0.8 0.8 0.8
vn 0.797238 0.425134 0.42857
v 0.0311191 0.0226093 0.14413 0.8 0.8 0.8
vn 0.720917 0.544616 0.42857
v 0.0271991 0.0271991 0.14413 0.8 0.8 0.8
vn 0.626845 0.650687 0.42857
v 0.0226093 0.0311191 0.14413 0.8 0.8 0.8
vn 0.517338 0.740736 0.42857
v 0.0174629 0.0342728 0.14413 0.8 0.8 0.8
vn 0.395092 0.812546 0.42857
v 0.0118864 0.0365826 0.14413 0.8 0.8 0.8
vn 0.263117 0.864348 0.42857
v 0.00601731 0.0379917 0.14413 0.8 0.8 0.8
vn 0.124664 0.894867 0.42857
v 1.18295e-08 0.0384653 0.14413 0.8 0.8 0.8
vn -0.0168586 0.903351 0.42857
v -0.00601729 0.0379917 0.14413 0.8 0.8 0.8
vn -0.157966 0.889592 0.42857
v -0.0118864 0.0365826 0.14413 0.8 0.8 0.8
vn -0.295184 0.853929 0.42857
v -0.0174629 0.0342728 0.14413 0.8 0.8 0.8
vn -0.425134 0.797238 0.42857
v -0.0226093 0.0311191 0.14413 0.8 0.8 0.8
vn -0.544616 0.720917 0.42857
v -0.0271991 0.0271991 0.14413 0.8 0.8 0.8
vn -0.650687 0.626845 0.42857
v -0.0311191 0.0226093 0.14413 0.8 0.8 0.8
vn -0.740736 0.517338 0.42857
v -0.0342728 0.0174629 0.14413 0.8 0.8 0.8
vn -0.812546 0.395092 0.42857
v -0.0365827 0.0118864 0.14413 0.8 0.8 0.8
vn -0.864348 0.263117 0.42857
v -0.0379917 0.00601728 0.14413 0.8 0.8 0.8
vn -0.894867 0.124664 0.42857
v -0.0384653 -1.29981e-08 0.14413 0.8 0.8 0.8
vn -0.903351 -0.0168587 0.42857
v -0.0379917 -0.00601731 0.14413 0.8 0.8 0.8
vn -0.889592 -0.157966 0.42857
v -0.0365827 -0.0118864 0.14413 0.8 0.8 0.8
vn -0.853929 -0.295184 0.42857
v -0.0342728 -0.0174629 0.14413 0.8 0.8 0.8
vn -0.797238 -0.425134 0.42857
v -0.0311191 -0.0226093 0.14413 0.8 0.8 0.8
vn -0.720917 -0.544616 0.42857
v -0.0271991 -0.0271991 0.14413 0.8 0.8 0.8
vn -0.626845 -0.650687 0.42857
v -0.0226093 -0.0311191 0.14413 0.8 0.8 0.8
vn -0.517338 -0.740736 0.42857
v -0.0174629 -0.0342728 0.14413 0.8 0.8 0.8
vn -0.395092 -0.812546 0.42857
v -0.0118864 -0.0365827 0.14413 0.8 0.8 0.8
vn -0.263117 -0.864348 0.42857
v -0.00601729 -0.0379917 0.14413 0.8 0.8 0.8
vn -0.124664 -0.894867 0.42857
v 8.07843e-09 -0.0384653 0.14413 0.8 0.8 0.8
vn 0.0168586 -0.903351 0.42857
v 0.00601731 -0.0379917 0.14413 0.8 0.8 0.8
vn 0.157966 -0.889592 0.42857
v 0.0118864 -0.0365827 0.14413 0.8 0.8 0.8
vn 0.295184 -0.853929 0.42857
v 0.0174629 -0.0342728 0.14413 0.8 0.8 0.8
vn 0.425134 -0.797238 0.42857
v 0.0226093 -0.0311191 0.14413 0.8 0.8 0.8
vn 0.544616 -0.720917 0.42857
v 0.0271991 -0.0271991 0.14413 0.8 0.8 0.8
vn 0.650687 -0.626845 0.42857
v 0.0311191 -0.0226093 0.14413 0.8 0.8 0.8
vn 0.740736 -0.517338 0.42857
v 0.0342728 -0.0174629 0.14413 0.8 0.8 0.8
vn 0.812546 -0.395092 0.42857
v 0.0365827 -0.0118864 0.14413 0.8 0.8 0.8
vn 0.864348 -0.263117 0.42857
v 0.0379917 -0.00601731 0.14413 0.8 0.8 0.8
vn 0.894867 -0.124664 0.42857
v 0.0387473 -1.35452e-08 0.143387 0.8 0.8 0.8
vn 0.955869 0.00653376 0.293721
v 0.0382702 0.00606139 0.143387 0.8 0.8 0.8
vn 0.943078 0.155984 0.293721
v 0.0368508 0.0119735 0.143387 0.8 0.8 0.8
vn 0.907066 0.301594 0.293721
v 0.0345241 0.0175909 0.143387 0.8 0.8 0.8
vn 0.848719 0.439777 0.293721
v 0.0313472 0.022775 0.143387 0.8 0.8 0.8
vn 0.769474 0.567131 0.293721
v 0.0273985 0.0273984 0.143387 0.8 0.8 0.8
vn 0.671281 0.680521 0.293721
v 0.0227751 0.0313472 0.143387 0.8 0.8 0.8
vn 0.55656 0.777154 0.293721
v 0.0175909 0.034524 0.143387 0.8 0.8 0.8
vn 0.428134 0.854652 0.293721
v 0.0119736 0.0368508 0.143387 0.8 0.8 0.8
vn 0.289166 0.911104 0.293721
v 0.00606142 0.0382702 0.143387 0.8 0.8 0.8
vn 0.143078 0.945123 0.293721
v 1.18432e-08 0.0387472 0.143387 0.8 0.8 0.8
vn -0.00653372 0.955869 0.293721
v -0.00606139 0.0382702 0.143387 0.8 0.8 0.8
vn -0.155984 0.943078 0.293721
v -0.0119735 0.0368508 0.143387 0.8 0.8 0.8
vn -0.301594 0.907066 0.293721
v -0.0175909 0.034524 0.143387 0.8 0.8 0.8
vn -0.439777 0.848719 0.293721
v -0.022775 0.0313472 0.143387 0.8 0.8 0.8
vn -0.567132 0.769474 0.293721
v -0.0273984 0.0273984 0.143387 0.8 0.8 0.8
vn -0.680521 0.671281 0.293721
v -0.0313472 0.022775 0.143387 0.8 0.8 0.8
vn -0.777155 0.55656 0.293721
v -0.034524 0.0175909 0.143387 0.8 0.8 0.8
vn -0.854652 0.428134 0.293721
v -0.0368508 0.0119735 0.143387 0.8 0.8 0.8
vn -0.911104 0.289166 0.293721
v -0.0382702 0.00606139 0.143387 0.8 0.8 0.8
vn -0.945123 0.143077 0.293721
v -0.0387472 -1.29961e-08 0.143387 0.8 0.8 0.8
vn -0.955869 -0.00653376 0.293721
v -0.0382702 -0.00606142 0.143387 0.8 0.8 0.8
vn -0.943078 -0.155984 0.293721
v -0.0368508 -0.0119736 0.143387 0.8 0.8 0.8
vn -0.907066 -0.301594 0.293721
v -0.034524 -0.0175909 0.143387 0.8 0.8 0.8
vn -0.848719 -0.439777 0.293721
v -0.0313472 -0.0227751 0.143387 0.8 0.8 0.8
vn -0.769474 -0.567131 0.293721
v -0.0273984 -0.0273985 0.143387 0.8 0.8 0.8
vn -0.671281 -0.680521 0.293721
v -0.0227751 -0.0313472 0.143387 0.8 0.8 0.8
vn -0.55656 -0.777154 0.293721
v -0.0175909 -0.0345241 0.143387 0.8 0.8 0.8
vn -0.428134 -0.854652 0.293721
v -0.0119735 -0.0368508 0.143387 0.8 0.8 0.8
vn -0.289166 -0.911104 0.293721
v -0.0060614 -0.0382702 0.143387 0.8 0.8 0.8
vn -0.143078 -0.945123 0.293721
v 8.06469e-09 -0.0387473 0.143387 0.8 0.8 0.8
vn 0.00653372 -0.955869 0.293721
v 0.00606141 -0.0382702 0.143387 0.8 0.8 0.8
vn 0.155984 -0.943078 0.293721
v 0.0119736 -0.0368508 0.143387 0.8 0.8 0.8
vn 0.301594 -0.907066 0.293721
v 0.0175909 -0.0345241 0.143387 0.8 0.8 0.8
vn 0.439777 -0.848719 0.293721
v 0.0227751 -0.0313472 0.143387 0.8 0.8 0.8
vn 0.567132 -0.769474 0.293721
v 0.0273985 -0.0273985 0.143387 0.8 0.8 0.8
vn 0.680521 -0.671281 0.293721
v 0.0313472 -0.0227751 0.143387 0.8 0.8 0.8
vn 0.777155 -0.55656 0.293721
v 0.0345241 -0.0175909 0.143387 0.8 0.8 0.8
vn 0.854652 -0.428134 0.293721
v 0.0368508 -0.0119736 0.143387 0.8 0.8 0.8
vn 0.911104 -0.289166 0.293721
v 0.0382702 -0.00606142 0.143387 0.8 0.8 0.8
vn 0.945123 -0.143077 0.293721
v 0.0388262 -1.35458e-08 0.142956 0.8 0.8 0.8
vn 0.999061 0.0049337 0.0430369
v 0.0383482 0.00607374 0.142956 0.8 0.8 0.8
vn 0.985989 0.161161 0.0430369
v 0.0369259 0.0119979 0.142956 0.8 0.8 0.8
vn 0.948639 0.313419 0.0430369
v 0.0345944 0.0176267 0.142956 0.8 0.8 0.8
vn 0.88793 0.45796 0.0430369
v 0.0314111 0.0228214 0.142956 0.8 0.8 0.8
vn 0.805358 0.591225 0.0430369
v 0.0274543 0.0274542 0.142956 0.8 0.8 0.8
vn 0.702954 0.709932 0.0430369
v 0.0228215 0.031411 0.142956 0.8 0.8 0.8
vn 0.583242 0.811157 0.0430369
v 0.0176267 0.0345944 0.142956 0.8 0.8 0.8
vn 0.449168 0.89241 0.0430369
v 0.011998 0.0369259 0.142956 0.8 0.8 0.8
vn 0.304035 0.951688 0.0430369
v 0.00607377 0.0383482 0.142956 0.8 0.8 0.8
vn 0.151415 0.987533 0.0430369
v 1.18471e-08 0.0388262 0.142956 0.8 0.8 0.8
vn -0.00493366 0.999061 0.0430369
v -0.00607374 0.0383482 0.142956 0.8 0.8 0.8
vn -0.161161 0.985989 0.0430369
v -0.0119979 0.0369259 0.142956 0.8 0.8 0.8
vn -0.313419 0.948639 0.0430369
v -0.0176267 0.0345944 0.142956 0.8 0.8 0.8
vn -0.45796 0.88793 0.0430369
v -0.0228214 0.031411 0.142956 0.8 0.8 0.8
vn -0.591225 0.805358 0.0430369
v -0.0274542 0.0274542 0.142956 0.8 0.8 0.8
vn -0.709932 0.702954 0.0430369
v -0.031411 0.0228214 0.142956 0.8 0.8 0.8
vn -0.811158 0.583242 0.0430369
v -0.0345944 0.0176267 0.142956 0.8 0.8 0.8
vn -0.89241 0.449168 0.0430369
v -0.0369259 0.0119979 0.142956 0.8 0.8 0.8
vn -0.951688 0.304035 0.0430369
v -0.0383482 0.00607374 0.142956 0.8 0.8 0.8
vn -0.987533 0.151415 0.0430369
v -0.0388262 -1.29956e-08 0.142956 0.8 0.8 0.8
vn -0.999061 -0.0049337 0.0430369
v -0.0383482 -0.00607377 0.142956 0.8 0.8 0.8
vn -0.985989 -0.161161 0.0430369
v -0.0369259 -0.011998 0.142956 0.8 0.8 0.8
vn -0.948639 -0.313419 0.0430369
v -0.0345944 -0.0176267 0.142956 0.8 0.8 0.8
vn -0.88793 -0.45796 0.0430369
v -0.031411 -0.0228215 0.142956 0.8 0.8 0.8
vn -0.805358 -0.591225 0.0430369
v -0.0274543 -0.0274543 0.142956 0.8 0.8 0.8
vn -0.702954 -0.709932 0.0430369
v -0.0228215 -0.0314111 0.142956 0.8 0.8 0.8
vn -0.583242 -0.811157 0.0430369
v -0.0176267 -0.0345944 0.142956 0.8 0.8 0.8
vn -0.449168 -0.89241 0.0430369
v -0.0119979 -0.0369259 0.142956 0.8 0.8 0.8
vn -0.304035 -0.951688 0.0430369
v -0.00607375 -0.0383482 0.142956 0.8 0.8 0.8
vn -0.151415 -0.987533 0.0430369
v 8.06084e-09 -0.0388262 0.142956 0.8 0.8 0.8
vn 0.00493366 -0.999061 0.0430369
v 0.00607376 -0.0383482 0.142956 0.8 0.8 0.8
vn 0.161161 -0.985989 0.0430369
v 0.011998 -0.0369259 0.142956 0.8 0.8 0.8
vn 0.313419 -0.948639 0.0430369
v 0.0176267 -0.0345944 0.142956 0.8 0.8 0.8
vn 0.45796 -0.88793 0.0430369
v 0.0228215 -0.0314111 0.142956 0.8 0.8 0.8
vn 0.591225 -0.805358 0.0430369
v 0.0274543 -0.0274543 0.142956 0.8 0.8 0.8
vn 0.709932 -0.702954 0.0430369
v 0.0314111 -0.0228215 0.142956 0.8 0.8 0.8
vn 0.811158 -0.583242 0.0430369
v 0.0345944 -0.0176267 0.142956 0.8 0.8 0.8
vn 0.89241 -0.449168 0.0430369
v 0.0369259 -0.011998 0.142956 0.8 0.8 0.8
vn 0.951688 -0.304035 0.0430369
v 0.0383482 -0.00607377 0.142956 0.8 0.8 0.8
vn 0.987533 -0.151415 0.0430369
v 0.0387785 -1.35455e-08 0.142662 0.8 0.8 0.8
vn 0.925374 0.00395479 -0.379036
v 0.0383011 0.00606628 0.142662 0.8 0.8 0.8
vn 0.913362 0.148666 -0.379036
v 0.0368806 0.0119832 0.142662 0.8 0.8 0.8
vn 0.878861 0.289717 -0.379036
v 0.0345519 0.0176051 0.142662 0.8 0.8 0.8
vn 0.822719 0.423635 -0.379036
v 0.0313725 0.0227934 0.142662 0.8 0.8 0.8
vn 0.746319 0.54712 -0.379036
v 0.0274206 0.0274205 0.142662 0.8 0.8 0.8
vn 0.651542 0.657134 -0.379036
v 0.0227934 0.0313725 0.142662 0.8 0.8 0.8
vn 0.540722 0.750968 -0.379036
v 0.0176051 0.0345519 0.142662 0.8 0.8 0.8
vn 0.416587 0.826309 -0.379036
v 0.0119832 0.0368805 0.142662 0.8 0.8 0.8
vn 0.282195 0.881305 -0.379036
v 0.00606631 0.0383011 0.142662 0.8 0.8 0.8
vn 0.140854 0.914599 -0.379036
v 1.18447e-08 0.0387785 0.142662 0.8 0.8 0.8
vn -0.00395475 0.925374 -0.379036
v -0.00606628 0.0383011 0.142662 0.8 0.8 0.8
vn -0.148666 0.913362 -0.379036
v -0.0119832 0.0368805 0.142662 0.8 0.8 0.8
vn -0.289717 0.878861 -0.379036
v -0.0176051 0.0345519 0.142662 0.8 0.8 0.8
vn -0.423635 0.822718 -0.379036
v -0.0227934 0.0313725 0.142662 0.8 0.8 0.8
vn -0.54712 0.746318 -0.379036
v -0.0274205 0.0274205 0.142662 0.8 0.8 0.8
vn -0.657134 0.651541 -0.379036
v -0.0313725 0.0227934 0.142662 0.8 0.8 0.8
vn -0.750968 0.540721 -0.379036
v -0.0345519 0.0176051 0.142662 0.8 0.8 0.8
vn -0.826309 0.416587 -0.379036
v -0.0368805 0.0119832 0.142662 0.8 0.8 0.8
vn -0.881305 0.282195 -0.379036
v -0.0383011 0.00606628 0.142662 0.8 0.8 0.8
vn -0.914599 0.140854 -0.379036
v -0.0387785 -1.29959e-08 0.142662 0.8 0.8 0.8
vn -0.925374 -0.00395479 -0.379036
v -0.0383011 -0.00606631 0.142662 0.8 0.8 0.8
vn -0.913362 -0.148666 -0.379036
v -0.0368805 -0.0119832 0.142662 0.8 0.8 0.8
vn -0.878861 -0.289717 -0.379036
v -0.0345519 -0.0176051 0.142662 0.8 0.8 0.8
vn -0.822719 -0.423635 -0.379036
v -0.0313725 -0.0227934 0.142662 0.8 0.8 0.8
vn -0.746319 -0.54712 -0.379036
v -0.0274205 -0.0274206 0.142662 0.8 0.8 0.8
vn -0.651542 -0.657134 -0.379036
v -0.0227934 -0.0313725 0.142662 0.8 0.8 0.8
vn -0.540722 -0.750968 -0.379036
v -0.0176051 -0.0345519 0.142662 0.8 0.8 0.8
vn -0.416587 -0.826309 -0.379036
v -0.0119832 -0.0368806 0.142662 0.8 0.8 0.8
vn -0.282195 -0.881305 -0.379036
v -0.00606629 -0.0383011 0.142662 0.8 0.8 0.8
vn -0.140854 -0.914599 -0.379036
v 8.06316e-09 -0.0387785 0.142662 0.8 0.8 0.8
vn 0.00395475 -0.925374 -0.379036
v 0.0060663 -0.0383011 0.142662 0.8 0.8 0.8
vn 0.148666 -0.913362 -0.379036
v 0.0119832 -0.0368806 0.142662 0.8 0.8 0.8
vn 0.289717 -0.878861 -0.379036
v 0.0176051 -0.0345519 0.142662 0.8 0.8 0.8
vn 0.423635 -0.822718 -0.379036
v 0.0227934 -0.0313725 0.142662 0.8 0.8 0.8
vn 0.54712 -0.746318 -0.379036
v 0.0274206 -0.0274206 0.142662 0.8 0.8 0.8
vn 0.657134 -0.651541 -0.379036
v 0.0313725 -0.0227934 0.142662 0.8 0.8 0.8
vn 0.750968 -0.540721 -0.379036
v 0.0345519 -0.0176051 0.142662 0.8 0.8 0.8
vn 0.826309 -0.416587 -0.379036
v 0.0368806 -0.0119832 0.142662 0.8 0.8 0.8
vn 0.881305 -0.282195 -0.379036
v 0.0383011 -0.00606631 0.142662 0.8 0.8 0.8
vn 0.914599 -0.140854 -0.379036
v 0.0386184 -1.35443e-08 0.142449 0.8 0.8 0.8
vn 0.640837 0.0026682 -0.767673
v 0.038143 0.00604124 0.142449 0.8 0.8 0.8
vn 0.632529 0.102884 -0.767673
v 0.0367283 0.0119337 0.142449 0.8 0.8 0.8
vn 0.608647 0.200567 -0.767673
v 0.0344093 0.0175324 0.142449 0.8 0.8 0.8
vn 0.569778 0.293311 -0.767673
v 0.031243 0.0226993 0.142449 0.8 0.8 0.8
vn 0.516879 0.378833 -0.767673
v 0.0273074 0.0273073 0.142449 0.8 0.8 0.8
vn 0.451253 0.455027 -0.767673
v 0.0226993 0.0312429 0.142449 0.8 0.8 0.8
vn 0.374516 0.520016 -0.767673
v 0.0175324 0.0344092 0.142449 0.8 0.8 0.8
vn 0.288556 0.572201 -0.767673
v 0.0119338 0.0367283 0.142449 0.8 0.8 0.8
vn 0.195492 0.610296 -0.767673
v 0.00604126 0.0381429 0.142449 0.8 0.8 0.8
vn 0.0976136 0.633364 -0.767673
v 1.18369e-08 0.0386184 0.142449 0.8 0.8 0.8
vn -0.00266817 0.640836 -0.767673
v -0.00604124 0.0381429 0.142449 0.8 0.8 0.8
vn -0.102884 0.632529 -0.767673
v -0.0119337 0.0367283 0.142449 0.8 0.8 0.8
vn -0.200567 0.608647 -0.767673
v -0.0175324 0.0344092 0.142449 0.8 0.8 0.8
vn -0.293311 0.569778 -0.767673
v -0.0226993 0.0312429 0.142449 0.8 0.8 0.8
vn -0.378833 0.516879 -0.767673
v -0.0273073 0.0273073 0.142449 0.8 0.8 0.8
vn -0.455027 0.451253 -0.767673
v -0.0312429 0.0226993 0.142449 0.8 0.8 0.8
vn -0.520016 0.374516 -0.767673
v -0.0344092 0.0175324 0.142449 0.8 0.8 0.8
vn -0.572201 0.288556 -0.767673
v -0.0367283 0.0119337 0.142449 0.8 0.8 0.8
vn -0.610296 0.195492 -0.767673
v -0.0381429 0.00604124 0.142449 0.8 0.8 0.8
vn -0.633364 0.0976136 -0.767673
v -0.0386184 -1.29971e-08 0.142449 0.8 0.8 0.8
vn -0.640837 -0.0026682 -0.767673
v -0.0381429 -0.00604126 0.142449 0.8 0.8 0.8
vn -0.632529 -0.102884 -0.767673
v -0.0367283 -0.0119338 0.142449 0.8 0.8 0.8
vn -0.608647 -0.200567 -0.767673
v -0.0344092 -0.0175324 0.142449 0.8 0.8 0.8
vn -0.569778 -0.293311 -0.767673
v -0.0312429 -0.0226993 0.142449 0.8 0.8 0.8
vn -0.516879 -0.378833 -0.767673
v -0.0273073 -0.0273074 0.142449 0.8 0.8 0.8
vn -0.451253 -0.455027 -0.767673
v -0.0226993 -0.031243 0.142449 0.8 0.8 0.8
vn -0.374516 -0.520016 -0.767673
v -0.0175324 -0.0344093 0.142449 0.8 0.8 0.8
vn -0.288556 -0.572201 -0.767673
v -0.0119337 -0.0367283 0.142449 0.8 0.8 0.8
vn -0.195492 -0.610296 -0.767673
v -0.00604124 -0.038143 0.142449 0.8 0.8 0.8
vn -0.0976136 -0.633364 -0.767673
v 8.07097e-09 -0.0386184 0.142449 0.8 0.8 0.8
vn 0.00266817 -0.640836 -0.767673
v 0.00604126 -0.038143 0.142449 0.8 0.8 0.8
vn 0.102884 -0.632529 -0.767673
v 0.0119338 -0.0367283 0.142449 0.8 0.8 0.8
vn 0.200567 -0.608647 -0.767673
v 0.0175324 -0.0344093 0.142449 0.8 0.8 0.8
vn 0.293311 -0.569778 -0.767673
v 0.0226993 -0.031243 0.142449 0.8 0.8 0.8
vn 0.378833 -0.516879 -0.767673
v 0.0273073 -0.0273074 0.142449 0.8 0.8 0.8
vn 0.455027 -0.451253 -0.767673
v 0.031243 -0.0226993 0.142449 0.8 0.8 0.8
vn 0.520016 -0.374516 -0.767673
v 0.0344093 -0.0175324 0.142449 0.8 0.8 0.8
vn 0.572201 -0.288556 -0.767673
v 0.0367283 -0.0119338 0.142449 0.8 0.8 0.8
vn 0.610296 -0.195492 -0.767673
v 0.038143 -0.00604126 0.142449 0.8 0.8 0.8
vn 0.633364 -0.0976136 -0.767673
v 0.038336 -1.35423e-08 0.142293 0.8 0.8 0.8
vn 0.349261 0.00156815 -0.937024
v 0.037864 0.00599706 0.142293 0.8 0.8 0.8
vn 0.344715 0.0561852 -0.937024
v 0.0364597 0.0118465 0.142293 0.8 0.8 0.8
vn 0.331682 0.109419 -0.937024
v 0.0341576 0.0174042 0.142293 0.8 0.8 0.8
vn 0.310482 0.159958 -0.937024
v 0.0310145 0.0225333 0.142293 0.8 0.8 0.8
vn 0.281636 0.206559 -0.937024
v 0.0271077 0.0271076 0.142293 0.8 0.8 0.8
vn 0.245856 0.248073 -0.937024
v 0.0225333 0.0310145 0.142293 0.8 0.8 0.8
vn 0.204022 0.283479 -0.937024
v 0.0174042 0.0341576 0.142293 0.8 0.8 0.8
vn 0.157164 0.311905 -0.937024
v 0.0118465 0.0364597 0.142293 0.8 0.8 0.8
vn 0.106436 0.332651 -0.937024
v 0.00599708 0.037864 0.142293 0.8 0.8 0.8
vn 0.0530876 0.345206 -0.937024
v 1.18232e-08 0.038336 0.142293 0.8 0.8 0.8
vn -0.00156813 0.349261 -0.937024
v -0.00599706 0.037864 0.142293 0.8 0.8 0.8
vn -0.0561852 0.344715 -0.937024
v -0.0118465 0.0364597 0.142293 0.8 0.8 0.8
vn -0.109419 0.331682 -0.937024
v -0.0174042 0.0341576 0.142293 0.8 0.8 0.8
vn -0.159958 0.310482 -0.937024
v -0.0225333 0.0310145 0.142293 0.8 0.8 0.8
vn -0.206559 0.281636 -0.937024
v -0.0271076 0.0271076 0.142293 0.8 0.8 0.8
vn -0.248073 0.245856 -0.937024
v -0.0310145 0.0225333 0.142293 0.8 0.8 0.8
vn -0.283479 0.204022 -0.937024
v -0.0341576 0.0174042 0.142293 0.8 0.8 0.8
vn -0.311905 0.157164 -0.937024
v -0.0364597 0.0118465 0.142293 0.8 0.8 0.8
vn -0.332651 0.106436 -0.937024
v -0.037864 0.00599706 0.142293 0.8 0.8 0.8
vn -0.345206 0.0530875 -0.937024
v -0.038336 -1.29991e-08 0.142293 0.8 0.8 0.8
vn -0.349261 -0.00156815 -0.937024
v -0.037864 -0.00599708 0.142293 0.8 0.8 0.8
vn -0.344715 -0.0561852 -0.937024
v -0.0364597 -0.0118465 0.142293 0.8 0.8 0.8
vn -0.331682 -0.109419 -0.937024
v -0.0341576 -0.0174042 0.142293 0.8 0.8 0.8
vn -0.310482 -0.159958 -0.937024
v -0.0310145 -0.0225333 0.142293 0.8 0.8 0.8
vn -0.281636 -0.206559 -0.937024
v -0.0271076 -0.0271077 0.142293 0.8 0.8 0.8
vn -0.245856 -0.248073 -0.937024
v -0.0225333 -0.0310145 0.142293 0.8 0.8 0.8
vn -0.204022 -0.283479 -0.937024
v -0.0174042 -0.0341576 0.142293 0.8 0.8 0.8
vn -0.157164 -0.311905 -0.937024
v -0.0118465 -0.0364597 0.142293 0.8 0.8 0.8
vn -0.106436 -0.332651 -0.937024
v -0.00599706 -0.037864 0.142293 0.8 0.8 0.8
vn -0.0530876 -0.345206 -0.937024
v 8.08474e-09 -0.038336 0.142293 0.8 0.8 0.8
vn 0.00156813 -0.349261 -0.937024
v 0.00599708 -0.037864 0.142293 0.8 0.8 0.8
vn 0.0561852 -0.344715 -0.937024
v 0.0118465 -0.0364597 0.142293 0.8 0.8 0.8
vn 0.109419 -0.331682 -0.937024
v 0.0174042 -0.0341576 0.142293 0.8 0.8 0.8
vn 0.159958 -0.310482 -0.937024
v 0.0225333 -0.0310145 0.142293 0.8 0.8 0.8
vn 0.206559 -0.281636 -0.937024
v 0.0271077 -0.0271077 0.142293 0.8 0.8 0.8
vn 0.248073 -0.245856 -0.937024
v 0.0310145 -0.0225333 0.142293 0.8 0.8 0.8
vn 0.283479 -0.204022 -0.937024
v 0.0341576 -0.0174042 0.142293 0.8 0.8 0.8
vn 0.311905 -0.157164 -0.937024
v 0.0364597 -0.0118465 0.142293 0.8 0.8 0.8
vn 0.332651 -0.106436 -0.937024
v 0.037864 -0.00599708 0.142293 0.8 0.8 0.8
vn 0.345206 -0.0530875 -0.937024
v 0.037896 -1.35392e-08 0.14218 0.8 0.8 0.8
vn 0.165773 0.000895427 -0.986164
v 0.0374294 0.00592822 0.14218 0.8 0.8 0.8
vn 0.163592 0.026817 -0.986164
v 0.0360412 0.0117105 0.14218 0.8 0.8 0.8
vn 0.157383 0.0520782 -0.986164
v 0.0337655 0.0172044 0.14218 0.8 0.8 0.8
vn 0.147298 0.0760571 -0.986164
v 0.0306585 0.0222747 0.14218 0.8 0.8 0.8
vn 0.133587 0.0981633 -0.986164
v 0.0267965 0.0267965 0.14218 0.8 0.8 0.8
vn 0.116586 0.117852 -0.986164
v 0.0222747 0.0306584 0.14218 0.8 0.8 0.8
vn 0.0967145 0.134639 -0.986164
v 0.0172044 0.0337655 0.14218 0.8 0.8 0.8
vn 0.0744615 0.148111 -0.986164
v 0.0117105 0.0360412 0.14218 0.8 0.8 0.8
vn 0.050375 0.157936 -0.986164
v 0.00592824 0.0374294 0.14218 0.8 0.8 0.8
vn 0.0250482 0.163872 -0.986164
v 1.18017e-08 0.0378959 0.14218 0.8 0.8 0.8
vn -0.00089542 0.165773 -0.986164
v -0.00592822 0.0374294 0.14218 0.8 0.8 0.8
vn -0.026817 0.163592 -0.986164
v -0.0117105 0.0360412 0.14218 0.8 0.8 0.8
vn -0.0520782 0.157383 -0.986164
v -0.0172044 0.0337655 0.14218 0.8 0.8 0.8
vn -0.0760571 0.147298 -0.986164
v -0.0222747 0.0306584 0.14218 0.8 0.8 0.8
vn -0.0981633 0.133587 -0.986164
v -0.0267965 0.0267965 0.14218 0.8 0.8 0.8
vn -0.117852 0.116586 -0.986164
v -0.0306584 0.0222747 0.14218 0.8 0.8 0.8
vn -0.134639 0.0967144 -0.986164
v -0.0337655 0.0172044 0.14218 0.8 0.8 0.8
vn -0.148111 0.0744615 -0.986164
v -0.0360412 0.0117105 0.14218 0.8 0.8 0.8
vn -0.157936 0.050375 -0.986164
v -0.0374294 0.00592822 0.14218 0.8 0.8 0.8
vn -0.163872 0.0250482 -0.986164
v -0.0378959 -1.30022e-08 0.14218 0.8 0.8 0.8
vn -0.165773 -0.000895427 -0.986164
v -0.0374294 -0.00592824 0.14218 0.8 0.8 0.8
vn -0.163592 -0.026817 -0.986164
v -0.0360412 -0.0117105 0.14218 0.8 0.8 0.8
vn -0.157383 -0.0520782 -0.986164
v -0.0337655 -0.0172044 0.14218 0.8 0.8 0.8
vn -0.147298 -0.0760571 -0.986164
v -0.0306585 -0.0222747 0.14218 0.8 0.8 0.8
vn -0.133587 -0.0981633 -0.986164
v -0.0267965 -0.0267965 0.14218 0.8 0.8 0.8
vn -0.116586 -0.117852 -0.986164
v -0.0222747 -0.0306585 0.14218 0.8 0.8 0.8
vn -0.0967145 -0.134639 -0.986164
v -0.0172044 -0.0337655 0.14218 0.8 0.8 0.8
vn -0.0744615 -0.148111 -0.986164
v -0.0117105 -0.0360412 0.14218 0.8 0.8 0.8
vn -0.050375 -0.157936 -0.986164
v -0.00592822 -0.0374294 0.14218 0.8 0.8 0.8
vn -0.0250482 -0.163872 -0.986164
v 8.10619e-09 -0.037896 0.14218 0.8 0.8 0.8
vn 0.00089542 -0.165773 -0.986164
v 0.00592824 -0.0374294 0.14218 0.8 0.8 0.8
vn 0.026817 -0.163592 -0.986164
v 0.0117105 -0.0360412 0.14218 0.8 0.8 0.8
vn 0.0520782 -0.157383 -0.986164
v 0.0172044 -0.0337655 0.14218 0.8 0.8 0.8
vn 0.0760571 -0.147298 -0.986164
v 0.0222747 -0.0306585 0.14218 0.8 0.8 0.8
vn 0.0981633 -0.133587 -0.986164
v 0.0267965 -0.0267965 0.14218 0.8 0.8 0.8
vn 0.117852 -0.116586 -0.986164
v 0.0306585 -0.0222747 0.14218 0.8 0.8 0.8
vn 0.134639 -0.0967144 -0.986164
v 0.0337655 -0.0172044 0.14218 0.8 0.8 0.8
vn 0.148111 -0.0744615 -0.986164
v 0.0360412 -0.0117105 0.14218 0.8 0.8 0.8
vn 0.157936 -0.050375 -0.986164
v 0.0374294 -0.00592824 0.14218 0.8 0.8 0.8
vn 0.163872 -0.0250482 -0.986164
v 0.0372085 -1.35343e-08 0.142104 0.8 0.8 0.8
vn 0.063342 0.000480046 -0.997992
v 0.0367504 0.00582068 0.142104 0.8 0.8 0.8
vn 0.0624871 0.010383 -0.997992
v 0.0353874 0.011498 0.142104 0.8 0.8 0.8
vn 0.0600935 0.0200303 -0.997992
v 0.033153 0.0168923 0.142104 0.8 0.8 0.8
vn 0.0562202 0.0291844 -0.997992
v 0.0301023 0.0218706 0.142104 0.8 0.8 0.8
vn 0.0509626 0.0376199 -0.997992
v 0.0263104 0.0263104 0.142104 0.8 0.8 0.8
vn 0.0444501 0.045129 -0.997992
v 0.0218706 0.0301023 0.142104 0.8 0.8 0.8
vn 0.0368431 0.0515269 -0.997992
v 0.0168923 0.033153 0.142104 0.8 0.8 0.8
vn 0.0283289 0.0566561 -0.997992
v 0.0114981 0.0353874 0.142104 0.8 0.8 0.8
vn 0.0191172 0.0603902 -0.997992
v 0.00582071 0.0367504 0.142104 0.8 0.8 0.8
vn 0.00943474 0.0626372 -0.997992
v 1.17682e-08 0.0372085 0.142104 0.8 0.8 0.8
vn -0.000480044 0.063342 -0.997992
v -0.00582068 0.0367504 0.142104 0.8 0.8 0.8
vn -0.010383 0.0624871 -0.997992
v -0.0114981 0.0353874 0.142104 0.8 0.8 0.8
vn -0.0200303 0.0600935 -0.997992
v -0.0168923 0.033153 0.142104 0.8 0.8 0.8
vn -0.0291844 0.0562202 -0.997992
v -0.0218706 0.0301023 0.142104 0.8 0.8 0.8
vn -0.0376199 0.0509626 -0.997992
v -0.0263104 0.0263104 0.142104 0.8 0.8 0.8
vn -0.045129 0.0444501 -0.997992
v -0.0301023 0.0218706 0.142104 0.8 0.8 0.8
vn -0.0515269 0.0368431 -0.997992
v -0.033153 0.0168923 0.142104 0.8 0.8 0.8
vn -0.0566561 0.0283289 -0.997992
v -0.0353874 0.011498 0.142104 0.8 0.8 0.8
vn -0.0603902 0.0191172 -0.997992
v -0.0367504 0.00582068 0.142104 0.8 0.8 0.8
vn -0.0626373 0.00943474 -0.997992
v -0.0372085 -1.30071e-08 0.142104 0.8 0.8 0.8
vn -0.063342 -0.000480046 -0.997992
v -0.0367504 -0.00582071 0.142104 0.8 0.8 0.8
vn -0.0624871 -0.010383 -0.997992
v -0.0353874 -0.0114981 0.142104 0.8 0.8 0.8
vn -0.0600935 -0.0200303 -0.997992
v -0.033153 -0.0168923 0.142104 0.8 0.8 0.8
vn -0.0562202 -0.0291844 -0.997992
v -0.0301023 -0.0218706 0.142104 0.8 0.8 0.8
vn -0.0509626 -0.0376199 -0.997992
v -0.0263104 -0.0263104 0.142104 0.8 0.8 0.8
vn -0.0444501 -0.045129 -0.997992
v -0.0218706 -0.0301023 0.142104 0.8 0.8 0.8
vn -0.0368431 -0.0515269 -0.997992
v -0.0168923 -0.033153 0.142104 0.8 0.8 0.8
vn -0.0283289 -0.0566561 -0.997992
v -0.0114981 -0.0353874 0.142104 0.8 0.8 0.8
vn -0.0191172 -0.0603902 -0.997992
v -0.00582069 -0.0367504 0.142104 0.8 0.8 0.8
vn -0.00943474 -0.0626372 -0.997992
v 8.13971e-09 -0.0372085 0.142104 0.8 0.8 0.8
vn 0.000480044 -0.063342 -0.997992
v 0.0058207 -0.0367504 0.142104 0.8 0.8 0.8
vn 0.010383 -0.0624871 -0.997992
v 0.0114981 -0.0353874 0.142104 0.8 0.8 0.8
vn 0.0200303 -0.0600935 -0.997992
v 0.0168923 -0.033153 0.142104 0.8 0.8 0.8
vn 0.0291844 -0.0562202 -0.997992
v 0.0218706 -0.0301023 0.142104 0.8 0.8 0.8
vn 0.0376199 -0.0509626 -0.997992
v 0.0263104 -0.0263104 0.142104 0.8 0.8 0.8
vn 0.045129 -0.0444501 -0.997992
v 0.0301023 -0.0218706 0.142104 0.8 0.8 0.8
vn 0.0515269 -0.0368431 -0.997992
v 0.033153 -0.0168923 0.142104 0.8 0.8 0.8
vn 0.0566561 -0.0283289 -0.997992
v 0.0353874 -0.0114981 0.142104 0.8 0.8 0.8
vn 0.0603902 -0.0191172 -0.997992
v 0.0367504 -0.00582071 0.142104 0.8 0.8 0.8
vn 0.0626373 -0.00943474 -0.997992
v 0.0359827 -1.35256e-08 0.14206 0.8 0.8 0.8
vn 0.0025824 5.69477e-05 -0.999997
v 0.0355397 0.00562892 0.14206 0.8 0.8 0.8
vn 0.00253569 0.000459135 -0.999997
v 0.0342216 0.0111192 0.14206 0.8 0.8 0.8
vn 0.00241566 0.000844214 -0.999997
v 0.0320608 0.0163358 0.14206 0.8 0.8 0.8
vn 0.00222834 0.001198 -0.999997
v 0.0291106 0.0211501 0.14206 0.8 0.8 0.8
vn 0.00198286 0.00150853 -0.999997
v 0.0254436 0.0254436 0.14206 0.8 0.8 0.8
vn 0.00169049 0.00176673 -0.999997
v 0.0211501 0.0291106 0.14206 0.8 0.8 0.8
vn 0.00136366 0.00196668 -0.999997
v 0.0163358 0.0320608 0.14206 0.8 0.8 0.8
vn 0.001015 0.00210557 -0.999997
v 0.0111193 0.0342216 0.14206 0.8 0.8 0.8
vn 0.00065655 0.00218331 -0.999997
v 0.00562894 0.0355397 0.14206 0.8 0.8 0.8
vn 0.000299169 0.00220207 -0.999998
v 1.17084e-08 0.0359827 0.14206 0.8 0.8 0.8
vn -4.77579e-05 0.00216568 -0.999998
v -0.00562892 0.0355397 0.14206 0.8 0.8 0.8
vn -0.000376453 0.00207906 -0.999998
v -0.0111193 0.0342216 0.14206 0.8 0.8 0.8
vn -0.000680707 0.00194779 -0.999998
v -0.0163358 0.0320608 0.14206 0.8 0.8 0.8
vn -0.000955731 0.00177771 -0.999998
v -0.0211501 0.0291106 0.14206 0.8 0.8 0.8
vn -0.00119796 0.00157464 -0.999998
v -0.0254436 0.0254436 0.14206 0.8 0.8 0.8
vn -0.00140483 0.00134421 -0.999998
v -0.0291106 0.0211501 0.14206 0.8 0.8 0.8
vn -0.00157458 0.00109178 -0.999998
v -0.0320608 0.0163358 0.14206 0.8 0.8 0.8
vn -0.00170602 0.000822397 -0.999998
v -0.0342216 0.0111192 0.14206 0.8 0.8 0.8
vn -0.00179843 0.000540811 -0.999998
v -0.0355397 0.00562892 0.14206 0.8 0.8 0.8
vn -0.0018514 0.000251527 -0.999998
v -0.0359827 -1.30157e-08 0.14206 0.8 0.8 0.8
vn -0.00186476 -4.11221e-05 -0.999998
v -0.0355397 -0.00562895 0.14206 0.8 0.8 0.8
vn -0.00183851 -0.000332898 -0.999998
v -0.0342216 -0.0111193 0.14206 0.8 0.8 0.8
vn -0.00177284 -0.000619565 -0.999998
v -0.0320608 -0.0163358 0.14206 0.8 0.8 0.8
vn -0.00166811 -0.000896804 -0.999998
v -0.0291106 -0.0211501 0.14206 0.8 0.8 0.8
vn -0.00152492 -0.00116013 -0.999998
v -0.0254436 -0.0254436 0.14206 0.8 0.8 0.8
vn -0.00134421 -0.00140483 -0.999998
v -0.0211501 -0.0291106 0.14206 0.8 0.8 0.8
vn -0.00112738 -0.00162592 -0.999998
v -0.0163358 -0.0320608 0.14206 0.8 0.8 0.8
vn -0.000876435 -0.00181812 -0.999998
v -0.0111193 -0.0342216 0.14206 0.8 0.8 0.8
vn -0.000594181 -0.00197591 -0.999998
v -0.00562892 -0.0355397 0.14206 0.8 0.8 0.8
vn -0.000284436 -0.00209363 -0.999998
v 8.19948e-09 -0.0359827 0.14206 0.8 0.8 0.8
vn 4.77579e-05 -0.00216568 -0.999998
v 0.00562894 -0.0355397 0.14206 0.8 0.8 0.8
vn 0.000395952 -0.00218674 -0.999998
v 0.0111193 -0.0342216 0.14206 0.8 0.8 0.8
vn 0.000752158 -0.00215225 -0.999997
v 0.0163358 -0.0320608 0.14206 0.8 0.8 0.8
vn 0.00110684 -0.00205878 -0.999997
v 0.0211501 -0.0291106 0.14206 0.8 0.8 0.8
vn 0.00144903 -0.00190466 -0.999997
v 0.0254436 -0.0254436 0.14206 0.8 0.8 0.8
vn 0.00176673 -0.00169049 -0.999997
v 0.0291106 -0.0211501 0.14206 0.8 0.8 0.8
vn 0.00204743 -0.00141965 -0.999997
v 0.0320608 -0.0163358 0.14206 0.8 0.8 0.8
vn 0.00227899 -0.0010986 -0.999997
v 0.0342216 -0.0111193 0.14206 0.8 0.8 0.8
vn 0.00245053 -0.000736904 -0.999997
v 0.0355397 -0.00562895 0.14206 0.8 0.8 0.8
vn 0.00255346 -0.000346907 -0.999997
v 0.00178687 -1.32656e-08 0.259951 0.8 0.8 0.8
vn 8.80541e-18 -1.94445e-17 1
v 0.0026226 -1.32715e-08 0.189126 0.8 0.8 0.8
vn -8.80541e-18 1.93873e-17 -1
v 0.0105322 -1.33276e-08 0.259929 0.8 0.8 0.8
vn 0.0132506 -0.000292412 0.999912
v 0.0104026 0.00164759 0.259929 0.8 0.8 0.8
vn 0.0131023 0.00177983 0.999913
v 0.0100167 0.00325462 0.259929 0.8 0.8 0.8
vn 0.0125743 0.00378104 0.999914
v 0.00938429 0.00478151 0.259929 0.8 0.8 0.8
vn 0.0116944 0.00563716 0.999916
v 0.00852075 0.00619067 0.259929 0.8 0.8 0.8
vn 0.0105066 0.00728486 0.999918
v 0.00744741 0.00744739 0.259929 0.8 0.8 0.8
vn 0.00906657 0.00867505 0.999921
v 0.00619069 0.00852073 0.259929 0.8 0.8 0.8
vn 0.00743658 0.00977458 0.999925
v 0.00478154 0.00938426 0.259929 0.8 0.8 0.8
vn 0.00568073 0.0105661 0.999928
v 0.00325465 0.0100167 0.259929 0.8 0.8 0.8
vn 0.00386064 0.0110464 0.999932
v 0.00164761 0.0104025 0.259929 0.8 0.8 0.8
vn 0.00203251 0.011224 0.999935
v 1.0452e-08 0.0105322 0.259929 0.8 0.8 0.8
vn 0.000245317 0.0111165 0.999938
v -0.00164759 0.0104025 0.259929 0.8 0.8 0.8
vn -0.00145992 0.0107472 0.999941
v -0.00325462 0.0100167 0.259929 0.8 0.8 0.8
vn -0.00305007 0.0101434 0.999944
v -0.00478152 0.00938426 0.259929 0.8 0.8 0.8
vn -0.00449922 0.00933374 0.999946
v -0.00619067 0.00852073 0.259929 0.8 0.8 0.8
vn -0.00578772 0.00834737 0.999948
v -0.00744739 0.00744739 0.259929 0.8 0.8 0.8
vn -0.00690112 0.00721258 0.99995
v -0.00852073 0.00619067 0.259929 0.8 0.8 0.8
vn -0.00782909 0.00595644 0.999952
v -0.00938427 0.00478151 0.259929 0.8 0.8 0.8
vn -0.00856443 0.00460457 0.999953
v -0.0100167 0.00325462 0.259929 0.8 0.8 0.8
vn -0.00910231 0.0031812 0.999954
v -0.0104025 0.00164759 0.259929 0.8 0.8 0.8
vn -0.0094396 0.00170937 0.999954
v -0.0105322 -1.31783e-08 0.259929 0.8 0.8 0.8
vn -0.00957441 0.000211286 0.999954
v -0.0104025 -0.00164762 0.259929 0.8 0.8 0.8
vn -0.00950582 -0.00129129 0.999954
v -0.0100167 -0.00325465 0.259929 0.8 0.8 0.8
vn -0.00923379 -0.00277656 0.999954
v -0.00938427 -0.00478154 0.259929 0.8 0.8 0.8
vn -0.00875922 -0.00422227 0.999953
v -0.00852073 -0.0061907 0.259929 0.8 0.8 0.8
vn -0.00808423 -0.00560526 0.999952
v -0.00744739 -0.00744742 0.259929 0.8 0.8 0.8
vn -0.00721258 -0.00690112 0.99995
v -0.00619067 -0.00852076 0.259929 0.8 0.8 0.8
vn -0.00615032 -0.00808393 0.999948
v -0.00478152 -0.00938429 0.259929 0.8 0.8 0.8
vn -0.00490659 -0.00912618 0.999946
v -0.00325463 -0.0100167 0.259929 0.8 0.8 0.8
vn -0.00349457 -0.00999894 0.999944
v -0.00164759 -0.0104026 0.259929 0.8 0.8 0.8
vn -0.00193261 -0.0106724 0.999941
v 9.42497e-09 -0.0105322 0.259929 0.8 0.8 0.8
vn -0.000245317 -0.0111165 0.999938
v 0.00164761 -0.0104026 0.259929 0.8 0.8 0.8
vn 0.00153539 -0.0113028 0.999935
v 0.00325464 -0.0100167 0.259929 0.8 0.8 0.8
vn 0.00336958 -0.0112059 0.999932
v 0.00478154 -0.00938429 0.259929 0.8 0.8 0.8
vn 0.00520909 -0.0108064 0.999928
v 0.00619069 -0.00852076 0.259929 0.8 0.8 0.8
vn 0.00699815 -0.0100931 0.999925
v 0.00744741 -0.00744742 0.259929 0.8 0.8 0.8
vn 0.00867505 -0.00906656 0.999921
v 0.00852075 -0.0061907 0.259929 0.8 0.8 0.8
vn 0.010175 -0.00774126 0.999918
v 0.00938429 -0.00478154 0.259929 0.8 0.8 0.8
vn 0.0114344 -0.00614756 0.999916
v 0.0100167 -0.00325465 0.259929 0.8 0.8 0.8
vn 0.0123953 -0.00433206 0.999914
v 0.0104026 -0.00164762 0.259929 0.8 0.8 0.8
vn 0.013011 -0.0023561 0.999913
v 0.0109017 -1.33302e-08 0.259863 0.8 0.8 0.8
vn 0.295939 -0.00225341 0.955204
v 0.0107675 0.00170539 0.259863 0.8 0.8 0.8
vn 0.292648 0.0440694 0.955204
v 0.0103681 0.00336879 0.259863 0.8 0.8 0.8
vn 0.282151 0.0893071 0.955204
v 0.00971349 0.00494925 0.259863 0.8 0.8 0.8
vn 0.264707 0.132346 0.955204
v 0.00881966 0.00640784 0.259863 0.8 0.8 0.8
vn 0.240744 0.172126 0.955204
v 0.00770867 0.00770865 0.259863 0.8 0.8 0.8
vn 0.210854 0.207667 0.955204
v 0.00640786 0.00881964 0.259863 0.8 0.8 0.8
vn 0.175772 0.238095 0.955204
v 0.00494928 0.00971346 0.259863 0.8 0.8 0.8
vn 0.136361 0.262661 0.955204
v 0.00336882 0.0103681 0.259863 0.8 0.8 0.8
vn 0.0935934 0.280759 0.955204
v 0.00170541 0.0107675 0.259863 0.8 0.8 0.8
vn 0.0485208 0.291943 0.955204
v 1.04701e-08 0.0109017 0.259863 0.8 0.8 0.8
vn 0.00225342 0.295939 0.955204
v -0.00170539 0.0107675 0.259863 0.8 0.8 0.8
vn -0.0440694 0.292648 0.955204
v -0.0033688 0.0103681 0.259863 0.8 0.8 0.8
vn -0.0893071 0.282151 0.955204
v -0.00494925 0.00971346 0.259863 0.8 0.8 0.8
vn -0.132346 0.264707 0.955204
v -0.00640784 0.00881964 0.259863 0.8 0.8 0.8
vn -0.172126 0.240744 0.955204
v -0.00770865 0.00770865 0.259863 0.8 0.8 0.8
vn -0.207667 0.210854 0.955204
v -0.00881964 0.00640784 0.259863 0.8 0.8 0.8
vn -0.238095 0.175772 0.955204
v -0.00971347 0.00494925 0.259863 0.8 0.8 0.8
vn -0.262661 0.136361 0.955204
v -0.0103681 0.00336879 0.259863 0.8 0.8 0.8
vn -0.280759 0.0935933 0.955204
v -0.0107675 0.00170539 0.259863 0.8 0.8 0.8
vn -0.291943 0.0485207 0.955204
v -0.0109017 -1.31757e-08 0.259863 0.8 0.8 0.8
vn -0.295939 0.00225341 0.955204
v -0.0107675 -0.00170541 0.259863 0.8 0.8 0.8
vn -0.292648 -0.0440694 0.955204
v -0.0103681 -0.00336882 0.259863 0.8 0.8 0.8
vn -0.282151 -0.0893071 0.955204
v -0.00971347 -0.00494928 0.259863 0.8 0.8 0.8
vn -0.264707 -0.132346 0.955204
v -0.00881964 -0.00640787 0.259863 0.8 0.8 0.8
vn -0.240744 -0.172126 0.955204
v -0.00770865 -0.00770867 0.259863 0.8 0.8 0.8
vn -0.210854 -0.207667 0.955204
v -0.00640784 -0.00881967 0.259863 0.8 0.8 0.8
vn -0.175772 -0.238095 0.955204
v -0.00494926 -0.00971349 0.259863 0.8 0.8 0.8
vn -0.136361 -0.262661 0.955204
v -0.0033688 -0.0103681 0.259863 0.8 0.8 0.8
vn -0.0935934 -0.280759 0.955204
v -0.00170539 -0.0107675 0.259863 0.8 0.8 0.8
vn -0.0485208 -0.291943 0.955204
v 9.40695e-09 -0.0109017 0.259863 0.8 0.8 0.8
vn -0.00225342 -0.295939 0.955204
v 0.00170541 -0.0107675 0.259863 0.8 0.8 0.8
vn 0.0440694 -0.292648 0.955204
v 0.00336882 -0.0103681 0.259863 0.8 0.8 0.8
vn 0.0893071 -0.282151 0.955204
v 0.00494927 -0.00971349 0.259863 0.8 0.8 0.8
vn 0.132346 -0.264707 0.955204
v 0.00640786 -0.00881967 0.259863 0.8 0.8 0.8
vn 0.172126 -0.240744 0.955204
v 0.00770867 -0.00770867 0.259863 0.8 0.8 0.8
vn 0.207667 -0.210854 0.955204
v 0.00881966 -0.00640787 0.259863 0.8 0.8 0.8
vn 0.238095 -0.175772 0.955204
v 0.00971349 -0.00494928 0.259863 0.8 0.8 0.8
vn 0.262661 -0.136361 0.955204
v 0.0103681 -0.00336882 0.259863 0.8 0.8 0.8
vn 0.280759 -0.0935933 0.955204
v 0.0107675 -0.00170541 0.259863 0.8 0.8 0.8
vn 0.291943 -0.0485207 0.955204
v 0.0111219 -1.33317e-08 0.259748 0.8 0.8 0.8
vn 0.602883 -0.0032899 0.797822
v 0.0109849 0.00173983 0.259748 0.8 0.8 0.8
vn 0.595976 0.0910624 0.797822
v 0.0105775 0.00343682 0.259748 0.8 0.8 0.8
vn 0.574393 0.183172 0.797822
v 0.00990964 0.0050492 0.259748 0.8 0.8 0.8
vn 0.538667 0.270772 0.797822
v 0.00899777 0.00653724 0.259748 0.8 0.8 0.8
vn 0.489677 0.351704 0.797822
v 0.00786434 0.00786431 0.259748 0.8 0.8 0.8
vn 0.428629 0.423977 0.797822
v 0.00653726 0.00899774 0.259748 0.8 0.8 0.8
vn 0.357028 0.485809 0.797822
v 0.00504922 0.00990962 0.259748 0.8 0.8 0.8
vn 0.276635 0.535679 0.797822
v 0.00343685 0.0105775 0.259748 0.8 0.8 0.8
vn 0.18943 0.57236 0.797822
v 0.00173985 0.0109849 0.259748 0.8 0.8 0.8
vn 0.0975612 0.594946 0.797822
v 1.04808e-08 0.0111218 0.259748 0.8 0.8 0.8
vn 0.00328992 0.602883 0.797822
v -0.00173983 0.0109849 0.259748 0.8 0.8 0.8
vn -0.0910623 0.595976 0.797822
v -0.00343683 0.0105775 0.259748 0.8 0.8 0.8
vn -0.183172 0.574393 0.797822
v -0.0050492 0.00990962 0.259748 0.8 0.8 0.8
vn -0.270772 0.538667 0.797822
v -0.00653724 0.00899774 0.259748 0.8 0.8 0.8
vn -0.351704 0.489677 0.797822
v -0.00786432 0.00786431 0.259748 0.8 0.8 0.8
vn -0.423977 0.428629 0.797822
v -0.00899775 0.00653724 0.259748 0.8 0.8 0.8
vn -0.485809 0.357028 0.797822
v -0.00990962 0.0050492 0.259748 0.8 0.8 0.8
vn -0.53568 0.276635 0.797822
v -0.0105775 0.00343682 0.259748 0.8 0.8 0.8
vn -0.57236 0.18943 0.797822
v -0.0109849 0.00173983 0.259748 0.8 0.8 0.8
vn -0.594946 0.0975611 0.797822
v -0.0111218 -1.31741e-08 0.259748 0.8 0.8 0.8
vn -0.602883 0.0032899 0.797822
v -0.0109849 -0.00173985 0.259748 0.8 0.8 0.8
vn -0.595976 -0.0910624 0.797822
v -0.0105775 -0.00343685 0.259748 0.8 0.8 0.8
vn -0.574393 -0.183172 0.797822
v -0.00990962 -0.00504922 0.259748 0.8 0.8 0.8
vn -0.538667 -0.270772 0.797822
v -0.00899775 -0.00653727 0.259748 0.8 0.8 0.8
vn -0.489677 -0.351704 0.797822
v -0.00786432 -0.00786434 0.259748 0.8 0.8 0.8
vn -0.428629 -0.423977 0.797822
v -0.00653724 -0.00899777 0.259748 0.8 0.8 0.8
vn -0.357028 -0.485809 0.797822
v -0.0050492 -0.00990964 0.259748 0.8 0.8 0.8
vn -0.276635 -0.535679 0.797822
v -0.00343683 -0.0105775 0.259748 0.8 0.8 0.8
vn -0.18943 -0.57236 0.797822
v -0.00173983 -0.0109849 0.259748 0.8 0.8 0.8
vn -0.0975612 -0.594946 0.797822
v 9.39622e-09 -0.0111219 0.259748 0.8 0.8 0.8
vn -0.00328992 -0.602883 0.797822
v 0.00173985 -0.0109849 0.259748 0.8 0.8 0.8
vn 0.0910623 -0.595976 0.797822
v 0.00343685 -0.0105775 0.259748 0.8 0.8 0.8
vn 0.183172 -0.574393 0.797822
v 0.00504922 -0.00990964 0.259748 0.8 0.8 0.8
vn 0.270772 -0.538667 0.797822
v 0.00653726 -0.00899777 0.259748 0.8 0.8 0.8
vn 0.351704 -0.489677 0.797822
v 0.00786434 -0.00786434 0.259748 0.8 0.8 0.8
vn 0.423977 -0.428629 0.797822
v 0.00899777 -0.00653727 0.259748 0.8 0.8 0.8
vn 0.485809 -0.357028 0.797822
v 0.00990964 -0.00504922 0.259748 0.8 0.8 0.8
vn 0.53568 -0.276635 0.797822
v 0.0105775 -0.00343685 0.259748 0.8 0.8 0.8
vn 0.57236 -0.18943 0.797822
v 0.0109849 -0.00173985 0.259748 0.8 0.8 0.8
vn 0.594946 -0.0975611 0.797822
v 0.011279 -1.33328e-08 0.259578 0.8 0.8 0.8
vn 0.823093 -0.00376026 0.567894
v 0.0111401 0.00176441 0.259578 0.8 0.8 0.8
vn 0.813548 0.125046 0.567894
v 0.010727 0.00348539 0.259578 0.8 0.8 0.8
vn 0.78397 0.250773 0.567894
v 0.0100497 0.00512054 0.259578 0.8 0.8 0.8
vn 0.735088 0.370326 0.567894
v 0.00912491 0.00662962 0.259578 0.8 0.8 0.8
vn 0.668106 0.48076 0.567894
v 0.00797547 0.00797544 0.259578 0.8 0.8 0.8
vn 0.584674 0.579356 0.567894
v 0.00662964 0.00912489 0.259578 0.8 0.8 0.8
vn 0.486844 0.663686 0.567894
v 0.00512057 0.0100496 0.259578 0.8 0.8 0.8
vn 0.377027 0.731674 0.567894
v 0.00348541 0.010727 0.259578 0.8 0.8 0.8
vn 0.257926 0.781646 0.567894
v 0.00176443 0.0111401 0.259578 0.8 0.8 0.8
vn 0.132474 0.812371 0.567894
v 1.04884e-08 0.011279 0.259578 0.8 0.8 0.8
vn 0.00376029 0.823093 0.567894
v -0.00176441 0.0111401 0.259578 0.8 0.8 0.8
vn -0.125046 0.813547 0.567894
v -0.00348539 0.010727 0.259578 0.8 0.8 0.8
vn -0.250773 0.78397 0.567894
v -0.00512055 0.0100496 0.259578 0.8 0.8 0.8
vn -0.370326 0.735088 0.567894
v -0.00662962 0.00912489 0.259578 0.8 0.8 0.8
vn -0.48076 0.668106 0.567894
v -0.00797545 0.00797544 0.259578 0.8 0.8 0.8
vn -0.579356 0.584673 0.567894
v -0.00912489 0.00662962 0.259578 0.8 0.8 0.8
vn -0.663686 0.486844 0.567894
v -0.0100497 0.00512054 0.259578 0.8 0.8 0.8
vn -0.731674 0.377027 0.567894
v -0.010727 0.00348539 0.259578 0.8 0.8 0.8
vn -0.781646 0.257926 0.567894
v -0.0111401 0.00176441 0.259578 0.8 0.8 0.8
vn -0.812371 0.132474 0.567894
v -0.011279 -1.3173e-08 0.259578 0.8 0.8 0.8
vn -0.823093 0.00376026 0.567894
v -0.0111401 -0.00176444 0.259578 0.8 0.8 0.8
vn -0.813548 -0.125046 0.567894
v -0.010727 -0.00348542 0.259578 0.8 0.8 0.8
vn -0.78397 -0.250773 0.567894
v -0.0100497 -0.00512057 0.259578 0.8 0.8 0.8
vn -0.735088 -0.370326 0.567894
v -0.00912489 -0.00662964 0.259578 0.8 0.8 0.8
vn -0.668106 -0.48076 0.567894
v -0.00797545 -0.00797547 0.259578 0.8 0.8 0.8
vn -0.584674 -0.579356 0.567894
v -0.00662962 -0.00912491 0.259578 0.8 0.8 0.8
vn -0.486844 -0.663686 0.567894
v -0.00512055 -0.0100497 0.259578 0.8 0.8 0.8
vn -0.377027 -0.731674 0.567894
v -0.00348539 -0.010727 0.259578 0.8 0.8 0.8
vn -0.257926 -0.781646 0.567894
v -0.00176441 -0.0111401 0.259578 0.8 0.8 0.8
vn -0.132474 -0.812371 0.567894
v 9.38855e-09 -0.011279 0.259578 0.8 0.8 0.8
vn -0.00376029 -0.823093 0.567894
v 0.00176443 -0.0111401 0.259578 0.8 0.8 0.8
vn 0.125046 -0.813547 0.567894
v 0.00348541 -0.010727 0.259578 0.8 0.8 0.8
vn 0.250773 -0.78397 0.567894
v 0.00512057 -0.0100497 0.259578 0.8 0.8 0.8
vn 0.370326 -0.735088 0.567894
v 0.00662964 -0.00912491 0.259578 0.8 0.8 0.8
vn 0.48076 -0.668106 0.567894
v 0.00797547 -0.00797547 0.259578 0.8 0.8 0.8
vn 0.579356 -0.584673 0.567894
v 0.00912491 -0.00662964 0.259578 0.8 0.8 0.8
vn 0.663686 -0.486844 0.567894
v 0.0100497 -0.00512057 0.259578 0.8 0.8 0.8
vn 0.731674 -0.377027 0.567894
v 0.010727 -0.00348542 0.259578 0.8 0.8 0.8
vn 0.781646 -0.257926 0.567894
v 0.0111401 -0.00176444 0.259578 0.8 0.8 0.8
vn 0.812371 -0.132474 0.567894
v 0.0114014 -1.33337e-08 0.259343 0.8 0.8 0.8
vn 0.927749 -0.00396272 0.373184
v 0.011261 0.00178355 0.259343 0.8 0.8 0.8
vn 0.916947 0.141218 0.373184
v 0.0108433 0.00352319 0.259343 0.8 0.8 0.8
vn 0.883566 0.282921 0.373184
v 0.0101587 0.00517609 0.259343 0.8 0.8 0.8
vn 0.828429 0.417658 0.373184
v 0.00922389 0.00670153 0.259343 0.8 0.8 0.8
vn 0.752894 0.542111 0.373184
v 0.00806198 0.00806195 0.259343 0.8 0.8 0.8
vn 0.65882 0.653215 0.373184
v 0.00670155 0.00922386 0.259343 0.8 0.8 0.8
vn 0.548523 0.748235 0.373184
v 0.00517611 0.0101587 0.259343 0.8 0.8 0.8
vn 0.42472 0.824831 0.373184
v 0.00352322 0.0108433 0.259343 0.8 0.8 0.8
vn 0.290459 0.881117 0.373184
v 0.00178357 0.011261 0.259343 0.8 0.8 0.8
vn 0.149046 0.915707 0.373184
v 1.04944e-08 0.0114013 0.259343 0.8 0.8 0.8
vn 0.00396276 0.927749 0.373184
v -0.00178355 0.011261 0.259343 0.8 0.8 0.8
vn -0.141218 0.916947 0.373184
v -0.0035232 0.0108433 0.259343 0.8 0.8 0.8
vn -0.282921 0.883566 0.373184
v -0.00517609 0.0101587 0.259343 0.8 0.8 0.8
vn -0.417658 0.828429 0.373184
v -0.00670153 0.00922386 0.259343 0.8 0.8 0.8
vn -0.542111 0.752894 0.373184
v -0.00806195 0.00806195 0.259343 0.8 0.8 0.8
vn -0.653215 0.658819 0.373184
v -0.00922387 0.00670153 0.259343 0.8 0.8 0.8
vn -0.748235 0.548523 0.373184
v -0.0101587 0.00517609 0.259343 0.8 0.8 0.8
vn -0.824831 0.42472 0.373184
v -0.0108433 0.00352319 0.259343 0.8 0.8 0.8
vn -0.881117 0.290459 0.373184
v -0.011261 0.00178355 0.259343 0.8 0.8 0.8
vn -0.915707 0.149046 0.373184
v -0.0114013 -1.31721e-08 0.259343 0.8 0.8 0.8
vn -0.927749 0.00396272 0.373184
v -0.011261 -0.00178358 0.259343 0.8 0.8 0.8
vn -0.916947 -0.141218 0.373184
v -0.0108433 -0.00352322 0.259343 0.8 0.8 0.8
vn -0.883566 -0.282921 0.373184
v -0.0101587 -0.00517611 0.259343 0.8 0.8 0.8
vn -0.828429 -0.417658 0.373184
v -0.00922387 -0.00670155 0.259343 0.8 0.8 0.8
vn -0.752894 -0.542111 0.373184
v -0.00806196 -0.00806198 0.259343 0.8 0.8 0.8
vn -0.65882 -0.653215 0.373184
v -0.00670153 -0.00922389 0.259343 0.8 0.8 0.8
vn -0.548523 -0.748235 0.373184
v -0.00517609 -0.0101587 0.259343 0.8 0.8 0.8
vn -0.42472 -0.824831 0.373184
v -0.0035232 -0.0108433 0.259343 0.8 0.8 0.8
vn -0.290459 -0.881117 0.373184
v -0.00178355 -0.011261 0.259343 0.8 0.8 0.8
vn -0.149046 -0.915707 0.373184
v 9.38259e-09 -0.0114014 0.259343 0.8 0.8 0.8
vn -0.00396276 -0.927749 0.373184
v 0.00178357 -0.011261 0.259343 0.8 0.8 0.8
vn 0.141218 -0.916947 0.373184
v 0.00352322 -0.0108433 0.259343 0.8 0.8 0.8
vn 0.282921 -0.883566 0.373184
v 0.00517611 -0.0101587 0.259343 0.8 0.8 0.8
vn 0.417658 -0.828429 0.373184
v 0.00670155 -0.00922389 0.259343 0.8 0.8 0.8
vn 0.542111 -0.752894 0.373184
v 0.00806197 -0.00806198 0.259343 0.8 0.8 0.8
vn 0.653215 -0.658819 0.373184
v 0.00922389 -0.00670155 0.259343 0.8 0.8 0.8
vn 0.748235 -0.548523 0.373184
v 0.0101587 -0.00517611 0.259343 0.8 0.8 0.8
vn 0.824831 -0.42472 0.373184
v 0.0108433 -0.00352322 0.259343 0.8 0.8 0.8
vn 0.881117 -0.290459 0.373184
v 0.011261 -0.00178358 0.259343 0.8 0.8 0.8
vn 0.915707 -0.149046 0.373184
v 0.0115025 -1.33344e-08 0.259023 0.8 0.8 0.8
vn 0.970245 -0.00429028 0.242088
v 0.0113609 0.00179938 0.259023 0.8 0.8 0.8
vn 0.958971 0.147542 0.242088
v 0.0109396 0.00355446 0.259023 0.8 0.8 0.8
vn 0.924083 0.295742 0.242088
v 0.0102488 0.00522202 0.259023 0.8 0.8 0.8
vn 0.866442 0.436659 0.242088
v 0.00930575 0.006761 0.259023 0.8 0.8 0.8
vn 0.787466 0.566825 0.242088
v 0.00813352 0.0081335 0.259023 0.8 0.8 0.8
vn 0.6891 0.683033 0.242088
v 0.00676102 0.00930572 0.259023 0.8 0.8 0.8
vn 0.573767 0.782423 0.242088
v 0.00522205 0.0102488 0.259023 0.8 0.8 0.8
vn 0.444305 0.862547 0.242088
v 0.00355449 0.0109395 0.259023 0.8 0.8 0.8
vn 0.303902 0.921432 0.242088
v 0.0017994 0.0113609 0.259023 0.8 0.8 0.8
vn 0.156017 0.957628 0.242088
v 1.04993e-08 0.0115025 0.259023 0.8 0.8 0.8
vn 0.00429032 0.970245 0.242088
v -0.00179938 0.0113609 0.259023 0.8 0.8 0.8
vn -0.147542 0.958971 0.242088
v -0.00355446 0.0109395 0.259023 0.8 0.8 0.8
vn -0.295742 0.924083 0.242088
v -0.00522203 0.0102488 0.259023 0.8 0.8 0.8
vn -0.436659 0.866442 0.242088
v -0.006761 0.00930572 0.259023 0.8 0.8 0.8
vn -0.566825 0.787466 0.242088
v -0.0081335 0.0081335 0.259023 0.8 0.8 0.8
vn -0.683033 0.6891 0.242088
v -0.00930573 0.006761 0.259023 0.8 0.8 0.8
vn -0.782423 0.573766 0.242088
v -0.0102488 0.00522202 0.259023 0.8 0.8 0.8
vn -0.862547 0.444305 0.242088
v -0.0109395 0.00355446 0.259023 0.8 0.8 0.8
vn -0.921432 0.303902 0.242088
v -0.0113609 0.00179938 0.259023 0.8 0.8 0.8
vn -0.957628 0.156017 0.242088
v -0.0115025 -1.31714e-08 0.259023 0.8 0.8 0.8
vn -0.970245 0.00429028 0.242088
v -0.0113609 -0.0017994 0.259023 0.8 0.8 0.8
vn -0.958971 -0.147542 0.242088
v -0.0109395 -0.00355449 0.259023 0.8 0.8 0.8
vn -0.924083 -0.295742 0.242088
v -0.0102488 -0.00522205 0.259023 0.8 0.8 0.8
vn -0.866442 -0.436659 0.242088
v -0.00930573 -0.00676103 0.259023 0.8 0.8 0.8
vn -0.787466 -0.566825 0.242088
v -0.0081335 -0.00813352 0.259023 0.8 0.8 0.8
vn -0.6891 -0.683033 0.242088
v -0.006761 -0.00930575 0.259023 0.8 0.8 0.8
vn -0.573767 -0.782423 0.242088
v -0.00522203 -0.0102488 0.259023 0.8 0.8 0.8
vn -0.444305 -0.862547 0.242088
v -0.00355447 -0.0109396 0.259023 0.8 0.8 0.8
vn -0.303902 -0.921432 0.242088
v -0.00179938 -0.0113609 0.259023 0.8 0.8 0.8
vn -0.156017 -0.957628 0.242088
v 9.37766e-09 -0.0115025 0.259023 0.8 0.8 0.8
vn -0.00429032 -0.970245 0.242088
v 0.0017994 -0.0113609 0.259023 0.8 0.8 0.8
vn 0.147542 -0.958971 0.242088
v 0.00355448 -0.0109396 0.259023 0.8 0.8 0.8
vn 0.295742 -0.924083 0.242088
v 0.00522205 -0.0102488 0.259023 0.8 0.8 0.8
vn 0.436659 -0.866442 0.242088
v 0.00676102 -0.00930575 0.259023 0.8 0.8 0.8
vn 0.566825 -0.787466 0.242088
v 0.00813352 -0.00813352 0.259023 0.8 0.8 0.8
vn 0.683033 -0.6891 0.242088
v 0.00930575 -0.00676103 0.259023 0.8 0.8 0.8
vn 0.782423 -0.573766 0.242088
v 0.0102488 -0.00522205 0.259023 0.8 0.8 0.8
vn 0.862547 -0.444305 0.242088
v 0.0109396 -0.00355449 0.259023 0.8 0.8 0.8
vn 0.921432 -0.303902 0.242088
v 0.0113609 -0.0017994 0.259023 0.8 0.8 0.8
vn 0.957628 -0.156017 0.242088
v 0.0115918 -1.33351e-08 0.25858 0.8 0.8 0.8
vn 0.987173 -0.00508502 0.159571
v 0.011449 0.00181333 0.25858 0.8 0.8 0.8
vn 0.975815 0.149406 0.159571
v 0.0110244 0.00358203 0.25858 0.8 0.8 0.8
vn 0.940429 0.300217 0.159571
v 0.0103283 0.00526253 0.25858 0.8 0.8 0.8
vn 0.881887 0.443637 0.159571
v 0.00937793 0.00681344 0.25858 0.8 0.8 0.8
vn 0.801629 0.576132 0.159571
v 0.00819661 0.00819658 0.25858 0.8 0.8 0.8
vn 0.701633 0.694441 0.159571
v 0.00681347 0.0093779 0.25858 0.8 0.8 0.8
vn 0.58436 0.795651 0.159571
v 0.00526255 0.0103283 0.25858 0.8 0.8 0.8
vn 0.452698 0.877269 0.159571
v 0.00358206 0.0110244 0.25858 0.8 0.8 0.8
vn 0.30989 0.937286 0.159571
v 0.00181336 0.011449 0.25858 0.8 0.8 0.8
vn 0.15945 0.974224 0.159571
v 1.05037e-08 0.0115917 0.25858 0.8 0.8 0.8
vn 0.00508506 0.987173 0.159571
v -0.00181334 0.011449 0.25858 0.8 0.8 0.8
vn -0.149405 0.975815 0.159571
v -0.00358203 0.0110244 0.25858 0.8 0.8 0.8
vn -0.300217 0.940429 0.159571
v -0.00526253 0.0103283 0.25858 0.8 0.8 0.8
vn -0.443637 0.881886 0.159571
v -0.00681344 0.0093779 0.25858 0.8 0.8 0.8
vn -0.576132 0.801629 0.159571
v -0.00819659 0.00819659 0.25858 0.8 0.8 0.8
vn -0.694441 0.701633 0.159571
v -0.00937791 0.00681344 0.25858 0.8 0.8 0.8
vn -0.795651 0.58436 0.159571
v -0.0103283 0.00526253 0.25858 0.8 0.8 0.8
vn -0.877269 0.452698 0.159571
v -0.0110244 0.00358203 0.25858 0.8 0.8 0.8
vn -0.937286 0.309889 0.159571
v -0.011449 0.00181333 0.25858 0.8 0.8 0.8
vn -0.974224 0.15945 0.159571
v -0.0115917 -1.31708e-08 0.25858 0.8 0.8 0.8
vn -0.987173 0.00508502 0.159571
v -0.011449 -0.00181336 0.25858 0.8 0.8 0.8
vn -0.975815 -0.149406 0.159571
v -0.0110244 -0.00358206 0.25858 0.8 0.8 0.8
vn -0.940429 -0.300217 0.159571
v -0.0103283 -0.00526255 0.25858 0.8 0.8 0.8
vn -0.881887 -0.443637 0.159571
v -0.00937791 -0.00681347 0.25858 0.8 0.8 0.8
vn -0.801629 -0.576132 0.159571
v -0.00819659 -0.00819661 0.25858 0.8 0.8 0.8
vn -0.701633 -0.694441 0.159571
v -0.00681345 -0.00937793 0.25858 0.8 0.8 0.8
vn -0.58436 -0.795651 0.159571
v -0.00526253 -0.0103283 0.25858 0.8 0.8 0.8
vn -0.452698 -0.877269 0.159571
v -0.00358204 -0.0110244 0.25858 0.8 0.8 0.8
vn -0.30989 -0.937286 0.159571
v -0.00181334 -0.011449 0.25858 0.8 0.8 0.8
vn -0.15945 -0.974224 0.159571
v 9.37331e-09 -0.0115918 0.25858 0.8 0.8 0.8
vn -0.00508506 -0.987173 0.159571
v 0.00181336 -0.011449 0.25858 0.8 0.8 0.8
vn 0.149405 -0.975815 0.159571
v 0.00358205 -0.0110244 0.25858 0.8 0.8 0.8
vn 0.300217 -0.940429 0.159571
v 0.00526255 -0.0103283 0.25858 0.8 0.8 0.8
vn 0.443637 -0.881886 0.159571
v 0.00681346 -0.00937793 0.25858 0.8 0.8 0.8
vn 0.576132 -0.801629 0.159571
v 0.00819661 -0.00819661 0.25858 0.8 0.8 0.8
vn 0.694441 -0.701633 0.159571
v 0.00937793 -0.00681347 0.25858 0.8 0.8 0.8
vn 0.795651 -0.58436 0.159571
v 0.0103283 -0.00526255 0.25858 0.8 0.8 0.8
vn 0.877269 -0.452698 0.159571
v 0.0110244 -0.00358206 0.25858 0.8 0.8 0.8
vn 0.937286 -0.309889 0.159571
v 0.011449 -0.00181336 0.25858 0.8 0.8 0.8
vn 0.974224 -0.15945 0.159571
v 0.011679 -1.33357e-08 0.257932 0.8 0.8 0.8
vn 0.993968 -0.00714085 0.109436
v 0.0115352 0.00182698 0.257932 0.8 0.8 0.8
vn 0.982848 0.148438 0.109436
v 0.0111074 0.00360898 0.257932 0.8 0.8 0.8
vn 0.947527 0.300362 0.109436
v 0.010406 0.00530212 0.257932 0.8 0.8 0.8
vn 0.888874 0.44489 0.109436
v 0.00944849 0.00686471 0.257932 0.8 0.8 0.8
vn 0.808335 0.578463 0.109436
v 0.00825828 0.00825826 0.257932 0.8 0.8 0.8
vn 0.707891 0.697792 0.109436
v 0.00686473 0.00944846 0.257932 0.8 0.8 0.8
vn 0.590017 0.79994 0.109436
v 0.00530215 0.010406 0.257932 0.8 0.8 0.8
vn 0.457615 0.88239 0.109436
v 0.00360901 0.0111073 0.257932 0.8 0.8 0.8
vn 0.313944 0.943113 0.109436
v 0.001827 0.0115352 0.257932 0.8 0.8 0.8
vn 0.162544 0.980614 0.109436
v 1.0508e-08 0.0116789 0.257932 0.8 0.8 0.8
vn 0.00714089 0.993968 0.109436
v -0.00182698 0.0115352 0.257932 0.8 0.8 0.8
vn -0.148438 0.982848 0.109436
v -0.00360899 0.0111073 0.257932 0.8 0.8 0.8
vn -0.300362 0.947527 0.109436
v -0.00530213 0.010406 0.257932 0.8 0.8 0.8
vn -0.44489 0.888874 0.109436
v -0.00686471 0.00944846 0.257932 0.8 0.8 0.8
vn -0.578463 0.808334 0.109436
v -0.00825826 0.00825826 0.257932 0.8 0.8 0.8
vn -0.697792 0.707891 0.109436
v -0.00944847 0.00686471 0.257932 0.8 0.8 0.8
vn -0.79994 0.590017 0.109436
v -0.010406 0.00530212 0.257932 0.8 0.8 0.8
vn -0.88239 0.457615 0.109436
v -0.0111073 0.00360898 0.257932 0.8 0.8 0.8
vn -0.943113 0.313944 0.109436
v -0.0115352 0.00182698 0.257932 0.8 0.8 0.8
vn -0.980614 0.162544 0.109436
v -0.011679 -1.31702e-08 0.257932 0.8 0.8 0.8
vn -0.993968 0.00714085 0.109436
v -0.0115352 -0.00182701 0.257932 0.8 0.8 0.8
vn -0.982848 -0.148438 0.109436
v -0.0111073 -0.00360901 0.257932 0.8 0.8 0.8
vn -0.947527 -0.300362 0.109436
v -0.010406 -0.00530215 0.257932 0.8 0.8 0.8
vn -0.888874 -0.44489 0.109436
v -0.00944847 -0.00686473 0.257932 0.8 0.8 0.8
vn -0.808335 -0.578463 0.109436
v -0.00825826 -0.00825829 0.257932 0.8 0.8 0.8
vn -0.707891 -0.697792 0.109436
v -0.00686471 -0.00944849 0.257932 0.8 0.8 0.8
vn -0.590017 -0.79994 0.109436
v -0.00530213 -0.010406 0.257932 0.8 0.8 0.8
vn -0.457615 -0.88239 0.109436
v -0.00360899 -0.0111074 0.257932 0.8 0.8 0.8
vn -0.313944 -0.943113 0.109436
v -0.00182698 -0.0115352 0.257932 0.8 0.8 0.8
vn -0.162544 -0.980614 0.109436
v 9.36905e-09 -0.011679 0.257932 0.8 0.8 0.8
vn -0.00714089 -0.993968 0.109436
v 0.001827 -0.0115352 0.257932 0.8 0.8 0.8
vn 0.148438 -0.982848 0.109436
v 0.00360901 -0.0111074 0.257932 0.8 0.8 0.8
vn 0.300362 -0.947527 0.109436
v 0.00530215 -0.010406 0.257932 0.8 0.8 0.8
vn 0.44489 -0.888874 0.109436
v 0.00686473 -0.00944849 0.257932 0.8 0.8 0.8
vn 0.578463 -0.808334 0.109436
v 0.00825828 -0.00825829 0.257932 0.8 0.8 0.8
vn 0.697792 -0.707891 0.109436
v 0.00944849 -0.00686473 0.257932 0.8 0.8 0.8
vn 0.79994 -0.590017 0.109436
v 0.010406 -0.00530215 0.257932 0.8 0.8 0.8
vn 0.88239 -0.457615 0.109436
v 0.0111074 -0.00360901 0.257932 0.8 0.8 0.8
vn 0.943113 -0.313944 0.109436
v 0.0115352 -0.00182701 0.257932 0.8 0.8 0.8
vn 0.980614 -0.162544 0.109436
v 0.0117863 -1.33364e-08 0.256814 0.8 0.8 0.8
vn 0.996663 -0.0269353 0.0770509
v 0.0116412 0.00184376 0.256814 0.8 0.8 0.8
vn 0.988606 0.129309 0.0770509
v 0.0112094 0.00364214 0.256814 0.8 0.8 0.8
vn 0.956207 0.282369 0.0770509
v 0.0105017 0.00535084 0.256814 0.8 0.8 0.8
vn 0.900262 0.428476 0.0770509
v 0.0095353 0.00692778 0.256814 0.8 0.8 0.8
vn 0.82215 0.564033 0.0770509
v 0.00833416 0.00833414 0.256814 0.8 0.8 0.8
vn 0.723794 0.685701 0.0770509
v 0.0069278 0.00953528 0.256814 0.8 0.8 0.8
vn 0.607615 0.790485 0.0770509
v 0.00535086 0.0105016 0.256814 0.8 0.8 0.8
vn 0.476475 0.875805 0.0770509
v 0.00364217 0.0112094 0.256814 0.8 0.8 0.8
vn 0.333603 0.93956 0.0770509
v 0.00184379 0.0116411 0.256814 0.8 0.8 0.8
vn 0.182516 0.980179 0.0770509
v 1.05132e-08 0.0117863 0.256814 0.8 0.8 0.8
vn 0.0269354 0.996663 0.0770509
v -0.00184377 0.0116411 0.256814 0.8 0.8 0.8
vn -0.129309 0.988606 0.0770509
v -0.00364215 0.0112094 0.256814 0.8 0.8 0.8
vn -0.282369 0.956207 0.0770509
v -0.00535084 0.0105016 0.256814 0.8 0.8 0.8
vn -0.428476 0.900262 0.0770509
v -0.00692778 0.00953528 0.256814 0.8 0.8 0.8
vn -0.564033 0.82215 0.0770509
v -0.00833414 0.00833414 0.256814 0.8 0.8 0.8
vn -0.685701 0.723793 0.0770509
v -0.00953528 0.00692778 0.256814 0.8 0.8 0.8
vn -0.790485 0.607615 0.0770509
v -0.0105016 0.00535084 0.256814 0.8 0.8 0.8
vn -0.875805 0.476475 0.0770509
v -0.0112094 0.00364214 0.256814 0.8 0.8 0.8
vn -0.93956 0.333603 0.0770509
v -0.0116411 0.00184377 0.256814 0.8 0.8 0.8
vn -0.980179 0.182516 0.0770509
v -0.0117863 -1.31694e-08 0.256814 0.8 0.8 0.8
vn -0.996663 0.0269353 0.0770509
v -0.0116411 -0.00184379 0.256814 0.8 0.8 0.8
vn -0.988606 -0.129309 0.0770509
v -0.0112094 -0.00364217 0.256814 0.8 0.8 0.8
vn -0.956207 -0.282369 0.0770509
v -0.0105016 -0.00535087 0.256814 0.8 0.8 0.8
vn -0.900262 -0.428476 0.0770509
v -0.00953528 -0.00692781 0.256814 0.8 0.8 0.8
vn -0.82215 -0.564033 0.0770509
v -0.00833414 -0.00833416 0.256814 0.8 0.8 0.8
vn -0.723794 -0.685701 0.0770509
v -0.00692778 -0.0095353 0.256814 0.8 0.8 0.8
vn -0.607615 -0.790485 0.0770509
v -0.00535084 -0.0105017 0.256814 0.8 0.8 0.8
vn -0.476475 -0.875805 0.0770509
v -0.00364215 -0.0112094 0.256814 0.8 0.8 0.8
vn -0.333603 -0.93956 0.0770509
v -0.00184377 -0.0116412 0.256814 0.8 0.8 0.8
vn -0.182516 -0.980179 0.0770509
v 9.36382e-09 -0.0117863 0.256814 0.8 0.8 0.8
vn -0.0269354 -0.996663 0.0770509
v 0.00184379 -0.0116412 0.256814 0.8 0.8 0.8
vn 0.129309 -0.988606 0.0770509
v 0.00364217 -0.0112094 0.256814 0.8 0.8 0.8
vn 0.282369 -0.956207 0.0770509
v 0.00535086 -0.0105017 0.256814 0.8 0.8 0.8
vn 0.428476 -0.900262 0.0770509
v 0.0069278 -0.0095353 0.256814 0.8 0.8 0.8
vn 0.564033 -0.82215 0.0770509
v 0.00833416 -0.00833416 0.256814 0.8 0.8 0.8
vn 0.685701 -0.723793 0.0770509
v 0.0095353 -0.00692781 0.256814 0.8 0.8 0.8
vn 0.790485 -0.607615 0.0770509
v 0.0105017 -0.00535087 0.256814 0.8 0.8 0.8
vn 0.875805 -0.476475 0.0770509
v 0.0112094 -0.00364217 0.256814 0.8 0.8 0.8
vn 0.93956 -0.333603 0.0770509
v 0.0116412 -0.00184379 0.256814 0.8 0.8 0.8
vn 0.980179 -0.182516 0.0770509
v 0.0138384 -1.3351e-08 0.230015 0.8 0.8 0.8
vn 0.997066 -0.00904149 0.0760147
v 0.013668 0.00216479 0.230015 0.8 0.8 0.8
vn 0.986205 0.147045 0.0760147
v 0.0131611 0.00427628 0.230015 0.8 0.8 0.8
vn 0.95106 0.299511 0.0760147
v 0.0123301 0.00628248 0.230015 0.8 0.8 0.8
vn 0.892497 0.444602 0.0760147
v 0.0111955 0.00813398 0.230015 0.8 0.8 0.8
vn 0.811958 0.578746 0.0760147
v 0.00978522 0.0097852 0.230015 0.8 0.8 0.8
vn 0.711425 0.698639 0.0760147
v 0.00813401 0.0111955 0.230015 0.8 0.8 0.8
vn 0.593375 0.801329 0.0760147
v 0.0062825 0.0123301 0.230015 0.8 0.8 0.8
vn 0.460714 0.884287 0.0760147
v 0.00427631 0.0131611 0.230015 0.8 0.8 0.8
vn 0.316709 0.945472 0.0760147
v 0.00216481 0.013668 0.230015 0.8 0.8 0.8
vn 0.164906 0.983376 0.0760147
v 1.06132e-08 0.0138384 0.230015 0.8 0.8 0.8
vn 0.00904154 0.997066 0.0760147
v -0.00216479 0.013668 0.230015 0.8 0.8 0.8
vn -0.147045 0.986205 0.0760147
v -0.00427628 0.0131611 0.230015 0.8 0.8 0.8
vn -0.299511 0.95106 0.0760147
v -0.00628248 0.0123301 0.230015 0.8 0.8 0.8
vn -0.444602 0.892497 0.0760147
v -0.00813399 0.0111955 0.230015 0.8 0.8 0.8
vn -0.578746 0.811958 0.0760147
v -0.0097852 0.0097852 0.230015 0.8 0.8 0.8
vn -0.698639 0.711425 0.0760147
v -0.0111955 0.00813398 0.230015 0.8 0.8 0.8
vn -0.801329 0.593375 0.0760147
v -0.0123301 0.00628248 0.230015 0.8 0.8 0.8
vn -0.884287 0.460714 0.0760147
v -0.0131611 0.00427628 0.230015 0.8 0.8 0.8
vn -0.945472 0.316709 0.0760147
v -0.013668 0.00216479 0.230015 0.8 0.8 0.8
vn -0.983376 0.164906 0.0760147
v -0.0138384 -1.31549e-08 0.230015 0.8 0.8 0.8
vn -0.997066 0.00904149 0.0760147
v -0.013668 -0.00216481 0.230015 0.8 0.8 0.8
vn -0.986205 -0.147045 0.0760147
v -0.0131611 -0.00427631 0.230015 0.8 0.8 0.8
vn -0.95106 -0.299511 0.0760147
v -0.0123301 -0.00628251 0.230015 0.8 0.8 0.8
vn -0.892497 -0.444602 0.0760147
v -0.0111955 -0.00813401 0.230015 0.8 0.8 0.8
vn -0.811958 -0.578746 0.0760147
v -0.0097852 -0.00978522 0.230015 0.8 0.8 0.8
vn -0.711425 -0.698639 0.0760147
v -0.00813399 -0.0111955 0.230015 0.8 0.8 0.8
vn -0.593375 -0.801329 0.0760147
v -0.00628248 -0.0123301 0.230015 0.8 0.8 0.8
vn -0.460714 -0.884287 0.0760147
v -0.00427629 -0.0131611 0.230015 0.8 0.8 0.8
vn -0.316709 -0.945472 0.0760147
v -0.00216479 -0.013668 0.230015 0.8 0.8 0.8
vn -0.164906 -0.983376 0.0760147
v 9.26376e-09 -0.0138384 0.230015 0.8 0.8 0.8
vn -0.00904154 -0.997066 0.0760147
v 0.00216481 -0.013668 0.230015 0.8 0.8 0.8
vn 0.147045 -0.986205 0.0760147
v 0.0042763 -0.0131611 0.230015 0.8 0.8 0.8
vn 0.299511 -0.95106 0.0760147
v 0.0062825 -0.0123301 0.230015 0.8 0.8 0.8
vn 0.444602 -0.892497 0.0760147
v 0.00813401 -0.0111955 0.230015 0.8 0.8 0.8
vn 0.578746 -0.811958 0.0760147
v 0.00978522 -0.00978523 0.230015 0.8 0.8 0.8
vn 0.698639 -0.711425 0.0760147
v 0.0111955 -0.00813401 0.230015 0.8 0.8 0.8
vn 0.801329 -0.593375 0.0760147
v 0.0123301 -0.00628251 0.230015 0.8 0.8 0.8
vn 0.884287 -0.460714 0.0760147
v 0.0131611 -0.00427631 0.230015 0.8 0.8 0.8
vn 0.945472 -0.316709 0.0760147
v 0.013668 -0.00216481 0.230015 0.8 0.8 0.8
vn 0.983376 -0.164906 0.0760147
v 0.0167086 -1.33713e-08 0.192263 0.8 0.8 0.8
vn 0.996957 0.021478 0.0749404
v 0.0165029 0.00261378 0.192263 0.8 0.8 0.8
vn 0.981323 0.177172 0.0749404
v 0.0158908 0.00516322 0.192263 0.8 0.8 0.8
vn 0.941525 0.328503 0.0749404
v 0.0148875 0.00758552 0.192263 0.8 0.8 0.8
vn 0.878544 0.471746 0.0749404
v 0.0135175 0.00982104 0.192263 0.8 0.8 0.8
vn 0.79393 0.603372 0.0749404
v 0.0118148 0.0118147 0.192263 0.8 0.8 0.8
vn 0.689768 0.720142 0.0749404
v 0.00982107 0.0135175 0.192263 0.8 0.8 0.8
vn 0.56862 0.819179 0.0749404
v 0.00758555 0.0148874 0.192263 0.8 0.8 0.8
vn 0.433472 0.898046 0.0749404
v 0.00516324 0.0158908 0.192263 0.8 0.8 0.8
vn 0.28765 0.954799 0.0749404
v 0.00261381 0.0165029 0.192263 0.8 0.8 0.8
vn 0.134745 0.988042 0.0749404
v 1.07532e-08 0.0167086 0.192263 0.8 0.8 0.8
vn -0.021478 0.996957 0.0749404
v -0.00261379 0.0165029 0.192263 0.8 0.8 0.8
vn -0.177172 0.981323 0.0749404
v -0.00516322 0.0158908 0.192263 0.8 0.8 0.8
vn -0.328503 0.941525 0.0749404
v -0.00758552 0.0148874 0.192263 0.8 0.8 0.8
vn -0.471746 0.878544 0.0749404
v -0.00982104 0.0135175 0.192263 0.8 0.8 0.8
vn -0.603373 0.79393 0.0749404
v -0.0118147 0.0118147 0.192263 0.8 0.8 0.8
vn -0.720142 0.689768 0.0749404
v -0.0135175 0.00982104 0.192263 0.8 0.8 0.8
vn -0.819179 0.56862 0.0749404
v -0.0148874 0.00758552 0.192263 0.8 0.8 0.8
vn -0.898046 0.433472 0.0749404
v -0.0158908 0.00516322 0.192263 0.8 0.8 0.8
vn -0.954799 0.28765 0.0749404
v -0.0165029 0.00261378 0.192263 0.8 0.8 0.8
vn -0.988042 0.134745 0.0749404
v -0.0167086 -1.31345e-08 0.192263 0.8 0.8 0.8
vn -0.996957 -0.021478 0.0749404
v -0.0165029 -0.00261381 0.192263 0.8 0.8 0.8
vn -0.981323 -0.177172 0.0749404
v -0.0158908 -0.00516325 0.192263 0.8 0.8 0.8
vn -0.941525 -0.328503 0.0749404
v -0.0148874 -0.00758555 0.192263 0.8 0.8 0.8
vn -0.878544 -0.471746 0.0749404
v -0.0135175 -0.00982107 0.192263 0.8 0.8 0.8
vn -0.79393 -0.603372 0.0749404
v -0.0118147 -0.0118148 0.192263 0.8 0.8 0.8
vn -0.689768 -0.720142 0.0749404
v -0.00982105 -0.0135175 0.192263 0.8 0.8 0.8
vn -0.56862 -0.819179 0.0749404
v -0.00758553 -0.0148875 0.192263 0.8 0.8 0.8
vn -0.433472 -0.898046 0.0749404
v -0.00516322 -0.0158908 0.192263 0.8 0.8 0.8
vn -0.28765 -0.954799 0.0749404
v -0.00261379 -0.0165029 0.192263 0.8 0.8 0.8
vn -0.134745 -0.988042 0.0749404
v 9.12382e-09 -0.0167086 0.192263 0.8 0.8 0.8
vn 0.021478 -0.996957 0.0749404
v 0.00261381 -0.0165029 0.192263 0.8 0.8 0.8
vn 0.177172 -0.981323 0.0749404
v 0.00516324 -0.0158908 0.192263 0.8 0.8 0.8
vn 0.328503 -0.941525 0.0749404
v 0.00758554 -0.0148875 0.192263 0.8 0.8 0.8
vn 0.471746 -0.878544 0.0749404
v 0.00982106 -0.0135175 0.192263 0.8 0.8 0.8
vn 0.603373 -0.79393 0.0749404
v 0.0118148 -0.0118148 0.192263 0.8 0.8 0.8
vn 0.720142 -0.689768 0.0749404
v 0.0135175 -0.00982107 0.192263 0.8 0.8 0.8
vn 0.819179 -0.56862 0.0749404
v 0.0148875 -0.00758555 0.192263 0.8 0.8 0.8
vn 0.898046 -0.433472 0.0749404
v 0.0158908 -0.00516325 0.192263 0.8 0.8 0.8
vn 0.954799 -0.28765 0.0749404
v 0.0165029 -0.00261381 0.192263 0.8 0.8 0.8
vn 0.988042 -0.134745 0.0749404
v 0.0167621 -1.33717e-08 0.191145 0.8 0.8 0.8
vn 0.999605 0.00691935 0.0272318
v 0.0165557 0.00262215 0.191145 0.8 0.8 0.8
vn 0.986216 0.163207 0.0272318
v 0.0159417 0.00517976 0.191145 0.8 0.8 0.8
vn 0.948543 0.315476 0.0272318
v 0.0149351 0.00760981 0.191145 0.8 0.8 0.8
vn 0.887513 0.459976 0.0272318
v 0.0135608 0.00985249 0.191145 0.8 0.8 0.8
vn 0.804631 0.593151 0.0272318
v 0.0118526 0.0118526 0.191145 0.8 0.8 0.8
vn 0.701935 0.71172 0.0272318
v 0.00985252 0.0135608 0.191145 0.8 0.8 0.8
vn 0.581955 0.812765 0.0272318
v 0.00760984 0.0149351 0.191145 0.8 0.8 0.8
vn 0.447646 0.893796 0.0272318
v 0.00517978 0.0159417 0.191145 0.8 0.8 0.8
vn 0.302314 0.952819 0.0272318
v 0.00262218 0.0165557 0.191145 0.8 0.8 0.8
vn 0.149539 0.988381 0.0272318
v 1.07558e-08 0.0167621 0.191145 0.8 0.8 0.8
vn -0.00691931 0.999605 0.0272318
v -0.00262216 0.0165557 0.191145 0.8 0.8 0.8
vn -0.163207 0.986216 0.0272318
v -0.00517976 0.0159417 0.191145 0.8 0.8 0.8
vn -0.315476 0.948543 0.0272318
v -0.00760982 0.0149351 0.191145 0.8 0.8 0.8
vn -0.459976 0.887513 0.0272318
v -0.0098525 0.0135608 0.191145 0.8 0.8 0.8
vn -0.593151 0.80463 0.0272318
v -0.0118526 0.0118526 0.191145 0.8 0.8 0.8
vn -0.71172 0.701935 0.0272318
v -0.0135608 0.00985249 0.191145 0.8 0.8 0.8
vn -0.812765 0.581955 0.0272318
v -0.0149351 0.00760981 0.191145 0.8 0.8 0.8
vn -0.893796 0.447646 0.0272318
v -0.0159417 0.00517976 0.191145 0.8 0.8 0.8
vn -0.952819 0.302314 0.0272318
v -0.0165557 0.00262215 0.191145 0.8 0.8 0.8
vn -0.988381 0.149539 0.0272318
v -0.0167621 -1.31342e-08 0.191145 0.8 0.8 0.8
vn -0.999605 -0.00691935 0.0272318
v -0.0165557 -0.00262218 0.191145 0.8 0.8 0.8
vn -0.986216 -0.163207 0.0272318
v -0.0159417 -0.00517978 0.191145 0.8 0.8 0.8
vn -0.948543 -0.315476 0.0272318
v -0.0149351 -0.00760984 0.191145 0.8 0.8 0.8
vn -0.887513 -0.459976 0.0272318
v -0.0135608 -0.00985252 0.191145 0.8 0.8 0.8
vn -0.804631 -0.593151 0.0272318
v -0.0118526 -0.0118526 0.191145 0.8 0.8 0.8
vn -0.701935 -0.71172 0.0272318
v -0.0098525 -0.0135608 0.191145 0.8 0.8 0.8
vn -0.581955 -0.812765 0.0272318
v -0.00760982 -0.0149351 0.191145 0.8 0.8 0.8
vn -0.447646 -0.893796 0.0272318
v -0.00517976 -0.0159417 0.191145 0.8 0.8 0.8
vn -0.302314 -0.952819 0.0272318
v -0.00262216 -0.0165557 0.191145 0.8 0.8 0.8
vn -0.149539 -0.988381 0.0272318
v 9.12121e-09 -0.0167621 0.191145 0.8 0.8 0.8
vn 0.00691931 -0.999605 0.0272318
v 0.00262218 -0.0165557 0.191145 0.8 0.8 0.8
vn 0.163207 -0.986216 0.0272318
v 0.00517978 -0.0159417 0.191145 0.8 0.8 0.8
vn 0.315476 -0.948543 0.0272318
v 0.00760984 -0.0149351 0.191145 0.8 0.8 0.8
vn 0.459976 -0.887513 0.0272318
v 0.00985252 -0.0135608 0.191145 0.8 0.8 0.8
vn 0.593151 -0.80463 0.0272318
v 0.0118526 -0.0118526 0.191145 0.8 0.8 0.8
vn 0.71172 -0.701935 0.0272318
v 0.0135608 -0.00985252 0.191145 0.8 0.8 0.8
vn 0.812765 -0.581955 0.0272318
v 0.0149351 -0.00760984 0.191145 0.8 0.8 0.8
vn 0.893796 -0.447646 0.0272318
v 0.0159417 -0.00517978 0.191145 0.8 0.8 0.8
vn 0.952819 -0.302314 0.0272318
v 0.0165557 -0.00262218 0.191145 0.8 0.8 0.8
vn 0.988381 -0.149539 0.0272318
v 0.0167567 -1.33717e-08 0.190497 0.8 0.8 0.8
vn 0.998826 0.00498492 -0.0481816
v 0.0165504 0.00262131 0.190497 0.8 0.8 0.8
vn 0.985749 0.161174 -0.0481816
v 0.0159366 0.00517809 0.190497 0.8 0.8 0.8
vn 0.9484 0.313395 -0.0481816
v 0.0149303 0.00760737 0.190497 0.8 0.8 0.8
vn 0.887698 0.457899 -0.0481816
v 0.0135565 0.00984933 0.190497 0.8 0.8 0.8
vn 0.805137 0.591128 -0.0481816
v 0.0118488 0.0118488 0.190497 0.8 0.8 0.8
vn 0.702752 0.709802 -0.0481816
v 0.00984936 0.0135564 0.190497 0.8 0.8 0.8
vn 0.583062 0.810997 -0.0481816
v 0.0076074 0.0149303 0.190497 0.8 0.8 0.8
vn 0.449016 0.892224 -0.0481816
v 0.00517812 0.0159366 0.190497 0.8 0.8 0.8
vn 0.303913 0.95148 -0.0481816
v 0.00262134 0.0165504 0.190497 0.8 0.8 0.8
vn 0.151327 0.987309 -0.0481816
v 1.07555e-08 0.0167567 0.190497 0.8 0.8 0.8
vn -0.00498488 0.998826 -0.0481816
v -0.00262132 0.0165504 0.190497 0.8 0.8 0.8
vn -0.161174 0.985749 -0.0481816
v -0.0051781 0.0159366 0.190497 0.8 0.8 0.8
vn -0.313395 0.9484 -0.0481816
v -0.00760738 0.0149303 0.190497 0.8 0.8 0.8
vn -0.457899 0.887697 -0.0481816
v -0.00984934 0.0135564 0.190497 0.8 0.8 0.8
vn -0.591128 0.805137 -0.0481816
v -0.0118488 0.0118488 0.190497 0.8 0.8 0.8
vn -0.709802 0.702752 -0.0481816
v -0.0135565 0.00984933 0.190497 0.8 0.8 0.8
vn -0.810997 0.583062 -0.0481816
v -0.0149303 0.00760737 0.190497 0.8 0.8 0.8
vn -0.892224 0.449016 -0.0481816
v -0.0159366 0.00517809 0.190497 0.8 0.8 0.8
vn -0.951481 0.303913 -0.0481816
v -0.0165504 0.00262131 0.190497 0.8 0.8 0.8
vn -0.987309 0.151327 -0.0481816
v -0.0167567 -1.31342e-08 0.190497 0.8 0.8 0.8
vn -0.998826 -0.00498492 -0.0481816
v -0.0165504 -0.00262134 0.190497 0.8 0.8 0.8
vn -0.985749 -0.161174 -0.0481816
v -0.0159366 -0.00517812 0.190497 0.8 0.8 0.8
vn -0.9484 -0.313395 -0.0481816
v -0.0149303 -0.0076074 0.190497 0.8 0.8 0.8
vn -0.887698 -0.457899 -0.0481816
v -0.0135565 -0.00984936 0.190497 0.8 0.8 0.8
vn -0.805137 -0.591128 -0.0481816
v -0.0118488 -0.0118488 0.190497 0.8 0.8 0.8
vn -0.702752 -0.709802 -0.0481816
v -0.00984934 -0.0135565 0.190497 0.8 0.8 0.8
vn -0.583062 -0.810997 -0.0481816
v -0.00760738 -0.0149303 0.190497 0.8 0.8 0.8
vn -0.449016 -0.892224 -0.0481816
v -0.0051781 -0.0159366 0.190497 0.8 0.8 0.8
vn -0.303913 -0.95148 -0.0481816
v -0.00262132 -0.0165504 0.190497 0.8 0.8 0.8
vn -0.151327 -0.987309 -0.0481816
v 9.12147e-09 -0.0167567 0.190497 0.8 0.8 0.8
vn 0.00498488 -0.998826 -0.0481816
v 0.00262134 -0.0165504 0.190497 0.8 0.8 0.8
vn 0.161174 -0.985749 -0.0481816
v 0.00517812 -0.0159366 0.190497 0.8 0.8 0.8
vn 0.313395 -0.9484 -0.0481816
v 0.0076074 -0.0149303 0.190497 0.8 0.8 0.8
vn 0.457899 -0.887697 -0.0481816
v 0.00984936 -0.0135565 0.190497 0.8 0.8 0.8
vn 0.591128 -0.805137 -0.0481816
v 0.0118488 -0.0118488 0.190497 0.8 0.8 0.8
vn 0.709802 -0.702752 -0.0481816
v 0.0135565 -0.00984936 0.190497 0.8 0.8 0.8
vn 0.810997 -0.583062 -0.0481816
v 0.0149303 -0.0076074 0.190497 0.8 0.8 0.8
vn 0.892224 -0.449016 -0.0481816
v 0.0159366 -0.00517812 0.190497 0.8 0.8 0.8
vn 0.951481 -0.303913 -0.0481816
v 0.0165504 -0.00262134 0.190497 0.8 0.8 0.8
vn 0.987309 -0.151327 -0.0481816
v 0.0167094 -1.33713e-08 0.190054 0.8 0.8 0.8
vn 0.984617 0.00424374 -0.174677
v 0.0165037 0.00261392 0.190054 0.8 0.8 0.8
vn 0.971831 0.158219 -0.174677
v 0.0158916 0.00516348 0.190054 0.8 0.8 0.8
vn 0.935115 0.308299 -0.174677
v 0.0148882 0.00758591 0.190054 0.8 0.8 0.8
vn 0.875373 0.450788 -0.174677
v 0.0135182 0.00982154 0.190054 0.8 0.8 0.8
vn 0.794077 0.582176 -0.174677
v 0.0118154 0.0118153 0.190054 0.8 0.8 0.8
vn 0.693228 0.69923 -0.174677
v 0.00982157 0.0135182 0.190054 0.8 0.8 0.8
vn 0.57531 0.799066 -0.174677
v 0.00758593 0.0148882 0.190054 0.8 0.8 0.8
vn 0.443225 0.879226 -0.174677
v 0.00516351 0.0158916 0.190054 0.8 0.8 0.8
vn 0.300227 0.937737 -0.174677
v 0.00261394 0.0165037 0.190054 0.8 0.8 0.8
vn 0.149837 0.973158 -0.174677
v 1.07532e-08 0.0167094 0.190054 0.8 0.8 0.8
vn -0.0042437 0.984617 -0.174677
v -0.00261392 0.0165037 0.190054 0.8 0.8 0.8
vn -0.158219 0.971831 -0.174677
v -0.00516349 0.0158916 0.190054 0.8 0.8 0.8
vn -0.308299 0.935115 -0.174677
v -0.00758591 0.0148882 0.190054 0.8 0.8 0.8
vn -0.450788 0.875373 -0.174677
v -0.00982155 0.0135182 0.190054 0.8 0.8 0.8
vn -0.582176 0.794077 -0.174677
v -0.0118153 0.0118153 0.190054 0.8 0.8 0.8
vn -0.69923 0.693228 -0.174677
v -0.0135182 0.00982154 0.190054 0.8 0.8 0.8
vn -0.799066 0.57531 -0.174677
v -0.0148882 0.00758591 0.190054 0.8 0.8 0.8
vn -0.879227 0.443225 -0.174677
v -0.0158916 0.00516348 0.190054 0.8 0.8 0.8
vn -0.937738 0.300227 -0.174677
v -0.0165037 0.00261392 0.190054 0.8 0.8 0.8
vn -0.973158 0.149836 -0.174677
v -0.0167094 -1.31345e-08 0.190054 0.8 0.8 0.8
vn -0.984617 -0.00424374 -0.174677
v -0.0165037 -0.00261394 0.190054 0.8 0.8 0.8
vn -0.971831 -0.158219 -0.174677
v -0.0158916 -0.00516351 0.190054 0.8 0.8 0.8
vn -0.935115 -0.308299 -0.174677
v -0.0148882 -0.00758594 0.190054 0.8 0.8 0.8
vn -0.875373 -0.450788 -0.174677
v -0.0135182 -0.00982157 0.190054 0.8 0.8 0.8
vn -0.794077 -0.582176 -0.174677
v -0.0118153 -0.0118154 0.190054 0.8 0.8 0.8
vn -0.693228 -0.69923 -0.174677
v -0.00982155 -0.0135182 0.190054 0.8 0.8 0.8
vn -0.57531 -0.799066 -0.174677
v -0.00758591 -0.0148882 0.190054 0.8 0.8 0.8
vn -0.443225 -0.879226 -0.174677
v -0.00516349 -0.0158916 0.190054 0.8 0.8 0.8
vn -0.300227 -0.937737 -0.174677
v -0.00261392 -0.0165037 0.190054 0.8 0.8 0.8
vn -0.149837 -0.973158 -0.174677
v 9.12377e-09 -0.0167094 0.190054 0.8 0.8 0.8
vn 0.0042437 -0.984617 -0.174677
v 0.00261394 -0.0165037 0.190054 0.8 0.8 0.8
vn 0.158219 -0.971831 -0.174677
v 0.00516351 -0.0158916 0.190054 0.8 0.8 0.8
vn 0.308299 -0.935115 -0.174677
v 0.00758593 -0.0148882 0.190054 0.8 0.8 0.8
vn 0.450788 -0.875373 -0.174677
v 0.00982157 -0.0135182 0.190054 0.8 0.8 0.8
vn 0.582176 -0.794077 -0.174677
v 0.0118154 -0.0118154 0.190054 0.8 0.8 0.8
vn 0.69923 -0.693228 -0.174677
v 0.0135182 -0.00982157 0.190054 0.8 0.8 0.8
vn 0.799066 -0.57531 -0.174677
v 0.0148882 -0.00758594 0.190054 0.8 0.8 0.8
vn 0.879227 -0.443225 -0.174677
v 0.0158916 -0.00516351 0.190054 0.8 0.8 0.8
vn 0.937738 -0.300227 -0.174677
v 0.0165037 -0.00261394 0.190054 0.8 0.8 0.8
vn 0.973158 -0.149836 -0.174677
v 0.0166213 -1.33707e-08 0.189734 0.8 0.8 0.8
vn 0.92775 0.00388721 -0.373182
v 0.0164167 0.00260014 0.189734 0.8 0.8 0.8
vn 0.91572 0.148971 -0.373182
v 0.0158078 0.00513626 0.189734 0.8 0.8 0.8
vn 0.881142 0.290387 -0.373182
v 0.0148097 0.00754591 0.189734 0.8 0.8 0.8
vn 0.824867 0.424653 -0.373182
v 0.013447 0.00976976 0.189734 0.8 0.8 0.8
vn 0.748281 0.548463 -0.373182
v 0.0117531 0.011753 0.189734 0.8 0.8 0.8
vn 0.65327 0.658767 -0.373182
v 0.00976978 0.0134469 0.189734 0.8 0.8 0.8
vn 0.542173 0.75285 -0.373182
v 0.00754594 0.0148097 0.189734 0.8 0.8 0.8
vn 0.417726 0.828396 -0.373182
v 0.00513628 0.0158078 0.189734 0.8 0.8 0.8
vn 0.282994 0.883544 -0.373182
v 0.00260016 0.0164167 0.189734 0.8 0.8 0.8
vn 0.141293 0.916936 -0.373182
v 1.07489e-08 0.0166213 0.189734 0.8 0.8 0.8
vn -0.00388717 0.92775 -0.373182
v -0.00260014 0.0164167 0.189734 0.8 0.8 0.8
vn -0.148971 0.91572 -0.373182
v -0.00513626 0.0158078 0.189734 0.8 0.8 0.8
vn -0.290387 0.881142 -0.373182
v -0.00754592 0.0148097 0.189734 0.8 0.8 0.8
vn -0.424653 0.824867 -0.373182
v -0.00976976 0.0134469 0.189734 0.8 0.8 0.8
vn -0.548463 0.748281 -0.373182
v -0.011753 0.011753 0.189734 0.8 0.8 0.8
vn -0.658767 0.65327 -0.373182
v -0.0134469 0.00976976 0.189734 0.8 0.8 0.8
vn -0.75285 0.542173 -0.373182
v -0.0148097 0.00754591 0.189734 0.8 0.8 0.8
vn -0.828396 0.417726 -0.373182
v -0.0158078 0.00513626 0.189734 0.8 0.8 0.8
vn -0.883544 0.282994 -0.373182
v -0.0164167 0.00260014 0.189734 0.8 0.8 0.8
vn -0.916936 0.141293 -0.373182
v -0.0166213 -1.31352e-08 0.189734 0.8 0.8 0.8
vn -0.92775 -0.00388721 -0.373182
v -0.0164167 -0.00260016 0.189734 0.8 0.8 0.8
vn -0.91572 -0.148971 -0.373182
v -0.0158078 -0.00513629 0.189734 0.8 0.8 0.8
vn -0.881142 -0.290387 -0.373182
v -0.0148097 -0.00754594 0.189734 0.8 0.8 0.8
vn -0.824867 -0.424653 -0.373182
v -0.0134469 -0.00976979 0.189734 0.8 0.8 0.8
vn -0.748281 -0.548463 -0.373182
v -0.011753 -0.0117531 0.189734 0.8 0.8 0.8
vn -0.65327 -0.658767 -0.373182
v -0.00976976 -0.013447 0.189734 0.8 0.8 0.8
vn -0.542173 -0.75285 -0.373182
v -0.00754592 -0.0148097 0.189734 0.8 0.8 0.8
vn -0.417726 -0.828396 -0.373182
v -0.00513626 -0.0158078 0.189734 0.8 0.8 0.8
vn -0.282994 -0.883544 -0.373182
v -0.00260014 -0.0164167 0.189734 0.8 0.8 0.8
vn -0.141293 -0.916936 -0.373182
v 9.12807e-09 -0.0166213 0.189734 0.8 0.8 0.8
vn 0.00388717 -0.92775 -0.373182
v 0.00260016 -0.0164167 0.189734 0.8 0.8 0.8
vn 0.148971 -0.91572 -0.373182
v 0.00513628 -0.0158078 0.189734 0.8 0.8 0.8
vn 0.290387 -0.881142 -0.373182
v 0.00754594 -0.0148097 0.189734 0.8 0.8 0.8
vn 0.424653 -0.824867 -0.373182
v 0.00976978 -0.013447 0.189734 0.8 0.8 0.8
vn 0.548463 -0.748281 -0.373182
v 0.0117531 -0.0117531 0.189734 0.8 0.8 0.8
vn 0.658767 -0.65327 -0.373182
v 0.0134469 -0.00976979 0.189734 0.8 0.8 0.8
vn 0.75285 -0.542173 -0.373182
v 0.0148097 -0.00754594 0.189734 0.8 0.8 0.8
vn 0.828396 -0.417726 -0.373182
v 0.0158078 -0.00513629 0.189734 0.8 0.8 0.8
vn 0.883544 -0.282994 -0.373182
v 0.0164167 -0.00260016 0.189734 0.8 0.8 0.8
vn 0.916936 -0.141293 -0.373182
v 0.0164859 -1.33697e-08 0.189499 0.8 0.8 0.8
vn 0.771077 0.00347682 -0.636732
v 0.0162829 0.00257895 0.189499 0.8 0.8 0.8
vn 0.76104 0.124057 -0.636732
v 0.015679 0.00509441 0.189499 0.8 0.8 0.8
vn 0.732263 0.241583 -0.636732
v 0.0146891 0.00748443 0.189499 0.8 0.8 0.8
vn 0.685456 0.353159 -0.636732
v 0.0133374 0.00969016 0.189499 0.8 0.8 0.8
vn 0.621771 0.45604 -0.636732
v 0.0116573 0.0116573 0.189499 0.8 0.8 0.8
vn 0.542775 0.547692 -0.636732
v 0.00969018 0.0133374 0.189499 0.8 0.8 0.8
vn 0.450415 0.625858 -0.636732
v 0.00748446 0.014689 0.189499 0.8 0.8 0.8
vn 0.346964 0.688613 -0.636732
v 0.00509444 0.015679 0.189499 0.8 0.8 0.8
vn 0.234969 0.734412 -0.636732
v 0.00257898 0.0162829 0.189499 0.8 0.8 0.8
vn 0.117189 0.762128 -0.636732
v 1.07423e-08 0.0164859 0.189499 0.8 0.8 0.8
vn -0.00347679 0.771077 -0.636732
v -0.00257895 0.0162829 0.189499 0.8 0.8 0.8
vn -0.124057 0.76104 -0.636732
v -0.00509442 0.015679 0.189499 0.8 0.8 0.8
vn -0.241583 0.732263 -0.636732
v -0.00748444 0.014689 0.189499 0.8 0.8 0.8
vn -0.35316 0.685456 -0.636732
v -0.00969016 0.0133374 0.189499 0.8 0.8 0.8
vn -0.456041 0.621771 -0.636732
v -0.0116573 0.0116573 0.189499 0.8 0.8 0.8
vn -0.547692 0.542775 -0.636732
v -0.0133374 0.00969016 0.189499 0.8 0.8 0.8
vn -0.625858 0.450415 -0.636732
v -0.014689 0.00748443 0.189499 0.8 0.8 0.8
vn -0.688613 0.346964 -0.636732
v -0.015679 0.00509441 0.189499 0.8 0.8 0.8
vn -0.734412 0.234969 -0.636732
v -0.0162829 0.00257895 0.189499 0.8 0.8 0.8
vn -0.762128 0.117189 -0.636732
v -0.0164859 -1.31361e-08 0.189499 0.8 0.8 0.8
vn -0.771077 -0.00347682 -0.636732
v -0.0162829 -0.00257898 0.189499 0.8 0.8 0.8
vn -0.76104 -0.124057 -0.636732
v -0.015679 -0.00509444 0.189499 0.8 0.8 0.8
vn -0.732263 -0.241583 -0.636732
v -0.014689 -0.00748446 0.189499 0.8 0.8 0.8
vn -0.685456 -0.353159 -0.636732
v -0.0133374 -0.00969019 0.189499 0.8 0.8 0.8
vn -0.621771 -0.45604 -0.636732
v -0.0116573 -0.0116573 0.189499 0.8 0.8 0.8
vn -0.542775 -0.547692 -0.636732
v -0.00969016 -0.0133374 0.189499 0.8 0.8 0.8
vn -0.450415 -0.625858 -0.636732
v -0.00748444 -0.0146891 0.189499 0.8 0.8 0.8
vn -0.346964 -0.688613 -0.636732
v -0.00509442 -0.015679 0.189499 0.8 0.8 0.8
vn -0.234969 -0.734412 -0.636732
v -0.00257896 -0.016283 0.189499 0.8 0.8 0.8
vn -0.117189 -0.762128 -0.636732
v 9.13467e-09 -0.0164859 0.189499 0.8 0.8 0.8
vn 0.00347679 -0.771077 -0.636732
v 0.00257897 -0.016283 0.189499 0.8 0.8 0.8
vn 0.124057 -0.76104 -0.636732
v 0.00509444 -0.015679 0.189499 0.8 0.8 0.8
vn 0.241583 -0.732263 -0.636732
v 0.00748446 -0.0146891 0.189499 0.8 0.8 0.8
vn 0.35316 -0.685456 -0.636732
v 0.00969018 -0.0133374 0.189499 0.8 0.8 0.8
vn 0.456041 -0.621771 -0.636732
v 0.0116573 -0.0116573 0.189499 0.8 0.8 0.8
vn 0.547692 -0.542775 -0.636732
v 0.0133374 -0.00969019 0.189499 0.8 0.8 0.8
vn 0.625858 -0.450415 -0.636732
v 0.0146891 -0.00748446 0.189499 0.8 0.8 0.8
vn 0.688613 -0.346964 -0.636732
v 0.015679 -0.00509444 0.189499 0.8 0.8 0.8
vn 0.734412 -0.234969 -0.636732
v 0.0162829 -0.00257898 0.189499 0.8 0.8 0.8
vn 0.762128 -0.117189 -0.636732
v 0.0162868 -1.33683e-08 0.189329 0.8 0.8 0.8
vn 0.494541 0.00267794 -0.86915
v 0.0160863 0.0025478 0.189329 0.8 0.8 0.8
vn 0.488033 0.0800082 -0.86915
v 0.0154897 0.00503289 0.189329 0.8 0.8 0.8
vn 0.469509 0.155368 -0.86915
v 0.0145117 0.00739404 0.189329 0.8 0.8 0.8
vn 0.439423 0.226903 -0.86915
v 0.0131763 0.00957313 0.189329 0.8 0.8 0.8
vn 0.398518 0.29285 -0.86915
v 0.0115165 0.0115165 0.189329 0.8 0.8 0.8
vn 0.347799 0.351587 -0.86915
v 0.00957316 0.0131763 0.189329 0.8 0.8 0.8
vn 0.288517 0.401666 -0.86915
v 0.00739407 0.0145116 0.189329 0.8 0.8 0.8
vn 0.222131 0.441855 -0.86915
v 0.00503291 0.0154897 0.189329 0.8 0.8 0.8
vn 0.150275 0.471164 -0.86915
v 0.00254783 0.0160863 0.189329 0.8 0.8 0.8
vn 0.0747182 0.488871 -0.86915
v 1.07326e-08 0.0162868 0.189329 0.8 0.8 0.8
vn -0.00267792 0.494541 -0.86915
v -0.00254781 0.0160863 0.189329 0.8 0.8 0.8
vn -0.0800081 0.488033 -0.86915
v -0.00503289 0.0154897 0.189329 0.8 0.8 0.8
vn -0.155368 0.469508 -0.86915
v -0.00739405 0.0145116 0.189329 0.8 0.8 0.8
vn -0.226903 0.439423 -0.86915
v -0.00957314 0.0131763 0.189329 0.8 0.8 0.8
vn -0.29285 0.398518 -0.86915
v -0.0115165 0.0115165 0.189329 0.8 0.8 0.8
vn -0.351587 0.347799 -0.86915
v -0.0131763 0.00957313 0.189329 0.8 0.8 0.8
vn -0.401666 0.288517 -0.86915
v -0.0145116 0.00739404 0.189329 0.8 0.8 0.8
vn -0.441855 0.222131 -0.86915
v -0.0154897 0.00503289 0.189329 0.8 0.8 0.8
vn -0.471164 0.150275 -0.86915
v -0.0160863 0.0025478 0.189329 0.8 0.8 0.8
vn -0.488871 0.0747182 -0.86915
v -0.0162868 -1.31375e-08 0.189329 0.8 0.8 0.8
vn -0.494541 -0.00267794 -0.86915
v -0.0160863 -0.00254783 0.189329 0.8 0.8 0.8
vn -0.488033 -0.0800082 -0.86915
v -0.0154897 -0.00503291 0.189329 0.8 0.8 0.8
vn -0.469509 -0.155368 -0.86915
v -0.0145116 -0.00739407 0.189329 0.8 0.8 0.8
vn -0.439423 -0.226903 -0.86915
v -0.0131763 -0.00957316 0.189329 0.8 0.8 0.8
vn -0.398518 -0.29285 -0.86915
v -0.0115165 -0.0115165 0.189329 0.8 0.8 0.8
vn -0.347799 -0.351587 -0.86915
v -0.00957314 -0.0131763 0.189329 0.8 0.8 0.8
vn -0.288517 -0.401666 -0.86915
v -0.00739405 -0.0145117 0.189329 0.8 0.8 0.8
vn -0.222131 -0.441855 -0.86915
v -0.00503289 -0.0154897 0.189329 0.8 0.8 0.8
vn -0.150275 -0.471164 -0.86915
v -0.00254781 -0.0160863 0.189329 0.8 0.8 0.8
vn -0.0747182 -0.488871 -0.86915
v 9.14438e-09 -0.0162868 0.189329 0.8 0.8 0.8
vn 0.00267792 -0.494541 -0.86915
v 0.00254783 -0.0160863 0.189329 0.8 0.8 0.8
vn 0.0800081 -0.488033 -0.86915
v 0.00503291 -0.0154897 0.189329 0.8 0.8 0.8
vn 0.155368 -0.469508 -0.86915
v 0.00739407 -0.0145117 0.189329 0.8 0.8 0.8
vn 0.226903 -0.439423 -0.86915
v 0.00957316 -0.0131763 0.189329 0.8 0.8 0.8
vn 0.29285 -0.398518 -0.86915
v 0.0115165 -0.0115165 0.189329 0.8 0.8 0.8
vn 0.351587 -0.347799 -0.86915
v 0.0131763 -0.00957316 0.189329 0.8 0.8 0.8
vn 0.401666 -0.288517 -0.86915
v 0.0145117 -0.00739407 0.189329 0.8 0.8 0.8
vn 0.441855 -0.222131 -0.86915
v 0.0154897 -0.00503291 0.189329 0.8 0.8 0.8
vn 0.471164 -0.150275 -0.86915
v 0.0160863 -0.00254783 0.189329 0.8 0.8 0.8
vn 0.488871 -0.0747182 -0.86915
v 0.0159848 -1.33662e-08 0.189214 0.8 0.8 0.8
vn 0.214386 0.00162662 -0.976748
v 0.015788 0.00250056 0.189214 0.8 0.8 0.8
vn 0.211492 0.0351439 -0.976748
v 0.0152025 0.00493957 0.189214 0.8 0.8 0.8
vn 0.20339 0.0677959 -0.976748
v 0.0142426 0.00725694 0.189214 0.8 0.8 0.8
vn 0.190281 0.0987785 -0.976748
v 0.012932 0.00939562 0.189214 0.8 0.8 0.8
vn 0.172486 0.127329 -0.976748
v 0.011303 0.011303 0.189214 0.8 0.8 0.8
vn 0.150444 0.152744 -0.976748
v 0.00939565 0.012932 0.189214 0.8 0.8 0.8
vn 0.124697 0.174398 -0.976748
v 0.00725697 0.0142426 0.189214 0.8 0.8 0.8
vn 0.0958799 0.191758 -0.976748
v 0.00493959 0.0152024 0.189214 0.8 0.8 0.8
vn 0.0647019 0.204396 -0.976748
v 0.00250059 0.015788 0.189214 0.8 0.8 0.8
vn 0.0319308 0.212001 -0.976748
v 1.07179e-08 0.0159848 0.189214 0.8 0.8 0.8
vn -0.00162661 0.214386 -0.976748
v -0.00250057 0.015788 0.189214 0.8 0.8 0.8
vn -0.0351439 0.211492 -0.976748
v -0.00493957 0.0152024 0.189214 0.8 0.8 0.8
vn -0.0677959 0.20339 -0.976748
v -0.00725694 0.0142426 0.189214 0.8 0.8 0.8
vn -0.0987785 0.190281 -0.976748
v -0.00939563 0.012932 0.189214 0.8 0.8 0.8
vn -0.127329 0.172486 -0.976748
v -0.011303 0.011303 0.189214 0.8 0.8 0.8
vn -0.152744 0.150444 -0.976748
v -0.012932 0.00939563 0.189214 0.8 0.8 0.8
vn -0.174398 0.124697 -0.976748
v -0.0142426 0.00725694 0.189214 0.8 0.8 0.8
vn -0.191758 0.0958798 -0.976748
v -0.0152025 0.00493957 0.189214 0.8 0.8 0.8
vn -0.204396 0.0647019 -0.976748
v -0.015788 0.00250056 0.189214 0.8 0.8 0.8
vn -0.212001 0.0319308 -0.976748
v -0.0159848 -1.31397e-08 0.189214 0.8 0.8 0.8
vn -0.214386 -0.00162662 -0.976748
v -0.015788 -0.00250059 0.189214 0.8 0.8 0.8
vn -0.211492 -0.0351439 -0.976748
v -0.0152025 -0.00493959 0.189214 0.8 0.8 0.8
vn -0.20339 -0.0677959 -0.976748
v -0.0142426 -0.00725697 0.189214 0.8 0.8 0.8
vn -0.190281 -0.0987785 -0.976748
v -0.012932 -0.00939565 0.189214 0.8 0.8 0.8
vn -0.172486 -0.127329 -0.976748
v -0.011303 -0.011303 0.189214 0.8 0.8 0.8
vn -0.150444 -0.152744 -0.976748
v -0.00939563 -0.012932 0.189214 0.8 0.8 0.8
vn -0.124697 -0.174398 -0.976748
v -0.00725695 -0.0142426 0.189214 0.8 0.8 0.8
vn -0.0958799 -0.191758 -0.976748
v -0.00493957 -0.0152025 0.189214 0.8 0.8 0.8
vn -0.0647019 -0.204396 -0.976748
v -0.00250057 -0.015788 0.189214 0.8 0.8 0.8
vn -0.0319308 -0.212001 -0.976748
v 9.15911e-09 -0.0159848 0.189214 0.8 0.8 0.8
vn 0.00162661 -0.214386 -0.976748
v 0.00250059 -0.015788 0.189214 0.8 0.8 0.8
vn 0.0351439 -0.211492 -0.976748
v 0.00493959 -0.0152025 0.189214 0.8 0.8 0.8
vn 0.0677959 -0.20339 -0.976748
v 0.00725696 -0.0142426 0.189214 0.8 0.8 0.8
vn 0.0987785 -0.190281 -0.976748
v 0.00939565 -0.012932 0.189214 0.8 0.8 0.8
vn 0.127329 -0.172486 -0.976748
v 0.011303 -0.011303 0.189214 0.8 0.8 0.8
vn 0.152744 -0.150444 -0.976748
v 0.012932 -0.00939565 0.189214 0.8 0.8 0.8
vn 0.174398 -0.124697 -0.976748
v 0.0142426 -0.00725697 0.189214 0.8 0.8 0.8
vn 0.191758 -0.0958798 -0.976748
v 0.0152025 -0.00493959 0.189214 0.8 0.8 0.8
vn 0.204396 -0.0647019 -0.976748
v 0.015788 -0.00250059 0.189214 0.8 0.8 0.8
vn 0.212001 -0.0319308 -0.976748
v 0.0154545 -1.33624e-08 0.189148 0.8 0.8 0.8
vn 0.00904128 0.000199415 -0.999959
v 0.0152643 0.00241761 0.189148 0.8 0.8 0.8
vn 0.00887775 0.00160752 -0.999959
v 0.0146981 0.0047757 0.189148 0.8 0.8 0.8
vn 0.00845754 0.00295574 -0.99996
v 0.0137701 0.00701619 0.189148 0.8 0.8 0.8
vn 0.00780178 0.00419442 -0.999961
v 0.012503 0.00908393 0.189148 0.8 0.8 0.8
vn 0.00694236 0.00528168 -0.999962
v 0.010928 0.010928 0.189148 0.8 0.8 0.8
vn 0.00591877 0.00618574 -0.999963
v 0.00908395 0.012503 0.189148 0.8 0.8 0.8
vn 0.00477452 0.0068859 -0.999965
v 0.00701622 0.0137701 0.189148 0.8 0.8 0.8
vn 0.00355382 0.00737227 -0.999967
v 0.00477572 0.0146981 0.189148 0.8 0.8 0.8
vn 0.00229879 0.00764457 -0.999968
v 0.00241763 0.0152642 0.189148 0.8 0.8 0.8
vn 0.00104748 0.00771036 -0.99997
v 1.0692e-08 0.0154545 0.189148 0.8 0.8 0.8
vn -0.000167251 0.00758301 -0.999971
v -0.00241761 0.0152642 0.189148 0.8 0.8 0.8
vn -0.00131818 0.00727981 -0.999973
v -0.0047757 0.0146981 0.189148 0.8 0.8 0.8
vn -0.00238354 0.00682025 -0.999974
v -0.0070162 0.0137701 0.189148 0.8 0.8 0.8
vn -0.00334658 0.00622477 -0.999975
v -0.00908393 0.012503 0.189148 0.8 0.8 0.8
vn -0.0041948 0.00551375 -0.999976
v -0.010928 0.010928 0.189148 0.8 0.8 0.8
vn -0.00491922 0.00470691 -0.999977
v -0.012503 0.00908393 0.189148 0.8 0.8 0.8
vn -0.00551363 0.00382302 -0.999977
v -0.0137701 0.00701619 0.189148 0.8 0.8 0.8
vn -0.00597392 0.00287974 -0.999978
v -0.0146981 0.0047757 0.189148 0.8 0.8 0.8
vn -0.00629753 0.00189372 -0.999978
v -0.0152642 0.00241761 0.189148 0.8 0.8 0.8
vn -0.00648303 0.000880744 -0.999979
v -0.0154545 -1.31434e-08 0.189148 0.8 0.8 0.8
vn -0.00652981 -0.000144022 -0.999979
v -0.0152642 -0.00241763 0.189148 0.8 0.8 0.8
vn -0.00643789 -0.00116573 -0.999979
v -0.0146981 -0.00477572 0.189148 0.8 0.8 0.8
vn -0.00620791 -0.00216954 -0.999978
v -0.0137701 -0.00701622 0.189148 0.8 0.8 0.8
vn -0.00584114 -0.00314033 -0.999978
v -0.012503 -0.00908396 0.189148 0.8 0.8 0.8
vn -0.00533971 -0.0040624 -0.999977
v -0.010928 -0.010928 0.189148 0.8 0.8 0.8
vn -0.00470691 -0.00491922 -0.999977
v -0.00908393 -0.012503 0.189148 0.8 0.8 0.8
vn -0.00394762 -0.00569334 -0.999976
v -0.0070162 -0.0137701 0.189148 0.8 0.8 0.8
vn -0.00306888 -0.00636627 -0.999975
v -0.0047757 -0.0146981 0.189148 0.8 0.8 0.8
vn -0.00208052 -0.00691871 -0.999974
v -0.00241761 -0.0152643 0.189148 0.8 0.8 0.8
vn -0.000995924 -0.00733085 -0.999973
v 9.18496e-09 -0.0154545 0.189148 0.8 0.8 0.8
vn 0.000167251 -0.00758301 -0.999971
v 0.00241763 -0.0152643 0.189148 0.8 0.8 0.8
vn 0.00138642 -0.00765668 -0.99997
v 0.00477572 -0.0146981 0.189148 0.8 0.8 0.8
vn 0.00263361 -0.00753578 -0.999968
v 0.00701622 -0.0137701 0.189148 0.8 0.8 0.8
vn 0.00387541 -0.00720841 -0.999967
v 0.00908395 -0.012503 0.189148 0.8 0.8 0.8
vn 0.00507348 -0.0066687 -0.999965
v 0.010928 -0.010928 0.189148 0.8 0.8 0.8
vn 0.00618574 -0.00591877 -0.999963
v 0.012503 -0.00908396 0.189148 0.8 0.8 0.8
vn 0.00716848 -0.00497045 -0.999962
v 0.0137701 -0.00701622 0.189148 0.8 0.8 0.8
vn 0.00797913 -0.00384636 -0.999961
v 0.0146981 -0.00477572 0.189148 0.8 0.8 0.8
vn 0.00857964 -0.00257997 -0.99996
v 0.0152643 -0.00241763 0.189148 0.8 0.8 0.8
vn 0.00894 -0.00121453 -0.999959
f 1//1 3//3 4//4
f 2//2 724//724 723//723
f 1//1 4//4 5//5
f 2//2 725//725 724//724
f 1//1 5//5 6//6
f 2//2 726//726 725//725
f 1//1 6//6 7//7
f 2//2 727//727 726//726
f 1//1 7//7 8//8
f 2//2 728//728 727//727
f 1//1 8//8 9//9
f 2//2 729//729 728//728
f 1//1 9//9 10//10
f 2//2 730//730 729//729
f 1//1 10//10 11//11
f 2//2 731//731 730//730
f 1//1 11//11 12//12
f 2//2 732//732 731//731
f 1//1 12//12 13//13
f 2//2 733//733 732//732
f 1//1 13//13 14//14
f 2//2 734//734 733//733
f 1//1 14//14 15//15
f 2//2 735//735 734//734
f 1//1 15//15 16//16
f 2//2 736//736 735//735
f 1//1 16//16 17//17
f 2//2 737//737 736//736
f 1//1 17//17 18//18
f 2//2 738//738 737//737
f 1//1 18//18 19//19
f 2//2 739//739 738//738
f 1//1 19//19 20//20
f 2//2 740//740 739//739
f 1//1 20//20 21//21
f 2//2 741//741 740//740
f 1//1 21//21 22//22
f 2//2 742//742 741//741
f 1//1 22//22 23//23
f 2//2 743//743 742//742
f 1//1 23//23 24//24
f 2//2 744//744 743//743
f 1//1 24//24 25//25
f 2//2 745//745 744//744
f 1//1 25//25 26//26
f 2//2 746//746 745//745
f 1//1 26//26 27//27
f 2//2 747//747 746//746
f 1//1 27//27 28//28
f 2//2 748//748 747//747
f 1//1 28//28 29//29
f 2//2 749//749 748//748
f 1//1 29//29 30//30
f 2//2 750//750 749//749
f 1//1 30//30 31//31
f 2//2 751//751 750//750
f 1//1 31//31 32//32
f 2//2 752//752 751//751
f 1//1 32//32 33//33
f 2//2 753//753 752//752
f 1//1 33//33 34//34
f 2//2 754//754 753//753
f 1//1 34//34 35//35
f 2//2 755//755 754//754
f 1//1 35//35 36//36
f 2//2 756//756 755//755
f 1//1 36//36 37//37
f 2//2 757//757 756//756
f 1//1 37//37 38//38
f 2//2 758//758 757//757
f 1//1 38//38 39//39
f 2//2 759//759 758//758
f 1//1 39//39 40//40
f 2//2 760//760 759//759
f 1//1 40//40 41//41
f 2//2 761//761 760//760
f 1//1 41//41 42//42
f 2//2 762//762 761//761
f 1//1 42//42 3//3
f 2//2 723//723 762//762
f 43//43 4//4 3//3
f 43//43 44//44 4//4
f 44//44 5//5 4//4
f 44//44 45//45 5//5
f 45//45 6//6 5//5
f 45//45 46//46 6//6
f 46//46 7//7 6//6
f 46//46 47//47 7//7
f 47//47 8//8 7//7
f 47//47 48//48 8//8
f 48//48 9//9 8//8
f 48//48 49//49 9//9
f 49//49 10//10 9//9
f 49//49 50//50 10//10
f 50//50 11//11 10//10
f 50//50 51//51 11//11
f 51//51 12//12 11//11
f 51//51 52//52 12//12
f 52//52 13//13 12//12
f 52//52 53//53 13//13
f 53//53 14//14 13//13
f 53//53 54//54 14//14
f 54//54 15//15 14//14
f 54//54 55//55 15//15
f 55//55 16//16 15//15
f 55//55 56//56 16//16
f 56//56 17//17 16//16
f 56//56 57//57 17//17
f 57//57 18//18 17//17
f 57//57 58//58 18//18
f 58//58 19//19 18//18
f 58//58 59//59 19//19
f 59//59 20//20 19//19
f 59//59 60//60 20//20
f 60//60 21//21 20//20
f 60//60 61//61 21//21
f 61//61 22//22 21//21
f 61//61 62//62 22//22
f 62//62 23//23 22//22
f 62//62 63//63 23//23
f 63//63 24//24 23//23
f 63//63 64//64 24//24
f 64//64 25//25 24//24
f 64//64 65//65 25//25
f 65//65 26//26 25//25
f 65//65 66//66 26//26
f 66//66 27//27 26//26
f 66//66 67//67 27//27
f 67//67 28//28 27//27
f 67//67 68//68 28//28
f 68//68 29//29 28//28
f 68//68 69//69 29//29
f 69//69 30//30 29//29
f 69//69 70//70 30//30
f 70//70 31//31 30//30
f 70//70 71//71 31//31
f 71//71 32//32 31//31
f 71//71 72//72 32//32
f 72//72 33//33 32//32
f 72//72 73//73 33//33
f 73//73 34//34 33//33
f 73//73 74//74 34//34
f 74//74 35//35 34//34
f 74//74 75//75 35//35
f 75//75 36//36 35//35
f 75//75 76//76 36//36
f 76//76 37//37 36//36
f 76//76 77//77 37//37
f 77//77 38//38 37//37
f 77//77 78//78 38//38
f 78//78 39//39 38//38
f 78//78 79//79 39//39
f 79//79 40//40 39//39
f 79//79 80//80 40//40
f 80//80 41//41 40//40
f 80//80 81//81 41//41
f 81//81 42//42 41//41
f 81//81 82//82 42//42
f 82//82 3//3 42//42
f 82//82 43//43 3//3
f 83//83 44//44 43//43
f 83//83 84//84 44//44
f 84//84 45//45 44//44
f 84//84 85//85 45//45
f 85//85 46//46 45//45
f 85//85 86//86 46//46
f 86//86 47//47 46//46
f 86//86 87//87 47//47
f 87//87 48//48 47//47
f 87//87 88//88 48//48
f 88//88 49//49 48//48
f 88//88 89//89 49//49
f 89//89 50//50 49//49
f 89//89 90//90 50//50
f 90//90 51//51 50//50
f 90//90 91//91 51//51
f 91//91 52//52 51//51
f 91//91 92//92 52//52
f 92//92 53//53 52//52
f 92//92 93//93 53//53
f 93//93 54//54 53//53
f 93//93 94//94 54//54
f 94//94 55//55 54//54
f 94//94 95//95 55//55
f 95//95 56//56 55//55
f 95//95 96//96 56//56
f 96//96 57//57 56//56
f 96//96 97//97 57//57
f 97//97 58//58 57//57
f 97//97 98//98 58//58
f 98//98 59//59 58//58
f 98//98 99//99 59//59
f 99//99 60//60 59//59
f 99//99 100//100 60//60
f 100//100 61//61 60//60
f 100//100 101//101 61//61
f 101//101 62//62 61//61
f 101//101 102//102 62//62
f 102//102 63//63 62//62
f 102//102 103//103 63//63
f 103//103 64//64 63//63
f 103//103 104//104 64//64
f 104//104 65//65 64//64
f 104//104 105//105 65//65
f 105//105 66//66 65//65
f 105//105 106//106 66//66
f 106//106 67//67 66//66
f 106//106 107//107 67//67
f 107//107 68//68 67//67
f 107//107 108//108 68//68
f 108//108 69//69 68//68
f 108//108 109//109 69//69
f 109//109 70//70 69//69
f 109//109 110//110 70//70
f 110//110 71//71 70//70
f 110//110 111//111 71//71
f 111//111 72//72 71//71
f 111//111 112//112 72//72
f 112//112 73//73 72//72
f 112//112 113//113 73//73
f 113//113 74//74 73//73
f 113//113 114//114 74//74
f 114//114 75//75 74//74
f 114//114 115//115 75//75
f 115//115 76//76 75//75
f 115//115 116//116 76//76
f 116//116 77//77 76//76
f 116//116 117//117 77//77
f 117//117 78//78 77//77
f 117//117 118//118 78//78
f 118//118 79//79 78//78
f 118//118 119//119 79//79
f 119//119 80//80 79//79
f 119//119 120//120 80//80
f 120//120 81//81 80//80
f 120//120 121//121 81//81
f 121//121 82//82 81//81
f 121//121 122//122 82//82
f 122//122 43//43 82//82
f 122//122 83//83 43//43
f 123//123 84//84 83//83
f 123//123 124//124 84//84
f 124//124 85//85 84//84
f 124//124 125//125 85//85
f 125//125 86//86 85//85
f 125//125 126//126 86//86
f 126//126 87//87 86//86
f 126//126 127//127 87//87
f 127//127 88//88 87//87
f 127//127 128//128 88//88
f 128//128 89//89 88//88
f 128//128 129//129 89//89
f 129//129 90//90 89//89
f 129//129 130//130 90//90
f 130//130 91//91 90//90
f 130//130 131//131 91//91
f 131//131 92//92 91//91
f 131//131 132//132 92//92
f 132//132 93//93 92//92
f 132//132 133//133 93//93
f 133//133 94//94 93//93
f 133//133 134//134 94//94
f 134//134 95//95 94//94
f 134//134 135//135 95//95
f 135//135 96//96 95//95
f 135//135 136//136 96//96
f 136//136 97//97 96//96
f 136//136 137//137 97//97
f 137//137 98//98 97//97
f 137//137 138//138 98//98
f 138//138 99//99 98//98
f 138//138 139//139 99//99
f 139//139 100//100 99//99
f 139//139 140//140 100//100
f 140//140 101//101 100//100
f 140//140 141//141 101//101
f 141//141 102//102 101//101
f 141//141 142//142 102//102
f 142//142 103//103 102//102
f 142//142 143//143 103//103
f 143//143 104//104 103//103
f 143//143 144//144 104//104
f 144//144 105//105 104//104
f 144//144 145//145 105//105
f 145//145 106//106 105//105
f 145//145 146//146 106//106
f 146//146 107//107 106//106
f 146//146 147//147 107//107
f 147//147 108//108 107//107
f 147//147 148//148 108//108
f 148//148 109//109 108//108
f 148//148 149//149 109//109
f 149//149 110//110 109//109
f 149//149 150//150 110//110
f 150//150 111//111 110//110
f 150//150 151//151 111//111
f 151//151 112//112 111//111
f 151//151 152//152 112//112
f 152//152 113//113 112//112
f 152//152 153//153 113//113
f 153//153 114//114 113//113
f 153//153 154//154 114//114
f 154//154 115//115 114//114
f 154//154 155//155 115//115
f 155//155 116//116 115//115
f 155//155 156//156 116//116
f 156//156 117//117 116//116
f 156//156 157//157 117//117
f 157//157 118//118 117//117
f 157//157 158//158 118//118
f 158//158 119//119 118//118
f 158//158 159//159 119//119
f 159//159 120//120 119//119
f 159//159 160//160 120//120
f 160//160 121//121 120//120
f 160//160 161//161 121//121
f 161//161 122//122 121//121
f 161//161 162//162 122//122
f 162//162 83//83 122//122
f 162//162 123//123 83//83
f 163//163 124//124 123//123
f 163//163 164//164 124//124
f 164//164 125//125 124//124
f 164//164 165//165 125//125
f 165//165 126//126 125//125
f 165//165 166//166 126//126
f 166//166 127//127 126//126
f 166//166 167//167 127//127
f 167//167 128//128 127//127
f 167//167 168//168 128//128
f 168//168 129//129 128//128
f 168//168 169//169 129//129
f 169//169 130//130 129//129
f 169//169 170//170 130//130
f 170//170 131//131 130//130
f 170//170 171//171 131//131
f 171//171 132//132 131//131
f 171//171 172//172 132//132
f 172//172 133//133 132//132
f 172//172 173//173 133//133
f 173//173 134//134 133//133
f 173//173 174//174 134//134
f 174//174 135//135 134//134
f 174//174 175//175 135//135
f 175//175 136//136 135//135
f 175//175 176//176 136//136
f 176//176 137//137 136//136
f 176//176 177//177 137//137
f 177//177 138//138 137//137
f 177//177 178//178 138//138
f 178//178 139//139 138//138
f 178//178 179//179 139//139
f 179//179 140//140 139//139
f 179//179 180//180 140//140
f 180//180 141//141 140//140
f 180//180 181//181 141//141
f 181//181 142//142 141//141
f 181//181 182//182 142//142
f 182//182 143//143 142//142
f 182//182 183//183 143//143
f 183//183 144//144 143//143
f 183//183 184//184 144//144
f 184//184 145//145 144//144
f 184//184 185//185 145//145
f 185//185 146//146 145//145
f 185//185 186//186 146//146
f 186//186 147//147 146//146
f 186//186 187//187 147//147
f 187//187 148//148 147//147
f 187//187 188//188 148//148
f 188//188 149//149 148//148
f 188//188 189//189 149//149
f 189//189 150//150 149//149
f 189//189 190//190 150//150
f 190//190 151//151 150//150
f 190//190 191//191 151//151
f 191//191 152//152 151//151
f 191//191 192//192 152//152
f 192//192 153//153 152//152
f 192//192 193//193 153//153
f 193//193 154//154 153//153
f 193//193 194//194 154//154
f 194//194 155//155 154//154
f 194//194 195//195 155//155
f 195//195 156//156 155//155
f 195//195 196//196 156//156
f 196//196 157//157 156//156
f 196//196 197//197 157//157
f 197//197 158//158 157//157
f 197//197 198//198 158//158
f 198//198 159//159 158//158
f 198//198 199//199 159//159
f 199//199 160//160 159//159
f 199//199 200//200 160//160
f 200//200 161//161 160//160
f 200//200 201//201 161//161
f 201//201 162//162 161//161
f 201//201 202//202 162//162
f 202//202 123//123 162//162
f 202//202 163//163 123//123
f 203//203 164//164 163//163
f 203//203 204//204 164//164
f 204//204 165//165 164//164
f 204//204 205//205 165//165
f 205//205 166//166 165//165
f 205//205 206//206 166//166
f 206//206 167//167 166//166
f 206//206 207//207 167//167
f 207//207 168//168 167//167
f 207//207 208//208 168//168
f 208//208 169//169 168//168
f 208//208 209//209 169//169
f 209//209 170//170 169//169
f 209//209 210//210 170//170
f 210//210 171//171 170//170
f 210//210 211//211 171//171
f 211//211 172//172 171//171
f 211//211 212//212 172//172
f 212//212 173//173 172//172
f 212//212 213//213 173//173
f 213//213 174//174 173//173
f 213//213 214//214 174//174
f 214//214 175//175 174//174
f 214//214 215//215 175//175
f 215//215 176//176 175//175
f 215//215 216//216 176//176
f 216//216 177//177 176//176
f 216//216 217//217 177//177
f 217//217 178//178 177//177
f 217//217 218//218 178//178
f 218//218 179//179 178//178
f 218//218 219//219 179//179
f 219//219 180//180 179//179
f 219//219 220//220 180//180
f 220//220 181//181 180//180
f 220//220 221//221 181//181
f 221//221 182//182 181//181
f 221//221 222//222 182//182
f 222//222 183//183 182//182
f 222//222 223//223 183//183
f 223//223 184//184 183//183
f 223//223 224//224 184//184
f 224//224 185//185 184//184
f 224//224 225//225 185//185
f 225//225 186//186 185//185
f 225//225 226//226 186//186
f 226//226 187//187 186//186
f 226//226 227//227 187//187
f 227//227 188//188 187//187
f 227//227 228//228 188//188
f 228//228 189//189 188//188
f 228//228 229//229 189//189
f 229//229 190//190 189//189
f 229//229 230//230 190//190
f 230//230 191//191 190//190
f 230//230 231//231 191//191
f 231//231 192//192 191//191
f 231//231 232//232 192//192
f 232//232 193//193 192//192
f 232//232 233//233 193//193
f 233//233 194//194 193//193
f 233//233 234//234 194//194
f 234//234 195//195 194//194
f 234//234 235//235 195//195
f 235//235 196//196 195//195
f 235//235 236//236 196//196
f 236//236 197//197 196//196
f 236//236 237//237 197//197
f 237//237 198//198 197//197
f 237//237 238//238 198//198
f 238//238 199//199 198//198
f 238//238 239//239 199//199
f 239//239 200//200 199//199
f 239//239 240//240 200//200
f 240//240 201//201 200//200
f 240//240 241//241 201//201
f 241//241 202//202 201//201
f 241//241 242//242 202//202
f 242//242 163//163 202//202
f 242//242 203//203 163//163
f 243//243 204//204 203//203
f 243//243 244//244 204//204
f 244//244 205//205 204//204
f 244//244 245//245 205//205
f 245//245 206//206 205//205
f 245//245 246//246 206//206
f 246//246 207//207 206//206
f 246//246 247//247 207//207
f 247//247 208//208 207//207
f 247//247 248//248 208//208
f 248//248 209//209 208//208
f 248//248 249//249 209//209
f 249//249 210//210 209//209
f 249//249 250//250 210//210
f 250//250 211//211 210//210
f 250//250 251//251 211//211
f 251//251 212//212 211//211
f 251//251 252//252 212//212
f 252//252 213//213 212//212
f 252//252 253//253 213//213
f 253//253 214//214 213//213
f 253//253 254//254 214//214
f 254//254 215//215 214//214
f 254//254 255//255 215//215
f 255//255 216//216 215//215
f 255//255 256//256 216//216
f 256//256 217//217 216//216
f 256//256 257//257 217//217
f 257//257 218//218 217//217
f 257//257 258//258 218//218
f 258//258 219//219 218//218
f 258//258 259//259 219//219
f 259//259 220//220 219//219
f 259//259 260//260 220//220
f 260//260 221//221 220//220
f 260//260 261//261 221//221
f 261//261 222//222 221//221
f 261//261 262//262 222//222
f 262//262 223//223 222//222
f 262//262 263//263 223//223
f 263//263 224//224 223//223
f 263//263 264//264 224//224
f 264//264 225//225 224//224
f 264//264 265//265 225//225
f 265//265 226//226 225//225
f 265//265 266//266 226//226
f 266//266 227//227 226//226
f 266//266 267//267 227//227
f 267//267 228//228 227//227
f 267//267 268//268 228//228
f 268//268 229//229 228//228
f 268//268 269//269 229//229
f 269//269 230//230 229//229
f 269//269 270//270 230//230
f 270//270 231//231 230//230
f 270//270 271//271 231//231
f 271//271 232//232 231//231
f 271//271 272//272 232//232
f 272//272 233//233 232//232
f 272//272 273//273 233//233
f 273//273 234//234 233//233
f 273//273 274//274 234//234
f 274//274 235//235 234//234
f 274//274 275//275 235//235
f 275//275 236//236 235//235
f 275//275 276//276 236//236
f 276//276 237//237 236//236
f 276//276 277//277 237//237
f 277//277 238//238 237//237
f 277//277 278//278 238//238
f 278//278 239//239 238//238
f 278//278 279//279 239//239
f 279//279 240//240 239//239
f 279//279 280//280 240//240
f 280//280 241//241 240//240
f 280//280 281//281 241//241
f 281//281 242//242 241//241
f 281//281 282//282 242//242
f 282//282 203//203 242//242
f 282//282 243//243 203//203
f 283//283 244//244 243//243
f 283//283 284//284 244//244
f 284//284 245//245 244//244
f 284//284 285//285 245//245
f 285//285 246//246 245//245
f 285//285 286//286 246//246
f 286//286 247//247 246//246
f 286//286 287//287 247//247
f 287//287 248//248 247//247
f 287//287 288//288 248//248
f 288//288 249//249 248//248
f 288//288 289//289 249//249
f 289//289 250//250 249//249
f 289//289 290//290 250//250
f 290//290 251//251 250//250
f 290//290 291//291 251//251
f 291//291 252//252 251//251
f 291//291 292//292 252//252
f 292//292 253//253 252//252
f 292//292 293//293 253//253
f 293//293 254//254 253//253
f 293//293 294//294 254//254
f 294//294 255//255 254//254
f 294//294 295//295 255//255
f 295//295 256//256 255//255
f 295//295 296//296 256//256
f 296//296 257//257 256//256
f 296//296 297//297 257//257
f 297//297 258//258 257//257
f 297//297 298//298 258//258
f 298//298 259//259 258//258
f 298//298 299//299 259//259
f 299//299 260//260 259//259
f 299//299 300//300 260//260
f 300//300 261//261 260//260
f 300//300 301//301 261//261
f 301//301 262//262 261//261
f 301//301 302//302 262//262
f 302//302 263//263 262//262
f 302//302 303//303 263//263
f 303//303 264//264 263//263
f 303//303 304//304 264//264
f 304//304 265//265 264//264
f 304//304 305//305 265//265
f 305//305 266//266 265//265
f 305//305 306//306 266//266
f 306//306 267//267 266//266
f 306//306 307//307 267//267
f 307//307 268//268 267//267
f 307//307 308//308 268//268
f 308//308 269//269 268//268
f 308//308 309//309 269//269
f 309//309 270//270 269//269
f 309//309 310//310 270//270
f 310//310 271//271 270//270
f 310//310 311//311 271//271
f 311//311 272//272 271//271
f 311//311 312//312 272//272
f 312//312 273//273 272//272
f 312//312 313//313 273//273
f 313//313 274//274 273//273
f 313//313 314//314 274//274
f 314//314 275//275 274//274
f 314//314 315//315 275//275
f 315//315 276//276 275//275
f 315//315 316//316 276//276
f 316//316 277//277 276//276
f 316//316 317//317 277//277
f 317//317 278//278 277//277
f 317//317 318//318 278//278
f 318//318 279//279 278//278
f 318//318 319//319 279//279
f 319//319 280//280 279//279
f 319//319 320//320 280//280
f 320//320 281//281 280//280
f 320//320 321//321 281//281
f 321//321 282//282 281//281
f 321//321 322//322 282//282
f 322//322 243//243 282//282
f 322//322 283//283 243//243
f 323//323 284//284 283//283
f 323//323 324//324 284//284
f 324//324 285//285 284//284
f 324//324 325//325 285//285
f 325//325 286//286 285//285
f 325//325 326//326 286//286
f 326//326 287//287 286//286
f 326//326 327//327 287//287
f 327//327 288//288 287//287
f 327//327 328//328 288//288
f 328//328 289//289 288//288
f 328//328 329//329 289//289
f 329//329 290//290 289//289
f 329//329 330//330 290//290
f 330//330 291//291 290//290
f 330//330 331//331 291//291
f 331//331 292//292 291//291
f 331//331 332//332 292//292
f 332//332 293//293 292//292
f 332//332 333//333 293//293
f 333//333 294//294 293//293
f 333//333 334//334 294//294
f 334//334 295//295 294//294
f 334//334 335//335 295//295
f 335//335 296//296 295//295
f 335//335 336//336 296//296
f 336//336 297//297 296//296
f 336//336 337//337 297//297
f 337//337 298//298 297//297
f 337//337 338//338 298//298
f 338//338 299//299 298//298
f 338//338 339//339 299//299
f 339//339 300//300 299//299
f 339//339 340//340 300//300
f 340//340 301//301 300//300
f 340//340 341//341 301//301
f 341//341 302//302 301//301
f 341//341 342//342 302//302
f 342//342 303//303 302//302
f 342//342 343//343 303//303
f 343//343 304//304 303//303
f 343//343 344//344 304//304
f 344//344 305//305 304//304
f 344//344 345//345 305//305
f 345//345 306//306 305//305
f 345//345 346//346 306//306
f 346//346 307//307 306//306
f 346//346 347//347 307//307
f 347//347 308//308 307//307
f 347//347 348//348 308//308
f 348//348 309//309 308//308
f 348//348 349//349 309//309
f 349//349 310//310 309//309
f 349//349 350//350 310//310
f 350//350 311//311 310//310
f 350//350 351//351 311//311
f 351//351 312//312 311//311
f 351//351 352//352 312//312
f 352//352 313//313 312//312
f 352//352 353//353 313//313
f 353//353 314//314 313//313
f 353//353 354//354 314//314
f 354//354 315//315 314//314
f 354//354 355//355 315//315
f 355//355 316//316 315//315
f 355//355 356//356 316//316
f 356//356 317//317 316//316
f 356//356 357//357 317//317
f 357//357 318//318 317//317
f 357//357 358//358 318//318
f 358//358 319//319 318//318
f 358//358 359//359 319//319
f 359//359 320//320 319//319
f 359//359 360//360 320//320
f 360//360 321//321 320//320
f 360//360 361//361 321//321
f 361//361 322//322 321//321
f 361//361 362//362 322//322
f 362//362 283//283 322//322
f 362//362 323//323 283//283
f 363//363 324//324 323//323
f 363//363 364//364 324//324
f 364//364 325//325 324//324
f 364//364 365//365 325//325
f 365//365 326//326 325//325
f 365//365 366//366 326//326
f 366//366 327//327 326//326
f 366//366 367//367 327//327
f 367//367 328//328 327//327
f 367//367 368//368 328//328
f 368//368 329//329 328//328
f 368//368 369//369 329//329
f 369//369 330//330 329//329
f 369//369 370//370 330//330
f 370//370 331//331 330//330
f 370//370 371//371 331//331
f 371//371 332//332 331//331
f 371//371 372//372 332//332
f 372//372 333//333 332//332
f 372//372 373//373 333//333
f 373//373 334//334 333//333
f 373//373 374//374 334//334
f 374//374 335//335 334//334
f 374//374 375//375 335//335
f 375//375 336//336 335//335
f 375//375 376//376 336//336
f 376//376 337//337 336//336
f 376//376 377//377 337//337
f 377//377 338//338 337//337
f 377//377 378//378 338//338
f 378//378 339//339 338//338
f 378//378 379//379 339//339
f 379//379 340//340 339//339
f 379//379 380//380 340//340
f 380//380 341//341 340//340
f 380//380 381//381 341//341
f 381//381 342//342 341//341
f 381//381 382//382 342//342
f 382//382 343//343 342//342
f 382//382 383//383 343//343
f 383//383 344//344 343//343
f 383//383 384//384 344//344
f 384//384 345//345 344//344
f 384//384 385//385 345//345
f 385//385 346//346 345//345
f 385//385 386//386 346//346
f 386//386 347//347 346//346
f 386//386 387//387 347//347
f 387//387 348//348 347//347
f 387//387 388//388 348//348
f 388//388 349//349 348//348
f 388//388 389//389 349//349
f 389//389 350//350 349//349
f 389//389 390//390 350//350
f 390//390 351//351 350//350
f 390//390 391//391 351//351
f 391//391 352//352 351//351
f 391//391 392//392 352//352
f 392//392 353//353 352//352
f 392//392 393//393 353//353
f 393//393 354//354 353//353
f 393//393 394//394 354//354
f 394//394 355//355 354//354
f 394//394 395//395 355//355
f 395//395 356//356 355//355
f 395//395 396//396 356//356
f 396//396 357//357 356//356
f 396//396 397//397 357//357
f 397//397 358//358 357//357
f 397//397 398//398 358//358
f 398//398 359//359 358//358
f 398//398 399//399 359//359
f 399//399 360//360 359//359
f 399//399 400//400 360//360
f 400//400 361//361 360//360
f 400//400 401//401 361//361
f 401//401 362//362 361//361
f 401//401 402//402 362//362
f 402//402 323//323 362//362
f 402//402 363//363 323//323
f 403//403 364//364 363//363
f 403//403 404//404 364//364
f 404//404 365//365 364//364
f 404//404 405//405 365//365
f 405//405 366//366 365//365
f 405//405 406//406 366//366
f 406//406 367//367 366//366
f 406//406 407//407 367//367
f 407//407 368//368 367//367
f 407//407 408//408 368//368
f 408//408 369//369 368//368
f 408//408 409//409 369//369
f 409//409 370//370 369//369
f 409//409 410//410 370//370
f 410//410 371//371 370//370
f 410//410 411//411 371//371
f 411//411 372//372 371//371
f 411//411 412//412 372//372
f 412//412 373//373 372//372
f 412//412 413//413 373//373
f 413//413 374//374 373//373
f 413//413 414//414 374//374
f 414//414 375//375 374//374
f 414//414 415//415 375//375
f 415//415 376//376 375//375
f 415//415 416//416 376//376
f 416//416 377//377 376//376
f 416//416 417//417 377//377
f 417//417 378//378 377//377
f 417//417 418//418 378//378
f 418//418 379//379 378//378
f 418//418 419//419 379//379
f 419//419 380//380 379//379
f 419//419 420//420 380//380
f 420//420 381//381 380//380
f 420//420 421//421 381//381
f 421//421 382//382 381//381
f 421//421 422//422 382//382
f 422//422 383//383 382//382
f 422//422 423//423 383//383
f 423//423 384//384 383//383
f 423//423 424//424 384//384
f 424//424 385//385 384//384
f 424//424 425//425 385//385
f 425//425 386//386 385//385
f 425//425 426//426 386//386
f 426//426 387//387 386//386
f 426//426 427//427 387//387
f 427//427 388//388 387//387
f 427//427 428//428 388//388
f 428//428 389//389 388//388
f 428//428 429//429 389//389
f 429//429 390//390 389//389
f 429//429 430//430 390//390
f 430//430 391//391 390//390
f 430//430 431//431 391//391
f 431//431 392//392 391//391
f 431//431 432//432 392//392
f 432//432 393//393 392//392
f 432//432 433//433 393//393
f 433//433 394//394 393//393
f 433//433 434//434 394//394
f 434//434 395//395 394//394
f 434//434 435//435 395//395
f 435//435 396//396 395//395
f 435//435 436//436 396//396
f 436//436 397//397 396//396
f 436//436 437//437 397//397
f 437//437 398//398 397//397
f 437//437 438//438 398//398
f 438//438 399//399 398//398
f 438//438 439//439 399//399
f 439//439 400//400 399//399
f 439//439 440//440 400//400
f 440//440 401//401 400//400
f 440//440 441//441 401//401
f 441//441 402//402 401//401
f 441//441 442//442 402//402
f 442//442 363//363 402//402
f 442//442 403//403 363//363
f 443//443 404//404 403//403
f 443//443 444//444 404//404
f 444//444 405//405 404//404
f 444//444 445//445 405//405
f 445//445 406//406 405//405
f 445//445 446//446 406//406
f 446//446 407//407 406//406
f 446//446 447//447 407//407
f 447//447 408//408 407//407
f 447//447 448//448 408//408
f 448//448 409//409 408//408
f 448//448 449//449 409//409
f 449//449 410//410 409//409
f 449//449 450//450 410//410
f 450//450 411//411 410//410
f 450//450 451//451 411//411
f 451//451 412//412 411//411
f 451//451 452//452 412//412
f 452//452 413//413 412//412
f 452//452 453//453 413//413
f 453//453 414//414 413//413
f 453//453 454//454 414//414
f 454//454 415//415 414//414
f 454//454 455//455 415//415
f 455//455 416//416 415//415
f 455//455 456//456 416//416
f 456//456 417//417 416//416
f 456//456 457//457 417//417
f 457//457 418//418 417//417
f 457//457 458//458 418//418
f 458//458 419//419 418//418
f 458//458 459//459 419//419
f 459//459 420//420 419//419
f 459//459 460//460 420//420
f 460//460 421//421 420//420
f 460//460 461//461 421//421
f 461//461 422//422 421//421
f 461//461 462//462 422//422
f 462//462 423//423 422//422
f 462//462 463//463 423//423
f 463//463 424//424 423//423
f 463//463 464//464 424//424
f 464//464 425//425 424//424
f 464//464 465//465 425//425
f 465//465 426//426 425//425
f 465//465 466//466 426//426
f 466//466 427//427 426//426
f 466//466 467//467 427//427
f 467//467 428//428 427//427
f 467//467 468//468 428//428
f 468//468 429//429 428//428
f 468//468 469//469 429//429
f 469//469 430//430 429//429
f 469//469 470//470 430//430
f 470//470 431//431 430//430
f 470//470 471//471 431//431
f 471//471 432//432 431//431
f 471//471 472//472 432//432
f 472//472 433//433 432//432
f 472//472 473//473 433//433
f 473//473 434//434 433//433
f 473//473 474//474 434//434
f 474//474 435//435 434//434
f 474//474 475//475 435//435
f 475//475 436//436 435//435
f 475//475 476//476 436//436
f 476//476 437//437 436//436
f 476//476 477//477 437//437
f 477//477 438//438 437//437
f 477//477 478//478 438//438
f 478//478 439//439 438//438
f 478//478 479//479 439//439
f 479//479 440//440 439//439
f 479//479 480//480 440//440
f 480//480 441//441 440//440
f 480//480 481//481 441//441
f 481//481 442//442 441//441
f 481//481 482//482 442//442
f 482//482 403//403 442//442
f 482//482 443//443 403//403
f 483//483 444//444 443//443
f 483//483 484//484 444//444
f 484//484 445//445 444//444
f 484//484 485//485 445//445
f 485//485 446//446 445//445
f 485//485 486//486 446//446
f 486//486 447//447 446//446
f 486//486 487//487 447//447
f 487//487 448//448 447//447
f 487//487 488//488 448//448
f 488//488 449//449 448//448
f 488//488 489//489 449//449
f 489//489 450//450 449//449
f 489//489 490//490 450//450
f 490//490 451//451 450//450
f 490//490 491//491 451//451
f 491//491 452//452 451//451
f 491//491 492//492 452//452
f 492//492 453//453 452//452
f 492//492 493//493 453//453
f 493//493 454//454 453//453
f 493//493 494//494 454//454
f 494//494 455//455 454//454
f 494//494 495//495 455//455
f 495//495 456//456 455//455
f 495//495 496//496 456//456
f 496//496 457//457 456//456
f 496//496 497//497 457//457
f 497//497 458//458 457//457
f 497//497 498//498 458//458
f 498//498 459//459 458//458
f 498//498 499//499 459//459
f 499//499 460//460 459//459
f 499//499 500//500 460//460
f 500//500 461//461 460//460
f 500//500 501//501 461//461
f 501//501 462//462 461//461
f 501//501 502//502 462//462
f 502//502 463//463 462//462
f 502//502 503//503 463//463
f 503//503 464//464 463//463
f 503//503 504//504 464//464
f 504//504 465//465 464//464
f 504//504 505//505 465//465
f 505//505 466//466 465//465
f 505//505 506//506 466//466
f 506//506 467//467 466//466
f 506//506 507//507 467//467
f 507//507 468//468 467//467
f 507//507 508//508 468//468
f 508//508 469//469 468//468
f 508//508 509//509 469//469
f 509//509 470//470 469//469
f 509//509 510//510 470//470
f 510//510 471//471 470//470
f 510//510 511//511 471//471
f 511//511 472//472 471//471
f 511//511 512//512 472//472
f 512//512 473//473 472//472
f 512//512 513//513 473//473
f 513//513 474//474 473//473
f 513//513 514//514 474//474
f 514//514 475//475 474//474
f 514//514 515//515 475//475
f 515//515 476//476 475//475
f 515//515 516//516 476//476
f 516//516 477//477 476//476
f 516//516 517//517 477//477
f 517//517 478//478 477//477
f 517//517 518//518 478//478
f 518//518 479//479 478//478
f 518//518 519//519 479//479
f 519//519 480//480 479//479
f 519//519 520//520 480//480
f 520//520 481//481 480//480
f 520//520 521//521 481//481
f 521//521 482//482 481//481
f 521//521 522//522 482//482
f 522//522 443//443 482//482
f 522//522 483//483 443//443
f 523//523 484//484 483//483
f 523//523 524//524 484//484
f 524//524 485//485 484//484
f 524//524 525//525 485//485
f 525//525 486//486 485//485
f 525//525 526//526 486//486
f 526//526 487//487 486//486
f 526//526 527//527 487//487
f 527//527 488//488 487//487
f 527//527 528//528 488//488
f 528//528 489//489 488//488
f 528//528 529//529 489//489
f 529//529 490//490 489//489
f 529//529 530//530 490//490
f 530//530 491//491 490//490
f 530//530 531//531 491//491
f 531//531 492//492 491//491
f 531//531 532//532 492//492
f 532//532 493//493 492//492
f 532//532 533//533 493//493
f 533//533 494//494 493//493
f 533//533 534//534 494//494
f 534//534 495//495 494//494
f 534//534 535//535 495//495
f 535//535 496//496 495//495
f 535//535 536//536 496//496
f 536//536 497//497 496//496
f 536//536 537//537 497//497
f 537//537 498//498 497//497
f 537//537 538//538 498//498
f 538//538 499//499 498//498
f 538//538 539//539 499//499
f 539//539 500//500 499//499
f 539//539 540//540 500//500
f 540//540 501//501 500//500
f 540//540 541//541 501//501
f 541//541 502//502 501//501
f 541//541 542//542 502//502
f 542//542 503//503 502//502
f 542//542 543//543 503//503
f 543//543 504//504 503//503
f 543//543 544//544 504//504
f 544//544 505//505 504//504
f 544//544 545//545 505//505
f 545//545 506//506 505//505
f 545//545 546//546 506//506
f 546//546 507//507 506//506
f 546//546 547//547 507//507
f 547//547 508//508 507//507
f 547//547 548//548 508//508
f 548//548 509//509 508//508
f 548//548 549//549 509//509
f 549//549 510//510 509//509
f 549//549 550//550 510//510
f 550//550 511//511 510//510
f 550//550 551//551 511//511
f 551//551 512//512 511//511
f 551//551 552//552 512//512
f 552//552 513//513 512//512
f 552//552 553//553 513//513
f 553//553 514//514 513//513
f 553//553 554//554 514//514
f 554//554 515//515 514//514
f 554//554 555//555 515//515
f 555//555 516//516 515//515
f 555//555 556//556 516//516
f 556//556 517//517 516//516
f 556//556 557//557 517//517
f 557//557 518//518 517//517
f 557//557 558//558 518//518
f 558//558 519//519 518//518
f 558//558 559//559 519//519
f 559//559 520//520 519//519
f 559//559 560//560 520//520
f 560//560 521//521 520//520
f 560//560 561//561 521//521
f 561//561 522//522 521//521
f 561//561 562//562 522//522
f 562//562 483//483 522//522
f 562//562 523//523 483//483
f 563//563 524//524 523//523
f 563//563 564//564 524//524
f 564//564 525//525 524//524
f 564//564 565//565 525//525
f 565//565 526//526 525//525
f 565//565 566//566 526//526
f 566//566 527//527 526//526
f 566//566 567//567 527//527
f 567//567 528//528 527//527
f 567//567 568//568 528//528
f 568//568 529//529 528//528
f 568//568 569//569 529//529
f 569//569 530//530 529//529
f 569//569 570//570 530//530
f 570//570 531//531 530//530
f 570//570 571//571 531//531
f 571//571 532//532 531//531
f 571//571 572//572 532//532
f 572//572 533//533 532//532
f 572//572 573//573 533//533
f 573//573 534//534 533//533
f 573//573 574//574 534//534
f 574//574 535//535 534//534
f 574//574 575//575 535//535
f 575//575 536//536 535//535
f 575//575 576//576 536//536
f 576//576 537//537 536//536
f 576//576 577//577 537//537
f 577//577 538//538 537//537
f 577//577 578//578 538//538
f 578//578 539//539 538//538
f 578//578 579//579 539//539
f 579//579 540//540 539//539
f 579//579 580//580 540//540
f 580//580 541//541 540//540
f 580//580 581//581 541//541
f 581//581 542//542 541//541
f 581//581 582//582 542//542
f 582//582 543//543 542//542
f 582//582 583//583 543//543
f 583//583 544//544 543//543
f 583//583 584//584 544//544
f 584//584 545//545 544//544
f 584//584 585//585 545//545
f 585//585 546//546 545//545
f 585//585 586//586 546//546
f 586//586 547//547 546//546
f 586//586 587//587 547//547
f 587//587 548//548 547//547
f 587//587 588//588 548//548
f 588//588 549//549 548//548
f 588//588 589//589 549//549
f 589//589 550//550 549//549
f 589//589 590//590 550//550
f 590//590 551//551 550//550
f 590//590 591//591 551//551
f 591//591 552//552 551//551
f 591//591 592//592 552//552
f 592//592 553//553 552//552
f 592//592 593//593 553//553
f 593//593 554//554 553//553
f 593//593 594//594 554//554
f 594//594 555//555 554//554
f 594//594 595//595 555//555
f 595//595 556//556 555//555
f 595//595 596//596 556//556
f 596//596 557//557 556//556
f 596//596 597//597 557//557
f 597//597 558//558 557//557
f 597//597 598//598 558//558
f 598//598 559//559 558//558
f 598//598 599//599 559//559
f 599//599 560//560 559//559
f 599//599 600//600 560//560
f 600//600 561//561 560//560
f 600//600 601//601 561//561
f 601//601 562//562 561//561
f 601//601 602//602 562//562
f 602//602 523//523 562//562
f 602//602 563//563 523//523
f 603//603 564//564 563//563
f 603//603 604//604 564//564
f 604//604 565//565 564//564
f 604//604 605//605 565//565
f 605//605 566//566 565//565
f 605//605 606//606 566//566
f 606//606 567//567 566//566
f 606//606 607//607 567//567
f 607//607 568//568 567//567
f 607//607 608//608 568//568
f 608//608 569//569 568//568
f 608//608 609//609 569//569
f 609//609 570//570 569//569
f 609//609 610//610 570//570
f 610//610 571//571 570//570
f 610//610 611//611 571//571
f 611//611 572//572 571//571
f 611//611 612//612 572//572
f 612//612 573//573 572//572
f 612//612 613//613 573//573
f 613//613 574//574 573//573
f 613//613 614//614 574//574
f 614//614 575//575 574//574
f 614//614 615//615 575//575
f 615//615 576//576 575//575
f 615//615 616//616 576//576
f 616//616 577//577 576//576
f 616//616 617//617 577//577
f 617//617 578//578 577//577
f 617//617 618//618 578//578
f 618//618 579//579 578//578
f 618//618 619//619 579//579
f 619//619 580//580 579//579
f 619//619 620//620 580//580
f 620//620 581//581 580//580
f 620//620 621//621 581//581
f 621//621 582//582 581//581
f 621//621 622//622 582//582
f 622//622 583//583 582//582
f 622//622 623//623 583//583
f 623//623 584//584 583//583
f 623//623 624//624 584//584
f 624//624 585//585 584//584
f 624//624 625//625 585//585
f 625//625 586//586 585//585
f 625//625 626//626 586//586
f 626//626 587//587 586//586
f 626//626 627//627 587//587
f 627//627 588//588 587//587
f 627//627 628//628 588//588
f 628//628 589//589 588//588
f 628//628 629//629 589//589
f 629//629 590//590 589//589
f 629//629 630//630 590//590
f 630//630 591//591 590//590
f 630//630 631//631 591//591
f 631//631 592//592 591//591
f 631//631 632//632 592//592
f 632//632 593//593 592//592
f 632//632 633//633 593//593
f 633//633 594//594 593//593
f 633//633 634//634 594//594
f 634//634 595//595 594//594
f 634//634 635//635 595//595
f 635//635 596//596 595//595
f 635//635 636//636 596//596
f 636//636 597//597 596//596
f 636//636 637//637 597//597
f 637//637 598//598 597//597
f 637//637 638//638 598//598
f 638//638 599//599 598//598
f 638//638 639//639 599//599
f 639//639 600//600 599//599
f 639//639 640//640 600//600
f 640//640 601//601 600//600
f 640//640 641//641 601//601
f 641//641 602//602 601//601
f 641//641 642//642 602//602
f 642//642 563//563 602//602
f 642//642 603//603 563//563
f 643//643 604//604 603//603
f 643//643 644//644 604//604
f 644//644 605//605 604//604
f 644//644 645//645 605//605
f 645//645 606//606 605//605
f 645//645 646//646 606//606
f 646//646 607//607 606//606
f 646//646 647//647 607//607
f 647//647 608//608 607//607
f 647//647 648//648 608//608
f 648//648 609//609 608//608
f 648//648 649//649 609//609
f 649//649 610//610 609//609
f 649//649 650//650 610//610
f 650//650 611//611 610//610
f 650//650 651//651 611//611
f 651//651 612//612 611//611
f 651//651 652//652 612//612
f 652//652 613//613 612//612
f 652//652 653//653 613//613
f 653//653 614//614 613//613
f 653//653 654//654 614//614
f 654//654 615//615 614//614
f 654//654 655//655 615//615
f 655//655 616//616 615//615
f 655//655 656//656 616//616
f 656//656 617//617 616//616
f 656//656 657//657 617//617
f 657//657 618//618 617//617
f 657//657 658//658 618//618
f 658//658 619//619 618//618
f 658//658 659//659 619//619
f 659//659 620//620 619//619
f 659//659 660//660 620//620
f 660//660 621//621 620//620
f 660//660 661//661 621//621
f 661//661 622//622 621//621
f 661//661 662//662 622//622
f 662//662 623//623 622//622
f 662//662 663//663 623//623
f 663//663 624//624 623//623
f 663//663 664//664 624//624
f 664//664 625//625 624//624
f 664//664 665//665 625//625
f 665//665 626//626 625//625
f 665//665 666//666 626//626
f 666//666 627//627 626//626
f 666//666 667//667 627//627
f 667//667 628//628 627//627
f 667//667 668//668 628//628
f 668//668 629//629 628//628
f 668//668 669//669 629//629
f 669//669 630//630 629//629
f 669//669 670//670 630//630
f 670//670 631//631 630//630
f 670//670 671//671 631//631
f 671//671 632//632 631//631
f 671//671 672//672 632//632
f 672//672 633//633 632//632
f 672//672 673//673 633//633
f 673//673 634//634 633//633
f 673//673 674//674 634//634
f 674//674 635//635 634//634
f 674//674 675//675 635//635
f 675//675 636//636 635//635
f 675//675 676//676 636//636
f 676//676 637//637 636//636
f 676//676 677//677 637//637
f 677//677 638//638 637//637
f 677//677 678//678 638//638
f 678//678 639//639 638//638
f 678//678 679//679 639//639
f 679//679 640//640 639//639
f 679//679 680//680 640//640
f 680//680 641//641 640//640
f 680//680 681//681 641//641
f 681//681 642//642 641//641
f 681//681 682//682 642//642
f 682//682 603//603 642//642
f 682//682 643//643 603//603
f 683//683 644//644 643//643
f 683//683 684//684 644//644
f 684//684 645//645 644//644
f 684//684 685//685 645//645
f 685//685 646//646 645//645
f 685//685 686//686 646//646
f 686//686 647//647 646//646
f 686//686 687//687 647//647
f 687//687 648//648 647//647
f 687//687 688//688 648//648
f 688//688 649//649 648//648
f 688//688 689//689 649//649
f 689//689 650//650 649//649
f 689//689 690//690 650//650
f 690//690 651//651 650//650
f 690//690 691//691 651//651
f 691//691 652//652 651//651
f 691//691 692//692 652//652
f 692//692 653//653 652//652
f 692//692 693//693 653//653
f 693//693 654//654 653//653
f 693//693 694//694 654//654
f 694//694 655//655 654//654
f 694//694 695//695 655//655
f 695//695 656//656 655//655
f 695//695 696//696 656//656
f 696//696 657//657 656//656
f 696//696 697//697 657//657
f 697//697 658//658 657//657
f 697//697 698//698 658//658
f 698//698 659//659 658//658
f 698//698 699//699 659//659
f 699//699 660//660 659//659
f 699//699 700//700 660//660
f 700//700 661//661 660//660
f 700//700 701//701 661//661
f 701//701 662//662 661//661
f 701//701 702//702 662//662
f 702//702 663//663 662//662
f 702//702 703//703 663//663
f 703//703 664//664 663//663
f 703//703 704//704 664//664
f 704//704 665//665 664//664
f 704//704 705//705 665//665
f 705//705 666//666 665//665
f 705//705 706//706 666//666
f 706//706 667//667 666//666
f 706//706 707//707 667//667
f 707//707 668//668 667//667
f 707//707 708//708 668//668
f 708//708 669//669 668//668
f 708//708 709//709 669//669
f 709//709 670//670 669//669
f 709//709 710//710 670//670
f 710//710 671//671 670//670
f 710//710 711//711 671//671
f 711//711 672//672 671//671
f 711//711 712//712 672//672
f 712//712 673//673 672//672
f 712//712 713//713 673//673
f 713//713 674//674 673//673
f 713//713 714//714 674//674
f 714//714 675//675 674//674
f 714//714 715//715 675//675
f 715//715 676//676 675//675
f 715//715 716//716 676//676
f 716//716 677//677 676//676
f 716//716 717//717 677//677
f 717//717 678//678 677//677
f 717//717 718//718 678//678
f 718//718 679//679 678//678
f 718//718 719//719 679//679
f 719//719 680//680 679//679
f 719//719 720//720 680//680
f 720//720 681//681 680//680
f 720//720 721//721 681//681
f 721//721 682//682 681//681
f 721//721 722//722 682//682
f 722//722 643//643 682//682
f 722//722 683//683 643//643
f 723//723 684//684 683//683
f 723//723 724//724 684//684
f 724//724 685//685 684//684
f 724//724 725//725 685//685
f 725//725 686//686 685//685
f 725//725 726//726 686//686
f 726//726 687//687 686//686
f 726//726 727//727 687//687
f 727//727 688//688 687//687
f 727//727 728//728 688//688
f 728//728 689//689 688//688
f 728//728 729//729 689//689
f 729//729 690//690 689//689
f 729//729 730//730 690//690
f 730//730 691//691 690//690
f 730//730 731//731 691//691
f 731//731 692//692 691//691
f 731//731 732//732 692//692
f 732//732 693//693 692//692
f 732//732 733//733 693//693
f 733//733 694//694 693//693
f 733//733 734//734 694//694
f 734//734 695//695 694//694
f 734//734 735//735 695//695
f 735//735 696//696 695//695
f 735//735 736//736 696//696
f 736//736 697//697 696//696
f 736//736 737//737 697//697
f 737//737 698//698 697//697
f 737//737 738//738 698//698
f 738//738 699//699 698//698
f 738//738 739//739 699//699
f 739//739 700//700 699//699
f 739//739 740//740 700//700
f 740//740 701//701 700//700
f 740//740 741//741 701//701
f 741//741 702//702 701//701
f 741//741 742//742 702//702
f 742//742 703//703 702//702
f 742//742 743//743 703//703
f 743//743 704//704 703//703
f 743//743 744//744 704//704
f 744//744 705//705 704//704
f 744//744 745//745 705//705
f 745//745 706//706 705//705
f 745//745 746//746 706//706
f 746//746 707//707 706//706
f 746//746 747//747 707//707
f 747//747 708//708 707//707
f 747//747 748//748 708//708
f 748//748 709//709 708//708
f 748//748 749//749 709//709
f 749//749 710//710 709//709
f 749//749 750//750 710//710
f 750//750 711//711 710//710
f 750//750 751//751 711//711
f 751//751 712//712 711//711
f 751//751 752//752 712//712
f 752//752 713//713 712//712
f 752//752 753//753 713//713
f 753//753 714//714 713//713
f 753//753 754//754 714//714
f 754//754 715//715 714//714
f 754//754 755//755 715//715
f 755//755 716//716 715//715
f 755//755 756//756 716//716
f 756//756 717//717 716//716
f 756//756 757//757 717//717
f 757//757 718//718 717//717
f 757//757 758//758 718//718
f 758//758 719//719 718//718
f 758//758 759//759 719//719
f 759//759 720//720 719//719
f 759//759 760//760 720//720
f 760//760 721//721 720//720
f 760//760 761//761 721//721
f 761//761 722//722 721//721
f 761//761 762//762 722//722
f 762//762 683//683 722//722
f 762//762 723//723 683//683
f 763//763 765//765 766//766
f 764//764 1486//1486 1485//1485
f 763//763 766//766 767//767
f 764//764 1487//1487 1486//1486
f 763//763 767//767 768//768
f 764//764 1488//1488 1487//1487
f 763//763 768//768 769//769
f 764//764 1489//1489 1488//1488
f 763//763 769//769 770//770
f 764//764 1490//1490 1489//1489
f 763//763 770//770 771//771
f 764//764 1491//1491 1490//1490
f 763//763 771//771 772//772
f 764//764 1492//1492 1491//1491
f 763//763 772//772 773//773
f 764//764 1493//1493 1492//1492
f 763//763 773//773 774//774
f 764//764 1494//1494 1493//1493
f 763//763 774//774 775//775
f 764//764 1495//1495 1494//1494
f 763//763 775//775 776//776
f 764//764 1496//1496 1495//1495
f 763//763 776//776 777//777
f 764//764 1497//1497 1496//1496
f 763//763 777//777 778//778
f 764//764 1498//1498 1497//1497
f 763//763 778//778 779//779
f 764//764 1499//1499 1498//1498
f 763//763 779//779 780//780
f 764//764 1500//1500 1499//1499
f 763//763 780//780 781//781
f 764//764 1501//1501 1500//1500
f 763//763 781//781 782//782
f 764//764 1502//1502 1501//1501
f 763//763 782//782 783//783
f 764//764 1503//1503 1502//1502
f 763//763 783//783 784//784
f 764//764 1504//1504 1503//1503
f 763//763 784//784 785//785
f 764//764 1505//1505 1504//1504
f 763//763 785//785 786//786
f 764//764 1506//1506 1505//1505
f 763//763 786//786 787//787
f 764//764 1507//1507 1506//1506
f 763//763 787//787 788//788
f 764//764 1508//1508 1507//1507
f 763//763 788//788 789//789
f 764//764 1509//1509 1508//1508
f 763//763 789//789 790//790
f 764//764 1510//1510 1509//1509
f 763//763 790//790 791//791
f 764//764 1511//1511 1510//1510
f 763//763 791//791 792//792
f 764//764 1512//1512 1511//1511
f 763//763 792//792 793//793
f 764//764 1513//1513 1512//1512
f 763//763 793//793 794//794
f 764//764 1514//1514 1513//1513
f 763//763 794//794 795//795
f 764//764 1515//1515 1514//1514
f 763//763 795//795 796//796
f 764//764 1516//1516 1515//1515
f 763//763 796//796 797//797
f 764//764 1517//1517 1516//1516
f 763//763 797//797 798//798
f 764//764 1518//1518 1517//1517
f 763//763 798//798 799//799
f 764//764 1519//1519 1518//1518
f 763//763 799//799 800//800
f 764//764 1520//1520 1519//1519
f 763//763 800//800 801//801
f 764//764 1521//1521 1520//1520
f 763//763 801//801 802//802
f 764//764 1522//1522 1521//1521
f 763//763 802//802 803//803
f 764//764 1523//1523 1522//1522
f 763//763 803//803 804//804
f 764//764 1524//1524 1523//1523
f 763//763 804//804 765//765
f 764//764 1485//1485 1524//1524
f 805//805 766//766 765//765
f 805//805 806//806 766//766
f 806//806 767//767 766//766
f 806//806 807//807 767//767
f 807//807 768//768 767//767
f 807//807 808//808 768//768
f 808//808 769//769 768//768
f 808//808 809//809 769//769
f 809//809 770//770 769//769
f 809//809 810//810 770//770
f 810//810 771//771 770//770
f 810//810 811//811 771//771
f 811//811 772//772 771//771
f 811//811 812//812 772//772
f 812//812 773//773 772//772
f 812//812 813//813 773//773
f 813//813 774//774 773//773
f 813//813 814//814 774//774
f 814//814 775//775 774//774
f 814//814 815//815 775//775
f 815//815 776//776 775//775
f 815//815 816//816 776//776
f 816//816 777//777 776//776
f 816//816 817//817 777//777
f 817//817 778//778 777//777
f 817//817 818//818 778//778
f 818//818 779//779 778//778
f 818//818 819//819 779//779
f 819//819 780//780 779//779
f 819//819 820//820 780//780
f 820//820 781//781 780//780
f 820//820 821//821 781//781
f 821//821 782//782 781//781
f 821//821 822//822 782//782
f 822//822 783//783 782//782
f 822//822 823//823 783//783
f 823//823 784//784 783//783
f 823//823 824//824 784//784
f 824//824 785//785 784//784
f 824//824 825//825 785//785
f 825//825 786//786 785//785
f 825//825 826//826 786//786
f 826//826 787//787 786//786
f 826//826 827//827 787//787
f 827//827 788//788 787//787
f 827//827 828//828 788//788
f 828//828 789//789 788//788
f 828//828 829//829 789//789
f 829//829 790//790 789//789
f 829//829 830//830 790//790
f 830//830 791//791 790//790
f 830//830 831//831 791//791
f 831//831 792//792 791//791
f 831//831 832//832 792//792
f 832//832 793//793 792//792
f 832//832 833//833 793//793
f 833//833 794//794 793//793
f 833//833 834//834 794//794
f 834//834 795//795 794//794
f 834//834 835//835 795//795
f 835//835 796//796 795//795
f 835//835 836//836 796//796
f 836//836 797//797 796//796
f 836//836 837//837 797//797
f 837//837 798//798 797//797
f 837//837 838//838 798//798
f 838//838 799//799 798//798
f 838//838 839//839 799//799
f 839//839 800//800 799//799
f 839//839 840//840 800//800
f 840//840 801//801 800//800
f 840//840 841//841 801//801
f 841//841 802//802 801//801
f 841//841 842//842 802//802
f 842//842 803//803 802//802
f 842//842 843//843 803//803
f 843//843 804//804 803//803
f 843//843 844//844 804//804
f 844//844 765//765 804//804
f 844//844 805//805 765//765
f 845//845 806//806 805//805
f 845//845 846//846 806//806
f 846//846 807//807 806//806
f 846//846 847//847 807//807
f 847//847 808//808 807//807
f 847//847 848//848 808//808
f 848//848 809//809 808//808
f 848//848 849//849 809//809
f 849//849 810//810 809//809
f 849//849 850//850 810//810
f 850//850 811//811 810//810
f 850//850 851//851 811//811
f 851//851 812//812 811//811
f 851//851 852//852 812//812
f 852//852 813//813 812//812
f 852//852 853//853 813//813
f 853//853 814//814 813//813
f 853//853 854//854 814//814
f 854//854 815//815 814//814
f 854//854 855//855 815//815
f 855//855 816//816 815//815
f 855//855 856//856 816//816
f 856//856 817//817 816//816
f 856//856 857//857 817//817
f 857//857 818//818 817//817
f 857//857 858//858 818//818
f 858//858 819//819 818//818
f 858//858 859//859 819//819
f 859//859 820//820 819//819
f 859//859 860//860 820//820
f 860//860 821//821 820//820
f 860//860 861//861 821//821
f 861//861 822//822 821//821
f 861//861 862//862 822//822
f 862//862 823//823 822//822
f 862//862 863//863 823//823
f 863//863 824//824 823//823
f 863//863 864//864 824//824
f 864//864 825//825 824//824
f 864//864 865//865 825//825
f 865//865 826//826 825//825
f 865//865 866//866 826//826
f 866//866 827//827 826//826
f 866//866 867//867 827//827
f 867//867 828//828 827//827
f 867//867 868//868 828//828
f 868//868 829//829 828//828
f 868//868 869//869 829//829
f 869//869 830//830 829//829
f 869//869 870//870 830//830
f 870//870 831//831 830//830
f 870//870 871//871 831//831
f 871//871 832//832 831//831
f 871//871 872//872 832//832
f 872//872 833//833 832//832
f 872//872 873//873 833//833
f 873//873 834//834 833//833
f 873//873 874//874 834//834
f 874//874 835//835 834//834
f 874//874 875//875 835//835
f 875//875 836//836 835//835
f 875//875 876//876 836//836
f 876//876 837//837 836//836
f 876//876 877//877 837//837
f 877//877 838//838 837//837
f 877//877 878//878 838//838
f 878//878 839//839 838//838
f 878//878 879//879 839//839
f 879//879 840//840 839//839
f 879//879 880//880 840//840
f 880//880 841//841 840//840
f 880//880 881//881 841//841
f 881//881 842//842 841//841
f 881//881 882//882 842//842
f 882//882 843//843 842//842
f 882//882 883//883 843//843
f 883//883 844//844 843//843
f 883//883 884//884 844//844
f 884//884 805//805 844//844
f 884//884 845//845 805//805
f 885//885 846//846 845//845
f 885//885 886//886 846//846
f 886//886 847//847 846//846
f 886//886 887//887 847//847
f 887//887 848//848 847//847
f 887//887 888//888 848//848
f 888//888 849//849 848//848
f 888//888 889//889 849//849
f 889//889 850//850 849//849
f 889//889 890//890 850//850
f 890//890 851//851 850//850
f 890//890 891//891 851//851
f 891//891 852//852 851//851
f 891//891 892//892 852//852
f 892//892 853//853 852//852
f 892//892 893//893 853//853
f 893//893 854//854 853//853
f 893//893 894//894 854//854
f 894//894 855//855 854//854
f 894//894 895//895 855//855
f 895//895 856//856 855//855
f 895//895 896//896 856//856
f 896//896 857//857 856//856
f 896//896 897//897 857//857
f 897//897 858//858 857//857
f 897//897 898//898 858//858
f 898//898 859//859 858//858
f 898//898 899//899 859//859
f 899//899 860//860 859//859
f 899//899 900//900 860//860
f 900//900 861//861 860//860
f 900//900 901//901 861//861
f 901//901 862//862 861//861
f 901//901 902//902 862//862
f 902//902 863//863 862//862
f 902//902 903//903 863//863
f 903//903 864//864 863//863
f 903//903 904//904 864//864
f 904//904 865//865 864//864
f 904//904 905//905 865//865
f 905//905 866//866 865//865
f 905//905 906//906 866//866
f 906//906 867//867 866//866
f 906//906 907//907 867//867
f 907//907 868//868 867//867
f 907//907 908//908 868//868
f 908//908 869//869 868//868
f 908//908 909//909 869//869
f 909//909 870//870 869//869
f 909//909 910//910 870//870
f 910//910 871//871 870//870
f 910//910 911//911 871//871
f 911//911 872//872 871//871
f 911//911 912//912 872//872
f 912//912 873//873 872//872
f 912//912 913//913 873//873
f 913//913 874//874 873//873
f 913//913 914//914 874//874
f 914//914 875//875 874//874
f 914//914 915//915 875//875
f 915//915 876//876 875//875
f 915//915 916//916 876//876
f 916//916 877//877 876//876
f 916//916 917//917 877//877
f 917//917 878//878 877//877
f 917//917 918//918 878//878
f 918//918 879//879 878//878
f 918//918 919//919 879//879
f 919//919 880//880 879//879
f 919//919 920//920 880//880
f 920//920 881//881 880//880
f 920//920 921//921 881//881
f 921//921 882//882 881//881
f 921//921 922//922 882//882
f 922//922 883//883 882//882
f 922//922 923//923 883//883
f 923//923 884//884 883//883
f 923//923 924//924 884//884
f 924//924 845//845 884//884
f 924//924 885//885 845//845
f 925//925 886//886 885//885
f 925//925 926//926 886//886
f 926//926 887//887 886//886
f 926//926 927//927 887//887
f 927//927 888//888 887//887
f 927//927 928//928 888//888
f 928//928 889//889 888//888
f 928//928 929//929 889//889
f 929//929 890//890 889//889
f 929//929 930//930 890//890
f 930//930 891//891 890//890
f 930//930 931//931 891//891
f 931//931 892//892 891//891
f 931//931 932//932 892//892
f 932//932 893//893 892//892
f 932//932 933//933 893//893
f 933//933 894//894 893//893
f 933//933 934//934 894//894
f 934//934 895//895 894//894
f 934//934 935//935 895//895
f 935//935 896//896 895//895
f 935//935 936//936 896//896
f 936//936 897//897 896//896
f 936//936 937//937 897//897
f 937//937 898//898 897//897
f 937//937 938//938 898//898
f 938//938 899//899 898//898
f 938//938 939//939 899//899
f 939//939 900//900 899//899
f 939//939 940//940 900//900
f 940//940 901//901 900//900
f 940//940 941//941 901//901
f 941//941 902//902 901//901
f 941//941 942//942 902//902
f 942//942 903//903 902//902
f 942//942 943//943 903//903
f 943//943 904//904 903//903
f 943//943 944//944 904//904
f 944//944 905//905 904//904
f 944//944 945//945 905//905
f 945//945 906//906 905//905
f 945//945 946//946 906//906
f 946//946 907//907 906//906
f 946//946 947//947 907//907
f 947//947 908//908 907//907
f 947//947 948//948 908//908
f 948//948 909//909 908//908
f 948//948 949//949 909//909
f 949//949 910//910 909//909
f 949//949 950//950 910//910
f 950//950 911//911 910//910
f 950//950 951//951 911//911
f 951//951 912//912 911//911
f 951//951 952//952 912//912
f 952//952 913//913 912//912
f 952//952 953//953 913//913
f 953//953 914//914 913//913
f 953//953 954//954 914//914
f 954//954 915//915 914//914
f 954//954 955//955 915//915
f 955//955 916//916 915//915
f 955//955 956//956 916//916
f 956//956 917//917 916//916
f 956//956 957//957 917//917
f 957//957 918//918 917//917
f 957//957 958//958 918//918
f 958//958 919//919 918//918
f 958//958 959//959 919//919
f 959//959 920//920 919//919
f 959//959 960//960 920//920
f 960//960 921//921 920//920
f 960//960 961//961 921//921
f 961//961 922//922 921//921
f 961//961 962//962 922//922
f 962//962 923//923 922//922
f 962//962 963//963 923//923
f 963//963 924//924 923//923
f 963//963 964//964 924//924
f 964//964 885//885 924//924
f 964//964 925//925 885//885
f 965//965 926//926 925//925
f 965//965 966//966 926//926
f 966//966 927//927 926//926
f 966//966 967//967 927//927
f 967//967 928//928 927//927
f 967//967 968//968 928//928
f 968//968 929//929 928//928
f 968//968 969//969 929//929
f 969//969 930//930 929//929
f 969//969 970//970 930//930
f 970//970 931//931 930//930
f 970//970 971//971 931//931
f 971//971 932//932 931//931
f 971//971 972//972 932//932
f 972//972 933//933 932//932
f 972//972 973//973 933//933
f 973//973 934//934 933//933
f 973//973 974//974 934//934
f 974//974 935//935 934//934
f 974//974 975//975 935//935
f 975//975 936//936 935//935
f 975//975 976//976 936//936
f 976//976 937//937 936//936
f 976//976 977//977 937//937
f 977//977 938//938 937//937
f 977//977 978//978 938//938
f 978//978 939//939 938//938
f 978//978 979//979 939//939
f 979//979 940//940 939//939
f 979//979 980//980 940//940
f 980//980 941//941 940//940
f 980//980 981//981 941//941
f 981//981 942//942 941//941
f 981//981 982//982 942//942
f 982//982 943//943 942//942
f 982//982 983//983 943//943
f 983//983 944//944 943//943
f 983//983 984//984 944//944
f 984//984 945//945 944//944
f 984//984 985//985 945//945
f 985//985 946//946 945//945
f 985//985 986//986 946//946
f 986//986 947//947 946//946
f 986//986 987//987 947//947
f 987//987 948//948 947//947
f 987//987 988//988 948//948
f 988//988 949//949 948//948
f 988//988 989//989 949//949
f 989//989 950//950 949//949
f 989//989 990//990 950//950
f 990//990 951//951 950//950
f 990//990 991//991 951//951
f 991//991 952//952 951//951
f 991//991 992//992 952//952
f 992//992 953//953 952//952
f 992//992 993//993 953//953
f 993//993 954//954 953//953
f 993//993 994//994 954//954
f 994//994 955//955 954//954
f 994//994 995//995 955//955
f 995//995 956//956 955//955
f 995//995 996//996 956//956
f 996//996 957//957 956//956
f 996//996 997//997 957//957
f 997//997 958//958 957//957
f 997//997 998//998 958//958
f 998//998 959//959 958//958
f 998//998 999//999 959//959
f 999//999 960//960 959//959
f 999//999 1000//1000 960//960
f 1000//1000 961//961 960//960
f 1000//1000 1001//1001 961//961
f 1001//1001 962//962 961//961
f 1001//1001 1002//1002 962//962
f 1002//1002 963//963 962//962
f 1002//1002 1003//1003 963//963
f 1003//1003 964//964 963//963
f 1003//1003 1004//1004 964//964
f 1004//1004 925//925 964//964
f 1004//1004 965//965 925//925
f 1005//1005 966//966 965//965
f 1005//1005 1006//1006 966//966
f 1006//1006 967//967 966//966
f 1006//1006 1007//1007 967//967
f 1007//1007 968//968 967//967
f 1007//1007 1008//1008 968//968
f 1008//1008 969//969 968//968
f 1008//1008 1009//1009 969//969
f 1009//1009 970//970 969//969
f 1009//1009 1010//1010 970//970
f 1010//1010 971//971 970//970
f 1010//1010 1011//1011 971//971
f 1011//1011 972//972 971//971
f 1011//1011 1012//1012 972//972
f 1012//1012 973//973 972//972
f 1012//1012 1013//1013 973//973
f 1013//1013 974//974 973//973
f 1013//1013 1014//1014 974//974
f 1014//1014 975//975 974//974
f 1014//1014 1015//1015 975//975
f 1015//1015 976//976 975//975
f 1015//1015 1016//1016 976//976
f 1016//1016 977//977 976//976
f 1016//1016 1017//1017 977//977
f 1017//1017 978//978 977//977
f 1017//1017 1018//1018 978//978
f 1018//1018 979//979 978//978
f 1018//1018 1019//1019 979//979
f 1019//1019 980//980 979//979
f 1019//1019 1020//1020 980//980
f 1020//1020 981//981 980//980
f 1020//1020 1021//1021 981//981
f 1021//1021 982//982 981//981
f 1021//1021 1022//1022 982//982
f 1022//1022 983//983 982//982
f 1022//1022 1023//1023 983//983
f 1023//1023 984//984 983//983
f 1023//1023 1024//1024 984//984
f 1024//1024 985//985 984//984
f 1024//1024 1025//1025 985//985
f 1025//1025 986//986 985//985
f 1025//1025 1026//1026 986//986
f 1026//1026 987//987 986//986
f 1026//1026 1027//1027 987//987
f 1027//1027 988//988 987//987
f 1027//1027 1028//1028 988//988
f 1028//1028 989//989 988//988
f 1028//1028 1029//1029 989//989
f 1029//1029 990//990 989//989
f 1029//1029 1030//1030 990//990
f 1030//1030 991//991 990//990
f 1030//1030 1031//1031 991//991
f 1031//1031 992//992 991//991
f 1031//1031 1032//1032 992//992
f 1032//1032 993//993 992//992
f 1032//1032 1033//1033 993//993
f 1033//1033 994//994 993//993
f 1033//1033 1034//1034 994//994
f 1034//1034 995//995 994//994
f 1034//1034 1035//1035 995//995
f 1035//1035 996//996 995//995
f 1035//1035 1036//1036 996//996
f 1036//1036 997//997 996//996
f 1036//1036 1037//1037 997//997
f 1037//1037 998//998 997//997
f 1037//1037 1038//1038 998//998
f 1038//1038 999//999 998//998
f 1038//1038 1039//1039 999//999
f 1039//1039 1000//1000 999//999
f 1039//1039 1040//1040 1000//1000
f 1040//1040 1001//1001 1000//1000
f 1040//1040 1041//1041 1001//1001
f 1041//1041 1002//1002 1001//1001
f 1041//1041 1042//1042 1002//1002
f 1042//1042 1003//1003 1002//1002
f 1042//1042 1043//1043 1003//1003
f 1043//1043 1004//1004 1003//1003
f 1043//1043 1044//1044 1004//1004
f 1044//1044 965//965 1004//1004
f 1044//1044 1005//1005 965//965
f 1045//1045 1006//1006 1005//1005
f 1045//1045 1046//1046 1006//1006
f 1046//1046 1007//1007 1006//1006
f 1046//1046 1047//1047 1007//1007
f 1047//1047 1008//1008 1007//1007
f 1047//1047 1048//1048 1008//1008
f 1048//1048 1009//1009 1008//1008
f 1048//1048 1049//1049 1009//1009
f 1049//1049 1010//1010 1009//1009
f 1049//1049 1050//1050 1010//1010
f 1050//1050 1011//1011 1010//1010
f 1050//1050 1051//1051 1011//1011
f 1051//1051 1012//1012 1011//1011
f 1051//1051 1052//1052 1012//1012
f 1052//1052 1013//1013 1012//1012
f 1052//1052 1053//1053 1013//1013
f 1053//1053 1014//1014 1013//1013
f 1053//1053 1054//1054 1014//1014
f 1054//1054 1015//1015 1014//1014
f 1054//1054 1055//1055 1015//1015
f 1055//1055 1016//1016 1015//1015
f 1055//1055 1056//1056 1016//1016
f 1056//1056 1017//1017 1016//1016
f 1056//1056 1057//1057 1017//1017
f 1057//1057 1018//1018 1017//1017
f 1057//1057 1058//1058 1018//1018
f 1058//1058 1019//1019 1018//1018
f 1058//1058 1059//1059 1019//1019
f 1059//1059 1020//1020 1019//1019
f 1059//1059 1060//1060 1020//1020
f 1060//1060 1021//1021 1020//1020
f 1060//1060 1061//1061 1021//1021
f 1061//1061 1022//1022 1021//1021
f 1061//1061 1062//1062 1022//1022
f 1062//1062 1023//1023 1022//1022
f 1062//1062 1063//1063 1023//1023
f 1063//1063 1024//1024 1023//1023
f 1063//1063 1064//1064 1024//1024
f 1064//1064 1025//1025 1024//1024
f 1064//1064 1065//1065 1025//1025
f 1065//1065 1026//1026 1025//1025
f 1065//1065 1066//1066 1026//1026
f 1066//1066 1027//1027 1026//1026
f 1066//1066 1067//1067 1027//1027
f 1067//1067 1028//1028 1027//1027
f 1067//1067 1068//1068 1028//1028
f 1068//1068 1029//1029 1028//1028
f 1068//1068 1069//1069 1029//1029
f 1069//1069 1030//1030 1029//1029
f 1069//1069 1070//1070 1030//1030
f 1070//1070 1031//1031 1030//1030
f 1070//1070 1071//1071 1031//1031
f 1071//1071 1032//1032 1031//1031
f 1071//1071 1072//1072 1032//1032
f 1072//1072 1033//1033 1032//1032
f 1072//1072 1073//1073 1033//1033
f 1073//1073 1034//1034 1033//1033
f 1073//1073 1074//1074 1034//1034
f 1074//1074 1035//1035 1034//1034
f 1074//1074 1075//1075 1035//1035
f 1075//1075 1036//1036 1035//1035
f 1075//1075 1076//1076 1036//1036
f 1076//1076 1037//1037 1036//1036
f 1076//1076 1077//1077 1037//1037
f 1077//1077 1038//1038 1037//1037
f 1077//1077 1078//1078 1038//1038
f 1078//1078 1039//1039 1038//1038
f 1078//1078 1079//1079 1039//1039
f 1079//1079 1040//1040 1039//1039
f 1079//1079 1080//1080 1040//1040
f 1080//1080 1041//1041 1040//1040
f 1080//1080 1081//1081 1041//1041
f 1081//1081 1042//1042 1041//1041
f 1081//1081 1082//1082 1042//1042
f 1082//1082 1043//1043 1042//1042
f 1082//1082 1083//1083 1043//1043
f 1083//1083 1044//1044 1043//1043
f 1083//1083 1084//1084 1044//1044
f 1084//1084 1005//1005 1044//1044
f 1084//1084 1045//1045 1005//1005
f 1085//1085 1046//1046 1045//1045
f 1085//1085 1086//1086 1046//1046
f 1086//1086 1047//1047 1046//1046
f 1086//1086 1087//1087 1047//1047
f 1087//1087 1048//1048 1047//1047
f 1087//1087 1088//1088 1048//1048
f 1088//1088 1049//1049 1048//1048
f 1088//1088 1089//1089 1049//1049
f 1089//1089 1050//1050 1049//1049
f 1089//1089 1090//1090 1050//1050
f 1090//1090 1051//1051 1050//1050
f 1090//1090 1091//1091 1051//1051
f 1091//1091 1052//1052 1051//1051
f 1091//1091 1092//1092 1052//1052
f 1092//1092 1053//1053 1052//1052
f 1092//1092 1093//1093 1053//1053
f 1093//1093 1054//1054 1053//1053
f 1093//1093 1094//1094 1054//1054
f 1094//1094 1055//1055 1054//1054
f 1094//1094 1095//1095 1055//1055
f 1095//1095 1056//1056 1055//1055
f 1095//1095 1096//1096 1056//1056
f 1096//1096 1057//1057 1056//1056
f 1096//1096 1097//1097 1057//1057
f 1097//1097 1058//1058 1057//1057
f 1097//1097 1098//1098 1058//1058
f 1098//1098 1059//1059 1058//1058
f 1098//1098 1099//1099 1059//1059
f 1099//1099 1060//1060 1059//1059
f 1099//1099 1100//1100 1060//1060
f 1100//1100 1061//1061 1060//1060
f 1100//1100 1101//1101 1061//1061
f 1101//1101 1062//1062 1061//1061
f 1101//1101 1102//1102 1062//1062
f 1102//1102 1063//1063 1062//1062
f 1102//1102 1103//1103 1063//1063
f 1103//1103 1064//1064 1063//1063
f 1103//1103 1104//1104 1064//1064
f 1104//1104 1065//1065 1064//1064
f 1104//1104 1105//1105 1065//1065
f 1105//1105 1066//1066 1065//1065
f 1105//1105 1106//1106 1066//1066
f 1106//1106 1067//1067 1066//1066
f 1106//1106 1107//1107 1067//1067
f 1107//1107 1068//1068 1067//1067
f 1107//1107 1108//1108 1068//1068
f 1108//1108 1069//1069 1068//1068
f 1108//1108 1109//1109 1069//1069
f 1109//1109 1070//1070 1069//1069
f 1109//1109 1110//1110 1070//1070
f 1110//1110 1071//1071 1070//1070
f 1110//1110 1111//1111 1071//1071
f 1111//1111 1072//1072 1071//1071
f 1111//1111 1112//1112 1072//1072
f 1112//1112 1073//1073 1072//1072
f 1112//1112 1113//1113 1073//1073
f 1113//1113 1074//1074 1073//1073
f 1113//1113 1114//1114 1074//1074
f 1114//1114 1075//1075 1074//1074
f 1114//1114 1115//1115 1075//1075
f 1115//1115 1076//1076 1075//1075
f 1115//1115 1116//1116 1076//1076
f 1116//1116 1077//1077 1076//1076
f 1116//1116 1117//1117 1077//1077
f 1117//1117 1078//1078 1077//1077
f 1117//1117 1118//1118 1078//1078
f 1118//1118 1079//1079 1078//1078
f 1118//1118 1119//1119 1079//1079
f 1119//1119 1080//1080 1079//1079
f 1119//1119 1120//1120 1080//1080
f 1120//1120 1081//1081 1080//1080
f 1120//1120 1121//1121 1081//1081
f 1121//1121 1082//1082 1081//1081
f 1121//1121 1122//1122 1082//1082
f 1122//1122 1083//1083 1082//1082
f 1122//1122 1123//1123 1083//1083
f 1123//1123 1084//1084 1083//1083
f 1123//1123 1124//1124 1084//1084
f 1124//1124 1045//1045 1084//1084
f 1124//1124 1085//1085 1045//1045
f 1125//1125 1086//1086 1085//1085
f 1125//1125 1126//1126 1086//1086
f 1126//1126 1087//1087 1086//1086
f 1126//1126 1127//1127 1087//1087
f 1127//1127 1088//1088 1087//1087
f 1127//1127 1128//1128 1088//1088
f 1128//1128 1089//1089 1088//1088
f 1128//1128 1129//1129 1089//1089
f 1129//1129 1090//1090 1089//1089
f 1129//1129 1130//1130 1090//1090
f 1130//1130 1091//1091 1090//1090
f 1130//1130 1131//1131 1091//1091
f 1131//1131 1092//1092 1091//1091
f 1131//1131 1132//1132 1092//1092
f 1132//1132 1093//1093 1092//1092
f 1132//1132 1133//1133 1093//1093
f 1133//1133 1094//1094 1093//1093
f 1133//1133 1134//1134 1094//1094
f 1134//1134 1095//1095 1094//1094
f 1134//1134 1135//1135 1095//1095
f 1135//1135 1096//1096 1095//1095
f 1135//1135 1136//1136 1096//1096
f 1136//1136 1097//1097 1096//1096
f 1136//1136 1137//1137 1097//1097
f 1137//1137 1098//1098 1097//1097
f 1137//1137 1138//1138 1098//1098
f 1138//1138 1099//1099 1098//1098
f 1138//1138 1139//1139 1099//1099
f 1139//1139 1100//1100 1099//1099
f 1139//1139 1140//1140 1100//1100
f 1140//1140 1101//1101 1100//1100
f 1140//1140 1141//1141 1101//1101
f 1141//1141 1102//1102 1101//1101
f 1141//1141 1142//1142 1102//1102
f 1142//1142 1103//1103 1102//1102
f 1142//1142 1143//1143 1103//1103
f 1143//1143 1104//1104 1103//1103
f 1143//1143 1144//1144 1104//1104
f 1144//1144 1105//1105 1104//1104
f 1144//1144 1145//1145 1105//1105
f 1145//1145 1106//1106 1105//1105
f 1145//1145 1146//1146 1106//1106
f 1146//1146 1107//1107 1106//1106
f 1146//1146 1147//1147 1107//1107
f 1147//1147 1108//1108 1107//1107
f 1147//1147 1148//1148 1108//1108
f 1148//1148 1109//1109 1108//1108
f 1148//1148 1149//1149 1109//1109
f 1149//1149 1110//1110 1109//1109
f 1149//1149 1150//1150 1110//1110
f 1150//1150 1111//1111 1110//1110
f 1150//1150 1151//1151 1111//1111
f 1151//1151 1112//1112 1111//1111
f 1151//1151 1152//1152 1112//1112
f 1152//1152 1113//1113 1112//1112
f 1152//1152 1153//1153 1113//1113
f 1153//1153 1114//1114 1113//1113
f 1153//1153 1154//1154 1114//1114
f 1154//1154 1115//1115 1114//1114
f 1154//1154 1155//1155 1115//1115
f 1155//1155 1116//1116 1115//1115
f 1155//1155 1156//1156 1116//1116
f 1156//1156 1117//1117 1116//1116
f 1156//1156 1157//1157 1117//1117
f 1157//1157 1118//1118 1117//1117
f 1157//1157 1158//1158 1118//1118
f 1158//1158 1119//1119 1118//1118
f 1158//1158 1159//1159 1119//1119
f 1159//1159 1120//1120 1119//1119
f 1159//1159 1160//1160 1120//1120
f 1160//1160 1121//1121 1120//1120
f 1160//1160 1161//1161 1121//1121
f 1161//1161 1122//1122 1121//1121
f 1161//1161 1162//1162 1122//1122
f 1162//1162 1123//1123 1122//1122
f 1162//1162 1163//1163 1123//1123
f 1163//1163 1124//1124 1123//1123
f 1163//1163 1164//1164 1124//1124
f 1164//1164 1085//1085 1124//1124
f 1164//1164 1125//1125 1085//1085
f 1165//1165 1126//1126 1125//1125
f 1165//1165 1166//1166 1126//1126
f 1166//1166 1127//1127 1126//1126
f 1166//1166 1167//1167 1127//1127
f 1167//1167 1128//1128 1127//1127
f 1167//1167 1168//1168 1128//1128
f 1168//1168 1129//1129 1128//1128
f 1168//1168 1169//1169 1129//1129
f 1169//1169 1130//1130 1129//1129
f 1169//1169 1170//1170 1130//1130
f 1170//1170 1131//1131 1130//1130
f 1170//1170 1171//1171 1131//1131
f 1171//1171 1132//1132 1131//1131
f 1171//1171 1172//1172 1132//1132
f 1172//1172 1133//1133 1132//1132
f 1172//1172 1173//1173 1133//1133
f 1173//1173 1134//1134 1133//1133
f 1173//1173 1174//1174 1134//1134
f 1174//1174 1135//1135 1134//1134
f 1174//1174 1175//1175 1135//1135
f 1175//1175 1136//1136 1135//1135
f 1175//1175 1176//1176 1136//1136
f 1176//1176 1137//1137 1136//1136
f 1176//1176 1177//1177 1137//1137
f 1177//1177 1138//1138 1137//1137
f 1177//1177 1178//1178 1138//1138
f 1178//1178 1139//1139 1138//1138
f 1178//1178 1179//1179 1139//1139
f 1179//1179 1140//1140 1139//1139
f 1179//1179 1180//1180 1140//1140
f 1180//1180 1141//1141 1140//1140
f 1180//1180 1181//1181 1141//1141
f 1181//1181 1142//1142 1141//1141
f 1181//1181 1182//1182 1142//1142
f 1182//1182 1143//1143 1142//1142
f 1182//1182 1183//1183 1143//1143
f 1183//1183 1144//1144 1143//1143
f 1183//1183 1184//1184 1144//1144
f 1184//1184 1145//1145 1144//1144
f 1184//1184 1185//1185 1145//1145
f 1185//1185 1146//1146 1145//1145
f 1185//1185 1186//1186 1146//1146
f 1186//1186 1147//1147 1146//1146
f 1186//1186 1187//1187 1147//1147
f 1187//1187 1148//1148 1147//1147
f 1187//1187 1188//1188 1148//1148
f 1188//1188 1149//1149 1148//1148
f 1188//1188 1189//1189 1149//1149
f 1189//1189 1150//1150 1149//1149
f 1189//1189 1190//1190 1150//1150
f 1190//1190 1151//1151 1150//1150
f 1190//1190 1191//1191 1151//1151
f 1191//1191 1152//1152 1151//1151
f 1191//1191 1192//1192 1152//1152
f 1192//1192 1153//1153 1152//1152
f 1192//1192 1193//1193 1153//1153
f 1193//1193 1154//1154 1153//1153
f 1193//1193 1194//1194 1154//1154
f 1194//1194 1155//1155 1154//1154
f 1194//1194 1195//1195 1155//1155
f 1195//1195 1156//1156 1155//1155
f 1195//1195 1196//1196 1156//1156
f 1196//1196 1157//1157 1156//1156
f 1196//1196 1197//1197 1157//1157
f 1197//1197 1158//1158 1157//1157
f 1197//1197 1198//1198 1158//1158
f 1198//1198 1159//1159 1158//1158
f 1198//1198 1199//1199 1159//1159
f 1199//1199 1160//1160 1159//1159
f 1199//1199 1200//1200 1160//1160
f 1200//1200 1161//1161 1160//1160
f 1200//1200 1201//1201 1161//1161
f 1201//1201 1162//1162 1161//1161
f 1201//1201 1202//1202 1162//1162
f 1202//1202 1163//1163 1162//1162
f 1202//1202 1203//1203 1163//1163
f 1203//1203 1164//1164 1163//1163
f 1203//1203 1204//1204 1164//1164
f 1204//1204 1125//1125 1164//1164
f 1204//1204 1165//1165 1125//1125
f 1205//1205 1166//1166 1165//1165
f 1205//1205 1206//1206 1166//1166
f 1206//1206 1167//1167 1166//1166
f 1206//1206 1207//1207 1167//1167
f 1207//1207 1168//1168 1167//1167
f 1207//1207 1208//1208 1168//1168
f 1208//1208 1169//1169 1168//1168
f 1208//1208 1209//1209 1169//1169
f 1209//1209 1170//1170 1169//1169
f 1209//1209 1210//1210 1170//1170
f 1210//1210 1171//1171 1170//1170
f 1210//1210 1211//1211 1171//1171
f 1211//1211 1172//1172 1171//1171
f 1211//1211 1212//1212 1172//1172
f 1212//1212 1173//1173 1172//1172
f 1212//1212 1213//1213 1173//1173
f 1213//1213 1174//1174 1173//1173
f 1213//1213 1214//1214 1174//1174
f 1214//1214 1175//1175 1174//1174
f 1214//1214 1215//1215 1175//1175
f 1215//1215 1176//1176 1175//1175
f 1215//1215 1216//1216 1176//1176
f 1216//1216 1177//1177 1176//1176
f 1216//1216 1217//1217 1177//1177
f 1217//1217 1178//1178 1177//1177
f 1217//1217 1218//1218 1178//1178
f 1218//1218 1179//1179 1178//1178
f 1218//1218 1219//1219 1179//1179
f 1219//1219 1180//1180 1179//1179
f 1219//1219 1220//1220 1180//1180
f 1220//1220 1181//1181 1180//1180
f 1220//1220 1221//1221 1181//1181
f 1221//1221 1182//1182 1181//1181
f 1221//1221 1222//1222 1182//1182
f 1222//1222 1183//1183 1182//1182
f 1222//1222 1223//1223 1183//1183
f 1223//1223 1184//1184 1183//1183
f 1223//1223 1224//1224 1184//1184
f 1224//1224 1185//1185 1184//1184
f 1224//1224 1225//1225 1185//1185
f 1225//1225 1186//1186 1185//1185
f 1225//1225 1226//1226 1186//1186
f 1226//1226 1187//1187 1186//1186
f 1226//1226 1227//1227 1187//1187
f 1227//1227 1188//1188 1187//1187
f 1227//1227 1228//1228 1188//1188
f 1228//1228 1189//1189 1188//1188
f 1228//1228 1229//1229 1189//1189
f 1229//1229 1190//1190 1189//1189
f 1229//1229 1230//1230 1190//1190
f 1230//1230 1191//1191 1190//1190
f 1230//1230 1231//1231 1191//1191
f 1231//1231 1192//1192 1191//1191
f 1231//1231 1232//1232 1192//1192
f 1232//1232 1193//1193 1192//1192
f 1232//1232 1233//1233 1193//1193
f 1233//1233 1194//1194 1193//1193
f 1233//1233 1234//1234 1194//1194
f 1234//1234 1195//1195 1194//1194
f 1234//1234 1235//1235 1195//1195
f 1235//1235 1196//1196 1195//1195
f 1235//1235 1236//1236 1196//1196
f 1236//1236 1197//1197 1196//1196
f 1236//1236 1237//1237 1197//1197
f 1237//1237 1198//1198 1197//1197
f 1237//1237 1238//1238 1198//1198
f 1238//1238 1199//1199 1198//1198
f 1238//1238 1239//1239 1199//1199
f 1239//1239 1200//1200 1199//1199
f 1239//1239 1240//1240 1200//1200
f 1240//1240 1201//1201 1200//1200
f 1240//1240 1241//1241 1201//1201
f 1241//1241 1202//1202 1201//1201
f 1241//1241 1242//1242 1202//1202
f 1242//1242 1203//1203 1202//1202
f 1242//1242 1243//1243 1203//1203
f 1243//1243 1204//1204 1203//1203
f 1243//1243 1244//1244 1204//1204
f 1244//1244 1165//1165 1204//1204
f 1244//1244 1205//1205 1165//1165
f 1245//1245 1206//1206 1205//1205
f 1245//1245 1246//1246 1206//1206
f 1246//1246 1207//1207 1206//1206
f 1246//1246 1247//1247 1207//1207
f 1247//1247 1208//1208 1207//1207
f 1247//1247 1248//1248 1208//1208
f 1248//1248 1209//1209 1208//1208
f 1248//1248 1249//1249 1209//1209
f 1249//1249 1210//1210 1209//1209
f 1249//1249 1250//1250 1210//1210
f 1250//1250 1211//1211 1210//1210
f 1250//1250 1251//1251 1211//1211
f 1251//1251 1212//1212 1211//1211
f 1251//1251 1252//1252 1212//1212
f 1252//1252 1213//1213 1212//1212
f 1252//1252 1253//1253 1213//1213
f 1253//1253 1214//1214 1213//1213
f 1253//1253 1254//1254 1214//1214
f 1254//1254 1215//1215 1214//1214
f 1254//1254 1255//1255 1215//1215
f 1255//1255 1216//1216 1215//1215
f 1255//1255 1256//1256 1216//1216
f 1256//1256 1217//1217 1216//1216
f 1256//1256 1257//1257 1217//1217
f 1257//1257 1218//1218 1217//1217
f 1257//1257 1258//1258 1218//1218
f 1258//1258 1219//1219 1218//1218
f 1258//1258 1259//1259 1219//1219
f 1259//1259 1220//1220 1219//1219
f 1259//1259 1260//1260 1220//1220
f 1260//1260 1221//1221 1220//1220
f 1260//1260 1261//1261 1221//1221
f 1261//1261 1222//1222 1221//1221
f 1261//1261 1262//1262 1222//1222
f 1262//1262 1223//1223 1222//1222
f 1262//1262 1263//1263 1223//1223
f 1263//1263 1224//1224 1223//1223
f 1263//1263 1264//1264 1224//1224
f 1264//1264 1225//1225 1224//1224
f 1264//1264 1265//1265 1225//1225
f 1265//1265 1226//1226 1225//1225
f 1265//1265 1266//1266 1226//1226
f 1266//1266 1227//1227 1226//1226
f 1266//1266 1267//1267 1227//1227
f 1267//1267 1228//1228 1227//1227
f 1267//1267 1268//1268 1228//1228
f 1268//1268 1229//1229 1228//1228
f 1268//1268 1269//1269 1229//1229
f 1269//1269 1230//1230 1229//1229
f 1269//1269 1270//1270 1230//1230
f 1270//1270 1231//1231 1230//1230
f 1270//1270 1271//1271 1231//1231
f 1271//1271 1232//1232 1231//1231
f 1271//1271 1272//1272 1232//1232
f 1272//1272 1233//1233 1232//1232
f 1272//1272 1273//1273 1233//1233
f 1273//1273 1234//1234 1233//1233
f 1273//1273 1274//1274 1234//1234
f 1274//1274 1235//1235 1234//1234
f 1274//1274 1275//1275 1235//1235
f 1275//1275 1236//1236 1235//1235
f 1275//1275 1276//1276 1236//1236
f 1276//1276 1237//1237 1236//1236
f 1276//1276 1277//1277 1237//1237
f 1277//1277 1238//1238 1237//1237
f 1277//1277 1278//1278 1238//1238
f 1278//1278 1239//1239 1238//1238
f 1278//1278 1279//1279 1239//1239
f 1279//1279 1240//1240 1239//1239
f 1279//1279 1280//1280 1240//1240
f 1280//1280 1241//1241 1240//1240
f 1280//1280 1281//1281 1241//1241
f 1281//1281 1242//1242 1241//1241
f 1281//1281 1282//1282 1242//1242
f 1282//1282 1243//1243 1242//1242
f 1282//1282 1283//1283 1243//1243
f 1283//1283 1244//1244 1243//1243
f 1283//1283 1284//1284 1244//1244
f 1284//1284 1205//1205 1244//1244
f 1284//1284 1245//1245 1205//1205
f 1285//1285 1246//1246 1245//1245
f 1285//1285 1286//1286 1246//1246
f 1286//1286 1247//1247 1246//1246
f 1286//1286 1287//1287 1247//1247
f 1287//1287 1248//1248 1247//1247
f 1287//1287 1288//1288 1248//1248
f 1288//1288 1249//1249 1248//1248
f 1288//1288 1289//1289 1249//1249
f 1289//1289 1250//1250 1249//1249
f 1289//1289 1290//1290 1250//1250
f 1290//1290 1251//1251 1250//1250
f 1290//1290 1291//1291 1251//1251
f 1291//1291 1252//1252 1251//1251
f 1291//1291 1292//1292 1252//1252
f 1292//1292 1253//1253 1252//1252
f 1292//1292 1293//1293 1253//1253
f 1293//1293 1254//1254 1253//1253
f 1293//1293 1294//1294 1254//1254
f 1294//1294 1255//1255 1254//1254
f 1294//1294 1295//1295 1255//1255
f 1295//1295 1256//1256 1255//1255
f 1295//1295 1296//1296 1256//1256
f 1296//1296 1257//1257 1256//1256
f 1296//1296 1297//1297 1257//1257
f 1297//1297 1258//1258 1257//1257
f 1297//1297 1298//1298 1258//1258
f 1298//1298 1259//1259 1258//1258
f 1298//1298 1299//1299 1259//1259
f 1299//1299 1260//1260 1259//1259
f 1299//1299 1300//1300 1260//1260
f 1300//1300 1261//1261 1260//1260
f 1300//1300 1301//1301 1261//1261
f 1301//1301 1262//1262 1261//1261
f 1301//1301 1302//1302 1262//1262
f 1302//1302 1263//1263 1262//1262
f 1302//1302 1303//1303 1263//1263
f 1303//1303 1264//1264 1263//1263
f 1303//1303 1304//1304 1264//1264
f 1304//1304 1265//1265 1264//1264
f 1304//1304 1305//1305 1265//1265
f 1305//1305 1266//1266 1265//1265
f 1305//1305 1306//1306 1266//1266
f 1306//1306 1267//1267 1266//1266
f 1306//1306 1307//1307 1267//1267
f 1307//1307 1268//1268 1267//1267
f 1307//1307 1308//1308 1268//1268
f 1308//1308 1269//1269 1268//1268
f 1308//1308 1309//1309 1269//1269
f 1309//1309 1270//1270 1269//1269
f 1309//1309 1310//1310 1270//1270
f 1310//1310 1271//1271 1270//1270
f 1310//1310 1311//1311 1271//1271
f 1311//1311 1272//1272 1271//1271
f 1311//1311 1312//1312 1272//1272
f 1312//1312 1273//1273 1272//1272
f 1312//1312 1313//1313 1273//1273
f 1313//1313 1274//1274 1273//1273
f 1313//1313 1314//1314 1274//1274
f 1314//1314 1275//1275 1274//1274
f 1314//1314 1315//1315 1275//1275
f 1315//1315 1276//1276 1275//1275
f 1315//1315 1316//1316 1276//1276
f 1316//1316 1277//1277 1276//1276
f 1316//1316 1317//1317 1277//1277
f 1317//1317 1278//1278 1277//1277
f 1317//1317 1318//1318 1278//1278
f 1318//1318 1279//1279 1278//1278
f 1318//1318 1319//1319 1279//1279
f 1319//1319 1280//1280 1279//1279
f 1319//1319 1320//1320 1280//1280
f 1320//1320 1281//1281 1280//1280
f 1320//1320 1321//1321 1281//1281
f 1321//1321 1282//1282 1281//1281
f 1321//1321 1322//1322 1282//1282
f 1322//1322 1283//1283 1282//1282
f 1322//1322 1323//1323 1283//1283
f 1323//1323 1284//1284 1283//1283
f 1323//1323 1324//1324 1284//1284
f 1324//1324 1245//1245 1284//1284
f 1324//1324 1285//1285 1245//1245
f 1325//1325 1286//1286 1285//1285
f 1325//1325 1326//1326 1286//1286
f 1326//1326 1287//1287 1286//1286
f 1326//1326 1327//1327 1287//1287
f 1327//1327 1288//1288 1287//1287
f 1327//1327 1328//1328 1288//1288
f 1328//1328 1289//1289 1288//1288
f 1328//1328 1329//1329 1289//1289
f 1329//1329 1290//1290 1289//1289
f 1329//1329 1330//1330 1290//1290
f 1330//1330 1291//1291 1290//1290
f 1330//1330 1331//1331 1291//1291
f 1331//1331 1292//1292 1291//1291
f 1331//1331 1332//1332 1292//1292
f 1332//1332 1293//1293 1292//1292
f 1332//1332 1333//1333 1293//1293
f 1333//1333 1294//1294 1293//1293
f 1333//1333 1334//1334 1294//1294
f 1334//1334 1295//1295 1294//1294
f 1334//1334 1335//1335 1295//1295
f 1335//1335 1296//1296 1295//1295
f 1335//1335 1336//1336 1296//1296
f 1336//1336 1297//1297 1296//1296
f 1336//1336 1337//1337 1297//1297
f 1337//1337 1298//1298 1297//1297
f 1337//1337 1338//1338 1298//1298
f 1338//1338 1299//1299 1298//1298
f 1338//1338 1339//1339 1299//1299
f 1339//1339 1300//1300 1299//1299
f 1339//1339 1340//1340 1300//1300
f 1340//1340 1301//1301 1300//1300
f 1340//1340 1341//1341 1301//1301
f 1341//1341 1302//1302 1301//1301
f 1341//1341 1342//1342 1302//1302
f 1342//1342 1303//1303 1302//1302
f 1342//1342 1343//1343 1303//1303
f 1343//1343 1304//1304 1303//1303
f 1343//1343 1344//1344 1304//1304
f 1344//1344 1305//1305 1304//1304
f 1344//1344 1345//1345 1305//1305
f 1345//1345 1306//1306 1305//1305
f 1345//1345 1346//1346 1306//1306
f 1346//1346 1307//1307 1306//1306
f 1346//1346 1347//1347 1307//1307
f 1347//1347 1308//1308 1307//1307
f 1347//1347 1348//1348 1308//1308
f 1348//1348 1309//1309 1308//1308
f 1348//1348 1349//1349 1309//1309
f 1349//1349 1310//1310 1309//1309
f 1349//1349 1350//1350 1310//1310
f 1350//1350 1311//1311 1310//1310
f 1350//1350 1351//1351 1311//1311
f 1351//1351 1312//1312 1311//1311
f 1351//1351 1352//1352 1312//1312
f 1352//1352 1313//1313 1312//1312
f 1352//1352 1353//1353 1313//1313
f 1353//1353 1314//1314 1313//1313
f 1353//1353 1354//1354 1314//1314
f 1354//1354 1315//1315 1314//1314
f 1354//1354 1355//1355 1315//1315
f 1355//1355 1316//1316 1315//1315
f 1355//1355 1356//1356 1316//1316
f 1356//1356 1317//1317 1316//1316
f 1356//1356 1357//1357 1317//1317
f 1357//1357 1318//1318 1317//1317
f 1357//1357 1358//1358 1318//1318
f 1358//1358 1319//1319 1318//1318
f 1358//1358 1359//1359 1319//1319
f 1359//1359 1320//1320 1319//1319
f 1359//1359 1360//1360 1320//1320
f 1360//1360 1321//1321 1320//1320
f 1360//1360 1361//1361 1321//1321
f 1361//1361 1322//1322 1321//1321
f 1361//1361 1362//1362 1322//1322
f 1362//1362 1323//1323 1322//1322
f 1362//1362 1363//1363 1323//1323
f 1363//1363 1324//1324 1323//1323
f 1363//1363 1364//1364 1324//1324
f 1364//1364 1285//1285 1324//1324
f 1364//1364 1325//1325 1285//1285
f 1365//1365 1326//1326 1325//1325
f 1365//1365 1366//1366 1326//1326
f 1366//1366 1327//1327 1326//1326
f 1366//1366 1367//1367 1327//1327
f 1367//1367 1328//1328 1327//1327
f 1367//1367 1368//1368 1328//1328
f 1368//1368 1329//1329 1328//1328
f 1368//1368 1369//1369 1329//1329
f 1369//1369 1330//1330 1329//1329
f 1369//1369 1370//1370 1330//1330
f 1370//1370 1331//1331 1330//1330
f 1370//1370 1371//1371 1331//1331
f 1371//1371 1332//1332 1331//1331
f 1371//1371 1372//1372 1332//1332
f 1372//1372 1333//1333 1332//1332
f 1372//1372 1373//1373 1333//1333
f 1373//1373 1334//1334 1333//1333
f 1373//1373 1374//1374 1334//1334
f 1374//1374 1335//1335 1334//1334
f 1374//1374 1375//1375 1335//1335
f 1375//1375 1336//1336 1335//1335
f 1375//1375 1376//1376 1336//1336
f 1376//1376 1337//1337 1336//1336
f 1376//1376 1377//1377 1337//1337
f 1377//1377 1338//1338 1337//1337
f 1377//1377 1378//1378 1338//1338
f 1378//1378 1339//1339 1338//1338
f 1378//1378 1379//1379 1339//1339
f 1379//1379 1340//1340 1339//1339
f 1379//1379 1380//1380 1340//1340
f 1380//1380 1341//1341 1340//1340
f 1380//1380 1381//1381 1341//1341
f 1381//1381 1342//1342 1341//1341
f 1381//1381 1382//1382 1342//1342
f 1382//1382 1343//1343 1342//1342
f 1382//1382 1383//1383 1343//1343
f 1383//1383 1344//1344 1343//1343
f 1383//1383 1384//1384 1344//1344
f 1384//1384 1345//1345 1344//1344
f 1384//1384 1385//1385 1345//1345
f 1385//1385 1346//1346 1345//1345
f 1385//1385 1386//1386 1346//1346
f 1386//1386 1347//1347 1346//1346
f 1386//1386 1387//1387 1347//1347
f 1387//1387 1348//1348 1347//1347
f 1387//1387 1388//1388 1348//1348
f 1388//1388 1349//1349 1348//1348
f 1388//1388 1389//1389 1349//1349
f 1389//1389 1350//1350 1349//1349
f 1389//1389 1390//1390 1350//1350
f 1390//1390 1351//1351 1350//1350
f 1390//1390 1391//1391 1351//1351
f 1391//1391 1352//1352 1351//1351
f 1391//1391 1392//1392 1352//1352
f 1392//1392 1353//1353 1352//1352
f 1392//1392 1393//1393 1353//1353
f 1393//1393 1354//1354 1353//1353
f 1393//1393 1394//1394 1354//1354
f 1394//1394 1355//1355 1354//1354
f 1394//1394 1395//1395 1355//1355
f 1395//1395 1356//1356 1355//1355
f 1395//1395 1396//1396 1356//1356
f 1396//1396 1357//1357 1356//1356
f 1396//1396 1397//1397 1357//1357
f 1397//1397 1358//1358 1357//1357
f 1397//1397 1398//1398 1358//1358
f 1398//1398 1359//1359 1358//1358
f 1398//1398 1399//1399 1359//1359
f 1399//1399 1360//1360 1359//1359
f 1399//1399 1400//1400 1360//1360
f 1400//1400 1361//1361 1360//1360
f 1400//1400 1401//1401 1361//1361
f 1401//1401 1362//1362 1361//1361
f 1401//1401 1402//1402 1362//1362
f 1402//1402 1363//1363 1362//1362
f 1402//1402 1403//1403 1363//1363
f 1403//1403 1364//1364 1363//1363
f 1403//1403 1404//1404 1364//1364
f 1404//1404 1325//1325 1364//1364
f 1404//1404 1365//1365 1325//1325
f 1405//1405 1366//1366 1365//1365
f 1405//1405 1406//1406 1366//1366
f 1406//1406 1367//1367 1366//1366
f 1406//1406 1407//1407 1367//1367
f 1407//1407 1368//1368 1367//1367
f 1407//1407 1408//1408 1368//1368
f 1408//1408 1369//1369 1368//1368
f 1408//1408 1409//1409 1369//1369
f 1409//1409 1370//1370 1369//1369
f 1409//1409 1410//1410 1370//1370
f 1410//1410 1371//1371 1370//1370
f 1410//1410 1411//1411 1371//1371
f 1411//1411 1372//1372 1371//1371
f 1411//1411 1412//1412 1372//1372
f 1412//1412 1373//1373 1372//1372
f 1412//1412 1413//1413 1373//1373
f 1413//1413 1374//1374 1373//1373
f 1413//1413 1414//1414 1374//1374
f 1414//1414 1375//1375 1374//1374
f 1414//1414 1415//1415 1375//1375
f 1415//1415 1376//1376 1375//1375
f 1415//1415 1416//1416 1376//1376
f 1416//1416 1377//1377 1376//1376
f 1416//1416 1417//1417 1377//1377
f 1417//1417 1378//1378 1377//1377
f 1417//1417 1418//1418 1378//1378
f 1418//1418 1379//1379 1378//1378
f 1418//1418 1419//1419 1379//1379
f 1419//1419 1380//1380 1379//1379
f 1419//1419 1420//1420 1380//1380
f 1420//1420 1381//1381 1380//1380
f 1420//1420 1421//1421 1381//1381
f 1421//1421 1382//1382 1381//1381
f 1421//1421 1422//1422 1382//1382
f 1422//1422 1383//1383 1382//1382
f 1422//1422 1423//1423 1383//1383
f 1423//1423 1384//1384 1383//1383
f 1423//1423 1424//1424 1384//1384
f 1424//1424 1385//1385 1384//1384
f 1424//1424 1425//1425 1385//1385
f 1425//1425 1386//1386 1385//1385
f 1425//1425 1426//1426 1386//1386
f 1426//1426 1387//1387 1386//1386
f 1426//1426 1427//1427 1387//1387
f 1427//1427 1388//1388 1387//1387
f 1427//1427 1428//1428 1388//1388
f 1428//1428 1389//1389 1388//1388
f 1428//1428 1429//1429 1389//1389
f 1429//1429 1390//1390 1389//1389
f 1429//1429 1430//1430 1390//1390
f 1430//1430 1391//1391 1390//1390
f 1430//1430 1431//1431 1391//1391
f 1431//1431 1392//1392 1391//1391
f 1431//1431 1432//1432 1392//1392
f 1432//1432 1393//1393 1392//1392
f 1432//1432 1433//1433 1393//1393
f 1433//1433 1394//1394 1393//1393
f 1433//1433 1434//1434 1394//1394
f 1434//1434 1395//1395 1394//1394
f 1434//1434 1435//1435 1395//1395
f 1435//1435 1396//1396 1395//1395
f 1435//1435 1436//1436 1396//1396
f 1436//1436 1397//1397 1396//1396
f 1436//1436 1437//1437 1397//1397
f 1437//1437 1398//1398 1397//1397
f 1437//1437 1438//1438 1398//1398
f 1438//1438 1399//1399 1398//1398
f 1438//1438 1439//1439 1399//1399
f 1439//1439 1400//1400 1399//1399
f 1439//1439 1440//1440 1400//1400
f 1440//1440 1401//1401 1400//1400
f 1440//1440 1441//1441 1401//1401
f 1441//1441 1402//1402 1401//1401
f 1441//1441 1442//1442 1402//1402
f 1442//1442 1403//1403 1402//1402
f 1442//1442 1443//1443 1403//1403
f 1443//1443 1404//1404 1403//1403
f 1443//1443 1444//1444 1404//1404
f 1444//1444 1365//1365 1404//1404
f 1444//1444 1405//1405 1365//1365
f 1445//1445 1406//1406 1405//1405
f 1445//1445 1446//1446 1406//1406
f 1446//1446 1407//1407 1406//1406
f 1446//1446 1447//1447 1407//1407
f 1447//1447 1408//1408 1407//1407
f 1447//1447 1448//1448 1408//1408
f 1448//1448 1409//1409 1408//1408
f 1448//1448 1449//1449 1409//1409
f 1449//1449 1410//1410 1409//1409
f 1449//1449 1450//1450 1410//1410
f 1450//1450 1411//1411 1410//1410
f 1450//1450 1451//1451 1411//1411
f 1451//1451 1412//1412 1411//1411
f 1451//1451 1452//1452 1412//1412
f 1452//1452 1413//1413 1412//1412
f 1452//1452 1453//1453 1413//1413
f 1453//1453 1414//1414 1413//1413
f 1453//1453 1454//1454 1414//1414
f 1454//1454 1415//1415 1414//1414
f 1454//1454 1455//1455 1415//1415
f 1455//1455 1416//1416 1415//1415
f 1455//1455 1456//1456 1416//1416
f 1456//1456 1417//1417 1416//1416
f 1456//1456 1457//1457 1417//1417
f 1457//1457 1418//1418 1417//1417
f 1457//1457 1458//1458 1418//1418
f 1458//1458 1419//1419 1418//1418
f 1458//1458 1459//1459 1419//1419
f 1459//1459 1420//1420 1419//1419
f 1459//1459 1460//1460 1420//1420
f 1460//1460 1421//1421 1420//1420
f 1460//1460 1461//1461 1421//1421
f 1461//1461 1422//1422 1421//1421
f 1461//1461 1462//1462 1422//1422
f 1462//1462 1423//1423 1422//1422
f 1462//1462 1463//1463 1423//1423
f 1463//1463 1424//1424 1423//1423
f 1463//1463 1464//1464 1424//1424
f 1464//1464 1425//1425 1424//1424
f 1464//1464 1465//1465 1425//1425
f 1465//1465 1426//1426 1425//1425
f 1465//1465 1466//1466 1426//1426
f 1466//1466 1427//1427 1426//1426
f 1466//1466 1467//1467 1427//1427
f 1467//1467 1428//1428 1427//1427
f 1467//1467 1468//1468 1428//1428
f 1468//1468 1429//1429 1428//1428
f 1468//1468 1469//1469 1429//1429
f 1469//1469 1430//1430 1429//1429
f 1469//1469 1470//1470 1430//1430
f 1470//1470 1431//1431 1430//1430
f 1470//1470 1471//1471 1431//1431
f 1471//1471 1432//1432 1431//1431
f 1471//1471 1472//1472 1432//1432
f 1472//1472 1433//1433 1432//1432
f 1472//1472 1473//1473 1433//1433
f 1473//1473 1434//1434 1433//1433
f 1473//1473 1474//1474 1434//1434
f 1474//1474 1435//1435 1434//1434
f 1474//1474 1475//1475 1435//1435
f 1475//1475 1436//1436 1435//1435
f 1475//1475 1476//1476 1436//1436
f 1476//1476 1437//1437 1436//1436
f 1476//1476 1477//1477 1437//1437
f 1477//1477 1438//1438 1437//1437
f 1477//1477 1478//1478 1438//1438
f 1478//1478 1439//1439 1438//1438
f 1478//1478 1479//1479 1439//1439
f 1479//1479 1440//1440 1439//1439
f 1479//1479 1480//1480 1440//1440
f 1480//1480 1441//1441 1440//1440
f 1480//1480 1481//1481 1441//1441
f 1481//1481 1442//1442 1441//1441
f 1481//1481 1482//1482 1442//1442
f 1482//1482 1443//1443 1442//1442
f 1482//1482 1483//1483 1443//1443
f 1483//1483 1444//1444 1443//1443
f 1483//1483 1484//1484 1444//1444
f 1484//1484 1405//1405 1444//1444
f 1484//1484 1445//1445 1405//1405
f 1485//1485 1446//1446 1445//1445
f 1485//1485 1486//1486 1446//1446
f 1486//1486 1447//1447 1446//1446
f 1486//1486 1487//1487 1447//1447
f 1487//1487 1448//1448 1447//1447
f 1487//1487 1488//1488 1448//1448
f 1488//1488 1449//1449 1448//1448
f 1488//1488 1489//1489 1449//1449
f 1489//1489 1450//1450 1449//1449
f 1489//1489 1490//1490 1450//1450
f 1490//1490 1451//1451 1450//1450
f 1490//1490 1491//1491 1451//1451
f 1491//1491 1452//1452 1451//1451
f 1491//1491 1492//1492 1452//1452
f 1492//1492 1453//1453 1452//1452
f 1492//1492 1493//1493 1453//1453
f 1493//1493 1454//1454 1453//1453
f 1493//1493 1494//1494 1454//1454
f 1494//1494 1455//1455 1454//1454
f 1494//1494 1495//1495 1455//1455
f 1495//1495 1456//1456 1455//1455
f 1495//1495 1496//1496 1456//1456
f 1496//1496 1457//1457 1456//1456
f 1496//1496 1497//1497 1457//1457
f 1497//1497 1458//1458 1457//1457
f 1497//1497 1498//1498 1458//1458
f 1498//1498 1459//1459 1458//1458
f 1498//1498 1499//1499 1459//1459
f 1499//1499 1460//1460 1459//1459
f 1499//1499 1500//1500 1460//1460
f 1500//1500 1461//1461 1460//1460
f 1500//1500 1501//1501 1461//1461
f 1501//1501 1462//1462 1461//1461
f 1501//1501 1502//1502 1462//1462
f 1502//1502 1463//1463 1462//1462
f 1502//1502 1503//1503 1463//1463
f 1503//1503 1464//1464 1463//1463
f 1503//1503 1504//1504 1464//1464
f 1504//1504 1465//1465 1464//1464
f 1504//1504 1505//1505 1465//1465
f 1505//1505 1466//1466 1465//1465
f 1505//1505 1506//1506 1466//1466
f 1506//1506 1467//1467 1466//1466
f 1506//1506 1507//1507 1467//1467
f 1507//1507 1468//1468 1467//1467
f 1507//1507 1508//1508 1468//1468
f 1508//1508 1469//1469 1468//1468
f 1508//1508 1509//1509 1469//1469
f 1509//1509 1470//1470 1469//1469
f 1509//1509 1510//1510 1470//1470
f 1510//1510 1471//1471 1470//1470
f 1510//1510 1511//1511 1471//1471
f 1511//1511 1472//1472 1471//1471
f 1511//1511 1512//1512 1472//1472
f 1512//1512 1473//1473 1472//1472
f 1512//1512 1513//1513 1473//1473
f 1513//1513 1474//1474 1473//1473
f 1513//1513 1514//1514 1474//1474
f 1514//1514 1475//1475 1474//1474
f 1514//1514 1515//1515 1475//1475
f 1515//1515 1476//1476 1475//1475
f 1515//1515 1516//1516 1476//1476
f 1516//1516 1477//1477 1476//1476
f 1516//1516 1517//1517 1477//1477
f 1517//1517 1478//1478 1477//1477
f 1517//1517 1518//1518 1478//1478
f 1518//1518 1479//1479 1478//1478
f 1518//1518 1519//1519 1479//1479
f 1519//1519 1480//1480 1479//1479
f 1519//1519 1520//1520 1480//1480
f 1520//1520 1481//1481 1480//1480
f 1520//1520 1521//1521 1481//1481
f 1521//1521 1482//1482 1481//1481
f 1521//1521 1522//1522 1482//1482
f 1522//1522 1483//1483 1482//1482
f 1522//1522 1523//1523 1483//1483
f 1523//1523 1484//1484 1483//1483
f 1523//1523 1524//1524 1484//1484
f 1524//1524 1445//1445 1484//1484
f 1524//1524 1485//1485 1445//1445
f 1525//1525 1527//1527 1528//1528
f 1526//1526 2248//2248 2247//2247
f 1525//1525 1528//1528 1529//1529
f 1526//1526 2249//2249 2248//2248
f 1525//1525 1529//1529 1530//1530
f 1526//1526 2250//2250 2249//2249
f 1525//1525 1530//1530 1531//1531
f 1526//1526 2251//2251 2250//2250
f 1525//1525 1531//1531 1532//1532
f 1526//1526 2252//2252 2251//2251
f 1525//1525 1532//1532 1533//1533
f 1526//1526 2253//2253 2252//2252
f 1525//1525 1533//1533 1534//1534
f 1526//1526 2254//2254 2253//2253
f 1525//1525 1534//1534 1535//1535
f 1526//1526 2255//2255 2254//2254
f 1525//1525 1535//1535 1536//1536
f 1526//1526 2256//2256 2255//2255
f 1525//1525 1536//1536 1537//1537
f 1526//1526 2257//2257 2256//2256
f 1525//1525 1537//1537 1538//1538
f 1526//1526 2258//2258 2257//2257
f 1525//1525 1538//1538 1539//1539
f 1526//1526 2259//2259 2258//2258
f 1525//1525 1539//1539 1540//1540
f 1526//1526 2260//2260 2259//2259
f 1525//1525 1540//1540 1541//1541
f 1526//1526 2261//2261 2260//2260
f 1525//1525 1541//1541 1542//1542
f 1526//1526 2262//2262 2261//2261
f 1525//1525 1542//1542 1543//1543
f 1526//1526 2263//2263 2262//2262
f 1525//1525 1543//1543 1544//1544
f 1526//1526 2264//2264 2263//2263
f 1525//1525 1544//1544 1545//1545
f 1526//1526 2265//2265 2264//2264
f 1525//1525 1545//1545 1546//1546
f 1526//1526 2266//2266 2265//2265
f 1525//1525 1546//1546 1547//1547
f 1526//1526 2267//2267 2266//2266
f 1525//1525 1547//1547 1548//1548
f 1526//1526 2268//2268 2267//2267
f 1525//1525 1548//1548 1549//1549
f 1526//1526 2269//2269 2268//2268
f 1525//1525 1549//1549 1550//1550
f 1526//1526 2270//2270 2269//2269
f 1525//1525 1550//1550 1551//1551
f 1526//1526 2271//2271 2270//2270
f 1525//1525 1551//1551 1552//1552
f 1526//1526 2272//2272 2271//2271
f 1525//1525 1552//1552 1553//1553
f 1526//1526 2273//2273 2272//2272
f 1525//1525 1553//1553 1554//1554
f 1526//1526 2274//2274 2273//2273
f 1525//1525 1554//1554 1555//1555
f 1526//1526 2275//2275 2274//2274
f 1525//1525 1555//1555 1556//1556
f 1526//1526 2276//2276 2275//2275
f 1525//1525 1556//1556 1557//1557
f 1526//1526 2277//2277 2276//2276
f 1525//1525 1557//1557 1558//1558
f 1526//1526 2278//2278 2277//2277
f 1525//1525 1558//1558 1559//1559
f 1526//1526 2279//2279 2278//2278
f 1525//1525 1559//1559 1560//1560
f 1526//1526 2280//2280 2279//2279
f 1525//1525 1560//1560 1561//1561
f 1526//1526 2281//2281 2280//2280
f 1525//1525 1561//1561 1562//1562
f 1526//1526 2282//2282 2281//2281
f 1525//1525 1562//1562 1563//1563
f 1526//1526 2283//2283 2282//2282
f 1525//1525 1563//1563 1564//1564
f 1526//1526 2284//2284 2283//2283
f 1525//1525 1564//1564 1565//1565
f 1526//1526 2285//2285 2284//2284
f 1525//1525 1565//1565 1566//1566
f 1526//1526 2286//2286 2285//2285
f 1525//1525 1566//1566 1527//1527
f 1526//1526 2247//2247 2286//2286
f 1567//1567 1528//1528 1527//1527
f 1567//1567 1568//1568 1528//1528
f 1568//1568 1529//1529 1528//1528
f 1568//1568 1569//1569 1529//1529
f 1569//1569 1530//1530 1529//1529
f 1569//1569 1570//1570 1530//1530
f 1570//1570 1531//1531 1530//1530
f 1570//1570 1571//1571 1531//1531
f 1571//1571 1532//1532 1531//1531
f 1571//1571 1572//1572 1532//1532
f 1572//1572 1533//1533 1532//1532
f 1572//1572 1573//1573 1533//1533
f 1573//1573 1534//1534 1533//1533
f 1573//1573 1574//1574 1534//1534
f 1574//1574 1535//1535 1534//1534
f 1574//1574 1575//1575 1535//1535
f 1575//1575 1536//1536 1535//1535
f 1575//1575 1576//1576 1536//1536
f 1576//1576 1537//1537 1536//1536
f 1576//1576 1577//1577 1537//1537
f 1577//1577 1538//1538 1537//1537
f 1577//1577 1578//1578 1538//1538
f 1578//1578 1539//1539 1538//1538
f 1578//1578 1579//1579 1539//1539
f 1579//1579 1540//1540 1539//1539
f 1579//1579 1580//1580 1540//1540
f 1580//1580 1541//1541 1540//1540
f 1580//1580 1581//1581 1541//1541
f 1581//1581 1542//1542 1541//1541
f 1581//1581 1582//1582 1542//1542
f 1582//1582 1543//1543 1542//1542
f 1582//1582 1583//1583 1543//1543
f 1583//1583 1544//1544 1543//1543
f 1583//1583 1584//1584 1544//1544
f 1584//1584 1545//1545 1544//1544
f 1584//1584 1585//1585 1545//1545
f 1585//1585 1546//1546 1545//1545
f 1585//1585 1586//1586 1546//1546
f 1586//1586 1547//1547 1546//1546
f 1586//1586 1587//1587 1547//1547
f 1587//1587 1548//1548 1547//1547
f 1587//1587 1588//1588 1548//1548
f 1588//1588 1549//1549 1548//1548
f 1588//1588 1589//1589 1549//1549
f 1589//1589 1550//1550 1549//1549
f 1589//1589 1590//1590 1550//1550
f 1590//1590 1551//1551 1550//1550
f 1590//1590 1591//1591 1551//1551
f 1591//1591 1552//1552 1551//1551
f 1591//1591 1592//1592 1552//1552
f 1592//1592 1553//1553 1552//1552
f 1592//1592 1593//1593 1553//1553
f 1593//1593 1554//1554 1553//1553
f 1593//1593 1594//1594 1554//1554
f 1594//1594 1555//1555 1554//1554
f 1594//1594 1595//1595 1555//1555
f 1595//1595 1556//1556 1555//1555
f 1595//1595 1596//1596 1556//1556
f 1596//1596 1557//1557 1556//1556
f 1596//1596 1597//1597 1557//1557
f 1597//1597 1558//1558 1557//1557
f 1597//1597 1598//1598 1558//1558
f 1598//1598 1559//1559 1558//1558
f 1598//1598 1599//1599 1559//1559
f 1599//1599 1560//1560 1559//1559
f 1599//1599 1600//1600 1560//1560
f 1600//1600 1561//1561 1560//1560
f 1600//1600 1601//1601 1561//1561
f 1601//1601 1562//1562 1561//1561
f 1601//1601 1602//1602 1562//1562
f 1602//1602 1563//1563 1562//1562
f 1602//1602 1603//1603 1563//1563
f 1603//1603 1564//1564 1563//1563
f 1603//1603 1604//1604 1564//1564
f 1604//1604 1565//1565 1564//1564
f 1604//1604 1605//1605 1565//1565
f 1605//1605 1566//1566 1565//1565
f 1605//1605 1606//1606 1566//1566
f 1606//1606 1527//1527 1566//1566
f 1606//1606 1567//1567 1527//1527
f 1607//1607 1568//1568 1567//1567
f 1607//1607 1608//1608 1568//1568
f 1608//1608 1569//1569 1568//1568
f 1608//1608 1609//1609 1569//1569
f 1609//1609 1570//1570 1569//1569
f 1609//1609 1610//1610 1570//1570
f 1610//1610 1571//1571 1570//1570
f 1610//1610 1611//1611 1571//1571
f 1611//1611 1572//1572 1571//1571
f 1611//1611 1612//1612 1572//1572
f 1612//1612 1573//1573 1572//1572
f 1612//1612 1613//1613 1573//1573
f 1613//1613 1574//1574 1573//1573
f 1613//1613 1614//1614 1574//1574
f 1614//1614 1575//1575 1574//1574
f 1614//1614 1615//1615 1575//1575
f 1615//1615 1576//1576 1575//1575
f 1615//1615 1616//1616 1576//1576
f 1616//1616 1577//1577 1576//1576
f 1616//1616 1617//1617 1577//1577
f 1617//1617 1578//1578 1577//1577
f 1617//1617 1618//1618 1578//1578
f 1618//1618 1579//1579 1578//1578
f 1618//1618 1619//1619 1579//1579
f 1619//1619 1580//1580 1579//1579
f 1619//1619 1620//1620 1580//1580
f 1620//1620 1581//1581 1580//1580
f 1620//1620 1621//1621 1581//1581
f 1621//1621 1582//1582 1581//1581
f 1621//1621 1622//1622 1582//1582
f 1622//1622 1583//1583 1582//1582
f 1622//1622 1623//1623 1583//1583
f 1623//1623 1584//1584 1583//1583
f 1623//1623 1624//1624 1584//1584
f 1624//1624 1585//1585 1584//1584
f 1624//1624 1625//1625 1585//1585
f 1625//1625 1586//1586 1585//1585
f 1625//1625 1626//1626 1586//1586
f 1626//1626 1587//1587 1586//1586
f 1626//1626 1627//1627 1587//1587
f 1627//1627 1588//1588 1587//1587
f 1627//1627 1628//1628 1588//1588
f 1628//1628 1589//1589 1588//1588
f 1628//1628 1629//1629 1589//1589
f 1629//1629 1590//1590 1589//1589
f 1629//1629 1630//1630 1590//1590
f 1630//1630 1591//1591 1590//1590
f 1630//1630 1631//1631 1591//1591
f 1631//1631 1592//1592 1591//1591
f 1631//1631 1632//1632 1592//1592
f 1632//1632 1593//1593 1592//1592
f 1632//1632 1633//1633 1593//1593
f 1633//1633 1594//1594 1593//1593
f 1633//1633 1634//1634 1594//1594
f 1634//1634 1595//1595 1594//1594
f 1634//1634 1635//1635 1595//1595
f 1635//1635 1596//1596 1595//1595
f 1635//1635 1636//1636 1596//1596
f 1636//1636 1597//1597 1596//1596
f 1636//1636 1637//1637 1597//1597
f 1637//1637 1598//1598 1597//1597
f 1637//1637 1638//1638 1598//1598
f 1638//1638 1599//1599 1598//1598
f 1638//1638 1639//1639 1599//1599
f 1639//1639 1600//1600 1599//1599
f 1639//1639 1640//1640 1600//1600
f 1640//1640 1601//1601 1600//1600
f 1640//1640 1641//1641 1601//1601
f 1641//1641 1602//1602 1601//1601
f 1641//1641 1642//1642 1602//1602
f 1642//1642 1603//1603 1602//1602
f 1642//1642 1643//1643 1603//1603
f 1643//1643 1604//1604 1603//1603
f 1643//1643 1644//1644 1604//1604
f 1644//1644 1605//1605 1604//1604
f 1644//1644 1645//1645 1605//1605
f 1645//1645 1606//1606 1605//1605
f 1645//1645 1646//1646 1606//1606
f 1646//1646 1567//1567 1606//1606
f 1646//1646 1607//1607 1567//1567
f 1647//1647 1608//1608 1607//1607
f 1647//1647 1648//1648 1608//1608
f 1648//1648 1609//1609 1608//1608
f 1648//1648 1649//1649 1609//1609
f 1649//1649 1610//1610 1609//1609
f 1649//1649 1650//1650 1610//1610
f 1650//1650 1611//1611 1610//1610
f 1650//1650 1651//1651 1611//1611
f 1651//1651 1612//1612 1611//1611
f 1651//1651 1652//1652 1612//1612
f 1652//1652 1613//1613 1612//1612
f 1652//1652 1653//1653 1613//1613
f 1653//1653 1614//1614 1613//1613
f 1653//1653 1654//1654 1614//1614
f 1654//1654 1615//1615 1614//1614
f 1654//1654 1655//1655 1615//1615
f 1655//1655 1616//1616 1615//1615
f 1655//1655 1656//1656 1616//1616
f 1656//1656 1617//1617 1616//1616
f 1656//1656 1657//1657 1617//1617
f 1657//1657 1618//1618 1617//1617
f 1657//1657 1658//1658 1618//1618
f 1658//1658 1619//1619 1618//1618
f 1658//1658 1659//1659 1619//1619
f 1659//1659 1620//1620 1619//1619
f 1659//1659 1660//1660 1620//1620
f 1660//1660 1621//1621 1620//1620
f 1660//1660 1661//1661 1621//1621
f 1661//1661 1622//1622 1621//1621
f 1661//1661 1662//1662 1622//1622
f 1662//1662 1623//1623 1622//1622
f 1662//1662 1663//1663 1623//1623
f 1663//1663 1624//1624 1623//1623
f 1663//1663 1664//1664 1624//1624
f 1664//1664 1625//1625 1624//1624
f 1664//1664 1665//1665 1625//1625
f 1665//1665 1626//1626 1625//1625
f 1665//1665 1666//1666 1626//1626
f 1666//1666 1627//1627 1626//1626
f 1666//1666 1667//1667 1627//1627
f 1667//1667 1628//1628 1627//1627
f 1667//1667 1668//1668 1628//1628
f 1668//1668 1629//1629 1628//1628
f 1668//1668 1669//1669 1629//1629
f 1669//1669 1630//1630 1629//1629
f 1669//1669 1670//1670 1630//1630
f 1670//1670 1631//1631 1630//1630
f 1670//1670 1671//1671 1631//1631
f 1671//1671 1632//1632 1631//1631
f 1671//1671 1672//1672 1632//1632
f 1672//1672 1633//1633 1632//1632
f 1672//1672 1673//1673 1633//1633
f 1673//1673 1634//1634 1633//1633
f 1673//1673 1674//1674 1634//1634
f 1674//1674 1635//1635 1634//1634
f 1674//1674 1675//1675 1635//1635
f 1675//1675 1636//1636 1635//1635
f 1675//1675 1676//1676 1636//1636
f 1676//1676 1637//1637 1636//1636
f 1676//1676 1677//1677 1637//1637
f 1677//1677 1638//1638 1637//1637
f 1677//1677 1678//1678 1638//1638
f 1678//1678 1639//1639 1638//1638
f 1678//1678 1679//1679 1639//1639
f 1679//1679 1640//1640 1639//1639
f 1679//1679 1680//1680 1640//1640
f 1680//1680 1641//1641 1640//1640
f 1680//1680 1681//1681 1641//1641
f 1681//1681 1642//1642 1641//1641
f 1681//1681 1682//1682 1642//1642
f 1682//1682 1643//1643 1642//1642
f 1682//1682 1683//1683 1643//1643
f 1683//1683 1644//1644 1643//1643
f 1683//1683 1684//1684 1644//1644
f 1684//1684 1645//1645 1644//1644
f 1684//1684 1685//1685 1645//1645
f 1685//1685 1646//1646 1645//1645
f 1685//1685 1686//1686 1646//1646
f 1686//1686 1607//1607 1646//1646
f 1686//1686 1647//1647 1607//1607
f 1687//1687 1648//1648 1647//1647
f 1687//1687 1688//1688 1648//1648
f 1688//1688 1649//1649 1648//1648
f 1688//1688 1689//1689 1649//1649
f 1689//1689 1650//1650 1649//1649
f 1689//1689 1690//1690 1650//1650
f 1690//1690 1651//1651 1650//1650
f 1690//1690 1691//1691 1651//1651
f 1691//1691 1652//1652 1651//1651
f 1691//1691 1692//1692 1652//1652
f 1692//1692 1653//1653 1652//1652
f 1692//1692 1693//1693 1653//1653
f 1693//1693 1654//1654 1653//1653
f 1693//1693 1694//1694 1654//1654
f 1694//1694 1655//1655 1654//1654
f 1694//1694 1695//1695 1655//1655
f 1695//1695 1656//1656 1655//1655
f 1695//1695 1696//1696 1656//1656
f 1696//1696 1657//1657 1656//1656
f 1696//1696 1697//1697 1657//1657
f 1697//1697 1658//1658 1657//1657
f 1697//1697 1698//1698 1658//1658
f 1698//1698 1659//1659 1658//1658
f 1698//1698 1699//1699 1659//1659
f 1699//1699 1660//1660 1659//1659
f 1699//1699 1700//1700 1660//1660
f 1700//1700 1661//1661 1660//1660
f 1700//1700 1701//1701 1661//1661
f 1701//1701 1662//1662 1661//1661
f 1701//1701 1702//1702 1662//1662
f 1702//1702 1663//1663 1662//1662
f 1702//1702 1703//1703 1663//1663
f 1703//1703 1664//1664 1663//1663
f 1703//1703 1704//1704 1664//1664
f 1704//1704 1665//1665 1664//1664
f 1704//1704 1705//1705 1665//1665
f 1705//1705 1666//1666 1665//1665
f 1705//1705 1706//1706 1666//1666
f 1706//1706 1667//1667 1666//1666
f 1706//1706 1707//1707 1667//1667
f 1707//1707 1668//1668 1667//1667
f 1707//1707 1708//1708 1668//1668
f 1708//1708 1669//1669 1668//1668
f 1708//1708 1709//1709 1669//1669
f 1709//1709 1670//1670 1669//1669
f 1709//1709 1710//1710 1670//1670
f 1710//1710 1671//1671 1670//1670
f 1710//1710 1711//1711 1671//1671
f 1711//1711 1672//1672 1671//1671
f 1711//1711 1712//1712 1672//1672
f 1712//1712 1673//1673 1672//1672
f 1712//1712 1713//1713 1673//1673
f 1713//1713 1674//1674 1673//1673
f 1713//1713 1714//1714 1674//1674
f 1714//1714 1675//1675 1674//1674
f 1714//1714 1715//1715 1675//1675
f 1715//1715 1676//1676 1675//1675
f 1715//1715 1716//1716 1676//1676
f 1716//1716 1677//1677 1676//1676
f 1716//1716 1717//1717 1677//1677
f 1717//1717 1678//1678 1677//1677
f 1717//1717 1718//1718 1678//1678
f 1718//1718 1679//1679 1678//1678
f 1718//1718 1719//1719 1679//1679
f 1719//1719 1680//1680 1679//1679
f 1719//1719 1720//1720 1680//1680
f 1720//1720 1681//1681 1680//1680
f 1720//1720 1721//1721 1681//1681
f 1721//1721 1682//1682 1681//1681
f 1721//1721 1722//1722 1682//1682
f 1722//1722 1683//1683 1682//1682
f 1722//1722 1723//1723 1683//1683
f 1723//1723 1684//1684 1683//1683
f 1723//1723 1724//1724 1684//1684
f 1724//1724 1685//1685 1684//1684
f 1724//1724 1725//1725 1685//1685
f 1725//1725 1686//1686 1685//1685
f 1725//1725 1726//1726 1686//1686
f 1726//1726 1647//1647 1686//1686
f 1726//1726 1687//1687 1647//1647
f 1727//1727 1688//1688 1687//1687
f 1727//1727 1728//1728 1688//1688
f 1728//1728 1689//1689 1688//1688
f 1728//1728 1729//1729 1689//1689
f 1729//1729 1690//1690 1689//1689
f 1729//1729 1730//1730 1690//1690
f 1730//1730 1691//1691 1690//1690
f 1730//1730 1731//1731 1691//1691
f 1731//1731 1692//1692 1691//1691
f 1731//1731 1732//1732 1692//1692
f 1732//1732 1693//1693 1692//1692
f 1732//1732 1733//1733 1693//1693
f 1733//1733 1694//1694 1693//1693
f 1733//1733 1734//1734 1694//1694
f 1734//1734 1695//1695 1694//1694
f 1734//1734 1735//1735 1695//1695
f 1735//1735 1696//1696 1695//1695
f 1735//1735 1736//1736 1696//1696
f 1736//1736 1697//1697 1696//1696
f 1736//1736 1737//1737 1697//1697
f 1737//1737 1698//1698 1697//1697
f 1737//1737 1738//1738 1698//1698
f 1738//1738 1699//1699 1698//1698
f 1738//1738 1739//1739 1699//1699
f 1739//1739 1700//1700 1699//1699
f 1739//1739 1740//1740 1700//1700
f 1740//1740 1701//1701 1700//1700
f 1740//1740 1741//1741 1701//1701
f 1741//1741 1702//1702 1701//1701
f 1741//1741 1742//1742 1702//1702
f 1742//1742 1703//1703 1702//1702
f 1742//1742 1743//1743 1703//1703
f 1743//1743 1704//1704 1703//1703
f 1743//1743 1744//1744 1704//1704
f 1744//1744 1705//1705 1704//1704
f 1744//1744 1745//1745 1705//1705
f 1745//1745 1706//1706 1705//1705
f 1745//1745 1746//1746 1706//1706
f 1746//1746 1707//1707 1706//1706
f 1746//1746 1747//1747 1707//1707
f 1747//1747 1708//1708 1707//1707
f 1747//1747 1748//1748 1708//1708
f 1748//1748 1709//1709 1708//1708
f 1748//1748 1749//1749 1709//1709
f 1749//1749 1710//1710 1709//1709
f 1749//1749 1750//1750 1710//1710
f 1750//1750 1711//1711 1710//1710
f 1750//1750 1751//1751 1711//1711
f 1751//1751 1712//1712 1711//1711
f 1751//1751 1752//1752 1712//1712
f 1752//1752 1713//1713 1712//1712
f 1752//1752 1753//1753 1713//1713
f 1753//1753 1714//1714 1713//1713
f 1753//1753 1754//1754 1714//1714
f 1754//1754 1715//1715 1714//1714
f 1754//1754 1755//1755 1715//1715
f 1755//1755 1716//1716 1715//1715
f 1755//1755 1756//1756 1716//1716
f 1756//1756 1717//1717 1716//1716
f 1756//1756 1757//1757 1717//1717
f 1757//1757 1718//1718 1717//1717
f 1757//1757 1758//1758 1718//1718
f 1758//1758 1719//1719 1718//1718
f 1758//1758 1759//1759 1719//1719
f 1759//1759 1720//1720 1719//1719
f 1759//1759 1760//1760 1720//1720
f 1760//1760 1721//1721 1720//1720
f 1760//1760 1761//1761 1721//1721
f 1761//1761 1722//1722 1721//1721
f 1761//1761 1762//1762 1722//1722
f 1762//1762 1723//1723 1722//1722
f 1762//1762 1763//1763 1723//1723
f 1763//1763 1724//1724 1723//1723
f 1763//1763 1764//1764 1724//1724
f 1764//1764 1725//1725 1724//1724
f 1764//1764 1765//1765 1725//1725
f 1765//1765 1726//1726 1725//1725
f 1765//1765 1766//1766 1726//1726
f 1766//1766 1687//1687 1726//1726
f 1766//1766 1727//1727 1687//1687
f 1767//1767 1728//1728 1727//1727
f 1767//1767 1768//1768 1728//1728
f 1768//1768 1729//1729 1728//1728
f 1768//1768 1769//1769 1729//1729
f 1769//1769 1730//1730 1729//1729
f 1769//1769 1770//1770 1730//1730
f 1770//1770 1731//1731 1730//1730
f 1770//1770 1771//1771 1731//1731
f 1771//1771 1732//1732 1731//1731
f 1771//1771 1772//1772 1732//1732
f 1772//1772 1733//1733 1732//1732
f 1772//1772 1773//1773 1733//1733
f 1773//1773 1734//1734 1733//1733
f 1773//1773 1774//1774 1734//1734
f 1774//1774 1735//1735 1734//1734
f 1774//1774 1775//1775 1735//1735
f 1775//1775 1736//1736 1735//1735
f 1775//1775 1776//1776 1736//1736
f 1776//1776 1737//1737 1736//1736
f 1776//1776 1777//1777 1737//1737
f 1777//1777 1738//1738 1737//1737
f 1777//1777 1778//1778 1738//1738
f 1778//1778 1739//1739 1738//1738
f 1778//1778 1779//1779 1739//1739
f 1779//1779 1740//1740 1739//1739
f 1779//1779 1780//1780 1740//1740
f 1780//1780 1741//1741 1740//1740
f 1780//1780 1781//1781 1741//1741
f 1781//1781 1742//1742 1741//1741
f 1781//1781 1782//1782 1742//1742
f 1782//1782 1743//1743 1742//1742
f 1782//1782 1783//1783 1743//1743
f 1783//1783 1744//1744 1743//1743
f 1783//1783 1784//1784 1744//1744
f 1784//1784 1745//1745 1744//1744
f 1784//1784 1785//1785 1745//1745
f 1785//1785 1746//1746 1745//1745
f 1785//1785 1786//1786 1746//1746
f 1786//1786 1747//1747 1746//1746
f 1786//1786 1787//1787 1747//1747
f 1787//1787 1748//1748 1747//1747
f 1787//1787 1788//1788 1748//1748
f 1788//1788 1749//1749 1748//1748
f 1788//1788 1789//1789 1749//1749
f 1789//1789 1750//1750 1749//1749
f 1789//1789 1790//1790 1750//1750
f 1790//1790 1751//1751 1750//1750
f 1790//1790 1791//1791 1751//1751
f 1791//1791 1752//1752 1751//1751
f 1791//1791 1792//1792 1752//1752
f 1792//1792 1753//1753 1752//1752
f 1792//1792 1793//1793 1753//1753
f 1793//1793 1754//1754 1753//1753
f 1793//1793 1794//1794 1754//1754
f 1794//1794 1755//1755 1754//1754
f 1794//1794 1795//1795 1755//1755
f 1795//1795 1756//1756 1755//1755
f 1795//1795 1796//1796 1756//1756
f 1796//1796 1757//1757 1756//1756
f 1796//1796 1797//1797 1757//1757
f 1797//1797 1758//1758 1757//1757
f 1797//1797 1798//1798 1758//1758
f 1798//1798 1759//1759 1758//1758
f 1798//1798 1799//1799 1759//1759
f 1799//1799 1760//1760 1759//1759
f 1799//1799 1800//1800 1760//1760
f 1800//1800 1761//1761 1760//1760
f 1800//1800 1801//1801 1761//1761
f 1801//1801 1762//1762 1761//1761
f 1801//1801 1802//1802 1762//1762
f 1802//1802 1763//1763 1762//1762
f 1802//1802 1803//1803 1763//1763
f 1803//1803 1764//1764 1763//1763
f 1803//1803 1804//1804 1764//1764
f 1804//1804 1765//1765 1764//1764
f 1804//1804 1805//1805 1765//1765
f 1805//1805 1766//1766 1765//1765
f 1805//1805 1806//1806 1766//1766
f 1806//1806 1727//1727 1766//1766
f 1806//1806 1767//1767 1727//1727
f 1807//1807 1768//1768 1767//1767
f 1807//1807 1808//1808 1768//1768
f 1808//1808 1769//1769 1768//1768
f 1808//1808 1809//1809 1769//1769
f 1809//1809 1770//1770 1769//1769
f 1809//1809 1810//1810 1770//1770
f 1810//1810 1771//1771 1770//1770
f 1810//1810 1811//1811 1771//1771
f 1811//1811 1772//1772 1771//1771
f 1811//1811 1812//1812 1772//1772
f 1812//1812 1773//1773 1772//1772
f 1812//1812 1813//1813 1773//1773
f 1813//1813 1774//1774 1773//1773
f 1813//1813 1814//1814 1774//1774
f 1814//1814 1775//1775 1774//1774
f 1814//1814 1815//1815 1775//1775
f 1815//1815 1776//1776 1775//1775
f 1815//1815 1816//1816 1776//1776
f 1816//1816 1777//1777 1776//1776
f 1816//1816 1817//1817 1777//1777
f 1817//1817 1778//1778 1777//1777
f 1817//1817 1818//1818 1778//1778
f 1818//1818 1779//1779 1778//1778
f 1818//1818 1819//1819 1779//1779
f 1819//1819 1780//1780 1779//1779
f 1819//1819 1820//1820 1780//1780
f 1820//1820 1781//1781 1780//1780
f 1820//1820 1821//1821 1781//1781
f 1821//1821 1782//1782 1781//1781
f 1821//1821 1822//1822 1782//1782
f 1822//1822 1783//1783 1782//1782
f 1822//1822 1823//1823 1783//1783
f 1823//1823 1784//1784 1783//1783
f 1823//1823 1824//1824 1784//1784
f 1824//1824 1785//1785 1784//1784
f 1824//1824 1825//1825 1785//1785
f 1825//1825 1786//1786 1785//1785
f 1825//1825 1826//1826 1786//1786
f 1826//1826 1787//1787 1786//1786
f 1826//1826 1827//1827 1787//1787
f 1827//1827 1788//1788 1787//1787
f 1827//1827 1828//1828 1788//1788
f 1828//1828 1789//1789 1788//1788
f 1828//1828 1829//1829 1789//1789
f 1829//1829 1790//1790 1789//1789
f 1829//1829 1830//1830 1790//1790
f 1830//1830 1791//1791 1790//1790
f 1830//1830 1831//1831 1791//1791
f 1831//1831 1792//1792 1791//1791
f 1831//1831 1832//1832 1792//1792
f 1832//1832 1793//1793 1792//1792
f 1832//1832 1833//1833 1793//1793
f 1833//1833 1794//1794 1793//1793
f 1833//1833 1834//1834 1794//1794
f 1834//1834 1795//1795 1794//1794
f 1834//1834 1835//1835 1795//1795
f 1835//1835 1796//1796 1795//1795
f 1835//1835 1836//1836 1796//1796
f 1836//1836 1797//1797 1796//1796
f 1836//1836 1837//1837 1797//1797
f 1837//1837 1798//1798 1797//1797
f 1837//1837 1838//1838 1798//1798
f 1838//1838 1799//1799 1798//1798
f 1838//1838 1839//1839 1799//1799
f 1839//1839 1800//1800 1799//1799
f 1839//1839 1840//1840 1800//1800
f 1840//1840 1801//1801 1800//1800
f 1840//1840 1841//1841 1801//1801
f 1841//1841 1802//1802 1801//1801
f 1841//1841 1842//1842 1802//1802
f 1842//1842 1803//1803 1802//1802
f 1842//1842 1843//1843 1803//1803
f 1843//1843 1804//1804 1803//1803
f 1843//1843 1844//1844 1804//1804
f 1844//1844 1805//1805 1804//1804
f 1844//1844 1845//1845 1805//1805
f 1845//1845 1806//1806 1805//1805
f 1845//1845 1846//1846 1806//1806
f 1846//1846 1767//1767 1806//1806
f 1846//1846 1807//1807 1767//1767
f 1847//1847 1808//1808 1807//1807
f 1847//1847 1848//1848 1808//1808
f 1848//1848 1809//1809 1808//1808
f 1848//1848 1849//1849 1809//1809
f 1849//1849 1810//1810 1809//1809
f 1849//1849 1850//1850 1810//1810
f 1850//1850 1811//1811 1810//1810
f 1850//1850 1851//1851 1811//1811
f 1851//1851 1812//1812 1811//1811
f 1851//1851 1852//1852 1812//1812
f 1852//1852 1813//1813 1812//1812
f 1852//1852 1853//1853 1813//1813
f 1853//1853 1814//1814 1813//1813
f 1853//1853 1854//1854 1814//1814
f 1854//1854 1815//1815 1814//1814
f 1854//1854 1855//1855 1815//1815
f 1855//1855 1816//1816 1815//1815
f 1855//1855 1856//1856 1816//1816
f 1856//1856 1817//1817 1816//1816
f 1856//1856 1857//1857 1817//1817
f 1857//1857 1818//1818 1817//1817
f 1857//1857 1858//1858 1818//1818
f 1858//1858 1819//1819 1818//1818
f 1858//1858 1859//1859 1819//1819
f 1859//1859 1820//1820 1819//1819
f 1859//1859 1860//1860 1820//1820
f 1860//1860 1821//1821 1820//1820
f 1860//1860 1861//1861 1821//1821
f 1861//1861 1822//1822 1821//1821
f 1861//1861 1862//1862 1822//1822
f 1862//1862 1823//1823 1822//1822
f 1862//1862 1863//1863 1823//1823
f 1863//1863 1824//1824 1823//1823
f 1863//1863 1864//1864 1824//1824
f 1864//1864 1825//1825 1824//1824
f 1864//1864 1865//1865 1825//1825
f 1865//1865 1826//1826 1825//1825
f 1865//1865 1866//1866 1826//1826
f 1866//1866 1827//1827 1826//1826
f 1866//1866 1867//1867 1827//1827
f 1867//1867 1828//1828 1827//1827
f 1867//1867 1868//1868 1828//1828
f 1868//1868 1829//1829 1828//1828
f 1868//1868 1869//1869 1829//1829
f 1869//1869 1830//1830 1829//1829
f 1869//1869 1870//1870 1830//1830
f 1870//1870 1831//1831 1830//1830
f 1870//1870 1871//1871 1831//1831
f 1871//1871 1832//1832 1831//1831
f 1871//1871 1872//1872 1832//1832
f 1872//1872 1833//1833 1832//1832
f 1872//1872 1873//1873 1833//1833
f 1873//1873 1834//1834 1833//1833
f 1873//1873 1874//1874 1834//1834
f 1874//1874 1835//1835 1834//1834
f 1874//1874 1875//1875 1835//1835
f 1875//1875 1836//1836 1835//1835
f 1875//1875 1876//1876 1836//1836
f 1876//1876 1837//1837 1836//1836
f 1876//1876 1877//1877 1837//1837
f 1877//1877 1838//1838 1837//1837
f 1877//1877 1878//1878 1838//1838
f 1878//1878 1839//1839 1838//1838
f 1878//1878 1879//1879 1839//1839
f 1879//1879 1840//1840 1839//1839
f 1879//1879 1880//1880 1840//1840
f 1880//1880 1841//1841 1840//1840
f 1880//1880 1881//1881 1841//1841
f 1881//1881 1842//1842 1841//1841
f 1881//1881 1882//1882 1842//1842
f 1882//1882 1843//1843 1842//1842
f 1882//1882 1883//1883 1843//1843
f 1883//1883 1844//1844 1843//1843
f 1883//1883 1884//1884 1844//1844
f 1884//1884 1845//1845 1844//1844
f 1884//1884 1885//1885 1845//1845
f 1885//1885 1846//1846 1845//1845
f 1885//1885 1886//1886 1846//1846
f 1886//1886 1807//1807 1846//1846
f 1886//1886 1847//1847 1807//1807
f 1887//1887 1848//1848 1847//1847
f 1887//1887 1888//1888 1848//1848
f 1888//1888 1849//1849 1848//1848
f 1888//1888 1889//1889 1849//1849
f 1889//1889 1850//1850 1849//1849
f 1889//1889 1890//1890 1850//1850
f 1890//1890 1851//1851 1850//1850
f 1890//1890 1891//1891 1851//1851
f 1891//1891 1852//1852 1851//1851
f 1891//1891 1892//1892 1852//1852
f 1892//1892 1853//1853 1852//1852
f 1892//1892 1893//1893 1853//1853
f 1893//1893 1854//1854 1853//1853
f 1893//1893 1894//1894 1854//1854
f 1894//1894 1855//1855 1854//1854
f 1894//1894 1895//1895 1855//1855
f 1895//1895 1856//1856 1855//1855
f 1895//1895 1896//1896 1856//1856
f 1896//1896 1857//1857 1856//1856
f 1896//1896 1897//1897 1857//1857
f 1897//1897 1858//1858 1857//1857
f 1897//1897 1898//1898 1858//1858
f 1898//1898 1859//1859 1858//1858
f 1898//1898 1899//1899 1859//1859
f 1899//1899 1860//1860 1859//1859
f 1899//1899 1900//1900 1860//1860
f 1900//1900 1861//1861 1860//1860
f 1900//1900 1901//1901 1861//1861
f 1901//1901 1862//1862 1861//1861
f 1901//1901 1902//1902 1862//1862
f 1902//1902 1863//1863 1862//1862
f 1902//1902 1903//1903 1863//1863
f 1903//1903 1864//1864 1863//1863
f 1903//1903 1904//1904 1864//1864
f 1904//1904 1865//1865 1864//1864
f 1904//1904 1905//1905 1865//1865
f 1905//1905 1866//1866 1865//1865
f 1905//1905 1906//1906 1866//1866
f 1906//1906 1867//1867 1866//1866
f 1906//1906 1907//1907 1867//1867
f 1907//1907 1868//1868 1867//1867
f 1907//1907 1908//1908 1868//1868
f 1908//1908 1869//1869 1868//1868
f 1908//1908 1909//1909 1869//1869
f 1909//1909 1870//1870 1869//1869
f 1909//1909 1910//1910 1870//1870
f 1910//1910 1871//1871 1870//1870
f 1910//1910 1911//1911 1871//1871
f 1911//1911 1872//1872 1871//1871
f 1911//1911 1912//1912 1872//1872
f 1912//1912 1873//1873 1872//1872
f 1912//1912 1913//1913 1873//1873
f 1913//1913 1874//1874 1873//1873
f 1913//1913 1914//1914 1874//1874
f 1914//1914 1875//1875 1874//1874
f 1914//1914 1915//1915 1875//1875
f 1915//1915 1876//1876 1875//1875
f 1915//1915 1916//1916 1876//1876
f 1916//1916 1877//1877 1876//1876
f 1916//1916 1917//1917 1877//1877
f 1917//1917 1878//1878 1877//1877
f 1917//1917 1918//1918 1878//1878
f 1918//1918 1879//1879 1878//1878
f 1918//1918 1919//1919 1879//1879
f 1919//1919 1880//1880 1879//1879
f 1919//1919 1920//1920 1880//1880
f 1920//1920 1881//1881 1880//1880
f 1920//1920 1921//1921 1881//1881
f 1921//1921 1882//1882 1881//1881
f 1921//1921 1922//1922 1882//1882
f 1922//1922 1883//1883 1882//1882
f 1922//1922 1923//1923 1883//1883
f 1923//1923 1884//1884 1883//1883
f 1923//1923 1924//1924 1884//1884
f 1924//1924 1885//1885 1884//1884
f 1924//1924 1925//1925 1885//1885
f 1925//1925 1886//1886 1885//1885
f 1925//1925 1926//1926 1886//1886
f 1926//1926 1847//1847 1886//1886
f 1926//1926 1887//1887 1847//1847
f 1927//1927 1888//1888 1887//1887
f 1927//1927 1928//1928 1888//1888
f 1928//1928 1889//1889 1888//1888
f 1928//1928 1929//1929 1889//1889
f 1929//1929 1890//1890 1889//1889
f 1929//1929 1930//1930 1890//1890
f 1930//1930 1891//1891 1890//1890
f 1930//1930 1931//1931 1891//1891
f 1931//1931 1892//1892 1891//1891
f 1931//1931 1932//1932 1892//1892
f 1932//1932 1893//1893 1892//1892
f 1932//1932 1933//1933 1893//1893
f 1933//1933 1894//1894 1893//1893
f 1933//1933 1934//1934 1894//1894
f 1934//1934 1895//1895 1894//1894
f 1934//1934 1935//1935 1895//1895
f 1935//1935 1896//1896 1895//1895
f 1935//1935 1936//1936 1896//1896
f 1936//1936 1897//1897 1896//1896
f 1936//1936 1937//1937 1897//1897
f 1937//1937 1898//1898 1897//1897
f 1937//1937 1938//1938 1898//1898
f 1938//1938 1899//1899 1898//1898
f 1938//1938 1939//1939 1899//1899
f 1939//1939 1900//1900 1899//1899
f 1939//1939 1940//1940 1900//1900
f 1940//1940 1901//1901 1900//1900
f 1940//1940 1941//1941 1901//1901
f 1941//1941 1902//1902 1901//1901
f 1941//1941 1942//1942 1902//1902
f 1942//1942 1903//1903 1902//1902
f 1942//1942 1943//1943 1903//1903
f 1943//1943 1904//1904 1903//1903
f 1943//1943 1944//1944 1904//1904
f 1944//1944 1905//1905 1904//1904
f 1944//1944 1945//1945 1905//1905
f 1945//1945 1906//1906 1905//1905
f 1945//1945 1946//1946 1906//1906
f 1946//1946 1907//1907 1906//1906
f 1946//1946 1947//1947 1907//1907
f 1947//1947 1908//1908 1907//1907
f 1947//1947 1948//1948 1908//1908
f 1948//1948 1909//1909 1908//1908
f 1948//1948 1949//1949 1909//1909
f 1949//1949 1910//1910 1909//1909
f 1949//1949 1950//1950 1910//1910
f 1950//1950 1911//1911 1910//1910
f 1950//1950 1951//1951 1911//1911
f 1951//1951 1912//1912 1911//1911
f 1951//1951 1952//1952 1912//1912
f 1952//1952 1913//1913 1912//1912
f 1952//1952 1953//1953 1913//1913
f 1953//1953 1914//1914 1913//1913
f 1953//1953 1954//1954 1914//1914
f 1954//1954 1915//1915 1914//1914
f 1954//1954 1955//1955 1915//1915
f 1955//1955 1916//1916 1915//1915
f 1955//1955 1956//1956 1916//1916
f 1956//1956 1917//1917 1916//1916
f 1956//1956 1957//1957 1917//1917
f 1957//1957 1918//1918 1917//1917
f 1957//1957 1958//1958 1918//1918
f 1958//1958 1919//1919 1918//1918
f 1958//1958 1959//1959 1919//1919
f 1959//1959 1920//1920 1919//1919
f 1959//1959 1960//1960 1920//1920
f 1960//1960 1921//1921 1920//1920
f 1960//1960 1961//1961 1921//1921
f 1961//1961 1922//1922 1921//1921
f 1961//1961 1962//1962 1922//1922
f 1962//1962 1923//1923 1922//1922
f 1962//1962 1963//1963 1923//1923
f 1963//1963 1924//1924 1923//1923
f 1963//1963 1964//1964 1924//1924
f 1964//1964 1925//1925 1924//1924
f 1964//1964 1965//1965 1925//1925
f 1965//1965 1926//1926 1925//1925
f 1965//1965 1966//1966 1926//1926
f 1966//1966 1887//1887 1926//1926
f 1966//1966 1927//1927 1887//1887
f 1967//1967 1928//1928 1927//1927
f 1967//1967 1968//1968 1928//1928
f 1968//1968 1929//1929 1928//1928
f 1968//1968 1969//1969 1929//1929
f 1969//1969 1930//1930 1929//1929
f 1969//1969 1970//1970 1930//1930
f 1970//1970 1931//1931 1930//1930
f 1970//1970 1971//1971 1931//1931
f 1971//1971 1932//1932 1931//1931
f 1971//1971 1972//1972 1932//1932
f 1972//1972 1933//1933 1932//1932
f 1972//1972 1973//1973 1933//1933
f 1973//1973 1934//1934 1933//1933
f 1973//1973 1974//1974 1934//1934
f 1974//1974 1935//1935 1934//1934
f 1974//1974 1975//1975 1935//1935
f 1975//1975 1936//1936 1935//1935
f 1975//1975 1976//1976 1936//1936
f 1976//1976 1937//1937 1936//1936
f 1976//1976 1977//1977 1937//1937
f 1977//1977 1938//1938 1937//1937
f 1977//1977 1978//1978 1938//1938
f 1978//1978 1939//1939 1938//1938
f 1978//1978 1979//1979 1939//1939
f 1979//1979 1940//1940 1939//1939
f 1979//1979 1980//1980 1940//1940
f 1980//1980 1941//1941 1940//1940
f 1980//1980 1981//1981 1941//1941
f 1981//1981 1942//1942 1941//1941
f 1981//1981 1982//1982 1942//1942
f 1982//1982 1943//1943 1942//1942
f 1982//1982 1983//1983 1943//1943
f 1983//1983 1944//1944 1943//1943
f 1983//1983 1984//1984 1944//1944
f 1984//1984 1945//1945 1944//1944
f 1984//1984 1985//1985 1945//1945
f 1985//1985 1946//1946 1945//1945
f 1985//1985 1986//1986 1946//1946
f 1986//1986 1947//1947 1946//1946
f 1986//1986 1987//1987 1947//1947
f 1987//1987 1948//1948 1947//1947
f 1987//1987 1988//1988 1948//1948
f 1988//1988 1949//1949 1948//1948
f 1988//1988 1989//1989 1949//1949
f 1989//1989 1950//1950 1949//1949
f 1989//1989 1990//1990 1950//1950
f 1990//1990 1951//1951 1950//1950
f 1990//1990 1991//1991 1951//1951
f 1991//1991 1952//1952 1951//1951
f 1991//1991 1992//1992 1952//1952
f 1992//1992 1953//1953 1952//1952
f 1992//1992 1993//1993 1953//1953
f 1993//1993 1954//1954 1953//1953
f 1993//1993 1994//1994 1954//1954
f 1994//1994 1955//1955 1954//1954
f 1994//1994 1995//1995 1955//1955
f 1995//1995 1956//1956 1955//1955
f 1995//1995 1996//1996 1956//1956
f 1996//1996 1957//1957 1956//1956
f 1996//1996 1997//1997 1957//1957
f 1997//1997 1958//1958 1957//1957
f 1997//1997 1998//1998 1958//1958
f 1998//1998 1959//1959 1958//1958
f 1998//1998 1999//1999 1959//1959
f 1999//1999 1960//1960 1959//1959
f 1999//1999 2000//2000 1960//1960
f 2000//2000 1961//1961 1960//1960
f 2000//2000 2001//2001 1961//1961
f 2001//2001 1962//1962 1961//1961
f 2001//2001 2002//2002 1962//1962
f 2002//2002 1963//1963 1962//1962
f 2002//2002 2003//2003 1963//1963
f 2003//2003 1964//1964 1963//1963
f 2003//2003 2004//2004 1964//1964
f 2004//2004 1965//1965 1964//1964
f 2004//2004 2005//2005 1965//1965
f 2005//2005 1966//1966 1965//1965
f 2005//2005 2006//2006 1966//1966
f 2006//2006 1927//1927 1966//1966
f 2006//2006 1967//1967 1927//1927
f 2007//2007 1968//1968 1967//1967
f 2007//2007 2008//2008 1968//1968
f 2008//2008 1969//1969 1968//1968
f 2008//2008 2009//2009 1969//1969
f 2009//2009 1970//1970 1969//1969
f 2009//2009 2010//2010 1970//1970
f 2010//2010 1971//1971 1970//1970
f 2010//2010 2011//2011 1971//1971
f 2011//2011 1972//1972 1971//1971
f 2011//2011 2012//2012 1972//1972
f 2012//2012 1973//1973 1972//1972
f 2012//2012 2013//2013 1973//1973
f 2013//2013 1974//1974 1973//1973
f 2013//2013 2014//2014 1974//1974
f 2014//2014 1975//1975 1974//1974
f 2014//2014 2015//2015 1975//1975
f 2015//2015 1976//1976 1975//1975
f 2015//2015 2016//2016 1976//1976
f 2016//2016 1977//1977 1976//1976
f 2016//2016 2017//2017 1977//1977
f 2017//2017 1978//1978 1977//1977
f 2017//2017 2018//2018 1978//1978
f 2018//2018 1979//1979 1978//1978
f 2018//2018 2019//2019 1979//1979
f 2019//2019 1980//1980 1979//1979
f 2019//2019 2020//2020 1980//1980
f 2020//2020 1981//1981 1980//1980
f 2020//2020 2021//2021 1981//1981
f 2021//2021 1982//1982 1981//1981
f 2021//2021 2022//2022 1982//1982
f 2022//2022 1983//1983 1982//1982
f 2022//2022 2023//2023 1983//1983
f 2023//2023 1984//1984 1983//1983
f 2023//2023 2024//2024 1984//1984
f 2024//2024 1985//1985 1984//1984
f 2024//2024 2025//2025 1985//1985
f 2025//2025 1986//1986 1985//1985
f 2025//2025 2026//2026 1986//1986
f 2026//2026 1987//1987 1986//1986
f 2026//2026 2027//2027 1987//1987
f 2027//2027 1988//1988 1987//1987
f 2027//2027 2028//2028 1988//1988
f 2028//2028 1989//1989 1988//1988
f 2028//2028 2029//2029 1989//1989
f 2029//2029 1990//1990 1989//1989
f 2029//2029 2030//2030 1990//1990
f 2030//2030 1991//1991 1990//1990
f 2030//2030 2031//2031 1991//1991
f 2031//2031 1992//1992 1991//1991
f 2031//2031 2032//2032 1992//1992
f 2032//2032 1993//1993 1992//1992
f 2032//2032 2033//2033 1993//1993
f 2033//2033 1994//1994 1993//1993
f 2033//2033 2034//2034 1994//1994
f 2034//2034 1995//1995 1994//1994
f 2034//2034 2035//2035 1995//1995
f 2035//2035 1996//1996 1995//1995
f 2035//2035 2036//2036 1996//1996
f 2036//2036 1997//1997 1996//1996
f 2036//2036 2037//2037 1997//1997
f 2037//2037 1998//1998 1997//1997
f 2037//2037 2038//2038 1998//1998
f 2038//2038 1999//1999 1998//1998
f 2038//2038 2039//2039 1999//1999
f 2039//2039 2000//2000 1999//1999
f 2039//2039 2040//2040 2000//2000
f 2040//2040 2001//2001 2000//2000
f 2040//2040 2041//2041 2001//2001
f 2041//2041 2002//2002 2001//2001
f 2041//2041 2042//2042 2002//2002
f 2042//2042 2003//2003 2002//2002
f 2042//2042 2043//2043 2003//2003
f 2043//2043 2004//2004 2003//2003
f 2043//2043 2044//2044 2004//2004
f 2044//2044 2005//2005 2004//2004
f 2044//2044 2045//2045 2005//2005
f 2045//2045 2006//2006 2005//2005
f 2045//2045 2046//2046 2006//2006
f 2046//2046 1967//1967 2006//2006
f 2046//2046 2007//2007 1967//1967
f 2047//2047 2008//2008 2007//2007
f 2047//2047 2048//2048 2008//2008
f 2048//2048 2009//2009 2008//2008
f 2048//2048 2049//2049 2009//2009
f 2049//2049 2010//2010 2009//2009
f 2049//2049 2050//2050 2010//2010
f 2050//2050 2011//2011 2010//2010
f 2050//2050 2051//2051 2011//2011
f 2051//2051 2012//2012 2011//2011
f 2051//2051 2052//2052 2012//2012
f 2052//2052 2013//2013 2012//2012
f 2052//2052 2053//2053 2013//2013
f 2053//2053 2014//2014 2013//2013
f 2053//2053 2054//2054 2014//2014
f 2054//2054 2015//2015 2014//2014
f 2054//2054 2055//2055 2015//2015
f 2055//2055 2016//2016 2015//2015
f 2055//2055 2056//2056 2016//2016
f 2056//2056 2017//2017 2016//2016
f 2056//2056 2057//2057 2017//2017
f 2057//2057 2018//2018 2017//2017
f 2057//2057 2058//2058 2018//2018
f 2058//2058 2019//2019 2018//2018
f 2058//2058 2059//2059 2019//2019
f 2059//2059 2020//2020 2019//2019
f 2059//2059 2060//2060 2020//2020
f 2060//2060 2021//2021 2020//2020
f 2060//2060 2061//2061 2021//2021
f 2061//2061 2022//2022 2021//2021
f 2061//2061 2062//2062 2022//2022
f 2062//2062 2023//2023 2022//2022
f 2062//2062 2063//2063 2023//2023
f 2063//2063 2024//2024 2023//2023
f 2063//2063 2064//2064 2024//2024
f 2064//2064 2025//2025 2024//2024
f 2064//2064 2065//2065 2025//2025
f 2065//2065 2026//2026 2025//2025
f 2065//2065 2066//2066 2026//2026
f 2066//2066 2027//2027 2026//2026
f 2066//2066 2067//2067 2027//2027
f 2067//2067 2028//2028 2027//2027
f 2067//2067 2068//2068 2028//2028
f 2068//2068 2029//2029 2028//2028
f 2068//2068 2069//2069 2029//2029
f 2069//2069 2030//2030 2029//2029
f 2069//2069 2070//2070 2030//2030
f 2070//2070 2031//2031 2030//2030
f 2070//2070 2071//2071 2031//2031
f 2071//2071 2032//2032 2031//2031
f 2071//2071 2072//2072 2032//2032
f 2072//2072 2033//2033 2032//2032
f 2072//2072 2073//2073 2033//2033
f 2073//2073 2034//2034 2033//2033
f 2073//2073 2074//2074 2034//2034
f 2074//2074 2035//2035 2034//2034
f 2074//2074 2075//2075 2035//2035
f 2075//2075 2036//2036 2035//2035
f 2075//2075 2076//2076 2036//2036
f 2076//2076 2037//2037 2036//2036
f 2076//2076 2077//2077 2037//2037
f 2077//2077 2038//2038 2037//2037
f 2077//2077 2078//2078 2038//2038
f 2078//2078 2039//2039 2038//2038
f 2078//2078 2079//2079 2039//2039
f 2079//2079 2040//2040 2039//2039
f 2079//2079 2080//2080 2040//2040
f 2080//2080 2041//2041 2040//2040
f 2080//2080 2081//2081 2041//2041
f 2081//2081 2042//2042 2041//2041
f 2081//2081 2082//2082 2042//2042
f 2082//2082 2043//2043 2042//2042
f 2082//2082 2083//2083 2043//2043
f 2083//2083 2044//2044 2043//2043
f 2083//2083 2084//2084 2044//2044
f 2084//2084 2045//2045 2044//2044
f 2084//2084 2085//2085 2045//2045
f 2085//2085 2046//2046 2045//2045
f 2085//2085 2086//2086 2046//2046
f 2086//2086 2007//2007 2046//2046
f 2086//2086 2047//2047 2007//2007
f 2087//2087 2048//2048 2047//2047
f 2087//2087 2088//2088 2048//2048
f 2088//2088 2049//2049 2048//2048
f 2088//2088 2089//2089 2049//2049
f 2089//2089 2050//2050 2049//2049
f 2089//2089 2090//2090 2050//2050
f 2090//2090 2051//2051 2050//2050
f 2090//2090 2091//2091 2051//2051
f 2091//2091 2052//2052 2051//2051
f 2091//2091 2092//2092 2052//2052
f 2092//2092 2053//2053 2052//2052
f 2092//2092 2093//2093 2053//2053
f 2093//2093 2054//2054 2053//2053
f 2093//2093 2094//2094 2054//2054
f 2094//2094 2055//2055 2054//2054
f 2094//2094 2095//2095 2055//2055
f 2095//2095 2056//2056 2055//2055
f 2095//2095 2096//2096 2056//2056
f 2096//2096 2057//2057 2056//2056
f 2096//2096 2097//2097 2057//2057
f 2097//2097 2058//2058 2057//2057
f 2097//2097 2098//2098 2058//2058
f 2098//2098 2059//2059 2058//2058
f 2098//2098 2099//2099 2059//2059
f 2099//2099 2060//2060 2059//2059
f 2099//2099 2100//2100 2060//2060
f 2100//2100 2061//2061 2060//2060
f 2100//2100 2101//2101 2061//2061
f 2101//2101 2062//2062 2061//2061
f 2101//2101 2102//2102 2062//2062
f 2102//2102 2063//2063 2062//2062
f 2102//2102 2103//2103 2063//2063
f 2103//2103 2064//2064 2063//2063
f 2103//2103 2104//2104 2064//2064
f 2104//2104 2065//2065 2064//2064
f 2104//2104 2105//2105 2065//2065
f 2105//2105 2066//2066 2065//2065
f 2105//2105 2106//2106 2066//2066
f 2106//2106 2067//2067 2066//2066
f 2106//2106 2107//2107 2067//2067
f 2107//2107 2068//2068 2067//2067
f 2107//2107 2108//2108 2068//2068
f 2108//2108 2069//2069 2068//2068
f 2108//2108 2109//2109 2069//2069
f 2109//2109 2070//2070 2069//2069
f 2109//2109 2110//2110 2070//2070
f 2110//2110 2071//2071 2070//2070
f 2110//2110 2111//2111 2071//2071
f 2111//2111 2072//2072 2071//2071
f 2111//2111 2112//2112 2072//2072
f 2112//2112 2073//2073 2072//2072
f 2112//2112 2113//2113 2073//2073
f 2113//2113 2074//2074 2073//2073
f 2113//2113 2114//2114 2074//2074
f 2114//2114 2075//2075 2074//2074
f 2114//2114 2115//2115 2075//2075
f 2115//2115 2076//2076 2075//2075
f 2115//2115 2116//2116 2076//2076
f 2116//2116 2077//2077 2076//2076
f 2116//2116 2117//2117 2077//2077
f 2117//2117 2078//2078 2077//2077
f 2117//2117 2118//2118 2078//2078
f 2118//2118 2079//2079 2078//2078
f 2118//2118 2119//2119 2079//2079
f 2119//2119 2080//2080 2079//2079
f 2119//2119 2120//2120 2080//2080
f 2120//2120 2081//2081 2080//2080
f 2120//2120 2121//2121 2081//2081
f 2121//2121 2082//2082 2081//2081
f 2121//2121 2122//2122 2082//2082
f 2122//2122 2083//2083 2082//2082
f 2122//2122 2123//2123 2083//2083
f 2123//2123 2084//2084 2083//2083
f 2123//2123 2124//2124 2084//2084
f 2124//2124 2085//2085 2084//2084
f 2124//2124 2125//2125 2085//2085
f 2125//2125 2086//2086 2085//2085
f 2125//2125 2126//2126 2086//2086
f 2126//2126 2047//2047 2086//2086
f 2126//2126 2087//2087 2047//2047
f 2127//2127 2088//2088 2087//2087
f 2127//2127 2128//2128 2088//2088
f 2128//2128 2089//2089 2088//2088
f 2128//2128 2129//2129 2089//2089
f 2129//2129 2090//2090 2089//2089
f 2129//2129 2130//2130 2090//2090
f 2130//2130 2091//2091 2090//2090
f 2130//2130 2131//2131 2091//2091
f 2131//2131 2092//2092 2091//2091
f 2131//2131 2132//2132 2092//2092
f 2132//2132 2093//2093 2092//2092
f 2132//2132 2133//2133 2093//2093
f 2133//2133 2094//2094 2093//2093
f 2133//2133 2134//2134 2094//2094
f 2134//2134 2095//2095 2094//2094
f 2134//2134 2135//2135 2095//2095
f 2135//2135 2096//2096 2095//2095
f 2135//2135 2136//2136 2096//2096
f 2136//2136 2097//2097 2096//2096
f 2136//2136 2137//2137 2097//2097
f 2137//2137 2098//2098 2097//2097
f 2137//2137 2138//2138 2098//2098
f 2138//2138 2099//2099 2098//2098
f 2138//2138 2139//2139 2099//2099
f 2139//2139 2100//2100 2099//2099
f 2139//2139 2140//2140 2100//2100
f 2140//2140 2101//2101 2100//2100
f 2140//2140 2141//2141 2101//2101
f 2141//2141 2102//2102 2101//2101
f 2141//2141 2142//2142 2102//2102
f 2142//2142 2103//2103 2102//2102
f 2142//2142 2143//2143 2103//2103
f 2143//2143 2104//2104 2103//2103
f 2143//2143 2144//2144 2104//2104
f 2144//2144 2105//2105 2104//2104
f 2144//2144 2145//2145 2105//2105
f 2145//2145 2106//2106 2105//2105
f 2145//2145 2146//2146 2106//2106
f 2146//2146 2107//2107 2106//2106
f 2146//2146 2147//2147 2107//2107
f 2147//2147 2108//2108 2107//2107
f 2147//2147 2148//2148 2108//2108
f 2148//2148 2109//2109 2108//2108
f 2148//2148 2149//2149 2109//2109
f 2149//2149 2110//2110 2109//2109
f 2149//2149 2150//2150 2110//2110
f 2150//2150 2111//2111 2110//2110
f 2150//2150 2151//2151 2111//2111
f 2151//2151 2112//2112 2111//2111
f 2151//2151 2152//2152 2112//2112
f 2152//2152 2113//2113 2112//2112
f 2152//2152 2153//2153 2113//2113
f 2153//2153 2114//2114 2113//2113
f 2153//2153 2154//2154 2114//2114
f 2154//2154 2115//2115 2114//2114
f 2154//2154 2155//2155 2115//2115
f 2155//2155 2116//2116 2115//2115
f 2155//2155 2156//2156 2116//2116
f 2156//2156 2117//2117 2116//2116
f 2156//2156 2157//2157 2117//2117
f 2157//2157 2118//2118 2117//2117
f 2157//2157 2158//2158 2118//2118
f 2158//2158 2119//2119 2118//2118
f 2158//2158 2159//2159 2119//2119
f 2159//2159 2120//2120 2119//2119
f 2159//2159 2160//2160 2120//2120
f 2160//2160 2121//2121 2120//2120
f 2160//2160 2161//2161 2121//2121
f 2161//2161 2122//2122 2121//2121
f 2161//2161 2162//2162 2122//2122
f 2162//2162 2123//2123 2122//2122
f 2162//2162 2163//2163 2123//2123
f 2163//2163 2124//2124 2123//2123
f 2163//2163 2164//2164 2124//2124
f 2164//2164 2125//2125 2124//2124
f 2164//2164 2165//2165 2125//2125
f 2165//2165 2126//2126 2125//2125
f 2165//2165 2166//2166 2126//2126
f 2166//2166 2087//2087 2126//2126
f 2166//2166 2127//2127 2087//2087
f 2167//2167 2128//2128 2127//2127
f 2167//2167 2168//2168 2128//2128
f 2168//2168 2129//2129 2128//2128
f 2168//2168 2169//2169 2129//2129
f 2169//2169 2130//2130 2129//2129
f 2169//2169 2170//2170 2130//2130
f 2170//2170 2131//2131 2130//2130
f 2170//2170 2171//2171 2131//2131
f 2171//2171 2132//2132 2131//2131
f 2171//2171 2172//2172 2132//2132
f 2172//2172 2133//2133 2132//2132
f 2172//2172 2173//2173 2133//2133
f 2173//2173 2134//2134 2133//2133
f 2173//2173 2174//2174 2134//2134
f 2174//2174 2135//2135 2134//2134
f 2174//2174 2175//2175 2135//2135
f 2175//2175 2136//2136 2135//2135
f 2175//2175 2176//2176 2136//2136
f 2176//2176 2137//2137 2136//2136
f 2176//2176 2177//2177 2137//2137
f 2177//2177 2138//2138 2137//2137
f 2177//2177 2178//2178 2138//2138
f 2178//2178 2139//2139 2138//2138
f 2178//2178 2179//2179 2139//2139
f 2179//2179 2140//2140 2139//2139
f 2179//2179 2180//2180 2140//2140
f 2180//2180 2141//2141 2140//2140
f 2180//2180 2181//2181 2141//2141
f 2181//2181 2142//2142 2141//2141
f 2181//2181 2182//2182 2142//2142
f 2182//2182 2143//2143 2142//2142
f 2182//2182 2183//2183 2143//2143
f 2183//2183 2144//2144 2143//2143
f 2183//2183 2184//2184 2144//2144
f 2184//2184 2145//2145 2144//2144
f 2184//2184 2185//2185 2145//2145
f 2185//2185 2146//2146 2145//2145
f 2185//2185 2186//2186 2146//2146
f 2186//2186 2147//2147 2146//2146
f 2186//2186 2187//2187 2147//2147
f 2187//2187 2148//2148 2147//2147
f 2187//2187 2188//2188 2148//2148
f 2188//2188 2149//2149 2148//2148
f 2188//2188 2189//2189 2149//2149
f 2189//2189 2150//2150 2149//2149
f 2189//2189 2190//2190 2150//2150
f 2190//2190 2151//2151 2150//2150
f 2190//2190 2191//2191 2151//2151
f 2191//2191 2152//2152 2151//2151
f 2191//2191 2192//2192 2152//2152
f 2192//2192 2153//2153 2152//2152
f 2192//2192 2193//2193 2153//2153
f 2193//2193 2154//2154 2153//2153
f 2193//2193 2194//2194 2154//2154
f 2194//2194 2155//2155 2154//2154
f 2194//2194 2195//2195 2155//2155
f 2195//2195 2156//2156 2155//2155
f 2195//2195 2196//2196 2156//2156
f 2196//2196 2157//2157 2156//2156
f 2196//2196 2197//2197 2157//2157
f 2197//2197 2158//2158 2157//2157
f 2197//2197 2198//2198 2158//2158
f 2198//2198 2159//2159 2158//2158
f 2198//2198 2199//2199 2159//2159
f 2199//2199 2160//2160 2159//2159
f 2199//2199 2200//2200 2160//2160
f 2200//2200 2161//2161 2160//2160
f 2200//2200 2201//2201 2161//2161
f 2201//2201 2162//2162 2161//2161
f 2201//2201 2202//2202 2162//2162
f 2202//2202 2163//2163 2162//2162
f 2202//2202 2203//2203 2163//2163
f 2203//2203 2164//2164 2163//2163
f 2203//2203 2204//2204 2164//2164
f 2204//2204 2165//2165 2164//2164
f 2204//2204 2205//2205 2165//2165
f 2205//2205 2166//2166 2165//2165
f 2205//2205 2206//2206 2166//2166
f 2206//2206 2127//2127 2166//2166
f 2206//2206 2167//2167 2127//2127
f 2207//2207 2168//2168 2167//2167
f 2207//2207 2208//2208 2168//2168
f 2208//2208 2169//2169 2168//2168
f 2208//2208 2209//2209 2169//2169
f 2209//2209 2170//2170 2169//2169
f 2209//2209 2210//2210 2170//2170
f 2210//2210 2171//2171 2170//2170
f 2210//2210 2211//2211 2171//2171
f 2211//2211 2172//2172 2171//2171
f 2211//2211 2212//2212 2172//2172
f 2212//2212 2173//2173 2172//2172
f 2212//2212 2213//2213 2173//2173
f 2213//2213 2174//2174 2173//2173
f 2213//2213 2214//2214 2174//2174
f 2214//2214 2175//2175 2174//2174
f 2214//2214 2215//2215 2175//2175
f 2215//2215 2176//2176 2175//2175
f 2215//2215 2216//2216 2176//2176
f 2216//2216 2177//2177 2176//2176
f 2216//2216 2217//2217 2177//2177
f 2217//2217 2178//2178 2177//2177
f 2217//2217 2218//2218 2178//2178
f 2218//2218 2179//2179 2178//2178
f 2218//2218 2219//2219 2179//2179
f 2219//2219 2180//2180 2179//2179
f 2219//2219 2220//2220 2180//2180
f 2220//2220 2181//2181 2180//2180
f 2220//2220 2221//2221 2181//2181
f 2221//2221 2182//2182 2181//2181
f 2221//2221 2222//2222 2182//2182
f 2222//2222 2183//2183 2182//2182
f 2222//2222 2223//2223 2183//2183
f 2223//2223 2184//2184 2183//2183
f 2223//2223 2224//2224 2184//2184
f 2224//2224 2185//2185 2184//2184
f 2224//2224 2225//2225 2185//2185
f 2225//2225 2186//2186 2185//2185
f 2225//2225 2226//2226 2186//2186
f 2226//2226 2187//2187 2186//2186
f 2226//2226 2227//2227 2187//2187
f 2227//2227 2188//2188 2187//2187
f 2227//2227 2228//2228 2188//2188
f 2228//2228 2189//2189 2188//2188
f 2228//2228 2229//2229 2189//2189
f 2229//2229 2190//2190 2189//2189
f 2229//2229 2230//2230 2190//2190
f 2230//2230 2191//2191 2190//2190
f 2230//2230 2231//2231 2191//2191
f 2231//2231 2192//2192 2191//2191
f 2231//2231 2232//2232 2192//2192
f 2232//2232 2193//2193 2192//2192
f 2232//2232 2233//2233 2193//2193
f 2233//2233 2194//2194 2193//2193
f 2233//2233 2234//2234 2194//2194
f 2234//2234 2195//2195 2194//2194
f 2234//2234 2235//2235 2195//2195
f 2235//2235 2196//2196 2195//2195
f 2235//2235 2236//2236 2196//2196
f 2236//2236 2197//2197 2196//2196
f 2236//2236 2237//2237 2197//2197
f 2237//2237 2198//2198 2197//2197
f 2237//2237 2238//2238 2198//2198
f 2238//2238 2199//2199 2198//2198
f 2238//2238 2239//2239 2199//2199
f 2239//2239 2200//2200 2199//2199
f 2239//2239 2240//2240 2200//2200
f 2240//2240 2201//2201 2200//2200
f 2240//2240 2241//2241 2201//2201
f 2241//2241 2202//2202 2201//2201
f 2241//2241 2242//2242 2202//2202
f 2242//2242 2203//2203 2202//2202
f 2242//2242 2243//2243 2203//2203
f 2243//2243 2204//2204 2203//2203
f 2243//2243 2244//2244 2204//2204
f 2244//2244 2205//2205 2204//2204
f 2244//2244 2245//2245 2205//2205
f 2245//2245 2206//2206 2205//2205
f 2245//2245 2246//2246 2206//2206
f 2246//2246 2167//2167 2206//2206
f 2246//2246 2207//2207 2167//2167
f 2247//2247 2208//2208 2207//2207
f 2247//2247 2248//2248 2208//2208
f 2248//2248 2209//2209 2208//2208
f 2248//2248 2249//2249 2209//2209
f 2249//2249 2210//2210 2209//2209
f 2249//2249 2250//2250 2210//2210
f 2250//2250 2211//2211 2210//2210
f 2250//2250 2251//2251 2211//2211
f 2251//2251 2212//2212 2211//2211
f 2251//2251 2252//2252 2212//2212
f 2252//2252 2213//2213 2212//2212
f 2252//2252 2253//2253 2213//2213
f 2253//2253 2214//2214 2213//2213
f 2253//2253 2254//2254 2214//2214
f 2254//2254 2215//2215 2214//2214
f 2254//2254 2255//2255 2215//2215
f 2255//2255 2216//2216 2215//2215
f 2255//2255 2256//2256 2216//2216
f 2256//2256 2217//2217 2216//2216
f 2256//2256 2257//2257 2217//2217
f 2257//2257 2218//2218 2217//2217
f 2257//2257 2258//2258 2218//2218
f 2258//2258 2219//2219 2218//2218
f 2258//2258 2259//2259 2219//2219
f 2259//2259 2220//2220 2219//2219
f 2259//2259 2260//2260 2220//2220
f 2260//2260 2221//2221 2220//2220
f 2260//2260 2261//2261 2221//2221
f 2261//2261 2222//2222 2221//2221
f 2261//2261 2262//2262 2222//2222
f 2262//2262 2223//2223 2222//2222
f 2262//2262 2263//2263 2223//2223
f 2263//2263 2224//2224 2223//2223
f 2263//2263 2264//2264 2224//2224
f 2264//2264 2225//2225 2224//2224
f 2264//2264 2265//2265 2225//2225
f 2265//2265 2226//2226 2225//2225
f 2265//2265 2266//2266 2226//2226
f 2266//2266 2227//2227 2226//2226
f 2266//2266 2267//2267 2227//2227
f 2267//2267 2228//2228 2227//2227
f 2267//2267 2268//2268 2228//2228
f 2268//2268 2229//2229 2228//2228
f 2268//2268 2269//2269 2229//2229
f 2269//2269 2230//2230 2229//2229
f 2269//2269 2270//2270 2230//2230
f 2270//2270 2231//2231 2230//2230
f 2270//2270 2271//2271 2231//2231
f 2271//2271 2232//2232 2231//2231
f 2271//2271 2272//2272 2232//2232
f 2272//2272 2233//2233 2232//2232
f 2272//2272 2273//2273 2233//2233
f 2273//2273 2234//2234 2233//2233
f 2273//2273 2274//2274 2234//2234
f 2274//2274 2235//2235 2234//2234
f 2274//2274 2275//2275 2235//2235
f 2275//2275 2236//2236 2235//2235
f 2275//2275 2276//2276 2236//2236
f 2276//2276 2237//2237 2236//2236
f 2276//2276 2277//2277 2237//2237
f 2277//2277 2238//2238 2237//2237
f 2277//2277 2278//2278 2238//2238
f 2278//2278 2239//2239 2238//2238
f 2278//2278 2279//2279 2239//2239
f 2279//2279 2240//2240 2239//2239
f 2279//2279 2280//2280 2240//2240
f 2280//2280 2241//2241 2240//2240
f 2280//2280 2281//2281 2241//2241
f 2281//2281 2242//2242 2241//2241
f 2281//2281 2282//2282 2242//2242
f 2282//2282 2243//2243 2242//2242
f 2282//2282 2283//2283 2243//2243
f 2283//2283 2244//2244 2243//2243
f 2283//2283 2284//2284 2244//2244
f 2284//2284 2245//2245 2244//2244
f 2284//2284 2285//2285 2245//2245
f 2285//2285 2246//2246 2245//2245
f 2285//2285 2286//2286 2246//2246
f 2286//2286 2207//2207 2246//2246
f 2286//2286 2247//2247 2207//2207
