# Created by Open3D 
# object name: temp_object_893324363
# number of vertices: 2784
# number of triangles: 5500
v 1.9639e-05 2.35549e-08 0.00456471 0.8 0.8 0.8
vn 0 0 1
v 1.9639e-05 2.35549e-08 -2.79397e-09 0.8 0.8 0.8
vn 1.28934e-28 -7.5363e-21 -1
v 0.0236919 2.31499e-08 0.00455906 0.8 0.8 0.8
vn 0.00112047 -2.65578e-05 0.999999
v 0.0234002 0.00370625 0.00455906 0.8 0.8 0.8
vn 0.00111082 0.000149048 0.999999
v 0.0225323 0.00732122 0.00455906 0.8 0.8 0.8
vn 0.0010738 0.000320976 0.999999
v 0.0211096 0.0107559 0.00455906 0.8 0.8 0.8
vn 0.00101033 0.000484984 0.999999
v 0.0191672 0.0139258 0.00455906 0.8 0.8 0.8
vn 0.000921972 0.000637028 0.999999
v 0.0167527 0.0167527 0.00455906 0.8 0.8 0.8
vn 0.000810912 0.00077336 0.999999
v 0.0139258 0.0191672 0.00455906 0.8 0.8 0.8
vn 0.000679893 0.000890622 0.999999
v 0.0107559 0.0211097 0.00455906 0.8 0.8 0.8
vn 0.00053215 0.000985927 0.999999
v 0.0073212 0.0225324 0.00455906 0.8 0.8 0.8
vn 0.000371329 0.00105693 0.999999
v 0.00370623 0.0234002 0.00455906 0.8 0.8 0.8
vn 0.000201396 0.00110189 0.999999
v -8.36569e-10 0.0236919 0.00455906 0.8 0.8 0.8
vn 2.65399e-05 0.00111972 0.999999
v -0.00370623 0.0234002 0.00455906 0.8 0.8 0.8
vn -0.000148933 0.00110996 0.999999
v -0.0073212 0.0225324 0.00455906 0.8 0.8 0.8
vn -0.000320703 0.00107289 0.999999
v -0.0107559 0.0211097 0.00455906 0.8 0.8 0.8
vn -0.000484545 0.00100941 0.999999
v -0.0139258 0.0191672 0.00455906 0.8 0.8 0.8
vn -0.000636429 0.000921103 0.999999
v -0.0167527 0.0167527 0.00455906 0.8 0.8 0.8
vn -0.000772623 0.000810139 0.999999
v -0.0191672 0.0139258 0.00455906 0.8 0.8 0.8
vn -0.000889784 0.000679253 0.999999
v -0.0211096 0.0107559 0.00455906 0.8 0.8 0.8
vn -0.000985033 0.000531668 0.999999
v -0.0225323 0.00732122 0.00455906 0.8 0.8 0.8
vn -0.00105603 0.000371014 0.999999
v -0.0234002 0.00370625 0.00455906 0.8 0.8 0.8
vn -0.00110104 0.000201241 0.999999
v -0.0236919 2.39605e-08 0.00455906 0.8 0.8 0.8
vn -0.00111896 2.65221e-05 0.999999
v -0.0234002 -0.00370621 0.00455906 0.8 0.8 0.8
vn -0.00110934 -0.00014885 0.999999
v -0.0225323 -0.00732118 0.00455906 0.8 0.8 0.8
vn -0.00107243 -0.000320565 0.999999
v -0.0211096 -0.0107559 0.00455906 0.8 0.8 0.8
vn -0.00100912 -0.000484402 0.999999
v -0.0191672 -0.0139257 0.00455906 0.8 0.8 0.8
vn -0.000920966 -0.000636334 0.999999
v -0.0167527 -0.0167527 0.00455906 0.8 0.8 0.8
vn -0.000810139 -0.000772623 0.999999
v -0.0139258 -0.0191671 0.00455906 0.8 0.8 0.8
vn -0.000679354 -0.000889916 0.999999
v -0.0107559 -0.0211096 0.00455906 0.8 0.8 0.8
vn -0.000531825 -0.000985323 0.999999
v -0.0073212 -0.0225323 0.00455906 0.8 0.8 0.8
vn -0.000371175 -0.00105649 0.999999
v -0.00370623 -0.0234002 0.00455906 0.8 0.8 0.8
vn -0.000201354 -0.00110166 0.999999
v -2.59089e-11 -0.0236919 0.00455906 0.8 0.8 0.8
vn -2.65399e-05 -0.00111972 0.999999
v 0.00370623 -0.0234002 0.00455906 0.8 0.8 0.8
vn 0.000148965 -0.0011102 0.999999
v 0.0073212 -0.0225323 0.00455906 0.8 0.8 0.8
vn 0.000320837 -0.00107334 0.999999
v 0.0107559 -0.0211096 0.00455906 0.8 0.8 0.8
vn 0.000484841 -0.00101003 0.999999
v 0.0139258 -0.0191671 0.00455906 0.8 0.8 0.8
vn 0.000636933 -0.000921834 0.999999
v 0.0167527 -0.0167527 0.00455906 0.8 0.8 0.8
vn 0.000773361 -0.000810912 0.999999
v 0.0191672 -0.0139257 0.00455906 0.8 0.8 0.8
vn 0.000890755 -0.000679994 0.999999
v 0.0211096 -0.0107559 0.00455906 0.8 0.8 0.8
vn 0.000986217 -0.000532307 0.999999
v 0.0225323 -0.00732118 0.00455906 0.8 0.8 0.8
vn 0.00105739 -0.00037149 0.999999
v 0.0234002 -0.00370621 0.00455906 0.8 0.8 0.8
vn 0.00110251 -0.000201509 0.999999
v 0.0271475 2.30908e-08 0.00454191 0.8 0.8 0.8
vn 0.00839283 -7.89327e-05 0.999965
v 0.0268133 0.00424683 0.00454191 0.8 0.8 0.8
vn 0.00830184 0.00123497 0.999965
v 0.0258188 0.00838906 0.00454191 0.8 0.8 0.8
vn 0.00800644 0.00251846 0.999965
v 0.0241886 0.0123247 0.00454191 0.8 0.8 0.8
vn 0.0075139 0.00373993 0.999965
v 0.0219628 0.0159569 0.00454191 0.8 0.8 0.8
vn 0.00683633 0.00486932 0.999965
v 0.0191962 0.0191962 0.00454191 0.8 0.8 0.8
vn 0.00599044 0.00587881 0.999965
v 0.0159569 0.0219628 0.00454191 0.8 0.8 0.8
vn 0.00499704 0.00674354 0.999965
v 0.0123247 0.0241886 0.00454191 0.8 0.8 0.8
vn 0.00388059 0.00744223 0.999965
v 0.00838904 0.0258188 0.00454191 0.8 0.8 0.8
vn 0.0026686 0.00795766 0.999965
v 0.0042468 0.0268133 0.00454191 0.8 0.8 0.8
vn 0.00139089 0.00827715 0.999965
v -8.95689e-10 0.0271475 0.00454191 0.8 0.8 0.8
vn 7.89324e-05 0.00839283 0.999965
v -0.00424681 0.0268133 0.00454191 0.8 0.8 0.8
vn -0.00123497 0.00830184 0.999965
v -0.00838904 0.0258188 0.00454191 0.8 0.8 0.8
vn -0.00251846 0.00800644 0.999965
v -0.0123247 0.0241886 0.00454191 0.8 0.8 0.8
vn -0.00373993 0.0075139 0.999965
v -0.0159569 0.0219628 0.00454191 0.8 0.8 0.8
vn -0.00486932 0.00683633 0.999965
v -0.0191962 0.0191962 0.00454191 0.8 0.8 0.8
vn -0.00587881 0.00599044 0.999965
v -0.0219628 0.0159569 0.00454191 0.8 0.8 0.8
vn -0.00674354 0.00499704 0.999965
v -0.0241886 0.0123247 0.00454191 0.8 0.8 0.8
vn -0.00744223 0.00388059 0.999965
v -0.0258188 0.00838906 0.00454191 0.8 0.8 0.8
vn -0.00795766 0.0026686 0.999965
v -0.0268133 0.00424683 0.00454191 0.8 0.8 0.8
vn -0.00827715 0.00139089 0.999965
v -0.0271475 2.40197e-08 0.00454191 0.8 0.8 0.8
vn -0.00839283 7.89327e-05 0.999965
v -0.0268133 -0.00424678 0.00454191 0.8 0.8 0.8
vn -0.00830184 -0.00123497 0.999965
v -0.0258188 -0.00838902 0.00454191 0.8 0.8 0.8
vn -0.00800644 -0.00251846 0.999965
v -0.0241886 -0.0123247 0.00454191 0.8 0.8 0.8
vn -0.0075139 -0.00373993 0.999965
v -0.0219628 -0.0159569 0.00454191 0.8 0.8 0.8
vn -0.00683633 -0.00486932 0.999965
v -0.0191962 -0.0191962 0.00454191 0.8 0.8 0.8
vn -0.00599044 -0.00587881 0.999965
v -0.0159569 -0.0219628 0.00454191 0.8 0.8 0.8
vn -0.00499704 -0.00674354 0.999965
v -0.0123247 -0.0241886 0.00454191 0.8 0.8 0.8
vn -0.00388059 -0.00744223 0.999965
v -0.00838904 -0.0258188 0.00454191 0.8 0.8 0.8
vn -0.0026686 -0.00795766 0.999965
v -0.00424681 -0.0268132 0.00454191 0.8 0.8 0.8
vn -0.00139089 -0.00827715 0.999965
v 3.32108e-11 -0.0271475 0.00454191 0.8 0.8 0.8
vn -7.89324e-05 -0.00839283 0.999965
v 0.00424681 -0.0268132 0.00454191 0.8 0.8 0.8
vn 0.00123497 -0.00830184 0.999965
v 0.00838904 -0.0258188 0.00454191 0.8 0.8 0.8
vn 0.00251846 -0.00800644 0.999965
v 0.0123247 -0.0241886 0.00454191 0.8 0.8 0.8
vn 0.00373993 -0.0075139 0.999965
v 0.0159569 -0.0219628 0.00454191 0.8 0.8 0.8
vn 0.00486932 -0.00683633 0.999965
v 0.0191962 -0.0191962 0.00454191 0.8 0.8 0.8
vn 0.00587881 -0.00599044 0.999965
v 0.0219628 -0.0159569 0.00454191 0.8 0.8 0.8
vn 0.00674354 -0.00499704 0.999965
v 0.0241886 -0.0123247 0.00454191 0.8 0.8 0.8
vn 0.00744223 -0.00388059 0.999965
v 0.0258188 -0.00838902 0.00454191 0.8 0.8 0.8
vn 0.00795766 -0.0026686 0.999965
v 0.0268133 -0.00424678 0.00454191 0.8 0.8 0.8
vn 0.00827715 -0.00139089 0.999965
v 0.0293186 2.30536e-08 0.00451263 0.8 0.8 0.8
vn 0.0194488 -0.00012615 0.999811
v 0.0289576 0.00458646 0.00451263 0.8 0.8 0.8
vn 0.019229 0.00291786 0.999811
v 0.0278836 0.00905996 0.00451263 0.8 0.8 0.8
vn 0.0185358 0.00589002 0.999811
v 0.026123 0.0133104 0.00451263 0.8 0.8 0.8
vn 0.0173862 0.00871715 0.999811
v 0.0237192 0.017233 0.00451263 0.8 0.8 0.8
vn 0.0158085 0.0113296 0.999811
v 0.0207314 0.0207314 0.00451263 0.8 0.8 0.8
vn 0.0138415 0.0136631 0.999811
v 0.017233 0.0237192 0.00451263 0.8 0.8 0.8
vn 0.0115337 0.0156602 0.999811
v 0.0133104 0.0261231 0.00451263 0.8 0.8 0.8
vn 0.00894195 0.0172717 0.999811
v 0.00905994 0.0278836 0.00451263 0.8 0.8 0.8
vn 0.00612997 0.0184579 0.999811
v 0.00458643 0.0289576 0.00451263 0.8 0.8 0.8
vn 0.00316705 0.0191896 0.999811
v -9.32832e-10 0.0293186 0.00451263 0.8 0.8 0.8
vn 0.000126149 0.0194487 0.999811
v -0.00458644 0.0289576 0.00451263 0.8 0.8 0.8
vn -0.00291786 0.019229 0.999811
v -0.00905994 0.0278836 0.00451263 0.8 0.8 0.8
vn -0.00589002 0.0185358 0.999811
v -0.0133104 0.0261231 0.00451263 0.8 0.8 0.8
vn -0.00871715 0.0173862 0.999811
v -0.017233 0.0237192 0.00451263 0.8 0.8 0.8
vn -0.0113296 0.0158085 0.999811
v -0.0207314 0.0207314 0.00451263 0.8 0.8 0.8
vn -0.0136631 0.0138415 0.999811
v -0.0237192 0.017233 0.00451263 0.8 0.8 0.8
vn -0.0156602 0.0115337 0.999811
v -0.026123 0.0133104 0.00451263 0.8 0.8 0.8
vn -0.0172717 0.00894195 0.999811
v -0.0278836 0.00905996 0.00451263 0.8 0.8 0.8
vn -0.0184579 0.00612997 0.999811
v -0.0289576 0.00458646 0.00451263 0.8 0.8 0.8
vn -0.0191896 0.00316705 0.999811
v -0.0293186 2.40568e-08 0.00451263 0.8 0.8 0.8
vn -0.0194488 0.00012615 0.999811
v -0.0289576 -0.00458641 0.00451263 0.8 0.8 0.8
vn -0.019229 -0.00291786 0.999811
v -0.0278836 -0.00905991 0.00451263 0.8 0.8 0.8
vn -0.0185358 -0.00589002 0.999811
v -0.026123 -0.0133103 0.00451263 0.8 0.8 0.8
vn -0.0173862 -0.00871715 0.999811
v -0.0237192 -0.017233 0.00451263 0.8 0.8 0.8
vn -0.0158085 -0.0113296 0.999811
v -0.0207314 -0.0207313 0.00451263 0.8 0.8 0.8
vn -0.0138415 -0.0136631 0.999811
v -0.017233 -0.0237192 0.00451263 0.8 0.8 0.8
vn -0.0115337 -0.0156602 0.999811
v -0.0133104 -0.026123 0.00451263 0.8 0.8 0.8
vn -0.00894195 -0.0172717 0.999811
v -0.00905994 -0.0278836 0.00451263 0.8 0.8 0.8
vn -0.00612997 -0.0184579 0.999811
v -0.00458644 -0.0289576 0.00451263 0.8 0.8 0.8
vn -0.00316705 -0.0191896 0.999811
v 7.03543e-11 -0.0293185 0.00451263 0.8 0.8 0.8
vn -0.000126149 -0.0194487 0.999811
v 0.00458644 -0.0289576 0.00451263 0.8 0.8 0.8
vn 0.00291786 -0.019229 0.999811
v 0.00905994 -0.0278836 0.00451263 0.8 0.8 0.8
vn 0.00589002 -0.0185358 0.999811
v 0.0133104 -0.026123 0.00451263 0.8 0.8 0.8
vn 0.00871715 -0.0173862 0.999811
v 0.017233 -0.0237192 0.00451263 0.8 0.8 0.8
vn 0.0113296 -0.0158085 0.999811
v 0.0207314 -0.0207313 0.00451263 0.8 0.8 0.8
vn 0.0136631 -0.0138415 0.999811
v 0.0237192 -0.017233 0.00451263 0.8 0.8 0.8
vn 0.0156602 -0.0115337 0.999811
v 0.026123 -0.0133103 0.00451263 0.8 0.8 0.8
vn 0.0172717 -0.00894195 0.999811
v 0.0278836 -0.00905991 0.00451263 0.8 0.8 0.8
vn 0.0184579 -0.00612997 0.999811
v 0.0289576 -0.00458641 0.00451263 0.8 0.8 0.8
vn 0.0191896 -0.00316705 0.999811
v 0.0308729 2.3027e-08 0.00446998 0.8 0.8 0.8
vn 0.0372266 -0.000191983 0.999307
v 0.0304928 0.00482961 0.00446998 0.8 0.8 0.8
vn 0.0367983 0.00563391 0.999307
v 0.0293619 0.00954027 0.00446998 0.8 0.8 0.8
vn 0.0354639 0.0113211 0.999307
v 0.0275079 0.014016 0.00446998 0.8 0.8 0.8
vn 0.0332563 0.0167295 0.999307
v 0.0249767 0.0181466 0.00446998 0.8 0.8 0.8
vn 0.0302298 0.0217259 0.999307
v 0.0218304 0.0218304 0.00446998 0.8 0.8 0.8
vn 0.0264589 0.0261874 0.999307
v 0.0181466 0.0249767 0.00446998 0.8 0.8 0.8
vn 0.0220366 0.0300041 0.999307
v 0.014016 0.027508 0.00446998 0.8 0.8 0.8
vn 0.0170716 0.033082 0.999307
v 0.00954024 0.0293619 0.00446998 0.8 0.8 0.8
vn 0.0116862 0.0353453 0.999307
v 0.00482958 0.0304928 0.00446998 0.8 0.8 0.8
vn 0.00601314 0.0367383 0.999307
v -9.59424e-10 0.0308729 0.00446998 0.8 0.8 0.8
vn 0.000191982 0.0372266 0.999307
v -0.00482958 0.0304928 0.00446998 0.8 0.8 0.8
vn -0.00563391 0.0367983 0.999307
v -0.00954025 0.0293619 0.00446998 0.8 0.8 0.8
vn -0.0113211 0.0354639 0.999307
v -0.014016 0.027508 0.00446998 0.8 0.8 0.8
vn -0.0167295 0.0332563 0.999307
v -0.0181466 0.0249767 0.00446998 0.8 0.8 0.8
vn -0.0217259 0.0302298 0.999307
v -0.0218304 0.0218304 0.00446998 0.8 0.8 0.8
vn -0.0261874 0.0264589 0.999307
v -0.0249767 0.0181466 0.00446998 0.8 0.8 0.8
vn -0.0300041 0.0220366 0.999307
v -0.0275079 0.014016 0.00446998 0.8 0.8 0.8
vn -0.033082 0.0170716 0.999307
v -0.0293619 0.00954027 0.00446998 0.8 0.8 0.8
vn -0.0353453 0.0116862 0.999307
v -0.0304928 0.00482961 0.00446998 0.8 0.8 0.8
vn -0.0367383 0.00601315 0.999307
v -0.0308729 2.40834e-08 0.00446998 0.8 0.8 0.8
vn -0.0372266 0.000191983 0.999307
v -0.0304928 -0.00482956 0.00446998 0.8 0.8 0.8
vn -0.0367983 -0.00563391 0.999307
v -0.0293619 -0.00954022 0.00446998 0.8 0.8 0.8
vn -0.0354639 -0.0113211 0.999307
v -0.0275079 -0.014016 0.00446998 0.8 0.8 0.8
vn -0.0332563 -0.0167295 0.999307
v -0.0249767 -0.0181466 0.00446998 0.8 0.8 0.8
vn -0.0302298 -0.0217259 0.999307
v -0.0218304 -0.0218304 0.00446998 0.8 0.8 0.8
vn -0.0264589 -0.0261874 0.999307
v -0.0181466 -0.0249767 0.00446998 0.8 0.8 0.8
vn -0.0220366 -0.0300041 0.999307
v -0.014016 -0.0275079 0.00446998 0.8 0.8 0.8
vn -0.0170716 -0.033082 0.999307
v -0.00954025 -0.0293618 0.00446998 0.8 0.8 0.8
vn -0.0116862 -0.0353453 0.999307
v -0.00482958 -0.0304928 0.00446998 0.8 0.8 0.8
vn -0.00601314 -0.0367383 0.999307
v 9.6946e-11 -0.0308729 0.00446998 0.8 0.8 0.8
vn -0.000191982 -0.0372266 0.999307
v 0.00482958 -0.0304928 0.00446998 0.8 0.8 0.8
vn 0.00563391 -0.0367983 0.999307
v 0.00954025 -0.0293618 0.00446998 0.8 0.8 0.8
vn 0.0113211 -0.0354639 0.999307
v 0.014016 -0.0275079 0.00446998 0.8 0.8 0.8
vn 0.0167295 -0.0332563 0.999307
v 0.0181466 -0.0249767 0.00446998 0.8 0.8 0.8
vn 0.0217259 -0.0302298 0.999307
v 0.0218304 -0.0218304 0.00446998 0.8 0.8 0.8
vn 0.0261874 -0.0264589 0.999307
v 0.0249767 -0.0181466 0.00446998 0.8 0.8 0.8
vn 0.0300041 -0.0220366 0.999307
v 0.0275079 -0.014016 0.00446998 0.8 0.8 0.8
vn 0.033082 -0.0170716 0.999307
v 0.0293619 -0.00954022 0.00446998 0.8 0.8 0.8
vn 0.0353453 -0.0116862 0.999307
v 0.0304928 -0.00482956 0.00446998 0.8 0.8 0.8
vn 0.0367383 -0.00601315 0.999307
v 0.0320354 2.30071e-08 0.00441186 0.8 0.8 0.8
vn 0.0665259 -0.00030129 0.997785
v 0.031641 0.00501147 0.00441186 0.8 0.8 0.8
vn 0.065754 0.0101094 0.997785
v 0.0304675 0.00989951 0.00441186 0.8 0.8 0.8
vn 0.063363 0.0202711 0.997785
v 0.0285438 0.0145438 0.00441186 0.8 0.8 0.8
vn 0.0594118 0.0299337 0.997785
v 0.0259172 0.01883 0.00441186 0.8 0.8 0.8
vn 0.0539977 0.0388592 0.997785
v 0.0226525 0.0226525 0.00441186 0.8 0.8 0.8
vn 0.0472539 0.0468278 0.997785
v 0.0188299 0.0259172 0.00441186 0.8 0.8 0.8
vn 0.0393467 0.0536435 0.997785
v 0.0145438 0.0285438 0.00441186 0.8 0.8 0.8
vn 0.0304706 0.0591382 0.997785
v 0.00989949 0.0304675 0.00441186 0.8 0.8 0.8
vn 0.0208442 0.0631768 0.997785
v 0.00501144 0.031641 0.00441186 0.8 0.8 0.8
vn 0.0107045 0.0656597 0.997785
v -9.79313e-10 0.0320354 0.00441186 0.8 0.8 0.8
vn 0.000301288 0.0665259 0.997785
v -0.00501145 0.031641 0.00441186 0.8 0.8 0.8
vn -0.0101094 0.065754 0.997785
v -0.00989949 0.0304675 0.00441186 0.8 0.8 0.8
vn -0.0202711 0.063363 0.997785
v -0.0145438 0.0285438 0.00441186 0.8 0.8 0.8
vn -0.0299337 0.0594118 0.997785
v -0.01883 0.0259172 0.00441186 0.8 0.8 0.8
vn -0.0388592 0.0539977 0.997785
v -0.0226525 0.0226525 0.00441186 0.8 0.8 0.8
vn -0.0468279 0.0472539 0.997785
v -0.0259172 0.01883 0.00441186 0.8 0.8 0.8
vn -0.0536435 0.0393467 0.997785
v -0.0285438 0.0145438 0.00441186 0.8 0.8 0.8
vn -0.0591382 0.0304706 0.997785
v -0.0304675 0.00989951 0.00441186 0.8 0.8 0.8
vn -0.0631768 0.0208442 0.997785
v -0.031641 0.00501147 0.00441186 0.8 0.8 0.8
vn -0.0656597 0.0107045 0.997785
v -0.0320354 2.41033e-08 0.00441186 0.8 0.8 0.8
vn -0.0665259 0.00030129 0.997785
v -0.031641 -0.00501142 0.00441186 0.8 0.8 0.8
vn -0.065754 -0.0101094 0.997785
v -0.0304675 -0.00989947 0.00441186 0.8 0.8 0.8
vn -0.063363 -0.0202711 0.997785
v -0.0285438 -0.0145438 0.00441186 0.8 0.8 0.8
vn -0.0594118 -0.0299337 0.997785
v -0.0259172 -0.0188299 0.00441186 0.8 0.8 0.8
vn -0.0539977 -0.0388592 0.997785
v -0.0226525 -0.0226524 0.00441186 0.8 0.8 0.8
vn -0.0472539 -0.0468278 0.997785
v -0.0188299 -0.0259172 0.00441186 0.8 0.8 0.8
vn -0.0393467 -0.0536435 0.997785
v -0.0145438 -0.0285437 0.00441186 0.8 0.8 0.8
vn -0.0304706 -0.0591382 0.997785
v -0.00989949 -0.0304675 0.00441186 0.8 0.8 0.8
vn -0.0208442 -0.0631768 0.997785
v -0.00501144 -0.031641 0.00441186 0.8 0.8 0.8
vn -0.0107045 -0.0656597 0.997785
v 1.16835e-10 -0.0320354 0.00441186 0.8 0.8 0.8
vn -0.000301288 -0.0665259 0.997785
v 0.00501144 -0.031641 0.00441186 0.8 0.8 0.8
vn 0.0101094 -0.065754 0.997785
v 0.00989949 -0.0304675 0.00441186 0.8 0.8 0.8
vn 0.0202711 -0.063363 0.997785
v 0.0145438 -0.0285437 0.00441186 0.8 0.8 0.8
vn 0.0299337 -0.0594118 0.997785
v 0.0188299 -0.0259172 0.00441186 0.8 0.8 0.8
vn 0.0388592 -0.0539977 0.997785
v 0.0226525 -0.0226524 0.00441186 0.8 0.8 0.8
vn 0.0468279 -0.0472539 0.997785
v 0.0259172 -0.0188299 0.00441186 0.8 0.8 0.8
vn 0.0536435 -0.0393467 0.997785
v 0.0285438 -0.0145438 0.00441186 0.8 0.8 0.8
vn 0.0591382 -0.0304706 0.997785
v 0.0304675 -0.00989947 0.00441186 0.8 0.8 0.8
vn 0.0631768 -0.0208442 0.997785
v 0.031641 -0.00501142 0.00441186 0.8 0.8 0.8
vn 0.0656597 -0.0107045 0.997785
v 0.0329098 2.29922e-08 0.00433458 0.8 0.8 0.8
vn 0.118567 -0.000518625 0.992946
v 0.0325046 0.00514825 0.00433458 0.8 0.8 0.8
vn 0.117189 0.0180358 0.992946
v 0.0312991 0.0101697 0.00433458 0.8 0.8 0.8
vn 0.112924 0.036146 0.992946
v 0.0293228 0.0149407 0.00433458 0.8 0.8 0.8
vn 0.10588 0.0533663 0.992946
v 0.0266246 0.0193439 0.00433458 0.8 0.8 0.8
vn 0.0962277 0.0692725 0.992946
v 0.0232707 0.0232708 0.00433458 0.8 0.8 0.8
vn 0.0842064 0.083473 0.992946
v 0.0193439 0.0266246 0.00433458 0.8 0.8 0.8
vn 0.0701116 0.0956181 0.992946
v 0.0149407 0.0293228 0.00433458 0.8 0.8 0.8
vn 0.0542905 0.105409 0.992946
v 0.0101697 0.0312991 0.00433458 0.8 0.8 0.8
vn 0.0371325 0.112604 0.992946
v 0.00514822 0.0325046 0.00433458 0.8 0.8 0.8
vn 0.0190602 0.117026 0.992946
v -9.94272e-10 0.0329098 0.00433458 0.8 0.8 0.8
vn 0.000518621 0.118567 0.992946
v -0.00514823 0.0325046 0.00433458 0.8 0.8 0.8
vn -0.0180358 0.117189 0.992946
v -0.0101697 0.0312991 0.00433458 0.8 0.8 0.8
vn -0.0361461 0.112924 0.992946
v -0.0149407 0.0293229 0.00433458 0.8 0.8 0.8
vn -0.0533663 0.10588 0.992946
v -0.0193439 0.0266246 0.00433458 0.8 0.8 0.8
vn -0.0692725 0.0962277 0.992946
v -0.0232707 0.0232708 0.00433458 0.8 0.8 0.8
vn -0.083473 0.0842064 0.992946
v -0.0266246 0.0193439 0.00433458 0.8 0.8 0.8
vn -0.0956181 0.0701116 0.992946
v -0.0293228 0.0149408 0.00433458 0.8 0.8 0.8
vn -0.105409 0.0542905 0.992946
v -0.0312991 0.0101697 0.00433458 0.8 0.8 0.8
vn -0.112604 0.0371325 0.992946
v -0.0325046 0.00514825 0.00433458 0.8 0.8 0.8
vn -0.117026 0.0190602 0.992946
v -0.0329098 2.41183e-08 0.00433458 0.8 0.8 0.8
vn -0.118567 0.000518625 0.992946
v -0.0325046 -0.0051482 0.00433458 0.8 0.8 0.8
vn -0.117189 -0.0180358 0.992946
v -0.0312991 -0.0101697 0.00433458 0.8 0.8 0.8
vn -0.112924 -0.036146 0.992946
v -0.0293228 -0.0149407 0.00433458 0.8 0.8 0.8
vn -0.10588 -0.0533663 0.992946
v -0.0266246 -0.0193439 0.00433458 0.8 0.8 0.8
vn -0.0962277 -0.0692725 0.992946
v -0.0232707 -0.0232707 0.00433458 0.8 0.8 0.8
vn -0.0842064 -0.083473 0.992946
v -0.0193439 -0.0266245 0.00433458 0.8 0.8 0.8
vn -0.0701116 -0.0956181 0.992946
v -0.0149407 -0.0293228 0.00433458 0.8 0.8 0.8
vn -0.0542905 -0.105409 0.992946
v -0.0101697 -0.031299 0.00433458 0.8 0.8 0.8
vn -0.0371325 -0.112604 0.992946
v -0.00514822 -0.0325046 0.00433458 0.8 0.8 0.8
vn -0.0190602 -0.117026 0.992946
v 1.31794e-10 -0.0329098 0.00433458 0.8 0.8 0.8
vn -0.000518621 -0.118567 0.992946
v 0.00514822 -0.0325046 0.00433458 0.8 0.8 0.8
vn 0.0180358 -0.117189 0.992946
v 0.0101697 -0.031299 0.00433458 0.8 0.8 0.8
vn 0.0361461 -0.112924 0.992946
v 0.0149407 -0.0293228 0.00433458 0.8 0.8 0.8
vn 0.0533663 -0.10588 0.992946
v 0.0193439 -0.0266245 0.00433458 0.8 0.8 0.8
vn 0.0692725 -0.0962277 0.992946
v 0.0232707 -0.0232707 0.00433458 0.8 0.8 0.8
vn 0.083473 -0.0842064 0.992946
v 0.0266246 -0.0193439 0.00433458 0.8 0.8 0.8
vn 0.0956181 -0.0701116 0.992946
v 0.0293228 -0.0149407 0.00433458 0.8 0.8 0.8
vn 0.105409 -0.0542905 0.992946
v 0.0312991 -0.0101697 0.00433458 0.8 0.8 0.8
vn 0.112604 -0.0371325 0.992946
v 0.0325046 -0.0051482 0.00433458 0.8 0.8 0.8
vn 0.117026 -0.0190602 0.992946
v 0.0335513 2.29812e-08 0.00423126 0.8 0.8 0.8
vn 0.223492 -0.00106241 0.974705
v 0.0331382 0.00524861 0.00423126 0.8 0.8 0.8
vn 0.220906 0.0339125 0.974705
v 0.0319092 0.010368 0.00423126 0.8 0.8 0.8
vn 0.212882 0.0680523 0.974705
v 0.0298944 0.015232 0.00423126 0.8 0.8 0.8
vn 0.199615 0.100517 0.974705
v 0.0271436 0.019721 0.00423126 0.8 0.8 0.8
vn 0.181433 0.130506 0.974705
v 0.0237244 0.0237244 0.00423126 0.8 0.8 0.8
vn 0.158784 0.157281 0.974705
v 0.019721 0.0271436 0.00423126 0.8 0.8 0.8
vn 0.132225 0.180184 0.974705
v 0.015232 0.0298945 0.00423126 0.8 0.8 0.8
vn 0.10241 0.19865 0.974705
v 0.0103679 0.0319092 0.00423126 0.8 0.8 0.8
vn 0.0700732 0.212225 0.974705
v 0.00524858 0.0331383 0.00423126 0.8 0.8 0.8
vn 0.0360111 0.220574 0.974705
v -1.00525e-09 0.0335513 0.00423126 0.8 0.8 0.8
vn 0.00106241 0.223492 0.974705
v -0.00524858 0.0331383 0.00423126 0.8 0.8 0.8
vn -0.0339125 0.220906 0.974705
v -0.0103679 0.0319092 0.00423126 0.8 0.8 0.8
vn -0.0680524 0.212882 0.974705
v -0.015232 0.0298945 0.00423126 0.8 0.8 0.8
vn -0.100517 0.199615 0.974705
v -0.019721 0.0271436 0.00423126 0.8 0.8 0.8
vn -0.130506 0.181433 0.974705
v -0.0237244 0.0237244 0.00423126 0.8 0.8 0.8
vn -0.157281 0.158784 0.974705
v -0.0271436 0.019721 0.00423126 0.8 0.8 0.8
vn -0.180184 0.132225 0.974705
v -0.0298944 0.015232 0.00423126 0.8 0.8 0.8
vn -0.19865 0.10241 0.974705
v -0.0319092 0.010368 0.00423126 0.8 0.8 0.8
vn -0.212225 0.0700732 0.974705
v -0.0331383 0.00524861 0.00423126 0.8 0.8 0.8
vn -0.220574 0.0360111 0.974705
v -0.0335513 2.41292e-08 0.00423126 0.8 0.8 0.8
vn -0.223492 0.00106241 0.974705
v -0.0331383 -0.00524856 0.00423126 0.8 0.8 0.8
vn -0.220906 -0.0339125 0.974705
v -0.0319092 -0.0103679 0.00423126 0.8 0.8 0.8
vn -0.212882 -0.0680523 0.974705
v -0.0298944 -0.015232 0.00423126 0.8 0.8 0.8
vn -0.199615 -0.100517 0.974705
v -0.0271436 -0.0197209 0.00423126 0.8 0.8 0.8
vn -0.181433 -0.130506 0.974705
v -0.0237244 -0.0237243 0.00423126 0.8 0.8 0.8
vn -0.158784 -0.157281 0.974705
v -0.019721 -0.0271436 0.00423126 0.8 0.8 0.8
vn -0.132225 -0.180184 0.974705
v -0.015232 -0.0298944 0.00423126 0.8 0.8 0.8
vn -0.10241 -0.19865 0.974705
v -0.0103679 -0.0319092 0.00423126 0.8 0.8 0.8
vn -0.0700732 -0.212225 0.974705
v -0.00524858 -0.0331382 0.00423126 0.8 0.8 0.8
vn -0.0360111 -0.220574 0.974705
v 1.4277e-10 -0.0335513 0.00423126 0.8 0.8 0.8
vn -0.00106241 -0.223492 0.974705
v 0.00524858 -0.0331382 0.00423126 0.8 0.8 0.8
vn 0.0339125 -0.220906 0.974705
v 0.0103679 -0.0319092 0.00423126 0.8 0.8 0.8
vn 0.0680524 -0.212882 0.974705
v 0.015232 -0.0298944 0.00423126 0.8 0.8 0.8
vn 0.100517 -0.199615 0.974705
v 0.019721 -0.0271436 0.00423126 0.8 0.8 0.8
vn 0.130506 -0.181433 0.974705
v 0.0237244 -0.0237243 0.00423126 0.8 0.8 0.8
vn 0.157281 -0.158784 0.974705
v 0.0271436 -0.0197209 0.00423126 0.8 0.8 0.8
vn 0.180184 -0.132225 0.974705
v 0.0298944 -0.015232 0.00423126 0.8 0.8 0.8
vn 0.19865 -0.10241 0.974705
v 0.0319092 -0.0103679 0.00423126 0.8 0.8 0.8
vn 0.212225 -0.0700732 0.974705
v 0.0331382 -0.00524856 0.00423126 0.8 0.8 0.8
vn 0.220574 -0.0360111 0.974705
v 0.0339918 2.29737e-08 0.00408695 0.8 0.8 0.8
vn 0.472704 -0.00295118 0.881216
v 0.0335733 0.00531752 0.00408695 0.8 0.8 0.8
vn 0.467346 0.0710323 0.881216
v 0.0323282 0.0105041 0.00408695 0.8 0.8 0.8
vn 0.45048 0.143267 0.881216
v 0.030287 0.015432 0.00408695 0.8 0.8 0.8
vn 0.422522 0.211973 0.881216
v 0.0275 0.0199799 0.00408695 0.8 0.8 0.8
vn 0.38416 0.275461 0.881216
v 0.0240359 0.0240359 0.00408695 0.8 0.8 0.8
vn 0.336339 0.332165 0.881216
v 0.0199799 0.0275 0.00408695 0.8 0.8 0.8
vn 0.280236 0.380691 0.881216
v 0.015432 0.030287 0.00408695 0.8 0.8 0.8
vn 0.217233 0.419842 0.881216
v 0.0105041 0.0323282 0.00408695 0.8 0.8 0.8
vn 0.14888 0.448656 0.881216
v 0.0053175 0.0335734 0.00408695 0.8 0.8 0.8
vn 0.076862 0.466422 0.881216
v -1.01278e-09 0.0339919 0.00408695 0.8 0.8 0.8
vn 0.00295117 0.472704 0.881216
v -0.0053175 0.0335734 0.00408695 0.8 0.8 0.8
vn -0.0710323 0.467346 0.881216
v -0.0105041 0.0323282 0.00408695 0.8 0.8 0.8
vn -0.143267 0.45048 0.881216
v -0.015432 0.030287 0.00408695 0.8 0.8 0.8
vn -0.211973 0.422522 0.881216
v -0.0199799 0.0275 0.00408695 0.8 0.8 0.8
vn -0.275461 0.38416 0.881216
v -0.0240359 0.0240359 0.00408695 0.8 0.8 0.8
vn -0.332165 0.336339 0.881216
v -0.0275 0.0199799 0.00408695 0.8 0.8 0.8
vn -0.380691 0.280236 0.881216
v -0.030287 0.015432 0.00408695 0.8 0.8 0.8
vn -0.419842 0.217233 0.881216
v -0.0323282 0.0105041 0.00408695 0.8 0.8 0.8
vn -0.448656 0.14888 0.881216
v -0.0335733 0.00531752 0.00408695 0.8 0.8 0.8
vn -0.466422 0.076862 0.881216
v -0.0339918 2.41368e-08 0.00408695 0.8 0.8 0.8
vn -0.472704 0.00295118 0.881216
v -0.0335733 -0.00531747 0.00408695 0.8 0.8 0.8
vn -0.467346 -0.0710323 0.881216
v -0.0323282 -0.010504 0.00408695 0.8 0.8 0.8
vn -0.45048 -0.143267 0.881216
v -0.030287 -0.0154319 0.00408695 0.8 0.8 0.8
vn -0.422522 -0.211973 0.881216
v -0.0275 -0.0199799 0.00408695 0.8 0.8 0.8
vn -0.38416 -0.275461 0.881216
v -0.0240359 -0.0240358 0.00408695 0.8 0.8 0.8
vn -0.336339 -0.332165 0.881216
v -0.0199799 -0.0275 0.00408695 0.8 0.8 0.8
vn -0.280236 -0.380691 0.881216
v -0.015432 -0.0302869 0.00408695 0.8 0.8 0.8
vn -0.217233 -0.419842 0.881216
v -0.0105041 -0.0323281 0.00408695 0.8 0.8 0.8
vn -0.14888 -0.448656 0.881216
v -0.0053175 -0.0335733 0.00408695 0.8 0.8 0.8
vn -0.076862 -0.466422 0.881216
v 1.50306e-10 -0.0339918 0.00408695 0.8 0.8 0.8
vn -0.00295117 -0.472704 0.881216
v 0.0053175 -0.0335733 0.00408695 0.8 0.8 0.8
vn 0.0710323 -0.467346 0.881216
v 0.0105041 -0.0323281 0.00408695 0.8 0.8 0.8
vn 0.143267 -0.45048 0.881216
v 0.015432 -0.0302869 0.00408695 0.8 0.8 0.8
vn 0.211973 -0.422522 0.881216
v 0.0199799 -0.0275 0.00408695 0.8 0.8 0.8
vn 0.275461 -0.38416 0.881216
v 0.0240359 -0.0240358 0.00408695 0.8 0.8 0.8
vn 0.332165 -0.336339 0.881216
v 0.0275 -0.0199799 0.00408695 0.8 0.8 0.8
vn 0.380691 -0.280236 0.881216
v 0.030287 -0.0154319 0.00408695 0.8 0.8 0.8
vn 0.419842 -0.217233 0.881216
v 0.0323282 -0.010504 0.00408695 0.8 0.8 0.8
vn 0.448656 -0.14888 0.881216
v 0.0335733 -0.00531747 0.00408695 0.8 0.8 0.8
vn 0.466422 -0.076862 0.881216
v 0.0342498 2.29693e-08 0.00385724 0.8 0.8 0.8
vn 0.982289 -0.019277 0.18638
v 0.0338281 0.00535786 0.00385724 0.8 0.8 0.8
vn 0.973211 0.134624 0.18638
v 0.0325735 0.0105838 0.00385724 0.8 0.8 0.8
vn 0.940169 0.28521 0.18638
v 0.0305168 0.0155491 0.00385724 0.8 0.8 0.8
vn 0.883977 0.428774 0.18638
v 0.0277086 0.0201315 0.00385724 0.8 0.8 0.8
vn 0.806019 0.561779 0.18638
v 0.0242182 0.0242183 0.00385724 0.8 0.8 0.8
vn 0.708214 0.680952 0.18638
v 0.0201315 0.0277087 0.00385724 0.8 0.8 0.8
vn 0.59297 0.783357 0.18638
v 0.0155491 0.0305168 0.00385724 0.8 0.8 0.8
vn 0.463126 0.866474 0.18638
v 0.0105838 0.0325735 0.00385724 0.8 0.8 0.8
vn 0.321877 0.928255 0.18638
v 0.00535784 0.0338281 0.00385724 0.8 0.8 0.8
vn 0.172703 0.967179 0.18638
v -1.0172e-09 0.0342498 0.00385724 0.8 0.8 0.8
vn 0.0192769 0.982288 0.18638
v -0.00535784 0.0338281 0.00385724 0.8 0.8 0.8
vn -0.134624 0.97321 0.18638
v -0.0105838 0.0325735 0.00385724 0.8 0.8 0.8
vn -0.28521 0.940169 0.18638
v -0.0155491 0.0305168 0.00385724 0.8 0.8 0.8
vn -0.428774 0.883977 0.18638
v -0.0201315 0.0277087 0.00385724 0.8 0.8 0.8
vn -0.561779 0.806019 0.18638
v -0.0242182 0.0242183 0.00385724 0.8 0.8 0.8
vn -0.680952 0.708214 0.18638
v -0.0277086 0.0201315 0.00385724 0.8 0.8 0.8
vn -0.783357 0.59297 0.18638
v -0.0305168 0.0155491 0.00385724 0.8 0.8 0.8
vn -0.866474 0.463126 0.18638
v -0.0325735 0.0105838 0.00385724 0.8 0.8 0.8
vn -0.928255 0.321877 0.18638
v -0.0338281 0.00535787 0.00385724 0.8 0.8 0.8
vn -0.967179 0.172703 0.18638
v -0.0342498 2.41412e-08 0.00385724 0.8 0.8 0.8
vn -0.982289 0.019277 0.18638
v -0.0338281 -0.00535782 0.00385724 0.8 0.8 0.8
vn -0.973211 -0.134624 0.18638
v -0.0325735 -0.0105837 0.00385724 0.8 0.8 0.8
vn -0.940169 -0.28521 0.18638
v -0.0305168 -0.015549 0.00385724 0.8 0.8 0.8
vn -0.883977 -0.428774 0.18638
v -0.0277086 -0.0201315 0.00385724 0.8 0.8 0.8
vn -0.806019 -0.561779 0.18638
v -0.0242182 -0.0242182 0.00385724 0.8 0.8 0.8
vn -0.708214 -0.680952 0.18638
v -0.0201315 -0.0277086 0.00385724 0.8 0.8 0.8
vn -0.59297 -0.783357 0.18638
v -0.0155491 -0.0305167 0.00385724 0.8 0.8 0.8
vn -0.463126 -0.866474 0.18638
v -0.0105838 -0.0325734 0.00385724 0.8 0.8 0.8
vn -0.321877 -0.928255 0.18638
v -0.00535784 -0.0338281 0.00385724 0.8 0.8 0.8
vn -0.172703 -0.967179 0.18638
v 1.54719e-10 -0.0342497 0.00385724 0.8 0.8 0.8
vn -0.0192769 -0.982288 0.18638
v 0.00535784 -0.0338281 0.00385724 0.8 0.8 0.8
vn 0.134624 -0.97321 0.18638
v 0.0105838 -0.0325734 0.00385724 0.8 0.8 0.8
vn 0.28521 -0.940169 0.18638
v 0.0155491 -0.0305167 0.00385724 0.8 0.8 0.8
vn 0.428774 -0.883977 0.18638
v 0.0201315 -0.0277086 0.00385724 0.8 0.8 0.8
vn 0.561779 -0.806019 0.18638
v 0.0242182 -0.0242182 0.00385724 0.8 0.8 0.8
vn 0.680952 -0.708214 0.18638
v 0.0277086 -0.0201315 0.00385724 0.8 0.8 0.8
vn 0.783357 -0.59297 0.18638
v 0.0305168 -0.015549 0.00385724 0.8 0.8 0.8
vn 0.866474 -0.463126 0.18638
v 0.0325735 -0.0105837 0.00385724 0.8 0.8 0.8
vn 0.928255 -0.321877 0.18638
v 0.0338281 -0.00535782 0.00385724 0.8 0.8 0.8
vn 0.967179 -0.172703 0.18638
v 0.0343347 2.29678e-08 0.00228366 0.8 0.8 0.8
vn 1 -2.17279e-05 -5.21966e-18
v 0.033912 0.00537116 0.00228366 0.8 0.8 0.8
vn 0.987692 0.156413 -1.73293e-16
v 0.0326543 0.01061 0.00228366 0.8 0.8 0.8
vn 0.951063 0.308996 -1.89996e-16
v 0.0305925 0.0155877 0.00228366 0.8 0.8 0.8
vn 0.891016 0.453971 1.77468e-16
v 0.0277774 0.0201815 0.00228366 0.8 0.8 0.8
vn 0.80903 0.587768 2.63071e-16
v 0.0242783 0.0242783 0.00228366 0.8 0.8 0.8
vn 0.707122 0.707091 3.13179e-17
v 0.0201814 0.0277774 0.00228366 0.8 0.8 0.8
vn 0.587803 0.809004 -2.47412e-16
v 0.0155876 0.0305925 0.00228366 0.8 0.8 0.8
vn 0.45401 0.890997 -1.8582e-16
v 0.01061 0.0326543 0.00228366 0.8 0.8 0.8
vn 0.309038 0.95105 1.83732e-16
v 0.00537113 0.033912 0.00228366 0.8 0.8 0.8
vn 0.156456 0.987685 1.73293e-16
v -1.01865e-09 0.0343347 0.00228366 0.8 0.8 0.8
vn 2.16936e-05 1 -3.13179e-18
v -0.00537113 0.033912 0.00228366 0.8 0.8 0.8
vn -0.156413 0.987692 -1.5137e-16
v -0.01061 0.0326543 0.00228366 0.8 0.8 0.8
vn -0.308996 0.951063 -1.67029e-16
v -0.0155876 0.0305925 0.00228366 0.8 0.8 0.8
vn -0.453971 0.891016 1.00217e-16
v -0.0201814 0.0277774 0.00228366 0.8 0.8 0.8
vn -0.587768 0.80903 2.67246e-16
v -0.0242783 0.0242783 0.00228366 0.8 0.8 0.8
vn -0.707091 0.707122 -8.35145e-18
v -0.0277774 0.0201815 0.00228366 0.8 0.8 0.8
vn -0.809004 0.587803 -3.0274e-16
v -0.0305925 0.0155877 0.00228366 0.8 0.8 0.8
vn -0.890997 0.45401 -2.58895e-16
v -0.0326543 0.01061 0.00228366 0.8 0.8 0.8
vn -0.95105 0.309038 1.65985e-16
v -0.033912 0.00537116 0.00228366 0.8 0.8 0.8
vn -0.987685 0.156456 1.94171e-16
v -0.0343347 2.41426e-08 0.00228366 0.8 0.8 0.8
vn -1 2.17279e-05 -1.35711e-17
v -0.033912 -0.00537111 0.00228366 0.8 0.8 0.8
vn -0.987692 -0.156413 -1.34667e-16
v -0.0326543 -0.01061 0.00228366 0.8 0.8 0.8
vn -0.951063 -0.308996 -1.32579e-16
v -0.0305925 -0.0155876 0.00228366 0.8 0.8 0.8
vn -0.891016 -0.453971 -2.52631e-16
v -0.0277774 -0.0201814 0.00228366 0.8 0.8 0.8
vn -0.80903 -0.587768 2.40104e-17
v -0.0242783 -0.0242783 0.00228366 0.8 0.8 0.8
vn -0.707122 -0.707091 5.44932e-16
v -0.0201814 -0.0277773 0.00228366 0.8 0.8 0.8
vn -0.587803 -0.809004 3.94606e-16
v -0.0155876 -0.0305924 0.00228366 0.8 0.8 0.8
vn -0.45401 -0.890997 -3.21531e-16
v -0.01061 -0.0326542 0.00228366 0.8 0.8 0.8
vn -0.309038 -0.95105 -2.95433e-16
v -0.00537113 -0.033912 0.00228366 0.8 0.8 0.8
vn -0.156456 -0.987685 1.47194e-16
v 1.56172e-10 -0.0343347 0.00228366 0.8 0.8 0.8
vn -2.16936e-05 -1 -7.30752e-18
v 0.00537113 -0.033912 0.00228366 0.8 0.8 0.8
vn 0.156413 -0.987692 -1.54502e-16
v 0.01061 -0.0326542 0.00228366 0.8 0.8 0.8
vn 0.308996 -0.951063 -1.04393e-16
v 0.0155876 -0.0305924 0.00228366 0.8 0.8 0.8
vn 0.453971 -0.891016 -9.1866e-17
v 0.0201814 -0.0277773 0.00228366 0.8 0.8 0.8
vn 0.587768 -0.80903 -1.35711e-16
v 0.0242783 -0.0242783 0.00228366 0.8 0.8 0.8
vn 0.707091 -0.707122 3.25707e-16
v 0.0277774 -0.0201814 0.00228366 0.8 0.8 0.8
vn 0.809004 -0.587803 -3.34058e-17
v 0.0305925 -0.0155876 0.00228366 0.8 0.8 0.8
vn 0.890997 -0.45401 -2.7351e-16
v 0.0326543 -0.01061 0.00228366 0.8 0.8 0.8
vn 0.95105 -0.309038 1.34667e-16
v 0.033912 -0.00537111 0.00228366 0.8 0.8 0.8
vn 0.987685 -0.156456 1.65985e-16
v 0.0342498 2.29693e-08 0.000707464 0.8 0.8 0.8
vn 0.982338 0.0192873 -0.18612
v 0.0338281 0.00535786 0.000707464 0.8 0.8 0.8
vn 0.967226 0.172721 -0.18612
v 0.0325735 0.0105838 0.000707464 0.8 0.8 0.8
vn 0.928299 0.321902 -0.18612
v 0.0305168 0.0155491 0.000707464 0.8 0.8 0.8
vn 0.866513 0.463157 -0.18612
v 0.0277086 0.0201315 0.000707464 0.8 0.8 0.8
vn 0.783391 0.593007 -0.18612
v 0.0242182 0.0242183 0.000707464 0.8 0.8 0.8
vn 0.680979 0.708256 -0.18612
v 0.0201315 0.0277087 0.000707464 0.8 0.8 0.8
vn 0.5618 0.806065 -0.18612
v 0.0155491 0.0305168 0.000707464 0.8 0.8 0.8
vn 0.428787 0.884025 -0.18612
v 0.0105838 0.0325735 0.000707464 0.8 0.8 0.8
vn 0.285216 0.940219 -0.18612
v 0.00535784 0.0338281 0.000707464 0.8 0.8 0.8
vn 0.134622 0.973261 -0.18612
v -1.0172e-09 0.0342498 0.000707464 0.8 0.8 0.8
vn -0.0192874 0.982338 -0.18612
v -0.00535784 0.0338281 0.000707464 0.8 0.8 0.8
vn -0.172721 0.967226 -0.18612
v -0.0105838 0.0325735 0.000707464 0.8 0.8 0.8
vn -0.321902 0.928298 -0.18612
v -0.0155491 0.0305168 0.000707464 0.8 0.8 0.8
vn -0.463157 0.866513 -0.18612
v -0.0201315 0.0277087 0.000707464 0.8 0.8 0.8
vn -0.593007 0.783391 -0.18612
v -0.0242182 0.0242183 0.000707464 0.8 0.8 0.8
vn -0.708256 0.680979 -0.18612
v -0.0277086 0.0201315 0.000707464 0.8 0.8 0.8
vn -0.806065 0.5618 -0.18612
v -0.0305168 0.0155491 0.000707464 0.8 0.8 0.8
vn -0.884026 0.428787 -0.18612
v -0.0325735 0.0105838 0.000707464 0.8 0.8 0.8
vn -0.940219 0.285216 -0.18612
v -0.0338281 0.00535787 0.000707464 0.8 0.8 0.8
vn -0.973261 0.134622 -0.18612
v -0.0342498 2.41412e-08 0.000707464 0.8 0.8 0.8
vn -0.982338 -0.0192873 -0.18612
v -0.0338281 -0.00535782 0.000707464 0.8 0.8 0.8
vn -0.967226 -0.172721 -0.18612
v -0.0325735 -0.0105837 0.000707464 0.8 0.8 0.8
vn -0.928299 -0.321902 -0.18612
v -0.0305168 -0.015549 0.000707464 0.8 0.8 0.8
vn -0.866513 -0.463157 -0.18612
v -0.0277086 -0.0201315 0.000707464 0.8 0.8 0.8
vn -0.783391 -0.593007 -0.18612
v -0.0242182 -0.0242182 0.000707464 0.8 0.8 0.8
vn -0.680979 -0.708256 -0.18612
v -0.0201315 -0.0277086 0.000707464 0.8 0.8 0.8
vn -0.5618 -0.806065 -0.18612
v -0.0155491 -0.0305167 0.000707464 0.8 0.8 0.8
vn -0.428787 -0.884025 -0.18612
v -0.0105838 -0.0325734 0.000707464 0.8 0.8 0.8
vn -0.285216 -0.940219 -0.18612
v -0.00535784 -0.0338281 0.000707464 0.8 0.8 0.8
vn -0.134622 -0.973261 -0.18612
v 1.54719e-10 -0.0342497 0.000707464 0.8 0.8 0.8
vn 0.0192874 -0.982338 -0.18612
v 0.00535784 -0.0338281 0.000707464 0.8 0.8 0.8
vn 0.172721 -0.967226 -0.18612
v 0.0105838 -0.0325734 0.000707464 0.8 0.8 0.8
vn 0.321902 -0.928298 -0.18612
v 0.0155491 -0.0305167 0.000707464 0.8 0.8 0.8
vn 0.463157 -0.866513 -0.18612
v 0.0201315 -0.0277086 0.000707464 0.8 0.8 0.8
vn 0.593007 -0.783391 -0.18612
v 0.0242182 -0.0242182 0.000707464 0.8 0.8 0.8
vn 0.708256 -0.680979 -0.18612
v 0.0277086 -0.0201315 0.000707464 0.8 0.8 0.8
vn 0.806065 -0.5618 -0.18612
v 0.0305168 -0.015549 0.000707464 0.8 0.8 0.8
vn 0.884026 -0.428787 -0.18612
v 0.0325735 -0.0105837 0.000707464 0.8 0.8 0.8
vn 0.940219 -0.285216 -0.18612
v 0.0338281 -0.00535782 0.000707464 0.8 0.8 0.8
vn 0.973261 -0.134622 -0.18612
v 0.0339918 2.29737e-08 0.000477757 0.8 0.8 0.8
vn 0.472704 0.00295117 -0.881216
v 0.0335733 0.00531752 0.000477757 0.8 0.8 0.8
vn 0.466422 0.076862 -0.881216
v 0.0323282 0.0105041 0.000477757 0.8 0.8 0.8
vn 0.448656 0.14888 -0.881216
v 0.030287 0.015432 0.000477757 0.8 0.8 0.8
vn 0.419842 0.217232 -0.881216
v 0.0275 0.0199799 0.000477757 0.8 0.8 0.8
vn 0.380691 0.280236 -0.881216
v 0.0240359 0.0240359 0.000477757 0.8 0.8 0.8
vn 0.332165 0.336339 -0.881216
v 0.0199799 0.0275 0.000477757 0.8 0.8 0.8
vn 0.275461 0.38416 -0.881216
v 0.015432 0.030287 0.000477757 0.8 0.8 0.8
vn 0.211973 0.422522 -0.881216
v 0.0105041 0.0323282 0.000477757 0.8 0.8 0.8
vn 0.143267 0.45048 -0.881216
v 0.0053175 0.0335734 0.000477757 0.8 0.8 0.8
vn 0.0710323 0.467346 -0.881216
v -1.01278e-09 0.0339919 0.000477757 0.8 0.8 0.8
vn -0.00295119 0.472704 -0.881216
v -0.0053175 0.0335734 0.000477757 0.8 0.8 0.8
vn -0.076862 0.466422 -0.881216
v -0.0105041 0.0323282 0.000477757 0.8 0.8 0.8
vn -0.14888 0.448656 -0.881216
v -0.015432 0.030287 0.000477757 0.8 0.8 0.8
vn -0.217233 0.419842 -0.881216
v -0.0199799 0.0275 0.000477757 0.8 0.8 0.8
vn -0.280236 0.380691 -0.881216
v -0.0240359 0.0240359 0.000477757 0.8 0.8 0.8
vn -0.336339 0.332165 -0.881216
v -0.0275 0.0199799 0.000477757 0.8 0.8 0.8
vn -0.38416 0.275461 -0.881216
v -0.030287 0.015432 0.000477757 0.8 0.8 0.8
vn -0.422522 0.211973 -0.881216
v -0.0323282 0.0105041 0.000477757 0.8 0.8 0.8
vn -0.45048 0.143267 -0.881216
v -0.0335733 0.00531752 0.000477757 0.8 0.8 0.8
vn -0.467346 0.0710323 -0.881216
v -0.0339918 2.41368e-08 0.000477757 0.8 0.8 0.8
vn -0.472704 -0.00295117 -0.881216
v -0.0335733 -0.00531747 0.000477757 0.8 0.8 0.8
vn -0.466422 -0.076862 -0.881216
v -0.0323282 -0.010504 0.000477757 0.8 0.8 0.8
vn -0.448656 -0.14888 -0.881216
v -0.030287 -0.0154319 0.000477757 0.8 0.8 0.8
vn -0.419842 -0.217232 -0.881216
v -0.0275 -0.0199799 0.000477757 0.8 0.8 0.8
vn -0.380691 -0.280236 -0.881216
v -0.0240359 -0.0240358 0.000477757 0.8 0.8 0.8
vn -0.332165 -0.336339 -0.881216
v -0.0199799 -0.0275 0.000477757 0.8 0.8 0.8
vn -0.275461 -0.38416 -0.881216
v -0.015432 -0.0302869 0.000477757 0.8 0.8 0.8
vn -0.211973 -0.422522 -0.881216
v -0.0105041 -0.0323281 0.000477757 0.8 0.8 0.8
vn -0.143267 -0.45048 -0.881216
v -0.0053175 -0.0335733 0.000477757 0.8 0.8 0.8
vn -0.0710323 -0.467346 -0.881216
v 1.50306e-10 -0.0339918 0.000477757 0.8 0.8 0.8
vn 0.00295119 -0.472704 -0.881216
v 0.0053175 -0.0335733 0.000477757 0.8 0.8 0.8
vn 0.076862 -0.466422 -0.881216
v 0.0105041 -0.0323281 0.000477757 0.8 0.8 0.8
vn 0.14888 -0.448656 -0.881216
v 0.015432 -0.0302869 0.000477757 0.8 0.8 0.8
vn 0.217233 -0.419842 -0.881216
v 0.0199799 -0.0275 0.000477757 0.8 0.8 0.8
vn 0.280236 -0.380691 -0.881216
v 0.0240359 -0.0240358 0.000477757 0.8 0.8 0.8
vn 0.336339 -0.332165 -0.881216
v 0.0275 -0.0199799 0.000477757 0.8 0.8 0.8
vn 0.38416 -0.275461 -0.881216
v 0.030287 -0.0154319 0.000477757 0.8 0.8 0.8
vn 0.422522 -0.211973 -0.881216
v 0.0323282 -0.010504 0.000477757 0.8 0.8 0.8
vn 0.45048 -0.143267 -0.881216
v 0.0335733 -0.00531747 0.000477757 0.8 0.8 0.8
vn 0.467346 -0.0710323 -0.881216
v 0.0335513 2.29812e-08 0.000333439 0.8 0.8 0.8
vn 0.223492 0.00106241 -0.974705
v 0.0331382 0.00524861 0.000333439 0.8 0.8 0.8
vn 0.220574 0.0360111 -0.974705
v 0.0319092 0.010368 0.000333439 0.8 0.8 0.8
vn 0.212225 0.0700732 -0.974705
v 0.0298944 0.015232 0.000333439 0.8 0.8 0.8
vn 0.19865 0.10241 -0.974705
v 0.0271436 0.019721 0.000333439 0.8 0.8 0.8
vn 0.180184 0.132225 -0.974705
v 0.0237244 0.0237244 0.000333439 0.8 0.8 0.8
vn 0.157281 0.158784 -0.974705
v 0.019721 0.0271436 0.000333439 0.8 0.8 0.8
vn 0.130506 0.181433 -0.974705
v 0.015232 0.0298945 0.000333439 0.8 0.8 0.8
vn 0.100517 0.199615 -0.974705
v 0.0103679 0.0319092 0.000333439 0.8 0.8 0.8
vn 0.0680523 0.212882 -0.974705
v 0.00524858 0.0331383 0.000333439 0.8 0.8 0.8
vn 0.0339125 0.220906 -0.974705
v -1.00525e-09 0.0335513 0.000333439 0.8 0.8 0.8
vn -0.00106241 0.223492 -0.974705
v -0.00524858 0.0331383 0.000333439 0.8 0.8 0.8
vn -0.0360112 0.220574 -0.974705
v -0.0103679 0.0319092 0.000333439 0.8 0.8 0.8
vn -0.0700732 0.212225 -0.974705
v -0.015232 0.0298945 0.000333439 0.8 0.8 0.8
vn -0.10241 0.19865 -0.974705
v -0.019721 0.0271436 0.000333439 0.8 0.8 0.8
vn -0.132225 0.180184 -0.974705
v -0.0237244 0.0237244 0.000333439 0.8 0.8 0.8
vn -0.158784 0.157281 -0.974705
v -0.0271436 0.019721 0.000333439 0.8 0.8 0.8
vn -0.181433 0.130506 -0.974705
v -0.0298944 0.015232 0.000333439 0.8 0.8 0.8
vn -0.199615 0.100517 -0.974705
v -0.0319092 0.010368 0.000333439 0.8 0.8 0.8
vn -0.212882 0.0680523 -0.974705
v -0.0331383 0.00524861 0.000333439 0.8 0.8 0.8
vn -0.220906 0.0339125 -0.974705
v -0.0335513 2.41292e-08 0.000333439 0.8 0.8 0.8
vn -0.223492 -0.00106241 -0.974705
v -0.0331383 -0.00524856 0.000333439 0.8 0.8 0.8
vn -0.220574 -0.0360111 -0.974705
v -0.0319092 -0.0103679 0.000333439 0.8 0.8 0.8
vn -0.212225 -0.0700732 -0.974705
v -0.0298944 -0.015232 0.000333439 0.8 0.8 0.8
vn -0.19865 -0.10241 -0.974705
v -0.0271436 -0.0197209 0.000333439 0.8 0.8 0.8
vn -0.180184 -0.132225 -0.974705
v -0.0237244 -0.0237243 0.000333439 0.8 0.8 0.8
vn -0.157281 -0.158784 -0.974705
v -0.019721 -0.0271436 0.000333439 0.8 0.8 0.8
vn -0.130506 -0.181433 -0.974705
v -0.015232 -0.0298944 0.000333439 0.8 0.8 0.8
vn -0.100517 -0.199615 -0.974705
v -0.0103679 -0.0319092 0.000333439 0.8 0.8 0.8
vn -0.0680523 -0.212882 -0.974705
v -0.00524858 -0.0331382 0.000333439 0.8 0.8 0.8
vn -0.0339125 -0.220906 -0.974705
v 1.4277e-10 -0.0335513 0.000333439 0.8 0.8 0.8
vn 0.00106241 -0.223492 -0.974705
v 0.00524858 -0.0331382 0.000333439 0.8 0.8 0.8
vn 0.0360112 -0.220574 -0.974705
v 0.0103679 -0.0319092 0.000333439 0.8 0.8 0.8
vn 0.0700732 -0.212225 -0.974705
v 0.015232 -0.0298944 0.000333439 0.8 0.8 0.8
vn 0.10241 -0.19865 -0.974705
v 0.019721 -0.0271436 0.000333439 0.8 0.8 0.8
vn 0.132225 -0.180184 -0.974705
v 0.0237244 -0.0237243 0.000333439 0.8 0.8 0.8
vn 0.158784 -0.157281 -0.974705
v 0.0271436 -0.0197209 0.000333439 0.8 0.8 0.8
vn 0.181433 -0.130506 -0.974705
v 0.0298944 -0.015232 0.000333439 0.8 0.8 0.8
vn 0.199615 -0.100517 -0.974705
v 0.0319092 -0.0103679 0.000333439 0.8 0.8 0.8
vn 0.212882 -0.0680523 -0.974705
v 0.0331382 -0.00524856 0.000333439 0.8 0.8 0.8
vn 0.220906 -0.0339125 -0.974705
v 0.0329098 2.29922e-08 0.000230118 0.8 0.8 0.8
vn 0.118567 0.000518621 -0.992946
v 0.0325046 0.00514825 0.000230118 0.8 0.8 0.8
vn 0.117026 0.0190602 -0.992946
v 0.0312991 0.0101697 0.000230118 0.8 0.8 0.8
vn 0.112604 0.0371325 -0.992946
v 0.0293228 0.0149407 0.000230118 0.8 0.8 0.8
vn 0.105409 0.0542905 -0.992946
v 0.0266246 0.0193439 0.000230118 0.8 0.8 0.8
vn 0.0956181 0.0701116 -0.992946
v 0.0232707 0.0232708 0.000230118 0.8 0.8 0.8
vn 0.083473 0.0842064 -0.992946
v 0.0193439 0.0266246 0.000230118 0.8 0.8 0.8
vn 0.0692725 0.0962277 -0.992946
v 0.0149407 0.0293228 0.000230118 0.8 0.8 0.8
vn 0.0533663 0.10588 -0.992946
v 0.0101697 0.0312991 0.000230118 0.8 0.8 0.8
vn 0.036146 0.112924 -0.992946
v 0.00514822 0.0325046 0.000230118 0.8 0.8 0.8
vn 0.0180358 0.117189 -0.992946
v -9.94272e-10 0.0329098 0.000230118 0.8 0.8 0.8
vn -0.000518625 0.118567 -0.992946
v -0.00514823 0.0325046 0.000230118 0.8 0.8 0.8
vn -0.0190602 0.117026 -0.992946
v -0.0101697 0.0312991 0.000230118 0.8 0.8 0.8
vn -0.0371325 0.112604 -0.992946
v -0.0149407 0.0293229 0.000230118 0.8 0.8 0.8
vn -0.0542905 0.105409 -0.992946
v -0.0193439 0.0266246 0.000230118 0.8 0.8 0.8
vn -0.0701116 0.0956181 -0.992946
v -0.0232707 0.0232708 0.000230118 0.8 0.8 0.8
vn -0.0842064 0.083473 -0.992946
v -0.0266246 0.0193439 0.000230118 0.8 0.8 0.8
vn -0.0962277 0.0692725 -0.992946
v -0.0293228 0.0149408 0.000230118 0.8 0.8 0.8
vn -0.10588 0.0533663 -0.992946
v -0.0312991 0.0101697 0.000230118 0.8 0.8 0.8
vn -0.112924 0.036146 -0.992946
v -0.0325046 0.00514825 0.000230118 0.8 0.8 0.8
vn -0.117189 0.0180358 -0.992946
v -0.0329098 2.41183e-08 0.000230118 0.8 0.8 0.8
vn -0.118567 -0.000518621 -0.992946
v -0.0325046 -0.0051482 0.000230118 0.8 0.8 0.8
vn -0.117026 -0.0190602 -0.992946
v -0.0312991 -0.0101697 0.000230118 0.8 0.8 0.8
vn -0.112604 -0.0371325 -0.992946
v -0.0293228 -0.0149407 0.000230118 0.8 0.8 0.8
vn -0.105409 -0.0542905 -0.992946
v -0.0266246 -0.0193439 0.000230118 0.8 0.8 0.8
vn -0.0956181 -0.0701116 -0.992946
v -0.0232707 -0.0232707 0.000230118 0.8 0.8 0.8
vn -0.083473 -0.0842064 -0.992946
v -0.0193439 -0.0266245 0.000230118 0.8 0.8 0.8
vn -0.0692725 -0.0962277 -0.992946
v -0.0149407 -0.0293228 0.000230118 0.8 0.8 0.8
vn -0.0533663 -0.10588 -0.992946
v -0.0101697 -0.031299 0.000230118 0.8 0.8 0.8
vn -0.036146 -0.112924 -0.992946
v -0.00514822 -0.0325046 0.000230118 0.8 0.8 0.8
vn -0.0180358 -0.117189 -0.992946
v 1.31794e-10 -0.0329098 0.000230118 0.8 0.8 0.8
vn 0.000518625 -0.118567 -0.992946
v 0.00514822 -0.0325046 0.000230118 0.8 0.8 0.8
vn 0.0190602 -0.117026 -0.992946
v 0.0101697 -0.031299 0.000230118 0.8 0.8 0.8
vn 0.0371325 -0.112604 -0.992946
v 0.0149407 -0.0293228 0.000230118 0.8 0.8 0.8
vn 0.0542905 -0.105409 -0.992946
v 0.0193439 -0.0266245 0.000230118 0.8 0.8 0.8
vn 0.0701116 -0.0956181 -0.992946
v 0.0232707 -0.0232707 0.000230118 0.8 0.8 0.8
vn 0.0842064 -0.083473 -0.992946
v 0.0266246 -0.0193439 0.000230118 0.8 0.8 0.8
vn 0.0962277 -0.0692725 -0.992946
v 0.0293228 -0.0149407 0.000230118 0.8 0.8 0.8
vn 0.10588 -0.0533663 -0.992946
v 0.0312991 -0.0101697 0.000230118 0.8 0.8 0.8
vn 0.112924 -0.036146 -0.992946
v 0.0325046 -0.0051482 0.000230118 0.8 0.8 0.8
vn 0.117189 -0.0180358 -0.992946
v 0.0320354 2.30071e-08 0.00015284 0.8 0.8 0.8
vn 0.0665259 0.000301288 -0.997785
v 0.031641 0.00501147 0.00015284 0.8 0.8 0.8
vn 0.0656597 0.0107045 -0.997785
v 0.0304675 0.00989951 0.00015284 0.8 0.8 0.8
vn 0.0631768 0.0208442 -0.997785
v 0.0285438 0.0145438 0.00015284 0.8 0.8 0.8
vn 0.0591382 0.0304706 -0.997785
v 0.0259172 0.01883 0.00015284 0.8 0.8 0.8
vn 0.0536435 0.0393467 -0.997785
v 0.0226525 0.0226525 0.00015284 0.8 0.8 0.8
vn 0.0468279 0.0472539 -0.997785
v 0.0188299 0.0259172 0.00015284 0.8 0.8 0.8
vn 0.0388592 0.0539977 -0.997785
v 0.0145438 0.0285438 0.00015284 0.8 0.8 0.8
vn 0.0299337 0.0594118 -0.997785
v 0.00989949 0.0304675 0.00015284 0.8 0.8 0.8
vn 0.0202711 0.063363 -0.997785
v 0.00501144 0.031641 0.00015284 0.8 0.8 0.8
vn 0.0101094 0.065754 -0.997785
v -9.79313e-10 0.0320354 0.00015284 0.8 0.8 0.8
vn -0.00030129 0.0665259 -0.997785
v -0.00501145 0.031641 0.00015284 0.8 0.8 0.8
vn -0.0107045 0.0656597 -0.997785
v -0.00989949 0.0304675 0.00015284 0.8 0.8 0.8
vn -0.0208442 0.0631768 -0.997785
v -0.0145438 0.0285438 0.00015284 0.8 0.8 0.8
vn -0.0304706 0.0591382 -0.997785
v -0.01883 0.0259172 0.00015284 0.8 0.8 0.8
vn -0.0393467 0.0536435 -0.997785
v -0.0226525 0.0226525 0.00015284 0.8 0.8 0.8
vn -0.0472539 0.0468279 -0.997785
v -0.0259172 0.01883 0.00015284 0.8 0.8 0.8
vn -0.0539977 0.0388592 -0.997785
v -0.0285438 0.0145438 0.00015284 0.8 0.8 0.8
vn -0.0594118 0.0299337 -0.997785
v -0.0304675 0.00989951 0.00015284 0.8 0.8 0.8
vn -0.063363 0.0202711 -0.997785
v -0.031641 0.00501147 0.00015284 0.8 0.8 0.8
vn -0.065754 0.0101094 -0.997785
v -0.0320354 2.41033e-08 0.00015284 0.8 0.8 0.8
vn -0.0665259 -0.000301288 -0.997785
v -0.031641 -0.00501142 0.00015284 0.8 0.8 0.8
vn -0.0656597 -0.0107045 -0.997785
v -0.0304675 -0.00989947 0.00015284 0.8 0.8 0.8
vn -0.0631768 -0.0208442 -0.997785
v -0.0285438 -0.0145438 0.00015284 0.8 0.8 0.8
vn -0.0591382 -0.0304706 -0.997785
v -0.0259172 -0.0188299 0.00015284 0.8 0.8 0.8
vn -0.0536435 -0.0393467 -0.997785
v -0.0226525 -0.0226524 0.00015284 0.8 0.8 0.8
vn -0.0468279 -0.0472539 -0.997785
v -0.0188299 -0.0259172 0.00015284 0.8 0.8 0.8
vn -0.0388592 -0.0539977 -0.997785
v -0.0145438 -0.0285437 0.00015284 0.8 0.8 0.8
vn -0.0299337 -0.0594118 -0.997785
v -0.00989949 -0.0304675 0.00015284 0.8 0.8 0.8
vn -0.0202711 -0.063363 -0.997785
v -0.00501144 -0.031641 0.00015284 0.8 0.8 0.8
vn -0.0101094 -0.065754 -0.997785
v 1.16835e-10 -0.0320354 0.00015284 0.8 0.8 0.8
vn 0.00030129 -0.0665259 -0.997785
v 0.00501144 -0.031641 0.00015284 0.8 0.8 0.8
vn 0.0107045 -0.0656597 -0.997785
v 0.00989949 -0.0304675 0.00015284 0.8 0.8 0.8
vn 0.0208442 -0.0631768 -0.997785
v 0.0145438 -0.0285437 0.00015284 0.8 0.8 0.8
vn 0.0304706 -0.0591382 -0.997785
v 0.0188299 -0.0259172 0.00015284 0.8 0.8 0.8
vn 0.0393467 -0.0536435 -0.997785
v 0.0226525 -0.0226524 0.00015284 0.8 0.8 0.8
vn 0.0472539 -0.0468279 -0.997785
v 0.0259172 -0.0188299 0.00015284 0.8 0.8 0.8
vn 0.0539977 -0.0388592 -0.997785
v 0.0285438 -0.0145438 0.00015284 0.8 0.8 0.8
vn 0.0594118 -0.0299337 -0.997785
v 0.0304675 -0.00989947 0.00015284 0.8 0.8 0.8
vn 0.063363 -0.0202711 -0.997785
v 0.031641 -0.00501142 0.00015284 0.8 0.8 0.8
vn 0.065754 -0.0101094 -0.997785
v 0.0308729 2.3027e-08 9.47179e-05 0.8 0.8 0.8
vn 0.0372266 0.000191982 -0.999307
v 0.0304928 0.00482961 9.47179e-05 0.8 0.8 0.8
vn 0.0367383 0.00601314 -0.999307
v 0.0293619 0.00954027 9.47179e-05 0.8 0.8 0.8
vn 0.0353453 0.0116862 -0.999307
v 0.0275079 0.014016 9.47179e-05 0.8 0.8 0.8
vn 0.033082 0.0170716 -0.999307
v 0.0249767 0.0181466 9.47179e-05 0.8 0.8 0.8
vn 0.0300041 0.0220366 -0.999307
v 0.0218304 0.0218304 9.47179e-05 0.8 0.8 0.8
vn 0.0261874 0.0264589 -0.999307
v 0.0181466 0.0249767 9.47179e-05 0.8 0.8 0.8
vn 0.0217259 0.0302298 -0.999307
v 0.014016 0.027508 9.47179e-05 0.8 0.8 0.8
vn 0.0167295 0.0332563 -0.999307
v 0.00954024 0.0293619 9.47179e-05 0.8 0.8 0.8
vn 0.0113211 0.0354639 -0.999307
v 0.00482958 0.0304928 9.47179e-05 0.8 0.8 0.8
vn 0.00563391 0.0367983 -0.999307
v -9.59424e-10 0.0308729 9.47179e-05 0.8 0.8 0.8
vn -0.000191983 0.0372266 -0.999307
v -0.00482958 0.0304928 9.47179e-05 0.8 0.8 0.8
vn -0.00601315 0.0367383 -0.999307
v -0.00954025 0.0293619 9.47179e-05 0.8 0.8 0.8
vn -0.0116862 0.0353453 -0.999307
v -0.014016 0.027508 9.47179e-05 0.8 0.8 0.8
vn -0.0170716 0.033082 -0.999307
v -0.0181466 0.0249767 9.47179e-05 0.8 0.8 0.8
vn -0.0220366 0.0300041 -0.999307
v -0.0218304 0.0218304 9.47179e-05 0.8 0.8 0.8
vn -0.026459 0.0261874 -0.999307
v -0.0249767 0.0181466 9.47179e-05 0.8 0.8 0.8
vn -0.0302298 0.0217259 -0.999307
v -0.0275079 0.014016 9.47179e-05 0.8 0.8 0.8
vn -0.0332563 0.0167295 -0.999307
v -0.0293619 0.00954027 9.47179e-05 0.8 0.8 0.8
vn -0.0354639 0.0113211 -0.999307
v -0.0304928 0.00482961 9.47179e-05 0.8 0.8 0.8
vn -0.0367983 0.00563391 -0.999307
v -0.0308729 2.40834e-08 9.47179e-05 0.8 0.8 0.8
vn -0.0372266 -0.000191982 -0.999307
v -0.0304928 -0.00482956 9.47179e-05 0.8 0.8 0.8
vn -0.0367383 -0.00601314 -0.999307
v -0.0293619 -0.00954022 9.47179e-05 0.8 0.8 0.8
vn -0.0353453 -0.0116862 -0.999307
v -0.0275079 -0.014016 9.47179e-05 0.8 0.8 0.8
vn -0.033082 -0.0170716 -0.999307
v -0.0249767 -0.0181466 9.47179e-05 0.8 0.8 0.8
vn -0.0300041 -0.0220366 -0.999307
v -0.0218304 -0.0218304 9.47179e-05 0.8 0.8 0.8
vn -0.0261874 -0.0264589 -0.999307
v -0.0181466 -0.0249767 9.47179e-05 0.8 0.8 0.8
vn -0.0217259 -0.0302298 -0.999307
v -0.014016 -0.0275079 9.47179e-05 0.8 0.8 0.8
vn -0.0167295 -0.0332563 -0.999307
v -0.00954025 -0.0293618 9.47179e-05 0.8 0.8 0.8
vn -0.0113211 -0.0354639 -0.999307
v -0.00482958 -0.0304928 9.47179e-05 0.8 0.8 0.8
vn -0.00563391 -0.0367983 -0.999307
v 9.6946e-11 -0.0308729 9.47179e-05 0.8 0.8 0.8
vn 0.000191983 -0.0372266 -0.999307
v 0.00482958 -0.0304928 9.47179e-05 0.8 0.8 0.8
vn 0.00601315 -0.0367383 -0.999307
v 0.00954025 -0.0293618 9.47179e-05 0.8 0.8 0.8
vn 0.0116862 -0.0353453 -0.999307
v 0.014016 -0.0275079 9.47179e-05 0.8 0.8 0.8
vn 0.0170716 -0.033082 -0.999307
v 0.0181466 -0.0249767 9.47179e-05 0.8 0.8 0.8
vn 0.0220366 -0.0300041 -0.999307
v 0.0218304 -0.0218304 9.47179e-05 0.8 0.8 0.8
vn 0.026459 -0.0261874 -0.999307
v 0.0249767 -0.0181466 9.47179e-05 0.8 0.8 0.8
vn 0.0302298 -0.0217259 -0.999307
v 0.0275079 -0.014016 9.47179e-05 0.8 0.8 0.8
vn 0.0332563 -0.0167295 -0.999307
v 0.0293619 -0.00954022 9.47179e-05 0.8 0.8 0.8
vn 0.0354639 -0.0113211 -0.999307
v 0.0304928 -0.00482956 9.47179e-05 0.8 0.8 0.8
vn 0.0367983 -0.00563391 -0.999307
v 0.0293186 2.30536e-08 5.20723e-05 0.8 0.8 0.8
vn 0.0194488 0.000126149 -0.999811
v 0.0289576 0.00458646 5.20723e-05 0.8 0.8 0.8
vn 0.0191896 0.00316705 -0.999811
v 0.0278836 0.00905996 5.20723e-05 0.8 0.8 0.8
vn 0.0184579 0.00612997 -0.999811
v 0.026123 0.0133104 5.20723e-05 0.8 0.8 0.8
vn 0.0172717 0.00894195 -0.999811
v 0.0237192 0.017233 5.20723e-05 0.8 0.8 0.8
vn 0.0156602 0.0115337 -0.999811
v 0.0207314 0.0207314 5.20723e-05 0.8 0.8 0.8
vn 0.0136631 0.0138415 -0.999811
v 0.017233 0.0237192 5.20723e-05 0.8 0.8 0.8
vn 0.0113296 0.0158085 -0.999811
v 0.0133104 0.0261231 5.20723e-05 0.8 0.8 0.8
vn 0.00871715 0.0173862 -0.999811
v 0.00905994 0.0278836 5.20723e-05 0.8 0.8 0.8
vn 0.00589002 0.0185358 -0.999811
v 0.00458643 0.0289576 5.20723e-05 0.8 0.8 0.8
vn 0.00291786 0.019229 -0.999811
v -9.32832e-10 0.0293186 5.20723e-05 0.8 0.8 0.8
vn -0.00012615 0.0194487 -0.999811
v -0.00458644 0.0289576 5.20723e-05 0.8 0.8 0.8
vn -0.00316705 0.0191896 -0.999811
v -0.00905994 0.0278836 5.20723e-05 0.8 0.8 0.8
vn -0.00612997 0.0184579 -0.999811
v -0.0133104 0.0261231 5.20723e-05 0.8 0.8 0.8
vn -0.00894195 0.0172717 -0.999811
v -0.017233 0.0237192 5.20723e-05 0.8 0.8 0.8
vn -0.0115337 0.0156602 -0.999811
v -0.0207314 0.0207314 5.20723e-05 0.8 0.8 0.8
vn -0.0138415 0.0136631 -0.999811
v -0.0237192 0.017233 5.20723e-05 0.8 0.8 0.8
vn -0.0158085 0.0113296 -0.999811
v -0.026123 0.0133104 5.20723e-05 0.8 0.8 0.8
vn -0.0173862 0.00871715 -0.999811
v -0.0278836 0.00905996 5.20723e-05 0.8 0.8 0.8
vn -0.0185358 0.00589002 -0.999811
v -0.0289576 0.00458646 5.20723e-05 0.8 0.8 0.8
vn -0.019229 0.00291786 -0.999811
v -0.0293186 2.40568e-08 5.20723e-05 0.8 0.8 0.8
vn -0.0194488 -0.000126149 -0.999811
v -0.0289576 -0.00458641 5.20723e-05 0.8 0.8 0.8
vn -0.0191896 -0.00316705 -0.999811
v -0.0278836 -0.00905991 5.20723e-05 0.8 0.8 0.8
vn -0.0184579 -0.00612997 -0.999811
v -0.026123 -0.0133103 5.20723e-05 0.8 0.8 0.8
vn -0.0172717 -0.00894195 -0.999811
v -0.0237192 -0.017233 5.20723e-05 0.8 0.8 0.8
vn -0.0156602 -0.0115337 -0.999811
v -0.0207314 -0.0207313 5.20723e-05 0.8 0.8 0.8
vn -0.0136631 -0.0138415 -0.999811
v -0.017233 -0.0237192 5.20723e-05 0.8 0.8 0.8
vn -0.0113296 -0.0158085 -0.999811
v -0.0133104 -0.026123 5.20723e-05 0.8 0.8 0.8
vn -0.00871715 -0.0173862 -0.999811
v -0.00905994 -0.0278836 5.20723e-05 0.8 0.8 0.8
vn -0.00589002 -0.0185358 -0.999811
v -0.00458644 -0.0289576 5.20723e-05 0.8 0.8 0.8
vn -0.00291786 -0.019229 -0.999811
v 7.03543e-11 -0.0293185 5.20723e-05 0.8 0.8 0.8
vn 0.00012615 -0.0194487 -0.999811
v 0.00458644 -0.0289576 5.20723e-05 0.8 0.8 0.8
vn 0.00316705 -0.0191896 -0.999811
v 0.00905994 -0.0278836 5.20723e-05 0.8 0.8 0.8
vn 0.00612997 -0.0184579 -0.999811
v 0.0133104 -0.026123 5.20723e-05 0.8 0.8 0.8
vn 0.00894195 -0.0172717 -0.999811
v 0.017233 -0.0237192 5.20723e-05 0.8 0.8 0.8
vn 0.0115337 -0.0156602 -0.999811
v 0.0207314 -0.0207313 5.20723e-05 0.8 0.8 0.8
vn 0.0138415 -0.0136631 -0.999811
v 0.0237192 -0.017233 5.20723e-05 0.8 0.8 0.8
vn 0.0158085 -0.0113296 -0.999811
v 0.026123 -0.0133103 5.20723e-05 0.8 0.8 0.8
vn 0.0173862 -0.00871715 -0.999811
v 0.0278836 -0.00905991 5.20723e-05 0.8 0.8 0.8
vn 0.0185358 -0.00589002 -0.999811
v 0.0289576 -0.00458641 5.20723e-05 0.8 0.8 0.8
vn 0.019229 -0.00291786 -0.999811
v 0.0271475 2.30908e-08 2.27892e-05 0.8 0.8 0.8
vn 0.00839283 7.89324e-05 -0.999965
v 0.0268133 0.00424683 2.27892e-05 0.8 0.8 0.8
vn 0.00827715 0.00139089 -0.999965
v 0.0258188 0.00838906 2.27892e-05 0.8 0.8 0.8
vn 0.00795766 0.00266859 -0.999965
v 0.0241886 0.0123247 2.27892e-05 0.8 0.8 0.8
vn 0.00744223 0.00388059 -0.999965
v 0.0219628 0.0159569 2.27892e-05 0.8 0.8 0.8
vn 0.00674354 0.00499704 -0.999965
v 0.0191962 0.0191962 2.27892e-05 0.8 0.8 0.8
vn 0.00587881 0.00599044 -0.999965
v 0.0159569 0.0219628 2.27892e-05 0.8 0.8 0.8
vn 0.00486932 0.00683633 -0.999965
v 0.0123247 0.0241886 2.27892e-05 0.8 0.8 0.8
vn 0.00373993 0.0075139 -0.999965
v 0.00838904 0.0258188 2.27892e-05 0.8 0.8 0.8
vn 0.00251846 0.00800644 -0.999965
v 0.0042468 0.0268133 2.27892e-05 0.8 0.8 0.8
vn 0.00123497 0.00830184 -0.999965
v -8.95689e-10 0.0271475 2.27892e-05 0.8 0.8 0.8
vn -7.89327e-05 0.00839283 -0.999965
v -0.00424681 0.0268133 2.27892e-05 0.8 0.8 0.8
vn -0.00139089 0.00827715 -0.999965
v -0.00838904 0.0258188 2.27892e-05 0.8 0.8 0.8
vn -0.0026686 0.00795766 -0.999965
v -0.0123247 0.0241886 2.27892e-05 0.8 0.8 0.8
vn -0.00388059 0.00744223 -0.999965
v -0.0159569 0.0219628 2.27892e-05 0.8 0.8 0.8
vn -0.00499704 0.00674354 -0.999965
v -0.0191962 0.0191962 2.27892e-05 0.8 0.8 0.8
vn -0.00599044 0.00587881 -0.999965
v -0.0219628 0.0159569 2.27892e-05 0.8 0.8 0.8
vn -0.00683633 0.00486932 -0.999965
v -0.0241886 0.0123247 2.27892e-05 0.8 0.8 0.8
vn -0.0075139 0.00373993 -0.999965
v -0.0258188 0.00838906 2.27892e-05 0.8 0.8 0.8
vn -0.00800644 0.00251846 -0.999965
v -0.0268133 0.00424683 2.27892e-05 0.8 0.8 0.8
vn -0.00830184 0.00123497 -0.999965
v -0.0271475 2.40197e-08 2.27892e-05 0.8 0.8 0.8
vn -0.00839283 -7.89324e-05 -0.999965
v -0.0268133 -0.00424678 2.27892e-05 0.8 0.8 0.8
vn -0.00827715 -0.00139089 -0.999965
v -0.0258188 -0.00838902 2.27892e-05 0.8 0.8 0.8
vn -0.00795766 -0.00266859 -0.999965
v -0.0241886 -0.0123247 2.27892e-05 0.8 0.8 0.8
vn -0.00744223 -0.00388059 -0.999965
v -0.0219628 -0.0159569 2.27892e-05 0.8 0.8 0.8
vn -0.00674354 -0.00499704 -0.999965
v -0.0191962 -0.0191962 2.27892e-05 0.8 0.8 0.8
vn -0.00587881 -0.00599044 -0.999965
v -0.0159569 -0.0219628 2.27892e-05 0.8 0.8 0.8
vn -0.00486932 -0.00683633 -0.999965
v -0.0123247 -0.0241886 2.27892e-05 0.8 0.8 0.8
vn -0.00373993 -0.0075139 -0.999965
v -0.00838904 -0.0258188 2.27892e-05 0.8 0.8 0.8
vn -0.00251846 -0.00800644 -0.999965
v -0.00424681 -0.0268132 2.27892e-05 0.8 0.8 0.8
vn -0.00123497 -0.00830184 -0.999965
v 3.32108e-11 -0.0271475 2.27892e-05 0.8 0.8 0.8
vn 7.89327e-05 -0.00839283 -0.999965
v 0.00424681 -0.0268132 2.27892e-05 0.8 0.8 0.8
vn 0.00139089 -0.00827715 -0.999965
v 0.00838904 -0.0258188 2.27892e-05 0.8 0.8 0.8
vn 0.0026686 -0.00795766 -0.999965
v 0.0123247 -0.0241886 2.27892e-05 0.8 0.8 0.8
vn 0.00388059 -0.00744223 -0.999965
v 0.0159569 -0.0219628 2.27892e-05 0.8 0.8 0.8
vn 0.00499704 -0.00674354 -0.999965
v 0.0191962 -0.0191962 2.27892e-05 0.8 0.8 0.8
vn 0.00599044 -0.00587881 -0.999965
v 0.0219628 -0.0159569 2.27892e-05 0.8 0.8 0.8
vn 0.00683633 -0.00486932 -0.999965
v 0.0241886 -0.0123247 2.27892e-05 0.8 0.8 0.8
vn 0.0075139 -0.00373993 -0.999965
v 0.0258188 -0.00838902 2.27892e-05 0.8 0.8 0.8
vn 0.00800644 -0.00251846 -0.999965
v 0.0268133 -0.00424678 2.27892e-05 0.8 0.8 0.8
vn 0.00830184 -0.00123497 -0.999965
v 0.0236919 2.31499e-08 5.645e-06 0.8 0.8 0.8
vn 0.00112047 2.65578e-05 -0.999999
v 0.0234002 0.00370625 5.645e-06 0.8 0.8 0.8
vn 0.00110251 0.000201509 -0.999999
v 0.0225323 0.00732122 5.645e-06 0.8 0.8 0.8
vn 0.00105739 0.00037149 -0.999999
v 0.0211096 0.0107559 5.645e-06 0.8 0.8 0.8
vn 0.000986217 0.000532307 -0.999999
v 0.0191672 0.0139258 5.645e-06 0.8 0.8 0.8
vn 0.000890755 0.000679994 -0.999999
v 0.0167527 0.0167527 5.645e-06 0.8 0.8 0.8
vn 0.000773361 0.000810911 -0.999999
v 0.0139258 0.0191672 5.645e-06 0.8 0.8 0.8
vn 0.000636933 0.000921834 -0.999999
v 0.0107559 0.0211097 5.645e-06 0.8 0.8 0.8
vn 0.000484841 0.00101003 -0.999999
v 0.0073212 0.0225324 5.645e-06 0.8 0.8 0.8
vn 0.000320837 0.00107334 -0.999999
v 0.00370623 0.0234002 5.645e-06 0.8 0.8 0.8
vn 0.000148965 0.0011102 -0.999999
v -8.36569e-10 0.0236919 5.645e-06 0.8 0.8 0.8
vn -2.65399e-05 0.00111972 -0.999999
v -0.00370623 0.0234002 5.645e-06 0.8 0.8 0.8
vn -0.000201354 0.00110166 -0.999999
v -0.0073212 0.0225324 5.645e-06 0.8 0.8 0.8
vn -0.000371175 0.00105649 -0.999999
v -0.0107559 0.0211097 5.645e-06 0.8 0.8 0.8
vn -0.000531825 0.000985323 -0.999999
v -0.0139258 0.0191672 5.645e-06 0.8 0.8 0.8
vn -0.000679354 0.000889916 -0.999999
v -0.0167527 0.0167527 5.645e-06 0.8 0.8 0.8
vn -0.000810139 0.000772623 -0.999999
v -0.0191672 0.0139258 5.645e-06 0.8 0.8 0.8
vn -0.000920966 0.000636334 -0.999999
v -0.0211096 0.0107559 5.645e-06 0.8 0.8 0.8
vn -0.00100912 0.000484402 -0.999999
v -0.0225323 0.00732122 5.645e-06 0.8 0.8 0.8
vn -0.00107243 0.000320565 -0.999999
v -0.0234002 0.00370625 5.645e-06 0.8 0.8 0.8
vn -0.00110934 0.00014885 -0.999999
v -0.0236919 2.39605e-08 5.645e-06 0.8 0.8 0.8
vn -0.00111896 -2.6522e-05 -0.999999
v -0.0234002 -0.00370621 5.645e-06 0.8 0.8 0.8
vn -0.00110104 -0.000201241 -0.999999
v -0.0225323 -0.00732118 5.645e-06 0.8 0.8 0.8
vn -0.00105603 -0.000371014 -0.999999
v -0.0211096 -0.0107559 5.645e-06 0.8 0.8 0.8
vn -0.000985033 -0.000531668 -0.999999
v -0.0191672 -0.0139257 5.645e-06 0.8 0.8 0.8
vn -0.000889784 -0.000679253 -0.999999
v -0.0167527 -0.0167527 5.645e-06 0.8 0.8 0.8
vn -0.000772623 -0.000810139 -0.999999
v -0.0139258 -0.0191671 5.645e-06 0.8 0.8 0.8
vn -0.000636429 -0.000921103 -0.999999
v -0.0107559 -0.0211096 5.645e-06 0.8 0.8 0.8
vn -0.000484545 -0.00100941 -0.999999
v -0.0073212 -0.0225323 5.645e-06 0.8 0.8 0.8
vn -0.000320703 -0.00107289 -0.999999
v -0.00370623 -0.0234002 5.645e-06 0.8 0.8 0.8
vn -0.000148933 -0.00110996 -0.999999
v -2.59089e-11 -0.0236919 5.645e-06 0.8 0.8 0.8
vn 2.65399e-05 -0.00111972 -0.999999
v 0.00370623 -0.0234002 5.645e-06 0.8 0.8 0.8
vn 0.000201397 -0.00110189 -0.999999
v 0.0073212 -0.0225323 5.645e-06 0.8 0.8 0.8
vn 0.000371329 -0.00105693 -0.999999
v 0.0107559 -0.0211096 5.645e-06 0.8 0.8 0.8
vn 0.00053215 -0.000985927 -0.999999
v 0.0139258 -0.0191671 5.645e-06 0.8 0.8 0.8
vn 0.000679893 -0.000890622 -0.999999
v 0.0167527 -0.0167527 5.645e-06 0.8 0.8 0.8
vn 0.000810912 -0.00077336 -0.999999
v 0.0191672 -0.0139257 5.645e-06 0.8 0.8 0.8
vn 0.000921972 -0.000637028 -0.999999
v 0.0211096 -0.0107559 5.645e-06 0.8 0.8 0.8
vn 0.00101033 -0.000484984 -0.999999
v 0.0225323 -0.00732118 5.645e-06 0.8 0.8 0.8
vn 0.0010738 -0.000320976 -0.999999
v 0.0234002 -0.00370621 5.645e-06 0.8 0.8 0.8
vn 0.00111082 -0.000149048 -0.999999
v 2.68372e-06 2.35552e-08 0.147287 0.8 0.8 0.8
vn 6.90261e-26 -4.03464e-18 1
v 2.68372e-06 2.35552e-08 0.0045647 0.8 0.8 0.8
vn 6.90261e-26 -4.03464e-18 -1
v 0.003238 2.34998e-08 0.14711 0.8 0.8 0.8
vn 0.2483 -0.0058853 0.968665
v 0.00319813 0.000506558 0.14711 0.8 0.8 0.8
vn 0.246162 0.0330295 0.968666
v 0.00307952 0.00100062 0.14711 0.8 0.8 0.8
vn 0.237958 0.0711294 0.968667
v 0.00288508 0.00147004 0.14711 0.8 0.8 0.8
vn 0.223893 0.107475 0.96867
v 0.0026196 0.00190327 0.14711 0.8 0.8 0.8
vn 0.204313 0.141169 0.968673
v 0.00228961 0.00228963 0.14711 0.8 0.8 0.8
vn 0.179703 0.171381 0.968677
v 0.00190325 0.00261962 0.14711 0.8 0.8 0.8
vn 0.150669 0.197368 0.968682
v 0.00147002 0.0028851 0.14711 0.8 0.8 0.8
vn 0.117929 0.218489 0.968687
v 0.0010006 0.00307954 0.14711 0.8 0.8 0.8
vn 0.0822901 0.234226 0.968693
v 0.000506534 0.00319816 0.14711 0.8 0.8 0.8
vn 0.0446317 0.244192 0.968699
v -4.86636e-10 0.00323802 0.14711 0.8 0.8 0.8
vn 0.00588157 0.248143 0.968706
v -0.000506535 0.00319816 0.14711 0.8 0.8 0.8
vn -0.0330057 0.245983 0.968712
v -0.0010006 0.00307954 0.14711 0.8 0.8 0.8
vn -0.0710727 0.237769 0.968718
v -0.00147002 0.0028851 0.14711 0.8 0.8 0.8
vn -0.107383 0.223703 0.968724
v -0.00190325 0.00261962 0.14711 0.8 0.8 0.8
vn -0.141044 0.204133 0.968729
v -0.00228961 0.00228963 0.14711 0.8 0.8 0.8
vn -0.171228 0.179542 0.968734
v -0.0026196 0.00190327 0.14711 0.8 0.8 0.8
vn -0.197194 0.150536 0.968738
v -0.00288508 0.00147004 0.14711 0.8 0.8 0.8
vn -0.218304 0.117829 0.968741
v -0.00307952 0.00100062 0.14711 0.8 0.8 0.8
vn -0.234039 0.0822245 0.968744
v -0.00319814 0.000506558 0.14711 0.8 0.8 0.8
vn -0.244015 0.0445994 0.968745
v -0.003238 2.36106e-08 0.14711 0.8 0.8 0.8
vn -0.247986 0.00587786 0.968746
v -0.00319814 -0.000506511 0.14711 0.8 0.8 0.8
vn -0.245854 -0.0329883 0.968745
v -0.00307952 -0.00100057 0.14711 0.8 0.8 0.8
vn -0.237672 -0.0710439 0.968744
v -0.00288508 -0.00147 0.14711 0.8 0.8 0.8
vn -0.223641 -0.107353 0.968741
v -0.0026196 -0.00190322 0.14711 0.8 0.8 0.8
vn -0.204104 -0.141024 0.968738
v -0.00228961 -0.00228959 0.14711 0.8 0.8 0.8
vn -0.179542 -0.171228 0.968734
v -0.00190325 -0.00261957 0.14711 0.8 0.8 0.8
vn -0.150557 -0.197221 0.968729
v -0.00147002 -0.00288506 0.14711 0.8 0.8 0.8
vn -0.117861 -0.218364 0.968724
v -0.0010006 -0.0030795 0.14711 0.8 0.8 0.8
vn -0.0822579 -0.234134 0.968718
v -0.000506535 -0.00319811 0.14711 0.8 0.8 0.8
vn -0.0446228 -0.244143 0.968712
v -3.75842e-10 -0.00323798 0.14711 0.8 0.8 0.8
vn -0.00588157 -0.248143 0.968706
v 0.000506534 -0.00319811 0.14711 0.8 0.8 0.8
vn 0.0330122 -0.246032 0.968699
v 0.0010006 -0.0030795 0.14711 0.8 0.8 0.8
vn 0.0711005 -0.237862 0.968693
v 0.00147002 -0.00288506 0.14711 0.8 0.8 0.8
vn 0.107445 -0.223831 0.968687
v 0.00190325 -0.00261957 0.14711 0.8 0.8 0.8
vn 0.141149 -0.204285 0.968682
v 0.00228961 -0.00228959 0.14711 0.8 0.8 0.8
vn 0.171381 -0.179703 0.968677
v 0.0026196 -0.00190322 0.14711 0.8 0.8 0.8
vn 0.197396 -0.15069 0.968673
v 0.00288508 -0.00147 0.14711 0.8 0.8 0.8
vn 0.21855 -0.117961 0.96867
v 0.00307952 -0.00100057 0.14711 0.8 0.8 0.8
vn 0.234321 -0.0823236 0.968667
v 0.00319813 -0.000506511 0.14711 0.8 0.8 0.8
vn 0.24432 -0.0446551 0.968666
v 0.00371028 2.34917e-08 0.146574 0.8 0.8 0.8
vn 0.886894 -0.00834104 0.461898
v 0.0036646 0.000580439 0.146574 0.8 0.8 0.8
vn 0.877279 0.130502 0.461898
v 0.00352869 0.00114656 0.146574 0.8 0.8 0.8
vn 0.846064 0.266132 0.461898
v 0.00330588 0.00168446 0.146574 0.8 0.8 0.8
vn 0.794015 0.395209 0.461898
v 0.00300168 0.00218087 0.146574 0.8 0.8 0.8
vn 0.722415 0.514555 0.461898
v 0.00262356 0.00262359 0.146574 0.8 0.8 0.8
vn 0.633027 0.621231 0.461898
v 0.00218085 0.0030017 0.146574 0.8 0.8 0.8
vn 0.528051 0.712609 0.461898
v 0.00168443 0.00330591 0.146574 0.8 0.8 0.8
vn 0.410073 0.786441 0.461898
v 0.00114654 0.00352871 0.146574 0.8 0.8 0.8
vn 0.281998 0.840908 0.461898
v 0.000580415 0.00366462 0.146574 0.8 0.8 0.8
vn 0.146979 0.87467 0.461898
v -4.94716e-10 0.0037103 0.146574 0.8 0.8 0.8
vn 0.00834101 0.886894 0.461898
v -0.000580416 0.00366462 0.146574 0.8 0.8 0.8
vn -0.130502 0.877279 0.461898
v -0.00114654 0.00352871 0.146574 0.8 0.8 0.8
vn -0.266132 0.846064 0.461898
v -0.00168443 0.00330591 0.146574 0.8 0.8 0.8
vn -0.395209 0.794015 0.461898
v -0.00218085 0.0030017 0.146574 0.8 0.8 0.8
vn -0.514555 0.722415 0.461898
v -0.00262357 0.00262359 0.146574 0.8 0.8 0.8
vn -0.621231 0.633027 0.461898
v -0.00300168 0.00218087 0.146574 0.8 0.8 0.8
vn -0.712609 0.528051 0.461898
v -0.00330589 0.00168446 0.146574 0.8 0.8 0.8
vn -0.786441 0.410073 0.461898
v -0.00352869 0.00114656 0.146574 0.8 0.8 0.8
vn -0.840909 0.281998 0.461898
v -0.0036646 0.000580439 0.146574 0.8 0.8 0.8
vn -0.87467 0.146979 0.461898
v -0.00371028 2.36187e-08 0.146574 0.8 0.8 0.8
vn -0.886894 0.00834104 0.461898
v -0.0036646 -0.000580392 0.146574 0.8 0.8 0.8
vn -0.877279 -0.130502 0.461898
v -0.00352869 -0.00114652 0.146574 0.8 0.8 0.8
vn -0.846064 -0.266132 0.461898
v -0.00330588 -0.00168441 0.146574 0.8 0.8 0.8
vn -0.794015 -0.395209 0.461898
v -0.00300168 -0.00218082 0.146574 0.8 0.8 0.8
vn -0.722415 -0.514555 0.461898
v -0.00262357 -0.00262354 0.146574 0.8 0.8 0.8
vn -0.633027 -0.621231 0.461898
v -0.00218085 -0.00300166 0.146574 0.8 0.8 0.8
vn -0.528051 -0.712609 0.461898
v -0.00168443 -0.00330586 0.146574 0.8 0.8 0.8
vn -0.410073 -0.786441 0.461898
v -0.00114654 -0.00352866 0.146574 0.8 0.8 0.8
vn -0.281998 -0.840908 0.461898
v -0.000580416 -0.00366458 0.146574 0.8 0.8 0.8
vn -0.146979 -0.87467 0.461898
v -3.67762e-10 -0.00371026 0.146574 0.8 0.8 0.8
vn -0.00834101 -0.886894 0.461898
v 0.000580415 -0.00366458 0.146574 0.8 0.8 0.8
vn 0.130502 -0.877279 0.461898
v 0.00114654 -0.00352866 0.146574 0.8 0.8 0.8
vn 0.266132 -0.846064 0.461898
v 0.00168443 -0.00330586 0.146574 0.8 0.8 0.8
vn 0.395209 -0.794015 0.461898
v 0.00218085 -0.00300166 0.146574 0.8 0.8 0.8
vn 0.514555 -0.722415 0.461898
v 0.00262356 -0.00262354 0.146574 0.8 0.8 0.8
vn 0.621231 -0.633027 0.461898
v 0.00300168 -0.00218082 0.146574 0.8 0.8 0.8
vn 0.712609 -0.528051 0.461898
v 0.00330588 -0.00168441 0.146574 0.8 0.8 0.8
vn 0.786441 -0.410073 0.461898
v 0.00352869 -0.00114652 0.146574 0.8 0.8 0.8
vn 0.840909 -0.281998 0.461898
v 0.0036646 -0.000580392 0.146574 0.8 0.8 0.8
vn 0.87467 -0.146979 0.461898
v 0.004007 2.34867e-08 0.145659 0.8 0.8 0.8
vn 0.975651 -0.00632833 0.219239
v 0.00395767 0.000626857 0.145659 0.8 0.8 0.8
vn 0.964629 0.146375 0.219239
v 0.00381089 0.00123826 0.145659 0.8 0.8 0.8
vn 0.929854 0.295474 0.219239
v 0.00357027 0.00181916 0.145659 0.8 0.8 0.8
vn 0.872184 0.437297 0.219239
v 0.00324173 0.00235528 0.145659 0.8 0.8 0.8
vn 0.793038 0.568353 0.219239
v 0.00283338 0.0028334 0.145659 0.8 0.8 0.8
vn 0.694364 0.685414 0.219239
v 0.00235526 0.00324176 0.145659 0.8 0.8 0.8
vn 0.578593 0.785598 0.219239
v 0.00181914 0.00357029 0.145659 0.8 0.8 0.8
vn 0.448575 0.866438 0.219239
v 0.00123823 0.00381091 0.145659 0.8 0.8 0.8
vn 0.307511 0.925943 0.219239
v 0.000626833 0.00395769 0.145659 0.8 0.8 0.8
vn 0.158876 0.962649 0.219239
v -4.99792e-10 0.00400703 0.145659 0.8 0.8 0.8
vn 0.0063283 0.97565 0.219239
v -0.000626834 0.00395769 0.145659 0.8 0.8 0.8
vn -0.146375 0.964629 0.219239
v -0.00123823 0.00381091 0.145659 0.8 0.8 0.8
vn -0.295474 0.929854 0.219239
v -0.00181914 0.00357029 0.145659 0.8 0.8 0.8
vn -0.437298 0.872184 0.219239
v -0.00235526 0.00324176 0.145659 0.8 0.8 0.8
vn -0.568353 0.793038 0.219239
v -0.00283338 0.0028334 0.145659 0.8 0.8 0.8
vn -0.685414 0.694364 0.219239
v -0.00324173 0.00235528 0.145659 0.8 0.8 0.8
vn -0.785598 0.578593 0.219239
v -0.00357027 0.00181916 0.145659 0.8 0.8 0.8
vn -0.866438 0.448575 0.219239
v -0.00381089 0.00123826 0.145659 0.8 0.8 0.8
vn -0.925943 0.307511 0.219239
v -0.00395767 0.000626857 0.145659 0.8 0.8 0.8
vn -0.962649 0.158876 0.219239
v -0.004007 2.36238e-08 0.145659 0.8 0.8 0.8
vn -0.975651 0.00632833 0.219239
v -0.00395767 -0.00062681 0.145659 0.8 0.8 0.8
vn -0.964629 -0.146375 0.219239
v -0.00381089 -0.00123821 0.145659 0.8 0.8 0.8
vn -0.929854 -0.295474 0.219239
v -0.00357027 -0.00181912 0.145659 0.8 0.8 0.8
vn -0.872184 -0.437297 0.219239
v -0.00324173 -0.00235523 0.145659 0.8 0.8 0.8
vn -0.793038 -0.568353 0.219239
v -0.00283338 -0.00283336 0.145659 0.8 0.8 0.8
vn -0.694364 -0.685414 0.219239
v -0.00235526 -0.00324171 0.145659 0.8 0.8 0.8
vn -0.578593 -0.785598 0.219239
v -0.00181914 -0.00357024 0.145659 0.8 0.8 0.8
vn -0.448575 -0.866438 0.219239
v -0.00123823 -0.00381086 0.145659 0.8 0.8 0.8
vn -0.307511 -0.925943 0.219239
v -0.000626834 -0.00395765 0.145659 0.8 0.8 0.8
vn -0.158876 -0.962649 0.219239
v -3.62686e-10 -0.00400698 0.145659 0.8 0.8 0.8
vn -0.0063283 -0.97565 0.219239
v 0.000626833 -0.00395765 0.145659 0.8 0.8 0.8
vn 0.146375 -0.964629 0.219239
v 0.00123823 -0.00381086 0.145659 0.8 0.8 0.8
vn 0.295474 -0.929854 0.219239
v 0.00181914 -0.00357024 0.145659 0.8 0.8 0.8
vn 0.437298 -0.872184 0.219239
v 0.00235526 -0.00324171 0.145659 0.8 0.8 0.8
vn 0.568353 -0.793038 0.219239
v 0.00283338 -0.00283336 0.145659 0.8 0.8 0.8
vn 0.685414 -0.694364 0.219239
v 0.00324173 -0.00235523 0.145659 0.8 0.8 0.8
vn 0.785598 -0.578593 0.219239
v 0.00357027 -0.00181912 0.145659 0.8 0.8 0.8
vn 0.866438 -0.448575 0.219239
v 0.00381089 -0.00123821 0.145659 0.8 0.8 0.8
vn 0.925943 -0.307511 0.219239
v 0.00395767 -0.00062681 0.145659 0.8 0.8 0.8
vn 0.962649 -0.158876 0.219239
v 0.00421943 2.3483e-08 0.144325 0.8 0.8 0.8
vn 0.993173 -0.00512193 0.116538
v 0.00416748 0.000660088 0.144325 0.8 0.8 0.8
vn 0.981747 0.150308 0.116538
v 0.00401292 0.0013039 0.144325 0.8 0.8 0.8
vn 0.946146 0.302036 0.116538
v 0.00375954 0.00191561 0.144325 0.8 0.8 0.8
vn 0.887249 0.446327 0.116538
v 0.00341359 0.00248014 0.144325 0.8 0.8 0.8
vn 0.806504 0.579629 0.116538
v 0.00298359 0.00298361 0.144325 0.8 0.8 0.8
vn 0.705901 0.698658 0.116538
v 0.00248012 0.00341362 0.144325 0.8 0.8 0.8
vn 0.587916 0.800483 0.116538
v 0.00191558 0.00375957 0.144325 0.8 0.8 0.8
vn 0.455455 0.882598 0.116538
v 0.00130388 0.00401294 0.144325 0.8 0.8 0.8
vn 0.311779 0.942981 0.116538
v 0.000660064 0.00416751 0.144325 0.8 0.8 0.8
vn 0.160425 0.980144 0.116538
v -5.03427e-10 0.00421946 0.144325 0.8 0.8 0.8
vn 0.0051219 0.993173 0.116538
v -0.000660065 0.00416751 0.144325 0.8 0.8 0.8
vn -0.150308 0.981747 0.116538
v -0.00130388 0.00401294 0.144325 0.8 0.8 0.8
vn -0.302036 0.946146 0.116538
v -0.00191558 0.00375957 0.144325 0.8 0.8 0.8
vn -0.446327 0.887249 0.116538
v -0.00248012 0.00341362 0.144325 0.8 0.8 0.8
vn -0.579629 0.806504 0.116538
v -0.00298359 0.00298361 0.144325 0.8 0.8 0.8
vn -0.698658 0.705901 0.116538
v -0.00341359 0.00248014 0.144325 0.8 0.8 0.8
vn -0.800483 0.587916 0.116538
v -0.00375954 0.00191561 0.144325 0.8 0.8 0.8
vn -0.882598 0.455455 0.116538
v -0.00401292 0.0013039 0.144325 0.8 0.8 0.8
vn -0.942981 0.311779 0.116538
v -0.00416748 0.000660088 0.144325 0.8 0.8 0.8
vn -0.980144 0.160425 0.116538
v -0.00421943 2.36274e-08 0.144325 0.8 0.8 0.8
vn -0.993173 0.00512193 0.116538
v -0.00416748 -0.000660041 0.144325 0.8 0.8 0.8
vn -0.981747 -0.150308 0.116538
v -0.00401292 -0.00130385 0.144325 0.8 0.8 0.8
vn -0.946146 -0.302036 0.116538
v -0.00375954 -0.00191556 0.144325 0.8 0.8 0.8
vn -0.887249 -0.446327 0.116538
v -0.00341359 -0.0024801 0.144325 0.8 0.8 0.8
vn -0.806504 -0.579629 0.116538
v -0.00298359 -0.00298357 0.144325 0.8 0.8 0.8
vn -0.705901 -0.698658 0.116538
v -0.00248012 -0.00341357 0.144325 0.8 0.8 0.8
vn -0.587916 -0.800483 0.116538
v -0.00191558 -0.00375952 0.144325 0.8 0.8 0.8
vn -0.455455 -0.882598 0.116538
v -0.00130388 -0.00401289 0.144325 0.8 0.8 0.8
vn -0.311779 -0.942981 0.116538
v -0.000660065 -0.00416746 0.144325 0.8 0.8 0.8
vn -0.160425 -0.980144 0.116538
v -3.59051e-10 -0.00421941 0.144325 0.8 0.8 0.8
vn -0.0051219 -0.993173 0.116538
v 0.000660064 -0.00416746 0.144325 0.8 0.8 0.8
vn 0.150308 -0.981747 0.116538
v 0.00130388 -0.00401289 0.144325 0.8 0.8 0.8
vn 0.302036 -0.946146 0.116538
v 0.00191558 -0.00375952 0.144325 0.8 0.8 0.8
vn 0.446327 -0.887249 0.116538
v 0.00248012 -0.00341357 0.144325 0.8 0.8 0.8
vn 0.579629 -0.806504 0.116538
v 0.00298359 -0.00298357 0.144325 0.8 0.8 0.8
vn 0.698658 -0.705901 0.116538
v 0.00341359 -0.0024801 0.144325 0.8 0.8 0.8
vn 0.800483 -0.587916 0.116538
v 0.00375954 -0.00191556 0.144325 0.8 0.8 0.8
vn 0.882598 -0.455455 0.116538
v 0.00401292 -0.00130385 0.144325 0.8 0.8 0.8
vn 0.942981 -0.311779 0.116538
v 0.00416748 -0.000660041 0.144325 0.8 0.8 0.8
vn 0.980144 -0.160425 0.116538
v 0.00437832 2.34803e-08 0.142508 0.8 0.8 0.8
vn 0.997848 -0.00451917 0.0654197
v 0.00432441 0.000684943 0.142508 0.8 0.8 0.8
vn 0.986269 0.151634 0.0654197
v 0.00416403 0.001353 0.142508 0.8 0.8 0.8
vn 0.950406 0.304054 0.0654197
v 0.00390111 0.00198774 0.142508 0.8 0.8 0.8
vn 0.89114 0.448987 0.0654197
v 0.00354213 0.00257353 0.142508 0.8 0.8 0.8
vn 0.809932 0.582864 0.0654197
v 0.00309594 0.00309596 0.142508 0.8 0.8 0.8
vn 0.70878 0.702389 0.0654197
v 0.00257351 0.00354216 0.142508 0.8 0.8 0.8
vn 0.590176 0.804619 0.0654197
v 0.00198771 0.00390113 0.142508 0.8 0.8 0.8
vn 0.45704 0.887037 0.0654197
v 0.00135297 0.00416405 0.142508 0.8 0.8 0.8
vn 0.31265 0.947613 0.0654197
v 0.000684919 0.00432444 0.142508 0.8 0.8 0.8
vn 0.160561 0.984855 0.0654197
v -5.06145e-10 0.00437834 0.142508 0.8 0.8 0.8
vn 0.00451914 0.997848 0.0654197
v -0.00068492 0.00432444 0.142508 0.8 0.8 0.8
vn -0.151634 0.986269 0.0654197
v -0.00135298 0.00416405 0.142508 0.8 0.8 0.8
vn -0.304054 0.950406 0.0654197
v -0.00198772 0.00390113 0.142508 0.8 0.8 0.8
vn -0.448987 0.89114 0.0654197
v -0.00257351 0.00354216 0.142508 0.8 0.8 0.8
vn -0.582864 0.809932 0.0654197
v -0.00309594 0.00309596 0.142508 0.8 0.8 0.8
vn -0.702389 0.70878 0.0654197
v -0.00354213 0.00257353 0.142508 0.8 0.8 0.8
vn -0.804619 0.590176 0.0654197
v -0.00390111 0.00198774 0.142508 0.8 0.8 0.8
vn -0.887037 0.45704 0.0654197
v -0.00416403 0.001353 0.142508 0.8 0.8 0.8
vn -0.947613 0.31265 0.0654197
v -0.00432441 0.000684943 0.142508 0.8 0.8 0.8
vn -0.984856 0.160561 0.0654197
v -0.00437832 2.36301e-08 0.142508 0.8 0.8 0.8
vn -0.997848 0.00451917 0.0654197
v -0.00432441 -0.000684896 0.142508 0.8 0.8 0.8
vn -0.986269 -0.151634 0.0654197
v -0.00416403 -0.00135295 0.142508 0.8 0.8 0.8
vn -0.950406 -0.304054 0.0654197
v -0.00390111 -0.00198769 0.142508 0.8 0.8 0.8
vn -0.89114 -0.448987 0.0654197
v -0.00354213 -0.00257349 0.142508 0.8 0.8 0.8
vn -0.809932 -0.582864 0.0654197
v -0.00309594 -0.00309591 0.142508 0.8 0.8 0.8
vn -0.70878 -0.702389 0.0654197
v -0.00257351 -0.00354211 0.142508 0.8 0.8 0.8
vn -0.590176 -0.804619 0.0654197
v -0.00198772 -0.00390109 0.142508 0.8 0.8 0.8
vn -0.45704 -0.887037 0.0654197
v -0.00135298 -0.004164 0.142508 0.8 0.8 0.8
vn -0.31265 -0.947613 0.0654197
v -0.00068492 -0.00432439 0.142508 0.8 0.8 0.8
vn -0.160561 -0.984855 0.0654197
v -3.56333e-10 -0.00437829 0.142508 0.8 0.8 0.8
vn -0.00451914 -0.997848 0.0654197
v 0.00068492 -0.00432439 0.142508 0.8 0.8 0.8
vn 0.151634 -0.986269 0.0654197
v 0.00135297 -0.004164 0.142508 0.8 0.8 0.8
vn 0.304054 -0.950406 0.0654197
v 0.00198771 -0.00390109 0.142508 0.8 0.8 0.8
vn 0.448987 -0.89114 0.0654197
v 0.00257351 -0.00354211 0.142508 0.8 0.8 0.8
vn 0.582864 -0.809932 0.0654197
v 0.00309594 -0.00309591 0.142508 0.8 0.8 0.8
vn 0.702389 -0.70878 0.0654197
v 0.00354213 -0.00257349 0.142508 0.8 0.8 0.8
vn 0.804619 -0.590176 0.0654197
v 0.00390111 -0.00198769 0.142508 0.8 0.8 0.8
vn 0.887037 -0.45704 0.0654197
v 0.00416403 -0.00135295 0.142508 0.8 0.8 0.8
vn 0.947613 -0.31265 0.0654197
v 0.00432441 -0.000684896 0.142508 0.8 0.8 0.8
vn 0.984856 -0.160561 0.0654197
v 0.00449782 2.34783e-08 0.140092 0.8 0.8 0.8
vn 0.999321 -0.00437113 0.0365817
v 0.00444244 0.000703637 0.140092 0.8 0.8 0.8
vn 0.987702 0.152011 0.0365817
v 0.00427768 0.00138993 0.140092 0.8 0.8 0.8
vn 0.951762 0.30465 0.0365817
v 0.00400758 0.00204199 0.140092 0.8 0.8 0.8
vn 0.892386 0.449788 0.0365817
v 0.00363881 0.00264377 0.140092 0.8 0.8 0.8
vn 0.811037 0.58385 0.0365817
v 0.00318044 0.00318046 0.140092 0.8 0.8 0.8
vn 0.709718 0.703536 0.0365817
v 0.00264375 0.00363883 0.140092 0.8 0.8 0.8
vn 0.590923 0.805898 0.0365817
v 0.00204197 0.00400761 0.140092 0.8 0.8 0.8
vn 0.457577 0.888417 0.0365817
v 0.0013899 0.0042777 0.140092 0.8 0.8 0.8
vn 0.312964 0.94906 0.0365817
v 0.000703613 0.00444247 0.140092 0.8 0.8 0.8
vn 0.160646 0.986334 0.0365817
v -5.08189e-10 0.00449784 0.140092 0.8 0.8 0.8
vn 0.0043711 0.999321 0.0365817
v -0.000703614 0.00444247 0.140092 0.8 0.8 0.8
vn -0.152011 0.987702 0.0365817
v -0.0013899 0.0042777 0.140092 0.8 0.8 0.8
vn -0.30465 0.951762 0.0365817
v -0.00204197 0.00400761 0.140092 0.8 0.8 0.8
vn -0.449788 0.892386 0.0365817
v -0.00264375 0.00363883 0.140092 0.8 0.8 0.8
vn -0.58385 0.811037 0.0365817
v -0.00318044 0.00318046 0.140092 0.8 0.8 0.8
vn -0.703536 0.709718 0.0365817
v -0.00363881 0.00264377 0.140092 0.8 0.8 0.8
vn -0.805899 0.590922 0.0365817
v -0.00400759 0.00204199 0.140092 0.8 0.8 0.8
vn -0.888417 0.457577 0.0365817
v -0.00427768 0.00138993 0.140092 0.8 0.8 0.8
vn -0.94906 0.312964 0.0365817
v -0.00444244 0.000703637 0.140092 0.8 0.8 0.8
vn -0.986334 0.160646 0.0365817
v -0.00449782 2.36322e-08 0.140092 0.8 0.8 0.8
vn -0.999321 0.00437113 0.0365817
v -0.00444244 -0.00070359 0.140092 0.8 0.8 0.8
vn -0.987702 -0.152011 0.0365817
v -0.00427768 -0.00138988 0.140092 0.8 0.8 0.8
vn -0.951762 -0.30465 0.0365817
v -0.00400759 -0.00204194 0.140092 0.8 0.8 0.8
vn -0.892386 -0.449788 0.0365817
v -0.00363881 -0.00264373 0.140092 0.8 0.8 0.8
vn -0.811037 -0.58385 0.0365817
v -0.00318044 -0.00318041 0.140092 0.8 0.8 0.8
vn -0.709718 -0.703536 0.0365817
v -0.00264375 -0.00363879 0.140092 0.8 0.8 0.8
vn -0.590923 -0.805898 0.0365817
v -0.00204197 -0.00400756 0.140092 0.8 0.8 0.8
vn -0.457577 -0.888417 0.0365817
v -0.0013899 -0.00427765 0.140092 0.8 0.8 0.8
vn -0.312964 -0.94906 0.0365817
v -0.000703614 -0.00444242 0.140092 0.8 0.8 0.8
vn -0.160646 -0.986334 0.0365817
v -3.54289e-10 -0.00449779 0.140092 0.8 0.8 0.8
vn -0.0043711 -0.999321 0.0365817
v 0.000703613 -0.00444242 0.140092 0.8 0.8 0.8
vn 0.152011 -0.987702 0.0365817
v 0.0013899 -0.00427765 0.140092 0.8 0.8 0.8
vn 0.30465 -0.951762 0.0365817
v 0.00204197 -0.00400756 0.140092 0.8 0.8 0.8
vn 0.449788 -0.892386 0.0365817
v 0.00264375 -0.00363879 0.140092 0.8 0.8 0.8
vn 0.58385 -0.811037 0.0365817
v 0.00318044 -0.00318041 0.140092 0.8 0.8 0.8
vn 0.703536 -0.709718 0.0365817
v 0.00363881 -0.00264373 0.140092 0.8 0.8 0.8
vn 0.805899 -0.590922 0.0365817
v 0.00400758 -0.00204194 0.140092 0.8 0.8 0.8
vn 0.888417 -0.457577 0.0365817
v 0.00427768 -0.00138988 0.140092 0.8 0.8 0.8
vn 0.94906 -0.312964 0.0365817
v 0.00444244 -0.00070359 0.140092 0.8 0.8 0.8
vn 0.986334 -0.160646 0.0365817
v 0.0045855 2.34768e-08 0.136861 0.8 0.8 0.8
vn 0.999807 -0.00475279 0.0190601
v 0.00452904 0.000717353 0.136861 0.8 0.8 0.8
vn 0.988241 0.15171 0.0190601
v 0.00436107 0.00141702 0.136861 0.8 0.8 0.8
vn 0.952342 0.304437 0.0190601
v 0.00408571 0.0020818 0.136861 0.8 0.8 0.8
vn 0.892992 0.449668 0.0190601
v 0.00370975 0.00269531 0.136861 0.8 0.8 0.8
vn 0.811655 0.583827 0.0190601
v 0.00324244 0.00324246 0.136861 0.8 0.8 0.8
vn 0.710331 0.70361 0.0190601
v 0.00269529 0.00370977 0.136861 0.8 0.8 0.8
vn 0.591517 0.806067 0.0190601
v 0.00208177 0.00408573 0.136861 0.8 0.8 0.8
vn 0.458138 0.888677 0.0190601
v 0.001417 0.00436109 0.136861 0.8 0.8 0.8
vn 0.313478 0.949404 0.0190601
v 0.000717329 0.00452907 0.136861 0.8 0.8 0.8
vn 0.161099 0.986754 0.0190601
v -5.0969e-10 0.00458552 0.136861 0.8 0.8 0.8
vn 0.00475276 0.999807 0.0190601
v -0.00071733 0.00452907 0.136861 0.8 0.8 0.8
vn -0.15171 0.988241 0.0190601
v -0.001417 0.00436109 0.136861 0.8 0.8 0.8
vn -0.304437 0.952342 0.0190601
v -0.00208177 0.00408573 0.136861 0.8 0.8 0.8
vn -0.449668 0.892992 0.0190601
v -0.00269529 0.00370977 0.136861 0.8 0.8 0.8
vn -0.583827 0.811654 0.0190601
v -0.00324244 0.00324246 0.136861 0.8 0.8 0.8
vn -0.70361 0.710331 0.0190601
v -0.00370975 0.00269531 0.136861 0.8 0.8 0.8
vn -0.806067 0.591517 0.0190601
v -0.00408571 0.0020818 0.136861 0.8 0.8 0.8
vn -0.888677 0.458138 0.0190601
v -0.00436107 0.00141702 0.136861 0.8 0.8 0.8
vn -0.949404 0.313478 0.0190601
v -0.00452904 0.000717353 0.136861 0.8 0.8 0.8
vn -0.986754 0.161099 0.0190601
v -0.0045855 2.36337e-08 0.136861 0.8 0.8 0.8
vn -0.999807 0.00475279 0.0190601
v -0.00452904 -0.000717306 0.136861 0.8 0.8 0.8
vn -0.988241 -0.15171 0.0190601
v -0.00436107 -0.00141697 0.136861 0.8 0.8 0.8
vn -0.952342 -0.304437 0.0190601
v -0.00408571 -0.00208175 0.136861 0.8 0.8 0.8
vn -0.892992 -0.449668 0.0190601
v -0.00370975 -0.00269526 0.136861 0.8 0.8 0.8
vn -0.811655 -0.583827 0.0190601
v -0.00324244 -0.00324241 0.136861 0.8 0.8 0.8
vn -0.710331 -0.70361 0.0190601
v -0.00269529 -0.00370972 0.136861 0.8 0.8 0.8
vn -0.591517 -0.806067 0.0190601
v -0.00208177 -0.00408568 0.136861 0.8 0.8 0.8
vn -0.458138 -0.888677 0.0190601
v -0.001417 -0.00436104 0.136861 0.8 0.8 0.8
vn -0.313478 -0.949404 0.0190601
v -0.00071733 -0.00452902 0.136861 0.8 0.8 0.8
vn -0.161099 -0.986754 0.0190601
v -3.52789e-10 -0.00458547 0.136861 0.8 0.8 0.8
vn -0.00475276 -0.999807 0.0190601
v 0.00071733 -0.00452902 0.136861 0.8 0.8 0.8
vn 0.15171 -0.988241 0.0190601
v 0.001417 -0.00436104 0.136861 0.8 0.8 0.8
vn 0.304437 -0.952342 0.0190601
v 0.00208177 -0.00408568 0.136861 0.8 0.8 0.8
vn 0.449668 -0.892992 0.0190601
v 0.00269529 -0.00370972 0.136861 0.8 0.8 0.8
vn 0.583827 -0.811654 0.0190601
v 0.00324244 -0.00324241 0.136861 0.8 0.8 0.8
vn 0.70361 -0.710331 0.0190601
v 0.00370975 -0.00269526 0.136861 0.8 0.8 0.8
vn 0.806067 -0.591517 0.0190601
v 0.00408571 -0.00208175 0.136861 0.8 0.8 0.8
vn 0.888677 -0.458138 0.0190601
v 0.00436107 -0.00141697 0.136861 0.8 0.8 0.8
vn 0.949404 -0.313478 0.0190601
v 0.00452904 -0.000717306 0.136861 0.8 0.8 0.8
vn 0.986754 -0.161099 0.0190601
v 0.0046457 2.34757e-08 0.132349 0.8 0.8 0.8
vn 0.999947 -0.00624287 0.00814834
v 0.00458851 0.000726772 0.132349 0.8 0.8 0.8
vn 0.988613 0.15026 0.00814834
v 0.00441833 0.00143562 0.132349 0.8 0.8 0.8
vn 0.952936 0.303063 0.00814834
v 0.00413935 0.00210913 0.132349 0.8 0.8 0.8
vn 0.893794 0.448404 0.00814834
v 0.00375845 0.0027307 0.132349 0.8 0.8 0.8
vn 0.812644 0.582704 0.00814834
v 0.00328501 0.00328503 0.132349 0.8 0.8 0.8
vn 0.711484 0.702655 0.00814834
v 0.00273068 0.00375848 0.132349 0.8 0.8 0.8
vn 0.592805 0.805305 0.00814834
v 0.00210911 0.00413938 0.132349 0.8 0.8 0.8
vn 0.459529 0.888125 0.00814834
v 0.0014356 0.00441835 0.132349 0.8 0.8 0.8
vn 0.314938 0.949077 0.00814834
v 0.000726748 0.00458853 0.132349 0.8 0.8 0.8
vn 0.162592 0.98666 0.00814834
v -5.1072e-10 0.00464573 0.132349 0.8 0.8 0.8
vn 0.00624284 0.999947 0.00814834
v -0.000726749 0.00458853 0.132349 0.8 0.8 0.8
vn -0.15026 0.988613 0.00814834
v -0.0014356 0.00441835 0.132349 0.8 0.8 0.8
vn -0.303063 0.952935 0.00814834
v -0.00210911 0.00413938 0.132349 0.8 0.8 0.8
vn -0.448404 0.893794 0.00814834
v -0.00273068 0.00375848 0.132349 0.8 0.8 0.8
vn -0.582704 0.812644 0.00814834
v -0.00328501 0.00328503 0.132349 0.8 0.8 0.8
vn -0.702655 0.711484 0.00814834
v -0.00375845 0.0027307 0.132349 0.8 0.8 0.8
vn -0.805305 0.592805 0.00814834
v -0.00413935 0.00210913 0.132349 0.8 0.8 0.8
vn -0.888125 0.459529 0.00814834
v -0.00441833 0.00143563 0.132349 0.8 0.8 0.8
vn -0.949077 0.314938 0.00814834
v -0.00458851 0.000726772 0.132349 0.8 0.8 0.8
vn -0.98666 0.162592 0.00814834
v -0.00464571 2.36347e-08 0.132349 0.8 0.8 0.8
vn -0.999947 0.00624287 0.00814834
v -0.00458851 -0.000726725 0.132349 0.8 0.8 0.8
vn -0.988613 -0.15026 0.00814834
v -0.00441833 -0.00143558 0.132349 0.8 0.8 0.8
vn -0.952936 -0.303063 0.00814834
v -0.00413935 -0.00210908 0.132349 0.8 0.8 0.8
vn -0.893794 -0.448404 0.00814834
v -0.00375845 -0.00273065 0.132349 0.8 0.8 0.8
vn -0.812644 -0.582704 0.00814834
v -0.00328501 -0.00328499 0.132349 0.8 0.8 0.8
vn -0.711484 -0.702655 0.00814834
v -0.00273068 -0.00375843 0.132349 0.8 0.8 0.8
vn -0.592805 -0.805305 0.00814834
v -0.00210911 -0.00413933 0.132349 0.8 0.8 0.8
vn -0.459529 -0.888125 0.00814834
v -0.0014356 -0.0044183 0.132349 0.8 0.8 0.8
vn -0.314938 -0.949077 0.00814834
v -0.000726749 -0.00458848 0.132349 0.8 0.8 0.8
vn -0.162592 -0.98666 0.00814834
v -3.51759e-10 -0.00464568 0.132349 0.8 0.8 0.8
vn -0.00624284 -0.999947 0.00814834
v 0.000726748 -0.00458848 0.132349 0.8 0.8 0.8
vn 0.15026 -0.988613 0.00814834
v 0.0014356 -0.0044183 0.132349 0.8 0.8 0.8
vn 0.303063 -0.952935 0.00814834
v 0.00210911 -0.00413933 0.132349 0.8 0.8 0.8
vn 0.448404 -0.893794 0.00814834
v 0.00273068 -0.00375843 0.132349 0.8 0.8 0.8
vn 0.582704 -0.812644 0.00814834
v 0.00328501 -0.00328499 0.132349 0.8 0.8 0.8
vn 0.702655 -0.711484 0.00814834
v 0.00375845 -0.00273065 0.132349 0.8 0.8 0.8
vn 0.805305 -0.592805 0.00814834
v 0.00413935 -0.00210908 0.132349 0.8 0.8 0.8
vn 0.888125 -0.459529 0.00814834
v 0.00441833 -0.00143558 0.132349 0.8 0.8 0.8
vn 0.949077 -0.314938 0.00814834
v 0.00458851 -0.000726725 0.132349 0.8 0.8 0.8
vn 0.98666 -0.162592 0.00814834
v 0.00468095 2.34751e-08 0.125167 0.8 0.8 0.8
vn 0.999807 -0.0196207 0.00082923
v 0.00462332 0.000732286 0.125167 0.8 0.8 0.8
vn 0.990567 0.137025 0.00082923
v 0.00445185 0.00144652 0.125167 0.8 0.8 0.8
vn 0.956936 0.290297 0.00082923
v 0.00417076 0.00212513 0.125167 0.8 0.8 0.8
vn 0.899742 0.436421 0.00082923
v 0.00378697 0.00275142 0.125167 0.8 0.8 0.8
vn 0.820394 0.571798 0.00082923
v 0.00330993 0.00330996 0.125167 0.8 0.8 0.8
vn 0.720844 0.693096 0.00082923
v 0.00275139 0.00378699 0.125167 0.8 0.8 0.8
vn 0.603545 0.797328 0.00082923
v 0.00212511 0.00417078 0.125167 0.8 0.8 0.8
vn 0.471385 0.881927 0.00082923
v 0.00144649 0.00445187 0.125167 0.8 0.8 0.8
vn 0.327618 0.94481 0.00082923
v 0.000732262 0.00462335 0.125167 0.8 0.8 0.8
vn 0.175783 0.984428 0.00082923
v -5.11323e-10 0.00468098 0.125167 0.8 0.8 0.8
vn 0.0196207 0.999807 0.00082923
v -0.000732263 0.00462335 0.125167 0.8 0.8 0.8
vn -0.137025 0.990567 0.00082923
v -0.00144649 0.00445187 0.125167 0.8 0.8 0.8
vn -0.290297 0.956936 0.00082923
v -0.00212511 0.00417078 0.125167 0.8 0.8 0.8
vn -0.436421 0.899742 0.00082923
v -0.0027514 0.00378699 0.125167 0.8 0.8 0.8
vn -0.571798 0.820394 0.00082923
v -0.00330993 0.00330996 0.125167 0.8 0.8 0.8
vn -0.693097 0.720844 0.00082923
v -0.00378697 0.00275142 0.125167 0.8 0.8 0.8
vn -0.797328 0.603545 0.00082923
v -0.00417076 0.00212513 0.125167 0.8 0.8 0.8
vn -0.881927 0.471385 0.00082923
v -0.00445185 0.00144652 0.125167 0.8 0.8 0.8
vn -0.94481 0.327618 0.00082923
v -0.00462332 0.000732286 0.125167 0.8 0.8 0.8
vn -0.984429 0.175783 0.00082923
v -0.00468095 2.36353e-08 0.125167 0.8 0.8 0.8
vn -0.999807 0.0196207 0.00082923
v -0.00462332 -0.000732239 0.125167 0.8 0.8 0.8
vn -0.990567 -0.137025 0.00082923
v -0.00445185 -0.00144647 0.125167 0.8 0.8 0.8
vn -0.956936 -0.290297 0.00082923
v -0.00417076 -0.00212508 0.125167 0.8 0.8 0.8
vn -0.899742 -0.436421 0.00082923
v -0.00378697 -0.00275137 0.125167 0.8 0.8 0.8
vn -0.820394 -0.571798 0.00082923
v -0.00330993 -0.00330991 0.125167 0.8 0.8 0.8
vn -0.720844 -0.693096 0.00082923
v -0.0027514 -0.00378695 0.125167 0.8 0.8 0.8
vn -0.603545 -0.797328 0.00082923
v -0.00212511 -0.00417074 0.125167 0.8 0.8 0.8
vn -0.471385 -0.881927 0.00082923
v -0.00144649 -0.00445183 0.125167 0.8 0.8 0.8
vn -0.327618 -0.94481 0.00082923
v -0.000732263 -0.0046233 0.125167 0.8 0.8 0.8
vn -0.175783 -0.984428 0.00082923
v -3.51156e-10 -0.00468093 0.125167 0.8 0.8 0.8
vn -0.0196207 -0.999807 0.00082923
v 0.000732262 -0.0046233 0.125167 0.8 0.8 0.8
vn 0.137025 -0.990567 0.00082923
v 0.00144649 -0.00445183 0.125167 0.8 0.8 0.8
vn 0.290297 -0.956936 0.00082923
v 0.00212511 -0.00417074 0.125167 0.8 0.8 0.8
vn 0.436421 -0.899742 0.00082923
v 0.00275139 -0.00378695 0.125167 0.8 0.8 0.8
vn 0.571798 -0.820394 0.00082923
v 0.00330993 -0.00330991 0.125167 0.8 0.8 0.8
vn 0.693097 -0.720844 0.00082923
v 0.00378697 -0.00275137 0.125167 0.8 0.8 0.8
vn 0.797328 -0.603545 0.00082923
v 0.00417076 -0.00212508 0.125167 0.8 0.8 0.8
vn 0.881927 -0.471385 0.00082923
v 0.00445185 -0.00144647 0.125167 0.8 0.8 0.8
vn 0.94481 -0.327618 0.00082923
v 0.00462332 -0.000732239 0.125167 0.8 0.8 0.8
vn 0.984429 -0.175783 0.00082923
v 0.00469256 2.34749e-08 0.0759666 0.8 0.8 0.8
vn 1 -2.17279e-05 -3.0079e-18
v 0.00463479 0.000734102 0.0759666 0.8 0.8 0.8
vn 0.987692 0.156413 6.33643e-19
v 0.00446289 0.00145011 0.0759666 0.8 0.8 0.8
vn 0.951063 0.308996 2.61855e-18
v 0.00418111 0.0021304 0.0759666 0.8 0.8 0.8
vn 0.891016 0.453971 1.14514e-19
v 0.00379636 0.00275824 0.0759666 0.8 0.8 0.8
vn 0.80903 0.587768 -2.58038e-18
v 0.00331814 0.00331817 0.0759666 0.8 0.8 0.8
vn 0.707122 0.707091 -2.29028e-19
v 0.00275822 0.00379639 0.0759666 0.8 0.8 0.8
vn 0.587803 0.809004 7.09986e-19
v 0.00213038 0.00418113 0.0759666 0.8 0.8 0.8
vn 0.45401 0.890997 -7.63425e-20
v 0.00145008 0.00446292 0.0759666 0.8 0.8 0.8
vn 0.309038 0.95105 -7.09986e-19
v 0.000734078 0.00463482 0.0759666 0.8 0.8 0.8
vn 0.156456 0.987685 -7.48157e-19
v -5.11521e-10 0.00469259 0.0759666 0.8 0.8 0.8
vn 2.16936e-05 1 -3.0537e-20
v -0.000734079 0.00463482 0.0759666 0.8 0.8 0.8
vn -0.156413 0.987692 6.18374e-19
v -0.00145008 0.00446292 0.0759666 0.8 0.8 0.8
vn -0.308996 0.951063 3.18348e-18
v -0.00213038 0.00418113 0.0759666 0.8 0.8 0.8
vn -0.453971 0.891016 1.29782e-19
v -0.00275822 0.00379639 0.0759666 0.8 0.8 0.8
vn -0.587768 0.80903 -3.32853e-18
v -0.00331815 0.00331817 0.0759666 0.8 0.8 0.8
vn -0.707091 0.707122 -1.23675e-18
v -0.00379637 0.00275824 0.0759666 0.8 0.8 0.8
vn -0.809004 0.587803 -1.0688e-19
v -0.00418111 0.0021304 0.0759666 0.8 0.8 0.8
vn -0.890997 0.45401 8.09231e-19
v -0.0044629 0.00145011 0.0759666 0.8 0.8 0.8
vn -0.95105 0.309038 3.01553e-18
v -0.00463479 0.000734103 0.0759666 0.8 0.8 0.8
vn -0.987685 0.156456 -8.16865e-19
v -0.00469257 2.36355e-08 0.0759666 0.8 0.8 0.8
vn -1 2.17279e-05 -3.03843e-18
v -0.00463479 -0.000734055 0.0759666 0.8 0.8 0.8
vn -0.987692 -0.156413 7.1762e-19
v -0.0044629 -0.00145006 0.0759666 0.8 0.8 0.8
vn -0.951063 -0.308996 5.34398e-20
v -0.00418111 -0.00213036 0.0759666 0.8 0.8 0.8
vn -0.891016 -0.453971 -9.23745e-19
v -0.00379637 -0.0027582 0.0759666 0.8 0.8 0.8
vn -0.80903 -0.587768 2.13759e-18
v -0.00331815 -0.00331812 0.0759666 0.8 0.8 0.8
vn -0.707122 -0.707091 -1.25202e-18
v -0.00275822 -0.00379634 0.0759666 0.8 0.8 0.8
vn -0.587803 -0.809004 -2.08415e-18
v -0.00213038 -0.00418108 0.0759666 0.8 0.8 0.8
vn -0.45401 -0.890997 2.35135e-18
v -0.00145008 -0.00446287 0.0759666 0.8 0.8 0.8
vn -0.309038 -0.95105 2.67962e-18
v -0.000734079 -0.00463477 0.0759666 0.8 0.8 0.8
vn -0.156456 -0.987685 -8.16865e-19
v -3.50957e-10 -0.00469254 0.0759666 0.8 0.8 0.8
vn -2.16936e-05 -1 -2.94682e-18
v 0.000734079 -0.00463477 0.0759666 0.8 0.8 0.8
vn 0.156413 -0.987692 8.62671e-19
v 0.00145008 -0.00446287 0.0759666 0.8 0.8 0.8
vn 0.308996 -0.951063 2.7636e-18
v 0.00213038 -0.00418108 0.0759666 0.8 0.8 0.8
vn 0.453971 -0.891016 -1.71007e-18
v 0.00275822 -0.00379634 0.0759666 0.8 0.8 0.8
vn 0.587768 -0.80903 -1.6948e-18
v 0.00331814 -0.00331812 0.0759666 0.8 0.8 0.8
vn 0.707091 -0.707122 1.09933e-18
v 0.00379636 -0.0027582 0.0759666 0.8 0.8 0.8
vn 0.809004 -0.587803 3.81713e-20
v 0.00418111 -0.00213036 0.0759666 0.8 0.8 0.8
vn 0.890997 -0.45401 2.06125e-19
v 0.00446289 -0.00145006 0.0759666 0.8 0.8 0.8
vn 0.95105 -0.309038 2.33608e-18
v 0.00463479 -0.000734055 0.0759666 0.8 0.8 0.8
vn 0.987685 -0.156456 -5.80203e-19
v 0.00468095 2.34751e-08 0.0266847 0.8 0.8 0.8
vn 0.999807 0.0196303 -0.000828031
v 0.00462332 0.000732286 0.0266847 0.8 0.8 0.8
vn 0.984427 0.175793 -0.000828031
v 0.00445185 0.00144652 0.0266847 0.8 0.8 0.8
vn 0.944807 0.327627 -0.000828031
v 0.00417076 0.00212513 0.0266847 0.8 0.8 0.8
vn 0.881923 0.471394 -0.000828031
v 0.00378697 0.00275142 0.0266847 0.8 0.8 0.8
vn 0.797322 0.603553 -0.000828031
v 0.00330993 0.00330996 0.0266847 0.8 0.8 0.8
vn 0.69309 0.720851 -0.000828031
v 0.00275139 0.00378699 0.0266847 0.8 0.8 0.8
vn 0.571791 0.820399 -0.000828031
v 0.00212511 0.00417078 0.0266847 0.8 0.8 0.8
vn 0.436412 0.899746 -0.000828031
v 0.00144649 0.00445187 0.0266847 0.8 0.8 0.8
vn 0.290288 0.956939 -0.000828031
v 0.000732262 0.00462335 0.0266847 0.8 0.8 0.8
vn 0.137016 0.990568 -0.000828031
v -5.11323e-10 0.00468098 0.0266847 0.8 0.8 0.8
vn -0.0196304 0.999807 -0.000828031
v -0.000732263 0.00462335 0.0266847 0.8 0.8 0.8
vn -0.175793 0.984427 -0.000828031
v -0.00144649 0.00445187 0.0266847 0.8 0.8 0.8
vn -0.327627 0.944807 -0.000828031
v -0.00212511 0.00417078 0.0266847 0.8 0.8 0.8
vn -0.471394 0.881922 -0.000828031
v -0.0027514 0.00378699 0.0266847 0.8 0.8 0.8
vn -0.603553 0.797322 -0.000828031
v -0.00330993 0.00330996 0.0266847 0.8 0.8 0.8
vn -0.720851 0.693089 -0.000828031
v -0.00378697 0.00275142 0.0266847 0.8 0.8 0.8
vn -0.820399 0.57179 -0.000828031
v -0.00417076 0.00212513 0.0266847 0.8 0.8 0.8
vn -0.899747 0.436412 -0.000828031
v -0.00445185 0.00144652 0.0266847 0.8 0.8 0.8
vn -0.956939 0.290288 -0.000828031
v -0.00462332 0.000732286 0.0266847 0.8 0.8 0.8
vn -0.990569 0.137016 -0.000828031
v -0.00468095 2.36353e-08 0.0266847 0.8 0.8 0.8
vn -0.999807 -0.0196303 -0.000828031
v -0.00462332 -0.000732239 0.0266847 0.8 0.8 0.8
vn -0.984427 -0.175793 -0.000828031
v -0.00445185 -0.00144647 0.0266847 0.8 0.8 0.8
vn -0.944807 -0.327627 -0.000828031
v -0.00417076 -0.00212508 0.0266847 0.8 0.8 0.8
vn -0.881923 -0.471394 -0.000828031
v -0.00378697 -0.00275137 0.0266847 0.8 0.8 0.8
vn -0.797322 -0.603553 -0.000828031
v -0.00330993 -0.00330991 0.0266847 0.8 0.8 0.8
vn -0.69309 -0.720851 -0.000828031
v -0.0027514 -0.00378695 0.0266847 0.8 0.8 0.8
vn -0.571791 -0.820399 -0.000828031
v -0.00212511 -0.00417074 0.0266847 0.8 0.8 0.8
vn -0.436412 -0.899746 -0.000828031
v -0.00144649 -0.00445183 0.0266847 0.8 0.8 0.8
vn -0.290288 -0.956939 -0.000828031
v -0.000732263 -0.0046233 0.0266847 0.8 0.8 0.8
vn -0.137016 -0.990568 -0.000828031
v -3.51156e-10 -0.00468093 0.0266847 0.8 0.8 0.8
vn 0.0196304 -0.999807 -0.000828031
v 0.000732262 -0.0046233 0.0266847 0.8 0.8 0.8
vn 0.175793 -0.984427 -0.000828031
v 0.00144649 -0.00445183 0.0266847 0.8 0.8 0.8
vn 0.327627 -0.944807 -0.000828031
v 0.00212511 -0.00417074 0.0266847 0.8 0.8 0.8
vn 0.471394 -0.881922 -0.000828031
v 0.00275139 -0.00378695 0.0266847 0.8 0.8 0.8
vn 0.603553 -0.797322 -0.000828031
v 0.00330993 -0.00330991 0.0266847 0.8 0.8 0.8
vn 0.720851 -0.693089 -0.000828031
v 0.00378697 -0.00275137 0.0266847 0.8 0.8 0.8
vn 0.820399 -0.57179 -0.000828031
v 0.00417076 -0.00212508 0.0266847 0.8 0.8 0.8
vn 0.899747 -0.436412 -0.000828031
v 0.00445185 -0.00144647 0.0266847 0.8 0.8 0.8
vn 0.956939 -0.290288 -0.000828031
v 0.00462332 -0.000732239 0.0266847 0.8 0.8 0.8
vn 0.990569 -0.137016 -0.000828031
v 0.0046457 2.34757e-08 0.0195026 0.8 0.8 0.8
vn 0.999947 0.00624284 -0.00814834
v 0.00458851 0.000726772 0.0195026 0.8 0.8 0.8
vn 0.98666 0.162592 -0.00814834
v 0.00441833 0.00143562 0.0195026 0.8 0.8 0.8
vn 0.949077 0.314938 -0.00814834
v 0.00413935 0.00210913 0.0195026 0.8 0.8 0.8
vn 0.888125 0.459529 -0.00814834
v 0.00375845 0.0027307 0.0195026 0.8 0.8 0.8
vn 0.805305 0.592805 -0.00814834
v 0.00328501 0.00328503 0.0195026 0.8 0.8 0.8
vn 0.702655 0.711484 -0.00814834
v 0.00273068 0.00375848 0.0195026 0.8 0.8 0.8
vn 0.582704 0.812644 -0.00814834
v 0.00210911 0.00413938 0.0195026 0.8 0.8 0.8
vn 0.448404 0.893794 -0.00814834
v 0.0014356 0.00441835 0.0195026 0.8 0.8 0.8
vn 0.303063 0.952935 -0.00814834
v 0.000726748 0.00458853 0.0195026 0.8 0.8 0.8
vn 0.15026 0.988613 -0.00814834
v -5.1072e-10 0.00464573 0.0195026 0.8 0.8 0.8
vn -0.00624287 0.999947 -0.00814834
v -0.000726749 0.00458853 0.0195026 0.8 0.8 0.8
vn -0.162592 0.98666 -0.00814834
v -0.0014356 0.00441835 0.0195026 0.8 0.8 0.8
vn -0.314938 0.949077 -0.00814834
v -0.00210911 0.00413938 0.0195026 0.8 0.8 0.8
vn -0.459529 0.888125 -0.00814834
v -0.00273068 0.00375848 0.0195026 0.8 0.8 0.8
vn -0.592805 0.805305 -0.00814834
v -0.00328501 0.00328503 0.0195026 0.8 0.8 0.8
vn -0.711484 0.702655 -0.00814834
v -0.00375845 0.0027307 0.0195026 0.8 0.8 0.8
vn -0.812644 0.582704 -0.00814834
v -0.00413935 0.00210913 0.0195026 0.8 0.8 0.8
vn -0.893794 0.448404 -0.00814834
v -0.00441833 0.00143563 0.0195026 0.8 0.8 0.8
vn -0.952936 0.303063 -0.00814834
v -0.00458851 0.000726772 0.0195026 0.8 0.8 0.8
vn -0.988613 0.15026 -0.00814834
v -0.00464571 2.36347e-08 0.0195026 0.8 0.8 0.8
vn -0.999947 -0.00624284 -0.00814834
v -0.00458851 -0.000726725 0.0195026 0.8 0.8 0.8
vn -0.98666 -0.162592 -0.00814834
v -0.00441833 -0.00143558 0.0195026 0.8 0.8 0.8
vn -0.949077 -0.314938 -0.00814834
v -0.00413935 -0.00210908 0.0195026 0.8 0.8 0.8
vn -0.888125 -0.459529 -0.00814834
v -0.00375845 -0.00273065 0.0195026 0.8 0.8 0.8
vn -0.805305 -0.592805 -0.00814834
v -0.00328501 -0.00328499 0.0195026 0.8 0.8 0.8
vn -0.702655 -0.711484 -0.00814834
v -0.00273068 -0.00375843 0.0195026 0.8 0.8 0.8
vn -0.582704 -0.812644 -0.00814834
v -0.00210911 -0.00413933 0.0195026 0.8 0.8 0.8
vn -0.448404 -0.893794 -0.00814834
v -0.0014356 -0.0044183 0.0195026 0.8 0.8 0.8
vn -0.303063 -0.952935 -0.00814834
v -0.000726749 -0.00458848 0.0195026 0.8 0.8 0.8
vn -0.15026 -0.988613 -0.00814834
v -3.51759e-10 -0.00464568 0.0195026 0.8 0.8 0.8
vn 0.00624287 -0.999947 -0.00814834
v 0.000726748 -0.00458848 0.0195026 0.8 0.8 0.8
vn 0.162592 -0.98666 -0.00814834
v 0.0014356 -0.0044183 0.0195026 0.8 0.8 0.8
vn 0.314938 -0.949077 -0.00814834
v 0.00210911 -0.00413933 0.0195026 0.8 0.8 0.8
vn 0.459529 -0.888125 -0.00814834
v 0.00273068 -0.00375843 0.0195026 0.8 0.8 0.8
vn 0.592805 -0.805305 -0.00814834
v 0.00328501 -0.00328499 0.0195026 0.8 0.8 0.8
vn 0.711484 -0.702655 -0.00814834
v 0.00375845 -0.00273065 0.0195026 0.8 0.8 0.8
vn 0.812644 -0.582704 -0.00814834
v 0.00413935 -0.00210908 0.0195026 0.8 0.8 0.8
vn 0.893794 -0.448404 -0.00814834
v 0.00441833 -0.00143558 0.0195026 0.8 0.8 0.8
vn 0.952936 -0.303063 -0.00814834
v 0.00458851 -0.000726725 0.0195026 0.8 0.8 0.8
vn 0.988613 -0.15026 -0.00814834
v 0.0045855 2.34768e-08 0.0149902 0.8 0.8 0.8
vn 0.999807 0.00475276 -0.0190601
v 0.00452904 0.000717353 0.0149902 0.8 0.8 0.8
vn 0.986754 0.161099 -0.0190601
v 0.00436107 0.00141702 0.0149902 0.8 0.8 0.8
vn 0.949404 0.313477 -0.0190601
v 0.00408571 0.0020818 0.0149902 0.8 0.8 0.8
vn 0.888677 0.458138 -0.0190601
v 0.00370975 0.00269531 0.0149902 0.8 0.8 0.8
vn 0.806067 0.591517 -0.0190601
v 0.00324244 0.00324246 0.0149902 0.8 0.8 0.8
vn 0.70361 0.710331 -0.0190601
v 0.00269529 0.00370977 0.0149902 0.8 0.8 0.8
vn 0.583827 0.811654 -0.0190601
v 0.00208177 0.00408573 0.0149902 0.8 0.8 0.8
vn 0.449668 0.892992 -0.0190601
v 0.001417 0.00436109 0.0149902 0.8 0.8 0.8
vn 0.304437 0.952342 -0.0190601
v 0.000717329 0.00452907 0.0149902 0.8 0.8 0.8
vn 0.15171 0.988241 -0.0190601
v -5.0969e-10 0.00458552 0.0149902 0.8 0.8 0.8
vn -0.00475279 0.999807 -0.0190601
v -0.00071733 0.00452907 0.0149902 0.8 0.8 0.8
vn -0.161099 0.986754 -0.0190601
v -0.001417 0.00436109 0.0149902 0.8 0.8 0.8
vn -0.313478 0.949404 -0.0190601
v -0.00208177 0.00408573 0.0149902 0.8 0.8 0.8
vn -0.458138 0.888677 -0.0190601
v -0.00269529 0.00370977 0.0149902 0.8 0.8 0.8
vn -0.591517 0.806067 -0.0190601
v -0.00324244 0.00324246 0.0149902 0.8 0.8 0.8
vn -0.710331 0.70361 -0.0190601
v -0.00370975 0.00269531 0.0149902 0.8 0.8 0.8
vn -0.811655 0.583827 -0.0190601
v -0.00408571 0.0020818 0.0149902 0.8 0.8 0.8
vn -0.892992 0.449668 -0.0190601
v -0.00436107 0.00141702 0.0149902 0.8 0.8 0.8
vn -0.952342 0.304437 -0.0190601
v -0.00452904 0.000717353 0.0149902 0.8 0.8 0.8
vn -0.988241 0.15171 -0.0190601
v -0.0045855 2.36337e-08 0.0149902 0.8 0.8 0.8
vn -0.999807 -0.00475276 -0.0190601
v -0.00452904 -0.000717306 0.0149902 0.8 0.8 0.8
vn -0.986754 -0.161099 -0.0190601
v -0.00436107 -0.00141697 0.0149902 0.8 0.8 0.8
vn -0.949404 -0.313477 -0.0190601
v -0.00408571 -0.00208175 0.0149902 0.8 0.8 0.8
vn -0.888677 -0.458138 -0.0190601
v -0.00370975 -0.00269526 0.0149902 0.8 0.8 0.8
vn -0.806067 -0.591517 -0.0190601
v -0.00324244 -0.00324241 0.0149902 0.8 0.8 0.8
vn -0.70361 -0.710331 -0.0190601
v -0.00269529 -0.00370972 0.0149902 0.8 0.8 0.8
vn -0.583827 -0.811654 -0.0190601
v -0.00208177 -0.00408568 0.0149902 0.8 0.8 0.8
vn -0.449668 -0.892992 -0.0190601
v -0.001417 -0.00436104 0.0149902 0.8 0.8 0.8
vn -0.304437 -0.952342 -0.0190601
v -0.00071733 -0.00452902 0.0149902 0.8 0.8 0.8
vn -0.15171 -0.988241 -0.0190601
v -3.52789e-10 -0.00458547 0.0149902 0.8 0.8 0.8
vn 0.00475279 -0.999807 -0.0190601
v 0.00071733 -0.00452902 0.0149902 0.8 0.8 0.8
vn 0.161099 -0.986754 -0.0190601
v 0.001417 -0.00436104 0.0149902 0.8 0.8 0.8
vn 0.313478 -0.949404 -0.0190601
v 0.00208177 -0.00408568 0.0149902 0.8 0.8 0.8
vn 0.458138 -0.888677 -0.0190601
v 0.00269529 -0.00370972 0.0149902 0.8 0.8 0.8
vn 0.591517 -0.806067 -0.0190601
v 0.00324244 -0.00324241 0.0149902 0.8 0.8 0.8
vn 0.710331 -0.70361 -0.0190601
v 0.00370975 -0.00269526 0.0149902 0.8 0.8 0.8
vn 0.811655 -0.583827 -0.0190601
v 0.00408571 -0.00208175 0.0149902 0.8 0.8 0.8
vn 0.892992 -0.449668 -0.0190601
v 0.00436107 -0.00141697 0.0149902 0.8 0.8 0.8
vn 0.952342 -0.304437 -0.0190601
v 0.00452904 -0.000717306 0.0149902 0.8 0.8 0.8
vn 0.988241 -0.15171 -0.0190601
v 0.00449782 2.34783e-08 0.0117598 0.8 0.8 0.8
vn 0.999321 0.0043711 -0.0365817
v 0.00444244 0.000703637 0.0117598 0.8 0.8 0.8
vn 0.986334 0.160646 -0.0365817
v 0.00427768 0.00138993 0.0117598 0.8 0.8 0.8
vn 0.94906 0.312964 -0.0365817
v 0.00400758 0.00204199 0.0117598 0.8 0.8 0.8
vn 0.888417 0.457577 -0.0365817
v 0.00363881 0.00264377 0.0117598 0.8 0.8 0.8
vn 0.805898 0.590922 -0.0365817
v 0.00318044 0.00318046 0.0117598 0.8 0.8 0.8
vn 0.703536 0.709718 -0.0365817
v 0.00264375 0.00363883 0.0117598 0.8 0.8 0.8
vn 0.58385 0.811037 -0.0365817
v 0.00204197 0.00400761 0.0117598 0.8 0.8 0.8
vn 0.449788 0.892386 -0.0365817
v 0.0013899 0.0042777 0.0117598 0.8 0.8 0.8
vn 0.30465 0.951762 -0.0365817
v 0.000703613 0.00444247 0.0117598 0.8 0.8 0.8
vn 0.152011 0.987702 -0.0365817
v -5.08189e-10 0.00449784 0.0117598 0.8 0.8 0.8
vn -0.00437113 0.999321 -0.0365817
v -0.000703614 0.00444247 0.0117598 0.8 0.8 0.8
vn -0.160646 0.986334 -0.0365817
v -0.0013899 0.0042777 0.0117598 0.8 0.8 0.8
vn -0.312964 0.94906 -0.0365817
v -0.00204197 0.00400761 0.0117598 0.8 0.8 0.8
vn -0.457577 0.888417 -0.0365817
v -0.00264375 0.00363883 0.0117598 0.8 0.8 0.8
vn -0.590923 0.805898 -0.0365817
v -0.00318044 0.00318046 0.0117598 0.8 0.8 0.8
vn -0.709718 0.703536 -0.0365817
v -0.00363881 0.00264377 0.0117598 0.8 0.8 0.8
vn -0.811037 0.58385 -0.0365817
v -0.00400759 0.00204199 0.0117598 0.8 0.8 0.8
vn -0.892386 0.449788 -0.0365817
v -0.00427768 0.00138993 0.0117598 0.8 0.8 0.8
vn -0.951762 0.30465 -0.0365817
v -0.00444244 0.000703637 0.0117598 0.8 0.8 0.8
vn -0.987702 0.152011 -0.0365817
v -0.00449782 2.36322e-08 0.0117598 0.8 0.8 0.8
vn -0.999321 -0.0043711 -0.0365817
v -0.00444244 -0.00070359 0.0117598 0.8 0.8 0.8
vn -0.986334 -0.160646 -0.0365817
v -0.00427768 -0.00138988 0.0117598 0.8 0.8 0.8
vn -0.94906 -0.312964 -0.0365817
v -0.00400759 -0.00204194 0.0117598 0.8 0.8 0.8
vn -0.888417 -0.457577 -0.0365817
v -0.00363881 -0.00264373 0.0117598 0.8 0.8 0.8
vn -0.805898 -0.590922 -0.0365817
v -0.00318044 -0.00318041 0.0117598 0.8 0.8 0.8
vn -0.703536 -0.709718 -0.0365817
v -0.00264375 -0.00363879 0.0117598 0.8 0.8 0.8
vn -0.58385 -0.811037 -0.0365817
v -0.00204197 -0.00400756 0.0117598 0.8 0.8 0.8
vn -0.449788 -0.892386 -0.0365817
v -0.0013899 -0.00427765 0.0117598 0.8 0.8 0.8
vn -0.30465 -0.951762 -0.0365817
v -0.000703614 -0.00444242 0.0117598 0.8 0.8 0.8
vn -0.152011 -0.987702 -0.0365817
v -3.54289e-10 -0.00449779 0.0117598 0.8 0.8 0.8
vn 0.00437113 -0.999321 -0.0365817
v 0.000703613 -0.00444242 0.0117598 0.8 0.8 0.8
vn 0.160646 -0.986334 -0.0365817
v 0.0013899 -0.00427765 0.0117598 0.8 0.8 0.8
vn 0.312964 -0.94906 -0.0365817
v 0.00204197 -0.00400756 0.0117598 0.8 0.8 0.8
vn 0.457577 -0.888417 -0.0365817
v 0.00264375 -0.00363879 0.0117598 0.8 0.8 0.8
vn 0.590923 -0.805898 -0.0365817
v 0.00318044 -0.00318041 0.0117598 0.8 0.8 0.8
vn 0.709718 -0.703536 -0.0365817
v 0.00363881 -0.00264373 0.0117598 0.8 0.8 0.8
vn 0.811037 -0.58385 -0.0365817
v 0.00400758 -0.00204194 0.0117598 0.8 0.8 0.8
vn 0.892386 -0.449788 -0.0365817
v 0.00427768 -0.00138988 0.0117598 0.8 0.8 0.8
vn 0.951762 -0.30465 -0.0365817
v 0.00444244 -0.00070359 0.0117598 0.8 0.8 0.8
vn 0.987702 -0.152011 -0.0365817
v 0.00437832 2.34803e-08 0.00934354 0.8 0.8 0.8
vn 0.997848 0.00451914 -0.0654197
v 0.00432441 0.000684943 0.00934354 0.8 0.8 0.8
vn 0.984856 0.160561 -0.0654197
v 0.00416403 0.001353 0.00934354 0.8 0.8 0.8
vn 0.947613 0.31265 -0.0654197
v 0.00390111 0.00198774 0.00934354 0.8 0.8 0.8
vn 0.887037 0.45704 -0.0654197
v 0.00354213 0.00257353 0.00934354 0.8 0.8 0.8
vn 0.804619 0.590176 -0.0654197
v 0.00309594 0.00309596 0.00934354 0.8 0.8 0.8
vn 0.702389 0.70878 -0.0654197
v 0.00257351 0.00354216 0.00934354 0.8 0.8 0.8
vn 0.582864 0.809932 -0.0654197
v 0.00198771 0.00390113 0.00934354 0.8 0.8 0.8
vn 0.448987 0.89114 -0.0654197
v 0.00135297 0.00416405 0.00934354 0.8 0.8 0.8
vn 0.304054 0.950406 -0.0654197
v 0.000684919 0.00432444 0.00934354 0.8 0.8 0.8
vn 0.151634 0.986269 -0.0654197
v -5.06145e-10 0.00437834 0.00934354 0.8 0.8 0.8
vn -0.00451917 0.997848 -0.0654197
v -0.00068492 0.00432444 0.00934354 0.8 0.8 0.8
vn -0.160561 0.984855 -0.0654197
v -0.00135298 0.00416405 0.00934354 0.8 0.8 0.8
vn -0.31265 0.947613 -0.0654197
v -0.00198772 0.00390113 0.00934354 0.8 0.8 0.8
vn -0.45704 0.887037 -0.0654197
v -0.00257351 0.00354216 0.00934354 0.8 0.8 0.8
vn -0.590176 0.804619 -0.0654197
v -0.00309594 0.00309596 0.00934354 0.8 0.8 0.8
vn -0.70878 0.702389 -0.0654197
v -0.00354213 0.00257353 0.00934354 0.8 0.8 0.8
vn -0.809932 0.582864 -0.0654197
v -0.00390111 0.00198774 0.00934354 0.8 0.8 0.8
vn -0.89114 0.448987 -0.0654197
v -0.00416403 0.001353 0.00934354 0.8 0.8 0.8
vn -0.950406 0.304054 -0.0654197
v -0.00432441 0.000684943 0.00934354 0.8 0.8 0.8
vn -0.986269 0.151634 -0.0654197
v -0.00437832 2.36301e-08 0.00934354 0.8 0.8 0.8
vn -0.997848 -0.00451914 -0.0654197
v -0.00432441 -0.000684896 0.00934354 0.8 0.8 0.8
vn -0.984856 -0.160561 -0.0654197
v -0.00416403 -0.00135295 0.00934354 0.8 0.8 0.8
vn -0.947613 -0.31265 -0.0654197
v -0.00390111 -0.00198769 0.00934354 0.8 0.8 0.8
vn -0.887037 -0.45704 -0.0654197
v -0.00354213 -0.00257349 0.00934354 0.8 0.8 0.8
vn -0.804619 -0.590176 -0.0654197
v -0.00309594 -0.00309591 0.00934354 0.8 0.8 0.8
vn -0.702389 -0.70878 -0.0654197
v -0.00257351 -0.00354211 0.00934354 0.8 0.8 0.8
vn -0.582864 -0.809932 -0.0654197
v -0.00198772 -0.00390109 0.00934354 0.8 0.8 0.8
vn -0.448987 -0.89114 -0.0654197
v -0.00135298 -0.004164 0.00934354 0.8 0.8 0.8
vn -0.304054 -0.950406 -0.0654197
v -0.00068492 -0.00432439 0.00934354 0.8 0.8 0.8
vn -0.151634 -0.986269 -0.0654197
v -3.56333e-10 -0.00437829 0.00934354 0.8 0.8 0.8
vn 0.00451917 -0.997848 -0.0654197
v 0.00068492 -0.00432439 0.00934354 0.8 0.8 0.8
vn 0.160561 -0.984855 -0.0654197
v 0.00135297 -0.004164 0.00934354 0.8 0.8 0.8
vn 0.31265 -0.947613 -0.0654197
v 0.00198771 -0.00390109 0.00934354 0.8 0.8 0.8
vn 0.45704 -0.887037 -0.0654197
v 0.00257351 -0.00354211 0.00934354 0.8 0.8 0.8
vn 0.590176 -0.804619 -0.0654197
v 0.00309594 -0.00309591 0.00934354 0.8 0.8 0.8
vn 0.70878 -0.702389 -0.0654197
v 0.00354213 -0.00257349 0.00934354 0.8 0.8 0.8
vn 0.809932 -0.582864 -0.0654197
v 0.00390111 -0.00198769 0.00934354 0.8 0.8 0.8
vn 0.89114 -0.448987 -0.0654197
v 0.00416403 -0.00135295 0.00934354 0.8 0.8 0.8
vn 0.950406 -0.304054 -0.0654197
v 0.00432441 -0.000684896 0.00934354 0.8 0.8 0.8
vn 0.986269 -0.151634 -0.0654197
v 0.00421943 2.3483e-08 0.00752628 0.8 0.8 0.8
vn 0.993173 0.0051219 -0.116538
v 0.00416748 0.000660088 0.00752628 0.8 0.8 0.8
vn 0.980144 0.160425 -0.116538
v 0.00401292 0.0013039 0.00752628 0.8 0.8 0.8
vn 0.942981 0.311779 -0.116538
v 0.00375954 0.00191561 0.00752628 0.8 0.8 0.8
vn 0.882598 0.455455 -0.116538
v 0.00341359 0.00248014 0.00752628 0.8 0.8 0.8
vn 0.800483 0.587916 -0.116538
v 0.00298359 0.00298361 0.00752628 0.8 0.8 0.8
vn 0.698658 0.705901 -0.116538
v 0.00248012 0.00341362 0.00752628 0.8 0.8 0.8
vn 0.579629 0.806504 -0.116538
v 0.00191558 0.00375957 0.00752628 0.8 0.8 0.8
vn 0.446327 0.887249 -0.116538
v 0.00130388 0.00401294 0.00752628 0.8 0.8 0.8
vn 0.302036 0.946146 -0.116538
v 0.000660064 0.00416751 0.00752628 0.8 0.8 0.8
vn 0.150308 0.981747 -0.116538
v -5.03427e-10 0.00421946 0.00752628 0.8 0.8 0.8
vn -0.00512193 0.993173 -0.116538
v -0.000660065 0.00416751 0.00752628 0.8 0.8 0.8
vn -0.160425 0.980144 -0.116538
v -0.00130388 0.00401294 0.00752628 0.8 0.8 0.8
vn -0.311779 0.942981 -0.116538
v -0.00191558 0.00375957 0.00752628 0.8 0.8 0.8
vn -0.455455 0.882598 -0.116538
v -0.00248012 0.00341362 0.00752628 0.8 0.8 0.8
vn -0.587916 0.800483 -0.116538
v -0.00298359 0.00298361 0.00752628 0.8 0.8 0.8
vn -0.705901 0.698658 -0.116538
v -0.00341359 0.00248014 0.00752628 0.8 0.8 0.8
vn -0.806504 0.579629 -0.116538
v -0.00375954 0.00191561 0.00752628 0.8 0.8 0.8
vn -0.887249 0.446327 -0.116538
v -0.00401292 0.0013039 0.00752628 0.8 0.8 0.8
vn -0.946146 0.302036 -0.116538
v -0.00416748 0.000660088 0.00752628 0.8 0.8 0.8
vn -0.981747 0.150308 -0.116538
v -0.00421943 2.36274e-08 0.00752628 0.8 0.8 0.8
vn -0.993173 -0.0051219 -0.116538
v -0.00416748 -0.000660041 0.00752628 0.8 0.8 0.8
vn -0.980144 -0.160425 -0.116538
v -0.00401292 -0.00130385 0.00752628 0.8 0.8 0.8
vn -0.942981 -0.311779 -0.116538
v -0.00375954 -0.00191556 0.00752628 0.8 0.8 0.8
vn -0.882598 -0.455455 -0.116538
v -0.00341359 -0.0024801 0.00752628 0.8 0.8 0.8
vn -0.800483 -0.587916 -0.116538
v -0.00298359 -0.00298357 0.00752628 0.8 0.8 0.8
vn -0.698658 -0.705901 -0.116538
v -0.00248012 -0.00341357 0.00752628 0.8 0.8 0.8
vn -0.579629 -0.806504 -0.116538
v -0.00191558 -0.00375952 0.00752628 0.8 0.8 0.8
vn -0.446327 -0.887249 -0.116538
v -0.00130388 -0.00401289 0.00752628 0.8 0.8 0.8
vn -0.302036 -0.946146 -0.116538
v -0.000660065 -0.00416746 0.00752628 0.8 0.8 0.8
vn -0.150308 -0.981747 -0.116538
v -3.59051e-10 -0.00421941 0.00752628 0.8 0.8 0.8
vn 0.00512193 -0.993173 -0.116538
v 0.000660064 -0.00416746 0.00752628 0.8 0.8 0.8
vn 0.160425 -0.980144 -0.116538
v 0.00130388 -0.00401289 0.00752628 0.8 0.8 0.8
vn 0.311779 -0.942981 -0.116538
v 0.00191558 -0.00375952 0.00752628 0.8 0.8 0.8
vn 0.455455 -0.882598 -0.116538
v 0.00248012 -0.00341357 0.00752628 0.8 0.8 0.8
vn 0.587916 -0.800483 -0.116538
v 0.00298359 -0.00298357 0.00752628 0.8 0.8 0.8
vn 0.705901 -0.698658 -0.116538
v 0.00341359 -0.0024801 0.00752628 0.8 0.8 0.8
vn 0.806504 -0.579629 -0.116538
v 0.00375954 -0.00191556 0.00752628 0.8 0.8 0.8
vn 0.887249 -0.446327 -0.116538
v 0.00401292 -0.00130385 0.00752628 0.8 0.8 0.8
vn 0.946146 -0.302036 -0.116538
v 0.00416748 -0.000660041 0.00752628 0.8 0.8 0.8
vn 0.981747 -0.150308 -0.116538
v 0.004007 2.34867e-08 0.00619291 0.8 0.8 0.8
vn 0.975651 0.0063283 -0.219239
v 0.00395767 0.000626857 0.00619291 0.8 0.8 0.8
vn 0.962649 0.158876 -0.219239
v 0.00381089 0.00123826 0.00619291 0.8 0.8 0.8
vn 0.925943 0.307511 -0.219239
v 0.00357027 0.00181916 0.00619291 0.8 0.8 0.8
vn 0.866438 0.448575 -0.219239
v 0.00324173 0.00235528 0.00619291 0.8 0.8 0.8
vn 0.785598 0.578593 -0.219239
v 0.00283338 0.0028334 0.00619291 0.8 0.8 0.8
vn 0.685414 0.694364 -0.219239
v 0.00235526 0.00324176 0.00619291 0.8 0.8 0.8
vn 0.568353 0.793038 -0.219239
v 0.00181914 0.00357029 0.00619291 0.8 0.8 0.8
vn 0.437298 0.872184 -0.219239
v 0.00123823 0.00381091 0.00619291 0.8 0.8 0.8
vn 0.295474 0.929854 -0.219239
v 0.000626833 0.00395769 0.00619291 0.8 0.8 0.8
vn 0.146375 0.964629 -0.219239
v -4.99792e-10 0.00400703 0.00619291 0.8 0.8 0.8
vn -0.00632833 0.97565 -0.219239
v -0.000626834 0.00395769 0.00619291 0.8 0.8 0.8
vn -0.158876 0.962649 -0.219239
v -0.00123823 0.00381091 0.00619291 0.8 0.8 0.8
vn -0.307511 0.925943 -0.219239
v -0.00181914 0.00357029 0.00619291 0.8 0.8 0.8
vn -0.448575 0.866438 -0.219239
v -0.00235526 0.00324176 0.00619291 0.8 0.8 0.8
vn -0.578593 0.785598 -0.219239
v -0.00283338 0.0028334 0.00619291 0.8 0.8 0.8
vn -0.694364 0.685414 -0.219239
v -0.00324173 0.00235528 0.00619291 0.8 0.8 0.8
vn -0.793038 0.568353 -0.219239
v -0.00357027 0.00181916 0.00619291 0.8 0.8 0.8
vn -0.872184 0.437298 -0.219239
v -0.00381089 0.00123826 0.00619291 0.8 0.8 0.8
vn -0.929854 0.295474 -0.219239
v -0.00395767 0.000626857 0.00619291 0.8 0.8 0.8
vn -0.964629 0.146375 -0.219239
v -0.004007 2.36238e-08 0.00619291 0.8 0.8 0.8
vn -0.975651 -0.0063283 -0.219239
v -0.00395767 -0.00062681 0.00619291 0.8 0.8 0.8
vn -0.962649 -0.158876 -0.219239
v -0.00381089 -0.00123821 0.00619291 0.8 0.8 0.8
vn -0.925943 -0.307511 -0.219239
v -0.00357027 -0.00181912 0.00619291 0.8 0.8 0.8
vn -0.866438 -0.448575 -0.219239
v -0.00324173 -0.00235523 0.00619291 0.8 0.8 0.8
vn -0.785598 -0.578593 -0.219239
v -0.00283338 -0.00283336 0.00619291 0.8 0.8 0.8
vn -0.685414 -0.694364 -0.219239
v -0.00235526 -0.00324171 0.00619291 0.8 0.8 0.8
vn -0.568353 -0.793038 -0.219239
v -0.00181914 -0.00357024 0.00619291 0.8 0.8 0.8
vn -0.437298 -0.872184 -0.219239
v -0.00123823 -0.00381086 0.00619291 0.8 0.8 0.8
vn -0.295474 -0.929854 -0.219239
v -0.000626834 -0.00395765 0.00619291 0.8 0.8 0.8
vn -0.146375 -0.964629 -0.219239
v -3.62686e-10 -0.00400698 0.00619291 0.8 0.8 0.8
vn 0.00632833 -0.97565 -0.219239
v 0.000626833 -0.00395765 0.00619291 0.8 0.8 0.8
vn 0.158876 -0.962649 -0.219239
v 0.00123823 -0.00381086 0.00619291 0.8 0.8 0.8
vn 0.307511 -0.925943 -0.219239
v 0.00181914 -0.00357024 0.00619291 0.8 0.8 0.8
vn 0.448575 -0.866438 -0.219239
v 0.00235526 -0.00324171 0.00619291 0.8 0.8 0.8
vn 0.578593 -0.785598 -0.219239
v 0.00283338 -0.00283336 0.00619291 0.8 0.8 0.8
vn 0.694364 -0.685414 -0.219239
v 0.00324173 -0.00235523 0.00619291 0.8 0.8 0.8
vn 0.793038 -0.568353 -0.219239
v 0.00357027 -0.00181912 0.00619291 0.8 0.8 0.8
vn 0.872184 -0.437298 -0.219239
v 0.00381089 -0.00123821 0.00619291 0.8 0.8 0.8
vn 0.929854 -0.295474 -0.219239
v 0.00395767 -0.00062681 0.00619291 0.8 0.8 0.8
vn 0.964629 -0.146375 -0.219239
v 0.00371028 2.34917e-08 0.00527733 0.8 0.8 0.8
vn 0.886894 0.00834101 -0.461898
v 0.0036646 0.000580439 0.00527733 0.8 0.8 0.8
vn 0.87467 0.146979 -0.461898
v 0.00352869 0.00114656 0.00527733 0.8 0.8 0.8
vn 0.840909 0.281998 -0.461898
v 0.00330588 0.00168446 0.00527733 0.8 0.8 0.8
vn 0.786441 0.410073 -0.461898
v 0.00300168 0.00218087 0.00527733 0.8 0.8 0.8
vn 0.712609 0.528051 -0.461898
v 0.00262356 0.00262359 0.00527733 0.8 0.8 0.8
vn 0.621231 0.633027 -0.461898
v 0.00218085 0.0030017 0.00527733 0.8 0.8 0.8
vn 0.514555 0.722415 -0.461898
v 0.00168443 0.00330591 0.00527733 0.8 0.8 0.8
vn 0.395209 0.794015 -0.461898
v 0.00114654 0.00352871 0.00527733 0.8 0.8 0.8
vn 0.266132 0.846064 -0.461898
v 0.000580415 0.00366462 0.00527733 0.8 0.8 0.8
vn 0.130502 0.877279 -0.461898
v -4.94716e-10 0.0037103 0.00527733 0.8 0.8 0.8
vn -0.00834104 0.886894 -0.461898
v -0.000580416 0.00366462 0.00527733 0.8 0.8 0.8
vn -0.146979 0.87467 -0.461898
v -0.00114654 0.00352871 0.00527733 0.8 0.8 0.8
vn -0.281998 0.840908 -0.461898
v -0.00168443 0.00330591 0.00527733 0.8 0.8 0.8
vn -0.410073 0.786441 -0.461898
v -0.00218085 0.0030017 0.00527733 0.8 0.8 0.8
vn -0.528051 0.712609 -0.461898
v -0.00262357 0.00262359 0.00527733 0.8 0.8 0.8
vn -0.633027 0.621231 -0.461898
v -0.00300168 0.00218087 0.00527733 0.8 0.8 0.8
vn -0.722415 0.514555 -0.461898
v -0.00330589 0.00168446 0.00527733 0.8 0.8 0.8
vn -0.794015 0.395209 -0.461898
v -0.00352869 0.00114656 0.00527733 0.8 0.8 0.8
vn -0.846064 0.266132 -0.461898
v -0.0036646 0.000580439 0.00527733 0.8 0.8 0.8
vn -0.877279 0.130502 -0.461898
v -0.00371028 2.36187e-08 0.00527733 0.8 0.8 0.8
vn -0.886894 -0.00834101 -0.461898
v -0.0036646 -0.000580392 0.00527733 0.8 0.8 0.8
vn -0.87467 -0.146979 -0.461898
v -0.00352869 -0.00114652 0.00527733 0.8 0.8 0.8
vn -0.840909 -0.281998 -0.461898
v -0.00330588 -0.00168441 0.00527733 0.8 0.8 0.8
vn -0.786441 -0.410073 -0.461898
v -0.00300168 -0.00218082 0.00527733 0.8 0.8 0.8
vn -0.712609 -0.528051 -0.461898
v -0.00262357 -0.00262354 0.00527733 0.8 0.8 0.8
vn -0.621231 -0.633027 -0.461898
v -0.00218085 -0.00300166 0.00527733 0.8 0.8 0.8
vn -0.514555 -0.722415 -0.461898
v -0.00168443 -0.00330586 0.00527733 0.8 0.8 0.8
vn -0.395209 -0.794015 -0.461898
v -0.00114654 -0.00352866 0.00527733 0.8 0.8 0.8
vn -0.266132 -0.846064 -0.461898
v -0.000580416 -0.00366458 0.00527733 0.8 0.8 0.8
vn -0.130502 -0.877279 -0.461898
v -3.67762e-10 -0.00371026 0.00527733 0.8 0.8 0.8
vn 0.00834104 -0.886894 -0.461898
v 0.000580415 -0.00366458 0.00527733 0.8 0.8 0.8
vn 0.146979 -0.87467 -0.461898
v 0.00114654 -0.00352866 0.00527733 0.8 0.8 0.8
vn 0.281998 -0.840908 -0.461898
v 0.00168443 -0.00330586 0.00527733 0.8 0.8 0.8
vn 0.410073 -0.786441 -0.461898
v 0.00218085 -0.00300166 0.00527733 0.8 0.8 0.8
vn 0.528051 -0.712609 -0.461898
v 0.00262356 -0.00262354 0.00527733 0.8 0.8 0.8
vn 0.633027 -0.621231 -0.461898
v 0.00300168 -0.00218082 0.00527733 0.8 0.8 0.8
vn 0.722415 -0.514555 -0.461898
v 0.00330588 -0.00168441 0.00527733 0.8 0.8 0.8
vn 0.794015 -0.395209 -0.461898
v 0.00352869 -0.00114652 0.00527733 0.8 0.8 0.8
vn 0.846064 -0.266132 -0.461898
v 0.0036646 -0.000580392 0.00527733 0.8 0.8 0.8
vn 0.877279 -0.130502 -0.461898
v 0.003238 2.34998e-08 0.00474129 0.8 0.8 0.8
vn 0.2483 0.00588529 -0.968665
v 0.00319813 0.000506558 0.00474129 0.8 0.8 0.8
vn 0.24432 0.0446551 -0.968666
v 0.00307952 0.00100062 0.00474129 0.8 0.8 0.8
vn 0.234321 0.0823236 -0.968667
v 0.00288508 0.00147004 0.00474129 0.8 0.8 0.8
vn 0.21855 0.117961 -0.96867
v 0.0026196 0.00190327 0.00474129 0.8 0.8 0.8
vn 0.197396 0.15069 -0.968673
v 0.00228961 0.00228963 0.00474129 0.8 0.8 0.8
vn 0.171381 0.179703 -0.968677
v 0.00190325 0.00261962 0.00474129 0.8 0.8 0.8
vn 0.141149 0.204285 -0.968682
v 0.00147002 0.0028851 0.00474129 0.8 0.8 0.8
vn 0.107445 0.223831 -0.968687
v 0.0010006 0.00307954 0.00474129 0.8 0.8 0.8
vn 0.0711005 0.237862 -0.968693
v 0.000506534 0.00319816 0.00474129 0.8 0.8 0.8
vn 0.0330122 0.246032 -0.968699
v -4.86636e-10 0.00323802 0.00474129 0.8 0.8 0.8
vn -0.00588158 0.248143 -0.968706
v -0.000506535 0.00319816 0.00474129 0.8 0.8 0.8
vn -0.0446228 0.244143 -0.968712
v -0.0010006 0.00307954 0.00474129 0.8 0.8 0.8
vn -0.082258 0.234134 -0.968718
v -0.00147002 0.0028851 0.00474129 0.8 0.8 0.8
vn -0.117861 0.218364 -0.968724
v -0.00190325 0.00261962 0.00474129 0.8 0.8 0.8
vn -0.150557 0.197221 -0.968729
v -0.00228961 0.00228963 0.00474129 0.8 0.8 0.8
vn -0.179542 0.171228 -0.968734
v -0.0026196 0.00190327 0.00474129 0.8 0.8 0.8
vn -0.204104 0.141024 -0.968738
v -0.00288508 0.00147004 0.00474129 0.8 0.8 0.8
vn -0.223641 0.107353 -0.968741
v -0.00307952 0.00100062 0.00474129 0.8 0.8 0.8
vn -0.237672 0.0710439 -0.968744
v -0.00319814 0.000506558 0.00474129 0.8 0.8 0.8
vn -0.245854 0.0329883 -0.968745
v -0.003238 2.36106e-08 0.00474129 0.8 0.8 0.8
vn -0.247986 -0.00587785 -0.968746
v -0.00319814 -0.000506511 0.00474129 0.8 0.8 0.8
vn -0.244015 -0.0445994 -0.968745
v -0.00307952 -0.00100057 0.00474129 0.8 0.8 0.8
vn -0.234039 -0.0822245 -0.968744
v -0.00288508 -0.00147 0.00474129 0.8 0.8 0.8
vn -0.218304 -0.117829 -0.968741
v -0.0026196 -0.00190322 0.00474129 0.8 0.8 0.8
vn -0.197194 -0.150536 -0.968738
v -0.00228961 -0.00228959 0.00474129 0.8 0.8 0.8
vn -0.171228 -0.179542 -0.968734
v -0.00190325 -0.00261957 0.00474129 0.8 0.8 0.8
vn -0.141044 -0.204133 -0.968729
v -0.00147002 -0.00288506 0.00474129 0.8 0.8 0.8
vn -0.107383 -0.223703 -0.968724
v -0.0010006 -0.0030795 0.00474129 0.8 0.8 0.8
vn -0.0710727 -0.237769 -0.968718
v -0.000506535 -0.00319811 0.00474129 0.8 0.8 0.8
vn -0.0330056 -0.245983 -0.968712
v -3.75842e-10 -0.00323798 0.00474129 0.8 0.8 0.8
vn 0.00588158 -0.248143 -0.968706
v 0.000506534 -0.00319811 0.00474129 0.8 0.8 0.8
vn 0.0446317 -0.244192 -0.968699
v 0.0010006 -0.0030795 0.00474129 0.8 0.8 0.8
vn 0.0822901 -0.234226 -0.968693
v 0.00147002 -0.00288506 0.00474129 0.8 0.8 0.8
vn 0.117929 -0.218489 -0.968687
v 0.00190325 -0.00261957 0.00474129 0.8 0.8 0.8
vn 0.150669 -0.197368 -0.968682
v 0.00228961 -0.00228959 0.00474129 0.8 0.8 0.8
vn 0.179703 -0.171381 -0.968677
v 0.0026196 -0.00190322 0.00474129 0.8 0.8 0.8
vn 0.204313 -0.141169 -0.968673
v 0.00288508 -0.00147 0.00474129 0.8 0.8 0.8
vn 0.223893 -0.107475 -0.96867
v 0.00307952 -0.00100057 0.00474129 0.8 0.8 0.8
vn 0.237958 -0.0711294 -0.968667
v 0.00319813 -0.000506511 0.00474129 0.8 0.8 0.8
vn 0.246162 -0.0330296 -0.968666
v 0.0324679 2.29997e-08 0.268022 0.8 0.8 0.8
vn -0.998988 0.0374976 -0.0248303
v 0.0317584 0.00675048 0.268022 0.8 0.8 0.8
vn -0.984954 -0.171023 -0.0248303
v 0.0296609 0.0132059 0.268022 0.8 0.8 0.8
vn -0.927873 -0.372069 -0.0248303
v 0.0262671 0.0190842 0.268022 0.8 0.8 0.8
vn -0.830239 -0.556854 -0.0248303
v 0.0217253 0.0241284 0.268022 0.8 0.8 0.8
vn -0.69632 -0.717302 -0.0248303
v 0.0162339 0.028118 0.268022 0.8 0.8 0.8
vn -0.531968 -0.8464 -0.0248303
v 0.0100331 0.0308788 0.268022 0.8 0.8 0.8
vn -0.344367 -0.938507 -0.0248303
v 0.00339382 0.0322901 0.268022 0.8 0.8 0.8
vn -0.141715 -0.989596 -0.0248303
v -0.00339382 0.0322901 0.268022 0.8 0.8 0.8
vn 0.0671305 -0.997435 -0.0248303
v -0.0100331 0.0308788 0.268022 0.8 0.8 0.8
vn 0.273042 -0.961682 -0.0248303
v -0.0162339 0.028118 0.268022 0.8 0.8 0.8
vn 0.46702 -0.883898 -0.0248303
v -0.0217253 0.0241284 0.268022 0.8 0.8 0.8
vn 0.640587 -0.767484 -0.0248303
v -0.0262671 0.0190842 0.268022 0.8 0.8 0.8
vn 0.786158 -0.617527 -0.0248303
v -0.0296609 0.0132059 0.268022 0.8 0.8 0.8
vn 0.89737 -0.440581 -0.0248303
v -0.0317584 0.00675048 0.268022 0.8 0.8 0.8
vn 0.969362 -0.24438 -0.0248303
v -0.0324679 2.41107e-08 0.268022 0.8 0.8 0.8
vn 0.998988 -0.0374976 -0.0248303
v -0.0317584 -0.00675043 0.268022 0.8 0.8 0.8
vn 0.984954 0.171023 -0.0248303
v -0.0296609 -0.0132059 0.268022 0.8 0.8 0.8
vn 0.927873 0.372069 -0.0248303
v -0.0262671 -0.0190841 0.268022 0.8 0.8 0.8
vn 0.830239 0.556854 -0.0248303
v -0.0217253 -0.0241283 0.268022 0.8 0.8 0.8
vn 0.69632 0.717302 -0.0248303
v -0.0162339 -0.028118 0.268022 0.8 0.8 0.8
vn 0.531968 0.8464 -0.0248303
v -0.0100331 -0.0308788 0.268022 0.8 0.8 0.8
vn 0.344367 0.938507 -0.0248303
v -0.00339382 -0.03229 0.268022 0.8 0.8 0.8
vn 0.141715 0.989596 -0.0248303
v 0.00339382 -0.03229 0.268022 0.8 0.8 0.8
vn -0.0671305 0.997435 -0.0248303
v 0.0100331 -0.0308788 0.268022 0.8 0.8 0.8
vn -0.273042 0.961682 -0.0248303
v 0.0162339 -0.028118 0.268022 0.8 0.8 0.8
vn -0.46702 0.883898 -0.0248303
v 0.0217253 -0.0241283 0.268022 0.8 0.8 0.8
vn -0.640587 0.767484 -0.0248303
v 0.0262671 -0.0190841 0.268022 0.8 0.8 0.8
vn -0.786158 0.617527 -0.0248303
v 0.0296609 -0.0132059 0.268022 0.8 0.8 0.8
vn -0.89737 0.440581 -0.0248303
v 0.0317584 -0.00675043 0.268022 0.8 0.8 0.8
vn -0.969362 0.24438 -0.0248303
v 0.036073 2.29381e-08 0.260226 0.8 0.8 0.8
vn -0.92054 0.00269716 -0.390638
v 0.0352847 0.00750002 0.260226 0.8 0.8 0.8
vn -0.900985 -0.188753 -0.390638
v 0.0329543 0.0146722 0.260226 0.8 0.8 0.8
vn -0.842052 -0.371953 -0.390638
v 0.0291837 0.0212032 0.260226 0.8 0.8 0.8
vn -0.746318 -0.538898 -0.390638
v 0.0241375 0.0268075 0.260226 0.8 0.8 0.8
vn -0.617966 -0.68229 -0.390638
v 0.0180365 0.0312402 0.260226 0.8 0.8 0.8
vn -0.462606 -0.795863 -0.390638
v 0.0111472 0.0343075 0.260226 0.8 0.8 0.8
vn -0.287028 -0.874652 -0.390638
v 0.00377065 0.0358754 0.260226 0.8 0.8 0.8
vn -0.098905 -0.915215 -0.390638
v -0.00377066 0.0358754 0.260226 0.8 0.8 0.8
vn 0.0935403 -0.915779 -0.390638
v -0.0111472 0.0343075 0.260226 0.8 0.8 0.8
vn 0.281897 -0.876319 -0.390638
v -0.0180365 0.0312402 0.260226 0.8 0.8 0.8
vn 0.457934 -0.79856 -0.390638
v -0.0241375 0.0268075 0.260226 0.8 0.8 0.8
vn 0.613957 -0.685899 -0.390638
v -0.0291837 0.0212032 0.260226 0.8 0.8 0.8
vn 0.743147 -0.543262 -0.390638
v -0.0329543 0.0146722 0.260226 0.8 0.8 0.8
vn 0.839858 -0.376881 -0.390638
v -0.0352847 0.00750002 0.260226 0.8 0.8 0.8
vn 0.899864 -0.194029 -0.390638
v -0.036073 2.41724e-08 0.260226 0.8 0.8 0.8
vn 0.92054 -0.00269716 -0.390638
v -0.0352847 -0.00749997 0.260226 0.8 0.8 0.8
vn 0.900985 0.188753 -0.390638
v -0.0329543 -0.0146722 0.260226 0.8 0.8 0.8
vn 0.842052 0.371953 -0.390638
v -0.0291837 -0.0212031 0.260226 0.8 0.8 0.8
vn 0.746318 0.538898 -0.390638
v -0.0241375 -0.0268074 0.260226 0.8 0.8 0.8
vn 0.617966 0.68229 -0.390638
v -0.0180365 -0.0312401 0.260226 0.8 0.8 0.8
vn 0.462606 0.795863 -0.390638
v -0.0111472 -0.0343074 0.260226 0.8 0.8 0.8
vn 0.287028 0.874652 -0.390638
v -0.00377065 -0.0358754 0.260226 0.8 0.8 0.8
vn 0.098905 0.915215 -0.390638
v 0.00377066 -0.0358754 0.260226 0.8 0.8 0.8
vn -0.0935403 0.915779 -0.390638
v 0.0111472 -0.0343074 0.260226 0.8 0.8 0.8
vn -0.281897 0.876319 -0.390638
v 0.0180365 -0.0312401 0.260226 0.8 0.8 0.8
vn -0.457934 0.79856 -0.390638
v 0.0241375 -0.0268074 0.260226 0.8 0.8 0.8
vn -0.613957 0.685899 -0.390638
v 0.0291837 -0.0212031 0.260226 0.8 0.8 0.8
vn -0.743147 0.543262 -0.390638
v 0.0329543 -0.0146722 0.260226 0.8 0.8 0.8
vn -0.839858 0.376881 -0.390638
v 0.0352847 -0.00749997 0.260226 0.8 0.8 0.8
vn -0.899864 0.194029 -0.390638
v 0.0390498 2.28871e-08 0.252553 0.8 0.8 0.8
vn -0.943939 0.00199016 -0.330115
v 0.0381964 0.00811893 0.252553 0.8 0.8 0.8
vn -0.923725 -0.194309 -0.330115
v 0.0356737 0.015883 0.252553 0.8 0.8 0.8
vn -0.86314 -0.382116 -0.330115
v 0.0315919 0.0229529 0.252553 0.8 0.8 0.8
vn -0.764832 -0.553223 -0.330115
v 0.0261294 0.0290197 0.252553 0.8 0.8 0.8
vn -0.633097 -0.700151 -0.330115
v 0.0195249 0.0338181 0.252553 0.8 0.8 0.8
vn -0.473693 -0.81648 -0.330115
v 0.012067 0.0371386 0.252553 0.8 0.8 0.8
vn -0.293586 -0.897124 -0.330115
v 0.00408181 0.0388359 0.252553 0.8 0.8 0.8
vn -0.100648 -0.93856 -0.330115
v -0.00408181 0.0388359 0.252553 0.8 0.8 0.8
vn 0.0966892 -0.938976 -0.330115
v -0.012067 0.0371386 0.252553 0.8 0.8 0.8
vn 0.2898 -0.898354 -0.330115
v -0.0195249 0.0338181 0.252553 0.8 0.8 0.8
vn 0.470246 -0.81847 -0.330115
v -0.0261294 0.0290197 0.252553 0.8 0.8 0.8
vn 0.630139 -0.702815 -0.330115
v -0.0315919 0.0229529 0.252553 0.8 0.8 0.8
vn 0.762493 -0.556443 -0.330115
v -0.0356737 0.015883 0.252553 0.8 0.8 0.8
vn 0.861522 -0.385753 -0.330115
v -0.0381964 0.00811893 0.252553 0.8 0.8 0.8
vn 0.922898 -0.198203 -0.330115
v -0.0390498 2.42233e-08 0.252553 0.8 0.8 0.8
vn 0.943939 -0.00199016 -0.330115
v -0.0381964 -0.00811888 0.252553 0.8 0.8 0.8
vn 0.923725 0.194309 -0.330115
v -0.0356737 -0.0158829 0.252553 0.8 0.8 0.8
vn 0.86314 0.382116 -0.330115
v -0.0315919 -0.0229529 0.252553 0.8 0.8 0.8
vn 0.764832 0.553223 -0.330115
v -0.0261294 -0.0290196 0.252553 0.8 0.8 0.8
vn 0.633097 0.700151 -0.330115
v -0.0195249 -0.0338181 0.252553 0.8 0.8 0.8
vn 0.473693 0.81648 -0.330115
v -0.012067 -0.0371385 0.252553 0.8 0.8 0.8
vn 0.293586 0.897124 -0.330115
v -0.00408181 -0.0388358 0.252553 0.8 0.8 0.8
vn 0.100648 0.93856 -0.330115
v 0.00408181 -0.0388358 0.252553 0.8 0.8 0.8
vn -0.0966892 0.938976 -0.330115
v 0.012067 -0.0371385 0.252553 0.8 0.8 0.8
vn -0.2898 0.898354 -0.330115
v 0.0195249 -0.0338181 0.252553 0.8 0.8 0.8
vn -0.470246 0.81847 -0.330115
v 0.0261294 -0.0290196 0.252553 0.8 0.8 0.8
vn -0.630139 0.702815 -0.330115
v 0.0315919 -0.0229529 0.252553 0.8 0.8 0.8
vn -0.762493 0.556443 -0.330115
v 0.0356737 -0.0158829 0.252553 0.8 0.8 0.8
vn -0.861522 0.385753 -0.330115
v 0.0381964 -0.00811888 0.252553 0.8 0.8 0.8
vn -0.922898 0.198203 -0.330115
v 0.0414084 2.28468e-08 0.245008 0.8 0.8 0.8
vn -0.964427 0.00138291 -0.264347
v 0.0405035 0.00860931 0.245008 0.8 0.8 0.8
vn -0.943639 -0.199163 -0.264347
v 0.0378284 0.0168423 0.245008 0.8 0.8 0.8
vn -0.88161 -0.391004 -0.264347
v 0.0335001 0.0243392 0.245008 0.8 0.8 0.8
vn -0.78105 -0.565757 -0.264347
v 0.0277076 0.0307724 0.245008 0.8 0.8 0.8
vn -0.646355 -0.715783 -0.264347
v 0.0207042 0.0358607 0.245008 0.8 0.8 0.8
vn -0.483411 -0.834527 -0.264347
v 0.0127959 0.0393817 0.245008 0.8 0.8 0.8
vn -0.299339 -0.916797 -0.264347
v 0.00432835 0.0411815 0.245008 0.8 0.8 0.8
vn -0.102185 -0.958999 -0.264347
v -0.00432835 0.0411815 0.245008 0.8 0.8 0.8
vn 0.0994347 -0.959288 -0.264347
v -0.0127959 0.0393817 0.245008 0.8 0.8 0.8
vn 0.296709 -0.917652 -0.264347
v -0.0207042 0.0358607 0.245008 0.8 0.8 0.8
vn 0.481016 -0.835909 -0.264347
v -0.0277076 0.0307724 0.245008 0.8 0.8 0.8
vn 0.6443 -0.717634 -0.264347
v -0.0335001 0.0243392 0.245008 0.8 0.8 0.8
vn 0.779425 -0.567995 -0.264347
v -0.0378284 0.0168423 0.245008 0.8 0.8 0.8
vn 0.880485 -0.393531 -0.264347
v -0.0405035 0.00860931 0.245008 0.8 0.8 0.8
vn 0.943064 -0.201868 -0.264347
v -0.0414084 2.42636e-08 0.245008 0.8 0.8 0.8
vn 0.964427 -0.00138291 -0.264347
v -0.0405035 -0.00860926 0.245008 0.8 0.8 0.8
vn 0.943639 0.199163 -0.264347
v -0.0378284 -0.0168423 0.245008 0.8 0.8 0.8
vn 0.88161 0.391004 -0.264347
v -0.0335001 -0.0243392 0.245008 0.8 0.8 0.8
vn 0.78105 0.565757 -0.264347
v -0.0277076 -0.0307724 0.245008 0.8 0.8 0.8
vn 0.646355 0.715783 -0.264347
v -0.0207042 -0.0358607 0.245008 0.8 0.8 0.8
vn 0.483411 0.834527 -0.264347
v -0.0127959 -0.0393817 0.245008 0.8 0.8 0.8
vn 0.299339 0.916797 -0.264347
v -0.00432835 -0.0411815 0.245008 0.8 0.8 0.8
vn 0.102185 0.958999 -0.264347
v 0.00432835 -0.0411815 0.245008 0.8 0.8 0.8
vn -0.0994347 0.959288 -0.264347
v 0.0127959 -0.0393817 0.245008 0.8 0.8 0.8
vn -0.296709 0.917652 -0.264347
v 0.0207042 -0.0358607 0.245008 0.8 0.8 0.8
vn -0.481016 0.835909 -0.264347
v 0.0277076 -0.0307724 0.245008 0.8 0.8 0.8
vn -0.6443 0.717634 -0.264347
v 0.0335001 -0.0243392 0.245008 0.8 0.8 0.8
vn -0.779425 0.567995 -0.264347
v 0.0378284 -0.0168423 0.245008 0.8 0.8 0.8
vn -0.880485 0.393531 -0.264347
v 0.0405035 -0.00860926 0.245008 0.8 0.8 0.8
vn -0.943064 0.201868 -0.264347
v 0.0431594 2.28168e-08 0.237595 0.8 0.8 0.8
vn -0.981073 0.000837375 -0.193639
v 0.0422162 0.00897336 0.237595 0.8 0.8 0.8
vn -0.959808 -0.203157 -0.193639
v 0.039428 0.0175545 0.237595 0.8 0.8 0.8
vn -0.896595 -0.398273 -0.193639
v 0.0349167 0.0253685 0.237595 0.8 0.8 0.8
vn -0.794197 -0.575982 -0.193639
v 0.0288792 0.0320737 0.237595 0.8 0.8 0.8
vn -0.657088 -0.728519 -0.193639
v 0.0215797 0.0373771 0.237595 0.8 0.8 0.8
vn -0.491261 -0.849215 -0.193639
v 0.013337 0.041047 0.237595 0.8 0.8 0.8
vn -0.303964 -0.932797 -0.193639
v 0.00451138 0.0429229 0.237595 0.8 0.8 0.8
vn -0.103383 -0.975611 -0.193639
v -0.00451138 0.0429229 0.237595 0.8 0.8 0.8
vn 0.101717 -0.975786 -0.193639
v -0.013337 0.041047 0.237595 0.8 0.8 0.8
vn 0.302372 -0.933314 -0.193639
v -0.0215797 0.0373771 0.237595 0.8 0.8 0.8
vn 0.489811 -0.850052 -0.193639
v -0.0288792 0.0320737 0.237595 0.8 0.8 0.8
vn 0.655843 -0.729639 -0.193639
v -0.0349167 0.0253685 0.237595 0.8 0.8 0.8
vn 0.793212 -0.577337 -0.193639
v -0.039428 0.0175545 0.237595 0.8 0.8 0.8
vn 0.895914 -0.399803 -0.193639
v -0.0422162 0.00897336 0.237595 0.8 0.8 0.8
vn 0.95946 -0.204796 -0.193639
v -0.0431594 2.42936e-08 0.237595 0.8 0.8 0.8
vn 0.981073 -0.000837375 -0.193639
v -0.0422162 -0.00897331 0.237595 0.8 0.8 0.8
vn 0.959808 0.203157 -0.193639
v -0.039428 -0.0175545 0.237595 0.8 0.8 0.8
vn 0.896595 0.398273 -0.193639
v -0.0349167 -0.0253684 0.237595 0.8 0.8 0.8
vn 0.794197 0.575982 -0.193639
v -0.0288792 -0.0320736 0.237595 0.8 0.8 0.8
vn 0.657088 0.728519 -0.193639
v -0.0215797 -0.0373771 0.237595 0.8 0.8 0.8
vn 0.491261 0.849215 -0.193639
v -0.013337 -0.041047 0.237595 0.8 0.8 0.8
vn 0.303964 0.932797 -0.193639
v -0.00451138 -0.0429229 0.237595 0.8 0.8 0.8
vn 0.103383 0.975611 -0.193639
v 0.00451138 -0.0429229 0.237595 0.8 0.8 0.8
vn -0.101717 0.975786 -0.193639
v 0.013337 -0.041047 0.237595 0.8 0.8 0.8
vn -0.302372 0.933314 -0.193639
v 0.0215797 -0.0373771 0.237595 0.8 0.8 0.8
vn -0.489811 0.850052 -0.193639
v 0.0288792 -0.0320736 0.237595 0.8 0.8 0.8
vn -0.655843 0.729639 -0.193639
v 0.0349167 -0.0253684 0.237595 0.8 0.8 0.8
vn -0.793212 0.577337 -0.193639
v 0.039428 -0.0175545 0.237595 0.8 0.8 0.8
vn -0.895914 0.399803 -0.193639
v 0.0422162 -0.00897331 0.237595 0.8 0.8 0.8
vn -0.95946 0.204796 -0.193639
v 0.0443137 2.27971e-08 0.23032 0.8 0.8 0.8
vn -0.992947 0.000330039 -0.118562
v 0.0433454 0.00921337 0.23032 0.8 0.8 0.8
vn -0.971317 -0.206122 -0.118562
v 0.0404826 0.018024 0.23032 0.8 0.8 0.8
vn -0.907236 -0.403566 -0.118562
v 0.0358506 0.026047 0.23032 0.8 0.8 0.8
vn -0.803505 -0.583372 -0.118562
v 0.0296517 0.0329315 0.23032 0.8 0.8 0.8
vn -0.664656 -0.737682 -0.118562
v 0.0221569 0.0383768 0.23032 0.8 0.8 0.8
vn -0.496759 -0.859752 -0.118562
v 0.0136937 0.0421449 0.23032 0.8 0.8 0.8
vn -0.307151 -0.944246 -0.118562
v 0.00463205 0.044071 0.23032 0.8 0.8 0.8
vn -0.104119 -0.987473 -0.118562
v -0.00463205 0.044071 0.23032 0.8 0.8 0.8
vn 0.103463 -0.987542 -0.118562
v -0.0136937 0.0421449 0.23032 0.8 0.8 0.8
vn 0.306524 -0.94445 -0.118562
v -0.0221569 0.0383768 0.23032 0.8 0.8 0.8
vn 0.496188 -0.860082 -0.118562
v -0.0296517 0.0329315 0.23032 0.8 0.8 0.8
vn 0.664166 -0.738124 -0.118562
v -0.0358506 0.026047 0.23032 0.8 0.8 0.8
vn 0.803117 -0.583906 -0.118562
v -0.0404826 0.018024 0.23032 0.8 0.8 0.8
vn 0.906968 -0.404169 -0.118562
v -0.0433454 0.00921337 0.23032 0.8 0.8 0.8
vn 0.97118 -0.206768 -0.118562
v -0.0443137 2.43134e-08 0.23032 0.8 0.8 0.8
vn 0.992947 -0.000330039 -0.118562
v -0.0433454 -0.00921332 0.23032 0.8 0.8 0.8
vn 0.971317 0.206122 -0.118562
v -0.0404826 -0.018024 0.23032 0.8 0.8 0.8
vn 0.907236 0.403566 -0.118562
v -0.0358506 -0.0260469 0.23032 0.8 0.8 0.8
vn 0.803505 0.583372 -0.118562
v -0.0296517 -0.0329315 0.23032 0.8 0.8 0.8
vn 0.664656 0.737682 -0.118562
v -0.0221569 -0.0383768 0.23032 0.8 0.8 0.8
vn 0.496759 0.859752 -0.118562
v -0.0136937 -0.0421448 0.23032 0.8 0.8 0.8
vn 0.307151 0.944246 -0.118562
v -0.00463205 -0.044071 0.23032 0.8 0.8 0.8
vn 0.104119 0.987473 -0.118562
v 0.00463205 -0.044071 0.23032 0.8 0.8 0.8
vn -0.103463 0.987542 -0.118562
v 0.0136937 -0.0421448 0.23032 0.8 0.8 0.8
vn -0.306524 0.94445 -0.118562
v 0.0221569 -0.0383768 0.23032 0.8 0.8 0.8
vn -0.496188 0.860082 -0.118562
v 0.0296517 -0.0329315 0.23032 0.8 0.8 0.8
vn -0.664166 0.738124 -0.118562
v 0.0358506 -0.0260469 0.23032 0.8 0.8 0.8
vn -0.803117 0.583906 -0.118562
v 0.0404826 -0.018024 0.23032 0.8 0.8 0.8
vn -0.906968 0.404169 -0.118562
v 0.0433454 -0.00921332 0.23032 0.8 0.8 0.8
vn -0.97118 0.206768 -0.118562
v 0.044883 2.27873e-08 0.22319 0.8 0.8 0.8
vn -0.999201 -0.000154346 -0.0399646
v 0.0439022 0.00933172 0.22319 0.8 0.8 0.8
vn -0.977334 -0.207897 -0.0399646
v 0.0410027 0.0182556 0.22319 0.8 0.8 0.8
vn -0.912753 -0.406553 -0.0399646
v 0.0363111 0.0263816 0.22319 0.8 0.8 0.8
vn -0.80828 -0.58744 -0.0399646
v 0.0300326 0.0333546 0.22319 0.8 0.8 0.8
vn -0.668481 -0.742654 -0.0399646
v 0.0224415 0.0388698 0.22319 0.8 0.8 0.8
vn -0.499467 -0.865411 -0.0399646
v 0.0138696 0.0426863 0.22319 0.8 0.8 0.8
vn -0.308623 -0.950344 -0.0399646
v 0.00469155 0.0446371 0.22319 0.8 0.8 0.8
vn -0.104291 -0.993743 -0.0399646
v -0.00469155 0.0446371 0.22319 0.8 0.8 0.8
vn 0.104598 -0.993711 -0.0399646
v -0.0138696 0.0426863 0.22319 0.8 0.8 0.8
vn 0.308917 -0.950249 -0.0399646
v -0.0224415 0.0388698 0.22319 0.8 0.8 0.8
vn 0.499734 -0.865256 -0.0399646
v -0.0300326 0.0333546 0.22319 0.8 0.8 0.8
vn 0.668711 -0.742448 -0.0399646
v -0.0363111 0.0263816 0.22319 0.8 0.8 0.8
vn 0.808461 -0.587191 -0.0399646
v -0.0410027 0.0182556 0.22319 0.8 0.8 0.8
vn 0.912878 -0.406271 -0.0399646
v -0.0439022 0.00933172 0.22319 0.8 0.8 0.8
vn 0.977398 -0.207595 -0.0399646
v -0.044883 2.43231e-08 0.22319 0.8 0.8 0.8
vn 0.999201 0.000154346 -0.0399646
v -0.0439022 -0.00933167 0.22319 0.8 0.8 0.8
vn 0.977334 0.207897 -0.0399646
v -0.0410027 -0.0182555 0.22319 0.8 0.8 0.8
vn 0.912753 0.406553 -0.0399646
v -0.0363111 -0.0263815 0.22319 0.8 0.8 0.8
vn 0.80828 0.58744 -0.0399646
v -0.0300326 -0.0333545 0.22319 0.8 0.8 0.8
vn 0.668481 0.742654 -0.0399646
v -0.0224415 -0.0388698 0.22319 0.8 0.8 0.8
vn 0.499467 0.865411 -0.0399646
v -0.0138696 -0.0426862 0.22319 0.8 0.8 0.8
vn 0.308623 0.950344 -0.0399646
v -0.00469155 -0.0446371 0.22319 0.8 0.8 0.8
vn 0.104291 0.993743 -0.0399646
v 0.00469155 -0.0446371 0.22319 0.8 0.8 0.8
vn -0.104598 0.993711 -0.0399646
v 0.0138696 -0.0426862 0.22319 0.8 0.8 0.8
vn -0.308917 0.950249 -0.0399646
v 0.0224415 -0.0388698 0.22319 0.8 0.8 0.8
vn -0.499734 0.865256 -0.0399646
v 0.0300326 -0.0333545 0.22319 0.8 0.8 0.8
vn -0.668711 0.742448 -0.0399646
v 0.0363111 -0.0263815 0.22319 0.8 0.8 0.8
vn -0.808461 0.587191 -0.0399646
v 0.0410027 -0.0182555 0.22319 0.8 0.8 0.8
vn -0.912878 0.406271 -0.0399646
v 0.0439022 -0.00933168 0.22319 0.8 0.8 0.8
vn -0.977398 0.207595 -0.0399646
v 0.0448792 2.27874e-08 0.216212 0.8 0.8 0.8
vn -0.999157 -0.000626237 0.0410516
v 0.0438985 0.00933093 0.216212 0.8 0.8 0.8
vn -0.977193 -0.208349 0.0410516
v 0.0409992 0.018254 0.216212 0.8 0.8 0.8
vn -0.91252 -0.406966 0.0410516
v 0.036308 0.0263793 0.216212 0.8 0.8 0.8
vn -0.807967 -0.587796 0.0410516
v 0.03003 0.0333518 0.216212 0.8 0.8 0.8
vn -0.668101 -0.742937 0.0410516
v 0.0224396 0.0388665 0.216212 0.8 0.8 0.8
vn -0.499036 -0.865608 0.0410516
v 0.0138684 0.0426827 0.216212 0.8 0.8 0.8
vn -0.308161 -0.950448 0.0410516
v 0.00469115 0.0446334 0.216212 0.8 0.8 0.8
vn -0.103817 -0.993749 0.0410516
v -0.00469115 0.0446334 0.216212 0.8 0.8 0.8
vn 0.105063 -0.993618 0.0410516
v -0.0138684 0.0426827 0.216212 0.8 0.8 0.8
vn 0.309352 -0.950061 0.0410516
v -0.0224396 0.0388665 0.216212 0.8 0.8 0.8
vn 0.500121 -0.864982 0.0410516
v -0.03003 0.0333518 0.216212 0.8 0.8 0.8
vn 0.669032 -0.742099 0.0410516
v -0.036308 0.0263793 0.216212 0.8 0.8 0.8
vn 0.808703 -0.586783 0.0410516
v -0.0409992 0.018254 0.216212 0.8 0.8 0.8
vn 0.91303 -0.405822 0.0410516
v -0.0438985 0.00933093 0.216212 0.8 0.8 0.8
vn 0.977453 -0.207124 0.0410516
v -0.0448792 2.4323e-08 0.216212 0.8 0.8 0.8
vn 0.999157 0.000626237 0.0410516
v -0.0438985 -0.00933088 0.216212 0.8 0.8 0.8
vn 0.977193 0.208349 0.0410516
v -0.0409992 -0.018254 0.216212 0.8 0.8 0.8
vn 0.91252 0.406966 0.0410516
v -0.036308 -0.0263793 0.216212 0.8 0.8 0.8
vn 0.807967 0.587796 0.0410516
v -0.03003 -0.0333517 0.216212 0.8 0.8 0.8
vn 0.668101 0.742937 0.0410516
v -0.0224396 -0.0388665 0.216212 0.8 0.8 0.8
vn 0.499036 0.865608 0.0410516
v -0.0138684 -0.0426826 0.216212 0.8 0.8 0.8
vn 0.308161 0.950448 0.0410516
v -0.00469115 -0.0446333 0.216212 0.8 0.8 0.8
vn 0.103817 0.993749 0.0410516
v 0.00469115 -0.0446333 0.216212 0.8 0.8 0.8
vn -0.105063 0.993618 0.0410516
v 0.0138684 -0.0426826 0.216212 0.8 0.8 0.8
vn -0.309352 0.950061 0.0410516
v 0.0224396 -0.0388665 0.216212 0.8 0.8 0.8
vn -0.500121 0.864982 0.0410516
v 0.03003 -0.0333517 0.216212 0.8 0.8 0.8
vn -0.669032 0.742099 0.0410516
v 0.036308 -0.0263793 0.216212 0.8 0.8 0.8
vn -0.808703 0.586783 0.0410516
v 0.0409992 -0.018254 0.216212 0.8 0.8 0.8
vn -0.91303 0.405822 0.0410516
v 0.0438985 -0.00933088 0.216212 0.8 0.8 0.8
vn -0.977453 0.207124 0.0410516
v 0.044315 2.27971e-08 0.209394 0.8 0.8 0.8
vn -0.992381 -0.00109359 0.123204
v 0.0433466 0.00921362 0.209394 0.8 0.8 0.8
vn -0.970468 -0.207397 0.123204
v 0.0404837 0.0180245 0.209394 0.8 0.8 0.8
vn -0.90614 -0.404637 0.123204
v 0.0358516 0.0260477 0.209394 0.8 0.8 0.8
vn -0.80221 -0.584191 0.123204
v 0.0296525 0.0329325 0.209394 0.8 0.8 0.8
vn -0.66322 -0.738214 0.123204
v 0.0221575 0.0383779 0.209394 0.8 0.8 0.8
vn -0.495243 -0.859974 0.123204
v 0.0136941 0.0421461 0.209394 0.8 0.8 0.8
vn -0.305622 -0.944148 0.123204
v 0.00463218 0.0440722 0.209394 0.8 0.8 0.8
vn -0.102644 -0.987059 0.123204
v -0.00463218 0.0440722 0.209394 0.8 0.8 0.8
vn 0.10482 -0.98683 0.123204
v -0.0136941 0.0421461 0.209394 0.8 0.8 0.8
vn 0.307703 -0.943472 0.123204
v -0.0221575 0.0383779 0.209394 0.8 0.8 0.8
vn 0.497138 -0.85888 0.123204
v -0.0296525 0.0329325 0.209394 0.8 0.8 0.8
vn 0.664845 -0.736751 0.123204
v -0.0358516 0.0260477 0.209394 0.8 0.8 0.8
vn 0.803496 -0.582422 0.123204
v -0.0404837 0.0180245 0.209394 0.8 0.8 0.8
vn 0.90703 -0.402639 0.123204
v -0.0433466 0.00921363 0.209394 0.8 0.8 0.8
vn 0.970922 -0.205258 0.123204
v -0.044315 2.43134e-08 0.209394 0.8 0.8 0.8
vn 0.992381 0.00109359 0.123204
v -0.0433466 -0.00921358 0.209394 0.8 0.8 0.8
vn 0.970468 0.207397 0.123204
v -0.0404837 -0.0180245 0.209394 0.8 0.8 0.8
vn 0.90614 0.404637 0.123204
v -0.0358516 -0.0260477 0.209394 0.8 0.8 0.8
vn 0.80221 0.584191 0.123204
v -0.0296525 -0.0329324 0.209394 0.8 0.8 0.8
vn 0.66322 0.738214 0.123204
v -0.0221575 -0.0383779 0.209394 0.8 0.8 0.8
vn 0.495243 0.859974 0.123204
v -0.0136941 -0.042146 0.209394 0.8 0.8 0.8
vn 0.305622 0.944148 0.123204
v -0.00463218 -0.0440722 0.209394 0.8 0.8 0.8
vn 0.102644 0.987059 0.123204
v 0.00463218 -0.0440722 0.209394 0.8 0.8 0.8
vn -0.10482 0.98683 0.123204
v 0.0136941 -0.042146 0.209394 0.8 0.8 0.8
vn -0.307703 0.943472 0.123204
v 0.0221575 -0.0383779 0.209394 0.8 0.8 0.8
vn -0.497138 0.85888 0.123204
v 0.0296525 -0.0329324 0.209394 0.8 0.8 0.8
vn -0.664845 0.736751 0.123204
v 0.0358516 -0.0260477 0.209394 0.8 0.8 0.8
vn -0.803496 0.582422 0.123204
v 0.0404837 -0.0180245 0.209394 0.8 0.8 0.8
vn -0.90703 0.402639 0.123204
v 0.0433466 -0.00921358 0.209394 0.8 0.8 0.8
vn -0.970922 0.205258 0.123204
v 0.0432037 2.28161e-08 0.202745 0.8 0.8 0.8
vn -0.978733 -0.00156364 0.205132
v 0.0422596 0.00898258 0.202745 0.8 0.8 0.8
vn -0.95702 -0.205019 0.205132
v 0.0394686 0.0175726 0.202745 0.8 0.8 0.8
vn -0.893481 -0.399515 0.205132
v 0.0349525 0.0253945 0.202745 0.8 0.8 0.8
vn -0.790893 -0.57655 0.205132
v 0.0289089 0.0321066 0.202745 0.8 0.8 0.8
vn -0.653738 -0.728387 0.205132
v 0.0216019 0.0374155 0.202745 0.8 0.8 0.8
vn -0.488012 -0.848389 0.205132
v 0.0133507 0.0410892 0.202745 0.8 0.8 0.8
vn -0.300958 -0.931314 0.205132
v 0.00451602 0.0429671 0.202745 0.8 0.8 0.8
vn -0.10075 -0.973535 0.205132
v -0.00451602 0.0429671 0.202745 0.8 0.8 0.8
vn 0.103861 -0.973208 0.205132
v -0.0133507 0.0410892 0.202745 0.8 0.8 0.8
vn 0.303932 -0.930347 0.205132
v -0.0216019 0.0374155 0.202745 0.8 0.8 0.8
vn 0.490721 -0.846826 0.205132
v -0.0289089 0.0321066 0.202745 0.8 0.8 0.8
vn 0.656062 -0.726294 0.205132
v -0.0349525 0.0253945 0.202745 0.8 0.8 0.8
vn 0.792731 -0.57402 0.205132
v -0.0394686 0.0175726 0.202745 0.8 0.8 0.8
vn 0.894753 -0.396658 0.205132
v -0.0422596 0.00898258 0.202745 0.8 0.8 0.8
vn 0.95767 -0.201961 0.205132
v -0.0432037 2.42944e-08 0.202745 0.8 0.8 0.8
vn 0.978733 0.00156364 0.205132
v -0.0422596 -0.00898253 0.202745 0.8 0.8 0.8
vn 0.95702 0.205019 0.205132
v -0.0394686 -0.0175725 0.202745 0.8 0.8 0.8
vn 0.893481 0.399515 0.205132
v -0.0349525 -0.0253945 0.202745 0.8 0.8 0.8
vn 0.790893 0.57655 0.205132
v -0.0289089 -0.0321066 0.202745 0.8 0.8 0.8
vn 0.653738 0.728387 0.205132
v -0.0216019 -0.0374155 0.202745 0.8 0.8 0.8
vn 0.488012 0.848389 0.205132
v -0.0133507 -0.0410891 0.202745 0.8 0.8 0.8
vn 0.300958 0.931314 0.205132
v -0.00451602 -0.042967 0.202745 0.8 0.8 0.8
vn 0.10075 0.973535 0.205132
v 0.00451602 -0.042967 0.202745 0.8 0.8 0.8
vn -0.103861 0.973208 0.205132
v 0.0133507 -0.0410891 0.202745 0.8 0.8 0.8
vn -0.303932 0.930347 0.205132
v 0.0216019 -0.0374155 0.202745 0.8 0.8 0.8
vn -0.490721 0.846826 0.205132
v 0.0289089 -0.0321066 0.202745 0.8 0.8 0.8
vn -0.656062 0.726294 0.205132
v 0.0349525 -0.0253945 0.202745 0.8 0.8 0.8
vn -0.792731 0.57402 0.205132
v 0.0394686 -0.0175725 0.202745 0.8 0.8 0.8
vn -0.894753 0.396658 0.205132
v 0.0422596 -0.00898253 0.202745 0.8 0.8 0.8
vn -0.95767 0.201961 0.205132
v 0.0415596 2.28442e-08 0.196277 0.8 0.8 0.8
vn -0.958369 -0.00204457 0.285526
v 0.0406514 0.00864074 0.196277 0.8 0.8 0.8
vn -0.937001 -0.201256 0.285526
v 0.0379666 0.0169038 0.196277 0.8 0.8 0.8
vn -0.874682 -0.391672 0.285526
v 0.0336224 0.0244281 0.196277 0.8 0.8 0.8
vn -0.774135 -0.564969 0.285526
v 0.0278088 0.0308848 0.196277 0.8 0.8 0.8
vn -0.639755 -0.713575 0.285526
v 0.0207798 0.0359917 0.196277 0.8 0.8 0.8
vn -0.477414 -0.830994 0.285526
v 0.0128426 0.0395255 0.196277 0.8 0.8 0.8
vn -0.294208 -0.912095 0.285526
v 0.00434416 0.0413319 0.196277 0.8 0.8 0.8
vn -0.0981434 -0.953332 0.285526
v -0.00434416 0.0413319 0.196277 0.8 0.8 0.8
vn 0.10221 -0.952905 0.285526
v -0.0128426 0.0395255 0.196277 0.8 0.8 0.8
vn 0.298097 -0.910831 0.285526
v -0.0207798 0.0359917 0.196277 0.8 0.8 0.8
vn 0.480955 -0.828949 0.285526
v -0.0278088 0.0308848 0.196277 0.8 0.8 0.8
vn 0.642793 -0.710839 0.285526
v -0.0336224 0.0244281 0.196277 0.8 0.8 0.8
vn 0.776539 -0.561661 0.285526
v -0.0379666 0.0169038 0.196277 0.8 0.8 0.8
vn 0.876345 -0.387936 0.285526
v -0.0406514 0.00864075 0.196277 0.8 0.8 0.8
vn 0.937851 -0.197256 0.285526
v -0.0415596 2.42662e-08 0.196277 0.8 0.8 0.8
vn 0.958369 0.00204457 0.285526
v -0.0406514 -0.0086407 0.196277 0.8 0.8 0.8
vn 0.937001 0.201256 0.285526
v -0.0379666 -0.0169038 0.196277 0.8 0.8 0.8
vn 0.874682 0.391672 0.285526
v -0.0336224 -0.0244281 0.196277 0.8 0.8 0.8
vn 0.774135 0.564969 0.285526
v -0.0278088 -0.0308848 0.196277 0.8 0.8 0.8
vn 0.639755 0.713575 0.285526
v -0.0207798 -0.0359916 0.196277 0.8 0.8 0.8
vn 0.477414 0.830994 0.285526
v -0.0128426 -0.0395255 0.196277 0.8 0.8 0.8
vn 0.294208 0.912095 0.285526
v -0.00434416 -0.0413319 0.196277 0.8 0.8 0.8
vn 0.0981434 0.953332 0.285526
v 0.00434416 -0.0413319 0.196277 0.8 0.8 0.8
vn -0.10221 0.952905 0.285526
v 0.0128426 -0.0395255 0.196277 0.8 0.8 0.8
vn -0.298097 0.910831 0.285526
v 0.0207798 -0.0359916 0.196277 0.8 0.8 0.8
vn -0.480955 0.828949 0.285526
v 0.0278088 -0.0308848 0.196277 0.8 0.8 0.8
vn -0.642793 0.710839 0.285526
v 0.0336224 -0.0244281 0.196277 0.8 0.8 0.8
vn -0.776539 0.561661 0.285526
v 0.0379666 -0.0169038 0.196277 0.8 0.8 0.8
vn -0.876345 0.387936 0.285526
v 0.0406514 -0.0086407 0.196277 0.8 0.8 0.8
vn -0.937851 0.197256 0.285526
v 0.0393977 2.28812e-08 0.19 0.8 0.8 0.8
vn -0.931691 -0.00254728 0.363243
v 0.0385367 0.00819126 0.19 0.8 0.8 0.8
vn -0.910802 -0.196201 0.363243
v 0.0359916 0.0160245 0.19 0.8 0.8 0.8
vn -0.850106 -0.38128 0.363243
v 0.0318734 0.0231574 0.19 0.8 0.8 0.8
vn -0.752257 -0.549695 0.363243
v 0.0263622 0.0292782 0.19 0.8 0.8 0.8
vn -0.62153 -0.694086 0.363243
v 0.0196988 0.0341194 0.19 0.8 0.8 0.8
vn -0.463639 -0.808142 0.363243
v 0.0121745 0.0374694 0.19 0.8 0.8 0.8
vn -0.285486 -0.886878 0.363243
v 0.00411818 0.0391819 0.19 0.8 0.8 0.8
vn -0.0948549 -0.926853 0.363243
v -0.00411818 0.0391819 0.19 0.8 0.8 0.8
vn 0.0999216 -0.926321 0.363243
v -0.0121745 0.0374694 0.19 0.8 0.8 0.8
vn 0.290331 -0.885303 0.363243
v -0.0196988 0.0341194 0.19 0.8 0.8 0.8
vn 0.468052 -0.805594 0.363243
v -0.0263622 0.0292782 0.19 0.8 0.8 0.8
vn 0.625316 -0.690677 0.363243
v -0.0318734 0.0231574 0.19 0.8 0.8 0.8
vn 0.755251 -0.545573 0.363243
v -0.0359916 0.0160245 0.19 0.8 0.8 0.8
vn 0.852178 -0.376626 0.363243
v -0.0385367 0.00819126 0.19 0.8 0.8 0.8
vn 0.911861 -0.191218 0.363243
v -0.0393977 2.42292e-08 0.19 0.8 0.8 0.8
vn 0.931691 0.00254728 0.363243
v -0.0385367 -0.00819121 0.19 0.8 0.8 0.8
vn 0.910802 0.196201 0.363243
v -0.0359916 -0.0160244 0.19 0.8 0.8 0.8
vn 0.850106 0.38128 0.363243
v -0.0318734 -0.0231573 0.19 0.8 0.8 0.8
vn 0.752257 0.549695 0.363243
v -0.0263622 -0.0292781 0.19 0.8 0.8 0.8
vn 0.62153 0.694086 0.363243
v -0.0196988 -0.0341194 0.19 0.8 0.8 0.8
vn 0.463639 0.808142 0.363243
v -0.0121745 -0.0374694 0.19 0.8 0.8 0.8
vn 0.285486 0.886878 0.363243
v -0.00411818 -0.0391818 0.19 0.8 0.8 0.8
vn 0.0948549 0.926853 0.363243
v 0.00411818 -0.0391818 0.19 0.8 0.8 0.8
vn -0.0999216 0.926321 0.363243
v 0.0121745 -0.0374694 0.19 0.8 0.8 0.8
vn -0.290331 0.885303 0.363243
v 0.0196988 -0.0341194 0.19 0.8 0.8 0.8
vn -0.468052 0.805594 0.363243
v 0.0263622 -0.0292781 0.19 0.8 0.8 0.8
vn -0.625316 0.690677 0.363243
v 0.0318734 -0.0231573 0.19 0.8 0.8 0.8
vn -0.755251 0.545573 0.363243
v 0.0359916 -0.0160244 0.19 0.8 0.8 0.8
vn -0.852178 0.376626 0.363243
v 0.0385367 -0.00819121 0.19 0.8 0.8 0.8
vn -0.911861 0.191218 0.363243
v 0.0367342 2.29268e-08 0.18393 0.8 0.8 0.8
vn -0.899256 -0.00308777 0.437413
v 0.0359314 0.00763749 0.18393 0.8 0.8 0.8
vn -0.878963 -0.189986 0.437413
v 0.0335583 0.0149412 0.18393 0.8 0.8 0.8
vn -0.820255 -0.368581 0.437413
v 0.0297186 0.0215918 0.18393 0.8 0.8 0.8
vn -0.725698 -0.531067 0.437413
v 0.02458 0.0272988 0.18393 0.8 0.8 0.8
vn -0.599425 -0.670343 0.437413
v 0.0183671 0.0318127 0.18393 0.8 0.8 0.8
vn -0.446954 -0.780322 0.437413
v 0.0113515 0.0349363 0.18393 0.8 0.8 0.8
vn -0.274949 -0.856197 0.437413
v 0.00383977 0.036533 0.18393 0.8 0.8 0.8
vn -0.0909269 -0.894652 0.437413
v -0.00383977 0.036533 0.18393 0.8 0.8 0.8
vn 0.0970687 -0.894006 0.437413
v -0.0113515 0.0349363 0.18393 0.8 0.8 0.8
vn 0.280822 -0.854289 0.437413
v -0.0183671 0.0318127 0.18393 0.8 0.8 0.8
vn 0.452302 -0.777234 0.437413
v -0.02458 0.0272988 0.18393 0.8 0.8 0.8
vn 0.604014 -0.666211 0.437413
v -0.0297186 0.0215918 0.18393 0.8 0.8 0.8
vn 0.729328 -0.526071 0.437413
v -0.0335583 0.0149412 0.18393 0.8 0.8 0.8
vn 0.822767 -0.362939 0.437413
v -0.0359314 0.00763749 0.18393 0.8 0.8 0.8
vn 0.880247 -0.183945 0.437413
v -0.0367342 2.41837e-08 0.18393 0.8 0.8 0.8
vn 0.899256 0.00308777 0.437413
v -0.0359314 -0.00763744 0.18393 0.8 0.8 0.8
vn 0.878963 0.189986 0.437413
v -0.0335583 -0.0149411 0.18393 0.8 0.8 0.8
vn 0.820255 0.368581 0.437413
v -0.0297186 -0.0215918 0.18393 0.8 0.8 0.8
vn 0.725698 0.531067 0.437413
v -0.02458 -0.0272988 0.18393 0.8 0.8 0.8
vn 0.599425 0.670343 0.437413
v -0.0183671 -0.0318127 0.18393 0.8 0.8 0.8
vn 0.446954 0.780322 0.437413
v -0.0113515 -0.0349362 0.18393 0.8 0.8 0.8
vn 0.274949 0.856197 0.437413
v -0.00383977 -0.0365329 0.18393 0.8 0.8 0.8
vn 0.0909269 0.894652 0.437413
v 0.00383977 -0.0365329 0.18393 0.8 0.8 0.8
vn -0.0970687 0.894006 0.437413
v 0.0113515 -0.0349362 0.18393 0.8 0.8 0.8
vn -0.280822 0.854289 0.437413
v 0.0183671 -0.0318127 0.18393 0.8 0.8 0.8
vn -0.452302 0.777234 0.437413
v 0.02458 -0.0272988 0.18393 0.8 0.8 0.8
vn -0.604014 0.666211 0.437413
v 0.0297186 -0.0215918 0.18393 0.8 0.8 0.8
vn -0.729328 0.526071 0.437413
v 0.0335583 -0.0149411 0.18393 0.8 0.8 0.8
vn -0.822767 0.362939 0.437413
v 0.0359314 -0.00763744 0.18393 0.8 0.8 0.8
vn -0.880247 0.183945 0.437413
v 0.0335866 2.29806e-08 0.178086 0.8 0.8 0.8
vn -0.861647 -0.00369074 0.507495
v 0.0328527 0.00698307 0.178086 0.8 0.8 0.8
vn -0.84205 -0.182756 0.507495
v 0.0306829 0.0136609 0.178086 0.8 0.8 0.8
vn -0.785652 -0.353835 0.507495
v 0.0271721 0.0197417 0.178086 0.8 0.8 0.8
vn -0.694917 -0.509449 0.507495
v 0.0224738 0.0249597 0.178086 0.8 0.8 0.8
vn -0.573811 -0.642798 0.507495
v 0.0167933 0.0290869 0.178086 0.8 0.8 0.8
vn -0.427627 -0.748053 0.507495
v 0.0103788 0.0319428 0.178086 0.8 0.8 0.8
vn -0.262753 -0.820615 0.507495
v 0.00351076 0.0334026 0.178086 0.8 0.8 0.8
vn -0.0863961 -0.857312 0.507495
v -0.00351076 0.0334026 0.178086 0.8 0.8 0.8
vn 0.0937372 -0.856541 0.507495
v -0.0103788 0.0319428 0.178086 0.8 0.8 0.8
vn 0.269774 -0.818334 0.507495
v -0.0167933 0.0290869 0.178086 0.8 0.8 0.8
vn 0.43402 -0.744362 0.507495
v -0.0224738 0.0249597 0.178086 0.8 0.8 0.8
vn 0.579297 -0.637859 0.507495
v -0.0271721 0.0197417 0.178086 0.8 0.8 0.8
vn 0.699256 -0.503477 0.507495
v -0.0306829 0.0136609 0.178086 0.8 0.8 0.8
vn 0.788655 -0.347092 0.507495
v -0.0328527 0.00698307 0.178086 0.8 0.8 0.8
vn 0.843585 -0.175536 0.507495
v -0.0335866 2.41298e-08 0.178086 0.8 0.8 0.8
vn 0.861647 0.00369074 0.507495
v -0.0328527 -0.00698303 0.178086 0.8 0.8 0.8
vn 0.84205 0.182756 0.507495
v -0.0306829 -0.0136609 0.178086 0.8 0.8 0.8
vn 0.785652 0.353835 0.507495
v -0.0271721 -0.0197417 0.178086 0.8 0.8 0.8
vn 0.694917 0.509449 0.507495
v -0.0224738 -0.0249597 0.178086 0.8 0.8 0.8
vn 0.573811 0.642798 0.507495
v -0.0167933 -0.0290868 0.178086 0.8 0.8 0.8
vn 0.427627 0.748053 0.507495
v -0.0103788 -0.0319427 0.178086 0.8 0.8 0.8
vn 0.262753 0.820615 0.507495
v -0.00351076 -0.0334026 0.178086 0.8 0.8 0.8
vn 0.0863961 0.857312 0.507495
v 0.00351076 -0.0334026 0.178086 0.8 0.8 0.8
vn -0.0937372 0.856541 0.507495
v 0.0103788 -0.0319427 0.178086 0.8 0.8 0.8
vn -0.269774 0.818334 0.507495
v 0.0167933 -0.0290868 0.178086 0.8 0.8 0.8
vn -0.43402 0.744362 0.507495
v 0.0224738 -0.0249597 0.178086 0.8 0.8 0.8
vn -0.579297 0.637859 0.507495
v 0.0271721 -0.0197417 0.178086 0.8 0.8 0.8
vn -0.699256 0.503477 0.507495
v 0.0306829 -0.0136609 0.178086 0.8 0.8 0.8
vn -0.788655 0.347092 0.507495
v 0.0328527 -0.00698303 0.178086 0.8 0.8 0.8
vn -0.843585 0.175536 0.507495
v 0.0299741 2.30424e-08 0.172488 0.8 0.8 0.8
vn -0.819322 -0.00439618 0.573317
v 0.0293191 0.00623199 0.172488 0.8 0.8 0.8
vn -0.800504 -0.174647 0.573317
v 0.0273827 0.0121916 0.172488 0.8 0.8 0.8
vn -0.7467 -0.337264 0.573317
v 0.0242496 0.0176184 0.172488 0.8 0.8 0.8
vn -0.660261 -0.485142 0.573317
v 0.0200566 0.0222751 0.172488 0.8 0.8 0.8
vn -0.544966 -0.611817 0.573317
v 0.0149871 0.0259584 0.172488 0.8 0.8 0.8
vn -0.405854 -0.711752 0.573317
v 0.00926251 0.0285071 0.172488 0.8 0.8 0.8
vn -0.249003 -0.78058 0.573317
v 0.00313315 0.0298099 0.172488 0.8 0.8 0.8
vn -0.0812704 -0.815293 0.573317
v -0.00313315 0.0298099 0.172488 0.8 0.8 0.8
vn 0.0900146 -0.814374 0.573317
v -0.00926252 0.0285071 0.172488 0.8 0.8 0.8
vn 0.257365 -0.777863 0.573317
v -0.0149871 0.0259584 0.172488 0.8 0.8 0.8
vn 0.413468 -0.707356 0.573317
v -0.0200566 0.0222751 0.172488 0.8 0.8 0.8
vn 0.551501 -0.605933 0.573317
v -0.0242496 0.0176184 0.172488 0.8 0.8 0.8
vn 0.66543 -0.478029 0.573317
v -0.0273827 0.0121916 0.172488 0.8 0.8 0.8
vn 0.750276 -0.329232 0.573317
v -0.0293191 0.006232 0.172488 0.8 0.8 0.8
vn 0.802332 -0.166047 0.573317
v -0.0299741 2.4068e-08 0.172488 0.8 0.8 0.8
vn 0.819322 0.00439618 0.573317
v -0.0293191 -0.00623195 0.172488 0.8 0.8 0.8
vn 0.800504 0.174647 0.573317
v -0.0273827 -0.0121916 0.172488 0.8 0.8 0.8
vn 0.7467 0.337264 0.573317
v -0.0242496 -0.0176183 0.172488 0.8 0.8 0.8
vn 0.660261 0.485142 0.573317
v -0.0200566 -0.0222751 0.172488 0.8 0.8 0.8
vn 0.544966 0.611817 0.573317
v -0.0149871 -0.0259583 0.172488 0.8 0.8 0.8
vn 0.405854 0.711752 0.573317
v -0.00926252 -0.0285071 0.172488 0.8 0.8 0.8
vn 0.249003 0.78058 0.573317
v -0.00313315 -0.0298099 0.172488 0.8 0.8 0.8
vn 0.0812704 0.815293 0.573317
v 0.00313315 -0.0298099 0.172488 0.8 0.8 0.8
vn -0.0900146 0.814374 0.573317
v 0.00926252 -0.0285071 0.172488 0.8 0.8 0.8
vn -0.257365 0.777863 0.573317
v 0.0149871 -0.0259583 0.172488 0.8 0.8 0.8
vn -0.413468 0.707356 0.573317
v 0.0200566 -0.0222751 0.172488 0.8 0.8 0.8
vn -0.551501 0.605933 0.573317
v 0.0242496 -0.0176183 0.172488 0.8 0.8 0.8
vn -0.66543 0.478029 0.573317
v 0.0273827 -0.0121916 0.172488 0.8 0.8 0.8
vn -0.750276 0.329232 0.573317
v 0.0293191 -0.00623195 0.172488 0.8 0.8 0.8
vn -0.802332 0.166047 0.573317
v 0.0259179 2.31118e-08 0.167165 0.8 0.8 0.8
vn -0.772421 -0.00527312 0.635089
v 0.0253515 0.00538865 0.167165 0.8 0.8 0.8
vn -0.754446 -0.165753 0.635089
v 0.0236771 0.0105418 0.167165 0.8 0.8 0.8
vn -0.703497 -0.318989 0.635089
v 0.020968 0.0152342 0.167165 0.8 0.8 0.8
vn -0.621802 -0.458284 0.635089
v 0.0173424 0.0192607 0.167165 0.8 0.8 0.8
vn -0.512932 -0.577549 0.635089
v 0.0129589 0.0224456 0.167165 0.8 0.8 0.8
vn -0.381644 -0.671573 0.635089
v 0.00800906 0.0246494 0.167165 0.8 0.8 0.8
vn -0.233676 -0.736246 0.635089
v 0.00270915 0.0257759 0.167165 0.8 0.8 0.8
vn -0.0754958 -0.768741 0.635089
v -0.00270916 0.0257759 0.167165 0.8 0.8 0.8
vn 0.0859843 -0.767639 0.635089
v -0.00800906 0.0246494 0.167165 0.8 0.8 0.8
vn 0.243706 -0.732987 0.635089
v -0.0129589 0.0224456 0.167165 0.8 0.8 0.8
vn 0.390777 -0.6663 0.635089
v -0.0173424 0.0192607 0.167165 0.8 0.8 0.8
vn 0.520769 -0.570492 0.635089
v -0.020968 0.0152342 0.167165 0.8 0.8 0.8
vn 0.628001 -0.449752 0.635089
v -0.0236771 0.0105418 0.167165 0.8 0.8 0.8
vn 0.707787 -0.309355 0.635089
v -0.0253515 0.00538865 0.167165 0.8 0.8 0.8
vn 0.756638 -0.155438 0.635089
v -0.0259179 2.39986e-08 0.167165 0.8 0.8 0.8
vn 0.772421 0.00527312 0.635089
v -0.0253515 -0.0053886 0.167165 0.8 0.8 0.8
vn 0.754446 0.165753 0.635089
v -0.0236771 -0.0105417 0.167165 0.8 0.8 0.8
vn 0.703497 0.318989 0.635089
v -0.020968 -0.0152341 0.167165 0.8 0.8 0.8
vn 0.621802 0.458284 0.635089
v -0.0173424 -0.0192607 0.167165 0.8 0.8 0.8
vn 0.512932 0.577549 0.635089
v -0.0129589 -0.0224455 0.167165 0.8 0.8 0.8
vn 0.381644 0.671573 0.635089
v -0.00800906 -0.0246493 0.167165 0.8 0.8 0.8
vn 0.233676 0.736246 0.635089
v -0.00270915 -0.0257759 0.167165 0.8 0.8 0.8
vn 0.0754958 0.768741 0.635089
v 0.00270915 -0.0257759 0.167165 0.8 0.8 0.8
vn -0.0859843 0.767639 0.635089
v 0.00800906 -0.0246493 0.167165 0.8 0.8 0.8
vn -0.243706 0.732987 0.635089
v 0.0129589 -0.0224455 0.167165 0.8 0.8 0.8
vn -0.390777 0.6663 0.635089
v 0.0173424 -0.0192607 0.167165 0.8 0.8 0.8
vn -0.520769 0.570492 0.635089
v 0.020968 -0.0152341 0.167165 0.8 0.8 0.8
vn -0.628001 0.449752 0.635089
v 0.0236771 -0.0105417 0.167165 0.8 0.8 0.8
vn -0.707787 0.309355 0.635089
v 0.0253515 -0.0053886 0.167165 0.8 0.8 0.8
vn -0.756638 0.155438 0.635089
v 0.0214416 2.31884e-08 0.162155 0.8 0.8 0.8
vn -0.720471 -0.00645242 0.693455
v 0.0209731 0.00445799 0.162155 0.8 0.8 0.8
vn -0.703386 -0.156106 0.693455
v 0.0195879 0.00872112 0.162155 0.8 0.8 0.8
vn -0.655559 -0.298937 0.693455
v 0.0173466 0.0126031 0.162155 0.8 0.8 0.8
vn -0.579081 -0.428702 0.693455
v 0.0143473 0.0159343 0.162155 0.8 0.8 0.8
vn -0.477294 -0.539732 0.693455
v 0.0107208 0.018569 0.162155 0.8 0.8 0.8
vn -0.354648 -0.627173 0.693455
v 0.00662583 0.0203922 0.162155 0.8 0.8 0.8
vn -0.216501 -0.687203 0.693455
v 0.00224126 0.0213242 0.162155 0.8 0.8 0.8
vn -0.0688927 -0.717199 0.693455
v -0.00224126 0.0213242 0.162155 0.8 0.8 0.8
vn 0.0817268 -0.71585 0.693455
v -0.00662583 0.0203922 0.162155 0.8 0.8 0.8
vn 0.228774 -0.683215 0.693455
v -0.0107208 0.018569 0.162155 0.8 0.8 0.8
vn 0.365824 -0.62072 0.693455
v -0.0143473 0.0159343 0.162155 0.8 0.8 0.8
vn 0.486884 -0.531097 0.693455
v -0.0173466 0.0126031 0.162155 0.8 0.8 0.8
vn 0.586666 -0.418262 0.693455
v -0.0195879 0.00872112 0.162155 0.8 0.8 0.8
vn 0.660808 -0.287147 0.693455
v -0.0209731 0.00445799 0.162155 0.8 0.8 0.8
vn 0.706069 -0.143483 0.693455
v -0.0214416 2.39221e-08 0.162155 0.8 0.8 0.8
vn 0.720471 0.00645242 0.693455
v -0.0209731 -0.00445794 0.162155 0.8 0.8 0.8
vn 0.703386 0.156106 0.693455
v -0.0195879 -0.00872107 0.162155 0.8 0.8 0.8
vn 0.655559 0.298937 0.693455
v -0.0173466 -0.0126031 0.162155 0.8 0.8 0.8
vn 0.579081 0.428702 0.693455
v -0.0143473 -0.0159342 0.162155 0.8 0.8 0.8
vn 0.477294 0.539732 0.693455
v -0.0107208 -0.018569 0.162155 0.8 0.8 0.8
vn 0.354648 0.627173 0.693455
v -0.00662583 -0.0203922 0.162155 0.8 0.8 0.8
vn 0.216501 0.687203 0.693455
v -0.00224126 -0.0213242 0.162155 0.8 0.8 0.8
vn 0.0688927 0.717199 0.693455
v 0.00224126 -0.0213242 0.162155 0.8 0.8 0.8
vn -0.0817268 0.71585 0.693455
v 0.00662583 -0.0203922 0.162155 0.8 0.8 0.8
vn -0.228774 0.683215 0.693455
v 0.0107208 -0.018569 0.162155 0.8 0.8 0.8
vn -0.365824 0.62072 0.693455
v 0.0143473 -0.0159342 0.162155 0.8 0.8 0.8
vn -0.486884 0.531097 0.693455
v 0.0173466 -0.0126031 0.162155 0.8 0.8 0.8
vn -0.586666 0.418262 0.693455
v 0.0195879 -0.00872108 0.162155 0.8 0.8 0.8
vn -0.660808 0.287147 0.693455
v 0.0209731 -0.00445794 0.162155 0.8 0.8 0.8
vn -0.706069 0.143483 0.693455
v 0.0165729 2.32717e-08 0.157512 0.8 0.8 0.8
vn -0.661787 -0.00821955 0.749647
v 0.0162108 0.00344572 0.157512 0.8 0.8 0.8
vn -0.645617 -0.145633 0.749647
v 0.0151401 0.00674083 0.157512 0.8 0.8 0.8
vn -0.60123 -0.276682 0.749647
v 0.0134078 0.00974133 0.157512 0.8 0.8 0.8
vn -0.530566 -0.395639 0.749647
v 0.0110894 0.0123161 0.157512 0.8 0.8 0.8
vn -0.436714 -0.497304 0.749647
v 0.00828645 0.0143526 0.157512 0.8 0.8 0.8
vn -0.323775 -0.577234 0.749647
v 0.00512131 0.0157618 0.157512 0.8 0.8 0.8
vn -0.196686 -0.631937 0.749647
v 0.00173234 0.0164821 0.157512 0.8 0.8 0.8
vn -0.0610011 -0.659021 0.749647
v -0.00173234 0.0164821 0.157512 0.8 0.8 0.8
vn 0.0773502 -0.657303 0.749647
v -0.00512131 0.0157618 0.157512 0.8 0.8 0.8
vn 0.212321 -0.626857 0.749647
v -0.00828646 0.0143526 0.157512 0.8 0.8 0.8
vn 0.338012 -0.569015 0.749647
v -0.0110894 0.0123161 0.157512 0.8 0.8 0.8
vn 0.44893 -0.486304 0.749647
v -0.0134078 0.00974133 0.157512 0.8 0.8 0.8
vn 0.540228 -0.382339 0.749647
v -0.0151401 0.00674083 0.157512 0.8 0.8 0.8
vn 0.607916 -0.261664 0.749647
v -0.0162108 0.00344572 0.157512 0.8 0.8 0.8
vn 0.649035 -0.129553 0.749647
v -0.0165729 2.38388e-08 0.157512 0.8 0.8 0.8
vn 0.661787 0.00821955 0.749647
v -0.0162108 -0.00344568 0.157512 0.8 0.8 0.8
vn 0.645617 0.145633 0.749647
v -0.0151401 -0.00674078 0.157512 0.8 0.8 0.8
vn 0.60123 0.276682 0.749647
v -0.0134078 -0.00974129 0.157512 0.8 0.8 0.8
vn 0.530566 0.395639 0.749647
v -0.0110894 -0.012316 0.157512 0.8 0.8 0.8
vn 0.436714 0.497304 0.749647
v -0.00828645 -0.0143525 0.157512 0.8 0.8 0.8
vn 0.323775 0.577234 0.749647
v -0.00512131 -0.0157617 0.157512 0.8 0.8 0.8
vn 0.196686 0.631937 0.749647
v -0.00173234 -0.0164821 0.157512 0.8 0.8 0.8
vn 0.0610011 0.659021 0.749647
v 0.00173234 -0.0164821 0.157512 0.8 0.8 0.8
vn -0.0773502 0.657303 0.749647
v 0.00512131 -0.0157617 0.157512 0.8 0.8 0.8
vn -0.212321 0.626857 0.749647
v 0.00828645 -0.0143525 0.157512 0.8 0.8 0.8
vn -0.338012 0.569015 0.749647
v 0.0110894 -0.012316 0.157512 0.8 0.8 0.8
vn -0.44893 0.486304 0.749647
v 0.0134078 -0.00974129 0.157512 0.8 0.8 0.8
vn -0.540228 0.382339 0.749647
v 0.0151401 -0.00674079 0.157512 0.8 0.8 0.8
vn -0.607916 0.261664 0.749647
v 0.0162108 -0.00344568 0.157512 0.8 0.8 0.8
vn -0.649035 0.129553 0.749647
v 0.0113446 2.33611e-08 0.15332 0.8 0.8 0.8
vn -0.591819 -0.0113549 0.805991
v 0.0110967 0.00235869 0.15332 0.8 0.8 0.8
vn -0.576526 -0.134153 0.805991
v 0.0103638 0.00461428 0.15332 0.8 0.8 0.8
vn -0.536036 -0.251088 0.805991
v 0.00917796 0.0066682 0.15332 0.8 0.8 0.8
vn -0.472118 -0.357049 0.805991
v 0.00759101 0.00843069 0.15332 0.8 0.8 0.8
vn -0.387566 -0.447405 0.805991
v 0.00567229 0.00982472 0.15332 0.8 0.8 0.8
vn -0.286076 -0.518208 0.805991
v 0.00350567 0.0107894 0.15332 0.8 0.8 0.8
vn -0.172083 -0.566363 0.805991
v 0.00118583 0.0112825 0.15332 0.8 0.8 0.8
vn -0.0505693 -0.589764 0.805991
v -0.00118583 0.0112825 0.15332 0.8 0.8 0.8
vn 0.0731547 -0.58739 0.805991
v -0.00350567 0.0107894 0.15332 0.8 0.8 0.8
vn 0.193681 -0.559345 0.805991
v -0.00567229 0.00982472 0.15332 0.8 0.8 0.8
vn 0.305743 -0.506853 0.805991
v -0.00759101 0.00843069 0.15332 0.8 0.8 0.8
vn 0.404443 -0.43221 0.805991
v -0.00917796 0.0066682 0.15332 0.8 0.8 0.8
vn 0.485466 -0.338676 0.805991
v -0.0103638 0.00461428 0.15332 0.8 0.8 0.8
vn 0.545272 -0.230341 0.805991
v -0.0110967 0.0023587 0.15332 0.8 0.8 0.8
vn 0.581248 -0.111939 0.805991
v -0.0113446 2.37493e-08 0.15332 0.8 0.8 0.8
vn 0.591819 0.0113549 0.805991
v -0.0110967 -0.00235865 0.15332 0.8 0.8 0.8
vn 0.576526 0.134153 0.805991
v -0.0103638 -0.00461423 0.15332 0.8 0.8 0.8
vn 0.536036 0.251088 0.805991
v -0.00917796 -0.00666816 0.15332 0.8 0.8 0.8
vn 0.472118 0.357049 0.805991
v -0.00759101 -0.00843065 0.15332 0.8 0.8 0.8
vn 0.387566 0.447405 0.805991
v -0.00567229 -0.00982467 0.15332 0.8 0.8 0.8
vn 0.286076 0.518208 0.805991
v -0.00350567 -0.0107893 0.15332 0.8 0.8 0.8
vn 0.172083 0.566363 0.805991
v -0.00118583 -0.0112824 0.15332 0.8 0.8 0.8
vn 0.0505693 0.589764 0.805991
v 0.00118583 -0.0112824 0.15332 0.8 0.8 0.8
vn -0.0731547 0.58739 0.805991
v 0.00350567 -0.0107893 0.15332 0.8 0.8 0.8
vn -0.193681 0.559345 0.805991
v 0.00567229 -0.00982467 0.15332 0.8 0.8 0.8
vn -0.305743 0.506853 0.805991
v 0.00759101 -0.00843065 0.15332 0.8 0.8 0.8
vn -0.404443 0.43221 0.805991
v 0.00917796 -0.00666816 0.15332 0.8 0.8 0.8
vn -0.485466 0.338676 0.805991
v 0.0103638 -0.00461423 0.15332 0.8 0.8 0.8
vn -0.545272 0.230341 0.805991
v 0.0110967 -0.00235865 0.15332 0.8 0.8 0.8
vn -0.581248 0.111939 0.805991
v 0.00579884 2.3456e-08 0.149735 0.8 0.8 0.8
vn -0.494383 -0.019101 0.869034
v 0.00567212 0.00120567 0.149735 0.8 0.8 0.8
vn -0.479608 -0.121472 0.869034
v 0.00529751 0.00235862 0.149735 0.8 0.8 0.8
vn -0.443872 -0.218533 0.869034
v 0.00469136 0.0034085 0.149735 0.8 0.8 0.8
vn -0.388737 -0.306044 0.869034
v 0.00388018 0.0043094 0.149735 0.8 0.8 0.8
vn -0.316612 -0.380179 0.869034
v 0.00289942 0.00502197 0.149735 0.8 0.8 0.8
vn -0.23065 -0.437699 0.869034
v 0.00179194 0.00551505 0.149735 0.8 0.8 0.8
vn -0.134607 -0.476089 0.869034
v 0.000606144 0.0057671 0.149735 0.8 0.8 0.8
vn -0.0326807 -0.493671 0.869034
v -0.000606145 0.0057671 0.149735 0.8 0.8 0.8
vn 0.0706735 -0.489678 0.869034
v -0.00179194 0.00551505 0.149735 0.8 0.8 0.8
vn 0.170939 -0.464284 0.869034
v -0.00289942 0.00502197 0.149735 0.8 0.8 0.8
vn 0.263733 -0.418598 0.869034
v -0.00388018 0.0043094 0.149735 0.8 0.8 0.8
vn 0.345002 -0.354617 0.869034
v -0.00469136 0.0034085 0.149735 0.8 0.8 0.8
vn 0.411192 -0.275138 0.869034
v -0.00529751 0.00235863 0.149735 0.8 0.8 0.8
vn 0.45941 -0.183634 0.869034
v -0.00567212 0.00120567 0.149735 0.8 0.8 0.8
vn 0.487551 -0.0841044 0.869034
v -0.00579884 2.36544e-08 0.149735 0.8 0.8 0.8
vn 0.494383 0.019101 0.869034
v -0.00567212 -0.00120562 0.149735 0.8 0.8 0.8
vn 0.479608 0.121472 0.869034
v -0.00529751 -0.00235858 0.149735 0.8 0.8 0.8
vn 0.443872 0.218533 0.869034
v -0.00469136 -0.00340845 0.149735 0.8 0.8 0.8
vn 0.388737 0.306044 0.869034
v -0.00388018 -0.00430936 0.149735 0.8 0.8 0.8
vn 0.316612 0.380179 0.869034
v -0.00289942 -0.00502192 0.149735 0.8 0.8 0.8
vn 0.23065 0.437699 0.869034
v -0.00179194 -0.005515 0.149735 0.8 0.8 0.8
vn 0.134607 0.476089 0.869034
v -0.000606144 -0.00576705 0.149735 0.8 0.8 0.8
vn 0.0326807 0.493671 0.869034
v 0.000606144 -0.00576705 0.149735 0.8 0.8 0.8
vn -0.0706735 0.489678 0.869034
v 0.00179194 -0.005515 0.149735 0.8 0.8 0.8
vn -0.170939 0.464284 0.869034
v 0.00289942 -0.00502192 0.149735 0.8 0.8 0.8
vn -0.263733 0.418598 0.869034
v 0.00388018 -0.00430936 0.149735 0.8 0.8 0.8
vn -0.345002 0.354617 0.869034
v 0.00469136 -0.00340845 0.149735 0.8 0.8 0.8
vn -0.411192 0.275138 0.869034
v 0.00529751 -0.00235858 0.149735 0.8 0.8 0.8
vn -0.45941 0.183634 0.869034
v 0.00567212 -0.00120562 0.149735 0.8 0.8 0.8
vn -0.487551 0.0841044 0.869034
v -4.31239e-10 2.35552e-08 0.147287 0.8 0.8 0.8
vn -0.388589 -0.0408424 0.920506
v -4.31239e-10 2.35552e-08 0.147287 0.8 0.8 0.8
vn -0.371606 -0.120742 0.920506
v -4.31239e-10 2.35552e-08 0.147287 0.8 0.8 0.8
vn -0.338382 -0.195365 0.920506
v -4.31239e-10 2.35552e-08 0.147287 0.8 0.8 0.8
vn -0.290369 -0.261449 0.920506
v -4.31239e-10 2.35552e-08 0.147287 0.8 0.8 0.8
vn -0.229665 -0.316107 0.920506
v -4.31239e-10 2.35552e-08 0.147287 0.8 0.8 0.8
vn -0.158924 -0.356949 0.920506
v -4.31239e-10 2.35552e-08 0.147287 0.8 0.8 0.8
vn -0.0812372 -0.382191 0.920506
v -4.31239e-10 2.35552e-08 0.147287 0.8 0.8 0.8
vn 6.68475e-09 -0.39073 0.920506
v -4.31239e-10 2.35552e-08 0.147287 0.8 0.8 0.8
vn 0.0812373 -0.382191 0.920506
v -4.31239e-10 2.35552e-08 0.147287 0.8 0.8 0.8
vn 0.158924 -0.356949 0.920506
v -4.31239e-10 2.35552e-08 0.147287 0.8 0.8 0.8
vn 0.229665 -0.316107 0.920506
v -4.31239e-10 2.35552e-08 0.147287 0.8 0.8 0.8
vn 0.290369 -0.261449 0.920506
v -4.31239e-10 2.35552e-08 0.147287 0.8 0.8 0.8
vn 0.338382 -0.195365 0.920506
v -4.31239e-10 2.35552e-08 0.147287 0.8 0.8 0.8
vn 0.371606 -0.120742 0.920506
v -4.31239e-10 2.35552e-08 0.147287 0.8 0.8 0.8
vn 0.388589 -0.0408424 0.920506
v -4.31239e-10 2.35552e-08 0.147287 0.8 0.8 0.8
vn 0.388589 0.0408424 0.920506
v -4.31239e-10 2.35552e-08 0.147287 0.8 0.8 0.8
vn 0.371606 0.120742 0.920506
v -4.31239e-10 2.35552e-08 0.147287 0.8 0.8 0.8
vn 0.338382 0.195365 0.920506
v -4.31239e-10 2.35552e-08 0.147287 0.8 0.8 0.8
vn 0.290369 0.261449 0.920506
v -4.31239e-10 2.35552e-08 0.147287 0.8 0.8 0.8
vn 0.229665 0.316107 0.920506
v -4.31239e-10 2.35552e-08 0.147287 0.8 0.8 0.8
vn 0.158924 0.356949 0.920506
v -4.31239e-10 2.35552e-08 0.147287 0.8 0.8 0.8
vn 0.0812372 0.382191 0.920506
v -4.31239e-10 2.35552e-08 0.147287 0.8 0.8 0.8
vn -6.68475e-09 0.39073 0.920506
v -4.31239e-10 2.35552e-08 0.147287 0.8 0.8 0.8
vn -0.0812373 0.382191 0.920506
v -4.31239e-10 2.35552e-08 0.147287 0.8 0.8 0.8
vn -0.158924 0.356949 0.920506
v -4.31239e-10 2.35552e-08 0.147287 0.8 0.8 0.8
vn -0.229665 0.316107 0.920506
v -4.31239e-10 2.35552e-08 0.147287 0.8 0.8 0.8
vn -0.290369 0.261449 0.920506
v -4.31239e-10 2.35552e-08 0.147287 0.8 0.8 0.8
vn -0.338382 0.195365 0.920506
v -4.31239e-10 2.35552e-08 0.147287 0.8 0.8 0.8
vn -0.371606 0.120742 0.920506
v -4.31239e-10 2.35552e-08 0.147287 0.8 0.8 0.8
vn -0.388589 0.0408424 0.920506
v 0.0358856 2.29413e-08 0.268022 0.8 0.8 0.8
vn 0.735483 -0.0276068 0.676981
v 0.0351014 0.00746105 0.268022 0.8 0.8 0.8
vn 0.72515 0.125912 0.676981
v 0.0327831 0.014596 0.268022 0.8 0.8 0.8
vn 0.683125 0.273928 0.676981
v 0.029032 0.021093 0.268022 0.8 0.8 0.8
vn 0.611245 0.409971 0.676981
v 0.0240121 0.0266682 0.268022 0.8 0.8 0.8
vn 0.51265 0.528097 0.676981
v 0.0179428 0.0310778 0.268022 0.8 0.8 0.8
vn 0.391649 0.623143 0.676981
v 0.0110893 0.0341292 0.268022 0.8 0.8 0.8
vn 0.253532 0.690954 0.676981
v 0.00375106 0.035689 0.268022 0.8 0.8 0.8
vn 0.104334 0.728568 0.676981
v -0.00375106 0.035689 0.268022 0.8 0.8 0.8
vn -0.0494233 0.734339 0.676981
v -0.0110893 0.0341292 0.268022 0.8 0.8 0.8
vn -0.201021 0.708016 0.676981
v -0.0179428 0.0310778 0.268022 0.8 0.8 0.8
vn -0.343833 0.65075 0.676981
v -0.0240121 0.0266682 0.268022 0.8 0.8 0.8
vn -0.471618 0.565043 0.676981
v -0.029032 0.021093 0.268022 0.8 0.8 0.8
vn -0.578791 0.45464 0.676981
v -0.0327831 0.014596 0.268022 0.8 0.8 0.8
vn -0.660668 0.324368 0.676981
v -0.0351014 0.00746105 0.268022 0.8 0.8 0.8
vn -0.713671 0.179919 0.676981
v -0.0358856 2.41692e-08 0.268022 0.8 0.8 0.8
vn -0.735483 0.0276068 0.676981
v -0.0351014 -0.007461 0.268022 0.8 0.8 0.8
vn -0.72515 -0.125912 0.676981
v -0.0327831 -0.014596 0.268022 0.8 0.8 0.8
vn -0.683125 -0.273928 0.676981
v -0.029032 -0.021093 0.268022 0.8 0.8 0.8
vn -0.611245 -0.409971 0.676981
v -0.0240121 -0.0266681 0.268022 0.8 0.8 0.8
vn -0.51265 -0.528097 0.676981
v -0.0179428 -0.0310778 0.268022 0.8 0.8 0.8
vn -0.391649 -0.623143 0.676981
v -0.0110893 -0.0341292 0.268022 0.8 0.8 0.8
vn -0.253532 -0.690954 0.676981
v -0.00375106 -0.035689 0.268022 0.8 0.8 0.8
vn -0.104334 -0.728568 0.676981
v 0.00375106 -0.035689 0.268022 0.8 0.8 0.8
vn 0.0494233 -0.734339 0.676981
v 0.0110893 -0.0341292 0.268022 0.8 0.8 0.8
vn 0.201021 -0.708016 0.676981
v 0.0179428 -0.0310778 0.268022 0.8 0.8 0.8
vn 0.343833 -0.65075 0.676981
v 0.0240121 -0.0266682 0.268022 0.8 0.8 0.8
vn 0.471618 -0.565043 0.676981
v 0.029032 -0.021093 0.268022 0.8 0.8 0.8
vn 0.578791 -0.45464 0.676981
v 0.0327831 -0.014596 0.268022 0.8 0.8 0.8
vn 0.660668 -0.324368 0.676981
v 0.0351014 -0.00746101 0.268022 0.8 0.8 0.8
vn 0.713671 -0.179919 0.676981
v 0.0398702 2.28731e-08 0.260226 0.8 0.8 0.8
vn 0.905359 -0.00265268 0.424638
v 0.0389989 0.00828949 0.260226 0.8 0.8 0.8
vn 0.886127 0.18564 0.424638
v 0.0364232 0.0162167 0.260226 0.8 0.8 0.8
vn 0.828166 0.365819 0.424638
v 0.0322556 0.0234351 0.260226 0.8 0.8 0.8
vn 0.73401 0.530011 0.424638
v 0.0266783 0.0296293 0.260226 0.8 0.8 0.8
vn 0.607775 0.671038 0.424638
v 0.0199351 0.0345286 0.260226 0.8 0.8 0.8
vn 0.454977 0.782738 0.424638
v 0.0123206 0.0379188 0.260226 0.8 0.8 0.8
vn 0.282294 0.860228 0.424638
v 0.00416756 0.0396518 0.260226 0.8 0.8 0.8
vn 0.0972739 0.900122 0.424638
v -0.00416757 0.0396518 0.260226 0.8 0.8 0.8
vn -0.0919977 0.900677 0.424638
v -0.0123206 0.0379188 0.260226 0.8 0.8 0.8
vn -0.277249 0.861868 0.424638
v -0.0199351 0.0345286 0.260226 0.8 0.8 0.8
vn -0.450382 0.78539 0.424638
v -0.0266783 0.0296293 0.260226 0.8 0.8 0.8
vn -0.603832 0.674588 0.424638
v -0.0322556 0.0234351 0.260226 0.8 0.8 0.8
vn -0.730892 0.534303 0.424638
v -0.0364232 0.0162167 0.260226 0.8 0.8 0.8
vn -0.826008 0.370666 0.424638
v -0.0389989 0.00828949 0.260226 0.8 0.8 0.8
vn -0.885024 0.190829 0.424638
v -0.0398702 2.42373e-08 0.260226 0.8 0.8 0.8
vn -0.905359 0.00265268 0.424638
v -0.0389989 -0.00828945 0.260226 0.8 0.8 0.8
vn -0.886127 -0.18564 0.424638
v -0.0364232 -0.0162166 0.260226 0.8 0.8 0.8
vn -0.828166 -0.365819 0.424638
v -0.0322556 -0.0234351 0.260226 0.8 0.8 0.8
vn -0.73401 -0.530011 0.424638
v -0.0266783 -0.0296293 0.260226 0.8 0.8 0.8
vn -0.607775 -0.671038 0.424638
v -0.0199351 -0.0345285 0.260226 0.8 0.8 0.8
vn -0.454977 -0.782738 0.424638
v -0.0123206 -0.0379187 0.260226 0.8 0.8 0.8
vn -0.282294 -0.860228 0.424638
v -0.00416757 -0.0396517 0.260226 0.8 0.8 0.8
vn -0.0972739 -0.900122 0.424638
v 0.00416757 -0.0396517 0.260226 0.8 0.8 0.8
vn 0.0919977 -0.900677 0.424638
v 0.0123206 -0.0379187 0.260226 0.8 0.8 0.8
vn 0.277249 -0.861868 0.424638
v 0.0199351 -0.0345285 0.260226 0.8 0.8 0.8
vn 0.450382 -0.78539 0.424638
v 0.0266783 -0.0296293 0.260226 0.8 0.8 0.8
vn 0.603832 -0.674588 0.424638
v 0.0322556 -0.0234351 0.260226 0.8 0.8 0.8
vn 0.730892 -0.534303 0.424638
v 0.0364232 -0.0162166 0.260226 0.8 0.8 0.8
vn 0.826008 -0.370666 0.424638
v 0.0389989 -0.00828945 0.260226 0.8 0.8 0.8
vn 0.885024 -0.190829 0.424638
v 0.0431603 2.28168e-08 0.252553 0.8 0.8 0.8
vn 0.932743 -0.00196656 0.360536
v 0.0422171 0.00897355 0.252553 0.8 0.8 0.8
vn 0.912769 0.192005 0.360536
v 0.0394289 0.0175549 0.252553 0.8 0.8 0.8
vn 0.852903 0.377584 0.360536
v 0.0349174 0.025369 0.252553 0.8 0.8 0.8
vn 0.755761 0.546662 0.360536
v 0.0288799 0.0320744 0.252553 0.8 0.8 0.8
vn 0.625588 0.691847 0.360536
v 0.0215801 0.0373779 0.252553 0.8 0.8 0.8
vn 0.468075 0.806796 0.360536
v 0.0133373 0.0410479 0.252553 0.8 0.8 0.8
vn 0.290104 0.886484 0.360536
v 0.00451148 0.0429239 0.252553 0.8 0.8 0.8
vn 0.099454 0.927428 0.360536
v -0.00451148 0.0429239 0.252553 0.8 0.8 0.8
vn -0.0955425 0.927839 0.360536
v -0.0133373 0.0410479 0.252553 0.8 0.8 0.8
vn -0.286363 0.887699 0.360536
v -0.0215801 0.0373779 0.252553 0.8 0.8 0.8
vn -0.464669 0.808763 0.360536
v -0.0288799 0.0320744 0.252553 0.8 0.8 0.8
vn -0.622666 0.694479 0.360536
v -0.0349174 0.025369 0.252553 0.8 0.8 0.8
vn -0.753449 0.549844 0.360536
v -0.0394289 0.0175549 0.252553 0.8 0.8 0.8
vn -0.851303 0.381177 0.360536
v -0.0422171 0.00897355 0.252553 0.8 0.8 0.8
vn -0.911952 0.195852 0.360536
v -0.0431603 2.42936e-08 0.252553 0.8 0.8 0.8
vn -0.932743 0.00196656 0.360536
v -0.0422171 -0.0089735 0.252553 0.8 0.8 0.8
vn -0.912769 -0.192005 0.360536
v -0.0394289 -0.0175548 0.252553 0.8 0.8 0.8
vn -0.852903 -0.377584 0.360536
v -0.0349174 -0.0253689 0.252553 0.8 0.8 0.8
vn -0.755761 -0.546662 0.360536
v -0.0288799 -0.0320743 0.252553 0.8 0.8 0.8
vn -0.625588 -0.691847 0.360536
v -0.0215801 -0.0373779 0.252553 0.8 0.8 0.8
vn -0.468075 -0.806796 0.360536
v -0.0133373 -0.0410478 0.252553 0.8 0.8 0.8
vn -0.290104 -0.886484 0.360536
v -0.00451148 -0.0429238 0.252553 0.8 0.8 0.8
vn -0.099454 -0.927428 0.360536
v 0.00451148 -0.0429238 0.252553 0.8 0.8 0.8
vn 0.0955425 -0.927839 0.360536
v 0.0133373 -0.0410478 0.252553 0.8 0.8 0.8
vn 0.286363 -0.887699 0.360536
v 0.0215801 -0.0373779 0.252553 0.8 0.8 0.8
vn 0.464669 -0.808763 0.360536
v 0.0288799 -0.0320743 0.252553 0.8 0.8 0.8
vn 0.622666 -0.694479 0.360536
v 0.0349174 -0.0253689 0.252553 0.8 0.8 0.8
vn 0.753449 -0.549844 0.360536
v 0.0394289 -0.0175548 0.252553 0.8 0.8 0.8
vn 0.851303 -0.381177 0.360536
v 0.0422171 -0.0089735 0.252553 0.8 0.8 0.8
vn 0.911952 -0.195852 0.360536
v 0.0457671 2.27722e-08 0.245008 0.8 0.8 0.8
vn 0.957045 -0.00137233 0.289936
v 0.044767 0.00951555 0.245008 0.8 0.8 0.8
vn 0.936417 0.197638 0.289936
v 0.0418104 0.0186152 0.245008 0.8 0.8 0.8
vn 0.874862 0.388012 0.289936
v 0.0370264 0.0269013 0.245008 0.8 0.8 0.8
vn 0.775072 0.561427 0.289936
v 0.0306242 0.0340116 0.245008 0.8 0.8 0.8
vn 0.641408 0.710305 0.289936
v 0.0228836 0.0396355 0.245008 0.8 0.8 0.8
vn 0.479711 0.828139 0.289936
v 0.0141428 0.0435272 0.245008 0.8 0.8 0.8
vn 0.297048 0.90978 0.289936
v 0.00478397 0.0455164 0.245008 0.8 0.8 0.8
vn 0.101403 0.951659 0.289936
v -0.00478397 0.0455164 0.245008 0.8 0.8 0.8
vn -0.0986737 0.951945 0.289936
v -0.0141428 0.0435272 0.245008 0.8 0.8 0.8
vn -0.294438 0.910628 0.289936
v -0.0228836 0.0396355 0.245008 0.8 0.8 0.8
vn -0.477334 0.829511 0.289936
v -0.0306242 0.0340116 0.245008 0.8 0.8 0.8
vn -0.639368 0.712141 0.289936
v -0.0370264 0.0269013 0.245008 0.8 0.8 0.8
vn -0.773459 0.563647 0.289936
v -0.0418104 0.0186152 0.245008 0.8 0.8 0.8
vn -0.873746 0.390519 0.289936
v -0.044767 0.00951555 0.245008 0.8 0.8 0.8
vn -0.935846 0.200323 0.289936
v -0.0457671 2.43382e-08 0.245008 0.8 0.8 0.8
vn -0.957045 0.00137233 0.289936
v -0.044767 -0.0095155 0.245008 0.8 0.8 0.8
vn -0.936417 -0.197638 0.289936
v -0.0418104 -0.0186151 0.245008 0.8 0.8 0.8
vn -0.874862 -0.388012 0.289936
v -0.0370264 -0.0269012 0.245008 0.8 0.8 0.8
vn -0.775072 -0.561427 0.289936
v -0.0306242 -0.0340116 0.245008 0.8 0.8 0.8
vn -0.641408 -0.710305 0.289936
v -0.0228836 -0.0396355 0.245008 0.8 0.8 0.8
vn -0.479711 -0.828139 0.289936
v -0.0141428 -0.0435271 0.245008 0.8 0.8 0.8
vn -0.297048 -0.90978 0.289936
v -0.00478397 -0.0455164 0.245008 0.8 0.8 0.8
vn -0.101403 -0.951659 0.289936
v 0.00478397 -0.0455164 0.245008 0.8 0.8 0.8
vn 0.0986737 -0.951945 0.289936
v 0.0141428 -0.0435271 0.245008 0.8 0.8 0.8
vn 0.294438 -0.910628 0.289936
v 0.0228836 -0.0396355 0.245008 0.8 0.8 0.8
vn 0.477334 -0.829511 0.289936
v 0.0306242 -0.0340116 0.245008 0.8 0.8 0.8
vn 0.639368 -0.712141 0.289936
v 0.0370264 -0.0269012 0.245008 0.8 0.8 0.8
vn 0.773459 -0.563647 0.289936
v 0.0418104 -0.0186151 0.245008 0.8 0.8 0.8
vn 0.873746 -0.390519 0.289936
v 0.044767 -0.0095155 0.245008 0.8 0.8 0.8
vn 0.935846 -0.200323 0.289936
v 0.0477024 2.27391e-08 0.237595 0.8 0.8 0.8
vn 0.977022 -0.000833918 0.213138
v 0.04666 0.00991792 0.237595 0.8 0.8 0.8
vn 0.955845 0.202319 0.213138
v 0.0435784 0.0194024 0.237595 0.8 0.8 0.8
vn 0.892893 0.396629 0.213138
v 0.0385921 0.0280388 0.237595 0.8 0.8 0.8
vn 0.790917 0.573604 0.213138
v 0.0319192 0.0354498 0.237595 0.8 0.8 0.8
vn 0.654375 0.725511 0.213138
v 0.0238512 0.0413115 0.237595 0.8 0.8 0.8
vn 0.489233 0.845709 0.213138
v 0.0147409 0.0453677 0.237595 0.8 0.8 0.8
vn 0.302709 0.928945 0.213138
v 0.00498626 0.0474411 0.237595 0.8 0.8 0.8
vn 0.102956 0.971582 0.213138
v -0.00498626 0.0474411 0.237595 0.8 0.8 0.8
vn -0.101297 0.971757 0.213138
v -0.0147409 0.0453677 0.237595 0.8 0.8 0.8
vn -0.301123 0.92946 0.213138
v -0.0238512 0.0413115 0.237595 0.8 0.8 0.8
vn -0.487789 0.846543 0.213138
v -0.0319192 0.0354498 0.237595 0.8 0.8 0.8
vn -0.653135 0.726627 0.213138
v -0.0385921 0.0280388 0.237595 0.8 0.8 0.8
vn -0.789937 0.574954 0.213138
v -0.0435784 0.0194024 0.237595 0.8 0.8 0.8
vn -0.892215 0.398152 0.213138
v -0.04666 0.00991792 0.237595 0.8 0.8 0.8
vn -0.955498 0.20395 0.213138
v -0.0477024 2.43713e-08 0.237595 0.8 0.8 0.8
vn -0.977022 0.000833918 0.213138
v -0.04666 -0.00991787 0.237595 0.8 0.8 0.8
vn -0.955845 -0.202319 0.213138
v -0.0435784 -0.0194023 0.237595 0.8 0.8 0.8
vn -0.892893 -0.396629 0.213138
v -0.0385921 -0.0280388 0.237595 0.8 0.8 0.8
vn -0.790917 -0.573604 0.213138
v -0.0319192 -0.0354498 0.237595 0.8 0.8 0.8
vn -0.654375 -0.725511 0.213138
v -0.0238512 -0.0413115 0.237595 0.8 0.8 0.8
vn -0.489233 -0.845709 0.213138
v -0.0147409 -0.0453677 0.237595 0.8 0.8 0.8
vn -0.302709 -0.928945 0.213138
v -0.00498626 -0.0474411 0.237595 0.8 0.8 0.8
vn -0.102956 -0.971582 0.213138
v 0.00498626 -0.0474411 0.237595 0.8 0.8 0.8
vn 0.101297 -0.971757 0.213138
v 0.0147409 -0.0453677 0.237595 0.8 0.8 0.8
vn 0.301123 -0.92946 0.213138
v 0.0238512 -0.0413115 0.237595 0.8 0.8 0.8
vn 0.487789 -0.846543 0.213138
v 0.0319192 -0.0354498 0.237595 0.8 0.8 0.8
vn 0.653135 -0.726627 0.213138
v 0.0385921 -0.0280388 0.237595 0.8 0.8 0.8
vn 0.789937 -0.574954 0.213138
v 0.0435784 -0.0194023 0.237595 0.8 0.8 0.8
vn 0.892215 -0.398152 0.213138
v 0.04666 -0.00991787 0.237595 0.8 0.8 0.8
vn 0.955498 -0.20395 0.213138
v 0.0489783 2.27173e-08 0.23032 0.8 0.8 0.8
vn 0.991404 -0.000329526 0.130838
v 0.047908 0.0101832 0.23032 0.8 0.8 0.8
vn 0.969808 0.205802 0.130838
v 0.0447439 0.0199213 0.23032 0.8 0.8 0.8
vn 0.905826 0.402939 0.130838
v 0.0396243 0.0287888 0.23032 0.8 0.8 0.8
vn 0.802256 0.582466 0.130838
v 0.0327729 0.036398 0.23032 0.8 0.8 0.8
vn 0.663623 0.736536 0.130838
v 0.0244892 0.0424165 0.23032 0.8 0.8 0.8
vn 0.495987 0.858416 0.130838
v 0.0151351 0.0465812 0.23032 0.8 0.8 0.8
vn 0.306674 0.942779 0.130838
v 0.00511963 0.04871 0.23032 0.8 0.8 0.8
vn 0.103958 0.985938 0.130838
v -0.00511963 0.04871 0.23032 0.8 0.8 0.8
vn -0.103302 0.986007 0.130838
v -0.0151351 0.0465812 0.23032 0.8 0.8 0.8
vn -0.306047 0.942983 0.130838
v -0.0244892 0.0424165 0.23032 0.8 0.8 0.8
vn -0.495417 0.858745 0.130838
v -0.0327729 0.036398 0.23032 0.8 0.8 0.8
vn -0.663134 0.736977 0.130838
v -0.0396243 0.0287888 0.23032 0.8 0.8 0.8
vn -0.801869 0.582999 0.130838
v -0.0447439 0.0199213 0.23032 0.8 0.8 0.8
vn -0.905558 0.403541 0.130838
v -0.047908 0.0101832 0.23032 0.8 0.8 0.8
vn -0.969671 0.206447 0.130838
v -0.0489783 2.43932e-08 0.23032 0.8 0.8 0.8
vn -0.991404 0.000329526 0.130838
v -0.047908 -0.0101831 0.23032 0.8 0.8 0.8
vn -0.969808 -0.205802 0.130838
v -0.0447439 -0.0199213 0.23032 0.8 0.8 0.8
vn -0.905826 -0.402939 0.130838
v -0.0396243 -0.0287887 0.23032 0.8 0.8 0.8
vn -0.802256 -0.582466 0.130838
v -0.0327729 -0.036398 0.23032 0.8 0.8 0.8
vn -0.663623 -0.736536 0.130838
v -0.0244892 -0.0424165 0.23032 0.8 0.8 0.8
vn -0.495987 -0.858416 0.130838
v -0.0151351 -0.0465811 0.23032 0.8 0.8 0.8
vn -0.306674 -0.942779 0.130838
v -0.00511963 -0.04871 0.23032 0.8 0.8 0.8
vn -0.103958 -0.985938 0.130838
v 0.00511963 -0.04871 0.23032 0.8 0.8 0.8
vn 0.103302 -0.986007 0.130838
v 0.0151351 -0.0465811 0.23032 0.8 0.8 0.8
vn 0.306047 -0.942983 0.130838
v 0.0244892 -0.0424165 0.23032 0.8 0.8 0.8
vn 0.495417 -0.858745 0.130838
v 0.0327729 -0.036398 0.23032 0.8 0.8 0.8
vn 0.663134 -0.736977 0.130838
v 0.0396243 -0.0287887 0.23032 0.8 0.8 0.8
vn 0.801869 -0.582999 0.130838
v 0.0447439 -0.0199213 0.23032 0.8 0.8 0.8
vn 0.905558 -0.403541 0.130838
v 0.047908 -0.0101831 0.23032 0.8 0.8 0.8
vn 0.969671 -0.206447 0.130838
v 0.0496075 2.27065e-08 0.22319 0.8 0.8 0.8
vn 0.999024 0.000154318 0.0441635
v 0.0485235 0.010314 0.22319 0.8 0.8 0.8
vn 0.977161 0.20786 0.0441635
v 0.0453187 0.0201772 0.22319 0.8 0.8 0.8
vn 0.912591 0.406481 0.0441635
v 0.0401333 0.0291586 0.22319 0.8 0.8 0.8
vn 0.808137 0.587337 0.0441635
v 0.0331939 0.0368656 0.22319 0.8 0.8 0.8
vn 0.668363 0.742523 0.0441635
v 0.0248038 0.0429614 0.22319 0.8 0.8 0.8
vn 0.499378 0.865258 0.0441635
v 0.0153296 0.0471796 0.22319 0.8 0.8 0.8
vn 0.308569 0.950176 0.0441635
v 0.0051854 0.0493358 0.22319 0.8 0.8 0.8
vn 0.104273 0.993568 0.0441635
v -0.0051854 0.0493358 0.22319 0.8 0.8 0.8
vn -0.10458 0.993535 0.0441635
v -0.0153296 0.0471796 0.22319 0.8 0.8 0.8
vn -0.308862 0.950081 0.0441635
v -0.0248038 0.0429614 0.22319 0.8 0.8 0.8
vn -0.499646 0.865103 0.0441635
v -0.0331939 0.0368656 0.22319 0.8 0.8 0.8
vn -0.668592 0.742316 0.0441635
v -0.0401333 0.0291586 0.22319 0.8 0.8 0.8
vn -0.808318 0.587087 0.0441635
v -0.0453187 0.0201772 0.22319 0.8 0.8 0.8
vn -0.912717 0.406199 0.0441635
v -0.0485235 0.010314 0.22319 0.8 0.8 0.8
vn -0.977225 0.207558 0.0441635
v -0.0496075 2.44039e-08 0.22319 0.8 0.8 0.8
vn -0.999024 -0.000154318 0.0441635
v -0.0485235 -0.010314 0.22319 0.8 0.8 0.8
vn -0.977161 -0.20786 0.0441635
v -0.0453187 -0.0201772 0.22319 0.8 0.8 0.8
vn -0.912591 -0.406481 0.0441635
v -0.0401333 -0.0291585 0.22319 0.8 0.8 0.8
vn -0.808137 -0.587337 0.0441635
v -0.0331939 -0.0368655 0.22319 0.8 0.8 0.8
vn -0.668363 -0.742523 0.0441635
v -0.0248038 -0.0429613 0.22319 0.8 0.8 0.8
vn -0.499378 -0.865258 0.0441635
v -0.0153296 -0.0471795 0.22319 0.8 0.8 0.8
vn -0.308569 -0.950176 0.0441635
v -0.0051854 -0.0493357 0.22319 0.8 0.8 0.8
vn -0.104273 -0.993568 0.0441635
v 0.0051854 -0.0493357 0.22319 0.8 0.8 0.8
vn 0.10458 -0.993535 0.0441635
v 0.0153296 -0.0471795 0.22319 0.8 0.8 0.8
vn 0.308862 -0.950081 0.0441635
v 0.0248038 -0.0429613 0.22319 0.8 0.8 0.8
vn 0.499646 -0.865103 0.0441635
v 0.0331939 -0.0368655 0.22319 0.8 0.8 0.8
vn 0.668592 -0.742316 0.0441635
v 0.0401333 -0.0291585 0.22319 0.8 0.8 0.8
vn 0.808318 -0.587087 0.0441635
v 0.0453187 -0.0201772 0.22319 0.8 0.8 0.8
vn 0.912717 -0.406199 0.0441635
v 0.0485235 -0.010314 0.22319 0.8 0.8 0.8
vn 0.977225 -0.207558 0.0441635
v 0.0496033 2.27066e-08 0.216212 0.8 0.8 0.8
vn 0.99897 0.00062612 -0.0453644
v 0.0485194 0.0103131 0.216212 0.8 0.8 0.8
vn 0.97701 0.20831 -0.0453644
v 0.0453149 0.0201755 0.216212 0.8 0.8 0.8
vn 0.91235 0.40689 -0.0453644
v 0.0401299 0.0291561 0.216212 0.8 0.8 0.8
vn 0.807816 0.587687 -0.0453644
v 0.0331911 0.0368625 0.216212 0.8 0.8 0.8
vn 0.667976 0.742799 -0.0453644
v 0.0248017 0.0429578 0.216212 0.8 0.8 0.8
vn 0.498943 0.865447 -0.0453644
v 0.0153283 0.0471756 0.216212 0.8 0.8 0.8
vn 0.308103 0.950271 -0.0453644
v 0.00518496 0.0493316 0.216212 0.8 0.8 0.8
vn 0.103798 0.993563 -0.0453644
v -0.00518496 0.0493316 0.216212 0.8 0.8 0.8
vn -0.105044 0.993432 -0.0453644
v -0.0153283 0.0471756 0.216212 0.8 0.8 0.8
vn -0.309294 0.949884 -0.0453644
v -0.0248017 0.0429578 0.216212 0.8 0.8 0.8
vn -0.500027 0.864821 -0.0453644
v -0.0331911 0.0368625 0.216212 0.8 0.8 0.8
vn -0.668907 0.741961 -0.0453644
v -0.0401299 0.0291561 0.216212 0.8 0.8 0.8
vn -0.808552 0.586673 -0.0453644
v -0.0453149 0.0201755 0.216212 0.8 0.8 0.8
vn -0.91286 0.405746 -0.0453644
v -0.0485194 0.0103131 0.216212 0.8 0.8 0.8
vn -0.977271 0.207085 -0.0453644
v -0.0496033 2.44039e-08 0.216212 0.8 0.8 0.8
vn -0.99897 -0.00062612 -0.0453644
v -0.0485194 -0.0103131 0.216212 0.8 0.8 0.8
vn -0.97701 -0.20831 -0.0453644
v -0.0453149 -0.0201755 0.216212 0.8 0.8 0.8
vn -0.91235 -0.40689 -0.0453644
v -0.0401299 -0.0291561 0.216212 0.8 0.8 0.8
vn -0.807816 -0.587687 -0.0453644
v -0.0331911 -0.0368624 0.216212 0.8 0.8 0.8
vn -0.667976 -0.742799 -0.0453644
v -0.0248017 -0.0429577 0.216212 0.8 0.8 0.8
vn -0.498943 -0.865447 -0.0453644
v -0.0153283 -0.0471755 0.216212 0.8 0.8 0.8
vn -0.308103 -0.950271 -0.0453644
v -0.00518496 -0.0493316 0.216212 0.8 0.8 0.8
vn -0.103798 -0.993563 -0.0453644
v 0.00518496 -0.0493316 0.216212 0.8 0.8 0.8
vn 0.105044 -0.993432 -0.0453644
v 0.0153283 -0.0471755 0.216212 0.8 0.8 0.8
vn 0.309294 -0.949884 -0.0453644
v 0.0248017 -0.0429577 0.216212 0.8 0.8 0.8
vn 0.500027 -0.864821 -0.0453644
v 0.0331911 -0.0368624 0.216212 0.8 0.8 0.8
vn 0.668907 -0.741961 -0.0453644
v 0.0401299 -0.0291561 0.216212 0.8 0.8 0.8
vn 0.808552 -0.586673 -0.0453644
v 0.0453149 -0.0201755 0.216212 0.8 0.8 0.8
vn 0.91286 -0.405746 -0.0453644
v 0.0485194 -0.0103131 0.216212 0.8 0.8 0.8
vn 0.977271 -0.207085 -0.0453644
v 0.0489797 2.27173e-08 0.209394 0.8 0.8 0.8
vn 0.990716 0.00109176 -0.135944
v 0.0479094 0.0101835 0.209394 0.8 0.8 0.8
vn 0.968839 0.207049 -0.135944
v 0.0447452 0.0199219 0.209394 0.8 0.8 0.8
vn 0.90462 0.403958 -0.135944
v 0.0396254 0.0287896 0.209394 0.8 0.8 0.8
vn 0.800864 0.583211 -0.135944
v 0.0327738 0.036399 0.209394 0.8 0.8 0.8
vn 0.662107 0.736976 -0.135944
v 0.0244899 0.0424177 0.209394 0.8 0.8 0.8
vn 0.494412 0.858531 -0.135944
v 0.0151356 0.0465825 0.209394 0.8 0.8 0.8
vn 0.30511 0.942564 -0.135944
v 0.00511977 0.0487114 0.209394 0.8 0.8 0.8
vn 0.102472 0.985403 -0.135944
v -0.00511978 0.0487114 0.209394 0.8 0.8 0.8
vn -0.104644 0.985174 -0.135944
v -0.0151356 0.0465825 0.209394 0.8 0.8 0.8
vn -0.307186 0.941889 -0.135944
v -0.0244899 0.0424177 0.209394 0.8 0.8 0.8
vn -0.496303 0.857439 -0.135944
v -0.0327738 0.036399 0.209394 0.8 0.8 0.8
vn -0.66373 0.735515 -0.135944
v -0.0396254 0.0287896 0.209394 0.8 0.8 0.8
vn -0.802148 0.581445 -0.135944
v -0.0447452 0.0199219 0.209394 0.8 0.8 0.8
vn -0.905508 0.401963 -0.135944
v -0.0479094 0.0101835 0.209394 0.8 0.8 0.8
vn -0.969293 0.204914 -0.135944
v -0.0489797 2.43932e-08 0.209394 0.8 0.8 0.8
vn -0.990716 -0.00109176 -0.135944
v -0.0479094 -0.0101834 0.209394 0.8 0.8 0.8
vn -0.968839 -0.207049 -0.135944
v -0.0447452 -0.0199218 0.209394 0.8 0.8 0.8
vn -0.90462 -0.403958 -0.135944
v -0.0396254 -0.0287895 0.209394 0.8 0.8 0.8
vn -0.800864 -0.583211 -0.135944
v -0.0327738 -0.036399 0.209394 0.8 0.8 0.8
vn -0.662107 -0.736976 -0.135944
v -0.0244899 -0.0424176 0.209394 0.8 0.8 0.8
vn -0.494412 -0.858531 -0.135944
v -0.0151356 -0.0465824 0.209394 0.8 0.8 0.8
vn -0.30511 -0.942564 -0.135944
v -0.00511977 -0.0487114 0.209394 0.8 0.8 0.8
vn -0.102472 -0.985403 -0.135944
v 0.00511977 -0.0487114 0.209394 0.8 0.8 0.8
vn 0.104644 -0.985174 -0.135944
v 0.0151356 -0.0465824 0.209394 0.8 0.8 0.8
vn 0.307186 -0.941889 -0.135944
v 0.0244899 -0.0424176 0.209394 0.8 0.8 0.8
vn 0.496303 -0.857439 -0.135944
v 0.0327738 -0.036399 0.209394 0.8 0.8 0.8
vn 0.66373 -0.735515 -0.135944
v 0.0396254 -0.0287895 0.209394 0.8 0.8 0.8
vn 0.802148 -0.581445 -0.135944
v 0.0447452 -0.0199218 0.209394 0.8 0.8 0.8
vn 0.905508 -0.401963 -0.135944
v 0.0479094 -0.0101834 0.209394 0.8 0.8 0.8
vn 0.969293 -0.204914 -0.135944
v 0.0477515 2.27383e-08 0.202745 0.8 0.8 0.8
vn 0.974201 0.00155641 -0.225675
v 0.046708 0.00992811 0.202745 0.8 0.8 0.8
vn 0.952589 0.20407 -0.225675
v 0.0436231 0.0194223 0.202745 0.8 0.8 0.8
vn 0.889344 0.397665 -0.225675
v 0.0386318 0.0280676 0.202745 0.8 0.8 0.8
vn 0.787231 0.57388 -0.225675
v 0.031952 0.0354863 0.202745 0.8 0.8 0.8
vn 0.650711 0.725014 -0.225675
v 0.0238757 0.041354 0.202745 0.8 0.8 0.8
vn 0.485753 0.844461 -0.225675
v 0.014756 0.0454144 0.202745 0.8 0.8 0.8
vn 0.299565 0.927001 -0.225675
v 0.00499139 0.0474899 0.202745 0.8 0.8 0.8
vn 0.100284 0.969027 -0.225675
v -0.00499139 0.0474899 0.202745 0.8 0.8 0.8
vn -0.10338 0.968702 -0.225675
v -0.014756 0.0454144 0.202745 0.8 0.8 0.8
vn -0.302525 0.926039 -0.225675
v -0.0238757 0.041354 0.202745 0.8 0.8 0.8
vn -0.488449 0.842905 -0.225675
v -0.031952 0.0354863 0.202745 0.8 0.8 0.8
vn -0.653025 0.722931 -0.225675
v -0.0386318 0.0280676 0.202745 0.8 0.8 0.8
vn -0.78906 0.571362 -0.225675
v -0.0436231 0.0194223 0.202745 0.8 0.8 0.8
vn -0.89061 0.394821 -0.225675
v -0.046708 0.00992811 0.202745 0.8 0.8 0.8
vn -0.953236 0.201025 -0.225675
v -0.0477515 2.43722e-08 0.202745 0.8 0.8 0.8
vn -0.974201 -0.00155641 -0.225675
v -0.046708 -0.00992806 0.202745 0.8 0.8 0.8
vn -0.952589 -0.20407 -0.225675
v -0.0436231 -0.0194222 0.202745 0.8 0.8 0.8
vn -0.889344 -0.397665 -0.225675
v -0.0386318 -0.0280676 0.202745 0.8 0.8 0.8
vn -0.787231 -0.57388 -0.225675
v -0.031952 -0.0354862 0.202745 0.8 0.8 0.8
vn -0.650711 -0.725014 -0.225675
v -0.0238757 -0.041354 0.202745 0.8 0.8 0.8
vn -0.485753 -0.844461 -0.225675
v -0.014756 -0.0454143 0.202745 0.8 0.8 0.8
vn -0.299565 -0.927001 -0.225675
v -0.00499139 -0.0474899 0.202745 0.8 0.8 0.8
vn -0.100284 -0.969027 -0.225675
v 0.00499139 -0.0474899 0.202745 0.8 0.8 0.8
vn 0.10338 -0.968702 -0.225675
v 0.014756 -0.0454143 0.202745 0.8 0.8 0.8
vn 0.302525 -0.926039 -0.225675
v 0.0238757 -0.041354 0.202745 0.8 0.8 0.8
vn 0.488449 -0.842905 -0.225675
v 0.031952 -0.0354862 0.202745 0.8 0.8 0.8
vn 0.653025 -0.722931 -0.225675
v 0.0386318 -0.0280676 0.202745 0.8 0.8 0.8
vn 0.78906 -0.571362 -0.225675
v 0.0436231 -0.0194223 0.202745 0.8 0.8 0.8
vn 0.89061 -0.394821 -0.225675
v 0.046708 -0.00992807 0.202745 0.8 0.8 0.8
vn 0.953236 -0.201025 -0.225675
v 0.0459343 2.27694e-08 0.196277 0.8 0.8 0.8
vn 0.949827 0.00202635 -0.312768
v 0.0449305 0.00955029 0.196277 0.8 0.8 0.8
vn 0.92865 0.199462 -0.312768
v 0.041963 0.0186832 0.196277 0.8 0.8 0.8
vn 0.866886 0.388181 -0.312768
v 0.0371616 0.0269995 0.196277 0.8 0.8 0.8
vn 0.767235 0.559934 -0.312768
v 0.030736 0.0341358 0.196277 0.8 0.8 0.8
vn 0.634053 0.707215 -0.312768
v 0.0229671 0.0397803 0.196277 0.8 0.8 0.8
vn 0.473159 0.823588 -0.312768
v 0.0141945 0.0436861 0.196277 0.8 0.8 0.8
vn 0.291586 0.903966 -0.312768
v 0.00480144 0.0456827 0.196277 0.8 0.8 0.8
vn 0.0972687 0.944836 -0.312768
v -0.00480144 0.0456827 0.196277 0.8 0.8 0.8
vn -0.101299 0.944412 -0.312768
v -0.0141945 0.0436861 0.196277 0.8 0.8 0.8
vn -0.29544 0.902713 -0.312768
v -0.0229671 0.0397803 0.196277 0.8 0.8 0.8
vn -0.476669 0.821561 -0.312768
v -0.030736 0.0341358 0.196277 0.8 0.8 0.8
vn -0.637064 0.704503 -0.312768
v -0.0371616 0.0269995 0.196277 0.8 0.8 0.8
vn -0.769618 0.556655 -0.312768
v -0.041963 0.0186832 0.196277 0.8 0.8 0.8
vn -0.868535 0.384478 -0.312768
v -0.0449305 0.0095503 0.196277 0.8 0.8 0.8
vn -0.929493 0.195498 -0.312768
v -0.0459343 2.43411e-08 0.196277 0.8 0.8 0.8
vn -0.949827 -0.00202635 -0.312768
v -0.0449305 -0.00955025 0.196277 0.8 0.8 0.8
vn -0.92865 -0.199462 -0.312768
v -0.041963 -0.0186831 0.196277 0.8 0.8 0.8
vn -0.866886 -0.388181 -0.312768
v -0.0371616 -0.0269995 0.196277 0.8 0.8 0.8
vn -0.767235 -0.559934 -0.312768
v -0.030736 -0.0341358 0.196277 0.8 0.8 0.8
vn -0.634053 -0.707215 -0.312768
v -0.0229671 -0.0397802 0.196277 0.8 0.8 0.8
vn -0.473159 -0.823588 -0.312768
v -0.0141945 -0.0436861 0.196277 0.8 0.8 0.8
vn -0.291586 -0.903966 -0.312768
v -0.00480144 -0.0456826 0.196277 0.8 0.8 0.8
vn -0.0972687 -0.944836 -0.312768
v 0.00480144 -0.0456826 0.196277 0.8 0.8 0.8
vn 0.101299 -0.944412 -0.312768
v 0.0141945 -0.0436861 0.196277 0.8 0.8 0.8
vn 0.29544 -0.902713 -0.312768
v 0.0229671 -0.0397802 0.196277 0.8 0.8 0.8
vn 0.476669 -0.821561 -0.312768
v 0.030736 -0.0341358 0.196277 0.8 0.8 0.8
vn 0.637064 -0.704503 -0.312768
v 0.0371616 -0.0269995 0.196277 0.8 0.8 0.8
vn 0.769618 -0.556655 -0.312768
v 0.041963 -0.0186831 0.196277 0.8 0.8 0.8
vn 0.868535 -0.384478 -0.312768
v 0.0449305 -0.00955025 0.196277 0.8 0.8 0.8
vn 0.929493 -0.195498 -0.312768
v 0.0435448 2.28102e-08 0.19 0.8 0.8 0.8
vn 0.918361 0.00251084 -0.395735
v 0.0425932 0.00905349 0.19 0.8 0.8 0.8
vn 0.897771 0.193394 -0.395735
v 0.0397801 0.0177113 0.19 0.8 0.8 0.8
vn 0.837943 0.375825 -0.395735
v 0.0352285 0.025595 0.19 0.8 0.8 0.8
vn 0.741494 0.54183 -0.395735
v 0.0291371 0.0323601 0.19 0.8 0.8 0.8
vn 0.612638 0.684155 -0.395735
v 0.0217724 0.0377109 0.19 0.8 0.8 0.8
vn 0.457006 0.796579 -0.395735
v 0.0134561 0.0414136 0.19 0.8 0.8 0.8
vn 0.281401 0.874189 -0.395735
v 0.00455167 0.0433063 0.19 0.8 0.8 0.8
vn 0.0934978 0.913593 -0.395735
v -0.00455167 0.0433063 0.19 0.8 0.8 0.8
vn -0.098492 0.913068 -0.395735
v -0.0134561 0.0414136 0.19 0.8 0.8 0.8
vn -0.286177 0.872637 -0.395735
v -0.0217724 0.0377109 0.19 0.8 0.8 0.8
vn -0.461355 0.794069 -0.395735
v -0.0291372 0.0323601 0.19 0.8 0.8 0.8
vn -0.61637 0.680795 -0.395735
v -0.0352285 0.025595 0.19 0.8 0.8 0.8
vn -0.744446 0.537768 -0.395735
v -0.0397801 0.0177113 0.19 0.8 0.8 0.8
vn -0.839986 0.371237 -0.395735
v -0.0425932 0.00905349 0.19 0.8 0.8 0.8
vn -0.898815 0.188482 -0.395735
v -0.0435448 2.43002e-08 0.19 0.8 0.8 0.8
vn -0.918361 -0.00251084 -0.395735
v -0.0425932 -0.00905345 0.19 0.8 0.8 0.8
vn -0.897771 -0.193394 -0.395735
v -0.0397801 -0.0177112 0.19 0.8 0.8 0.8
vn -0.837943 -0.375825 -0.395735
v -0.0352285 -0.025595 0.19 0.8 0.8 0.8
vn -0.741494 -0.54183 -0.395735
v -0.0291371 -0.0323601 0.19 0.8 0.8 0.8
vn -0.612638 -0.684155 -0.395735
v -0.0217724 -0.0377109 0.19 0.8 0.8 0.8
vn -0.457006 -0.796579 -0.395735
v -0.0134561 -0.0414135 0.19 0.8 0.8 0.8
vn -0.281401 -0.874189 -0.395735
v -0.00455167 -0.0433062 0.19 0.8 0.8 0.8
vn -0.0934978 -0.913593 -0.395735
v 0.00455167 -0.0433062 0.19 0.8 0.8 0.8
vn 0.098492 -0.913068 -0.395735
v 0.0134561 -0.0414135 0.19 0.8 0.8 0.8
vn 0.286177 -0.872637 -0.395735
v 0.0217724 -0.0377109 0.19 0.8 0.8 0.8
vn 0.461355 -0.794069 -0.395735
v 0.0291372 -0.0323601 0.19 0.8 0.8 0.8
vn 0.61637 -0.680795 -0.395735
v 0.0352285 -0.025595 0.19 0.8 0.8 0.8
vn 0.744446 -0.537768 -0.395735
v 0.0397801 -0.0177112 0.19 0.8 0.8 0.8
vn 0.839986 -0.371237 -0.395735
v 0.0425932 -0.00905345 0.19 0.8 0.8 0.8
vn 0.898815 -0.188482 -0.395735
v 0.0406009 2.28606e-08 0.18393 0.8 0.8 0.8
vn 0.880777 0.00302432 -0.473522
v 0.0397137 0.00844143 0.18393 0.8 0.8 0.8
vn 0.860901 0.186082 -0.473522
v 0.0370908 0.0165139 0.18393 0.8 0.8 0.8
vn 0.8034 0.361007 -0.473522
v 0.0328468 0.0238646 0.18393 0.8 0.8 0.8
vn 0.710786 0.520154 -0.473522
v 0.0271673 0.0301724 0.18393 0.8 0.8 0.8
vn 0.587107 0.656568 -0.473522
v 0.0203005 0.0351615 0.18393 0.8 0.8 0.8
vn 0.437769 0.764287 -0.473522
v 0.0125464 0.0386138 0.18393 0.8 0.8 0.8
vn 0.269299 0.838603 -0.473522
v 0.00424395 0.0403785 0.18393 0.8 0.8 0.8
vn 0.0890585 0.876268 -0.473522
v -0.00424395 0.0403785 0.18393 0.8 0.8 0.8
vn -0.095074 0.875636 -0.473522
v -0.0125464 0.0386138 0.18393 0.8 0.8 0.8
vn -0.275051 0.836734 -0.473522
v -0.0203005 0.0351615 0.18393 0.8 0.8 0.8
vn -0.443008 0.761263 -0.473522
v -0.0271673 0.0301724 0.18393 0.8 0.8 0.8
vn -0.591602 0.652521 -0.473522
v -0.0328468 0.0238646 0.18393 0.8 0.8 0.8
vn -0.714341 0.515261 -0.473522
v -0.0370908 0.0165139 0.18393 0.8 0.8 0.8
vn -0.80586 0.355481 -0.473522
v -0.0397137 0.00844143 0.18393 0.8 0.8 0.8
vn -0.862159 0.180166 -0.473522
v -0.0406009 2.42498e-08 0.18393 0.8 0.8 0.8
vn -0.880777 -0.00302432 -0.473522
v -0.0397137 -0.00844138 0.18393 0.8 0.8 0.8
vn -0.860901 -0.186082 -0.473522
v -0.0370908 -0.0165139 0.18393 0.8 0.8 0.8
vn -0.8034 -0.361007 -0.473522
v -0.0328468 -0.0238646 0.18393 0.8 0.8 0.8
vn -0.710786 -0.520154 -0.473522
v -0.0271673 -0.0301723 0.18393 0.8 0.8 0.8
vn -0.587107 -0.656568 -0.473522
v -0.0203005 -0.0351614 0.18393 0.8 0.8 0.8
vn -0.437769 -0.764287 -0.473522
v -0.0125464 -0.0386137 0.18393 0.8 0.8 0.8
vn -0.269299 -0.838603 -0.473522
v -0.00424395 -0.0403785 0.18393 0.8 0.8 0.8
vn -0.0890585 -0.876268 -0.473522
v 0.00424395 -0.0403785 0.18393 0.8 0.8 0.8
vn 0.095074 -0.875636 -0.473522
v 0.0125464 -0.0386137 0.18393 0.8 0.8 0.8
vn 0.275051 -0.836734 -0.473522
v 0.0203005 -0.0351614 0.18393 0.8 0.8 0.8
vn 0.443008 -0.761263 -0.473522
v 0.0271673 -0.0301723 0.18393 0.8 0.8 0.8
vn 0.591602 -0.652521 -0.473522
v 0.0328468 -0.0238646 0.18393 0.8 0.8 0.8
vn 0.714341 -0.515261 -0.473522
v 0.0370908 -0.0165139 0.18393 0.8 0.8 0.8
vn 0.80586 -0.355481 -0.473522
v 0.0397137 -0.00844138 0.18393 0.8 0.8 0.8
vn 0.862159 -0.180166 -0.473522
v 0.0371221 2.29201e-08 0.178086 0.8 0.8 0.8
vn 0.838062 0.00358972 -0.545563
v 0.0363108 0.00771813 0.178086 0.8 0.8 0.8
vn 0.819002 0.177754 -0.545563
v 0.0339127 0.0150989 0.178086 0.8 0.8 0.8
vn 0.764148 0.34415 -0.545563
v 0.0300324 0.0218198 0.178086 0.8 0.8 0.8
vn 0.675897 0.495505 -0.545563
v 0.0248395 0.0275871 0.178086 0.8 0.8 0.8
vn 0.558105 0.625204 -0.545563
v 0.018561 0.0321487 0.178086 0.8 0.8 0.8
vn 0.415922 0.727578 -0.545563
v 0.0114713 0.0353052 0.178086 0.8 0.8 0.8
vn 0.255561 0.798154 -0.545563
v 0.00388031 0.0369187 0.178086 0.8 0.8 0.8
vn 0.0840313 0.833846 -0.545563
v -0.00388031 0.0369187 0.178086 0.8 0.8 0.8
vn -0.0911714 0.833096 -0.545563
v -0.0114713 0.0353052 0.178086 0.8 0.8 0.8
vn -0.26239 0.795935 -0.545563
v -0.018561 0.0321487 0.178086 0.8 0.8 0.8
vn -0.42214 0.723988 -0.545563
v -0.0248395 0.0275871 0.178086 0.8 0.8 0.8
vn -0.563441 0.6204 -0.545563
v -0.0300324 0.0218198 0.178086 0.8 0.8 0.8
vn -0.680117 0.489696 -0.545563
v -0.0339127 0.0150989 0.178086 0.8 0.8 0.8
vn -0.767068 0.337591 -0.545563
v -0.0363108 0.00771813 0.178086 0.8 0.8 0.8
vn -0.820495 0.170732 -0.545563
v -0.0371221 2.41903e-08 0.178086 0.8 0.8 0.8
vn -0.838062 -0.00358972 -0.545563
v -0.0363108 -0.00771808 0.178086 0.8 0.8 0.8
vn -0.819002 -0.177754 -0.545563
v -0.0339127 -0.0150989 0.178086 0.8 0.8 0.8
vn -0.764148 -0.34415 -0.545563
v -0.0300324 -0.0218198 0.178086 0.8 0.8 0.8
vn -0.675897 -0.495505 -0.545563
v -0.0248395 -0.027587 0.178086 0.8 0.8 0.8
vn -0.558105 -0.625204 -0.545563
v -0.018561 -0.0321486 0.178086 0.8 0.8 0.8
vn -0.415922 -0.727578 -0.545563
v -0.0114713 -0.0353051 0.178086 0.8 0.8 0.8
vn -0.255561 -0.798154 -0.545563
v -0.00388031 -0.0369187 0.178086 0.8 0.8 0.8
vn -0.0840313 -0.833846 -0.545563
v 0.00388031 -0.0369187 0.178086 0.8 0.8 0.8
vn 0.0911714 -0.833096 -0.545563
v 0.0114713 -0.0353051 0.178086 0.8 0.8 0.8
vn 0.26239 -0.795935 -0.545563
v 0.018561 -0.0321486 0.178086 0.8 0.8 0.8
vn 0.42214 -0.723988 -0.545563
v 0.0248395 -0.027587 0.178086 0.8 0.8 0.8
vn 0.563441 -0.6204 -0.545563
v 0.0300324 -0.0218198 0.178086 0.8 0.8 0.8
vn 0.680117 -0.489696 -0.545563
v 0.0339127 -0.0150989 0.178086 0.8 0.8 0.8
vn 0.767068 -0.337591 -0.545563
v 0.0363108 -0.00771808 0.178086 0.8 0.8 0.8
vn 0.820495 -0.170732 -0.545563
v 0.0331293 2.29884e-08 0.172488 0.8 0.8 0.8
vn 0.791019 0.00424432 -0.611776
v 0.0324053 0.00688799 0.172488 0.8 0.8 0.8
vn 0.772851 0.168614 -0.611776
v 0.0302651 0.0134749 0.172488 0.8 0.8 0.8
vn 0.720906 0.325614 -0.611776
v 0.0268022 0.0194729 0.172488 0.8 0.8 0.8
vn 0.637453 0.468383 -0.611776
v 0.0221678 0.0246199 0.172488 0.8 0.8 0.8
vn 0.526141 0.590682 -0.611776
v 0.0165646 0.0286908 0.172488 0.8 0.8 0.8
vn 0.391834 0.687165 -0.611776
v 0.0102375 0.0315079 0.172488 0.8 0.8 0.8
vn 0.240402 0.753616 -0.611776
v 0.00346295 0.0329478 0.172488 0.8 0.8 0.8
vn 0.0784629 0.78713 -0.611776
v -0.00346296 0.0329478 0.172488 0.8 0.8 0.8
vn -0.0869051 0.786242 -0.611776
v -0.0102375 0.0315079 0.172488 0.8 0.8 0.8
vn -0.248475 0.750992 -0.611776
v -0.0165647 0.0286908 0.172488 0.8 0.8 0.8
vn -0.399185 0.682921 -0.611776
v -0.0221678 0.0246199 0.172488 0.8 0.8 0.8
vn -0.532449 0.585002 -0.611776
v -0.0268022 0.0194729 0.172488 0.8 0.8 0.8
vn -0.642443 0.461516 -0.611776
v -0.0302651 0.0134749 0.172488 0.8 0.8 0.8
vn -0.724358 0.317859 -0.611776
v -0.0324053 0.00688799 0.172488 0.8 0.8 0.8
vn -0.774616 0.160311 -0.611776
v -0.0331293 2.4122e-08 0.172488 0.8 0.8 0.8
vn -0.791019 -0.00424432 -0.611776
v -0.0324053 -0.00688794 0.172488 0.8 0.8 0.8
vn -0.772851 -0.168614 -0.611776
v -0.0302651 -0.0134749 0.172488 0.8 0.8 0.8
vn -0.720906 -0.325614 -0.611776
v -0.0268022 -0.0194729 0.172488 0.8 0.8 0.8
vn -0.637453 -0.468383 -0.611776
v -0.0221678 -0.0246198 0.172488 0.8 0.8 0.8
vn -0.526141 -0.590682 -0.611776
v -0.0165647 -0.0286908 0.172488 0.8 0.8 0.8
vn -0.391834 -0.687165 -0.611776
v -0.0102375 -0.0315078 0.172488 0.8 0.8 0.8
vn -0.240402 -0.753616 -0.611776
v -0.00346295 -0.0329478 0.172488 0.8 0.8 0.8
vn -0.0784629 -0.78713 -0.611776
v 0.00346296 -0.0329478 0.172488 0.8 0.8 0.8
vn 0.0869051 -0.786242 -0.611776
v 0.0102375 -0.0315078 0.172488 0.8 0.8 0.8
vn 0.248475 -0.750992 -0.611776
v 0.0165647 -0.0286908 0.172488 0.8 0.8 0.8
vn 0.399185 -0.682921 -0.611776
v 0.0221678 -0.0246198 0.172488 0.8 0.8 0.8
vn 0.532449 -0.585002 -0.611776
v 0.0268022 -0.0194729 0.172488 0.8 0.8 0.8
vn 0.642443 -0.461516 -0.611776
v 0.0302651 -0.0134749 0.172488 0.8 0.8 0.8
vn 0.724358 -0.317859 -0.611776
v 0.0324053 -0.00688795 0.172488 0.8 0.8 0.8
vn 0.774616 -0.160311 -0.611776
v 0.0286461 2.30651e-08 0.167165 0.8 0.8 0.8
vn 0.740055 0.00505217 -0.672527
v 0.0280201 0.00595587 0.167165 0.8 0.8 0.8
vn 0.722833 0.158808 -0.672527
v 0.0261695 0.0116514 0.167165 0.8 0.8 0.8
vn 0.674019 0.305623 -0.672527
v 0.0231752 0.0168378 0.167165 0.8 0.8 0.8
vn 0.595748 0.439081 -0.672527
v 0.019168 0.0212882 0.167165 0.8 0.8 0.8
vn 0.491439 0.553349 -0.672527
v 0.014323 0.0248082 0.167165 0.8 0.8 0.8
vn 0.365652 0.643433 -0.672527
v 0.00885212 0.027244 0.167165 0.8 0.8 0.8
vn 0.223885 0.705395 -0.672527
v 0.00299433 0.0284892 0.167165 0.8 0.8 0.8
vn 0.0723323 0.736529 -0.672527
v -0.00299433 0.0284892 0.167165 0.8 0.8 0.8
vn -0.0823813 0.735473 -0.672527
v -0.00885212 0.027244 0.167165 0.8 0.8 0.8
vn -0.233495 0.702273 -0.672527
v -0.014323 0.0248082 0.167165 0.8 0.8 0.8
vn -0.374403 0.63838 -0.672527
v -0.019168 0.0212882 0.167165 0.8 0.8 0.8
vn -0.498948 0.546588 -0.672527
v -0.0231752 0.0168378 0.167165 0.8 0.8 0.8
vn -0.601687 0.430906 -0.672527
v -0.0261695 0.0116514 0.167165 0.8 0.8 0.8
vn -0.678129 0.296392 -0.672527
v -0.0280201 0.00595587 0.167165 0.8 0.8 0.8
vn -0.724934 0.148924 -0.672527
v -0.0286461 2.40453e-08 0.167165 0.8 0.8 0.8
vn -0.740055 -0.00505217 -0.672527
v -0.0280201 -0.00595583 0.167165 0.8 0.8 0.8
vn -0.722833 -0.158808 -0.672527
v -0.0261695 -0.0116514 0.167165 0.8 0.8 0.8
vn -0.674019 -0.305623 -0.672527
v -0.0231752 -0.0168377 0.167165 0.8 0.8 0.8
vn -0.595748 -0.439081 -0.672527
v -0.019168 -0.0212881 0.167165 0.8 0.8 0.8
vn -0.491439 -0.553349 -0.672527
v -0.014323 -0.0248082 0.167165 0.8 0.8 0.8
vn -0.365652 -0.643433 -0.672527
v -0.00885212 -0.027244 0.167165 0.8 0.8 0.8
vn -0.223885 -0.705395 -0.672527
v -0.00299433 -0.0284891 0.167165 0.8 0.8 0.8
vn -0.0723323 -0.736529 -0.672527
v 0.00299433 -0.0284891 0.167165 0.8 0.8 0.8
vn 0.0823813 -0.735473 -0.672527
v 0.00885212 -0.027244 0.167165 0.8 0.8 0.8
vn 0.233495 -0.702273 -0.672527
v 0.014323 -0.0248082 0.167165 0.8 0.8 0.8
vn 0.374403 -0.63838 -0.672527
v 0.019168 -0.0212881 0.167165 0.8 0.8 0.8
vn 0.498948 -0.546588 -0.672527
v 0.0231752 -0.0168377 0.167165 0.8 0.8 0.8
vn 0.601687 -0.430906 -0.672527
v 0.0261695 -0.0116514 0.167165 0.8 0.8 0.8
vn 0.678129 -0.296392 -0.672527
v 0.0280201 -0.00595583 0.167165 0.8 0.8 0.8
vn 0.724934 -0.148924 -0.672527
v 0.0236987 2.31498e-08 0.162155 0.8 0.8 0.8
vn 0.684901 0.00613386 -0.72861
v 0.0231808 0.00492725 0.162155 0.8 0.8 0.8
vn 0.668659 0.148399 -0.72861
v 0.0216498 0.00963913 0.162155 0.8 0.8 0.8
vn 0.623194 0.284178 -0.72861
v 0.0191726 0.0139297 0.162155 0.8 0.8 0.8
vn 0.550491 0.407537 -0.72861
v 0.0158575 0.0176116 0.162155 0.8 0.8 0.8
vn 0.45373 0.513085 -0.72861
v 0.0118493 0.0205237 0.162155 0.8 0.8 0.8
vn 0.337139 0.596209 -0.72861
v 0.00732329 0.0225388 0.162155 0.8 0.8 0.8
vn 0.205812 0.653275 -0.72861
v 0.00247718 0.0235688 0.162155 0.8 0.8 0.8
vn 0.0654914 0.68179 -0.72861
v -0.00247718 0.0235688 0.162155 0.8 0.8 0.8
vn -0.077692 0.680508 -0.72861
v -0.00732329 0.0225388 0.162155 0.8 0.8 0.8
vn -0.21748 0.649484 -0.72861
v -0.0118493 0.0205237 0.162155 0.8 0.8 0.8
vn -0.347763 0.590075 -0.72861
v -0.0158575 0.0176116 0.162155 0.8 0.8 0.8
vn -0.462847 0.504876 -0.72861
v -0.0191726 0.0139297 0.162155 0.8 0.8 0.8
vn -0.557702 0.397612 -0.72861
v -0.0216498 0.00963913 0.162155 0.8 0.8 0.8
vn -0.628183 0.272971 -0.72861
v -0.0231808 0.00492725 0.162155 0.8 0.8 0.8
vn -0.67121 0.136399 -0.72861
v -0.0236987 2.39607e-08 0.162155 0.8 0.8 0.8
vn -0.684901 -0.00613386 -0.72861
v -0.0231808 -0.0049272 0.162155 0.8 0.8 0.8
vn -0.668659 -0.148399 -0.72861
v -0.0216498 -0.00963909 0.162155 0.8 0.8 0.8
vn -0.623194 -0.284178 -0.72861
v -0.0191726 -0.0139297 0.162155 0.8 0.8 0.8
vn -0.550491 -0.407537 -0.72861
v -0.0158575 -0.0176115 0.162155 0.8 0.8 0.8
vn -0.45373 -0.513085 -0.72861
v -0.0118493 -0.0205236 0.162155 0.8 0.8 0.8
vn -0.337139 -0.596209 -0.72861
v -0.00732329 -0.0225387 0.162155 0.8 0.8 0.8
vn -0.205812 -0.653275 -0.72861
v -0.00247718 -0.0235688 0.162155 0.8 0.8 0.8
vn -0.0654914 -0.68179 -0.72861
v 0.00247718 -0.0235688 0.162155 0.8 0.8 0.8
vn 0.077692 -0.680508 -0.72861
v 0.00732329 -0.0225387 0.162155 0.8 0.8 0.8
vn 0.21748 -0.649484 -0.72861
v 0.0118493 -0.0205236 0.162155 0.8 0.8 0.8
vn 0.347763 -0.590075 -0.72861
v 0.0158575 -0.0176115 0.162155 0.8 0.8 0.8
vn 0.462847 -0.504876 -0.72861
v 0.0191726 -0.0139297 0.162155 0.8 0.8 0.8
vn 0.557702 -0.397612 -0.72861
v 0.0216498 -0.00963909 0.162155 0.8 0.8 0.8
vn 0.628183 -0.272971 -0.72861
v 0.0231808 -0.0049272 0.162155 0.8 0.8 0.8
vn 0.67121 -0.136399 -0.72861
v 0.0183174 2.32418e-08 0.157512 0.8 0.8 0.8
vn 0.624068 0.00775106 -0.781332
v 0.0179171 0.00380843 0.157512 0.8 0.8 0.8
vn 0.608819 0.137333 -0.781332
v 0.0167338 0.00745039 0.157512 0.8 0.8 0.8
vn 0.566962 0.260912 -0.781332
v 0.0148191 0.0107667 0.157512 0.8 0.8 0.8
vn 0.500325 0.373088 -0.781332
v 0.0122567 0.0136125 0.157512 0.8 0.8 0.8
vn 0.411823 0.468959 -0.781332
v 0.00915871 0.0158634 0.157512 0.8 0.8 0.8
vn 0.305321 0.544334 -0.781332
v 0.0056604 0.0174209 0.157512 0.8 0.8 0.8
vn 0.185476 0.595919 -0.781332
v 0.00191469 0.0182171 0.157512 0.8 0.8 0.8
vn 0.0575242 0.621459 -0.781332
v -0.00191469 0.0182171 0.157512 0.8 0.8 0.8
vn -0.0729415 0.619839 -0.781332
v -0.0056604 0.0174209 0.157512 0.8 0.8 0.8
vn -0.200219 0.591128 -0.781332
v -0.00915871 0.0158634 0.157512 0.8 0.8 0.8
vn -0.318746 0.536583 -0.781332
v -0.0122568 0.0136125 0.157512 0.8 0.8 0.8
vn -0.423343 0.458586 -0.781332
v -0.0148191 0.0107667 0.157512 0.8 0.8 0.8
vn -0.509437 0.360547 -0.781332
v -0.0167338 0.00745039 0.157512 0.8 0.8 0.8
vn -0.573267 0.24675 -0.781332
v -0.0179171 0.00380843 0.157512 0.8 0.8 0.8
vn -0.612042 0.122169 -0.781332
v -0.0183174 2.38686e-08 0.157512 0.8 0.8 0.8
vn -0.624068 -0.00775106 -0.781332
v -0.0179171 -0.00380838 0.157512 0.8 0.8 0.8
vn -0.608819 -0.137333 -0.781332
v -0.0167338 -0.00745034 0.157512 0.8 0.8 0.8
vn -0.566962 -0.260912 -0.781332
v -0.0148191 -0.0107667 0.157512 0.8 0.8 0.8
vn -0.500325 -0.373088 -0.781332
v -0.0122568 -0.0136125 0.157512 0.8 0.8 0.8
vn -0.411823 -0.468959 -0.781332
v -0.00915871 -0.0158633 0.157512 0.8 0.8 0.8
vn -0.305321 -0.544334 -0.781332
v -0.0056604 -0.0174209 0.157512 0.8 0.8 0.8
vn -0.185476 -0.595919 -0.781332
v -0.00191469 -0.0182171 0.157512 0.8 0.8 0.8
vn -0.0575242 -0.621459 -0.781332
v 0.00191469 -0.0182171 0.157512 0.8 0.8 0.8
vn 0.0729415 -0.619839 -0.781332
v 0.0056604 -0.0174209 0.157512 0.8 0.8 0.8
vn 0.200219 -0.591128 -0.781332
v 0.00915871 -0.0158633 0.157512 0.8 0.8 0.8
vn 0.318746 -0.536583 -0.781332
v 0.0122568 -0.0136125 0.157512 0.8 0.8 0.8
vn 0.423343 -0.458586 -0.781332
v 0.0148191 -0.0107667 0.157512 0.8 0.8 0.8
vn 0.509437 -0.360547 -0.781332
v 0.0167338 -0.00745034 0.157512 0.8 0.8 0.8
vn 0.573267 -0.24675 -0.781332
v 0.0179171 -0.00380838 0.157512 0.8 0.8 0.8
vn 0.612042 -0.122169 -0.781332
v 0.0125388 2.33407e-08 0.15332 0.8 0.8 0.8
vn 0.553329 0.0106164 -0.832895
v 0.0122647 0.00260698 0.15332 0.8 0.8 0.8
vn 0.539031 0.125428 -0.832895
v 0.0114547 0.00509999 0.15332 0.8 0.8 0.8
vn 0.501173 0.234758 -0.832895
v 0.0101441 0.00737012 0.15332 0.8 0.8 0.8
vn 0.441413 0.333828 -0.832895
v 0.00839006 0.00931813 0.15332 0.8 0.8 0.8
vn 0.36236 0.418308 -0.832895
v 0.00626938 0.0108589 0.15332 0.8 0.8 0.8
vn 0.267471 0.484505 -0.832895
v 0.00387469 0.0119251 0.15332 0.8 0.8 0.8
vn 0.160891 0.529528 -0.832895
v 0.00131066 0.0124701 0.15332 0.8 0.8 0.8
vn 0.0472804 0.551408 -0.832895
v -0.00131066 0.0124701 0.15332 0.8 0.8 0.8
vn -0.0683969 0.549188 -0.832895
v -0.00387469 0.0119251 0.15332 0.8 0.8 0.8
vn -0.181085 0.522967 -0.832895
v -0.00626938 0.0108589 0.15332 0.8 0.8 0.8
vn -0.285859 0.473889 -0.832895
v -0.00839006 0.00931813 0.15332 0.8 0.8 0.8
vn -0.378139 0.4041 -0.832895
v -0.0101441 0.00737012 0.15332 0.8 0.8 0.8
vn -0.453893 0.31665 -0.832895
v -0.0114547 0.00509999 0.15332 0.8 0.8 0.8
vn -0.50981 0.215361 -0.832895
v -0.0122648 0.00260698 0.15332 0.8 0.8 0.8
vn -0.543445 0.104659 -0.832895
v -0.0125388 2.37697e-08 0.15332 0.8 0.8 0.8
vn -0.553329 -0.0106164 -0.832895
v -0.0122648 -0.00260693 0.15332 0.8 0.8 0.8
vn -0.539031 -0.125428 -0.832895
v -0.0114547 -0.00509995 0.15332 0.8 0.8 0.8
vn -0.501173 -0.234758 -0.832895
v -0.0101441 -0.00737007 0.15332 0.8 0.8 0.8
vn -0.441413 -0.333828 -0.832895
v -0.00839006 -0.00931808 0.15332 0.8 0.8 0.8
vn -0.36236 -0.418308 -0.832895
v -0.00626938 -0.0108589 0.15332 0.8 0.8 0.8
vn -0.267471 -0.484505 -0.832895
v -0.00387469 -0.011925 0.15332 0.8 0.8 0.8
vn -0.160891 -0.529528 -0.832895
v -0.00131066 -0.01247 0.15332 0.8 0.8 0.8
vn -0.0472804 -0.551408 -0.832895
v 0.00131066 -0.01247 0.15332 0.8 0.8 0.8
vn 0.0683969 -0.549188 -0.832895
v 0.00387469 -0.011925 0.15332 0.8 0.8 0.8
vn 0.181085 -0.522967 -0.832895
v 0.00626938 -0.0108589 0.15332 0.8 0.8 0.8
vn 0.285859 -0.473889 -0.832895
v 0.00839006 -0.00931808 0.15332 0.8 0.8 0.8
vn 0.378139 -0.4041 -0.832895
v 0.0101441 -0.00737007 0.15332 0.8 0.8 0.8
vn 0.453893 -0.31665 -0.832895
v 0.0114547 -0.00509995 0.15332 0.8 0.8 0.8
vn 0.50981 -0.215361 -0.832895
v 0.0122647 -0.00260693 0.15332 0.8 0.8 0.8
vn 0.543445 -0.104659 -0.832895
v 0.00640925 2.34456e-08 0.149735 0.8 0.8 0.8
vn 0.457573 0.0176788 -0.888996
v 0.00626919 0.00133258 0.149735 0.8 0.8 0.8
vn 0.443899 0.112427 -0.888996
v 0.00585514 0.0026069 0.149735 0.8 0.8 0.8
vn 0.410823 0.202262 -0.888996
v 0.00518519 0.00376728 0.149735 0.8 0.8 0.8
vn 0.359793 0.283257 -0.888996
v 0.00428862 0.00476302 0.149735 0.8 0.8 0.8
vn 0.293038 0.351873 -0.888996
v 0.00320462 0.00555059 0.149735 0.8 0.8 0.8
vn 0.213476 0.40511 -0.888996
v 0.00198057 0.00609558 0.149735 0.8 0.8 0.8
vn 0.124584 0.440641 -0.888996
v 0.000669948 0.00637416 0.149735 0.8 0.8 0.8
vn 0.0302475 0.456915 -0.888996
v -0.000669949 0.00637416 0.149735 0.8 0.8 0.8
vn -0.0654114 0.453219 -0.888996
v -0.00198057 0.00609558 0.149735 0.8 0.8 0.8
vn -0.158212 0.429715 -0.888996
v -0.00320462 0.00555059 0.149735 0.8 0.8 0.8
vn -0.244097 0.387431 -0.888996
v -0.00428862 0.00476302 0.149735 0.8 0.8 0.8
vn -0.319314 0.328214 -0.888996
v -0.00518519 0.00376728 0.149735 0.8 0.8 0.8
vn -0.380576 0.254652 -0.888996
v -0.00585514 0.0026069 0.149735 0.8 0.8 0.8
vn -0.425205 0.169961 -0.888996
v -0.00626919 0.00133258 0.149735 0.8 0.8 0.8
vn -0.45125 0.0778424 -0.888996
v -0.00640925 2.36649e-08 0.149735 0.8 0.8 0.8
vn -0.457573 -0.0176788 -0.888996
v -0.00626919 -0.00133253 0.149735 0.8 0.8 0.8
vn -0.443899 -0.112427 -0.888996
v -0.00585514 -0.00260685 0.149735 0.8 0.8 0.8
vn -0.410823 -0.202262 -0.888996
v -0.00518519 -0.00376724 0.149735 0.8 0.8 0.8
vn -0.359793 -0.283257 -0.888996
v -0.00428862 -0.00476297 0.149735 0.8 0.8 0.8
vn -0.293038 -0.351873 -0.888996
v -0.00320462 -0.00555055 0.149735 0.8 0.8 0.8
vn -0.213476 -0.40511 -0.888996
v -0.00198057 -0.00609553 0.149735 0.8 0.8 0.8
vn -0.124584 -0.440641 -0.888996
v -0.000669949 -0.00637411 0.149735 0.8 0.8 0.8
vn -0.0302475 -0.456915 -0.888996
v 0.000669948 -0.00637411 0.149735 0.8 0.8 0.8
vn 0.0654114 -0.453219 -0.888996
v 0.00198057 -0.00609553 0.149735 0.8 0.8 0.8
vn 0.158212 -0.429715 -0.888996
v 0.00320462 -0.00555055 0.149735 0.8 0.8 0.8
vn 0.244097 -0.387431 -0.888996
v 0.00428862 -0.00476297 0.149735 0.8 0.8 0.8
vn 0.319314 -0.328214 -0.888996
v 0.00518519 -0.00376724 0.149735 0.8 0.8 0.8
vn 0.380576 -0.254652 -0.888996
v 0.00585514 -0.00260685 0.149735 0.8 0.8 0.8
vn 0.425205 -0.169961 -0.888996
v 0.00626919 -0.00133253 0.149735 0.8 0.8 0.8
vn 0.45125 -0.0778424 -0.888996
v -4.31239e-10 2.35552e-08 0.147287 0.8 0.8 0.8
vn 0.356553 0.0374752 -0.933523
v -4.31239e-10 2.35552e-08 0.147287 0.8 0.8 0.8
vn 0.34097 0.110788 -0.933523
v -4.31239e-10 2.35552e-08 0.147287 0.8 0.8 0.8
vn 0.310485 0.179258 -0.933523
v -4.31239e-10 2.35552e-08 0.147287 0.8 0.8 0.8
vn 0.26643 0.239894 -0.933523
v -4.31239e-10 2.35552e-08 0.147287 0.8 0.8 0.8
vn 0.210731 0.290046 -0.933523
v -4.31239e-10 2.35552e-08 0.147287 0.8 0.8 0.8
vn 0.145822 0.327521 -0.933523
v -4.31239e-10 2.35552e-08 0.147287 0.8 0.8 0.8
vn 0.0745398 0.350682 -0.933523
v -4.31239e-10 2.35552e-08 0.147287 0.8 0.8 0.8
vn -6.13364e-09 0.358517 -0.933523
v -4.31239e-10 2.35552e-08 0.147287 0.8 0.8 0.8
vn -0.0745398 0.350682 -0.933523
v -4.31239e-10 2.35552e-08 0.147287 0.8 0.8 0.8
vn -0.145822 0.327521 -0.933523
v -4.31239e-10 2.35552e-08 0.147287 0.8 0.8 0.8
vn -0.210731 0.290046 -0.933523
v -4.31239e-10 2.35552e-08 0.147287 0.8 0.8 0.8
vn -0.26643 0.239894 -0.933523
v -4.31239e-10 2.35552e-08 0.147287 0.8 0.8 0.8
vn -0.310485 0.179258 -0.933523
v -4.31239e-10 2.35552e-08 0.147287 0.8 0.8 0.8
vn -0.34097 0.110788 -0.933523
v -4.31239e-10 2.35552e-08 0.147287 0.8 0.8 0.8
vn -0.356553 0.0374752 -0.933523
v -4.31239e-10 2.35552e-08 0.147287 0.8 0.8 0.8
vn -0.356553 -0.0374752 -0.933523
v -4.31239e-10 2.35552e-08 0.147287 0.8 0.8 0.8
vn -0.34097 -0.110788 -0.933523
v -4.31239e-10 2.35552e-08 0.147287 0.8 0.8 0.8
vn -0.310485 -0.179258 -0.933523
v -4.31239e-10 2.35552e-08 0.147287 0.8 0.8 0.8
vn -0.26643 -0.239894 -0.933523
v -4.31239e-10 2.35552e-08 0.147287 0.8 0.8 0.8
vn -0.210731 -0.290046 -0.933523
v -4.31239e-10 2.35552e-08 0.147287 0.8 0.8 0.8
vn -0.145822 -0.327521 -0.933523
v -4.31239e-10 2.35552e-08 0.147287 0.8 0.8 0.8
vn -0.0745398 -0.350682 -0.933523
v -4.31239e-10 2.35552e-08 0.147287 0.8 0.8 0.8
vn 6.13364e-09 -0.358517 -0.933523
v -4.31239e-10 2.35552e-08 0.147287 0.8 0.8 0.8
vn 0.0745398 -0.350682 -0.933523
v -4.31239e-10 2.35552e-08 0.147287 0.8 0.8 0.8
vn 0.145822 -0.327521 -0.933523
v -4.31239e-10 2.35552e-08 0.147287 0.8 0.8 0.8
vn 0.210731 -0.290046 -0.933523
v -4.31239e-10 2.35552e-08 0.147287 0.8 0.8 0.8
vn 0.26643 -0.239894 -0.933523
v -4.31239e-10 2.35552e-08 0.147287 0.8 0.8 0.8
vn 0.310485 -0.179258 -0.933523
v -4.31239e-10 2.35552e-08 0.147287 0.8 0.8 0.8
vn 0.34097 -0.110788 -0.933523
v -4.31239e-10 2.35552e-08 0.147287 0.8 0.8 0.8
vn 0.356553 -0.0374752 -0.933523
f 1//1 3//3 4//4
f 2//2 724//724 723//723
f 1//1 4//4 5//5
f 2//2 725//725 724//724
f 1//1 5//5 6//6
f 2//2 726//726 725//725
f 1//1 6//6 7//7
f 2//2 727//727 726//726
f 1//1 7//7 8//8
f 2//2 728//728 727//727
f 1//1 8//8 9//9
f 2//2 729//729 728//728
f 1//1 9//9 10//10
f 2//2 730//730 729//729
f 1//1 10//10 11//11
f 2//2 731//731 730//730
f 1//1 11//11 12//12
f 2//2 732//732 731//731
f 1//1 12//12 13//13
f 2//2 733//733 732//732
f 1//1 13//13 14//14
f 2//2 734//734 733//733
f 1//1 14//14 15//15
f 2//2 735//735 734//734
f 1//1 15//15 16//16
f 2//2 736//736 735//735
f 1//1 16//16 17//17
f 2//2 737//737 736//736
f 1//1 17//17 18//18
f 2//2 738//738 737//737
f 1//1 18//18 19//19
f 2//2 739//739 738//738
f 1//1 19//19 20//20
f 2//2 740//740 739//739
f 1//1 20//20 21//21
f 2//2 741//741 740//740
f 1//1 21//21 22//22
f 2//2 742//742 741//741
f 1//1 22//22 23//23
f 2//2 743//743 742//742
f 1//1 23//23 24//24
f 2//2 744//744 743//743
f 1//1 24//24 25//25
f 2//2 745//745 744//744
f 1//1 25//25 26//26
f 2//2 746//746 745//745
f 1//1 26//26 27//27
f 2//2 747//747 746//746
f 1//1 27//27 28//28
f 2//2 748//748 747//747
f 1//1 28//28 29//29
f 2//2 749//749 748//748
f 1//1 29//29 30//30
f 2//2 750//750 749//749
f 1//1 30//30 31//31
f 2//2 751//751 750//750
f 1//1 31//31 32//32
f 2//2 752//752 751//751
f 1//1 32//32 33//33
f 2//2 753//753 752//752
f 1//1 33//33 34//34
f 2//2 754//754 753//753
f 1//1 34//34 35//35
f 2//2 755//755 754//754
f 1//1 35//35 36//36
f 2//2 756//756 755//755
f 1//1 36//36 37//37
f 2//2 757//757 756//756
f 1//1 37//37 38//38
f 2//2 758//758 757//757
f 1//1 38//38 39//39
f 2//2 759//759 758//758
f 1//1 39//39 40//40
f 2//2 760//760 759//759
f 1//1 40//40 41//41
f 2//2 761//761 760//760
f 1//1 41//41 42//42
f 2//2 762//762 761//761
f 1//1 42//42 3//3
f 2//2 723//723 762//762
f 43//43 4//4 3//3
f 43//43 44//44 4//4
f 44//44 5//5 4//4
f 44//44 45//45 5//5
f 45//45 6//6 5//5
f 45//45 46//46 6//6
f 46//46 7//7 6//6
f 46//46 47//47 7//7
f 47//47 8//8 7//7
f 47//47 48//48 8//8
f 48//48 9//9 8//8
f 48//48 49//49 9//9
f 49//49 10//10 9//9
f 49//49 50//50 10//10
f 50//50 11//11 10//10
f 50//50 51//51 11//11
f 51//51 12//12 11//11
f 51//51 52//52 12//12
f 52//52 13//13 12//12
f 52//52 53//53 13//13
f 53//53 14//14 13//13
f 53//53 54//54 14//14
f 54//54 15//15 14//14
f 54//54 55//55 15//15
f 55//55 16//16 15//15
f 55//55 56//56 16//16
f 56//56 17//17 16//16
f 56//56 57//57 17//17
f 57//57 18//18 17//17
f 57//57 58//58 18//18
f 58//58 19//19 18//18
f 58//58 59//59 19//19
f 59//59 20//20 19//19
f 59//59 60//60 20//20
f 60//60 21//21 20//20
f 60//60 61//61 21//21
f 61//61 22//22 21//21
f 61//61 62//62 22//22
f 62//62 23//23 22//22
f 62//62 63//63 23//23
f 63//63 24//24 23//23
f 63//63 64//64 24//24
f 64//64 25//25 24//24
f 64//64 65//65 25//25
f 65//65 26//26 25//25
f 65//65 66//66 26//26
f 66//66 27//27 26//26
f 66//66 67//67 27//27
f 67//67 28//28 27//27
f 67//67 68//68 28//28
f 68//68 29//29 28//28
f 68//68 69//69 29//29
f 69//69 30//30 29//29
f 69//69 70//70 30//30
f 70//70 31//31 30//30
f 70//70 71//71 31//31
f 71//71 32//32 31//31
f 71//71 72//72 32//32
f 72//72 33//33 32//32
f 72//72 73//73 33//33
f 73//73 34//34 33//33
f 73//73 74//74 34//34
f 74//74 35//35 34//34
f 74//74 75//75 35//35
f 75//75 36//36 35//35
f 75//75 76//76 36//36
f 76//76 37//37 36//36
f 76//76 77//77 37//37
f 77//77 38//38 37//37
f 77//77 78//78 38//38
f 78//78 39//39 38//38
f 78//78 79//79 39//39
f 79//79 40//40 39//39
f 79//79 80//80 40//40
f 80//80 41//41 40//40
f 80//80 81//81 41//41
f 81//81 42//42 41//41
f 81//81 82//82 42//42
f 82//82 3//3 42//42
f 82//82 43//43 3//3
f 83//83 44//44 43//43
f 83//83 84//84 44//44
f 84//84 45//45 44//44
f 84//84 85//85 45//45
f 85//85 46//46 45//45
f 85//85 86//86 46//46
f 86//86 47//47 46//46
f 86//86 87//87 47//47
f 87//87 48//48 47//47
f 87//87 88//88 48//48
f 88//88 49//49 48//48
f 88//88 89//89 49//49
f 89//89 50//50 49//49
f 89//89 90//90 50//50
f 90//90 51//51 50//50
f 90//90 91//91 51//51
f 91//91 52//52 51//51
f 91//91 92//92 52//52
f 92//92 53//53 52//52
f 92//92 93//93 53//53
f 93//93 54//54 53//53
f 93//93 94//94 54//54
f 94//94 55//55 54//54
f 94//94 95//95 55//55
f 95//95 56//56 55//55
f 95//95 96//96 56//56
f 96//96 57//57 56//56
f 96//96 97//97 57//57
f 97//97 58//58 57//57
f 97//97 98//98 58//58
f 98//98 59//59 58//58
f 98//98 99//99 59//59
f 99//99 60//60 59//59
f 99//99 100//100 60//60
f 100//100 61//61 60//60
f 100//100 101//101 61//61
f 101//101 62//62 61//61
f 101//101 102//102 62//62
f 102//102 63//63 62//62
f 102//102 103//103 63//63
f 103//103 64//64 63//63
f 103//103 104//104 64//64
f 104//104 65//65 64//64
f 104//104 105//105 65//65
f 105//105 66//66 65//65
f 105//105 106//106 66//66
f 106//106 67//67 66//66
f 106//106 107//107 67//67
f 107//107 68//68 67//67
f 107//107 108//108 68//68
f 108//108 69//69 68//68
f 108//108 109//109 69//69
f 109//109 70//70 69//69
f 109//109 110//110 70//70
f 110//110 71//71 70//70
f 110//110 111//111 71//71
f 111//111 72//72 71//71
f 111//111 112//112 72//72
f 112//112 73//73 72//72
f 112//112 113//113 73//73
f 113//113 74//74 73//73
f 113//113 114//114 74//74
f 114//114 75//75 74//74
f 114//114 115//115 75//75
f 115//115 76//76 75//75
f 115//115 116//116 76//76
f 116//116 77//77 76//76
f 116//116 117//117 77//77
f 117//117 78//78 77//77
f 117//117 118//118 78//78
f 118//118 79//79 78//78
f 118//118 119//119 79//79
f 119//119 80//80 79//79
f 119//119 120//120 80//80
f 120//120 81//81 80//80
f 120//120 121//121 81//81
f 121//121 82//82 81//81
f 121//121 122//122 82//82
f 122//122 43//43 82//82
f 122//122 83//83 43//43
f 123//123 84//84 83//83
f 123//123 124//124 84//84
f 124//124 85//85 84//84
f 124//124 125//125 85//85
f 125//125 86//86 85//85
f 125//125 126//126 86//86
f 126//126 87//87 86//86
f 126//126 127//127 87//87
f 127//127 88//88 87//87
f 127//127 128//128 88//88
f 128//128 89//89 88//88
f 128//128 129//129 89//89
f 129//129 90//90 89//89
f 129//129 130//130 90//90
f 130//130 91//91 90//90
f 130//130 131//131 91//91
f 131//131 92//92 91//91
f 131//131 132//132 92//92
f 132//132 93//93 92//92
f 132//132 133//133 93//93
f 133//133 94//94 93//93
f 133//133 134//134 94//94
f 134//134 95//95 94//94
f 134//134 135//135 95//95
f 135//135 96//96 95//95
f 135//135 136//136 96//96
f 136//136 97//97 96//96
f 136//136 137//137 97//97
f 137//137 98//98 97//97
f 137//137 138//138 98//98
f 138//138 99//99 98//98
f 138//138 139//139 99//99
f 139//139 100//100 99//99
f 139//139 140//140 100//100
f 140//140 101//101 100//100
f 140//140 141//141 101//101
f 141//141 102//102 101//101
f 141//141 142//142 102//102
f 142//142 103//103 102//102
f 142//142 143//143 103//103
f 143//143 104//104 103//103
f 143//143 144//144 104//104
f 144//144 105//105 104//104
f 144//144 145//145 105//105
f 145//145 106//106 105//105
f 145//145 146//146 106//106
f 146//146 107//107 106//106
f 146//146 147//147 107//107
f 147//147 108//108 107//107
f 147//147 148//148 108//108
f 148//148 109//109 108//108
f 148//148 149//149 109//109
f 149//149 110//110 109//109
f 149//149 150//150 110//110
f 150//150 111//111 110//110
f 150//150 151//151 111//111
f 151//151 112//112 111//111
f 151//151 152//152 112//112
f 152//152 113//113 112//112
f 152//152 153//153 113//113
f 153//153 114//114 113//113
f 153//153 154//154 114//114
f 154//154 115//115 114//114
f 154//154 155//155 115//115
f 155//155 116//116 115//115
f 155//155 156//156 116//116
f 156//156 117//117 116//116
f 156//156 157//157 117//117
f 157//157 118//118 117//117
f 157//157 158//158 118//118
f 158//158 119//119 118//118
f 158//158 159//159 119//119
f 159//159 120//120 119//119
f 159//159 160//160 120//120
f 160//160 121//121 120//120
f 160//160 161//161 121//121
f 161//161 122//122 121//121
f 161//161 162//162 122//122
f 162//162 83//83 122//122
f 162//162 123//123 83//83
f 163//163 124//124 123//123
f 163//163 164//164 124//124
f 164//164 125//125 124//124
f 164//164 165//165 125//125
f 165//165 126//126 125//125
f 165//165 166//166 126//126
f 166//166 127//127 126//126
f 166//166 167//167 127//127
f 167//167 128//128 127//127
f 167//167 168//168 128//128
f 168//168 129//129 128//128
f 168//168 169//169 129//129
f 169//169 130//130 129//129
f 169//169 170//170 130//130
f 170//170 131//131 130//130
f 170//170 171//171 131//131
f 171//171 132//132 131//131
f 171//171 172//172 132//132
f 172//172 133//133 132//132
f 172//172 173//173 133//133
f 173//173 134//134 133//133
f 173//173 174//174 134//134
f 174//174 135//135 134//134
f 174//174 175//175 135//135
f 175//175 136//136 135//135
f 175//175 176//176 136//136
f 176//176 137//137 136//136
f 176//176 177//177 137//137
f 177//177 138//138 137//137
f 177//177 178//178 138//138
f 178//178 139//139 138//138
f 178//178 179//179 139//139
f 179//179 140//140 139//139
f 179//179 180//180 140//140
f 180//180 141//141 140//140
f 180//180 181//181 141//141
f 181//181 142//142 141//141
f 181//181 182//182 142//142
f 182//182 143//143 142//142
f 182//182 183//183 143//143
f 183//183 144//144 143//143
f 183//183 184//184 144//144
f 184//184 145//145 144//144
f 184//184 185//185 145//145
f 185//185 146//146 145//145
f 185//185 186//186 146//146
f 186//186 147//147 146//146
f 186//186 187//187 147//147
f 187//187 148//148 147//147
f 187//187 188//188 148//148
f 188//188 149//149 148//148
f 188//188 189//189 149//149
f 189//189 150//150 149//149
f 189//189 190//190 150//150
f 190//190 151//151 150//150
f 190//190 191//191 151//151
f 191//191 152//152 151//151
f 191//191 192//192 152//152
f 192//192 153//153 152//152
f 192//192 193//193 153//153
f 193//193 154//154 153//153
f 193//193 194//194 154//154
f 194//194 155//155 154//154
f 194//194 195//195 155//155
f 195//195 156//156 155//155
f 195//195 196//196 156//156
f 196//196 157//157 156//156
f 196//196 197//197 157//157
f 197//197 158//158 157//157
f 197//197 198//198 158//158
f 198//198 159//159 158//158
f 198//198 199//199 159//159
f 199//199 160//160 159//159
f 199//199 200//200 160//160
f 200//200 161//161 160//160
f 200//200 201//201 161//161
f 201//201 162//162 161//161
f 201//201 202//202 162//162
f 202//202 123//123 162//162
f 202//202 163//163 123//123
f 203//203 164//164 163//163
f 203//203 204//204 164//164
f 204//204 165//165 164//164
f 204//204 205//205 165//165
f 205//205 166//166 165//165
f 205//205 206//206 166//166
f 206//206 167//167 166//166
f 206//206 207//207 167//167
f 207//207 168//168 167//167
f 207//207 208//208 168//168
f 208//208 169//169 168//168
f 208//208 209//209 169//169
f 209//209 170//170 169//169
f 209//209 210//210 170//170
f 210//210 171//171 170//170
f 210//210 211//211 171//171
f 211//211 172//172 171//171
f 211//211 212//212 172//172
f 212//212 173//173 172//172
f 212//212 213//213 173//173
f 213//213 174//174 173//173
f 213//213 214//214 174//174
f 214//214 175//175 174//174
f 214//214 215//215 175//175
f 215//215 176//176 175//175
f 215//215 216//216 176//176
f 216//216 177//177 176//176
f 216//216 217//217 177//177
f 217//217 178//178 177//177
f 217//217 218//218 178//178
f 218//218 179//179 178//178
f 218//218 219//219 179//179
f 219//219 180//180 179//179
f 219//219 220//220 180//180
f 220//220 181//181 180//180
f 220//220 221//221 181//181
f 221//221 182//182 181//181
f 221//221 222//222 182//182
f 222//222 183//183 182//182
f 222//222 223//223 183//183
f 223//223 184//184 183//183
f 223//223 224//224 184//184
f 224//224 185//185 184//184
f 224//224 225//225 185//185
f 225//225 186//186 185//185
f 225//225 226//226 186//186
f 226//226 187//187 186//186
f 226//226 227//227 187//187
f 227//227 188//188 187//187
f 227//227 228//228 188//188
f 228//228 189//189 188//188
f 228//228 229//229 189//189
f 229//229 190//190 189//189
f 229//229 230//230 190//190
f 230//230 191//191 190//190
f 230//230 231//231 191//191
f 231//231 192//192 191//191
f 231//231 232//232 192//192
f 232//232 193//193 192//192
f 232//232 233//233 193//193
f 233//233 194//194 193//193
f 233//233 234//234 194//194
f 234//234 195//195 194//194
f 234//234 235//235 195//195
f 235//235 196//196 195//195
f 235//235 236//236 196//196
f 236//236 197//197 196//196
f 236//236 237//237 197//197
f 237//237 198//198 197//197
f 237//237 238//238 198//198
f 238//238 199//199 198//198
f 238//238 239//239 199//199
f 239//239 200//200 199//199
f 239//239 240//240 200//200
f 240//240 201//201 200//200
f 240//240 241//241 201//201
f 241//241 202//202 201//201
f 241//241 242//242 202//202
f 242//242 163//163 202//202
f 242//242 203//203 163//163
f 243//243 204//204 203//203
f 243//243 244//244 204//204
f 244//244 205//205 204//204
f 244//244 245//245 205//205
f 245//245 206//206 205//205
f 245//245 246//246 206//206
f 246//246 207//207 206//206
f 246//246 247//247 207//207
f 247//247 208//208 207//207
f 247//247 248//248 208//208
f 248//248 209//209 208//208
f 248//248 249//249 209//209
f 249//249 210//210 209//209
f 249//249 250//250 210//210
f 250//250 211//211 210//210
f 250//250 251//251 211//211
f 251//251 212//212 211//211
f 251//251 252//252 212//212
f 252//252 213//213 212//212
f 252//252 253//253 213//213
f 253//253 214//214 213//213
f 253//253 254//254 214//214
f 254//254 215//215 214//214
f 254//254 255//255 215//215
f 255//255 216//216 215//215
f 255//255 256//256 216//216
f 256//256 217//217 216//216
f 256//256 257//257 217//217
f 257//257 218//218 217//217
f 257//257 258//258 218//218
f 258//258 219//219 218//218
f 258//258 259//259 219//219
f 259//259 220//220 219//219
f 259//259 260//260 220//220
f 260//260 221//221 220//220
f 260//260 261//261 221//221
f 261//261 222//222 221//221
f 261//261 262//262 222//222
f 262//262 223//223 222//222
f 262//262 263//263 223//223
f 263//263 224//224 223//223
f 263//263 264//264 224//224
f 264//264 225//225 224//224
f 264//264 265//265 225//225
f 265//265 226//226 225//225
f 265//265 266//266 226//226
f 266//266 227//227 226//226
f 266//266 267//267 227//227
f 267//267 228//228 227//227
f 267//267 268//268 228//228
f 268//268 229//229 228//228
f 268//268 269//269 229//229
f 269//269 230//230 229//229
f 269//269 270//270 230//230
f 270//270 231//231 230//230
f 270//270 271//271 231//231
f 271//271 232//232 231//231
f 271//271 272//272 232//232
f 272//272 233//233 232//232
f 272//272 273//273 233//233
f 273//273 234//234 233//233
f 273//273 274//274 234//234
f 274//274 235//235 234//234
f 274//274 275//275 235//235
f 275//275 236//236 235//235
f 275//275 276//276 236//236
f 276//276 237//237 236//236
f 276//276 277//277 237//237
f 277//277 238//238 237//237
f 277//277 278//278 238//238
f 278//278 239//239 238//238
f 278//278 279//279 239//239
f 279//279 240//240 239//239
f 279//279 280//280 240//240
f 280//280 241//241 240//240
f 280//280 281//281 241//241
f 281//281 242//242 241//241
f 281//281 282//282 242//242
f 282//282 203//203 242//242
f 282//282 243//243 203//203
f 283//283 244//244 243//243
f 283//283 284//284 244//244
f 284//284 245//245 244//244
f 284//284 285//285 245//245
f 285//285 246//246 245//245
f 285//285 286//286 246//246
f 286//286 247//247 246//246
f 286//286 287//287 247//247
f 287//287 248//248 247//247
f 287//287 288//288 248//248
f 288//288 249//249 248//248
f 288//288 289//289 249//249
f 289//289 250//250 249//249
f 289//289 290//290 250//250
f 290//290 251//251 250//250
f 290//290 291//291 251//251
f 291//291 252//252 251//251
f 291//291 292//292 252//252
f 292//292 253//253 252//252
f 292//292 293//293 253//253
f 293//293 254//254 253//253
f 293//293 294//294 254//254
f 294//294 255//255 254//254
f 294//294 295//295 255//255
f 295//295 256//256 255//255
f 295//295 296//296 256//256
f 296//296 257//257 256//256
f 296//296 297//297 257//257
f 297//297 258//258 257//257
f 297//297 298//298 258//258
f 298//298 259//259 258//258
f 298//298 299//299 259//259
f 299//299 260//260 259//259
f 299//299 300//300 260//260
f 300//300 261//261 260//260
f 300//300 301//301 261//261
f 301//301 262//262 261//261
f 301//301 302//302 262//262
f 302//302 263//263 262//262
f 302//302 303//303 263//263
f 303//303 264//264 263//263
f 303//303 304//304 264//264
f 304//304 265//265 264//264
f 304//304 305//305 265//265
f 305//305 266//266 265//265
f 305//305 306//306 266//266
f 306//306 267//267 266//266
f 306//306 307//307 267//267
f 307//307 268//268 267//267
f 307//307 308//308 268//268
f 308//308 269//269 268//268
f 308//308 309//309 269//269
f 309//309 270//270 269//269
f 309//309 310//310 270//270
f 310//310 271//271 270//270
f 310//310 311//311 271//271
f 311//311 272//272 271//271
f 311//311 312//312 272//272
f 312//312 273//273 272//272
f 312//312 313//313 273//273
f 313//313 274//274 273//273
f 313//313 314//314 274//274
f 314//314 275//275 274//274
f 314//314 315//315 275//275
f 315//315 276//276 275//275
f 315//315 316//316 276//276
f 316//316 277//277 276//276
f 316//316 317//317 277//277
f 317//317 278//278 277//277
f 317//317 318//318 278//278
f 318//318 279//279 278//278
f 318//318 319//319 279//279
f 319//319 280//280 279//279
f 319//319 320//320 280//280
f 320//320 281//281 280//280
f 320//320 321//321 281//281
f 321//321 282//282 281//281
f 321//321 322//322 282//282
f 322//322 243//243 282//282
f 322//322 283//283 243//243
f 323//323 284//284 283//283
f 323//323 324//324 284//284
f 324//324 285//285 284//284
f 324//324 325//325 285//285
f 325//325 286//286 285//285
f 325//325 326//326 286//286
f 326//326 287//287 286//286
f 326//326 327//327 287//287
f 327//327 288//288 287//287
f 327//327 328//328 288//288
f 328//328 289//289 288//288
f 328//328 329//329 289//289
f 329//329 290//290 289//289
f 329//329 330//330 290//290
f 330//330 291//291 290//290
f 330//330 331//331 291//291
f 331//331 292//292 291//291
f 331//331 332//332 292//292
f 332//332 293//293 292//292
f 332//332 333//333 293//293
f 333//333 294//294 293//293
f 333//333 334//334 294//294
f 334//334 295//295 294//294
f 334//334 335//335 295//295
f 335//335 296//296 295//295
f 335//335 336//336 296//296
f 336//336 297//297 296//296
f 336//336 337//337 297//297
f 337//337 298//298 297//297
f 337//337 338//338 298//298
f 338//338 299//299 298//298
f 338//338 339//339 299//299
f 339//339 300//300 299//299
f 339//339 340//340 300//300
f 340//340 301//301 300//300
f 340//340 341//341 301//301
f 341//341 302//302 301//301
f 341//341 342//342 302//302
f 342//342 303//303 302//302
f 342//342 343//343 303//303
f 343//343 304//304 303//303
f 343//343 344//344 304//304
f 344//344 305//305 304//304
f 344//344 345//345 305//305
f 345//345 306//306 305//305
f 345//345 346//346 306//306
f 346//346 307//307 306//306
f 346//346 347//347 307//307
f 347//347 308//308 307//307
f 347//347 348//348 308//308
f 348//348 309//309 308//308
f 348//348 349//349 309//309
f 349//349 310//310 309//309
f 349//349 350//350 310//310
f 350//350 311//311 310//310
f 350//350 351//351 311//311
f 351//351 312//312 311//311
f 351//351 352//352 312//312
f 352//352 313//313 312//312
f 352//352 353//353 313//313
f 353//353 314//314 313//313
f 353//353 354//354 314//314
f 354//354 315//315 314//314
f 354//354 355//355 315//315
f 355//355 316//316 315//315
f 355//355 356//356 316//316
f 356//356 317//317 316//316
f 356//356 357//357 317//317
f 357//357 318//318 317//317
f 357//357 358//358 318//318
f 358//358 319//319 318//318
f 358//358 359//359 319//319
f 359//359 320//320 319//319
f 359//359 360//360 320//320
f 360//360 321//321 320//320
f 360//360 361//361 321//321
f 361//361 322//322 321//321
f 361//361 362//362 322//322
f 362//362 283//283 322//322
f 362//362 323//323 283//283
f 363//363 324//324 323//323
f 363//363 364//364 324//324
f 364//364 325//325 324//324
f 364//364 365//365 325//325
f 365//365 326//326 325//325
f 365//365 366//366 326//326
f 366//366 327//327 326//326
f 366//366 367//367 327//327
f 367//367 328//328 327//327
f 367//367 368//368 328//328
f 368//368 329//329 328//328
f 368//368 369//369 329//329
f 369//369 330//330 329//329
f 369//369 370//370 330//330
f 370//370 331//331 330//330
f 370//370 371//371 331//331
f 371//371 332//332 331//331
f 371//371 372//372 332//332
f 372//372 333//333 332//332
f 372//372 373//373 333//333
f 373//373 334//334 333//333
f 373//373 374//374 334//334
f 374//374 335//335 334//334
f 374//374 375//375 335//335
f 375//375 336//336 335//335
f 375//375 376//376 336//336
f 376//376 337//337 336//336
f 376//376 377//377 337//337
f 377//377 338//338 337//337
f 377//377 378//378 338//338
f 378//378 339//339 338//338
f 378//378 379//379 339//339
f 379//379 340//340 339//339
f 379//379 380//380 340//340
f 380//380 341//341 340//340
f 380//380 381//381 341//341
f 381//381 342//342 341//341
f 381//381 382//382 342//342
f 382//382 343//343 342//342
f 382//382 383//383 343//343
f 383//383 344//344 343//343
f 383//383 384//384 344//344
f 384//384 345//345 344//344
f 384//384 385//385 345//345
f 385//385 346//346 345//345
f 385//385 386//386 346//346
f 386//386 347//347 346//346
f 386//386 387//387 347//347
f 387//387 348//348 347//347
f 387//387 388//388 348//348
f 388//388 349//349 348//348
f 388//388 389//389 349//349
f 389//389 350//350 349//349
f 389//389 390//390 350//350
f 390//390 351//351 350//350
f 390//390 391//391 351//351
f 391//391 352//352 351//351
f 391//391 392//392 352//352
f 392//392 353//353 352//352
f 392//392 393//393 353//353
f 393//393 354//354 353//353
f 393//393 394//394 354//354
f 394//394 355//355 354//354
f 394//394 395//395 355//355
f 395//395 356//356 355//355
f 395//395 396//396 356//356
f 396//396 357//357 356//356
f 396//396 397//397 357//357
f 397//397 358//358 357//357
f 397//397 398//398 358//358
f 398//398 359//359 358//358
f 398//398 399//399 359//359
f 399//399 360//360 359//359
f 399//399 400//400 360//360
f 400//400 361//361 360//360
f 400//400 401//401 361//361
f 401//401 362//362 361//361
f 401//401 402//402 362//362
f 402//402 323//323 362//362
f 402//402 363//363 323//323
f 403//403 364//364 363//363
f 403//403 404//404 364//364
f 404//404 365//365 364//364
f 404//404 405//405 365//365
f 405//405 366//366 365//365
f 405//405 406//406 366//366
f 406//406 367//367 366//366
f 406//406 407//407 367//367
f 407//407 368//368 367//367
f 407//407 408//408 368//368
f 408//408 369//369 368//368
f 408//408 409//409 369//369
f 409//409 370//370 369//369
f 409//409 410//410 370//370
f 410//410 371//371 370//370
f 410//410 411//411 371//371
f 411//411 372//372 371//371
f 411//411 412//412 372//372
f 412//412 373//373 372//372
f 412//412 413//413 373//373
f 413//413 374//374 373//373
f 413//413 414//414 374//374
f 414//414 375//375 374//374
f 414//414 415//415 375//375
f 415//415 376//376 375//375
f 415//415 416//416 376//376
f 416//416 377//377 376//376
f 416//416 417//417 377//377
f 417//417 378//378 377//377
f 417//417 418//418 378//378
f 418//418 379//379 378//378
f 418//418 419//419 379//379
f 419//419 380//380 379//379
f 419//419 420//420 380//380
f 420//420 381//381 380//380
f 420//420 421//421 381//381
f 421//421 382//382 381//381
f 421//421 422//422 382//382
f 422//422 383//383 382//382
f 422//422 423//423 383//383
f 423//423 384//384 383//383
f 423//423 424//424 384//384
f 424//424 385//385 384//384
f 424//424 425//425 385//385
f 425//425 386//386 385//385
f 425//425 426//426 386//386
f 426//426 387//387 386//386
f 426//426 427//427 387//387
f 427//427 388//388 387//387
f 427//427 428//428 388//388
f 428//428 389//389 388//388
f 428//428 429//429 389//389
f 429//429 390//390 389//389
f 429//429 430//430 390//390
f 430//430 391//391 390//390
f 430//430 431//431 391//391
f 431//431 392//392 391//391
f 431//431 432//432 392//392
f 432//432 393//393 392//392
f 432//432 433//433 393//393
f 433//433 394//394 393//393
f 433//433 434//434 394//394
f 434//434 395//395 394//394
f 434//434 435//435 395//395
f 435//435 396//396 395//395
f 435//435 436//436 396//396
f 436//436 397//397 396//396
f 436//436 437//437 397//397
f 437//437 398//398 397//397
f 437//437 438//438 398//398
f 438//438 399//399 398//398
f 438//438 439//439 399//399
f 439//439 400//400 399//399
f 439//439 440//440 400//400
f 440//440 401//401 400//400
f 440//440 441//441 401//401
f 441//441 402//402 401//401
f 441//441 442//442 402//402
f 442//442 363//363 402//402
f 442//442 403//403 363//363
f 443//443 404//404 403//403
f 443//443 444//444 404//404
f 444//444 405//405 404//404
f 444//444 445//445 405//405
f 445//445 406//406 405//405
f 445//445 446//446 406//406
f 446//446 407//407 406//406
f 446//446 447//447 407//407
f 447//447 408//408 407//407
f 447//447 448//448 408//408
f 448//448 409//409 408//408
f 448//448 449//449 409//409
f 449//449 410//410 409//409
f 449//449 450//450 410//410
f 450//450 411//411 410//410
f 450//450 451//451 411//411
f 451//451 412//412 411//411
f 451//451 452//452 412//412
f 452//452 413//413 412//412
f 452//452 453//453 413//413
f 453//453 414//414 413//413
f 453//453 454//454 414//414
f 454//454 415//415 414//414
f 454//454 455//455 415//415
f 455//455 416//416 415//415
f 455//455 456//456 416//416
f 456//456 417//417 416//416
f 456//456 457//457 417//417
f 457//457 418//418 417//417
f 457//457 458//458 418//418
f 458//458 419//419 418//418
f 458//458 459//459 419//419
f 459//459 420//420 419//419
f 459//459 460//460 420//420
f 460//460 421//421 420//420
f 460//460 461//461 421//421
f 461//461 422//422 421//421
f 461//461 462//462 422//422
f 462//462 423//423 422//422
f 462//462 463//463 423//423
f 463//463 424//424 423//423
f 463//463 464//464 424//424
f 464//464 425//425 424//424
f 464//464 465//465 425//425
f 465//465 426//426 425//425
f 465//465 466//466 426//426
f 466//466 427//427 426//426
f 466//466 467//467 427//427
f 467//467 428//428 427//427
f 467//467 468//468 428//428
f 468//468 429//429 428//428
f 468//468 469//469 429//429
f 469//469 430//430 429//429
f 469//469 470//470 430//430
f 470//470 431//431 430//430
f 470//470 471//471 431//431
f 471//471 432//432 431//431
f 471//471 472//472 432//432
f 472//472 433//433 432//432
f 472//472 473//473 433//433
f 473//473 434//434 433//433
f 473//473 474//474 434//434
f 474//474 435//435 434//434
f 474//474 475//475 435//435
f 475//475 436//436 435//435
f 475//475 476//476 436//436
f 476//476 437//437 436//436
f 476//476 477//477 437//437
f 477//477 438//438 437//437
f 477//477 478//478 438//438
f 478//478 439//439 438//438
f 478//478 479//479 439//439
f 479//479 440//440 439//439
f 479//479 480//480 440//440
f 480//480 441//441 440//440
f 480//480 481//481 441//441
f 481//481 442//442 441//441
f 481//481 482//482 442//442
f 482//482 403//403 442//442
f 482//482 443//443 403//403
f 483//483 444//444 443//443
f 483//483 484//484 444//444
f 484//484 445//445 444//444
f 484//484 485//485 445//445
f 485//485 446//446 445//445
f 485//485 486//486 446//446
f 486//486 447//447 446//446
f 486//486 487//487 447//447
f 487//487 448//448 447//447
f 487//487 488//488 448//448
f 488//488 449//449 448//448
f 488//488 489//489 449//449
f 489//489 450//450 449//449
f 489//489 490//490 450//450
f 490//490 451//451 450//450
f 490//490 491//491 451//451
f 491//491 452//452 451//451
f 491//491 492//492 452//452
f 492//492 453//453 452//452
f 492//492 493//493 453//453
f 493//493 454//454 453//453
f 493//493 494//494 454//454
f 494//494 455//455 454//454
f 494//494 495//495 455//455
f 495//495 456//456 455//455
f 495//495 496//496 456//456
f 496//496 457//457 456//456
f 496//496 497//497 457//457
f 497//497 458//458 457//457
f 497//497 498//498 458//458
f 498//498 459//459 458//458
f 498//498 499//499 459//459
f 499//499 460//460 459//459
f 499//499 500//500 460//460
f 500//500 461//461 460//460
f 500//500 501//501 461//461
f 501//501 462//462 461//461
f 501//501 502//502 462//462
f 502//502 463//463 462//462
f 502//502 503//503 463//463
f 503//503 464//464 463//463
f 503//503 504//504 464//464
f 504//504 465//465 464//464
f 504//504 505//505 465//465
f 505//505 466//466 465//465
f 505//505 506//506 466//466
f 506//506 467//467 466//466
f 506//506 507//507 467//467
f 507//507 468//468 467//467
f 507//507 508//508 468//468
f 508//508 469//469 468//468
f 508//508 509//509 469//469
f 509//509 470//470 469//469
f 509//509 510//510 470//470
f 510//510 471//471 470//470
f 510//510 511//511 471//471
f 511//511 472//472 471//471
f 511//511 512//512 472//472
f 512//512 473//473 472//472
f 512//512 513//513 473//473
f 513//513 474//474 473//473
f 513//513 514//514 474//474
f 514//514 475//475 474//474
f 514//514 515//515 475//475
f 515//515 476//476 475//475
f 515//515 516//516 476//476
f 516//516 477//477 476//476
f 516//516 517//517 477//477
f 517//517 478//478 477//477
f 517//517 518//518 478//478
f 518//518 479//479 478//478
f 518//518 519//519 479//479
f 519//519 480//480 479//479
f 519//519 520//520 480//480
f 520//520 481//481 480//480
f 520//520 521//521 481//481
f 521//521 482//482 481//481
f 521//521 522//522 482//482
f 522//522 443//443 482//482
f 522//522 483//483 443//443
f 523//523 484//484 483//483
f 523//523 524//524 484//484
f 524//524 485//485 484//484
f 524//524 525//525 485//485
f 525//525 486//486 485//485
f 525//525 526//526 486//486
f 526//526 487//487 486//486
f 526//526 527//527 487//487
f 527//527 488//488 487//487
f 527//527 528//528 488//488
f 528//528 489//489 488//488
f 528//528 529//529 489//489
f 529//529 490//490 489//489
f 529//529 530//530 490//490
f 530//530 491//491 490//490
f 530//530 531//531 491//491
f 531//531 492//492 491//491
f 531//531 532//532 492//492
f 532//532 493//493 492//492
f 532//532 533//533 493//493
f 533//533 494//494 493//493
f 533//533 534//534 494//494
f 534//534 495//495 494//494
f 534//534 535//535 495//495
f 535//535 496//496 495//495
f 535//535 536//536 496//496
f 536//536 497//497 496//496
f 536//536 537//537 497//497
f 537//537 498//498 497//497
f 537//537 538//538 498//498
f 538//538 499//499 498//498
f 538//538 539//539 499//499
f 539//539 500//500 499//499
f 539//539 540//540 500//500
f 540//540 501//501 500//500
f 540//540 541//541 501//501
f 541//541 502//502 501//501
f 541//541 542//542 502//502
f 542//542 503//503 502//502
f 542//542 543//543 503//503
f 543//543 504//504 503//503
f 543//543 544//544 504//504
f 544//544 505//505 504//504
f 544//544 545//545 505//505
f 545//545 506//506 505//505
f 545//545 546//546 506//506
f 546//546 507//507 506//506
f 546//546 547//547 507//507
f 547//547 508//508 507//507
f 547//547 548//548 508//508
f 548//548 509//509 508//508
f 548//548 549//549 509//509
f 549//549 510//510 509//509
f 549//549 550//550 510//510
f 550//550 511//511 510//510
f 550//550 551//551 511//511
f 551//551 512//512 511//511
f 551//551 552//552 512//512
f 552//552 513//513 512//512
f 552//552 553//553 513//513
f 553//553 514//514 513//513
f 553//553 554//554 514//514
f 554//554 515//515 514//514
f 554//554 555//555 515//515
f 555//555 516//516 515//515
f 555//555 556//556 516//516
f 556//556 517//517 516//516
f 556//556 557//557 517//517
f 557//557 518//518 517//517
f 557//557 558//558 518//518
f 558//558 519//519 518//518
f 558//558 559//559 519//519
f 559//559 520//520 519//519
f 559//559 560//560 520//520
f 560//560 521//521 520//520
f 560//560 561//561 521//521
f 561//561 522//522 521//521
f 561//561 562//562 522//522
f 562//562 483//483 522//522
f 562//562 523//523 483//483
f 563//563 524//524 523//523
f 563//563 564//564 524//524
f 564//564 525//525 524//524
f 564//564 565//565 525//525
f 565//565 526//526 525//525
f 565//565 566//566 526//526
f 566//566 527//527 526//526
f 566//566 567//567 527//527
f 567//567 528//528 527//527
f 567//567 568//568 528//528
f 568//568 529//529 528//528
f 568//568 569//569 529//529
f 569//569 530//530 529//529
f 569//569 570//570 530//530
f 570//570 531//531 530//530
f 570//570 571//571 531//531
f 571//571 532//532 531//531
f 571//571 572//572 532//532
f 572//572 533//533 532//532
f 572//572 573//573 533//533
f 573//573 534//534 533//533
f 573//573 574//574 534//534
f 574//574 535//535 534//534
f 574//574 575//575 535//535
f 575//575 536//536 535//535
f 575//575 576//576 536//536
f 576//576 537//537 536//536
f 576//576 577//577 537//537
f 577//577 538//538 537//537
f 577//577 578//578 538//538
f 578//578 539//539 538//538
f 578//578 579//579 539//539
f 579//579 540//540 539//539
f 579//579 580//580 540//540
f 580//580 541//541 540//540
f 580//580 581//581 541//541
f 581//581 542//542 541//541
f 581//581 582//582 542//542
f 582//582 543//543 542//542
f 582//582 583//583 543//543
f 583//583 544//544 543//543
f 583//583 584//584 544//544
f 584//584 545//545 544//544
f 584//584 585//585 545//545
f 585//585 546//546 545//545
f 585//585 586//586 546//546
f 586//586 547//547 546//546
f 586//586 587//587 547//547
f 587//587 548//548 547//547
f 587//587 588//588 548//548
f 588//588 549//549 548//548
f 588//588 589//589 549//549
f 589//589 550//550 549//549
f 589//589 590//590 550//550
f 590//590 551//551 550//550
f 590//590 591//591 551//551
f 591//591 552//552 551//551
f 591//591 592//592 552//552
f 592//592 553//553 552//552
f 592//592 593//593 553//553
f 593//593 554//554 553//553
f 593//593 594//594 554//554
f 594//594 555//555 554//554
f 594//594 595//595 555//555
f 595//595 556//556 555//555
f 595//595 596//596 556//556
f 596//596 557//557 556//556
f 596//596 597//597 557//557
f 597//597 558//558 557//557
f 597//597 598//598 558//558
f 598//598 559//559 558//558
f 598//598 599//599 559//559
f 599//599 560//560 559//559
f 599//599 600//600 560//560
f 600//600 561//561 560//560
f 600//600 601//601 561//561
f 601//601 562//562 561//561
f 601//601 602//602 562//562
f 602//602 523//523 562//562
f 602//602 563//563 523//523
f 603//603 564//564 563//563
f 603//603 604//604 564//564
f 604//604 565//565 564//564
f 604//604 605//605 565//565
f 605//605 566//566 565//565
f 605//605 606//606 566//566
f 606//606 567//567 566//566
f 606//606 607//607 567//567
f 607//607 568//568 567//567
f 607//607 608//608 568//568
f 608//608 569//569 568//568
f 608//608 609//609 569//569
f 609//609 570//570 569//569
f 609//609 610//610 570//570
f 610//610 571//571 570//570
f 610//610 611//611 571//571
f 611//611 572//572 571//571
f 611//611 612//612 572//572
f 612//612 573//573 572//572
f 612//612 613//613 573//573
f 613//613 574//574 573//573
f 613//613 614//614 574//574
f 614//614 575//575 574//574
f 614//614 615//615 575//575
f 615//615 576//576 575//575
f 615//615 616//616 576//576
f 616//616 577//577 576//576
f 616//616 617//617 577//577
f 617//617 578//578 577//577
f 617//617 618//618 578//578
f 618//618 579//579 578//578
f 618//618 619//619 579//579
f 619//619 580//580 579//579
f 619//619 620//620 580//580
f 620//620 581//581 580//580
f 620//620 621//621 581//581
f 621//621 582//582 581//581
f 621//621 622//622 582//582
f 622//622 583//583 582//582
f 622//622 623//623 583//583
f 623//623 584//584 583//583
f 623//623 624//624 584//584
f 624//624 585//585 584//584
f 624//624 625//625 585//585
f 625//625 586//586 585//585
f 625//625 626//626 586//586
f 626//626 587//587 586//586
f 626//626 627//627 587//587
f 627//627 588//588 587//587
f 627//627 628//628 588//588
f 628//628 589//589 588//588
f 628//628 629//629 589//589
f 629//629 590//590 589//589
f 629//629 630//630 590//590
f 630//630 591//591 590//590
f 630//630 631//631 591//591
f 631//631 592//592 591//591
f 631//631 632//632 592//592
f 632//632 593//593 592//592
f 632//632 633//633 593//593
f 633//633 594//594 593//593
f 633//633 634//634 594//594
f 634//634 595//595 594//594
f 634//634 635//635 595//595
f 635//635 596//596 595//595
f 635//635 636//636 596//596
f 636//636 597//597 596//596
f 636//636 637//637 597//597
f 637//637 598//598 597//597
f 637//637 638//638 598//598
f 638//638 599//599 598//598
f 638//638 639//639 599//599
f 639//639 600//600 599//599
f 639//639 640//640 600//600
f 640//640 601//601 600//600
f 640//640 641//641 601//601
f 641//641 602//602 601//601
f 641//641 642//642 602//602
f 642//642 563//563 602//602
f 642//642 603//603 563//563
f 643//643 604//604 603//603
f 643//643 644//644 604//604
f 644//644 605//605 604//604
f 644//644 645//645 605//605
f 645//645 606//606 605//605
f 645//645 646//646 606//606
f 646//646 607//607 606//606
f 646//646 647//647 607//607
f 647//647 608//608 607//607
f 647//647 648//648 608//608
f 648//648 609//609 608//608
f 648//648 649//649 609//609
f 649//649 610//610 609//609
f 649//649 650//650 610//610
f 650//650 611//611 610//610
f 650//650 651//651 611//611
f 651//651 612//612 611//611
f 651//651 652//652 612//612
f 652//652 613//613 612//612
f 652//652 653//653 613//613
f 653//653 614//614 613//613
f 653//653 654//654 614//614
f 654//654 615//615 614//614
f 654//654 655//655 615//615
f 655//655 616//616 615//615
f 655//655 656//656 616//616
f 656//656 617//617 616//616
f 656//656 657//657 617//617
f 657//657 618//618 617//617
f 657//657 658//658 618//618
f 658//658 619//619 618//618
f 658//658 659//659 619//619
f 659//659 620//620 619//619
f 659//659 660//660 620//620
f 660//660 621//621 620//620
f 660//660 661//661 621//621
f 661//661 622//622 621//621
f 661//661 662//662 622//622
f 662//662 623//623 622//622
f 662//662 663//663 623//623
f 663//663 624//624 623//623
f 663//663 664//664 624//624
f 664//664 625//625 624//624
f 664//664 665//665 625//625
f 665//665 626//626 625//625
f 665//665 666//666 626//626
f 666//666 627//627 626//626
f 666//666 667//667 627//627
f 667//667 628//628 627//627
f 667//667 668//668 628//628
f 668//668 629//629 628//628
f 668//668 669//669 629//629
f 669//669 630//630 629//629
f 669//669 670//670 630//630
f 670//670 631//631 630//630
f 670//670 671//671 631//631
f 671//671 632//632 631//631
f 671//671 672//672 632//632
f 672//672 633//633 632//632
f 672//672 673//673 633//633
f 673//673 634//634 633//633
f 673//673 674//674 634//634
f 674//674 635//635 634//634
f 674//674 675//675 635//635
f 675//675 636//636 635//635
f 675//675 676//676 636//636
f 676//676 637//637 636//636
f 676//676 677//677 637//637
f 677//677 638//638 637//637
f 677//677 678//678 638//638
f 678//678 639//639 638//638
f 678//678 679//679 639//639
f 679//679 640//640 639//639
f 679//679 680//680 640//640
f 680//680 641//641 640//640
f 680//680 681//681 641//641
f 681//681 642//642 641//641
f 681//681 682//682 642//642
f 682//682 603//603 642//642
f 682//682 643//643 603//603
f 683//683 644//644 643//643
f 683//683 684//684 644//644
f 684//684 645//645 644//644
f 684//684 685//685 645//645
f 685//685 646//646 645//645
f 685//685 686//686 646//646
f 686//686 647//647 646//646
f 686//686 687//687 647//647
f 687//687 648//648 647//647
f 687//687 688//688 648//648
f 688//688 649//649 648//648
f 688//688 689//689 649//649
f 689//689 650//650 649//649
f 689//689 690//690 650//650
f 690//690 651//651 650//650
f 690//690 691//691 651//651
f 691//691 652//652 651//651
f 691//691 692//692 652//652
f 692//692 653//653 652//652
f 692//692 693//693 653//653
f 693//693 654//654 653//653
f 693//693 694//694 654//654
f 694//694 655//655 654//654
f 694//694 695//695 655//655
f 695//695 656//656 655//655
f 695//695 696//696 656//656
f 696//696 657//657 656//656
f 696//696 697//697 657//657
f 697//697 658//658 657//657
f 697//697 698//698 658//658
f 698//698 659//659 658//658
f 698//698 699//699 659//659
f 699//699 660//660 659//659
f 699//699 700//700 660//660
f 700//700 661//661 660//660
f 700//700 701//701 661//661
f 701//701 662//662 661//661
f 701//701 702//702 662//662
f 702//702 663//663 662//662
f 702//702 703//703 663//663
f 703//703 664//664 663//663
f 703//703 704//704 664//664
f 704//704 665//665 664//664
f 704//704 705//705 665//665
f 705//705 666//666 665//665
f 705//705 706//706 666//666
f 706//706 667//667 666//666
f 706//706 707//707 667//667
f 707//707 668//668 667//667
f 707//707 708//708 668//668
f 708//708 669//669 668//668
f 708//708 709//709 669//669
f 709//709 670//670 669//669
f 709//709 710//710 670//670
f 710//710 671//671 670//670
f 710//710 711//711 671//671
f 711//711 672//672 671//671
f 711//711 712//712 672//672
f 712//712 673//673 672//672
f 712//712 713//713 673//673
f 713//713 674//674 673//673
f 713//713 714//714 674//674
f 714//714 675//675 674//674
f 714//714 715//715 675//675
f 715//715 676//676 675//675
f 715//715 716//716 676//676
f 716//716 677//677 676//676
f 716//716 717//717 677//677
f 717//717 678//678 677//677
f 717//717 718//718 678//678
f 718//718 679//679 678//678
f 718//718 719//719 679//679
f 719//719 680//680 679//679
f 719//719 720//720 680//680
f 720//720 681//681 680//680
f 720//720 721//721 681//681
f 721//721 682//682 681//681
f 721//721 722//722 682//682
f 722//722 643//643 682//682
f 722//722 683//683 643//643
f 723//723 684//684 683//683
f 723//723 724//724 684//684
f 724//724 685//685 684//684
f 724//724 725//725 685//685
f 725//725 686//686 685//685
f 725//725 726//726 686//686
f 726//726 687//687 686//686
f 726//726 727//727 687//687
f 727//727 688//688 687//687
f 727//727 728//728 688//688
f 728//728 689//689 688//688
f 728//728 729//729 689//689
f 729//729 690//690 689//689
f 729//729 730//730 690//690
f 730//730 691//691 690//690
f 730//730 731//731 691//691
f 731//731 692//692 691//691
f 731//731 732//732 692//692
f 732//732 693//693 692//692
f 732//732 733//733 693//693
f 733//733 694//694 693//693
f 733//733 734//734 694//694
f 734//734 695//695 694//694
f 734//734 735//735 695//695
f 735//735 696//696 695//695
f 735//735 736//736 696//696
f 736//736 697//697 696//696
f 736//736 737//737 697//697
f 737//737 698//698 697//697
f 737//737 738//738 698//698
f 738//738 699//699 698//698
f 738//738 739//739 699//699
f 739//739 700//700 699//699
f 739//739 740//740 700//700
f 740//740 701//701 700//700
f 740//740 741//741 701//701
f 741//741 702//702 701//701
f 741//741 742//742 702//702
f 742//742 703//703 702//702
f 742//742 743//743 703//703
f 743//743 704//704 703//703
f 743//743 744//744 704//704
f 744//744 705//705 704//704
f 744//744 745//745 705//705
f 745//745 706//706 705//705
f 745//745 746//746 706//706
f 746//746 707//707 706//706
f 746//746 747//747 707//707
f 747//747 708//708 707//707
f 747//747 748//748 708//708
f 748//748 709//709 708//708
f 748//748 749//749 709//709
f 749//749 710//710 709//709
f 749//749 750//750 710//710
f 750//750 711//711 710//710
f 750//750 751//751 711//711
f 751//751 712//712 711//711
f 751//751 752//752 712//712
f 752//752 713//713 712//712
f 752//752 753//753 713//713
f 753//753 714//714 713//713
f 753//753 754//754 714//714
f 754//754 715//715 714//714
f 754//754 755//755 715//715
f 755//755 716//716 715//715
f 755//755 756//756 716//716
f 756//756 717//717 716//716
f 756//756 757//757 717//717
f 757//757 718//718 717//717
f 757//757 758//758 718//718
f 758//758 719//719 718//718
f 758//758 759//759 719//719
f 759//759 720//720 719//719
f 759//759 760//760 720//720
f 760//760 721//721 720//720
f 760//760 761//761 721//721
f 761//761 722//722 721//721
f 761//761 762//762 722//722
f 762//762 683//683 722//722
f 762//762 723//723 683//683
f 763//763 765//765 766//766
f 764//764 1486//1486 1485//1485
f 763//763 766//766 767//767
f 764//764 1487//1487 1486//1486
f 763//763 767//767 768//768
f 764//764 1488//1488 1487//1487
f 763//763 768//768 769//769
f 764//764 1489//1489 1488//1488
f 763//763 769//769 770//770
f 764//764 1490//1490 1489//1489
f 763//763 770//770 771//771
f 764//764 1491//1491 1490//1490
f 763//763 771//771 772//772
f 764//764 1492//1492 1491//1491
f 763//763 772//772 773//773
f 764//764 1493//1493 1492//1492
f 763//763 773//773 774//774
f 764//764 1494//1494 1493//1493
f 763//763 774//774 775//775
f 764//764 1495//1495 1494//1494
f 763//763 775//775 776//776
f 764//764 1496//1496 1495//1495
f 763//763 776//776 777//777
f 764//764 1497//1497 1496//1496
f 763//763 777//777 778//778
f 764//764 1498//1498 1497//1497
f 763//763 778//778 779//779
f 764//764 1499//1499 1498//1498
f 763//763 779//779 780//780
f 764//764 1500//1500 1499//1499
f 763//763 780//780 781//781
f 764//764 1501//1501 1500//1500
f 763//763 781//781 782//782
f 764//764 1502//1502 1501//1501
f 763//763 782//782 783//783
f 764//764 1503//1503 1502//1502
f 763//763 783//783 784//784
f 764//764 1504//1504 1503//1503
f 763//763 784//784 785//785
f 764//764 1505//1505 1504//1504
f 763//763 785//785 786//786
f 764//764 1506//1506 1505//1505
f 763//763 786//786 787//787
f 764//764 1507//1507 1506//1506
f 763//763 787//787 788//788
f 764//764 1508//1508 1507//1507
f 763//763 788//788 789//789
f 764//764 1509//1509 1508//1508
f 763//763 789//789 790//790
f 764//764 1510//1510 1509//1509
f 763//763 790//790 791//791
f 764//764 1511//1511 1510//1510
f 763//763 791//791 792//792
f 764//764 1512//1512 1511//1511
f 763//763 792//792 793//793
f 764//764 1513//1513 1512//1512
f 763//763 793//793 794//794
f 764//764 1514//1514 1513//1513
f 763//763 794//794 795//795
f 764//764 1515//1515 1514//1514
f 763//763 795//795 796//796
f 764//764 1516//1516 1515//1515
f 763//763 796//796 797//797
f 764//764 1517//1517 1516//1516
f 763//763 797//797 798//798
f 764//764 1518//1518 1517//1517
f 763//763 798//798 799//799
f 764//764 1519//1519 1518//1518
f 763//763 799//799 800//800
f 764//764 1520//1520 1519//1519
f 763//763 800//800 801//801
f 764//764 1521//1521 1520//1520
f 763//763 801//801 802//802
f 764//764 1522//1522 1521//1521
f 763//763 802//802 803//803
f 764//764 1523//1523 1522//1522
f 763//763 803//803 804//804
f 764//764 1524//1524 1523//1523
f 763//763 804//804 765//765
f 764//764 1485//1485 1524//1524
f 805//805 766//766 765//765
f 805//805 806//806 766//766
f 806//806 767//767 766//766
f 806//806 807//807 767//767
f 807//807 768//768 767//767
f 807//807 808//808 768//768
f 808//808 769//769 768//768
f 808//808 809//809 769//769
f 809//809 770//770 769//769
f 809//809 810//810 770//770
f 810//810 771//771 770//770
f 810//810 811//811 771//771
f 811//811 772//772 771//771
f 811//811 812//812 772//772
f 812//812 773//773 772//772
f 812//812 813//813 773//773
f 813//813 774//774 773//773
f 813//813 814//814 774//774
f 814//814 775//775 774//774
f 814//814 815//815 775//775
f 815//815 776//776 775//775
f 815//815 816//816 776//776
f 816//816 777//777 776//776
f 816//816 817//817 777//777
f 817//817 778//778 777//777
f 817//817 818//818 778//778
f 818//818 779//779 778//778
f 818//818 819//819 779//779
f 819//819 780//780 779//779
f 819//819 820//820 780//780
f 820//820 781//781 780//780
f 820//820 821//821 781//781
f 821//821 782//782 781//781
f 821//821 822//822 782//782
f 822//822 783//783 782//782
f 822//822 823//823 783//783
f 823//823 784//784 783//783
f 823//823 824//824 784//784
f 824//824 785//785 784//784
f 824//824 825//825 785//785
f 825//825 786//786 785//785
f 825//825 826//826 786//786
f 826//826 787//787 786//786
f 826//826 827//827 787//787
f 827//827 788//788 787//787
f 827//827 828//828 788//788
f 828//828 789//789 788//788
f 828//828 829//829 789//789
f 829//829 790//790 789//789
f 829//829 830//830 790//790
f 830//830 791//791 790//790
f 830//830 831//831 791//791
f 831//831 792//792 791//791
f 831//831 832//832 792//792
f 832//832 793//793 792//792
f 832//832 833//833 793//793
f 833//833 794//794 793//793
f 833//833 834//834 794//794
f 834//834 795//795 794//794
f 834//834 835//835 795//795
f 835//835 796//796 795//795
f 835//835 836//836 796//796
f 836//836 797//797 796//796
f 836//836 837//837 797//797
f 837//837 798//798 797//797
f 837//837 838//838 798//798
f 838//838 799//799 798//798
f 838//838 839//839 799//799
f 839//839 800//800 799//799
f 839//839 840//840 800//800
f 840//840 801//801 800//800
f 840//840 841//841 801//801
f 841//841 802//802 801//801
f 841//841 842//842 802//802
f 842//842 803//803 802//802
f 842//842 843//843 803//803
f 843//843 804//804 803//803
f 843//843 844//844 804//804
f 844//844 765//765 804//804
f 844//844 805//805 765//765
f 845//845 806//806 805//805
f 845//845 846//846 806//806
f 846//846 807//807 806//806
f 846//846 847//847 807//807
f 847//847 808//808 807//807
f 847//847 848//848 808//808
f 848//848 809//809 808//808
f 848//848 849//849 809//809
f 849//849 810//810 809//809
f 849//849 850//850 810//810
f 850//850 811//811 810//810
f 850//850 851//851 811//811
f 851//851 812//812 811//811
f 851//851 852//852 812//812
f 852//852 813//813 812//812
f 852//852 853//853 813//813
f 853//853 814//814 813//813
f 853//853 854//854 814//814
f 854//854 815//815 814//814
f 854//854 855//855 815//815
f 855//855 816//816 815//815
f 855//855 856//856 816//816
f 856//856 817//817 816//816
f 856//856 857//857 817//817
f 857//857 818//818 817//817
f 857//857 858//858 818//818
f 858//858 819//819 818//818
f 858//858 859//859 819//819
f 859//859 820//820 819//819
f 859//859 860//860 820//820
f 860//860 821//821 820//820
f 860//860 861//861 821//821
f 861//861 822//822 821//821
f 861//861 862//862 822//822
f 862//862 823//823 822//822
f 862//862 863//863 823//823
f 863//863 824//824 823//823
f 863//863 864//864 824//824
f 864//864 825//825 824//824
f 864//864 865//865 825//825
f 865//865 826//826 825//825
f 865//865 866//866 826//826
f 866//866 827//827 826//826
f 866//866 867//867 827//827
f 867//867 828//828 827//827
f 867//867 868//868 828//828
f 868//868 829//829 828//828
f 868//868 869//869 829//829
f 869//869 830//830 829//829
f 869//869 870//870 830//830
f 870//870 831//831 830//830
f 870//870 871//871 831//831
f 871//871 832//832 831//831
f 871//871 872//872 832//832
f 872//872 833//833 832//832
f 872//872 873//873 833//833
f 873//873 834//834 833//833
f 873//873 874//874 834//834
f 874//874 835//835 834//834
f 874//874 875//875 835//835
f 875//875 836//836 835//835
f 875//875 876//876 836//836
f 876//876 837//837 836//836
f 876//876 877//877 837//837
f 877//877 838//838 837//837
f 877//877 878//878 838//838
f 878//878 839//839 838//838
f 878//878 879//879 839//839
f 879//879 840//840 839//839
f 879//879 880//880 840//840
f 880//880 841//841 840//840
f 880//880 881//881 841//841
f 881//881 842//842 841//841
f 881//881 882//882 842//842
f 882//882 843//843 842//842
f 882//882 883//883 843//843
f 883//883 844//844 843//843
f 883//883 884//884 844//844
f 884//884 805//805 844//844
f 884//884 845//845 805//805
f 885//885 846//846 845//845
f 885//885 886//886 846//846
f 886//886 847//847 846//846
f 886//886 887//887 847//847
f 887//887 848//848 847//847
f 887//887 888//888 848//848
f 888//888 849//849 848//848
f 888//888 889//889 849//849
f 889//889 850//850 849//849
f 889//889 890//890 850//850
f 890//890 851//851 850//850
f 890//890 891//891 851//851
f 891//891 852//852 851//851
f 891//891 892//892 852//852
f 892//892 853//853 852//852
f 892//892 893//893 853//853
f 893//893 854//854 853//853
f 893//893 894//894 854//854
f 894//894 855//855 854//854
f 894//894 895//895 855//855
f 895//895 856//856 855//855
f 895//895 896//896 856//856
f 896//896 857//857 856//856
f 896//896 897//897 857//857
f 897//897 858//858 857//857
f 897//897 898//898 858//858
f 898//898 859//859 858//858
f 898//898 899//899 859//859
f 899//899 860//860 859//859
f 899//899 900//900 860//860
f 900//900 861//861 860//860
f 900//900 901//901 861//861
f 901//901 862//862 861//861
f 901//901 902//902 862//862
f 902//902 863//863 862//862
f 902//902 903//903 863//863
f 903//903 864//864 863//863
f 903//903 904//904 864//864
f 904//904 865//865 864//864
f 904//904 905//905 865//865
f 905//905 866//866 865//865
f 905//905 906//906 866//866
f 906//906 867//867 866//866
f 906//906 907//907 867//867
f 907//907 868//868 867//867
f 907//907 908//908 868//868
f 908//908 869//869 868//868
f 908//908 909//909 869//869
f 909//909 870//870 869//869
f 909//909 910//910 870//870
f 910//910 871//871 870//870
f 910//910 911//911 871//871
f 911//911 872//872 871//871
f 911//911 912//912 872//872
f 912//912 873//873 872//872
f 912//912 913//913 873//873
f 913//913 874//874 873//873
f 913//913 914//914 874//874
f 914//914 875//875 874//874
f 914//914 915//915 875//875
f 915//915 876//876 875//875
f 915//915 916//916 876//876
f 916//916 877//877 876//876
f 916//916 917//917 877//877
f 917//917 878//878 877//877
f 917//917 918//918 878//878
f 918//918 879//879 878//878
f 918//918 919//919 879//879
f 919//919 880//880 879//879
f 919//919 920//920 880//880
f 920//920 881//881 880//880
f 920//920 921//921 881//881
f 921//921 882//882 881//881
f 921//921 922//922 882//882
f 922//922 883//883 882//882
f 922//922 923//923 883//883
f 923//923 884//884 883//883
f 923//923 924//924 884//884
f 924//924 845//845 884//884
f 924//924 885//885 845//845
f 925//925 886//886 885//885
f 925//925 926//926 886//886
f 926//926 887//887 886//886
f 926//926 927//927 887//887
f 927//927 888//888 887//887
f 927//927 928//928 888//888
f 928//928 889//889 888//888
f 928//928 929//929 889//889
f 929//929 890//890 889//889
f 929//929 930//930 890//890
f 930//930 891//891 890//890
f 930//930 931//931 891//891
f 931//931 892//892 891//891
f 931//931 932//932 892//892
f 932//932 893//893 892//892
f 932//932 933//933 893//893
f 933//933 894//894 893//893
f 933//933 934//934 894//894
f 934//934 895//895 894//894
f 934//934 935//935 895//895
f 935//935 896//896 895//895
f 935//935 936//936 896//896
f 936//936 897//897 896//896
f 936//936 937//937 897//897
f 937//937 898//898 897//897
f 937//937 938//938 898//898
f 938//938 899//899 898//898
f 938//938 939//939 899//899
f 939//939 900//900 899//899
f 939//939 940//940 900//900
f 940//940 901//901 900//900
f 940//940 941//941 901//901
f 941//941 902//902 901//901
f 941//941 942//942 902//902
f 942//942 903//903 902//902
f 942//942 943//943 903//903
f 943//943 904//904 903//903
f 943//943 944//944 904//904
f 944//944 905//905 904//904
f 944//944 945//945 905//905
f 945//945 906//906 905//905
f 945//945 946//946 906//906
f 946//946 907//907 906//906
f 946//946 947//947 907//907
f 947//947 908//908 907//907
f 947//947 948//948 908//908
f 948//948 909//909 908//908
f 948//948 949//949 909//909
f 949//949 910//910 909//909
f 949//949 950//950 910//910
f 950//950 911//911 910//910
f 950//950 951//951 911//911
f 951//951 912//912 911//911
f 951//951 952//952 912//912
f 952//952 913//913 912//912
f 952//952 953//953 913//913
f 953//953 914//914 913//913
f 953//953 954//954 914//914
f 954//954 915//915 914//914
f 954//954 955//955 915//915
f 955//955 916//916 915//915
f 955//955 956//956 916//916
f 956//956 917//917 916//916
f 956//956 957//957 917//917
f 957//957 918//918 917//917
f 957//957 958//958 918//918
f 958//958 919//919 918//918
f 958//958 959//959 919//919
f 959//959 920//920 919//919
f 959//959 960//960 920//920
f 960//960 921//921 920//920
f 960//960 961//961 921//921
f 961//961 922//922 921//921
f 961//961 962//962 922//922
f 962//962 923//923 922//922
f 962//962 963//963 923//923
f 963//963 924//924 923//923
f 963//963 964//964 924//924
f 964//964 885//885 924//924
f 964//964 925//925 885//885
f 965//965 926//926 925//925
f 965//965 966//966 926//926
f 966//966 927//927 926//926
f 966//966 967//967 927//927
f 967//967 928//928 927//927
f 967//967 968//968 928//928
f 968//968 929//929 928//928
f 968//968 969//969 929//929
f 969//969 930//930 929//929
f 969//969 970//970 930//930
f 970//970 931//931 930//930
f 970//970 971//971 931//931
f 971//971 932//932 931//931
f 971//971 972//972 932//932
f 972//972 933//933 932//932
f 972//972 973//973 933//933
f 973//973 934//934 933//933
f 973//973 974//974 934//934
f 974//974 935//935 934//934
f 974//974 975//975 935//935
f 975//975 936//936 935//935
f 975//975 976//976 936//936
f 976//976 937//937 936//936
f 976//976 977//977 937//937
f 977//977 938//938 937//937
f 977//977 978//978 938//938
f 978//978 939//939 938//938
f 978//978 979//979 939//939
f 979//979 940//940 939//939
f 979//979 980//980 940//940
f 980//980 941//941 940//940
f 980//980 981//981 941//941
f 981//981 942//942 941//941
f 981//981 982//982 942//942
f 982//982 943//943 942//942
f 982//982 983//983 943//943
f 983//983 944//944 943//943
f 983//983 984//984 944//944
f 984//984 945//945 944//944
f 984//984 985//985 945//945
f 985//985 946//946 945//945
f 985//985 986//986 946//946
f 986//986 947//947 946//946
f 986//986 987//987 947//947
f 987//987 948//948 947//947
f 987//987 988//988 948//948
f 988//988 949//949 948//948
f 988//988 989//989 949//949
f 989//989 950//950 949//949
f 989//989 990//990 950//950
f 990//990 951//951 950//950
f 990//990 991//991 951//951
f 991//991 952//952 951//951
f 991//991 992//992 952//952
f 992//992 953//953 952//952
f 992//992 993//993 953//953
f 993//993 954//954 953//953
f 993//993 994//994 954//954
f 994//994 955//955 954//954
f 994//994 995//995 955//955
f 995//995 956//956 955//955
f 995//995 996//996 956//956
f 996//996 957//957 956//956
f 996//996 997//997 957//957
f 997//997 958//958 957//957
f 997//997 998//998 958//958
f 998//998 959//959 958//958
f 998//998 999//999 959//959
f 999//999 960//960 959//959
f 999//999 1000//1000 960//960
f 1000//1000 961//961 960//960
f 1000//1000 1001//1001 961//961
f 1001//1001 962//962 961//961
f 1001//1001 1002//1002 962//962
f 1002//1002 963//963 962//962
f 1002//1002 1003//1003 963//963
f 1003//1003 964//964 963//963
f 1003//1003 1004//1004 964//964
f 1004//1004 925//925 964//964
f 1004//1004 965//965 925//925
f 1005//1005 966//966 965//965
f 1005//1005 1006//1006 966//966
f 1006//1006 967//967 966//966
f 1006//1006 1007//1007 967//967
f 1007//1007 968//968 967//967
f 1007//1007 1008//1008 968//968
f 1008//1008 969//969 968//968
f 1008//1008 1009//1009 969//969
f 1009//1009 970//970 969//969
f 1009//1009 1010//1010 970//970
f 1010//1010 971//971 970//970
f 1010//1010 1011//1011 971//971
f 1011//1011 972//972 971//971
f 1011//1011 1012//1012 972//972
f 1012//1012 973//973 972//972
f 1012//1012 1013//1013 973//973
f 1013//1013 974//974 973//973
f 1013//1013 1014//1014 974//974
f 1014//1014 975//975 974//974
f 1014//1014 1015//1015 975//975
f 1015//1015 976//976 975//975
f 1015//1015 1016//1016 976//976
f 1016//1016 977//977 976//976
f 1016//1016 1017//1017 977//977
f 1017//1017 978//978 977//977
f 1017//1017 1018//1018 978//978
f 1018//1018 979//979 978//978
f 1018//1018 1019//1019 979//979
f 1019//1019 980//980 979//979
f 1019//1019 1020//1020 980//980
f 1020//1020 981//981 980//980
f 1020//1020 1021//1021 981//981
f 1021//1021 982//982 981//981
f 1021//1021 1022//1022 982//982
f 1022//1022 983//983 982//982
f 1022//1022 1023//1023 983//983
f 1023//1023 984//984 983//983
f 1023//1023 1024//1024 984//984
f 1024//1024 985//985 984//984
f 1024//1024 1025//1025 985//985
f 1025//1025 986//986 985//985
f 1025//1025 1026//1026 986//986
f 1026//1026 987//987 986//986
f 1026//1026 1027//1027 987//987
f 1027//1027 988//988 987//987
f 1027//1027 1028//1028 988//988
f 1028//1028 989//989 988//988
f 1028//1028 1029//1029 989//989
f 1029//1029 990//990 989//989
f 1029//1029 1030//1030 990//990
f 1030//1030 991//991 990//990
f 1030//1030 1031//1031 991//991
f 1031//1031 992//992 991//991
f 1031//1031 1032//1032 992//992
f 1032//1032 993//993 992//992
f 1032//1032 1033//1033 993//993
f 1033//1033 994//994 993//993
f 1033//1033 1034//1034 994//994
f 1034//1034 995//995 994//994
f 1034//1034 1035//1035 995//995
f 1035//1035 996//996 995//995
f 1035//1035 1036//1036 996//996
f 1036//1036 997//997 996//996
f 1036//1036 1037//1037 997//997
f 1037//1037 998//998 997//997
f 1037//1037 1038//1038 998//998
f 1038//1038 999//999 998//998
f 1038//1038 1039//1039 999//999
f 1039//1039 1000//1000 999//999
f 1039//1039 1040//1040 1000//1000
f 1040//1040 1001//1001 1000//1000
f 1040//1040 1041//1041 1001//1001
f 1041//1041 1002//1002 1001//1001
f 1041//1041 1042//1042 1002//1002
f 1042//1042 1003//1003 1002//1002
f 1042//1042 1043//1043 1003//1003
f 1043//1043 1004//1004 1003//1003
f 1043//1043 1044//1044 1004//1004
f 1044//1044 965//965 1004//1004
f 1044//1044 1005//1005 965//965
f 1045//1045 1006//1006 1005//1005
f 1045//1045 1046//1046 1006//1006
f 1046//1046 1007//1007 1006//1006
f 1046//1046 1047//1047 1007//1007
f 1047//1047 1008//1008 1007//1007
f 1047//1047 1048//1048 1008//1008
f 1048//1048 1009//1009 1008//1008
f 1048//1048 1049//1049 1009//1009
f 1049//1049 1010//1010 1009//1009
f 1049//1049 1050//1050 1010//1010
f 1050//1050 1011//1011 1010//1010
f 1050//1050 1051//1051 1011//1011
f 1051//1051 1012//1012 1011//1011
f 1051//1051 1052//1052 1012//1012
f 1052//1052 1013//1013 1012//1012
f 1052//1052 1053//1053 1013//1013
f 1053//1053 1014//1014 1013//1013
f 1053//1053 1054//1054 1014//1014
f 1054//1054 1015//1015 1014//1014
f 1054//1054 1055//1055 1015//1015
f 1055//1055 1016//1016 1015//1015
f 1055//1055 1056//1056 1016//1016
f 1056//1056 1017//1017 1016//1016
f 1056//1056 1057//1057 1017//1017
f 1057//1057 1018//1018 1017//1017
f 1057//1057 1058//1058 1018//1018
f 1058//1058 1019//1019 1018//1018
f 1058//1058 1059//1059 1019//1019
f 1059//1059 1020//1020 1019//1019
f 1059//1059 1060//1060 1020//1020
f 1060//1060 1021//1021 1020//1020
f 1060//1060 1061//1061 1021//1021
f 1061//1061 1022//1022 1021//1021
f 1061//1061 1062//1062 1022//1022
f 1062//1062 1023//1023 1022//1022
f 1062//1062 1063//1063 1023//1023
f 1063//1063 1024//1024 1023//1023
f 1063//1063 1064//1064 1024//1024
f 1064//1064 1025//1025 1024//1024
f 1064//1064 1065//1065 1025//1025
f 1065//1065 1026//1026 1025//1025
f 1065//1065 1066//1066 1026//1026
f 1066//1066 1027//1027 1026//1026
f 1066//1066 1067//1067 1027//1027
f 1067//1067 1028//1028 1027//1027
f 1067//1067 1068//1068 1028//1028
f 1068//1068 1029//1029 1028//1028
f 1068//1068 1069//1069 1029//1029
f 1069//1069 1030//1030 1029//1029
f 1069//1069 1070//1070 1030//1030
f 1070//1070 1031//1031 1030//1030
f 1070//1070 1071//1071 1031//1031
f 1071//1071 1032//1032 1031//1031
f 1071//1071 1072//1072 1032//1032
f 1072//1072 1033//1033 1032//1032
f 1072//1072 1073//1073 1033//1033
f 1073//1073 1034//1034 1033//1033
f 1073//1073 1074//1074 1034//1034
f 1074//1074 1035//1035 1034//1034
f 1074//1074 1075//1075 1035//1035
f 1075//1075 1036//1036 1035//1035
f 1075//1075 1076//1076 1036//1036
f 1076//1076 1037//1037 1036//1036
f 1076//1076 1077//1077 1037//1037
f 1077//1077 1038//1038 1037//1037
f 1077//1077 1078//1078 1038//1038
f 1078//1078 1039//1039 1038//1038
f 1078//1078 1079//1079 1039//1039
f 1079//1079 1040//1040 1039//1039
f 1079//1079 1080//1080 1040//1040
f 1080//1080 1041//1041 1040//1040
f 1080//1080 1081//1081 1041//1041
f 1081//1081 1042//1042 1041//1041
f 1081//1081 1082//1082 1042//1042
f 1082//1082 1043//1043 1042//1042
f 1082//1082 1083//1083 1043//1043
f 1083//1083 1044//1044 1043//1043
f 1083//1083 1084//1084 1044//1044
f 1084//1084 1005//1005 1044//1044
f 1084//1084 1045//1045 1005//1005
f 1085//1085 1046//1046 1045//1045
f 1085//1085 1086//1086 1046//1046
f 1086//1086 1047//1047 1046//1046
f 1086//1086 1087//1087 1047//1047
f 1087//1087 1048//1048 1047//1047
f 1087//1087 1088//1088 1048//1048
f 1088//1088 1049//1049 1048//1048
f 1088//1088 1089//1089 1049//1049
f 1089//1089 1050//1050 1049//1049
f 1089//1089 1090//1090 1050//1050
f 1090//1090 1051//1051 1050//1050
f 1090//1090 1091//1091 1051//1051
f 1091//1091 1052//1052 1051//1051
f 1091//1091 1092//1092 1052//1052
f 1092//1092 1053//1053 1052//1052
f 1092//1092 1093//1093 1053//1053
f 1093//1093 1054//1054 1053//1053
f 1093//1093 1094//1094 1054//1054
f 1094//1094 1055//1055 1054//1054
f 1094//1094 1095//1095 1055//1055
f 1095//1095 1056//1056 1055//1055
f 1095//1095 1096//1096 1056//1056
f 1096//1096 1057//1057 1056//1056
f 1096//1096 1097//1097 1057//1057
f 1097//1097 1058//1058 1057//1057
f 1097//1097 1098//1098 1058//1058
f 1098//1098 1059//1059 1058//1058
f 1098//1098 1099//1099 1059//1059
f 1099//1099 1060//1060 1059//1059
f 1099//1099 1100//1100 1060//1060
f 1100//1100 1061//1061 1060//1060
f 1100//1100 1101//1101 1061//1061
f 1101//1101 1062//1062 1061//1061
f 1101//1101 1102//1102 1062//1062
f 1102//1102 1063//1063 1062//1062
f 1102//1102 1103//1103 1063//1063
f 1103//1103 1064//1064 1063//1063
f 1103//1103 1104//1104 1064//1064
f 1104//1104 1065//1065 1064//1064
f 1104//1104 1105//1105 1065//1065
f 1105//1105 1066//1066 1065//1065
f 1105//1105 1106//1106 1066//1066
f 1106//1106 1067//1067 1066//1066
f 1106//1106 1107//1107 1067//1067
f 1107//1107 1068//1068 1067//1067
f 1107//1107 1108//1108 1068//1068
f 1108//1108 1069//1069 1068//1068
f 1108//1108 1109//1109 1069//1069
f 1109//1109 1070//1070 1069//1069
f 1109//1109 1110//1110 1070//1070
f 1110//1110 1071//1071 1070//1070
f 1110//1110 1111//1111 1071//1071
f 1111//1111 1072//1072 1071//1071
f 1111//1111 1112//1112 1072//1072
f 1112//1112 1073//1073 1072//1072
f 1112//1112 1113//1113 1073//1073
f 1113//1113 1074//1074 1073//1073
f 1113//1113 1114//1114 1074//1074
f 1114//1114 1075//1075 1074//1074
f 1114//1114 1115//1115 1075//1075
f 1115//1115 1076//1076 1075//1075
f 1115//1115 1116//1116 1076//1076
f 1116//1116 1077//1077 1076//1076
f 1116//1116 1117//1117 1077//1077
f 1117//1117 1078//1078 1077//1077
f 1117//1117 1118//1118 1078//1078
f 1118//1118 1079//1079 1078//1078
f 1118//1118 1119//1119 1079//1079
f 1119//1119 1080//1080 1079//1079
f 1119//1119 1120//1120 1080//1080
f 1120//1120 1081//1081 1080//1080
f 1120//1120 1121//1121 1081//1081
f 1121//1121 1082//1082 1081//1081
f 1121//1121 1122//1122 1082//1082
f 1122//1122 1083//1083 1082//1082
f 1122//1122 1123//1123 1083//1083
f 1123//1123 1084//1084 1083//1083
f 1123//1123 1124//1124 1084//1084
f 1124//1124 1045//1045 1084//1084
f 1124//1124 1085//1085 1045//1045
f 1125//1125 1086//1086 1085//1085
f 1125//1125 1126//1126 1086//1086
f 1126//1126 1087//1087 1086//1086
f 1126//1126 1127//1127 1087//1087
f 1127//1127 1088//1088 1087//1087
f 1127//1127 1128//1128 1088//1088
f 1128//1128 1089//1089 1088//1088
f 1128//1128 1129//1129 1089//1089
f 1129//1129 1090//1090 1089//1089
f 1129//1129 1130//1130 1090//1090
f 1130//1130 1091//1091 1090//1090
f 1130//1130 1131//1131 1091//1091
f 1131//1131 1092//1092 1091//1091
f 1131//1131 1132//1132 1092//1092
f 1132//1132 1093//1093 1092//1092
f 1132//1132 1133//1133 1093//1093
f 1133//1133 1094//1094 1093//1093
f 1133//1133 1134//1134 1094//1094
f 1134//1134 1095//1095 1094//1094
f 1134//1134 1135//1135 1095//1095
f 1135//1135 1096//1096 1095//1095
f 1135//1135 1136//1136 1096//1096
f 1136//1136 1097//1097 1096//1096
f 1136//1136 1137//1137 1097//1097
f 1137//1137 1098//1098 1097//1097
f 1137//1137 1138//1138 1098//1098
f 1138//1138 1099//1099 1098//1098
f 1138//1138 1139//1139 1099//1099
f 1139//1139 1100//1100 1099//1099
f 1139//1139 1140//1140 1100//1100
f 1140//1140 1101//1101 1100//1100
f 1140//1140 1141//1141 1101//1101
f 1141//1141 1102//1102 1101//1101
f 1141//1141 1142//1142 1102//1102
f 1142//1142 1103//1103 1102//1102
f 1142//1142 1143//1143 1103//1103
f 1143//1143 1104//1104 1103//1103
f 1143//1143 1144//1144 1104//1104
f 1144//1144 1105//1105 1104//1104
f 1144//1144 1145//1145 1105//1105
f 1145//1145 1106//1106 1105//1105
f 1145//1145 1146//1146 1106//1106
f 1146//1146 1107//1107 1106//1106
f 1146//1146 1147//1147 1107//1107
f 1147//1147 1108//1108 1107//1107
f 1147//1147 1148//1148 1108//1108
f 1148//1148 1109//1109 1108//1108
f 1148//1148 1149//1149 1109//1109
f 1149//1149 1110//1110 1109//1109
f 1149//1149 1150//1150 1110//1110
f 1150//1150 1111//1111 1110//1110
f 1150//1150 1151//1151 1111//1111
f 1151//1151 1112//1112 1111//1111
f 1151//1151 1152//1152 1112//1112
f 1152//1152 1113//1113 1112//1112
f 1152//1152 1153//1153 1113//1113
f 1153//1153 1114//1114 1113//1113
f 1153//1153 1154//1154 1114//1114
f 1154//1154 1115//1115 1114//1114
f 1154//1154 1155//1155 1115//1115
f 1155//1155 1116//1116 1115//1115
f 1155//1155 1156//1156 1116//1116
f 1156//1156 1117//1117 1116//1116
f 1156//1156 1157//1157 1117//1117
f 1157//1157 1118//1118 1117//1117
f 1157//1157 1158//1158 1118//1118
f 1158//1158 1119//1119 1118//1118
f 1158//1158 1159//1159 1119//1119
f 1159//1159 1120//1120 1119//1119
f 1159//1159 1160//1160 1120//1120
f 1160//1160 1121//1121 1120//1120
f 1160//1160 1161//1161 1121//1121
f 1161//1161 1122//1122 1121//1121
f 1161//1161 1162//1162 1122//1122
f 1162//1162 1123//1123 1122//1122
f 1162//1162 1163//1163 1123//1123
f 1163//1163 1124//1124 1123//1123
f 1163//1163 1164//1164 1124//1124
f 1164//1164 1085//1085 1124//1124
f 1164//1164 1125//1125 1085//1085
f 1165//1165 1126//1126 1125//1125
f 1165//1165 1166//1166 1126//1126
f 1166//1166 1127//1127 1126//1126
f 1166//1166 1167//1167 1127//1127
f 1167//1167 1128//1128 1127//1127
f 1167//1167 1168//1168 1128//1128
f 1168//1168 1129//1129 1128//1128
f 1168//1168 1169//1169 1129//1129
f 1169//1169 1130//1130 1129//1129
f 1169//1169 1170//1170 1130//1130
f 1170//1170 1131//1131 1130//1130
f 1170//1170 1171//1171 1131//1131
f 1171//1171 1132//1132 1131//1131
f 1171//1171 1172//1172 1132//1132
f 1172//1172 1133//1133 1132//1132
f 1172//1172 1173//1173 1133//1133
f 1173//1173 1134//1134 1133//1133
f 1173//1173 1174//1174 1134//1134
f 1174//1174 1135//1135 1134//1134
f 1174//1174 1175//1175 1135//1135
f 1175//1175 1136//1136 1135//1135
f 1175//1175 1176//1176 1136//1136
f 1176//1176 1137//1137 1136//1136
f 1176//1176 1177//1177 1137//1137
f 1177//1177 1138//1138 1137//1137
f 1177//1177 1178//1178 1138//1138
f 1178//1178 1139//1139 1138//1138
f 1178//1178 1179//1179 1139//1139
f 1179//1179 1140//1140 1139//1139
f 1179//1179 1180//1180 1140//1140
f 1180//1180 1141//1141 1140//1140
f 1180//1180 1181//1181 1141//1141
f 1181//1181 1142//1142 1141//1141
f 1181//1181 1182//1182 1142//1142
f 1182//1182 1143//1143 1142//1142
f 1182//1182 1183//1183 1143//1143
f 1183//1183 1144//1144 1143//1143
f 1183//1183 1184//1184 1144//1144
f 1184//1184 1145//1145 1144//1144
f 1184//1184 1185//1185 1145//1145
f 1185//1185 1146//1146 1145//1145
f 1185//1185 1186//1186 1146//1146
f 1186//1186 1147//1147 1146//1146
f 1186//1186 1187//1187 1147//1147
f 1187//1187 1148//1148 1147//1147
f 1187//1187 1188//1188 1148//1148
f 1188//1188 1149//1149 1148//1148
f 1188//1188 1189//1189 1149//1149
f 1189//1189 1150//1150 1149//1149
f 1189//1189 1190//1190 1150//1150
f 1190//1190 1151//1151 1150//1150
f 1190//1190 1191//1191 1151//1151
f 1191//1191 1152//1152 1151//1151
f 1191//1191 1192//1192 1152//1152
f 1192//1192 1153//1153 1152//1152
f 1192//1192 1193//1193 1153//1153
f 1193//1193 1154//1154 1153//1153
f 1193//1193 1194//1194 1154//1154
f 1194//1194 1155//1155 1154//1154
f 1194//1194 1195//1195 1155//1155
f 1195//1195 1156//1156 1155//1155
f 1195//1195 1196//1196 1156//1156
f 1196//1196 1157//1157 1156//1156
f 1196//1196 1197//1197 1157//1157
f 1197//1197 1158//1158 1157//1157
f 1197//1197 1198//1198 1158//1158
f 1198//1198 1159//1159 1158//1158
f 1198//1198 1199//1199 1159//1159
f 1199//1199 1160//1160 1159//1159
f 1199//1199 1200//1200 1160//1160
f 1200//1200 1161//1161 1160//1160
f 1200//1200 1201//1201 1161//1161
f 1201//1201 1162//1162 1161//1161
f 1201//1201 1202//1202 1162//1162
f 1202//1202 1163//1163 1162//1162
f 1202//1202 1203//1203 1163//1163
f 1203//1203 1164//1164 1163//1163
f 1203//1203 1204//1204 1164//1164
f 1204//1204 1125//1125 1164//1164
f 1204//1204 1165//1165 1125//1125
f 1205//1205 1166//1166 1165//1165
f 1205//1205 1206//1206 1166//1166
f 1206//1206 1167//1167 1166//1166
f 1206//1206 1207//1207 1167//1167
f 1207//1207 1168//1168 1167//1167
f 1207//1207 1208//1208 1168//1168
f 1208//1208 1169//1169 1168//1168
f 1208//1208 1209//1209 1169//1169
f 1209//1209 1170//1170 1169//1169
f 1209//1209 1210//1210 1170//1170
f 1210//1210 1171//1171 1170//1170
f 1210//1210 1211//1211 1171//1171
f 1211//1211 1172//1172 1171//1171
f 1211//1211 1212//1212 1172//1172
f 1212//1212 1173//1173 1172//1172
f 1212//1212 1213//1213 1173//1173
f 1213//1213 1174//1174 1173//1173
f 1213//1213 1214//1214 1174//1174
f 1214//1214 1175//1175 1174//1174
f 1214//1214 1215//1215 1175//1175
f 1215//1215 1176//1176 1175//1175
f 1215//1215 1216//1216 1176//1176
f 1216//1216 1177//1177 1176//1176
f 1216//1216 1217//1217 1177//1177
f 1217//1217 1178//1178 1177//1177
f 1217//1217 1218//1218 1178//1178
f 1218//1218 1179//1179 1178//1178
f 1218//1218 1219//1219 1179//1179
f 1219//1219 1180//1180 1179//1179
f 1219//1219 1220//1220 1180//1180
f 1220//1220 1181//1181 1180//1180
f 1220//1220 1221//1221 1181//1181
f 1221//1221 1182//1182 1181//1181
f 1221//1221 1222//1222 1182//1182
f 1222//1222 1183//1183 1182//1182
f 1222//1222 1223//1223 1183//1183
f 1223//1223 1184//1184 1183//1183
f 1223//1223 1224//1224 1184//1184
f 1224//1224 1185//1185 1184//1184
f 1224//1224 1225//1225 1185//1185
f 1225//1225 1186//1186 1185//1185
f 1225//1225 1226//1226 1186//1186
f 1226//1226 1187//1187 1186//1186
f 1226//1226 1227//1227 1187//1187
f 1227//1227 1188//1188 1187//1187
f 1227//1227 1228//1228 1188//1188
f 1228//1228 1189//1189 1188//1188
f 1228//1228 1229//1229 1189//1189
f 1229//1229 1190//1190 1189//1189
f 1229//1229 1230//1230 1190//1190
f 1230//1230 1191//1191 1190//1190
f 1230//1230 1231//1231 1191//1191
f 1231//1231 1192//1192 1191//1191
f 1231//1231 1232//1232 1192//1192
f 1232//1232 1193//1193 1192//1192
f 1232//1232 1233//1233 1193//1193
f 1233//1233 1194//1194 1193//1193
f 1233//1233 1234//1234 1194//1194
f 1234//1234 1195//1195 1194//1194
f 1234//1234 1235//1235 1195//1195
f 1235//1235 1196//1196 1195//1195
f 1235//1235 1236//1236 1196//1196
f 1236//1236 1197//1197 1196//1196
f 1236//1236 1237//1237 1197//1197
f 1237//1237 1198//1198 1197//1197
f 1237//1237 1238//1238 1198//1198
f 1238//1238 1199//1199 1198//1198
f 1238//1238 1239//1239 1199//1199
f 1239//1239 1200//1200 1199//1199
f 1239//1239 1240//1240 1200//1200
f 1240//1240 1201//1201 1200//1200
f 1240//1240 1241//1241 1201//1201
f 1241//1241 1202//1202 1201//1201
f 1241//1241 1242//1242 1202//1202
f 1242//1242 1203//1203 1202//1202
f 1242//1242 1243//1243 1203//1203
f 1243//1243 1204//1204 1203//1203
f 1243//1243 1244//1244 1204//1204
f 1244//1244 1165//1165 1204//1204
f 1244//1244 1205//1205 1165//1165
f 1245//1245 1206//1206 1205//1205
f 1245//1245 1246//1246 1206//1206
f 1246//1246 1207//1207 1206//1206
f 1246//1246 1247//1247 1207//1207
f 1247//1247 1208//1208 1207//1207
f 1247//1247 1248//1248 1208//1208
f 1248//1248 1209//1209 1208//1208
f 1248//1248 1249//1249 1209//1209
f 1249//1249 1210//1210 1209//1209
f 1249//1249 1250//1250 1210//1210
f 1250//1250 1211//1211 1210//1210
f 1250//1250 1251//1251 1211//1211
f 1251//1251 1212//1212 1211//1211
f 1251//1251 1252//1252 1212//1212
f 1252//1252 1213//1213 1212//1212
f 1252//1252 1253//1253 1213//1213
f 1253//1253 1214//1214 1213//1213
f 1253//1253 1254//1254 1214//1214
f 1254//1254 1215//1215 1214//1214
f 1254//1254 1255//1255 1215//1215
f 1255//1255 1216//1216 1215//1215
f 1255//1255 1256//1256 1216//1216
f 1256//1256 1217//1217 1216//1216
f 1256//1256 1257//1257 1217//1217
f 1257//1257 1218//1218 1217//1217
f 1257//1257 1258//1258 1218//1218
f 1258//1258 1219//1219 1218//1218
f 1258//1258 1259//1259 1219//1219
f 1259//1259 1220//1220 1219//1219
f 1259//1259 1260//1260 1220//1220
f 1260//1260 1221//1221 1220//1220
f 1260//1260 1261//1261 1221//1221
f 1261//1261 1222//1222 1221//1221
f 1261//1261 1262//1262 1222//1222
f 1262//1262 1223//1223 1222//1222
f 1262//1262 1263//1263 1223//1223
f 1263//1263 1224//1224 1223//1223
f 1263//1263 1264//1264 1224//1224
f 1264//1264 1225//1225 1224//1224
f 1264//1264 1265//1265 1225//1225
f 1265//1265 1226//1226 1225//1225
f 1265//1265 1266//1266 1226//1226
f 1266//1266 1227//1227 1226//1226
f 1266//1266 1267//1267 1227//1227
f 1267//1267 1228//1228 1227//1227
f 1267//1267 1268//1268 1228//1228
f 1268//1268 1229//1229 1228//1228
f 1268//1268 1269//1269 1229//1229
f 1269//1269 1230//1230 1229//1229
f 1269//1269 1270//1270 1230//1230
f 1270//1270 1231//1231 1230//1230
f 1270//1270 1271//1271 1231//1231
f 1271//1271 1232//1232 1231//1231
f 1271//1271 1272//1272 1232//1232
f 1272//1272 1233//1233 1232//1232
f 1272//1272 1273//1273 1233//1233
f 1273//1273 1234//1234 1233//1233
f 1273//1273 1274//1274 1234//1234
f 1274//1274 1235//1235 1234//1234
f 1274//1274 1275//1275 1235//1235
f 1275//1275 1236//1236 1235//1235
f 1275//1275 1276//1276 1236//1236
f 1276//1276 1237//1237 1236//1236
f 1276//1276 1277//1277 1237//1237
f 1277//1277 1238//1238 1237//1237
f 1277//1277 1278//1278 1238//1238
f 1278//1278 1239//1239 1238//1238
f 1278//1278 1279//1279 1239//1239
f 1279//1279 1240//1240 1239//1239
f 1279//1279 1280//1280 1240//1240
f 1280//1280 1241//1241 1240//1240
f 1280//1280 1281//1281 1241//1241
f 1281//1281 1242//1242 1241//1241
f 1281//1281 1282//1282 1242//1242
f 1282//1282 1243//1243 1242//1242
f 1282//1282 1283//1283 1243//1243
f 1283//1283 1244//1244 1243//1243
f 1283//1283 1284//1284 1244//1244
f 1284//1284 1205//1205 1244//1244
f 1284//1284 1245//1245 1205//1205
f 1285//1285 1246//1246 1245//1245
f 1285//1285 1286//1286 1246//1246
f 1286//1286 1247//1247 1246//1246
f 1286//1286 1287//1287 1247//1247
f 1287//1287 1248//1248 1247//1247
f 1287//1287 1288//1288 1248//1248
f 1288//1288 1249//1249 1248//1248
f 1288//1288 1289//1289 1249//1249
f 1289//1289 1250//1250 1249//1249
f 1289//1289 1290//1290 1250//1250
f 1290//1290 1251//1251 1250//1250
f 1290//1290 1291//1291 1251//1251
f 1291//1291 1252//1252 1251//1251
f 1291//1291 1292//1292 1252//1252
f 1292//1292 1253//1253 1252//1252
f 1292//1292 1293//1293 1253//1253
f 1293//1293 1254//1254 1253//1253
f 1293//1293 1294//1294 1254//1254
f 1294//1294 1255//1255 1254//1254
f 1294//1294 1295//1295 1255//1255
f 1295//1295 1256//1256 1255//1255
f 1295//1295 1296//1296 1256//1256
f 1296//1296 1257//1257 1256//1256
f 1296//1296 1297//1297 1257//1257
f 1297//1297 1258//1258 1257//1257
f 1297//1297 1298//1298 1258//1258
f 1298//1298 1259//1259 1258//1258
f 1298//1298 1299//1299 1259//1259
f 1299//1299 1260//1260 1259//1259
f 1299//1299 1300//1300 1260//1260
f 1300//1300 1261//1261 1260//1260
f 1300//1300 1301//1301 1261//1261
f 1301//1301 1262//1262 1261//1261
f 1301//1301 1302//1302 1262//1262
f 1302//1302 1263//1263 1262//1262
f 1302//1302 1303//1303 1263//1263
f 1303//1303 1264//1264 1263//1263
f 1303//1303 1304//1304 1264//1264
f 1304//1304 1265//1265 1264//1264
f 1304//1304 1305//1305 1265//1265
f 1305//1305 1266//1266 1265//1265
f 1305//1305 1306//1306 1266//1266
f 1306//1306 1267//1267 1266//1266
f 1306//1306 1307//1307 1267//1267
f 1307//1307 1268//1268 1267//1267
f 1307//1307 1308//1308 1268//1268
f 1308//1308 1269//1269 1268//1268
f 1308//1308 1309//1309 1269//1269
f 1309//1309 1270//1270 1269//1269
f 1309//1309 1310//1310 1270//1270
f 1310//1310 1271//1271 1270//1270
f 1310//1310 1311//1311 1271//1271
f 1311//1311 1272//1272 1271//1271
f 1311//1311 1312//1312 1272//1272
f 1312//1312 1273//1273 1272//1272
f 1312//1312 1313//1313 1273//1273
f 1313//1313 1274//1274 1273//1273
f 1313//1313 1314//1314 1274//1274
f 1314//1314 1275//1275 1274//1274
f 1314//1314 1315//1315 1275//1275
f 1315//1315 1276//1276 1275//1275
f 1315//1315 1316//1316 1276//1276
f 1316//1316 1277//1277 1276//1276
f 1316//1316 1317//1317 1277//1277
f 1317//1317 1278//1278 1277//1277
f 1317//1317 1318//1318 1278//1278
f 1318//1318 1279//1279 1278//1278
f 1318//1318 1319//1319 1279//1279
f 1319//1319 1280//1280 1279//1279
f 1319//1319 1320//1320 1280//1280
f 1320//1320 1281//1281 1280//1280
f 1320//1320 1321//1321 1281//1281
f 1321//1321 1282//1282 1281//1281
f 1321//1321 1322//1322 1282//1282
f 1322//1322 1283//1283 1282//1282
f 1322//1322 1323//1323 1283//1283
f 1323//1323 1284//1284 1283//1283
f 1323//1323 1324//1324 1284//1284
f 1324//1324 1245//1245 1284//1284
f 1324//1324 1285//1285 1245//1245
f 1325//1325 1286//1286 1285//1285
f 1325//1325 1326//1326 1286//1286
f 1326//1326 1287//1287 1286//1286
f 1326//1326 1327//1327 1287//1287
f 1327//1327 1288//1288 1287//1287
f 1327//1327 1328//1328 1288//1288
f 1328//1328 1289//1289 1288//1288
f 1328//1328 1329//1329 1289//1289
f 1329//1329 1290//1290 1289//1289
f 1329//1329 1330//1330 1290//1290
f 1330//1330 1291//1291 1290//1290
f 1330//1330 1331//1331 1291//1291
f 1331//1331 1292//1292 1291//1291
f 1331//1331 1332//1332 1292//1292
f 1332//1332 1293//1293 1292//1292
f 1332//1332 1333//1333 1293//1293
f 1333//1333 1294//1294 1293//1293
f 1333//1333 1334//1334 1294//1294
f 1334//1334 1295//1295 1294//1294
f 1334//1334 1335//1335 1295//1295
f 1335//1335 1296//1296 1295//1295
f 1335//1335 1336//1336 1296//1296
f 1336//1336 1297//1297 1296//1296
f 1336//1336 1337//1337 1297//1297
f 1337//1337 1298//1298 1297//1297
f 1337//1337 1338//1338 1298//1298
f 1338//1338 1299//1299 1298//1298
f 1338//1338 1339//1339 1299//1299
f 1339//1339 1300//1300 1299//1299
f 1339//1339 1340//1340 1300//1300
f 1340//1340 1301//1301 1300//1300
f 1340//1340 1341//1341 1301//1301
f 1341//1341 1302//1302 1301//1301
f 1341//1341 1342//1342 1302//1302
f 1342//1342 1303//1303 1302//1302
f 1342//1342 1343//1343 1303//1303
f 1343//1343 1304//1304 1303//1303
f 1343//1343 1344//1344 1304//1304
f 1344//1344 1305//1305 1304//1304
f 1344//1344 1345//1345 1305//1305
f 1345//1345 1306//1306 1305//1305
f 1345//1345 1346//1346 1306//1306
f 1346//1346 1307//1307 1306//1306
f 1346//1346 1347//1347 1307//1307
f 1347//1347 1308//1308 1307//1307
f 1347//1347 1348//1348 1308//1308
f 1348//1348 1309//1309 1308//1308
f 1348//1348 1349//1349 1309//1309
f 1349//1349 1310//1310 1309//1309
f 1349//1349 1350//1350 1310//1310
f 1350//1350 1311//1311 1310//1310
f 1350//1350 1351//1351 1311//1311
f 1351//1351 1312//1312 1311//1311
f 1351//1351 1352//1352 1312//1312
f 1352//1352 1313//1313 1312//1312
f 1352//1352 1353//1353 1313//1313
f 1353//1353 1314//1314 1313//1313
f 1353//1353 1354//1354 1314//1314
f 1354//1354 1315//1315 1314//1314
f 1354//1354 1355//1355 1315//1315
f 1355//1355 1316//1316 1315//1315
f 1355//1355 1356//1356 1316//1316
f 1356//1356 1317//1317 1316//1316
f 1356//1356 1357//1357 1317//1317
f 1357//1357 1318//1318 1317//1317
f 1357//1357 1358//1358 1318//1318
f 1358//1358 1319//1319 1318//1318
f 1358//1358 1359//1359 1319//1319
f 1359//1359 1320//1320 1319//1319
f 1359//1359 1360//1360 1320//1320
f 1360//1360 1321//1321 1320//1320
f 1360//1360 1361//1361 1321//1321
f 1361//1361 1322//1322 1321//1321
f 1361//1361 1362//1362 1322//1322
f 1362//1362 1323//1323 1322//1322
f 1362//1362 1363//1363 1323//1323
f 1363//1363 1324//1324 1323//1323
f 1363//1363 1364//1364 1324//1324
f 1364//1364 1285//1285 1324//1324
f 1364//1364 1325//1325 1285//1285
f 1365//1365 1326//1326 1325//1325
f 1365//1365 1366//1366 1326//1326
f 1366//1366 1327//1327 1326//1326
f 1366//1366 1367//1367 1327//1327
f 1367//1367 1328//1328 1327//1327
f 1367//1367 1368//1368 1328//1328
f 1368//1368 1329//1329 1328//1328
f 1368//1368 1369//1369 1329//1329
f 1369//1369 1330//1330 1329//1329
f 1369//1369 1370//1370 1330//1330
f 1370//1370 1331//1331 1330//1330
f 1370//1370 1371//1371 1331//1331
f 1371//1371 1332//1332 1331//1331
f 1371//1371 1372//1372 1332//1332
f 1372//1372 1333//1333 1332//1332
f 1372//1372 1373//1373 1333//1333
f 1373//1373 1334//1334 1333//1333
f 1373//1373 1374//1374 1334//1334
f 1374//1374 1335//1335 1334//1334
f 1374//1374 1375//1375 1335//1335
f 1375//1375 1336//1336 1335//1335
f 1375//1375 1376//1376 1336//1336
f 1376//1376 1337//1337 1336//1336
f 1376//1376 1377//1377 1337//1337
f 1377//1377 1338//1338 1337//1337
f 1377//1377 1378//1378 1338//1338
f 1378//1378 1339//1339 1338//1338
f 1378//1378 1379//1379 1339//1339
f 1379//1379 1340//1340 1339//1339
f 1379//1379 1380//1380 1340//1340
f 1380//1380 1341//1341 1340//1340
f 1380//1380 1381//1381 1341//1341
f 1381//1381 1342//1342 1341//1341
f 1381//1381 1382//1382 1342//1342
f 1382//1382 1343//1343 1342//1342
f 1382//1382 1383//1383 1343//1343
f 1383//1383 1344//1344 1343//1343
f 1383//1383 1384//1384 1344//1344
f 1384//1384 1345//1345 1344//1344
f 1384//1384 1385//1385 1345//1345
f 1385//1385 1346//1346 1345//1345
f 1385//1385 1386//1386 1346//1346
f 1386//1386 1347//1347 1346//1346
f 1386//1386 1387//1387 1347//1347
f 1387//1387 1348//1348 1347//1347
f 1387//1387 1388//1388 1348//1348
f 1388//1388 1349//1349 1348//1348
f 1388//1388 1389//1389 1349//1349
f 1389//1389 1350//1350 1349//1349
f 1389//1389 1390//1390 1350//1350
f 1390//1390 1351//1351 1350//1350
f 1390//1390 1391//1391 1351//1351
f 1391//1391 1352//1352 1351//1351
f 1391//1391 1392//1392 1352//1352
f 1392//1392 1353//1353 1352//1352
f 1392//1392 1393//1393 1353//1353
f 1393//1393 1354//1354 1353//1353
f 1393//1393 1394//1394 1354//1354
f 1394//1394 1355//1355 1354//1354
f 1394//1394 1395//1395 1355//1355
f 1395//1395 1356//1356 1355//1355
f 1395//1395 1396//1396 1356//1356
f 1396//1396 1357//1357 1356//1356
f 1396//1396 1397//1397 1357//1357
f 1397//1397 1358//1358 1357//1357
f 1397//1397 1398//1398 1358//1358
f 1398//1398 1359//1359 1358//1358
f 1398//1398 1399//1399 1359//1359
f 1399//1399 1360//1360 1359//1359
f 1399//1399 1400//1400 1360//1360
f 1400//1400 1361//1361 1360//1360
f 1400//1400 1401//1401 1361//1361
f 1401//1401 1362//1362 1361//1361
f 1401//1401 1402//1402 1362//1362
f 1402//1402 1363//1363 1362//1362
f 1402//1402 1403//1403 1363//1363
f 1403//1403 1364//1364 1363//1363
f 1403//1403 1404//1404 1364//1364
f 1404//1404 1325//1325 1364//1364
f 1404//1404 1365//1365 1325//1325
f 1405//1405 1366//1366 1365//1365
f 1405//1405 1406//1406 1366//1366
f 1406//1406 1367//1367 1366//1366
f 1406//1406 1407//1407 1367//1367
f 1407//1407 1368//1368 1367//1367
f 1407//1407 1408//1408 1368//1368
f 1408//1408 1369//1369 1368//1368
f 1408//1408 1409//1409 1369//1369
f 1409//1409 1370//1370 1369//1369
f 1409//1409 1410//1410 1370//1370
f 1410//1410 1371//1371 1370//1370
f 1410//1410 1411//1411 1371//1371
f 1411//1411 1372//1372 1371//1371
f 1411//1411 1412//1412 1372//1372
f 1412//1412 1373//1373 1372//1372
f 1412//1412 1413//1413 1373//1373
f 1413//1413 1374//1374 1373//1373
f 1413//1413 1414//1414 1374//1374
f 1414//1414 1375//1375 1374//1374
f 1414//1414 1415//1415 1375//1375
f 1415//1415 1376//1376 1375//1375
f 1415//1415 1416//1416 1376//1376
f 1416//1416 1377//1377 1376//1376
f 1416//1416 1417//1417 1377//1377
f 1417//1417 1378//1378 1377//1377
f 1417//1417 1418//1418 1378//1378
f 1418//1418 1379//1379 1378//1378
f 1418//1418 1419//1419 1379//1379
f 1419//1419 1380//1380 1379//1379
f 1419//1419 1420//1420 1380//1380
f 1420//1420 1381//1381 1380//1380
f 1420//1420 1421//1421 1381//1381
f 1421//1421 1382//1382 1381//1381
f 1421//1421 1422//1422 1382//1382
f 1422//1422 1383//1383 1382//1382
f 1422//1422 1423//1423 1383//1383
f 1423//1423 1384//1384 1383//1383
f 1423//1423 1424//1424 1384//1384
f 1424//1424 1385//1385 1384//1384
f 1424//1424 1425//1425 1385//1385
f 1425//1425 1386//1386 1385//1385
f 1425//1425 1426//1426 1386//1386
f 1426//1426 1387//1387 1386//1386
f 1426//1426 1427//1427 1387//1387
f 1427//1427 1388//1388 1387//1387
f 1427//1427 1428//1428 1388//1388
f 1428//1428 1389//1389 1388//1388
f 1428//1428 1429//1429 1389//1389
f 1429//1429 1390//1390 1389//1389
f 1429//1429 1430//1430 1390//1390
f 1430//1430 1391//1391 1390//1390
f 1430//1430 1431//1431 1391//1391
f 1431//1431 1392//1392 1391//1391
f 1431//1431 1432//1432 1392//1392
f 1432//1432 1393//1393 1392//1392
f 1432//1432 1433//1433 1393//1393
f 1433//1433 1394//1394 1393//1393
f 1433//1433 1434//1434 1394//1394
f 1434//1434 1395//1395 1394//1394
f 1434//1434 1435//1435 1395//1395
f 1435//1435 1396//1396 1395//1395
f 1435//1435 1436//1436 1396//1396
f 1436//1436 1397//1397 1396//1396
f 1436//1436 1437//1437 1397//1397
f 1437//1437 1398//1398 1397//1397
f 1437//1437 1438//1438 1398//1398
f 1438//1438 1399//1399 1398//1398
f 1438//1438 1439//1439 1399//1399
f 1439//1439 1400//1400 1399//1399
f 1439//1439 1440//1440 1400//1400
f 1440//1440 1401//1401 1400//1400
f 1440//1440 1441//1441 1401//1401
f 1441//1441 1402//1402 1401//1401
f 1441//1441 1442//1442 1402//1402
f 1442//1442 1403//1403 1402//1402
f 1442//1442 1443//1443 1403//1403
f 1443//1443 1404//1404 1403//1403
f 1443//1443 1444//1444 1404//1404
f 1444//1444 1365//1365 1404//1404
f 1444//1444 1405//1405 1365//1365
f 1445//1445 1406//1406 1405//1405
f 1445//1445 1446//1446 1406//1406
f 1446//1446 1407//1407 1406//1406
f 1446//1446 1447//1447 1407//1407
f 1447//1447 1408//1408 1407//1407
f 1447//1447 1448//1448 1408//1408
f 1448//1448 1409//1409 1408//1408
f 1448//1448 1449//1449 1409//1409
f 1449//1449 1410//1410 1409//1409
f 1449//1449 1450//1450 1410//1410
f 1450//1450 1411//1411 1410//1410
f 1450//1450 1451//1451 1411//1411
f 1451//1451 1412//1412 1411//1411
f 1451//1451 1452//1452 1412//1412
f 1452//1452 1413//1413 1412//1412
f 1452//1452 1453//1453 1413//1413
f 1453//1453 1414//1414 1413//1413
f 1453//1453 1454//1454 1414//1414
f 1454//1454 1415//1415 1414//1414
f 1454//1454 1455//1455 1415//1415
f 1455//1455 1416//1416 1415//1415
f 1455//1455 1456//1456 1416//1416
f 1456//1456 1417//1417 1416//1416
f 1456//1456 1457//1457 1417//1417
f 1457//1457 1418//1418 1417//1417
f 1457//1457 1458//1458 1418//1418
f 1458//1458 1419//1419 1418//1418
f 1458//1458 1459//1459 1419//1419
f 1459//1459 1420//1420 1419//1419
f 1459//1459 1460//1460 1420//1420
f 1460//1460 1421//1421 1420//1420
f 1460//1460 1461//1461 1421//1421
f 1461//1461 1422//1422 1421//1421
f 1461//1461 1462//1462 1422//1422
f 1462//1462 1423//1423 1422//1422
f 1462//1462 1463//1463 1423//1423
f 1463//1463 1424//1424 1423//1423
f 1463//1463 1464//1464 1424//1424
f 1464//1464 1425//1425 1424//1424
f 1464//1464 1465//1465 1425//1425
f 1465//1465 1426//1426 1425//1425
f 1465//1465 1466//1466 1426//1426
f 1466//1466 1427//1427 1426//1426
f 1466//1466 1467//1467 1427//1427
f 1467//1467 1428//1428 1427//1427
f 1467//1467 1468//1468 1428//1428
f 1468//1468 1429//1429 1428//1428
f 1468//1468 1469//1469 1429//1429
f 1469//1469 1430//1430 1429//1429
f 1469//1469 1470//1470 1430//1430
f 1470//1470 1431//1431 1430//1430
f 1470//1470 1471//1471 1431//1431
f 1471//1471 1432//1432 1431//1431
f 1471//1471 1472//1472 1432//1432
f 1472//1472 1433//1433 1432//1432
f 1472//1472 1473//1473 1433//1433
f 1473//1473 1434//1434 1433//1433
f 1473//1473 1474//1474 1434//1434
f 1474//1474 1435//1435 1434//1434
f 1474//1474 1475//1475 1435//1435
f 1475//1475 1436//1436 1435//1435
f 1475//1475 1476//1476 1436//1436
f 1476//1476 1437//1437 1436//1436
f 1476//1476 1477//1477 1437//1437
f 1477//1477 1438//1438 1437//1437
f 1477//1477 1478//1478 1438//1438
f 1478//1478 1439//1439 1438//1438
f 1478//1478 1479//1479 1439//1439
f 1479//1479 1440//1440 1439//1439
f 1479//1479 1480//1480 1440//1440
f 1480//1480 1441//1441 1440//1440
f 1480//1480 1481//1481 1441//1441
f 1481//1481 1442//1442 1441//1441
f 1481//1481 1482//1482 1442//1442
f 1482//1482 1443//1443 1442//1442
f 1482//1482 1483//1483 1443//1443
f 1483//1483 1444//1444 1443//1443
f 1483//1483 1484//1484 1444//1444
f 1484//1484 1405//1405 1444//1444
f 1484//1484 1445//1445 1405//1405
f 1485//1485 1446//1446 1445//1445
f 1485//1485 1486//1486 1446//1446
f 1486//1486 1447//1447 1446//1446
f 1486//1486 1487//1487 1447//1447
f 1487//1487 1448//1448 1447//1447
f 1487//1487 1488//1488 1448//1448
f 1488//1488 1449//1449 1448//1448
f 1488//1488 1489//1489 1449//1449
f 1489//1489 1450//1450 1449//1449
f 1489//1489 1490//1490 1450//1450
f 1490//1490 1451//1451 1450//1450
f 1490//1490 1491//1491 1451//1451
f 1491//1491 1452//1452 1451//1451
f 1491//1491 1492//1492 1452//1452
f 1492//1492 1453//1453 1452//1452
f 1492//1492 1493//1493 1453//1453
f 1493//1493 1454//1454 1453//1453
f 1493//1493 1494//1494 1454//1454
f 1494//1494 1455//1455 1454//1454
f 1494//1494 1495//1495 1455//1455
f 1495//1495 1456//1456 1455//1455
f 1495//1495 1496//1496 1456//1456
f 1496//1496 1457//1457 1456//1456
f 1496//1496 1497//1497 1457//1457
f 1497//1497 1458//1458 1457//1457
f 1497//1497 1498//1498 1458//1458
f 1498//1498 1459//1459 1458//1458
f 1498//1498 1499//1499 1459//1459
f 1499//1499 1460//1460 1459//1459
f 1499//1499 1500//1500 1460//1460
f 1500//1500 1461//1461 1460//1460
f 1500//1500 1501//1501 1461//1461
f 1501//1501 1462//1462 1461//1461
f 1501//1501 1502//1502 1462//1462
f 1502//1502 1463//1463 1462//1462
f 1502//1502 1503//1503 1463//1463
f 1503//1503 1464//1464 1463//1463
f 1503//1503 1504//1504 1464//1464
f 1504//1504 1465//1465 1464//1464
f 1504//1504 1505//1505 1465//1465
f 1505//1505 1466//1466 1465//1465
f 1505//1505 1506//1506 1466//1466
f 1506//1506 1467//1467 1466//1466
f 1506//1506 1507//1507 1467//1467
f 1507//1507 1468//1468 1467//1467
f 1507//1507 1508//1508 1468//1468
f 1508//1508 1469//1469 1468//1468
f 1508//1508 1509//1509 1469//1469
f 1509//1509 1470//1470 1469//1469
f 1509//1509 1510//1510 1470//1470
f 1510//1510 1471//1471 1470//1470
f 1510//1510 1511//1511 1471//1471
f 1511//1511 1472//1472 1471//1471
f 1511//1511 1512//1512 1472//1472
f 1512//1512 1473//1473 1472//1472
f 1512//1512 1513//1513 1473//1473
f 1513//1513 1474//1474 1473//1473
f 1513//1513 1514//1514 1474//1474
f 1514//1514 1475//1475 1474//1474
f 1514//1514 1515//1515 1475//1475
f 1515//1515 1476//1476 1475//1475
f 1515//1515 1516//1516 1476//1476
f 1516//1516 1477//1477 1476//1476
f 1516//1516 1517//1517 1477//1477
f 1517//1517 1478//1478 1477//1477
f 1517//1517 1518//1518 1478//1478
f 1518//1518 1479//1479 1478//1478
f 1518//1518 1519//1519 1479//1479
f 1519//1519 1480//1480 1479//1479
f 1519//1519 1520//1520 1480//1480
f 1520//1520 1481//1481 1480//1480
f 1520//1520 1521//1521 1481//1481
f 1521//1521 1482//1482 1481//1481
f 1521//1521 1522//1522 1482//1482
f 1522//1522 1483//1483 1482//1482
f 1522//1522 1523//1523 1483//1483
f 1523//1523 1484//1484 1483//1483
f 1523//1523 1524//1524 1484//1484
f 1524//1524 1445//1445 1484//1484
f 1524//1524 1485//1485 1445//1445
f 1526//1526 1555//1555 1525//1525
f 1556//1556 1555//1555 1526//1526
f 1527//1527 1556//1556 1526//1526
f 1557//1557 1556//1556 1527//1527
f 1528//1528 1557//1557 1527//1527
f 1558//1558 1557//1557 1528//1528
f 1529//1529 1558//1558 1528//1528
f 1559//1559 1558//1558 1529//1529
f 1530//1530 1559//1559 1529//1529
f 1560//1560 1559//1559 1530//1530
f 1531//1531 1560//1560 1530//1530
f 1561//1561 1560//1560 1531//1531
f 1532//1532 1561//1561 1531//1531
f 1562//1562 1561//1561 1532//1532
f 1533//1533 1562//1562 1532//1532
f 1563//1563 1562//1562 1533//1533
f 1534//1534 1563//1563 1533//1533
f 1564//1564 1563//1563 1534//1534
f 1535//1535 1564//1564 1534//1534
f 1565//1565 1564//1564 1535//1535
f 1536//1536 1565//1565 1535//1535
f 1566//1566 1565//1565 1536//1536
f 1537//1537 1566//1566 1536//1536
f 1567//1567 1566//1566 1537//1537
f 1538//1538 1567//1567 1537//1537
f 1568//1568 1567//1567 1538//1538
f 1539//1539 1568//1568 1538//1538
f 1569//1569 1568//1568 1539//1539
f 1540//1540 1569//1569 1539//1539
f 1570//1570 1569//1569 1540//1540
f 1541//1541 1570//1570 1540//1540
f 1571//1571 1570//1570 1541//1541
f 1542//1542 1571//1571 1541//1541
f 1572//1572 1571//1571 1542//1542
f 1543//1543 1572//1572 1542//1542
f 1573//1573 1572//1572 1543//1543
f 1544//1544 1573//1573 1543//1543
f 1574//1574 1573//1573 1544//1544
f 1545//1545 1574//1574 1544//1544
f 1575//1575 1574//1574 1545//1545
f 1546//1546 1575//1575 1545//1545
f 1576//1576 1575//1575 1546//1546
f 1547//1547 1576//1576 1546//1546
f 1577//1577 1576//1576 1547//1547
f 1548//1548 1577//1577 1547//1547
f 1578//1578 1577//1577 1548//1548
f 1549//1549 1578//1578 1548//1548
f 1579//1579 1578//1578 1549//1549
f 1550//1550 1579//1579 1549//1549
f 1580//1580 1579//1579 1550//1550
f 1551//1551 1580//1580 1550//1550
f 1581//1581 1580//1580 1551//1551
f 1552//1552 1581//1581 1551//1551
f 1582//1582 1581//1581 1552//1552
f 1553//1553 1582//1582 1552//1552
f 1583//1583 1582//1582 1553//1553
f 1554//1554 1583//1583 1553//1553
f 1584//1584 1583//1583 1554//1554
f 1525//1525 1584//1584 1554//1554
f 1555//1555 1584//1584 1525//1525
f 1556//1556 1585//1585 1555//1555
f 1586//1586 1585//1585 1556//1556
f 1557//1557 1586//1586 1556//1556
f 1587//1587 1586//1586 1557//1557
f 1558//1558 1587//1587 1557//1557
f 1588//1588 1587//1587 1558//1558
f 1559//1559 1588//1588 1558//1558
f 1589//1589 1588//1588 1559//1559
f 1560//1560 1589//1589 1559//1559
f 1590//1590 1589//1589 1560//1560
f 1561//1561 1590//1590 1560//1560
f 1591//1591 1590//1590 1561//1561
f 1562//1562 1591//1591 1561//1561
f 1592//1592 1591//1591 1562//1562
f 1563//1563 1592//1592 1562//1562
f 1593//1593 1592//1592 1563//1563
f 1564//1564 1593//1593 1563//1563
f 1594//1594 1593//1593 1564//1564
f 1565//1565 1594//1594 1564//1564
f 1595//1595 1594//1594 1565//1565
f 1566//1566 1595//1595 1565//1565
f 1596//1596 1595//1595 1566//1566
f 1567//1567 1596//1596 1566//1566
f 1597//1597 1596//1596 1567//1567
f 1568//1568 1597//1597 1567//1567
f 1598//1598 1597//1597 1568//1568
f 1569//1569 1598//1598 1568//1568
f 1599//1599 1598//1598 1569//1569
f 1570//1570 1599//1599 1569//1569
f 1600//1600 1599//1599 1570//1570
f 1571//1571 1600//1600 1570//1570
f 1601//1601 1600//1600 1571//1571
f 1572//1572 1601//1601 1571//1571
f 1602//1602 1601//1601 1572//1572
f 1573//1573 1602//1602 1572//1572
f 1603//1603 1602//1602 1573//1573
f 1574//1574 1603//1603 1573//1573
f 1604//1604 1603//1603 1574//1574
f 1575//1575 1604//1604 1574//1574
f 1605//1605 1604//1604 1575//1575
f 1576//1576 1605//1605 1575//1575
f 1606//1606 1605//1605 1576//1576
f 1577//1577 1606//1606 1576//1576
f 1607//1607 1606//1606 1577//1577
f 1578//1578 1607//1607 1577//1577
f 1608//1608 1607//1607 1578//1578
f 1579//1579 1608//1608 1578//1578
f 1609//1609 1608//1608 1579//1579
f 1580//1580 1609//1609 1579//1579
f 1610//1610 1609//1609 1580//1580
f 1581//1581 1610//1610 1580//1580
f 1611//1611 1610//1610 1581//1581
f 1582//1582 1611//1611 1581//1581
f 1612//1612 1611//1611 1582//1582
f 1583//1583 1612//1612 1582//1582
f 1613//1613 1612//1612 1583//1583
f 1584//1584 1613//1613 1583//1583
f 1614//1614 1613//1613 1584//1584
f 1555//1555 1614//1614 1584//1584
f 1585//1585 1614//1614 1555//1555
f 1586//1586 1615//1615 1585//1585
f 1616//1616 1615//1615 1586//1586
f 1587//1587 1616//1616 1586//1586
f 1617//1617 1616//1616 1587//1587
f 1588//1588 1617//1617 1587//1587
f 1618//1618 1617//1617 1588//1588
f 1589//1589 1618//1618 1588//1588
f 1619//1619 1618//1618 1589//1589
f 1590//1590 1619//1619 1589//1589
f 1620//1620 1619//1619 1590//1590
f 1591//1591 1620//1620 1590//1590
f 1621//1621 1620//1620 1591//1591
f 1592//1592 1621//1621 1591//1591
f 1622//1622 1621//1621 1592//1592
f 1593//1593 1622//1622 1592//1592
f 1623//1623 1622//1622 1593//1593
f 1594//1594 1623//1623 1593//1593
f 1624//1624 1623//1623 1594//1594
f 1595//1595 1624//1624 1594//1594
f 1625//1625 1624//1624 1595//1595
f 1596//1596 1625//1625 1595//1595
f 1626//1626 1625//1625 1596//1596
f 1597//1597 1626//1626 1596//1596
f 1627//1627 1626//1626 1597//1597
f 1598//1598 1627//1627 1597//1597
f 1628//1628 1627//1627 1598//1598
f 1599//1599 1628//1628 1598//1598
f 1629//1629 1628//1628 1599//1599
f 1600//1600 1629//1629 1599//1599
f 1630//1630 1629//1629 1600//1600
f 1601//1601 1630//1630 1600//1600
f 1631//1631 1630//1630 1601//1601
f 1602//1602 1631//1631 1601//1601
f 1632//1632 1631//1631 1602//1602
f 1603//1603 1632//1632 1602//1602
f 1633//1633 1632//1632 1603//1603
f 1604//1604 1633//1633 1603//1603
f 1634//1634 1633//1633 1604//1604
f 1605//1605 1634//1634 1604//1604
f 1635//1635 1634//1634 1605//1605
f 1606//1606 1635//1635 1605//1605
f 1636//1636 1635//1635 1606//1606
f 1607//1607 1636//1636 1606//1606
f 1637//1637 1636//1636 1607//1607
f 1608//1608 1637//1637 1607//1607
f 1638//1638 1637//1637 1608//1608
f 1609//1609 1638//1638 1608//1608
f 1639//1639 1638//1638 1609//1609
f 1610//1610 1639//1639 1609//1609
f 1640//1640 1639//1639 1610//1610
f 1611//1611 1640//1640 1610//1610
f 1641//1641 1640//1640 1611//1611
f 1612//1612 1641//1641 1611//1611
f 1642//1642 1641//1641 1612//1612
f 1613//1613 1642//1642 1612//1612
f 1643//1643 1642//1642 1613//1613
f 1614//1614 1643//1643 1613//1613
f 1644//1644 1643//1643 1614//1614
f 1585//1585 1644//1644 1614//1614
f 1615//1615 1644//1644 1585//1585
f 1616//1616 1645//1645 1615//1615
f 1646//1646 1645//1645 1616//1616
f 1617//1617 1646//1646 1616//1616
f 1647//1647 1646//1646 1617//1617
f 1618//1618 1647//1647 1617//1617
f 1648//1648 1647//1647 1618//1618
f 1619//1619 1648//1648 1618//1618
f 1649//1649 1648//1648 1619//1619
f 1620//1620 1649//1649 1619//1619
f 1650//1650 1649//1649 1620//1620
f 1621//1621 1650//1650 1620//1620
f 1651//1651 1650//1650 1621//1621
f 1622//1622 1651//1651 1621//1621
f 1652//1652 1651//1651 1622//1622
f 1623//1623 1652//1652 1622//1622
f 1653//1653 1652//1652 1623//1623
f 1624//1624 1653//1653 1623//1623
f 1654//1654 1653//1653 1624//1624
f 1625//1625 1654//1654 1624//1624
f 1655//1655 1654//1654 1625//1625
f 1626//1626 1655//1655 1625//1625
f 1656//1656 1655//1655 1626//1626
f 1627//1627 1656//1656 1626//1626
f 1657//1657 1656//1656 1627//1627
f 1628//1628 1657//1657 1627//1627
f 1658//1658 1657//1657 1628//1628
f 1629//1629 1658//1658 1628//1628
f 1659//1659 1658//1658 1629//1629
f 1630//1630 1659//1659 1629//1629
f 1660//1660 1659//1659 1630//1630
f 1631//1631 1660//1660 1630//1630
f 1661//1661 1660//1660 1631//1631
f 1632//1632 1661//1661 1631//1631
f 1662//1662 1661//1661 1632//1632
f 1633//1633 1662//1662 1632//1632
f 1663//1663 1662//1662 1633//1633
f 1634//1634 1663//1663 1633//1633
f 1664//1664 1663//1663 1634//1634
f 1635//1635 1664//1664 1634//1634
f 1665//1665 1664//1664 1635//1635
f 1636//1636 1665//1665 1635//1635
f 1666//1666 1665//1665 1636//1636
f 1637//1637 1666//1666 1636//1636
f 1667//1667 1666//1666 1637//1637
f 1638//1638 1667//1667 1637//1637
f 1668//1668 1667//1667 1638//1638
f 1639//1639 1668//1668 1638//1638
f 1669//1669 1668//1668 1639//1639
f 1640//1640 1669//1669 1639//1639
f 1670//1670 1669//1669 1640//1640
f 1641//1641 1670//1670 1640//1640
f 1671//1671 1670//1670 1641//1641
f 1642//1642 1671//1671 1641//1641
f 1672//1672 1671//1671 1642//1642
f 1643//1643 1672//1672 1642//1642
f 1673//1673 1672//1672 1643//1643
f 1644//1644 1673//1673 1643//1643
f 1674//1674 1673//1673 1644//1644
f 1615//1615 1674//1674 1644//1644
f 1645//1645 1674//1674 1615//1615
f 1646//1646 1675//1675 1645//1645
f 1676//1676 1675//1675 1646//1646
f 1647//1647 1676//1676 1646//1646
f 1677//1677 1676//1676 1647//1647
f 1648//1648 1677//1677 1647//1647
f 1678//1678 1677//1677 1648//1648
f 1649//1649 1678//1678 1648//1648
f 1679//1679 1678//1678 1649//1649
f 1650//1650 1679//1679 1649//1649
f 1680//1680 1679//1679 1650//1650
f 1651//1651 1680//1680 1650//1650
f 1681//1681 1680//1680 1651//1651
f 1652//1652 1681//1681 1651//1651
f 1682//1682 1681//1681 1652//1652
f 1653//1653 1682//1682 1652//1652
f 1683//1683 1682//1682 1653//1653
f 1654//1654 1683//1683 1653//1653
f 1684//1684 1683//1683 1654//1654
f 1655//1655 1684//1684 1654//1654
f 1685//1685 1684//1684 1655//1655
f 1656//1656 1685//1685 1655//1655
f 1686//1686 1685//1685 1656//1656
f 1657//1657 1686//1686 1656//1656
f 1687//1687 1686//1686 1657//1657
f 1658//1658 1687//1687 1657//1657
f 1688//1688 1687//1687 1658//1658
f 1659//1659 1688//1688 1658//1658
f 1689//1689 1688//1688 1659//1659
f 1660//1660 1689//1689 1659//1659
f 1690//1690 1689//1689 1660//1660
f 1661//1661 1690//1690 1660//1660
f 1691//1691 1690//1690 1661//1661
f 1662//1662 1691//1691 1661//1661
f 1692//1692 1691//1691 1662//1662
f 1663//1663 1692//1692 1662//1662
f 1693//1693 1692//1692 1663//1663
f 1664//1664 1693//1693 1663//1663
f 1694//1694 1693//1693 1664//1664
f 1665//1665 1694//1694 1664//1664
f 1695//1695 1694//1694 1665//1665
f 1666//1666 1695//1695 1665//1665
f 1696//1696 1695//1695 1666//1666
f 1667//1667 1696//1696 1666//1666
f 1697//1697 1696//1696 1667//1667
f 1668//1668 1697//1697 1667//1667
f 1698//1698 1697//1697 1668//1668
f 1669//1669 1698//1698 1668//1668
f 1699//1699 1698//1698 1669//1669
f 1670//1670 1699//1699 1669//1669
f 1700//1700 1699//1699 1670//1670
f 1671//1671 1700//1700 1670//1670
f 1701//1701 1700//1700 1671//1671
f 1672//1672 1701//1701 1671//1671
f 1702//1702 1701//1701 1672//1672
f 1673//1673 1702//1702 1672//1672
f 1703//1703 1702//1702 1673//1673
f 1674//1674 1703//1703 1673//1673
f 1704//1704 1703//1703 1674//1674
f 1645//1645 1704//1704 1674//1674
f 1675//1675 1704//1704 1645//1645
f 1676//1676 1705//1705 1675//1675
f 1706//1706 1705//1705 1676//1676
f 1677//1677 1706//1706 1676//1676
f 1707//1707 1706//1706 1677//1677
f 1678//1678 1707//1707 1677//1677
f 1708//1708 1707//1707 1678//1678
f 1679//1679 1708//1708 1678//1678
f 1709//1709 1708//1708 1679//1679
f 1680//1680 1709//1709 1679//1679
f 1710//1710 1709//1709 1680//1680
f 1681//1681 1710//1710 1680//1680
f 1711//1711 1710//1710 1681//1681
f 1682//1682 1711//1711 1681//1681
f 1712//1712 1711//1711 1682//1682
f 1683//1683 1712//1712 1682//1682
f 1713//1713 1712//1712 1683//1683
f 1684//1684 1713//1713 1683//1683
f 1714//1714 1713//1713 1684//1684
f 1685//1685 1714//1714 1684//1684
f 1715//1715 1714//1714 1685//1685
f 1686//1686 1715//1715 1685//1685
f 1716//1716 1715//1715 1686//1686
f 1687//1687 1716//1716 1686//1686
f 1717//1717 1716//1716 1687//1687
f 1688//1688 1717//1717 1687//1687
f 1718//1718 1717//1717 1688//1688
f 1689//1689 1718//1718 1688//1688
f 1719//1719 1718//1718 1689//1689
f 1690//1690 1719//1719 1689//1689
f 1720//1720 1719//1719 1690//1690
f 1691//1691 1720//1720 1690//1690
f 1721//1721 1720//1720 1691//1691
f 1692//1692 1721//1721 1691//1691
f 1722//1722 1721//1721 1692//1692
f 1693//1693 1722//1722 1692//1692
f 1723//1723 1722//1722 1693//1693
f 1694//1694 1723//1723 1693//1693
f 1724//1724 1723//1723 1694//1694
f 1695//1695 1724//1724 1694//1694
f 1725//1725 1724//1724 1695//1695
f 1696//1696 1725//1725 1695//1695
f 1726//1726 1725//1725 1696//1696
f 1697//1697 1726//1726 1696//1696
f 1727//1727 1726//1726 1697//1697
f 1698//1698 1727//1727 1697//1697
f 1728//1728 1727//1727 1698//1698
f 1699//1699 1728//1728 1698//1698
f 1729//1729 1728//1728 1699//1699
f 1700//1700 1729//1729 1699//1699
f 1730//1730 1729//1729 1700//1700
f 1701//1701 1730//1730 1700//1700
f 1731//1731 1730//1730 1701//1701
f 1702//1702 1731//1731 1701//1701
f 1732//1732 1731//1731 1702//1702
f 1703//1703 1732//1732 1702//1702
f 1733//1733 1732//1732 1703//1703
f 1704//1704 1733//1733 1703//1703
f 1734//1734 1733//1733 1704//1704
f 1675//1675 1734//1734 1704//1704
f 1705//1705 1734//1734 1675//1675
f 1706//1706 1735//1735 1705//1705
f 1736//1736 1735//1735 1706//1706
f 1707//1707 1736//1736 1706//1706
f 1737//1737 1736//1736 1707//1707
f 1708//1708 1737//1737 1707//1707
f 1738//1738 1737//1737 1708//1708
f 1709//1709 1738//1738 1708//1708
f 1739//1739 1738//1738 1709//1709
f 1710//1710 1739//1739 1709//1709
f 1740//1740 1739//1739 1710//1710
f 1711//1711 1740//1740 1710//1710
f 1741//1741 1740//1740 1711//1711
f 1712//1712 1741//1741 1711//1711
f 1742//1742 1741//1741 1712//1712
f 1713//1713 1742//1742 1712//1712
f 1743//1743 1742//1742 1713//1713
f 1714//1714 1743//1743 1713//1713
f 1744//1744 1743//1743 1714//1714
f 1715//1715 1744//1744 1714//1714
f 1745//1745 1744//1744 1715//1715
f 1716//1716 1745//1745 1715//1715
f 1746//1746 1745//1745 1716//1716
f 1717//1717 1746//1746 1716//1716
f 1747//1747 1746//1746 1717//1717
f 1718//1718 1747//1747 1717//1717
f 1748//1748 1747//1747 1718//1718
f 1719//1719 1748//1748 1718//1718
f 1749//1749 1748//1748 1719//1719
f 1720//1720 1749//1749 1719//1719
f 1750//1750 1749//1749 1720//1720
f 1721//1721 1750//1750 1720//1720
f 1751//1751 1750//1750 1721//1721
f 1722//1722 1751//1751 1721//1721
f 1752//1752 1751//1751 1722//1722
f 1723//1723 1752//1752 1722//1722
f 1753//1753 1752//1752 1723//1723
f 1724//1724 1753//1753 1723//1723
f 1754//1754 1753//1753 1724//1724
f 1725//1725 1754//1754 1724//1724
f 1755//1755 1754//1754 1725//1725
f 1726//1726 1755//1755 1725//1725
f 1756//1756 1755//1755 1726//1726
f 1727//1727 1756//1756 1726//1726
f 1757//1757 1756//1756 1727//1727
f 1728//1728 1757//1757 1727//1727
f 1758//1758 1757//1757 1728//1728
f 1729//1729 1758//1758 1728//1728
f 1759//1759 1758//1758 1729//1729
f 1730//1730 1759//1759 1729//1729
f 1760//1760 1759//1759 1730//1730
f 1731//1731 1760//1760 1730//1730
f 1761//1761 1760//1760 1731//1731
f 1732//1732 1761//1761 1731//1731
f 1762//1762 1761//1761 1732//1732
f 1733//1733 1762//1762 1732//1732
f 1763//1763 1762//1762 1733//1733
f 1734//1734 1763//1763 1733//1733
f 1764//1764 1763//1763 1734//1734
f 1705//1705 1764//1764 1734//1734
f 1735//1735 1764//1764 1705//1705
f 1736//1736 1765//1765 1735//1735
f 1766//1766 1765//1765 1736//1736
f 1737//1737 1766//1766 1736//1736
f 1767//1767 1766//1766 1737//1737
f 1738//1738 1767//1767 1737//1737
f 1768//1768 1767//1767 1738//1738
f 1739//1739 1768//1768 1738//1738
f 1769//1769 1768//1768 1739//1739
f 1740//1740 1769//1769 1739//1739
f 1770//1770 1769//1769 1740//1740
f 1741//1741 1770//1770 1740//1740
f 1771//1771 1770//1770 1741//1741
f 1742//1742 1771//1771 1741//1741
f 1772//1772 1771//1771 1742//1742
f 1743//1743 1772//1772 1742//1742
f 1773//1773 1772//1772 1743//1743
f 1744//1744 1773//1773 1743//1743
f 1774//1774 1773//1773 1744//1744
f 1745//1745 1774//1774 1744//1744
f 1775//1775 1774//1774 1745//1745
f 1746//1746 1775//1775 1745//1745
f 1776//1776 1775//1775 1746//1746
f 1747//1747 1776//1776 1746//1746
f 1777//1777 1776//1776 1747//1747
f 1748//1748 1777//1777 1747//1747
f 1778//1778 1777//1777 1748//1748
f 1749//1749 1778//1778 1748//1748
f 1779//1779 1778//1778 1749//1749
f 1750//1750 1779//1779 1749//1749
f 1780//1780 1779//1779 1750//1750
f 1751//1751 1780//1780 1750//1750
f 1781//1781 1780//1780 1751//1751
f 1752//1752 1781//1781 1751//1751
f 1782//1782 1781//1781 1752//1752
f 1753//1753 1782//1782 1752//1752
f 1783//1783 1782//1782 1753//1753
f 1754//1754 1783//1783 1753//1753
f 1784//1784 1783//1783 1754//1754
f 1755//1755 1784//1784 1754//1754
f 1785//1785 1784//1784 1755//1755
f 1756//1756 1785//1785 1755//1755
f 1786//1786 1785//1785 1756//1756
f 1757//1757 1786//1786 1756//1756
f 1787//1787 1786//1786 1757//1757
f 1758//1758 1787//1787 1757//1757
f 1788//1788 1787//1787 1758//1758
f 1759//1759 1788//1788 1758//1758
f 1789//1789 1788//1788 1759//1759
f 1760//1760 1789//1789 1759//1759
f 1790//1790 1789//1789 1760//1760
f 1761//1761 1790//1790 1760//1760
f 1791//1791 1790//1790 1761//1761
f 1762//1762 1791//1791 1761//1761
f 1792//1792 1791//1791 1762//1762
f 1763//1763 1792//1792 1762//1762
f 1793//1793 1792//1792 1763//1763
f 1764//1764 1793//1793 1763//1763
f 1794//1794 1793//1793 1764//1764
f 1735//1735 1794//1794 1764//1764
f 1765//1765 1794//1794 1735//1735
f 1766//1766 1795//1795 1765//1765
f 1796//1796 1795//1795 1766//1766
f 1767//1767 1796//1796 1766//1766
f 1797//1797 1796//1796 1767//1767
f 1768//1768 1797//1797 1767//1767
f 1798//1798 1797//1797 1768//1768
f 1769//1769 1798//1798 1768//1768
f 1799//1799 1798//1798 1769//1769
f 1770//1770 1799//1799 1769//1769
f 1800//1800 1799//1799 1770//1770
f 1771//1771 1800//1800 1770//1770
f 1801//1801 1800//1800 1771//1771
f 1772//1772 1801//1801 1771//1771
f 1802//1802 1801//1801 1772//1772
f 1773//1773 1802//1802 1772//1772
f 1803//1803 1802//1802 1773//1773
f 1774//1774 1803//1803 1773//1773
f 1804//1804 1803//1803 1774//1774
f 1775//1775 1804//1804 1774//1774
f 1805//1805 1804//1804 1775//1775
f 1776//1776 1805//1805 1775//1775
f 1806//1806 1805//1805 1776//1776
f 1777//1777 1806//1806 1776//1776
f 1807//1807 1806//1806 1777//1777
f 1778//1778 1807//1807 1777//1777
f 1808//1808 1807//1807 1778//1778
f 1779//1779 1808//1808 1778//1778
f 1809//1809 1808//1808 1779//1779
f 1780//1780 1809//1809 1779//1779
f 1810//1810 1809//1809 1780//1780
f 1781//1781 1810//1810 1780//1780
f 1811//1811 1810//1810 1781//1781
f 1782//1782 1811//1811 1781//1781
f 1812//1812 1811//1811 1782//1782
f 1783//1783 1812//1812 1782//1782
f 1813//1813 1812//1812 1783//1783
f 1784//1784 1813//1813 1783//1783
f 1814//1814 1813//1813 1784//1784
f 1785//1785 1814//1814 1784//1784
f 1815//1815 1814//1814 1785//1785
f 1786//1786 1815//1815 1785//1785
f 1816//1816 1815//1815 1786//1786
f 1787//1787 1816//1816 1786//1786
f 1817//1817 1816//1816 1787//1787
f 1788//1788 1817//1817 1787//1787
f 1818//1818 1817//1817 1788//1788
f 1789//1789 1818//1818 1788//1788
f 1819//1819 1818//1818 1789//1789
f 1790//1790 1819//1819 1789//1789
f 1820//1820 1819//1819 1790//1790
f 1791//1791 1820//1820 1790//1790
f 1821//1821 1820//1820 1791//1791
f 1792//1792 1821//1821 1791//1791
f 1822//1822 1821//1821 1792//1792
f 1793//1793 1822//1822 1792//1792
f 1823//1823 1822//1822 1793//1793
f 1794//1794 1823//1823 1793//1793
f 1824//1824 1823//1823 1794//1794
f 1765//1765 1824//1824 1794//1794
f 1795//1795 1824//1824 1765//1765
f 1796//1796 1825//1825 1795//1795
f 1826//1826 1825//1825 1796//1796
f 1797//1797 1826//1826 1796//1796
f 1827//1827 1826//1826 1797//1797
f 1798//1798 1827//1827 1797//1797
f 1828//1828 1827//1827 1798//1798
f 1799//1799 1828//1828 1798//1798
f 1829//1829 1828//1828 1799//1799
f 1800//1800 1829//1829 1799//1799
f 1830//1830 1829//1829 1800//1800
f 1801//1801 1830//1830 1800//1800
f 1831//1831 1830//1830 1801//1801
f 1802//1802 1831//1831 1801//1801
f 1832//1832 1831//1831 1802//1802
f 1803//1803 1832//1832 1802//1802
f 1833//1833 1832//1832 1803//1803
f 1804//1804 1833//1833 1803//1803
f 1834//1834 1833//1833 1804//1804
f 1805//1805 1834//1834 1804//1804
f 1835//1835 1834//1834 1805//1805
f 1806//1806 1835//1835 1805//1805
f 1836//1836 1835//1835 1806//1806
f 1807//1807 1836//1836 1806//1806
f 1837//1837 1836//1836 1807//1807
f 1808//1808 1837//1837 1807//1807
f 1838//1838 1837//1837 1808//1808
f 1809//1809 1838//1838 1808//1808
f 1839//1839 1838//1838 1809//1809
f 1810//1810 1839//1839 1809//1809
f 1840//1840 1839//1839 1810//1810
f 1811//1811 1840//1840 1810//1810
f 1841//1841 1840//1840 1811//1811
f 1812//1812 1841//1841 1811//1811
f 1842//1842 1841//1841 1812//1812
f 1813//1813 1842//1842 1812//1812
f 1843//1843 1842//1842 1813//1813
f 1814//1814 1843//1843 1813//1813
f 1844//1844 1843//1843 1814//1814
f 1815//1815 1844//1844 1814//1814
f 1845//1845 1844//1844 1815//1815
f 1816//1816 1845//1845 1815//1815
f 1846//1846 1845//1845 1816//1816
f 1817//1817 1846//1846 1816//1816
f 1847//1847 1846//1846 1817//1817
f 1818//1818 1847//1847 1817//1817
f 1848//1848 1847//1847 1818//1818
f 1819//1819 1848//1848 1818//1818
f 1849//1849 1848//1848 1819//1819
f 1820//1820 1849//1849 1819//1819
f 1850//1850 1849//1849 1820//1820
f 1821//1821 1850//1850 1820//1820
f 1851//1851 1850//1850 1821//1821
f 1822//1822 1851//1851 1821//1821
f 1852//1852 1851//1851 1822//1822
f 1823//1823 1852//1852 1822//1822
f 1853//1853 1852//1852 1823//1823
f 1824//1824 1853//1853 1823//1823
f 1854//1854 1853//1853 1824//1824
f 1795//1795 1854//1854 1824//1824
f 1825//1825 1854//1854 1795//1795
f 1826//1826 1855//1855 1825//1825
f 1856//1856 1855//1855 1826//1826
f 1827//1827 1856//1856 1826//1826
f 1857//1857 1856//1856 1827//1827
f 1828//1828 1857//1857 1827//1827
f 1858//1858 1857//1857 1828//1828
f 1829//1829 1858//1858 1828//1828
f 1859//1859 1858//1858 1829//1829
f 1830//1830 1859//1859 1829//1829
f 1860//1860 1859//1859 1830//1830
f 1831//1831 1860//1860 1830//1830
f 1861//1861 1860//1860 1831//1831
f 1832//1832 1861//1861 1831//1831
f 1862//1862 1861//1861 1832//1832
f 1833//1833 1862//1862 1832//1832
f 1863//1863 1862//1862 1833//1833
f 1834//1834 1863//1863 1833//1833
f 1864//1864 1863//1863 1834//1834
f 1835//1835 1864//1864 1834//1834
f 1865//1865 1864//1864 1835//1835
f 1836//1836 1865//1865 1835//1835
f 1866//1866 1865//1865 1836//1836
f 1837//1837 1866//1866 1836//1836
f 1867//1867 1866//1866 1837//1837
f 1838//1838 1867//1867 1837//1837
f 1868//1868 1867//1867 1838//1838
f 1839//1839 1868//1868 1838//1838
f 1869//1869 1868//1868 1839//1839
f 1840//1840 1869//1869 1839//1839
f 1870//1870 1869//1869 1840//1840
f 1841//1841 1870//1870 1840//1840
f 1871//1871 1870//1870 1841//1841
f 1842//1842 1871//1871 1841//1841
f 1872//1872 1871//1871 1842//1842
f 1843//1843 1872//1872 1842//1842
f 1873//1873 1872//1872 1843//1843
f 1844//1844 1873//1873 1843//1843
f 1874//1874 1873//1873 1844//1844
f 1845//1845 1874//1874 1844//1844
f 1875//1875 1874//1874 1845//1845
f 1846//1846 1875//1875 1845//1845
f 1876//1876 1875//1875 1846//1846
f 1847//1847 1876//1876 1846//1846
f 1877//1877 1876//1876 1847//1847
f 1848//1848 1877//1877 1847//1847
f 1878//1878 1877//1877 1848//1848
f 1849//1849 1878//1878 1848//1848
f 1879//1879 1878//1878 1849//1849
f 1850//1850 1879//1879 1849//1849
f 1880//1880 1879//1879 1850//1850
f 1851//1851 1880//1880 1850//1850
f 1881//1881 1880//1880 1851//1851
f 1852//1852 1881//1881 1851//1851
f 1882//1882 1881//1881 1852//1852
f 1853//1853 1882//1882 1852//1852
f 1883//1883 1882//1882 1853//1853
f 1854//1854 1883//1883 1853//1853
f 1884//1884 1883//1883 1854//1854
f 1825//1825 1884//1884 1854//1854
f 1855//1855 1884//1884 1825//1825
f 1856//1856 1885//1885 1855//1855
f 1886//1886 1885//1885 1856//1856
f 1857//1857 1886//1886 1856//1856
f 1887//1887 1886//1886 1857//1857
f 1858//1858 1887//1887 1857//1857
f 1888//1888 1887//1887 1858//1858
f 1859//1859 1888//1888 1858//1858
f 1889//1889 1888//1888 1859//1859
f 1860//1860 1889//1889 1859//1859
f 1890//1890 1889//1889 1860//1860
f 1861//1861 1890//1890 1860//1860
f 1891//1891 1890//1890 1861//1861
f 1862//1862 1891//1891 1861//1861
f 1892//1892 1891//1891 1862//1862
f 1863//1863 1892//1892 1862//1862
f 1893//1893 1892//1892 1863//1863
f 1864//1864 1893//1893 1863//1863
f 1894//1894 1893//1893 1864//1864
f 1865//1865 1894//1894 1864//1864
f 1895//1895 1894//1894 1865//1865
f 1866//1866 1895//1895 1865//1865
f 1896//1896 1895//1895 1866//1866
f 1867//1867 1896//1896 1866//1866
f 1897//1897 1896//1896 1867//1867
f 1868//1868 1897//1897 1867//1867
f 1898//1898 1897//1897 1868//1868
f 1869//1869 1898//1898 1868//1868
f 1899//1899 1898//1898 1869//1869
f 1870//1870 1899//1899 1869//1869
f 1900//1900 1899//1899 1870//1870
f 1871//1871 1900//1900 1870//1870
f 1901//1901 1900//1900 1871//1871
f 1872//1872 1901//1901 1871//1871
f 1902//1902 1901//1901 1872//1872
f 1873//1873 1902//1902 1872//1872
f 1903//1903 1902//1902 1873//1873
f 1874//1874 1903//1903 1873//1873
f 1904//1904 1903//1903 1874//1874
f 1875//1875 1904//1904 1874//1874
f 1905//1905 1904//1904 1875//1875
f 1876//1876 1905//1905 1875//1875
f 1906//1906 1905//1905 1876//1876
f 1877//1877 1906//1906 1876//1876
f 1907//1907 1906//1906 1877//1877
f 1878//1878 1907//1907 1877//1877
f 1908//1908 1907//1907 1878//1878
f 1879//1879 1908//1908 1878//1878
f 1909//1909 1908//1908 1879//1879
f 1880//1880 1909//1909 1879//1879
f 1910//1910 1909//1909 1880//1880
f 1881//1881 1910//1910 1880//1880
f 1911//1911 1910//1910 1881//1881
f 1882//1882 1911//1911 1881//1881
f 1912//1912 1911//1911 1882//1882
f 1883//1883 1912//1912 1882//1882
f 1913//1913 1912//1912 1883//1883
f 1884//1884 1913//1913 1883//1883
f 1914//1914 1913//1913 1884//1884
f 1855//1855 1914//1914 1884//1884
f 1885//1885 1914//1914 1855//1855
f 1886//1886 1915//1915 1885//1885
f 1916//1916 1915//1915 1886//1886
f 1887//1887 1916//1916 1886//1886
f 1917//1917 1916//1916 1887//1887
f 1888//1888 1917//1917 1887//1887
f 1918//1918 1917//1917 1888//1888
f 1889//1889 1918//1918 1888//1888
f 1919//1919 1918//1918 1889//1889
f 1890//1890 1919//1919 1889//1889
f 1920//1920 1919//1919 1890//1890
f 1891//1891 1920//1920 1890//1890
f 1921//1921 1920//1920 1891//1891
f 1892//1892 1921//1921 1891//1891
f 1922//1922 1921//1921 1892//1892
f 1893//1893 1922//1922 1892//1892
f 1923//1923 1922//1922 1893//1893
f 1894//1894 1923//1923 1893//1893
f 1924//1924 1923//1923 1894//1894
f 1895//1895 1924//1924 1894//1894
f 1925//1925 1924//1924 1895//1895
f 1896//1896 1925//1925 1895//1895
f 1926//1926 1925//1925 1896//1896
f 1897//1897 1926//1926 1896//1896
f 1927//1927 1926//1926 1897//1897
f 1898//1898 1927//1927 1897//1897
f 1928//1928 1927//1927 1898//1898
f 1899//1899 1928//1928 1898//1898
f 1929//1929 1928//1928 1899//1899
f 1900//1900 1929//1929 1899//1899
f 1930//1930 1929//1929 1900//1900
f 1901//1901 1930//1930 1900//1900
f 1931//1931 1930//1930 1901//1901
f 1902//1902 1931//1931 1901//1901
f 1932//1932 1931//1931 1902//1902
f 1903//1903 1932//1932 1902//1902
f 1933//1933 1932//1932 1903//1903
f 1904//1904 1933//1933 1903//1903
f 1934//1934 1933//1933 1904//1904
f 1905//1905 1934//1934 1904//1904
f 1935//1935 1934//1934 1905//1905
f 1906//1906 1935//1935 1905//1905
f 1936//1936 1935//1935 1906//1906
f 1907//1907 1936//1936 1906//1906
f 1937//1937 1936//1936 1907//1907
f 1908//1908 1937//1937 1907//1907
f 1938//1938 1937//1937 1908//1908
f 1909//1909 1938//1938 1908//1908
f 1939//1939 1938//1938 1909//1909
f 1910//1910 1939//1939 1909//1909
f 1940//1940 1939//1939 1910//1910
f 1911//1911 1940//1940 1910//1910
f 1941//1941 1940//1940 1911//1911
f 1912//1912 1941//1941 1911//1911
f 1942//1942 1941//1941 1912//1912
f 1913//1913 1942//1942 1912//1912
f 1943//1943 1942//1942 1913//1913
f 1914//1914 1943//1943 1913//1913
f 1944//1944 1943//1943 1914//1914
f 1885//1885 1944//1944 1914//1914
f 1915//1915 1944//1944 1885//1885
f 1916//1916 1945//1945 1915//1915
f 1946//1946 1945//1945 1916//1916
f 1917//1917 1946//1946 1916//1916
f 1947//1947 1946//1946 1917//1917
f 1918//1918 1947//1947 1917//1917
f 1948//1948 1947//1947 1918//1918
f 1919//1919 1948//1948 1918//1918
f 1949//1949 1948//1948 1919//1919
f 1920//1920 1949//1949 1919//1919
f 1950//1950 1949//1949 1920//1920
f 1921//1921 1950//1950 1920//1920
f 1951//1951 1950//1950 1921//1921
f 1922//1922 1951//1951 1921//1921
f 1952//1952 1951//1951 1922//1922
f 1923//1923 1952//1952 1922//1922
f 1953//1953 1952//1952 1923//1923
f 1924//1924 1953//1953 1923//1923
f 1954//1954 1953//1953 1924//1924
f 1925//1925 1954//1954 1924//1924
f 1955//1955 1954//1954 1925//1925
f 1926//1926 1955//1955 1925//1925
f 1956//1956 1955//1955 1926//1926
f 1927//1927 1956//1956 1926//1926
f 1957//1957 1956//1956 1927//1927
f 1928//1928 1957//1957 1927//1927
f 1958//1958 1957//1957 1928//1928
f 1929//1929 1958//1958 1928//1928
f 1959//1959 1958//1958 1929//1929
f 1930//1930 1959//1959 1929//1929
f 1960//1960 1959//1959 1930//1930
f 1931//1931 1960//1960 1930//1930
f 1961//1961 1960//1960 1931//1931
f 1932//1932 1961//1961 1931//1931
f 1962//1962 1961//1961 1932//1932
f 1933//1933 1962//1962 1932//1932
f 1963//1963 1962//1962 1933//1933
f 1934//1934 1963//1963 1933//1933
f 1964//1964 1963//1963 1934//1934
f 1935//1935 1964//1964 1934//1934
f 1965//1965 1964//1964 1935//1935
f 1936//1936 1965//1965 1935//1935
f 1966//1966 1965//1965 1936//1936
f 1937//1937 1966//1966 1936//1936
f 1967//1967 1966//1966 1937//1937
f 1938//1938 1967//1967 1937//1937
f 1968//1968 1967//1967 1938//1938
f 1939//1939 1968//1968 1938//1938
f 1969//1969 1968//1968 1939//1939
f 1940//1940 1969//1969 1939//1939
f 1970//1970 1969//1969 1940//1940
f 1941//1941 1970//1970 1940//1940
f 1971//1971 1970//1970 1941//1941
f 1942//1942 1971//1971 1941//1941
f 1972//1972 1971//1971 1942//1942
f 1943//1943 1972//1972 1942//1942
f 1973//1973 1972//1972 1943//1943
f 1944//1944 1973//1973 1943//1943
f 1974//1974 1973//1973 1944//1944
f 1915//1915 1974//1974 1944//1944
f 1945//1945 1974//1974 1915//1915
f 1946//1946 1975//1975 1945//1945
f 1976//1976 1975//1975 1946//1946
f 1947//1947 1976//1976 1946//1946
f 1977//1977 1976//1976 1947//1947
f 1948//1948 1977//1977 1947//1947
f 1978//1978 1977//1977 1948//1948
f 1949//1949 1978//1978 1948//1948
f 1979//1979 1978//1978 1949//1949
f 1950//1950 1979//1979 1949//1949
f 1980//1980 1979//1979 1950//1950
f 1951//1951 1980//1980 1950//1950
f 1981//1981 1980//1980 1951//1951
f 1952//1952 1981//1981 1951//1951
f 1982//1982 1981//1981 1952//1952
f 1953//1953 1982//1982 1952//1952
f 1983//1983 1982//1982 1953//1953
f 1954//1954 1983//1983 1953//1953
f 1984//1984 1983//1983 1954//1954
f 1955//1955 1984//1984 1954//1954
f 1985//1985 1984//1984 1955//1955
f 1956//1956 1985//1985 1955//1955
f 1986//1986 1985//1985 1956//1956
f 1957//1957 1986//1986 1956//1956
f 1987//1987 1986//1986 1957//1957
f 1958//1958 1987//1987 1957//1957
f 1988//1988 1987//1987 1958//1958
f 1959//1959 1988//1988 1958//1958
f 1989//1989 1988//1988 1959//1959
f 1960//1960 1989//1989 1959//1959
f 1990//1990 1989//1989 1960//1960
f 1961//1961 1990//1990 1960//1960
f 1991//1991 1990//1990 1961//1961
f 1962//1962 1991//1991 1961//1961
f 1992//1992 1991//1991 1962//1962
f 1963//1963 1992//1992 1962//1962
f 1993//1993 1992//1992 1963//1963
f 1964//1964 1993//1993 1963//1963
f 1994//1994 1993//1993 1964//1964
f 1965//1965 1994//1994 1964//1964
f 1995//1995 1994//1994 1965//1965
f 1966//1966 1995//1995 1965//1965
f 1996//1996 1995//1995 1966//1966
f 1967//1967 1996//1996 1966//1966
f 1997//1997 1996//1996 1967//1967
f 1968//1968 1997//1997 1967//1967
f 1998//1998 1997//1997 1968//1968
f 1969//1969 1998//1998 1968//1968
f 1999//1999 1998//1998 1969//1969
f 1970//1970 1999//1999 1969//1969
f 2000//2000 1999//1999 1970//1970
f 1971//1971 2000//2000 1970//1970
f 2001//2001 2000//2000 1971//1971
f 1972//1972 2001//2001 1971//1971
f 2002//2002 2001//2001 1972//1972
f 1973//1973 2002//2002 1972//1972
f 2003//2003 2002//2002 1973//1973
f 1974//1974 2003//2003 1973//1973
f 2004//2004 2003//2003 1974//1974
f 1945//1945 2004//2004 1974//1974
f 1975//1975 2004//2004 1945//1945
f 1976//1976 2005//2005 1975//1975
f 2006//2006 2005//2005 1976//1976
f 1977//1977 2006//2006 1976//1976
f 2007//2007 2006//2006 1977//1977
f 1978//1978 2007//2007 1977//1977
f 2008//2008 2007//2007 1978//1978
f 1979//1979 2008//2008 1978//1978
f 2009//2009 2008//2008 1979//1979
f 1980//1980 2009//2009 1979//1979
f 2010//2010 2009//2009 1980//1980
f 1981//1981 2010//2010 1980//1980
f 2011//2011 2010//2010 1981//1981
f 1982//1982 2011//2011 1981//1981
f 2012//2012 2011//2011 1982//1982
f 1983//1983 2012//2012 1982//1982
f 2013//2013 2012//2012 1983//1983
f 1984//1984 2013//2013 1983//1983
f 2014//2014 2013//2013 1984//1984
f 1985//1985 2014//2014 1984//1984
f 2015//2015 2014//2014 1985//1985
f 1986//1986 2015//2015 1985//1985
f 2016//2016 2015//2015 1986//1986
f 1987//1987 2016//2016 1986//1986
f 2017//2017 2016//2016 1987//1987
f 1988//1988 2017//2017 1987//1987
f 2018//2018 2017//2017 1988//1988
f 1989//1989 2018//2018 1988//1988
f 2019//2019 2018//2018 1989//1989
f 1990//1990 2019//2019 1989//1989
f 2020//2020 2019//2019 1990//1990
f 1991//1991 2020//2020 1990//1990
f 2021//2021 2020//2020 1991//1991
f 1992//1992 2021//2021 1991//1991
f 2022//2022 2021//2021 1992//1992
f 1993//1993 2022//2022 1992//1992
f 2023//2023 2022//2022 1993//1993
f 1994//1994 2023//2023 1993//1993
f 2024//2024 2023//2023 1994//1994
f 1995//1995 2024//2024 1994//1994
f 2025//2025 2024//2024 1995//1995
f 1996//1996 2025//2025 1995//1995
f 2026//2026 2025//2025 1996//1996
f 1997//1997 2026//2026 1996//1996
f 2027//2027 2026//2026 1997//1997
f 1998//1998 2027//2027 1997//1997
f 2028//2028 2027//2027 1998//1998
f 1999//1999 2028//2028 1998//1998
f 2029//2029 2028//2028 1999//1999
f 2000//2000 2029//2029 1999//1999
f 2030//2030 2029//2029 2000//2000
f 2001//2001 2030//2030 2000//2000
f 2031//2031 2030//2030 2001//2001
f 2002//2002 2031//2031 2001//2001
f 2032//2032 2031//2031 2002//2002
f 2003//2003 2032//2032 2002//2002
f 2033//2033 2032//2032 2003//2003
f 2004//2004 2033//2033 2003//2003
f 2034//2034 2033//2033 2004//2004
f 1975//1975 2034//2034 2004//2004
f 2005//2005 2034//2034 1975//1975
f 2006//2006 2035//2035 2005//2005
f 2036//2036 2035//2035 2006//2006
f 2007//2007 2036//2036 2006//2006
f 2037//2037 2036//2036 2007//2007
f 2008//2008 2037//2037 2007//2007
f 2038//2038 2037//2037 2008//2008
f 2009//2009 2038//2038 2008//2008
f 2039//2039 2038//2038 2009//2009
f 2010//2010 2039//2039 2009//2009
f 2040//2040 2039//2039 2010//2010
f 2011//2011 2040//2040 2010//2010
f 2041//2041 2040//2040 2011//2011
f 2012//2012 2041//2041 2011//2011
f 2042//2042 2041//2041 2012//2012
f 2013//2013 2042//2042 2012//2012
f 2043//2043 2042//2042 2013//2013
f 2014//2014 2043//2043 2013//2013
f 2044//2044 2043//2043 2014//2014
f 2015//2015 2044//2044 2014//2014
f 2045//2045 2044//2044 2015//2015
f 2016//2016 2045//2045 2015//2015
f 2046//2046 2045//2045 2016//2016
f 2017//2017 2046//2046 2016//2016
f 2047//2047 2046//2046 2017//2017
f 2018//2018 2047//2047 2017//2017
f 2048//2048 2047//2047 2018//2018
f 2019//2019 2048//2048 2018//2018
f 2049//2049 2048//2048 2019//2019
f 2020//2020 2049//2049 2019//2019
f 2050//2050 2049//2049 2020//2020
f 2021//2021 2050//2050 2020//2020
f 2051//2051 2050//2050 2021//2021
f 2022//2022 2051//2051 2021//2021
f 2052//2052 2051//2051 2022//2022
f 2023//2023 2052//2052 2022//2022
f 2053//2053 2052//2052 2023//2023
f 2024//2024 2053//2053 2023//2023
f 2054//2054 2053//2053 2024//2024
f 2025//2025 2054//2054 2024//2024
f 2055//2055 2054//2054 2025//2025
f 2026//2026 2055//2055 2025//2025
f 2056//2056 2055//2055 2026//2026
f 2027//2027 2056//2056 2026//2026
f 2057//2057 2056//2056 2027//2027
f 2028//2028 2057//2057 2027//2027
f 2058//2058 2057//2057 2028//2028
f 2029//2029 2058//2058 2028//2028
f 2059//2059 2058//2058 2029//2029
f 2030//2030 2059//2059 2029//2029
f 2060//2060 2059//2059 2030//2030
f 2031//2031 2060//2060 2030//2030
f 2061//2061 2060//2060 2031//2031
f 2032//2032 2061//2061 2031//2031
f 2062//2062 2061//2061 2032//2032
f 2033//2033 2062//2062 2032//2032
f 2063//2063 2062//2062 2033//2033
f 2034//2034 2063//2063 2033//2033
f 2064//2064 2063//2063 2034//2034
f 2005//2005 2064//2064 2034//2034
f 2035//2035 2064//2064 2005//2005
f 2036//2036 2065//2065 2035//2035
f 2066//2066 2065//2065 2036//2036
f 2037//2037 2066//2066 2036//2036
f 2067//2067 2066//2066 2037//2037
f 2038//2038 2067//2067 2037//2037
f 2068//2068 2067//2067 2038//2038
f 2039//2039 2068//2068 2038//2038
f 2069//2069 2068//2068 2039//2039
f 2040//2040 2069//2069 2039//2039
f 2070//2070 2069//2069 2040//2040
f 2041//2041 2070//2070 2040//2040
f 2071//2071 2070//2070 2041//2041
f 2042//2042 2071//2071 2041//2041
f 2072//2072 2071//2071 2042//2042
f 2043//2043 2072//2072 2042//2042
f 2073//2073 2072//2072 2043//2043
f 2044//2044 2073//2073 2043//2043
f 2074//2074 2073//2073 2044//2044
f 2045//2045 2074//2074 2044//2044
f 2075//2075 2074//2074 2045//2045
f 2046//2046 2075//2075 2045//2045
f 2076//2076 2075//2075 2046//2046
f 2047//2047 2076//2076 2046//2046
f 2077//2077 2076//2076 2047//2047
f 2048//2048 2077//2077 2047//2047
f 2078//2078 2077//2077 2048//2048
f 2049//2049 2078//2078 2048//2048
f 2079//2079 2078//2078 2049//2049
f 2050//2050 2079//2079 2049//2049
f 2080//2080 2079//2079 2050//2050
f 2051//2051 2080//2080 2050//2050
f 2081//2081 2080//2080 2051//2051
f 2052//2052 2081//2081 2051//2051
f 2082//2082 2081//2081 2052//2052
f 2053//2053 2082//2082 2052//2052
f 2083//2083 2082//2082 2053//2053
f 2054//2054 2083//2083 2053//2053
f 2084//2084 2083//2083 2054//2054
f 2055//2055 2084//2084 2054//2054
f 2085//2085 2084//2084 2055//2055
f 2056//2056 2085//2085 2055//2055
f 2086//2086 2085//2085 2056//2056
f 2057//2057 2086//2086 2056//2056
f 2087//2087 2086//2086 2057//2057
f 2058//2058 2087//2087 2057//2057
f 2088//2088 2087//2087 2058//2058
f 2059//2059 2088//2088 2058//2058
f 2089//2089 2088//2088 2059//2059
f 2060//2060 2089//2089 2059//2059
f 2090//2090 2089//2089 2060//2060
f 2061//2061 2090//2090 2060//2060
f 2091//2091 2090//2090 2061//2061
f 2062//2062 2091//2091 2061//2061
f 2092//2092 2091//2091 2062//2062
f 2063//2063 2092//2092 2062//2062
f 2093//2093 2092//2092 2063//2063
f 2064//2064 2093//2093 2063//2063
f 2094//2094 2093//2093 2064//2064
f 2035//2035 2094//2094 2064//2064
f 2065//2065 2094//2094 2035//2035
f 2066//2066 2095//2095 2065//2065
f 2096//2096 2095//2095 2066//2066
f 2067//2067 2096//2096 2066//2066
f 2097//2097 2096//2096 2067//2067
f 2068//2068 2097//2097 2067//2067
f 2098//2098 2097//2097 2068//2068
f 2069//2069 2098//2098 2068//2068
f 2099//2099 2098//2098 2069//2069
f 2070//2070 2099//2099 2069//2069
f 2100//2100 2099//2099 2070//2070
f 2071//2071 2100//2100 2070//2070
f 2101//2101 2100//2100 2071//2071
f 2072//2072 2101//2101 2071//2071
f 2102//2102 2101//2101 2072//2072
f 2073//2073 2102//2102 2072//2072
f 2103//2103 2102//2102 2073//2073
f 2074//2074 2103//2103 2073//2073
f 2104//2104 2103//2103 2074//2074
f 2075//2075 2104//2104 2074//2074
f 2105//2105 2104//2104 2075//2075
f 2076//2076 2105//2105 2075//2075
f 2106//2106 2105//2105 2076//2076
f 2077//2077 2106//2106 2076//2076
f 2107//2107 2106//2106 2077//2077
f 2078//2078 2107//2107 2077//2077
f 2108//2108 2107//2107 2078//2078
f 2079//2079 2108//2108 2078//2078
f 2109//2109 2108//2108 2079//2079
f 2080//2080 2109//2109 2079//2079
f 2110//2110 2109//2109 2080//2080
f 2081//2081 2110//2110 2080//2080
f 2111//2111 2110//2110 2081//2081
f 2082//2082 2111//2111 2081//2081
f 2112//2112 2111//2111 2082//2082
f 2083//2083 2112//2112 2082//2082
f 2113//2113 2112//2112 2083//2083
f 2084//2084 2113//2113 2083//2083
f 2114//2114 2113//2113 2084//2084
f 2085//2085 2114//2114 2084//2084
f 2115//2115 2114//2114 2085//2085
f 2086//2086 2115//2115 2085//2085
f 2116//2116 2115//2115 2086//2086
f 2087//2087 2116//2116 2086//2086
f 2117//2117 2116//2116 2087//2087
f 2088//2088 2117//2117 2087//2087
f 2118//2118 2117//2117 2088//2088
f 2089//2089 2118//2118 2088//2088
f 2119//2119 2118//2118 2089//2089
f 2090//2090 2119//2119 2089//2089
f 2120//2120 2119//2119 2090//2090
f 2091//2091 2120//2120 2090//2090
f 2121//2121 2120//2120 2091//2091
f 2092//2092 2121//2121 2091//2091
f 2122//2122 2121//2121 2092//2092
f 2093//2093 2122//2122 2092//2092
f 2123//2123 2122//2122 2093//2093
f 2094//2094 2123//2123 2093//2093
f 2124//2124 2123//2123 2094//2094
f 2065//2065 2124//2124 2094//2094
f 2095//2095 2124//2124 2065//2065
f 2096//2096 2125//2125 2095//2095
f 2126//2126 2125//2125 2096//2096
f 2097//2097 2126//2126 2096//2096
f 2127//2127 2126//2126 2097//2097
f 2098//2098 2127//2127 2097//2097
f 2128//2128 2127//2127 2098//2098
f 2099//2099 2128//2128 2098//2098
f 2129//2129 2128//2128 2099//2099
f 2100//2100 2129//2129 2099//2099
f 2130//2130 2129//2129 2100//2100
f 2101//2101 2130//2130 2100//2100
f 2131//2131 2130//2130 2101//2101
f 2102//2102 2131//2131 2101//2101
f 2132//2132 2131//2131 2102//2102
f 2103//2103 2132//2132 2102//2102
f 2133//2133 2132//2132 2103//2103
f 2104//2104 2133//2133 2103//2103
f 2134//2134 2133//2133 2104//2104
f 2105//2105 2134//2134 2104//2104
f 2135//2135 2134//2134 2105//2105
f 2106//2106 2135//2135 2105//2105
f 2136//2136 2135//2135 2106//2106
f 2107//2107 2136//2136 2106//2106
f 2137//2137 2136//2136 2107//2107
f 2108//2108 2137//2137 2107//2107
f 2138//2138 2137//2137 2108//2108
f 2109//2109 2138//2138 2108//2108
f 2139//2139 2138//2138 2109//2109
f 2110//2110 2139//2139 2109//2109
f 2140//2140 2139//2139 2110//2110
f 2111//2111 2140//2140 2110//2110
f 2141//2141 2140//2140 2111//2111
f 2112//2112 2141//2141 2111//2111
f 2142//2142 2141//2141 2112//2112
f 2113//2113 2142//2142 2112//2112
f 2143//2143 2142//2142 2113//2113
f 2114//2114 2143//2143 2113//2113
f 2144//2144 2143//2143 2114//2114
f 2115//2115 2144//2144 2114//2114
f 2145//2145 2144//2144 2115//2115
f 2116//2116 2145//2145 2115//2115
f 2146//2146 2145//2145 2116//2116
f 2117//2117 2146//2146 2116//2116
f 2147//2147 2146//2146 2117//2117
f 2118//2118 2147//2147 2117//2117
f 2148//2148 2147//2147 2118//2118
f 2119//2119 2148//2148 2118//2118
f 2149//2149 2148//2148 2119//2119
f 2120//2120 2149//2149 2119//2119
f 2150//2150 2149//2149 2120//2120
f 2121//2121 2150//2150 2120//2120
f 2151//2151 2150//2150 2121//2121
f 2122//2122 2151//2151 2121//2121
f 2152//2152 2151//2151 2122//2122
f 2123//2123 2152//2152 2122//2122
f 2153//2153 2152//2152 2123//2123
f 2124//2124 2153//2153 2123//2123
f 2154//2154 2153//2153 2124//2124
f 2095//2095 2154//2154 2124//2124
f 2125//2125 2154//2154 2095//2095
f 2185//2185 2156//2156 2155//2155
f 2185//2185 2186//2186 2156//2156
f 2186//2186 2157//2157 2156//2156
f 2186//2186 2187//2187 2157//2157
f 2187//2187 2158//2158 2157//2157
f 2187//2187 2188//2188 2158//2158
f 2188//2188 2159//2159 2158//2158
f 2188//2188 2189//2189 2159//2159
f 2189//2189 2160//2160 2159//2159
f 2189//2189 2190//2190 2160//2160
f 2190//2190 2161//2161 2160//2160
f 2190//2190 2191//2191 2161//2161
f 2191//2191 2162//2162 2161//2161
f 2191//2191 2192//2192 2162//2162
f 2192//2192 2163//2163 2162//2162
f 2192//2192 2193//2193 2163//2163
f 2193//2193 2164//2164 2163//2163
f 2193//2193 2194//2194 2164//2164
f 2194//2194 2165//2165 2164//2164
f 2194//2194 2195//2195 2165//2165
f 2195//2195 2166//2166 2165//2165
f 2195//2195 2196//2196 2166//2166
f 2196//2196 2167//2167 2166//2166
f 2196//2196 2197//2197 2167//2167
f 2197//2197 2168//2168 2167//2167
f 2197//2197 2198//2198 2168//2168
f 2198//2198 2169//2169 2168//2168
f 2198//2198 2199//2199 2169//2169
f 2199//2199 2170//2170 2169//2169
f 2199//2199 2200//2200 2170//2170
f 2200//2200 2171//2171 2170//2170
f 2200//2200 2201//2201 2171//2171
f 2201//2201 2172//2172 2171//2171
f 2201//2201 2202//2202 2172//2172
f 2202//2202 2173//2173 2172//2172
f 2202//2202 2203//2203 2173//2173
f 2203//2203 2174//2174 2173//2173
f 2203//2203 2204//2204 2174//2174
f 2204//2204 2175//2175 2174//2174
f 2204//2204 2205//2205 2175//2175
f 2205//2205 2176//2176 2175//2175
f 2205//2205 2206//2206 2176//2176
f 2206//2206 2177//2177 2176//2176
f 2206//2206 2207//2207 2177//2177
f 2207//2207 2178//2178 2177//2177
f 2207//2207 2208//2208 2178//2178
f 2208//2208 2179//2179 2178//2178
f 2208//2208 2209//2209 2179//2179
f 2209//2209 2180//2180 2179//2179
f 2209//2209 2210//2210 2180//2180
f 2210//2210 2181//2181 2180//2180
f 2210//2210 2211//2211 2181//2181
f 2211//2211 2182//2182 2181//2181
f 2211//2211 2212//2212 2182//2182
f 2212//2212 2183//2183 2182//2182
f 2212//2212 2213//2213 2183//2183
f 2213//2213 2184//2184 2183//2183
f 2213//2213 2214//2214 2184//2184
f 2214//2214 2155//2155 2184//2184
f 2214//2214 2185//2185 2155//2155
f 2215//2215 2186//2186 2185//2185
f 2215//2215 2216//2216 2186//2186
f 2216//2216 2187//2187 2186//2186
f 2216//2216 2217//2217 2187//2187
f 2217//2217 2188//2188 2187//2187
f 2217//2217 2218//2218 2188//2188
f 2218//2218 2189//2189 2188//2188
f 2218//2218 2219//2219 2189//2189
f 2219//2219 2190//2190 2189//2189
f 2219//2219 2220//2220 2190//2190
f 2220//2220 2191//2191 2190//2190
f 2220//2220 2221//2221 2191//2191
f 2221//2221 2192//2192 2191//2191
f 2221//2221 2222//2222 2192//2192
f 2222//2222 2193//2193 2192//2192
f 2222//2222 2223//2223 2193//2193
f 2223//2223 2194//2194 2193//2193
f 2223//2223 2224//2224 2194//2194
f 2224//2224 2195//2195 2194//2194
f 2224//2224 2225//2225 2195//2195
f 2225//2225 2196//2196 2195//2195
f 2225//2225 2226//2226 2196//2196
f 2226//2226 2197//2197 2196//2196
f 2226//2226 2227//2227 2197//2197
f 2227//2227 2198//2198 2197//2197
f 2227//2227 2228//2228 2198//2198
f 2228//2228 2199//2199 2198//2198
f 2228//2228 2229//2229 2199//2199
f 2229//2229 2200//2200 2199//2199
f 2229//2229 2230//2230 2200//2200
f 2230//2230 2201//2201 2200//2200
f 2230//2230 2231//2231 2201//2201
f 2231//2231 2202//2202 2201//2201
f 2231//2231 2232//2232 2202//2202
f 2232//2232 2203//2203 2202//2202
f 2232//2232 2233//2233 2203//2203
f 2233//2233 2204//2204 2203//2203
f 2233//2233 2234//2234 2204//2204
f 2234//2234 2205//2205 2204//2204
f 2234//2234 2235//2235 2205//2205
f 2235//2235 2206//2206 2205//2205
f 2235//2235 2236//2236 2206//2206
f 2236//2236 2207//2207 2206//2206
f 2236//2236 2237//2237 2207//2207
f 2237//2237 2208//2208 2207//2207
f 2237//2237 2238//2238 2208//2208
f 2238//2238 2209//2209 2208//2208
f 2238//2238 2239//2239 2209//2209
f 2239//2239 2210//2210 2209//2209
f 2239//2239 2240//2240 2210//2210
f 2240//2240 2211//2211 2210//2210
f 2240//2240 2241//2241 2211//2211
f 2241//2241 2212//2212 2211//2211
f 2241//2241 2242//2242 2212//2212
f 2242//2242 2213//2213 2212//2212
f 2242//2242 2243//2243 2213//2213
f 2243//2243 2214//2214 2213//2213
f 2243//2243 2244//2244 2214//2214
f 2244//2244 2185//2185 2214//2214
f 2244//2244 2215//2215 2185//2185
f 2245//2245 2216//2216 2215//2215
f 2245//2245 2246//2246 2216//2216
f 2246//2246 2217//2217 2216//2216
f 2246//2246 2247//2247 2217//2217
f 2247//2247 2218//2218 2217//2217
f 2247//2247 2248//2248 2218//2218
f 2248//2248 2219//2219 2218//2218
f 2248//2248 2249//2249 2219//2219
f 2249//2249 2220//2220 2219//2219
f 2249//2249 2250//2250 2220//2220
f 2250//2250 2221//2221 2220//2220
f 2250//2250 2251//2251 2221//2221
f 2251//2251 2222//2222 2221//2221
f 2251//2251 2252//2252 2222//2222
f 2252//2252 2223//2223 2222//2222
f 2252//2252 2253//2253 2223//2223
f 2253//2253 2224//2224 2223//2223
f 2253//2253 2254//2254 2224//2224
f 2254//2254 2225//2225 2224//2224
f 2254//2254 2255//2255 2225//2225
f 2255//2255 2226//2226 2225//2225
f 2255//2255 2256//2256 2226//2226
f 2256//2256 2227//2227 2226//2226
f 2256//2256 2257//2257 2227//2227
f 2257//2257 2228//2228 2227//2227
f 2257//2257 2258//2258 2228//2228
f 2258//2258 2229//2229 2228//2228
f 2258//2258 2259//2259 2229//2229
f 2259//2259 2230//2230 2229//2229
f 2259//2259 2260//2260 2230//2230
f 2260//2260 2231//2231 2230//2230
f 2260//2260 2261//2261 2231//2231
f 2261//2261 2232//2232 2231//2231
f 2261//2261 2262//2262 2232//2232
f 2262//2262 2233//2233 2232//2232
f 2262//2262 2263//2263 2233//2233
f 2263//2263 2234//2234 2233//2233
f 2263//2263 2264//2264 2234//2234
f 2264//2264 2235//2235 2234//2234
f 2264//2264 2265//2265 2235//2235
f 2265//2265 2236//2236 2235//2235
f 2265//2265 2266//2266 2236//2236
f 2266//2266 2237//2237 2236//2236
f 2266//2266 2267//2267 2237//2237
f 2267//2267 2238//2238 2237//2237
f 2267//2267 2268//2268 2238//2238
f 2268//2268 2239//2239 2238//2238
f 2268//2268 2269//2269 2239//2239
f 2269//2269 2240//2240 2239//2239
f 2269//2269 2270//2270 2240//2240
f 2270//2270 2241//2241 2240//2240
f 2270//2270 2271//2271 2241//2241
f 2271//2271 2242//2242 2241//2241
f 2271//2271 2272//2272 2242//2242
f 2272//2272 2243//2243 2242//2242
f 2272//2272 2273//2273 2243//2243
f 2273//2273 2244//2244 2243//2243
f 2273//2273 2274//2274 2244//2244
f 2274//2274 2215//2215 2244//2244
f 2274//2274 2245//2245 2215//2215
f 2275//2275 2246//2246 2245//2245
f 2275//2275 2276//2276 2246//2246
f 2276//2276 2247//2247 2246//2246
f 2276//2276 2277//2277 2247//2247
f 2277//2277 2248//2248 2247//2247
f 2277//2277 2278//2278 2248//2248
f 2278//2278 2249//2249 2248//2248
f 2278//2278 2279//2279 2249//2249
f 2279//2279 2250//2250 2249//2249
f 2279//2279 2280//2280 2250//2250
f 2280//2280 2251//2251 2250//2250
f 2280//2280 2281//2281 2251//2251
f 2281//2281 2252//2252 2251//2251
f 2281//2281 2282//2282 2252//2252
f 2282//2282 2253//2253 2252//2252
f 2282//2282 2283//2283 2253//2253
f 2283//2283 2254//2254 2253//2253
f 2283//2283 2284//2284 2254//2254
f 2284//2284 2255//2255 2254//2254
f 2284//2284 2285//2285 2255//2255
f 2285//2285 2256//2256 2255//2255
f 2285//2285 2286//2286 2256//2256
f 2286//2286 2257//2257 2256//2256
f 2286//2286 2287//2287 2257//2257
f 2287//2287 2258//2258 2257//2257
f 2287//2287 2288//2288 2258//2258
f 2288//2288 2259//2259 2258//2258
f 2288//2288 2289//2289 2259//2259
f 2289//2289 2260//2260 2259//2259
f 2289//2289 2290//2290 2260//2260
f 2290//2290 2261//2261 2260//2260
f 2290//2290 2291//2291 2261//2261
f 2291//2291 2262//2262 2261//2261
f 2291//2291 2292//2292 2262//2262
f 2292//2292 2263//2263 2262//2262
f 2292//2292 2293//2293 2263//2263
f 2293//2293 2264//2264 2263//2263
f 2293//2293 2294//2294 2264//2264
f 2294//2294 2265//2265 2264//2264
f 2294//2294 2295//2295 2265//2265
f 2295//2295 2266//2266 2265//2265
f 2295//2295 2296//2296 2266//2266
f 2296//2296 2267//2267 2266//2266
f 2296//2296 2297//2297 2267//2267
f 2297//2297 2268//2268 2267//2267
f 2297//2297 2298//2298 2268//2268
f 2298//2298 2269//2269 2268//2268
f 2298//2298 2299//2299 2269//2269
f 2299//2299 2270//2270 2269//2269
f 2299//2299 2300//2300 2270//2270
f 2300//2300 2271//2271 2270//2270
f 2300//2300 2301//2301 2271//2271
f 2301//2301 2272//2272 2271//2271
f 2301//2301 2302//2302 2272//2272
f 2302//2302 2273//2273 2272//2272
f 2302//2302 2303//2303 2273//2273
f 2303//2303 2274//2274 2273//2273
f 2303//2303 2304//2304 2274//2274
f 2304//2304 2245//2245 2274//2274
f 2304//2304 2275//2275 2245//2245
f 2305//2305 2276//2276 2275//2275
f 2305//2305 2306//2306 2276//2276
f 2306//2306 2277//2277 2276//2276
f 2306//2306 2307//2307 2277//2277
f 2307//2307 2278//2278 2277//2277
f 2307//2307 2308//2308 2278//2278
f 2308//2308 2279//2279 2278//2278
f 2308//2308 2309//2309 2279//2279
f 2309//2309 2280//2280 2279//2279
f 2309//2309 2310//2310 2280//2280
f 2310//2310 2281//2281 2280//2280
f 2310//2310 2311//2311 2281//2281
f 2311//2311 2282//2282 2281//2281
f 2311//2311 2312//2312 2282//2282
f 2312//2312 2283//2283 2282//2282
f 2312//2312 2313//2313 2283//2283
f 2313//2313 2284//2284 2283//2283
f 2313//2313 2314//2314 2284//2284
f 2314//2314 2285//2285 2284//2284
f 2314//2314 2315//2315 2285//2285
f 2315//2315 2286//2286 2285//2285
f 2315//2315 2316//2316 2286//2286
f 2316//2316 2287//2287 2286//2286
f 2316//2316 2317//2317 2287//2287
f 2317//2317 2288//2288 2287//2287
f 2317//2317 2318//2318 2288//2288
f 2318//2318 2289//2289 2288//2288
f 2318//2318 2319//2319 2289//2289
f 2319//2319 2290//2290 2289//2289
f 2319//2319 2320//2320 2290//2290
f 2320//2320 2291//2291 2290//2290
f 2320//2320 2321//2321 2291//2291
f 2321//2321 2292//2292 2291//2291
f 2321//2321 2322//2322 2292//2292
f 2322//2322 2293//2293 2292//2292
f 2322//2322 2323//2323 2293//2293
f 2323//2323 2294//2294 2293//2293
f 2323//2323 2324//2324 2294//2294
f 2324//2324 2295//2295 2294//2294
f 2324//2324 2325//2325 2295//2295
f 2325//2325 2296//2296 2295//2295
f 2325//2325 2326//2326 2296//2296
f 2326//2326 2297//2297 2296//2296
f 2326//2326 2327//2327 2297//2297
f 2327//2327 2298//2298 2297//2297
f 2327//2327 2328//2328 2298//2298
f 2328//2328 2299//2299 2298//2298
f 2328//2328 2329//2329 2299//2299
f 2329//2329 2300//2300 2299//2299
f 2329//2329 2330//2330 2300//2300
f 2330//2330 2301//2301 2300//2300
f 2330//2330 2331//2331 2301//2301
f 2331//2331 2302//2302 2301//2301
f 2331//2331 2332//2332 2302//2302
f 2332//2332 2303//2303 2302//2302
f 2332//2332 2333//2333 2303//2303
f 2333//2333 2304//2304 2303//2303
f 2333//2333 2334//2334 2304//2304
f 2334//2334 2275//2275 2304//2304
f 2334//2334 2305//2305 2275//2275
f 2335//2335 2306//2306 2305//2305
f 2335//2335 2336//2336 2306//2306
f 2336//2336 2307//2307 2306//2306
f 2336//2336 2337//2337 2307//2307
f 2337//2337 2308//2308 2307//2307
f 2337//2337 2338//2338 2308//2308
f 2338//2338 2309//2309 2308//2308
f 2338//2338 2339//2339 2309//2309
f 2339//2339 2310//2310 2309//2309
f 2339//2339 2340//2340 2310//2310
f 2340//2340 2311//2311 2310//2310
f 2340//2340 2341//2341 2311//2311
f 2341//2341 2312//2312 2311//2311
f 2341//2341 2342//2342 2312//2312
f 2342//2342 2313//2313 2312//2312
f 2342//2342 2343//2343 2313//2313
f 2343//2343 2314//2314 2313//2313
f 2343//2343 2344//2344 2314//2314
f 2344//2344 2315//2315 2314//2314
f 2344//2344 2345//2345 2315//2315
f 2345//2345 2316//2316 2315//2315
f 2345//2345 2346//2346 2316//2316
f 2346//2346 2317//2317 2316//2316
f 2346//2346 2347//2347 2317//2317
f 2347//2347 2318//2318 2317//2317
f 2347//2347 2348//2348 2318//2318
f 2348//2348 2319//2319 2318//2318
f 2348//2348 2349//2349 2319//2319
f 2349//2349 2320//2320 2319//2319
f 2349//2349 2350//2350 2320//2320
f 2350//2350 2321//2321 2320//2320
f 2350//2350 2351//2351 2321//2321
f 2351//2351 2322//2322 2321//2321
f 2351//2351 2352//2352 2322//2322
f 2352//2352 2323//2323 2322//2322
f 2352//2352 2353//2353 2323//2323
f 2353//2353 2324//2324 2323//2323
f 2353//2353 2354//2354 2324//2324
f 2354//2354 2325//2325 2324//2324
f 2354//2354 2355//2355 2325//2325
f 2355//2355 2326//2326 2325//2325
f 2355//2355 2356//2356 2326//2326
f 2356//2356 2327//2327 2326//2326
f 2356//2356 2357//2357 2327//2327
f 2357//2357 2328//2328 2327//2327
f 2357//2357 2358//2358 2328//2328
f 2358//2358 2329//2329 2328//2328
f 2358//2358 2359//2359 2329//2329
f 2359//2359 2330//2330 2329//2329
f 2359//2359 2360//2360 2330//2330
f 2360//2360 2331//2331 2330//2330
f 2360//2360 2361//2361 2331//2331
f 2361//2361 2332//2332 2331//2331
f 2361//2361 2362//2362 2332//2332
f 2362//2362 2333//2333 2332//2332
f 2362//2362 2363//2363 2333//2333
f 2363//2363 2334//2334 2333//2333
f 2363//2363 2364//2364 2334//2334
f 2364//2364 2305//2305 2334//2334
f 2364//2364 2335//2335 2305//2305
f 2365//2365 2336//2336 2335//2335
f 2365//2365 2366//2366 2336//2336
f 2366//2366 2337//2337 2336//2336
f 2366//2366 2367//2367 2337//2337
f 2367//2367 2338//2338 2337//2337
f 2367//2367 2368//2368 2338//2338
f 2368//2368 2339//2339 2338//2338
f 2368//2368 2369//2369 2339//2339
f 2369//2369 2340//2340 2339//2339
f 2369//2369 2370//2370 2340//2340
f 2370//2370 2341//2341 2340//2340
f 2370//2370 2371//2371 2341//2341
f 2371//2371 2342//2342 2341//2341
f 2371//2371 2372//2372 2342//2342
f 2372//2372 2343//2343 2342//2342
f 2372//2372 2373//2373 2343//2343
f 2373//2373 2344//2344 2343//2343
f 2373//2373 2374//2374 2344//2344
f 2374//2374 2345//2345 2344//2344
f 2374//2374 2375//2375 2345//2345
f 2375//2375 2346//2346 2345//2345
f 2375//2375 2376//2376 2346//2346
f 2376//2376 2347//2347 2346//2346
f 2376//2376 2377//2377 2347//2347
f 2377//2377 2348//2348 2347//2347
f 2377//2377 2378//2378 2348//2348
f 2378//2378 2349//2349 2348//2348
f 2378//2378 2379//2379 2349//2349
f 2379//2379 2350//2350 2349//2349
f 2379//2379 2380//2380 2350//2350
f 2380//2380 2351//2351 2350//2350
f 2380//2380 2381//2381 2351//2351
f 2381//2381 2352//2352 2351//2351
f 2381//2381 2382//2382 2352//2352
f 2382//2382 2353//2353 2352//2352
f 2382//2382 2383//2383 2353//2353
f 2383//2383 2354//2354 2353//2353
f 2383//2383 2384//2384 2354//2354
f 2384//2384 2355//2355 2354//2354
f 2384//2384 2385//2385 2355//2355
f 2385//2385 2356//2356 2355//2355
f 2385//2385 2386//2386 2356//2356
f 2386//2386 2357//2357 2356//2356
f 2386//2386 2387//2387 2357//2357
f 2387//2387 2358//2358 2357//2357
f 2387//2387 2388//2388 2358//2358
f 2388//2388 2359//2359 2358//2358
f 2388//2388 2389//2389 2359//2359
f 2389//2389 2360//2360 2359//2359
f 2389//2389 2390//2390 2360//2360
f 2390//2390 2361//2361 2360//2360
f 2390//2390 2391//2391 2361//2361
f 2391//2391 2362//2362 2361//2361
f 2391//2391 2392//2392 2362//2362
f 2392//2392 2363//2363 2362//2362
f 2392//2392 2393//2393 2363//2363
f 2393//2393 2364//2364 2363//2363
f 2393//2393 2394//2394 2364//2364
f 2394//2394 2335//2335 2364//2364
f 2394//2394 2365//2365 2335//2335
f 2395//2395 2366//2366 2365//2365
f 2395//2395 2396//2396 2366//2366
f 2396//2396 2367//2367 2366//2366
f 2396//2396 2397//2397 2367//2367
f 2397//2397 2368//2368 2367//2367
f 2397//2397 2398//2398 2368//2368
f 2398//2398 2369//2369 2368//2368
f 2398//2398 2399//2399 2369//2369
f 2399//2399 2370//2370 2369//2369
f 2399//2399 2400//2400 2370//2370
f 2400//2400 2371//2371 2370//2370
f 2400//2400 2401//2401 2371//2371
f 2401//2401 2372//2372 2371//2371
f 2401//2401 2402//2402 2372//2372
f 2402//2402 2373//2373 2372//2372
f 2402//2402 2403//2403 2373//2373
f 2403//2403 2374//2374 2373//2373
f 2403//2403 2404//2404 2374//2374
f 2404//2404 2375//2375 2374//2374
f 2404//2404 2405//2405 2375//2375
f 2405//2405 2376//2376 2375//2375
f 2405//2405 2406//2406 2376//2376
f 2406//2406 2377//2377 2376//2376
f 2406//2406 2407//2407 2377//2377
f 2407//2407 2378//2378 2377//2377
f 2407//2407 2408//2408 2378//2378
f 2408//2408 2379//2379 2378//2378
f 2408//2408 2409//2409 2379//2379
f 2409//2409 2380//2380 2379//2379
f 2409//2409 2410//2410 2380//2380
f 2410//2410 2381//2381 2380//2380
f 2410//2410 2411//2411 2381//2381
f 2411//2411 2382//2382 2381//2381
f 2411//2411 2412//2412 2382//2382
f 2412//2412 2383//2383 2382//2382
f 2412//2412 2413//2413 2383//2383
f 2413//2413 2384//2384 2383//2383
f 2413//2413 2414//2414 2384//2384
f 2414//2414 2385//2385 2384//2384
f 2414//2414 2415//2415 2385//2385
f 2415//2415 2386//2386 2385//2385
f 2415//2415 2416//2416 2386//2386
f 2416//2416 2387//2387 2386//2386
f 2416//2416 2417//2417 2387//2387
f 2417//2417 2388//2388 2387//2387
f 2417//2417 2418//2418 2388//2388
f 2418//2418 2389//2389 2388//2388
f 2418//2418 2419//2419 2389//2389
f 2419//2419 2390//2390 2389//2389
f 2419//2419 2420//2420 2390//2390
f 2420//2420 2391//2391 2390//2390
f 2420//2420 2421//2421 2391//2391
f 2421//2421 2392//2392 2391//2391
f 2421//2421 2422//2422 2392//2392
f 2422//2422 2393//2393 2392//2392
f 2422//2422 2423//2423 2393//2393
f 2423//2423 2394//2394 2393//2393
f 2423//2423 2424//2424 2394//2394
f 2424//2424 2365//2365 2394//2394
f 2424//2424 2395//2395 2365//2365
f 2425//2425 2396//2396 2395//2395
f 2425//2425 2426//2426 2396//2396
f 2426//2426 2397//2397 2396//2396
f 2426//2426 2427//2427 2397//2397
f 2427//2427 2398//2398 2397//2397
f 2427//2427 2428//2428 2398//2398
f 2428//2428 2399//2399 2398//2398
f 2428//2428 2429//2429 2399//2399
f 2429//2429 2400//2400 2399//2399
f 2429//2429 2430//2430 2400//2400
f 2430//2430 2401//2401 2400//2400
f 2430//2430 2431//2431 2401//2401
f 2431//2431 2402//2402 2401//2401
f 2431//2431 2432//2432 2402//2402
f 2432//2432 2403//2403 2402//2402
f 2432//2432 2433//2433 2403//2403
f 2433//2433 2404//2404 2403//2403
f 2433//2433 2434//2434 2404//2404
f 2434//2434 2405//2405 2404//2404
f 2434//2434 2435//2435 2405//2405
f 2435//2435 2406//2406 2405//2405
f 2435//2435 2436//2436 2406//2406
f 2436//2436 2407//2407 2406//2406
f 2436//2436 2437//2437 2407//2407
f 2437//2437 2408//2408 2407//2407
f 2437//2437 2438//2438 2408//2408
f 2438//2438 2409//2409 2408//2408
f 2438//2438 2439//2439 2409//2409
f 2439//2439 2410//2410 2409//2409
f 2439//2439 2440//2440 2410//2410
f 2440//2440 2411//2411 2410//2410
f 2440//2440 2441//2441 2411//2411
f 2441//2441 2412//2412 2411//2411
f 2441//2441 2442//2442 2412//2412
f 2442//2442 2413//2413 2412//2412
f 2442//2442 2443//2443 2413//2413
f 2443//2443 2414//2414 2413//2413
f 2443//2443 2444//2444 2414//2414
f 2444//2444 2415//2415 2414//2414
f 2444//2444 2445//2445 2415//2415
f 2445//2445 2416//2416 2415//2415
f 2445//2445 2446//2446 2416//2416
f 2446//2446 2417//2417 2416//2416
f 2446//2446 2447//2447 2417//2417
f 2447//2447 2418//2418 2417//2417
f 2447//2447 2448//2448 2418//2418
f 2448//2448 2419//2419 2418//2418
f 2448//2448 2449//2449 2419//2419
f 2449//2449 2420//2420 2419//2419
f 2449//2449 2450//2450 2420//2420
f 2450//2450 2421//2421 2420//2420
f 2450//2450 2451//2451 2421//2421
f 2451//2451 2422//2422 2421//2421
f 2451//2451 2452//2452 2422//2422
f 2452//2452 2423//2423 2422//2422
f 2452//2452 2453//2453 2423//2423
f 2453//2453 2424//2424 2423//2423
f 2453//2453 2454//2454 2424//2424
f 2454//2454 2395//2395 2424//2424
f 2454//2454 2425//2425 2395//2395
f 2455//2455 2426//2426 2425//2425
f 2455//2455 2456//2456 2426//2426
f 2456//2456 2427//2427 2426//2426
f 2456//2456 2457//2457 2427//2427
f 2457//2457 2428//2428 2427//2427
f 2457//2457 2458//2458 2428//2428
f 2458//2458 2429//2429 2428//2428
f 2458//2458 2459//2459 2429//2429
f 2459//2459 2430//2430 2429//2429
f 2459//2459 2460//2460 2430//2430
f 2460//2460 2431//2431 2430//2430
f 2460//2460 2461//2461 2431//2431
f 2461//2461 2432//2432 2431//2431
f 2461//2461 2462//2462 2432//2432
f 2462//2462 2433//2433 2432//2432
f 2462//2462 2463//2463 2433//2433
f 2463//2463 2434//2434 2433//2433
f 2463//2463 2464//2464 2434//2434
f 2464//2464 2435//2435 2434//2434
f 2464//2464 2465//2465 2435//2435
f 2465//2465 2436//2436 2435//2435
f 2465//2465 2466//2466 2436//2436
f 2466//2466 2437//2437 2436//2436
f 2466//2466 2467//2467 2437//2437
f 2467//2467 2438//2438 2437//2437
f 2467//2467 2468//2468 2438//2438
f 2468//2468 2439//2439 2438//2438
f 2468//2468 2469//2469 2439//2439
f 2469//2469 2440//2440 2439//2439
f 2469//2469 2470//2470 2440//2440
f 2470//2470 2441//2441 2440//2440
f 2470//2470 2471//2471 2441//2441
f 2471//2471 2442//2442 2441//2441
f 2471//2471 2472//2472 2442//2442
f 2472//2472 2443//2443 2442//2442
f 2472//2472 2473//2473 2443//2443
f 2473//2473 2444//2444 2443//2443
f 2473//2473 2474//2474 2444//2444
f 2474//2474 2445//2445 2444//2444
f 2474//2474 2475//2475 2445//2445
f 2475//2475 2446//2446 2445//2445
f 2475//2475 2476//2476 2446//2446
f 2476//2476 2447//2447 2446//2446
f 2476//2476 2477//2477 2447//2447
f 2477//2477 2448//2448 2447//2447
f 2477//2477 2478//2478 2448//2448
f 2478//2478 2449//2449 2448//2448
f 2478//2478 2479//2479 2449//2449
f 2479//2479 2450//2450 2449//2449
f 2479//2479 2480//2480 2450//2450
f 2480//2480 2451//2451 2450//2450
f 2480//2480 2481//2481 2451//2451
f 2481//2481 2452//2452 2451//2451
f 2481//2481 2482//2482 2452//2452
f 2482//2482 2453//2453 2452//2452
f 2482//2482 2483//2483 2453//2453
f 2483//2483 2454//2454 2453//2453
f 2483//2483 2484//2484 2454//2454
f 2484//2484 2425//2425 2454//2454
f 2484//2484 2455//2455 2425//2425
f 2485//2485 2456//2456 2455//2455
f 2485//2485 2486//2486 2456//2456
f 2486//2486 2457//2457 2456//2456
f 2486//2486 2487//2487 2457//2457
f 2487//2487 2458//2458 2457//2457
f 2487//2487 2488//2488 2458//2458
f 2488//2488 2459//2459 2458//2458
f 2488//2488 2489//2489 2459//2459
f 2489//2489 2460//2460 2459//2459
f 2489//2489 2490//2490 2460//2460
f 2490//2490 2461//2461 2460//2460
f 2490//2490 2491//2491 2461//2461
f 2491//2491 2462//2462 2461//2461
f 2491//2491 2492//2492 2462//2462
f 2492//2492 2463//2463 2462//2462
f 2492//2492 2493//2493 2463//2463
f 2493//2493 2464//2464 2463//2463
f 2493//2493 2494//2494 2464//2464
f 2494//2494 2465//2465 2464//2464
f 2494//2494 2495//2495 2465//2465
f 2495//2495 2466//2466 2465//2465
f 2495//2495 2496//2496 2466//2466
f 2496//2496 2467//2467 2466//2466
f 2496//2496 2497//2497 2467//2467
f 2497//2497 2468//2468 2467//2467
f 2497//2497 2498//2498 2468//2468
f 2498//2498 2469//2469 2468//2468
f 2498//2498 2499//2499 2469//2469
f 2499//2499 2470//2470 2469//2469
f 2499//2499 2500//2500 2470//2470
f 2500//2500 2471//2471 2470//2470
f 2500//2500 2501//2501 2471//2471
f 2501//2501 2472//2472 2471//2471
f 2501//2501 2502//2502 2472//2472
f 2502//2502 2473//2473 2472//2472
f 2502//2502 2503//2503 2473//2473
f 2503//2503 2474//2474 2473//2473
f 2503//2503 2504//2504 2474//2474
f 2504//2504 2475//2475 2474//2474
f 2504//2504 2505//2505 2475//2475
f 2505//2505 2476//2476 2475//2475
f 2505//2505 2506//2506 2476//2476
f 2506//2506 2477//2477 2476//2476
f 2506//2506 2507//2507 2477//2477
f 2507//2507 2478//2478 2477//2477
f 2507//2507 2508//2508 2478//2478
f 2508//2508 2479//2479 2478//2478
f 2508//2508 2509//2509 2479//2479
f 2509//2509 2480//2480 2479//2479
f 2509//2509 2510//2510 2480//2480
f 2510//2510 2481//2481 2480//2480
f 2510//2510 2511//2511 2481//2481
f 2511//2511 2482//2482 2481//2481
f 2511//2511 2512//2512 2482//2482
f 2512//2512 2483//2483 2482//2482
f 2512//2512 2513//2513 2483//2483
f 2513//2513 2484//2484 2483//2483
f 2513//2513 2514//2514 2484//2484
f 2514//2514 2455//2455 2484//2484
f 2514//2514 2485//2485 2455//2455
f 2515//2515 2486//2486 2485//2485
f 2515//2515 2516//2516 2486//2486
f 2516//2516 2487//2487 2486//2486
f 2516//2516 2517//2517 2487//2487
f 2517//2517 2488//2488 2487//2487
f 2517//2517 2518//2518 2488//2488
f 2518//2518 2489//2489 2488//2488
f 2518//2518 2519//2519 2489//2489
f 2519//2519 2490//2490 2489//2489
f 2519//2519 2520//2520 2490//2490
f 2520//2520 2491//2491 2490//2490
f 2520//2520 2521//2521 2491//2491
f 2521//2521 2492//2492 2491//2491
f 2521//2521 2522//2522 2492//2492
f 2522//2522 2493//2493 2492//2492
f 2522//2522 2523//2523 2493//2493
f 2523//2523 2494//2494 2493//2493
f 2523//2523 2524//2524 2494//2494
f 2524//2524 2495//2495 2494//2494
f 2524//2524 2525//2525 2495//2495
f 2525//2525 2496//2496 2495//2495
f 2525//2525 2526//2526 2496//2496
f 2526//2526 2497//2497 2496//2496
f 2526//2526 2527//2527 2497//2497
f 2527//2527 2498//2498 2497//2497
f 2527//2527 2528//2528 2498//2498
f 2528//2528 2499//2499 2498//2498
f 2528//2528 2529//2529 2499//2499
f 2529//2529 2500//2500 2499//2499
f 2529//2529 2530//2530 2500//2500
f 2530//2530 2501//2501 2500//2500
f 2530//2530 2531//2531 2501//2501
f 2531//2531 2502//2502 2501//2501
f 2531//2531 2532//2532 2502//2502
f 2532//2532 2503//2503 2502//2502
f 2532//2532 2533//2533 2503//2503
f 2533//2533 2504//2504 2503//2503
f 2533//2533 2534//2534 2504//2504
f 2534//2534 2505//2505 2504//2504
f 2534//2534 2535//2535 2505//2505
f 2535//2535 2506//2506 2505//2505
f 2535//2535 2536//2536 2506//2506
f 2536//2536 2507//2507 2506//2506
f 2536//2536 2537//2537 2507//2507
f 2537//2537 2508//2508 2507//2507
f 2537//2537 2538//2538 2508//2508
f 2538//2538 2509//2509 2508//2508
f 2538//2538 2539//2539 2509//2509
f 2539//2539 2510//2510 2509//2509
f 2539//2539 2540//2540 2510//2510
f 2540//2540 2511//2511 2510//2510
f 2540//2540 2541//2541 2511//2511
f 2541//2541 2512//2512 2511//2511
f 2541//2541 2542//2542 2512//2512
f 2542//2542 2513//2513 2512//2512
f 2542//2542 2543//2543 2513//2513
f 2543//2543 2514//2514 2513//2513
f 2543//2543 2544//2544 2514//2514
f 2544//2544 2485//2485 2514//2514
f 2544//2544 2515//2515 2485//2485
f 2545//2545 2516//2516 2515//2515
f 2545//2545 2546//2546 2516//2516
f 2546//2546 2517//2517 2516//2516
f 2546//2546 2547//2547 2517//2517
f 2547//2547 2518//2518 2517//2517
f 2547//2547 2548//2548 2518//2518
f 2548//2548 2519//2519 2518//2518
f 2548//2548 2549//2549 2519//2519
f 2549//2549 2520//2520 2519//2519
f 2549//2549 2550//2550 2520//2520
f 2550//2550 2521//2521 2520//2520
f 2550//2550 2551//2551 2521//2521
f 2551//2551 2522//2522 2521//2521
f 2551//2551 2552//2552 2522//2522
f 2552//2552 2523//2523 2522//2522
f 2552//2552 2553//2553 2523//2523
f 2553//2553 2524//2524 2523//2523
f 2553//2553 2554//2554 2524//2524
f 2554//2554 2525//2525 2524//2524
f 2554//2554 2555//2555 2525//2525
f 2555//2555 2526//2526 2525//2525
f 2555//2555 2556//2556 2526//2526
f 2556//2556 2527//2527 2526//2526
f 2556//2556 2557//2557 2527//2527
f 2557//2557 2528//2528 2527//2527
f 2557//2557 2558//2558 2528//2528
f 2558//2558 2529//2529 2528//2528
f 2558//2558 2559//2559 2529//2529
f 2559//2559 2530//2530 2529//2529
f 2559//2559 2560//2560 2530//2530
f 2560//2560 2531//2531 2530//2530
f 2560//2560 2561//2561 2531//2531
f 2561//2561 2532//2532 2531//2531
f 2561//2561 2562//2562 2532//2532
f 2562//2562 2533//2533 2532//2532
f 2562//2562 2563//2563 2533//2533
f 2563//2563 2534//2534 2533//2533
f 2563//2563 2564//2564 2534//2534
f 2564//2564 2535//2535 2534//2534
f 2564//2564 2565//2565 2535//2535
f 2565//2565 2536//2536 2535//2535
f 2565//2565 2566//2566 2536//2536
f 2566//2566 2537//2537 2536//2536
f 2566//2566 2567//2567 2537//2537
f 2567//2567 2538//2538 2537//2537
f 2567//2567 2568//2568 2538//2538
f 2568//2568 2539//2539 2538//2538
f 2568//2568 2569//2569 2539//2539
f 2569//2569 2540//2540 2539//2539
f 2569//2569 2570//2570 2540//2540
f 2570//2570 2541//2541 2540//2540
f 2570//2570 2571//2571 2541//2541
f 2571//2571 2542//2542 2541//2541
f 2571//2571 2572//2572 2542//2542
f 2572//2572 2543//2543 2542//2542
f 2572//2572 2573//2573 2543//2543
f 2573//2573 2544//2544 2543//2543
f 2573//2573 2574//2574 2544//2544
f 2574//2574 2515//2515 2544//2544
f 2574//2574 2545//2545 2515//2515
f 2575//2575 2546//2546 2545//2545
f 2575//2575 2576//2576 2546//2546
f 2576//2576 2547//2547 2546//2546
f 2576//2576 2577//2577 2547//2547
f 2577//2577 2548//2548 2547//2547
f 2577//2577 2578//2578 2548//2548
f 2578//2578 2549//2549 2548//2548
f 2578//2578 2579//2579 2549//2549
f 2579//2579 2550//2550 2549//2549
f 2579//2579 2580//2580 2550//2550
f 2580//2580 2551//2551 2550//2550
f 2580//2580 2581//2581 2551//2551
f 2581//2581 2552//2552 2551//2551
f 2581//2581 2582//2582 2552//2552
f 2582//2582 2553//2553 2552//2552
f 2582//2582 2583//2583 2553//2553
f 2583//2583 2554//2554 2553//2553
f 2583//2583 2584//2584 2554//2554
f 2584//2584 2555//2555 2554//2554
f 2584//2584 2585//2585 2555//2555
f 2585//2585 2556//2556 2555//2555
f 2585//2585 2586//2586 2556//2556
f 2586//2586 2557//2557 2556//2556
f 2586//2586 2587//2587 2557//2557
f 2587//2587 2558//2558 2557//2557
f 2587//2587 2588//2588 2558//2558
f 2588//2588 2559//2559 2558//2558
f 2588//2588 2589//2589 2559//2559
f 2589//2589 2560//2560 2559//2559
f 2589//2589 2590//2590 2560//2560
f 2590//2590 2561//2561 2560//2560
f 2590//2590 2591//2591 2561//2561
f 2591//2591 2562//2562 2561//2561
f 2591//2591 2592//2592 2562//2562
f 2592//2592 2563//2563 2562//2562
f 2592//2592 2593//2593 2563//2563
f 2593//2593 2564//2564 2563//2563
f 2593//2593 2594//2594 2564//2564
f 2594//2594 2565//2565 2564//2564
f 2594//2594 2595//2595 2565//2565
f 2595//2595 2566//2566 2565//2565
f 2595//2595 2596//2596 2566//2566
f 2596//2596 2567//2567 2566//2566
f 2596//2596 2597//2597 2567//2567
f 2597//2597 2568//2568 2567//2567
f 2597//2597 2598//2598 2568//2568
f 2598//2598 2569//2569 2568//2568
f 2598//2598 2599//2599 2569//2569
f 2599//2599 2570//2570 2569//2569
f 2599//2599 2600//2600 2570//2570
f 2600//2600 2571//2571 2570//2570
f 2600//2600 2601//2601 2571//2571
f 2601//2601 2572//2572 2571//2571
f 2601//2601 2602//2602 2572//2572
f 2602//2602 2573//2573 2572//2572
f 2602//2602 2603//2603 2573//2573
f 2603//2603 2574//2574 2573//2573
f 2603//2603 2604//2604 2574//2574
f 2604//2604 2545//2545 2574//2574
f 2604//2604 2575//2575 2545//2545
f 2605//2605 2576//2576 2575//2575
f 2605//2605 2606//2606 2576//2576
f 2606//2606 2577//2577 2576//2576
f 2606//2606 2607//2607 2577//2577
f 2607//2607 2578//2578 2577//2577
f 2607//2607 2608//2608 2578//2578
f 2608//2608 2579//2579 2578//2578
f 2608//2608 2609//2609 2579//2579
f 2609//2609 2580//2580 2579//2579
f 2609//2609 2610//2610 2580//2580
f 2610//2610 2581//2581 2580//2580
f 2610//2610 2611//2611 2581//2581
f 2611//2611 2582//2582 2581//2581
f 2611//2611 2612//2612 2582//2582
f 2612//2612 2583//2583 2582//2582
f 2612//2612 2613//2613 2583//2583
f 2613//2613 2584//2584 2583//2583
f 2613//2613 2614//2614 2584//2584
f 2614//2614 2585//2585 2584//2584
f 2614//2614 2615//2615 2585//2585
f 2615//2615 2586//2586 2585//2585
f 2615//2615 2616//2616 2586//2586
f 2616//2616 2587//2587 2586//2586
f 2616//2616 2617//2617 2587//2587
f 2617//2617 2588//2588 2587//2587
f 2617//2617 2618//2618 2588//2588
f 2618//2618 2589//2589 2588//2588
f 2618//2618 2619//2619 2589//2589
f 2619//2619 2590//2590 2589//2589
f 2619//2619 2620//2620 2590//2590
f 2620//2620 2591//2591 2590//2590
f 2620//2620 2621//2621 2591//2591
f 2621//2621 2592//2592 2591//2591
f 2621//2621 2622//2622 2592//2592
f 2622//2622 2593//2593 2592//2592
f 2622//2622 2623//2623 2593//2593
f 2623//2623 2594//2594 2593//2593
f 2623//2623 2624//2624 2594//2594
f 2624//2624 2595//2595 2594//2594
f 2624//2624 2625//2625 2595//2595
f 2625//2625 2596//2596 2595//2595
f 2625//2625 2626//2626 2596//2596
f 2626//2626 2597//2597 2596//2596
f 2626//2626 2627//2627 2597//2597
f 2627//2627 2598//2598 2597//2597
f 2627//2627 2628//2628 2598//2598
f 2628//2628 2599//2599 2598//2598
f 2628//2628 2629//2629 2599//2599
f 2629//2629 2600//2600 2599//2599
f 2629//2629 2630//2630 2600//2600
f 2630//2630 2601//2601 2600//2600
f 2630//2630 2631//2631 2601//2601
f 2631//2631 2602//2602 2601//2601
f 2631//2631 2632//2632 2602//2602
f 2632//2632 2603//2603 2602//2602
f 2632//2632 2633//2633 2603//2603
f 2633//2633 2604//2604 2603//2603
f 2633//2633 2634//2634 2604//2604
f 2634//2634 2575//2575 2604//2604
f 2634//2634 2605//2605 2575//2575
f 2635//2635 2606//2606 2605//2605
f 2635//2635 2636//2636 2606//2606
f 2636//2636 2607//2607 2606//2606
f 2636//2636 2637//2637 2607//2607
f 2637//2637 2608//2608 2607//2607
f 2637//2637 2638//2638 2608//2608
f 2638//2638 2609//2609 2608//2608
f 2638//2638 2639//2639 2609//2609
f 2639//2639 2610//2610 2609//2609
f 2639//2639 2640//2640 2610//2610
f 2640//2640 2611//2611 2610//2610
f 2640//2640 2641//2641 2611//2611
f 2641//2641 2612//2612 2611//2611
f 2641//2641 2642//2642 2612//2612
f 2642//2642 2613//2613 2612//2612
f 2642//2642 2643//2643 2613//2613
f 2643//2643 2614//2614 2613//2613
f 2643//2643 2644//2644 2614//2614
f 2644//2644 2615//2615 2614//2614
f 2644//2644 2645//2645 2615//2615
f 2645//2645 2616//2616 2615//2615
f 2645//2645 2646//2646 2616//2616
f 2646//2646 2617//2617 2616//2616
f 2646//2646 2647//2647 2617//2617
f 2647//2647 2618//2618 2617//2617
f 2647//2647 2648//2648 2618//2618
f 2648//2648 2619//2619 2618//2618
f 2648//2648 2649//2649 2619//2619
f 2649//2649 2620//2620 2619//2619
f 2649//2649 2650//2650 2620//2620
f 2650//2650 2621//2621 2620//2620
f 2650//2650 2651//2651 2621//2621
f 2651//2651 2622//2622 2621//2621
f 2651//2651 2652//2652 2622//2622
f 2652//2652 2623//2623 2622//2622
f 2652//2652 2653//2653 2623//2623
f 2653//2653 2624//2624 2623//2623
f 2653//2653 2654//2654 2624//2624
f 2654//2654 2625//2625 2624//2624
f 2654//2654 2655//2655 2625//2625
f 2655//2655 2626//2626 2625//2625
f 2655//2655 2656//2656 2626//2626
f 2656//2656 2627//2627 2626//2626
f 2656//2656 2657//2657 2627//2627
f 2657//2657 2628//2628 2627//2627
f 2657//2657 2658//2658 2628//2628
f 2658//2658 2629//2629 2628//2628
f 2658//2658 2659//2659 2629//2629
f 2659//2659 2630//2630 2629//2629
f 2659//2659 2660//2660 2630//2630
f 2660//2660 2631//2631 2630//2630
f 2660//2660 2661//2661 2631//2631
f 2661//2661 2632//2632 2631//2631
f 2661//2661 2662//2662 2632//2632
f 2662//2662 2633//2633 2632//2632
f 2662//2662 2663//2663 2633//2633
f 2663//2663 2634//2634 2633//2633
f 2663//2663 2664//2664 2634//2634
f 2664//2664 2605//2605 2634//2634
f 2664//2664 2635//2635 2605//2605
f 2665//2665 2636//2636 2635//2635
f 2665//2665 2666//2666 2636//2636
f 2666//2666 2637//2637 2636//2636
f 2666//2666 2667//2667 2637//2637
f 2667//2667 2638//2638 2637//2637
f 2667//2667 2668//2668 2638//2638
f 2668//2668 2639//2639 2638//2638
f 2668//2668 2669//2669 2639//2639
f 2669//2669 2640//2640 2639//2639
f 2669//2669 2670//2670 2640//2640
f 2670//2670 2641//2641 2640//2640
f 2670//2670 2671//2671 2641//2641
f 2671//2671 2642//2642 2641//2641
f 2671//2671 2672//2672 2642//2642
f 2672//2672 2643//2643 2642//2642
f 2672//2672 2673//2673 2643//2643
f 2673//2673 2644//2644 2643//2643
f 2673//2673 2674//2674 2644//2644
f 2674//2674 2645//2645 2644//2644
f 2674//2674 2675//2675 2645//2645
f 2675//2675 2646//2646 2645//2645
f 2675//2675 2676//2676 2646//2646
f 2676//2676 2647//2647 2646//2646
f 2676//2676 2677//2677 2647//2647
f 2677//2677 2648//2648 2647//2647
f 2677//2677 2678//2678 2648//2648
f 2678//2678 2649//2649 2648//2648
f 2678//2678 2679//2679 2649//2649
f 2679//2679 2650//2650 2649//2649
f 2679//2679 2680//2680 2650//2650
f 2680//2680 2651//2651 2650//2650
f 2680//2680 2681//2681 2651//2651
f 2681//2681 2652//2652 2651//2651
f 2681//2681 2682//2682 2652//2652
f 2682//2682 2653//2653 2652//2652
f 2682//2682 2683//2683 2653//2653
f 2683//2683 2654//2654 2653//2653
f 2683//2683 2684//2684 2654//2654
f 2684//2684 2655//2655 2654//2654
f 2684//2684 2685//2685 2655//2655
f 2685//2685 2656//2656 2655//2655
f 2685//2685 2686//2686 2656//2656
f 2686//2686 2657//2657 2656//2656
f 2686//2686 2687//2687 2657//2657
f 2687//2687 2658//2658 2657//2657
f 2687//2687 2688//2688 2658//2658
f 2688//2688 2659//2659 2658//2658
f 2688//2688 2689//2689 2659//2659
f 2689//2689 2660//2660 2659//2659
f 2689//2689 2690//2690 2660//2660
f 2690//2690 2661//2661 2660//2660
f 2690//2690 2691//2691 2661//2661
f 2691//2691 2662//2662 2661//2661
f 2691//2691 2692//2692 2662//2662
f 2692//2692 2663//2663 2662//2662
f 2692//2692 2693//2693 2663//2663
f 2693//2693 2664//2664 2663//2663
f 2693//2693 2694//2694 2664//2664
f 2694//2694 2635//2635 2664//2664
f 2694//2694 2665//2665 2635//2635
f 2695//2695 2666//2666 2665//2665
f 2695//2695 2696//2696 2666//2666
f 2696//2696 2667//2667 2666//2666
f 2696//2696 2697//2697 2667//2667
f 2697//2697 2668//2668 2667//2667
f 2697//2697 2698//2698 2668//2668
f 2698//2698 2669//2669 2668//2668
f 2698//2698 2699//2699 2669//2669
f 2699//2699 2670//2670 2669//2669
f 2699//2699 2700//2700 2670//2670
f 2700//2700 2671//2671 2670//2670
f 2700//2700 2701//2701 2671//2671
f 2701//2701 2672//2672 2671//2671
f 2701//2701 2702//2702 2672//2672
f 2702//2702 2673//2673 2672//2672
f 2702//2702 2703//2703 2673//2673
f 2703//2703 2674//2674 2673//2673
f 2703//2703 2704//2704 2674//2674
f 2704//2704 2675//2675 2674//2674
f 2704//2704 2705//2705 2675//2675
f 2705//2705 2676//2676 2675//2675
f 2705//2705 2706//2706 2676//2676
f 2706//2706 2677//2677 2676//2676
f 2706//2706 2707//2707 2677//2677
f 2707//2707 2678//2678 2677//2677
f 2707//2707 2708//2708 2678//2678
f 2708//2708 2679//2679 2678//2678
f 2708//2708 2709//2709 2679//2679
f 2709//2709 2680//2680 2679//2679
f 2709//2709 2710//2710 2680//2680
f 2710//2710 2681//2681 2680//2680
f 2710//2710 2711//2711 2681//2681
f 2711//2711 2682//2682 2681//2681
f 2711//2711 2712//2712 2682//2682
f 2712//2712 2683//2683 2682//2682
f 2712//2712 2713//2713 2683//2683
f 2713//2713 2684//2684 2683//2683
f 2713//2713 2714//2714 2684//2684
f 2714//2714 2685//2685 2684//2684
f 2714//2714 2715//2715 2685//2685
f 2715//2715 2686//2686 2685//2685
f 2715//2715 2716//2716 2686//2686
f 2716//2716 2687//2687 2686//2686
f 2716//2716 2717//2717 2687//2687
f 2717//2717 2688//2688 2687//2687
f 2717//2717 2718//2718 2688//2688
f 2718//2718 2689//2689 2688//2688
f 2718//2718 2719//2719 2689//2689
f 2719//2719 2690//2690 2689//2689
f 2719//2719 2720//2720 2690//2690
f 2720//2720 2691//2691 2690//2690
f 2720//2720 2721//2721 2691//2691
f 2721//2721 2692//2692 2691//2691
f 2721//2721 2722//2722 2692//2692
f 2722//2722 2693//2693 2692//2692
f 2722//2722 2723//2723 2693//2693
f 2723//2723 2694//2694 2693//2693
f 2723//2723 2724//2724 2694//2694
f 2724//2724 2665//2665 2694//2694
f 2724//2724 2695//2695 2665//2665
f 2725//2725 2696//2696 2695//2695
f 2725//2725 2726//2726 2696//2696
f 2726//2726 2697//2697 2696//2696
f 2726//2726 2727//2727 2697//2697
f 2727//2727 2698//2698 2697//2697
f 2727//2727 2728//2728 2698//2698
f 2728//2728 2699//2699 2698//2698
f 2728//2728 2729//2729 2699//2699
f 2729//2729 2700//2700 2699//2699
f 2729//2729 2730//2730 2700//2700
f 2730//2730 2701//2701 2700//2700
f 2730//2730 2731//2731 2701//2701
f 2731//2731 2702//2702 2701//2701
f 2731//2731 2732//2732 2702//2702
f 2732//2732 2703//2703 2702//2702
f 2732//2732 2733//2733 2703//2703
f 2733//2733 2704//2704 2703//2703
f 2733//2733 2734//2734 2704//2704
f 2734//2734 2705//2705 2704//2704
f 2734//2734 2735//2735 2705//2705
f 2735//2735 2706//2706 2705//2705
f 2735//2735 2736//2736 2706//2706
f 2736//2736 2707//2707 2706//2706
f 2736//2736 2737//2737 2707//2707
f 2737//2737 2708//2708 2707//2707
f 2737//2737 2738//2738 2708//2708
f 2738//2738 2709//2709 2708//2708
f 2738//2738 2739//2739 2709//2709
f 2739//2739 2710//2710 2709//2709
f 2739//2739 2740//2740 2710//2710
f 2740//2740 2711//2711 2710//2710
f 2740//2740 2741//2741 2711//2711
f 2741//2741 2712//2712 2711//2711
f 2741//2741 2742//2742 2712//2712
f 2742//2742 2713//2713 2712//2712
f 2742//2742 2743//2743 2713//2713
f 2743//2743 2714//2714 2713//2713
f 2743//2743 2744//2744 2714//2714
f 2744//2744 2715//2715 2714//2714
f 2744//2744 2745//2745 2715//2715
f 2745//2745 2716//2716 2715//2715
f 2745//2745 2746//2746 2716//2716
f 2746//2746 2717//2717 2716//2716
f 2746//2746 2747//2747 2717//2717
f 2747//2747 2718//2718 2717//2717
f 2747//2747 2748//2748 2718//2718
f 2748//2748 2719//2719 2718//2718
f 2748//2748 2749//2749 2719//2719
f 2749//2749 2720//2720 2719//2719
f 2749//2749 2750//2750 2720//2720
f 2750//2750 2721//2721 2720//2720
f 2750//2750 2751//2751 2721//2721
f 2751//2751 2722//2722 2721//2721
f 2751//2751 2752//2752 2722//2722
f 2752//2752 2723//2723 2722//2722
f 2752//2752 2753//2753 2723//2723
f 2753//2753 2724//2724 2723//2723
f 2753//2753 2754//2754 2724//2724
f 2754//2754 2695//2695 2724//2724
f 2754//2754 2725//2725 2695//2695
f 2755//2755 2726//2726 2725//2725
f 2755//2755 2756//2756 2726//2726
f 2756//2756 2727//2727 2726//2726
f 2756//2756 2757//2757 2727//2727
f 2757//2757 2728//2728 2727//2727
f 2757//2757 2758//2758 2728//2728
f 2758//2758 2729//2729 2728//2728
f 2758//2758 2759//2759 2729//2729
f 2759//2759 2730//2730 2729//2729
f 2759//2759 2760//2760 2730//2730
f 2760//2760 2731//2731 2730//2730
f 2760//2760 2761//2761 2731//2731
f 2761//2761 2732//2732 2731//2731
f 2761//2761 2762//2762 2732//2732
f 2762//2762 2733//2733 2732//2732
f 2762//2762 2763//2763 2733//2733
f 2763//2763 2734//2734 2733//2733
f 2763//2763 2764//2764 2734//2734
f 2764//2764 2735//2735 2734//2734
f 2764//2764 2765//2765 2735//2735
f 2765//2765 2736//2736 2735//2735
f 2765//2765 2766//2766 2736//2736
f 2766//2766 2737//2737 2736//2736
f 2766//2766 2767//2767 2737//2737
f 2767//2767 2738//2738 2737//2737
f 2767//2767 2768//2768 2738//2738
f 2768//2768 2739//2739 2738//2738
f 2768//2768 2769//2769 2739//2739
f 2769//2769 2740//2740 2739//2739
f 2769//2769 2770//2770 2740//2740
f 2770//2770 2741//2741 2740//2740
f 2770//2770 2771//2771 2741//2741
f 2771//2771 2742//2742 2741//2741
f 2771//2771 2772//2772 2742//2742
f 2772//2772 2743//2743 2742//2742
f 2772//2772 2773//2773 2743//2743
f 2773//2773 2744//2744 2743//2743
f 2773//2773 2774//2774 2744//2744
f 2774//2774 2745//2745 2744//2744
f 2774//2774 2775//2775 2745//2745
f 2775//2775 2746//2746 2745//2745
f 2775//2775 2776//2776 2746//2746
f 2776//2776 2747//2747 2746//2746
f 2776//2776 2777//2777 2747//2747
f 2777//2777 2748//2748 2747//2747
f 2777//2777 2778//2778 2748//2748
f 2778//2778 2749//2749 2748//2748
f 2778//2778 2779//2779 2749//2749
f 2779//2779 2750//2750 2749//2749
f 2779//2779 2780//2780 2750//2750
f 2780//2780 2751//2751 2750//2750
f 2780//2780 2781//2781 2751//2751
f 2781//2781 2752//2752 2751//2751
f 2781//2781 2782//2782 2752//2752
f 2782//2782 2753//2753 2752//2752
f 2782//2782 2783//2783 2753//2753
f 2783//2783 2754//2754 2753//2753
f 2783//2783 2784//2784 2754//2754
f 2784//2784 2725//2725 2754//2754
f 2784//2784 2755//2755 2725//2725
f 1526//1526 1525//1525 2156//2156
f 1527//1527 1526//1526 2157//2157
f 1528//1528 1527//1527 2158//2158
f 1529//1529 1528//1528 2159//2159
f 1530//1530 1529//1529 2160//2160
f 1531//1531 1530//1530 2161//2161
f 1532//1532 1531//1531 2162//2162
f 1533//1533 1532//1532 2163//2163
f 1534//1534 1533//1533 2164//2164
f 1535//1535 1534//1534 2165//2165
f 1536//1536 1535//1535 2166//2166
f 1537//1537 1536//1536 2167//2167
f 1538//1538 1537//1537 2168//2168
f 1539//1539 1538//1538 2169//2169
f 1540//1540 1539//1539 2170//2170
f 1541//1541 1540//1540 2171//2171
f 1542//1542 1541//1541 2172//2172
f 1543//1543 1542//1542 2173//2173
f 1544//1544 1543//1543 2174//2174
f 1545//1545 1544//1544 2175//2175
f 1546//1546 1545//1545 2176//2176
f 1547//1547 1546//1546 2177//2177
f 1548//1548 1547//1547 2178//2178
f 1549//1549 1548//1548 2179//2179
f 1550//1550 1549//1549 2180//2180
f 1551//1551 1550//1550 2181//2181
f 1552//1552 1551//1551 2182//2182
f 1553//1553 1552//1552 2183//2183
f 1554//1554 1553//1553 2184//2184
f 1525//1525 1554//1554 2155//2155
f 1525//1525 2155//2155 2156//2156
f 1526//1526 2156//2156 2157//2157
f 1527//1527 2157//2157 2158//2158
f 1528//1528 2158//2158 2159//2159
f 1529//1529 2159//2159 2160//2160
f 1530//1530 2160//2160 2161//2161
f 1531//1531 2161//2161 2162//2162
f 1532//1532 2162//2162 2163//2163
f 1533//1533 2163//2163 2164//2164
f 1534//1534 2164//2164 2165//2165
f 1535//1535 2165//2165 2166//2166
f 1536//1536 2166//2166 2167//2167
f 1537//1537 2167//2167 2168//2168
f 1538//1538 2168//2168 2169//2169
f 1539//1539 2169//2169 2170//2170
f 1540//1540 2170//2170 2171//2171
f 1541//1541 2171//2171 2172//2172
f 1542//1542 2172//2172 2173//2173
f 1543//1543 2173//2173 2174//2174
f 1544//1544 2174//2174 2175//2175
f 1545//1545 2175//2175 2176//2176
f 1546//1546 2176//2176 2177//2177
f 1547//1547 2177//2177 2178//2178
f 1548//1548 2178//2178 2179//2179
f 1549//1549 2179//2179 2180//2180
f 1550//1550 2180//2180 2181//2181
f 1551//1551 2181//2181 2182//2182
f 1552//1552 2182//2182 2183//2183
f 1553//1553 2183//2183 2184//2184
f 1554//1554 2184//2184 2155//2155
