# Created by Open3D 
# object name: temp_object_625771090
# number of vertices: 2286
# number of triangles: 4560
v 0.0073728 -9.92785e-09 0.122308 0.8 0.8 0.8
vn 4.46378e-28 1.79245e-20 1
v 0.0073728 -9.92785e-09 3.72529e-09 0.8 0.8 0.8
vn 8.92756e-28 3.5849e-20 -1
v 0.0434511 -8.05251e-09 0.12227 0.8 0.8 0.8
vn 0.00555079 -0.000122455 0.999985
v 0.0429161 0.00679724 0.12227 0.8 0.8 0.8
vn 0.00548862 0.000745624 0.999985
v 0.0413244 0.0134271 0.12227 0.8 0.8 0.8
vn 0.00526741 0.00158393 0.999985
v 0.0387152 0.0197264 0.12227 0.8 0.8 0.8
vn 0.00489877 0.00236143 0.999985
v 0.0351526 0.0255399 0.12227 0.8 0.8 0.8
vn 0.00440112 0.0030516 0.999986
v 0.0307245 0.0307245 0.12227 0.8 0.8 0.8
vn 0.00379781 0.00363386 0.999986
v 0.0255399 0.0351526 0.12227 0.8 0.8 0.8
vn 0.00311496 0.00409434 0.999987
v 0.0197264 0.0387152 0.12227 0.8 0.8 0.8
vn 0.00237942 0.00442577 0.999987
v 0.0134271 0.0413244 0.12227 0.8 0.8 0.8
vn 0.00161701 0.00462683 0.999988
v 0.00679724 0.0429161 0.12227 0.8 0.8 0.8
vn 0.000851271 0.00470113 0.999989
v -2.41846e-09 0.043451 0.12227 0.8 0.8 0.8
vn 0.000102714 0.00465596 0.999989
v -0.00679725 0.0429161 0.12227 0.8 0.8 0.8
vn -0.000611483 0.00450119 0.99999
v -0.0134271 0.0413244 0.12227 0.8 0.8 0.8
vn -0.00127745 0.0042482 0.99999
v -0.0197264 0.0387152 0.12227 0.8 0.8 0.8
vn -0.00188434 0.00390903 0.999991
v -0.0255399 0.0351526 0.12227 0.8 0.8 0.8
vn -0.00242393 0.00349587 0.999991
v -0.0307245 0.0307245 0.12227 0.8 0.8 0.8
vn -0.00289018 0.00302057 0.999991
v -0.0351527 0.0255399 0.12227 0.8 0.8 0.8
vn -0.00327876 0.00249447 0.999992
v -0.0387152 0.0197264 0.12227 0.8 0.8 0.8
vn -0.00358668 0.0019283 0.999992
v -0.0413244 0.0134271 0.12227 0.8 0.8 0.8
vn -0.00381191 0.00133221 0.999992
v -0.0429161 0.00679723 0.12227 0.8 0.8 0.8
vn -0.00395314 0.000715826 0.999992
v -0.0434511 -1.25697e-08 0.12227 0.8 0.8 0.8
vn -0.00400959 8.84545e-05 0.999992
v -0.0429161 -0.00679726 0.12227 0.8 0.8 0.8
vn -0.00398086 -0.000540796 0.999992
v -0.0413244 -0.0134271 0.12227 0.8 0.8 0.8
vn -0.00386695 -0.00116281 0.999992
v -0.0387152 -0.0197264 0.12227 0.8 0.8 0.8
vn -0.00366823 -0.00176826 0.999992
v -0.0351527 -0.0255399 0.12227 0.8 0.8 0.8
vn -0.00338558 -0.00234745 0.999992
v -0.0307245 -0.0307246 0.12227 0.8 0.8 0.8
vn -0.00302057 -0.00289018 0.999991
v -0.0255399 -0.0351527 0.12227 0.8 0.8 0.8
vn -0.00257574 -0.00338558 0.999991
v -0.0197264 -0.0387152 0.12227 0.8 0.8 0.8
vn -0.00205489 -0.00382213 0.999991
v -0.0134271 -0.0413244 0.12227 0.8 0.8 0.8
vn -0.00146355 -0.00418773 0.99999
v -0.00679725 -0.0429161 0.12227 0.8 0.8 0.8
vn -0.000809391 -0.00446985 0.99999
v -4.5826e-09 -0.0434511 0.12227 0.8 0.8 0.8
vn -0.000102714 -0.00465596 0.999989
v 0.00679724 -0.0429161 0.12227 0.8 0.8 0.8
vn 0.000643122 -0.00473409 0.999989
v 0.0134271 -0.0413244 0.12227 0.8 0.8 0.8
vn 0.00141139 -0.00469364 0.999988
v 0.0197264 -0.0387152 0.12227 0.8 0.8 0.8
vn 0.00218193 -0.0045264 0.999987
v 0.0255399 -0.0351527 0.12227 0.8 0.8 0.8
vn 0.00293137 -0.00422773 0.999987
v 0.0307245 -0.0307245 0.12227 0.8 0.8 0.8
vn 0.00363386 -0.00379781 0.999986
v 0.0351526 -0.0255399 0.12227 0.8 0.8 0.8
vn 0.00426226 -0.00324272 0.999986
v 0.0387152 -0.0197264 0.12227 0.8 0.8 0.8
vn 0.00478986 -0.00257517 0.999985
v 0.0413244 -0.0134271 0.12227 0.8 0.8 0.8
vn 0.00519243 -0.00181468 0.999985
v 0.0429161 -0.00679725 0.12227 0.8 0.8 0.8
vn 0.0054504 -0.000986947 0.999985
v 0.0449555 -7.97431e-09 0.122155 0.8 0.8 0.8
vn 0.131534 -0.000999433 0.991311
v 0.044402 0.00703258 0.122155 0.8 0.8 0.8
vn 0.130071 0.0195894 0.991311
v 0.0427552 0.013892 0.122155 0.8 0.8 0.8
vn 0.125405 0.0396958 0.991311
v 0.0400556 0.0204094 0.122155 0.8 0.8 0.8
vn 0.117652 0.0588248 0.991311
v 0.0363698 0.0264242 0.122155 0.8 0.8 0.8
vn 0.107001 0.0765053 0.991311
v 0.0317883 0.0317883 0.122155 0.8 0.8 0.8
vn 0.0937155 0.0923021 0.991311
v 0.0264242 0.0363698 0.122155 0.8 0.8 0.8
vn 0.0781225 0.105826 0.991311
v 0.0204094 0.0400556 0.122155 0.8 0.8 0.8
vn 0.0606058 0.116744 0.991311
v 0.013892 0.0427552 0.122155 0.8 0.8 0.8
vn 0.0415969 0.124788 0.991311
v 0.00703259 0.044402 0.122155 0.8 0.8 0.8
vn 0.0215636 0.129759 0.991311
v -2.38099e-09 0.0449555 0.122155 0.8 0.8 0.8
vn 0.000999443 0.131534 0.991311
v -0.00703259 0.044402 0.122155 0.8 0.8 0.8
vn -0.0195894 0.130071 0.991311
v -0.013892 0.0427552 0.122155 0.8 0.8 0.8
vn -0.0396958 0.125405 0.991311
v -0.0204094 0.0400556 0.122155 0.8 0.8 0.8
vn -0.0588248 0.117652 0.991311
v -0.0264242 0.0363698 0.122155 0.8 0.8 0.8
vn -0.0765053 0.107001 0.991311
v -0.0317883 0.0317883 0.122155 0.8 0.8 0.8
vn -0.0923021 0.0937155 0.991311
v -0.0363698 0.0264242 0.122155 0.8 0.8 0.8
vn -0.105826 0.0781225 0.991311
v -0.0400557 0.0204094 0.122155 0.8 0.8 0.8
vn -0.116744 0.0606058 0.991311
v -0.0427552 0.013892 0.122155 0.8 0.8 0.8
vn -0.124788 0.0415968 0.991311
v -0.044402 0.00703258 0.122155 0.8 0.8 0.8
vn -0.129759 0.0215636 0.991311
v -0.0449555 -1.26479e-08 0.122155 0.8 0.8 0.8
vn -0.131534 0.000999433 0.991311
v -0.044402 -0.0070326 0.122155 0.8 0.8 0.8
vn -0.130071 -0.0195894 0.991311
v -0.0427552 -0.013892 0.122155 0.8 0.8 0.8
vn -0.125405 -0.0396958 0.991311
v -0.0400557 -0.0204094 0.122155 0.8 0.8 0.8
vn -0.117652 -0.0588248 0.991311
v -0.0363698 -0.0264242 0.122155 0.8 0.8 0.8
vn -0.107001 -0.0765053 0.991311
v -0.0317883 -0.0317884 0.122155 0.8 0.8 0.8
vn -0.0937155 -0.0923021 0.991311
v -0.0264242 -0.0363698 0.122155 0.8 0.8 0.8
vn -0.0781225 -0.105826 0.991311
v -0.0204094 -0.0400557 0.122155 0.8 0.8 0.8
vn -0.0606058 -0.116744 0.991311
v -0.013892 -0.0427552 0.122155 0.8 0.8 0.8
vn -0.0415969 -0.124788 0.991311
v -0.0070326 -0.044402 0.122155 0.8 0.8 0.8
vn -0.0215636 -0.129759 0.991311
v -4.62007e-09 -0.0449555 0.122155 0.8 0.8 0.8
vn -0.000999443 -0.131534 0.991311
v 0.00703259 -0.044402 0.122155 0.8 0.8 0.8
vn 0.0195894 -0.130071 0.991311
v 0.013892 -0.0427552 0.122155 0.8 0.8 0.8
vn 0.0396958 -0.125405 0.991311
v 0.0204094 -0.0400557 0.122155 0.8 0.8 0.8
vn 0.0588248 -0.117652 0.991311
v 0.0264242 -0.0363698 0.122155 0.8 0.8 0.8
vn 0.0765053 -0.107001 0.991311
v 0.0317883 -0.0317884 0.122155 0.8 0.8 0.8
vn 0.0923021 -0.0937155 0.991311
v 0.0363698 -0.0264242 0.122155 0.8 0.8 0.8
vn 0.105826 -0.0781225 0.991311
v 0.0400556 -0.0204094 0.122155 0.8 0.8 0.8
vn 0.116744 -0.0606058 0.991311
v 0.0427552 -0.013892 0.122155 0.8 0.8 0.8
vn 0.124788 -0.0415968 0.991311
v 0.044402 -0.0070326 0.122155 0.8 0.8 0.8
vn 0.129759 -0.0215636 0.991311
v 0.0458285 -7.92893e-09 0.121956 0.8 0.8 0.8
vn 0.317849 -0.00172655 0.94814
v 0.0452643 0.00716916 0.121956 0.8 0.8 0.8
vn 0.314206 0.0480172 0.94814
v 0.0435855 0.0141618 0.121956 0.8 0.8 0.8
vn 0.302826 0.0965787 0.94814
v 0.0408335 0.0208057 0.121956 0.8 0.8 0.8
vn 0.283989 0.142762 0.94814
v 0.0370761 0.0269373 0.121956 0.8 0.8 0.8
vn 0.25816 0.18543 0.94814
v 0.0324057 0.0324057 0.121956 0.8 0.8 0.8
vn 0.225974 0.223532 0.94814
v 0.0269373 0.0370761 0.121956 0.8 0.8 0.8
vn 0.188224 0.25613 0.94814
v 0.0208057 0.0408335 0.121956 0.8 0.8 0.8
vn 0.145839 0.282422 0.94814
v 0.0141618 0.0435855 0.121956 0.8 0.8 0.8
vn 0.0998628 0.301759 0.94814
v 0.00716916 0.0452643 0.121956 0.8 0.8 0.8
vn 0.0514278 0.313666 0.94814
v -2.35925e-09 0.0458285 0.121956 0.8 0.8 0.8
vn 0.00172657 0.317849 0.94814
v -0.00716917 0.0452643 0.121956 0.8 0.8 0.8
vn -0.0480172 0.314206 0.94814
v -0.0141618 0.0435855 0.121956 0.8 0.8 0.8
vn -0.0965786 0.302826 0.94814
v -0.0208057 0.0408335 0.121956 0.8 0.8 0.8
vn -0.142762 0.283989 0.94814
v -0.0269373 0.0370761 0.121956 0.8 0.8 0.8
vn -0.18543 0.25816 0.94814
v -0.0324057 0.0324057 0.121956 0.8 0.8 0.8
vn -0.223532 0.225974 0.94814
v -0.0370761 0.0269373 0.121956 0.8 0.8 0.8
vn -0.25613 0.188224 0.94814
v -0.0408335 0.0208057 0.121956 0.8 0.8 0.8
vn -0.282422 0.145839 0.94814
v -0.0435855 0.0141618 0.121956 0.8 0.8 0.8
vn -0.301759 0.0998627 0.94814
v -0.0452643 0.00716915 0.121956 0.8 0.8 0.8
vn -0.313666 0.0514278 0.94814
v -0.0458286 -1.26932e-08 0.121956 0.8 0.8 0.8
vn -0.317849 0.00172655 0.94814
v -0.0452643 -0.00716918 0.121956 0.8 0.8 0.8
vn -0.314206 -0.0480172 0.94814
v -0.0435855 -0.0141618 0.121956 0.8 0.8 0.8
vn -0.302826 -0.0965787 0.94814
v -0.0408335 -0.0208057 0.121956 0.8 0.8 0.8
vn -0.283989 -0.142762 0.94814
v -0.0370761 -0.0269374 0.121956 0.8 0.8 0.8
vn -0.25816 -0.18543 0.94814
v -0.0324057 -0.0324057 0.121956 0.8 0.8 0.8
vn -0.225974 -0.223532 0.94814
v -0.0269374 -0.0370761 0.121956 0.8 0.8 0.8
vn -0.188224 -0.25613 0.94814
v -0.0208057 -0.0408335 0.121956 0.8 0.8 0.8
vn -0.145839 -0.282422 0.94814
v -0.0141618 -0.0435855 0.121956 0.8 0.8 0.8
vn -0.0998628 -0.301759 0.94814
v -0.00716917 -0.0452643 0.121956 0.8 0.8 0.8
vn -0.0514278 -0.313666 0.94814
v -4.64181e-09 -0.0458286 0.121956 0.8 0.8 0.8
vn -0.00172657 -0.317849 0.94814
v 0.00716916 -0.0452643 0.121956 0.8 0.8 0.8
vn 0.0480172 -0.314206 0.94814
v 0.0141618 -0.0435855 0.121956 0.8 0.8 0.8
vn 0.0965786 -0.302826 0.94814
v 0.0208057 -0.0408335 0.121956 0.8 0.8 0.8
vn 0.142762 -0.283989 0.94814
v 0.0269373 -0.0370761 0.121956 0.8 0.8 0.8
vn 0.18543 -0.25816 0.94814
v 0.0324057 -0.0324057 0.121956 0.8 0.8 0.8
vn 0.223532 -0.225974 0.94814
v 0.0370761 -0.0269374 0.121956 0.8 0.8 0.8
vn 0.25613 -0.188224 0.94814
v 0.0408335 -0.0208057 0.121956 0.8 0.8 0.8
vn 0.282422 -0.145839 0.94814
v 0.0435855 -0.0141618 0.121956 0.8 0.8 0.8
vn 0.301759 -0.0998627 0.94814
v 0.0452643 -0.00716917 0.121956 0.8 0.8 0.8
vn 0.313666 -0.0514278 0.94814
v 0.0464242 -7.89797e-09 0.121664 0.8 0.8 0.8
vn 0.563095 -0.00255258 0.826388
v 0.0458527 0.00726234 0.121664 0.8 0.8 0.8
vn 0.556562 0.0855663 0.826388
v 0.0441521 0.0143459 0.121664 0.8 0.8 0.8
vn 0.536324 0.171578 0.826388
v 0.0413643 0.0210762 0.121664 0.8 0.8 0.8
vn 0.50288 0.253365 0.826388
v 0.037558 0.0272875 0.121664 0.8 0.8 0.8
vn 0.457054 0.328914 0.826388
v 0.0328269 0.0328269 0.121664 0.8 0.8 0.8
vn 0.399973 0.396363 0.826388
v 0.0272875 0.037558 0.121664 0.8 0.8 0.8
vn 0.333044 0.454053 0.826388
v 0.0210762 0.0413643 0.121664 0.8 0.8 0.8
vn 0.257914 0.500562 0.826388
v 0.0143459 0.0441521 0.121664 0.8 0.8 0.8
vn 0.176434 0.534746 0.826388
v 0.00726235 0.0458527 0.121664 0.8 0.8 0.8
vn 0.0906086 0.555763 0.826388
v -2.34441e-09 0.0464242 0.121664 0.8 0.8 0.8
vn 0.00255262 0.563095 0.826388
v -0.00726235 0.0458527 0.121664 0.8 0.8 0.8
vn -0.0855662 0.556561 0.826388
v -0.0143459 0.0441521 0.121664 0.8 0.8 0.8
vn -0.171578 0.536324 0.826388
v -0.0210762 0.0413643 0.121664 0.8 0.8 0.8
vn -0.253365 0.50288 0.826388
v -0.0272875 0.037558 0.121664 0.8 0.8 0.8
vn -0.328914 0.457054 0.826388
v -0.0328269 0.0328269 0.121664 0.8 0.8 0.8
vn -0.396363 0.399973 0.826388
v -0.037558 0.0272875 0.121664 0.8 0.8 0.8
vn -0.454053 0.333044 0.826388
v -0.0413643 0.0210761 0.121664 0.8 0.8 0.8
vn -0.500562 0.257914 0.826388
v -0.0441521 0.0143459 0.121664 0.8 0.8 0.8
vn -0.534746 0.176434 0.826388
v -0.0458527 0.00726234 0.121664 0.8 0.8 0.8
vn -0.555763 0.0906086 0.826388
v -0.0464242 -1.27242e-08 0.121664 0.8 0.8 0.8
vn -0.563095 0.00255258 0.826388
v -0.0458527 -0.00726236 0.121664 0.8 0.8 0.8
vn -0.556562 -0.0855663 0.826388
v -0.0441521 -0.0143459 0.121664 0.8 0.8 0.8
vn -0.536324 -0.171578 0.826388
v -0.0413643 -0.0210762 0.121664 0.8 0.8 0.8
vn -0.50288 -0.253365 0.826388
v -0.037558 -0.0272875 0.121664 0.8 0.8 0.8
vn -0.457054 -0.328914 0.826388
v -0.0328269 -0.0328269 0.121664 0.8 0.8 0.8
vn -0.399973 -0.396363 0.826388
v -0.0272875 -0.037558 0.121664 0.8 0.8 0.8
vn -0.333044 -0.454053 0.826388
v -0.0210762 -0.0413643 0.121664 0.8 0.8 0.8
vn -0.257914 -0.500562 0.826388
v -0.0143459 -0.0441521 0.121664 0.8 0.8 0.8
vn -0.176434 -0.534746 0.826388
v -0.00726235 -0.0458527 0.121664 0.8 0.8 0.8
vn -0.0906086 -0.555763 0.826388
v -4.65664e-09 -0.0464242 0.121664 0.8 0.8 0.8
vn -0.00255262 -0.563095 0.826388
v 0.00726235 -0.0458527 0.121664 0.8 0.8 0.8
vn 0.0855662 -0.556561 0.826388
v 0.0143459 -0.0441521 0.121664 0.8 0.8 0.8
vn 0.171578 -0.536324 0.826388
v 0.0210762 -0.0413643 0.121664 0.8 0.8 0.8
vn 0.253365 -0.50288 0.826388
v 0.0272875 -0.037558 0.121664 0.8 0.8 0.8
vn 0.328914 -0.457054 0.826388
v 0.0328269 -0.0328269 0.121664 0.8 0.8 0.8
vn 0.396363 -0.399973 0.826388
v 0.037558 -0.0272875 0.121664 0.8 0.8 0.8
vn 0.454053 -0.333044 0.826388
v 0.0413643 -0.0210762 0.121664 0.8 0.8 0.8
vn 0.500562 -0.257914 0.826388
v 0.0441521 -0.0143459 0.121664 0.8 0.8 0.8
vn 0.534746 -0.176434 0.826388
v 0.0458527 -0.00726236 0.121664 0.8 0.8 0.8
vn 0.555763 -0.0906086 0.826388
v 0.0468552 -7.87557e-09 0.121258 0.8 0.8 0.8
vn 0.788903 -0.00333154 0.614508
v 0.0462784 0.00732976 0.121258 0.8 0.8 0.8
vn 0.779712 0.120121 0.614508
v 0.044562 0.0144791 0.121258 0.8 0.8 0.8
vn 0.751321 0.240616 0.614508
v 0.0417483 0.0212718 0.121258 0.8 0.8 0.8
vn 0.70443 0.355186 0.614508
v 0.0379067 0.0275408 0.121258 0.8 0.8 0.8
vn 0.640194 0.46101 0.614508
v 0.0331316 0.0331316 0.121258 0.8 0.8 0.8
vn 0.560195 0.555483 0.614508
v 0.0275408 0.0379067 0.121258 0.8 0.8 0.8
vn 0.466401 0.636278 0.614508
v 0.0212718 0.0417483 0.121258 0.8 0.8 0.8
vn 0.361123 0.701405 0.614508
v 0.0144791 0.044562 0.121258 0.8 0.8 0.8
vn 0.246953 0.749262 0.614508
v 0.00732977 0.0462783 0.121258 0.8 0.8 0.8
vn 0.126702 0.778669 0.614508
v -2.33368e-09 0.0468552 0.121258 0.8 0.8 0.8
vn 0.0033316 0.788903 0.614508
v -0.00732977 0.0462783 0.121258 0.8 0.8 0.8
vn -0.120121 0.779712 0.614508
v -0.0144791 0.044562 0.121258 0.8 0.8 0.8
vn -0.240616 0.751321 0.614508
v -0.0212718 0.0417483 0.121258 0.8 0.8 0.8
vn -0.355186 0.70443 0.614508
v -0.0275408 0.0379067 0.121258 0.8 0.8 0.8
vn -0.46101 0.640194 0.614508
v -0.0331317 0.0331316 0.121258 0.8 0.8 0.8
vn -0.555483 0.560195 0.614508
v -0.0379067 0.0275408 0.121258 0.8 0.8 0.8
vn -0.636278 0.466401 0.614508
v -0.0417483 0.0212718 0.121258 0.8 0.8 0.8
vn -0.701405 0.361123 0.614508
v -0.044562 0.014479 0.121258 0.8 0.8 0.8
vn -0.749262 0.246953 0.614508
v -0.0462784 0.00732976 0.121258 0.8 0.8 0.8
vn -0.778669 0.126702 0.614508
v -0.0468552 -1.27466e-08 0.121258 0.8 0.8 0.8
vn -0.788903 0.00333154 0.614508
v -0.0462784 -0.00732978 0.121258 0.8 0.8 0.8
vn -0.779712 -0.120121 0.614508
v -0.044562 -0.0144791 0.121258 0.8 0.8 0.8
vn -0.751321 -0.240616 0.614508
v -0.0417483 -0.0212718 0.121258 0.8 0.8 0.8
vn -0.70443 -0.355186 0.614508
v -0.0379067 -0.0275408 0.121258 0.8 0.8 0.8
vn -0.640194 -0.46101 0.614508
v -0.0331317 -0.0331317 0.121258 0.8 0.8 0.8
vn -0.560195 -0.555483 0.614508
v -0.0275408 -0.0379067 0.121258 0.8 0.8 0.8
vn -0.466401 -0.636278 0.614508
v -0.0212718 -0.0417483 0.121258 0.8 0.8 0.8
vn -0.361123 -0.701405 0.614508
v -0.0144791 -0.044562 0.121258 0.8 0.8 0.8
vn -0.246953 -0.749262 0.614508
v -0.00732978 -0.0462784 0.121258 0.8 0.8 0.8
vn -0.126702 -0.778669 0.614508
v -4.66737e-09 -0.0468552 0.121258 0.8 0.8 0.8
vn -0.0033316 -0.788903 0.614508
v 0.00732977 -0.0462784 0.121258 0.8 0.8 0.8
vn 0.120121 -0.779712 0.614508
v 0.0144791 -0.044562 0.121258 0.8 0.8 0.8
vn 0.240616 -0.751321 0.614508
v 0.0212718 -0.0417483 0.121258 0.8 0.8 0.8
vn 0.355186 -0.70443 0.614508
v 0.0275408 -0.0379067 0.121258 0.8 0.8 0.8
vn 0.46101 -0.640194 0.614508
v 0.0331316 -0.0331317 0.121258 0.8 0.8 0.8
vn 0.555483 -0.560195 0.614508
v 0.0379067 -0.0275408 0.121258 0.8 0.8 0.8
vn 0.636278 -0.466401 0.614508
v 0.0417483 -0.0212718 0.121258 0.8 0.8 0.8
vn 0.701405 -0.361123 0.614508
v 0.044562 -0.0144791 0.121258 0.8 0.8 0.8
vn 0.749262 -0.246953 0.614508
v 0.0462784 -0.00732978 0.121258 0.8 0.8 0.8
vn 0.778669 -0.126702 0.614508
v 0.0471717 -7.85912e-09 0.120705 0.8 0.8 0.8
vn 0.924151 -0.00402522 0.382006
v 0.046591 0.00737927 0.120705 0.8 0.8 0.8
vn 0.913403 0.140593 0.382006
v 0.044863 0.0145769 0.120705 0.8 0.8 0.8
vn 0.880164 0.28175 0.382006
v 0.0420303 0.0214155 0.120705 0.8 0.8 0.8
vn 0.825252 0.415969 0.382006
v 0.0381627 0.0277268 0.120705 0.8 0.8 0.8
vn 0.75002 0.539946 0.382006
v 0.0333554 0.0333554 0.120705 0.8 0.8 0.8
vn 0.65632 0.650627 0.382006
v 0.0277268 0.0381627 0.120705 0.8 0.8 0.8
vn 0.546459 0.745288 0.382006
v 0.0214155 0.0420303 0.120705 0.8 0.8 0.8
vn 0.423142 0.821597 0.382006
v 0.0145769 0.044863 0.120705 0.8 0.8 0.8
vn 0.289407 0.877676 0.382006
v 0.00737928 0.0465909 0.120705 0.8 0.8 0.8
vn 0.148545 0.912143 0.382006
v -2.3258e-09 0.0471717 0.120705 0.8 0.8 0.8
vn 0.00402529 0.924151 0.382006
v -0.00737928 0.0465909 0.120705 0.8 0.8 0.8
vn -0.140593 0.913403 0.382006
v -0.0145769 0.044863 0.120705 0.8 0.8 0.8
vn -0.28175 0.880164 0.382006
v -0.0214155 0.0420303 0.120705 0.8 0.8 0.8
vn -0.415969 0.825252 0.382006
v -0.0277268 0.0381627 0.120705 0.8 0.8 0.8
vn -0.539946 0.75002 0.382006
v -0.0333554 0.0333554 0.120705 0.8 0.8 0.8
vn -0.650627 0.65632 0.382006
v -0.0381627 0.0277268 0.120705 0.8 0.8 0.8
vn -0.745288 0.546459 0.382006
v -0.0420303 0.0214155 0.120705 0.8 0.8 0.8
vn -0.821597 0.423142 0.382006
v -0.044863 0.0145768 0.120705 0.8 0.8 0.8
vn -0.877676 0.289407 0.382006
v -0.046591 0.00737927 0.120705 0.8 0.8 0.8
vn -0.912144 0.148545 0.382006
v -0.0471717 -1.27631e-08 0.120705 0.8 0.8 0.8
vn -0.924151 0.00402522 0.382006
v -0.046591 -0.00737929 0.120705 0.8 0.8 0.8
vn -0.913403 -0.140593 0.382006
v -0.044863 -0.0145769 0.120705 0.8 0.8 0.8
vn -0.880164 -0.28175 0.382006
v -0.0420303 -0.0214155 0.120705 0.8 0.8 0.8
vn -0.825252 -0.415969 0.382006
v -0.0381627 -0.0277268 0.120705 0.8 0.8 0.8
vn -0.75002 -0.539946 0.382006
v -0.0333554 -0.0333554 0.120705 0.8 0.8 0.8
vn -0.65632 -0.650627 0.382006
v -0.0277268 -0.0381627 0.120705 0.8 0.8 0.8
vn -0.546459 -0.745288 0.382006
v -0.0214155 -0.0420303 0.120705 0.8 0.8 0.8
vn -0.423142 -0.821597 0.382006
v -0.0145769 -0.044863 0.120705 0.8 0.8 0.8
vn -0.289407 -0.877676 0.382006
v -0.00737929 -0.046591 0.120705 0.8 0.8 0.8
vn -0.148545 -0.912143 0.382006
v -4.67526e-09 -0.0471717 0.120705 0.8 0.8 0.8
vn -0.00402529 -0.924151 0.382006
v 0.00737928 -0.046591 0.120705 0.8 0.8 0.8
vn 0.140593 -0.913403 0.382006
v 0.0145769 -0.044863 0.120705 0.8 0.8 0.8
vn 0.28175 -0.880164 0.382006
v 0.0214155 -0.0420303 0.120705 0.8 0.8 0.8
vn 0.415969 -0.825252 0.382006
v 0.0277268 -0.0381627 0.120705 0.8 0.8 0.8
vn 0.539946 -0.75002 0.382006
v 0.0333554 -0.0333554 0.120705 0.8 0.8 0.8
vn 0.650627 -0.65632 0.382006
v 0.0381627 -0.0277268 0.120705 0.8 0.8 0.8
vn 0.745288 -0.546459 0.382006
v 0.0420303 -0.0214155 0.120705 0.8 0.8 0.8
vn 0.821597 -0.423142 0.382006
v 0.044863 -0.0145769 0.120705 0.8 0.8 0.8
vn 0.877676 -0.289407 0.382006
v 0.046591 -0.00737929 0.120705 0.8 0.8 0.8
vn 0.912144 -0.148545 0.382006
v 0.0473999 -7.84725e-09 0.119941 0.8 0.8 0.8
vn 0.979958 -0.00495497 0.199143
v 0.0468164 0.00741498 0.119941 0.8 0.8 0.8
vn 0.968668 0.148405 0.199143
v 0.04508 0.0146474 0.119941 0.8 0.8 0.8
vn 0.933527 0.298111 0.199143
v 0.0422337 0.0215191 0.119941 0.8 0.8 0.8
vn 0.875398 0.440477 0.199143
v 0.0383474 0.027861 0.119941 0.8 0.8 0.8
vn 0.795715 0.571996 0.199143
v 0.0335168 0.0335168 0.119941 0.8 0.8 0.8
vn 0.696439 0.689431 0.199143
v 0.027861 0.0383473 0.119941 0.8 0.8 0.8
vn 0.580014 0.78989 0.199143
v 0.0215191 0.0422336 0.119941 0.8 0.8 0.8
vn 0.449307 0.870899 0.199143
v 0.0146474 0.04508 0.119941 0.8 0.8 0.8
vn 0.307536 0.930464 0.199143
v 0.00741498 0.0468164 0.119941 0.8 0.8 0.8
vn 0.158193 0.967118 0.199143
v -2.32012e-09 0.0473999 0.119941 0.8 0.8 0.8
vn 0.00495505 0.979958 0.199143
v -0.00741499 0.0468164 0.119941 0.8 0.8 0.8
vn -0.148405 0.968668 0.199143
v -0.0146474 0.04508 0.119941 0.8 0.8 0.8
vn -0.298111 0.933526 0.199143
v -0.0215191 0.0422336 0.119941 0.8 0.8 0.8
vn -0.440477 0.875398 0.199143
v -0.027861 0.0383473 0.119941 0.8 0.8 0.8
vn -0.571996 0.795715 0.199143
v -0.0335168 0.0335168 0.119941 0.8 0.8 0.8
vn -0.689431 0.696439 0.199143
v -0.0383474 0.027861 0.119941 0.8 0.8 0.8
vn -0.78989 0.580013 0.199143
v -0.0422337 0.0215191 0.119941 0.8 0.8 0.8
vn -0.870899 0.449306 0.199143
v -0.04508 0.0146474 0.119941 0.8 0.8 0.8
vn -0.930464 0.307536 0.199143
v -0.0468164 0.00741497 0.119941 0.8 0.8 0.8
vn -0.967118 0.158193 0.199143
v -0.0473999 -1.27749e-08 0.119941 0.8 0.8 0.8
vn -0.979958 0.00495497 0.199143
v -0.0468164 -0.007415 0.119941 0.8 0.8 0.8
vn -0.968668 -0.148405 0.199143
v -0.04508 -0.0146474 0.119941 0.8 0.8 0.8
vn -0.933527 -0.298111 0.199143
v -0.0422337 -0.0215191 0.119941 0.8 0.8 0.8
vn -0.875398 -0.440477 0.199143
v -0.0383474 -0.027861 0.119941 0.8 0.8 0.8
vn -0.795715 -0.571996 0.199143
v -0.0335168 -0.0335168 0.119941 0.8 0.8 0.8
vn -0.696439 -0.689431 0.199143
v -0.027861 -0.0383474 0.119941 0.8 0.8 0.8
vn -0.580014 -0.78989 0.199143
v -0.0215191 -0.0422337 0.119941 0.8 0.8 0.8
vn -0.449307 -0.870899 0.199143
v -0.0146474 -0.04508 0.119941 0.8 0.8 0.8
vn -0.307536 -0.930464 0.199143
v -0.00741499 -0.0468164 0.119941 0.8 0.8 0.8
vn -0.158193 -0.967118 0.199143
v -4.68094e-09 -0.0474 0.119941 0.8 0.8 0.8
vn -0.00495505 -0.979958 0.199143
v 0.00741498 -0.0468164 0.119941 0.8 0.8 0.8
vn 0.148405 -0.968668 0.199143
v 0.0146474 -0.04508 0.119941 0.8 0.8 0.8
vn 0.298111 -0.933526 0.199143
v 0.0215191 -0.0422337 0.119941 0.8 0.8 0.8
vn 0.440477 -0.875398 0.199143
v 0.027861 -0.0383474 0.119941 0.8 0.8 0.8
vn 0.571996 -0.795715 0.199143
v 0.0335168 -0.0335168 0.119941 0.8 0.8 0.8
vn 0.689431 -0.696439 0.199143
v 0.0383474 -0.027861 0.119941 0.8 0.8 0.8
vn 0.78989 -0.580013 0.199143
v 0.0422337 -0.0215191 0.119941 0.8 0.8 0.8
vn 0.870899 -0.449306 0.199143
v 0.04508 -0.0146474 0.119941 0.8 0.8 0.8
vn 0.930464 -0.307536 0.199143
v 0.0468164 -0.00741499 0.119941 0.8 0.8 0.8
vn 0.967118 -0.158193 0.199143
v 0.0475548 -7.8392e-09 0.118821 0.8 0.8 0.8
vn 0.996773 -0.00700709 0.0799664
v 0.0469693 0.0074392 0.118821 0.8 0.8 0.8
vn 0.985597 0.149009 0.0799664
v 0.0452273 0.0146952 0.118821 0.8 0.8 0.8
vn 0.950153 0.301356 0.0799664
v 0.0423716 0.0215894 0.118821 0.8 0.8 0.8
vn 0.891312 0.446282 0.0799664
v 0.0384726 0.027952 0.118821 0.8 0.8 0.8
vn 0.810525 0.58022 0.0799664
v 0.0336263 0.0336263 0.118821 0.8 0.8 0.8
vn 0.70978 0.69987 0.0799664
v 0.027952 0.0384726 0.118821 0.8 0.8 0.8
vn 0.591557 0.802288 0.0799664
v 0.0215894 0.0423716 0.118821 0.8 0.8 0.8
vn 0.458769 0.88495 0.0799664
v 0.0146952 0.0452273 0.118821 0.8 0.8 0.8
vn 0.314684 0.945822 0.0799664
v 0.0074392 0.0469693 0.118821 0.8 0.8 0.8
vn 0.162851 0.983405 0.0799664
v -2.31626e-09 0.0475548 0.118821 0.8 0.8 0.8
vn 0.00700716 0.996773 0.0799664
v -0.00743921 0.0469693 0.118821 0.8 0.8 0.8
vn -0.149009 0.985597 0.0799664
v -0.0146952 0.0452273 0.118821 0.8 0.8 0.8
vn -0.301356 0.950153 0.0799664
v -0.0215894 0.0423716 0.118821 0.8 0.8 0.8
vn -0.446282 0.891312 0.0799664
v -0.027952 0.0384726 0.118821 0.8 0.8 0.8
vn -0.58022 0.810525 0.0799664
v -0.0336263 0.0336263 0.118821 0.8 0.8 0.8
vn -0.69987 0.70978 0.0799664
v -0.0384726 0.027952 0.118821 0.8 0.8 0.8
vn -0.802288 0.591557 0.0799664
v -0.0423716 0.0215894 0.118821 0.8 0.8 0.8
vn -0.88495 0.458769 0.0799664
v -0.0452273 0.0146952 0.118821 0.8 0.8 0.8
vn -0.945822 0.314684 0.0799664
v -0.0469693 0.00743919 0.118821 0.8 0.8 0.8
vn -0.983405 0.16285 0.0799664
v -0.0475548 -1.2783e-08 0.118821 0.8 0.8 0.8
vn -0.996773 0.00700709 0.0799664
v -0.0469693 -0.00743922 0.118821 0.8 0.8 0.8
vn -0.985597 -0.149009 0.0799664
v -0.0452273 -0.0146952 0.118821 0.8 0.8 0.8
vn -0.950153 -0.301356 0.0799664
v -0.0423716 -0.0215894 0.118821 0.8 0.8 0.8
vn -0.891312 -0.446282 0.0799664
v -0.0384726 -0.027952 0.118821 0.8 0.8 0.8
vn -0.810525 -0.58022 0.0799664
v -0.0336263 -0.0336263 0.118821 0.8 0.8 0.8
vn -0.70978 -0.69987 0.0799664
v -0.027952 -0.0384726 0.118821 0.8 0.8 0.8
vn -0.591557 -0.802288 0.0799664
v -0.0215894 -0.0423716 0.118821 0.8 0.8 0.8
vn -0.458769 -0.88495 0.0799664
v -0.0146952 -0.0452273 0.118821 0.8 0.8 0.8
vn -0.314684 -0.945822 0.0799664
v -0.00743921 -0.0469693 0.118821 0.8 0.8 0.8
vn -0.162851 -0.983405 0.0799664
v -4.6848e-09 -0.0475548 0.118821 0.8 0.8 0.8
vn -0.00700716 -0.996773 0.0799664
v 0.0074392 -0.0469693 0.118821 0.8 0.8 0.8
vn 0.149009 -0.985597 0.0799664
v 0.0146952 -0.0452273 0.118821 0.8 0.8 0.8
vn 0.301356 -0.950153 0.0799664
v 0.0215894 -0.0423716 0.118821 0.8 0.8 0.8
vn 0.446282 -0.891312 0.0799664
v 0.027952 -0.0384726 0.118821 0.8 0.8 0.8
vn 0.58022 -0.810525 0.0799664
v 0.0336263 -0.0336263 0.118821 0.8 0.8 0.8
vn 0.69987 -0.70978 0.0799664
v 0.0384726 -0.027952 0.118821 0.8 0.8 0.8
vn 0.802288 -0.591557 0.0799664
v 0.0423716 -0.0215894 0.118821 0.8 0.8 0.8
vn 0.88495 -0.458769 0.0799664
v 0.0452273 -0.0146952 0.118821 0.8 0.8 0.8
vn 0.945822 -0.314684 0.0799664
v 0.0469693 -0.00743921 0.118821 0.8 0.8 0.8
vn 0.983405 -0.16285 0.0799664
v 0.0476447 -7.83453e-09 0.116891 0.8 0.8 0.8
vn 0.999706 -0.0241398 0.00247593
v 0.0470581 0.00745327 0.116891 0.8 0.8 0.8
vn 0.991174 0.132546 0.00247593
v 0.0453128 0.014723 0.116891 0.8 0.8 0.8
vn 0.958236 0.285968 0.00247593
v 0.0424518 0.0216302 0.116891 0.8 0.8 0.8
vn 0.901704 0.432348 0.00247593
v 0.0385454 0.0280049 0.116891 0.8 0.8 0.8
vn 0.822968 0.568083 0.00247593
v 0.0336899 0.0336899 0.116891 0.8 0.8 0.8
vn 0.723968 0.689829 0.00247593
v 0.0280049 0.0385454 0.116891 0.8 0.8 0.8
vn 0.607142 0.79459 0.00247593
v 0.0216302 0.0424517 0.116891 0.8 0.8 0.8
vn 0.475366 0.879785 0.00247593
v 0.014723 0.0453128 0.116891 0.8 0.8 0.8
vn 0.331884 0.943317 0.00247593
v 0.00745327 0.0470581 0.116891 0.8 0.8 0.8
vn 0.180231 0.983621 0.00247593
v -2.31402e-09 0.0476447 0.116891 0.8 0.8 0.8
vn 0.0241399 0.999706 0.00247593
v -0.00745328 0.0470581 0.116891 0.8 0.8 0.8
vn -0.132546 0.991174 0.00247593
v -0.014723 0.0453128 0.116891 0.8 0.8 0.8
vn -0.285968 0.958236 0.00247593
v -0.0216303 0.0424517 0.116891 0.8 0.8 0.8
vn -0.432348 0.901703 0.00247593
v -0.0280049 0.0385454 0.116891 0.8 0.8 0.8
vn -0.568083 0.822968 0.00247593
v -0.0336899 0.0336899 0.116891 0.8 0.8 0.8
vn -0.689829 0.723968 0.00247593
v -0.0385454 0.0280048 0.116891 0.8 0.8 0.8
vn -0.79459 0.607142 0.00247593
v -0.0424518 0.0216302 0.116891 0.8 0.8 0.8
vn -0.879785 0.475366 0.00247593
v -0.0453128 0.014723 0.116891 0.8 0.8 0.8
vn -0.943317 0.331884 0.00247593
v -0.0470581 0.00745326 0.116891 0.8 0.8 0.8
vn -0.983621 0.180231 0.00247593
v -0.0476447 -1.27876e-08 0.116891 0.8 0.8 0.8
vn -0.999706 0.0241398 0.00247593
v -0.0470581 -0.00745329 0.116891 0.8 0.8 0.8
vn -0.991174 -0.132546 0.00247593
v -0.0453128 -0.014723 0.116891 0.8 0.8 0.8
vn -0.958236 -0.285968 0.00247593
v -0.0424518 -0.0216303 0.116891 0.8 0.8 0.8
vn -0.901704 -0.432348 0.00247593
v -0.0385454 -0.0280049 0.116891 0.8 0.8 0.8
vn -0.822968 -0.568083 0.00247593
v -0.0336899 -0.0336899 0.116891 0.8 0.8 0.8
vn -0.723968 -0.689829 0.00247593
v -0.0280049 -0.0385454 0.116891 0.8 0.8 0.8
vn -0.607142 -0.79459 0.00247593
v -0.0216303 -0.0424518 0.116891 0.8 0.8 0.8
vn -0.475366 -0.879785 0.00247593
v -0.014723 -0.0453128 0.116891 0.8 0.8 0.8
vn -0.331884 -0.943317 0.00247593
v -0.00745328 -0.0470581 0.116891 0.8 0.8 0.8
vn -0.180231 -0.983621 0.00247593
v -4.68704e-09 -0.0476447 0.116891 0.8 0.8 0.8
vn -0.0241399 -0.999706 0.00247593
v 0.00745327 -0.0470581 0.116891 0.8 0.8 0.8
vn 0.132546 -0.991174 0.00247593
v 0.014723 -0.0453128 0.116891 0.8 0.8 0.8
vn 0.285968 -0.958236 0.00247593
v 0.0216302 -0.0424518 0.116891 0.8 0.8 0.8
vn 0.432348 -0.901703 0.00247593
v 0.0280049 -0.0385454 0.116891 0.8 0.8 0.8
vn 0.568083 -0.822968 0.00247593
v 0.0336899 -0.0336899 0.116891 0.8 0.8 0.8
vn 0.689829 -0.723968 0.00247593
v 0.0385454 -0.0280049 0.116891 0.8 0.8 0.8
vn 0.79459 -0.607142 0.00247593
v 0.0424518 -0.0216303 0.116891 0.8 0.8 0.8
vn 0.879785 -0.475366 0.00247593
v 0.0453128 -0.014723 0.116891 0.8 0.8 0.8
vn 0.943317 -0.331884 0.00247593
v 0.0470581 -0.00745328 0.116891 0.8 0.8 0.8
vn 0.983621 -0.180231 0.00247593
v 0.0476742 -7.83299e-09 0.0706116 0.8 0.8 0.8
vn 0.99999 -0.00444945 3.7153e-19
v 0.0470873 0.00745789 0.0706116 0.8 0.8 0.8
vn 0.988375 0.152038 -9.44748e-19
v 0.0453409 0.0147321 0.0706116 0.8 0.8 0.8
vn 0.952422 0.304782 -3.55607e-18
v 0.0424781 0.0216436 0.0706116 0.8 0.8 0.8
vn 0.893018 0.450022 1.59227e-18
v 0.0385693 0.0280222 0.0706116 0.8 0.8 0.8
vn 0.811624 0.58418 -2.75994e-19
v 0.0337108 0.0337108 0.0706116 0.8 0.8 0.8
vn 0.710246 0.703954 -6.15678e-19
v 0.0280222 0.0385693 0.0706116 0.8 0.8 0.8
vn 0.591379 0.806394 -2.16549e-18
v 0.0216437 0.042478 0.0706116 0.8 0.8 0.8
vn 0.457951 0.888978 -3.52423e-18
v 0.0147321 0.0453409 0.0706116 0.8 0.8 0.8
vn 0.313246 0.949672 2.91916e-18
v 0.00745789 0.0470873 0.0706116 0.8 0.8 0.8
vn 0.160828 0.986982 3.24823e-18
v -2.31329e-09 0.0476742 0.0706116 0.8 0.8 0.8
vn 0.00444953 0.99999 -1.06151e-20
v -0.0074579 0.0470873 0.0706116 0.8 0.8 0.8
vn -0.152038 0.988375 1.80988e-17
v -0.0147322 0.0453409 0.0706116 0.8 0.8 0.8
vn -0.304782 0.952422 -6.9423e-18
v -0.0216437 0.042478 0.0706116 0.8 0.8 0.8
vn -0.450021 0.893018 -1.57104e-17
v -0.0280222 0.0385693 0.0706116 0.8 0.8 0.8
vn -0.58418 0.811624 5.1165e-18
v -0.0337108 0.0337108 0.0706116 0.8 0.8 0.8
vn -0.703954 0.710246 -6.36909e-19
v -0.0385693 0.0280222 0.0706116 0.8 0.8 0.8
vn -0.806394 0.591379 -2.09118e-18
v -0.0424781 0.0216436 0.0706116 0.8 0.8 0.8
vn -0.888978 0.45795 -8.27981e-19
v -0.0453409 0.0147321 0.0706116 0.8 0.8 0.8
vn -0.949672 0.313246 4.22483e-18
v -0.0470873 0.00745788 0.0706116 0.8 0.8 0.8
vn -0.986983 0.160828 1.71965e-18
v -0.0476742 -1.27892e-08 0.0706116 0.8 0.8 0.8
vn -0.99999 0.00444945 6.58139e-19
v -0.0470873 -0.00745791 0.0706116 0.8 0.8 0.8
vn -0.988375 -0.152038 1.95956e-17
v -0.0453409 -0.0147322 0.0706116 0.8 0.8 0.8
vn -0.952422 -0.304782 -2.84486e-18
v -0.0424781 -0.0216437 0.0706116 0.8 0.8 0.8
vn -0.893018 -0.450022 -1.7929e-17
v -0.0385693 -0.0280222 0.0706116 0.8 0.8 0.8
vn -0.811624 -0.58418 -1.48612e-17
v -0.0337108 -0.0337108 0.0706116 0.8 0.8 0.8
vn -0.710246 -0.703954 7.4306e-19
v -0.0280222 -0.0385693 0.0706116 0.8 0.8 0.8
vn -0.591379 -0.806394 -8.09935e-18
v -0.0216437 -0.0424781 0.0706116 0.8 0.8 0.8
vn -0.457951 -0.888978 -8.17366e-19
v -0.0147322 -0.0453409 0.0706116 0.8 0.8 0.8
vn -0.313246 -0.949672 2.73765e-17
v -0.0074579 -0.0470873 0.0706116 0.8 0.8 0.8
vn -0.160828 -0.986982 1.41181e-18
v -4.68777e-09 -0.0476742 0.0706116 0.8 0.8 0.8
vn -0.00444953 -0.99999 -3.18454e-20
v 0.00745789 -0.0470873 0.0706116 0.8 0.8 0.8
vn 0.152038 -0.988375 1.94682e-17
v 0.0147321 -0.0453409 0.0706116 0.8 0.8 0.8
vn 0.304782 -0.952422 -6.26293e-18
v 0.0216436 -0.0424781 0.0706116 0.8 0.8 0.8
vn 0.450021 -0.893018 -2.84698e-17
v 0.0280222 -0.0385693 0.0706116 0.8 0.8 0.8
vn 0.58418 -0.811624 -9.72347e-18
v 0.0337108 -0.0337108 0.0706116 0.8 0.8 0.8
vn 0.703954 -0.710246 2.22706e-17
v 0.0385693 -0.0280222 0.0706116 0.8 0.8 0.8
vn 0.806394 -0.591379 1.36511e-17
v 0.0424781 -0.0216437 0.0706116 0.8 0.8 0.8
vn 0.888978 -0.45795 -1.44578e-17
v 0.0453409 -0.0147322 0.0706116 0.8 0.8 0.8
vn 0.949672 -0.313246 2.27164e-18
v 0.0470873 -0.0074579 0.0706116 0.8 0.8 0.8
vn 0.986983 -0.160828 1.7515e-18
v 0.0476447 -7.83453e-09 0.00541728 0.8 0.8 0.8
vn 0.999693 0.0247306 -0.0017782
v 0.0470581 0.00745327 0.00541728 0.8 0.8 0.8
vn 0.983516 0.180812 -0.0017782
v 0.0453128 0.014723 0.00541728 0.8 0.8 0.8
vn 0.943122 0.332442 -0.0017782
v 0.0424518 0.0216302 0.00541728 0.8 0.8 0.8
vn 0.879505 0.475886 -0.0017782
v 0.0385454 0.0280049 0.00541728 0.8 0.8 0.8
vn 0.794232 0.607612 -0.0017782
v 0.0336899 0.0336899 0.00541728 0.8 0.8 0.8
vn 0.689402 0.724377 -0.0017782
v 0.0280049 0.0385454 0.00541728 0.8 0.8 0.8
vn 0.567597 0.823305 -0.0017782
v 0.0216302 0.0424517 0.00541728 0.8 0.8 0.8
vn 0.431816 0.90196 -0.0017782
v 0.014723 0.0453128 0.00541728 0.8 0.8 0.8
vn 0.285402 0.958406 -0.0017782
v 0.00745327 0.0470581 0.00541728 0.8 0.8 0.8
vn 0.13196 0.991253 -0.0017782
v -2.31402e-09 0.0476447 0.00541728 0.8 0.8 0.8
vn -0.0247305 0.999693 -0.0017782
v -0.00745328 0.0470581 0.00541728 0.8 0.8 0.8
vn -0.180812 0.983516 -0.0017782
v -0.014723 0.0453128 0.00541728 0.8 0.8 0.8
vn -0.332442 0.943122 -0.0017782
v -0.0216303 0.0424517 0.00541728 0.8 0.8 0.8
vn -0.475886 0.879505 -0.0017782
v -0.0280049 0.0385454 0.00541728 0.8 0.8 0.8
vn -0.607612 0.794232 -0.0017782
v -0.0336899 0.0336899 0.00541728 0.8 0.8 0.8
vn -0.724377 0.689402 -0.0017782
v -0.0385454 0.0280048 0.00541728 0.8 0.8 0.8
vn -0.823305 0.567597 -0.0017782
v -0.0424518 0.0216302 0.00541728 0.8 0.8 0.8
vn -0.90196 0.431816 -0.0017782
v -0.0453128 0.014723 0.00541728 0.8 0.8 0.8
vn -0.958406 0.285402 -0.0017782
v -0.0470581 0.00745326 0.00541728 0.8 0.8 0.8
vn -0.991253 0.13196 -0.0017782
v -0.0476447 -1.27876e-08 0.00541728 0.8 0.8 0.8
vn -0.999693 -0.0247306 -0.0017782
v -0.0470581 -0.00745329 0.00541728 0.8 0.8 0.8
vn -0.983516 -0.180812 -0.0017782
v -0.0453128 -0.014723 0.00541728 0.8 0.8 0.8
vn -0.943122 -0.332442 -0.0017782
v -0.0424518 -0.0216303 0.00541728 0.8 0.8 0.8
vn -0.879505 -0.475886 -0.0017782
v -0.0385454 -0.0280049 0.00541728 0.8 0.8 0.8
vn -0.794232 -0.607612 -0.0017782
v -0.0336899 -0.0336899 0.00541728 0.8 0.8 0.8
vn -0.689402 -0.724377 -0.0017782
v -0.0280049 -0.0385454 0.00541728 0.8 0.8 0.8
vn -0.567597 -0.823305 -0.0017782
v -0.0216303 -0.0424518 0.00541728 0.8 0.8 0.8
vn -0.431816 -0.90196 -0.0017782
v -0.014723 -0.0453128 0.00541728 0.8 0.8 0.8
vn -0.285402 -0.958406 -0.0017782
v -0.00745328 -0.0470581 0.00541728 0.8 0.8 0.8
vn -0.13196 -0.991253 -0.0017782
v -4.68704e-09 -0.0476447 0.00541728 0.8 0.8 0.8
vn 0.0247305 -0.999693 -0.0017782
v 0.00745327 -0.0470581 0.00541728 0.8 0.8 0.8
vn 0.180812 -0.983516 -0.0017782
v 0.014723 -0.0453128 0.00541728 0.8 0.8 0.8
vn 0.332442 -0.943122 -0.0017782
v 0.0216302 -0.0424518 0.00541728 0.8 0.8 0.8
vn 0.475886 -0.879505 -0.0017782
v 0.0280049 -0.0385454 0.00541728 0.8 0.8 0.8
vn 0.607612 -0.794232 -0.0017782
v 0.0336899 -0.0336899 0.00541728 0.8 0.8 0.8
vn 0.724377 -0.689402 -0.0017782
v 0.0385454 -0.0280049 0.00541728 0.8 0.8 0.8
vn 0.823305 -0.567597 -0.0017782
v 0.0424518 -0.0216303 0.00541728 0.8 0.8 0.8
vn 0.90196 -0.431816 -0.0017782
v 0.0453128 -0.014723 0.00541728 0.8 0.8 0.8
vn 0.958406 -0.285402 -0.0017782
v 0.0470581 -0.00745328 0.00541728 0.8 0.8 0.8
vn 0.991253 -0.13196 -0.0017782
v 0.0475548 -7.8392e-09 0.00348746 0.8 0.8 0.8
vn 0.996773 0.00700719 -0.0799664
v 0.0469693 0.0074392 0.00348746 0.8 0.8 0.8
vn 0.983405 0.162851 -0.0799664
v 0.0452273 0.0146952 0.00348746 0.8 0.8 0.8
vn 0.945822 0.314684 -0.0799664
v 0.0423716 0.0215894 0.00348746 0.8 0.8 0.8
vn 0.88495 0.458769 -0.0799664
v 0.0384726 0.027952 0.00348746 0.8 0.8 0.8
vn 0.802288 0.591557 -0.0799664
v 0.0336263 0.0336263 0.00348746 0.8 0.8 0.8
vn 0.69987 0.70978 -0.0799664
v 0.027952 0.0384726 0.00348746 0.8 0.8 0.8
vn 0.58022 0.810525 -0.0799664
v 0.0215894 0.0423716 0.00348746 0.8 0.8 0.8
vn 0.446282 0.891312 -0.0799664
v 0.0146952 0.0452273 0.00348746 0.8 0.8 0.8
vn 0.301356 0.950153 -0.0799664
v 0.0074392 0.0469693 0.00348746 0.8 0.8 0.8
vn 0.149009 0.985597 -0.0799664
v -2.31626e-09 0.0475548 0.00348746 0.8 0.8 0.8
vn -0.00700711 0.996773 -0.0799664
v -0.00743921 0.0469693 0.00348746 0.8 0.8 0.8
vn -0.16285 0.983405 -0.0799664
v -0.0146952 0.0452273 0.00348746 0.8 0.8 0.8
vn -0.314684 0.945822 -0.0799664
v -0.0215894 0.0423716 0.00348746 0.8 0.8 0.8
vn -0.458769 0.88495 -0.0799664
v -0.027952 0.0384726 0.00348746 0.8 0.8 0.8
vn -0.591557 0.802288 -0.0799664
v -0.0336263 0.0336263 0.00348746 0.8 0.8 0.8
vn -0.70978 0.69987 -0.0799664
v -0.0384726 0.027952 0.00348746 0.8 0.8 0.8
vn -0.810525 0.580219 -0.0799664
v -0.0423716 0.0215894 0.00348746 0.8 0.8 0.8
vn -0.891312 0.446282 -0.0799664
v -0.0452273 0.0146952 0.00348746 0.8 0.8 0.8
vn -0.950153 0.301356 -0.0799664
v -0.0469693 0.00743919 0.00348746 0.8 0.8 0.8
vn -0.985597 0.149009 -0.0799664
v -0.0475548 -1.2783e-08 0.00348746 0.8 0.8 0.8
vn -0.996773 -0.00700719 -0.0799664
v -0.0469693 -0.00743922 0.00348746 0.8 0.8 0.8
vn -0.983405 -0.162851 -0.0799664
v -0.0452273 -0.0146952 0.00348746 0.8 0.8 0.8
vn -0.945822 -0.314684 -0.0799664
v -0.0423716 -0.0215894 0.00348746 0.8 0.8 0.8
vn -0.88495 -0.458769 -0.0799664
v -0.0384726 -0.027952 0.00348746 0.8 0.8 0.8
vn -0.802288 -0.591557 -0.0799664
v -0.0336263 -0.0336263 0.00348746 0.8 0.8 0.8
vn -0.69987 -0.70978 -0.0799664
v -0.027952 -0.0384726 0.00348746 0.8 0.8 0.8
vn -0.58022 -0.810525 -0.0799664
v -0.0215894 -0.0423716 0.00348746 0.8 0.8 0.8
vn -0.446282 -0.891312 -0.0799664
v -0.0146952 -0.0452273 0.00348746 0.8 0.8 0.8
vn -0.301356 -0.950153 -0.0799664
v -0.00743921 -0.0469693 0.00348746 0.8 0.8 0.8
vn -0.149009 -0.985597 -0.0799664
v -4.6848e-09 -0.0475548 0.00348746 0.8 0.8 0.8
vn 0.00700711 -0.996773 -0.0799664
v 0.0074392 -0.0469693 0.00348746 0.8 0.8 0.8
vn 0.16285 -0.983405 -0.0799664
v 0.0146952 -0.0452273 0.00348746 0.8 0.8 0.8
vn 0.314684 -0.945822 -0.0799664
v 0.0215894 -0.0423716 0.00348746 0.8 0.8 0.8
vn 0.458769 -0.88495 -0.0799664
v 0.027952 -0.0384726 0.00348746 0.8 0.8 0.8
vn 0.591557 -0.802288 -0.0799664
v 0.0336263 -0.0336263 0.00348746 0.8 0.8 0.8
vn 0.70978 -0.69987 -0.0799664
v 0.0384726 -0.027952 0.00348746 0.8 0.8 0.8
vn 0.810525 -0.580219 -0.0799664
v 0.0423716 -0.0215894 0.00348746 0.8 0.8 0.8
vn 0.891312 -0.446282 -0.0799664
v 0.0452273 -0.0146952 0.00348746 0.8 0.8 0.8
vn 0.950153 -0.301356 -0.0799664
v 0.0469693 -0.00743921 0.00348746 0.8 0.8 0.8
vn 0.985597 -0.149009 -0.0799664
v 0.0473999 -7.84725e-09 0.00236756 0.8 0.8 0.8
vn 0.979958 0.00495507 -0.199143
v 0.0468164 0.00741498 0.00236756 0.8 0.8 0.8
vn 0.967118 0.158193 -0.199143
v 0.04508 0.0146474 0.00236756 0.8 0.8 0.8
vn 0.930464 0.307536 -0.199143
v 0.0422337 0.0215191 0.00236756 0.8 0.8 0.8
vn 0.870899 0.449307 -0.199143
v 0.0383474 0.027861 0.00236756 0.8 0.8 0.8
vn 0.78989 0.580014 -0.199143
v 0.0335168 0.0335168 0.00236756 0.8 0.8 0.8
vn 0.689431 0.696439 -0.199143
v 0.027861 0.0383473 0.00236756 0.8 0.8 0.8
vn 0.571996 0.795715 -0.199143
v 0.0215191 0.0422336 0.00236756 0.8 0.8 0.8
vn 0.440477 0.875398 -0.199143
v 0.0146474 0.04508 0.00236756 0.8 0.8 0.8
vn 0.298111 0.933526 -0.199143
v 0.00741498 0.0468164 0.00236756 0.8 0.8 0.8
vn 0.148405 0.968668 -0.199143
v -2.32012e-09 0.0473999 0.00236756 0.8 0.8 0.8
vn -0.004955 0.979958 -0.199143
v -0.00741499 0.0468164 0.00236756 0.8 0.8 0.8
vn -0.158193 0.967118 -0.199143
v -0.0146474 0.04508 0.00236756 0.8 0.8 0.8
vn -0.307536 0.930464 -0.199143
v -0.0215191 0.0422336 0.00236756 0.8 0.8 0.8
vn -0.449307 0.870899 -0.199143
v -0.027861 0.0383473 0.00236756 0.8 0.8 0.8
vn -0.580013 0.78989 -0.199143
v -0.0335168 0.0335168 0.00236756 0.8 0.8 0.8
vn -0.696439 0.689431 -0.199143
v -0.0383474 0.027861 0.00236756 0.8 0.8 0.8
vn -0.795715 0.571996 -0.199143
v -0.0422337 0.0215191 0.00236756 0.8 0.8 0.8
vn -0.875398 0.440477 -0.199143
v -0.04508 0.0146474 0.00236756 0.8 0.8 0.8
vn -0.933527 0.298111 -0.199143
v -0.0468164 0.00741497 0.00236756 0.8 0.8 0.8
vn -0.968668 0.148405 -0.199143
v -0.0473999 -1.27749e-08 0.00236756 0.8 0.8 0.8
vn -0.979958 -0.00495507 -0.199143
v -0.0468164 -0.007415 0.00236756 0.8 0.8 0.8
vn -0.967118 -0.158193 -0.199143
v -0.04508 -0.0146474 0.00236756 0.8 0.8 0.8
vn -0.930464 -0.307536 -0.199143
v -0.0422337 -0.0215191 0.00236756 0.8 0.8 0.8
vn -0.870899 -0.449307 -0.199143
v -0.0383474 -0.027861 0.00236756 0.8 0.8 0.8
vn -0.78989 -0.580014 -0.199143
v -0.0335168 -0.0335168 0.00236756 0.8 0.8 0.8
vn -0.689431 -0.696439 -0.199143
v -0.027861 -0.0383474 0.00236756 0.8 0.8 0.8
vn -0.571996 -0.795715 -0.199143
v -0.0215191 -0.0422337 0.00236756 0.8 0.8 0.8
vn -0.440477 -0.875398 -0.199143
v -0.0146474 -0.04508 0.00236756 0.8 0.8 0.8
vn -0.298111 -0.933526 -0.199143
v -0.00741499 -0.0468164 0.00236756 0.8 0.8 0.8
vn -0.148405 -0.968668 -0.199143
v -4.68094e-09 -0.0474 0.00236756 0.8 0.8 0.8
vn 0.004955 -0.979958 -0.199143
v 0.00741498 -0.0468164 0.00236756 0.8 0.8 0.8
vn 0.158193 -0.967118 -0.199143
v 0.0146474 -0.04508 0.00236756 0.8 0.8 0.8
vn 0.307536 -0.930464 -0.199143
v 0.0215191 -0.0422337 0.00236756 0.8 0.8 0.8
vn 0.449307 -0.870899 -0.199143
v 0.027861 -0.0383474 0.00236756 0.8 0.8 0.8
vn 0.580013 -0.78989 -0.199143
v 0.0335168 -0.0335168 0.00236756 0.8 0.8 0.8
vn 0.696439 -0.689431 -0.199143
v 0.0383474 -0.027861 0.00236756 0.8 0.8 0.8
vn 0.795715 -0.571996 -0.199143
v 0.0422337 -0.0215191 0.00236756 0.8 0.8 0.8
vn 0.875398 -0.440477 -0.199143
v 0.04508 -0.0146474 0.00236756 0.8 0.8 0.8
vn 0.933527 -0.298111 -0.199143
v 0.0468164 -0.00741499 0.00236756 0.8 0.8 0.8
vn 0.968668 -0.148405 -0.199143
v 0.0471717 -7.85912e-09 0.00160345 0.8 0.8 0.8
vn 0.924151 0.00402532 -0.382006
v 0.046591 0.00737927 0.00160345 0.8 0.8 0.8
vn 0.912144 0.148545 -0.382006
v 0.044863 0.0145769 0.00160345 0.8 0.8 0.8
vn 0.877676 0.289407 -0.382006
v 0.0420303 0.0214155 0.00160345 0.8 0.8 0.8
vn 0.821597 0.423142 -0.382006
v 0.0381627 0.0277268 0.00160345 0.8 0.8 0.8
vn 0.745288 0.546459 -0.382006
v 0.0333554 0.0333554 0.00160345 0.8 0.8 0.8
vn 0.650627 0.65632 -0.382006
v 0.0277268 0.0381627 0.00160345 0.8 0.8 0.8
vn 0.539946 0.75002 -0.382006
v 0.0214155 0.0420303 0.00160345 0.8 0.8 0.8
vn 0.415969 0.825252 -0.382006
v 0.0145769 0.044863 0.00160345 0.8 0.8 0.8
vn 0.28175 0.880164 -0.382006
v 0.00737928 0.0465909 0.00160345 0.8 0.8 0.8
vn 0.140593 0.913403 -0.382006
v -2.3258e-09 0.0471717 0.00160345 0.8 0.8 0.8
vn -0.00402525 0.924151 -0.382006
v -0.00737928 0.0465909 0.00160345 0.8 0.8 0.8
vn -0.148545 0.912143 -0.382006
v -0.0145769 0.044863 0.00160345 0.8 0.8 0.8
vn -0.289407 0.877676 -0.382006
v -0.0214155 0.0420303 0.00160345 0.8 0.8 0.8
vn -0.423142 0.821597 -0.382006
v -0.0277268 0.0381627 0.00160345 0.8 0.8 0.8
vn -0.546459 0.745288 -0.382006
v -0.0333554 0.0333554 0.00160345 0.8 0.8 0.8
vn -0.65632 0.650627 -0.382006
v -0.0381627 0.0277268 0.00160345 0.8 0.8 0.8
vn -0.75002 0.539946 -0.382006
v -0.0420303 0.0214155 0.00160345 0.8 0.8 0.8
vn -0.825252 0.415969 -0.382006
v -0.044863 0.0145768 0.00160345 0.8 0.8 0.8
vn -0.880164 0.28175 -0.382006
v -0.046591 0.00737927 0.00160345 0.8 0.8 0.8
vn -0.913403 0.140593 -0.382006
v -0.0471717 -1.27631e-08 0.00160345 0.8 0.8 0.8
vn -0.924151 -0.00402532 -0.382006
v -0.046591 -0.00737929 0.00160345 0.8 0.8 0.8
vn -0.912144 -0.148545 -0.382006
v -0.044863 -0.0145769 0.00160345 0.8 0.8 0.8
vn -0.877676 -0.289407 -0.382006
v -0.0420303 -0.0214155 0.00160345 0.8 0.8 0.8
vn -0.821597 -0.423142 -0.382006
v -0.0381627 -0.0277268 0.00160345 0.8 0.8 0.8
vn -0.745288 -0.546459 -0.382006
v -0.0333554 -0.0333554 0.00160345 0.8 0.8 0.8
vn -0.650627 -0.65632 -0.382006
v -0.0277268 -0.0381627 0.00160345 0.8 0.8 0.8
vn -0.539946 -0.75002 -0.382006
v -0.0214155 -0.0420303 0.00160345 0.8 0.8 0.8
vn -0.415969 -0.825252 -0.382006
v -0.0145769 -0.044863 0.00160345 0.8 0.8 0.8
vn -0.28175 -0.880164 -0.382006
v -0.00737929 -0.046591 0.00160345 0.8 0.8 0.8
vn -0.140593 -0.913403 -0.382006
v -4.67526e-09 -0.0471717 0.00160345 0.8 0.8 0.8
vn 0.00402525 -0.924151 -0.382006
v 0.00737928 -0.046591 0.00160345 0.8 0.8 0.8
vn 0.148545 -0.912143 -0.382006
v 0.0145769 -0.044863 0.00160345 0.8 0.8 0.8
vn 0.289407 -0.877676 -0.382006
v 0.0214155 -0.0420303 0.00160345 0.8 0.8 0.8
vn 0.423142 -0.821597 -0.382006
v 0.0277268 -0.0381627 0.00160345 0.8 0.8 0.8
vn 0.546459 -0.745288 -0.382006
v 0.0333554 -0.0333554 0.00160345 0.8 0.8 0.8
vn 0.65632 -0.650627 -0.382006
v 0.0381627 -0.0277268 0.00160345 0.8 0.8 0.8
vn 0.75002 -0.539946 -0.382006
v 0.0420303 -0.0214155 0.00160345 0.8 0.8 0.8
vn 0.825252 -0.415969 -0.382006
v 0.044863 -0.0145769 0.00160345 0.8 0.8 0.8
vn 0.880164 -0.28175 -0.382006
v 0.046591 -0.00737929 0.00160345 0.8 0.8 0.8
vn 0.913403 -0.140593 -0.382006
v 0.0468552 -7.87557e-09 0.00105059 0.8 0.8 0.8
vn 0.788903 0.00333162 -0.614508
v 0.0462784 0.00732976 0.00105059 0.8 0.8 0.8
vn 0.778669 0.126702 -0.614508
v 0.044562 0.0144791 0.00105059 0.8 0.8 0.8
vn 0.749262 0.246953 -0.614508
v 0.0417483 0.0212718 0.00105059 0.8 0.8 0.8
vn 0.701405 0.361123 -0.614508
v 0.0379067 0.0275408 0.00105059 0.8 0.8 0.8
vn 0.636278 0.466401 -0.614508
v 0.0331316 0.0331316 0.00105059 0.8 0.8 0.8
vn 0.555483 0.560195 -0.614508
v 0.0275408 0.0379067 0.00105059 0.8 0.8 0.8
vn 0.46101 0.640194 -0.614508
v 0.0212718 0.0417483 0.00105059 0.8 0.8 0.8
vn 0.355186 0.70443 -0.614508
v 0.0144791 0.044562 0.00105059 0.8 0.8 0.8
vn 0.240616 0.751321 -0.614508
v 0.00732977 0.0462783 0.00105059 0.8 0.8 0.8
vn 0.120121 0.779712 -0.614508
v -2.33368e-09 0.0468552 0.00105059 0.8 0.8 0.8
vn -0.00333156 0.788903 -0.614508
v -0.00732977 0.0462783 0.00105059 0.8 0.8 0.8
vn -0.126702 0.778669 -0.614508
v -0.0144791 0.044562 0.00105059 0.8 0.8 0.8
vn -0.246953 0.749262 -0.614508
v -0.0212718 0.0417483 0.00105059 0.8 0.8 0.8
vn -0.361123 0.701405 -0.614508
v -0.0275408 0.0379067 0.00105059 0.8 0.8 0.8
vn -0.466401 0.636278 -0.614508
v -0.0331317 0.0331316 0.00105059 0.8 0.8 0.8
vn -0.560195 0.555483 -0.614508
v -0.0379067 0.0275408 0.00105059 0.8 0.8 0.8
vn -0.640194 0.46101 -0.614508
v -0.0417483 0.0212718 0.00105059 0.8 0.8 0.8
vn -0.70443 0.355186 -0.614508
v -0.044562 0.014479 0.00105059 0.8 0.8 0.8
vn -0.751321 0.240616 -0.614508
v -0.0462784 0.00732976 0.00105059 0.8 0.8 0.8
vn -0.779712 0.120121 -0.614508
v -0.0468552 -1.27466e-08 0.00105059 0.8 0.8 0.8
vn -0.788903 -0.00333162 -0.614508
v -0.0462784 -0.00732978 0.00105059 0.8 0.8 0.8
vn -0.778669 -0.126702 -0.614508
v -0.044562 -0.0144791 0.00105059 0.8 0.8 0.8
vn -0.749262 -0.246953 -0.614508
v -0.0417483 -0.0212718 0.00105059 0.8 0.8 0.8
vn -0.701405 -0.361123 -0.614508
v -0.0379067 -0.0275408 0.00105059 0.8 0.8 0.8
vn -0.636278 -0.466401 -0.614508
v -0.0331317 -0.0331317 0.00105059 0.8 0.8 0.8
vn -0.555483 -0.560195 -0.614508
v -0.0275408 -0.0379067 0.00105059 0.8 0.8 0.8
vn -0.46101 -0.640194 -0.614508
v -0.0212718 -0.0417483 0.00105059 0.8 0.8 0.8
vn -0.355186 -0.70443 -0.614508
v -0.0144791 -0.044562 0.00105059 0.8 0.8 0.8
vn -0.240616 -0.751321 -0.614508
v -0.00732978 -0.0462784 0.00105059 0.8 0.8 0.8
vn -0.120121 -0.779712 -0.614508
v -4.66737e-09 -0.0468552 0.00105059 0.8 0.8 0.8
vn 0.00333156 -0.788903 -0.614508
v 0.00732977 -0.0462784 0.00105059 0.8 0.8 0.8
vn 0.126702 -0.778669 -0.614508
v 0.0144791 -0.044562 0.00105059 0.8 0.8 0.8
vn 0.246953 -0.749262 -0.614508
v 0.0212718 -0.0417483 0.00105059 0.8 0.8 0.8
vn 0.361123 -0.701405 -0.614508
v 0.0275408 -0.0379067 0.00105059 0.8 0.8 0.8
vn 0.466401 -0.636278 -0.614508
v 0.0331316 -0.0331317 0.00105059 0.8 0.8 0.8
vn 0.560195 -0.555483 -0.614508
v 0.0379067 -0.0275408 0.00105059 0.8 0.8 0.8
vn 0.640194 -0.46101 -0.614508
v 0.0417483 -0.0212718 0.00105059 0.8 0.8 0.8
vn 0.70443 -0.355186 -0.614508
v 0.044562 -0.0144791 0.00105059 0.8 0.8 0.8
vn 0.751321 -0.240616 -0.614508
v 0.0462784 -0.00732978 0.00105059 0.8 0.8 0.8
vn 0.779712 -0.120121 -0.614508
v 0.0464242 -7.89797e-09 0.000644618 0.8 0.8 0.8
vn 0.563095 0.00255264 -0.826388
v 0.0458527 0.00726234 0.000644618 0.8 0.8 0.8
vn 0.555763 0.0906086 -0.826388
v 0.0441521 0.0143459 0.000644618 0.8 0.8 0.8
vn 0.534746 0.176434 -0.826388
v 0.0413643 0.0210762 0.000644618 0.8 0.8 0.8
vn 0.500562 0.257914 -0.826388
v 0.037558 0.0272875 0.000644618 0.8 0.8 0.8
vn 0.454053 0.333044 -0.826388
v 0.0328269 0.0328269 0.000644618 0.8 0.8 0.8
vn 0.396363 0.399973 -0.826388
v 0.0272875 0.037558 0.000644618 0.8 0.8 0.8
vn 0.328914 0.457054 -0.826388
v 0.0210762 0.0413643 0.000644618 0.8 0.8 0.8
vn 0.253365 0.50288 -0.826388
v 0.0143459 0.0441521 0.000644618 0.8 0.8 0.8
vn 0.171578 0.536324 -0.826388
v 0.00726235 0.0458527 0.000644618 0.8 0.8 0.8
vn 0.0855663 0.556561 -0.826388
v -2.34441e-09 0.0464242 0.000644618 0.8 0.8 0.8
vn -0.0025526 0.563095 -0.826388
v -0.00726235 0.0458527 0.000644618 0.8 0.8 0.8
vn -0.0906086 0.555763 -0.826388
v -0.0143459 0.0441521 0.000644618 0.8 0.8 0.8
vn -0.176434 0.534746 -0.826388
v -0.0210762 0.0413643 0.000644618 0.8 0.8 0.8
vn -0.257914 0.500562 -0.826388
v -0.0272875 0.037558 0.000644618 0.8 0.8 0.8
vn -0.333044 0.454053 -0.826388
v -0.0328269 0.0328269 0.000644618 0.8 0.8 0.8
vn -0.399973 0.396363 -0.826388
v -0.037558 0.0272875 0.000644618 0.8 0.8 0.8
vn -0.457054 0.328914 -0.826388
v -0.0413643 0.0210761 0.000644618 0.8 0.8 0.8
vn -0.50288 0.253365 -0.826388
v -0.0441521 0.0143459 0.000644618 0.8 0.8 0.8
vn -0.536324 0.171578 -0.826388
v -0.0458527 0.00726234 0.000644618 0.8 0.8 0.8
vn -0.556562 0.0855662 -0.826388
v -0.0464242 -1.27242e-08 0.000644618 0.8 0.8 0.8
vn -0.563095 -0.00255264 -0.826388
v -0.0458527 -0.00726236 0.000644618 0.8 0.8 0.8
vn -0.555763 -0.0906086 -0.826388
v -0.0441521 -0.0143459 0.000644618 0.8 0.8 0.8
vn -0.534746 -0.176434 -0.826388
v -0.0413643 -0.0210762 0.000644618 0.8 0.8 0.8
vn -0.500562 -0.257914 -0.826388
v -0.037558 -0.0272875 0.000644618 0.8 0.8 0.8
vn -0.454053 -0.333044 -0.826388
v -0.0328269 -0.0328269 0.000644618 0.8 0.8 0.8
vn -0.396363 -0.399973 -0.826388
v -0.0272875 -0.037558 0.000644618 0.8 0.8 0.8
vn -0.328914 -0.457054 -0.826388
v -0.0210762 -0.0413643 0.000644618 0.8 0.8 0.8
vn -0.253365 -0.50288 -0.826388
v -0.0143459 -0.0441521 0.000644618 0.8 0.8 0.8
vn -0.171578 -0.536324 -0.826388
v -0.00726235 -0.0458527 0.000644618 0.8 0.8 0.8
vn -0.0855663 -0.556561 -0.826388
v -4.65664e-09 -0.0464242 0.000644618 0.8 0.8 0.8
vn 0.0025526 -0.563095 -0.826388
v 0.00726235 -0.0458527 0.000644618 0.8 0.8 0.8
vn 0.0906086 -0.555763 -0.826388
v 0.0143459 -0.0441521 0.000644618 0.8 0.8 0.8
vn 0.176434 -0.534746 -0.826388
v 0.0210762 -0.0413643 0.000644618 0.8 0.8 0.8
vn 0.257914 -0.500562 -0.826388
v 0.0272875 -0.037558 0.000644618 0.8 0.8 0.8
vn 0.333044 -0.454053 -0.826388
v 0.0328269 -0.0328269 0.000644618 0.8 0.8 0.8
vn 0.399973 -0.396363 -0.826388
v 0.037558 -0.0272875 0.000644618 0.8 0.8 0.8
vn 0.457054 -0.328914 -0.826388
v 0.0413643 -0.0210762 0.000644618 0.8 0.8 0.8
vn 0.50288 -0.253365 -0.826388
v 0.0441521 -0.0143459 0.000644618 0.8 0.8 0.8
vn 0.536324 -0.171578 -0.826388
v 0.0458527 -0.00726236 0.000644618 0.8 0.8 0.8
vn 0.556562 -0.0855662 -0.826388
v 0.0458285 -7.92893e-09 0.000351858 0.8 0.8 0.8
vn 0.317849 0.00172658 -0.94814
v 0.0452643 0.00716916 0.000351858 0.8 0.8 0.8
vn 0.313666 0.0514278 -0.94814
v 0.0435855 0.0141618 0.000351858 0.8 0.8 0.8
vn 0.301759 0.0998628 -0.94814
v 0.0408335 0.0208057 0.000351858 0.8 0.8 0.8
vn 0.282422 0.145839 -0.94814
v 0.0370761 0.0269373 0.000351858 0.8 0.8 0.8
vn 0.25613 0.188224 -0.94814
v 0.0324057 0.0324057 0.000351858 0.8 0.8 0.8
vn 0.223532 0.225974 -0.94814
v 0.0269373 0.0370761 0.000351858 0.8 0.8 0.8
vn 0.18543 0.25816 -0.94814
v 0.0208057 0.0408335 0.000351858 0.8 0.8 0.8
vn 0.142762 0.283989 -0.94814
v 0.0141618 0.0435855 0.000351858 0.8 0.8 0.8
vn 0.0965787 0.302826 -0.94814
v 0.00716916 0.0452643 0.000351858 0.8 0.8 0.8
vn 0.0480172 0.314206 -0.94814
v -2.35925e-09 0.0458285 0.000351858 0.8 0.8 0.8
vn -0.00172655 0.317849 -0.94814
v -0.00716917 0.0452643 0.000351858 0.8 0.8 0.8
vn -0.0514278 0.313666 -0.94814
v -0.0141618 0.0435855 0.000351858 0.8 0.8 0.8
vn -0.0998628 0.301759 -0.94814
v -0.0208057 0.0408335 0.000351858 0.8 0.8 0.8
vn -0.145839 0.282422 -0.94814
v -0.0269373 0.0370761 0.000351858 0.8 0.8 0.8
vn -0.188224 0.25613 -0.94814
v -0.0324057 0.0324057 0.000351858 0.8 0.8 0.8
vn -0.225974 0.223532 -0.94814
v -0.0370761 0.0269373 0.000351858 0.8 0.8 0.8
vn -0.25816 0.18543 -0.94814
v -0.0408335 0.0208057 0.000351858 0.8 0.8 0.8
vn -0.283989 0.142762 -0.94814
v -0.0435855 0.0141618 0.000351858 0.8 0.8 0.8
vn -0.302826 0.0965786 -0.94814
v -0.0452643 0.00716915 0.000351858 0.8 0.8 0.8
vn -0.314206 0.0480172 -0.94814
v -0.0458286 -1.26932e-08 0.000351858 0.8 0.8 0.8
vn -0.317849 -0.00172658 -0.94814
v -0.0452643 -0.00716918 0.000351858 0.8 0.8 0.8
vn -0.313666 -0.0514278 -0.94814
v -0.0435855 -0.0141618 0.000351858 0.8 0.8 0.8
vn -0.301759 -0.0998628 -0.94814
v -0.0408335 -0.0208057 0.000351858 0.8 0.8 0.8
vn -0.282422 -0.145839 -0.94814
v -0.0370761 -0.0269374 0.000351858 0.8 0.8 0.8
vn -0.25613 -0.188224 -0.94814
v -0.0324057 -0.0324057 0.000351858 0.8 0.8 0.8
vn -0.223532 -0.225974 -0.94814
v -0.0269374 -0.0370761 0.000351858 0.8 0.8 0.8
vn -0.18543 -0.25816 -0.94814
v -0.0208057 -0.0408335 0.000351858 0.8 0.8 0.8
vn -0.142762 -0.283989 -0.94814
v -0.0141618 -0.0435855 0.000351858 0.8 0.8 0.8
vn -0.0965787 -0.302826 -0.94814
v -0.00716917 -0.0452643 0.000351858 0.8 0.8 0.8
vn -0.0480172 -0.314206 -0.94814
v -4.64181e-09 -0.0458286 0.000351858 0.8 0.8 0.8
vn 0.00172655 -0.317849 -0.94814
v 0.00716916 -0.0452643 0.000351858 0.8 0.8 0.8
vn 0.0514278 -0.313666 -0.94814
v 0.0141618 -0.0435855 0.000351858 0.8 0.8 0.8
vn 0.0998628 -0.301759 -0.94814
v 0.0208057 -0.0408335 0.000351858 0.8 0.8 0.8
vn 0.145839 -0.282422 -0.94814
v 0.0269373 -0.0370761 0.000351858 0.8 0.8 0.8
vn 0.188224 -0.25613 -0.94814
v 0.0324057 -0.0324057 0.000351858 0.8 0.8 0.8
vn 0.225974 -0.223532 -0.94814
v 0.0370761 -0.0269374 0.000351858 0.8 0.8 0.8
vn 0.25816 -0.18543 -0.94814
v 0.0408335 -0.0208057 0.000351858 0.8 0.8 0.8
vn 0.283989 -0.142762 -0.94814
v 0.0435855 -0.0141618 0.000351858 0.8 0.8 0.8
vn 0.302826 -0.0965786 -0.94814
v 0.0452643 -0.00716917 0.000351858 0.8 0.8 0.8
vn 0.314206 -0.0480172 -0.94814
v 0.0449555 -7.97431e-09 0.000153253 0.8 0.8 0.8
vn 0.131534 0.000999447 -0.991311
v 0.044402 0.00703258 0.000153253 0.8 0.8 0.8
vn 0.129759 0.0215636 -0.991311
v 0.0427552 0.013892 0.000153253 0.8 0.8 0.8
vn 0.124788 0.0415969 -0.991311
v 0.0400556 0.0204094 0.000153253 0.8 0.8 0.8
vn 0.116744 0.0606058 -0.991311
v 0.0363698 0.0264242 0.000153253 0.8 0.8 0.8
vn 0.105826 0.0781225 -0.991311
v 0.0317883 0.0317883 0.000153253 0.8 0.8 0.8
vn 0.0923021 0.0937155 -0.991311
v 0.0264242 0.0363698 0.000153253 0.8 0.8 0.8
vn 0.0765053 0.107001 -0.991311
v 0.0204094 0.0400556 0.000153253 0.8 0.8 0.8
vn 0.0588248 0.117652 -0.991311
v 0.013892 0.0427552 0.000153253 0.8 0.8 0.8
vn 0.0396958 0.125405 -0.991311
v 0.00703259 0.044402 0.000153253 0.8 0.8 0.8
vn 0.0195894 0.130071 -0.991311
v -2.38099e-09 0.0449555 0.000153253 0.8 0.8 0.8
vn -0.000999437 0.131534 -0.991311
v -0.00703259 0.044402 0.000153253 0.8 0.8 0.8
vn -0.0215636 0.129759 -0.991311
v -0.013892 0.0427552 0.000153253 0.8 0.8 0.8
vn -0.0415968 0.124788 -0.991311
v -0.0204094 0.0400556 0.000153253 0.8 0.8 0.8
vn -0.0606058 0.116744 -0.991311
v -0.0264242 0.0363698 0.000153253 0.8 0.8 0.8
vn -0.0781225 0.105826 -0.991311
v -0.0317883 0.0317883 0.000153253 0.8 0.8 0.8
vn -0.0937155 0.092302 -0.991311
v -0.0363698 0.0264242 0.000153253 0.8 0.8 0.8
vn -0.107001 0.0765053 -0.991311
v -0.0400557 0.0204094 0.000153253 0.8 0.8 0.8
vn -0.117652 0.0588248 -0.991311
v -0.0427552 0.013892 0.000153253 0.8 0.8 0.8
vn -0.125405 0.0396958 -0.991311
v -0.044402 0.00703258 0.000153253 0.8 0.8 0.8
vn -0.130071 0.0195893 -0.991311
v -0.0449555 -1.26479e-08 0.000153253 0.8 0.8 0.8
vn -0.131534 -0.000999447 -0.991311
v -0.044402 -0.0070326 0.000153253 0.8 0.8 0.8
vn -0.129759 -0.0215636 -0.991311
v -0.0427552 -0.013892 0.000153253 0.8 0.8 0.8
vn -0.124788 -0.0415969 -0.991311
v -0.0400557 -0.0204094 0.000153253 0.8 0.8 0.8
vn -0.116744 -0.0606058 -0.991311
v -0.0363698 -0.0264242 0.000153253 0.8 0.8 0.8
vn -0.105826 -0.0781225 -0.991311
v -0.0317883 -0.0317884 0.000153253 0.8 0.8 0.8
vn -0.0923021 -0.0937155 -0.991311
v -0.0264242 -0.0363698 0.000153253 0.8 0.8 0.8
vn -0.0765053 -0.107001 -0.991311
v -0.0204094 -0.0400557 0.000153253 0.8 0.8 0.8
vn -0.0588248 -0.117652 -0.991311
v -0.013892 -0.0427552 0.000153253 0.8 0.8 0.8
vn -0.0396958 -0.125405 -0.991311
v -0.0070326 -0.044402 0.000153253 0.8 0.8 0.8
vn -0.0195894 -0.130071 -0.991311
v -4.62007e-09 -0.0449555 0.000153253 0.8 0.8 0.8
vn 0.000999437 -0.131534 -0.991311
v 0.00703259 -0.044402 0.000153253 0.8 0.8 0.8
vn 0.0215636 -0.129759 -0.991311
v 0.013892 -0.0427552 0.000153253 0.8 0.8 0.8
vn 0.0415968 -0.124788 -0.991311
v 0.0204094 -0.0400557 0.000153253 0.8 0.8 0.8
vn 0.0606058 -0.116744 -0.991311
v 0.0264242 -0.0363698 0.000153253 0.8 0.8 0.8
vn 0.0781225 -0.105826 -0.991311
v 0.0317883 -0.0317884 0.000153253 0.8 0.8 0.8
vn 0.0937155 -0.092302 -0.991311
v 0.0363698 -0.0264242 0.000153253 0.8 0.8 0.8
vn 0.107001 -0.0765053 -0.991311
v 0.0400556 -0.0204094 0.000153253 0.8 0.8 0.8
vn 0.117652 -0.0588248 -0.991311
v 0.0427552 -0.013892 0.000153253 0.8 0.8 0.8
vn 0.125405 -0.0396958 -0.991311
v 0.044402 -0.0070326 0.000153253 0.8 0.8 0.8
vn 0.130071 -0.0195893 -0.991311
v 0.0434511 -8.05251e-09 3.78711e-05 0.8 0.8 0.8
vn 0.00555079 0.000122455 -0.999985
v 0.0429161 0.00679724 3.78711e-05 0.8 0.8 0.8
vn 0.0054504 0.000986948 -0.999985
v 0.0413244 0.0134271 3.78711e-05 0.8 0.8 0.8
vn 0.00519243 0.00181468 -0.999985
v 0.0387152 0.0197264 3.78711e-05 0.8 0.8 0.8
vn 0.00478986 0.00257517 -0.999985
v 0.0351526 0.0255399 3.78711e-05 0.8 0.8 0.8
vn 0.00426226 0.00324272 -0.999986
v 0.0307245 0.0307245 3.78711e-05 0.8 0.8 0.8
vn 0.00363386 0.00379781 -0.999986
v 0.0255399 0.0351526 3.78711e-05 0.8 0.8 0.8
vn 0.00293137 0.00422773 -0.999987
v 0.0197264 0.0387152 3.78711e-05 0.8 0.8 0.8
vn 0.00218193 0.0045264 -0.999987
v 0.0134271 0.0413244 3.78711e-05 0.8 0.8 0.8
vn 0.00141139 0.00469364 -0.999988
v 0.00679724 0.0429161 3.78711e-05 0.8 0.8 0.8
vn 0.000643122 0.00473409 -0.999989
v -2.41846e-09 0.043451 3.78711e-05 0.8 0.8 0.8
vn -0.000102714 0.00465596 -0.999989
v -0.00679725 0.0429161 3.78711e-05 0.8 0.8 0.8
vn -0.000809391 0.00446985 -0.99999
v -0.0134271 0.0413244 3.78711e-05 0.8 0.8 0.8
vn -0.00146355 0.00418773 -0.99999
v -0.0197264 0.0387152 3.78711e-05 0.8 0.8 0.8
vn -0.00205489 0.00382213 -0.999991
v -0.0255399 0.0351526 3.78711e-05 0.8 0.8 0.8
vn -0.00257574 0.00338558 -0.999991
v -0.0307245 0.0307245 3.78711e-05 0.8 0.8 0.8
vn -0.00302057 0.00289018 -0.999991
v -0.0351527 0.0255399 3.78711e-05 0.8 0.8 0.8
vn -0.00338558 0.00234745 -0.999992
v -0.0387152 0.0197264 3.78711e-05 0.8 0.8 0.8
vn -0.00366823 0.00176826 -0.999992
v -0.0413244 0.0134271 3.78711e-05 0.8 0.8 0.8
vn -0.00386695 0.00116281 -0.999992
v -0.0429161 0.00679723 3.78711e-05 0.8 0.8 0.8
vn -0.00398086 0.000540796 -0.999992
v -0.0434511 -1.25697e-08 3.78711e-05 0.8 0.8 0.8
vn -0.00400959 -8.84549e-05 -0.999992
v -0.0429161 -0.00679726 3.78711e-05 0.8 0.8 0.8
vn -0.00395314 -0.000715827 -0.999992
v -0.0413244 -0.0134271 3.78711e-05 0.8 0.8 0.8
vn -0.00381191 -0.00133221 -0.999992
v -0.0387152 -0.0197264 3.78711e-05 0.8 0.8 0.8
vn -0.00358668 -0.00192831 -0.999992
v -0.0351527 -0.0255399 3.78711e-05 0.8 0.8 0.8
vn -0.00327876 -0.00249447 -0.999992
v -0.0307245 -0.0307246 3.78711e-05 0.8 0.8 0.8
vn -0.00289018 -0.00302057 -0.999991
v -0.0255399 -0.0351527 3.78711e-05 0.8 0.8 0.8
vn -0.00242393 -0.00349587 -0.999991
v -0.0197264 -0.0387152 3.78711e-05 0.8 0.8 0.8
vn -0.00188434 -0.00390903 -0.999991
v -0.0134271 -0.0413244 3.78711e-05 0.8 0.8 0.8
vn -0.00127745 -0.0042482 -0.99999
v -0.00679725 -0.0429161 3.78711e-05 0.8 0.8 0.8
vn -0.000611483 -0.00450119 -0.99999
v -4.5826e-09 -0.0434511 3.78711e-05 0.8 0.8 0.8
vn 0.000102714 -0.00465596 -0.999989
v 0.00679724 -0.0429161 3.78711e-05 0.8 0.8 0.8
vn 0.00085127 -0.00470113 -0.999989
v 0.0134271 -0.0413244 3.78711e-05 0.8 0.8 0.8
vn 0.00161701 -0.00462683 -0.999988
v 0.0197264 -0.0387152 3.78711e-05 0.8 0.8 0.8
vn 0.00237942 -0.00442577 -0.999987
v 0.0255399 -0.0351527 3.78711e-05 0.8 0.8 0.8
vn 0.00311496 -0.00409434 -0.999987
v 0.0307245 -0.0307245 3.78711e-05 0.8 0.8 0.8
vn 0.00379781 -0.00363386 -0.999986
v 0.0351526 -0.0255399 3.78711e-05 0.8 0.8 0.8
vn 0.00440112 -0.0030516 -0.999986
v 0.0387152 -0.0197264 3.78711e-05 0.8 0.8 0.8
vn 0.00489877 -0.00236143 -0.999985
v 0.0413244 -0.0134271 3.78711e-05 0.8 0.8 0.8
vn 0.00526741 -0.00158393 -0.999985
v 0.0429161 -0.00679725 3.78711e-05 0.8 0.8 0.8
vn 0.00548862 -0.000745623 -0.999985
v 0.00262706 -1.01745e-08 0.140846 0.8 0.8 0.8
vn -1.09747e-28 -4.40692e-21 1
v 0.0073728 -9.92785e-09 0.122308 0.8 0.8 0.8
vn -1.11639e-28 -4.48291e-21 -1
v 0.0154911 -9.50587e-09 0.14084 0.8 0.8 0.8
vn 0.00235348 -5.19833e-05 0.999997
v 0.0153003 0.00242333 0.14084 0.8 0.8 0.8
vn 0.00232716 0.000316078 0.999997
v 0.0147329 0.00478699 0.14084 0.8 0.8 0.8
vn 0.00223343 0.000671534 0.999997
v 0.0138026 0.00703279 0.14084 0.8 0.8 0.8
vn 0.00207722 0.00100125 0.999997
v 0.0125325 0.00910541 0.14084 0.8 0.8 0.8
vn 0.00186631 0.00129397 0.999997
v 0.0109538 0.0109538 0.14084 0.8 0.8 0.8
vn 0.0016106 0.00154098 0.999998
v 0.00910542 0.0125325 0.14084 0.8 0.8 0.8
vn 0.00132112 0.0017364 0.999998
v 0.0070328 0.0138026 0.14084 0.8 0.8 0.8
vn 0.00100926 0.00187712 0.999998
v 0.004787 0.0147329 0.14084 0.8 0.8 0.8
vn 0.000685949 0.00196257 0.999998
v 0.00242333 0.0153003 0.14084 0.8 0.8 0.8
vn 0.000361171 0.00199425 0.999998
v -3.11475e-09 0.0154911 0.14084 0.8 0.8 0.8
vn 4.36293e-05 0.00197526 0.999998
v -0.00242334 0.0153003 0.14084 0.8 0.8 0.8
vn -0.000259386 0.00190976 0.999998
v -0.00478701 0.0147329 0.14084 0.8 0.8 0.8
vn -0.00054198 0.00180255 0.999998
v -0.0070328 0.0138026 0.14084 0.8 0.8 0.8
vn -0.000799542 0.00165876 0.999998
v -0.00910543 0.0125325 0.14084 0.8 0.8 0.8
vn -0.00102857 0.00148353 0.999998
v -0.0109538 0.0109538 0.14084 0.8 0.8 0.8
vn -0.0012265 0.0012819 0.999998
v -0.0125325 0.00910541 0.14084 0.8 0.8 0.8
vn -0.00139146 0.00105868 0.999998
v -0.0138026 0.00703279 0.14084 0.8 0.8 0.8
vn -0.0015222 0.000818432 0.999999
v -0.0147329 0.00478699 0.14084 0.8 0.8 0.8
vn -0.00161783 0.000565458 0.999999
v -0.0153004 0.00242333 0.14084 0.8 0.8 0.8
vn -0.0016778 0.00030386 0.999999
v -0.0154911 -1.11163e-08 0.14084 0.8 0.8 0.8
vn -0.00170177 3.75884e-05 0.999999
v -0.0153004 -0.00242335 0.14084 0.8 0.8 0.8
vn -0.00168958 -0.000229482 0.999999
v -0.0147329 -0.00478701 0.14084 0.8 0.8 0.8
vn -0.00164122 -0.000493472 0.999999
v -0.0138026 -0.00703281 0.14084 0.8 0.8 0.8
vn -0.00155685 -0.000750422 0.999999
v -0.0125325 -0.00910543 0.14084 0.8 0.8 0.8
vn -0.00143685 -0.000996211 0.999998
v -0.0109538 -0.0109539 0.14084 0.8 0.8 0.8
vn -0.0012819 -0.0012265 0.999998
v -0.00910543 -0.0125325 0.14084 0.8 0.8 0.8
vn -0.00109307 -0.00143667 0.999998
v -0.0070328 -0.0138027 0.14084 0.8 0.8 0.8
vn -0.000872003 -0.00162184 0.999998
v -0.00478701 -0.0147329 0.14084 0.8 0.8 0.8
vn -0.000621042 -0.00177686 0.999998
v -0.00242334 -0.0153004 0.14084 0.8 0.8 0.8
vn -0.000343457 -0.00189644 0.999998
v -3.88631e-09 -0.0154911 0.14084 0.8 0.8 0.8
vn -4.36293e-05 -0.00197526 0.999998
v 0.00242333 -0.0153004 0.14084 0.8 0.8 0.8
vn 0.000272764 -0.00200826 0.999998
v 0.004787 -0.0147329 0.14084 0.8 0.8 0.8
vn 0.000598624 -0.00199094 0.999998
v 0.0070328 -0.0138027 0.14084 0.8 0.8 0.8
vn 0.000925393 -0.00191985 0.999998
v 0.00910542 -0.0125325 0.14084 0.8 0.8 0.8
vn 0.00124316 -0.00179304 0.999998
v 0.0109538 -0.0109539 0.14084 0.8 0.8 0.8
vn 0.00154098 -0.0016106 0.999998
v 0.0125325 -0.00910543 0.14084 0.8 0.8 0.8
vn 0.00180736 -0.00137511 0.999997
v 0.0138026 -0.00703281 0.14084 0.8 0.8 0.8
vn 0.00203098 -0.00109199 0.999997
v 0.0147329 -0.00478701 0.14084 0.8 0.8 0.8
vn 0.0022016 -0.000769494 0.999997
v 0.0153003 -0.00242335 0.14084 0.8 0.8 0.8
vn 0.00231093 -0.000418523 0.999997
v 0.0160547 -9.47657e-09 0.140823 0.8 0.8 0.8
vn 0.0517121 -0.000396133 0.998662
v 0.0158571 0.0025115 0.140823 0.8 0.8 0.8
vn 0.0511375 0.00769831 0.998662
v 0.015269 0.00496117 0.140823 0.8 0.8 0.8
vn 0.0493036 0.0156032 0.998662
v 0.0143049 0.00728868 0.140823 0.8 0.8 0.8
vn 0.0462557 0.0231239 0.998662
v 0.0129885 0.00943672 0.140823 0.8 0.8 0.8
vn 0.0420689 0.0300752 0.998662
v 0.0113524 0.0113524 0.140823 0.8 0.8 0.8
vn 0.0368461 0.0362859 0.998662
v 0.00943673 0.0129885 0.140823 0.8 0.8 0.8
vn 0.0307161 0.0416032 0.998662
v 0.00728869 0.0143049 0.140823 0.8 0.8 0.8
vn 0.0238298 0.045896 0.998662
v 0.00496118 0.0152689 0.140823 0.8 0.8 0.8
vn 0.0163567 0.0490588 0.998662
v 0.00251151 0.0158571 0.140823 0.8 0.8 0.8
vn 0.00848082 0.0510135 0.998662
v -3.10071e-09 0.0160547 0.140823 0.8 0.8 0.8
vn 0.000396137 0.0517121 0.998662
v -0.00251152 0.0158571 0.140823 0.8 0.8 0.8
vn -0.0076983 0.0511375 0.998662
v -0.00496119 0.0152689 0.140823 0.8 0.8 0.8
vn -0.0156032 0.0493036 0.998662
v -0.0072887 0.0143049 0.140823 0.8 0.8 0.8
vn -0.0231239 0.0462557 0.998662
v -0.00943674 0.0129885 0.140823 0.8 0.8 0.8
vn -0.0300752 0.0420688 0.998662
v -0.0113524 0.0113524 0.140823 0.8 0.8 0.8
vn -0.0362859 0.0368461 0.998662
v -0.0129886 0.00943672 0.140823 0.8 0.8 0.8
vn -0.0416032 0.0307161 0.998662
v -0.0143049 0.00728868 0.140823 0.8 0.8 0.8
vn -0.045896 0.0238298 0.998662
v -0.015269 0.00496117 0.140823 0.8 0.8 0.8
vn -0.0490588 0.0163567 0.998662
v -0.0158571 0.0025115 0.140823 0.8 0.8 0.8
vn -0.0510135 0.00848082 0.998662
v -0.0160547 -1.11456e-08 0.140823 0.8 0.8 0.8
vn -0.0517121 0.000396133 0.998662
v -0.0158571 -0.00251152 0.140823 0.8 0.8 0.8
vn -0.0511375 -0.00769831 0.998662
v -0.015269 -0.0049612 0.140823 0.8 0.8 0.8
vn -0.0493036 -0.0156032 0.998662
v -0.0143049 -0.00728871 0.140823 0.8 0.8 0.8
vn -0.0462557 -0.0231239 0.998662
v -0.0129886 -0.00943674 0.140823 0.8 0.8 0.8
vn -0.0420689 -0.0300752 0.998662
v -0.0113524 -0.0113524 0.140823 0.8 0.8 0.8
vn -0.0368461 -0.0362859 0.998662
v -0.00943674 -0.0129886 0.140823 0.8 0.8 0.8
vn -0.0307161 -0.0416032 0.998662
v -0.0072887 -0.0143049 0.140823 0.8 0.8 0.8
vn -0.0238298 -0.045896 0.998662
v -0.00496119 -0.015269 0.140823 0.8 0.8 0.8
vn -0.0163567 -0.0490588 0.998662
v -0.00251152 -0.0158571 0.140823 0.8 0.8 0.8
vn -0.00848082 -0.0510135 0.998662
v -3.90034e-09 -0.0160547 0.140823 0.8 0.8 0.8
vn -0.000396137 -0.0517121 0.998662
v 0.00251151 -0.0158571 0.140823 0.8 0.8 0.8
vn 0.0076983 -0.0511375 0.998662
v 0.00496118 -0.015269 0.140823 0.8 0.8 0.8
vn 0.0156032 -0.0493036 0.998662
v 0.00728869 -0.0143049 0.140823 0.8 0.8 0.8
vn 0.0231239 -0.0462557 0.998662
v 0.00943673 -0.0129886 0.140823 0.8 0.8 0.8
vn 0.0300752 -0.0420688 0.998662
v 0.0113524 -0.0113524 0.140823 0.8 0.8 0.8
vn 0.0362859 -0.0368461 0.998662
v 0.0129885 -0.00943674 0.140823 0.8 0.8 0.8
vn 0.0416032 -0.0307161 0.998662
v 0.0143049 -0.0072887 0.140823 0.8 0.8 0.8
vn 0.045896 -0.0238298 0.998662
v 0.015269 -0.00496119 0.140823 0.8 0.8 0.8
vn 0.0490588 -0.0163567 0.998662
v 0.0158571 -0.00251152 0.140823 0.8 0.8 0.8
vn 0.0510135 -0.00848082 0.998662
v 0.0164144 -9.45787e-09 0.140793 0.8 0.8 0.8
vn 0.115006 -0.000635727 0.993365
v 0.0162123 0.00256777 0.140793 0.8 0.8 0.8
vn 0.113689 0.017363 0.993365
v 0.015611 0.00507232 0.140793 0.8 0.8 0.8
vn 0.109573 0.0349341 0.993365
v 0.0146253 0.00745198 0.140793 0.8 0.8 0.8
vn 0.10276 0.0516451 0.993365
v 0.0132795 0.00964814 0.140793 0.8 0.8 0.8
vn 0.0934153 0.0670844 0.993365
v 0.0116067 0.0116067 0.140793 0.8 0.8 0.8
vn 0.0817709 0.0808718 0.993365
v 0.00964815 0.0132795 0.140793 0.8 0.8 0.8
vn 0.068113 0.092668 0.993365
v 0.00745199 0.0146253 0.140793 0.8 0.8 0.8
vn 0.052778 0.102182 0.993365
v 0.00507233 0.015611 0.140793 0.8 0.8 0.8
vn 0.0361434 0.109181 0.993365
v 0.00256778 0.0162123 0.140793 0.8 0.8 0.8
vn 0.0186188 0.11349 0.993365
v -3.09176e-09 0.0164144 0.140793 0.8 0.8 0.8
vn 0.000635736 0.115006 0.993365
v -0.00256778 0.0162123 0.140793 0.8 0.8 0.8
vn -0.017363 0.113689 0.993365
v -0.00507234 0.015611 0.140793 0.8 0.8 0.8
vn -0.0349341 0.109573 0.993365
v -0.00745199 0.0146253 0.140793 0.8 0.8 0.8
vn -0.0516451 0.10276 0.993365
v -0.00964816 0.0132795 0.140793 0.8 0.8 0.8
vn -0.0670844 0.0934153 0.993365
v -0.0116067 0.0116067 0.140793 0.8 0.8 0.8
vn -0.0808718 0.0817709 0.993365
v -0.0132795 0.00964814 0.140793 0.8 0.8 0.8
vn -0.092668 0.068113 0.993365
v -0.0146254 0.00745198 0.140793 0.8 0.8 0.8
vn -0.102182 0.052778 0.993365
v -0.015611 0.00507232 0.140793 0.8 0.8 0.8
vn -0.109181 0.0361434 0.993365
v -0.0162123 0.00256777 0.140793 0.8 0.8 0.8
vn -0.11349 0.0186188 0.993365
v -0.0164144 -1.11643e-08 0.140793 0.8 0.8 0.8
vn -0.115006 0.000635727 0.993365
v -0.0162123 -0.00256779 0.140793 0.8 0.8 0.8
vn -0.113689 -0.017363 0.993365
v -0.015611 -0.00507234 0.140793 0.8 0.8 0.8
vn -0.109573 -0.0349341 0.993365
v -0.0146254 -0.007452 0.140793 0.8 0.8 0.8
vn -0.10276 -0.0516451 0.993365
v -0.0132795 -0.00964816 0.140793 0.8 0.8 0.8
vn -0.0934153 -0.0670844 0.993365
v -0.0116067 -0.0116068 0.140793 0.8 0.8 0.8
vn -0.0817709 -0.0808718 0.993365
v -0.00964816 -0.0132796 0.140793 0.8 0.8 0.8
vn -0.068113 -0.092668 0.993365
v -0.00745199 -0.0146254 0.140793 0.8 0.8 0.8
vn -0.052778 -0.102182 0.993365
v -0.00507234 -0.015611 0.140793 0.8 0.8 0.8
vn -0.0361434 -0.109181 0.993365
v -0.00256778 -0.0162123 0.140793 0.8 0.8 0.8
vn -0.0186188 -0.11349 0.993365
v -3.9093e-09 -0.0164144 0.140793 0.8 0.8 0.8
vn -0.000635736 -0.115006 0.993365
v 0.00256778 -0.0162123 0.140793 0.8 0.8 0.8
vn 0.017363 -0.113689 0.993365
v 0.00507233 -0.015611 0.140793 0.8 0.8 0.8
vn 0.0349341 -0.109573 0.993365
v 0.00745199 -0.0146254 0.140793 0.8 0.8 0.8
vn 0.0516451 -0.10276 0.993365
v 0.00964815 -0.0132796 0.140793 0.8 0.8 0.8
vn 0.0670844 -0.0934153 0.993365
v 0.0116067 -0.0116068 0.140793 0.8 0.8 0.8
vn 0.0808718 -0.0817709 0.993365
v 0.0132795 -0.00964816 0.140793 0.8 0.8 0.8
vn 0.092668 -0.068113 0.993365
v 0.0146253 -0.007452 0.140793 0.8 0.8 0.8
vn 0.102182 -0.052778 0.993365
v 0.015611 -0.00507234 0.140793 0.8 0.8 0.8
vn 0.109181 -0.0361434 0.993365
v 0.0162123 -0.00256779 0.140793 0.8 0.8 0.8
vn 0.11349 -0.0186188 0.993365
v 0.0166993 -9.44306e-09 0.140748 0.8 0.8 0.8
vn 0.192661 -0.000899404 0.981265
v 0.0164937 0.00261234 0.140748 0.8 0.8 0.8
vn 0.19043 0.0292505 0.981265
v 0.015882 0.00516036 0.140748 0.8 0.8 0.8
vn 0.18351 0.0586802 0.981265
v 0.0148792 0.00758131 0.140748 0.8 0.8 0.8
vn 0.172071 0.086665 0.981265
v 0.01351 0.00981559 0.140748 0.8 0.8 0.8
vn 0.156395 0.112516 0.981265
v 0.0118082 0.0118082 0.140748 0.8 0.8 0.8
vn 0.136868 0.135596 0.981265
v 0.0098156 0.01351 0.140748 0.8 0.8 0.8
vn 0.113971 0.155338 0.981265
v 0.00758132 0.0148792 0.140748 0.8 0.8 0.8
vn 0.0882678 0.171254 0.981265
v 0.00516036 0.015882 0.140748 0.8 0.8 0.8
vn 0.060391 0.182954 0.981265
v 0.00261234 0.0164937 0.140748 0.8 0.8 0.8
vn 0.0310272 0.190149 0.981265
v -3.08466e-09 0.0166993 0.140748 0.8 0.8 0.8
vn 0.000899419 0.192661 0.981265
v -0.00261235 0.0164937 0.140748 0.8 0.8 0.8
vn -0.0292505 0.19043 0.981265
v -0.00516037 0.015882 0.140748 0.8 0.8 0.8
vn -0.0586802 0.18351 0.981265
v -0.00758133 0.0148792 0.140748 0.8 0.8 0.8
vn -0.086665 0.172071 0.981265
v -0.0098156 0.01351 0.140748 0.8 0.8 0.8
vn -0.112516 0.156395 0.981265
v -0.0118082 0.0118082 0.140748 0.8 0.8 0.8
vn -0.135596 0.136868 0.981265
v -0.01351 0.00981559 0.140748 0.8 0.8 0.8
vn -0.155338 0.113971 0.981265
v -0.0148792 0.00758131 0.140748 0.8 0.8 0.8
vn -0.171254 0.0882678 0.981265
v -0.015882 0.00516036 0.140748 0.8 0.8 0.8
vn -0.182954 0.060391 0.981265
v -0.0164937 0.00261233 0.140748 0.8 0.8 0.8
vn -0.190149 0.0310272 0.981265
v -0.0166993 -1.11791e-08 0.140748 0.8 0.8 0.8
vn -0.192661 0.000899404 0.981265
v -0.0164937 -0.00261236 0.140748 0.8 0.8 0.8
vn -0.19043 -0.0292505 0.981265
v -0.015882 -0.00516038 0.140748 0.8 0.8 0.8
vn -0.18351 -0.0586802 0.981265
v -0.0148792 -0.00758133 0.140748 0.8 0.8 0.8
vn -0.172071 -0.086665 0.981265
v -0.01351 -0.00981561 0.140748 0.8 0.8 0.8
vn -0.156395 -0.112516 0.981265
v -0.0118082 -0.0118082 0.140748 0.8 0.8 0.8
vn -0.136868 -0.135596 0.981265
v -0.00981561 -0.01351 0.140748 0.8 0.8 0.8
vn -0.113971 -0.155338 0.981265
v -0.00758133 -0.0148792 0.140748 0.8 0.8 0.8
vn -0.0882678 -0.171254 0.981265
v -0.00516037 -0.015882 0.140748 0.8 0.8 0.8
vn -0.060391 -0.182954 0.981265
v -0.00261235 -0.0164937 0.140748 0.8 0.8 0.8
vn -0.0310272 -0.190149 0.981265
v -3.91639e-09 -0.0166993 0.140748 0.8 0.8 0.8
vn -0.000899419 -0.192661 0.981265
v 0.00261234 -0.0164937 0.140748 0.8 0.8 0.8
vn 0.0292505 -0.19043 0.981265
v 0.00516036 -0.015882 0.140748 0.8 0.8 0.8
vn 0.0586802 -0.18351 0.981265
v 0.00758132 -0.0148792 0.140748 0.8 0.8 0.8
vn 0.086665 -0.172071 0.981265
v 0.0098156 -0.01351 0.140748 0.8 0.8 0.8
vn 0.112516 -0.156395 0.981265
v 0.0118082 -0.0118082 0.140748 0.8 0.8 0.8
vn 0.135596 -0.136868 0.981265
v 0.01351 -0.00981561 0.140748 0.8 0.8 0.8
vn 0.155338 -0.113971 0.981265
v 0.0148792 -0.00758133 0.140748 0.8 0.8 0.8
vn 0.171254 -0.0882678 0.981265
v 0.015882 -0.00516038 0.140748 0.8 0.8 0.8
vn 0.182954 -0.060391 0.981265
v 0.0164937 -0.00261236 0.140748 0.8 0.8 0.8
vn 0.190149 -0.0310272 0.981265
v 0.0169544 -9.4298e-09 0.140687 0.8 0.8 0.8
vn 0.27579 -0.00121547 0.961217
v 0.0167457 0.00265225 0.140687 0.8 0.8 0.8
vn 0.272584 0.0419425 0.961217
v 0.0161246 0.0052392 0.140687 0.8 0.8 0.8
vn 0.262667 0.0840677 0.961217
v 0.0151065 0.00769715 0.140687 0.8 0.8 0.8
vn 0.246282 0.124123 0.961217
v 0.0137164 0.00996556 0.140687 0.8 0.8 0.8
vn 0.223833 0.161122 0.961217
v 0.0119886 0.0119886 0.140687 0.8 0.8 0.8
vn 0.195872 0.194153 0.961217
v 0.00996557 0.0137164 0.140687 0.8 0.8 0.8
vn 0.163088 0.222404 0.961217
v 0.00769715 0.0151065 0.140687 0.8 0.8 0.8
vn 0.126289 0.245179 0.961217
v 0.00523921 0.0161246 0.140687 0.8 0.8 0.8
vn 0.0863797 0.261916 0.961217
v 0.00265226 0.0167457 0.140687 0.8 0.8 0.8
vn 0.0443435 0.272204 0.961217
v -3.07831e-09 0.0169544 0.140687 0.8 0.8 0.8
vn 0.00121549 0.27579 0.961217
v -0.00265226 0.0167457 0.140687 0.8 0.8 0.8
vn -0.0419425 0.272584 0.961217
v -0.00523921 0.0161246 0.140687 0.8 0.8 0.8
vn -0.0840677 0.262667 0.961217
v -0.00769716 0.0151065 0.140687 0.8 0.8 0.8
vn -0.124123 0.246282 0.961217
v -0.00996557 0.0137164 0.140687 0.8 0.8 0.8
vn -0.161122 0.223833 0.961217
v -0.0119886 0.0119886 0.140687 0.8 0.8 0.8
vn -0.194153 0.195872 0.961217
v -0.0137164 0.00996556 0.140687 0.8 0.8 0.8
vn -0.222404 0.163088 0.961217
v -0.0151065 0.00769714 0.140687 0.8 0.8 0.8
vn -0.245179 0.126289 0.961217
v -0.0161246 0.0052392 0.140687 0.8 0.8 0.8
vn -0.261916 0.0863797 0.961217
v -0.0167457 0.00265225 0.140687 0.8 0.8 0.8
vn -0.272204 0.0443435 0.961217
v -0.0169544 -1.11924e-08 0.140687 0.8 0.8 0.8
vn -0.27579 0.00121547 0.961217
v -0.0167457 -0.00265227 0.140687 0.8 0.8 0.8
vn -0.272584 -0.0419425 0.961217
v -0.0161246 -0.00523922 0.140687 0.8 0.8 0.8
vn -0.262667 -0.0840677 0.961217
v -0.0151065 -0.00769717 0.140687 0.8 0.8 0.8
vn -0.246282 -0.124123 0.961217
v -0.0137164 -0.00996558 0.140687 0.8 0.8 0.8
vn -0.223833 -0.161122 0.961217
v -0.0119886 -0.0119886 0.140687 0.8 0.8 0.8
vn -0.195872 -0.194153 0.961217
v -0.00996557 -0.0137164 0.140687 0.8 0.8 0.8
vn -0.163088 -0.222404 0.961217
v -0.00769716 -0.0151065 0.140687 0.8 0.8 0.8
vn -0.126289 -0.245179 0.961217
v -0.00523921 -0.0161246 0.140687 0.8 0.8 0.8
vn -0.0863797 -0.261916 0.961217
v -0.00265226 -0.0167457 0.140687 0.8 0.8 0.8
vn -0.0443435 -0.272204 0.961217
v -3.92275e-09 -0.0169545 0.140687 0.8 0.8 0.8
vn -0.00121549 -0.27579 0.961217
v 0.00265226 -0.0167457 0.140687 0.8 0.8 0.8
vn 0.0419425 -0.272584 0.961217
v 0.00523921 -0.0161246 0.140687 0.8 0.8 0.8
vn 0.0840677 -0.262667 0.961217
v 0.00769715 -0.0151065 0.140687 0.8 0.8 0.8
vn 0.124123 -0.246282 0.961217
v 0.00996557 -0.0137164 0.140687 0.8 0.8 0.8
vn 0.161122 -0.223833 0.961217
v 0.0119886 -0.0119886 0.140687 0.8 0.8 0.8
vn 0.194153 -0.195872 0.961217
v 0.0137164 -0.00996558 0.140687 0.8 0.8 0.8
vn 0.222404 -0.163088 0.961217
v 0.0151065 -0.00769716 0.140687 0.8 0.8 0.8
vn 0.245179 -0.126289 0.961217
v 0.0161246 -0.00523922 0.140687 0.8 0.8 0.8
vn 0.261916 -0.0863797 0.961217
v 0.0167457 -0.00265227 0.140687 0.8 0.8 0.8
vn 0.272204 -0.0443435 0.961217
v 0.0172062 -9.41671e-09 0.140603 0.8 0.8 0.8
vn 0.355198 -0.00163629 0.93479
v 0.0169944 0.00269163 0.140603 0.8 0.8 0.8
vn 0.351081 0.0539491 0.93479
v 0.0163641 0.005317 0.140603 0.8 0.8 0.8
vn 0.338319 0.108206 0.93479
v 0.0153308 0.00781145 0.140603 0.8 0.8 0.8
vn 0.317227 0.159799 0.93479
v 0.0139201 0.0101135 0.140603 0.8 0.8 0.8
vn 0.288323 0.207456 0.93479
v 0.0121666 0.0121666 0.140603 0.8 0.8 0.8
vn 0.25232 0.250006 0.93479
v 0.0101136 0.0139201 0.140603 0.8 0.8 0.8
vn 0.210104 0.2864 0.93479
v 0.00781145 0.0153308 0.140603 0.8 0.8 0.8
vn 0.162715 0.315741 0.93479
v 0.00531701 0.0163641 0.140603 0.8 0.8 0.8
vn 0.111319 0.337308 0.93479
v 0.00269164 0.0169944 0.140603 0.8 0.8 0.8
vn 0.0571814 0.350569 0.93479
v -3.07204e-09 0.0172062 0.140603 0.8 0.8 0.8
vn 0.00163632 0.355198 0.93479
v -0.00269165 0.0169944 0.140603 0.8 0.8 0.8
vn -0.0539491 0.351081 0.93479
v -0.00531702 0.0163641 0.140603 0.8 0.8 0.8
vn -0.108206 0.338319 0.93479
v -0.00781146 0.0153308 0.140603 0.8 0.8 0.8
vn -0.159799 0.317227 0.93479
v -0.0101136 0.0139201 0.140603 0.8 0.8 0.8
vn -0.207456 0.288323 0.93479
v -0.0121666 0.0121666 0.140603 0.8 0.8 0.8
vn -0.250006 0.25232 0.93479
v -0.0139201 0.0101135 0.140603 0.8 0.8 0.8
vn -0.2864 0.210104 0.93479
v -0.0153309 0.00781144 0.140603 0.8 0.8 0.8
vn -0.315741 0.162715 0.93479
v -0.0163641 0.005317 0.140603 0.8 0.8 0.8
vn -0.337308 0.111318 0.93479
v -0.0169944 0.00269163 0.140603 0.8 0.8 0.8
vn -0.350569 0.0571814 0.93479
v -0.0172062 -1.12055e-08 0.140603 0.8 0.8 0.8
vn -0.355198 0.00163629 0.93479
v -0.0169944 -0.00269166 0.140603 0.8 0.8 0.8
vn -0.351081 -0.0539491 0.93479
v -0.0163641 -0.00531702 0.140603 0.8 0.8 0.8
vn -0.338319 -0.108206 0.93479
v -0.0153309 -0.00781147 0.140603 0.8 0.8 0.8
vn -0.317227 -0.159799 0.93479
v -0.0139201 -0.0101136 0.140603 0.8 0.8 0.8
vn -0.288323 -0.207456 0.93479
v -0.0121666 -0.0121666 0.140603 0.8 0.8 0.8
vn -0.25232 -0.250006 0.93479
v -0.0101136 -0.0139201 0.140603 0.8 0.8 0.8
vn -0.210104 -0.2864 0.93479
v -0.00781146 -0.0153309 0.140603 0.8 0.8 0.8
vn -0.162715 -0.315741 0.93479
v -0.00531702 -0.0163641 0.140603 0.8 0.8 0.8
vn -0.111319 -0.337308 0.93479
v -0.00269165 -0.0169944 0.140603 0.8 0.8 0.8
vn -0.0571814 -0.350569 0.93479
v -3.92902e-09 -0.0172062 0.140603 0.8 0.8 0.8
vn -0.00163632 -0.355198 0.93479
v 0.00269164 -0.0169944 0.140603 0.8 0.8 0.8
vn 0.0539491 -0.351081 0.93479
v 0.00531701 -0.0163641 0.140603 0.8 0.8 0.8
vn 0.108206 -0.338319 0.93479
v 0.00781145 -0.0153309 0.140603 0.8 0.8 0.8
vn 0.159799 -0.317227 0.93479
v 0.0101136 -0.0139201 0.140603 0.8 0.8 0.8
vn 0.207456 -0.288323 0.93479
v 0.0121666 -0.0121666 0.140603 0.8 0.8 0.8
vn 0.250006 -0.25232 0.93479
v 0.0139201 -0.0101136 0.140603 0.8 0.8 0.8
vn 0.2864 -0.210104 0.93479
v 0.0153308 -0.00781147 0.140603 0.8 0.8 0.8
vn 0.315741 -0.162715 0.93479
v 0.0163641 -0.00531702 0.140603 0.8 0.8 0.8
vn 0.337308 -0.111318 0.93479
v 0.0169944 -0.00269165 0.140603 0.8 0.8 0.8
vn 0.350569 -0.0571814 0.93479
v 0.0174801 -9.40248e-09 0.140487 0.8 0.8 0.8
vn 0.423431 -0.00229184 0.905926
v 0.0172649 0.00273448 0.140487 0.8 0.8 0.8
vn 0.418576 0.0639755 0.905926
v 0.0166245 0.00540163 0.140487 0.8 0.8 0.8
vn 0.403415 0.128668 0.905926
v 0.0155749 0.00793578 0.140487 0.8 0.8 0.8
vn 0.37832 0.190192 0.905926
v 0.0141417 0.0102745 0.140487 0.8 0.8 0.8
vn 0.34391 0.247032 0.905926
v 0.0123603 0.0123603 0.140487 0.8 0.8 0.8
vn 0.301031 0.29779 0.905926
v 0.0102745 0.0141417 0.140487 0.8 0.8 0.8
vn 0.250741 0.341216 0.905926
v 0.00793578 0.0155748 0.140487 0.8 0.8 0.8
vn 0.194276 0.376239 0.905926
v 0.00540164 0.0166245 0.140487 0.8 0.8 0.8
vn 0.133027 0.401998 0.905926
v 0.00273448 0.0172649 0.140487 0.8 0.8 0.8
vn 0.0685028 0.417859 0.905926
v -3.06522e-09 0.0174801 0.140487 0.8 0.8 0.8
vn 0.00229188 0.423431 0.905926
v -0.00273449 0.0172649 0.140487 0.8 0.8 0.8
vn -0.0639755 0.418576 0.905926
v -0.00540164 0.0166245 0.140487 0.8 0.8 0.8
vn -0.128668 0.403415 0.905926
v -0.00793579 0.0155748 0.140487 0.8 0.8 0.8
vn -0.190192 0.37832 0.905926
v -0.0102745 0.0141417 0.140487 0.8 0.8 0.8
vn -0.247032 0.34391 0.905926
v -0.0123603 0.0123603 0.140487 0.8 0.8 0.8
vn -0.29779 0.301031 0.905926
v -0.0141417 0.0102745 0.140487 0.8 0.8 0.8
vn -0.341216 0.250741 0.905926
v -0.0155749 0.00793577 0.140487 0.8 0.8 0.8
vn -0.376239 0.194276 0.905926
v -0.0166245 0.00540163 0.140487 0.8 0.8 0.8
vn -0.401998 0.133027 0.905926
v -0.0172649 0.00273447 0.140487 0.8 0.8 0.8
vn -0.417859 0.0685028 0.905926
v -0.0174801 -1.12197e-08 0.140487 0.8 0.8 0.8
vn -0.423431 0.00229184 0.905926
v -0.0172649 -0.0027345 0.140487 0.8 0.8 0.8
vn -0.418576 -0.0639755 0.905926
v -0.0166245 -0.00540165 0.140487 0.8 0.8 0.8
vn -0.403415 -0.128668 0.905926
v -0.0155749 -0.0079358 0.140487 0.8 0.8 0.8
vn -0.37832 -0.190192 0.905926
v -0.0141417 -0.0102745 0.140487 0.8 0.8 0.8
vn -0.34391 -0.247032 0.905926
v -0.0123603 -0.0123603 0.140487 0.8 0.8 0.8
vn -0.301031 -0.29779 0.905926
v -0.0102745 -0.0141417 0.140487 0.8 0.8 0.8
vn -0.250741 -0.341216 0.905926
v -0.00793579 -0.0155749 0.140487 0.8 0.8 0.8
vn -0.194276 -0.376239 0.905926
v -0.00540164 -0.0166245 0.140487 0.8 0.8 0.8
vn -0.133027 -0.401998 0.905926
v -0.00273449 -0.0172649 0.140487 0.8 0.8 0.8
vn -0.0685028 -0.417859 0.905926
v -3.93584e-09 -0.0174801 0.140487 0.8 0.8 0.8
vn -0.00229188 -0.423431 0.905926
v 0.00273448 -0.0172649 0.140487 0.8 0.8 0.8
vn 0.0639755 -0.418576 0.905926
v 0.00540164 -0.0166245 0.140487 0.8 0.8 0.8
vn 0.128668 -0.403415 0.905926
v 0.00793578 -0.0155749 0.140487 0.8 0.8 0.8
vn 0.190192 -0.37832 0.905926
v 0.0102745 -0.0141417 0.140487 0.8 0.8 0.8
vn 0.247032 -0.34391 0.905926
v 0.0123603 -0.0123603 0.140487 0.8 0.8 0.8
vn 0.29779 -0.301031 0.905926
v 0.0141417 -0.0102745 0.140487 0.8 0.8 0.8
vn 0.341216 -0.250741 0.905926
v 0.0155749 -0.0079358 0.140487 0.8 0.8 0.8
vn 0.376239 -0.194276 0.905926
v 0.0166245 -0.00540165 0.140487 0.8 0.8 0.8
vn 0.401998 -0.133027 0.905926
v 0.0172649 -0.00273449 0.140487 0.8 0.8 0.8
vn 0.417859 -0.0685028 0.905926
v 0.0178174 -9.38494e-09 0.140317 0.8 0.8 0.8
vn 0.475745 -0.00361694 0.879576
v 0.0175981 0.00278725 0.140317 0.8 0.8 0.8
vn 0.470453 0.0708505 0.879576
v 0.0169454 0.00550588 0.140317 0.8 0.8 0.8
vn 0.453578 0.143573 0.879576
v 0.0158755 0.00808894 0.140317 0.8 0.8 0.8
vn 0.425534 0.212761 0.879576
v 0.0144146 0.0104728 0.140317 0.8 0.8 0.8
vn 0.387012 0.27671 0.879576
v 0.0125988 0.0125988 0.140317 0.8 0.8 0.8
vn 0.33896 0.333845 0.879576
v 0.0104728 0.0144146 0.140317 0.8 0.8 0.8
vn 0.282562 0.38276 0.879576
v 0.00808895 0.0158754 0.140317 0.8 0.8 0.8
vn 0.219206 0.42225 0.879576
v 0.00550589 0.0169454 0.140317 0.8 0.8 0.8
vn 0.150453 0.451343 0.879576
v 0.00278726 0.0175981 0.140317 0.8 0.8 0.8
vn 0.0779953 0.469322 0.879576
v -3.05682e-09 0.0178174 0.140317 0.8 0.8 0.8
vn 0.00361698 0.475745 0.879576
v -0.00278727 0.0175981 0.140317 0.8 0.8 0.8
vn -0.0708504 0.470453 0.879576
v -0.0055059 0.0169454 0.140317 0.8 0.8 0.8
vn -0.143573 0.453578 0.879576
v -0.00808895 0.0158754 0.140317 0.8 0.8 0.8
vn -0.212761 0.425534 0.879576
v -0.0104728 0.0144146 0.140317 0.8 0.8 0.8
vn -0.27671 0.387012 0.879576
v -0.0125988 0.0125988 0.140317 0.8 0.8 0.8
vn -0.333845 0.33896 0.879576
v -0.0144146 0.0104728 0.140317 0.8 0.8 0.8
vn -0.38276 0.282562 0.879576
v -0.0158755 0.00808894 0.140317 0.8 0.8 0.8
vn -0.42225 0.219206 0.879576
v -0.0169454 0.00550588 0.140317 0.8 0.8 0.8
vn -0.451343 0.150453 0.879576
v -0.0175981 0.00278725 0.140317 0.8 0.8 0.8
vn -0.469322 0.0779953 0.879576
v -0.0178174 -1.12372e-08 0.140317 0.8 0.8 0.8
vn -0.475745 0.00361694 0.879576
v -0.0175981 -0.00278727 0.140317 0.8 0.8 0.8
vn -0.470453 -0.0708505 0.879576
v -0.0169454 -0.0055059 0.140317 0.8 0.8 0.8
vn -0.453578 -0.143573 0.879576
v -0.0158755 -0.00808896 0.140317 0.8 0.8 0.8
vn -0.425534 -0.212761 0.879576
v -0.0144146 -0.0104728 0.140317 0.8 0.8 0.8
vn -0.387012 -0.27671 0.879576
v -0.0125988 -0.0125988 0.140317 0.8 0.8 0.8
vn -0.33896 -0.333845 0.879576
v -0.0104728 -0.0144146 0.140317 0.8 0.8 0.8
vn -0.282562 -0.38276 0.879576
v -0.00808895 -0.0158755 0.140317 0.8 0.8 0.8
vn -0.219206 -0.42225 0.879576
v -0.0055059 -0.0169454 0.140317 0.8 0.8 0.8
vn -0.150453 -0.451343 0.879576
v -0.00278727 -0.0175981 0.140317 0.8 0.8 0.8
vn -0.0779953 -0.469322 0.879576
v -3.94424e-09 -0.0178175 0.140317 0.8 0.8 0.8
vn -0.00361698 -0.475745 0.879576
v 0.00278726 -0.0175981 0.140317 0.8 0.8 0.8
vn 0.0708504 -0.470453 0.879576
v 0.00550589 -0.0169454 0.140317 0.8 0.8 0.8
vn 0.143573 -0.453578 0.879576
v 0.00808895 -0.0158755 0.140317 0.8 0.8 0.8
vn 0.212761 -0.425534 0.879576
v 0.0104728 -0.0144146 0.140317 0.8 0.8 0.8
vn 0.27671 -0.387012 0.879576
v 0.0125988 -0.0125988 0.140317 0.8 0.8 0.8
vn 0.333845 -0.33896 0.879576
v 0.0144146 -0.0104728 0.140317 0.8 0.8 0.8
vn 0.38276 -0.282562 0.879576
v 0.0158755 -0.00808896 0.140317 0.8 0.8 0.8
vn 0.42225 -0.219206 0.879576
v 0.0169454 -0.0055059 0.140317 0.8 0.8 0.8
vn 0.451343 -0.150453 0.879576
v 0.0175981 -0.00278727 0.140317 0.8 0.8 0.8
vn 0.469322 -0.0779953 0.879576
v 0.018335 -9.35804e-09 0.140025 0.8 0.8 0.8
vn 0.515773 -0.0172118 0.856552
v 0.0181093 0.00286822 0.140025 0.8 0.8 0.8
vn 0.512115 0.0636847 0.856552
v 0.0174377 0.00566583 0.140025 0.8 0.8 0.8
vn 0.495848 0.143013 0.856552
v 0.0163366 0.00832392 0.140025 0.8 0.8 0.8
vn 0.467371 0.21882 0.856552
v 0.0148334 0.0107771 0.140025 0.8 0.8 0.8
vn 0.427386 0.289239 0.856552
v 0.0129648 0.0129648 0.140025 0.8 0.8 0.8
vn 0.376877 0.352536 0.856552
v 0.0107771 0.0148333 0.140025 0.8 0.8 0.8
vn 0.317088 0.407152 0.856552
v 0.00832393 0.0163366 0.140025 0.8 0.8 0.8
vn 0.249492 0.451743 0.856552
v 0.00566584 0.0174376 0.140025 0.8 0.8 0.8
vn 0.175752 0.48521 0.856552
v 0.00286823 0.0181093 0.140025 0.8 0.8 0.8
vn 0.0976846 0.50673 0.856552
v -3.04393e-09 0.018335 0.140025 0.8 0.8 0.8
vn 0.0172119 0.515773 0.856552
v -0.00286823 0.0181093 0.140025 0.8 0.8 0.8
vn -0.0636847 0.512115 0.856552
v -0.00566584 0.0174376 0.140025 0.8 0.8 0.8
vn -0.143013 0.495848 0.856552
v -0.00832394 0.0163366 0.140025 0.8 0.8 0.8
vn -0.21882 0.467371 0.856552
v -0.0107771 0.0148333 0.140025 0.8 0.8 0.8
vn -0.289239 0.427386 0.856552
v -0.0129648 0.0129648 0.140025 0.8 0.8 0.8
vn -0.352536 0.376877 0.856552
v -0.0148334 0.0107771 0.140025 0.8 0.8 0.8
vn -0.407152 0.317088 0.856552
v -0.0163366 0.00832392 0.140025 0.8 0.8 0.8
vn -0.451743 0.249492 0.856552
v -0.0174377 0.00566583 0.140025 0.8 0.8 0.8
vn -0.48521 0.175752 0.856552
v -0.0181093 0.00286822 0.140025 0.8 0.8 0.8
vn -0.50673 0.0976845 0.856552
v -0.018335 -1.12641e-08 0.140025 0.8 0.8 0.8
vn -0.515773 0.0172118 0.856552
v -0.0181093 -0.00286824 0.140025 0.8 0.8 0.8
vn -0.512115 -0.0636847 0.856552
v -0.0174377 -0.00566585 0.140025 0.8 0.8 0.8
vn -0.495848 -0.143013 0.856552
v -0.0163366 -0.00832394 0.140025 0.8 0.8 0.8
vn -0.467371 -0.21882 0.856552
v -0.0148334 -0.0107771 0.140025 0.8 0.8 0.8
vn -0.427386 -0.289239 0.856552
v -0.0129648 -0.0129648 0.140025 0.8 0.8 0.8
vn -0.376877 -0.352536 0.856552
v -0.0107771 -0.0148334 0.140025 0.8 0.8 0.8
vn -0.317088 -0.407152 0.856552
v -0.00832394 -0.0163366 0.140025 0.8 0.8 0.8
vn -0.249492 -0.451743 0.856552
v -0.00566584 -0.0174377 0.140025 0.8 0.8 0.8
vn -0.175752 -0.48521 0.856552
v -0.00286824 -0.0181093 0.140025 0.8 0.8 0.8
vn -0.0976846 -0.50673 0.856552
v -3.95713e-09 -0.018335 0.140025 0.8 0.8 0.8
vn -0.0172119 -0.515773 0.856552
v 0.00286823 -0.0181093 0.140025 0.8 0.8 0.8
vn 0.0636847 -0.512115 0.856552
v 0.00566583 -0.0174377 0.140025 0.8 0.8 0.8
vn 0.143013 -0.495848 0.856552
v 0.00832393 -0.0163366 0.140025 0.8 0.8 0.8
vn 0.21882 -0.467371 0.856552
v 0.0107771 -0.0148334 0.140025 0.8 0.8 0.8
vn 0.289239 -0.427386 0.856552
v 0.0129648 -0.0129648 0.140025 0.8 0.8 0.8
vn 0.352536 -0.376877 0.856552
v 0.0148334 -0.0107771 0.140025 0.8 0.8 0.8
vn 0.407152 -0.317088 0.856552
v 0.0163366 -0.00832394 0.140025 0.8 0.8 0.8
vn 0.451743 -0.249492 0.856552
v 0.0174377 -0.00566585 0.140025 0.8 0.8 0.8
vn 0.48521 -0.175752 0.856552
v 0.0181093 -0.00286824 0.140025 0.8 0.8 0.8
vn 0.50673 -0.0976845 0.856552
v 0.0299579 -8.75389e-09 0.133011 0.8 0.8 0.8
vn 0.517358 -0.00837519 0.855728
v 0.029589 0.00468643 0.133011 0.8 0.8 0.8
vn 0.512299 0.0726605 0.855728
v 0.0284916 0.00925748 0.133011 0.8 0.8 0.8
vn 0.494625 0.151907 0.855728
v 0.0266926 0.0136006 0.133011 0.8 0.8 0.8
vn 0.464772 0.227413 0.855728
v 0.0242364 0.0176088 0.133011 0.8 0.8 0.8
vn 0.423474 0.29732 0.855728
v 0.0211834 0.0211834 0.133011 0.8 0.8 0.8
vn 0.371749 0.359905 0.855728
v 0.0176088 0.0242364 0.133011 0.8 0.8 0.8
vn 0.310871 0.413628 0.855728
v 0.0136006 0.0266926 0.133011 0.8 0.8 0.8
vn 0.242338 0.457167 0.855728
v 0.00925748 0.0284916 0.133011 0.8 0.8 0.8
vn 0.167838 0.489449 0.855728
v 0.00468644 0.029589 0.133011 0.8 0.8 0.8
vn 0.0892047 0.509678 0.855728
v -2.75448e-09 0.0299578 0.133011 0.8 0.8 0.8
vn 0.00837523 0.517358 0.855728
v -0.00468644 0.029589 0.133011 0.8 0.8 0.8
vn -0.0726605 0.512299 0.855728
v -0.00925749 0.0284916 0.133011 0.8 0.8 0.8
vn -0.151907 0.494625 0.855728
v -0.0136006 0.0266926 0.133011 0.8 0.8 0.8
vn -0.227413 0.464771 0.855728
v -0.0176088 0.0242364 0.133011 0.8 0.8 0.8
vn -0.29732 0.423474 0.855728
v -0.0211834 0.0211834 0.133011 0.8 0.8 0.8
vn -0.359905 0.371749 0.855728
v -0.0242364 0.0176088 0.133011 0.8 0.8 0.8
vn -0.413629 0.310871 0.855728
v -0.0266926 0.0136006 0.133011 0.8 0.8 0.8
vn -0.457167 0.242338 0.855728
v -0.0284916 0.00925747 0.133011 0.8 0.8 0.8
vn -0.489449 0.167838 0.855728
v -0.029589 0.00468643 0.133011 0.8 0.8 0.8
vn -0.509678 0.0892047 0.855728
v -0.0299579 -1.18683e-08 0.133011 0.8 0.8 0.8
vn -0.517358 0.00837519 0.855728
v -0.029589 -0.00468645 0.133011 0.8 0.8 0.8
vn -0.512299 -0.0726605 0.855728
v -0.0284916 -0.0092575 0.133011 0.8 0.8 0.8
vn -0.494625 -0.151907 0.855728
v -0.0266926 -0.0136006 0.133011 0.8 0.8 0.8
vn -0.464772 -0.227413 0.855728
v -0.0242364 -0.0176088 0.133011 0.8 0.8 0.8
vn -0.423474 -0.29732 0.855728
v -0.0211834 -0.0211834 0.133011 0.8 0.8 0.8
vn -0.371749 -0.359905 0.855728
v -0.0176088 -0.0242364 0.133011 0.8 0.8 0.8
vn -0.310871 -0.413628 0.855728
v -0.0136006 -0.0266927 0.133011 0.8 0.8 0.8
vn -0.242338 -0.457167 0.855728
v -0.00925749 -0.0284916 0.133011 0.8 0.8 0.8
vn -0.167838 -0.489449 0.855728
v -0.00468645 -0.029589 0.133011 0.8 0.8 0.8
vn -0.0892047 -0.509678 0.855728
v -4.24658e-09 -0.0299579 0.133011 0.8 0.8 0.8
vn -0.00837523 -0.517358 0.855728
v 0.00468644 -0.029589 0.133011 0.8 0.8 0.8
vn 0.0726605 -0.512299 0.855728
v 0.00925748 -0.0284916 0.133011 0.8 0.8 0.8
vn 0.151907 -0.494625 0.855728
v 0.0136006 -0.0266927 0.133011 0.8 0.8 0.8
vn 0.227413 -0.464771 0.855728
v 0.0176088 -0.0242364 0.133011 0.8 0.8 0.8
vn 0.29732 -0.423474 0.855728
v 0.0211834 -0.0211834 0.133011 0.8 0.8 0.8
vn 0.359905 -0.371749 0.855728
v 0.0242364 -0.0176088 0.133011 0.8 0.8 0.8
vn 0.413629 -0.310871 0.855728
v 0.0266926 -0.0136006 0.133011 0.8 0.8 0.8
vn 0.457167 -0.242338 0.855728
v 0.0284916 -0.00925749 0.133011 0.8 0.8 0.8
vn 0.489449 -0.167838 0.855728
v 0.029589 -0.00468645 0.133011 0.8 0.8 0.8
vn 0.509678 -0.0892047 0.855728
v 0.0462864 -7.90514e-09 0.123129 0.8 0.8 0.8
vn 0.519957 0.00923294 0.854143
v 0.0457165 0.00724077 0.123129 0.8 0.8 0.8
vn 0.512111 0.0904584 0.854143
v 0.044021 0.0143033 0.123129 0.8 0.8 0.8
vn 0.491655 0.169457 0.854143
v 0.0412415 0.0210136 0.123129 0.8 0.8 0.8
vn 0.459093 0.244282 0.854143
v 0.0374465 0.0272064 0.123129 0.8 0.8 0.8
vn 0.415227 0.313093 0.854143
v 0.0327294 0.0327294 0.123129 0.8 0.8 0.8
vn 0.361136 0.374194 0.854143
v 0.0272064 0.0374464 0.123129 0.8 0.8 0.8
vn 0.298153 0.426081 0.854143
v 0.0210136 0.0412414 0.123129 0.8 0.8 0.8
vn 0.227829 0.467477 0.854143
v 0.0143033 0.0440209 0.123129 0.8 0.8 0.8
vn 0.151895 0.497361 0.854143
v 0.00724078 0.0457165 0.123129 0.8 0.8 0.8
vn 0.0722199 0.515 0.854143
v -2.34785e-09 0.0462864 0.123129 0.8 0.8 0.8
vn -0.0092329 0.519957 0.854143
v -0.00724079 0.0457165 0.123129 0.8 0.8 0.8
vn -0.0904584 0.512111 0.854143
v -0.0143033 0.0440209 0.123129 0.8 0.8 0.8
vn -0.169457 0.491655 0.854143
v -0.0210136 0.0412414 0.123129 0.8 0.8 0.8
vn -0.244282 0.459093 0.854143
v -0.0272064 0.0374464 0.123129 0.8 0.8 0.8
vn -0.313093 0.415227 0.854143
v -0.0327294 0.0327294 0.123129 0.8 0.8 0.8
vn -0.374194 0.361136 0.854143
v -0.0374465 0.0272064 0.123129 0.8 0.8 0.8
vn -0.426081 0.298153 0.854143
v -0.0412415 0.0210136 0.123129 0.8 0.8 0.8
vn -0.467477 0.227829 0.854143
v -0.044021 0.0143033 0.123129 0.8 0.8 0.8
vn -0.497361 0.151894 0.854143
v -0.0457165 0.00724077 0.123129 0.8 0.8 0.8
vn -0.515 0.0722199 0.854143
v -0.0462864 -1.2717e-08 0.123129 0.8 0.8 0.8
vn -0.519957 -0.00923294 0.854143
v -0.0457165 -0.0072408 0.123129 0.8 0.8 0.8
vn -0.512111 -0.0904584 0.854143
v -0.044021 -0.0143033 0.123129 0.8 0.8 0.8
vn -0.491655 -0.169457 0.854143
v -0.0412415 -0.0210136 0.123129 0.8 0.8 0.8
vn -0.459093 -0.244282 0.854143
v -0.0374465 -0.0272065 0.123129 0.8 0.8 0.8
vn -0.415227 -0.313093 0.854143
v -0.0327294 -0.0327294 0.123129 0.8 0.8 0.8
vn -0.361136 -0.374194 0.854143
v -0.0272065 -0.0374465 0.123129 0.8 0.8 0.8
vn -0.298153 -0.426081 0.854143
v -0.0210136 -0.0412415 0.123129 0.8 0.8 0.8
vn -0.227829 -0.467477 0.854143
v -0.0143033 -0.044021 0.123129 0.8 0.8 0.8
vn -0.151895 -0.497361 0.854143
v -0.00724079 -0.0457165 0.123129 0.8 0.8 0.8
vn -0.0722199 -0.515 0.854143
v -4.65321e-09 -0.0462864 0.123129 0.8 0.8 0.8
vn 0.0092329 -0.519957 0.854143
v 0.00724078 -0.0457165 0.123129 0.8 0.8 0.8
vn 0.0904584 -0.512111 0.854143
v 0.0143033 -0.044021 0.123129 0.8 0.8 0.8
vn 0.169457 -0.491655 0.854143
v 0.0210136 -0.0412415 0.123129 0.8 0.8 0.8
vn 0.244282 -0.459093 0.854143
v 0.0272064 -0.0374465 0.123129 0.8 0.8 0.8
vn 0.313093 -0.415227 0.854143
v 0.0327294 -0.0327294 0.123129 0.8 0.8 0.8
vn 0.374194 -0.361136 0.854143
v 0.0374465 -0.0272065 0.123129 0.8 0.8 0.8
vn 0.426081 -0.298153 0.854143
v 0.0412415 -0.0210136 0.123129 0.8 0.8 0.8
vn 0.467477 -0.227829 0.854143
v 0.044021 -0.0143033 0.123129 0.8 0.8 0.8
vn 0.497361 -0.151894 0.854143
v 0.0457165 -0.00724079 0.123129 0.8 0.8 0.8
vn 0.515 -0.0722199 0.854143
v 0.046682 -7.88457e-09 0.122837 0.8 0.8 0.8
vn 0.66242 0.00451111 0.749119
v 0.0461072 0.00730266 0.122837 0.8 0.8 0.8
vn 0.653559 0.108081 0.749119
v 0.0443972 0.0144255 0.122837 0.8 0.8 0.8
vn 0.628605 0.208989 0.749119
v 0.0415939 0.0211932 0.122837 0.8 0.8 0.8
vn 0.588173 0.304752 0.749119
v 0.0377665 0.027439 0.122837 0.8 0.8 0.8
vn 0.533257 0.39301 0.749119
v 0.0330091 0.0330091 0.122837 0.8 0.8 0.8
vn 0.465212 0.471591 0.749119
v 0.027439 0.0377665 0.122837 0.8 0.8 0.8
vn 0.385711 0.538561 0.749119
v 0.0211932 0.0415939 0.122837 0.8 0.8 0.8
vn 0.296713 0.592268 0.749119
v 0.0144255 0.0443972 0.122837 0.8 0.8 0.8
vn 0.200409 0.631393 0.749119
v 0.00730267 0.0461072 0.122837 0.8 0.8 0.8
vn 0.0991698 0.65497 0.749119
v -2.338e-09 0.0466819 0.122837 0.8 0.8 0.8
vn -0.00451106 0.66242 0.749119
v -0.00730267 0.0461072 0.122837 0.8 0.8 0.8
vn -0.108081 0.653559 0.749119
v -0.0144255 0.0443972 0.122837 0.8 0.8 0.8
vn -0.208989 0.628605 0.749119
v -0.0211932 0.0415939 0.122837 0.8 0.8 0.8
vn -0.304752 0.588172 0.749119
v -0.027439 0.0377665 0.122837 0.8 0.8 0.8
vn -0.39301 0.533257 0.749119
v -0.0330091 0.0330091 0.122837 0.8 0.8 0.8
vn -0.471591 0.465212 0.749119
v -0.0377665 0.027439 0.122837 0.8 0.8 0.8
vn -0.538561 0.385711 0.749119
v -0.0415939 0.0211932 0.122837 0.8 0.8 0.8
vn -0.592269 0.296713 0.749119
v -0.0443972 0.0144255 0.122837 0.8 0.8 0.8
vn -0.631393 0.200409 0.749119
v -0.0461072 0.00730265 0.122837 0.8 0.8 0.8
vn -0.65497 0.0991697 0.749119
v -0.046682 -1.27376e-08 0.122837 0.8 0.8 0.8
vn -0.66242 -0.00451111 0.749119
v -0.0461072 -0.00730268 0.122837 0.8 0.8 0.8
vn -0.653559 -0.108081 0.749119
v -0.0443972 -0.0144255 0.122837 0.8 0.8 0.8
vn -0.628605 -0.208989 0.749119
v -0.0415939 -0.0211932 0.122837 0.8 0.8 0.8
vn -0.588173 -0.304752 0.749119
v -0.0377665 -0.027439 0.122837 0.8 0.8 0.8
vn -0.533257 -0.39301 0.749119
v -0.0330091 -0.0330091 0.122837 0.8 0.8 0.8
vn -0.465212 -0.471591 0.749119
v -0.027439 -0.0377665 0.122837 0.8 0.8 0.8
vn -0.385711 -0.538561 0.749119
v -0.0211932 -0.0415939 0.122837 0.8 0.8 0.8
vn -0.296713 -0.592268 0.749119
v -0.0144255 -0.0443972 0.122837 0.8 0.8 0.8
vn -0.200409 -0.631393 0.749119
v -0.00730267 -0.0461072 0.122837 0.8 0.8 0.8
vn -0.0991698 -0.65497 0.749119
v -4.66306e-09 -0.046682 0.122837 0.8 0.8 0.8
vn 0.00451106 -0.66242 0.749119
v 0.00730266 -0.0461072 0.122837 0.8 0.8 0.8
vn 0.108081 -0.653559 0.749119
v 0.0144255 -0.0443972 0.122837 0.8 0.8 0.8
vn 0.208989 -0.628605 0.749119
v 0.0211932 -0.0415939 0.122837 0.8 0.8 0.8
vn 0.304752 -0.588172 0.749119
v 0.027439 -0.0377665 0.122837 0.8 0.8 0.8
vn 0.39301 -0.533257 0.749119
v 0.0330091 -0.0330091 0.122837 0.8 0.8 0.8
vn 0.471591 -0.465212 0.749119
v 0.0377665 -0.027439 0.122837 0.8 0.8 0.8
vn 0.538561 -0.385711 0.749119
v 0.0415939 -0.0211932 0.122837 0.8 0.8 0.8
vn 0.592269 -0.296713 0.749119
v 0.0443972 -0.0144255 0.122837 0.8 0.8 0.8
vn 0.631393 -0.200409 0.749119
v 0.0461072 -0.00730268 0.122837 0.8 0.8 0.8
vn 0.65497 -0.0991697 0.749119
v 0.0468093 -7.87795e-09 0.122667 0.8 0.8 0.8
vn 0.952159 0.00468754 0.305568
v 0.046233 0.00732259 0.122667 0.8 0.8 0.8
vn 0.939703 0.15358 0.305568
v 0.0445183 0.0144649 0.122667 0.8 0.8 0.8
vn 0.904108 0.298691 0.305568
v 0.0417074 0.021251 0.122667 0.8 0.8 0.8
vn 0.846252 0.436448 0.305568
v 0.0378696 0.0275138 0.122667 0.8 0.8 0.8
vn 0.767558 0.563457 0.305568
v 0.0330992 0.0330992 0.122667 0.8 0.8 0.8
vn 0.669963 0.676593 0.305568
v 0.0275138 0.0378695 0.122667 0.8 0.8 0.8
vn 0.555873 0.773068 0.305568
v 0.021251 0.0417074 0.122667 0.8 0.8 0.8
vn 0.428095 0.850508 0.305568
v 0.0144649 0.0445183 0.122667 0.8 0.8 0.8
vn 0.289775 0.907005 0.305568
v 0.00732259 0.046233 0.122667 0.8 0.8 0.8
vn 0.144321 0.941169 0.305568
v -2.33482e-09 0.0468093 0.122667 0.8 0.8 0.8
vn -0.00468747 0.952159 0.305568
v -0.0073226 0.046233 0.122667 0.8 0.8 0.8
vn -0.15358 0.939703 0.305568
v -0.0144649 0.0445183 0.122667 0.8 0.8 0.8
vn -0.298691 0.904108 0.305568
v -0.021251 0.0417074 0.122667 0.8 0.8 0.8
vn -0.436448 0.846252 0.305568
v -0.0275138 0.0378695 0.122667 0.8 0.8 0.8
vn -0.563457 0.767557 0.305568
v -0.0330992 0.0330992 0.122667 0.8 0.8 0.8
vn -0.676593 0.669963 0.305568
v -0.0378696 0.0275138 0.122667 0.8 0.8 0.8
vn -0.773068 0.555873 0.305568
v -0.0417074 0.021251 0.122667 0.8 0.8 0.8
vn -0.850508 0.428094 0.305568
v -0.0445183 0.0144649 0.122667 0.8 0.8 0.8
vn -0.907005 0.289775 0.305568
v -0.046233 0.00732258 0.122667 0.8 0.8 0.8
vn -0.94117 0.144321 0.305568
v -0.0468093 -1.27442e-08 0.122667 0.8 0.8 0.8
vn -0.952159 -0.00468754 0.305568
v -0.046233 -0.00732261 0.122667 0.8 0.8 0.8
vn -0.939703 -0.15358 0.305568
v -0.0445183 -0.0144649 0.122667 0.8 0.8 0.8
vn -0.904108 -0.298691 0.305568
v -0.0417074 -0.021251 0.122667 0.8 0.8 0.8
vn -0.846252 -0.436448 0.305568
v -0.0378696 -0.0275139 0.122667 0.8 0.8 0.8
vn -0.767558 -0.563457 0.305568
v -0.0330992 -0.0330992 0.122667 0.8 0.8 0.8
vn -0.669963 -0.676593 0.305568
v -0.0275138 -0.0378696 0.122667 0.8 0.8 0.8
vn -0.555873 -0.773068 0.305568
v -0.021251 -0.0417074 0.122667 0.8 0.8 0.8
vn -0.428095 -0.850508 0.305568
v -0.0144649 -0.0445183 0.122667 0.8 0.8 0.8
vn -0.289775 -0.907005 0.305568
v -0.0073226 -0.046233 0.122667 0.8 0.8 0.8
vn -0.144321 -0.941169 0.305568
v -4.66623e-09 -0.0468093 0.122667 0.8 0.8 0.8
vn 0.00468747 -0.952159 0.305568
v 0.00732259 -0.046233 0.122667 0.8 0.8 0.8
vn 0.15358 -0.939703 0.305568
v 0.0144649 -0.0445183 0.122667 0.8 0.8 0.8
vn 0.298691 -0.904108 0.305568
v 0.021251 -0.0417074 0.122667 0.8 0.8 0.8
vn 0.436448 -0.846252 0.305568
v 0.0275138 -0.0378696 0.122667 0.8 0.8 0.8
vn 0.563457 -0.767557 0.305568
v 0.0330992 -0.0330992 0.122667 0.8 0.8 0.8
vn 0.676593 -0.669963 0.305568
v 0.0378695 -0.0275138 0.122667 0.8 0.8 0.8
vn 0.773068 -0.555873 0.305568
v 0.0417074 -0.021251 0.122667 0.8 0.8 0.8
vn 0.850508 -0.428094 0.305568
v 0.0445183 -0.0144649 0.122667 0.8 0.8 0.8
vn 0.907005 -0.289775 0.305568
v 0.046233 -0.0073226 0.122667 0.8 0.8 0.8
vn 0.94117 -0.144321 0.305568
v 0.0467736 -7.87981e-09 0.122551 0.8 0.8 0.8
vn 0.683709 0.00291478 -0.729749
v 0.0461978 0.007317 0.122551 0.8 0.8 0.8
vn 0.674836 0.109835 -0.729749
v 0.0444844 0.0144538 0.122551 0.8 0.8 0.8
vn 0.649345 0.21405 -0.729749
v 0.0416756 0.0212348 0.122551 0.8 0.8 0.8
vn 0.607866 0.312994 -0.729749
v 0.0378407 0.0274929 0.122551 0.8 0.8 0.8
vn 0.551419 0.404232 -0.729749
v 0.033074 0.033074 0.122551 0.8 0.8 0.8
vn 0.481394 0.485516 -0.729749
v 0.0274929 0.0378407 0.122551 0.8 0.8 0.8
vn 0.399516 0.554845 -0.729749
v 0.0212348 0.0416756 0.122551 0.8 0.8 0.8
vn 0.3078 0.610512 -0.729749
v 0.0144539 0.0444844 0.122551 0.8 0.8 0.8
vn 0.208506 0.651147 -0.729749
v 0.00731701 0.0461978 0.122551 0.8 0.8 0.8
vn 0.104077 0.675747 -0.729749
v -2.33571e-09 0.0467736 0.122551 0.8 0.8 0.8
vn -0.00291473 0.683709 -0.729749
v -0.00731701 0.0461978 0.122551 0.8 0.8 0.8
vn -0.109835 0.674835 -0.729749
v -0.0144539 0.0444844 0.122551 0.8 0.8 0.8
vn -0.21405 0.649345 -0.729749
v -0.0212348 0.0416756 0.122551 0.8 0.8 0.8
vn -0.312994 0.607866 -0.729749
v -0.0274929 0.0378407 0.122551 0.8 0.8 0.8
vn -0.404232 0.551419 -0.729749
v -0.033074 0.033074 0.122551 0.8 0.8 0.8
vn -0.485516 0.481394 -0.729749
v -0.0378407 0.0274928 0.122551 0.8 0.8 0.8
vn -0.554846 0.399516 -0.729749
v -0.0416756 0.0212348 0.122551 0.8 0.8 0.8
vn -0.610513 0.3078 -0.729749
v -0.0444844 0.0144538 0.122551 0.8 0.8 0.8
vn -0.651147 0.208506 -0.729749
v -0.0461978 0.007317 0.122551 0.8 0.8 0.8
vn -0.675747 0.104077 -0.729749
v -0.0467737 -1.27424e-08 0.122551 0.8 0.8 0.8
vn -0.683709 -0.00291478 -0.729749
v -0.0461978 -0.00731702 0.122551 0.8 0.8 0.8
vn -0.674836 -0.109835 -0.729749
v -0.0444844 -0.0144539 0.122551 0.8 0.8 0.8
vn -0.649345 -0.21405 -0.729749
v -0.0416756 -0.0212348 0.122551 0.8 0.8 0.8
vn -0.607866 -0.312994 -0.729749
v -0.0378407 -0.0274929 0.122551 0.8 0.8 0.8
vn -0.551419 -0.404232 -0.729749
v -0.033074 -0.033074 0.122551 0.8 0.8 0.8
vn -0.481394 -0.485516 -0.729749
v -0.0274929 -0.0378407 0.122551 0.8 0.8 0.8
vn -0.399516 -0.554845 -0.729749
v -0.0212348 -0.0416756 0.122551 0.8 0.8 0.8
vn -0.3078 -0.610512 -0.729749
v -0.0144539 -0.0444844 0.122551 0.8 0.8 0.8
vn -0.208506 -0.651147 -0.729749
v -0.00731702 -0.0461978 0.122551 0.8 0.8 0.8
vn -0.104077 -0.675747 -0.729749
v -4.66534e-09 -0.0467737 0.122551 0.8 0.8 0.8
vn 0.00291473 -0.683709 -0.729749
v 0.00731701 -0.0461978 0.122551 0.8 0.8 0.8
vn 0.109835 -0.674835 -0.729749
v 0.0144538 -0.0444844 0.122551 0.8 0.8 0.8
vn 0.21405 -0.649345 -0.729749
v 0.0212348 -0.0416756 0.122551 0.8 0.8 0.8
vn 0.312994 -0.607866 -0.729749
v 0.0274929 -0.0378407 0.122551 0.8 0.8 0.8
vn 0.404232 -0.551419 -0.729749
v 0.033074 -0.033074 0.122551 0.8 0.8 0.8
vn 0.485516 -0.481394 -0.729749
v 0.0378407 -0.0274929 0.122551 0.8 0.8 0.8
vn 0.554846 -0.399516 -0.729749
v 0.0416756 -0.0212348 0.122551 0.8 0.8 0.8
vn 0.610513 -0.3078 -0.729749
v 0.0444844 -0.0144539 0.122551 0.8 0.8 0.8
vn 0.651147 -0.208506 -0.729749
v 0.0461978 -0.00731702 0.122551 0.8 0.8 0.8
vn 0.675747 -0.104077 -0.729749
v 0.0465962 -7.88903e-09 0.122467 0.8 0.8 0.8
vn 0.275796 0.00114621 -0.961215
v 0.0460225 0.00728924 0.122467 0.8 0.8 0.8
vn 0.272221 0.0442761 -0.961215
v 0.0443156 0.014399 0.122467 0.8 0.8 0.8
vn 0.261944 0.0863158 -0.961215
v 0.0415175 0.0211542 0.122467 0.8 0.8 0.8
vn 0.245216 0.12623 -0.961215
v 0.0376971 0.0273885 0.122467 0.8 0.8 0.8
vn 0.22245 0.163036 -0.961215
v 0.0329485 0.0329484 0.122467 0.8 0.8 0.8
vn 0.194207 0.195828 -0.961215
v 0.0273885 0.0376971 0.122467 0.8 0.8 0.8
vn 0.161182 0.223797 -0.961215
v 0.0211542 0.0415175 0.122467 0.8 0.8 0.8
vn 0.124188 0.246257 -0.961215
v 0.014399 0.0443156 0.122467 0.8 0.8 0.8
vn 0.0841356 0.262652 -0.961215
v 0.00728924 0.0460225 0.122467 0.8 0.8 0.8
vn 0.0420119 0.27258 -0.961215
v -2.34013e-09 0.0465961 0.122467 0.8 0.8 0.8
vn -0.00114619 0.275796 -0.961215
v -0.00728925 0.0460225 0.122467 0.8 0.8 0.8
vn -0.0442761 0.272221 -0.961215
v -0.014399 0.0443156 0.122467 0.8 0.8 0.8
vn -0.0863158 0.261944 -0.961215
v -0.0211542 0.0415175 0.122467 0.8 0.8 0.8
vn -0.12623 0.245216 -0.961215
v -0.0273885 0.0376971 0.122467 0.8 0.8 0.8
vn -0.163036 0.22245 -0.961215
v -0.0329485 0.0329484 0.122467 0.8 0.8 0.8
vn -0.195828 0.194207 -0.961215
v -0.0376971 0.0273885 0.122467 0.8 0.8 0.8
vn -0.223797 0.161182 -0.961215
v -0.0415175 0.0211542 0.122467 0.8 0.8 0.8
vn -0.246257 0.124188 -0.961215
v -0.0443156 0.014399 0.122467 0.8 0.8 0.8
vn -0.262652 0.0841356 -0.961215
v -0.0460225 0.00728923 0.122467 0.8 0.8 0.8
vn -0.27258 0.0420119 -0.961215
v -0.0465962 -1.27331e-08 0.122467 0.8 0.8 0.8
vn -0.275796 -0.00114621 -0.961215
v -0.0460225 -0.00728926 0.122467 0.8 0.8 0.8
vn -0.272221 -0.0442761 -0.961215
v -0.0443156 -0.014399 0.122467 0.8 0.8 0.8
vn -0.261944 -0.0863158 -0.961215
v -0.0415175 -0.0211542 0.122467 0.8 0.8 0.8
vn -0.245216 -0.12623 -0.961215
v -0.0376971 -0.0273885 0.122467 0.8 0.8 0.8
vn -0.22245 -0.163036 -0.961215
v -0.0329485 -0.0329485 0.122467 0.8 0.8 0.8
vn -0.194207 -0.195828 -0.961215
v -0.0273885 -0.0376971 0.122467 0.8 0.8 0.8
vn -0.161182 -0.223797 -0.961215
v -0.0211542 -0.0415175 0.122467 0.8 0.8 0.8
vn -0.124188 -0.246257 -0.961215
v -0.014399 -0.0443156 0.122467 0.8 0.8 0.8
vn -0.0841356 -0.262652 -0.961215
v -0.00728925 -0.0460225 0.122467 0.8 0.8 0.8
vn -0.0420119 -0.27258 -0.961215
v -4.66092e-09 -0.0465962 0.122467 0.8 0.8 0.8
vn 0.00114619 -0.275796 -0.961215
v 0.00728924 -0.0460225 0.122467 0.8 0.8 0.8
vn 0.0442761 -0.272221 -0.961215
v 0.014399 -0.0443156 0.122467 0.8 0.8 0.8
vn 0.0863158 -0.261944 -0.961215
v 0.0211542 -0.0415175 0.122467 0.8 0.8 0.8
vn 0.12623 -0.245216 -0.961215
v 0.0273885 -0.0376971 0.122467 0.8 0.8 0.8
vn 0.163036 -0.22245 -0.961215
v 0.0329485 -0.0329485 0.122467 0.8 0.8 0.8
vn 0.195828 -0.194207 -0.961215
v 0.0376971 -0.0273885 0.122467 0.8 0.8 0.8
vn 0.223797 -0.161182 -0.961215
v 0.0415175 -0.0211542 0.122467 0.8 0.8 0.8
vn 0.246257 -0.124188 -0.961215
v 0.0443156 -0.014399 0.122467 0.8 0.8 0.8
vn 0.262652 -0.0841356 -0.961215
v 0.0460225 -0.00728925 0.122467 0.8 0.8 0.8
vn 0.27258 -0.0420119 -0.961215
v 0.0462667 -7.90616e-09 0.122406 0.8 0.8 0.8
vn 0.12343 0.000553508 -0.992353
v 0.0456971 0.0072377 0.122406 0.8 0.8 0.8
vn 0.121823 0.0198553 -0.992353
v 0.0440023 0.0142972 0.122406 0.8 0.8 0.8
vn 0.117217 0.0386682 -0.992353
v 0.041224 0.0210046 0.122406 0.8 0.8 0.8
vn 0.109725 0.056529 -0.992353
v 0.0374306 0.0271949 0.122406 0.8 0.8 0.8
vn 0.0995313 0.0729979 -0.992353
v 0.0327155 0.0327155 0.122406 0.8 0.8 0.8
vn 0.0868865 0.0876693 -0.992353
v 0.0271949 0.0374306 0.122406 0.8 0.8 0.8
vn 0.0721023 0.100182 -0.992353
v 0.0210047 0.041224 0.122406 0.8 0.8 0.8
vn 0.0555427 0.110228 -0.992353
v 0.0142972 0.0440023 0.122406 0.8 0.8 0.8
vn 0.0376154 0.11756 -0.992353
v 0.00723771 0.0456971 0.122406 0.8 0.8 0.8
vn 0.018762 0.121997 -0.992353
v -2.34834e-09 0.0462667 0.122406 0.8 0.8 0.8
vn -0.000553498 0.12343 -0.992353
v -0.00723771 0.0456971 0.122406 0.8 0.8 0.8
vn -0.0198553 0.121823 -0.992353
v -0.0142972 0.0440023 0.122406 0.8 0.8 0.8
vn -0.0386682 0.117217 -0.992353
v -0.0210047 0.041224 0.122406 0.8 0.8 0.8
vn -0.056529 0.109725 -0.992353
v -0.0271949 0.0374306 0.122406 0.8 0.8 0.8
vn -0.0729979 0.0995313 -0.992353
v -0.0327155 0.0327155 0.122406 0.8 0.8 0.8
vn -0.0876693 0.0868865 -0.992353
v -0.0374306 0.0271949 0.122406 0.8 0.8 0.8
vn -0.100182 0.0721023 -0.992353
v -0.041224 0.0210046 0.122406 0.8 0.8 0.8
vn -0.110228 0.0555427 -0.992353
v -0.0440023 0.0142972 0.122406 0.8 0.8 0.8
vn -0.11756 0.0376154 -0.992353
v -0.0456971 0.0072377 0.122406 0.8 0.8 0.8
vn -0.121997 0.0187619 -0.992353
v -0.0462667 -1.2716e-08 0.122406 0.8 0.8 0.8
vn -0.12343 -0.000553508 -0.992353
v -0.0456971 -0.00723772 0.122406 0.8 0.8 0.8
vn -0.121823 -0.0198553 -0.992353
v -0.0440023 -0.0142972 0.122406 0.8 0.8 0.8
vn -0.117217 -0.0386682 -0.992353
v -0.041224 -0.0210047 0.122406 0.8 0.8 0.8
vn -0.109725 -0.056529 -0.992353
v -0.0374306 -0.0271949 0.122406 0.8 0.8 0.8
vn -0.0995313 -0.0729979 -0.992353
v -0.0327155 -0.0327155 0.122406 0.8 0.8 0.8
vn -0.0868865 -0.0876693 -0.992353
v -0.0271949 -0.0374306 0.122406 0.8 0.8 0.8
vn -0.0721023 -0.100182 -0.992353
v -0.0210047 -0.041224 0.122406 0.8 0.8 0.8
vn -0.0555427 -0.110228 -0.992353
v -0.0142972 -0.0440023 0.122406 0.8 0.8 0.8
vn -0.0376154 -0.11756 -0.992353
v -0.00723772 -0.0456971 0.122406 0.8 0.8 0.8
vn -0.018762 -0.121997 -0.992353
v -4.65272e-09 -0.0462667 0.122406 0.8 0.8 0.8
vn 0.000553498 -0.12343 -0.992353
v 0.00723771 -0.0456971 0.122406 0.8 0.8 0.8
vn 0.0198553 -0.121823 -0.992353
v 0.0142972 -0.0440023 0.122406 0.8 0.8 0.8
vn 0.0386682 -0.117217 -0.992353
v 0.0210047 -0.041224 0.122406 0.8 0.8 0.8
vn 0.056529 -0.109725 -0.992353
v 0.0271949 -0.0374306 0.122406 0.8 0.8 0.8
vn 0.0729979 -0.0995313 -0.992353
v 0.0327155 -0.0327155 0.122406 0.8 0.8 0.8
vn 0.0876693 -0.0868865 -0.992353
v 0.0374306 -0.0271949 0.122406 0.8 0.8 0.8
vn 0.100182 -0.0721023 -0.992353
v 0.041224 -0.0210047 0.122406 0.8 0.8 0.8
vn 0.110228 -0.0555427 -0.992353
v 0.0440023 -0.0142972 0.122406 0.8 0.8 0.8
vn 0.11756 -0.0376154 -0.992353
v 0.0456971 -0.00723772 0.122406 0.8 0.8 0.8
vn 0.121997 -0.0187619 -0.992353
v 0.0457437 -7.93334e-09 0.122362 0.8 0.8 0.8
vn 0.055297 0.000298475 -0.99847
v 0.0451805 0.00715588 0.122362 0.8 0.8 0.8
vn 0.0545695 0.00894516 -0.99847
v 0.0435048 0.0141356 0.122362 0.8 0.8 0.8
vn 0.0524983 0.0173716 -0.99847
v 0.0407579 0.0207672 0.122362 0.8 0.8 0.8
vn 0.0491345 0.0253703 -0.99847
v 0.0370074 0.0268875 0.122362 0.8 0.8 0.8
vn 0.0445608 0.0327442 -0.99847
v 0.0323457 0.0323457 0.122362 0.8 0.8 0.8
vn 0.0388898 0.0393119 -0.99847
v 0.0268875 0.0370074 0.122362 0.8 0.8 0.8
vn 0.0322613 0.0449117 -0.99847
v 0.0207672 0.0407579 0.122362 0.8 0.8 0.8
vn 0.0248384 0.0494055 -0.99847
v 0.0141356 0.0435048 0.122362 0.8 0.8 0.8
vn 0.0168039 0.0526828 -0.99847
v 0.00715589 0.0451805 0.122362 0.8 0.8 0.8
vn 0.00835556 0.0546629 -0.99847
v -2.36136e-09 0.0457437 0.122362 0.8 0.8 0.8
vn -0.000298471 0.055297 -0.99847
v -0.00715589 0.0451805 0.122362 0.8 0.8 0.8
vn -0.00894515 0.0545695 -0.99847
v -0.0141356 0.0435048 0.122362 0.8 0.8 0.8
vn -0.0173716 0.0524983 -0.99847
v -0.0207672 0.0407579 0.122362 0.8 0.8 0.8
vn -0.0253703 0.0491345 -0.99847
v -0.0268875 0.0370074 0.122362 0.8 0.8 0.8
vn -0.0327442 0.0445608 -0.99847
v -0.0323457 0.0323457 0.122362 0.8 0.8 0.8
vn -0.0393119 0.0388898 -0.99847
v -0.0370074 0.0268875 0.122362 0.8 0.8 0.8
vn -0.0449117 0.0322613 -0.99847
v -0.0407579 0.0207672 0.122362 0.8 0.8 0.8
vn -0.0494055 0.0248384 -0.99847
v -0.0435048 0.0141356 0.122362 0.8 0.8 0.8
vn -0.0526828 0.0168038 -0.99847
v -0.0451805 0.00715588 0.122362 0.8 0.8 0.8
vn -0.0546629 0.00835556 -0.99847
v -0.0457437 -1.26888e-08 0.122362 0.8 0.8 0.8
vn -0.055297 -0.000298475 -0.99847
v -0.0451805 -0.0071559 0.122362 0.8 0.8 0.8
vn -0.0545695 -0.00894516 -0.99847
v -0.0435048 -0.0141356 0.122362 0.8 0.8 0.8
vn -0.0524983 -0.0173716 -0.99847
v -0.0407579 -0.0207672 0.122362 0.8 0.8 0.8
vn -0.0491345 -0.0253703 -0.99847
v -0.0370074 -0.0268875 0.122362 0.8 0.8 0.8
vn -0.0445608 -0.0327442 -0.99847
v -0.0323457 -0.0323457 0.122362 0.8 0.8 0.8
vn -0.0388898 -0.0393119 -0.99847
v -0.0268875 -0.0370074 0.122362 0.8 0.8 0.8
vn -0.0322613 -0.0449117 -0.99847
v -0.0207672 -0.0407579 0.122362 0.8 0.8 0.8
vn -0.0248384 -0.0494055 -0.99847
v -0.0141356 -0.0435048 0.122362 0.8 0.8 0.8
vn -0.0168039 -0.0526828 -0.99847
v -0.00715589 -0.0451805 0.122362 0.8 0.8 0.8
vn -0.00835556 -0.0546629 -0.99847
v -4.63969e-09 -0.0457437 0.122362 0.8 0.8 0.8
vn 0.000298471 -0.055297 -0.99847
v 0.00715588 -0.0451805 0.122362 0.8 0.8 0.8
vn 0.00894515 -0.0545695 -0.99847
v 0.0141356 -0.0435048 0.122362 0.8 0.8 0.8
vn 0.0173716 -0.0524983 -0.99847
v 0.0207672 -0.0407579 0.122362 0.8 0.8 0.8
vn 0.0253703 -0.0491345 -0.99847
v 0.0268875 -0.0370074 0.122362 0.8 0.8 0.8
vn 0.0327442 -0.0445608 -0.99847
v 0.0323457 -0.0323457 0.122362 0.8 0.8 0.8
vn 0.0393119 -0.0388898 -0.99847
v 0.0370074 -0.0268875 0.122362 0.8 0.8 0.8
vn 0.0449117 -0.0322613 -0.99847
v 0.0407579 -0.0207672 0.122362 0.8 0.8 0.8
vn 0.0494055 -0.0248384 -0.99847
v 0.0435048 -0.0141356 0.122362 0.8 0.8 0.8
vn 0.0526828 -0.0168038 -0.99847
v 0.0451805 -0.0071559 0.122362 0.8 0.8 0.8
vn 0.0546629 -0.00835556 -0.99847
v 0.0449192 -7.9762e-09 0.122331 0.8 0.8 0.8
vn 0.0207724 0.000157375 -0.999784
v 0.0443662 0.00702691 0.122331 0.8 0.8 0.8
vn 0.020492 0.00340496 -0.999784
v 0.0427207 0.0138808 0.122331 0.8 0.8 0.8
vn 0.0197071 0.0065687 -0.999784
v 0.0400233 0.0203929 0.122331 0.8 0.8 0.8
vn 0.0184369 0.00957069 -0.999784
v 0.0363404 0.0264029 0.122331 0.8 0.8 0.8
vn 0.0167127 0.012337 -0.999784
v 0.0317627 0.0317627 0.122331 0.8 0.8 0.8
vn 0.014577 0.0147996 -0.999784
v 0.0264029 0.0363404 0.122331 0.8 0.8 0.8
vn 0.0120824 0.0168977 -0.999784
v 0.0203929 0.0400233 0.122331 0.8 0.8 0.8
vn 0.00929025 0.0185798 -0.999784
v 0.0138808 0.0427207 0.122331 0.8 0.8 0.8
vn 0.00626935 0.0198044 -0.999784
v 0.00702692 0.0443662 0.122331 0.8 0.8 0.8
vn 0.00309408 0.0205413 -0.999784
v -2.38189e-09 0.0449192 0.122331 0.8 0.8 0.8
vn -0.000157374 0.0207724 -0.999784
v -0.00702692 0.0443662 0.122331 0.8 0.8 0.8
vn -0.00340495 0.020492 -0.999784
v -0.0138808 0.0427207 0.122331 0.8 0.8 0.8
vn -0.00656869 0.0197071 -0.999784
v -0.0203929 0.0400233 0.122331 0.8 0.8 0.8
vn -0.00957069 0.0184369 -0.999784
v -0.0264029 0.0363404 0.122331 0.8 0.8 0.8
vn -0.012337 0.0167127 -0.999784
v -0.0317627 0.0317627 0.122331 0.8 0.8 0.8
vn -0.0147996 0.014577 -0.999784
v -0.0363404 0.0264029 0.122331 0.8 0.8 0.8
vn -0.0168977 0.0120824 -0.999784
v -0.0400233 0.0203929 0.122331 0.8 0.8 0.8
vn -0.0185798 0.00929025 -0.999784
v -0.0427207 0.0138808 0.122331 0.8 0.8 0.8
vn -0.0198044 0.00626935 -0.999784
v -0.0443662 0.00702691 0.122331 0.8 0.8 0.8
vn -0.0205413 0.00309408 -0.999784
v -0.0449193 -1.2646e-08 0.122331 0.8 0.8 0.8
vn -0.0207724 -0.000157375 -0.999784
v -0.0443662 -0.00702693 0.122331 0.8 0.8 0.8
vn -0.020492 -0.00340496 -0.999784
v -0.0427207 -0.0138808 0.122331 0.8 0.8 0.8
vn -0.0197071 -0.0065687 -0.999784
v -0.0400233 -0.0203929 0.122331 0.8 0.8 0.8
vn -0.0184369 -0.00957069 -0.999784
v -0.0363404 -0.0264029 0.122331 0.8 0.8 0.8
vn -0.0167127 -0.012337 -0.999784
v -0.0317627 -0.0317627 0.122331 0.8 0.8 0.8
vn -0.014577 -0.0147996 -0.999784
v -0.0264029 -0.0363404 0.122331 0.8 0.8 0.8
vn -0.0120824 -0.0168977 -0.999784
v -0.0203929 -0.0400234 0.122331 0.8 0.8 0.8
vn -0.00929025 -0.0185798 -0.999784
v -0.0138808 -0.0427208 0.122331 0.8 0.8 0.8
vn -0.00626935 -0.0198044 -0.999784
v -0.00702692 -0.0443662 0.122331 0.8 0.8 0.8
vn -0.00309408 -0.0205413 -0.999784
v -4.61916e-09 -0.0449193 0.122331 0.8 0.8 0.8
vn 0.000157374 -0.0207724 -0.999784
v 0.00702691 -0.0443662 0.122331 0.8 0.8 0.8
vn 0.00340495 -0.020492 -0.999784
v 0.0138808 -0.0427208 0.122331 0.8 0.8 0.8
vn 0.00656869 -0.0197071 -0.999784
v 0.0203929 -0.0400233 0.122331 0.8 0.8 0.8
vn 0.00957069 -0.0184369 -0.999784
v 0.0264029 -0.0363404 0.122331 0.8 0.8 0.8
vn 0.012337 -0.0167127 -0.999784
v 0.0317627 -0.0317627 0.122331 0.8 0.8 0.8
vn 0.0147996 -0.014577 -0.999784
v 0.0363404 -0.0264029 0.122331 0.8 0.8 0.8
vn 0.0168977 -0.0120824 -0.999784
v 0.0400233 -0.0203929 0.122331 0.8 0.8 0.8
vn 0.0185798 -0.00929025 -0.999784
v 0.0427207 -0.0138808 0.122331 0.8 0.8 0.8
vn 0.0198044 -0.00626935 -0.999784
v 0.0443662 -0.00702693 0.122331 0.8 0.8 0.8
vn 0.0205413 -0.00309408 -0.999784
v 0.0434424 -8.05296e-09 0.122314 0.8 0.8 0.8
vn 0.000842298 1.85737e-05 -1
v 0.0429076 0.00679588 0.122314 0.8 0.8 0.8
vn 0.000827062 0.000149755 -1
v 0.0413162 0.0134244 0.122314 0.8 0.8 0.8
vn 0.000787912 0.000275355 -1
v 0.0387075 0.0197224 0.122314 0.8 0.8 0.8
vn 0.000726815 0.000390748 -1
v 0.0351456 0.0255348 0.122314 0.8 0.8 0.8
vn 0.000646745 0.000492032 -1
v 0.0307184 0.0307184 0.122314 0.8 0.8 0.8
vn 0.000551381 0.000576246 -1
v 0.0255348 0.0351456 0.122314 0.8 0.8 0.8
vn 0.000444779 0.000641462 -1
v 0.0197224 0.0387075 0.122314 0.8 0.8 0.8
vn 0.000331058 0.00068676 -1
v 0.0134244 0.0413162 0.122314 0.8 0.8 0.8
vn 0.000214143 0.000712115 -1
v 0.00679589 0.0429075 0.122314 0.8 0.8 0.8
vn 9.75781e-05 0.000718232 -1
v -2.41867e-09 0.0434424 0.122314 0.8 0.8 0.8
vn -1.5576e-05 0.000706358 -1
v -0.00679589 0.0429075 0.122314 0.8 0.8 0.8
vn -0.000122783 0.000678105 -1
v -0.0134244 0.0413162 0.122314 0.8 0.8 0.8
vn -0.000222018 0.00063529 -1
v -0.0197224 0.0387074 0.122314 0.8 0.8 0.8
vn -0.000311719 0.000579815 -1
v -0.0255348 0.0351456 0.122314 0.8 0.8 0.8
vn -0.000390723 0.00051358 -1
v -0.0307184 0.0307184 0.122314 0.8 0.8 0.8
vn -0.000458195 0.000438423 -1
v -0.0351456 0.0255348 0.122314 0.8 0.8 0.8
vn -0.000513557 0.000356091 -1
v -0.0387075 0.0197224 0.122314 0.8 0.8 0.8
vn -0.000556427 0.00026823 -1
v -0.0413162 0.0134244 0.122314 0.8 0.8 0.8
vn -0.000586566 0.000176389 -1
v -0.0429076 0.00679588 0.122314 0.8 0.8 0.8
vn -0.000603843 8.20373e-05 -1
v -0.0434424 -1.25692e-08 0.122314 0.8 0.8 0.8
vn -0.0006082 -1.34115e-05 -1
v -0.0429076 -0.0067959 0.122314 0.8 0.8 0.8
vn -0.00059964 -0.000108576 -1
v -0.0413162 -0.0134245 0.122314 0.8 0.8 0.8
vn -0.000578221 -0.000202074 -1
v -0.0387075 -0.0197224 0.122314 0.8 0.8 0.8
vn -0.000544062 -0.000292497 -1
v -0.0351456 -0.0255348 0.122314 0.8 0.8 0.8
vn -0.000497361 -0.000378383 -1
v -0.0307184 -0.0307184 0.122314 0.8 0.8 0.8
vn -0.000438423 -0.000458195 -1
v -0.0255348 -0.0351457 0.122314 0.8 0.8 0.8
vn -0.000367704 -0.000530305 -1
v -0.0197224 -0.0387075 0.122314 0.8 0.8 0.8
vn -0.000285857 -0.000592992 -1
v -0.0134244 -0.0413162 0.122314 0.8 0.8 0.8
vn -0.000193798 -0.000644459 -1
v -0.00679589 -0.0429076 0.122314 0.8 0.8 0.8
vn -9.27723e-05 -0.000682858 -1
v -4.58238e-09 -0.0434424 0.122314 0.8 0.8 0.8
vn 1.5576e-05 -0.000706358 -1
v 0.00679588 -0.0429076 0.122314 0.8 0.8 0.8
vn 0.000129143 -0.000713232 -1
v 0.0134244 -0.0413162 0.122314 0.8 0.8 0.8
vn 0.000245325 -0.000701983 -1
v 0.0197224 -0.0387075 0.122314 0.8 0.8 0.8
vn 0.000361009 -0.000671499 -1
v 0.0255348 -0.0351456 0.122314 0.8 0.8 0.8
vn 0.000472623 -0.000621233 -1
v 0.0307184 -0.0307184 0.122314 0.8 0.8 0.8
vn 0.000576246 -0.000551381 -1
v 0.0351456 -0.0255348 0.122314 0.8 0.8 0.8
vn 0.000667805 -0.000463044 -1
v 0.0387075 -0.0197224 0.122314 0.8 0.8 0.8
vn 0.000743333 -0.00035833 -1
v 0.0413162 -0.0134244 0.122314 0.8 0.8 0.8
vn 0.000799284 -0.000240356 -1
v 0.0429076 -0.0067959 0.122314 0.8 0.8 0.8
vn 0.00083286 -0.000113151 -1
v 0.00188595 -1.02131e-08 0.2303 0.8 0.8 0.8
vn -1.70506e-27 -6.84675e-20 1
v 0.00262706 -1.01745e-08 0.140846 0.8 0.8 0.8
vn -3.51643e-27 -1.41204e-19 -1
v 0.0111161 -9.73328e-09 0.230272 0.8 0.8 0.8
vn 0.0158579 -0.00034993 0.999874
v 0.0109792 0.00173893 0.230272 0.8 0.8 0.8
vn 0.0156803 0.00213006 0.999875
v 0.010572 0.00343505 0.230272 0.8 0.8 0.8
vn 0.0150485 0.00452503 0.999877
v 0.0099045 0.00504658 0.230272 0.8 0.8 0.8
vn 0.0139955 0.00674636 0.999879
v 0.00899309 0.00653386 0.230272 0.8 0.8 0.8
vn 0.0125739 0.00871825 0.999883
v 0.00786025 0.00786024 0.230272 0.8 0.8 0.8
vn 0.0108505 0.010382 0.999887
v 0.00653386 0.00899309 0.230272 0.8 0.8 0.8
vn 0.00889977 0.0116978 0.999892
v 0.00504659 0.00990449 0.230272 0.8 0.8 0.8
vn 0.00679843 0.012645 0.999897
v 0.00343505 0.010572 0.230272 0.8 0.8 0.8
vn 0.00462022 0.0132198 0.999902
v 0.00173893 0.0109792 0.230272 0.8 0.8 0.8
vn 0.00243239 0.0134324 0.999907
v -3.2237e-09 0.0111161 0.230272 0.8 0.8 0.8
vn 0.000293568 0.0133036 0.999911
v -0.00173894 0.0109792 0.230272 0.8 0.8 0.8
vn -0.00174717 0.0128617 0.999916
v -0.00343506 0.010572 0.230272 0.8 0.8 0.8
vn -0.00365016 0.012139 0.99992
v -0.0050466 0.00990449 0.230272 0.8 0.8 0.8
vn -0.00538441 0.0111701 0.999923
v -0.00653387 0.00899309 0.230272 0.8 0.8 0.8
vn -0.00692641 0.00998963 0.999926
v -0.00786026 0.00786024 0.230272 0.8 0.8 0.8
vn -0.00825885 0.00863156 0.999929
v -0.0089931 0.00653386 0.230272 0.8 0.8 0.8
vn -0.00936937 0.00712828 0.999931
v -0.0099045 0.00504658 0.230272 0.8 0.8 0.8
vn -0.0102494 0.00551044 0.999932
v -0.010572 0.00343505 0.230272 0.8 0.8 0.8
vn -0.0108931 0.00380704 0.999933
v -0.0109792 0.00173893 0.230272 0.8 0.8 0.8
vn -0.0112967 0.00204565 0.999934
v -0.0111161 -1.08889e-08 0.230272 0.8 0.8 0.8
vn -0.011458 0.00025284 0.999934
v -0.0109792 -0.00173895 0.230272 0.8 0.8 0.8
vn -0.0113759 -0.00154534 0.999934
v -0.010572 -0.00343507 0.230272 0.8 0.8 0.8
vn -0.0110504 -0.00332282 0.999933
v -0.0099045 -0.00504661 0.230272 0.8 0.8 0.8
vn -0.0104825 -0.00505296 0.999932
v -0.0089931 -0.00653388 0.230272 0.8 0.8 0.8
vn -0.00967469 -0.00670804 0.999931
v -0.00786026 -0.00786027 0.230272 0.8 0.8 0.8
vn -0.00863156 -0.00825885 0.999929
v -0.00653387 -0.00899311 0.230272 0.8 0.8 0.8
vn -0.00736033 -0.00967437 0.999926
v -0.0050466 -0.00990451 0.230272 0.8 0.8 0.8
vn -0.0058719 -0.0109217 0.999923
v -0.00343506 -0.010572 0.230272 0.8 0.8 0.8
vn -0.00418209 -0.0119662 0.99992
v -0.00173894 -0.0109792 0.230272 0.8 0.8 0.8
vn -0.00231282 -0.0127721 0.999916
v -3.77735e-09 -0.0111161 0.230272 0.8 0.8 0.8
vn -0.000293568 -0.0133036 0.999911
v 0.00173893 -0.0109792 0.230272 0.8 0.8 0.8
vn 0.00183749 -0.0135266 0.999907
v 0.00343505 -0.010572 0.230272 0.8 0.8 0.8
vn 0.00403257 -0.0134107 0.999902
v 0.00504659 -0.00990451 0.230272 0.8 0.8 0.8
vn 0.00623402 -0.0129326 0.999897
v 0.00653386 -0.00899311 0.230272 0.8 0.8 0.8
vn 0.0083751 -0.012079 0.999892
v 0.00786025 -0.00786026 0.230272 0.8 0.8 0.8
vn 0.010382 -0.0108505 0.999887
v 0.00899309 -0.00653388 0.230272 0.8 0.8 0.8
vn 0.0121771 -0.00926442 0.999883
v 0.0099045 -0.0050466 0.230272 0.8 0.8 0.8
vn 0.0136842 -0.00735716 0.999879
v 0.010572 -0.00343507 0.230272 0.8 0.8 0.8
vn 0.0148342 -0.00518444 0.999877
v 0.0109792 -0.00173895 0.230272 0.8 0.8 0.8
vn 0.0155711 -0.00281967 0.999875
v 0.0115052 -9.71305e-09 0.230188 0.8 0.8 0.8
vn 0.348736 -0.00265451 0.937217
v 0.0113636 0.0017998 0.230188 0.8 0.8 0.8
vn 0.344857 0.0519324 0.937217
v 0.0109421 0.0035553 0.230188 0.8 0.8 0.8
vn 0.332488 0.105241 0.937217
v 0.0102512 0.00522325 0.230188 0.8 0.8 0.8
vn 0.311931 0.155957 0.937217
v 0.00930792 0.00676259 0.230188 0.8 0.8 0.8
vn 0.283693 0.202834 0.937217
v 0.00813542 0.00813541 0.230188 0.8 0.8 0.8
vn 0.24847 0.244716 0.937217
v 0.0067626 0.00930791 0.230188 0.8 0.8 0.8
vn 0.207129 0.280573 0.937217
v 0.00522326 0.0102512 0.230188 0.8 0.8 0.8
vn 0.160688 0.309521 0.937217
v 0.00355531 0.0109421 0.230188 0.8 0.8 0.8
vn 0.11029 0.330847 0.937217
v 0.00179981 0.0113636 0.230188 0.8 0.8 0.8
vn 0.0571761 0.344027 0.937217
v -3.21401e-09 0.0115052 0.230188 0.8 0.8 0.8
vn 0.00265453 0.348736 0.937217
v -0.00179982 0.0113636 0.230188 0.8 0.8 0.8
vn -0.0519324 0.344857 0.937217
v -0.00355531 0.0109421 0.230188 0.8 0.8 0.8
vn -0.105241 0.332488 0.937217
v -0.00522327 0.0102512 0.230188 0.8 0.8 0.8
vn -0.155957 0.311931 0.937217
v -0.0067626 0.00930791 0.230188 0.8 0.8 0.8
vn -0.202834 0.283693 0.937217
v -0.00813543 0.00813541 0.230188 0.8 0.8 0.8
vn -0.244716 0.24847 0.937217
v -0.00930793 0.00676259 0.230188 0.8 0.8 0.8
vn -0.280573 0.207129 0.937217
v -0.0102512 0.00522325 0.230188 0.8 0.8 0.8
vn -0.309521 0.160688 0.937217
v -0.0109421 0.0035553 0.230188 0.8 0.8 0.8
vn -0.330847 0.11029 0.937217
v -0.0113636 0.0017998 0.230188 0.8 0.8 0.8
vn -0.344027 0.0571761 0.937217
v -0.0115052 -1.09091e-08 0.230188 0.8 0.8 0.8
vn -0.348736 0.00265451 0.937217
v -0.0113636 -0.00179982 0.230188 0.8 0.8 0.8
vn -0.344857 -0.0519324 0.937217
v -0.0109421 -0.00355532 0.230188 0.8 0.8 0.8
vn -0.332488 -0.105241 0.937217
v -0.0102512 -0.00522327 0.230188 0.8 0.8 0.8
vn -0.311931 -0.155957 0.937217
v -0.00930793 -0.00676261 0.230188 0.8 0.8 0.8
vn -0.283693 -0.202834 0.937217
v -0.00813543 -0.00813543 0.230188 0.8 0.8 0.8
vn -0.24847 -0.244716 0.937217
v -0.00676261 -0.00930793 0.230188 0.8 0.8 0.8
vn -0.207129 -0.280573 0.937217
v -0.00522327 -0.0102512 0.230188 0.8 0.8 0.8
vn -0.160688 -0.309521 0.937217
v -0.00355531 -0.0109421 0.230188 0.8 0.8 0.8
vn -0.11029 -0.330847 0.937217
v -0.00179982 -0.0113636 0.230188 0.8 0.8 0.8
vn -0.0571761 -0.344027 0.937217
v -3.78705e-09 -0.0115052 0.230188 0.8 0.8 0.8
vn -0.00265453 -0.348736 0.937217
v 0.00179981 -0.0113636 0.230188 0.8 0.8 0.8
vn 0.0519324 -0.344857 0.937217
v 0.00355531 -0.0109421 0.230188 0.8 0.8 0.8
vn 0.105241 -0.332488 0.937217
v 0.00522326 -0.0102512 0.230188 0.8 0.8 0.8
vn 0.155957 -0.311931 0.937217
v 0.0067626 -0.00930793 0.230188 0.8 0.8 0.8
vn 0.202834 -0.283693 0.937217
v 0.00813542 -0.00813543 0.230188 0.8 0.8 0.8
vn 0.244716 -0.24847 0.937217
v 0.00930792 -0.00676261 0.230188 0.8 0.8 0.8
vn 0.280573 -0.207129 0.937217
v 0.0102512 -0.00522327 0.230188 0.8 0.8 0.8
vn 0.309521 -0.160688 0.937217
v 0.0109421 -0.00355532 0.230188 0.8 0.8 0.8
vn 0.330847 -0.11029 0.937217
v 0.0113636 -0.00179982 0.230188 0.8 0.8 0.8
vn 0.344027 -0.0571761 0.937217
v 0.0117361 -9.70105e-09 0.230043 0.8 0.8 0.8
vn 0.674052 -0.00367554 0.738675
v 0.0115916 0.00183593 0.230043 0.8 0.8 0.8
vn 0.666328 0.101815 0.738675
v 0.0111617 0.00362666 0.230043 0.8 0.8 0.8
vn 0.642197 0.204798 0.738675
v 0.010457 0.00532809 0.230043 0.8 0.8 0.8
vn 0.602253 0.302738 0.738675
v 0.00949473 0.00689832 0.230043 0.8 0.8 0.8
vn 0.54748 0.393224 0.738675
v 0.0082987 0.00829869 0.230043 0.8 0.8 0.8
vn 0.479225 0.474027 0.738675
v 0.00689833 0.00949472 0.230043 0.8 0.8 0.8
vn 0.399171 0.543159 0.738675
v 0.00532809 0.010457 0.230043 0.8 0.8 0.8
vn 0.309288 0.598916 0.738675
v 0.00362666 0.0111617 0.230043 0.8 0.8 0.8
vn 0.211789 0.639925 0.738675
v 0.00183593 0.0115916 0.230043 0.8 0.8 0.8
vn 0.109075 0.665178 0.738675
v -3.20826e-09 0.0117361 0.230043 0.8 0.8 0.8
vn 0.00367559 0.674052 0.738675
v -0.00183594 0.0115916 0.230043 0.8 0.8 0.8
vn -0.101815 0.666328 0.738675
v -0.00362667 0.0111617 0.230043 0.8 0.8 0.8
vn -0.204798 0.642197 0.738675
v -0.0053281 0.010457 0.230043 0.8 0.8 0.8
vn -0.302738 0.602253 0.738675
v -0.00689833 0.00949472 0.230043 0.8 0.8 0.8
vn -0.393224 0.54748 0.738675
v -0.00829871 0.00829869 0.230043 0.8 0.8 0.8
vn -0.474027 0.479225 0.738675
v -0.00949474 0.00689832 0.230043 0.8 0.8 0.8
vn -0.543159 0.399171 0.738675
v -0.010457 0.00532808 0.230043 0.8 0.8 0.8
vn -0.598916 0.309288 0.738675
v -0.0111617 0.00362666 0.230043 0.8 0.8 0.8
vn -0.639925 0.211789 0.738675
v -0.0115917 0.00183593 0.230043 0.8 0.8 0.8
vn -0.665178 0.109075 0.738675
v -0.0117361 -1.09211e-08 0.230043 0.8 0.8 0.8
vn -0.674052 0.00367554 0.738675
v -0.0115917 -0.00183595 0.230043 0.8 0.8 0.8
vn -0.666328 -0.101815 0.738675
v -0.0111617 -0.00362668 0.230043 0.8 0.8 0.8
vn -0.642197 -0.204798 0.738675
v -0.010457 -0.00532811 0.230043 0.8 0.8 0.8
vn -0.602253 -0.302738 0.738675
v -0.00949474 -0.00689834 0.230043 0.8 0.8 0.8
vn -0.54748 -0.393224 0.738675
v -0.00829871 -0.00829871 0.230043 0.8 0.8 0.8
vn -0.479225 -0.474027 0.738675
v -0.00689833 -0.00949475 0.230043 0.8 0.8 0.8
vn -0.399171 -0.543159 0.738675
v -0.0053281 -0.010457 0.230043 0.8 0.8 0.8
vn -0.309288 -0.598916 0.738675
v -0.00362667 -0.0111617 0.230043 0.8 0.8 0.8
vn -0.211789 -0.639925 0.738675
v -0.00183594 -0.0115917 0.230043 0.8 0.8 0.8
vn -0.109075 -0.665178 0.738675
v -3.7928e-09 -0.0117361 0.230043 0.8 0.8 0.8
vn -0.00367559 -0.674052 0.738675
v 0.00183593 -0.0115917 0.230043 0.8 0.8 0.8
vn 0.101815 -0.666328 0.738675
v 0.00362666 -0.0111617 0.230043 0.8 0.8 0.8
vn 0.204798 -0.642197 0.738675
v 0.00532809 -0.010457 0.230043 0.8 0.8 0.8
vn 0.302738 -0.602253 0.738675
v 0.00689833 -0.00949474 0.230043 0.8 0.8 0.8
vn 0.393224 -0.54748 0.738675
v 0.0082987 -0.00829871 0.230043 0.8 0.8 0.8
vn 0.474027 -0.479225 0.738675
v 0.00949473 -0.00689834 0.230043 0.8 0.8 0.8
vn 0.543159 -0.399171 0.738675
v 0.010457 -0.0053281 0.230043 0.8 0.8 0.8
vn 0.598916 -0.309288 0.738675
v 0.0111617 -0.00362668 0.230043 0.8 0.8 0.8
vn 0.639925 -0.211789 0.738675
v 0.0115916 -0.00183595 0.230043 0.8 0.8 0.8
vn 0.665178 -0.109075 0.738675
v 0.0118999 -9.69254e-09 0.229828 0.8 0.8 0.8
vn 0.870094 -0.00397004 0.492869
v 0.0117533 0.00186154 0.229828 0.8 0.8 0.8
vn 0.860003 0.132192 0.492869
v 0.0113174 0.00367725 0.229828 0.8 0.8 0.8
vn 0.828736 0.265098 0.492869
v 0.0106028 0.00540241 0.229828 0.8 0.8 0.8
vn 0.777062 0.391477 0.492869
v 0.00962718 0.00699455 0.229828 0.8 0.8 0.8
vn 0.706255 0.508217 0.492869
v 0.00841446 0.00841446 0.229828 0.8 0.8 0.8
vn 0.618057 0.612442 0.492869
v 0.00699456 0.00962717 0.229828 0.8 0.8 0.8
vn 0.51464 0.701587 0.492869
v 0.00540242 0.0106028 0.229828 0.8 0.8 0.8
vn 0.398552 0.773457 0.492869
v 0.00367725 0.0113174 0.229828 0.8 0.8 0.8
vn 0.27265 0.826282 0.492869
v 0.00186154 0.0117533 0.229828 0.8 0.8 0.8
vn 0.140034 0.858761 0.492869
v -3.20418e-09 0.0118998 0.229828 0.8 0.8 0.8
vn 0.0039701 0.870094 0.492869
v -0.00186155 0.0117533 0.229828 0.8 0.8 0.8
vn -0.132192 0.860003 0.492869
v -0.00367726 0.0113174 0.229828 0.8 0.8 0.8
vn -0.265098 0.828736 0.492869
v -0.00540242 0.0106028 0.229828 0.8 0.8 0.8
vn -0.391477 0.777062 0.492869
v -0.00699456 0.00962717 0.229828 0.8 0.8 0.8
vn -0.508217 0.706255 0.492869
v -0.00841447 0.00841446 0.229828 0.8 0.8 0.8
vn -0.612442 0.618057 0.492869
v -0.00962719 0.00699455 0.229828 0.8 0.8 0.8
vn -0.701587 0.51464 0.492869
v -0.0106029 0.00540241 0.229828 0.8 0.8 0.8
vn -0.773457 0.398552 0.492869
v -0.0113174 0.00367725 0.229828 0.8 0.8 0.8
vn -0.826282 0.27265 0.492869
v -0.0117534 0.00186154 0.229828 0.8 0.8 0.8
vn -0.858761 0.140034 0.492869
v -0.0118999 -1.09296e-08 0.229828 0.8 0.8 0.8
vn -0.870094 0.00397004 0.492869
v -0.0117534 -0.00186156 0.229828 0.8 0.8 0.8
vn -0.860003 -0.132192 0.492869
v -0.0113174 -0.00367727 0.229828 0.8 0.8 0.8
vn -0.828736 -0.265098 0.492869
v -0.0106029 -0.00540243 0.229828 0.8 0.8 0.8
vn -0.777062 -0.391477 0.492869
v -0.00962719 -0.00699457 0.229828 0.8 0.8 0.8
vn -0.706255 -0.508217 0.492869
v -0.00841447 -0.00841448 0.229828 0.8 0.8 0.8
vn -0.618057 -0.612442 0.492869
v -0.00699456 -0.00962719 0.229828 0.8 0.8 0.8
vn -0.51464 -0.701587 0.492869
v -0.00540242 -0.0106029 0.229828 0.8 0.8 0.8
vn -0.398552 -0.773457 0.492869
v -0.00367726 -0.0113174 0.229828 0.8 0.8 0.8
vn -0.27265 -0.826282 0.492869
v -0.00186155 -0.0117534 0.229828 0.8 0.8 0.8
vn -0.140034 -0.858761 0.492869
v -3.79687e-09 -0.0118999 0.229828 0.8 0.8 0.8
vn -0.0039701 -0.870094 0.492869
v 0.00186154 -0.0117534 0.229828 0.8 0.8 0.8
vn 0.132192 -0.860003 0.492869
v 0.00367725 -0.0113174 0.229828 0.8 0.8 0.8
vn 0.265098 -0.828736 0.492869
v 0.00540242 -0.0106029 0.229828 0.8 0.8 0.8
vn 0.391477 -0.777062 0.492869
v 0.00699456 -0.00962719 0.229828 0.8 0.8 0.8
vn 0.508217 -0.706255 0.492869
v 0.00841446 -0.00841448 0.229828 0.8 0.8 0.8
vn 0.612442 -0.618057 0.492869
v 0.00962718 -0.00699457 0.229828 0.8 0.8 0.8
vn 0.701587 -0.51464 0.492869
v 0.0106028 -0.00540243 0.229828 0.8 0.8 0.8
vn 0.773457 -0.398552 0.492869
v 0.0113174 -0.00367727 0.229828 0.8 0.8 0.8
vn 0.826282 -0.27265 0.492869
v 0.0117533 -0.00186156 0.229828 0.8 0.8 0.8
vn 0.858761 -0.140034 0.492869
v 0.012026 -9.68598e-09 0.229531 0.8 0.8 0.8
vn 0.950757 -0.00405363 0.309911
v 0.0118779 0.00188127 0.229531 0.8 0.8 0.8
vn 0.939686 0.144727 0.309911
v 0.0114374 0.00371622 0.229531 0.8 0.8 0.8
vn 0.905476 0.289945 0.309911
v 0.0107152 0.00545966 0.229531 0.8 0.8 0.8
vn 0.848971 0.428023 0.309911
v 0.00972921 0.00706867 0.229531 0.8 0.8 0.8
vn 0.771561 0.555561 0.309911
v 0.00850364 0.00850363 0.229531 0.8 0.8 0.8
vn 0.675153 0.66942 0.309911
v 0.00706868 0.0097292 0.229531 0.8 0.8 0.8
vn 0.562121 0.766796 0.309911
v 0.00545967 0.0107152 0.229531 0.8 0.8 0.8
vn 0.435247 0.84529 0.309911
v 0.00371622 0.0114374 0.229531 0.8 0.8 0.8
vn 0.297655 0.902971 0.309911
v 0.00188127 0.0118779 0.229531 0.8 0.8 0.8
vn 0.152735 0.938417 0.309911
v -3.20104e-09 0.012026 0.229531 0.8 0.8 0.8
vn 0.00405371 0.950757 0.309911
v -0.00188128 0.0118779 0.229531 0.8 0.8 0.8
vn -0.144727 0.939686 0.309911
v -0.00371623 0.0114374 0.229531 0.8 0.8 0.8
vn -0.289945 0.905476 0.309911
v -0.00545968 0.0107152 0.229531 0.8 0.8 0.8
vn -0.428023 0.848971 0.309911
v -0.00706869 0.0097292 0.229531 0.8 0.8 0.8
vn -0.555561 0.771561 0.309911
v -0.00850364 0.00850363 0.229531 0.8 0.8 0.8
vn -0.66942 0.675153 0.309911
v -0.00972921 0.00706867 0.229531 0.8 0.8 0.8
vn -0.766796 0.56212 0.309911
v -0.0107152 0.00545966 0.229531 0.8 0.8 0.8
vn -0.84529 0.435246 0.309911
v -0.0114374 0.00371622 0.229531 0.8 0.8 0.8
vn -0.902971 0.297655 0.309911
v -0.0118779 0.00188126 0.229531 0.8 0.8 0.8
vn -0.938418 0.152735 0.309911
v -0.012026 -1.09362e-08 0.229531 0.8 0.8 0.8
vn -0.950757 0.00405363 0.309911
v -0.0118779 -0.00188129 0.229531 0.8 0.8 0.8
vn -0.939686 -0.144727 0.309911
v -0.0114374 -0.00371624 0.229531 0.8 0.8 0.8
vn -0.905476 -0.289945 0.309911
v -0.0107152 -0.00545968 0.229531 0.8 0.8 0.8
vn -0.848971 -0.428023 0.309911
v -0.00972921 -0.00706869 0.229531 0.8 0.8 0.8
vn -0.771561 -0.555561 0.309911
v -0.00850364 -0.00850365 0.229531 0.8 0.8 0.8
vn -0.675153 -0.66942 0.309911
v -0.00706869 -0.00972922 0.229531 0.8 0.8 0.8
vn -0.562121 -0.766796 0.309911
v -0.00545968 -0.0107152 0.229531 0.8 0.8 0.8
vn -0.435247 -0.84529 0.309911
v -0.00371623 -0.0114374 0.229531 0.8 0.8 0.8
vn -0.297655 -0.902971 0.309911
v -0.00188128 -0.0118779 0.229531 0.8 0.8 0.8
vn -0.152735 -0.938417 0.309911
v -3.80001e-09 -0.012026 0.229531 0.8 0.8 0.8
vn -0.00405371 -0.950757 0.309911
v 0.00188127 -0.0118779 0.229531 0.8 0.8 0.8
vn 0.144727 -0.939686 0.309911
v 0.00371622 -0.0114374 0.229531 0.8 0.8 0.8
vn 0.289945 -0.905476 0.309911
v 0.00545967 -0.0107152 0.229531 0.8 0.8 0.8
vn 0.428023 -0.848971 0.309911
v 0.00706868 -0.00972922 0.229531 0.8 0.8 0.8
vn 0.555561 -0.771561 0.309911
v 0.00850364 -0.00850365 0.229531 0.8 0.8 0.8
vn 0.66942 -0.675153 0.309911
v 0.00972921 -0.00706869 0.229531 0.8 0.8 0.8
vn 0.766796 -0.56212 0.309911
v 0.0107152 -0.00545968 0.229531 0.8 0.8 0.8
vn 0.84529 -0.435246 0.309911
v 0.0114374 -0.00371624 0.229531 0.8 0.8 0.8
vn 0.902971 -0.297655 0.309911
v 0.0118779 -0.00188128 0.229531 0.8 0.8 0.8
vn 0.938418 -0.152735 0.309911
v 0.0121286 -9.68065e-09 0.229127 0.8 0.8 0.8
vn 0.980893 -0.00432698 0.194502
v 0.0119793 0.00189733 0.229127 0.8 0.8 0.8
vn 0.969493 0.149172 0.194502
v 0.011535 0.00374794 0.229127 0.8 0.8 0.8
vn 0.934222 0.298997 0.194502
v 0.0108067 0.00550627 0.229127 0.8 0.8 0.8
vn 0.875946 0.441461 0.194502
v 0.00981226 0.00712902 0.229127 0.8 0.8 0.8
vn 0.796102 0.573054 0.194502
v 0.00857623 0.00857623 0.229127 0.8 0.8 0.8
vn 0.696656 0.690536 0.194502
v 0.00712903 0.00981226 0.229127 0.8 0.8 0.8
vn 0.580055 0.791015 0.194502
v 0.00550628 0.0108067 0.229127 0.8 0.8 0.8
vn 0.449171 0.872017 0.194502
v 0.00374795 0.011535 0.229127 0.8 0.8 0.8
vn 0.307228 0.931547 0.194502
v 0.00189733 0.0119793 0.229127 0.8 0.8 0.8
vn 0.157719 0.968139 0.194502
v -3.19849e-09 0.0121286 0.229127 0.8 0.8 0.8
vn 0.00432705 0.980893 0.194502
v -0.00189734 0.0119793 0.229127 0.8 0.8 0.8
vn -0.149172 0.969493 0.194502
v -0.00374796 0.011535 0.229127 0.8 0.8 0.8
vn -0.298997 0.934221 0.194502
v -0.00550629 0.0108067 0.229127 0.8 0.8 0.8
vn -0.441461 0.875946 0.194502
v -0.00712903 0.00981226 0.229127 0.8 0.8 0.8
vn -0.573054 0.796102 0.194502
v -0.00857624 0.00857622 0.229127 0.8 0.8 0.8
vn -0.690536 0.696655 0.194502
v -0.00981227 0.00712902 0.229127 0.8 0.8 0.8
vn -0.791015 0.580055 0.194502
v -0.0108067 0.00550627 0.229127 0.8 0.8 0.8
vn -0.872017 0.449171 0.194502
v -0.011535 0.00374794 0.229127 0.8 0.8 0.8
vn -0.931547 0.307228 0.194502
v -0.0119793 0.00189732 0.229127 0.8 0.8 0.8
vn -0.968139 0.157719 0.194502
v -0.0121286 -1.09415e-08 0.229127 0.8 0.8 0.8
vn -0.980893 0.00432698 0.194502
v -0.0119793 -0.00189735 0.229127 0.8 0.8 0.8
vn -0.969493 -0.149172 0.194502
v -0.011535 -0.00374796 0.229127 0.8 0.8 0.8
vn -0.934222 -0.298997 0.194502
v -0.0108067 -0.00550629 0.229127 0.8 0.8 0.8
vn -0.875946 -0.441461 0.194502
v -0.00981227 -0.00712904 0.229127 0.8 0.8 0.8
vn -0.796102 -0.573054 0.194502
v -0.00857624 -0.00857625 0.229127 0.8 0.8 0.8
vn -0.696656 -0.690536 0.194502
v -0.00712903 -0.00981228 0.229127 0.8 0.8 0.8
vn -0.580055 -0.791015 0.194502
v -0.00550629 -0.0108067 0.229127 0.8 0.8 0.8
vn -0.449171 -0.872017 0.194502
v -0.00374796 -0.011535 0.229127 0.8 0.8 0.8
vn -0.307228 -0.931547 0.194502
v -0.00189734 -0.0119793 0.229127 0.8 0.8 0.8
vn -0.157719 -0.968139 0.194502
v -3.80257e-09 -0.0121286 0.229127 0.8 0.8 0.8
vn -0.00432705 -0.980893 0.194502
v 0.00189733 -0.0119793 0.229127 0.8 0.8 0.8
vn 0.149172 -0.969493 0.194502
v 0.00374795 -0.011535 0.229127 0.8 0.8 0.8
vn 0.298997 -0.934221 0.194502
v 0.00550628 -0.0108067 0.229127 0.8 0.8 0.8
vn 0.441461 -0.875946 0.194502
v 0.00712903 -0.00981228 0.229127 0.8 0.8 0.8
vn 0.573054 -0.796102 0.194502
v 0.00857623 -0.00857624 0.229127 0.8 0.8 0.8
vn 0.690536 -0.696655 0.194502
v 0.00981226 -0.00712904 0.229127 0.8 0.8 0.8
vn 0.791015 -0.580055 0.194502
v 0.0108067 -0.00550629 0.229127 0.8 0.8 0.8
vn 0.872017 -0.449171 0.194502
v 0.011535 -0.00374796 0.229127 0.8 0.8 0.8
vn 0.931547 -0.307228 0.194502
v 0.0119793 -0.00189735 0.229127 0.8 0.8 0.8
vn 0.968139 -0.157719 0.194502
v 0.0122171 -9.67605e-09 0.228568 0.8 0.8 0.8
vn 0.992283 -0.00509638 0.123888
v 0.0120667 0.00191116 0.228568 0.8 0.8 0.8
vn 0.980864 0.150194 0.123888
v 0.0116191 0.00377527 0.228568 0.8 0.8 0.8
vn 0.945292 0.301785 0.123888
v 0.0108855 0.00554643 0.228568 0.8 0.8 0.8
vn 0.886445 0.445946 0.123888
v 0.00988382 0.00718101 0.228568 0.8 0.8 0.8
vn 0.80577 0.579126 0.123888
v 0.00863877 0.00863877 0.228568 0.8 0.8 0.8
vn 0.705254 0.698046 0.123888
v 0.00718101 0.00988381 0.228568 0.8 0.8 0.8
vn 0.587373 0.799778 0.123888
v 0.00554643 0.0108855 0.228568 0.8 0.8 0.8
vn 0.455028 0.881817 0.123888
v 0.00377528 0.0116191 0.228568 0.8 0.8 0.8
vn 0.311479 0.942142 0.123888
v 0.00191117 0.0120667 0.228568 0.8 0.8 0.8
vn 0.160261 0.979269 0.123888
v -3.19628e-09 0.0122171 0.228568 0.8 0.8 0.8
vn 0.00509646 0.992283 0.123888
v -0.00191118 0.0120667 0.228568 0.8 0.8 0.8
vn -0.150194 0.980864 0.123888
v -0.00377529 0.0116191 0.228568 0.8 0.8 0.8
vn -0.301785 0.945292 0.123888
v -0.00554644 0.0108855 0.228568 0.8 0.8 0.8
vn -0.445946 0.886444 0.123888
v -0.00718102 0.00988381 0.228568 0.8 0.8 0.8
vn -0.579126 0.805769 0.123888
v -0.00863878 0.00863877 0.228568 0.8 0.8 0.8
vn -0.698046 0.705254 0.123888
v -0.00988383 0.00718101 0.228568 0.8 0.8 0.8
vn -0.799778 0.587372 0.123888
v -0.0108855 0.00554643 0.228568 0.8 0.8 0.8
vn -0.881817 0.455028 0.123888
v -0.0116191 0.00377527 0.228568 0.8 0.8 0.8
vn -0.942143 0.311479 0.123888
v -0.0120667 0.00191116 0.228568 0.8 0.8 0.8
vn -0.979269 0.160261 0.123888
v -0.0122171 -1.09461e-08 0.228568 0.8 0.8 0.8
vn -0.992283 0.00509638 0.123888
v -0.0120667 -0.00191118 0.228568 0.8 0.8 0.8
vn -0.980864 -0.150194 0.123888
v -0.0116191 -0.00377529 0.228568 0.8 0.8 0.8
vn -0.945292 -0.301785 0.123888
v -0.0108855 -0.00554645 0.228568 0.8 0.8 0.8
vn -0.886445 -0.445946 0.123888
v -0.00988383 -0.00718103 0.228568 0.8 0.8 0.8
vn -0.80577 -0.579126 0.123888
v -0.00863878 -0.00863879 0.228568 0.8 0.8 0.8
vn -0.705254 -0.698046 0.123888
v -0.00718102 -0.00988383 0.228568 0.8 0.8 0.8
vn -0.587373 -0.799778 0.123888
v -0.00554644 -0.0108855 0.228568 0.8 0.8 0.8
vn -0.455028 -0.881817 0.123888
v -0.00377529 -0.0116191 0.228568 0.8 0.8 0.8
vn -0.311479 -0.942142 0.123888
v -0.00191118 -0.0120667 0.228568 0.8 0.8 0.8
vn -0.160261 -0.979269 0.123888
v -3.80477e-09 -0.0122171 0.228568 0.8 0.8 0.8
vn -0.00509646 -0.992283 0.123888
v 0.00191117 -0.0120667 0.228568 0.8 0.8 0.8
vn 0.150194 -0.980864 0.123888
v 0.00377528 -0.0116191 0.228568 0.8 0.8 0.8
vn 0.301785 -0.945292 0.123888
v 0.00554643 -0.0108855 0.228568 0.8 0.8 0.8
vn 0.445946 -0.886444 0.123888
v 0.00718101 -0.00988383 0.228568 0.8 0.8 0.8
vn 0.579126 -0.805769 0.123888
v 0.00863877 -0.00863879 0.228568 0.8 0.8 0.8
vn 0.698046 -0.705254 0.123888
v 0.00988382 -0.00718103 0.228568 0.8 0.8 0.8
vn 0.799778 -0.587372 0.123888
v 0.0108855 -0.00554645 0.228568 0.8 0.8 0.8
vn 0.881817 -0.455028 0.123888
v 0.0116191 -0.00377529 0.228568 0.8 0.8 0.8
vn 0.942143 -0.311479 0.123888
v 0.0120667 -0.00191118 0.228568 0.8 0.8 0.8
vn 0.979269 -0.160261 0.123888
v 0.0123007 -9.6717e-09 0.227749 0.8 0.8 0.8
vn 0.996647 -0.00713574 0.0815123
v 0.0121493 0.00192425 0.227749 0.8 0.8 0.8
vn 0.985493 0.148862 0.0815123
v 0.0116987 0.00380113 0.227749 0.8 0.8 0.8
vn 0.950073 0.301194 0.0815123
v 0.01096 0.00558441 0.227749 0.8 0.8 0.8
vn 0.891258 0.44611 0.0815123
v 0.00995151 0.00723019 0.227749 0.8 0.8 0.8
vn 0.810499 0.580041 0.0815123
v 0.00869794 0.00869793 0.227749 0.8 0.8 0.8
vn 0.709782 0.69969 0.0815123
v 0.0072302 0.00995151 0.227749 0.8 0.8 0.8
vn 0.591587 0.80211 0.0815123
v 0.00558442 0.01096 0.227749 0.8 0.8 0.8
vn 0.458826 0.884779 0.0815123
v 0.00380114 0.0116987 0.227749 0.8 0.8 0.8
vn 0.314767 0.945662 0.0815123
v 0.00192426 0.0121493 0.227749 0.8 0.8 0.8
vn 0.162958 0.98326 0.0815123
v -3.1942e-09 0.0123007 0.227749 0.8 0.8 0.8
vn 0.00713582 0.996647 0.0815123
v -0.00192426 0.0121493 0.227749 0.8 0.8 0.8
vn -0.148862 0.985493 0.0815123
v -0.00380114 0.0116987 0.227749 0.8 0.8 0.8
vn -0.301194 0.950072 0.0815123
v -0.00558443 0.01096 0.227749 0.8 0.8 0.8
vn -0.44611 0.891258 0.0815123
v -0.0072302 0.00995151 0.227749 0.8 0.8 0.8
vn -0.580041 0.810498 0.0815123
v -0.00869795 0.00869793 0.227749 0.8 0.8 0.8
vn -0.69969 0.709781 0.0815123
v -0.00995152 0.00723019 0.227749 0.8 0.8 0.8
vn -0.80211 0.591587 0.0815123
v -0.0109601 0.00558441 0.227749 0.8 0.8 0.8
vn -0.884779 0.458826 0.0815123
v -0.0116987 0.00380113 0.227749 0.8 0.8 0.8
vn -0.945662 0.314767 0.0815123
v -0.0121493 0.00192425 0.227749 0.8 0.8 0.8
vn -0.98326 0.162958 0.0815123
v -0.0123008 -1.09505e-08 0.227749 0.8 0.8 0.8
vn -0.996647 0.00713574 0.0815123
v -0.0121493 -0.00192427 0.227749 0.8 0.8 0.8
vn -0.985493 -0.148862 0.0815123
v -0.0116987 -0.00380115 0.227749 0.8 0.8 0.8
vn -0.950073 -0.301194 0.0815123
v -0.0109601 -0.00558443 0.227749 0.8 0.8 0.8
vn -0.891258 -0.44611 0.0815123
v -0.00995152 -0.00723021 0.227749 0.8 0.8 0.8
vn -0.810499 -0.580041 0.0815123
v -0.00869795 -0.00869796 0.227749 0.8 0.8 0.8
vn -0.709782 -0.69969 0.0815123
v -0.0072302 -0.00995153 0.227749 0.8 0.8 0.8
vn -0.591587 -0.80211 0.0815123
v -0.00558443 -0.0109601 0.227749 0.8 0.8 0.8
vn -0.458826 -0.884779 0.0815123
v -0.00380115 -0.0116987 0.227749 0.8 0.8 0.8
vn -0.314767 -0.945662 0.0815123
v -0.00192427 -0.0121493 0.227749 0.8 0.8 0.8
vn -0.162958 -0.98326 0.0815123
v -3.80686e-09 -0.0123008 0.227749 0.8 0.8 0.8
vn -0.00713582 -0.996647 0.0815123
v 0.00192426 -0.0121493 0.227749 0.8 0.8 0.8
vn 0.148862 -0.985493 0.0815123
v 0.00380114 -0.0116987 0.227749 0.8 0.8 0.8
vn 0.301194 -0.950072 0.0815123
v 0.00558442 -0.0109601 0.227749 0.8 0.8 0.8
vn 0.44611 -0.891258 0.0815123
v 0.0072302 -0.00995153 0.227749 0.8 0.8 0.8
vn 0.580041 -0.810498 0.0815123
v 0.00869794 -0.00869795 0.227749 0.8 0.8 0.8
vn 0.69969 -0.709781 0.0815123
v 0.00995151 -0.00723021 0.227749 0.8 0.8 0.8
vn 0.80211 -0.591587 0.0815123
v 0.01096 -0.00558443 0.227749 0.8 0.8 0.8
vn 0.884779 -0.458826 0.0815123
v 0.0116987 -0.00380115 0.227749 0.8 0.8 0.8
vn 0.945662 -0.314767 0.0815123
v 0.0121493 -0.00192427 0.227749 0.8 0.8 0.8
vn 0.98326 -0.162958 0.0815123
v 0.0123996 -9.66656e-09 0.226338 0.8 0.8 0.8
vn 0.998171 -0.0265448 0.0543178
v 0.0122469 0.00193971 0.226338 0.8 0.8 0.8
vn 0.990034 0.12993 0.0543178
v 0.0117927 0.00383167 0.226338 0.8 0.8 0.8
vn 0.95752 0.283206 0.0543178
v 0.0110481 0.00562928 0.226338 0.8 0.8 0.8
vn 0.901428 0.429508 0.0543178
v 0.0100315 0.00728828 0.226338 0.8 0.8 0.8
vn 0.82314 0.565235 0.0543178
v 0.00876783 0.00876782 0.226338 0.8 0.8 0.8
vn 0.724583 0.687043 0.0543178
v 0.00728829 0.0100315 0.226338 0.8 0.8 0.8
vn 0.608185 0.791934 0.0543178
v 0.00562929 0.0110481 0.226338 0.8 0.8 0.8
vn 0.476812 0.877326 0.0543178
v 0.00383168 0.0117927 0.226338 0.8 0.8 0.8
vn 0.333697 0.941114 0.0543178
v 0.00193972 0.0122469 0.226338 0.8 0.8 0.8
vn 0.182366 0.981729 0.0543178
v -3.19174e-09 0.0123996 0.226338 0.8 0.8 0.8
vn 0.0265449 0.998171 0.0543178
v -0.00193973 0.0122469 0.226338 0.8 0.8 0.8
vn -0.12993 0.990034 0.0543178
v -0.00383169 0.0117927 0.226338 0.8 0.8 0.8
vn -0.283206 0.95752 0.0543178
v -0.0056293 0.0110481 0.226338 0.8 0.8 0.8
vn -0.429508 0.901428 0.0543178
v -0.0072883 0.0100315 0.226338 0.8 0.8 0.8
vn -0.565235 0.82314 0.0543178
v -0.00876783 0.00876782 0.226338 0.8 0.8 0.8
vn -0.687043 0.724583 0.0543178
v -0.0100315 0.00728828 0.226338 0.8 0.8 0.8
vn -0.791934 0.608185 0.0543178
v -0.0110481 0.00562928 0.226338 0.8 0.8 0.8
vn -0.877326 0.476812 0.0543178
v -0.0117927 0.00383167 0.226338 0.8 0.8 0.8
vn -0.941114 0.333697 0.0543178
v -0.0122469 0.00193971 0.226338 0.8 0.8 0.8
vn -0.981729 0.182366 0.0543178
v -0.0123996 -1.09556e-08 0.226338 0.8 0.8 0.8
vn -0.998171 0.0265448 0.0543178
v -0.0122469 -0.00193973 0.226338 0.8 0.8 0.8
vn -0.990034 -0.12993 0.0543178
v -0.0117927 -0.00383169 0.226338 0.8 0.8 0.8
vn -0.95752 -0.283206 0.0543178
v -0.0110481 -0.0056293 0.226338 0.8 0.8 0.8
vn -0.901428 -0.429508 0.0543178
v -0.0100315 -0.0072883 0.226338 0.8 0.8 0.8
vn -0.82314 -0.565235 0.0543178
v -0.00876783 -0.00876784 0.226338 0.8 0.8 0.8
vn -0.724583 -0.687043 0.0543178
v -0.0072883 -0.0100315 0.226338 0.8 0.8 0.8
vn -0.608185 -0.791934 0.0543178
v -0.0056293 -0.0110481 0.226338 0.8 0.8 0.8
vn -0.476812 -0.877326 0.0543178
v -0.00383169 -0.0117927 0.226338 0.8 0.8 0.8
vn -0.333697 -0.941114 0.0543178
v -0.00193973 -0.0122469 0.226338 0.8 0.8 0.8
vn -0.182366 -0.981729 0.0543178
v -3.80932e-09 -0.0123996 0.226338 0.8 0.8 0.8
vn -0.0265449 -0.998171 0.0543178
v 0.00193972 -0.0122469 0.226338 0.8 0.8 0.8
vn 0.12993 -0.990034 0.0543178
v 0.00383168 -0.0117927 0.226338 0.8 0.8 0.8
vn 0.283206 -0.95752 0.0543178
v 0.00562929 -0.0110481 0.226338 0.8 0.8 0.8
vn 0.429508 -0.901428 0.0543178
v 0.00728829 -0.0100315 0.226338 0.8 0.8 0.8
vn 0.565235 -0.82314 0.0543178
v 0.00876783 -0.00876784 0.226338 0.8 0.8 0.8
vn 0.687043 -0.724583 0.0543178
v 0.0100315 -0.0072883 0.226338 0.8 0.8 0.8
vn 0.791934 -0.608185 0.0543178
v 0.0110481 -0.0056293 0.226338 0.8 0.8 0.8
vn 0.877326 -0.476812 0.0543178
v 0.0117927 -0.00383169 0.226338 0.8 0.8 0.8
vn 0.941114 -0.333697 0.0543178
v 0.0122469 -0.00193973 0.226338 0.8 0.8 0.8
vn 0.981729 -0.182366 0.0543178
v 0.0142205 -9.57191e-09 0.19249 0.8 0.8 0.8
vn 0.998535 -0.00843347 0.0534492
v 0.0140455 0.00222457 0.19249 0.8 0.8 0.8
vn 0.987561 0.147876 0.0534492
v 0.0135245 0.00439438 0.19249 0.8 0.8 0.8
vn 0.952269 0.300544 0.0534492
v 0.0126706 0.00645599 0.19249 0.8 0.8 0.8
vn 0.89353 0.445811 0.0534492
v 0.0115047 0.00835862 0.19249 0.8 0.8 0.8
vn 0.812789 0.580101 0.0534492
v 0.0100554 0.0100554 0.19249 0.8 0.8 0.8
vn 0.712034 0.700107 0.0534492
v 0.00835863 0.0115047 0.19249 0.8 0.8 0.8
vn 0.593747 0.802875 0.0534492
v 0.00645599 0.0126706 0.19249 0.8 0.8 0.8
vn 0.46084 0.885872 0.0534492
v 0.00439439 0.0135245 0.19249 0.8 0.8 0.8
vn 0.316585 0.947057 0.0534492
v 0.00222458 0.0140455 0.19249 0.8 0.8 0.8
vn 0.164535 0.984922 0.0534492
v -3.14639e-09 0.0142205 0.19249 0.8 0.8 0.8
vn 0.00843355 0.998535 0.0534492
v -0.00222459 0.0140455 0.19249 0.8 0.8 0.8
vn -0.147876 0.987561 0.0534492
v -0.0043944 0.0135245 0.19249 0.8 0.8 0.8
vn -0.300544 0.952269 0.0534492
v -0.006456 0.0126706 0.19249 0.8 0.8 0.8
vn -0.445811 0.89353 0.0534492
v -0.00835863 0.0115047 0.19249 0.8 0.8 0.8
vn -0.580101 0.812789 0.0534492
v -0.0100555 0.0100554 0.19249 0.8 0.8 0.8
vn -0.700107 0.712034 0.0534492
v -0.0115047 0.00835862 0.19249 0.8 0.8 0.8
vn -0.802875 0.593747 0.0534492
v -0.0126706 0.00645598 0.19249 0.8 0.8 0.8
vn -0.885872 0.46084 0.0534492
v -0.0135246 0.00439438 0.19249 0.8 0.8 0.8
vn -0.947057 0.316585 0.0534492
v -0.0140455 0.00222457 0.19249 0.8 0.8 0.8
vn -0.984922 0.164535 0.0534492
v -0.0142206 -1.10503e-08 0.19249 0.8 0.8 0.8
vn -0.998535 0.00843347 0.0534492
v -0.0140455 -0.0022246 0.19249 0.8 0.8 0.8
vn -0.987561 -0.147876 0.0534492
v -0.0135246 -0.0043944 0.19249 0.8 0.8 0.8
vn -0.952269 -0.300544 0.0534492
v -0.0126706 -0.00645601 0.19249 0.8 0.8 0.8
vn -0.89353 -0.445811 0.0534492
v -0.0115047 -0.00835864 0.19249 0.8 0.8 0.8
vn -0.812789 -0.580101 0.0534492
v -0.0100555 -0.0100555 0.19249 0.8 0.8 0.8
vn -0.712034 -0.700107 0.0534492
v -0.00835864 -0.0115047 0.19249 0.8 0.8 0.8
vn -0.593747 -0.802875 0.0534492
v -0.006456 -0.0126706 0.19249 0.8 0.8 0.8
vn -0.46084 -0.885872 0.0534492
v -0.0043944 -0.0135246 0.19249 0.8 0.8 0.8
vn -0.316585 -0.947057 0.0534492
v -0.00222459 -0.0140455 0.19249 0.8 0.8 0.8
vn -0.164535 -0.984922 0.0534492
v -3.85467e-09 -0.0142206 0.19249 0.8 0.8 0.8
vn -0.00843355 -0.998535 0.0534492
v 0.00222458 -0.0140455 0.19249 0.8 0.8 0.8
vn 0.147876 -0.987561 0.0534492
v 0.00439439 -0.0135246 0.19249 0.8 0.8 0.8
vn 0.300544 -0.952269 0.0534492
v 0.00645599 -0.0126706 0.19249 0.8 0.8 0.8
vn 0.445811 -0.89353 0.0534492
v 0.00835863 -0.0115047 0.19249 0.8 0.8 0.8
vn 0.580101 -0.812789 0.0534492
v 0.0100554 -0.0100555 0.19249 0.8 0.8 0.8
vn 0.700107 -0.712034 0.0534492
v 0.0115047 -0.00835864 0.19249 0.8 0.8 0.8
vn 0.802875 -0.593747 0.0534492
v 0.0126706 -0.00645601 0.19249 0.8 0.8 0.8
vn 0.885872 -0.46084 0.0534492
v 0.0135245 -0.0043944 0.19249 0.8 0.8 0.8
vn 0.947057 -0.316585 0.0534492
v 0.0140455 -0.00222459 0.19249 0.8 0.8 0.8
vn 0.984922 -0.164535 0.0534492
v 0.0167646 -9.43967e-09 0.144808 0.8 0.8 0.8
vn 0.998376 0.0218984 0.0525923
v 0.0165582 0.00262255 0.144808 0.8 0.8 0.8
vn 0.982659 0.177809 0.0525923
v 0.015944 0.00518053 0.144808 0.8 0.8 0.8
vn 0.942745 0.329342 0.0525923
v 0.0149373 0.00761094 0.144808 0.8 0.8 0.8
vn 0.879618 0.472765 0.0525923
v 0.0135628 0.00985395 0.144808 0.8 0.8 0.8
vn 0.794832 0.604547 0.0525923
v 0.0118543 0.0118543 0.144808 0.8 0.8 0.8
vn 0.690474 0.721443 0.0525923
v 0.00985396 0.0135628 0.144808 0.8 0.8 0.8
vn 0.569115 0.820575 0.0525923
v 0.00761095 0.0149373 0.144808 0.8 0.8 0.8
vn 0.433742 0.899501 0.0525923
v 0.00518053 0.015944 0.144808 0.8 0.8 0.8
vn 0.287689 0.956279 0.0525923
v 0.00262255 0.0165582 0.144808 0.8 0.8 0.8
vn 0.134552 0.98951 0.0525923
v -3.08304e-09 0.0167646 0.144808 0.8 0.8 0.8
vn -0.0218984 0.998376 0.0525923
v -0.00262256 0.0165582 0.144808 0.8 0.8 0.8
vn -0.177809 0.982659 0.0525923
v -0.00518054 0.015944 0.144808 0.8 0.8 0.8
vn -0.329342 0.942745 0.0525923
v -0.00761096 0.0149373 0.144808 0.8 0.8 0.8
vn -0.472765 0.879618 0.0525923
v -0.00985397 0.0135628 0.144808 0.8 0.8 0.8
vn -0.604547 0.794832 0.0525923
v -0.0118543 0.0118543 0.144808 0.8 0.8 0.8
vn -0.721443 0.690474 0.0525923
v -0.0135628 0.00985395 0.144808 0.8 0.8 0.8
vn -0.820575 0.569114 0.0525923
v -0.0149373 0.00761094 0.144808 0.8 0.8 0.8
vn -0.899501 0.433742 0.0525923
v -0.0159441 0.00518052 0.144808 0.8 0.8 0.8
vn -0.956279 0.287688 0.0525923
v -0.0165582 0.00262254 0.144808 0.8 0.8 0.8
vn -0.98951 0.134552 0.0525923
v -0.0167646 -1.11825e-08 0.144808 0.8 0.8 0.8
vn -0.998376 -0.0218984 0.0525923
v -0.0165582 -0.00262257 0.144808 0.8 0.8 0.8
vn -0.982659 -0.177809 0.0525923
v -0.0159441 -0.00518055 0.144808 0.8 0.8 0.8
vn -0.942745 -0.329342 0.0525923
v -0.0149373 -0.00761096 0.144808 0.8 0.8 0.8
vn -0.879618 -0.472765 0.0525923
v -0.0135628 -0.00985397 0.144808 0.8 0.8 0.8
vn -0.794832 -0.604547 0.0525923
v -0.0118543 -0.0118543 0.144808 0.8 0.8 0.8
vn -0.690474 -0.721443 0.0525923
v -0.00985397 -0.0135628 0.144808 0.8 0.8 0.8
vn -0.569115 -0.820575 0.0525923
v -0.00761096 -0.0149373 0.144808 0.8 0.8 0.8
vn -0.433742 -0.899501 0.0525923
v -0.00518054 -0.0159441 0.144808 0.8 0.8 0.8
vn -0.287689 -0.956279 0.0525923
v -0.00262256 -0.0165582 0.144808 0.8 0.8 0.8
vn -0.134552 -0.98951 0.0525923
v -3.91802e-09 -0.0167646 0.144808 0.8 0.8 0.8
vn 0.0218984 -0.998376 0.0525923
v 0.00262255 -0.0165582 0.144808 0.8 0.8 0.8
vn 0.177809 -0.982659 0.0525923
v 0.00518053 -0.0159441 0.144808 0.8 0.8 0.8
vn 0.329342 -0.942745 0.0525923
v 0.00761095 -0.0149373 0.144808 0.8 0.8 0.8
vn 0.472765 -0.879618 0.0525923
v 0.00985396 -0.0135628 0.144808 0.8 0.8 0.8
vn 0.604547 -0.794832 0.0525923
v 0.0118543 -0.0118543 0.144808 0.8 0.8 0.8
vn 0.721443 -0.690474 0.0525923
v 0.0135628 -0.00985397 0.144808 0.8 0.8 0.8
vn 0.820575 -0.569114 0.0525923
v 0.0149373 -0.00761096 0.144808 0.8 0.8 0.8
vn 0.899501 -0.433742 0.0525923
v 0.015944 -0.00518054 0.144808 0.8 0.8 0.8
vn 0.956279 -0.287688 0.0525923
v 0.0165582 -0.00262256 0.144808 0.8 0.8 0.8
vn 0.98951 -0.134552 0.0525923
v 0.0168083 -9.4374e-09 0.143397 0.8 0.8 0.8
vn 0.999869 0.0069337 0.014641
v 0.0166014 0.00262939 0.143397 0.8 0.8 0.8
vn 0.986474 0.163262 0.014641
v 0.0159857 0.00519405 0.143397 0.8 0.8 0.8
vn 0.948789 0.315571 0.014641
v 0.0149763 0.00763082 0.143397 0.8 0.8 0.8
vn 0.887742 0.460109 0.014641
v 0.0135982 0.00987968 0.143397 0.8 0.8 0.8
vn 0.804835 0.593318 0.014641
v 0.0118853 0.0118853 0.143397 0.8 0.8 0.8
vn 0.702111 0.711917 0.014641
v 0.00987969 0.0135982 0.143397 0.8 0.8 0.8
vn 0.582099 0.812986 0.014641
v 0.00763082 0.0149763 0.143397 0.8 0.8 0.8
vn 0.447753 0.894037 0.014641
v 0.00519406 0.0159857 0.143397 0.8 0.8 0.8
vn 0.302382 0.953074 0.014641
v 0.0026294 0.0166014 0.143397 0.8 0.8 0.8
vn 0.149566 0.988643 0.014641
v -3.08195e-09 0.0168083 0.143397 0.8 0.8 0.8
vn -0.00693363 0.999869 0.014641
v -0.00262941 0.0166014 0.143397 0.8 0.8 0.8
vn -0.163262 0.986474 0.014641
v -0.00519406 0.0159857 0.143397 0.8 0.8 0.8
vn -0.315571 0.948789 0.014641
v -0.00763083 0.0149763 0.143397 0.8 0.8 0.8
vn -0.460109 0.887742 0.014641
v -0.0098797 0.0135982 0.143397 0.8 0.8 0.8
vn -0.593318 0.804835 0.014641
v -0.0118853 0.0118853 0.143397 0.8 0.8 0.8
vn -0.711917 0.702111 0.014641
v -0.0135982 0.00987968 0.143397 0.8 0.8 0.8
vn -0.812986 0.582099 0.014641
v -0.0149763 0.00763081 0.143397 0.8 0.8 0.8
vn -0.894037 0.447753 0.014641
v -0.0159857 0.00519405 0.143397 0.8 0.8 0.8
vn -0.953074 0.302382 0.014641
v -0.0166014 0.00262939 0.143397 0.8 0.8 0.8
vn -0.988643 0.149566 0.014641
v -0.0168083 -1.11848e-08 0.143397 0.8 0.8 0.8
vn -0.999869 -0.0069337 0.014641
v -0.0166014 -0.00262941 0.143397 0.8 0.8 0.8
vn -0.986474 -0.163262 0.014641
v -0.0159857 -0.00519407 0.143397 0.8 0.8 0.8
vn -0.948789 -0.315571 0.014641
v -0.0149763 -0.00763084 0.143397 0.8 0.8 0.8
vn -0.887742 -0.460109 0.014641
v -0.0135982 -0.0098797 0.143397 0.8 0.8 0.8
vn -0.804835 -0.593318 0.014641
v -0.0118853 -0.0118853 0.143397 0.8 0.8 0.8
vn -0.702111 -0.711917 0.014641
v -0.0098797 -0.0135982 0.143397 0.8 0.8 0.8
vn -0.582099 -0.812986 0.014641
v -0.00763083 -0.0149763 0.143397 0.8 0.8 0.8
vn -0.447753 -0.894037 0.014641
v -0.00519407 -0.0159857 0.143397 0.8 0.8 0.8
vn -0.302382 -0.953074 0.014641
v -0.00262941 -0.0166014 0.143397 0.8 0.8 0.8
vn -0.149566 -0.988643 0.014641
v -3.91911e-09 -0.0168083 0.143397 0.8 0.8 0.8
vn 0.00693363 -0.999869 0.014641
v 0.0026294 -0.0166014 0.143397 0.8 0.8 0.8
vn 0.163262 -0.986474 0.014641
v 0.00519406 -0.0159857 0.143397 0.8 0.8 0.8
vn 0.315571 -0.948789 0.014641
v 0.00763082 -0.0149763 0.143397 0.8 0.8 0.8
vn 0.460109 -0.887742 0.014641
v 0.00987969 -0.0135982 0.143397 0.8 0.8 0.8
vn 0.593318 -0.804835 0.014641
v 0.0118853 -0.0118853 0.143397 0.8 0.8 0.8
vn 0.711917 -0.702111 0.014641
v 0.0135982 -0.0098797 0.143397 0.8 0.8 0.8
vn 0.812986 -0.582099 0.014641
v 0.0149763 -0.00763083 0.143397 0.8 0.8 0.8
vn 0.894037 -0.447753 0.014641
v 0.0159857 -0.00519407 0.143397 0.8 0.8 0.8
vn 0.953074 -0.302382 0.014641
v 0.0166014 -0.00262941 0.143397 0.8 0.8 0.8
vn 0.988643 -0.149566 0.014641
v 0.0167972 -9.43797e-09 0.142578 0.8 0.8 0.8
vn 0.998966 0.00499324 -0.045181
v 0.0165904 0.00262766 0.142578 0.8 0.8 0.8
vn 0.985886 0.161205 -0.045181
v 0.0159751 0.00519062 0.142578 0.8 0.8 0.8
vn 0.948531 0.313446 -0.045181
v 0.0149664 0.00762578 0.142578 0.8 0.8 0.8
vn 0.887819 0.45797 -0.045181
v 0.0135892 0.00987316 0.142578 0.8 0.8 0.8
vn 0.805246 0.591217 -0.045181
v 0.0118774 0.0118774 0.142578 0.8 0.8 0.8
vn 0.702845 0.709907 -0.045181
v 0.00987317 0.0135892 0.142578 0.8 0.8 0.8
vn 0.583138 0.811116 -0.045181
v 0.00762578 0.0149664 0.142578 0.8 0.8 0.8
vn 0.449072 0.892352 -0.045181
v 0.00519063 0.0159751 0.142578 0.8 0.8 0.8
vn 0.303949 0.951616 -0.045181
v 0.00262766 0.0165904 0.142578 0.8 0.8 0.8
vn 0.151341 0.987448 -0.045181
v -3.08222e-09 0.0167972 0.142578 0.8 0.8 0.8
vn -0.00499316 0.998966 -0.045181
v -0.00262767 0.0165904 0.142578 0.8 0.8 0.8
vn -0.161204 0.985886 -0.045181
v -0.00519064 0.0159751 0.142578 0.8 0.8 0.8
vn -0.313446 0.94853 -0.045181
v -0.00762579 0.0149664 0.142578 0.8 0.8 0.8
vn -0.45797 0.887819 -0.045181
v -0.00987317 0.0135892 0.142578 0.8 0.8 0.8
vn -0.591217 0.805246 -0.045181
v -0.0118774 0.0118774 0.142578 0.8 0.8 0.8
vn -0.709907 0.702845 -0.045181
v -0.0135893 0.00987316 0.142578 0.8 0.8 0.8
vn -0.811116 0.583138 -0.045181
v -0.0149665 0.00762578 0.142578 0.8 0.8 0.8
vn -0.892352 0.449072 -0.045181
v -0.0159751 0.00519062 0.142578 0.8 0.8 0.8
vn -0.951616 0.303949 -0.045181
v -0.0165904 0.00262766 0.142578 0.8 0.8 0.8
vn -0.987449 0.151341 -0.045181
v -0.0167972 -1.11842e-08 0.142578 0.8 0.8 0.8
vn -0.998966 -0.00499324 -0.045181
v -0.0165904 -0.00262768 0.142578 0.8 0.8 0.8
vn -0.985886 -0.161205 -0.045181
v -0.0159751 -0.00519064 0.142578 0.8 0.8 0.8
vn -0.948531 -0.313446 -0.045181
v -0.0149665 -0.0076258 0.142578 0.8 0.8 0.8
vn -0.887819 -0.45797 -0.045181
v -0.0135893 -0.00987318 0.142578 0.8 0.8 0.8
vn -0.805246 -0.591217 -0.045181
v -0.0118774 -0.0118775 0.142578 0.8 0.8 0.8
vn -0.702845 -0.709907 -0.045181
v -0.00987317 -0.0135893 0.142578 0.8 0.8 0.8
vn -0.583138 -0.811116 -0.045181
v -0.00762579 -0.0149665 0.142578 0.8 0.8 0.8
vn -0.449072 -0.892352 -0.045181
v -0.00519064 -0.0159751 0.142578 0.8 0.8 0.8
vn -0.303949 -0.951616 -0.045181
v -0.00262767 -0.0165904 0.142578 0.8 0.8 0.8
vn -0.151341 -0.987448 -0.045181
v -3.91883e-09 -0.0167972 0.142578 0.8 0.8 0.8
vn 0.00499316 -0.998966 -0.045181
v 0.00262766 -0.0165904 0.142578 0.8 0.8 0.8
vn 0.161204 -0.985886 -0.045181
v 0.00519063 -0.0159751 0.142578 0.8 0.8 0.8
vn 0.313446 -0.94853 -0.045181
v 0.00762578 -0.0149665 0.142578 0.8 0.8 0.8
vn 0.45797 -0.887819 -0.045181
v 0.00987317 -0.0135893 0.142578 0.8 0.8 0.8
vn 0.591217 -0.805246 -0.045181
v 0.0118774 -0.0118775 0.142578 0.8 0.8 0.8
vn 0.709907 -0.702845 -0.045181
v 0.0135892 -0.00987318 0.142578 0.8 0.8 0.8
vn 0.811116 -0.583138 -0.045181
v 0.0149664 -0.0076258 0.142578 0.8 0.8 0.8
vn 0.892352 -0.449072 -0.045181
v 0.0159751 -0.00519064 0.142578 0.8 0.8 0.8
vn 0.951616 -0.303949 -0.045181
v 0.0165904 -0.00262768 0.142578 0.8 0.8 0.8
vn 0.987449 -0.151341 -0.045181
v 0.016746 -9.44064e-09 0.142019 0.8 0.8 0.8
vn 0.989264 0.00426902 -0.146078
v 0.0165398 0.00261964 0.142019 0.8 0.8 0.8
vn 0.976417 0.158971 -0.146078
v 0.0159264 0.00517478 0.142019 0.8 0.8 0.8
vn 0.939527 0.309759 -0.146078
v 0.0149208 0.00760251 0.142019 0.8 0.8 0.8
vn 0.879502 0.45292 -0.146078
v 0.0135478 0.00984303 0.142019 0.8 0.8 0.8
vn 0.797822 0.584928 -0.146078
v 0.0118412 0.0118412 0.142019 0.8 0.8 0.8
vn 0.696497 0.702534 -0.146078
v 0.00984304 0.0135478 0.142019 0.8 0.8 0.8
vn 0.578021 0.80284 -0.146078
v 0.00760251 0.0149208 0.142019 0.8 0.8 0.8
vn 0.445313 0.883379 -0.146078
v 0.00517479 0.0159264 0.142019 0.8 0.8 0.8
vn 0.301639 0.942165 -0.146078
v 0.00261965 0.0165398 0.142019 0.8 0.8 0.8
vn 0.150539 0.977752 -0.146078
v -3.0835e-09 0.016746 0.142019 0.8 0.8 0.8
vn -0.00426895 0.989264 -0.146078
v -0.00261965 0.0165398 0.142019 0.8 0.8 0.8
vn -0.158971 0.976416 -0.146078
v -0.0051748 0.0159264 0.142019 0.8 0.8 0.8
vn -0.309759 0.939527 -0.146078
v -0.00760252 0.0149208 0.142019 0.8 0.8 0.8
vn -0.45292 0.879502 -0.146078
v -0.00984305 0.0135478 0.142019 0.8 0.8 0.8
vn -0.584928 0.797822 -0.146078
v -0.0118412 0.0118412 0.142019 0.8 0.8 0.8
vn -0.702534 0.696496 -0.146078
v -0.0135478 0.00984303 0.142019 0.8 0.8 0.8
vn -0.802841 0.578021 -0.146078
v -0.0149208 0.00760251 0.142019 0.8 0.8 0.8
vn -0.883379 0.445313 -0.146078
v -0.0159264 0.00517478 0.142019 0.8 0.8 0.8
vn -0.942165 0.301639 -0.146078
v -0.0165398 0.00261964 0.142019 0.8 0.8 0.8
vn -0.977752 0.150538 -0.146078
v -0.016746 -1.11815e-08 0.142019 0.8 0.8 0.8
vn -0.989264 -0.00426902 -0.146078
v -0.0165398 -0.00261966 0.142019 0.8 0.8 0.8
vn -0.976417 -0.158971 -0.146078
v -0.0159264 -0.0051748 0.142019 0.8 0.8 0.8
vn -0.939527 -0.309759 -0.146078
v -0.0149208 -0.00760253 0.142019 0.8 0.8 0.8
vn -0.879502 -0.45292 -0.146078
v -0.0135478 -0.00984305 0.142019 0.8 0.8 0.8
vn -0.797822 -0.584928 -0.146078
v -0.0118412 -0.0118412 0.142019 0.8 0.8 0.8
vn -0.696497 -0.702534 -0.146078
v -0.00984305 -0.0135478 0.142019 0.8 0.8 0.8
vn -0.578021 -0.80284 -0.146078
v -0.00760252 -0.0149208 0.142019 0.8 0.8 0.8
vn -0.445313 -0.883379 -0.146078
v -0.0051748 -0.0159264 0.142019 0.8 0.8 0.8
vn -0.301639 -0.942165 -0.146078
v -0.00261965 -0.0165398 0.142019 0.8 0.8 0.8
vn -0.150539 -0.977752 -0.146078
v -3.91756e-09 -0.016746 0.142019 0.8 0.8 0.8
vn 0.00426895 -0.989264 -0.146078
v 0.00261965 -0.0165398 0.142019 0.8 0.8 0.8
vn 0.158971 -0.976416 -0.146078
v 0.00517479 -0.0159264 0.142019 0.8 0.8 0.8
vn 0.309759 -0.939527 -0.146078
v 0.00760251 -0.0149208 0.142019 0.8 0.8 0.8
vn 0.45292 -0.879502 -0.146078
v 0.00984304 -0.0135478 0.142019 0.8 0.8 0.8
vn 0.584928 -0.797822 -0.146078
v 0.0118412 -0.0118412 0.142019 0.8 0.8 0.8
vn 0.702534 -0.696496 -0.146078
v 0.0135478 -0.00984305 0.142019 0.8 0.8 0.8
vn 0.802841 -0.578021 -0.146078
v 0.0149208 -0.00760253 0.142019 0.8 0.8 0.8
vn 0.883379 -0.445313 -0.146078
v 0.0159264 -0.0051748 0.142019 0.8 0.8 0.8
vn 0.942165 -0.301639 -0.146078
v 0.0165398 -0.00261966 0.142019 0.8 0.8 0.8
vn 0.977752 -0.150538 -0.146078
v 0.0166549 -9.44537e-09 0.141614 0.8 0.8 0.8
vn 0.950758 0.00398729 -0.309909
v 0.0164499 0.00260539 0.141614 0.8 0.8 0.8
vn 0.938429 0.15267 -0.309909
v 0.0158398 0.00514664 0.141614 0.8 0.8 0.8
vn 0.902992 0.297592 -0.309909
v 0.0148396 0.00756117 0.141614 0.8 0.8 0.8
vn 0.845321 0.435188 -0.309909
v 0.0134741 0.00978951 0.141614 0.8 0.8 0.8
vn 0.766836 0.562067 -0.309909
v 0.0117768 0.0117768 0.141614 0.8 0.8 0.8
vn 0.669468 0.675107 -0.309909
v 0.00978951 0.0134741 0.141614 0.8 0.8 0.8
vn 0.555616 0.771523 -0.309909
v 0.00756117 0.0148396 0.141614 0.8 0.8 0.8
vn 0.428082 0.848942 -0.309909
v 0.00514665 0.0158398 0.141614 0.8 0.8 0.8
vn 0.290008 0.905457 -0.309909
v 0.0026054 0.0164499 0.141614 0.8 0.8 0.8
vn 0.144793 0.939676 -0.309909
v -3.08577e-09 0.0166549 0.141614 0.8 0.8 0.8
vn -0.00398721 0.950758 -0.309909
v -0.00260541 0.0164499 0.141614 0.8 0.8 0.8
vn -0.152669 0.938429 -0.309909
v -0.00514666 0.0158398 0.141614 0.8 0.8 0.8
vn -0.297592 0.902992 -0.309909
v -0.00756118 0.0148396 0.141614 0.8 0.8 0.8
vn -0.435188 0.845321 -0.309909
v -0.00978952 0.0134741 0.141614 0.8 0.8 0.8
vn -0.562067 0.766836 -0.309909
v -0.0117768 0.0117768 0.141614 0.8 0.8 0.8
vn -0.675107 0.669468 -0.309909
v -0.0134741 0.0097895 0.141614 0.8 0.8 0.8
vn -0.771523 0.555616 -0.309909
v -0.0148396 0.00756116 0.141614 0.8 0.8 0.8
vn -0.848942 0.428082 -0.309909
v -0.0158398 0.00514664 0.141614 0.8 0.8 0.8
vn -0.905457 0.290008 -0.309909
v -0.0164499 0.00260539 0.141614 0.8 0.8 0.8
vn -0.939676 0.144793 -0.309909
v -0.0166549 -1.11768e-08 0.141614 0.8 0.8 0.8
vn -0.950758 -0.00398729 -0.309909
v -0.0164499 -0.00260541 0.141614 0.8 0.8 0.8
vn -0.938429 -0.15267 -0.309909
v -0.0158398 -0.00514666 0.141614 0.8 0.8 0.8
vn -0.902992 -0.297592 -0.309909
v -0.0148396 -0.00756119 0.141614 0.8 0.8 0.8
vn -0.845321 -0.435188 -0.309909
v -0.0134741 -0.00978953 0.141614 0.8 0.8 0.8
vn -0.766836 -0.562067 -0.309909
v -0.0117768 -0.0117768 0.141614 0.8 0.8 0.8
vn -0.669468 -0.675107 -0.309909
v -0.00978952 -0.0134741 0.141614 0.8 0.8 0.8
vn -0.555616 -0.771523 -0.309909
v -0.00756118 -0.0148397 0.141614 0.8 0.8 0.8
vn -0.428082 -0.848942 -0.309909
v -0.00514666 -0.0158398 0.141614 0.8 0.8 0.8
vn -0.290008 -0.905457 -0.309909
v -0.00260541 -0.0164499 0.141614 0.8 0.8 0.8
vn -0.144793 -0.939676 -0.309909
v -3.91529e-09 -0.0166549 0.141614 0.8 0.8 0.8
vn 0.00398721 -0.950758 -0.309909
v 0.0026054 -0.0164499 0.141614 0.8 0.8 0.8
vn 0.152669 -0.938429 -0.309909
v 0.00514665 -0.0158398 0.141614 0.8 0.8 0.8
vn 0.297592 -0.902992 -0.309909
v 0.00756117 -0.0148397 0.141614 0.8 0.8 0.8
vn 0.435188 -0.845321 -0.309909
v 0.00978951 -0.0134741 0.141614 0.8 0.8 0.8
vn 0.562067 -0.766836 -0.309909
v 0.0117768 -0.0117768 0.141614 0.8 0.8 0.8
vn 0.675107 -0.669468 -0.309909
v 0.0134741 -0.00978953 0.141614 0.8 0.8 0.8
vn 0.771523 -0.555616 -0.309909
v 0.0148396 -0.00756118 0.141614 0.8 0.8 0.8
vn 0.848942 -0.428082 -0.309909
v 0.0158398 -0.00514666 0.141614 0.8 0.8 0.8
vn 0.905457 -0.290008 -0.309909
v 0.0164499 -0.00260541 0.141614 0.8 0.8 0.8
vn 0.939676 -0.144793 -0.309909
v 0.0165172 -9.45253e-09 0.141317 0.8 0.8 0.8
vn 0.833907 0.00376248 -0.551892
v 0.0163139 0.00258385 0.141317 0.8 0.8 0.8
vn 0.823052 0.134168 -0.551892
v 0.0157088 0.00510409 0.141317 0.8 0.8 0.8
vn 0.79193 0.26127 -0.551892
v 0.0147169 0.00749865 0.141317 0.8 0.8 0.8
vn 0.741309 0.381938 -0.551892
v 0.0133627 0.00970856 0.141317 0.8 0.8 0.8
vn 0.672434 0.493202 -0.551892
v 0.0116794 0.0116794 0.141317 0.8 0.8 0.8
vn 0.587001 0.592322 -0.551892
v 0.00970857 0.0133627 0.141317 0.8 0.8 0.8
vn 0.487114 0.676857 -0.551892
v 0.00749865 0.0147169 0.141317 0.8 0.8 0.8
vn 0.375234 0.744725 -0.551892
v 0.0051041 0.0157088 0.141317 0.8 0.8 0.8
vn 0.254113 0.794255 -0.551892
v 0.00258386 0.0163138 0.141317 0.8 0.8 0.8
vn 0.126736 0.824229 -0.551892
v -3.0892e-09 0.0165172 0.141317 0.8 0.8 0.8
vn -0.00376242 0.833907 -0.551892
v -0.00258386 0.0163138 0.141317 0.8 0.8 0.8
vn -0.134168 0.823052 -0.551892
v -0.0051041 0.0157088 0.141317 0.8 0.8 0.8
vn -0.26127 0.79193 -0.551892
v -0.00749866 0.0147169 0.141317 0.8 0.8 0.8
vn -0.381938 0.741309 -0.551892
v -0.00970858 0.0133627 0.141317 0.8 0.8 0.8
vn -0.493202 0.672433 -0.551892
v -0.0116794 0.0116794 0.141317 0.8 0.8 0.8
vn -0.592322 0.587001 -0.551892
v -0.0133627 0.00970856 0.141317 0.8 0.8 0.8
vn -0.676857 0.487114 -0.551892
v -0.0147169 0.00749865 0.141317 0.8 0.8 0.8
vn -0.744725 0.375233 -0.551892
v -0.0157088 0.00510409 0.141317 0.8 0.8 0.8
vn -0.794255 0.254113 -0.551892
v -0.0163139 0.00258385 0.141317 0.8 0.8 0.8
vn -0.824229 0.126736 -0.551892
v -0.0165172 -1.11696e-08 0.141317 0.8 0.8 0.8
vn -0.833907 -0.00376248 -0.551892
v -0.0163139 -0.00258387 0.141317 0.8 0.8 0.8
vn -0.823052 -0.134168 -0.551892
v -0.0157088 -0.00510411 0.141317 0.8 0.8 0.8
vn -0.79193 -0.26127 -0.551892
v -0.0147169 -0.00749867 0.141317 0.8 0.8 0.8
vn -0.741309 -0.381938 -0.551892
v -0.0133627 -0.00970858 0.141317 0.8 0.8 0.8
vn -0.672434 -0.493202 -0.551892
v -0.0116794 -0.0116794 0.141317 0.8 0.8 0.8
vn -0.587001 -0.592322 -0.551892
v -0.00970858 -0.0133627 0.141317 0.8 0.8 0.8
vn -0.487114 -0.676857 -0.551892
v -0.00749866 -0.014717 0.141317 0.8 0.8 0.8
vn -0.375234 -0.744725 -0.551892
v -0.0051041 -0.0157088 0.141317 0.8 0.8 0.8
vn -0.254113 -0.794255 -0.551892
v -0.00258386 -0.0163139 0.141317 0.8 0.8 0.8
vn -0.126736 -0.824229 -0.551892
v -3.91186e-09 -0.0165172 0.141317 0.8 0.8 0.8
vn 0.00376242 -0.833907 -0.551892
v 0.00258386 -0.0163139 0.141317 0.8 0.8 0.8
vn 0.134168 -0.823052 -0.551892
v 0.00510409 -0.0157088 0.141317 0.8 0.8 0.8
vn 0.26127 -0.79193 -0.551892
v 0.00749865 -0.014717 0.141317 0.8 0.8 0.8
vn 0.381938 -0.741309 -0.551892
v 0.00970857 -0.0133627 0.141317 0.8 0.8 0.8
vn 0.493202 -0.672433 -0.551892
v 0.0116794 -0.0116794 0.141317 0.8 0.8 0.8
vn 0.592322 -0.587001 -0.551892
v 0.0133627 -0.00970858 0.141317 0.8 0.8 0.8
vn 0.676857 -0.487114 -0.551892
v 0.0147169 -0.00749867 0.141317 0.8 0.8 0.8
vn 0.744725 -0.375233 -0.551892
v 0.0157088 -0.00510411 0.141317 0.8 0.8 0.8
vn 0.794255 -0.254113 -0.551892
v 0.0163139 -0.00258387 0.141317 0.8 0.8 0.8
vn 0.824229 -0.126736 -0.551892
v 0.0163163 -9.46297e-09 0.141103 0.8 0.8 0.8
vn 0.581045 0.00314753 -0.813865
v 0.0161154 0.00255242 0.141103 0.8 0.8 0.8
vn 0.573399 0.0940043 -0.813865
v 0.0155177 0.005042 0.141103 0.8 0.8 0.8
vn 0.551634 0.182546 -0.813865
v 0.0145379 0.00740744 0.141103 0.8 0.8 0.8
vn 0.516286 0.266593 -0.813865
v 0.0132002 0.00959047 0.141103 0.8 0.8 0.8
vn 0.468225 0.344076 -0.813865
v 0.0115374 0.0115374 0.141103 0.8 0.8 0.8
vn 0.408635 0.413087 -0.813865
v 0.00959048 0.0132002 0.141103 0.8 0.8 0.8
vn 0.338983 0.471926 -0.813865
v 0.00740744 0.0145379 0.141103 0.8 0.8 0.8
vn 0.260985 0.519144 -0.813865
v 0.00504201 0.0155177 0.141103 0.8 0.8 0.8
vn 0.176559 0.553579 -0.813865
v 0.00255243 0.0161154 0.141103 0.8 0.8 0.8
vn 0.0877868 0.574384 -0.813865
v -3.0942e-09 0.0163163 0.141103 0.8 0.8 0.8
vn -0.00314748 0.581045 -0.813865
v -0.00255243 0.0161154 0.141103 0.8 0.8 0.8
vn -0.0940042 0.573399 -0.813865
v -0.00504202 0.0155177 0.141103 0.8 0.8 0.8
vn -0.182546 0.551634 -0.813865
v -0.00740745 0.0145379 0.141103 0.8 0.8 0.8
vn -0.266593 0.516286 -0.813865
v -0.00959048 0.0132002 0.141103 0.8 0.8 0.8
vn -0.344076 0.468225 -0.813865
v -0.0115374 0.0115374 0.141103 0.8 0.8 0.8
vn -0.413087 0.408635 -0.813865
v -0.0132002 0.00959047 0.141103 0.8 0.8 0.8
vn -0.471926 0.338983 -0.813865
v -0.0145379 0.00740743 0.141103 0.8 0.8 0.8
vn -0.519144 0.260985 -0.813865
v -0.0155177 0.005042 0.141103 0.8 0.8 0.8
vn -0.55358 0.176559 -0.813865
v -0.0161154 0.00255242 0.141103 0.8 0.8 0.8
vn -0.574384 0.0877867 -0.813865
v -0.0163163 -1.11592e-08 0.141103 0.8 0.8 0.8
vn -0.581045 -0.00314753 -0.813865
v -0.0161154 -0.00255244 0.141103 0.8 0.8 0.8
vn -0.573399 -0.0940043 -0.813865
v -0.0155177 -0.00504203 0.141103 0.8 0.8 0.8
vn -0.551634 -0.182546 -0.813865
v -0.0145379 -0.00740746 0.141103 0.8 0.8 0.8
vn -0.516286 -0.266593 -0.813865
v -0.0132002 -0.00959049 0.141103 0.8 0.8 0.8
vn -0.468225 -0.344076 -0.813865
v -0.0115374 -0.0115374 0.141103 0.8 0.8 0.8
vn -0.408635 -0.413087 -0.813865
v -0.00959049 -0.0132002 0.141103 0.8 0.8 0.8
vn -0.338983 -0.471926 -0.813865
v -0.00740745 -0.0145379 0.141103 0.8 0.8 0.8
vn -0.260985 -0.519144 -0.813865
v -0.00504202 -0.0155177 0.141103 0.8 0.8 0.8
vn -0.176559 -0.553579 -0.813865
v -0.00255244 -0.0161154 0.141103 0.8 0.8 0.8
vn -0.0877868 -0.574384 -0.813865
v -3.90686e-09 -0.0163163 0.141103 0.8 0.8 0.8
vn 0.00314748 -0.581045 -0.813865
v 0.00255243 -0.0161154 0.141103 0.8 0.8 0.8
vn 0.0940042 -0.573399 -0.813865
v 0.00504201 -0.0155177 0.141103 0.8 0.8 0.8
vn 0.182546 -0.551634 -0.813865
v 0.00740744 -0.0145379 0.141103 0.8 0.8 0.8
vn 0.266593 -0.516286 -0.813865
v 0.00959048 -0.0132002 0.141103 0.8 0.8 0.8
vn 0.344076 -0.468225 -0.813865
v 0.0115374 -0.0115374 0.141103 0.8 0.8 0.8
vn 0.413087 -0.408635 -0.813865
v 0.0132002 -0.00959049 0.141103 0.8 0.8 0.8
vn 0.471926 -0.338983 -0.813865
v 0.0145379 -0.00740745 0.141103 0.8 0.8 0.8
vn 0.519144 -0.260985 -0.813865
v 0.0155177 -0.00504202 0.141103 0.8 0.8 0.8
vn 0.55358 -0.176559 -0.813865
v 0.0161154 -0.00255244 0.141103 0.8 0.8 0.8
vn 0.574384 -0.0877867 -0.813865
v 0.0160128 -9.47875e-09 0.140958 0.8 0.8 0.8
vn 0.266263 0.00202058 -0.963898
v 0.0158157 0.00250495 0.140958 0.8 0.8 0.8
vn 0.262669 0.0436484 -0.963898
v 0.0152291 0.00494822 0.140958 0.8 0.8 0.8
vn 0.252607 0.0842015 -0.963898
v 0.0142675 0.00726965 0.140958 0.8 0.8 0.8
vn 0.236325 0.122681 -0.963898
v 0.0129546 0.00941208 0.140958 0.8 0.8 0.8
vn 0.214224 0.15814 -0.963898
v 0.0113228 0.0113228 0.140958 0.8 0.8 0.8
vn 0.186848 0.189705 -0.963898
v 0.00941209 0.0129546 0.140958 0.8 0.8 0.8
vn 0.154871 0.216599 -0.963898
v 0.00726966 0.0142675 0.140958 0.8 0.8 0.8
vn 0.119081 0.238159 -0.963898
v 0.00494823 0.0152291 0.140958 0.8 0.8 0.8
vn 0.0803581 0.253856 -0.963898
v 0.00250495 0.0158157 0.140958 0.8 0.8 0.8
vn 0.039657 0.263301 -0.963898
v -3.10176e-09 0.0160128 0.140958 0.8 0.8 0.8
vn -0.00202056 0.266263 -0.963898
v -0.00250496 0.0158157 0.140958 0.8 0.8 0.8
vn -0.0436484 0.262669 -0.963898
v -0.00494823 0.0152291 0.140958 0.8 0.8 0.8
vn -0.0842014 0.252607 -0.963898
v -0.00726967 0.0142675 0.140958 0.8 0.8 0.8
vn -0.122681 0.236325 -0.963898
v -0.0094121 0.0129546 0.140958 0.8 0.8 0.8
vn -0.15814 0.214224 -0.963898
v -0.0113228 0.0113228 0.140958 0.8 0.8 0.8
vn -0.189705 0.186848 -0.963898
v -0.0129546 0.00941208 0.140958 0.8 0.8 0.8
vn -0.216599 0.154871 -0.963898
v -0.0142675 0.00726965 0.140958 0.8 0.8 0.8
vn -0.238159 0.119081 -0.963898
v -0.0152291 0.00494822 0.140958 0.8 0.8 0.8
vn -0.253856 0.0803581 -0.963898
v -0.0158157 0.00250494 0.140958 0.8 0.8 0.8
vn -0.263301 0.039657 -0.963898
v -0.0160128 -1.11434e-08 0.140958 0.8 0.8 0.8
vn -0.266263 -0.00202058 -0.963898
v -0.0158157 -0.00250497 0.140958 0.8 0.8 0.8
vn -0.262669 -0.0436484 -0.963898
v -0.0152291 -0.00494824 0.140958 0.8 0.8 0.8
vn -0.252607 -0.0842015 -0.963898
v -0.0142675 -0.00726967 0.140958 0.8 0.8 0.8
vn -0.236325 -0.122681 -0.963898
v -0.0129546 -0.0094121 0.140958 0.8 0.8 0.8
vn -0.214224 -0.15814 -0.963898
v -0.0113228 -0.0113228 0.140958 0.8 0.8 0.8
vn -0.186848 -0.189705 -0.963898
v -0.0094121 -0.0129546 0.140958 0.8 0.8 0.8
vn -0.154871 -0.216599 -0.963898
v -0.00726967 -0.0142675 0.140958 0.8 0.8 0.8
vn -0.119081 -0.238159 -0.963898
v -0.00494823 -0.0152291 0.140958 0.8 0.8 0.8
vn -0.0803581 -0.253856 -0.963898
v -0.00250496 -0.0158157 0.140958 0.8 0.8 0.8
vn -0.039657 -0.263301 -0.963898
v -3.8993e-09 -0.0160128 0.140958 0.8 0.8 0.8
vn 0.00202056 -0.266263 -0.963898
v 0.00250495 -0.0158157 0.140958 0.8 0.8 0.8
vn 0.0436484 -0.262669 -0.963898
v 0.00494823 -0.0152291 0.140958 0.8 0.8 0.8
vn 0.0842014 -0.252607 -0.963898
v 0.00726966 -0.0142675 0.140958 0.8 0.8 0.8
vn 0.122681 -0.236325 -0.963898
v 0.00941209 -0.0129546 0.140958 0.8 0.8 0.8
vn 0.15814 -0.214224 -0.963898
v 0.0113228 -0.0113228 0.140958 0.8 0.8 0.8
vn 0.189705 -0.186848 -0.963898
v 0.0129546 -0.0094121 0.140958 0.8 0.8 0.8
vn 0.216599 -0.154871 -0.963898
v 0.0142675 -0.00726967 0.140958 0.8 0.8 0.8
vn 0.238159 -0.119081 -0.963898
v 0.0152291 -0.00494824 0.140958 0.8 0.8 0.8
vn 0.253856 -0.0803581 -0.963898
v 0.0158157 -0.00250496 0.140958 0.8 0.8 0.8
vn 0.263301 -0.039657 -0.963898
v 0.0154811 -9.50639e-09 0.140874 0.8 0.8 0.8
vn 0.0113988 0.000251419 -0.999935
v 0.0152905 0.00242176 0.140874 0.8 0.8 0.8
vn 0.0111926 0.00202669 -0.999935
v 0.0147234 0.0047839 0.140874 0.8 0.8 0.8
vn 0.0106629 0.00372647 -0.999936
v 0.0137937 0.00702824 0.140874 0.8 0.8 0.8
vn 0.00983613 0.00528814 -0.999938
v 0.0125244 0.00909953 0.140874 0.8 0.8 0.8
vn 0.00875263 0.00665892 -0.99994
v 0.0109468 0.0109468 0.140874 0.8 0.8 0.8
vn 0.00746214 0.00779874 -0.999942
v 0.00909953 0.0125244 0.140874 0.8 0.8 0.8
vn 0.00601953 0.0086815 -0.999944
v 0.00702825 0.0137937 0.140874 0.8 0.8 0.8
vn 0.00448053 0.00929471 -0.999947
v 0.00478391 0.0147234 0.140874 0.8 0.8 0.8
vn 0.00289824 0.00963804 -0.999949
v 0.00242177 0.0152904 0.140874 0.8 0.8 0.8
vn 0.00132063 0.00972101 -0.999952
v -3.115e-09 0.015481 0.140874 0.8 0.8 0.8
vn -0.000210871 0.00956048 -0.999954
v -0.00242177 0.0152904 0.140874 0.8 0.8 0.8
vn -0.00166193 0.00917822 -0.999956
v -0.00478391 0.0147233 0.140874 0.8 0.8 0.8
vn -0.00300513 0.00859885 -0.999959
v -0.00702826 0.0137937 0.140874 0.8 0.8 0.8
vn -0.00421932 0.00784809 -0.99996
v -0.00909954 0.0125244 0.140874 0.8 0.8 0.8
vn -0.00528875 0.00695165 -0.999962
v -0.0109468 0.0109467 0.140874 0.8 0.8 0.8
vn -0.0062021 0.00593441 -0.999963
v -0.0125244 0.00909953 0.140874 0.8 0.8 0.8
vn -0.00695153 0.00482001 -0.999964
v -0.0137937 0.00702824 0.140874 0.8 0.8 0.8
vn -0.00753186 0.00363074 -0.999965
v -0.0147234 0.0047839 0.140874 0.8 0.8 0.8
vn -0.00793987 0.00238758 -0.999966
v -0.0152905 0.00242176 0.140874 0.8 0.8 0.8
vn -0.00817375 0.00111043 -0.999966
v -0.0154811 -1.11158e-08 0.140874 0.8 0.8 0.8
vn -0.00823273 -0.000181586 -0.999966
v -0.0152905 -0.00242178 0.140874 0.8 0.8 0.8
vn -0.00811684 -0.00146975 -0.999966
v -0.0147234 -0.00478392 0.140874 0.8 0.8 0.8
vn -0.00782688 -0.00273534 -0.999966
v -0.0137937 -0.00702826 0.140874 0.8 0.8 0.8
vn -0.00736445 -0.00395931 -0.999965
v -0.0125244 -0.00909955 0.140874 0.8 0.8 0.8
vn -0.00673225 -0.00512183 -0.999964
v -0.0109468 -0.0109468 0.140874 0.8 0.8 0.8
vn -0.00593441 -0.0062021 -0.999963
v -0.00909954 -0.0125244 0.140874 0.8 0.8 0.8
vn -0.0049771 -0.00717808 -0.999962
v -0.00702826 -0.0137937 0.140874 0.8 0.8 0.8
vn -0.00386918 -0.0080265 -0.99996
v -0.00478391 -0.0147234 0.140874 0.8 0.8 0.8
vn -0.00262307 -0.00872299 -0.999959
v -0.00242178 -0.0152905 0.140874 0.8 0.8 0.8
vn -0.00125563 -0.00924258 -0.999956
v -3.88606e-09 -0.0154811 0.140874 0.8 0.8 0.8
vn 0.000210871 -0.00956048 -0.999954
v 0.00242177 -0.0152905 0.140874 0.8 0.8 0.8
vn 0.00174796 -0.00965333 -0.999952
v 0.00478391 -0.0147234 0.140874 0.8 0.8 0.8
vn 0.00332038 -0.00950088 -0.999949
v 0.00702825 -0.0137937 0.140874 0.8 0.8 0.8
vn 0.00488599 -0.00908812 -0.999947
v 0.00909953 -0.0125244 0.140874 0.8 0.8 0.8
vn 0.00639646 -0.00840764 -0.999944
v 0.0109468 -0.0109468 0.140874 0.8 0.8 0.8
vn 0.00779874 -0.00746214 -0.999942
v 0.0125244 -0.00909955 0.140874 0.8 0.8 0.8
vn 0.00903772 -0.00626652 -0.99994
v 0.0137937 -0.00702826 0.140874 0.8 0.8 0.8
vn 0.0100597 -0.0048493 -0.999938
v 0.0147234 -0.00478392 0.140874 0.8 0.8 0.8
vn 0.0108168 -0.0032527 -0.999936
v 0.0152905 -0.00242178 0.140874 0.8 0.8 0.8
vn 0.0112711 -0.00153122 -0.999935
f 1//1 3//3 4//4
f 2//2 724//724 723//723
f 1//1 4//4 5//5
f 2//2 725//725 724//724
f 1//1 5//5 6//6
f 2//2 726//726 725//725
f 1//1 6//6 7//7
f 2//2 727//727 726//726
f 1//1 7//7 8//8
f 2//2 728//728 727//727
f 1//1 8//8 9//9
f 2//2 729//729 728//728
f 1//1 9//9 10//10
f 2//2 730//730 729//729
f 1//1 10//10 11//11
f 2//2 731//731 730//730
f 1//1 11//11 12//12
f 2//2 732//732 731//731
f 1//1 12//12 13//13
f 2//2 733//733 732//732
f 1//1 13//13 14//14
f 2//2 734//734 733//733
f 1//1 14//14 15//15
f 2//2 735//735 734//734
f 1//1 15//15 16//16
f 2//2 736//736 735//735
f 1//1 16//16 17//17
f 2//2 737//737 736//736
f 1//1 17//17 18//18
f 2//2 738//738 737//737
f 1//1 18//18 19//19
f 2//2 739//739 738//738
f 1//1 19//19 20//20
f 2//2 740//740 739//739
f 1//1 20//20 21//21
f 2//2 741//741 740//740
f 1//1 21//21 22//22
f 2//2 742//742 741//741
f 1//1 22//22 23//23
f 2//2 743//743 742//742
f 1//1 23//23 24//24
f 2//2 744//744 743//743
f 1//1 24//24 25//25
f 2//2 745//745 744//744
f 1//1 25//25 26//26
f 2//2 746//746 745//745
f 1//1 26//26 27//27
f 2//2 747//747 746//746
f 1//1 27//27 28//28
f 2//2 748//748 747//747
f 1//1 28//28 29//29
f 2//2 749//749 748//748
f 1//1 29//29 30//30
f 2//2 750//750 749//749
f 1//1 30//30 31//31
f 2//2 751//751 750//750
f 1//1 31//31 32//32
f 2//2 752//752 751//751
f 1//1 32//32 33//33
f 2//2 753//753 752//752
f 1//1 33//33 34//34
f 2//2 754//754 753//753
f 1//1 34//34 35//35
f 2//2 755//755 754//754
f 1//1 35//35 36//36
f 2//2 756//756 755//755
f 1//1 36//36 37//37
f 2//2 757//757 756//756
f 1//1 37//37 38//38
f 2//2 758//758 757//757
f 1//1 38//38 39//39
f 2//2 759//759 758//758
f 1//1 39//39 40//40
f 2//2 760//760 759//759
f 1//1 40//40 41//41
f 2//2 761//761 760//760
f 1//1 41//41 42//42
f 2//2 762//762 761//761
f 1//1 42//42 3//3
f 2//2 723//723 762//762
f 43//43 4//4 3//3
f 43//43 44//44 4//4
f 44//44 5//5 4//4
f 44//44 45//45 5//5
f 45//45 6//6 5//5
f 45//45 46//46 6//6
f 46//46 7//7 6//6
f 46//46 47//47 7//7
f 47//47 8//8 7//7
f 47//47 48//48 8//8
f 48//48 9//9 8//8
f 48//48 49//49 9//9
f 49//49 10//10 9//9
f 49//49 50//50 10//10
f 50//50 11//11 10//10
f 50//50 51//51 11//11
f 51//51 12//12 11//11
f 51//51 52//52 12//12
f 52//52 13//13 12//12
f 52//52 53//53 13//13
f 53//53 14//14 13//13
f 53//53 54//54 14//14
f 54//54 15//15 14//14
f 54//54 55//55 15//15
f 55//55 16//16 15//15
f 55//55 56//56 16//16
f 56//56 17//17 16//16
f 56//56 57//57 17//17
f 57//57 18//18 17//17
f 57//57 58//58 18//18
f 58//58 19//19 18//18
f 58//58 59//59 19//19
f 59//59 20//20 19//19
f 59//59 60//60 20//20
f 60//60 21//21 20//20
f 60//60 61//61 21//21
f 61//61 22//22 21//21
f 61//61 62//62 22//22
f 62//62 23//23 22//22
f 62//62 63//63 23//23
f 63//63 24//24 23//23
f 63//63 64//64 24//24
f 64//64 25//25 24//24
f 64//64 65//65 25//25
f 65//65 26//26 25//25
f 65//65 66//66 26//26
f 66//66 27//27 26//26
f 66//66 67//67 27//27
f 67//67 28//28 27//27
f 67//67 68//68 28//28
f 68//68 29//29 28//28
f 68//68 69//69 29//29
f 69//69 30//30 29//29
f 69//69 70//70 30//30
f 70//70 31//31 30//30
f 70//70 71//71 31//31
f 71//71 32//32 31//31
f 71//71 72//72 32//32
f 72//72 33//33 32//32
f 72//72 73//73 33//33
f 73//73 34//34 33//33
f 73//73 74//74 34//34
f 74//74 35//35 34//34
f 74//74 75//75 35//35
f 75//75 36//36 35//35
f 75//75 76//76 36//36
f 76//76 37//37 36//36
f 76//76 77//77 37//37
f 77//77 38//38 37//37
f 77//77 78//78 38//38
f 78//78 39//39 38//38
f 78//78 79//79 39//39
f 79//79 40//40 39//39
f 79//79 80//80 40//40
f 80//80 41//41 40//40
f 80//80 81//81 41//41
f 81//81 42//42 41//41
f 81//81 82//82 42//42
f 82//82 3//3 42//42
f 82//82 43//43 3//3
f 83//83 44//44 43//43
f 83//83 84//84 44//44
f 84//84 45//45 44//44
f 84//84 85//85 45//45
f 85//85 46//46 45//45
f 85//85 86//86 46//46
f 86//86 47//47 46//46
f 86//86 87//87 47//47
f 87//87 48//48 47//47
f 87//87 88//88 48//48
f 88//88 49//49 48//48
f 88//88 89//89 49//49
f 89//89 50//50 49//49
f 89//89 90//90 50//50
f 90//90 51//51 50//50
f 90//90 91//91 51//51
f 91//91 52//52 51//51
f 91//91 92//92 52//52
f 92//92 53//53 52//52
f 92//92 93//93 53//53
f 93//93 54//54 53//53
f 93//93 94//94 54//54
f 94//94 55//55 54//54
f 94//94 95//95 55//55
f 95//95 56//56 55//55
f 95//95 96//96 56//56
f 96//96 57//57 56//56
f 96//96 97//97 57//57
f 97//97 58//58 57//57
f 97//97 98//98 58//58
f 98//98 59//59 58//58
f 98//98 99//99 59//59
f 99//99 60//60 59//59
f 99//99 100//100 60//60
f 100//100 61//61 60//60
f 100//100 101//101 61//61
f 101//101 62//62 61//61
f 101//101 102//102 62//62
f 102//102 63//63 62//62
f 102//102 103//103 63//63
f 103//103 64//64 63//63
f 103//103 104//104 64//64
f 104//104 65//65 64//64
f 104//104 105//105 65//65
f 105//105 66//66 65//65
f 105//105 106//106 66//66
f 106//106 67//67 66//66
f 106//106 107//107 67//67
f 107//107 68//68 67//67
f 107//107 108//108 68//68
f 108//108 69//69 68//68
f 108//108 109//109 69//69
f 109//109 70//70 69//69
f 109//109 110//110 70//70
f 110//110 71//71 70//70
f 110//110 111//111 71//71
f 111//111 72//72 71//71
f 111//111 112//112 72//72
f 112//112 73//73 72//72
f 112//112 113//113 73//73
f 113//113 74//74 73//73
f 113//113 114//114 74//74
f 114//114 75//75 74//74
f 114//114 115//115 75//75
f 115//115 76//76 75//75
f 115//115 116//116 76//76
f 116//116 77//77 76//76
f 116//116 117//117 77//77
f 117//117 78//78 77//77
f 117//117 118//118 78//78
f 118//118 79//79 78//78
f 118//118 119//119 79//79
f 119//119 80//80 79//79
f 119//119 120//120 80//80
f 120//120 81//81 80//80
f 120//120 121//121 81//81
f 121//121 82//82 81//81
f 121//121 122//122 82//82
f 122//122 43//43 82//82
f 122//122 83//83 43//43
f 123//123 84//84 83//83
f 123//123 124//124 84//84
f 124//124 85//85 84//84
f 124//124 125//125 85//85
f 125//125 86//86 85//85
f 125//125 126//126 86//86
f 126//126 87//87 86//86
f 126//126 127//127 87//87
f 127//127 88//88 87//87
f 127//127 128//128 88//88
f 128//128 89//89 88//88
f 128//128 129//129 89//89
f 129//129 90//90 89//89
f 129//129 130//130 90//90
f 130//130 91//91 90//90
f 130//130 131//131 91//91
f 131//131 92//92 91//91
f 131//131 132//132 92//92
f 132//132 93//93 92//92
f 132//132 133//133 93//93
f 133//133 94//94 93//93
f 133//133 134//134 94//94
f 134//134 95//95 94//94
f 134//134 135//135 95//95
f 135//135 96//96 95//95
f 135//135 136//136 96//96
f 136//136 97//97 96//96
f 136//136 137//137 97//97
f 137//137 98//98 97//97
f 137//137 138//138 98//98
f 138//138 99//99 98//98
f 138//138 139//139 99//99
f 139//139 100//100 99//99
f 139//139 140//140 100//100
f 140//140 101//101 100//100
f 140//140 141//141 101//101
f 141//141 102//102 101//101
f 141//141 142//142 102//102
f 142//142 103//103 102//102
f 142//142 143//143 103//103
f 143//143 104//104 103//103
f 143//143 144//144 104//104
f 144//144 105//105 104//104
f 144//144 145//145 105//105
f 145//145 106//106 105//105
f 145//145 146//146 106//106
f 146//146 107//107 106//106
f 146//146 147//147 107//107
f 147//147 108//108 107//107
f 147//147 148//148 108//108
f 148//148 109//109 108//108
f 148//148 149//149 109//109
f 149//149 110//110 109//109
f 149//149 150//150 110//110
f 150//150 111//111 110//110
f 150//150 151//151 111//111
f 151//151 112//112 111//111
f 151//151 152//152 112//112
f 152//152 113//113 112//112
f 152//152 153//153 113//113
f 153//153 114//114 113//113
f 153//153 154//154 114//114
f 154//154 115//115 114//114
f 154//154 155//155 115//115
f 155//155 116//116 115//115
f 155//155 156//156 116//116
f 156//156 117//117 116//116
f 156//156 157//157 117//117
f 157//157 118//118 117//117
f 157//157 158//158 118//118
f 158//158 119//119 118//118
f 158//158 159//159 119//119
f 159//159 120//120 119//119
f 159//159 160//160 120//120
f 160//160 121//121 120//120
f 160//160 161//161 121//121
f 161//161 122//122 121//121
f 161//161 162//162 122//122
f 162//162 83//83 122//122
f 162//162 123//123 83//83
f 163//163 124//124 123//123
f 163//163 164//164 124//124
f 164//164 125//125 124//124
f 164//164 165//165 125//125
f 165//165 126//126 125//125
f 165//165 166//166 126//126
f 166//166 127//127 126//126
f 166//166 167//167 127//127
f 167//167 128//128 127//127
f 167//167 168//168 128//128
f 168//168 129//129 128//128
f 168//168 169//169 129//129
f 169//169 130//130 129//129
f 169//169 170//170 130//130
f 170//170 131//131 130//130
f 170//170 171//171 131//131
f 171//171 132//132 131//131
f 171//171 172//172 132//132
f 172//172 133//133 132//132
f 172//172 173//173 133//133
f 173//173 134//134 133//133
f 173//173 174//174 134//134
f 174//174 135//135 134//134
f 174//174 175//175 135//135
f 175//175 136//136 135//135
f 175//175 176//176 136//136
f 176//176 137//137 136//136
f 176//176 177//177 137//137
f 177//177 138//138 137//137
f 177//177 178//178 138//138
f 178//178 139//139 138//138
f 178//178 179//179 139//139
f 179//179 140//140 139//139
f 179//179 180//180 140//140
f 180//180 141//141 140//140
f 180//180 181//181 141//141
f 181//181 142//142 141//141
f 181//181 182//182 142//142
f 182//182 143//143 142//142
f 182//182 183//183 143//143
f 183//183 144//144 143//143
f 183//183 184//184 144//144
f 184//184 145//145 144//144
f 184//184 185//185 145//145
f 185//185 146//146 145//145
f 185//185 186//186 146//146
f 186//186 147//147 146//146
f 186//186 187//187 147//147
f 187//187 148//148 147//147
f 187//187 188//188 148//148
f 188//188 149//149 148//148
f 188//188 189//189 149//149
f 189//189 150//150 149//149
f 189//189 190//190 150//150
f 190//190 151//151 150//150
f 190//190 191//191 151//151
f 191//191 152//152 151//151
f 191//191 192//192 152//152
f 192//192 153//153 152//152
f 192//192 193//193 153//153
f 193//193 154//154 153//153
f 193//193 194//194 154//154
f 194//194 155//155 154//154
f 194//194 195//195 155//155
f 195//195 156//156 155//155
f 195//195 196//196 156//156
f 196//196 157//157 156//156
f 196//196 197//197 157//157
f 197//197 158//158 157//157
f 197//197 198//198 158//158
f 198//198 159//159 158//158
f 198//198 199//199 159//159
f 199//199 160//160 159//159
f 199//199 200//200 160//160
f 200//200 161//161 160//160
f 200//200 201//201 161//161
f 201//201 162//162 161//161
f 201//201 202//202 162//162
f 202//202 123//123 162//162
f 202//202 163//163 123//123
f 203//203 164//164 163//163
f 203//203 204//204 164//164
f 204//204 165//165 164//164
f 204//204 205//205 165//165
f 205//205 166//166 165//165
f 205//205 206//206 166//166
f 206//206 167//167 166//166
f 206//206 207//207 167//167
f 207//207 168//168 167//167
f 207//207 208//208 168//168
f 208//208 169//169 168//168
f 208//208 209//209 169//169
f 209//209 170//170 169//169
f 209//209 210//210 170//170
f 210//210 171//171 170//170
f 210//210 211//211 171//171
f 211//211 172//172 171//171
f 211//211 212//212 172//172
f 212//212 173//173 172//172
f 212//212 213//213 173//173
f 213//213 174//174 173//173
f 213//213 214//214 174//174
f 214//214 175//175 174//174
f 214//214 215//215 175//175
f 215//215 176//176 175//175
f 215//215 216//216 176//176
f 216//216 177//177 176//176
f 216//216 217//217 177//177
f 217//217 178//178 177//177
f 217//217 218//218 178//178
f 218//218 179//179 178//178
f 218//218 219//219 179//179
f 219//219 180//180 179//179
f 219//219 220//220 180//180
f 220//220 181//181 180//180
f 220//220 221//221 181//181
f 221//221 182//182 181//181
f 221//221 222//222 182//182
f 222//222 183//183 182//182
f 222//222 223//223 183//183
f 223//223 184//184 183//183
f 223//223 224//224 184//184
f 224//224 185//185 184//184
f 224//224 225//225 185//185
f 225//225 186//186 185//185
f 225//225 226//226 186//186
f 226//226 187//187 186//186
f 226//226 227//227 187//187
f 227//227 188//188 187//187
f 227//227 228//228 188//188
f 228//228 189//189 188//188
f 228//228 229//229 189//189
f 229//229 190//190 189//189
f 229//229 230//230 190//190
f 230//230 191//191 190//190
f 230//230 231//231 191//191
f 231//231 192//192 191//191
f 231//231 232//232 192//192
f 232//232 193//193 192//192
f 232//232 233//233 193//193
f 233//233 194//194 193//193
f 233//233 234//234 194//194
f 234//234 195//195 194//194
f 234//234 235//235 195//195
f 235//235 196//196 195//195
f 235//235 236//236 196//196
f 236//236 197//197 196//196
f 236//236 237//237 197//197
f 237//237 198//198 197//197
f 237//237 238//238 198//198
f 238//238 199//199 198//198
f 238//238 239//239 199//199
f 239//239 200//200 199//199
f 239//239 240//240 200//200
f 240//240 201//201 200//200
f 240//240 241//241 201//201
f 241//241 202//202 201//201
f 241//241 242//242 202//202
f 242//242 163//163 202//202
f 242//242 203//203 163//163
f 243//243 204//204 203//203
f 243//243 244//244 204//204
f 244//244 205//205 204//204
f 244//244 245//245 205//205
f 245//245 206//206 205//205
f 245//245 246//246 206//206
f 246//246 207//207 206//206
f 246//246 247//247 207//207
f 247//247 208//208 207//207
f 247//247 248//248 208//208
f 248//248 209//209 208//208
f 248//248 249//249 209//209
f 249//249 210//210 209//209
f 249//249 250//250 210//210
f 250//250 211//211 210//210
f 250//250 251//251 211//211
f 251//251 212//212 211//211
f 251//251 252//252 212//212
f 252//252 213//213 212//212
f 252//252 253//253 213//213
f 253//253 214//214 213//213
f 253//253 254//254 214//214
f 254//254 215//215 214//214
f 254//254 255//255 215//215
f 255//255 216//216 215//215
f 255//255 256//256 216//216
f 256//256 217//217 216//216
f 256//256 257//257 217//217
f 257//257 218//218 217//217
f 257//257 258//258 218//218
f 258//258 219//219 218//218
f 258//258 259//259 219//219
f 259//259 220//220 219//219
f 259//259 260//260 220//220
f 260//260 221//221 220//220
f 260//260 261//261 221//221
f 261//261 222//222 221//221
f 261//261 262//262 222//222
f 262//262 223//223 222//222
f 262//262 263//263 223//223
f 263//263 224//224 223//223
f 263//263 264//264 224//224
f 264//264 225//225 224//224
f 264//264 265//265 225//225
f 265//265 226//226 225//225
f 265//265 266//266 226//226
f 266//266 227//227 226//226
f 266//266 267//267 227//227
f 267//267 228//228 227//227
f 267//267 268//268 228//228
f 268//268 229//229 228//228
f 268//268 269//269 229//229
f 269//269 230//230 229//229
f 269//269 270//270 230//230
f 270//270 231//231 230//230
f 270//270 271//271 231//231
f 271//271 232//232 231//231
f 271//271 272//272 232//232
f 272//272 233//233 232//232
f 272//272 273//273 233//233
f 273//273 234//234 233//233
f 273//273 274//274 234//234
f 274//274 235//235 234//234
f 274//274 275//275 235//235
f 275//275 236//236 235//235
f 275//275 276//276 236//236
f 276//276 237//237 236//236
f 276//276 277//277 237//237
f 277//277 238//238 237//237
f 277//277 278//278 238//238
f 278//278 239//239 238//238
f 278//278 279//279 239//239
f 279//279 240//240 239//239
f 279//279 280//280 240//240
f 280//280 241//241 240//240
f 280//280 281//281 241//241
f 281//281 242//242 241//241
f 281//281 282//282 242//242
f 282//282 203//203 242//242
f 282//282 243//243 203//203
f 283//283 244//244 243//243
f 283//283 284//284 244//244
f 284//284 245//245 244//244
f 284//284 285//285 245//245
f 285//285 246//246 245//245
f 285//285 286//286 246//246
f 286//286 247//247 246//246
f 286//286 287//287 247//247
f 287//287 248//248 247//247
f 287//287 288//288 248//248
f 288//288 249//249 248//248
f 288//288 289//289 249//249
f 289//289 250//250 249//249
f 289//289 290//290 250//250
f 290//290 251//251 250//250
f 290//290 291//291 251//251
f 291//291 252//252 251//251
f 291//291 292//292 252//252
f 292//292 253//253 252//252
f 292//292 293//293 253//253
f 293//293 254//254 253//253
f 293//293 294//294 254//254
f 294//294 255//255 254//254
f 294//294 295//295 255//255
f 295//295 256//256 255//255
f 295//295 296//296 256//256
f 296//296 257//257 256//256
f 296//296 297//297 257//257
f 297//297 258//258 257//257
f 297//297 298//298 258//258
f 298//298 259//259 258//258
f 298//298 299//299 259//259
f 299//299 260//260 259//259
f 299//299 300//300 260//260
f 300//300 261//261 260//260
f 300//300 301//301 261//261
f 301//301 262//262 261//261
f 301//301 302//302 262//262
f 302//302 263//263 262//262
f 302//302 303//303 263//263
f 303//303 264//264 263//263
f 303//303 304//304 264//264
f 304//304 265//265 264//264
f 304//304 305//305 265//265
f 305//305 266//266 265//265
f 305//305 306//306 266//266
f 306//306 267//267 266//266
f 306//306 307//307 267//267
f 307//307 268//268 267//267
f 307//307 308//308 268//268
f 308//308 269//269 268//268
f 308//308 309//309 269//269
f 309//309 270//270 269//269
f 309//309 310//310 270//270
f 310//310 271//271 270//270
f 310//310 311//311 271//271
f 311//311 272//272 271//271
f 311//311 312//312 272//272
f 312//312 273//273 272//272
f 312//312 313//313 273//273
f 313//313 274//274 273//273
f 313//313 314//314 274//274
f 314//314 275//275 274//274
f 314//314 315//315 275//275
f 315//315 276//276 275//275
f 315//315 316//316 276//276
f 316//316 277//277 276//276
f 316//316 317//317 277//277
f 317//317 278//278 277//277
f 317//317 318//318 278//278
f 318//318 279//279 278//278
f 318//318 319//319 279//279
f 319//319 280//280 279//279
f 319//319 320//320 280//280
f 320//320 281//281 280//280
f 320//320 321//321 281//281
f 321//321 282//282 281//281
f 321//321 322//322 282//282
f 322//322 243//243 282//282
f 322//322 283//283 243//243
f 323//323 284//284 283//283
f 323//323 324//324 284//284
f 324//324 285//285 284//284
f 324//324 325//325 285//285
f 325//325 286//286 285//285
f 325//325 326//326 286//286
f 326//326 287//287 286//286
f 326//326 327//327 287//287
f 327//327 288//288 287//287
f 327//327 328//328 288//288
f 328//328 289//289 288//288
f 328//328 329//329 289//289
f 329//329 290//290 289//289
f 329//329 330//330 290//290
f 330//330 291//291 290//290
f 330//330 331//331 291//291
f 331//331 292//292 291//291
f 331//331 332//332 292//292
f 332//332 293//293 292//292
f 332//332 333//333 293//293
f 333//333 294//294 293//293
f 333//333 334//334 294//294
f 334//334 295//295 294//294
f 334//334 335//335 295//295
f 335//335 296//296 295//295
f 335//335 336//336 296//296
f 336//336 297//297 296//296
f 336//336 337//337 297//297
f 337//337 298//298 297//297
f 337//337 338//338 298//298
f 338//338 299//299 298//298
f 338//338 339//339 299//299
f 339//339 300//300 299//299
f 339//339 340//340 300//300
f 340//340 301//301 300//300
f 340//340 341//341 301//301
f 341//341 302//302 301//301
f 341//341 342//342 302//302
f 342//342 303//303 302//302
f 342//342 343//343 303//303
f 343//343 304//304 303//303
f 343//343 344//344 304//304
f 344//344 305//305 304//304
f 344//344 345//345 305//305
f 345//345 306//306 305//305
f 345//345 346//346 306//306
f 346//346 307//307 306//306
f 346//346 347//347 307//307
f 347//347 308//308 307//307
f 347//347 348//348 308//308
f 348//348 309//309 308//308
f 348//348 349//349 309//309
f 349//349 310//310 309//309
f 349//349 350//350 310//310
f 350//350 311//311 310//310
f 350//350 351//351 311//311
f 351//351 312//312 311//311
f 351//351 352//352 312//312
f 352//352 313//313 312//312
f 352//352 353//353 313//313
f 353//353 314//314 313//313
f 353//353 354//354 314//314
f 354//354 315//315 314//314
f 354//354 355//355 315//315
f 355//355 316//316 315//315
f 355//355 356//356 316//316
f 356//356 317//317 316//316
f 356//356 357//357 317//317
f 357//357 318//318 317//317
f 357//357 358//358 318//318
f 358//358 319//319 318//318
f 358//358 359//359 319//319
f 359//359 320//320 319//319
f 359//359 360//360 320//320
f 360//360 321//321 320//320
f 360//360 361//361 321//321
f 361//361 322//322 321//321
f 361//361 362//362 322//322
f 362//362 283//283 322//322
f 362//362 323//323 283//283
f 363//363 324//324 323//323
f 363//363 364//364 324//324
f 364//364 325//325 324//324
f 364//364 365//365 325//325
f 365//365 326//326 325//325
f 365//365 366//366 326//326
f 366//366 327//327 326//326
f 366//366 367//367 327//327
f 367//367 328//328 327//327
f 367//367 368//368 328//328
f 368//368 329//329 328//328
f 368//368 369//369 329//329
f 369//369 330//330 329//329
f 369//369 370//370 330//330
f 370//370 331//331 330//330
f 370//370 371//371 331//331
f 371//371 332//332 331//331
f 371//371 372//372 332//332
f 372//372 333//333 332//332
f 372//372 373//373 333//333
f 373//373 334//334 333//333
f 373//373 374//374 334//334
f 374//374 335//335 334//334
f 374//374 375//375 335//335
f 375//375 336//336 335//335
f 375//375 376//376 336//336
f 376//376 337//337 336//336
f 376//376 377//377 337//337
f 377//377 338//338 337//337
f 377//377 378//378 338//338
f 378//378 339//339 338//338
f 378//378 379//379 339//339
f 379//379 340//340 339//339
f 379//379 380//380 340//340
f 380//380 341//341 340//340
f 380//380 381//381 341//341
f 381//381 342//342 341//341
f 381//381 382//382 342//342
f 382//382 343//343 342//342
f 382//382 383//383 343//343
f 383//383 344//344 343//343
f 383//383 384//384 344//344
f 384//384 345//345 344//344
f 384//384 385//385 345//345
f 385//385 346//346 345//345
f 385//385 386//386 346//346
f 386//386 347//347 346//346
f 386//386 387//387 347//347
f 387//387 348//348 347//347
f 387//387 388//388 348//348
f 388//388 349//349 348//348
f 388//388 389//389 349//349
f 389//389 350//350 349//349
f 389//389 390//390 350//350
f 390//390 351//351 350//350
f 390//390 391//391 351//351
f 391//391 352//352 351//351
f 391//391 392//392 352//352
f 392//392 353//353 352//352
f 392//392 393//393 353//353
f 393//393 354//354 353//353
f 393//393 394//394 354//354
f 394//394 355//355 354//354
f 394//394 395//395 355//355
f 395//395 356//356 355//355
f 395//395 396//396 356//356
f 396//396 357//357 356//356
f 396//396 397//397 357//357
f 397//397 358//358 357//357
f 397//397 398//398 358//358
f 398//398 359//359 358//358
f 398//398 399//399 359//359
f 399//399 360//360 359//359
f 399//399 400//400 360//360
f 400//400 361//361 360//360
f 400//400 401//401 361//361
f 401//401 362//362 361//361
f 401//401 402//402 362//362
f 402//402 323//323 362//362
f 402//402 363//363 323//323
f 403//403 364//364 363//363
f 403//403 404//404 364//364
f 404//404 365//365 364//364
f 404//404 405//405 365//365
f 405//405 366//366 365//365
f 405//405 406//406 366//366
f 406//406 367//367 366//366
f 406//406 407//407 367//367
f 407//407 368//368 367//367
f 407//407 408//408 368//368
f 408//408 369//369 368//368
f 408//408 409//409 369//369
f 409//409 370//370 369//369
f 409//409 410//410 370//370
f 410//410 371//371 370//370
f 410//410 411//411 371//371
f 411//411 372//372 371//371
f 411//411 412//412 372//372
f 412//412 373//373 372//372
f 412//412 413//413 373//373
f 413//413 374//374 373//373
f 413//413 414//414 374//374
f 414//414 375//375 374//374
f 414//414 415//415 375//375
f 415//415 376//376 375//375
f 415//415 416//416 376//376
f 416//416 377//377 376//376
f 416//416 417//417 377//377
f 417//417 378//378 377//377
f 417//417 418//418 378//378
f 418//418 379//379 378//378
f 418//418 419//419 379//379
f 419//419 380//380 379//379
f 419//419 420//420 380//380
f 420//420 381//381 380//380
f 420//420 421//421 381//381
f 421//421 382//382 381//381
f 421//421 422//422 382//382
f 422//422 383//383 382//382
f 422//422 423//423 383//383
f 423//423 384//384 383//383
f 423//423 424//424 384//384
f 424//424 385//385 384//384
f 424//424 425//425 385//385
f 425//425 386//386 385//385
f 425//425 426//426 386//386
f 426//426 387//387 386//386
f 426//426 427//427 387//387
f 427//427 388//388 387//387
f 427//427 428//428 388//388
f 428//428 389//389 388//388
f 428//428 429//429 389//389
f 429//429 390//390 389//389
f 429//429 430//430 390//390
f 430//430 391//391 390//390
f 430//430 431//431 391//391
f 431//431 392//392 391//391
f 431//431 432//432 392//392
f 432//432 393//393 392//392
f 432//432 433//433 393//393
f 433//433 394//394 393//393
f 433//433 434//434 394//394
f 434//434 395//395 394//394
f 434//434 435//435 395//395
f 435//435 396//396 395//395
f 435//435 436//436 396//396
f 436//436 397//397 396//396
f 436//436 437//437 397//397
f 437//437 398//398 397//397
f 437//437 438//438 398//398
f 438//438 399//399 398//398
f 438//438 439//439 399//399
f 439//439 400//400 399//399
f 439//439 440//440 400//400
f 440//440 401//401 400//400
f 440//440 441//441 401//401
f 441//441 402//402 401//401
f 441//441 442//442 402//402
f 442//442 363//363 402//402
f 442//442 403//403 363//363
f 443//443 404//404 403//403
f 443//443 444//444 404//404
f 444//444 405//405 404//404
f 444//444 445//445 405//405
f 445//445 406//406 405//405
f 445//445 446//446 406//406
f 446//446 407//407 406//406
f 446//446 447//447 407//407
f 447//447 408//408 407//407
f 447//447 448//448 408//408
f 448//448 409//409 408//408
f 448//448 449//449 409//409
f 449//449 410//410 409//409
f 449//449 450//450 410//410
f 450//450 411//411 410//410
f 450//450 451//451 411//411
f 451//451 412//412 411//411
f 451//451 452//452 412//412
f 452//452 413//413 412//412
f 452//452 453//453 413//413
f 453//453 414//414 413//413
f 453//453 454//454 414//414
f 454//454 415//415 414//414
f 454//454 455//455 415//415
f 455//455 416//416 415//415
f 455//455 456//456 416//416
f 456//456 417//417 416//416
f 456//456 457//457 417//417
f 457//457 418//418 417//417
f 457//457 458//458 418//418
f 458//458 419//419 418//418
f 458//458 459//459 419//419
f 459//459 420//420 419//419
f 459//459 460//460 420//420
f 460//460 421//421 420//420
f 460//460 461//461 421//421
f 461//461 422//422 421//421
f 461//461 462//462 422//422
f 462//462 423//423 422//422
f 462//462 463//463 423//423
f 463//463 424//424 423//423
f 463//463 464//464 424//424
f 464//464 425//425 424//424
f 464//464 465//465 425//425
f 465//465 426//426 425//425
f 465//465 466//466 426//426
f 466//466 427//427 426//426
f 466//466 467//467 427//427
f 467//467 428//428 427//427
f 467//467 468//468 428//428
f 468//468 429//429 428//428
f 468//468 469//469 429//429
f 469//469 430//430 429//429
f 469//469 470//470 430//430
f 470//470 431//431 430//430
f 470//470 471//471 431//431
f 471//471 432//432 431//431
f 471//471 472//472 432//432
f 472//472 433//433 432//432
f 472//472 473//473 433//433
f 473//473 434//434 433//433
f 473//473 474//474 434//434
f 474//474 435//435 434//434
f 474//474 475//475 435//435
f 475//475 436//436 435//435
f 475//475 476//476 436//436
f 476//476 437//437 436//436
f 476//476 477//477 437//437
f 477//477 438//438 437//437
f 477//477 478//478 438//438
f 478//478 439//439 438//438
f 478//478 479//479 439//439
f 479//479 440//440 439//439
f 479//479 480//480 440//440
f 480//480 441//441 440//440
f 480//480 481//481 441//441
f 481//481 442//442 441//441
f 481//481 482//482 442//442
f 482//482 403//403 442//442
f 482//482 443//443 403//403
f 483//483 444//444 443//443
f 483//483 484//484 444//444
f 484//484 445//445 444//444
f 484//484 485//485 445//445
f 485//485 446//446 445//445
f 485//485 486//486 446//446
f 486//486 447//447 446//446
f 486//486 487//487 447//447
f 487//487 448//448 447//447
f 487//487 488//488 448//448
f 488//488 449//449 448//448
f 488//488 489//489 449//449
f 489//489 450//450 449//449
f 489//489 490//490 450//450
f 490//490 451//451 450//450
f 490//490 491//491 451//451
f 491//491 452//452 451//451
f 491//491 492//492 452//452
f 492//492 453//453 452//452
f 492//492 493//493 453//453
f 493//493 454//454 453//453
f 493//493 494//494 454//454
f 494//494 455//455 454//454
f 494//494 495//495 455//455
f 495//495 456//456 455//455
f 495//495 496//496 456//456
f 496//496 457//457 456//456
f 496//496 497//497 457//457
f 497//497 458//458 457//457
f 497//497 498//498 458//458
f 498//498 459//459 458//458
f 498//498 499//499 459//459
f 499//499 460//460 459//459
f 499//499 500//500 460//460
f 500//500 461//461 460//460
f 500//500 501//501 461//461
f 501//501 462//462 461//461
f 501//501 502//502 462//462
f 502//502 463//463 462//462
f 502//502 503//503 463//463
f 503//503 464//464 463//463
f 503//503 504//504 464//464
f 504//504 465//465 464//464
f 504//504 505//505 465//465
f 505//505 466//466 465//465
f 505//505 506//506 466//466
f 506//506 467//467 466//466
f 506//506 507//507 467//467
f 507//507 468//468 467//467
f 507//507 508//508 468//468
f 508//508 469//469 468//468
f 508//508 509//509 469//469
f 509//509 470//470 469//469
f 509//509 510//510 470//470
f 510//510 471//471 470//470
f 510//510 511//511 471//471
f 511//511 472//472 471//471
f 511//511 512//512 472//472
f 512//512 473//473 472//472
f 512//512 513//513 473//473
f 513//513 474//474 473//473
f 513//513 514//514 474//474
f 514//514 475//475 474//474
f 514//514 515//515 475//475
f 515//515 476//476 475//475
f 515//515 516//516 476//476
f 516//516 477//477 476//476
f 516//516 517//517 477//477
f 517//517 478//478 477//477
f 517//517 518//518 478//478
f 518//518 479//479 478//478
f 518//518 519//519 479//479
f 519//519 480//480 479//479
f 519//519 520//520 480//480
f 520//520 481//481 480//480
f 520//520 521//521 481//481
f 521//521 482//482 481//481
f 521//521 522//522 482//482
f 522//522 443//443 482//482
f 522//522 483//483 443//443
f 523//523 484//484 483//483
f 523//523 524//524 484//484
f 524//524 485//485 484//484
f 524//524 525//525 485//485
f 525//525 486//486 485//485
f 525//525 526//526 486//486
f 526//526 487//487 486//486
f 526//526 527//527 487//487
f 527//527 488//488 487//487
f 527//527 528//528 488//488
f 528//528 489//489 488//488
f 528//528 529//529 489//489
f 529//529 490//490 489//489
f 529//529 530//530 490//490
f 530//530 491//491 490//490
f 530//530 531//531 491//491
f 531//531 492//492 491//491
f 531//531 532//532 492//492
f 532//532 493//493 492//492
f 532//532 533//533 493//493
f 533//533 494//494 493//493
f 533//533 534//534 494//494
f 534//534 495//495 494//494
f 534//534 535//535 495//495
f 535//535 496//496 495//495
f 535//535 536//536 496//496
f 536//536 497//497 496//496
f 536//536 537//537 497//497
f 537//537 498//498 497//497
f 537//537 538//538 498//498
f 538//538 499//499 498//498
f 538//538 539//539 499//499
f 539//539 500//500 499//499
f 539//539 540//540 500//500
f 540//540 501//501 500//500
f 540//540 541//541 501//501
f 541//541 502//502 501//501
f 541//541 542//542 502//502
f 542//542 503//503 502//502
f 542//542 543//543 503//503
f 543//543 504//504 503//503
f 543//543 544//544 504//504
f 544//544 505//505 504//504
f 544//544 545//545 505//505
f 545//545 506//506 505//505
f 545//545 546//546 506//506
f 546//546 507//507 506//506
f 546//546 547//547 507//507
f 547//547 508//508 507//507
f 547//547 548//548 508//508
f 548//548 509//509 508//508
f 548//548 549//549 509//509
f 549//549 510//510 509//509
f 549//549 550//550 510//510
f 550//550 511//511 510//510
f 550//550 551//551 511//511
f 551//551 512//512 511//511
f 551//551 552//552 512//512
f 552//552 513//513 512//512
f 552//552 553//553 513//513
f 553//553 514//514 513//513
f 553//553 554//554 514//514
f 554//554 515//515 514//514
f 554//554 555//555 515//515
f 555//555 516//516 515//515
f 555//555 556//556 516//516
f 556//556 517//517 516//516
f 556//556 557//557 517//517
f 557//557 518//518 517//517
f 557//557 558//558 518//518
f 558//558 519//519 518//518
f 558//558 559//559 519//519
f 559//559 520//520 519//519
f 559//559 560//560 520//520
f 560//560 521//521 520//520
f 560//560 561//561 521//521
f 561//561 522//522 521//521
f 561//561 562//562 522//522
f 562//562 483//483 522//522
f 562//562 523//523 483//483
f 563//563 524//524 523//523
f 563//563 564//564 524//524
f 564//564 525//525 524//524
f 564//564 565//565 525//525
f 565//565 526//526 525//525
f 565//565 566//566 526//526
f 566//566 527//527 526//526
f 566//566 567//567 527//527
f 567//567 528//528 527//527
f 567//567 568//568 528//528
f 568//568 529//529 528//528
f 568//568 569//569 529//529
f 569//569 530//530 529//529
f 569//569 570//570 530//530
f 570//570 531//531 530//530
f 570//570 571//571 531//531
f 571//571 532//532 531//531
f 571//571 572//572 532//532
f 572//572 533//533 532//532
f 572//572 573//573 533//533
f 573//573 534//534 533//533
f 573//573 574//574 534//534
f 574//574 535//535 534//534
f 574//574 575//575 535//535
f 575//575 536//536 535//535
f 575//575 576//576 536//536
f 576//576 537//537 536//536
f 576//576 577//577 537//537
f 577//577 538//538 537//537
f 577//577 578//578 538//538
f 578//578 539//539 538//538
f 578//578 579//579 539//539
f 579//579 540//540 539//539
f 579//579 580//580 540//540
f 580//580 541//541 540//540
f 580//580 581//581 541//541
f 581//581 542//542 541//541
f 581//581 582//582 542//542
f 582//582 543//543 542//542
f 582//582 583//583 543//543
f 583//583 544//544 543//543
f 583//583 584//584 544//544
f 584//584 545//545 544//544
f 584//584 585//585 545//545
f 585//585 546//546 545//545
f 585//585 586//586 546//546
f 586//586 547//547 546//546
f 586//586 587//587 547//547
f 587//587 548//548 547//547
f 587//587 588//588 548//548
f 588//588 549//549 548//548
f 588//588 589//589 549//549
f 589//589 550//550 549//549
f 589//589 590//590 550//550
f 590//590 551//551 550//550
f 590//590 591//591 551//551
f 591//591 552//552 551//551
f 591//591 592//592 552//552
f 592//592 553//553 552//552
f 592//592 593//593 553//553
f 593//593 554//554 553//553
f 593//593 594//594 554//554
f 594//594 555//555 554//554
f 594//594 595//595 555//555
f 595//595 556//556 555//555
f 595//595 596//596 556//556
f 596//596 557//557 556//556
f 596//596 597//597 557//557
f 597//597 558//558 557//557
f 597//597 598//598 558//558
f 598//598 559//559 558//558
f 598//598 599//599 559//559
f 599//599 560//560 559//559
f 599//599 600//600 560//560
f 600//600 561//561 560//560
f 600//600 601//601 561//561
f 601//601 562//562 561//561
f 601//601 602//602 562//562
f 602//602 523//523 562//562
f 602//602 563//563 523//523
f 603//603 564//564 563//563
f 603//603 604//604 564//564
f 604//604 565//565 564//564
f 604//604 605//605 565//565
f 605//605 566//566 565//565
f 605//605 606//606 566//566
f 606//606 567//567 566//566
f 606//606 607//607 567//567
f 607//607 568//568 567//567
f 607//607 608//608 568//568
f 608//608 569//569 568//568
f 608//608 609//609 569//569
f 609//609 570//570 569//569
f 609//609 610//610 570//570
f 610//610 571//571 570//570
f 610//610 611//611 571//571
f 611//611 572//572 571//571
f 611//611 612//612 572//572
f 612//612 573//573 572//572
f 612//612 613//613 573//573
f 613//613 574//574 573//573
f 613//613 614//614 574//574
f 614//614 575//575 574//574
f 614//614 615//615 575//575
f 615//615 576//576 575//575
f 615//615 616//616 576//576
f 616//616 577//577 576//576
f 616//616 617//617 577//577
f 617//617 578//578 577//577
f 617//617 618//618 578//578
f 618//618 579//579 578//578
f 618//618 619//619 579//579
f 619//619 580//580 579//579
f 619//619 620//620 580//580
f 620//620 581//581 580//580
f 620//620 621//621 581//581
f 621//621 582//582 581//581
f 621//621 622//622 582//582
f 622//622 583//583 582//582
f 622//622 623//623 583//583
f 623//623 584//584 583//583
f 623//623 624//624 584//584
f 624//624 585//585 584//584
f 624//624 625//625 585//585
f 625//625 586//586 585//585
f 625//625 626//626 586//586
f 626//626 587//587 586//586
f 626//626 627//627 587//587
f 627//627 588//588 587//587
f 627//627 628//628 588//588
f 628//628 589//589 588//588
f 628//628 629//629 589//589
f 629//629 590//590 589//589
f 629//629 630//630 590//590
f 630//630 591//591 590//590
f 630//630 631//631 591//591
f 631//631 592//592 591//591
f 631//631 632//632 592//592
f 632//632 593//593 592//592
f 632//632 633//633 593//593
f 633//633 594//594 593//593
f 633//633 634//634 594//594
f 634//634 595//595 594//594
f 634//634 635//635 595//595
f 635//635 596//596 595//595
f 635//635 636//636 596//596
f 636//636 597//597 596//596
f 636//636 637//637 597//597
f 637//637 598//598 597//597
f 637//637 638//638 598//598
f 638//638 599//599 598//598
f 638//638 639//639 599//599
f 639//639 600//600 599//599
f 639//639 640//640 600//600
f 640//640 601//601 600//600
f 640//640 641//641 601//601
f 641//641 602//602 601//601
f 641//641 642//642 602//602
f 642//642 563//563 602//602
f 642//642 603//603 563//563
f 643//643 604//604 603//603
f 643//643 644//644 604//604
f 644//644 605//605 604//604
f 644//644 645//645 605//605
f 645//645 606//606 605//605
f 645//645 646//646 606//606
f 646//646 607//607 606//606
f 646//646 647//647 607//607
f 647//647 608//608 607//607
f 647//647 648//648 608//608
f 648//648 609//609 608//608
f 648//648 649//649 609//609
f 649//649 610//610 609//609
f 649//649 650//650 610//610
f 650//650 611//611 610//610
f 650//650 651//651 611//611
f 651//651 612//612 611//611
f 651//651 652//652 612//612
f 652//652 613//613 612//612
f 652//652 653//653 613//613
f 653//653 614//614 613//613
f 653//653 654//654 614//614
f 654//654 615//615 614//614
f 654//654 655//655 615//615
f 655//655 616//616 615//615
f 655//655 656//656 616//616
f 656//656 617//617 616//616
f 656//656 657//657 617//617
f 657//657 618//618 617//617
f 657//657 658//658 618//618
f 658//658 619//619 618//618
f 658//658 659//659 619//619
f 659//659 620//620 619//619
f 659//659 660//660 620//620
f 660//660 621//621 620//620
f 660//660 661//661 621//621
f 661//661 622//622 621//621
f 661//661 662//662 622//622
f 662//662 623//623 622//622
f 662//662 663//663 623//623
f 663//663 624//624 623//623
f 663//663 664//664 624//624
f 664//664 625//625 624//624
f 664//664 665//665 625//625
f 665//665 626//626 625//625
f 665//665 666//666 626//626
f 666//666 627//627 626//626
f 666//666 667//667 627//627
f 667//667 628//628 627//627
f 667//667 668//668 628//628
f 668//668 629//629 628//628
f 668//668 669//669 629//629
f 669//669 630//630 629//629
f 669//669 670//670 630//630
f 670//670 631//631 630//630
f 670//670 671//671 631//631
f 671//671 632//632 631//631
f 671//671 672//672 632//632
f 672//672 633//633 632//632
f 672//672 673//673 633//633
f 673//673 634//634 633//633
f 673//673 674//674 634//634
f 674//674 635//635 634//634
f 674//674 675//675 635//635
f 675//675 636//636 635//635
f 675//675 676//676 636//636
f 676//676 637//637 636//636
f 676//676 677//677 637//637
f 677//677 638//638 637//637
f 677//677 678//678 638//638
f 678//678 639//639 638//638
f 678//678 679//679 639//639
f 679//679 640//640 639//639
f 679//679 680//680 640//640
f 680//680 641//641 640//640
f 680//680 681//681 641//641
f 681//681 642//642 641//641
f 681//681 682//682 642//642
f 682//682 603//603 642//642
f 682//682 643//643 603//603
f 683//683 644//644 643//643
f 683//683 684//684 644//644
f 684//684 645//645 644//644
f 684//684 685//685 645//645
f 685//685 646//646 645//645
f 685//685 686//686 646//646
f 686//686 647//647 646//646
f 686//686 687//687 647//647
f 687//687 648//648 647//647
f 687//687 688//688 648//648
f 688//688 649//649 648//648
f 688//688 689//689 649//649
f 689//689 650//650 649//649
f 689//689 690//690 650//650
f 690//690 651//651 650//650
f 690//690 691//691 651//651
f 691//691 652//652 651//651
f 691//691 692//692 652//652
f 692//692 653//653 652//652
f 692//692 693//693 653//653
f 693//693 654//654 653//653
f 693//693 694//694 654//654
f 694//694 655//655 654//654
f 694//694 695//695 655//655
f 695//695 656//656 655//655
f 695//695 696//696 656//656
f 696//696 657//657 656//656
f 696//696 697//697 657//657
f 697//697 658//658 657//657
f 697//697 698//698 658//658
f 698//698 659//659 658//658
f 698//698 699//699 659//659
f 699//699 660//660 659//659
f 699//699 700//700 660//660
f 700//700 661//661 660//660
f 700//700 701//701 661//661
f 701//701 662//662 661//661
f 701//701 702//702 662//662
f 702//702 663//663 662//662
f 702//702 703//703 663//663
f 703//703 664//664 663//663
f 703//703 704//704 664//664
f 704//704 665//665 664//664
f 704//704 705//705 665//665
f 705//705 666//666 665//665
f 705//705 706//706 666//666
f 706//706 667//667 666//666
f 706//706 707//707 667//667
f 707//707 668//668 667//667
f 707//707 708//708 668//668
f 708//708 669//669 668//668
f 708//708 709//709 669//669
f 709//709 670//670 669//669
f 709//709 710//710 670//670
f 710//710 671//671 670//670
f 710//710 711//711 671//671
f 711//711 672//672 671//671
f 711//711 712//712 672//672
f 712//712 673//673 672//672
f 712//712 713//713 673//673
f 713//713 674//674 673//673
f 713//713 714//714 674//674
f 714//714 675//675 674//674
f 714//714 715//715 675//675
f 715//715 676//676 675//675
f 715//715 716//716 676//676
f 716//716 677//677 676//676
f 716//716 717//717 677//677
f 717//717 678//678 677//677
f 717//717 718//718 678//678
f 718//718 679//679 678//678
f 718//718 719//719 679//679
f 719//719 680//680 679//679
f 719//719 720//720 680//680
f 720//720 681//681 680//680
f 720//720 721//721 681//681
f 721//721 682//682 681//681
f 721//721 722//722 682//682
f 722//722 643//643 682//682
f 722//722 683//683 643//643
f 723//723 684//684 683//683
f 723//723 724//724 684//684
f 724//724 685//685 684//684
f 724//724 725//725 685//685
f 725//725 686//686 685//685
f 725//725 726//726 686//686
f 726//726 687//687 686//686
f 726//726 727//727 687//687
f 727//727 688//688 687//687
f 727//727 728//728 688//688
f 728//728 689//689 688//688
f 728//728 729//729 689//689
f 729//729 690//690 689//689
f 729//729 730//730 690//690
f 730//730 691//691 690//690
f 730//730 731//731 691//691
f 731//731 692//692 691//691
f 731//731 732//732 692//692
f 732//732 693//693 692//692
f 732//732 733//733 693//693
f 733//733 694//694 693//693
f 733//733 734//734 694//694
f 734//734 695//695 694//694
f 734//734 735//735 695//695
f 735//735 696//696 695//695
f 735//735 736//736 696//696
f 736//736 697//697 696//696
f 736//736 737//737 697//697
f 737//737 698//698 697//697
f 737//737 738//738 698//698
f 738//738 699//699 698//698
f 738//738 739//739 699//699
f 739//739 700//700 699//699
f 739//739 740//740 700//700
f 740//740 701//701 700//700
f 740//740 741//741 701//701
f 741//741 702//702 701//701
f 741//741 742//742 702//702
f 742//742 703//703 702//702
f 742//742 743//743 703//703
f 743//743 704//704 703//703
f 743//743 744//744 704//704
f 744//744 705//705 704//704
f 744//744 745//745 705//705
f 745//745 706//706 705//705
f 745//745 746//746 706//706
f 746//746 707//707 706//706
f 746//746 747//747 707//707
f 747//747 708//708 707//707
f 747//747 748//748 708//708
f 748//748 709//709 708//708
f 748//748 749//749 709//709
f 749//749 710//710 709//709
f 749//749 750//750 710//710
f 750//750 711//711 710//710
f 750//750 751//751 711//711
f 751//751 712//712 711//711
f 751//751 752//752 712//712
f 752//752 713//713 712//712
f 752//752 753//753 713//713
f 753//753 714//714 713//713
f 753//753 754//754 714//714
f 754//754 715//715 714//714
f 754//754 755//755 715//715
f 755//755 716//716 715//715
f 755//755 756//756 716//716
f 756//756 717//717 716//716
f 756//756 757//757 717//717
f 757//757 718//718 717//717
f 757//757 758//758 718//718
f 758//758 719//719 718//718
f 758//758 759//759 719//719
f 759//759 720//720 719//719
f 759//759 760//760 720//720
f 760//760 721//721 720//720
f 760//760 761//761 721//721
f 761//761 722//722 721//721
f 761//761 762//762 722//722
f 762//762 683//683 722//722
f 762//762 723//723 683//683
f 763//763 765//765 766//766
f 764//764 1486//1486 1485//1485
f 763//763 766//766 767//767
f 764//764 1487//1487 1486//1486
f 763//763 767//767 768//768
f 764//764 1488//1488 1487//1487
f 763//763 768//768 769//769
f 764//764 1489//1489 1488//1488
f 763//763 769//769 770//770
f 764//764 1490//1490 1489//1489
f 763//763 770//770 771//771
f 764//764 1491//1491 1490//1490
f 763//763 771//771 772//772
f 764//764 1492//1492 1491//1491
f 763//763 772//772 773//773
f 764//764 1493//1493 1492//1492
f 763//763 773//773 774//774
f 764//764 1494//1494 1493//1493
f 763//763 774//774 775//775
f 764//764 1495//1495 1494//1494
f 763//763 775//775 776//776
f 764//764 1496//1496 1495//1495
f 763//763 776//776 777//777
f 764//764 1497//1497 1496//1496
f 763//763 777//777 778//778
f 764//764 1498//1498 1497//1497
f 763//763 778//778 779//779
f 764//764 1499//1499 1498//1498
f 763//763 779//779 780//780
f 764//764 1500//1500 1499//1499
f 763//763 780//780 781//781
f 764//764 1501//1501 1500//1500
f 763//763 781//781 782//782
f 764//764 1502//1502 1501//1501
f 763//763 782//782 783//783
f 764//764 1503//1503 1502//1502
f 763//763 783//783 784//784
f 764//764 1504//1504 1503//1503
f 763//763 784//784 785//785
f 764//764 1505//1505 1504//1504
f 763//763 785//785 786//786
f 764//764 1506//1506 1505//1505
f 763//763 786//786 787//787
f 764//764 1507//1507 1506//1506
f 763//763 787//787 788//788
f 764//764 1508//1508 1507//1507
f 763//763 788//788 789//789
f 764//764 1509//1509 1508//1508
f 763//763 789//789 790//790
f 764//764 1510//1510 1509//1509
f 763//763 790//790 791//791
f 764//764 1511//1511 1510//1510
f 763//763 791//791 792//792
f 764//764 1512//1512 1511//1511
f 763//763 792//792 793//793
f 764//764 1513//1513 1512//1512
f 763//763 793//793 794//794
f 764//764 1514//1514 1513//1513
f 763//763 794//794 795//795
f 764//764 1515//1515 1514//1514
f 763//763 795//795 796//796
f 764//764 1516//1516 1515//1515
f 763//763 796//796 797//797
f 764//764 1517//1517 1516//1516
f 763//763 797//797 798//798
f 764//764 1518//1518 1517//1517
f 763//763 798//798 799//799
f 764//764 1519//1519 1518//1518
f 763//763 799//799 800//800
f 764//764 1520//1520 1519//1519
f 763//763 800//800 801//801
f 764//764 1521//1521 1520//1520
f 763//763 801//801 802//802
f 764//764 1522//1522 1521//1521
f 763//763 802//802 803//803
f 764//764 1523//1523 1522//1522
f 763//763 803//803 804//804
f 764//764 1524//1524 1523//1523
f 763//763 804//804 765//765
f 764//764 1485//1485 1524//1524
f 805//805 766//766 765//765
f 805//805 806//806 766//766
f 806//806 767//767 766//766
f 806//806 807//807 767//767
f 807//807 768//768 767//767
f 807//807 808//808 768//768
f 808//808 769//769 768//768
f 808//808 809//809 769//769
f 809//809 770//770 769//769
f 809//809 810//810 770//770
f 810//810 771//771 770//770
f 810//810 811//811 771//771
f 811//811 772//772 771//771
f 811//811 812//812 772//772
f 812//812 773//773 772//772
f 812//812 813//813 773//773
f 813//813 774//774 773//773
f 813//813 814//814 774//774
f 814//814 775//775 774//774
f 814//814 815//815 775//775
f 815//815 776//776 775//775
f 815//815 816//816 776//776
f 816//816 777//777 776//776
f 816//816 817//817 777//777
f 817//817 778//778 777//777
f 817//817 818//818 778//778
f 818//818 779//779 778//778
f 818//818 819//819 779//779
f 819//819 780//780 779//779
f 819//819 820//820 780//780
f 820//820 781//781 780//780
f 820//820 821//821 781//781
f 821//821 782//782 781//781
f 821//821 822//822 782//782
f 822//822 783//783 782//782
f 822//822 823//823 783//783
f 823//823 784//784 783//783
f 823//823 824//824 784//784
f 824//824 785//785 784//784
f 824//824 825//825 785//785
f 825//825 786//786 785//785
f 825//825 826//826 786//786
f 826//826 787//787 786//786
f 826//826 827//827 787//787
f 827//827 788//788 787//787
f 827//827 828//828 788//788
f 828//828 789//789 788//788
f 828//828 829//829 789//789
f 829//829 790//790 789//789
f 829//829 830//830 790//790
f 830//830 791//791 790//790
f 830//830 831//831 791//791
f 831//831 792//792 791//791
f 831//831 832//832 792//792
f 832//832 793//793 792//792
f 832//832 833//833 793//793
f 833//833 794//794 793//793
f 833//833 834//834 794//794
f 834//834 795//795 794//794
f 834//834 835//835 795//795
f 835//835 796//796 795//795
f 835//835 836//836 796//796
f 836//836 797//797 796//796
f 836//836 837//837 797//797
f 837//837 798//798 797//797
f 837//837 838//838 798//798
f 838//838 799//799 798//798
f 838//838 839//839 799//799
f 839//839 800//800 799//799
f 839//839 840//840 800//800
f 840//840 801//801 800//800
f 840//840 841//841 801//801
f 841//841 802//802 801//801
f 841//841 842//842 802//802
f 842//842 803//803 802//802
f 842//842 843//843 803//803
f 843//843 804//804 803//803
f 843//843 844//844 804//804
f 844//844 765//765 804//804
f 844//844 805//805 765//765
f 845//845 806//806 805//805
f 845//845 846//846 806//806
f 846//846 807//807 806//806
f 846//846 847//847 807//807
f 847//847 808//808 807//807
f 847//847 848//848 808//808
f 848//848 809//809 808//808
f 848//848 849//849 809//809
f 849//849 810//810 809//809
f 849//849 850//850 810//810
f 850//850 811//811 810//810
f 850//850 851//851 811//811
f 851//851 812//812 811//811
f 851//851 852//852 812//812
f 852//852 813//813 812//812
f 852//852 853//853 813//813
f 853//853 814//814 813//813
f 853//853 854//854 814//814
f 854//854 815//815 814//814
f 854//854 855//855 815//815
f 855//855 816//816 815//815
f 855//855 856//856 816//816
f 856//856 817//817 816//816
f 856//856 857//857 817//817
f 857//857 818//818 817//817
f 857//857 858//858 818//818
f 858//858 819//819 818//818
f 858//858 859//859 819//819
f 859//859 820//820 819//819
f 859//859 860//860 820//820
f 860//860 821//821 820//820
f 860//860 861//861 821//821
f 861//861 822//822 821//821
f 861//861 862//862 822//822
f 862//862 823//823 822//822
f 862//862 863//863 823//823
f 863//863 824//824 823//823
f 863//863 864//864 824//824
f 864//864 825//825 824//824
f 864//864 865//865 825//825
f 865//865 826//826 825//825
f 865//865 866//866 826//826
f 866//866 827//827 826//826
f 866//866 867//867 827//827
f 867//867 828//828 827//827
f 867//867 868//868 828//828
f 868//868 829//829 828//828
f 868//868 869//869 829//829
f 869//869 830//830 829//829
f 869//869 870//870 830//830
f 870//870 831//831 830//830
f 870//870 871//871 831//831
f 871//871 832//832 831//831
f 871//871 872//872 832//832
f 872//872 833//833 832//832
f 872//872 873//873 833//833
f 873//873 834//834 833//833
f 873//873 874//874 834//834
f 874//874 835//835 834//834
f 874//874 875//875 835//835
f 875//875 836//836 835//835
f 875//875 876//876 836//836
f 876//876 837//837 836//836
f 876//876 877//877 837//837
f 877//877 838//838 837//837
f 877//877 878//878 838//838
f 878//878 839//839 838//838
f 878//878 879//879 839//839
f 879//879 840//840 839//839
f 879//879 880//880 840//840
f 880//880 841//841 840//840
f 880//880 881//881 841//841
f 881//881 842//842 841//841
f 881//881 882//882 842//842
f 882//882 843//843 842//842
f 882//882 883//883 843//843
f 883//883 844//844 843//843
f 883//883 884//884 844//844
f 884//884 805//805 844//844
f 884//884 845//845 805//805
f 885//885 846//846 845//845
f 885//885 886//886 846//846
f 886//886 847//847 846//846
f 886//886 887//887 847//847
f 887//887 848//848 847//847
f 887//887 888//888 848//848
f 888//888 849//849 848//848
f 888//888 889//889 849//849
f 889//889 850//850 849//849
f 889//889 890//890 850//850
f 890//890 851//851 850//850
f 890//890 891//891 851//851
f 891//891 852//852 851//851
f 891//891 892//892 852//852
f 892//892 853//853 852//852
f 892//892 893//893 853//853
f 893//893 854//854 853//853
f 893//893 894//894 854//854
f 894//894 855//855 854//854
f 894//894 895//895 855//855
f 895//895 856//856 855//855
f 895//895 896//896 856//856
f 896//896 857//857 856//856
f 896//896 897//897 857//857
f 897//897 858//858 857//857
f 897//897 898//898 858//858
f 898//898 859//859 858//858
f 898//898 899//899 859//859
f 899//899 860//860 859//859
f 899//899 900//900 860//860
f 900//900 861//861 860//860
f 900//900 901//901 861//861
f 901//901 862//862 861//861
f 901//901 902//902 862//862
f 902//902 863//863 862//862
f 902//902 903//903 863//863
f 903//903 864//864 863//863
f 903//903 904//904 864//864
f 904//904 865//865 864//864
f 904//904 905//905 865//865
f 905//905 866//866 865//865
f 905//905 906//906 866//866
f 906//906 867//867 866//866
f 906//906 907//907 867//867
f 907//907 868//868 867//867
f 907//907 908//908 868//868
f 908//908 869//869 868//868
f 908//908 909//909 869//869
f 909//909 870//870 869//869
f 909//909 910//910 870//870
f 910//910 871//871 870//870
f 910//910 911//911 871//871
f 911//911 872//872 871//871
f 911//911 912//912 872//872
f 912//912 873//873 872//872
f 912//912 913//913 873//873
f 913//913 874//874 873//873
f 913//913 914//914 874//874
f 914//914 875//875 874//874
f 914//914 915//915 875//875
f 915//915 876//876 875//875
f 915//915 916//916 876//876
f 916//916 877//877 876//876
f 916//916 917//917 877//877
f 917//917 878//878 877//877
f 917//917 918//918 878//878
f 918//918 879//879 878//878
f 918//918 919//919 879//879
f 919//919 880//880 879//879
f 919//919 920//920 880//880
f 920//920 881//881 880//880
f 920//920 921//921 881//881
f 921//921 882//882 881//881
f 921//921 922//922 882//882
f 922//922 883//883 882//882
f 922//922 923//923 883//883
f 923//923 884//884 883//883
f 923//923 924//924 884//884
f 924//924 845//845 884//884
f 924//924 885//885 845//845
f 925//925 886//886 885//885
f 925//925 926//926 886//886
f 926//926 887//887 886//886
f 926//926 927//927 887//887
f 927//927 888//888 887//887
f 927//927 928//928 888//888
f 928//928 889//889 888//888
f 928//928 929//929 889//889
f 929//929 890//890 889//889
f 929//929 930//930 890//890
f 930//930 891//891 890//890
f 930//930 931//931 891//891
f 931//931 892//892 891//891
f 931//931 932//932 892//892
f 932//932 893//893 892//892
f 932//932 933//933 893//893
f 933//933 894//894 893//893
f 933//933 934//934 894//894
f 934//934 895//895 894//894
f 934//934 935//935 895//895
f 935//935 896//896 895//895
f 935//935 936//936 896//896
f 936//936 897//897 896//896
f 936//936 937//937 897//897
f 937//937 898//898 897//897
f 937//937 938//938 898//898
f 938//938 899//899 898//898
f 938//938 939//939 899//899
f 939//939 900//900 899//899
f 939//939 940//940 900//900
f 940//940 901//901 900//900
f 940//940 941//941 901//901
f 941//941 902//902 901//901
f 941//941 942//942 902//902
f 942//942 903//903 902//902
f 942//942 943//943 903//903
f 943//943 904//904 903//903
f 943//943 944//944 904//904
f 944//944 905//905 904//904
f 944//944 945//945 905//905
f 945//945 906//906 905//905
f 945//945 946//946 906//906
f 946//946 907//907 906//906
f 946//946 947//947 907//907
f 947//947 908//908 907//907
f 947//947 948//948 908//908
f 948//948 909//909 908//908
f 948//948 949//949 909//909
f 949//949 910//910 909//909
f 949//949 950//950 910//910
f 950//950 911//911 910//910
f 950//950 951//951 911//911
f 951//951 912//912 911//911
f 951//951 952//952 912//912
f 952//952 913//913 912//912
f 952//952 953//953 913//913
f 953//953 914//914 913//913
f 953//953 954//954 914//914
f 954//954 915//915 914//914
f 954//954 955//955 915//915
f 955//955 916//916 915//915
f 955//955 956//956 916//916
f 956//956 917//917 916//916
f 956//956 957//957 917//917
f 957//957 918//918 917//917
f 957//957 958//958 918//918
f 958//958 919//919 918//918
f 958//958 959//959 919//919
f 959//959 920//920 919//919
f 959//959 960//960 920//920
f 960//960 921//921 920//920
f 960//960 961//961 921//921
f 961//961 922//922 921//921
f 961//961 962//962 922//922
f 962//962 923//923 922//922
f 962//962 963//963 923//923
f 963//963 924//924 923//923
f 963//963 964//964 924//924
f 964//964 885//885 924//924
f 964//964 925//925 885//885
f 965//965 926//926 925//925
f 965//965 966//966 926//926
f 966//966 927//927 926//926
f 966//966 967//967 927//927
f 967//967 928//928 927//927
f 967//967 968//968 928//928
f 968//968 929//929 928//928
f 968//968 969//969 929//929
f 969//969 930//930 929//929
f 969//969 970//970 930//930
f 970//970 931//931 930//930
f 970//970 971//971 931//931
f 971//971 932//932 931//931
f 971//971 972//972 932//932
f 972//972 933//933 932//932
f 972//972 973//973 933//933
f 973//973 934//934 933//933
f 973//973 974//974 934//934
f 974//974 935//935 934//934
f 974//974 975//975 935//935
f 975//975 936//936 935//935
f 975//975 976//976 936//936
f 976//976 937//937 936//936
f 976//976 977//977 937//937
f 977//977 938//938 937//937
f 977//977 978//978 938//938
f 978//978 939//939 938//938
f 978//978 979//979 939//939
f 979//979 940//940 939//939
f 979//979 980//980 940//940
f 980//980 941//941 940//940
f 980//980 981//981 941//941
f 981//981 942//942 941//941
f 981//981 982//982 942//942
f 982//982 943//943 942//942
f 982//982 983//983 943//943
f 983//983 944//944 943//943
f 983//983 984//984 944//944
f 984//984 945//945 944//944
f 984//984 985//985 945//945
f 985//985 946//946 945//945
f 985//985 986//986 946//946
f 986//986 947//947 946//946
f 986//986 987//987 947//947
f 987//987 948//948 947//947
f 987//987 988//988 948//948
f 988//988 949//949 948//948
f 988//988 989//989 949//949
f 989//989 950//950 949//949
f 989//989 990//990 950//950
f 990//990 951//951 950//950
f 990//990 991//991 951//951
f 991//991 952//952 951//951
f 991//991 992//992 952//952
f 992//992 953//953 952//952
f 992//992 993//993 953//953
f 993//993 954//954 953//953
f 993//993 994//994 954//954
f 994//994 955//955 954//954
f 994//994 995//995 955//955
f 995//995 956//956 955//955
f 995//995 996//996 956//956
f 996//996 957//957 956//956
f 996//996 997//997 957//957
f 997//997 958//958 957//957
f 997//997 998//998 958//958
f 998//998 959//959 958//958
f 998//998 999//999 959//959
f 999//999 960//960 959//959
f 999//999 1000//1000 960//960
f 1000//1000 961//961 960//960
f 1000//1000 1001//1001 961//961
f 1001//1001 962//962 961//961
f 1001//1001 1002//1002 962//962
f 1002//1002 963//963 962//962
f 1002//1002 1003//1003 963//963
f 1003//1003 964//964 963//963
f 1003//1003 1004//1004 964//964
f 1004//1004 925//925 964//964
f 1004//1004 965//965 925//925
f 1005//1005 966//966 965//965
f 1005//1005 1006//1006 966//966
f 1006//1006 967//967 966//966
f 1006//1006 1007//1007 967//967
f 1007//1007 968//968 967//967
f 1007//1007 1008//1008 968//968
f 1008//1008 969//969 968//968
f 1008//1008 1009//1009 969//969
f 1009//1009 970//970 969//969
f 1009//1009 1010//1010 970//970
f 1010//1010 971//971 970//970
f 1010//1010 1011//1011 971//971
f 1011//1011 972//972 971//971
f 1011//1011 1012//1012 972//972
f 1012//1012 973//973 972//972
f 1012//1012 1013//1013 973//973
f 1013//1013 974//974 973//973
f 1013//1013 1014//1014 974//974
f 1014//1014 975//975 974//974
f 1014//1014 1015//1015 975//975
f 1015//1015 976//976 975//975
f 1015//1015 1016//1016 976//976
f 1016//1016 977//977 976//976
f 1016//1016 1017//1017 977//977
f 1017//1017 978//978 977//977
f 1017//1017 1018//1018 978//978
f 1018//1018 979//979 978//978
f 1018//1018 1019//1019 979//979
f 1019//1019 980//980 979//979
f 1019//1019 1020//1020 980//980
f 1020//1020 981//981 980//980
f 1020//1020 1021//1021 981//981
f 1021//1021 982//982 981//981
f 1021//1021 1022//1022 982//982
f 1022//1022 983//983 982//982
f 1022//1022 1023//1023 983//983
f 1023//1023 984//984 983//983
f 1023//1023 1024//1024 984//984
f 1024//1024 985//985 984//984
f 1024//1024 1025//1025 985//985
f 1025//1025 986//986 985//985
f 1025//1025 1026//1026 986//986
f 1026//1026 987//987 986//986
f 1026//1026 1027//1027 987//987
f 1027//1027 988//988 987//987
f 1027//1027 1028//1028 988//988
f 1028//1028 989//989 988//988
f 1028//1028 1029//1029 989//989
f 1029//1029 990//990 989//989
f 1029//1029 1030//1030 990//990
f 1030//1030 991//991 990//990
f 1030//1030 1031//1031 991//991
f 1031//1031 992//992 991//991
f 1031//1031 1032//1032 992//992
f 1032//1032 993//993 992//992
f 1032//1032 1033//1033 993//993
f 1033//1033 994//994 993//993
f 1033//1033 1034//1034 994//994
f 1034//1034 995//995 994//994
f 1034//1034 1035//1035 995//995
f 1035//1035 996//996 995//995
f 1035//1035 1036//1036 996//996
f 1036//1036 997//997 996//996
f 1036//1036 1037//1037 997//997
f 1037//1037 998//998 997//997
f 1037//1037 1038//1038 998//998
f 1038//1038 999//999 998//998
f 1038//1038 1039//1039 999//999
f 1039//1039 1000//1000 999//999
f 1039//1039 1040//1040 1000//1000
f 1040//1040 1001//1001 1000//1000
f 1040//1040 1041//1041 1001//1001
f 1041//1041 1002//1002 1001//1001
f 1041//1041 1042//1042 1002//1002
f 1042//1042 1003//1003 1002//1002
f 1042//1042 1043//1043 1003//1003
f 1043//1043 1004//1004 1003//1003
f 1043//1043 1044//1044 1004//1004
f 1044//1044 965//965 1004//1004
f 1044//1044 1005//1005 965//965
f 1045//1045 1006//1006 1005//1005
f 1045//1045 1046//1046 1006//1006
f 1046//1046 1007//1007 1006//1006
f 1046//1046 1047//1047 1007//1007
f 1047//1047 1008//1008 1007//1007
f 1047//1047 1048//1048 1008//1008
f 1048//1048 1009//1009 1008//1008
f 1048//1048 1049//1049 1009//1009
f 1049//1049 1010//1010 1009//1009
f 1049//1049 1050//1050 1010//1010
f 1050//1050 1011//1011 1010//1010
f 1050//1050 1051//1051 1011//1011
f 1051//1051 1012//1012 1011//1011
f 1051//1051 1052//1052 1012//1012
f 1052//1052 1013//1013 1012//1012
f 1052//1052 1053//1053 1013//1013
f 1053//1053 1014//1014 1013//1013
f 1053//1053 1054//1054 1014//1014
f 1054//1054 1015//1015 1014//1014
f 1054//1054 1055//1055 1015//1015
f 1055//1055 1016//1016 1015//1015
f 1055//1055 1056//1056 1016//1016
f 1056//1056 1017//1017 1016//1016
f 1056//1056 1057//1057 1017//1017
f 1057//1057 1018//1018 1017//1017
f 1057//1057 1058//1058 1018//1018
f 1058//1058 1019//1019 1018//1018
f 1058//1058 1059//1059 1019//1019
f 1059//1059 1020//1020 1019//1019
f 1059//1059 1060//1060 1020//1020
f 1060//1060 1021//1021 1020//1020
f 1060//1060 1061//1061 1021//1021
f 1061//1061 1022//1022 1021//1021
f 1061//1061 1062//1062 1022//1022
f 1062//1062 1023//1023 1022//1022
f 1062//1062 1063//1063 1023//1023
f 1063//1063 1024//1024 1023//1023
f 1063//1063 1064//1064 1024//1024
f 1064//1064 1025//1025 1024//1024
f 1064//1064 1065//1065 1025//1025
f 1065//1065 1026//1026 1025//1025
f 1065//1065 1066//1066 1026//1026
f 1066//1066 1027//1027 1026//1026
f 1066//1066 1067//1067 1027//1027
f 1067//1067 1028//1028 1027//1027
f 1067//1067 1068//1068 1028//1028
f 1068//1068 1029//1029 1028//1028
f 1068//1068 1069//1069 1029//1029
f 1069//1069 1030//1030 1029//1029
f 1069//1069 1070//1070 1030//1030
f 1070//1070 1031//1031 1030//1030
f 1070//1070 1071//1071 1031//1031
f 1071//1071 1032//1032 1031//1031
f 1071//1071 1072//1072 1032//1032
f 1072//1072 1033//1033 1032//1032
f 1072//1072 1073//1073 1033//1033
f 1073//1073 1034//1034 1033//1033
f 1073//1073 1074//1074 1034//1034
f 1074//1074 1035//1035 1034//1034
f 1074//1074 1075//1075 1035//1035
f 1075//1075 1036//1036 1035//1035
f 1075//1075 1076//1076 1036//1036
f 1076//1076 1037//1037 1036//1036
f 1076//1076 1077//1077 1037//1037
f 1077//1077 1038//1038 1037//1037
f 1077//1077 1078//1078 1038//1038
f 1078//1078 1039//1039 1038//1038
f 1078//1078 1079//1079 1039//1039
f 1079//1079 1040//1040 1039//1039
f 1079//1079 1080//1080 1040//1040
f 1080//1080 1041//1041 1040//1040
f 1080//1080 1081//1081 1041//1041
f 1081//1081 1042//1042 1041//1041
f 1081//1081 1082//1082 1042//1042
f 1082//1082 1043//1043 1042//1042
f 1082//1082 1083//1083 1043//1043
f 1083//1083 1044//1044 1043//1043
f 1083//1083 1084//1084 1044//1044
f 1084//1084 1005//1005 1044//1044
f 1084//1084 1045//1045 1005//1005
f 1085//1085 1046//1046 1045//1045
f 1085//1085 1086//1086 1046//1046
f 1086//1086 1047//1047 1046//1046
f 1086//1086 1087//1087 1047//1047
f 1087//1087 1048//1048 1047//1047
f 1087//1087 1088//1088 1048//1048
f 1088//1088 1049//1049 1048//1048
f 1088//1088 1089//1089 1049//1049
f 1089//1089 1050//1050 1049//1049
f 1089//1089 1090//1090 1050//1050
f 1090//1090 1051//1051 1050//1050
f 1090//1090 1091//1091 1051//1051
f 1091//1091 1052//1052 1051//1051
f 1091//1091 1092//1092 1052//1052
f 1092//1092 1053//1053 1052//1052
f 1092//1092 1093//1093 1053//1053
f 1093//1093 1054//1054 1053//1053
f 1093//1093 1094//1094 1054//1054
f 1094//1094 1055//1055 1054//1054
f 1094//1094 1095//1095 1055//1055
f 1095//1095 1056//1056 1055//1055
f 1095//1095 1096//1096 1056//1056
f 1096//1096 1057//1057 1056//1056
f 1096//1096 1097//1097 1057//1057
f 1097//1097 1058//1058 1057//1057
f 1097//1097 1098//1098 1058//1058
f 1098//1098 1059//1059 1058//1058
f 1098//1098 1099//1099 1059//1059
f 1099//1099 1060//1060 1059//1059
f 1099//1099 1100//1100 1060//1060
f 1100//1100 1061//1061 1060//1060
f 1100//1100 1101//1101 1061//1061
f 1101//1101 1062//1062 1061//1061
f 1101//1101 1102//1102 1062//1062
f 1102//1102 1063//1063 1062//1062
f 1102//1102 1103//1103 1063//1063
f 1103//1103 1064//1064 1063//1063
f 1103//1103 1104//1104 1064//1064
f 1104//1104 1065//1065 1064//1064
f 1104//1104 1105//1105 1065//1065
f 1105//1105 1066//1066 1065//1065
f 1105//1105 1106//1106 1066//1066
f 1106//1106 1067//1067 1066//1066
f 1106//1106 1107//1107 1067//1067
f 1107//1107 1068//1068 1067//1067
f 1107//1107 1108//1108 1068//1068
f 1108//1108 1069//1069 1068//1068
f 1108//1108 1109//1109 1069//1069
f 1109//1109 1070//1070 1069//1069
f 1109//1109 1110//1110 1070//1070
f 1110//1110 1071//1071 1070//1070
f 1110//1110 1111//1111 1071//1071
f 1111//1111 1072//1072 1071//1071
f 1111//1111 1112//1112 1072//1072
f 1112//1112 1073//1073 1072//1072
f 1112//1112 1113//1113 1073//1073
f 1113//1113 1074//1074 1073//1073
f 1113//1113 1114//1114 1074//1074
f 1114//1114 1075//1075 1074//1074
f 1114//1114 1115//1115 1075//1075
f 1115//1115 1076//1076 1075//1075
f 1115//1115 1116//1116 1076//1076
f 1116//1116 1077//1077 1076//1076
f 1116//1116 1117//1117 1077//1077
f 1117//1117 1078//1078 1077//1077
f 1117//1117 1118//1118 1078//1078
f 1118//1118 1079//1079 1078//1078
f 1118//1118 1119//1119 1079//1079
f 1119//1119 1080//1080 1079//1079
f 1119//1119 1120//1120 1080//1080
f 1120//1120 1081//1081 1080//1080
f 1120//1120 1121//1121 1081//1081
f 1121//1121 1082//1082 1081//1081
f 1121//1121 1122//1122 1082//1082
f 1122//1122 1083//1083 1082//1082
f 1122//1122 1123//1123 1083//1083
f 1123//1123 1084//1084 1083//1083
f 1123//1123 1124//1124 1084//1084
f 1124//1124 1045//1045 1084//1084
f 1124//1124 1085//1085 1045//1045
f 1125//1125 1086//1086 1085//1085
f 1125//1125 1126//1126 1086//1086
f 1126//1126 1087//1087 1086//1086
f 1126//1126 1127//1127 1087//1087
f 1127//1127 1088//1088 1087//1087
f 1127//1127 1128//1128 1088//1088
f 1128//1128 1089//1089 1088//1088
f 1128//1128 1129//1129 1089//1089
f 1129//1129 1090//1090 1089//1089
f 1129//1129 1130//1130 1090//1090
f 1130//1130 1091//1091 1090//1090
f 1130//1130 1131//1131 1091//1091
f 1131//1131 1092//1092 1091//1091
f 1131//1131 1132//1132 1092//1092
f 1132//1132 1093//1093 1092//1092
f 1132//1132 1133//1133 1093//1093
f 1133//1133 1094//1094 1093//1093
f 1133//1133 1134//1134 1094//1094
f 1134//1134 1095//1095 1094//1094
f 1134//1134 1135//1135 1095//1095
f 1135//1135 1096//1096 1095//1095
f 1135//1135 1136//1136 1096//1096
f 1136//1136 1097//1097 1096//1096
f 1136//1136 1137//1137 1097//1097
f 1137//1137 1098//1098 1097//1097
f 1137//1137 1138//1138 1098//1098
f 1138//1138 1099//1099 1098//1098
f 1138//1138 1139//1139 1099//1099
f 1139//1139 1100//1100 1099//1099
f 1139//1139 1140//1140 1100//1100
f 1140//1140 1101//1101 1100//1100
f 1140//1140 1141//1141 1101//1101
f 1141//1141 1102//1102 1101//1101
f 1141//1141 1142//1142 1102//1102
f 1142//1142 1103//1103 1102//1102
f 1142//1142 1143//1143 1103//1103
f 1143//1143 1104//1104 1103//1103
f 1143//1143 1144//1144 1104//1104
f 1144//1144 1105//1105 1104//1104
f 1144//1144 1145//1145 1105//1105
f 1145//1145 1106//1106 1105//1105
f 1145//1145 1146//1146 1106//1106
f 1146//1146 1107//1107 1106//1106
f 1146//1146 1147//1147 1107//1107
f 1147//1147 1108//1108 1107//1107
f 1147//1147 1148//1148 1108//1108
f 1148//1148 1109//1109 1108//1108
f 1148//1148 1149//1149 1109//1109
f 1149//1149 1110//1110 1109//1109
f 1149//1149 1150//1150 1110//1110
f 1150//1150 1111//1111 1110//1110
f 1150//1150 1151//1151 1111//1111
f 1151//1151 1112//1112 1111//1111
f 1151//1151 1152//1152 1112//1112
f 1152//1152 1113//1113 1112//1112
f 1152//1152 1153//1153 1113//1113
f 1153//1153 1114//1114 1113//1113
f 1153//1153 1154//1154 1114//1114
f 1154//1154 1115//1115 1114//1114
f 1154//1154 1155//1155 1115//1115
f 1155//1155 1116//1116 1115//1115
f 1155//1155 1156//1156 1116//1116
f 1156//1156 1117//1117 1116//1116
f 1156//1156 1157//1157 1117//1117
f 1157//1157 1118//1118 1117//1117
f 1157//1157 1158//1158 1118//1118
f 1158//1158 1119//1119 1118//1118
f 1158//1158 1159//1159 1119//1119
f 1159//1159 1120//1120 1119//1119
f 1159//1159 1160//1160 1120//1120
f 1160//1160 1121//1121 1120//1120
f 1160//1160 1161//1161 1121//1121
f 1161//1161 1122//1122 1121//1121
f 1161//1161 1162//1162 1122//1122
f 1162//1162 1123//1123 1122//1122
f 1162//1162 1163//1163 1123//1123
f 1163//1163 1124//1124 1123//1123
f 1163//1163 1164//1164 1124//1124
f 1164//1164 1085//1085 1124//1124
f 1164//1164 1125//1125 1085//1085
f 1165//1165 1126//1126 1125//1125
f 1165//1165 1166//1166 1126//1126
f 1166//1166 1127//1127 1126//1126
f 1166//1166 1167//1167 1127//1127
f 1167//1167 1128//1128 1127//1127
f 1167//1167 1168//1168 1128//1128
f 1168//1168 1129//1129 1128//1128
f 1168//1168 1169//1169 1129//1129
f 1169//1169 1130//1130 1129//1129
f 1169//1169 1170//1170 1130//1130
f 1170//1170 1131//1131 1130//1130
f 1170//1170 1171//1171 1131//1131
f 1171//1171 1132//1132 1131//1131
f 1171//1171 1172//1172 1132//1132
f 1172//1172 1133//1133 1132//1132
f 1172//1172 1173//1173 1133//1133
f 1173//1173 1134//1134 1133//1133
f 1173//1173 1174//1174 1134//1134
f 1174//1174 1135//1135 1134//1134
f 1174//1174 1175//1175 1135//1135
f 1175//1175 1136//1136 1135//1135
f 1175//1175 1176//1176 1136//1136
f 1176//1176 1137//1137 1136//1136
f 1176//1176 1177//1177 1137//1137
f 1177//1177 1138//1138 1137//1137
f 1177//1177 1178//1178 1138//1138
f 1178//1178 1139//1139 1138//1138
f 1178//1178 1179//1179 1139//1139
f 1179//1179 1140//1140 1139//1139
f 1179//1179 1180//1180 1140//1140
f 1180//1180 1141//1141 1140//1140
f 1180//1180 1181//1181 1141//1141
f 1181//1181 1142//1142 1141//1141
f 1181//1181 1182//1182 1142//1142
f 1182//1182 1143//1143 1142//1142
f 1182//1182 1183//1183 1143//1143
f 1183//1183 1144//1144 1143//1143
f 1183//1183 1184//1184 1144//1144
f 1184//1184 1145//1145 1144//1144
f 1184//1184 1185//1185 1145//1145
f 1185//1185 1146//1146 1145//1145
f 1185//1185 1186//1186 1146//1146
f 1186//1186 1147//1147 1146//1146
f 1186//1186 1187//1187 1147//1147
f 1187//1187 1148//1148 1147//1147
f 1187//1187 1188//1188 1148//1148
f 1188//1188 1149//1149 1148//1148
f 1188//1188 1189//1189 1149//1149
f 1189//1189 1150//1150 1149//1149
f 1189//1189 1190//1190 1150//1150
f 1190//1190 1151//1151 1150//1150
f 1190//1190 1191//1191 1151//1151
f 1191//1191 1152//1152 1151//1151
f 1191//1191 1192//1192 1152//1152
f 1192//1192 1153//1153 1152//1152
f 1192//1192 1193//1193 1153//1153
f 1193//1193 1154//1154 1153//1153
f 1193//1193 1194//1194 1154//1154
f 1194//1194 1155//1155 1154//1154
f 1194//1194 1195//1195 1155//1155
f 1195//1195 1156//1156 1155//1155
f 1195//1195 1196//1196 1156//1156
f 1196//1196 1157//1157 1156//1156
f 1196//1196 1197//1197 1157//1157
f 1197//1197 1158//1158 1157//1157
f 1197//1197 1198//1198 1158//1158
f 1198//1198 1159//1159 1158//1158
f 1198//1198 1199//1199 1159//1159
f 1199//1199 1160//1160 1159//1159
f 1199//1199 1200//1200 1160//1160
f 1200//1200 1161//1161 1160//1160
f 1200//1200 1201//1201 1161//1161
f 1201//1201 1162//1162 1161//1161
f 1201//1201 1202//1202 1162//1162
f 1202//1202 1163//1163 1162//1162
f 1202//1202 1203//1203 1163//1163
f 1203//1203 1164//1164 1163//1163
f 1203//1203 1204//1204 1164//1164
f 1204//1204 1125//1125 1164//1164
f 1204//1204 1165//1165 1125//1125
f 1205//1205 1166//1166 1165//1165
f 1205//1205 1206//1206 1166//1166
f 1206//1206 1167//1167 1166//1166
f 1206//1206 1207//1207 1167//1167
f 1207//1207 1168//1168 1167//1167
f 1207//1207 1208//1208 1168//1168
f 1208//1208 1169//1169 1168//1168
f 1208//1208 1209//1209 1169//1169
f 1209//1209 1170//1170 1169//1169
f 1209//1209 1210//1210 1170//1170
f 1210//1210 1171//1171 1170//1170
f 1210//1210 1211//1211 1171//1171
f 1211//1211 1172//1172 1171//1171
f 1211//1211 1212//1212 1172//1172
f 1212//1212 1173//1173 1172//1172
f 1212//1212 1213//1213 1173//1173
f 1213//1213 1174//1174 1173//1173
f 1213//1213 1214//1214 1174//1174
f 1214//1214 1175//1175 1174//1174
f 1214//1214 1215//1215 1175//1175
f 1215//1215 1176//1176 1175//1175
f 1215//1215 1216//1216 1176//1176
f 1216//1216 1177//1177 1176//1176
f 1216//1216 1217//1217 1177//1177
f 1217//1217 1178//1178 1177//1177
f 1217//1217 1218//1218 1178//1178
f 1218//1218 1179//1179 1178//1178
f 1218//1218 1219//1219 1179//1179
f 1219//1219 1180//1180 1179//1179
f 1219//1219 1220//1220 1180//1180
f 1220//1220 1181//1181 1180//1180
f 1220//1220 1221//1221 1181//1181
f 1221//1221 1182//1182 1181//1181
f 1221//1221 1222//1222 1182//1182
f 1222//1222 1183//1183 1182//1182
f 1222//1222 1223//1223 1183//1183
f 1223//1223 1184//1184 1183//1183
f 1223//1223 1224//1224 1184//1184
f 1224//1224 1185//1185 1184//1184
f 1224//1224 1225//1225 1185//1185
f 1225//1225 1186//1186 1185//1185
f 1225//1225 1226//1226 1186//1186
f 1226//1226 1187//1187 1186//1186
f 1226//1226 1227//1227 1187//1187
f 1227//1227 1188//1188 1187//1187
f 1227//1227 1228//1228 1188//1188
f 1228//1228 1189//1189 1188//1188
f 1228//1228 1229//1229 1189//1189
f 1229//1229 1190//1190 1189//1189
f 1229//1229 1230//1230 1190//1190
f 1230//1230 1191//1191 1190//1190
f 1230//1230 1231//1231 1191//1191
f 1231//1231 1192//1192 1191//1191
f 1231//1231 1232//1232 1192//1192
f 1232//1232 1193//1193 1192//1192
f 1232//1232 1233//1233 1193//1193
f 1233//1233 1194//1194 1193//1193
f 1233//1233 1234//1234 1194//1194
f 1234//1234 1195//1195 1194//1194
f 1234//1234 1235//1235 1195//1195
f 1235//1235 1196//1196 1195//1195
f 1235//1235 1236//1236 1196//1196
f 1236//1236 1197//1197 1196//1196
f 1236//1236 1237//1237 1197//1197
f 1237//1237 1198//1198 1197//1197
f 1237//1237 1238//1238 1198//1198
f 1238//1238 1199//1199 1198//1198
f 1238//1238 1239//1239 1199//1199
f 1239//1239 1200//1200 1199//1199
f 1239//1239 1240//1240 1200//1200
f 1240//1240 1201//1201 1200//1200
f 1240//1240 1241//1241 1201//1201
f 1241//1241 1202//1202 1201//1201
f 1241//1241 1242//1242 1202//1202
f 1242//1242 1203//1203 1202//1202
f 1242//1242 1243//1243 1203//1203
f 1243//1243 1204//1204 1203//1203
f 1243//1243 1244//1244 1204//1204
f 1244//1244 1165//1165 1204//1204
f 1244//1244 1205//1205 1165//1165
f 1245//1245 1206//1206 1205//1205
f 1245//1245 1246//1246 1206//1206
f 1246//1246 1207//1207 1206//1206
f 1246//1246 1247//1247 1207//1207
f 1247//1247 1208//1208 1207//1207
f 1247//1247 1248//1248 1208//1208
f 1248//1248 1209//1209 1208//1208
f 1248//1248 1249//1249 1209//1209
f 1249//1249 1210//1210 1209//1209
f 1249//1249 1250//1250 1210//1210
f 1250//1250 1211//1211 1210//1210
f 1250//1250 1251//1251 1211//1211
f 1251//1251 1212//1212 1211//1211
f 1251//1251 1252//1252 1212//1212
f 1252//1252 1213//1213 1212//1212
f 1252//1252 1253//1253 1213//1213
f 1253//1253 1214//1214 1213//1213
f 1253//1253 1254//1254 1214//1214
f 1254//1254 1215//1215 1214//1214
f 1254//1254 1255//1255 1215//1215
f 1255//1255 1216//1216 1215//1215
f 1255//1255 1256//1256 1216//1216
f 1256//1256 1217//1217 1216//1216
f 1256//1256 1257//1257 1217//1217
f 1257//1257 1218//1218 1217//1217
f 1257//1257 1258//1258 1218//1218
f 1258//1258 1219//1219 1218//1218
f 1258//1258 1259//1259 1219//1219
f 1259//1259 1220//1220 1219//1219
f 1259//1259 1260//1260 1220//1220
f 1260//1260 1221//1221 1220//1220
f 1260//1260 1261//1261 1221//1221
f 1261//1261 1222//1222 1221//1221
f 1261//1261 1262//1262 1222//1222
f 1262//1262 1223//1223 1222//1222
f 1262//1262 1263//1263 1223//1223
f 1263//1263 1224//1224 1223//1223
f 1263//1263 1264//1264 1224//1224
f 1264//1264 1225//1225 1224//1224
f 1264//1264 1265//1265 1225//1225
f 1265//1265 1226//1226 1225//1225
f 1265//1265 1266//1266 1226//1226
f 1266//1266 1227//1227 1226//1226
f 1266//1266 1267//1267 1227//1227
f 1267//1267 1228//1228 1227//1227
f 1267//1267 1268//1268 1228//1228
f 1268//1268 1229//1229 1228//1228
f 1268//1268 1269//1269 1229//1229
f 1269//1269 1230//1230 1229//1229
f 1269//1269 1270//1270 1230//1230
f 1270//1270 1231//1231 1230//1230
f 1270//1270 1271//1271 1231//1231
f 1271//1271 1232//1232 1231//1231
f 1271//1271 1272//1272 1232//1232
f 1272//1272 1233//1233 1232//1232
f 1272//1272 1273//1273 1233//1233
f 1273//1273 1234//1234 1233//1233
f 1273//1273 1274//1274 1234//1234
f 1274//1274 1235//1235 1234//1234
f 1274//1274 1275//1275 1235//1235
f 1275//1275 1236//1236 1235//1235
f 1275//1275 1276//1276 1236//1236
f 1276//1276 1237//1237 1236//1236
f 1276//1276 1277//1277 1237//1237
f 1277//1277 1238//1238 1237//1237
f 1277//1277 1278//1278 1238//1238
f 1278//1278 1239//1239 1238//1238
f 1278//1278 1279//1279 1239//1239
f 1279//1279 1240//1240 1239//1239
f 1279//1279 1280//1280 1240//1240
f 1280//1280 1241//1241 1240//1240
f 1280//1280 1281//1281 1241//1241
f 1281//1281 1242//1242 1241//1241
f 1281//1281 1282//1282 1242//1242
f 1282//1282 1243//1243 1242//1242
f 1282//1282 1283//1283 1243//1243
f 1283//1283 1244//1244 1243//1243
f 1283//1283 1284//1284 1244//1244
f 1284//1284 1205//1205 1244//1244
f 1284//1284 1245//1245 1205//1205
f 1285//1285 1246//1246 1245//1245
f 1285//1285 1286//1286 1246//1246
f 1286//1286 1247//1247 1246//1246
f 1286//1286 1287//1287 1247//1247
f 1287//1287 1248//1248 1247//1247
f 1287//1287 1288//1288 1248//1248
f 1288//1288 1249//1249 1248//1248
f 1288//1288 1289//1289 1249//1249
f 1289//1289 1250//1250 1249//1249
f 1289//1289 1290//1290 1250//1250
f 1290//1290 1251//1251 1250//1250
f 1290//1290 1291//1291 1251//1251
f 1291//1291 1252//1252 1251//1251
f 1291//1291 1292//1292 1252//1252
f 1292//1292 1253//1253 1252//1252
f 1292//1292 1293//1293 1253//1253
f 1293//1293 1254//1254 1253//1253
f 1293//1293 1294//1294 1254//1254
f 1294//1294 1255//1255 1254//1254
f 1294//1294 1295//1295 1255//1255
f 1295//1295 1256//1256 1255//1255
f 1295//1295 1296//1296 1256//1256
f 1296//1296 1257//1257 1256//1256
f 1296//1296 1297//1297 1257//1257
f 1297//1297 1258//1258 1257//1257
f 1297//1297 1298//1298 1258//1258
f 1298//1298 1259//1259 1258//1258
f 1298//1298 1299//1299 1259//1259
f 1299//1299 1260//1260 1259//1259
f 1299//1299 1300//1300 1260//1260
f 1300//1300 1261//1261 1260//1260
f 1300//1300 1301//1301 1261//1261
f 1301//1301 1262//1262 1261//1261
f 1301//1301 1302//1302 1262//1262
f 1302//1302 1263//1263 1262//1262
f 1302//1302 1303//1303 1263//1263
f 1303//1303 1264//1264 1263//1263
f 1303//1303 1304//1304 1264//1264
f 1304//1304 1265//1265 1264//1264
f 1304//1304 1305//1305 1265//1265
f 1305//1305 1266//1266 1265//1265
f 1305//1305 1306//1306 1266//1266
f 1306//1306 1267//1267 1266//1266
f 1306//1306 1307//1307 1267//1267
f 1307//1307 1268//1268 1267//1267
f 1307//1307 1308//1308 1268//1268
f 1308//1308 1269//1269 1268//1268
f 1308//1308 1309//1309 1269//1269
f 1309//1309 1270//1270 1269//1269
f 1309//1309 1310//1310 1270//1270
f 1310//1310 1271//1271 1270//1270
f 1310//1310 1311//1311 1271//1271
f 1311//1311 1272//1272 1271//1271
f 1311//1311 1312//1312 1272//1272
f 1312//1312 1273//1273 1272//1272
f 1312//1312 1313//1313 1273//1273
f 1313//1313 1274//1274 1273//1273
f 1313//1313 1314//1314 1274//1274
f 1314//1314 1275//1275 1274//1274
f 1314//1314 1315//1315 1275//1275
f 1315//1315 1276//1276 1275//1275
f 1315//1315 1316//1316 1276//1276
f 1316//1316 1277//1277 1276//1276
f 1316//1316 1317//1317 1277//1277
f 1317//1317 1278//1278 1277//1277
f 1317//1317 1318//1318 1278//1278
f 1318//1318 1279//1279 1278//1278
f 1318//1318 1319//1319 1279//1279
f 1319//1319 1280//1280 1279//1279
f 1319//1319 1320//1320 1280//1280
f 1320//1320 1281//1281 1280//1280
f 1320//1320 1321//1321 1281//1281
f 1321//1321 1282//1282 1281//1281
f 1321//1321 1322//1322 1282//1282
f 1322//1322 1283//1283 1282//1282
f 1322//1322 1323//1323 1283//1283
f 1323//1323 1284//1284 1283//1283
f 1323//1323 1324//1324 1284//1284
f 1324//1324 1245//1245 1284//1284
f 1324//1324 1285//1285 1245//1245
f 1325//1325 1286//1286 1285//1285
f 1325//1325 1326//1326 1286//1286
f 1326//1326 1287//1287 1286//1286
f 1326//1326 1327//1327 1287//1287
f 1327//1327 1288//1288 1287//1287
f 1327//1327 1328//1328 1288//1288
f 1328//1328 1289//1289 1288//1288
f 1328//1328 1329//1329 1289//1289
f 1329//1329 1290//1290 1289//1289
f 1329//1329 1330//1330 1290//1290
f 1330//1330 1291//1291 1290//1290
f 1330//1330 1331//1331 1291//1291
f 1331//1331 1292//1292 1291//1291
f 1331//1331 1332//1332 1292//1292
f 1332//1332 1293//1293 1292//1292
f 1332//1332 1333//1333 1293//1293
f 1333//1333 1294//1294 1293//1293
f 1333//1333 1334//1334 1294//1294
f 1334//1334 1295//1295 1294//1294
f 1334//1334 1335//1335 1295//1295
f 1335//1335 1296//1296 1295//1295
f 1335//1335 1336//1336 1296//1296
f 1336//1336 1297//1297 1296//1296
f 1336//1336 1337//1337 1297//1297
f 1337//1337 1298//1298 1297//1297
f 1337//1337 1338//1338 1298//1298
f 1338//1338 1299//1299 1298//1298
f 1338//1338 1339//1339 1299//1299
f 1339//1339 1300//1300 1299//1299
f 1339//1339 1340//1340 1300//1300
f 1340//1340 1301//1301 1300//1300
f 1340//1340 1341//1341 1301//1301
f 1341//1341 1302//1302 1301//1301
f 1341//1341 1342//1342 1302//1302
f 1342//1342 1303//1303 1302//1302
f 1342//1342 1343//1343 1303//1303
f 1343//1343 1304//1304 1303//1303
f 1343//1343 1344//1344 1304//1304
f 1344//1344 1305//1305 1304//1304
f 1344//1344 1345//1345 1305//1305
f 1345//1345 1306//1306 1305//1305
f 1345//1345 1346//1346 1306//1306
f 1346//1346 1307//1307 1306//1306
f 1346//1346 1347//1347 1307//1307
f 1347//1347 1308//1308 1307//1307
f 1347//1347 1348//1348 1308//1308
f 1348//1348 1309//1309 1308//1308
f 1348//1348 1349//1349 1309//1309
f 1349//1349 1310//1310 1309//1309
f 1349//1349 1350//1350 1310//1310
f 1350//1350 1311//1311 1310//1310
f 1350//1350 1351//1351 1311//1311
f 1351//1351 1312//1312 1311//1311
f 1351//1351 1352//1352 1312//1312
f 1352//1352 1313//1313 1312//1312
f 1352//1352 1353//1353 1313//1313
f 1353//1353 1314//1314 1313//1313
f 1353//1353 1354//1354 1314//1314
f 1354//1354 1315//1315 1314//1314
f 1354//1354 1355//1355 1315//1315
f 1355//1355 1316//1316 1315//1315
f 1355//1355 1356//1356 1316//1316
f 1356//1356 1317//1317 1316//1316
f 1356//1356 1357//1357 1317//1317
f 1357//1357 1318//1318 1317//1317
f 1357//1357 1358//1358 1318//1318
f 1358//1358 1319//1319 1318//1318
f 1358//1358 1359//1359 1319//1319
f 1359//1359 1320//1320 1319//1319
f 1359//1359 1360//1360 1320//1320
f 1360//1360 1321//1321 1320//1320
f 1360//1360 1361//1361 1321//1321
f 1361//1361 1322//1322 1321//1321
f 1361//1361 1362//1362 1322//1322
f 1362//1362 1323//1323 1322//1322
f 1362//1362 1363//1363 1323//1323
f 1363//1363 1324//1324 1323//1323
f 1363//1363 1364//1364 1324//1324
f 1364//1364 1285//1285 1324//1324
f 1364//1364 1325//1325 1285//1285
f 1365//1365 1326//1326 1325//1325
f 1365//1365 1366//1366 1326//1326
f 1366//1366 1327//1327 1326//1326
f 1366//1366 1367//1367 1327//1327
f 1367//1367 1328//1328 1327//1327
f 1367//1367 1368//1368 1328//1328
f 1368//1368 1329//1329 1328//1328
f 1368//1368 1369//1369 1329//1329
f 1369//1369 1330//1330 1329//1329
f 1369//1369 1370//1370 1330//1330
f 1370//1370 1331//1331 1330//1330
f 1370//1370 1371//1371 1331//1331
f 1371//1371 1332//1332 1331//1331
f 1371//1371 1372//1372 1332//1332
f 1372//1372 1333//1333 1332//1332
f 1372//1372 1373//1373 1333//1333
f 1373//1373 1334//1334 1333//1333
f 1373//1373 1374//1374 1334//1334
f 1374//1374 1335//1335 1334//1334
f 1374//1374 1375//1375 1335//1335
f 1375//1375 1336//1336 1335//1335
f 1375//1375 1376//1376 1336//1336
f 1376//1376 1337//1337 1336//1336
f 1376//1376 1377//1377 1337//1337
f 1377//1377 1338//1338 1337//1337
f 1377//1377 1378//1378 1338//1338
f 1378//1378 1339//1339 1338//1338
f 1378//1378 1379//1379 1339//1339
f 1379//1379 1340//1340 1339//1339
f 1379//1379 1380//1380 1340//1340
f 1380//1380 1341//1341 1340//1340
f 1380//1380 1381//1381 1341//1341
f 1381//1381 1342//1342 1341//1341
f 1381//1381 1382//1382 1342//1342
f 1382//1382 1343//1343 1342//1342
f 1382//1382 1383//1383 1343//1343
f 1383//1383 1344//1344 1343//1343
f 1383//1383 1384//1384 1344//1344
f 1384//1384 1345//1345 1344//1344
f 1384//1384 1385//1385 1345//1345
f 1385//1385 1346//1346 1345//1345
f 1385//1385 1386//1386 1346//1346
f 1386//1386 1347//1347 1346//1346
f 1386//1386 1387//1387 1347//1347
f 1387//1387 1348//1348 1347//1347
f 1387//1387 1388//1388 1348//1348
f 1388//1388 1349//1349 1348//1348
f 1388//1388 1389//1389 1349//1349
f 1389//1389 1350//1350 1349//1349
f 1389//1389 1390//1390 1350//1350
f 1390//1390 1351//1351 1350//1350
f 1390//1390 1391//1391 1351//1351
f 1391//1391 1352//1352 1351//1351
f 1391//1391 1392//1392 1352//1352
f 1392//1392 1353//1353 1352//1352
f 1392//1392 1393//1393 1353//1353
f 1393//1393 1354//1354 1353//1353
f 1393//1393 1394//1394 1354//1354
f 1394//1394 1355//1355 1354//1354
f 1394//1394 1395//1395 1355//1355
f 1395//1395 1356//1356 1355//1355
f 1395//1395 1396//1396 1356//1356
f 1396//1396 1357//1357 1356//1356
f 1396//1396 1397//1397 1357//1357
f 1397//1397 1358//1358 1357//1357
f 1397//1397 1398//1398 1358//1358
f 1398//1398 1359//1359 1358//1358
f 1398//1398 1399//1399 1359//1359
f 1399//1399 1360//1360 1359//1359
f 1399//1399 1400//1400 1360//1360
f 1400//1400 1361//1361 1360//1360
f 1400//1400 1401//1401 1361//1361
f 1401//1401 1362//1362 1361//1361
f 1401//1401 1402//1402 1362//1362
f 1402//1402 1363//1363 1362//1362
f 1402//1402 1403//1403 1363//1363
f 1403//1403 1364//1364 1363//1363
f 1403//1403 1404//1404 1364//1364
f 1404//1404 1325//1325 1364//1364
f 1404//1404 1365//1365 1325//1325
f 1405//1405 1366//1366 1365//1365
f 1405//1405 1406//1406 1366//1366
f 1406//1406 1367//1367 1366//1366
f 1406//1406 1407//1407 1367//1367
f 1407//1407 1368//1368 1367//1367
f 1407//1407 1408//1408 1368//1368
f 1408//1408 1369//1369 1368//1368
f 1408//1408 1409//1409 1369//1369
f 1409//1409 1370//1370 1369//1369
f 1409//1409 1410//1410 1370//1370
f 1410//1410 1371//1371 1370//1370
f 1410//1410 1411//1411 1371//1371
f 1411//1411 1372//1372 1371//1371
f 1411//1411 1412//1412 1372//1372
f 1412//1412 1373//1373 1372//1372
f 1412//1412 1413//1413 1373//1373
f 1413//1413 1374//1374 1373//1373
f 1413//1413 1414//1414 1374//1374
f 1414//1414 1375//1375 1374//1374
f 1414//1414 1415//1415 1375//1375
f 1415//1415 1376//1376 1375//1375
f 1415//1415 1416//1416 1376//1376
f 1416//1416 1377//1377 1376//1376
f 1416//1416 1417//1417 1377//1377
f 1417//1417 1378//1378 1377//1377
f 1417//1417 1418//1418 1378//1378
f 1418//1418 1379//1379 1378//1378
f 1418//1418 1419//1419 1379//1379
f 1419//1419 1380//1380 1379//1379
f 1419//1419 1420//1420 1380//1380
f 1420//1420 1381//1381 1380//1380
f 1420//1420 1421//1421 1381//1381
f 1421//1421 1382//1382 1381//1381
f 1421//1421 1422//1422 1382//1382
f 1422//1422 1383//1383 1382//1382
f 1422//1422 1423//1423 1383//1383
f 1423//1423 1384//1384 1383//1383
f 1423//1423 1424//1424 1384//1384
f 1424//1424 1385//1385 1384//1384
f 1424//1424 1425//1425 1385//1385
f 1425//1425 1386//1386 1385//1385
f 1425//1425 1426//1426 1386//1386
f 1426//1426 1387//1387 1386//1386
f 1426//1426 1427//1427 1387//1387
f 1427//1427 1388//1388 1387//1387
f 1427//1427 1428//1428 1388//1388
f 1428//1428 1389//1389 1388//1388
f 1428//1428 1429//1429 1389//1389
f 1429//1429 1390//1390 1389//1389
f 1429//1429 1430//1430 1390//1390
f 1430//1430 1391//1391 1390//1390
f 1430//1430 1431//1431 1391//1391
f 1431//1431 1392//1392 1391//1391
f 1431//1431 1432//1432 1392//1392
f 1432//1432 1393//1393 1392//1392
f 1432//1432 1433//1433 1393//1393
f 1433//1433 1394//1394 1393//1393
f 1433//1433 1434//1434 1394//1394
f 1434//1434 1395//1395 1394//1394
f 1434//1434 1435//1435 1395//1395
f 1435//1435 1396//1396 1395//1395
f 1435//1435 1436//1436 1396//1396
f 1436//1436 1397//1397 1396//1396
f 1436//1436 1437//1437 1397//1397
f 1437//1437 1398//1398 1397//1397
f 1437//1437 1438//1438 1398//1398
f 1438//1438 1399//1399 1398//1398
f 1438//1438 1439//1439 1399//1399
f 1439//1439 1400//1400 1399//1399
f 1439//1439 1440//1440 1400//1400
f 1440//1440 1401//1401 1400//1400
f 1440//1440 1441//1441 1401//1401
f 1441//1441 1402//1402 1401//1401
f 1441//1441 1442//1442 1402//1402
f 1442//1442 1403//1403 1402//1402
f 1442//1442 1443//1443 1403//1403
f 1443//1443 1404//1404 1403//1403
f 1443//1443 1444//1444 1404//1404
f 1444//1444 1365//1365 1404//1404
f 1444//1444 1405//1405 1365//1365
f 1445//1445 1406//1406 1405//1405
f 1445//1445 1446//1446 1406//1406
f 1446//1446 1407//1407 1406//1406
f 1446//1446 1447//1447 1407//1407
f 1447//1447 1408//1408 1407//1407
f 1447//1447 1448//1448 1408//1408
f 1448//1448 1409//1409 1408//1408
f 1448//1448 1449//1449 1409//1409
f 1449//1449 1410//1410 1409//1409
f 1449//1449 1450//1450 1410//1410
f 1450//1450 1411//1411 1410//1410
f 1450//1450 1451//1451 1411//1411
f 1451//1451 1412//1412 1411//1411
f 1451//1451 1452//1452 1412//1412
f 1452//1452 1413//1413 1412//1412
f 1452//1452 1453//1453 1413//1413
f 1453//1453 1414//1414 1413//1413
f 1453//1453 1454//1454 1414//1414
f 1454//1454 1415//1415 1414//1414
f 1454//1454 1455//1455 1415//1415
f 1455//1455 1416//1416 1415//1415
f 1455//1455 1456//1456 1416//1416
f 1456//1456 1417//1417 1416//1416
f 1456//1456 1457//1457 1417//1417
f 1457//1457 1418//1418 1417//1417
f 1457//1457 1458//1458 1418//1418
f 1458//1458 1419//1419 1418//1418
f 1458//1458 1459//1459 1419//1419
f 1459//1459 1420//1420 1419//1419
f 1459//1459 1460//1460 1420//1420
f 1460//1460 1421//1421 1420//1420
f 1460//1460 1461//1461 1421//1421
f 1461//1461 1422//1422 1421//1421
f 1461//1461 1462//1462 1422//1422
f 1462//1462 1423//1423 1422//1422
f 1462//1462 1463//1463 1423//1423
f 1463//1463 1424//1424 1423//1423
f 1463//1463 1464//1464 1424//1424
f 1464//1464 1425//1425 1424//1424
f 1464//1464 1465//1465 1425//1425
f 1465//1465 1426//1426 1425//1425
f 1465//1465 1466//1466 1426//1426
f 1466//1466 1427//1427 1426//1426
f 1466//1466 1467//1467 1427//1427
f 1467//1467 1428//1428 1427//1427
f 1467//1467 1468//1468 1428//1428
f 1468//1468 1429//1429 1428//1428
f 1468//1468 1469//1469 1429//1429
f 1469//1469 1430//1430 1429//1429
f 1469//1469 1470//1470 1430//1430
f 1470//1470 1431//1431 1430//1430
f 1470//1470 1471//1471 1431//1431
f 1471//1471 1432//1432 1431//1431
f 1471//1471 1472//1472 1432//1432
f 1472//1472 1433//1433 1432//1432
f 1472//1472 1473//1473 1433//1433
f 1473//1473 1434//1434 1433//1433
f 1473//1473 1474//1474 1434//1434
f 1474//1474 1435//1435 1434//1434
f 1474//1474 1475//1475 1435//1435
f 1475//1475 1436//1436 1435//1435
f 1475//1475 1476//1476 1436//1436
f 1476//1476 1437//1437 1436//1436
f 1476//1476 1477//1477 1437//1437
f 1477//1477 1438//1438 1437//1437
f 1477//1477 1478//1478 1438//1438
f 1478//1478 1439//1439 1438//1438
f 1478//1478 1479//1479 1439//1439
f 1479//1479 1440//1440 1439//1439
f 1479//1479 1480//1480 1440//1440
f 1480//1480 1441//1441 1440//1440
f 1480//1480 1481//1481 1441//1441
f 1481//1481 1442//1442 1441//1441
f 1481//1481 1482//1482 1442//1442
f 1482//1482 1443//1443 1442//1442
f 1482//1482 1483//1483 1443//1443
f 1483//1483 1444//1444 1443//1443
f 1483//1483 1484//1484 1444//1444
f 1484//1484 1405//1405 1444//1444
f 1484//1484 1445//1445 1405//1405
f 1485//1485 1446//1446 1445//1445
f 1485//1485 1486//1486 1446//1446
f 1486//1486 1447//1447 1446//1446
f 1486//1486 1487//1487 1447//1447
f 1487//1487 1448//1448 1447//1447
f 1487//1487 1488//1488 1448//1448
f 1488//1488 1449//1449 1448//1448
f 1488//1488 1489//1489 1449//1449
f 1489//1489 1450//1450 1449//1449
f 1489//1489 1490//1490 1450//1450
f 1490//1490 1451//1451 1450//1450
f 1490//1490 1491//1491 1451//1451
f 1491//1491 1452//1452 1451//1451
f 1491//1491 1492//1492 1452//1452
f 1492//1492 1453//1453 1452//1452
f 1492//1492 1493//1493 1453//1453
f 1493//1493 1454//1454 1453//1453
f 1493//1493 1494//1494 1454//1454
f 1494//1494 1455//1455 1454//1454
f 1494//1494 1495//1495 1455//1455
f 1495//1495 1456//1456 1455//1455
f 1495//1495 1496//1496 1456//1456
f 1496//1496 1457//1457 1456//1456
f 1496//1496 1497//1497 1457//1457
f 1497//1497 1458//1458 1457//1457
f 1497//1497 1498//1498 1458//1458
f 1498//1498 1459//1459 1458//1458
f 1498//1498 1499//1499 1459//1459
f 1499//1499 1460//1460 1459//1459
f 1499//1499 1500//1500 1460//1460
f 1500//1500 1461//1461 1460//1460
f 1500//1500 1501//1501 1461//1461
f 1501//1501 1462//1462 1461//1461
f 1501//1501 1502//1502 1462//1462
f 1502//1502 1463//1463 1462//1462
f 1502//1502 1503//1503 1463//1463
f 1503//1503 1464//1464 1463//1463
f 1503//1503 1504//1504 1464//1464
f 1504//1504 1465//1465 1464//1464
f 1504//1504 1505//1505 1465//1465
f 1505//1505 1466//1466 1465//1465
f 1505//1505 1506//1506 1466//1466
f 1506//1506 1467//1467 1466//1466
f 1506//1506 1507//1507 1467//1467
f 1507//1507 1468//1468 1467//1467
f 1507//1507 1508//1508 1468//1468
f 1508//1508 1469//1469 1468//1468
f 1508//1508 1509//1509 1469//1469
f 1509//1509 1470//1470 1469//1469
f 1509//1509 1510//1510 1470//1470
f 1510//1510 1471//1471 1470//1470
f 1510//1510 1511//1511 1471//1471
f 1511//1511 1472//1472 1471//1471
f 1511//1511 1512//1512 1472//1472
f 1512//1512 1473//1473 1472//1472
f 1512//1512 1513//1513 1473//1473
f 1513//1513 1474//1474 1473//1473
f 1513//1513 1514//1514 1474//1474
f 1514//1514 1475//1475 1474//1474
f 1514//1514 1515//1515 1475//1475
f 1515//1515 1476//1476 1475//1475
f 1515//1515 1516//1516 1476//1476
f 1516//1516 1477//1477 1476//1476
f 1516//1516 1517//1517 1477//1477
f 1517//1517 1478//1478 1477//1477
f 1517//1517 1518//1518 1478//1478
f 1518//1518 1479//1479 1478//1478
f 1518//1518 1519//1519 1479//1479
f 1519//1519 1480//1480 1479//1479
f 1519//1519 1520//1520 1480//1480
f 1520//1520 1481//1481 1480//1480
f 1520//1520 1521//1521 1481//1481
f 1521//1521 1482//1482 1481//1481
f 1521//1521 1522//1522 1482//1482
f 1522//1522 1483//1483 1482//1482
f 1522//1522 1523//1523 1483//1483
f 1523//1523 1484//1484 1483//1483
f 1523//1523 1524//1524 1484//1484
f 1524//1524 1445//1445 1484//1484
f 1524//1524 1485//1485 1445//1445
f 1525//1525 1527//1527 1528//1528
f 1526//1526 2248//2248 2247//2247
f 1525//1525 1528//1528 1529//1529
f 1526//1526 2249//2249 2248//2248
f 1525//1525 1529//1529 1530//1530
f 1526//1526 2250//2250 2249//2249
f 1525//1525 1530//1530 1531//1531
f 1526//1526 2251//2251 2250//2250
f 1525//1525 1531//1531 1532//1532
f 1526//1526 2252//2252 2251//2251
f 1525//1525 1532//1532 1533//1533
f 1526//1526 2253//2253 2252//2252
f 1525//1525 1533//1533 1534//1534
f 1526//1526 2254//2254 2253//2253
f 1525//1525 1534//1534 1535//1535
f 1526//1526 2255//2255 2254//2254
f 1525//1525 1535//1535 1536//1536
f 1526//1526 2256//2256 2255//2255
f 1525//1525 1536//1536 1537//1537
f 1526//1526 2257//2257 2256//2256
f 1525//1525 1537//1537 1538//1538
f 1526//1526 2258//2258 2257//2257
f 1525//1525 1538//1538 1539//1539
f 1526//1526 2259//2259 2258//2258
f 1525//1525 1539//1539 1540//1540
f 1526//1526 2260//2260 2259//2259
f 1525//1525 1540//1540 1541//1541
f 1526//1526 2261//2261 2260//2260
f 1525//1525 1541//1541 1542//1542
f 1526//1526 2262//2262 2261//2261
f 1525//1525 1542//1542 1543//1543
f 1526//1526 2263//2263 2262//2262
f 1525//1525 1543//1543 1544//1544
f 1526//1526 2264//2264 2263//2263
f 1525//1525 1544//1544 1545//1545
f 1526//1526 2265//2265 2264//2264
f 1525//1525 1545//1545 1546//1546
f 1526//1526 2266//2266 2265//2265
f 1525//1525 1546//1546 1547//1547
f 1526//1526 2267//2267 2266//2266
f 1525//1525 1547//1547 1548//1548
f 1526//1526 2268//2268 2267//2267
f 1525//1525 1548//1548 1549//1549
f 1526//1526 2269//2269 2268//2268
f 1525//1525 1549//1549 1550//1550
f 1526//1526 2270//2270 2269//2269
f 1525//1525 1550//1550 1551//1551
f 1526//1526 2271//2271 2270//2270
f 1525//1525 1551//1551 1552//1552
f 1526//1526 2272//2272 2271//2271
f 1525//1525 1552//1552 1553//1553
f 1526//1526 2273//2273 2272//2272
f 1525//1525 1553//1553 1554//1554
f 1526//1526 2274//2274 2273//2273
f 1525//1525 1554//1554 1555//1555
f 1526//1526 2275//2275 2274//2274
f 1525//1525 1555//1555 1556//1556
f 1526//1526 2276//2276 2275//2275
f 1525//1525 1556//1556 1557//1557
f 1526//1526 2277//2277 2276//2276
f 1525//1525 1557//1557 1558//1558
f 1526//1526 2278//2278 2277//2277
f 1525//1525 1558//1558 1559//1559
f 1526//1526 2279//2279 2278//2278
f 1525//1525 1559//1559 1560//1560
f 1526//1526 2280//2280 2279//2279
f 1525//1525 1560//1560 1561//1561
f 1526//1526 2281//2281 2280//2280
f 1525//1525 1561//1561 1562//1562
f 1526//1526 2282//2282 2281//2281
f 1525//1525 1562//1562 1563//1563
f 1526//1526 2283//2283 2282//2282
f 1525//1525 1563//1563 1564//1564
f 1526//1526 2284//2284 2283//2283
f 1525//1525 1564//1564 1565//1565
f 1526//1526 2285//2285 2284//2284
f 1525//1525 1565//1565 1566//1566
f 1526//1526 2286//2286 2285//2285
f 1525//1525 1566//1566 1527//1527
f 1526//1526 2247//2247 2286//2286
f 1567//1567 1528//1528 1527//1527
f 1567//1567 1568//1568 1528//1528
f 1568//1568 1529//1529 1528//1528
f 1568//1568 1569//1569 1529//1529
f 1569//1569 1530//1530 1529//1529
f 1569//1569 1570//1570 1530//1530
f 1570//1570 1531//1531 1530//1530
f 1570//1570 1571//1571 1531//1531
f 1571//1571 1532//1532 1531//1531
f 1571//1571 1572//1572 1532//1532
f 1572//1572 1533//1533 1532//1532
f 1572//1572 1573//1573 1533//1533
f 1573//1573 1534//1534 1533//1533
f 1573//1573 1574//1574 1534//1534
f 1574//1574 1535//1535 1534//1534
f 1574//1574 1575//1575 1535//1535
f 1575//1575 1536//1536 1535//1535
f 1575//1575 1576//1576 1536//1536
f 1576//1576 1537//1537 1536//1536
f 1576//1576 1577//1577 1537//1537
f 1577//1577 1538//1538 1537//1537
f 1577//1577 1578//1578 1538//1538
f 1578//1578 1539//1539 1538//1538
f 1578//1578 1579//1579 1539//1539
f 1579//1579 1540//1540 1539//1539
f 1579//1579 1580//1580 1540//1540
f 1580//1580 1541//1541 1540//1540
f 1580//1580 1581//1581 1541//1541
f 1581//1581 1542//1542 1541//1541
f 1581//1581 1582//1582 1542//1542
f 1582//1582 1543//1543 1542//1542
f 1582//1582 1583//1583 1543//1543
f 1583//1583 1544//1544 1543//1543
f 1583//1583 1584//1584 1544//1544
f 1584//1584 1545//1545 1544//1544
f 1584//1584 1585//1585 1545//1545
f 1585//1585 1546//1546 1545//1545
f 1585//1585 1586//1586 1546//1546
f 1586//1586 1547//1547 1546//1546
f 1586//1586 1587//1587 1547//1547
f 1587//1587 1548//1548 1547//1547
f 1587//1587 1588//1588 1548//1548
f 1588//1588 1549//1549 1548//1548
f 1588//1588 1589//1589 1549//1549
f 1589//1589 1550//1550 1549//1549
f 1589//1589 1590//1590 1550//1550
f 1590//1590 1551//1551 1550//1550
f 1590//1590 1591//1591 1551//1551
f 1591//1591 1552//1552 1551//1551
f 1591//1591 1592//1592 1552//1552
f 1592//1592 1553//1553 1552//1552
f 1592//1592 1593//1593 1553//1553
f 1593//1593 1554//1554 1553//1553
f 1593//1593 1594//1594 1554//1554
f 1594//1594 1555//1555 1554//1554
f 1594//1594 1595//1595 1555//1555
f 1595//1595 1556//1556 1555//1555
f 1595//1595 1596//1596 1556//1556
f 1596//1596 1557//1557 1556//1556
f 1596//1596 1597//1597 1557//1557
f 1597//1597 1558//1558 1557//1557
f 1597//1597 1598//1598 1558//1558
f 1598//1598 1559//1559 1558//1558
f 1598//1598 1599//1599 1559//1559
f 1599//1599 1560//1560 1559//1559
f 1599//1599 1600//1600 1560//1560
f 1600//1600 1561//1561 1560//1560
f 1600//1600 1601//1601 1561//1561
f 1601//1601 1562//1562 1561//1561
f 1601//1601 1602//1602 1562//1562
f 1602//1602 1563//1563 1562//1562
f 1602//1602 1603//1603 1563//1563
f 1603//1603 1564//1564 1563//1563
f 1603//1603 1604//1604 1564//1564
f 1604//1604 1565//1565 1564//1564
f 1604//1604 1605//1605 1565//1565
f 1605//1605 1566//1566 1565//1565
f 1605//1605 1606//1606 1566//1566
f 1606//1606 1527//1527 1566//1566
f 1606//1606 1567//1567 1527//1527
f 1607//1607 1568//1568 1567//1567
f 1607//1607 1608//1608 1568//1568
f 1608//1608 1569//1569 1568//1568
f 1608//1608 1609//1609 1569//1569
f 1609//1609 1570//1570 1569//1569
f 1609//1609 1610//1610 1570//1570
f 1610//1610 1571//1571 1570//1570
f 1610//1610 1611//1611 1571//1571
f 1611//1611 1572//1572 1571//1571
f 1611//1611 1612//1612 1572//1572
f 1612//1612 1573//1573 1572//1572
f 1612//1612 1613//1613 1573//1573
f 1613//1613 1574//1574 1573//1573
f 1613//1613 1614//1614 1574//1574
f 1614//1614 1575//1575 1574//1574
f 1614//1614 1615//1615 1575//1575
f 1615//1615 1576//1576 1575//1575
f 1615//1615 1616//1616 1576//1576
f 1616//1616 1577//1577 1576//1576
f 1616//1616 1617//1617 1577//1577
f 1617//1617 1578//1578 1577//1577
f 1617//1617 1618//1618 1578//1578
f 1618//1618 1579//1579 1578//1578
f 1618//1618 1619//1619 1579//1579
f 1619//1619 1580//1580 1579//1579
f 1619//1619 1620//1620 1580//1580
f 1620//1620 1581//1581 1580//1580
f 1620//1620 1621//1621 1581//1581
f 1621//1621 1582//1582 1581//1581
f 1621//1621 1622//1622 1582//1582
f 1622//1622 1583//1583 1582//1582
f 1622//1622 1623//1623 1583//1583
f 1623//1623 1584//1584 1583//1583
f 1623//1623 1624//1624 1584//1584
f 1624//1624 1585//1585 1584//1584
f 1624//1624 1625//1625 1585//1585
f 1625//1625 1586//1586 1585//1585
f 1625//1625 1626//1626 1586//1586
f 1626//1626 1587//1587 1586//1586
f 1626//1626 1627//1627 1587//1587
f 1627//1627 1588//1588 1587//1587
f 1627//1627 1628//1628 1588//1588
f 1628//1628 1589//1589 1588//1588
f 1628//1628 1629//1629 1589//1589
f 1629//1629 1590//1590 1589//1589
f 1629//1629 1630//1630 1590//1590
f 1630//1630 1591//1591 1590//1590
f 1630//1630 1631//1631 1591//1591
f 1631//1631 1592//1592 1591//1591
f 1631//1631 1632//1632 1592//1592
f 1632//1632 1593//1593 1592//1592
f 1632//1632 1633//1633 1593//1593
f 1633//1633 1594//1594 1593//1593
f 1633//1633 1634//1634 1594//1594
f 1634//1634 1595//1595 1594//1594
f 1634//1634 1635//1635 1595//1595
f 1635//1635 1596//1596 1595//1595
f 1635//1635 1636//1636 1596//1596
f 1636//1636 1597//1597 1596//1596
f 1636//1636 1637//1637 1597//1597
f 1637//1637 1598//1598 1597//1597
f 1637//1637 1638//1638 1598//1598
f 1638//1638 1599//1599 1598//1598
f 1638//1638 1639//1639 1599//1599
f 1639//1639 1600//1600 1599//1599
f 1639//1639 1640//1640 1600//1600
f 1640//1640 1601//1601 1600//1600
f 1640//1640 1641//1641 1601//1601
f 1641//1641 1602//1602 1601//1601
f 1641//1641 1642//1642 1602//1602
f 1642//1642 1603//1603 1602//1602
f 1642//1642 1643//1643 1603//1603
f 1643//1643 1604//1604 1603//1603
f 1643//1643 1644//1644 1604//1604
f 1644//1644 1605//1605 1604//1604
f 1644//1644 1645//1645 1605//1605
f 1645//1645 1606//1606 1605//1605
f 1645//1645 1646//1646 1606//1606
f 1646//1646 1567//1567 1606//1606
f 1646//1646 1607//1607 1567//1567
f 1647//1647 1608//1608 1607//1607
f 1647//1647 1648//1648 1608//1608
f 1648//1648 1609//1609 1608//1608
f 1648//1648 1649//1649 1609//1609
f 1649//1649 1610//1610 1609//1609
f 1649//1649 1650//1650 1610//1610
f 1650//1650 1611//1611 1610//1610
f 1650//1650 1651//1651 1611//1611
f 1651//1651 1612//1612 1611//1611
f 1651//1651 1652//1652 1612//1612
f 1652//1652 1613//1613 1612//1612
f 1652//1652 1653//1653 1613//1613
f 1653//1653 1614//1614 1613//1613
f 1653//1653 1654//1654 1614//1614
f 1654//1654 1615//1615 1614//1614
f 1654//1654 1655//1655 1615//1615
f 1655//1655 1616//1616 1615//1615
f 1655//1655 1656//1656 1616//1616
f 1656//1656 1617//1617 1616//1616
f 1656//1656 1657//1657 1617//1617
f 1657//1657 1618//1618 1617//1617
f 1657//1657 1658//1658 1618//1618
f 1658//1658 1619//1619 1618//1618
f 1658//1658 1659//1659 1619//1619
f 1659//1659 1620//1620 1619//1619
f 1659//1659 1660//1660 1620//1620
f 1660//1660 1621//1621 1620//1620
f 1660//1660 1661//1661 1621//1621
f 1661//1661 1622//1622 1621//1621
f 1661//1661 1662//1662 1622//1622
f 1662//1662 1623//1623 1622//1622
f 1662//1662 1663//1663 1623//1623
f 1663//1663 1624//1624 1623//1623
f 1663//1663 1664//1664 1624//1624
f 1664//1664 1625//1625 1624//1624
f 1664//1664 1665//1665 1625//1625
f 1665//1665 1626//1626 1625//1625
f 1665//1665 1666//1666 1626//1626
f 1666//1666 1627//1627 1626//1626
f 1666//1666 1667//1667 1627//1627
f 1667//1667 1628//1628 1627//1627
f 1667//1667 1668//1668 1628//1628
f 1668//1668 1629//1629 1628//1628
f 1668//1668 1669//1669 1629//1629
f 1669//1669 1630//1630 1629//1629
f 1669//1669 1670//1670 1630//1630
f 1670//1670 1631//1631 1630//1630
f 1670//1670 1671//1671 1631//1631
f 1671//1671 1632//1632 1631//1631
f 1671//1671 1672//1672 1632//1632
f 1672//1672 1633//1633 1632//1632
f 1672//1672 1673//1673 1633//1633
f 1673//1673 1634//1634 1633//1633
f 1673//1673 1674//1674 1634//1634
f 1674//1674 1635//1635 1634//1634
f 1674//1674 1675//1675 1635//1635
f 1675//1675 1636//1636 1635//1635
f 1675//1675 1676//1676 1636//1636
f 1676//1676 1637//1637 1636//1636
f 1676//1676 1677//1677 1637//1637
f 1677//1677 1638//1638 1637//1637
f 1677//1677 1678//1678 1638//1638
f 1678//1678 1639//1639 1638//1638
f 1678//1678 1679//1679 1639//1639
f 1679//1679 1640//1640 1639//1639
f 1679//1679 1680//1680 1640//1640
f 1680//1680 1641//1641 1640//1640
f 1680//1680 1681//1681 1641//1641
f 1681//1681 1642//1642 1641//1641
f 1681//1681 1682//1682 1642//1642
f 1682//1682 1643//1643 1642//1642
f 1682//1682 1683//1683 1643//1643
f 1683//1683 1644//1644 1643//1643
f 1683//1683 1684//1684 1644//1644
f 1684//1684 1645//1645 1644//1644
f 1684//1684 1685//1685 1645//1645
f 1685//1685 1646//1646 1645//1645
f 1685//1685 1686//1686 1646//1646
f 1686//1686 1607//1607 1646//1646
f 1686//1686 1647//1647 1607//1607
f 1687//1687 1648//1648 1647//1647
f 1687//1687 1688//1688 1648//1648
f 1688//1688 1649//1649 1648//1648
f 1688//1688 1689//1689 1649//1649
f 1689//1689 1650//1650 1649//1649
f 1689//1689 1690//1690 1650//1650
f 1690//1690 1651//1651 1650//1650
f 1690//1690 1691//1691 1651//1651
f 1691//1691 1652//1652 1651//1651
f 1691//1691 1692//1692 1652//1652
f 1692//1692 1653//1653 1652//1652
f 1692//1692 1693//1693 1653//1653
f 1693//1693 1654//1654 1653//1653
f 1693//1693 1694//1694 1654//1654
f 1694//1694 1655//1655 1654//1654
f 1694//1694 1695//1695 1655//1655
f 1695//1695 1656//1656 1655//1655
f 1695//1695 1696//1696 1656//1656
f 1696//1696 1657//1657 1656//1656
f 1696//1696 1697//1697 1657//1657
f 1697//1697 1658//1658 1657//1657
f 1697//1697 1698//1698 1658//1658
f 1698//1698 1659//1659 1658//1658
f 1698//1698 1699//1699 1659//1659
f 1699//1699 1660//1660 1659//1659
f 1699//1699 1700//1700 1660//1660
f 1700//1700 1661//1661 1660//1660
f 1700//1700 1701//1701 1661//1661
f 1701//1701 1662//1662 1661//1661
f 1701//1701 1702//1702 1662//1662
f 1702//1702 1663//1663 1662//1662
f 1702//1702 1703//1703 1663//1663
f 1703//1703 1664//1664 1663//1663
f 1703//1703 1704//1704 1664//1664
f 1704//1704 1665//1665 1664//1664
f 1704//1704 1705//1705 1665//1665
f 1705//1705 1666//1666 1665//1665
f 1705//1705 1706//1706 1666//1666
f 1706//1706 1667//1667 1666//1666
f 1706//1706 1707//1707 1667//1667
f 1707//1707 1668//1668 1667//1667
f 1707//1707 1708//1708 1668//1668
f 1708//1708 1669//1669 1668//1668
f 1708//1708 1709//1709 1669//1669
f 1709//1709 1670//1670 1669//1669
f 1709//1709 1710//1710 1670//1670
f 1710//1710 1671//1671 1670//1670
f 1710//1710 1711//1711 1671//1671
f 1711//1711 1672//1672 1671//1671
f 1711//1711 1712//1712 1672//1672
f 1712//1712 1673//1673 1672//1672
f 1712//1712 1713//1713 1673//1673
f 1713//1713 1674//1674 1673//1673
f 1713//1713 1714//1714 1674//1674
f 1714//1714 1675//1675 1674//1674
f 1714//1714 1715//1715 1675//1675
f 1715//1715 1676//1676 1675//1675
f 1715//1715 1716//1716 1676//1676
f 1716//1716 1677//1677 1676//1676
f 1716//1716 1717//1717 1677//1677
f 1717//1717 1678//1678 1677//1677
f 1717//1717 1718//1718 1678//1678
f 1718//1718 1679//1679 1678//1678
f 1718//1718 1719//1719 1679//1679
f 1719//1719 1680//1680 1679//1679
f 1719//1719 1720//1720 1680//1680
f 1720//1720 1681//1681 1680//1680
f 1720//1720 1721//1721 1681//1681
f 1721//1721 1682//1682 1681//1681
f 1721//1721 1722//1722 1682//1682
f 1722//1722 1683//1683 1682//1682
f 1722//1722 1723//1723 1683//1683
f 1723//1723 1684//1684 1683//1683
f 1723//1723 1724//1724 1684//1684
f 1724//1724 1685//1685 1684//1684
f 1724//1724 1725//1725 1685//1685
f 1725//1725 1686//1686 1685//1685
f 1725//1725 1726//1726 1686//1686
f 1726//1726 1647//1647 1686//1686
f 1726//1726 1687//1687 1647//1647
f 1727//1727 1688//1688 1687//1687
f 1727//1727 1728//1728 1688//1688
f 1728//1728 1689//1689 1688//1688
f 1728//1728 1729//1729 1689//1689
f 1729//1729 1690//1690 1689//1689
f 1729//1729 1730//1730 1690//1690
f 1730//1730 1691//1691 1690//1690
f 1730//1730 1731//1731 1691//1691
f 1731//1731 1692//1692 1691//1691
f 1731//1731 1732//1732 1692//1692
f 1732//1732 1693//1693 1692//1692
f 1732//1732 1733//1733 1693//1693
f 1733//1733 1694//1694 1693//1693
f 1733//1733 1734//1734 1694//1694
f 1734//1734 1695//1695 1694//1694
f 1734//1734 1735//1735 1695//1695
f 1735//1735 1696//1696 1695//1695
f 1735//1735 1736//1736 1696//1696
f 1736//1736 1697//1697 1696//1696
f 1736//1736 1737//1737 1697//1697
f 1737//1737 1698//1698 1697//1697
f 1737//1737 1738//1738 1698//1698
f 1738//1738 1699//1699 1698//1698
f 1738//1738 1739//1739 1699//1699
f 1739//1739 1700//1700 1699//1699
f 1739//1739 1740//1740 1700//1700
f 1740//1740 1701//1701 1700//1700
f 1740//1740 1741//1741 1701//1701
f 1741//1741 1702//1702 1701//1701
f 1741//1741 1742//1742 1702//1702
f 1742//1742 1703//1703 1702//1702
f 1742//1742 1743//1743 1703//1703
f 1743//1743 1704//1704 1703//1703
f 1743//1743 1744//1744 1704//1704
f 1744//1744 1705//1705 1704//1704
f 1744//1744 1745//1745 1705//1705
f 1745//1745 1706//1706 1705//1705
f 1745//1745 1746//1746 1706//1706
f 1746//1746 1707//1707 1706//1706
f 1746//1746 1747//1747 1707//1707
f 1747//1747 1708//1708 1707//1707
f 1747//1747 1748//1748 1708//1708
f 1748//1748 1709//1709 1708//1708
f 1748//1748 1749//1749 1709//1709
f 1749//1749 1710//1710 1709//1709
f 1749//1749 1750//1750 1710//1710
f 1750//1750 1711//1711 1710//1710
f 1750//1750 1751//1751 1711//1711
f 1751//1751 1712//1712 1711//1711
f 1751//1751 1752//1752 1712//1712
f 1752//1752 1713//1713 1712//1712
f 1752//1752 1753//1753 1713//1713
f 1753//1753 1714//1714 1713//1713
f 1753//1753 1754//1754 1714//1714
f 1754//1754 1715//1715 1714//1714
f 1754//1754 1755//1755 1715//1715
f 1755//1755 1716//1716 1715//1715
f 1755//1755 1756//1756 1716//1716
f 1756//1756 1717//1717 1716//1716
f 1756//1756 1757//1757 1717//1717
f 1757//1757 1718//1718 1717//1717
f 1757//1757 1758//1758 1718//1718
f 1758//1758 1719//1719 1718//1718
f 1758//1758 1759//1759 1719//1719
f 1759//1759 1720//1720 1719//1719
f 1759//1759 1760//1760 1720//1720
f 1760//1760 1721//1721 1720//1720
f 1760//1760 1761//1761 1721//1721
f 1761//1761 1722//1722 1721//1721
f 1761//1761 1762//1762 1722//1722
f 1762//1762 1723//1723 1722//1722
f 1762//1762 1763//1763 1723//1723
f 1763//1763 1724//1724 1723//1723
f 1763//1763 1764//1764 1724//1724
f 1764//1764 1725//1725 1724//1724
f 1764//1764 1765//1765 1725//1725
f 1765//1765 1726//1726 1725//1725
f 1765//1765 1766//1766 1726//1726
f 1766//1766 1687//1687 1726//1726
f 1766//1766 1727//1727 1687//1687
f 1767//1767 1728//1728 1727//1727
f 1767//1767 1768//1768 1728//1728
f 1768//1768 1729//1729 1728//1728
f 1768//1768 1769//1769 1729//1729
f 1769//1769 1730//1730 1729//1729
f 1769//1769 1770//1770 1730//1730
f 1770//1770 1731//1731 1730//1730
f 1770//1770 1771//1771 1731//1731
f 1771//1771 1732//1732 1731//1731
f 1771//1771 1772//1772 1732//1732
f 1772//1772 1733//1733 1732//1732
f 1772//1772 1773//1773 1733//1733
f 1773//1773 1734//1734 1733//1733
f 1773//1773 1774//1774 1734//1734
f 1774//1774 1735//1735 1734//1734
f 1774//1774 1775//1775 1735//1735
f 1775//1775 1736//1736 1735//1735
f 1775//1775 1776//1776 1736//1736
f 1776//1776 1737//1737 1736//1736
f 1776//1776 1777//1777 1737//1737
f 1777//1777 1738//1738 1737//1737
f 1777//1777 1778//1778 1738//1738
f 1778//1778 1739//1739 1738//1738
f 1778//1778 1779//1779 1739//1739
f 1779//1779 1740//1740 1739//1739
f 1779//1779 1780//1780 1740//1740
f 1780//1780 1741//1741 1740//1740
f 1780//1780 1781//1781 1741//1741
f 1781//1781 1742//1742 1741//1741
f 1781//1781 1782//1782 1742//1742
f 1782//1782 1743//1743 1742//1742
f 1782//1782 1783//1783 1743//1743
f 1783//1783 1744//1744 1743//1743
f 1783//1783 1784//1784 1744//1744
f 1784//1784 1745//1745 1744//1744
f 1784//1784 1785//1785 1745//1745
f 1785//1785 1746//1746 1745//1745
f 1785//1785 1786//1786 1746//1746
f 1786//1786 1747//1747 1746//1746
f 1786//1786 1787//1787 1747//1747
f 1787//1787 1748//1748 1747//1747
f 1787//1787 1788//1788 1748//1748
f 1788//1788 1749//1749 1748//1748
f 1788//1788 1789//1789 1749//1749
f 1789//1789 1750//1750 1749//1749
f 1789//1789 1790//1790 1750//1750
f 1790//1790 1751//1751 1750//1750
f 1790//1790 1791//1791 1751//1751
f 1791//1791 1752//1752 1751//1751
f 1791//1791 1792//1792 1752//1752
f 1792//1792 1753//1753 1752//1752
f 1792//1792 1793//1793 1753//1753
f 1793//1793 1754//1754 1753//1753
f 1793//1793 1794//1794 1754//1754
f 1794//1794 1755//1755 1754//1754
f 1794//1794 1795//1795 1755//1755
f 1795//1795 1756//1756 1755//1755
f 1795//1795 1796//1796 1756//1756
f 1796//1796 1757//1757 1756//1756
f 1796//1796 1797//1797 1757//1757
f 1797//1797 1758//1758 1757//1757
f 1797//1797 1798//1798 1758//1758
f 1798//1798 1759//1759 1758//1758
f 1798//1798 1799//1799 1759//1759
f 1799//1799 1760//1760 1759//1759
f 1799//1799 1800//1800 1760//1760
f 1800//1800 1761//1761 1760//1760
f 1800//1800 1801//1801 1761//1761
f 1801//1801 1762//1762 1761//1761
f 1801//1801 1802//1802 1762//1762
f 1802//1802 1763//1763 1762//1762
f 1802//1802 1803//1803 1763//1763
f 1803//1803 1764//1764 1763//1763
f 1803//1803 1804//1804 1764//1764
f 1804//1804 1765//1765 1764//1764
f 1804//1804 1805//1805 1765//1765
f 1805//1805 1766//1766 1765//1765
f 1805//1805 1806//1806 1766//1766
f 1806//1806 1727//1727 1766//1766
f 1806//1806 1767//1767 1727//1727
f 1807//1807 1768//1768 1767//1767
f 1807//1807 1808//1808 1768//1768
f 1808//1808 1769//1769 1768//1768
f 1808//1808 1809//1809 1769//1769
f 1809//1809 1770//1770 1769//1769
f 1809//1809 1810//1810 1770//1770
f 1810//1810 1771//1771 1770//1770
f 1810//1810 1811//1811 1771//1771
f 1811//1811 1772//1772 1771//1771
f 1811//1811 1812//1812 1772//1772
f 1812//1812 1773//1773 1772//1772
f 1812//1812 1813//1813 1773//1773
f 1813//1813 1774//1774 1773//1773
f 1813//1813 1814//1814 1774//1774
f 1814//1814 1775//1775 1774//1774
f 1814//1814 1815//1815 1775//1775
f 1815//1815 1776//1776 1775//1775
f 1815//1815 1816//1816 1776//1776
f 1816//1816 1777//1777 1776//1776
f 1816//1816 1817//1817 1777//1777
f 1817//1817 1778//1778 1777//1777
f 1817//1817 1818//1818 1778//1778
f 1818//1818 1779//1779 1778//1778
f 1818//1818 1819//1819 1779//1779
f 1819//1819 1780//1780 1779//1779
f 1819//1819 1820//1820 1780//1780
f 1820//1820 1781//1781 1780//1780
f 1820//1820 1821//1821 1781//1781
f 1821//1821 1782//1782 1781//1781
f 1821//1821 1822//1822 1782//1782
f 1822//1822 1783//1783 1782//1782
f 1822//1822 1823//1823 1783//1783
f 1823//1823 1784//1784 1783//1783
f 1823//1823 1824//1824 1784//1784
f 1824//1824 1785//1785 1784//1784
f 1824//1824 1825//1825 1785//1785
f 1825//1825 1786//1786 1785//1785
f 1825//1825 1826//1826 1786//1786
f 1826//1826 1787//1787 1786//1786
f 1826//1826 1827//1827 1787//1787
f 1827//1827 1788//1788 1787//1787
f 1827//1827 1828//1828 1788//1788
f 1828//1828 1789//1789 1788//1788
f 1828//1828 1829//1829 1789//1789
f 1829//1829 1790//1790 1789//1789
f 1829//1829 1830//1830 1790//1790
f 1830//1830 1791//1791 1790//1790
f 1830//1830 1831//1831 1791//1791
f 1831//1831 1792//1792 1791//1791
f 1831//1831 1832//1832 1792//1792
f 1832//1832 1793//1793 1792//1792
f 1832//1832 1833//1833 1793//1793
f 1833//1833 1794//1794 1793//1793
f 1833//1833 1834//1834 1794//1794
f 1834//1834 1795//1795 1794//1794
f 1834//1834 1835//1835 1795//1795
f 1835//1835 1796//1796 1795//1795
f 1835//1835 1836//1836 1796//1796
f 1836//1836 1797//1797 1796//1796
f 1836//1836 1837//1837 1797//1797
f 1837//1837 1798//1798 1797//1797
f 1837//1837 1838//1838 1798//1798
f 1838//1838 1799//1799 1798//1798
f 1838//1838 1839//1839 1799//1799
f 1839//1839 1800//1800 1799//1799
f 1839//1839 1840//1840 1800//1800
f 1840//1840 1801//1801 1800//1800
f 1840//1840 1841//1841 1801//1801
f 1841//1841 1802//1802 1801//1801
f 1841//1841 1842//1842 1802//1802
f 1842//1842 1803//1803 1802//1802
f 1842//1842 1843//1843 1803//1803
f 1843//1843 1804//1804 1803//1803
f 1843//1843 1844//1844 1804//1804
f 1844//1844 1805//1805 1804//1804
f 1844//1844 1845//1845 1805//1805
f 1845//1845 1806//1806 1805//1805
f 1845//1845 1846//1846 1806//1806
f 1846//1846 1767//1767 1806//1806
f 1846//1846 1807//1807 1767//1767
f 1847//1847 1808//1808 1807//1807
f 1847//1847 1848//1848 1808//1808
f 1848//1848 1809//1809 1808//1808
f 1848//1848 1849//1849 1809//1809
f 1849//1849 1810//1810 1809//1809
f 1849//1849 1850//1850 1810//1810
f 1850//1850 1811//1811 1810//1810
f 1850//1850 1851//1851 1811//1811
f 1851//1851 1812//1812 1811//1811
f 1851//1851 1852//1852 1812//1812
f 1852//1852 1813//1813 1812//1812
f 1852//1852 1853//1853 1813//1813
f 1853//1853 1814//1814 1813//1813
f 1853//1853 1854//1854 1814//1814
f 1854//1854 1815//1815 1814//1814
f 1854//1854 1855//1855 1815//1815
f 1855//1855 1816//1816 1815//1815
f 1855//1855 1856//1856 1816//1816
f 1856//1856 1817//1817 1816//1816
f 1856//1856 1857//1857 1817//1817
f 1857//1857 1818//1818 1817//1817
f 1857//1857 1858//1858 1818//1818
f 1858//1858 1819//1819 1818//1818
f 1858//1858 1859//1859 1819//1819
f 1859//1859 1820//1820 1819//1819
f 1859//1859 1860//1860 1820//1820
f 1860//1860 1821//1821 1820//1820
f 1860//1860 1861//1861 1821//1821
f 1861//1861 1822//1822 1821//1821
f 1861//1861 1862//1862 1822//1822
f 1862//1862 1823//1823 1822//1822
f 1862//1862 1863//1863 1823//1823
f 1863//1863 1824//1824 1823//1823
f 1863//1863 1864//1864 1824//1824
f 1864//1864 1825//1825 1824//1824
f 1864//1864 1865//1865 1825//1825
f 1865//1865 1826//1826 1825//1825
f 1865//1865 1866//1866 1826//1826
f 1866//1866 1827//1827 1826//1826
f 1866//1866 1867//1867 1827//1827
f 1867//1867 1828//1828 1827//1827
f 1867//1867 1868//1868 1828//1828
f 1868//1868 1829//1829 1828//1828
f 1868//1868 1869//1869 1829//1829
f 1869//1869 1830//1830 1829//1829
f 1869//1869 1870//1870 1830//1830
f 1870//1870 1831//1831 1830//1830
f 1870//1870 1871//1871 1831//1831
f 1871//1871 1832//1832 1831//1831
f 1871//1871 1872//1872 1832//1832
f 1872//1872 1833//1833 1832//1832
f 1872//1872 1873//1873 1833//1833
f 1873//1873 1834//1834 1833//1833
f 1873//1873 1874//1874 1834//1834
f 1874//1874 1835//1835 1834//1834
f 1874//1874 1875//1875 1835//1835
f 1875//1875 1836//1836 1835//1835
f 1875//1875 1876//1876 1836//1836
f 1876//1876 1837//1837 1836//1836
f 1876//1876 1877//1877 1837//1837
f 1877//1877 1838//1838 1837//1837
f 1877//1877 1878//1878 1838//1838
f 1878//1878 1839//1839 1838//1838
f 1878//1878 1879//1879 1839//1839
f 1879//1879 1840//1840 1839//1839
f 1879//1879 1880//1880 1840//1840
f 1880//1880 1841//1841 1840//1840
f 1880//1880 1881//1881 1841//1841
f 1881//1881 1842//1842 1841//1841
f 1881//1881 1882//1882 1842//1842
f 1882//1882 1843//1843 1842//1842
f 1882//1882 1883//1883 1843//1843
f 1883//1883 1844//1844 1843//1843
f 1883//1883 1884//1884 1844//1844
f 1884//1884 1845//1845 1844//1844
f 1884//1884 1885//1885 1845//1845
f 1885//1885 1846//1846 1845//1845
f 1885//1885 1886//1886 1846//1846
f 1886//1886 1807//1807 1846//1846
f 1886//1886 1847//1847 1807//1807
f 1887//1887 1848//1848 1847//1847
f 1887//1887 1888//1888 1848//1848
f 1888//1888 1849//1849 1848//1848
f 1888//1888 1889//1889 1849//1849
f 1889//1889 1850//1850 1849//1849
f 1889//1889 1890//1890 1850//1850
f 1890//1890 1851//1851 1850//1850
f 1890//1890 1891//1891 1851//1851
f 1891//1891 1852//1852 1851//1851
f 1891//1891 1892//1892 1852//1852
f 1892//1892 1853//1853 1852//1852
f 1892//1892 1893//1893 1853//1853
f 1893//1893 1854//1854 1853//1853
f 1893//1893 1894//1894 1854//1854
f 1894//1894 1855//1855 1854//1854
f 1894//1894 1895//1895 1855//1855
f 1895//1895 1856//1856 1855//1855
f 1895//1895 1896//1896 1856//1856
f 1896//1896 1857//1857 1856//1856
f 1896//1896 1897//1897 1857//1857
f 1897//1897 1858//1858 1857//1857
f 1897//1897 1898//1898 1858//1858
f 1898//1898 1859//1859 1858//1858
f 1898//1898 1899//1899 1859//1859
f 1899//1899 1860//1860 1859//1859
f 1899//1899 1900//1900 1860//1860
f 1900//1900 1861//1861 1860//1860
f 1900//1900 1901//1901 1861//1861
f 1901//1901 1862//1862 1861//1861
f 1901//1901 1902//1902 1862//1862
f 1902//1902 1863//1863 1862//1862
f 1902//1902 1903//1903 1863//1863
f 1903//1903 1864//1864 1863//1863
f 1903//1903 1904//1904 1864//1864
f 1904//1904 1865//1865 1864//1864
f 1904//1904 1905//1905 1865//1865
f 1905//1905 1866//1866 1865//1865
f 1905//1905 1906//1906 1866//1866
f 1906//1906 1867//1867 1866//1866
f 1906//1906 1907//1907 1867//1867
f 1907//1907 1868//1868 1867//1867
f 1907//1907 1908//1908 1868//1868
f 1908//1908 1869//1869 1868//1868
f 1908//1908 1909//1909 1869//1869
f 1909//1909 1870//1870 1869//1869
f 1909//1909 1910//1910 1870//1870
f 1910//1910 1871//1871 1870//1870
f 1910//1910 1911//1911 1871//1871
f 1911//1911 1872//1872 1871//1871
f 1911//1911 1912//1912 1872//1872
f 1912//1912 1873//1873 1872//1872
f 1912//1912 1913//1913 1873//1873
f 1913//1913 1874//1874 1873//1873
f 1913//1913 1914//1914 1874//1874
f 1914//1914 1875//1875 1874//1874
f 1914//1914 1915//1915 1875//1875
f 1915//1915 1876//1876 1875//1875
f 1915//1915 1916//1916 1876//1876
f 1916//1916 1877//1877 1876//1876
f 1916//1916 1917//1917 1877//1877
f 1917//1917 1878//1878 1877//1877
f 1917//1917 1918//1918 1878//1878
f 1918//1918 1879//1879 1878//1878
f 1918//1918 1919//1919 1879//1879
f 1919//1919 1880//1880 1879//1879
f 1919//1919 1920//1920 1880//1880
f 1920//1920 1881//1881 1880//1880
f 1920//1920 1921//1921 1881//1881
f 1921//1921 1882//1882 1881//1881
f 1921//1921 1922//1922 1882//1882
f 1922//1922 1883//1883 1882//1882
f 1922//1922 1923//1923 1883//1883
f 1923//1923 1884//1884 1883//1883
f 1923//1923 1924//1924 1884//1884
f 1924//1924 1885//1885 1884//1884
f 1924//1924 1925//1925 1885//1885
f 1925//1925 1886//1886 1885//1885
f 1925//1925 1926//1926 1886//1886
f 1926//1926 1847//1847 1886//1886
f 1926//1926 1887//1887 1847//1847
f 1927//1927 1888//1888 1887//1887
f 1927//1927 1928//1928 1888//1888
f 1928//1928 1889//1889 1888//1888
f 1928//1928 1929//1929 1889//1889
f 1929//1929 1890//1890 1889//1889
f 1929//1929 1930//1930 1890//1890
f 1930//1930 1891//1891 1890//1890
f 1930//1930 1931//1931 1891//1891
f 1931//1931 1892//1892 1891//1891
f 1931//1931 1932//1932 1892//1892
f 1932//1932 1893//1893 1892//1892
f 1932//1932 1933//1933 1893//1893
f 1933//1933 1894//1894 1893//1893
f 1933//1933 1934//1934 1894//1894
f 1934//1934 1895//1895 1894//1894
f 1934//1934 1935//1935 1895//1895
f 1935//1935 1896//1896 1895//1895
f 1935//1935 1936//1936 1896//1896
f 1936//1936 1897//1897 1896//1896
f 1936//1936 1937//1937 1897//1897
f 1937//1937 1898//1898 1897//1897
f 1937//1937 1938//1938 1898//1898
f 1938//1938 1899//1899 1898//1898
f 1938//1938 1939//1939 1899//1899
f 1939//1939 1900//1900 1899//1899
f 1939//1939 1940//1940 1900//1900
f 1940//1940 1901//1901 1900//1900
f 1940//1940 1941//1941 1901//1901
f 1941//1941 1902//1902 1901//1901
f 1941//1941 1942//1942 1902//1902
f 1942//1942 1903//1903 1902//1902
f 1942//1942 1943//1943 1903//1903
f 1943//1943 1904//1904 1903//1903
f 1943//1943 1944//1944 1904//1904
f 1944//1944 1905//1905 1904//1904
f 1944//1944 1945//1945 1905//1905
f 1945//1945 1906//1906 1905//1905
f 1945//1945 1946//1946 1906//1906
f 1946//1946 1907//1907 1906//1906
f 1946//1946 1947//1947 1907//1907
f 1947//1947 1908//1908 1907//1907
f 1947//1947 1948//1948 1908//1908
f 1948//1948 1909//1909 1908//1908
f 1948//1948 1949//1949 1909//1909
f 1949//1949 1910//1910 1909//1909
f 1949//1949 1950//1950 1910//1910
f 1950//1950 1911//1911 1910//1910
f 1950//1950 1951//1951 1911//1911
f 1951//1951 1912//1912 1911//1911
f 1951//1951 1952//1952 1912//1912
f 1952//1952 1913//1913 1912//1912
f 1952//1952 1953//1953 1913//1913
f 1953//1953 1914//1914 1913//1913
f 1953//1953 1954//1954 1914//1914
f 1954//1954 1915//1915 1914//1914
f 1954//1954 1955//1955 1915//1915
f 1955//1955 1916//1916 1915//1915
f 1955//1955 1956//1956 1916//1916
f 1956//1956 1917//1917 1916//1916
f 1956//1956 1957//1957 1917//1917
f 1957//1957 1918//1918 1917//1917
f 1957//1957 1958//1958 1918//1918
f 1958//1958 1919//1919 1918//1918
f 1958//1958 1959//1959 1919//1919
f 1959//1959 1920//1920 1919//1919
f 1959//1959 1960//1960 1920//1920
f 1960//1960 1921//1921 1920//1920
f 1960//1960 1961//1961 1921//1921
f 1961//1961 1922//1922 1921//1921
f 1961//1961 1962//1962 1922//1922
f 1962//1962 1923//1923 1922//1922
f 1962//1962 1963//1963 1923//1923
f 1963//1963 1924//1924 1923//1923
f 1963//1963 1964//1964 1924//1924
f 1964//1964 1925//1925 1924//1924
f 1964//1964 1965//1965 1925//1925
f 1965//1965 1926//1926 1925//1925
f 1965//1965 1966//1966 1926//1926
f 1966//1966 1887//1887 1926//1926
f 1966//1966 1927//1927 1887//1887
f 1967//1967 1928//1928 1927//1927
f 1967//1967 1968//1968 1928//1928
f 1968//1968 1929//1929 1928//1928
f 1968//1968 1969//1969 1929//1929
f 1969//1969 1930//1930 1929//1929
f 1969//1969 1970//1970 1930//1930
f 1970//1970 1931//1931 1930//1930
f 1970//1970 1971//1971 1931//1931
f 1971//1971 1932//1932 1931//1931
f 1971//1971 1972//1972 1932//1932
f 1972//1972 1933//1933 1932//1932
f 1972//1972 1973//1973 1933//1933
f 1973//1973 1934//1934 1933//1933
f 1973//1973 1974//1974 1934//1934
f 1974//1974 1935//1935 1934//1934
f 1974//1974 1975//1975 1935//1935
f 1975//1975 1936//1936 1935//1935
f 1975//1975 1976//1976 1936//1936
f 1976//1976 1937//1937 1936//1936
f 1976//1976 1977//1977 1937//1937
f 1977//1977 1938//1938 1937//1937
f 1977//1977 1978//1978 1938//1938
f 1978//1978 1939//1939 1938//1938
f 1978//1978 1979//1979 1939//1939
f 1979//1979 1940//1940 1939//1939
f 1979//1979 1980//1980 1940//1940
f 1980//1980 1941//1941 1940//1940
f 1980//1980 1981//1981 1941//1941
f 1981//1981 1942//1942 1941//1941
f 1981//1981 1982//1982 1942//1942
f 1982//1982 1943//1943 1942//1942
f 1982//1982 1983//1983 1943//1943
f 1983//1983 1944//1944 1943//1943
f 1983//1983 1984//1984 1944//1944
f 1984//1984 1945//1945 1944//1944
f 1984//1984 1985//1985 1945//1945
f 1985//1985 1946//1946 1945//1945
f 1985//1985 1986//1986 1946//1946
f 1986//1986 1947//1947 1946//1946
f 1986//1986 1987//1987 1947//1947
f 1987//1987 1948//1948 1947//1947
f 1987//1987 1988//1988 1948//1948
f 1988//1988 1949//1949 1948//1948
f 1988//1988 1989//1989 1949//1949
f 1989//1989 1950//1950 1949//1949
f 1989//1989 1990//1990 1950//1950
f 1990//1990 1951//1951 1950//1950
f 1990//1990 1991//1991 1951//1951
f 1991//1991 1952//1952 1951//1951
f 1991//1991 1992//1992 1952//1952
f 1992//1992 1953//1953 1952//1952
f 1992//1992 1993//1993 1953//1953
f 1993//1993 1954//1954 1953//1953
f 1993//1993 1994//1994 1954//1954
f 1994//1994 1955//1955 1954//1954
f 1994//1994 1995//1995 1955//1955
f 1995//1995 1956//1956 1955//1955
f 1995//1995 1996//1996 1956//1956
f 1996//1996 1957//1957 1956//1956
f 1996//1996 1997//1997 1957//1957
f 1997//1997 1958//1958 1957//1957
f 1997//1997 1998//1998 1958//1958
f 1998//1998 1959//1959 1958//1958
f 1998//1998 1999//1999 1959//1959
f 1999//1999 1960//1960 1959//1959
f 1999//1999 2000//2000 1960//1960
f 2000//2000 1961//1961 1960//1960
f 2000//2000 2001//2001 1961//1961
f 2001//2001 1962//1962 1961//1961
f 2001//2001 2002//2002 1962//1962
f 2002//2002 1963//1963 1962//1962
f 2002//2002 2003//2003 1963//1963
f 2003//2003 1964//1964 1963//1963
f 2003//2003 2004//2004 1964//1964
f 2004//2004 1965//1965 1964//1964
f 2004//2004 2005//2005 1965//1965
f 2005//2005 1966//1966 1965//1965
f 2005//2005 2006//2006 1966//1966
f 2006//2006 1927//1927 1966//1966
f 2006//2006 1967//1967 1927//1927
f 2007//2007 1968//1968 1967//1967
f 2007//2007 2008//2008 1968//1968
f 2008//2008 1969//1969 1968//1968
f 2008//2008 2009//2009 1969//1969
f 2009//2009 1970//1970 1969//1969
f 2009//2009 2010//2010 1970//1970
f 2010//2010 1971//1971 1970//1970
f 2010//2010 2011//2011 1971//1971
f 2011//2011 1972//1972 1971//1971
f 2011//2011 2012//2012 1972//1972
f 2012//2012 1973//1973 1972//1972
f 2012//2012 2013//2013 1973//1973
f 2013//2013 1974//1974 1973//1973
f 2013//2013 2014//2014 1974//1974
f 2014//2014 1975//1975 1974//1974
f 2014//2014 2015//2015 1975//1975
f 2015//2015 1976//1976 1975//1975
f 2015//2015 2016//2016 1976//1976
f 2016//2016 1977//1977 1976//1976
f 2016//2016 2017//2017 1977//1977
f 2017//2017 1978//1978 1977//1977
f 2017//2017 2018//2018 1978//1978
f 2018//2018 1979//1979 1978//1978
f 2018//2018 2019//2019 1979//1979
f 2019//2019 1980//1980 1979//1979
f 2019//2019 2020//2020 1980//1980
f 2020//2020 1981//1981 1980//1980
f 2020//2020 2021//2021 1981//1981
f 2021//2021 1982//1982 1981//1981
f 2021//2021 2022//2022 1982//1982
f 2022//2022 1983//1983 1982//1982
f 2022//2022 2023//2023 1983//1983
f 2023//2023 1984//1984 1983//1983
f 2023//2023 2024//2024 1984//1984
f 2024//2024 1985//1985 1984//1984
f 2024//2024 2025//2025 1985//1985
f 2025//2025 1986//1986 1985//1985
f 2025//2025 2026//2026 1986//1986
f 2026//2026 1987//1987 1986//1986
f 2026//2026 2027//2027 1987//1987
f 2027//2027 1988//1988 1987//1987
f 2027//2027 2028//2028 1988//1988
f 2028//2028 1989//1989 1988//1988
f 2028//2028 2029//2029 1989//1989
f 2029//2029 1990//1990 1989//1989
f 2029//2029 2030//2030 1990//1990
f 2030//2030 1991//1991 1990//1990
f 2030//2030 2031//2031 1991//1991
f 2031//2031 1992//1992 1991//1991
f 2031//2031 2032//2032 1992//1992
f 2032//2032 1993//1993 1992//1992
f 2032//2032 2033//2033 1993//1993
f 2033//2033 1994//1994 1993//1993
f 2033//2033 2034//2034 1994//1994
f 2034//2034 1995//1995 1994//1994
f 2034//2034 2035//2035 1995//1995
f 2035//2035 1996//1996 1995//1995
f 2035//2035 2036//2036 1996//1996
f 2036//2036 1997//1997 1996//1996
f 2036//2036 2037//2037 1997//1997
f 2037//2037 1998//1998 1997//1997
f 2037//2037 2038//2038 1998//1998
f 2038//2038 1999//1999 1998//1998
f 2038//2038 2039//2039 1999//1999
f 2039//2039 2000//2000 1999//1999
f 2039//2039 2040//2040 2000//2000
f 2040//2040 2001//2001 2000//2000
f 2040//2040 2041//2041 2001//2001
f 2041//2041 2002//2002 2001//2001
f 2041//2041 2042//2042 2002//2002
f 2042//2042 2003//2003 2002//2002
f 2042//2042 2043//2043 2003//2003
f 2043//2043 2004//2004 2003//2003
f 2043//2043 2044//2044 2004//2004
f 2044//2044 2005//2005 2004//2004
f 2044//2044 2045//2045 2005//2005
f 2045//2045 2006//2006 2005//2005
f 2045//2045 2046//2046 2006//2006
f 2046//2046 1967//1967 2006//2006
f 2046//2046 2007//2007 1967//1967
f 2047//2047 2008//2008 2007//2007
f 2047//2047 2048//2048 2008//2008
f 2048//2048 2009//2009 2008//2008
f 2048//2048 2049//2049 2009//2009
f 2049//2049 2010//2010 2009//2009
f 2049//2049 2050//2050 2010//2010
f 2050//2050 2011//2011 2010//2010
f 2050//2050 2051//2051 2011//2011
f 2051//2051 2012//2012 2011//2011
f 2051//2051 2052//2052 2012//2012
f 2052//2052 2013//2013 2012//2012
f 2052//2052 2053//2053 2013//2013
f 2053//2053 2014//2014 2013//2013
f 2053//2053 2054//2054 2014//2014
f 2054//2054 2015//2015 2014//2014
f 2054//2054 2055//2055 2015//2015
f 2055//2055 2016//2016 2015//2015
f 2055//2055 2056//2056 2016//2016
f 2056//2056 2017//2017 2016//2016
f 2056//2056 2057//2057 2017//2017
f 2057//2057 2018//2018 2017//2017
f 2057//2057 2058//2058 2018//2018
f 2058//2058 2019//2019 2018//2018
f 2058//2058 2059//2059 2019//2019
f 2059//2059 2020//2020 2019//2019
f 2059//2059 2060//2060 2020//2020
f 2060//2060 2021//2021 2020//2020
f 2060//2060 2061//2061 2021//2021
f 2061//2061 2022//2022 2021//2021
f 2061//2061 2062//2062 2022//2022
f 2062//2062 2023//2023 2022//2022
f 2062//2062 2063//2063 2023//2023
f 2063//2063 2024//2024 2023//2023
f 2063//2063 2064//2064 2024//2024
f 2064//2064 2025//2025 2024//2024
f 2064//2064 2065//2065 2025//2025
f 2065//2065 2026//2026 2025//2025
f 2065//2065 2066//2066 2026//2026
f 2066//2066 2027//2027 2026//2026
f 2066//2066 2067//2067 2027//2027
f 2067//2067 2028//2028 2027//2027
f 2067//2067 2068//2068 2028//2028
f 2068//2068 2029//2029 2028//2028
f 2068//2068 2069//2069 2029//2029
f 2069//2069 2030//2030 2029//2029
f 2069//2069 2070//2070 2030//2030
f 2070//2070 2031//2031 2030//2030
f 2070//2070 2071//2071 2031//2031
f 2071//2071 2032//2032 2031//2031
f 2071//2071 2072//2072 2032//2032
f 2072//2072 2033//2033 2032//2032
f 2072//2072 2073//2073 2033//2033
f 2073//2073 2034//2034 2033//2033
f 2073//2073 2074//2074 2034//2034
f 2074//2074 2035//2035 2034//2034
f 2074//2074 2075//2075 2035//2035
f 2075//2075 2036//2036 2035//2035
f 2075//2075 2076//2076 2036//2036
f 2076//2076 2037//2037 2036//2036
f 2076//2076 2077//2077 2037//2037
f 2077//2077 2038//2038 2037//2037
f 2077//2077 2078//2078 2038//2038
f 2078//2078 2039//2039 2038//2038
f 2078//2078 2079//2079 2039//2039
f 2079//2079 2040//2040 2039//2039
f 2079//2079 2080//2080 2040//2040
f 2080//2080 2041//2041 2040//2040
f 2080//2080 2081//2081 2041//2041
f 2081//2081 2042//2042 2041//2041
f 2081//2081 2082//2082 2042//2042
f 2082//2082 2043//2043 2042//2042
f 2082//2082 2083//2083 2043//2043
f 2083//2083 2044//2044 2043//2043
f 2083//2083 2084//2084 2044//2044
f 2084//2084 2045//2045 2044//2044
f 2084//2084 2085//2085 2045//2045
f 2085//2085 2046//2046 2045//2045
f 2085//2085 2086//2086 2046//2046
f 2086//2086 2007//2007 2046//2046
f 2086//2086 2047//2047 2007//2007
f 2087//2087 2048//2048 2047//2047
f 2087//2087 2088//2088 2048//2048
f 2088//2088 2049//2049 2048//2048
f 2088//2088 2089//2089 2049//2049
f 2089//2089 2050//2050 2049//2049
f 2089//2089 2090//2090 2050//2050
f 2090//2090 2051//2051 2050//2050
f 2090//2090 2091//2091 2051//2051
f 2091//2091 2052//2052 2051//2051
f 2091//2091 2092//2092 2052//2052
f 2092//2092 2053//2053 2052//2052
f 2092//2092 2093//2093 2053//2053
f 2093//2093 2054//2054 2053//2053
f 2093//2093 2094//2094 2054//2054
f 2094//2094 2055//2055 2054//2054
f 2094//2094 2095//2095 2055//2055
f 2095//2095 2056//2056 2055//2055
f 2095//2095 2096//2096 2056//2056
f 2096//2096 2057//2057 2056//2056
f 2096//2096 2097//2097 2057//2057
f 2097//2097 2058//2058 2057//2057
f 2097//2097 2098//2098 2058//2058
f 2098//2098 2059//2059 2058//2058
f 2098//2098 2099//2099 2059//2059
f 2099//2099 2060//2060 2059//2059
f 2099//2099 2100//2100 2060//2060
f 2100//2100 2061//2061 2060//2060
f 2100//2100 2101//2101 2061//2061
f 2101//2101 2062//2062 2061//2061
f 2101//2101 2102//2102 2062//2062
f 2102//2102 2063//2063 2062//2062
f 2102//2102 2103//2103 2063//2063
f 2103//2103 2064//2064 2063//2063
f 2103//2103 2104//2104 2064//2064
f 2104//2104 2065//2065 2064//2064
f 2104//2104 2105//2105 2065//2065
f 2105//2105 2066//2066 2065//2065
f 2105//2105 2106//2106 2066//2066
f 2106//2106 2067//2067 2066//2066
f 2106//2106 2107//2107 2067//2067
f 2107//2107 2068//2068 2067//2067
f 2107//2107 2108//2108 2068//2068
f 2108//2108 2069//2069 2068//2068
f 2108//2108 2109//2109 2069//2069
f 2109//2109 2070//2070 2069//2069
f 2109//2109 2110//2110 2070//2070
f 2110//2110 2071//2071 2070//2070
f 2110//2110 2111//2111 2071//2071
f 2111//2111 2072//2072 2071//2071
f 2111//2111 2112//2112 2072//2072
f 2112//2112 2073//2073 2072//2072
f 2112//2112 2113//2113 2073//2073
f 2113//2113 2074//2074 2073//2073
f 2113//2113 2114//2114 2074//2074
f 2114//2114 2075//2075 2074//2074
f 2114//2114 2115//2115 2075//2075
f 2115//2115 2076//2076 2075//2075
f 2115//2115 2116//2116 2076//2076
f 2116//2116 2077//2077 2076//2076
f 2116//2116 2117//2117 2077//2077
f 2117//2117 2078//2078 2077//2077
f 2117//2117 2118//2118 2078//2078
f 2118//2118 2079//2079 2078//2078
f 2118//2118 2119//2119 2079//2079
f 2119//2119 2080//2080 2079//2079
f 2119//2119 2120//2120 2080//2080
f 2120//2120 2081//2081 2080//2080
f 2120//2120 2121//2121 2081//2081
f 2121//2121 2082//2082 2081//2081
f 2121//2121 2122//2122 2082//2082
f 2122//2122 2083//2083 2082//2082
f 2122//2122 2123//2123 2083//2083
f 2123//2123 2084//2084 2083//2083
f 2123//2123 2124//2124 2084//2084
f 2124//2124 2085//2085 2084//2084
f 2124//2124 2125//2125 2085//2085
f 2125//2125 2086//2086 2085//2085
f 2125//2125 2126//2126 2086//2086
f 2126//2126 2047//2047 2086//2086
f 2126//2126 2087//2087 2047//2047
f 2127//2127 2088//2088 2087//2087
f 2127//2127 2128//2128 2088//2088
f 2128//2128 2089//2089 2088//2088
f 2128//2128 2129//2129 2089//2089
f 2129//2129 2090//2090 2089//2089
f 2129//2129 2130//2130 2090//2090
f 2130//2130 2091//2091 2090//2090
f 2130//2130 2131//2131 2091//2091
f 2131//2131 2092//2092 2091//2091
f 2131//2131 2132//2132 2092//2092
f 2132//2132 2093//2093 2092//2092
f 2132//2132 2133//2133 2093//2093
f 2133//2133 2094//2094 2093//2093
f 2133//2133 2134//2134 2094//2094
f 2134//2134 2095//2095 2094//2094
f 2134//2134 2135//2135 2095//2095
f 2135//2135 2096//2096 2095//2095
f 2135//2135 2136//2136 2096//2096
f 2136//2136 2097//2097 2096//2096
f 2136//2136 2137//2137 2097//2097
f 2137//2137 2098//2098 2097//2097
f 2137//2137 2138//2138 2098//2098
f 2138//2138 2099//2099 2098//2098
f 2138//2138 2139//2139 2099//2099
f 2139//2139 2100//2100 2099//2099
f 2139//2139 2140//2140 2100//2100
f 2140//2140 2101//2101 2100//2100
f 2140//2140 2141//2141 2101//2101
f 2141//2141 2102//2102 2101//2101
f 2141//2141 2142//2142 2102//2102
f 2142//2142 2103//2103 2102//2102
f 2142//2142 2143//2143 2103//2103
f 2143//2143 2104//2104 2103//2103
f 2143//2143 2144//2144 2104//2104
f 2144//2144 2105//2105 2104//2104
f 2144//2144 2145//2145 2105//2105
f 2145//2145 2106//2106 2105//2105
f 2145//2145 2146//2146 2106//2106
f 2146//2146 2107//2107 2106//2106
f 2146//2146 2147//2147 2107//2107
f 2147//2147 2108//2108 2107//2107
f 2147//2147 2148//2148 2108//2108
f 2148//2148 2109//2109 2108//2108
f 2148//2148 2149//2149 2109//2109
f 2149//2149 2110//2110 2109//2109
f 2149//2149 2150//2150 2110//2110
f 2150//2150 2111//2111 2110//2110
f 2150//2150 2151//2151 2111//2111
f 2151//2151 2112//2112 2111//2111
f 2151//2151 2152//2152 2112//2112
f 2152//2152 2113//2113 2112//2112
f 2152//2152 2153//2153 2113//2113
f 2153//2153 2114//2114 2113//2113
f 2153//2153 2154//2154 2114//2114
f 2154//2154 2115//2115 2114//2114
f 2154//2154 2155//2155 2115//2115
f 2155//2155 2116//2116 2115//2115
f 2155//2155 2156//2156 2116//2116
f 2156//2156 2117//2117 2116//2116
f 2156//2156 2157//2157 2117//2117
f 2157//2157 2118//2118 2117//2117
f 2157//2157 2158//2158 2118//2118
f 2158//2158 2119//2119 2118//2118
f 2158//2158 2159//2159 2119//2119
f 2159//2159 2120//2120 2119//2119
f 2159//2159 2160//2160 2120//2120
f 2160//2160 2121//2121 2120//2120
f 2160//2160 2161//2161 2121//2121
f 2161//2161 2122//2122 2121//2121
f 2161//2161 2162//2162 2122//2122
f 2162//2162 2123//2123 2122//2122
f 2162//2162 2163//2163 2123//2123
f 2163//2163 2124//2124 2123//2123
f 2163//2163 2164//2164 2124//2124
f 2164//2164 2125//2125 2124//2124
f 2164//2164 2165//2165 2125//2125
f 2165//2165 2126//2126 2125//2125
f 2165//2165 2166//2166 2126//2126
f 2166//2166 2087//2087 2126//2126
f 2166//2166 2127//2127 2087//2087
f 2167//2167 2128//2128 2127//2127
f 2167//2167 2168//2168 2128//2128
f 2168//2168 2129//2129 2128//2128
f 2168//2168 2169//2169 2129//2129
f 2169//2169 2130//2130 2129//2129
f 2169//2169 2170//2170 2130//2130
f 2170//2170 2131//2131 2130//2130
f 2170//2170 2171//2171 2131//2131
f 2171//2171 2132//2132 2131//2131
f 2171//2171 2172//2172 2132//2132
f 2172//2172 2133//2133 2132//2132
f 2172//2172 2173//2173 2133//2133
f 2173//2173 2134//2134 2133//2133
f 2173//2173 2174//2174 2134//2134
f 2174//2174 2135//2135 2134//2134
f 2174//2174 2175//2175 2135//2135
f 2175//2175 2136//2136 2135//2135
f 2175//2175 2176//2176 2136//2136
f 2176//2176 2137//2137 2136//2136
f 2176//2176 2177//2177 2137//2137
f 2177//2177 2138//2138 2137//2137
f 2177//2177 2178//2178 2138//2138
f 2178//2178 2139//2139 2138//2138
f 2178//2178 2179//2179 2139//2139
f 2179//2179 2140//2140 2139//2139
f 2179//2179 2180//2180 2140//2140
f 2180//2180 2141//2141 2140//2140
f 2180//2180 2181//2181 2141//2141
f 2181//2181 2142//2142 2141//2141
f 2181//2181 2182//2182 2142//2142
f 2182//2182 2143//2143 2142//2142
f 2182//2182 2183//2183 2143//2143
f 2183//2183 2144//2144 2143//2143
f 2183//2183 2184//2184 2144//2144
f 2184//2184 2145//2145 2144//2144
f 2184//2184 2185//2185 2145//2145
f 2185//2185 2146//2146 2145//2145
f 2185//2185 2186//2186 2146//2146
f 2186//2186 2147//2147 2146//2146
f 2186//2186 2187//2187 2147//2147
f 2187//2187 2148//2148 2147//2147
f 2187//2187 2188//2188 2148//2148
f 2188//2188 2149//2149 2148//2148
f 2188//2188 2189//2189 2149//2149
f 2189//2189 2150//2150 2149//2149
f 2189//2189 2190//2190 2150//2150
f 2190//2190 2151//2151 2150//2150
f 2190//2190 2191//2191 2151//2151
f 2191//2191 2152//2152 2151//2151
f 2191//2191 2192//2192 2152//2152
f 2192//2192 2153//2153 2152//2152
f 2192//2192 2193//2193 2153//2153
f 2193//2193 2154//2154 2153//2153
f 2193//2193 2194//2194 2154//2154
f 2194//2194 2155//2155 2154//2154
f 2194//2194 2195//2195 2155//2155
f 2195//2195 2156//2156 2155//2155
f 2195//2195 2196//2196 2156//2156
f 2196//2196 2157//2157 2156//2156
f 2196//2196 2197//2197 2157//2157
f 2197//2197 2158//2158 2157//2157
f 2197//2197 2198//2198 2158//2158
f 2198//2198 2159//2159 2158//2158
f 2198//2198 2199//2199 2159//2159
f 2199//2199 2160//2160 2159//2159
f 2199//2199 2200//2200 2160//2160
f 2200//2200 2161//2161 2160//2160
f 2200//2200 2201//2201 2161//2161
f 2201//2201 2162//2162 2161//2161
f 2201//2201 2202//2202 2162//2162
f 2202//2202 2163//2163 2162//2162
f 2202//2202 2203//2203 2163//2163
f 2203//2203 2164//2164 2163//2163
f 2203//2203 2204//2204 2164//2164
f 2204//2204 2165//2165 2164//2164
f 2204//2204 2205//2205 2165//2165
f 2205//2205 2166//2166 2165//2165
f 2205//2205 2206//2206 2166//2166
f 2206//2206 2127//2127 2166//2166
f 2206//2206 2167//2167 2127//2127
f 2207//2207 2168//2168 2167//2167
f 2207//2207 2208//2208 2168//2168
f 2208//2208 2169//2169 2168//2168
f 2208//2208 2209//2209 2169//2169
f 2209//2209 2170//2170 2169//2169
f 2209//2209 2210//2210 2170//2170
f 2210//2210 2171//2171 2170//2170
f 2210//2210 2211//2211 2171//2171
f 2211//2211 2172//2172 2171//2171
f 2211//2211 2212//2212 2172//2172
f 2212//2212 2173//2173 2172//2172
f 2212//2212 2213//2213 2173//2173
f 2213//2213 2174//2174 2173//2173
f 2213//2213 2214//2214 2174//2174
f 2214//2214 2175//2175 2174//2174
f 2214//2214 2215//2215 2175//2175
f 2215//2215 2176//2176 2175//2175
f 2215//2215 2216//2216 2176//2176
f 2216//2216 2177//2177 2176//2176
f 2216//2216 2217//2217 2177//2177
f 2217//2217 2178//2178 2177//2177
f 2217//2217 2218//2218 2178//2178
f 2218//2218 2179//2179 2178//2178
f 2218//2218 2219//2219 2179//2179
f 2219//2219 2180//2180 2179//2179
f 2219//2219 2220//2220 2180//2180
f 2220//2220 2181//2181 2180//2180
f 2220//2220 2221//2221 2181//2181
f 2221//2221 2182//2182 2181//2181
f 2221//2221 2222//2222 2182//2182
f 2222//2222 2183//2183 2182//2182
f 2222//2222 2223//2223 2183//2183
f 2223//2223 2184//2184 2183//2183
f 2223//2223 2224//2224 2184//2184
f 2224//2224 2185//2185 2184//2184
f 2224//2224 2225//2225 2185//2185
f 2225//2225 2186//2186 2185//2185
f 2225//2225 2226//2226 2186//2186
f 2226//2226 2187//2187 2186//2186
f 2226//2226 2227//2227 2187//2187
f 2227//2227 2188//2188 2187//2187
f 2227//2227 2228//2228 2188//2188
f 2228//2228 2189//2189 2188//2188
f 2228//2228 2229//2229 2189//2189
f 2229//2229 2190//2190 2189//2189
f 2229//2229 2230//2230 2190//2190
f 2230//2230 2191//2191 2190//2190
f 2230//2230 2231//2231 2191//2191
f 2231//2231 2192//2192 2191//2191
f 2231//2231 2232//2232 2192//2192
f 2232//2232 2193//2193 2192//2192
f 2232//2232 2233//2233 2193//2193
f 2233//2233 2194//2194 2193//2193
f 2233//2233 2234//2234 2194//2194
f 2234//2234 2195//2195 2194//2194
f 2234//2234 2235//2235 2195//2195
f 2235//2235 2196//2196 2195//2195
f 2235//2235 2236//2236 2196//2196
f 2236//2236 2197//2197 2196//2196
f 2236//2236 2237//2237 2197//2197
f 2237//2237 2198//2198 2197//2197
f 2237//2237 2238//2238 2198//2198
f 2238//2238 2199//2199 2198//2198
f 2238//2238 2239//2239 2199//2199
f 2239//2239 2200//2200 2199//2199
f 2239//2239 2240//2240 2200//2200
f 2240//2240 2201//2201 2200//2200
f 2240//2240 2241//2241 2201//2201
f 2241//2241 2202//2202 2201//2201
f 2241//2241 2242//2242 2202//2202
f 2242//2242 2203//2203 2202//2202
f 2242//2242 2243//2243 2203//2203
f 2243//2243 2204//2204 2203//2203
f 2243//2243 2244//2244 2204//2204
f 2244//2244 2205//2205 2204//2204
f 2244//2244 2245//2245 2205//2205
f 2245//2245 2206//2206 2205//2205
f 2245//2245 2246//2246 2206//2206
f 2246//2246 2167//2167 2206//2206
f 2246//2246 2207//2207 2167//2167
f 2247//2247 2208//2208 2207//2207
f 2247//2247 2248//2248 2208//2208
f 2248//2248 2209//2209 2208//2208
f 2248//2248 2249//2249 2209//2209
f 2249//2249 2210//2210 2209//2209
f 2249//2249 2250//2250 2210//2210
f 2250//2250 2211//2211 2210//2210
f 2250//2250 2251//2251 2211//2211
f 2251//2251 2212//2212 2211//2211
f 2251//2251 2252//2252 2212//2212
f 2252//2252 2213//2213 2212//2212
f 2252//2252 2253//2253 2213//2213
f 2253//2253 2214//2214 2213//2213
f 2253//2253 2254//2254 2214//2214
f 2254//2254 2215//2215 2214//2214
f 2254//2254 2255//2255 2215//2215
f 2255//2255 2216//2216 2215//2215
f 2255//2255 2256//2256 2216//2216
f 2256//2256 2217//2217 2216//2216
f 2256//2256 2257//2257 2217//2217
f 2257//2257 2218//2218 2217//2217
f 2257//2257 2258//2258 2218//2218
f 2258//2258 2219//2219 2218//2218
f 2258//2258 2259//2259 2219//2219
f 2259//2259 2220//2220 2219//2219
f 2259//2259 2260//2260 2220//2220
f 2260//2260 2221//2221 2220//2220
f 2260//2260 2261//2261 2221//2221
f 2261//2261 2222//2222 2221//2221
f 2261//2261 2262//2262 2222//2222
f 2262//2262 2223//2223 2222//2222
f 2262//2262 2263//2263 2223//2223
f 2263//2263 2224//2224 2223//2223
f 2263//2263 2264//2264 2224//2224
f 2264//2264 2225//2225 2224//2224
f 2264//2264 2265//2265 2225//2225
f 2265//2265 2226//2226 2225//2225
f 2265//2265 2266//2266 2226//2226
f 2266//2266 2227//2227 2226//2226
f 2266//2266 2267//2267 2227//2227
f 2267//2267 2228//2228 2227//2227
f 2267//2267 2268//2268 2228//2228
f 2268//2268 2229//2229 2228//2228
f 2268//2268 2269//2269 2229//2229
f 2269//2269 2230//2230 2229//2229
f 2269//2269 2270//2270 2230//2230
f 2270//2270 2231//2231 2230//2230
f 2270//2270 2271//2271 2231//2231
f 2271//2271 2232//2232 2231//2231
f 2271//2271 2272//2272 2232//2232
f 2272//2272 2233//2233 2232//2232
f 2272//2272 2273//2273 2233//2233
f 2273//2273 2234//2234 2233//2233
f 2273//2273 2274//2274 2234//2234
f 2274//2274 2235//2235 2234//2234
f 2274//2274 2275//2275 2235//2235
f 2275//2275 2236//2236 2235//2235
f 2275//2275 2276//2276 2236//2236
f 2276//2276 2237//2237 2236//2236
f 2276//2276 2277//2277 2237//2237
f 2277//2277 2238//2238 2237//2237
f 2277//2277 2278//2278 2238//2238
f 2278//2278 2239//2239 2238//2238
f 2278//2278 2279//2279 2239//2239
f 2279//2279 2240//2240 2239//2239
f 2279//2279 2280//2280 2240//2240
f 2280//2280 2241//2241 2240//2240
f 2280//2280 2281//2281 2241//2241
f 2281//2281 2242//2242 2241//2241
f 2281//2281 2282//2282 2242//2242
f 2282//2282 2243//2243 2242//2242
f 2282//2282 2283//2283 2243//2243
f 2283//2283 2244//2244 2243//2243
f 2283//2283 2284//2284 2244//2244
f 2284//2284 2245//2245 2244//2244
f 2284//2284 2285//2285 2245//2245
f 2285//2285 2246//2246 2245//2245
f 2285//2285 2286//2286 2246//2246
f 2286//2286 2207//2207 2246//2246
f 2286//2286 2247//2247 2207//2207
