# Created by Open3D 
# object name: temp_object_603752468
# number of vertices: 1260
# number of triangles: 2460
v 0.127524 -9.42787e-09 0.0193571 0.8 0.8 0.8
vn -0.212203 0.00458427 0.977215
v 0.125108 0.0327506 0.0193571 0.8 0.8 0.8
vn -0.213818 -0.0289518 0.976445
v 0.117924 0.0585401 0.0193571 0.8 0.8 0.8
vn -0.196189 -0.0706919 0.978015
v 0.106152 0.0805102 0.0193571 0.8 0.8 0.8
vn -0.171879 -0.110895 0.978856
v 0.0900682 0.0986292 0.0193571 0.8 0.8 0.8
vn -0.139879 -0.14697 0.9792
v 0.0699925 0.112596 0.0193571 0.8 0.8 0.8
vn -0.102033 -0.176288 0.979036
v 0.0461502 0.122104 0.0193571 0.8 0.8 0.8
vn -0.0608355 -0.196445 0.978626
v 0.0180611 0.126919 0.0193571 0.8 0.8 0.8
vn -0.0205589 -0.204274 0.978698
v -0.0180611 0.126919 0.0193571 0.8 0.8 0.8
vn 0.011132 -0.217633 0.975967
v -0.0461502 0.122104 0.0193571 0.8 0.8 0.8
vn 0.0499839 -0.205273 0.977428
v -0.0699924 0.112596 0.0193571 0.8 0.8 0.8
vn 0.0911271 -0.185071 0.978491
v -0.0900682 0.0986292 0.0193571 0.8 0.8 0.8
vn 0.129624 -0.156746 0.979096
v -0.106152 0.0805102 0.0193571 0.8 0.8 0.8
vn 0.162622 -0.121541 0.979174
v -0.117924 0.0585401 0.0193571 0.8 0.8 0.8
vn 0.187683 -0.0816875 0.978827
v -0.125108 0.0327506 0.0193571 0.8 0.8 0.8
vn 0.201093 -0.0391365 0.97879
v -0.127524 -6.60895e-09 0.0193571 0.8 0.8 0.8
vn 0.212203 -0.00458427 0.977215
v -0.125108 -0.0327506 0.0193571 0.8 0.8 0.8
vn 0.213818 0.0289518 0.976445
v -0.117924 -0.0585402 0.0193571 0.8 0.8 0.8
vn 0.196189 0.0706919 0.978015
v -0.106152 -0.0805102 0.0193571 0.8 0.8 0.8
vn 0.171879 0.110895 0.978856
v -0.0900682 -0.0986292 0.0193571 0.8 0.8 0.8
vn 0.139879 0.14697 0.9792
v -0.0699924 -0.112596 0.0193571 0.8 0.8 0.8
vn 0.102033 0.176288 0.979036
v -0.0461502 -0.122104 0.0193571 0.8 0.8 0.8
vn 0.0608355 0.196445 0.978626
v -0.0180611 -0.126919 0.0193571 0.8 0.8 0.8
vn 0.0205589 0.204274 0.978698
v 0.0180611 -0.126919 0.0193571 0.8 0.8 0.8
vn -0.011132 0.217633 0.975967
v 0.0461502 -0.122104 0.0193571 0.8 0.8 0.8
vn -0.0499839 0.205273 0.977428
v 0.0699925 -0.112596 0.0193571 0.8 0.8 0.8
vn -0.0911271 0.185071 0.978491
v 0.0900682 -0.0986292 0.0193571 0.8 0.8 0.8
vn -0.129624 0.156746 0.979096
v 0.106152 -0.0805102 0.0193571 0.8 0.8 0.8
vn -0.162622 0.121541 0.979174
v 0.117924 -0.0585402 0.0193571 0.8 0.8 0.8
vn -0.187683 0.0816875 0.978827
v 0.125108 -0.0327506 0.0193571 0.8 0.8 0.8
vn -0.201093 0.0391365 0.97879
v 0.105655 -9.18616e-09 0.0114082 0.8 0.8 0.8
vn -0.332679 -0.00335398 0.943034
v 0.103654 0.0271342 0.0114082 0.8 0.8 0.8
vn -0.324037 -0.0576815 0.944284
v 0.0977016 0.0485012 0.0114082 0.8 0.8 0.8
vn -0.299219 -0.124047 0.946087
v 0.0879483 0.0667036 0.0114082 0.8 0.8 0.8
vn -0.259797 -0.186793 0.947425
v 0.0746226 0.0817154 0.0114082 0.8 0.8 0.8
vn -0.20804 -0.242276 0.94764
v 0.0579896 0.0932873 0.0114082 0.8 0.8 0.8
vn -0.147491 -0.286617 0.946624
v 0.038236 0.101164 0.0114082 0.8 0.8 0.8
vn -0.0826069 -0.317067 0.944799
v 0.0149639 0.105154 0.0114082 0.8 0.8 0.8
vn -0.0211175 -0.331772 0.943123
v -0.0149638 0.105154 0.0114082 0.8 0.8 0.8
vn 0.0286096 -0.329892 0.943585
v -0.038236 0.101164 0.0114082 0.8 0.8 0.8
vn 0.0913593 -0.313511 0.945179
v -0.0579895 0.0932873 0.0114082 0.8 0.8 0.8
vn 0.156051 -0.281228 0.946868
v -0.0746225 0.0817154 0.0114082 0.8 0.8 0.8
vn 0.215708 -0.235264 0.947693
v -0.0879482 0.0667036 0.0114082 0.8 0.8 0.8
vn 0.266042 -0.178603 0.947271
v -0.0977015 0.0485012 0.0114082 0.8 0.8 0.8
vn 0.303695 -0.11529 0.945768
v -0.103654 0.0271342 0.0114082 0.8 0.8 0.8
vn 0.326903 -0.0491666 0.943778
v -0.105655 -6.85066e-09 0.0114082 0.8 0.8 0.8
vn 0.332679 0.00335398 0.943034
v -0.103654 -0.0271342 0.0114082 0.8 0.8 0.8
vn 0.324037 0.0576815 0.944284
v -0.0977015 -0.0485012 0.0114082 0.8 0.8 0.8
vn 0.299219 0.124047 0.946087
v -0.0879482 -0.0667036 0.0114082 0.8 0.8 0.8
vn 0.259797 0.186793 0.947425
v -0.0746225 -0.0817154 0.0114082 0.8 0.8 0.8
vn 0.20804 0.242276 0.94764
v -0.0579895 -0.0932873 0.0114082 0.8 0.8 0.8
vn 0.147491 0.286617 0.946624
v -0.038236 -0.101164 0.0114082 0.8 0.8 0.8
vn 0.0826069 0.317067 0.944799
v -0.0149638 -0.105154 0.0114082 0.8 0.8 0.8
vn 0.0211175 0.331772 0.943123
v 0.0149639 -0.105154 0.0114082 0.8 0.8 0.8
vn -0.0286096 0.329892 0.943585
v 0.038236 -0.101164 0.0114082 0.8 0.8 0.8
vn -0.0913593 0.313511 0.945179
v 0.0579896 -0.0932873 0.0114082 0.8 0.8 0.8
vn -0.156051 0.281228 0.946868
v 0.0746226 -0.0817154 0.0114082 0.8 0.8 0.8
vn -0.215708 0.235264 0.947693
v 0.0879483 -0.0667036 0.0114082 0.8 0.8 0.8
vn -0.266042 0.178603 0.947271
v 0.0977016 -0.0485012 0.0114082 0.8 0.8 0.8
vn -0.303695 0.11529 0.945768
v 0.103654 -0.0271342 0.0114082 0.8 0.8 0.8
vn -0.326903 0.0491666 0.943778
v 0.091094 -9.02523e-09 0.0065339 0.8 0.8 0.8
vn -0.301494 -0.0028657 0.953464
v 0.0893686 0.0233947 0.0065339 0.8 0.8 0.8
vn -0.293366 -0.0519827 0.954586
v 0.0842368 0.041817 0.0065339 0.8 0.8 0.8
vn -0.271051 -0.112093 0.956016
v 0.0758277 0.0575109 0.0065339 0.8 0.8 0.8
vn -0.235386 -0.168912 0.957111
v 0.0643385 0.0704538 0.0065339 0.8 0.8 0.8
vn -0.188579 -0.2192 0.957282
v 0.0499977 0.0804309 0.0065339 0.8 0.8 0.8
vn -0.13382 -0.259483 0.956431
v 0.0329665 0.0872223 0.0065339 0.8 0.8 0.8
vn -0.0750981 -0.287293 0.954894
v 0.0129016 0.0906619 0.0065339 0.8 0.8 0.8
vn -0.0193502 -0.300987 0.953432
v -0.0129016 0.0906619 0.0065339 0.8 0.8 0.8
vn 0.0256933 -0.298614 0.954028
v -0.0329665 0.0872223 0.0065339 0.8 0.8 0.8
vn 0.0824936 -0.283967 0.955279
v -0.0499977 0.0804309 0.0065339 0.8 0.8 0.8
vn 0.141071 -0.254774 0.956655
v -0.0643384 0.0704538 0.0065339 0.8 0.8 0.8
vn 0.19511 -0.213197 0.957329
v -0.0758277 0.0575109 0.0065339 0.8 0.8 0.8
vn 0.240774 -0.16196 0.956973
v -0.0842368 0.041817 0.0065339 0.8 0.8 0.8
vn 0.275051 -0.104685 0.955713
v -0.0893686 0.0233947 0.0065339 0.8 0.8 0.8
vn 0.296446 -0.0448125 0.953998
v -0.091094 -7.01159e-09 0.0065339 0.8 0.8 0.8
vn 0.301494 0.0028657 0.953464
v -0.0893686 -0.0233947 0.0065339 0.8 0.8 0.8
vn 0.293366 0.0519827 0.954586
v -0.0842368 -0.041817 0.0065339 0.8 0.8 0.8
vn 0.271051 0.112093 0.956016
v -0.0758277 -0.0575109 0.0065339 0.8 0.8 0.8
vn 0.235386 0.168912 0.957111
v -0.0643384 -0.0704538 0.0065339 0.8 0.8 0.8
vn 0.188579 0.2192 0.957282
v -0.0499977 -0.0804309 0.0065339 0.8 0.8 0.8
vn 0.13382 0.259483 0.956431
v -0.0329665 -0.0872223 0.0065339 0.8 0.8 0.8
vn 0.0750981 0.287293 0.954894
v -0.0129016 -0.0906619 0.0065339 0.8 0.8 0.8
vn 0.0193502 0.300987 0.953432
v 0.0129016 -0.0906619 0.0065339 0.8 0.8 0.8
vn -0.0256933 0.298614 0.954028
v 0.0329665 -0.0872223 0.0065339 0.8 0.8 0.8
vn -0.0824936 0.283967 0.955279
v 0.0499977 -0.0804309 0.0065339 0.8 0.8 0.8
vn -0.141071 0.254774 0.956655
v 0.0643385 -0.0704538 0.0065339 0.8 0.8 0.8
vn -0.19511 0.213197 0.957329
v 0.0758277 -0.0575109 0.0065339 0.8 0.8 0.8
vn -0.240774 0.16196 0.956973
v 0.0842368 -0.041817 0.0065339 0.8 0.8 0.8
vn -0.275051 0.104685 0.955713
v 0.0893686 -0.0233947 0.0065339 0.8 0.8 0.8
vn -0.296446 0.0448125 0.953998
v 0.0809603 -8.91323e-09 0.00362485 0.8 0.8 0.8
vn -0.252729 -0.00232569 0.967534
v 0.0794268 0.0207922 0.00362485 0.8 0.8 0.8
vn -0.245526 -0.0434008 0.968418
v 0.0748659 0.0371651 0.00362485 0.8 0.8 0.8
vn -0.226991 -0.0937504 0.969374
v 0.0673923 0.0511131 0.00362485 0.8 0.8 0.8
vn -0.197133 -0.141318 0.970138
v 0.0571812 0.0626162 0.00362485 0.8 0.8 0.8
vn -0.157983 -0.183455 0.97025
v 0.0444358 0.0714834 0.00362485 0.8 0.8 0.8
vn -0.112196 -0.217304 0.969635
v 0.0292992 0.0775193 0.00362485 0.8 0.8 0.8
vn -0.0630614 -0.240828 0.968517
v 0.0114664 0.0805763 0.00362485 0.8 0.8 0.8
vn -0.0163304 -0.252697 0.967408
v -0.0114663 0.0805763 0.00362485 0.8 0.8 0.8
vn 0.0214105 -0.249877 0.968041
v -0.0292991 0.0775193 0.00362485 0.8 0.8 0.8
vn 0.0689674 -0.237793 0.968864
v -0.0444357 0.0714834 0.00362485 0.8 0.8 0.8
vn 0.118009 -0.213362 0.96982
v -0.0571811 0.0626162 0.00362485 0.8 0.8 0.8
vn 0.16326 -0.17857 0.970288
v -0.0673922 0.0511131 0.00362485 0.8 0.8 0.8
vn 0.201566 -0.135726 0.970026
v -0.0748659 0.0371651 0.00362485 0.8 0.8 0.8
vn 0.23044 -0.0878247 0.969115
v -0.0794268 0.0207922 0.00362485 0.8 0.8 0.8
vn 0.248759 -0.0377039 0.967831
v -0.0809603 -7.1236e-09 0.00362485 0.8 0.8 0.8
vn 0.252729 0.00232569 0.967534
v -0.0794268 -0.0207922 0.00362485 0.8 0.8 0.8
vn 0.245526 0.0434008 0.968418
v -0.0748659 -0.0371651 0.00362485 0.8 0.8 0.8
vn 0.226991 0.0937504 0.969374
v -0.0673922 -0.0511131 0.00362485 0.8 0.8 0.8
vn 0.197133 0.141318 0.970138
v -0.0571811 -0.0626162 0.00362485 0.8 0.8 0.8
vn 0.157983 0.183455 0.97025
v -0.0444357 -0.0714834 0.00362485 0.8 0.8 0.8
vn 0.112196 0.217304 0.969635
v -0.0292991 -0.0775193 0.00362485 0.8 0.8 0.8
vn 0.0630614 0.240828 0.968517
v -0.0114663 -0.0805763 0.00362485 0.8 0.8 0.8
vn 0.0163304 0.252697 0.967408
v 0.0114664 -0.0805763 0.00362485 0.8 0.8 0.8
vn -0.0214105 0.249877 0.968041
v 0.0292992 -0.0775193 0.00362485 0.8 0.8 0.8
vn -0.0689674 0.237793 0.968864
v 0.0444358 -0.0714834 0.00362485 0.8 0.8 0.8
vn -0.118009 0.213362 0.96982
v 0.0571812 -0.0626162 0.00362485 0.8 0.8 0.8
vn -0.16326 0.17857 0.970288
v 0.0673923 -0.0511131 0.00362485 0.8 0.8 0.8
vn -0.201566 0.135726 0.970026
v 0.0748659 -0.0371651 0.00362485 0.8 0.8 0.8
vn -0.23044 0.0878247 0.969115
v 0.0794268 -0.0207922 0.00362485 0.8 0.8 0.8
vn -0.248759 0.0377039 0.967831
v 0.0734333 -8.83003e-09 0.00194041 0.8 0.8 0.8
vn -0.19108 -0.00175239 0.981573
v 0.0720424 0.0188591 0.00194041 0.8 0.8 0.8
vn -0.185264 -0.0327403 0.982143
v 0.0679055 0.0337098 0.00194041 0.8 0.8 0.8
vn -0.171405 -0.0707831 0.982655
v 0.0611267 0.046361 0.00194041 0.8 0.8 0.8
vn -0.148855 -0.106698 0.983086
v 0.0518649 0.0567947 0.00194041 0.8 0.8 0.8
vn -0.119315 -0.138539 0.983143
v 0.0403045 0.0648374 0.00194041 0.8 0.8 0.8
vn -0.0847811 -0.164186 0.982779
v 0.0265752 0.0703122 0.00194041 0.8 0.8 0.8
vn -0.0477008 -0.182134 0.982116
v 0.0104003 0.073085 0.00194041 0.8 0.8 0.8
vn -0.0123779 -0.191433 0.981428
v -0.0104003 0.073085 0.00194041 0.8 0.8 0.8
vn 0.0161456 -0.188513 0.981938
v -0.0265751 0.0703122 0.00194041 0.8 0.8 0.8
vn 0.0520667 -0.179551 0.98237
v -0.0403045 0.0648375 0.00194041 0.8 0.8 0.8
vn 0.0890986 -0.16111 0.982906
v -0.0518649 0.0567947 0.00194041 0.8 0.8 0.8
vn 0.123272 -0.134846 0.983169
v -0.0611267 0.046361 0.00194041 0.8 0.8 0.8
vn 0.152248 -0.102529 0.98301
v -0.0679055 0.0337098 0.00194041 0.8 0.8 0.8
vn 0.174183 -0.0663933 0.982473
v -0.0720423 0.0188591 0.00194041 0.8 0.8 0.8
vn 0.188351 -0.0285558 0.981687
v -0.0734332 -7.20679e-09 0.00194041 0.8 0.8 0.8
vn 0.19108 0.00175239 0.981573
v -0.0720423 -0.0188591 0.00194041 0.8 0.8 0.8
vn 0.185264 0.0327403 0.982143
v -0.0679055 -0.0337098 0.00194041 0.8 0.8 0.8
vn 0.171405 0.0707831 0.982655
v -0.0611267 -0.046361 0.00194041 0.8 0.8 0.8
vn 0.148855 0.106698 0.983086
v -0.0518649 -0.0567947 0.00194041 0.8 0.8 0.8
vn 0.119315 0.138539 0.983143
v -0.0403045 -0.0648375 0.00194041 0.8 0.8 0.8
vn 0.0847811 0.164186 0.982779
v -0.0265751 -0.0703122 0.00194041 0.8 0.8 0.8
vn 0.0477008 0.182134 0.982116
v -0.0104003 -0.073085 0.00194041 0.8 0.8 0.8
vn 0.0123779 0.191433 0.981428
v 0.0104003 -0.073085 0.00194041 0.8 0.8 0.8
vn -0.0161456 0.188513 0.981938
v 0.0265752 -0.0703122 0.00194041 0.8 0.8 0.8
vn -0.0520667 0.179551 0.98237
v 0.0403045 -0.0648375 0.00194041 0.8 0.8 0.8
vn -0.0890986 0.16111 0.982906
v 0.0518649 -0.0567947 0.00194041 0.8 0.8 0.8
vn -0.123272 0.134846 0.983169
v 0.0611267 -0.046361 0.00194041 0.8 0.8 0.8
vn -0.152248 0.102529 0.98301
v 0.0679055 -0.0337098 0.00194041 0.8 0.8 0.8
vn -0.174183 0.0663933 0.982473
v 0.0720424 -0.0188591 0.00194041 0.8 0.8 0.8
vn -0.188351 0.0285558 0.981687
v 0.0673931 -8.76328e-09 0.000997642 0.8 0.8 0.8
vn -0.12853 -0.00120496 0.991705
v 0.0661166 0.0173079 0.000997642 0.8 0.8 0.8
vn -0.124361 -0.0220132 0.991993
v 0.06232 0.030937 0.000997642 0.8 0.8 0.8
vn -0.115153 -0.0475951 0.992207
v 0.0560988 0.0425476 0.000997642 0.8 0.8 0.8
vn -0.100002 -0.0717294 0.992398
v 0.0475988 0.0521231 0.000997642 0.8 0.8 0.8
vn -0.0801614 -0.0931384 0.992421
v 0.0369893 0.0595043 0.000997642 0.8 0.8 0.8
vn -0.0569732 -0.110419 0.992251
v 0.0243892 0.0645287 0.000997642 0.8 0.8 0.8
vn -0.0320664 -0.122581 0.99194
v 0.00954486 0.0670734 0.000997642 0.8 0.8 0.8
vn -0.00831429 -0.129038 0.991605
v -0.00954482 0.0670734 0.000997642 0.8 0.8 0.8
vn 0.0108663 -0.126517 0.991905
v -0.0243892 0.0645287 0.000997642 0.8 0.8 0.8
vn 0.0350148 -0.120616 0.992082
v -0.0369892 0.0595043 0.000997642 0.8 0.8 0.8
vn 0.0599029 -0.108236 0.992319
v -0.0475988 0.0521231 0.000997642 0.8 0.8 0.8
vn 0.0828701 -0.0905906 0.992434
v -0.0560987 0.0425476 0.000997642 0.8 0.8 0.8
vn 0.102369 -0.0688904 0.992358
v -0.06232 0.030937 0.000997642 0.8 0.8 0.8
vn 0.117178 -0.044624 0.992108
v -0.0661165 0.0173079 0.000997642 0.8 0.8 0.8
vn 0.126903 -0.0192053 0.991729
v -0.067393 -7.27355e-09 0.000997642 0.8 0.8 0.8
vn 0.12853 0.00120496 0.991705
v -0.0661165 -0.0173079 0.000997642 0.8 0.8 0.8
vn 0.124361 0.0220132 0.991993
v -0.06232 -0.030937 0.000997642 0.8 0.8 0.8
vn 0.115153 0.0475951 0.992207
v -0.0560987 -0.0425476 0.000997642 0.8 0.8 0.8
vn 0.100002 0.0717294 0.992398
v -0.0475988 -0.0521231 0.000997642 0.8 0.8 0.8
vn 0.0801614 0.0931384 0.992421
v -0.0369892 -0.0595043 0.000997642 0.8 0.8 0.8
vn 0.0569732 0.110419 0.992251
v -0.0243892 -0.0645287 0.000997642 0.8 0.8 0.8
vn 0.0320664 0.122581 0.99194
v -0.00954482 -0.0670734 0.000997642 0.8 0.8 0.8
vn 0.00831429 0.129038 0.991605
v 0.00954486 -0.0670734 0.000997642 0.8 0.8 0.8
vn -0.0108663 0.126517 0.991905
v 0.0243892 -0.0645287 0.000997642 0.8 0.8 0.8
vn -0.0350148 0.120616 0.992082
v 0.0369893 -0.0595043 0.000997642 0.8 0.8 0.8
vn -0.0599029 0.108236 0.992319
v 0.0475988 -0.0521231 0.000997642 0.8 0.8 0.8
vn -0.0828701 0.0905906 0.992434
v 0.0560988 -0.0425476 0.000997642 0.8 0.8 0.8
vn -0.102369 0.0688904 0.992358
v 0.06232 -0.030937 0.000997642 0.8 0.8 0.8
vn -0.117178 0.044624 0.992108
v 0.0661166 -0.0173079 0.000997642 0.8 0.8 0.8
vn -0.126903 0.0192053 0.991729
v 0.0621711 -8.70556e-09 0.000489914 0.8 0.8 0.8
vn -0.0771888 -0.000754384 0.997016
v 0.0609935 0.0159667 0.000489914 0.8 0.8 0.8
vn -0.0745477 -0.0132377 0.99713
v 0.0574911 0.0285398 0.000489914 0.8 0.8 0.8
vn -0.0690832 -0.0286021 0.997201
v 0.0517519 0.0392508 0.000489914 0.8 0.8 0.8
vn -0.0599918 -0.043089 0.997268
v 0.0439106 0.0480843 0.000489914 0.8 0.8 0.8
vn -0.0480864 -0.0559434 0.997275
v 0.0341231 0.0548935 0.000489914 0.8 0.8 0.8
vn -0.0341737 -0.0663317 0.997212
v 0.0224994 0.0595286 0.000489914 0.8 0.8 0.8
vn -0.019228 -0.0736713 0.997097
v 0.00880527 0.0618761 0.000489914 0.8 0.8 0.8
vn -0.0049686 -0.0776441 0.996969
v -0.00880523 0.0618761 0.000489914 0.8 0.8 0.8
vn 0.00654821 -0.0758255 0.9971
v -0.0224994 0.0595286 0.000489914 0.8 0.8 0.8
vn 0.0210491 -0.0723527 0.997157
v -0.0341231 0.0548935 0.000489914 0.8 0.8 0.8
vn 0.0359901 -0.0649337 0.99724
v -0.0439105 0.0480843 0.000489914 0.8 0.8 0.8
vn 0.0497771 -0.0543443 0.997281
v -0.0517518 0.0392508 0.000489914 0.8 0.8 0.8
vn 0.0614897 -0.0413239 0.997252
v -0.057491 0.0285398 0.000489914 0.8 0.8 0.8
vn 0.0704036 -0.0267637 0.997159
v -0.0609934 0.0159667 0.000489914 0.8 0.8 0.8
vn 0.0763352 -0.0115121 0.997016
v -0.062171 -7.33127e-09 0.000489914 0.8 0.8 0.8
vn 0.0771888 0.000754384 0.997016
v -0.0609934 -0.0159668 0.000489914 0.8 0.8 0.8
vn 0.0745477 0.0132377 0.99713
v -0.057491 -0.0285398 0.000489914 0.8 0.8 0.8
vn 0.0690832 0.0286021 0.997201
v -0.0517518 -0.0392508 0.000489914 0.8 0.8 0.8
vn 0.0599918 0.043089 0.997268
v -0.0439105 -0.0480843 0.000489914 0.8 0.8 0.8
vn 0.0480864 0.0559434 0.997275
v -0.0341231 -0.0548935 0.000489914 0.8 0.8 0.8
vn 0.0341737 0.0663317 0.997212
v -0.0224994 -0.0595286 0.000489914 0.8 0.8 0.8
vn 0.019228 0.0736713 0.997097
v -0.00880523 -0.0618762 0.000489914 0.8 0.8 0.8
vn 0.0049686 0.0776441 0.996969
v 0.00880527 -0.0618762 0.000489914 0.8 0.8 0.8
vn -0.00654821 0.0758255 0.9971
v 0.0224994 -0.0595286 0.000489914 0.8 0.8 0.8
vn -0.0210491 0.0723527 0.997157
v 0.0341231 -0.0548935 0.000489914 0.8 0.8 0.8
vn -0.0359901 0.0649337 0.99724
v 0.0439106 -0.0480843 0.000489914 0.8 0.8 0.8
vn -0.0497771 0.0543443 0.997281
v 0.0517519 -0.0392508 0.000489914 0.8 0.8 0.8
vn -0.0614897 0.0413239 0.997252
v 0.0574911 -0.0285398 0.000489914 0.8 0.8 0.8
vn -0.0704036 0.0267637 0.997159
v 0.0609935 -0.0159668 0.000489914 0.8 0.8 0.8
vn -0.0763352 0.0115121 0.997016
v 0.0573813 -8.65262e-09 0.000228231 0.8 0.8 0.8
vn -0.0419725 -0.000433763 0.999119
v 0.0562944 0.0147366 0.000228231 0.8 0.8 0.8
vn -0.0404721 -0.00721888 0.999155
v 0.0530619 0.0263411 0.000228231 0.8 0.8 0.8
vn -0.0375306 -0.0155759 0.999174
v 0.0477648 0.0362268 0.000228231 0.8 0.8 0.8
vn -0.0325895 -0.0234517 0.999194
v 0.0405276 0.0443798 0.000228231 0.8 0.8 0.8
vn -0.0261171 -0.0304402 0.999195
v 0.0314942 0.0506644 0.000228231 0.8 0.8 0.8
vn -0.0185543 -0.0360909 0.999176
v 0.020766 0.0549424 0.000228231 0.8 0.8 0.8
vn -0.0104304 -0.0400929 0.999142
v 0.0081269 0.0571091 0.000228231 0.8 0.8 0.8
vn -0.00268002 -0.0422908 0.999102
v -0.00812686 0.0571091 0.000228231 0.8 0.8 0.8
vn 0.00358185 -0.0411596 0.999146
v -0.020766 0.0549424 0.000228231 0.8 0.8 0.8
vn 0.0114689 -0.0393035 0.999161
v -0.0314942 0.0506644 0.000228231 0.8 0.8 0.8
vn 0.0195925 -0.035276 0.999186
v -0.0405276 0.0443798 0.000228231 0.8 0.8 0.8
vn 0.0270876 -0.0295192 0.999197
v -0.0477648 0.0362268 0.000228231 0.8 0.8 0.8
vn 0.0334564 -0.022441 0.999188
v -0.0530618 0.0263411 0.000228231 0.8 0.8 0.8
vn 0.0383085 -0.0145264 0.99916
v -0.0562944 0.0147366 0.000228231 0.8 0.8 0.8
vn 0.0415695 -0.00623817 0.999116
v -0.0573813 -7.3842e-09 0.000228231 0.8 0.8 0.8
vn 0.0419725 0.000433763 0.999119
v -0.0562944 -0.0147367 0.000228231 0.8 0.8 0.8
vn 0.0404721 0.00721888 0.999155
v -0.0530618 -0.0263411 0.000228231 0.8 0.8 0.8
vn 0.0375306 0.0155759 0.999174
v -0.0477648 -0.0362268 0.000228231 0.8 0.8 0.8
vn 0.0325895 0.0234517 0.999194
v -0.0405276 -0.0443798 0.000228231 0.8 0.8 0.8
vn 0.0261171 0.0304402 0.999195
v -0.0314942 -0.0506645 0.000228231 0.8 0.8 0.8
vn 0.0185543 0.0360909 0.999176
v -0.020766 -0.0549424 0.000228231 0.8 0.8 0.8
vn 0.0104304 0.0400929 0.999142
v -0.00812686 -0.0571091 0.000228231 0.8 0.8 0.8
vn 0.00268002 0.0422908 0.999102
v 0.0081269 -0.0571091 0.000228231 0.8 0.8 0.8
vn -0.00358185 0.0411596 0.999146
v 0.020766 -0.0549424 0.000228231 0.8 0.8 0.8
vn -0.0114689 0.0393035 0.999161
v 0.0314942 -0.0506645 0.000228231 0.8 0.8 0.8
vn -0.0195925 0.035276 0.999186
v 0.0405276 -0.0443798 0.000228231 0.8 0.8 0.8
vn -0.0270876 0.0295192 0.999197
v 0.0477648 -0.0362268 0.000228231 0.8 0.8 0.8
vn -0.0334564 0.022441 0.999188
v 0.0530619 -0.0263411 0.000228231 0.8 0.8 0.8
vn -0.0383085 0.0145264 0.99916
v 0.0562944 -0.0147367 0.000228231 0.8 0.8 0.8
vn -0.0415695 0.00623817 0.999116
v 0.0528095 -8.60209e-09 0.000100019 0.8 0.8 0.8
vn -0.0209412 -0.000231246 0.999781
v 0.0518093 0.0135625 0.000100019 0.8 0.8 0.8
vn -0.0201638 -0.00361678 0.99979
v 0.0488343 0.0242424 0.000100019 0.8 0.8 0.8
vn -0.0187084 -0.00778782 0.999795
v 0.0439592 0.0333405 0.000100019 0.8 0.8 0.8
vn -0.0162432 -0.0117168 0.999799
v 0.0372987 0.0408439 0.000100019 0.8 0.8 0.8
vn -0.0130134 -0.0152025 0.9998
v 0.028985 0.0466278 0.000100019 0.8 0.8 0.8
vn -0.00923986 -0.0180214 0.999795
v 0.0191115 0.050565 0.000100019 0.8 0.8 0.8
vn -0.00518735 -0.0200208 0.999786
v 0.0074794 0.052559 0.000100019 0.8 0.8 0.8
vn -0.0013226 -0.0211313 0.999776
v -0.00747936 0.052559 0.000100019 0.8 0.8 0.8
vn 0.00180157 -0.0205041 0.999788
v -0.0191115 0.050565 0.000100019 0.8 0.8 0.8
vn 0.00573851 -0.0195912 0.999792
v -0.0289849 0.0466278 0.000100019 0.8 0.8 0.8
vn 0.00979169 -0.0175838 0.999797
v -0.0372986 0.0408439 0.000100019 0.8 0.8 0.8
vn 0.0135303 -0.0147111 0.9998
v -0.0439592 0.0333405 0.000100019 0.8 0.8 0.8
vn 0.016707 -0.0111791 0.999798
v -0.0488342 0.0242424 0.000100019 0.8 0.8 0.8
vn 0.0191284 -0.00723046 0.999791
v -0.0518092 0.0135625 0.000100019 0.8 0.8 0.8
vn 0.0207684 -0.00309718 0.99978
v -0.0528095 -7.43473e-09 0.000100019 0.8 0.8 0.8
vn 0.0209412 0.000231246 0.999781
v -0.0518092 -0.0135625 0.000100019 0.8 0.8 0.8
vn 0.0201638 0.00361678 0.99979
v -0.0488342 -0.0242424 0.000100019 0.8 0.8 0.8
vn 0.0187084 0.00778782 0.999795
v -0.0439592 -0.0333405 0.000100019 0.8 0.8 0.8
vn 0.0162432 0.0117168 0.999799
v -0.0372986 -0.0408439 0.000100019 0.8 0.8 0.8
vn 0.0130134 0.0152025 0.9998
v -0.0289849 -0.0466278 0.000100019 0.8 0.8 0.8
vn 0.00923986 0.0180214 0.999795
v -0.0191115 -0.050565 0.000100019 0.8 0.8 0.8
vn 0.00518735 0.0200208 0.999786
v -0.00747936 -0.052559 0.000100019 0.8 0.8 0.8
vn 0.0013226 0.0211313 0.999776
v 0.0074794 -0.052559 0.000100019 0.8 0.8 0.8
vn -0.00180157 0.0205041 0.999788
v 0.0191115 -0.050565 0.000100019 0.8 0.8 0.8
vn -0.00573851 0.0195912 0.999792
v 0.028985 -0.0466278 0.000100019 0.8 0.8 0.8
vn -0.00979169 0.0175838 0.999797
v 0.0372987 -0.0408439 0.000100019 0.8 0.8 0.8
vn -0.0135303 0.0147111 0.9998
v 0.0439592 -0.0333405 0.000100019 0.8 0.8 0.8
vn -0.016707 0.0111791 0.999798
v 0.0488343 -0.0242424 0.000100019 0.8 0.8 0.8
vn -0.0191284 0.00723046 0.999791
v 0.0518093 -0.0135625 0.000100019 0.8 0.8 0.8
vn -0.0207684 0.00309718 0.99978
v 0.0483419 -8.55271e-09 4.0799e-05 0.8 0.8 0.8
vn -0.00964725 -0.000114771 0.999953
v 0.0474263 0.0124151 4.0799e-05 0.8 0.8 0.8
vn -0.00927604 -0.0016751 0.999956
v 0.0447029 0.0221915 4.0799e-05 0.8 0.8 0.8
vn -0.00861047 -0.00359738 0.999956
v 0.0402404 0.0305199 4.0799e-05 0.8 0.8 0.8
vn -0.00747443 -0.00540708 0.999957
v 0.0341432 0.0373885 4.0799e-05 0.8 0.8 0.8
vn -0.0059858 -0.00701224 0.999957
v 0.0265329 0.0426832 4.0799e-05 0.8 0.8 0.8
vn -0.00424696 -0.00831017 0.999956
v 0.0174947 0.0462872 4.0799e-05 0.8 0.8 0.8
vn -0.00238017 -0.00923183 0.999955
v 0.00684666 0.0481126 4.0799e-05 0.8 0.8 0.8
vn -0.000601001 -0.00974866 0.999952
v -0.00684662 0.0481126 4.0799e-05 0.8 0.8 0.8
vn 0.00083831 -0.00943193 0.999955
v -0.0174947 0.0462872 4.0799e-05 0.8 0.8 0.8
vn 0.00265317 -0.0090166 0.999956
v -0.0265328 0.0426832 4.0799e-05 0.8 0.8 0.8
vn 0.00452045 -0.0080923 0.999957
v -0.0341432 0.0373885 4.0799e-05 0.8 0.8 0.8
vn 0.00624225 -0.00676822 0.999958
v -0.0402403 0.0305199 4.0799e-05 0.8 0.8 0.8
vn 0.00770497 -0.00514049 0.999957
v -0.0447029 0.0221915 4.0799e-05 0.8 0.8 0.8
vn 0.0088201 -0.00332123 0.999956
v -0.0474262 0.0124151 4.0799e-05 0.8 0.8 0.8
vn 0.00958057 -0.00141795 0.999953
v -0.0483419 -7.48411e-09 4.0799e-05 0.8 0.8 0.8
vn 0.00964725 0.000114771 0.999953
v -0.0474262 -0.0124152 4.0799e-05 0.8 0.8 0.8
vn 0.00927604 0.0016751 0.999956
v -0.0447029 -0.0221915 4.0799e-05 0.8 0.8 0.8
vn 0.00861047 0.00359738 0.999956
v -0.0402403 -0.03052 4.0799e-05 0.8 0.8 0.8
vn 0.00747443 0.00540708 0.999957
v -0.0341432 -0.0373886 4.0799e-05 0.8 0.8 0.8
vn 0.0059858 0.00701224 0.999957
v -0.0265328 -0.0426832 4.0799e-05 0.8 0.8 0.8
vn 0.00424696 0.00831017 0.999956
v -0.0174947 -0.0462873 4.0799e-05 0.8 0.8 0.8
vn 0.00238017 0.00923183 0.999955
v -0.00684662 -0.0481126 4.0799e-05 0.8 0.8 0.8
vn 0.000601001 0.00974866 0.999952
v 0.00684666 -0.0481126 4.0799e-05 0.8 0.8 0.8
vn -0.00083831 0.00943193 0.999955
v 0.0174947 -0.0462873 4.0799e-05 0.8 0.8 0.8
vn -0.00265317 0.0090166 0.999956
v 0.0265329 -0.0426832 4.0799e-05 0.8 0.8 0.8
vn -0.00452045 0.0080923 0.999957
v 0.0341432 -0.0373886 4.0799e-05 0.8 0.8 0.8
vn -0.00624225 0.00676822 0.999958
v 0.0402404 -0.03052 4.0799e-05 0.8 0.8 0.8
vn -0.00770497 0.00514049 0.999957
v 0.0447029 -0.0221915 4.0799e-05 0.8 0.8 0.8
vn -0.0088201 0.00332123 0.999956
v 0.0474263 -0.0124152 4.0799e-05 0.8 0.8 0.8
vn -0.00958057 0.00141795 0.999953
v 0.043921 -8.50385e-09 1.5284e-05 0.8 0.8 0.8
vn -0.00409672 -5.28861e-05 0.999992
v 0.0430891 0.0112798 1.5284e-05 0.8 0.8 0.8
vn -0.0039332 -0.000715949 0.999992
v 0.0406148 0.0201621 1.5284e-05 0.8 0.8 0.8
vn -0.00365256 -0.00153259 0.999992
v 0.0365604 0.0277289 1.5284e-05 0.8 0.8 0.8
vn -0.00316982 -0.00230092 0.999992
v 0.0310208 0.0339693 1.5284e-05 0.8 0.8 0.8
vn -0.00253725 -0.00298217 0.999992
v 0.0241064 0.0387798 1.5284e-05 0.8 0.8 0.8
vn -0.00179857 -0.00353291 0.999992
v 0.0158948 0.0420543 1.5284e-05 0.8 0.8 0.8
vn -0.00100587 -0.00392435 0.999992
v 0.00622053 0.0437127 1.5284e-05 0.8 0.8 0.8
vn -0.000250987 -0.00414591 0.999991
v -0.00622049 0.0437127 1.5284e-05 0.8 0.8 0.8
vn 0.000360273 -0.00399909 0.999992
v -0.0158948 0.0420543 1.5284e-05 0.8 0.8 0.8
vn 0.00113158 -0.00382486 0.999992
v -0.0241064 0.0387798 1.5284e-05 0.8 0.8 0.8
vn 0.00192453 -0.0034324 0.999992
v -0.0310208 0.0339693 1.5284e-05 0.8 0.8 0.8
vn 0.0026554 -0.00286971 0.999992
v -0.0365603 0.0277289 1.5284e-05 0.8 0.8 0.8
vn 0.00327612 -0.00217812 0.999992
v -0.0406148 0.0201621 1.5284e-05 0.8 0.8 0.8
vn 0.00374934 -0.00140542 0.999992
v -0.0430891 0.0112798 1.5284e-05 0.8 0.8 0.8
vn 0.00407424 -0.000597568 0.999992
v -0.043921 -7.53297e-09 1.5284e-05 0.8 0.8 0.8
vn 0.00409672 5.28861e-05 0.999992
v -0.0430891 -0.0112798 1.5284e-05 0.8 0.8 0.8
vn 0.0039332 0.000715949 0.999992
v -0.0406148 -0.0201621 1.5284e-05 0.8 0.8 0.8
vn 0.00365256 0.00153259 0.999992
v -0.0365603 -0.0277289 1.5284e-05 0.8 0.8 0.8
vn 0.00316982 0.00230092 0.999992
v -0.0310208 -0.0339694 1.5284e-05 0.8 0.8 0.8
vn 0.00253725 0.00298217 0.999992
v -0.0241064 -0.0387798 1.5284e-05 0.8 0.8 0.8
vn 0.00179857 0.00353291 0.999992
v -0.0158948 -0.0420543 1.5284e-05 0.8 0.8 0.8
vn 0.00100587 0.00392435 0.999992
v -0.00622049 -0.0437127 1.5284e-05 0.8 0.8 0.8
vn 0.000250987 0.00414591 0.999991
v 0.00622053 -0.0437127 1.5284e-05 0.8 0.8 0.8
vn -0.000360273 0.00399909 0.999992
v 0.0158948 -0.0420543 1.5284e-05 0.8 0.8 0.8
vn -0.00113158 0.00382486 0.999992
v 0.0241064 -0.0387798 1.5284e-05 0.8 0.8 0.8
vn -0.00192453 0.0034324 0.999992
v 0.0310208 -0.0339694 1.5284e-05 0.8 0.8 0.8
vn -0.0026554 0.00286971 0.999992
v 0.0365604 -0.0277289 1.5284e-05 0.8 0.8 0.8
vn -0.00327612 0.00217812 0.999992
v 0.0406148 -0.0201621 1.5284e-05 0.8 0.8 0.8
vn -0.00374934 0.00140542 0.999992
v 0.0430891 -0.0112798 1.5284e-05 0.8 0.8 0.8
vn -0.00407424 0.000597568 0.999992
v 0.0395196 -8.4552e-09 5.16889e-06 0.8 0.8 0.8
vn -0.00158932 -2.24185e-05 0.999999
v 0.038771 0.0101494 5.16889e-06 0.8 0.8 0.8
vn -0.00152333 -0.000279894 0.999999
v 0.0365447 0.0181416 5.16889e-06 0.8 0.8 0.8
vn -0.00141526 -0.000596859 0.999999
v 0.0328966 0.0249501 5.16889e-06 0.8 0.8 0.8
vn -0.00122782 -0.000894851 0.999999
v 0.0279121 0.0305652 5.16889e-06 0.8 0.8 0.8
vn -0.000982199 -0.00115895 0.999999
v 0.0216907 0.0348936 5.16889e-06 0.8 0.8 0.8
vn -0.000695491 -0.0013724 0.999999
v 0.014302 0.0378399 5.16889e-06 0.8 0.8 0.8
vn -0.000387972 -0.00152423 0.999999
v 0.00559715 0.0393321 5.16889e-06 0.8 0.8 0.8
vn -9.54217e-05 -0.00161102 0.999999
v -0.00559712 0.0393321 5.16889e-06 0.8 0.8 0.8
vn 0.000141748 -0.00154878 0.999999
v -0.0143019 0.0378399 5.16889e-06 0.8 0.8 0.8
vn 0.000441261 -0.00148206 0.999999
v -0.0216906 0.0348936 5.16889e-06 0.8 0.8 0.8
vn 0.000748888 -0.00132979 0.999999
v -0.0279121 0.0305652 5.16889e-06 0.8 0.8 0.8
vn 0.00103229 -0.00111128 0.999999
v -0.0328965 0.0249501 5.16889e-06 0.8 0.8 0.8
vn 0.00127288 -0.000842793 0.999999
v -0.0365447 0.0181416 5.16889e-06 0.8 0.8 0.8
vn 0.00145629 -0.00054295 0.999999
v -0.038771 0.0101494 5.16889e-06 0.8 0.8 0.8
vn 0.00158312 -0.000229712 0.999999
v -0.0395195 -7.58162e-09 5.16889e-06 0.8 0.8 0.8
vn 0.00158932 2.24185e-05 0.999999
v -0.038771 -0.0101494 5.16889e-06 0.8 0.8 0.8
vn 0.00152333 0.000279894 0.999999
v -0.0365447 -0.0181416 5.16889e-06 0.8 0.8 0.8
vn 0.00141526 0.000596859 0.999999
v -0.0328965 -0.0249501 5.16889e-06 0.8 0.8 0.8
vn 0.00122782 0.000894851 0.999999
v -0.0279121 -0.0305652 5.16889e-06 0.8 0.8 0.8
vn 0.000982199 0.00115895 0.999999
v -0.0216906 -0.0348936 5.16889e-06 0.8 0.8 0.8
vn 0.000695491 0.0013724 0.999999
v -0.0143019 -0.0378399 5.16889e-06 0.8 0.8 0.8
vn 0.000387972 0.00152423 0.999999
v -0.00559712 -0.0393321 5.16889e-06 0.8 0.8 0.8
vn 9.54217e-05 0.00161102 0.999999
v 0.00559715 -0.0393321 5.16889e-06 0.8 0.8 0.8
vn -0.000141748 0.00154878 0.999999
v 0.014302 -0.0378399 5.16889e-06 0.8 0.8 0.8
vn -0.000441261 0.00148206 0.999999
v 0.0216907 -0.0348936 5.16889e-06 0.8 0.8 0.8
vn -0.000748888 0.00132979 0.999999
v 0.0279121 -0.0305652 5.16889e-06 0.8 0.8 0.8
vn -0.00103229 0.00111128 0.999999
v 0.0328966 -0.0249501 5.16889e-06 0.8 0.8 0.8
vn -0.00127288 0.000842793 0.999999
v 0.0365447 -0.0181416 5.16889e-06 0.8 0.8 0.8
vn -0.00145629 0.00054295 0.999999
v 0.038771 -0.0101494 5.16889e-06 0.8 0.8 0.8
vn -0.00158312 0.000229712 0.999999
v 0.0351256 -8.40664e-09 1.5455e-06 0.8 0.8 0.8
vn -0.000554415 -8.60595e-06 1
v 0.0344602 0.00902092 1.5455e-06 0.8 0.8 0.8
vn -0.000530372 -9.85294e-05 1
v 0.0324814 0.0161245 1.5455e-06 0.8 0.8 0.8
vn -0.000492986 -0.000209157 1
v 0.0292389 0.022176 1.5455e-06 0.8 0.8 0.8
vn -0.000427522 -0.000313072 1
v 0.0248087 0.0271667 1.5455e-06 0.8 0.8 0.8
vn -0.00034175 -0.000405121 1
v 0.019279 0.0310139 1.5455e-06 0.8 0.8 0.8
vn -0.000241676 -0.000479484 1
v 0.0127118 0.0336326 1.5455e-06 0.8 0.8 0.8
vn -0.000134405 -0.000532431 1
v 0.00497483 0.0349589 1.5455e-06 0.8 0.8 0.8
vn -3.24798e-05 -0.000563025 1
v -0.00497479 0.0349589 1.5455e-06 0.8 0.8 0.8
vn 5.02697e-05 -0.000539214 1
v -0.0127117 0.0336326 1.5455e-06 0.8 0.8 0.8
vn 0.00015487 -0.00051627 1
v -0.0192789 0.0310139 1.5455e-06 0.8 0.8 0.8
vn 0.00026218 -0.000463138 1
v -0.0248087 0.0271667 1.5455e-06 0.8 0.8 0.8
vn 0.000360979 -0.000386821 1
v -0.0292389 0.022176 1.5455e-06 0.8 0.8 0.8
vn 0.000444813 -0.000293085 1
v -0.0324814 0.0161245 1.5455e-06 0.8 0.8 0.8
vn 0.000508718 -0.000188456 1
v -0.0344602 0.00902092 1.5455e-06 0.8 0.8 0.8
vn 0.000553257 -7.92548e-05 1
v -0.0351255 -7.63019e-09 1.5455e-06 0.8 0.8 0.8
vn 0.000554415 8.60595e-06 1
v -0.0344602 -0.00902094 1.5455e-06 0.8 0.8 0.8
vn 0.000530372 9.85294e-05 1
v -0.0324814 -0.0161245 1.5455e-06 0.8 0.8 0.8
vn 0.000492986 0.000209157 1
v -0.0292389 -0.022176 1.5455e-06 0.8 0.8 0.8
vn 0.000427522 0.000313072 1
v -0.0248087 -0.0271668 1.5455e-06 0.8 0.8 0.8
vn 0.00034175 0.000405121 1
v -0.0192789 -0.0310139 1.5455e-06 0.8 0.8 0.8
vn 0.000241676 0.000479484 1
v -0.0127117 -0.0336326 1.5455e-06 0.8 0.8 0.8
vn 0.000134405 0.000532431 1
v -0.00497479 -0.0349589 1.5455e-06 0.8 0.8 0.8
vn 3.24798e-05 0.000563025 1
v 0.00497483 -0.0349589 1.5455e-06 0.8 0.8 0.8
vn -5.02697e-05 0.000539214 1
v 0.0127118 -0.0336326 1.5455e-06 0.8 0.8 0.8
vn -0.00015487 0.00051627 1
v 0.019279 -0.0310139 1.5455e-06 0.8 0.8 0.8
vn -0.00026218 0.000463138 1
v 0.0248087 -0.0271668 1.5455e-06 0.8 0.8 0.8
vn -0.000360979 0.000386821 1
v 0.0292389 -0.022176 1.5455e-06 0.8 0.8 0.8
vn -0.000444813 0.000293085 1
v 0.0324814 -0.0161245 1.5455e-06 0.8 0.8 0.8
vn -0.000508718 0.000188456 1
v 0.0344602 -0.00902094 1.5455e-06 0.8 0.8 0.8
vn -0.000553257 7.92548e-05 1
v 0.030734 -8.3581e-09 4.01338e-07 0.8 0.8 0.8
vn -0.000169837 -2.92254e-06 1
v 0.0301519 0.00789309 4.01338e-07 0.8 0.8 0.8
vn -0.000162108 -3.051e-05 1
v 0.0284205 0.0141085 4.01338e-07 0.8 0.8 0.8
vn -0.000150762 -6.44196e-05 1
v 0.0255834 0.0194035 4.01338e-07 0.8 0.8 0.8
vn -0.000130679 -9.62389e-05 1
v 0.021707 0.0237703 4.01338e-07 0.8 0.8 0.8
vn -0.00010437 -0.000124406 1
v 0.0168686 0.0271364 4.01338e-07 0.8 0.8 0.8
vn -7.36918e-05 -0.000147151 1
v 0.0111225 0.0294277 4.01338e-07 0.8 0.8 0.8
vn -4.08316e-05 -0.000163361 1
v 0.00435286 0.0305882 4.01338e-07 0.8 0.8 0.8
vn -9.65534e-06 -0.00017284 1
v -0.00435282 0.0305882 4.01338e-07 0.8 0.8 0.8
vn 1.57006e-05 -0.000164805 1
v -0.0111225 0.0294277 4.01338e-07 0.8 0.8 0.8
vn 4.77863e-05 -0.000157891 1
v -0.0168686 0.0271364 4.01338e-07 0.8 0.8 0.8
vn 8.06583e-05 -0.000141606 1
v -0.021707 0.0237703 4.01338e-07 0.8 0.8 0.8
vn 0.000110901 -0.000118193 1
v -0.0255833 0.0194035 4.01338e-07 0.8 0.8 0.8
vn 0.000136547 -8.94488e-05 1
v -0.0284205 0.0141085 4.01338e-07 0.8 0.8 0.8
vn 0.000156093 -5.7385e-05 1
v -0.0301519 0.0078931 4.01338e-07 0.8 0.8 0.8
vn 0.000169838 -2.39576e-05 1
v -0.030734 -7.67872e-09 4.01338e-07 0.8 0.8 0.8
vn 0.000169837 2.92254e-06 1
v -0.0301519 -0.00789311 4.01338e-07 0.8 0.8 0.8
vn 0.000162108 3.051e-05 1
v -0.0284205 -0.0141086 4.01338e-07 0.8 0.8 0.8
vn 0.000150762 6.44196e-05 1
v -0.0255833 -0.0194035 4.01338e-07 0.8 0.8 0.8
vn 0.000130679 9.62389e-05 1
v -0.021707 -0.0237703 4.01338e-07 0.8 0.8 0.8
vn 0.00010437 0.000124406 1
v -0.0168686 -0.0271364 4.01338e-07 0.8 0.8 0.8
vn 7.36918e-05 0.000147151 1
v -0.0111225 -0.0294278 4.01338e-07 0.8 0.8 0.8
vn 4.08316e-05 0.000163361 1
v -0.00435282 -0.0305883 4.01338e-07 0.8 0.8 0.8
vn 9.65534e-06 0.00017284 1
v 0.00435286 -0.0305883 4.01338e-07 0.8 0.8 0.8
vn -1.57006e-05 0.000164805 1
v 0.0111225 -0.0294278 4.01338e-07 0.8 0.8 0.8
vn -4.77863e-05 0.000157891 1
v 0.0168686 -0.0271364 4.01338e-07 0.8 0.8 0.8
vn -8.06583e-05 0.000141606 1
v 0.021707 -0.0237703 4.01338e-07 0.8 0.8 0.8
vn -0.000110901 0.000118193 1
v 0.0255834 -0.0194035 4.01338e-07 0.8 0.8 0.8
vn -0.000136547 8.94488e-05 1
v 0.0284205 -0.0141086 4.01338e-07 0.8 0.8 0.8
vn -0.000156093 5.7385e-05 1
v 0.0301519 -0.00789311 4.01338e-07 0.8 0.8 0.8
vn -0.000169838 2.39576e-05 1
v 0.0263433 -8.30957e-09 9.37852e-08 0.8 0.8 0.8
vn -4.41579e-05 -8.48597e-07 1
v 0.0258443 0.00676546 9.37852e-08 0.8 0.8 0.8
vn -4.20392e-05 -8.03485e-06 1
v 0.0243603 0.0120929 9.37852e-08 0.8 0.8 0.8
vn -3.91197e-05 -1.68574e-05 1
v 0.0219284 0.0166314 9.37852e-08 0.8 0.8 0.8
vn -3.38883e-05 -2.5126e-05 1
v 0.0186059 0.0203744 9.37852e-08 0.8 0.8 0.8
vn -2.70371e-05 -3.244e-05 1
v 0.0144587 0.0232596 9.37852e-08 0.8 0.8 0.8
vn -1.90537e-05 -3.8342e-05 1
v 0.00953352 0.0252236 9.37852e-08 0.8 0.8 0.8
vn -1.05101e-05 -4.25524e-05 1
v 0.003731 0.0262183 9.37852e-08 0.8 0.8 0.8
vn -2.41904e-06 -4.50475e-05 1
v -0.00373096 0.0262183 9.37852e-08 0.8 0.8 0.8
vn 4.17612e-06 -4.27377e-05 1
v -0.00953348 0.0252236 9.37852e-08 0.8 0.8 0.8
vn 1.25318e-05 -4.09727e-05 1
v -0.0144587 0.0232596 9.37852e-08 0.8 0.8 0.8
vn 2.10781e-05 -3.67351e-05 1
v -0.0186059 0.0203744 9.37852e-08 0.8 0.8 0.8
vn 2.89338e-05 -3.06363e-05 1
v -0.0219284 0.0166314 9.37852e-08 0.8 0.8 0.8
vn 3.55908e-05 -2.31534e-05 1
v -0.0243602 0.0120929 9.37852e-08 0.8 0.8 0.8
vn 4.06627e-05 -1.48128e-05 1
v -0.0258443 0.00676546 9.37852e-08 0.8 0.8 0.8
vn 4.42649e-05 -6.12915e-06 1
v -0.0263432 -7.72725e-09 9.37852e-08 0.8 0.8 0.8
vn 4.41579e-05 8.48597e-07 1
v -0.0258443 -0.00676548 9.37852e-08 0.8 0.8 0.8
vn 4.20392e-05 8.03485e-06 1
v -0.0243602 -0.012093 9.37852e-08 0.8 0.8 0.8
vn 3.91197e-05 1.68574e-05 1
v -0.0219284 -0.0166314 9.37852e-08 0.8 0.8 0.8
vn 3.38883e-05 2.5126e-05 1
v -0.0186059 -0.0203744 9.37852e-08 0.8 0.8 0.8
vn 2.70371e-05 3.244e-05 1
v -0.0144587 -0.0232596 9.37852e-08 0.8 0.8 0.8
vn 1.90537e-05 3.8342e-05 1
v -0.00953348 -0.0252236 9.37852e-08 0.8 0.8 0.8
vn 1.05101e-05 4.25524e-05 1
v -0.00373096 -0.0262183 9.37852e-08 0.8 0.8 0.8
vn 2.41904e-06 4.50475e-05 1
v 0.003731 -0.0262183 9.37852e-08 0.8 0.8 0.8
vn -4.17612e-06 4.27377e-05 1
v 0.00953352 -0.0252236 9.37852e-08 0.8 0.8 0.8
vn -1.25318e-05 4.09727e-05 1
v 0.0144587 -0.0232596 9.37852e-08 0.8 0.8 0.8
vn -2.10781e-05 3.67351e-05 1
v 0.0186059 -0.0203744 9.37852e-08 0.8 0.8 0.8
vn -2.89338e-05 3.06363e-05 1
v 0.0219284 -0.0166314 9.37852e-08 0.8 0.8 0.8
vn -3.55908e-05 2.31534e-05 1
v 0.0243603 -0.012093 9.37852e-08 0.8 0.8 0.8
vn -4.06627e-05 1.48128e-05 1
v 0.0258443 -0.00676548 9.37852e-08 0.8 0.8 0.8
vn -4.42649e-05 6.12915e-06 1
v 0.0219527 -8.26105e-09 2.69456e-08 0.8 0.8 0.8
vn -9.27105e-06 -2.00282e-07 1
v 0.0215369 0.00563787 2.69456e-08 0.8 0.8 0.8
vn -8.80038e-06 -1.71272e-06 1
v 0.0203002 0.0100774 2.69456e-08 0.8 0.8 0.8
vn -8.19403e-06 -3.56638e-06 1
v 0.0182737 0.0138595 2.69456e-08 0.8 0.8 0.8
vn -7.093e-06 -5.30121e-06 1
v 0.0155049 0.0169786 2.69456e-08 0.8 0.8 0.8
vn -5.65171e-06 -6.83425e-06 1
v 0.0120489 0.019383 2.69456e-08 0.8 0.8 0.8
vn -3.97375e-06 -8.0703e-06 1
v 0.00794459 0.0210196 2.69456e-08 0.8 0.8 0.8
vn -2.18002e-06 -8.95284e-06 1
v 0.00310917 0.0218485 2.69456e-08 0.8 0.8 0.8
vn -4.8506e-07 -9.48304e-06 1
v -0.00310913 0.0218485 2.69456e-08 0.8 0.8 0.8
vn 9.00424e-07 -8.94666e-06 1
v -0.00794455 0.0210196 2.69456e-08 0.8 0.8 0.8
vn 2.65805e-06 -8.58318e-06 1
v -0.0120489 0.019383 2.69456e-08 0.8 0.8 0.8
vn 4.45214e-06 -7.69219e-06 1
v -0.0155049 0.0169786 2.69456e-08 0.8 0.8 0.8
vn 6.09951e-06 -6.40872e-06 1
v -0.0182736 0.0138595 2.69456e-08 0.8 0.8 0.8
vn 7.49423e-06 -4.83523e-06 1
v -0.0203002 0.0100774 2.69456e-08 0.8 0.8 0.8
vn 8.55631e-06 -3.08307e-06 1
v -0.0215369 0.00563787 2.69456e-08 0.8 0.8 0.8
vn 9.31855e-06 -1.26177e-06 1
v -0.0219527 -7.77578e-09 2.69456e-08 0.8 0.8 0.8
vn 9.27105e-06 2.00282e-07 1
v -0.0215369 -0.00563789 2.69456e-08 0.8 0.8 0.8
vn 8.80038e-06 1.71272e-06 1
v -0.0203002 -0.0100775 2.69456e-08 0.8 0.8 0.8
vn 8.19403e-06 3.56638e-06 1
v -0.0182736 -0.0138595 2.69456e-08 0.8 0.8 0.8
vn 7.093e-06 5.30121e-06 1
v -0.0155049 -0.0169786 2.69456e-08 0.8 0.8 0.8
vn 5.65171e-06 6.83425e-06 1
v -0.0120489 -0.019383 2.69456e-08 0.8 0.8 0.8
vn 3.97375e-06 8.0703e-06 1
v -0.00794455 -0.0210196 2.69456e-08 0.8 0.8 0.8
vn 2.18002e-06 8.95284e-06 1
v -0.00310913 -0.0218486 2.69456e-08 0.8 0.8 0.8
vn 4.8506e-07 9.48304e-06 1
v 0.00310917 -0.0218486 2.69456e-08 0.8 0.8 0.8
vn -9.00424e-07 8.94666e-06 1
v 0.00794459 -0.0210196 2.69456e-08 0.8 0.8 0.8
vn -2.65805e-06 8.58318e-06 1
v 0.0120489 -0.019383 2.69456e-08 0.8 0.8 0.8
vn -4.45214e-06 7.69219e-06 1
v 0.0155049 -0.0169786 2.69456e-08 0.8 0.8 0.8
vn -6.09951e-06 6.40872e-06 1
v 0.0182737 -0.0138595 2.69456e-08 0.8 0.8 0.8
vn -7.49423e-06 4.83523e-06 1
v 0.0203002 -0.0100775 2.69456e-08 0.8 0.8 0.8
vn -8.55631e-06 3.08307e-06 1
v 0.0215369 -0.00563789 2.69456e-08 0.8 0.8 0.8
vn -9.31855e-06 1.26177e-06 1
v 0.0175622 -8.21252e-09 1.61085e-08 0.8 0.8 0.8
vn -1.45653e-06 -3.55209e-08 1
v 0.0172295 0.0045103 1.61085e-08 0.8 0.8 0.8
vn -1.37831e-06 -2.73912e-07 1
v 0.0162402 0.00806195 1.61085e-08 0.8 0.8 0.8
vn -1.28392e-06 -5.6533e-07 1
v 0.0146189 0.0110876 1.61085e-08 0.8 0.8 0.8
vn -1.11036e-06 -8.37634e-07 1
v 0.0124039 0.0135829 1.61085e-08 0.8 0.8 0.8
vn -8.83357e-07 -1.07797e-06 1
v 0.00963915 0.0155064 1.61085e-08 0.8 0.8 0.8
vn -6.19378e-07 -1.27153e-06 1
v 0.00635567 0.0168157 1.61085e-08 0.8 0.8 0.8
vn -3.37563e-07 -1.40976e-06 1
v 0.00248734 0.0174788 1.61085e-08 0.8 0.8 0.8
vn -7.20015e-08 -1.49382e-06 1
v -0.0024873 0.0174788 1.61085e-08 0.8 0.8 0.8
vn 1.45869e-07 -1.40134e-06 1
v -0.00635564 0.0168157 1.61085e-08 0.8 0.8 0.8
vn 4.2261e-07 -1.34516e-06 1
v -0.00963911 0.0155064 1.61085e-08 0.8 0.8 0.8
vn 7.04405e-07 -1.20481e-06 1
v -0.0124039 0.0135829 1.61085e-08 0.8 0.8 0.8
vn 9.62822e-07 -1.00256e-06 1
v -0.0146189 0.0110876 1.61085e-08 0.8 0.8 0.8
vn 1.18135e-06 -7.54868e-07 1
v -0.0162401 0.00806195 1.61085e-08 0.8 0.8 0.8
vn 1.3476e-06 -4.79386e-07 1
v -0.0172295 0.0045103 1.61085e-08 0.8 0.8 0.8
vn 1.46806e-06 -1.9358e-07 1
v -0.0175621 -7.82431e-09 1.61085e-08 0.8 0.8 0.8
vn 1.45653e-06 3.55209e-08 1
v -0.0172295 -0.00451031 1.61085e-08 0.8 0.8 0.8
vn 1.37831e-06 2.73912e-07 1
v -0.0162401 -0.00806196 1.61085e-08 0.8 0.8 0.8
vn 1.28392e-06 5.6533e-07 1
v -0.0146189 -0.0110876 1.61085e-08 0.8 0.8 0.8
vn 1.11036e-06 8.37634e-07 1
v -0.0124039 -0.0135829 1.61085e-08 0.8 0.8 0.8
vn 8.83357e-07 1.07797e-06 1
v -0.00963911 -0.0155064 1.61085e-08 0.8 0.8 0.8
vn 6.19378e-07 1.27153e-06 1
v -0.00635564 -0.0168157 1.61085e-08 0.8 0.8 0.8
vn 3.37563e-07 1.40976e-06 1
v -0.0024873 -0.0174788 1.61085e-08 0.8 0.8 0.8
vn 7.20015e-08 1.49382e-06 1
v 0.00248734 -0.0174788 1.61085e-08 0.8 0.8 0.8
vn -1.45869e-07 1.40134e-06 1
v 0.00635567 -0.0168157 1.61085e-08 0.8 0.8 0.8
vn -4.2261e-07 1.34516e-06 1
v 0.00963915 -0.0155064 1.61085e-08 0.8 0.8 0.8
vn -7.04405e-07 1.20481e-06 1
v 0.0124039 -0.0135829 1.61085e-08 0.8 0.8 0.8
vn -9.62822e-07 1.00256e-06 1
v 0.0146189 -0.0110876 1.61085e-08 0.8 0.8 0.8
vn -1.18135e-06 7.54868e-07 1
v 0.0162402 -0.00806196 1.61085e-08 0.8 0.8 0.8
vn -1.3476e-06 4.79386e-07 1
v 0.0172295 -0.00451031 1.61085e-08 0.8 0.8 0.8
vn -1.46806e-06 1.9358e-07 1
v 0.0131716 -8.16399e-09 1.49634e-08 0.8 0.8 0.8
vn -1.51101e-07 -4.1603e-09 1
v 0.0129221 0.00338272 1.49634e-08 0.8 0.8 0.8
vn -1.42606e-07 -2.9009e-08 1
v 0.0121801 0.00604646 1.49634e-08 0.8 0.8 0.8
vn -1.32828e-07 -5.92529e-08 1
v 0.0109642 0.00831569 1.49634e-08 0.8 0.8 0.8
vn -1.14733e-07 -8.74657e-08 1
v 0.00930294 0.0101872 1.49634e-08 0.8 0.8 0.8
vn -9.1104e-08 -1.12328e-07 1
v 0.00722937 0.0116298 1.49634e-08 0.8 0.8 0.8
vn -6.36692e-08 -1.32316e-07 1
v 0.00476676 0.0126118 1.49634e-08 0.8 0.8 0.8
vn -3.44292e-08 -1.46572e-07 1
v 0.00186551 0.0131091 1.49634e-08 0.8 0.8 0.8
vn -6.97177e-09 -1.5528e-07 1
v -0.00186547 0.0131091 1.49634e-08 0.8 0.8 0.8
vn 1.56674e-08 -1.45027e-07 1
v -0.00476672 0.0126118 1.49634e-08 0.8 0.8 0.8
vn 4.44481e-08 -1.39215e-07 1
v -0.00722933 0.0116298 1.49634e-08 0.8 0.8 0.8
vn 7.36675e-08 -1.24576e-07 1
v -0.0093029 0.0101872 1.49634e-08 0.8 0.8 0.8
vn 1.00421e-07 -1.03506e-07 1
v -0.0109642 0.00831569 1.49634e-08 0.8 0.8 0.8
vn 1.23008e-07 -7.77452e-08 1
v -0.0121801 0.00604646 1.49634e-08 0.8 0.8 0.8
vn 1.40161e-07 -4.9137e-08 1
v -0.0129221 0.00338272 1.49634e-08 0.8 0.8 0.8
vn 1.52648e-07 -1.95226e-08 1
v -0.0131716 -7.87283e-09 1.49634e-08 0.8 0.8 0.8
vn 1.51101e-07 4.1603e-09 1
v -0.0129221 -0.00338274 1.49634e-08 0.8 0.8 0.8
vn 1.42606e-07 2.9009e-08 1
v -0.0121801 -0.00604648 1.49634e-08 0.8 0.8 0.8
vn 1.32828e-07 5.92529e-08 1
v -0.0109642 -0.00831571 1.49634e-08 0.8 0.8 0.8
vn 1.14733e-07 8.74657e-08 1
v -0.0093029 -0.0101872 1.49634e-08 0.8 0.8 0.8
vn 9.1104e-08 1.12328e-07 1
v -0.00722933 -0.0116298 1.49634e-08 0.8 0.8 0.8
vn 6.36692e-08 1.32316e-07 1
v -0.00476672 -0.0126118 1.49634e-08 0.8 0.8 0.8
vn 3.44292e-08 1.46572e-07 1
v -0.00186547 -0.0131091 1.49634e-08 0.8 0.8 0.8
vn 6.97177e-09 1.5528e-07 1
v 0.00186551 -0.0131091 1.49634e-08 0.8 0.8 0.8
vn -1.56674e-08 1.45027e-07 1
v 0.00476676 -0.0126118 1.49634e-08 0.8 0.8 0.8
vn -4.44481e-08 1.39215e-07 1
v 0.00722937 -0.0116298 1.49634e-08 0.8 0.8 0.8
vn -7.36675e-08 1.24576e-07 1
v 0.00930294 -0.0101872 1.49634e-08 0.8 0.8 0.8
vn -1.00421e-07 1.03506e-07 1
v 0.0109642 -0.00831571 1.49634e-08 0.8 0.8 0.8
vn -1.23008e-07 7.77452e-08 1
v 0.0121801 -0.00604648 1.49634e-08 0.8 0.8 0.8
vn -1.40161e-07 4.9137e-08 1
v 0.0129221 -0.00338274 1.49634e-08 0.8 0.8 0.8
vn -1.52648e-07 1.95226e-08 1
v 0.00878109 -8.11547e-09 1.49021e-08 0.8 0.8 0.8
vn -8.23102e-09 -2.55982e-10 1
v 0.00861476 0.00225514 1.49021e-08 0.8 0.8 0.8
vn -7.76229e-09 -1.62076e-09 1
v 0.00812009 0.00403097 1.49021e-08 0.8 0.8 0.8
vn -7.21762e-09 -3.26727e-09 1
v 0.00730948 0.00554379 1.49021e-08 0.8 0.8 0.8
vn -6.22307e-09 -4.80082e-09 1
v 0.00620197 0.00679144 1.49021e-08 0.8 0.8 0.8
vn -4.92929e-09 -6.14925e-09 1
v 0.00481958 0.00775318 1.49021e-08 0.8 0.8 0.8
vn -3.43076e-09 -7.22989e-09 1
v 0.00317785 0.00840784 1.49021e-08 0.8 0.8 0.8
vn -1.83725e-09 -7.99586e-09 1
v 0.00124368 0.00873941 1.49021e-08 0.8 0.8 0.8
vn -3.48309e-10 -8.45505e-09 1
v -0.00124364 0.00873941 1.49021e-08 0.8 0.8 0.8
vn 8.89173e-10 -7.90033e-09 1
v -0.00317781 0.00840784 1.49021e-08 0.8 0.8 0.8
vn 2.46135e-09 -7.57086e-09 1
v -0.00481955 0.00775318 1.49021e-08 0.8 0.8 0.8
vn 4.05119e-09 -6.76342e-09 1
v -0.00620193 0.00679144 1.49021e-08 0.8 0.8 0.8
vn 5.50389e-09 -5.60793e-09 1
v -0.00730944 0.00554379 1.49021e-08 0.8 0.8 0.8
vn 6.7272e-09 -4.19921e-09 1
v -0.00812005 0.00403097 1.49021e-08 0.8 0.8 0.8
vn 7.6523e-09 -2.63829e-09 1
v -0.00861473 0.00225514 1.49021e-08 0.8 0.8 0.8
vn 8.31826e-09 -1.02682e-09 1
v -0.00878105 -7.92136e-09 1.49021e-08 0.8 0.8 0.8
vn 8.23102e-09 2.55982e-10 1
v -0.00861473 -0.00225516 1.49021e-08 0.8 0.8 0.8
vn 7.76229e-09 1.62076e-09 1
v -0.00812005 -0.00403099 1.49021e-08 0.8 0.8 0.8
vn 7.21762e-09 3.26727e-09 1
v -0.00730944 -0.00554381 1.49021e-08 0.8 0.8 0.8
vn 6.22307e-09 4.80082e-09 1
v -0.00620193 -0.00679145 1.49021e-08 0.8 0.8 0.8
vn 4.92929e-09 6.14925e-09 1
v -0.00481955 -0.0077532 1.49021e-08 0.8 0.8 0.8
vn 3.43076e-09 7.22989e-09 1
v -0.00317781 -0.00840786 1.49021e-08 0.8 0.8 0.8
vn 1.83725e-09 7.99586e-09 1
v -0.00124364 -0.00873943 1.49021e-08 0.8 0.8 0.8
vn 3.48309e-10 8.45505e-09 1
v 0.00124368 -0.00873943 1.49021e-08 0.8 0.8 0.8
vn -8.89173e-10 7.90033e-09 1
v 0.00317785 -0.00840786 1.49021e-08 0.8 0.8 0.8
vn -2.46135e-09 7.57086e-09 1
v 0.00481958 -0.0077532 1.49021e-08 0.8 0.8 0.8
vn -4.05119e-09 6.76342e-09 1
v 0.00620197 -0.00679145 1.49021e-08 0.8 0.8 0.8
vn -5.50389e-09 5.60793e-09 1
v 0.00730948 -0.00554381 1.49021e-08 0.8 0.8 0.8
vn -6.7272e-09 4.19921e-09 1
v 0.00812009 -0.00403099 1.49021e-08 0.8 0.8 0.8
vn -7.6523e-09 2.63829e-09 1
v 0.00861476 -0.00225516 1.49021e-08 0.8 0.8 0.8
vn -8.31826e-09 1.02682e-09 1
v 0.00439055 -8.06694e-09 1.49012e-08 0.8 0.8 0.8
vn -1.44553e-10 -5.32847e-12 1
v 0.00430739 0.00112757 1.49012e-08 0.8 0.8 0.8
vn -1.37161e-10 -2.985e-11 1
v 0.00406005 0.00201548 1.49012e-08 0.8 0.8 0.8
vn -1.26507e-10 -5.86291e-11 1
v 0.00365475 0.00277189 1.49012e-08 0.8 0.8 0.8
vn -1.08606e-10 -8.54042e-11 1
v 0.00310099 0.00339571 1.49012e-08 0.8 0.8 0.8
vn -8.55988e-11 -1.08827e-10 1
v 0.0024098 0.00387659 1.49012e-08 0.8 0.8 0.8
vn -5.91119e-11 -1.27432e-10 1
v 0.00158893 0.00420392 1.49012e-08 0.8 0.8 0.8
vn -3.10856e-11 -1.40289e-10 1
v 0.000621848 0.0043697 1.49012e-08 0.8 0.8 0.8
vn -5.19443e-12 -1.47141e-10 1
v -0.00062181 0.0043697 1.49012e-08 0.8 0.8 0.8
vn 1.67968e-11 -1.40007e-10 1
v -0.00158889 0.00420392 1.49012e-08 0.8 0.8 0.8
vn 4.45206e-11 -1.33043e-10 1
v -0.00240976 0.00387659 1.49012e-08 0.8 0.8 0.8
vn 7.233e-11 -1.18289e-10 1
v -0.00310096 0.00339571 1.49012e-08 0.8 0.8 0.8
vn 9.76356e-11 -9.76451e-11 1
v -0.00365471 0.00277189 1.49012e-08 0.8 0.8 0.8
vn 1.18807e-10 -7.26775e-11 1
v -0.00406001 0.00201548 1.49012e-08 0.8 0.8 0.8
vn 1.34599e-10 -4.51558e-11 1
v -0.00430735 0.00112757 1.49012e-08 0.8 0.8 0.8
vn 1.45149e-10 -1.68884e-11 1
v -0.00439052 -7.96989e-09 1.49012e-08 0.8 0.8 0.8
vn 1.44553e-10 5.32847e-12 1
v -0.00430735 -0.00112758 1.49012e-08 0.8 0.8 0.8
vn 1.37161e-10 2.985e-11 1
v -0.00406001 -0.0020155 1.49012e-08 0.8 0.8 0.8
vn 1.26507e-10 5.86291e-11 1
v -0.00365471 -0.00277191 1.49012e-08 0.8 0.8 0.8
vn 1.08606e-10 8.54042e-11 1
v -0.00310096 -0.00339573 1.49012e-08 0.8 0.8 0.8
vn 8.55988e-11 1.08827e-10 1
v -0.00240976 -0.0038766 1.49012e-08 0.8 0.8 0.8
vn 5.91119e-11 1.27432e-10 1
v -0.00158889 -0.00420393 1.49012e-08 0.8 0.8 0.8
vn 3.10856e-11 1.40289e-10 1
v -0.00062181 -0.00436972 1.49012e-08 0.8 0.8 0.8
vn 5.19443e-12 1.47141e-10 1
v 0.000621848 -0.00436972 1.49012e-08 0.8 0.8 0.8
vn -1.67968e-11 1.40007e-10 1
v 0.00158893 -0.00420393 1.49012e-08 0.8 0.8 0.8
vn -4.45206e-11 1.33043e-10 1
v 0.0024098 -0.0038766 1.49012e-08 0.8 0.8 0.8
vn -7.233e-11 1.18289e-10 1
v 0.00310099 -0.00339573 1.49012e-08 0.8 0.8 0.8
vn -9.76356e-11 9.76451e-11 1
v 0.00365475 -0.00277191 1.49012e-08 0.8 0.8 0.8
vn -1.18807e-10 7.26775e-11 1
v 0.00406005 -0.0020155 1.49012e-08 0.8 0.8 0.8
vn -1.34599e-10 4.51558e-11 1
v 0.00430739 -0.00112758 1.49012e-08 0.8 0.8 0.8
vn -1.45149e-10 1.68884e-11 1
v 1.88223e-08 -8.01841e-09 1.49012e-08 0.8 0.8 0.8
vn -1.71476e-13 -1.26468e-14 1
v 1.88223e-08 -8.01841e-09 1.49012e-08 0.8 0.8 0.8
vn -1.62907e-13 -4.53798e-14 1
v 1.88223e-08 -8.01841e-09 1.49012e-08 0.8 0.8 0.8
vn -1.46473e-13 -7.84839e-14 1
v 1.88223e-08 -8.01841e-09 1.49012e-08 0.8 0.8 0.8
vn -1.23113e-13 -1.09285e-13 1
v 1.88223e-08 -8.01841e-09 1.49012e-08 0.8 0.8 0.8
vn -9.43224e-14 -1.35576e-13 1
v 1.88223e-08 -8.01841e-09 1.49012e-08 0.8 0.8 0.8
vn -6.20597e-14 -1.55631e-13 1
v 1.88223e-08 -8.01841e-09 1.49012e-08 0.8 0.8 0.8
vn -2.88322e-14 -1.6819e-13 1
v 1.88223e-08 -8.01841e-09 1.49012e-08 0.8 0.8 0.8
vn -2.39814e-28 -1.72293e-13 1
v 1.88223e-08 -8.01841e-09 1.49012e-08 0.8 0.8 0.8
vn 2.88322e-14 -1.6819e-13 1
v 1.88223e-08 -8.01841e-09 1.49012e-08 0.8 0.8 0.8
vn 6.20597e-14 -1.55631e-13 1
v 1.88223e-08 -8.01841e-09 1.49012e-08 0.8 0.8 0.8
vn 9.43224e-14 -1.35576e-13 1
v 1.88223e-08 -8.01841e-09 1.49012e-08 0.8 0.8 0.8
vn 1.23113e-13 -1.09285e-13 1
v 1.88223e-08 -8.01841e-09 1.49012e-08 0.8 0.8 0.8
vn 1.46473e-13 -7.84839e-14 1
v 1.88223e-08 -8.01841e-09 1.49012e-08 0.8 0.8 0.8
vn 1.62907e-13 -4.53798e-14 1
v 1.88223e-08 -8.01841e-09 1.49012e-08 0.8 0.8 0.8
vn 1.71476e-13 -1.26468e-14 1
v 1.88223e-08 -8.01841e-09 1.49012e-08 0.8 0.8 0.8
vn 1.71476e-13 1.26468e-14 1
v 1.88223e-08 -8.01841e-09 1.49012e-08 0.8 0.8 0.8
vn 1.62907e-13 4.53798e-14 1
v 1.88223e-08 -8.01841e-09 1.49012e-08 0.8 0.8 0.8
vn 1.46473e-13 7.84839e-14 1
v 1.88223e-08 -8.01841e-09 1.49012e-08 0.8 0.8 0.8
vn 1.23113e-13 1.09285e-13 1
v 1.88223e-08 -8.01841e-09 1.49012e-08 0.8 0.8 0.8
vn 9.43224e-14 1.35576e-13 1
v 1.88223e-08 -8.01841e-09 1.49012e-08 0.8 0.8 0.8
vn 6.20597e-14 1.55631e-13 1
v 1.88223e-08 -8.01841e-09 1.49012e-08 0.8 0.8 0.8
vn 2.88322e-14 1.6819e-13 1
v 1.88223e-08 -8.01841e-09 1.49012e-08 0.8 0.8 0.8
vn 1.19907e-28 1.72293e-13 1
v 1.88223e-08 -8.01841e-09 1.49012e-08 0.8 0.8 0.8
vn -2.88322e-14 1.6819e-13 1
v 1.88223e-08 -8.01841e-09 1.49012e-08 0.8 0.8 0.8
vn -6.20597e-14 1.55631e-13 1
v 1.88223e-08 -8.01841e-09 1.49012e-08 0.8 0.8 0.8
vn -9.43224e-14 1.35576e-13 1
v 1.88223e-08 -8.01841e-09 1.49012e-08 0.8 0.8 0.8
vn -1.23113e-13 1.09285e-13 1
v 1.88223e-08 -8.01841e-09 1.49012e-08 0.8 0.8 0.8
vn -1.46473e-13 7.84839e-14 1
v 1.88223e-08 -8.01841e-09 1.49012e-08 0.8 0.8 0.8
vn -1.62907e-13 4.53798e-14 1
v 1.88223e-08 -8.01841e-09 1.49012e-08 0.8 0.8 0.8
vn -1.71476e-13 1.26468e-14 1
v 0.140947 -9.57623e-09 0.0193571 0.8 0.8 0.8
vn 0.607744 -0.0131292 -0.794024
v 0.138278 0.036198 0.0193571 0.8 0.8 0.8
vn 0.600637 0.0813287 -0.795375
v 0.130337 0.0647023 0.0193571 0.8 0.8 0.8
vn 0.562926 0.202837 -0.801231
v 0.117326 0.088985 0.0193571 0.8 0.8 0.8
vn 0.497604 0.321051 -0.805802
v 0.0995491 0.109011 0.0193571 0.8 0.8 0.8
vn 0.406803 0.427426 -0.807353
v 0.0773601 0.124448 0.0193571 0.8 0.8 0.8
vn 0.297005 0.513149 -0.805274
v 0.0510081 0.134957 0.0193571 0.8 0.8 0.8
vn 0.177241 0.572331 -0.800639
v 0.0199623 0.140279 0.0193571 0.8 0.8 0.8
vn 0.0605829 0.601953 -0.79623
v -0.0199623 0.140279 0.0193571 0.8 0.8 0.8
vn -0.0310778 0.607582 -0.793649
v -0.0510081 0.134957 0.0193571 0.8 0.8 0.8
vn -0.142457 0.585041 -0.798394
v -0.0773601 0.124448 0.0193571 0.8 0.8 0.8
vn -0.262797 0.533715 -0.803795
v -0.0995491 0.109011 0.0193571 0.8 0.8 0.8
vn -0.376323 0.455063 -0.807031
v -0.117326 0.088985 0.0193571 0.8 0.8 0.8
vn -0.473318 0.353752 -0.80674
v -0.130337 0.0647023 0.0193571 0.8 0.8 0.8
vn -0.546286 0.237766 -0.803143
v -0.138277 0.036198 0.0193571 0.8 0.8 0.8
vn -0.591201 0.115059 -0.798275
v -0.140947 -6.46059e-09 0.0193571 0.8 0.8 0.8
vn -0.607744 0.0131292 -0.794024
v -0.138277 -0.036198 0.0193571 0.8 0.8 0.8
vn -0.600637 -0.0813287 -0.795375
v -0.130337 -0.0647023 0.0193571 0.8 0.8 0.8
vn -0.562926 -0.202837 -0.801231
v -0.117326 -0.088985 0.0193571 0.8 0.8 0.8
vn -0.497604 -0.321051 -0.805802
v -0.0995491 -0.109011 0.0193571 0.8 0.8 0.8
vn -0.406803 -0.427426 -0.807353
v -0.0773601 -0.124448 0.0193571 0.8 0.8 0.8
vn -0.297005 -0.513149 -0.805274
v -0.0510081 -0.134957 0.0193571 0.8 0.8 0.8
vn -0.177241 -0.572331 -0.800639
v -0.0199623 -0.140279 0.0193571 0.8 0.8 0.8
vn -0.0605829 -0.601953 -0.79623
v 0.0199623 -0.140279 0.0193571 0.8 0.8 0.8
vn 0.0310778 -0.607582 -0.793649
v 0.0510081 -0.134957 0.0193571 0.8 0.8 0.8
vn 0.142457 -0.585041 -0.798394
v 0.0773601 -0.124448 0.0193571 0.8 0.8 0.8
vn 0.262797 -0.533715 -0.803795
v 0.0995491 -0.109011 0.0193571 0.8 0.8 0.8
vn 0.376323 -0.455063 -0.807031
v 0.117326 -0.088985 0.0193571 0.8 0.8 0.8
vn 0.473318 -0.353752 -0.80674
v 0.130337 -0.0647023 0.0193571 0.8 0.8 0.8
vn 0.546286 -0.237766 -0.803143
v 0.138278 -0.036198 0.0193571 0.8 0.8 0.8
vn 0.591201 -0.115059 -0.798275
v 0.116776 -9.30908e-09 0.0114082 0.8 0.8 0.8
vn 0.304063 0.00306549 -0.952647
v 0.114564 0.0299905 0.0114082 0.8 0.8 0.8
vn 0.2961 0.0527085 -0.953702
v 0.107986 0.0536066 0.0114082 0.8 0.8 0.8
vn 0.273335 0.113317 -0.955221
v 0.097206 0.073725 0.0114082 0.8 0.8 0.8
vn 0.237268 0.170595 -0.956348
v 0.0824776 0.090317 0.0114082 0.8 0.8 0.8
vn 0.189992 0.221258 -0.956529
v 0.0640937 0.103107 0.0114082 0.8 0.8 0.8
vn 0.134719 0.261799 -0.955674
v 0.0422608 0.111813 0.0114082 0.8 0.8 0.8
vn 0.0754781 0.289705 -0.954135
v 0.016539 0.116222 0.0114082 0.8 0.8 0.8
vn 0.0193008 0.30323 -0.952722
v -0.016539 0.116222 0.0114082 0.8 0.8 0.8
vn -0.0261462 0.301488 -0.953112
v -0.0422608 0.111813 0.0114082 0.8 0.8 0.8
vn -0.0834697 0.286437 -0.954456
v -0.0640937 0.103107 0.0114082 0.8 0.8 0.8
vn -0.142532 0.256865 -0.955879
v -0.0824775 0.090317 0.0114082 0.8 0.8 0.8
vn -0.196993 0.214852 -0.956573
v -0.0972059 0.073725 0.0114082 0.8 0.8 0.8
vn -0.242978 0.163119 -0.956219
v -0.107986 0.0536066 0.0114082 0.8 0.8 0.8
vn -0.27744 0.105323 -0.954952
v -0.114564 0.0299905 0.0114082 0.8 0.8 0.8
vn -0.298746 0.0449316 -0.953274
v -0.116776 -6.72774e-09 0.0114082 0.8 0.8 0.8
vn -0.304063 -0.00306549 -0.952647
v -0.114564 -0.0299905 0.0114082 0.8 0.8 0.8
vn -0.2961 -0.0527085 -0.953702
v -0.107986 -0.0536066 0.0114082 0.8 0.8 0.8
vn -0.273335 -0.113317 -0.955221
v -0.0972059 -0.0737251 0.0114082 0.8 0.8 0.8
vn -0.237268 -0.170595 -0.956348
v -0.0824775 -0.0903171 0.0114082 0.8 0.8 0.8
vn -0.189992 -0.221258 -0.956529
v -0.0640937 -0.103107 0.0114082 0.8 0.8 0.8
vn -0.134719 -0.261799 -0.955674
v -0.0422608 -0.111813 0.0114082 0.8 0.8 0.8
vn -0.0754781 -0.289705 -0.954135
v -0.016539 -0.116222 0.0114082 0.8 0.8 0.8
vn -0.0193008 -0.30323 -0.952722
v 0.016539 -0.116222 0.0114082 0.8 0.8 0.8
vn 0.0261462 -0.301488 -0.953112
v 0.0422608 -0.111813 0.0114082 0.8 0.8 0.8
vn 0.0834697 -0.286437 -0.954456
v 0.0640937 -0.103107 0.0114082 0.8 0.8 0.8
vn 0.142532 -0.256865 -0.955879
v 0.0824776 -0.0903171 0.0114082 0.8 0.8 0.8
vn 0.196993 -0.214852 -0.956573
v 0.097206 -0.0737251 0.0114082 0.8 0.8 0.8
vn 0.242978 -0.163119 -0.956219
v 0.107986 -0.0536066 0.0114082 0.8 0.8 0.8
vn 0.27744 -0.105323 -0.954952
v 0.114564 -0.0299905 0.0114082 0.8 0.8 0.8
vn 0.298746 -0.0449316 -0.953274
v 0.100683 -9.13121e-09 0.0065339 0.8 0.8 0.8
vn 0.275058 0.00261442 -0.961424
v 0.0987758 0.0258573 0.0065339 0.8 0.8 0.8
vn 0.26759 0.0474153 -0.962366
v 0.0931039 0.0462188 0.0065339 0.8 0.8 0.8
vn 0.247173 0.102218 -0.963565
v 0.0838095 0.0635646 0.0065339 0.8 0.8 0.8
vn 0.214608 0.154003 -0.964482
v 0.0711109 0.07787 0.0065339 0.8 0.8 0.8
vn 0.171928 0.199845 -0.964626
v 0.0552607 0.0888973 0.0065339 0.8 0.8 0.8
vn 0.122022 0.236607 -0.963913
v 0.0364367 0.0964036 0.0065339 0.8 0.8 0.8
vn 0.068496 0.262036 -0.962624
v 0.0142597 0.100205 0.0065339 0.8 0.8 0.8
vn 0.0176536 0.274597 -0.961397
v -0.0142596 0.100205 0.0065339 0.8 0.8 0.8
vn -0.0234381 0.272404 -0.961898
v -0.0364366 0.0964036 0.0065339 0.8 0.8 0.8
vn -0.0752362 0.258985 -0.962947
v -0.0552606 0.0888973 0.0065339 0.8 0.8 0.8
vn -0.128629 0.232304 -0.9641
v -0.0711109 0.07787 0.0065339 0.8 0.8 0.8
vn -0.177881 0.194371 -0.964665
v -0.0838095 0.0635646 0.0065339 0.8 0.8 0.8
vn -0.219526 0.147667 -0.964367
v -0.0931038 0.0462188 0.0065339 0.8 0.8 0.8
vn -0.250834 0.0954681 -0.963311
v -0.0987758 0.0258573 0.0065339 0.8 0.8 0.8
vn -0.270427 0.0408793 -0.961872
v -0.100683 -6.90561e-09 0.0065339 0.8 0.8 0.8
vn -0.275058 -0.00261442 -0.961424
v -0.0987758 -0.0258574 0.0065339 0.8 0.8 0.8
vn -0.26759 -0.0474153 -0.962366
v -0.0931038 -0.0462188 0.0065339 0.8 0.8 0.8
vn -0.247173 -0.102218 -0.963565
v -0.0838095 -0.0635647 0.0065339 0.8 0.8 0.8
vn -0.214608 -0.154003 -0.964482
v -0.0711109 -0.07787 0.0065339 0.8 0.8 0.8
vn -0.171928 -0.199845 -0.964626
v -0.0552606 -0.0888973 0.0065339 0.8 0.8 0.8
vn -0.122022 -0.236607 -0.963913
v -0.0364366 -0.0964036 0.0065339 0.8 0.8 0.8
vn -0.068496 -0.262036 -0.962624
v -0.0142596 -0.100205 0.0065339 0.8 0.8 0.8
vn -0.0176536 -0.274597 -0.961397
v 0.0142597 -0.100205 0.0065339 0.8 0.8 0.8
vn 0.0234381 -0.272404 -0.961898
v 0.0364367 -0.0964036 0.0065339 0.8 0.8 0.8
vn 0.0752362 -0.258985 -0.962947
v 0.0552607 -0.0888973 0.0065339 0.8 0.8 0.8
vn 0.128629 -0.232304 -0.9641
v 0.0711109 -0.07787 0.0065339 0.8 0.8 0.8
vn 0.177881 -0.194371 -0.964665
v 0.0838095 -0.0635647 0.0065339 0.8 0.8 0.8
vn 0.219526 -0.147667 -0.964367
v 0.0931039 -0.0462188 0.0065339 0.8 0.8 0.8
vn 0.250834 -0.0954681 -0.963311
v 0.0987758 -0.0258574 0.0065339 0.8 0.8 0.8
vn 0.270427 -0.0408793 -0.961872
v 0.0894824 -9.00742e-09 0.00362485 0.8 0.8 0.8
vn 0.229996 0.0021165 -0.973189
v 0.0877875 0.0229808 0.00362485 0.8 0.8 0.8
vn 0.223406 0.0394907 -0.973925
v 0.0827466 0.0410772 0.00362485 0.8 0.8 0.8
vn 0.206506 0.0852897 -0.974721
v 0.0744862 0.0564934 0.00362485 0.8 0.8 0.8
vn 0.179318 0.128547 -0.975357
v 0.0632002 0.0692074 0.00362485 0.8 0.8 0.8
vn 0.143703 0.166873 -0.97545
v 0.0491132 0.0790079 0.00362485 0.8 0.8 0.8
vn 0.102066 0.197683 -0.974938
v 0.0323833 0.0856792 0.00362485 0.8 0.8 0.8
vn 0.057379 0.219127 -0.974008
v 0.0126734 0.089058 0.00362485 0.8 0.8 0.8
vn 0.0148618 0.229972 -0.973084
v -0.0126733 0.089058 0.00362485 0.8 0.8 0.8
vn -0.0194829 0.22738 -0.973611
v -0.0323832 0.0856792 0.00362485 0.8 0.8 0.8
vn -0.062749 0.216353 -0.974297
v -0.0491132 0.0790079 0.00362485 0.8 0.8 0.8
vn -0.10735 0.194091 -0.975092
v -0.0632002 0.0692074 0.00362485 0.8 0.8 0.8
vn -0.148502 0.162428 -0.975482
v -0.0744861 0.0564934 0.00362485 0.8 0.8 0.8
vn -0.183354 0.123463 -0.975263
v -0.0827465 0.0410772 0.00362485 0.8 0.8 0.8
vn -0.209653 0.0799024 -0.974506
v -0.0877875 0.0229808 0.00362485 0.8 0.8 0.8
vn -0.226371 0.0343106 -0.973437
v -0.0894824 -7.02941e-09 0.00362485 0.8 0.8 0.8
vn -0.229996 -0.0021165 -0.973189
v -0.0877875 -0.0229809 0.00362485 0.8 0.8 0.8
vn -0.223406 -0.0394907 -0.973925
v -0.0827465 -0.0410772 0.00362485 0.8 0.8 0.8
vn -0.206506 -0.0852897 -0.974721
v -0.0744861 -0.0564934 0.00362485 0.8 0.8 0.8
vn -0.179318 -0.128547 -0.975357
v -0.0632002 -0.0692074 0.00362485 0.8 0.8 0.8
vn -0.143703 -0.166873 -0.97545
v -0.0491132 -0.079008 0.00362485 0.8 0.8 0.8
vn -0.102066 -0.197683 -0.974938
v -0.0323832 -0.0856792 0.00362485 0.8 0.8 0.8
vn -0.057379 -0.219127 -0.974008
v -0.0126733 -0.089058 0.00362485 0.8 0.8 0.8
vn -0.0148618 -0.229972 -0.973084
v 0.0126734 -0.089058 0.00362485 0.8 0.8 0.8
vn 0.0194829 -0.22738 -0.973611
v 0.0323833 -0.0856792 0.00362485 0.8 0.8 0.8
vn 0.062749 -0.216353 -0.974297
v 0.0491132 -0.079008 0.00362485 0.8 0.8 0.8
vn 0.10735 -0.194091 -0.975092
v 0.0632002 -0.0692074 0.00362485 0.8 0.8 0.8
vn 0.148502 -0.162428 -0.975482
v 0.0744862 -0.0564934 0.00362485 0.8 0.8 0.8
vn 0.183354 -0.123463 -0.975263
v 0.0827466 -0.0410772 0.00362485 0.8 0.8 0.8
vn 0.209653 -0.0799024 -0.974506
v 0.0877875 -0.0229809 0.00362485 0.8 0.8 0.8
vn 0.226371 -0.0343106 -0.973437
v 0.0811631 -8.91547e-09 0.00194041 0.8 0.8 0.8
vn 0.173457 0.00159077 -0.98484
v 0.0796258 0.0208443 0.00194041 0.8 0.8 0.8
vn 0.16816 0.0297177 -0.985312
v 0.0750535 0.0372582 0.00194041 0.8 0.8 0.8
vn 0.155567 0.0642426 -0.985734
v 0.0675611 0.0512411 0.00194041 0.8 0.8 0.8
vn 0.13509 0.0968311 -0.98609
v 0.0573244 0.0627731 0.00194041 0.8 0.8 0.8
vn 0.108281 0.125726 -0.986138
v 0.0445471 0.0716624 0.00194041 0.8 0.8 0.8
vn 0.0769454 0.149012 -0.985837
v 0.0293726 0.0777134 0.00194041 0.8 0.8 0.8
vn 0.0432973 0.16532 -0.985289
v 0.0114951 0.0807781 0.00194041 0.8 0.8 0.8
vn 0.0112366 0.173782 -0.98472
v -0.0114951 0.0807781 0.00194041 0.8 0.8 0.8
vn -0.0146556 0.171116 -0.985142
v -0.0293725 0.0777134 0.00194041 0.8 0.8 0.8
vn -0.047258 0.162969 -0.985499
v -0.044547 0.0716624 0.00194041 0.8 0.8 0.8
vn -0.080862 0.146217 -0.985942
v -0.0573244 0.0627731 0.00194041 0.8 0.8 0.8
vn -0.111871 0.122374 -0.986159
v -0.067561 0.0512411 0.00194041 0.8 0.8 0.8
vn -0.138171 0.0930492 -0.986028
v -0.0750534 0.0372582 0.00194041 0.8 0.8 0.8
vn -0.158093 0.0602604 -0.985584
v -0.0796257 0.0208443 0.00194041 0.8 0.8 0.8
vn -0.170976 0.0259217 -0.984934
v -0.0811631 -7.12136e-09 0.00194041 0.8 0.8 0.8
vn -0.173457 -0.00159077 -0.98484
v -0.0796257 -0.0208443 0.00194041 0.8 0.8 0.8
vn -0.16816 -0.0297177 -0.985312
v -0.0750534 -0.0372582 0.00194041 0.8 0.8 0.8
vn -0.155567 -0.0642426 -0.985734
v -0.067561 -0.0512411 0.00194041 0.8 0.8 0.8
vn -0.13509 -0.0968311 -0.98609
v -0.0573244 -0.0627731 0.00194041 0.8 0.8 0.8
vn -0.108281 -0.125726 -0.986138
v -0.044547 -0.0716625 0.00194041 0.8 0.8 0.8
vn -0.0769454 -0.149012 -0.985837
v -0.0293725 -0.0777135 0.00194041 0.8 0.8 0.8
vn -0.0432973 -0.16532 -0.985289
v -0.0114951 -0.0807781 0.00194041 0.8 0.8 0.8
vn -0.0112366 -0.173782 -0.98472
v 0.0114951 -0.0807781 0.00194041 0.8 0.8 0.8
vn 0.0146556 -0.171116 -0.985142
v 0.0293726 -0.0777135 0.00194041 0.8 0.8 0.8
vn 0.047258 -0.162969 -0.985499
v 0.0445471 -0.0716625 0.00194041 0.8 0.8 0.8
vn 0.080862 -0.146217 -0.985942
v 0.0573244 -0.0627731 0.00194041 0.8 0.8 0.8
vn 0.111871 -0.122374 -0.986159
v 0.0675611 -0.0512411 0.00194041 0.8 0.8 0.8
vn 0.138171 -0.0930492 -0.986028
v 0.0750535 -0.0372582 0.00194041 0.8 0.8 0.8
vn 0.158093 -0.0602604 -0.985584
v 0.0796258 -0.0208443 0.00194041 0.8 0.8 0.8
vn 0.170976 -0.0259217 -0.984934
v 0.0744871 -8.84168e-09 0.000997642 0.8 0.8 0.8
vn 0.116463 0.00109184 -0.993194
v 0.0730762 0.0191297 0.000997642 0.8 0.8 0.8
vn 0.11268 0.0199456 -0.993431
v 0.06888 0.0341935 0.000997642 0.8 0.8 0.8
vn 0.104333 0.043123 -0.993607
v 0.0620039 0.0470263 0.000997642 0.8 0.8 0.8
vn 0.0906021 0.0649874 -0.993765
v 0.0526092 0.0576097 0.000997642 0.8 0.8 0.8
vn 0.0726265 0.0843837 -0.993783
v 0.0408829 0.0657679 0.000997642 0.8 0.8 0.8
vn 0.0516195 0.100043 -0.993643
v 0.0269565 0.0713212 0.000997642 0.8 0.8 0.8
vn 0.0290548 0.111068 -0.993388
v 0.0105496 0.0741338 0.000997642 0.8 0.8 0.8
vn 0.00753389 0.116926 -0.993112
v -0.0105495 0.0741338 0.000997642 0.8 0.8 0.8
vn -0.00984582 0.114635 -0.993359
v -0.0269565 0.0713212 0.000997642 0.8 0.8 0.8
vn -0.0317255 0.109285 -0.993504
v -0.0408828 0.0657679 0.000997642 0.8 0.8 0.8
vn -0.0542733 0.0980643 -0.993699
v -0.0526092 0.0576097 0.000997642 0.8 0.8 0.8
vn -0.0750804 0.0820752 -0.993794
v -0.0620039 0.0470263 0.000997642 0.8 0.8 0.8
vn -0.0927475 0.0624156 -0.993731
v -0.06888 0.0341935 0.000997642 0.8 0.8 0.8
vn -0.106169 0.0404318 -0.993526
v -0.0730762 0.0191297 0.000997642 0.8 0.8 0.8
vn -0.114989 0.0174023 -0.993214
v -0.074487 -7.19514e-09 0.000997642 0.8 0.8 0.8
vn -0.116463 -0.00109184 -0.993194
v -0.0730762 -0.0191298 0.000997642 0.8 0.8 0.8
vn -0.11268 -0.0199456 -0.993431
v -0.06888 -0.0341935 0.000997642 0.8 0.8 0.8
vn -0.104333 -0.043123 -0.993607
v -0.0620039 -0.0470263 0.000997642 0.8 0.8 0.8
vn -0.0906021 -0.0649874 -0.993765
v -0.0526092 -0.0576097 0.000997642 0.8 0.8 0.8
vn -0.0726265 -0.0843837 -0.993783
v -0.0408828 -0.0657679 0.000997642 0.8 0.8 0.8
vn -0.0516195 -0.100043 -0.993643
v -0.0269565 -0.0713212 0.000997642 0.8 0.8 0.8
vn -0.0290548 -0.111068 -0.993388
v -0.0105495 -0.0741338 0.000997642 0.8 0.8 0.8
vn -0.00753389 -0.116926 -0.993112
v 0.0105496 -0.0741338 0.000997642 0.8 0.8 0.8
vn 0.00984582 -0.114635 -0.993359
v 0.0269565 -0.0713212 0.000997642 0.8 0.8 0.8
vn 0.0317255 -0.109285 -0.993504
v 0.0408829 -0.0657679 0.000997642 0.8 0.8 0.8
vn 0.0542733 -0.0980643 -0.993699
v 0.0526092 -0.0576097 0.000997642 0.8 0.8 0.8
vn 0.0750804 -0.0820752 -0.993794
v 0.0620039 -0.0470263 0.000997642 0.8 0.8 0.8
vn 0.0927475 -0.0624156 -0.993731
v 0.06888 -0.0341935 0.000997642 0.8 0.8 0.8
vn 0.106169 -0.0404318 -0.993526
v 0.0730762 -0.0191298 0.000997642 0.8 0.8 0.8
vn 0.114989 -0.0174023 -0.993214
v 0.0687154 -8.77789e-09 0.000489914 0.8 0.8 0.8
vn 0.0698753 0.000682907 -0.997556
v 0.0674138 0.0176475 0.000489914 0.8 0.8 0.8
vn 0.067483 0.0119832 -0.997648
v 0.0635428 0.031544 0.000489914 0.8 0.8 0.8
vn 0.0625355 0.0258912 -0.997707
v 0.0571994 0.0433824 0.000489914 0.8 0.8 0.8
vn 0.0543052 0.0390046 -0.997762
v 0.0485327 0.0531458 0.000489914 0.8 0.8 0.8
vn 0.0435282 0.0506405 -0.997768
v 0.037715 0.0606718 0.000489914 0.8 0.8 0.8
vn 0.0309347 0.0600448 -0.997716
v 0.0248678 0.0657948 0.000489914 0.8 0.8 0.8
vn 0.0174059 0.0666901 -0.997622
v 0.00973214 0.0683894 0.000489914 0.8 0.8 0.8
vn 0.00449787 0.0702881 -0.997517
v -0.0097321 0.0683894 0.000489914 0.8 0.8 0.8
vn -0.00592769 0.0686401 -0.997624
v -0.0248677 0.0657948 0.000489914 0.8 0.8 0.8
vn -0.0190542 0.0654957 -0.997671
v -0.037715 0.0606718 0.000489914 0.8 0.8 0.8
vn -0.0325788 0.0587789 -0.997739
v -0.0485327 0.0531458 0.000489914 0.8 0.8 0.8
vn -0.0450586 0.0491928 -0.997772
v -0.0571994 0.0433824 0.000489914 0.8 0.8 0.8
vn -0.0556613 0.0374069 -0.997749
v -0.0635427 0.031544 0.000489914 0.8 0.8 0.8
vn -0.0637313 0.0242273 -0.997673
v -0.0674138 0.0176475 0.000489914 0.8 0.8 0.8
vn -0.0691026 0.0104214 -0.997555
v -0.0687153 -7.25893e-09 0.000489914 0.8 0.8 0.8
vn -0.0698753 -0.000682907 -0.997556
v -0.0674138 -0.0176475 0.000489914 0.8 0.8 0.8
vn -0.067483 -0.0119832 -0.997648
v -0.0635427 -0.031544 0.000489914 0.8 0.8 0.8
vn -0.0625355 -0.0258912 -0.997707
v -0.0571994 -0.0433824 0.000489914 0.8 0.8 0.8
vn -0.0543052 -0.0390046 -0.997762
v -0.0485327 -0.0531458 0.000489914 0.8 0.8 0.8
vn -0.0435282 -0.0506405 -0.997768
v -0.037715 -0.0606718 0.000489914 0.8 0.8 0.8
vn -0.0309347 -0.0600448 -0.997716
v -0.0248677 -0.0657948 0.000489914 0.8 0.8 0.8
vn -0.0174059 -0.0666901 -0.997622
v -0.0097321 -0.0683894 0.000489914 0.8 0.8 0.8
vn -0.00449787 -0.0702881 -0.997517
v 0.00973214 -0.0683894 0.000489914 0.8 0.8 0.8
vn 0.00592769 -0.0686401 -0.997624
v 0.0248678 -0.0657948 0.000489914 0.8 0.8 0.8
vn 0.0190542 -0.0654957 -0.997671
v 0.037715 -0.0606718 0.000489914 0.8 0.8 0.8
vn 0.0325788 -0.0587789 -0.997739
v 0.0485327 -0.0531458 0.000489914 0.8 0.8 0.8
vn 0.0450586 -0.0491928 -0.997772
v 0.0571994 -0.0433824 0.000489914 0.8 0.8 0.8
vn 0.0556613 -0.0374069 -0.997749
v 0.0635428 -0.031544 0.000489914 0.8 0.8 0.8
vn 0.0637313 -0.0242273 -0.997673
v 0.0674138 -0.0176475 0.000489914 0.8 0.8 0.8
vn 0.0691026 -0.0104214 -0.997555
v 0.0634214 -8.71938e-09 0.000228231 0.8 0.8 0.8
vn 0.0379812 0.000392515 -0.999278
v 0.0622202 0.0162879 0.000228231 0.8 0.8 0.8
vn 0.0366232 0.00653237 -0.999308
v 0.0586473 0.0291138 0.000228231 0.8 0.8 0.8
vn 0.0339614 0.0140946 -0.999324
v 0.0527927 0.0400402 0.000228231 0.8 0.8 0.8
vn 0.02949 0.0212213 -0.99934
v 0.0447937 0.0490513 0.000228231 0.8 0.8 0.8
vn 0.0236332 0.0275452 -0.999341
v 0.0348094 0.0559975 0.000228231 0.8 0.8 0.8
vn 0.0167897 0.0326586 -0.999326
v 0.0229519 0.0607258 0.000228231 0.8 0.8 0.8
vn 0.00943853 0.0362802 -0.999297
v 0.00898236 0.0631206 0.000228231 0.8 0.8 0.8
vn 0.00242518 0.0382693 -0.999265
v -0.00898232 0.0631206 0.000228231 0.8 0.8 0.8
vn -0.00324123 0.0372454 -0.999301
v -0.0229519 0.0607258 0.000228231 0.8 0.8 0.8
vn -0.0103782 0.0355657 -0.999313
v -0.0348094 0.0559975 0.000228231 0.8 0.8 0.8
vn -0.0177292 0.0319211 -0.999333
v -0.0447937 0.0490513 0.000228231 0.8 0.8 0.8
vn -0.0245114 0.0267117 -0.999343
v -0.0527927 0.0400402 0.000228231 0.8 0.8 0.8
vn -0.0302746 0.0203067 -0.999335
v -0.0586473 0.0291138 0.000228231 0.8 0.8 0.8
vn -0.0346654 0.013145 -0.999313
v -0.0622201 0.0162879 0.000228231 0.8 0.8 0.8
vn -0.0376165 0.00564496 -0.999276
v -0.0634214 -7.31745e-09 0.000228231 0.8 0.8 0.8
vn -0.0379812 -0.000392515 -0.999278
v -0.0622201 -0.0162879 0.000228231 0.8 0.8 0.8
vn -0.0366232 -0.00653237 -0.999308
v -0.0586473 -0.0291138 0.000228231 0.8 0.8 0.8
vn -0.0339614 -0.0140946 -0.999324
v -0.0527927 -0.0400402 0.000228231 0.8 0.8 0.8
vn -0.02949 -0.0212213 -0.99934
v -0.0447937 -0.0490513 0.000228231 0.8 0.8 0.8
vn -0.0236332 -0.0275452 -0.999341
v -0.0348094 -0.0559976 0.000228231 0.8 0.8 0.8
vn -0.0167897 -0.0326586 -0.999326
v -0.0229519 -0.0607259 0.000228231 0.8 0.8 0.8
vn -0.00943853 -0.0362802 -0.999297
v -0.00898232 -0.0631206 0.000228231 0.8 0.8 0.8
vn -0.00242518 -0.0382693 -0.999265
v 0.00898236 -0.0631206 0.000228231 0.8 0.8 0.8
vn 0.00324123 -0.0372454 -0.999301
v 0.0229519 -0.0607259 0.000228231 0.8 0.8 0.8
vn 0.0103782 -0.0355657 -0.999313
v 0.0348094 -0.0559976 0.000228231 0.8 0.8 0.8
vn 0.0177292 -0.0319211 -0.999333
v 0.0447937 -0.0490513 0.000228231 0.8 0.8 0.8
vn 0.0245114 -0.0267117 -0.999343
v 0.0527927 -0.0400402 0.000228231 0.8 0.8 0.8
vn 0.0302746 -0.0203067 -0.999335
v 0.0586473 -0.0291138 0.000228231 0.8 0.8 0.8
vn 0.0346654 -0.013145 -0.999313
v 0.0622202 -0.0162879 0.000228231 0.8 0.8 0.8
vn 0.0376165 -0.00564496 -0.999276
v 0.0583684 -8.66353e-09 0.000100019 0.8 0.8 0.8
vn 0.0189475 0.000209231 -0.99982
v 0.0572629 0.0149902 0.000100019 0.8 0.8 0.8
vn 0.0182441 0.00327245 -0.999828
v 0.0539747 0.0267942 0.000100019 0.8 0.8 0.8
vn 0.0169273 0.00704639 -0.999832
v 0.0485865 0.03685 0.000100019 0.8 0.8 0.8
vn 0.0146968 0.0106013 -0.999836
v 0.0412248 0.0451432 0.000100019 0.8 0.8 0.8
vn 0.0117745 0.0137552 -0.999836
v 0.032036 0.051536 0.000100019 0.8 0.8 0.8
vn 0.00836019 0.0163057 -0.999832
v 0.0211233 0.0558876 0.000100019 0.8 0.8 0.8
vn 0.0046935 0.0181148 -0.999825
v 0.00826671 0.0580916 0.000100019 0.8 0.8 0.8
vn 0.00119669 0.0191196 -0.999816
v -0.00826667 0.0580916 0.000100019 0.8 0.8 0.8
vn -0.00163005 0.0185521 -0.999827
v -0.0211232 0.0558876 0.000100019 0.8 0.8 0.8
vn -0.00519218 0.017726 -0.999829
v -0.032036 0.051536 0.000100019 0.8 0.8 0.8
vn -0.00885947 0.0159097 -0.999834
v -0.0412248 0.0451432 0.000100019 0.8 0.8 0.8
vn -0.0122421 0.0133105 -0.999836
v -0.0485865 0.03685 0.000100019 0.8 0.8 0.8
vn -0.0151164 0.0101148 -0.999835
v -0.0539747 0.0267942 0.000100019 0.8 0.8 0.8
vn -0.0173073 0.00654209 -0.999829
v -0.0572628 0.0149902 0.000100019 0.8 0.8 0.8
vn -0.0187912 0.00280232 -0.99982
v -0.0583684 -7.37329e-09 0.000100019 0.8 0.8 0.8
vn -0.0189475 -0.000209231 -0.99982
v -0.0572628 -0.0149902 0.000100019 0.8 0.8 0.8
vn -0.0182441 -0.00327245 -0.999828
v -0.0539747 -0.0267942 0.000100019 0.8 0.8 0.8
vn -0.0169273 -0.00704639 -0.999832
v -0.0485865 -0.0368501 0.000100019 0.8 0.8 0.8
vn -0.0146968 -0.0106013 -0.999836
v -0.0412248 -0.0451432 0.000100019 0.8 0.8 0.8
vn -0.0117745 -0.0137552 -0.999836
v -0.032036 -0.051536 0.000100019 0.8 0.8 0.8
vn -0.00836019 -0.0163057 -0.999832
v -0.0211232 -0.0558876 0.000100019 0.8 0.8 0.8
vn -0.0046935 -0.0181148 -0.999825
v -0.00826667 -0.0580916 0.000100019 0.8 0.8 0.8
vn -0.00119669 -0.0191196 -0.999816
v 0.00826671 -0.0580916 0.000100019 0.8 0.8 0.8
vn 0.00163005 -0.0185521 -0.999827
v 0.0211233 -0.0558876 0.000100019 0.8 0.8 0.8
vn 0.00519218 -0.017726 -0.999829
v 0.032036 -0.051536 0.000100019 0.8 0.8 0.8
vn 0.00885947 -0.0159097 -0.999834
v 0.0412248 -0.0451432 0.000100019 0.8 0.8 0.8
vn 0.0122421 -0.0133105 -0.999836
v 0.0485865 -0.0368501 0.000100019 0.8 0.8 0.8
vn 0.0151164 -0.0101148 -0.999835
v 0.0539747 -0.0267942 0.000100019 0.8 0.8 0.8
vn 0.0173073 -0.00654209 -0.999829
v 0.0572629 -0.0149902 0.000100019 0.8 0.8 0.8
vn 0.0187912 -0.00280232 -0.99982
v 0.0534305 -8.60895e-09 4.0799e-05 0.8 0.8 0.8
vn 0.00872853 0.000103841 -0.999962
v 0.0524185 0.013722 4.0799e-05 0.8 0.8 0.8
vn 0.00839267 0.00151558 -0.999964
v 0.0494085 0.0245274 4.0799e-05 0.8 0.8 0.8
vn 0.00779049 0.0032548 -0.999964
v 0.0444762 0.0337326 4.0799e-05 0.8 0.8 0.8
vn 0.00676263 0.00489216 -0.999965
v 0.0377373 0.0413242 4.0799e-05 0.8 0.8 0.8
vn 0.00541576 0.00634446 -0.999965
v 0.0293258 0.0471761 4.0799e-05 0.8 0.8 0.8
vn 0.00384251 0.00751879 -0.999964
v 0.0193363 0.0511596 4.0799e-05 0.8 0.8 0.8
vn 0.00215351 0.00835267 -0.999963
v 0.00756735 0.0531771 4.0799e-05 0.8 0.8 0.8
vn 0.000543768 0.00882029 -0.999961
v -0.00756732 0.0531771 4.0799e-05 0.8 0.8 0.8
vn -0.000758477 0.00853372 -0.999963
v -0.0193362 0.0511596 4.0799e-05 0.8 0.8 0.8
vn -0.00240051 0.00815795 -0.999964
v -0.0293258 0.0471761 4.0799e-05 0.8 0.8 0.8
vn -0.00408997 0.00732166 -0.999965
v -0.0377372 0.0413242 4.0799e-05 0.8 0.8 0.8
vn -0.00564779 0.00612367 -0.999965
v -0.0444761 0.0337326 4.0799e-05 0.8 0.8 0.8
vn -0.00697122 0.00465095 -0.999965
v -0.0494085 0.0245274 4.0799e-05 0.8 0.8 0.8
vn -0.00798015 0.00300495 -0.999964
v -0.0524185 0.013722 4.0799e-05 0.8 0.8 0.8
vn -0.00866821 0.00128291 -0.999962
v -0.0534305 -7.42787e-09 4.0799e-05 0.8 0.8 0.8
vn -0.00872853 -0.000103841 -0.999962
v -0.0524185 -0.013722 4.0799e-05 0.8 0.8 0.8
vn -0.00839267 -0.00151558 -0.999964
v -0.0494085 -0.0245275 4.0799e-05 0.8 0.8 0.8
vn -0.00779049 -0.0032548 -0.999964
v -0.0444761 -0.0337326 4.0799e-05 0.8 0.8 0.8
vn -0.00676263 -0.00489216 -0.999965
v -0.0377372 -0.0413242 4.0799e-05 0.8 0.8 0.8
vn -0.00541576 -0.00634446 -0.999965
v -0.0293258 -0.0471762 4.0799e-05 0.8 0.8 0.8
vn -0.00384251 -0.00751879 -0.999964
v -0.0193362 -0.0511596 4.0799e-05 0.8 0.8 0.8
vn -0.00215351 -0.00835267 -0.999963
v -0.00756732 -0.0531771 4.0799e-05 0.8 0.8 0.8
vn -0.000543768 -0.00882029 -0.999961
v 0.00756735 -0.0531771 4.0799e-05 0.8 0.8 0.8
vn 0.000758477 -0.00853372 -0.999963
v 0.0193363 -0.0511596 4.0799e-05 0.8 0.8 0.8
vn 0.00240051 -0.00815795 -0.999964
v 0.0293258 -0.0471762 4.0799e-05 0.8 0.8 0.8
vn 0.00408997 -0.00732166 -0.999965
v 0.0377373 -0.0413242 4.0799e-05 0.8 0.8 0.8
vn 0.00564779 -0.00612367 -0.999965
v 0.0444762 -0.0337326 4.0799e-05 0.8 0.8 0.8
vn 0.00697122 -0.00465095 -0.999965
v 0.0494085 -0.0245275 4.0799e-05 0.8 0.8 0.8
vn 0.00798015 -0.00300495 -0.999964
v 0.0524185 -0.013722 4.0799e-05 0.8 0.8 0.8
vn 0.00866821 -0.00128291 -0.999962
v 0.0485443 -8.55495e-09 1.5284e-05 0.8 0.8 0.8
vn 0.00370656 4.78494e-05 -0.999993
v 0.0476248 0.0124671 1.5284e-05 0.8 0.8 0.8
vn 0.00355861 0.000647765 -0.999993
v 0.0448901 0.0222844 1.5284e-05 0.8 0.8 0.8
vn 0.0033047 0.00138664 -0.999994
v 0.0404088 0.0306477 1.5284e-05 0.8 0.8 0.8
vn 0.00286794 0.00208179 -0.999994
v 0.0342862 0.0375451 1.5284e-05 0.8 0.8 0.8
vn 0.00229561 0.00269816 -0.999994
v 0.026644 0.0428619 1.5284e-05 0.8 0.8 0.8
vn 0.00162728 0.00319645 -0.999994
v 0.017568 0.046481 1.5284e-05 0.8 0.8 0.8
vn 0.00091007 0.00355061 -0.999993
v 0.00687532 0.048314 1.5284e-05 0.8 0.8 0.8
vn 0.000227084 0.00375107 -0.999993
v -0.00687528 0.048314 1.5284e-05 0.8 0.8 0.8
vn -0.000325962 0.00361823 -0.999993
v -0.0175679 0.046481 1.5284e-05 0.8 0.8 0.8
vn -0.00102381 0.00346059 -0.999993
v -0.0266439 0.0428619 1.5284e-05 0.8 0.8 0.8
vn -0.00174125 0.00310551 -0.999994
v -0.0342861 0.0375451 1.5284e-05 0.8 0.8 0.8
vn -0.00240251 0.00259641 -0.999994
v -0.0404088 0.0306477 1.5284e-05 0.8 0.8 0.8
vn -0.00296411 0.00197068 -0.999994
v -0.04489 0.0222844 1.5284e-05 0.8 0.8 0.8
vn -0.00339227 0.00127157 -0.999993
v -0.0476248 0.0124671 1.5284e-05 0.8 0.8 0.8
vn -0.00368622 0.000540657 -0.999993
v -0.0485443 -7.48188e-09 1.5284e-05 0.8 0.8 0.8
vn -0.00370656 -4.78494e-05 -0.999993
v -0.0476248 -0.0124671 1.5284e-05 0.8 0.8 0.8
vn -0.00355861 -0.000647765 -0.999993
v -0.04489 -0.0222844 1.5284e-05 0.8 0.8 0.8
vn -0.0033047 -0.00138664 -0.999994
v -0.0404088 -0.0306477 1.5284e-05 0.8 0.8 0.8
vn -0.00286794 -0.00208179 -0.999994
v -0.0342861 -0.0375451 1.5284e-05 0.8 0.8 0.8
vn -0.00229561 -0.00269816 -0.999994
v -0.0266439 -0.0428619 1.5284e-05 0.8 0.8 0.8
vn -0.00162728 -0.00319645 -0.999994
v -0.0175679 -0.046481 1.5284e-05 0.8 0.8 0.8
vn -0.00091007 -0.00355061 -0.999993
v -0.00687528 -0.048314 1.5284e-05 0.8 0.8 0.8
vn -0.000227084 -0.00375107 -0.999993
v 0.00687532 -0.048314 1.5284e-05 0.8 0.8 0.8
vn 0.000325962 -0.00361823 -0.999993
v 0.017568 -0.046481 1.5284e-05 0.8 0.8 0.8
vn 0.00102381 -0.00346059 -0.999993
v 0.026644 -0.0428619 1.5284e-05 0.8 0.8 0.8
vn 0.00174125 -0.00310551 -0.999994
v 0.0342862 -0.0375451 1.5284e-05 0.8 0.8 0.8
vn 0.00240251 -0.00259641 -0.999994
v 0.0404088 -0.0306477 1.5284e-05 0.8 0.8 0.8
vn 0.00296411 -0.00197068 -0.999994
v 0.0448901 -0.0222844 1.5284e-05 0.8 0.8 0.8
vn 0.00339227 -0.00127157 -0.999993
v 0.0476248 -0.0124671 1.5284e-05 0.8 0.8 0.8
vn 0.00368622 -0.000540657 -0.999993
v 0.0436795 -8.50118e-09 5.16889e-06 0.8 0.8 0.8
vn 0.00143796 2.02834e-05 -0.999999
v 0.0428522 0.0112178 5.16889e-06 0.8 0.8 0.8
vn 0.00137825 0.000253238 -0.999999
v 0.0403915 0.0200512 5.16889e-06 0.8 0.8 0.8
vn 0.00128048 0.000540016 -0.999999
v 0.0363593 0.0275764 5.16889e-06 0.8 0.8 0.8
vn 0.00111088 0.000809627 -0.999999
v 0.0308503 0.0337826 5.16889e-06 0.8 0.8 0.8
vn 0.000888656 0.00104858 -0.999999
v 0.0239739 0.0385666 5.16889e-06 0.8 0.8 0.8
vn 0.000629254 0.00124169 -0.999999
v 0.0158074 0.041823 5.16889e-06 0.8 0.8 0.8
vn 0.000351023 0.00137907 -0.999999
v 0.00618633 0.0434723 5.16889e-06 0.8 0.8 0.8
vn 8.63339e-05 0.00145759 -0.999999
v -0.00618629 0.0434723 5.16889e-06 0.8 0.8 0.8
vn -0.000128248 0.00140128 -0.999999
v -0.0158074 0.041823 5.16889e-06 0.8 0.8 0.8
vn -0.000399236 0.00134091 -0.999999
v -0.0239739 0.0385666 5.16889e-06 0.8 0.8 0.8
vn -0.000677566 0.00120314 -0.999999
v -0.0308502 0.0337826 5.16889e-06 0.8 0.8 0.8
vn -0.000933973 0.00100544 -0.999999
v -0.0363593 0.0275764 5.16889e-06 0.8 0.8 0.8
vn -0.00115165 0.000762527 -0.999999
v -0.0403915 0.0200512 5.16889e-06 0.8 0.8 0.8
vn -0.0013176 0.000491241 -0.999999
v -0.0428522 0.0112178 5.16889e-06 0.8 0.8 0.8
vn -0.00143235 0.000207835 -0.999999
v -0.0436795 -7.53564e-09 5.16889e-06 0.8 0.8 0.8
vn -0.00143796 -2.02834e-05 -0.999999
v -0.0428522 -0.0112178 5.16889e-06 0.8 0.8 0.8
vn -0.00137825 -0.000253238 -0.999999
v -0.0403915 -0.0200512 5.16889e-06 0.8 0.8 0.8
vn -0.00128048 -0.000540016 -0.999999
v -0.0363593 -0.0275764 5.16889e-06 0.8 0.8 0.8
vn -0.00111088 -0.000809627 -0.999999
v -0.0308502 -0.0337826 5.16889e-06 0.8 0.8 0.8
vn -0.000888656 -0.00104858 -0.999999
v -0.0239739 -0.0385666 5.16889e-06 0.8 0.8 0.8
vn -0.000629254 -0.00124169 -0.999999
v -0.0158074 -0.041823 5.16889e-06 0.8 0.8 0.8
vn -0.000351023 -0.00137907 -0.999999
v -0.00618629 -0.0434724 5.16889e-06 0.8 0.8 0.8
vn -8.63339e-05 -0.00145759 -0.999999
v 0.00618633 -0.0434724 5.16889e-06 0.8 0.8 0.8
vn 0.000128248 -0.00140128 -0.999999
v 0.0158074 -0.041823 5.16889e-06 0.8 0.8 0.8
vn 0.000399236 -0.00134091 -0.999999
v 0.0239739 -0.0385666 5.16889e-06 0.8 0.8 0.8
vn 0.000677566 -0.00120314 -0.999999
v 0.0308503 -0.0337826 5.16889e-06 0.8 0.8 0.8
vn 0.000933973 -0.00100544 -0.999999
v 0.0363593 -0.0275764 5.16889e-06 0.8 0.8 0.8
vn 0.00115165 -0.000762527 -0.999999
v 0.0403915 -0.0200512 5.16889e-06 0.8 0.8 0.8
vn 0.0013176 -0.000491241 -0.999999
v 0.0428522 -0.0112178 5.16889e-06 0.8 0.8 0.8
vn 0.00143235 -0.000207835 -0.999999
v 0.038823 -8.4475e-09 1.5455e-06 0.8 0.8 0.8
vn 0.000501614 7.78634e-06 -1
v 0.0380876 0.00997049 1.5455e-06 0.8 0.8 0.8
vn 0.00047986 8.91457e-05 -1
v 0.0359005 0.0178218 1.5455e-06 0.8 0.8 0.8
vn 0.000446035 0.000189238 -1
v 0.0323167 0.0245103 1.5455e-06 0.8 0.8 0.8
vn 0.000386806 0.000283256 -1
v 0.0274201 0.0300264 1.5455e-06 0.8 0.8 0.8
vn 0.000309203 0.000366538 -1
v 0.0213083 0.0342785 1.5455e-06 0.8 0.8 0.8
vn 0.00021866 0.000433819 -1
v 0.0140499 0.0371729 1.5455e-06 0.8 0.8 0.8
vn 0.000121605 0.000481723 -1
v 0.00549849 0.0386388 1.5455e-06 0.8 0.8 0.8
vn 2.93865e-05 0.000509404 -1
v -0.00549846 0.0386388 1.5455e-06 0.8 0.8 0.8
vn -4.54821e-05 0.00048786 -1
v -0.0140498 0.0371729 1.5455e-06 0.8 0.8 0.8
vn -0.00014012 0.000467102 -1
v -0.0213083 0.0342785 1.5455e-06 0.8 0.8 0.8
vn -0.000237211 0.00041903 -1
v -0.0274201 0.0300264 1.5455e-06 0.8 0.8 0.8
vn -0.0003266 0.000349981 -1
v -0.0323166 0.0245103 1.5455e-06 0.8 0.8 0.8
vn -0.00040245 0.000265172 -1
v -0.0359005 0.0178218 1.5455e-06 0.8 0.8 0.8
vn -0.000460269 0.000170507 -1
v -0.0380876 0.00997049 1.5455e-06 0.8 0.8 0.8
vn -0.000500566 7.17067e-05 -1
v -0.0388229 -7.58932e-09 1.5455e-06 0.8 0.8 0.8
vn -0.000501614 -7.78634e-06 -1
v -0.0380876 -0.00997051 1.5455e-06 0.8 0.8 0.8
vn -0.00047986 -8.91457e-05 -1
v -0.0359005 -0.0178218 1.5455e-06 0.8 0.8 0.8
vn -0.000446035 -0.000189238 -1
v -0.0323166 -0.0245103 1.5455e-06 0.8 0.8 0.8
vn -0.000386806 -0.000283256 -1
v -0.0274201 -0.0300264 1.5455e-06 0.8 0.8 0.8
vn -0.000309203 -0.000366538 -1
v -0.0213083 -0.0342785 1.5455e-06 0.8 0.8 0.8
vn -0.00021866 -0.000433819 -1
v -0.0140498 -0.0371729 1.5455e-06 0.8 0.8 0.8
vn -0.000121605 -0.000481723 -1
v -0.00549846 -0.0386388 1.5455e-06 0.8 0.8 0.8
vn -2.93865e-05 -0.000509404 -1
v 0.00549849 -0.0386388 1.5455e-06 0.8 0.8 0.8
vn 4.54821e-05 -0.00048786 -1
v 0.0140499 -0.0371729 1.5455e-06 0.8 0.8 0.8
vn 0.00014012 -0.000467102 -1
v 0.0213083 -0.0342785 1.5455e-06 0.8 0.8 0.8
vn 0.000237211 -0.00041903 -1
v 0.0274201 -0.0300264 1.5455e-06 0.8 0.8 0.8
vn 0.0003266 -0.000349981 -1
v 0.0323167 -0.0245103 1.5455e-06 0.8 0.8 0.8
vn 0.00040245 -0.000265172 -1
v 0.0359005 -0.0178218 1.5455e-06 0.8 0.8 0.8
vn 0.000460269 -0.000170507 -1
v 0.0380876 -0.00997051 1.5455e-06 0.8 0.8 0.8
vn 0.000500566 -7.17067e-05 -1
v 0.0339692 -8.39386e-09 4.01338e-07 0.8 0.8 0.8
vn 0.000153662 2.6442e-06 -1
v 0.0333258 0.00872395 4.01338e-07 0.8 0.8 0.8
vn 0.000146669 2.76043e-05 -1
v 0.0314121 0.0155937 4.01338e-07 0.8 0.8 0.8
vn 0.000136404 5.82844e-05 -1
v 0.0282763 0.0214459 4.01338e-07 0.8 0.8 0.8
vn 0.000118233 8.70733e-05 -1
v 0.023992 0.0262724 4.01338e-07 0.8 0.8 0.8
vn 9.44299e-05 0.000112558 -1
v 0.0186443 0.0299929 4.01338e-07 0.8 0.8 0.8
vn 6.66735e-05 0.000133136 -1
v 0.0122933 0.0325254 4.01338e-07 0.8 0.8 0.8
vn 3.69429e-05 0.000147802 -1
v 0.00481106 0.0338081 4.01338e-07 0.8 0.8 0.8
vn 8.73578e-06 0.000156379 -1
v -0.00481102 0.0338081 4.01338e-07 0.8 0.8 0.8
vn -1.42053e-05 0.000149109 -1
v -0.0122933 0.0325254 4.01338e-07 0.8 0.8 0.8
vn -4.32353e-05 0.000142854 -1
v -0.0186443 0.0299929 4.01338e-07 0.8 0.8 0.8
vn -7.29765e-05 0.00012812 -1
v -0.0239919 0.0262724 4.01338e-07 0.8 0.8 0.8
vn -0.000100339 0.000106936 -1
v -0.0282763 0.0214459 4.01338e-07 0.8 0.8 0.8
vn -0.000123543 8.09299e-05 -1
v -0.0314121 0.0155937 4.01338e-07 0.8 0.8 0.8
vn -0.000141227 5.19198e-05 -1
v -0.0333257 0.00872395 4.01338e-07 0.8 0.8 0.8
vn -0.000153663 2.16759e-05 -1
v -0.0339692 -7.64297e-09 4.01338e-07 0.8 0.8 0.8
vn -0.000153662 -2.6442e-06 -1
v -0.0333257 -0.00872396 4.01338e-07 0.8 0.8 0.8
vn -0.000146669 -2.76043e-05 -1
v -0.0314121 -0.0155937 4.01338e-07 0.8 0.8 0.8
vn -0.000136404 -5.82844e-05 -1
v -0.0282763 -0.021446 4.01338e-07 0.8 0.8 0.8
vn -0.000118233 -8.70733e-05 -1
v -0.0239919 -0.0262724 4.01338e-07 0.8 0.8 0.8
vn -9.44299e-05 -0.000112558 -1
v -0.0186443 -0.0299929 4.01338e-07 0.8 0.8 0.8
vn -6.66735e-05 -0.000133136 -1
v -0.0122933 -0.0325254 4.01338e-07 0.8 0.8 0.8
vn -3.69429e-05 -0.000147802 -1
v -0.00481102 -0.0338081 4.01338e-07 0.8 0.8 0.8
vn -8.73578e-06 -0.000156379 -1
v 0.00481106 -0.0338081 4.01338e-07 0.8 0.8 0.8
vn 1.42053e-05 -0.000149109 -1
v 0.0122933 -0.0325254 4.01338e-07 0.8 0.8 0.8
vn 4.32353e-05 -0.000142854 -1
v 0.0186443 -0.0299929 4.01338e-07 0.8 0.8 0.8
vn 7.29765e-05 -0.00012812 -1
v 0.023992 -0.0262724 4.01338e-07 0.8 0.8 0.8
vn 0.000100339 -0.000106936 -1
v 0.0282763 -0.021446 4.01338e-07 0.8 0.8 0.8
vn 0.000123543 -8.09299e-05 -1
v 0.0314121 -0.0155937 4.01338e-07 0.8 0.8 0.8
vn 0.000141227 -5.19198e-05 -1
v 0.0333258 -0.00872396 4.01338e-07 0.8 0.8 0.8
vn 0.000153663 -2.16759e-05 -1
v 0.0291162 -8.34022e-09 9.37852e-08 0.8 0.8 0.8
vn 3.99524e-05 7.67779e-07 -1
v 0.0285648 0.00747761 9.37852e-08 0.8 0.8 0.8
vn 3.80355e-05 7.26963e-06 -1
v 0.0269245 0.0133659 9.37852e-08 0.8 0.8 0.8
vn 3.5394e-05 1.52519e-05 -1
v 0.0242367 0.0183821 9.37852e-08 0.8 0.8 0.8
vn 3.06609e-05 2.27331e-05 -1
v 0.0205644 0.022519 9.37852e-08 0.8 0.8 0.8
vn 2.44621e-05 2.93504e-05 -1
v 0.0159807 0.025708 9.37852e-08 0.8 0.8 0.8
vn 1.7239e-05 3.46903e-05 -1
v 0.010537 0.0278787 9.37852e-08 0.8 0.8 0.8
vn 9.50916e-06 3.84998e-05 -1
v 0.00412373 0.0289781 9.37852e-08 0.8 0.8 0.8
vn 2.18866e-06 4.07573e-05 -1
v -0.0041237 0.0289781 9.37852e-08 0.8 0.8 0.8
vn -3.77839e-06 3.86674e-05 -1
v -0.010537 0.0278787 9.37852e-08 0.8 0.8 0.8
vn -1.13383e-05 3.70706e-05 -1
v -0.0159807 0.025708 9.37852e-08 0.8 0.8 0.8
vn -1.90706e-05 3.32365e-05 -1
v -0.0205644 0.022519 9.37852e-08 0.8 0.8 0.8
vn -2.61782e-05 2.77185e-05 -1
v -0.0242367 0.0183821 9.37852e-08 0.8 0.8 0.8
vn -3.22012e-05 2.09483e-05 -1
v -0.0269245 0.0133659 9.37852e-08 0.8 0.8 0.8
vn -3.67901e-05 1.3402e-05 -1
v -0.0285647 0.00747762 9.37852e-08 0.8 0.8 0.8
vn -4.00492e-05 5.54543e-06 -1
v -0.0291162 -7.69661e-09 9.37852e-08 0.8 0.8 0.8
vn -3.99524e-05 -7.67779e-07 -1
v -0.0285647 -0.00747763 9.37852e-08 0.8 0.8 0.8
vn -3.80355e-05 -7.26963e-06 -1
v -0.0269245 -0.0133659 9.37852e-08 0.8 0.8 0.8
vn -3.5394e-05 -1.52519e-05 -1
v -0.0242367 -0.0183821 9.37852e-08 0.8 0.8 0.8
vn -3.06609e-05 -2.27331e-05 -1
v -0.0205644 -0.0225191 9.37852e-08 0.8 0.8 0.8
vn -2.44621e-05 -2.93504e-05 -1
v -0.0159807 -0.025708 9.37852e-08 0.8 0.8 0.8
vn -1.7239e-05 -3.46903e-05 -1
v -0.010537 -0.0278787 9.37852e-08 0.8 0.8 0.8
vn -9.50916e-06 -3.84998e-05 -1
v -0.0041237 -0.0289781 9.37852e-08 0.8 0.8 0.8
vn -2.18866e-06 -4.07573e-05 -1
v 0.00412373 -0.0289781 9.37852e-08 0.8 0.8 0.8
vn 3.77839e-06 -3.86674e-05 -1
v 0.010537 -0.0278787 9.37852e-08 0.8 0.8 0.8
vn 1.13383e-05 -3.70706e-05 -1
v 0.0159807 -0.025708 9.37852e-08 0.8 0.8 0.8
vn 1.90706e-05 -3.32365e-05 -1
v 0.0205644 -0.0225191 9.37852e-08 0.8 0.8 0.8
vn 2.61782e-05 -2.77185e-05 -1
v 0.0242367 -0.0183821 9.37852e-08 0.8 0.8 0.8
vn 3.22012e-05 -2.09483e-05 -1
v 0.0269245 -0.0133659 9.37852e-08 0.8 0.8 0.8
vn 3.67901e-05 -1.3402e-05 -1
v 0.0285648 -0.00747763 9.37852e-08 0.8 0.8 0.8
vn 4.00492e-05 -5.54543e-06 -1
v 0.0242635 -8.28659e-09 2.69456e-08 0.8 0.8 0.8
vn 8.38809e-06 1.81208e-07 -1
v 0.0238039 0.00623133 2.69456e-08 0.8 0.8 0.8
vn 7.96225e-06 1.54961e-06 -1
v 0.0224371 0.0111382 2.69456e-08 0.8 0.8 0.8
vn 7.41365e-06 3.22672e-06 -1
v 0.0201972 0.0153184 2.69456e-08 0.8 0.8 0.8
vn 6.41748e-06 4.79634e-06 -1
v 0.017137 0.0187658 2.69456e-08 0.8 0.8 0.8
vn 5.11345e-06 6.18337e-06 -1
v 0.0133172 0.0214233 2.69456e-08 0.8 0.8 0.8
vn 3.5953e-06 7.3017e-06 -1
v 0.00878086 0.0232322 2.69456e-08 0.8 0.8 0.8
vn 1.9724e-06 8.10019e-06 -1
v 0.00343644 0.0241484 2.69456e-08 0.8 0.8 0.8
vn 4.38863e-07 8.57989e-06 -1
v -0.00343641 0.0241484 2.69456e-08 0.8 0.8 0.8
vn -8.14669e-07 8.0946e-06 -1
v -0.00878082 0.0232322 2.69456e-08 0.8 0.8 0.8
vn -2.40491e-06 7.76574e-06 -1
v -0.0133172 0.0214233 2.69456e-08 0.8 0.8 0.8
vn -4.02813e-06 6.9596e-06 -1
v -0.0171369 0.0187658 2.69456e-08 0.8 0.8 0.8
vn -5.51861e-06 5.79837e-06 -1
v -0.0201972 0.0153184 2.69456e-08 0.8 0.8 0.8
vn -6.78049e-06 4.37473e-06 -1
v -0.022437 0.0111382 2.69456e-08 0.8 0.8 0.8
vn -7.74142e-06 2.78944e-06 -1
v -0.0238039 0.00623133 2.69456e-08 0.8 0.8 0.8
vn -8.43107e-06 1.1416e-06 -1
v -0.0242635 -7.75024e-09 2.69456e-08 0.8 0.8 0.8
vn -8.38809e-06 -1.81208e-07 -1
v -0.0238039 -0.00623135 2.69456e-08 0.8 0.8 0.8
vn -7.96225e-06 -1.54961e-06 -1
v -0.022437 -0.0111382 2.69456e-08 0.8 0.8 0.8
vn -7.41365e-06 -3.22672e-06 -1
v -0.0201972 -0.0153184 2.69456e-08 0.8 0.8 0.8
vn -6.41748e-06 -4.79634e-06 -1
v -0.0171369 -0.0187659 2.69456e-08 0.8 0.8 0.8
vn -5.11345e-06 -6.18337e-06 -1
v -0.0133172 -0.0214233 2.69456e-08 0.8 0.8 0.8
vn -3.5953e-06 -7.3017e-06 -1
v -0.00878082 -0.0232322 2.69456e-08 0.8 0.8 0.8
vn -1.9724e-06 -8.10019e-06 -1
v -0.00343641 -0.0241484 2.69456e-08 0.8 0.8 0.8
vn -4.38863e-07 -8.57989e-06 -1
v 0.00343644 -0.0241484 2.69456e-08 0.8 0.8 0.8
vn 8.14669e-07 -8.0946e-06 -1
v 0.00878086 -0.0232322 2.69456e-08 0.8 0.8 0.8
vn 2.40491e-06 -7.76574e-06 -1
v 0.0133172 -0.0214233 2.69456e-08 0.8 0.8 0.8
vn 4.02813e-06 -6.9596e-06 -1
v 0.017137 -0.0187659 2.69456e-08 0.8 0.8 0.8
vn 5.51861e-06 -5.79837e-06 -1
v 0.0201972 -0.0153184 2.69456e-08 0.8 0.8 0.8
vn 6.78049e-06 -4.37473e-06 -1
v 0.0224371 -0.0111382 2.69456e-08 0.8 0.8 0.8
vn 7.74142e-06 -2.78944e-06 -1
v 0.0238039 -0.00623135 2.69456e-08 0.8 0.8 0.8
vn 8.43107e-06 -1.1416e-06 -1
v 0.0194108 -8.23295e-09 1.61085e-08 0.8 0.8 0.8
vn 1.31781e-06 3.2138e-08 -1
v 0.0190431 0.00498506 1.61085e-08 0.8 0.8 0.8
vn 1.24705e-06 2.47825e-07 -1
v 0.0179496 0.00891058 1.61085e-08 0.8 0.8 0.8
vn 1.16164e-06 5.11489e-07 -1
v 0.0161578 0.0122547 1.61085e-08 0.8 0.8 0.8
vn 1.00461e-06 7.5786e-07 -1
v 0.0137096 0.0150127 1.61085e-08 0.8 0.8 0.8
vn 7.99228e-07 9.75309e-07 -1
v 0.0106538 0.0171386 1.61085e-08 0.8 0.8 0.8
vn 5.6039e-07 1.15043e-06 -1
v 0.00702469 0.0185858 1.61085e-08 0.8 0.8 0.8
vn 3.05414e-07 1.2755e-06 -1
v 0.00274916 0.0193187 1.61085e-08 0.8 0.8 0.8
vn 6.51442e-08 1.35155e-06 -1
v -0.00274912 0.0193187 1.61085e-08 0.8 0.8 0.8
vn -1.31977e-07 1.26788e-06 -1
v -0.00702465 0.0185858 1.61085e-08 0.8 0.8 0.8
vn -3.82362e-07 1.21705e-06 -1
v -0.0106538 0.0171386 1.61085e-08 0.8 0.8 0.8
vn -6.37319e-07 1.09006e-06 -1
v -0.0137096 0.0150127 1.61085e-08 0.8 0.8 0.8
vn -8.71125e-07 9.07074e-07 -1
v -0.0161577 0.0122547 1.61085e-08 0.8 0.8 0.8
vn -1.06884e-06 6.82976e-07 -1
v -0.0179496 0.00891058 1.61085e-08 0.8 0.8 0.8
vn -1.21926e-06 4.3373e-07 -1
v -0.0190431 0.00498507 1.61085e-08 0.8 0.8 0.8
vn -1.32825e-06 1.75144e-07 -1
v -0.0194108 -7.80387e-09 1.61085e-08 0.8 0.8 0.8
vn -1.31781e-06 -3.2138e-08 -1
v -0.0190431 -0.00498508 1.61085e-08 0.8 0.8 0.8
vn -1.24705e-06 -2.47825e-07 -1
v -0.0179496 -0.00891059 1.61085e-08 0.8 0.8 0.8
vn -1.16164e-06 -5.11489e-07 -1
v -0.0161577 -0.0122547 1.61085e-08 0.8 0.8 0.8
vn -1.00461e-06 -7.5786e-07 -1
v -0.0137096 -0.0150127 1.61085e-08 0.8 0.8 0.8
vn -7.99228e-07 -9.75309e-07 -1
v -0.0106538 -0.0171386 1.61085e-08 0.8 0.8 0.8
vn -5.6039e-07 -1.15043e-06 -1
v -0.00702465 -0.0185858 1.61085e-08 0.8 0.8 0.8
vn -3.05414e-07 -1.2755e-06 -1
v -0.00274912 -0.0193187 1.61085e-08 0.8 0.8 0.8
vn -6.51442e-08 -1.35155e-06 -1
v 0.00274916 -0.0193187 1.61085e-08 0.8 0.8 0.8
vn 1.31977e-07 -1.26788e-06 -1
v 0.00702469 -0.0185858 1.61085e-08 0.8 0.8 0.8
vn 3.82362e-07 -1.21705e-06 -1
v 0.0106538 -0.0171386 1.61085e-08 0.8 0.8 0.8
vn 6.37319e-07 -1.09006e-06 -1
v 0.0137096 -0.0150127 1.61085e-08 0.8 0.8 0.8
vn 8.71125e-07 -9.07074e-07 -1
v 0.0161578 -0.0122547 1.61085e-08 0.8 0.8 0.8
vn 1.06884e-06 -6.82976e-07 -1
v 0.0179496 -0.00891059 1.61085e-08 0.8 0.8 0.8
vn 1.21926e-06 -4.3373e-07 -1
v 0.0190431 -0.00498508 1.61085e-08 0.8 0.8 0.8
vn 1.32825e-06 -1.75144e-07 -1
v 0.0145581 -8.17932e-09 1.49634e-08 0.8 0.8 0.8
vn 1.36711e-07 3.76408e-09 -1
v 0.0142824 0.0037388 1.49634e-08 0.8 0.8 0.8
vn 1.29024e-07 2.62462e-08 -1
v 0.0134622 0.00668293 1.49634e-08 0.8 0.8 0.8
vn 1.20178e-07 5.36097e-08 -1
v 0.0121183 0.00919103 1.49634e-08 0.8 0.8 0.8
vn 1.03806e-07 7.91356e-08 -1
v 0.0102822 0.0112595 1.49634e-08 0.8 0.8 0.8
vn 8.24274e-08 1.0163e-07 -1
v 0.00799035 0.012854 1.49634e-08 0.8 0.8 0.8
vn 5.76054e-08 1.19715e-07 -1
v 0.00526852 0.0139393 1.49634e-08 0.8 0.8 0.8
vn 3.11502e-08 1.32613e-07 -1
v 0.00206187 0.014489 1.49634e-08 0.8 0.8 0.8
vn 6.3078e-09 1.40492e-07 -1
v -0.00206184 0.014489 1.49634e-08 0.8 0.8 0.8
vn -1.41752e-08 1.31215e-07 -1
v -0.00526848 0.0139393 1.49634e-08 0.8 0.8 0.8
vn -4.0215e-08 1.25957e-07 -1
v -0.00799031 0.012854 1.49634e-08 0.8 0.8 0.8
vn -6.66515e-08 1.12712e-07 -1
v -0.0102822 0.0112595 1.49634e-08 0.8 0.8 0.8
vn -9.08572e-08 9.36486e-08 -1
v -0.0121183 0.00919103 1.49634e-08 0.8 0.8 0.8
vn -1.11293e-07 7.03409e-08 -1
v -0.0134622 0.00668293 1.49634e-08 0.8 0.8 0.8
vn -1.26812e-07 4.44573e-08 -1
v -0.0142823 0.0037388 1.49634e-08 0.8 0.8 0.8
vn -1.3811e-07 1.76633e-08 -1
v -0.0145581 -7.85751e-09 1.49634e-08 0.8 0.8 0.8
vn -1.36711e-07 -3.76408e-09 -1
v -0.0142823 -0.00373881 1.49634e-08 0.8 0.8 0.8
vn -1.29024e-07 -2.62462e-08 -1
v -0.0134622 -0.00668295 1.49634e-08 0.8 0.8 0.8
vn -1.20178e-07 -5.36097e-08 -1
v -0.0121183 -0.00919105 1.49634e-08 0.8 0.8 0.8
vn -1.03806e-07 -7.91356e-08 -1
v -0.0102822 -0.0112595 1.49634e-08 0.8 0.8 0.8
vn -8.24274e-08 -1.0163e-07 -1
v -0.00799031 -0.012854 1.49634e-08 0.8 0.8 0.8
vn -5.76054e-08 -1.19715e-07 -1
v -0.00526848 -0.0139393 1.49634e-08 0.8 0.8 0.8
vn -3.11502e-08 -1.32613e-07 -1
v -0.00206184 -0.014489 1.49634e-08 0.8 0.8 0.8
vn -6.3078e-09 -1.40492e-07 -1
v 0.00206187 -0.014489 1.49634e-08 0.8 0.8 0.8
vn 1.41752e-08 -1.31215e-07 -1
v 0.00526852 -0.0139393 1.49634e-08 0.8 0.8 0.8
vn 4.0215e-08 -1.25957e-07 -1
v 0.00799035 -0.012854 1.49634e-08 0.8 0.8 0.8
vn 6.66515e-08 -1.12712e-07 -1
v 0.0102822 -0.0112595 1.49634e-08 0.8 0.8 0.8
vn 9.08572e-08 -9.36486e-08 -1
v 0.0121183 -0.00919105 1.49634e-08 0.8 0.8 0.8
vn 1.11293e-07 -7.03409e-08 -1
v 0.0134622 -0.00668295 1.49634e-08 0.8 0.8 0.8
vn 1.26812e-07 -4.44573e-08 -1
v 0.0142824 -0.00373881 1.49634e-08 0.8 0.8 0.8
vn 1.3811e-07 -1.76633e-08 -1
v 0.00970541 -8.12568e-09 1.49021e-08 0.8 0.8 0.8
vn 7.44712e-09 2.31603e-10 -1
v 0.00952158 0.00249253 1.49021e-08 0.8 0.8 0.8
vn 7.02303e-09 1.4664e-09 -1
v 0.00897483 0.00445528 1.49021e-08 0.8 0.8 0.8
vn 6.53022e-09 2.95611e-09 -1
v 0.0080789 0.00612735 1.49021e-08 0.8 0.8 0.8
vn 5.63039e-09 4.3436e-09 -1
v 0.0068548 0.00750633 1.49021e-08 0.8 0.8 0.8
vn 4.45984e-09 5.56361e-09 -1
v 0.00532691 0.00856931 1.49021e-08 0.8 0.8 0.8
vn 3.10402e-09 6.54133e-09 -1
v 0.00351235 0.00929288 1.49021e-08 0.8 0.8 0.8
vn 1.66227e-09 7.23435e-09 -1
v 0.00137459 0.00965935 1.49021e-08 0.8 0.8 0.8
vn 3.15137e-10 7.64981e-09 -1
v -0.00137455 0.00965935 1.49021e-08 0.8 0.8 0.8
vn -8.0449e-10 7.14792e-09 -1
v -0.00351232 0.00929288 1.49021e-08 0.8 0.8 0.8
vn -2.22694e-09 6.84983e-09 -1
v -0.00532687 0.00856931 1.49021e-08 0.8 0.8 0.8
vn -3.66536e-09 6.11929e-09 -1
v -0.00685477 0.00750633 1.49021e-08 0.8 0.8 0.8
vn -4.97971e-09 5.07384e-09 -1
v -0.00807886 0.00612735 1.49021e-08 0.8 0.8 0.8
vn -6.08651e-09 3.79929e-09 -1
v -0.00897479 0.00445528 1.49021e-08 0.8 0.8 0.8
vn -6.92351e-09 2.38702e-09 -1
v -0.00952154 0.00249253 1.49021e-08 0.8 0.8 0.8
vn -7.52604e-09 9.29032e-10 -1
v -0.00970537 -7.91114e-09 1.49021e-08 0.8 0.8 0.8
vn -7.44712e-09 -2.31603e-10 -1
v -0.00952154 -0.00249254 1.49021e-08 0.8 0.8 0.8
vn -7.02303e-09 -1.4664e-09 -1
v -0.00897479 -0.0044553 1.49021e-08 0.8 0.8 0.8
vn -6.53022e-09 -2.95611e-09 -1
v -0.00807886 -0.00612737 1.49021e-08 0.8 0.8 0.8
vn -5.63039e-09 -4.3436e-09 -1
v -0.00685477 -0.00750634 1.49021e-08 0.8 0.8 0.8
vn -4.45984e-09 -5.56361e-09 -1
v -0.00532687 -0.00856932 1.49021e-08 0.8 0.8 0.8
vn -3.10402e-09 -6.54133e-09 -1
v -0.00351232 -0.0092929 1.49021e-08 0.8 0.8 0.8
vn -1.66227e-09 -7.23435e-09 -1
v -0.00137455 -0.00965937 1.49021e-08 0.8 0.8 0.8
vn -3.15137e-10 -7.64981e-09 -1
v 0.00137459 -0.00965937 1.49021e-08 0.8 0.8 0.8
vn 8.0449e-10 -7.14792e-09 -1
v 0.00351235 -0.0092929 1.49021e-08 0.8 0.8 0.8
vn 2.22694e-09 -6.84983e-09 -1
v 0.00532691 -0.00856933 1.49021e-08 0.8 0.8 0.8
vn 3.66536e-09 -6.11929e-09 -1
v 0.0068548 -0.00750634 1.49021e-08 0.8 0.8 0.8
vn 4.97971e-09 -5.07384e-09 -1
v 0.0080789 -0.00612737 1.49021e-08 0.8 0.8 0.8
vn 6.08651e-09 -3.79929e-09 -1
v 0.00897483 -0.0044553 1.49021e-08 0.8 0.8 0.8
vn 6.92351e-09 -2.38702e-09 -1
v 0.00952158 -0.00249254 1.49021e-08 0.8 0.8 0.8
vn 7.52604e-09 -9.29032e-10 -1
v 0.00485271 -8.07205e-09 1.49012e-08 0.8 0.8 0.8
vn 1.30786e-10 4.821e-12 -1
v 0.0047608 0.00124626 1.49012e-08 0.8 0.8 0.8
vn 1.24098e-10 2.70071e-11 -1
v 0.00448742 0.00222764 1.49012e-08 0.8 0.8 0.8
vn 1.14459e-10 5.30453e-11 -1
v 0.00403946 0.00306367 1.49012e-08 0.8 0.8 0.8
vn 9.8263e-11 7.72705e-11 -1
v 0.00342741 0.00375316 1.49012e-08 0.8 0.8 0.8
vn 7.74465e-11 9.8463e-11 -1
v 0.00266346 0.00428465 1.49012e-08 0.8 0.8 0.8
vn 5.34822e-11 1.15296e-10 -1
v 0.00175619 0.00464644 1.49012e-08 0.8 0.8 0.8
vn 2.81251e-11 1.26928e-10 -1
v 0.000687304 0.00482967 1.49012e-08 0.8 0.8 0.8
vn 4.69972e-12 1.33127e-10 -1
v -0.000687266 0.00482967 1.49012e-08 0.8 0.8 0.8
vn -1.51971e-11 1.26673e-10 -1
v -0.00175615 0.00464644 1.49012e-08 0.8 0.8 0.8
vn -4.02806e-11 1.20372e-10 -1
v -0.00266342 0.00428465 1.49012e-08 0.8 0.8 0.8
vn -6.54414e-11 1.07024e-10 -1
v -0.00342737 0.00375316 1.49012e-08 0.8 0.8 0.8
vn -8.8337e-11 8.83456e-11 -1
v -0.00403942 0.00306367 1.49012e-08 0.8 0.8 0.8
vn -1.07492e-10 6.57559e-11 -1
v -0.00448739 0.00222764 1.49012e-08 0.8 0.8 0.8
vn -1.2178e-10 4.08552e-11 -1
v -0.00476076 0.00124626 1.49012e-08 0.8 0.8 0.8
vn -1.31325e-10 1.528e-11 -1
v -0.00485268 -7.96478e-09 1.49012e-08 0.8 0.8 0.8
vn -1.30786e-10 -4.821e-12 -1
v -0.00476076 -0.00124628 1.49012e-08 0.8 0.8 0.8
vn -1.24098e-10 -2.70071e-11 -1
v -0.00448739 -0.00222765 1.49012e-08 0.8 0.8 0.8
vn -1.14459e-10 -5.30453e-11 -1
v -0.00403942 -0.00306369 1.49012e-08 0.8 0.8 0.8
vn -9.8263e-11 -7.72705e-11 -1
v -0.00342737 -0.00375318 1.49012e-08 0.8 0.8 0.8
vn -7.74465e-11 -9.8463e-11 -1
v -0.00266342 -0.00428467 1.49012e-08 0.8 0.8 0.8
vn -5.34822e-11 -1.15296e-10 -1
v -0.00175615 -0.00464645 1.49012e-08 0.8 0.8 0.8
vn -2.81251e-11 -1.26928e-10 -1
v -0.000687266 -0.00482969 1.49012e-08 0.8 0.8 0.8
vn -4.69972e-12 -1.33127e-10 -1
v 0.000687304 -0.00482969 1.49012e-08 0.8 0.8 0.8
vn 1.51971e-11 -1.26673e-10 -1
v 0.00175619 -0.00464645 1.49012e-08 0.8 0.8 0.8
vn 4.02806e-11 -1.20372e-10 -1
v 0.00266346 -0.00428467 1.49012e-08 0.8 0.8 0.8
vn 6.54414e-11 -1.07024e-10 -1
v 0.00342741 -0.00375318 1.49012e-08 0.8 0.8 0.8
vn 8.8337e-11 -8.83456e-11 -1
v 0.00403946 -0.00306369 1.49012e-08 0.8 0.8 0.8
vn 1.07492e-10 -6.57559e-11 -1
v 0.00448742 -0.00222765 1.49012e-08 0.8 0.8 0.8
vn 1.2178e-10 -4.08552e-11 -1
v 0.0047608 -0.00124628 1.49012e-08 0.8 0.8 0.8
vn 1.31325e-10 -1.528e-11 -1
v 1.88223e-08 -8.01841e-09 1.49012e-08 0.8 0.8 0.8
vn 1.55145e-13 1.14423e-14 -1
v 1.88223e-08 -8.01841e-09 1.49012e-08 0.8 0.8 0.8
vn 1.47392e-13 4.10579e-14 -1
v 1.88223e-08 -8.01841e-09 1.49012e-08 0.8 0.8 0.8
vn 1.32523e-13 7.10093e-14 -1
v 1.88223e-08 -8.01841e-09 1.49012e-08 0.8 0.8 0.8
vn 1.11388e-13 9.88767e-14 -1
v 1.88223e-08 -8.01841e-09 1.49012e-08 0.8 0.8 0.8
vn 8.53393e-14 1.22664e-13 -1
v 1.88223e-08 -8.01841e-09 1.49012e-08 0.8 0.8 0.8
vn 5.61493e-14 1.40809e-13 -1
v 1.88223e-08 -8.01841e-09 1.49012e-08 0.8 0.8 0.8
vn 2.60863e-14 1.52172e-13 -1
v 1.88223e-08 -8.01841e-09 1.49012e-08 0.8 0.8 0.8
vn 3.15544e-30 1.55884e-13 -1
v 1.88223e-08 -8.01841e-09 1.49012e-08 0.8 0.8 0.8
vn -2.60863e-14 1.52172e-13 -1
v 1.88223e-08 -8.01841e-09 1.49012e-08 0.8 0.8 0.8
vn -5.61493e-14 1.40809e-13 -1
v 1.88223e-08 -8.01841e-09 1.49012e-08 0.8 0.8 0.8
vn -8.53393e-14 1.22664e-13 -1
v 1.88223e-08 -8.01841e-09 1.49012e-08 0.8 0.8 0.8
vn -1.11388e-13 9.88767e-14 -1
v 1.88223e-08 -8.01841e-09 1.49012e-08 0.8 0.8 0.8
vn -1.32523e-13 7.10093e-14 -1
v 1.88223e-08 -8.01841e-09 1.49012e-08 0.8 0.8 0.8
vn -1.47392e-13 4.10579e-14 -1
v 1.88223e-08 -8.01841e-09 1.49012e-08 0.8 0.8 0.8
vn -1.55145e-13 1.14423e-14 -1
v 1.88223e-08 -8.01841e-09 1.49012e-08 0.8 0.8 0.8
vn -1.55145e-13 -1.14423e-14 -1
v 1.88223e-08 -8.01841e-09 1.49012e-08 0.8 0.8 0.8
vn -1.47392e-13 -4.10579e-14 -1
v 1.88223e-08 -8.01841e-09 1.49012e-08 0.8 0.8 0.8
vn -1.32523e-13 -7.10093e-14 -1
v 1.88223e-08 -8.01841e-09 1.49012e-08 0.8 0.8 0.8
vn -1.11388e-13 -9.88767e-14 -1
v 1.88223e-08 -8.01841e-09 1.49012e-08 0.8 0.8 0.8
vn -8.53393e-14 -1.22664e-13 -1
v 1.88223e-08 -8.01841e-09 1.49012e-08 0.8 0.8 0.8
vn -5.61493e-14 -1.40809e-13 -1
v 1.88223e-08 -8.01841e-09 1.49012e-08 0.8 0.8 0.8
vn -2.60863e-14 -1.52172e-13 -1
v 1.88223e-08 -8.01841e-09 1.49012e-08 0.8 0.8 0.8
vn 1.16751e-28 -1.55884e-13 -1
v 1.88223e-08 -8.01841e-09 1.49012e-08 0.8 0.8 0.8
vn 2.60863e-14 -1.52172e-13 -1
v 1.88223e-08 -8.01841e-09 1.49012e-08 0.8 0.8 0.8
vn 5.61493e-14 -1.40809e-13 -1
v 1.88223e-08 -8.01841e-09 1.49012e-08 0.8 0.8 0.8
vn 8.53393e-14 -1.22664e-13 -1
v 1.88223e-08 -8.01841e-09 1.49012e-08 0.8 0.8 0.8
vn 1.11388e-13 -9.88767e-14 -1
v 1.88223e-08 -8.01841e-09 1.49012e-08 0.8 0.8 0.8
vn 1.32523e-13 -7.10093e-14 -1
v 1.88223e-08 -8.01841e-09 1.49012e-08 0.8 0.8 0.8
vn 1.47392e-13 -4.10579e-14 -1
v 1.88223e-08 -8.01841e-09 1.49012e-08 0.8 0.8 0.8
vn 1.55145e-13 -1.14423e-14 -1
f 2//2 31//31 1//1
f 32//32 31//31 2//2
f 3//3 32//32 2//2
f 33//33 32//32 3//3
f 4//4 33//33 3//3
f 34//34 33//33 4//4
f 5//5 34//34 4//4
f 35//35 34//34 5//5
f 6//6 35//35 5//5
f 36//36 35//35 6//6
f 7//7 36//36 6//6
f 37//37 36//36 7//7
f 8//8 37//37 7//7
f 38//38 37//37 8//8
f 9//9 38//38 8//8
f 39//39 38//38 9//9
f 10//10 39//39 9//9
f 40//40 39//39 10//10
f 11//11 40//40 10//10
f 41//41 40//40 11//11
f 12//12 41//41 11//11
f 42//42 41//41 12//12
f 13//13 42//42 12//12
f 43//43 42//42 13//13
f 14//14 43//43 13//13
f 44//44 43//43 14//14
f 15//15 44//44 14//14
f 45//45 44//44 15//15
f 16//16 45//45 15//15
f 46//46 45//45 16//16
f 17//17 46//46 16//16
f 47//47 46//46 17//17
f 18//18 47//47 17//17
f 48//48 47//47 18//18
f 19//19 48//48 18//18
f 49//49 48//48 19//19
f 20//20 49//49 19//19
f 50//50 49//49 20//20
f 21//21 50//50 20//20
f 51//51 50//50 21//21
f 22//22 51//51 21//21
f 52//52 51//51 22//22
f 23//23 52//52 22//22
f 53//53 52//52 23//23
f 24//24 53//53 23//23
f 54//54 53//53 24//24
f 25//25 54//54 24//24
f 55//55 54//54 25//25
f 26//26 55//55 25//25
f 56//56 55//55 26//26
f 27//27 56//56 26//26
f 57//57 56//56 27//27
f 28//28 57//57 27//27
f 58//58 57//57 28//28
f 29//29 58//58 28//28
f 59//59 58//58 29//29
f 30//30 59//59 29//29
f 60//60 59//59 30//30
f 1//1 60//60 30//30
f 31//31 60//60 1//1
f 32//32 61//61 31//31
f 62//62 61//61 32//32
f 33//33 62//62 32//32
f 63//63 62//62 33//33
f 34//34 63//63 33//33
f 64//64 63//63 34//34
f 35//35 64//64 34//34
f 65//65 64//64 35//35
f 36//36 65//65 35//35
f 66//66 65//65 36//36
f 37//37 66//66 36//36
f 67//67 66//66 37//37
f 38//38 67//67 37//37
f 68//68 67//67 38//38
f 39//39 68//68 38//38
f 69//69 68//68 39//39
f 40//40 69//69 39//39
f 70//70 69//69 40//40
f 41//41 70//70 40//40
f 71//71 70//70 41//41
f 42//42 71//71 41//41
f 72//72 71//71 42//42
f 43//43 72//72 42//42
f 73//73 72//72 43//43
f 44//44 73//73 43//43
f 74//74 73//73 44//44
f 45//45 74//74 44//44
f 75//75 74//74 45//45
f 46//46 75//75 45//45
f 76//76 75//75 46//46
f 47//47 76//76 46//46
f 77//77 76//76 47//47
f 48//48 77//77 47//47
f 78//78 77//77 48//48
f 49//49 78//78 48//48
f 79//79 78//78 49//49
f 50//50 79//79 49//49
f 80//80 79//79 50//50
f 51//51 80//80 50//50
f 81//81 80//80 51//51
f 52//52 81//81 51//51
f 82//82 81//81 52//52
f 53//53 82//82 52//52
f 83//83 82//82 53//53
f 54//54 83//83 53//53
f 84//84 83//83 54//54
f 55//55 84//84 54//54
f 85//85 84//84 55//55
f 56//56 85//85 55//55
f 86//86 85//85 56//56
f 57//57 86//86 56//56
f 87//87 86//86 57//57
f 58//58 87//87 57//57
f 88//88 87//87 58//58
f 59//59 88//88 58//58
f 89//89 88//88 59//59
f 60//60 89//89 59//59
f 90//90 89//89 60//60
f 31//31 90//90 60//60
f 61//61 90//90 31//31
f 62//62 91//91 61//61
f 92//92 91//91 62//62
f 63//63 92//92 62//62
f 93//93 92//92 63//63
f 64//64 93//93 63//63
f 94//94 93//93 64//64
f 65//65 94//94 64//64
f 95//95 94//94 65//65
f 66//66 95//95 65//65
f 96//96 95//95 66//66
f 67//67 96//96 66//66
f 97//97 96//96 67//67
f 68//68 97//97 67//67
f 98//98 97//97 68//68
f 69//69 98//98 68//68
f 99//99 98//98 69//69
f 70//70 99//99 69//69
f 100//100 99//99 70//70
f 71//71 100//100 70//70
f 101//101 100//100 71//71
f 72//72 101//101 71//71
f 102//102 101//101 72//72
f 73//73 102//102 72//72
f 103//103 102//102 73//73
f 74//74 103//103 73//73
f 104//104 103//103 74//74
f 75//75 104//104 74//74
f 105//105 104//104 75//75
f 76//76 105//105 75//75
f 106//106 105//105 76//76
f 77//77 106//106 76//76
f 107//107 106//106 77//77
f 78//78 107//107 77//77
f 108//108 107//107 78//78
f 79//79 108//108 78//78
f 109//109 108//108 79//79
f 80//80 109//109 79//79
f 110//110 109//109 80//80
f 81//81 110//110 80//80
f 111//111 110//110 81//81
f 82//82 111//111 81//81
f 112//112 111//111 82//82
f 83//83 112//112 82//82
f 113//113 112//112 83//83
f 84//84 113//113 83//83
f 114//114 113//113 84//84
f 85//85 114//114 84//84
f 115//115 114//114 85//85
f 86//86 115//115 85//85
f 116//116 115//115 86//86
f 87//87 116//116 86//86
f 117//117 116//116 87//87
f 88//88 117//117 87//87
f 118//118 117//117 88//88
f 89//89 118//118 88//88
f 119//119 118//118 89//89
f 90//90 119//119 89//89
f 120//120 119//119 90//90
f 61//61 120//120 90//90
f 91//91 120//120 61//61
f 92//92 121//121 91//91
f 122//122 121//121 92//92
f 93//93 122//122 92//92
f 123//123 122//122 93//93
f 94//94 123//123 93//93
f 124//124 123//123 94//94
f 95//95 124//124 94//94
f 125//125 124//124 95//95
f 96//96 125//125 95//95
f 126//126 125//125 96//96
f 97//97 126//126 96//96
f 127//127 126//126 97//97
f 98//98 127//127 97//97
f 128//128 127//127 98//98
f 99//99 128//128 98//98
f 129//129 128//128 99//99
f 100//100 129//129 99//99
f 130//130 129//129 100//100
f 101//101 130//130 100//100
f 131//131 130//130 101//101
f 102//102 131//131 101//101
f 132//132 131//131 102//102
f 103//103 132//132 102//102
f 133//133 132//132 103//103
f 104//104 133//133 103//103
f 134//134 133//133 104//104
f 105//105 134//134 104//104
f 135//135 134//134 105//105
f 106//106 135//135 105//105
f 136//136 135//135 106//106
f 107//107 136//136 106//106
f 137//137 136//136 107//107
f 108//108 137//137 107//107
f 138//138 137//137 108//108
f 109//109 138//138 108//108
f 139//139 138//138 109//109
f 110//110 139//139 109//109
f 140//140 139//139 110//110
f 111//111 140//140 110//110
f 141//141 140//140 111//111
f 112//112 141//141 111//111
f 142//142 141//141 112//112
f 113//113 142//142 112//112
f 143//143 142//142 113//113
f 114//114 143//143 113//113
f 144//144 143//143 114//114
f 115//115 144//144 114//114
f 145//145 144//144 115//115
f 116//116 145//145 115//115
f 146//146 145//145 116//116
f 117//117 146//146 116//116
f 147//147 146//146 117//117
f 118//118 147//147 117//117
f 148//148 147//147 118//118
f 119//119 148//148 118//118
f 149//149 148//148 119//119
f 120//120 149//149 119//119
f 150//150 149//149 120//120
f 91//91 150//150 120//120
f 121//121 150//150 91//91
f 122//122 151//151 121//121
f 152//152 151//151 122//122
f 123//123 152//152 122//122
f 153//153 152//152 123//123
f 124//124 153//153 123//123
f 154//154 153//153 124//124
f 125//125 154//154 124//124
f 155//155 154//154 125//125
f 126//126 155//155 125//125
f 156//156 155//155 126//126
f 127//127 156//156 126//126
f 157//157 156//156 127//127
f 128//128 157//157 127//127
f 158//158 157//157 128//128
f 129//129 158//158 128//128
f 159//159 158//158 129//129
f 130//130 159//159 129//129
f 160//160 159//159 130//130
f 131//131 160//160 130//130
f 161//161 160//160 131//131
f 132//132 161//161 131//131
f 162//162 161//161 132//132
f 133//133 162//162 132//132
f 163//163 162//162 133//133
f 134//134 163//163 133//133
f 164//164 163//163 134//134
f 135//135 164//164 134//134
f 165//165 164//164 135//135
f 136//136 165//165 135//135
f 166//166 165//165 136//136
f 137//137 166//166 136//136
f 167//167 166//166 137//137
f 138//138 167//167 137//137
f 168//168 167//167 138//138
f 139//139 168//168 138//138
f 169//169 168//168 139//139
f 140//140 169//169 139//139
f 170//170 169//169 140//140
f 141//141 170//170 140//140
f 171//171 170//170 141//141
f 142//142 171//171 141//141
f 172//172 171//171 142//142
f 143//143 172//172 142//142
f 173//173 172//172 143//143
f 144//144 173//173 143//143
f 174//174 173//173 144//144
f 145//145 174//174 144//144
f 175//175 174//174 145//145
f 146//146 175//175 145//145
f 176//176 175//175 146//146
f 147//147 176//176 146//146
f 177//177 176//176 147//147
f 148//148 177//177 147//147
f 178//178 177//177 148//148
f 149//149 178//178 148//148
f 179//179 178//178 149//149
f 150//150 179//179 149//149
f 180//180 179//179 150//150
f 121//121 180//180 150//150
f 151//151 180//180 121//121
f 152//152 181//181 151//151
f 182//182 181//181 152//152
f 153//153 182//182 152//152
f 183//183 182//182 153//153
f 154//154 183//183 153//153
f 184//184 183//183 154//154
f 155//155 184//184 154//154
f 185//185 184//184 155//155
f 156//156 185//185 155//155
f 186//186 185//185 156//156
f 157//157 186//186 156//156
f 187//187 186//186 157//157
f 158//158 187//187 157//157
f 188//188 187//187 158//158
f 159//159 188//188 158//158
f 189//189 188//188 159//159
f 160//160 189//189 159//159
f 190//190 189//189 160//160
f 161//161 190//190 160//160
f 191//191 190//190 161//161
f 162//162 191//191 161//161
f 192//192 191//191 162//162
f 163//163 192//192 162//162
f 193//193 192//192 163//163
f 164//164 193//193 163//163
f 194//194 193//193 164//164
f 165//165 194//194 164//164
f 195//195 194//194 165//165
f 166//166 195//195 165//165
f 196//196 195//195 166//166
f 167//167 196//196 166//166
f 197//197 196//196 167//167
f 168//168 197//197 167//167
f 198//198 197//197 168//168
f 169//169 198//198 168//168
f 199//199 198//198 169//169
f 170//170 199//199 169//169
f 200//200 199//199 170//170
f 171//171 200//200 170//170
f 201//201 200//200 171//171
f 172//172 201//201 171//171
f 202//202 201//201 172//172
f 173//173 202//202 172//172
f 203//203 202//202 173//173
f 174//174 203//203 173//173
f 204//204 203//203 174//174
f 175//175 204//204 174//174
f 205//205 204//204 175//175
f 176//176 205//205 175//175
f 206//206 205//205 176//176
f 177//177 206//206 176//176
f 207//207 206//206 177//177
f 178//178 207//207 177//177
f 208//208 207//207 178//178
f 179//179 208//208 178//178
f 209//209 208//208 179//179
f 180//180 209//209 179//179
f 210//210 209//209 180//180
f 151//151 210//210 180//180
f 181//181 210//210 151//151
f 182//182 211//211 181//181
f 212//212 211//211 182//182
f 183//183 212//212 182//182
f 213//213 212//212 183//183
f 184//184 213//213 183//183
f 214//214 213//213 184//184
f 185//185 214//214 184//184
f 215//215 214//214 185//185
f 186//186 215//215 185//185
f 216//216 215//215 186//186
f 187//187 216//216 186//186
f 217//217 216//216 187//187
f 188//188 217//217 187//187
f 218//218 217//217 188//188
f 189//189 218//218 188//188
f 219//219 218//218 189//189
f 190//190 219//219 189//189
f 220//220 219//219 190//190
f 191//191 220//220 190//190
f 221//221 220//220 191//191
f 192//192 221//221 191//191
f 222//222 221//221 192//192
f 193//193 222//222 192//192
f 223//223 222//222 193//193
f 194//194 223//223 193//193
f 224//224 223//223 194//194
f 195//195 224//224 194//194
f 225//225 224//224 195//195
f 196//196 225//225 195//195
f 226//226 225//225 196//196
f 197//197 226//226 196//196
f 227//227 226//226 197//197
f 198//198 227//227 197//197
f 228//228 227//227 198//198
f 199//199 228//228 198//198
f 229//229 228//228 199//199
f 200//200 229//229 199//199
f 230//230 229//229 200//200
f 201//201 230//230 200//200
f 231//231 230//230 201//201
f 202//202 231//231 201//201
f 232//232 231//231 202//202
f 203//203 232//232 202//202
f 233//233 232//232 203//203
f 204//204 233//233 203//203
f 234//234 233//233 204//204
f 205//205 234//234 204//204
f 235//235 234//234 205//205
f 206//206 235//235 205//205
f 236//236 235//235 206//206
f 207//207 236//236 206//206
f 237//237 236//236 207//207
f 208//208 237//237 207//207
f 238//238 237//237 208//208
f 209//209 238//238 208//208
f 239//239 238//238 209//209
f 210//210 239//239 209//209
f 240//240 239//239 210//210
f 181//181 240//240 210//210
f 211//211 240//240 181//181
f 212//212 241//241 211//211
f 242//242 241//241 212//212
f 213//213 242//242 212//212
f 243//243 242//242 213//213
f 214//214 243//243 213//213
f 244//244 243//243 214//214
f 215//215 244//244 214//214
f 245//245 244//244 215//215
f 216//216 245//245 215//215
f 246//246 245//245 216//216
f 217//217 246//246 216//216
f 247//247 246//246 217//217
f 218//218 247//247 217//217
f 248//248 247//247 218//218
f 219//219 248//248 218//218
f 249//249 248//248 219//219
f 220//220 249//249 219//219
f 250//250 249//249 220//220
f 221//221 250//250 220//220
f 251//251 250//250 221//221
f 222//222 251//251 221//221
f 252//252 251//251 222//222
f 223//223 252//252 222//222
f 253//253 252//252 223//223
f 224//224 253//253 223//223
f 254//254 253//253 224//224
f 225//225 254//254 224//224
f 255//255 254//254 225//225
f 226//226 255//255 225//225
f 256//256 255//255 226//226
f 227//227 256//256 226//226
f 257//257 256//256 227//227
f 228//228 257//257 227//227
f 258//258 257//257 228//228
f 229//229 258//258 228//228
f 259//259 258//258 229//229
f 230//230 259//259 229//229
f 260//260 259//259 230//230
f 231//231 260//260 230//230
f 261//261 260//260 231//231
f 232//232 261//261 231//231
f 262//262 261//261 232//232
f 233//233 262//262 232//232
f 263//263 262//262 233//233
f 234//234 263//263 233//233
f 264//264 263//263 234//234
f 235//235 264//264 234//234
f 265//265 264//264 235//235
f 236//236 265//265 235//235
f 266//266 265//265 236//236
f 237//237 266//266 236//236
f 267//267 266//266 237//237
f 238//238 267//267 237//237
f 268//268 267//267 238//238
f 239//239 268//268 238//238
f 269//269 268//268 239//239
f 240//240 269//269 239//239
f 270//270 269//269 240//240
f 211//211 270//270 240//240
f 241//241 270//270 211//211
f 242//242 271//271 241//241
f 272//272 271//271 242//242
f 243//243 272//272 242//242
f 273//273 272//272 243//243
f 244//244 273//273 243//243
f 274//274 273//273 244//244
f 245//245 274//274 244//244
f 275//275 274//274 245//245
f 246//246 275//275 245//245
f 276//276 275//275 246//246
f 247//247 276//276 246//246
f 277//277 276//276 247//247
f 248//248 277//277 247//247
f 278//278 277//277 248//248
f 249//249 278//278 248//248
f 279//279 278//278 249//249
f 250//250 279//279 249//249
f 280//280 279//279 250//250
f 251//251 280//280 250//250
f 281//281 280//280 251//251
f 252//252 281//281 251//251
f 282//282 281//281 252//252
f 253//253 282//282 252//252
f 283//283 282//282 253//253
f 254//254 283//283 253//253
f 284//284 283//283 254//254
f 255//255 284//284 254//254
f 285//285 284//284 255//255
f 256//256 285//285 255//255
f 286//286 285//285 256//256
f 257//257 286//286 256//256
f 287//287 286//286 257//257
f 258//258 287//287 257//257
f 288//288 287//287 258//258
f 259//259 288//288 258//258
f 289//289 288//288 259//259
f 260//260 289//289 259//259
f 290//290 289//289 260//260
f 261//261 290//290 260//260
f 291//291 290//290 261//261
f 262//262 291//291 261//261
f 292//292 291//291 262//262
f 263//263 292//292 262//262
f 293//293 292//292 263//263
f 264//264 293//293 263//263
f 294//294 293//293 264//264
f 265//265 294//294 264//264
f 295//295 294//294 265//265
f 266//266 295//295 265//265
f 296//296 295//295 266//266
f 267//267 296//296 266//266
f 297//297 296//296 267//267
f 268//268 297//297 267//267
f 298//298 297//297 268//268
f 269//269 298//298 268//268
f 299//299 298//298 269//269
f 270//270 299//299 269//269
f 300//300 299//299 270//270
f 241//241 300//300 270//270
f 271//271 300//300 241//241
f 272//272 301//301 271//271
f 302//302 301//301 272//272
f 273//273 302//302 272//272
f 303//303 302//302 273//273
f 274//274 303//303 273//273
f 304//304 303//303 274//274
f 275//275 304//304 274//274
f 305//305 304//304 275//275
f 276//276 305//305 275//275
f 306//306 305//305 276//276
f 277//277 306//306 276//276
f 307//307 306//306 277//277
f 278//278 307//307 277//277
f 308//308 307//307 278//278
f 279//279 308//308 278//278
f 309//309 308//308 279//279
f 280//280 309//309 279//279
f 310//310 309//309 280//280
f 281//281 310//310 280//280
f 311//311 310//310 281//281
f 282//282 311//311 281//281
f 312//312 311//311 282//282
f 283//283 312//312 282//282
f 313//313 312//312 283//283
f 284//284 313//313 283//283
f 314//314 313//313 284//284
f 285//285 314//314 284//284
f 315//315 314//314 285//285
f 286//286 315//315 285//285
f 316//316 315//315 286//286
f 287//287 316//316 286//286
f 317//317 316//316 287//287
f 288//288 317//317 287//287
f 318//318 317//317 288//288
f 289//289 318//318 288//288
f 319//319 318//318 289//289
f 290//290 319//319 289//289
f 320//320 319//319 290//290
f 291//291 320//320 290//290
f 321//321 320//320 291//291
f 292//292 321//321 291//291
f 322//322 321//321 292//292
f 293//293 322//322 292//292
f 323//323 322//322 293//293
f 294//294 323//323 293//293
f 324//324 323//323 294//294
f 295//295 324//324 294//294
f 325//325 324//324 295//295
f 296//296 325//325 295//295
f 326//326 325//325 296//296
f 297//297 326//326 296//296
f 327//327 326//326 297//297
f 298//298 327//327 297//297
f 328//328 327//327 298//298
f 299//299 328//328 298//298
f 329//329 328//328 299//299
f 300//300 329//329 299//299
f 330//330 329//329 300//300
f 271//271 330//330 300//300
f 301//301 330//330 271//271
f 302//302 331//331 301//301
f 332//332 331//331 302//302
f 303//303 332//332 302//302
f 333//333 332//332 303//303
f 304//304 333//333 303//303
f 334//334 333//333 304//304
f 305//305 334//334 304//304
f 335//335 334//334 305//305
f 306//306 335//335 305//305
f 336//336 335//335 306//306
f 307//307 336//336 306//306
f 337//337 336//336 307//307
f 308//308 337//337 307//307
f 338//338 337//337 308//308
f 309//309 338//338 308//308
f 339//339 338//338 309//309
f 310//310 339//339 309//309
f 340//340 339//339 310//310
f 311//311 340//340 310//310
f 341//341 340//340 311//311
f 312//312 341//341 311//311
f 342//342 341//341 312//312
f 313//313 342//342 312//312
f 343//343 342//342 313//313
f 314//314 343//343 313//313
f 344//344 343//343 314//314
f 315//315 344//344 314//314
f 345//345 344//344 315//315
f 316//316 345//345 315//315
f 346//346 345//345 316//316
f 317//317 346//346 316//316
f 347//347 346//346 317//317
f 318//318 347//347 317//317
f 348//348 347//347 318//318
f 319//319 348//348 318//318
f 349//349 348//348 319//319
f 320//320 349//349 319//319
f 350//350 349//349 320//320
f 321//321 350//350 320//320
f 351//351 350//350 321//321
f 322//322 351//351 321//321
f 352//352 351//351 322//322
f 323//323 352//352 322//322
f 353//353 352//352 323//323
f 324//324 353//353 323//323
f 354//354 353//353 324//324
f 325//325 354//354 324//324
f 355//355 354//354 325//325
f 326//326 355//355 325//325
f 356//356 355//355 326//326
f 327//327 356//356 326//326
f 357//357 356//356 327//327
f 328//328 357//357 327//327
f 358//358 357//357 328//328
f 329//329 358//358 328//328
f 359//359 358//358 329//329
f 330//330 359//359 329//329
f 360//360 359//359 330//330
f 301//301 360//360 330//330
f 331//331 360//360 301//301
f 332//332 361//361 331//331
f 362//362 361//361 332//332
f 333//333 362//362 332//332
f 363//363 362//362 333//333
f 334//334 363//363 333//333
f 364//364 363//363 334//334
f 335//335 364//364 334//334
f 365//365 364//364 335//335
f 336//336 365//365 335//335
f 366//366 365//365 336//336
f 337//337 366//366 336//336
f 367//367 366//366 337//337
f 338//338 367//367 337//337
f 368//368 367//367 338//338
f 339//339 368//368 338//338
f 369//369 368//368 339//339
f 340//340 369//369 339//339
f 370//370 369//369 340//340
f 341//341 370//370 340//340
f 371//371 370//370 341//341
f 342//342 371//371 341//341
f 372//372 371//371 342//342
f 343//343 372//372 342//342
f 373//373 372//372 343//343
f 344//344 373//373 343//343
f 374//374 373//373 344//344
f 345//345 374//374 344//344
f 375//375 374//374 345//345
f 346//346 375//375 345//345
f 376//376 375//375 346//346
f 347//347 376//376 346//346
f 377//377 376//376 347//347
f 348//348 377//377 347//347
f 378//378 377//377 348//348
f 349//349 378//378 348//348
f 379//379 378//378 349//349
f 350//350 379//379 349//349
f 380//380 379//379 350//350
f 351//351 380//380 350//350
f 381//381 380//380 351//351
f 352//352 381//381 351//351
f 382//382 381//381 352//352
f 353//353 382//382 352//352
f 383//383 382//382 353//353
f 354//354 383//383 353//353
f 384//384 383//383 354//354
f 355//355 384//384 354//354
f 385//385 384//384 355//355
f 356//356 385//385 355//355
f 386//386 385//385 356//356
f 357//357 386//386 356//356
f 387//387 386//386 357//357
f 358//358 387//387 357//357
f 388//388 387//387 358//358
f 359//359 388//388 358//358
f 389//389 388//388 359//359
f 360//360 389//389 359//359
f 390//390 389//389 360//360
f 331//331 390//390 360//360
f 361//361 390//390 331//331
f 362//362 391//391 361//361
f 392//392 391//391 362//362
f 363//363 392//392 362//362
f 393//393 392//392 363//363
f 364//364 393//393 363//363
f 394//394 393//393 364//364
f 365//365 394//394 364//364
f 395//395 394//394 365//365
f 366//366 395//395 365//365
f 396//396 395//395 366//366
f 367//367 396//396 366//366
f 397//397 396//396 367//367
f 368//368 397//397 367//367
f 398//398 397//397 368//368
f 369//369 398//398 368//368
f 399//399 398//398 369//369
f 370//370 399//399 369//369
f 400//400 399//399 370//370
f 371//371 400//400 370//370
f 401//401 400//400 371//371
f 372//372 401//401 371//371
f 402//402 401//401 372//372
f 373//373 402//402 372//372
f 403//403 402//402 373//373
f 374//374 403//403 373//373
f 404//404 403//403 374//374
f 375//375 404//404 374//374
f 405//405 404//404 375//375
f 376//376 405//405 375//375
f 406//406 405//405 376//376
f 377//377 406//406 376//376
f 407//407 406//406 377//377
f 378//378 407//407 377//377
f 408//408 407//407 378//378
f 379//379 408//408 378//378
f 409//409 408//408 379//379
f 380//380 409//409 379//379
f 410//410 409//409 380//380
f 381//381 410//410 380//380
f 411//411 410//410 381//381
f 382//382 411//411 381//381
f 412//412 411//411 382//382
f 383//383 412//412 382//382
f 413//413 412//412 383//383
f 384//384 413//413 383//383
f 414//414 413//413 384//384
f 385//385 414//414 384//384
f 415//415 414//414 385//385
f 386//386 415//415 385//385
f 416//416 415//415 386//386
f 387//387 416//416 386//386
f 417//417 416//416 387//387
f 388//388 417//417 387//387
f 418//418 417//417 388//388
f 389//389 418//418 388//388
f 419//419 418//418 389//389
f 390//390 419//419 389//389
f 420//420 419//419 390//390
f 361//361 420//420 390//390
f 391//391 420//420 361//361
f 392//392 421//421 391//391
f 422//422 421//421 392//392
f 393//393 422//422 392//392
f 423//423 422//422 393//393
f 394//394 423//423 393//393
f 424//424 423//423 394//394
f 395//395 424//424 394//394
f 425//425 424//424 395//395
f 396//396 425//425 395//395
f 426//426 425//425 396//396
f 397//397 426//426 396//396
f 427//427 426//426 397//397
f 398//398 427//427 397//397
f 428//428 427//427 398//398
f 399//399 428//428 398//398
f 429//429 428//428 399//399
f 400//400 429//429 399//399
f 430//430 429//429 400//400
f 401//401 430//430 400//400
f 431//431 430//430 401//401
f 402//402 431//431 401//401
f 432//432 431//431 402//402
f 403//403 432//432 402//402
f 433//433 432//432 403//403
f 404//404 433//433 403//403
f 434//434 433//433 404//404
f 405//405 434//434 404//404
f 435//435 434//434 405//405
f 406//406 435//435 405//405
f 436//436 435//435 406//406
f 407//407 436//436 406//406
f 437//437 436//436 407//407
f 408//408 437//437 407//407
f 438//438 437//437 408//408
f 409//409 438//438 408//408
f 439//439 438//438 409//409
f 410//410 439//439 409//409
f 440//440 439//439 410//410
f 411//411 440//440 410//410
f 441//441 440//440 411//411
f 412//412 441//441 411//411
f 442//442 441//441 412//412
f 413//413 442//442 412//412
f 443//443 442//442 413//413
f 414//414 443//443 413//413
f 444//444 443//443 414//414
f 415//415 444//444 414//414
f 445//445 444//444 415//415
f 416//416 445//445 415//415
f 446//446 445//445 416//416
f 417//417 446//446 416//416
f 447//447 446//446 417//417
f 418//418 447//447 417//417
f 448//448 447//447 418//418
f 419//419 448//448 418//418
f 449//449 448//448 419//419
f 420//420 449//449 419//419
f 450//450 449//449 420//420
f 391//391 450//450 420//420
f 421//421 450//450 391//391
f 422//422 451//451 421//421
f 452//452 451//451 422//422
f 423//423 452//452 422//422
f 453//453 452//452 423//423
f 424//424 453//453 423//423
f 454//454 453//453 424//424
f 425//425 454//454 424//424
f 455//455 454//454 425//425
f 426//426 455//455 425//425
f 456//456 455//455 426//426
f 427//427 456//456 426//426
f 457//457 456//456 427//427
f 428//428 457//457 427//427
f 458//458 457//457 428//428
f 429//429 458//458 428//428
f 459//459 458//458 429//429
f 430//430 459//459 429//429
f 460//460 459//459 430//430
f 431//431 460//460 430//430
f 461//461 460//460 431//431
f 432//432 461//461 431//431
f 462//462 461//461 432//432
f 433//433 462//462 432//432
f 463//463 462//462 433//433
f 434//434 463//463 433//433
f 464//464 463//463 434//434
f 435//435 464//464 434//434
f 465//465 464//464 435//435
f 436//436 465//465 435//435
f 466//466 465//465 436//436
f 437//437 466//466 436//436
f 467//467 466//466 437//437
f 438//438 467//467 437//437
f 468//468 467//467 438//438
f 439//439 468//468 438//438
f 469//469 468//468 439//439
f 440//440 469//469 439//439
f 470//470 469//469 440//440
f 441//441 470//470 440//440
f 471//471 470//470 441//441
f 442//442 471//471 441//441
f 472//472 471//471 442//442
f 443//443 472//472 442//442
f 473//473 472//472 443//443
f 444//444 473//473 443//443
f 474//474 473//473 444//444
f 445//445 474//474 444//444
f 475//475 474//474 445//445
f 446//446 475//475 445//445
f 476//476 475//475 446//446
f 447//447 476//476 446//446
f 477//477 476//476 447//447
f 448//448 477//477 447//447
f 478//478 477//477 448//448
f 449//449 478//478 448//448
f 479//479 478//478 449//449
f 450//450 479//479 449//449
f 480//480 479//479 450//450
f 421//421 480//480 450//450
f 451//451 480//480 421//421
f 452//452 481//481 451//451
f 482//482 481//481 452//452
f 453//453 482//482 452//452
f 483//483 482//482 453//453
f 454//454 483//483 453//453
f 484//484 483//483 454//454
f 455//455 484//484 454//454
f 485//485 484//484 455//455
f 456//456 485//485 455//455
f 486//486 485//485 456//456
f 457//457 486//486 456//456
f 487//487 486//486 457//457
f 458//458 487//487 457//457
f 488//488 487//487 458//458
f 459//459 488//488 458//458
f 489//489 488//488 459//459
f 460//460 489//489 459//459
f 490//490 489//489 460//460
f 461//461 490//490 460//460
f 491//491 490//490 461//461
f 462//462 491//491 461//461
f 492//492 491//491 462//462
f 463//463 492//492 462//462
f 493//493 492//492 463//463
f 464//464 493//493 463//463
f 494//494 493//493 464//464
f 465//465 494//494 464//464
f 495//495 494//494 465//465
f 466//466 495//495 465//465
f 496//496 495//495 466//466
f 467//467 496//496 466//466
f 497//497 496//496 467//467
f 468//468 497//497 467//467
f 498//498 497//497 468//468
f 469//469 498//498 468//468
f 499//499 498//498 469//469
f 470//470 499//499 469//469
f 500//500 499//499 470//470
f 471//471 500//500 470//470
f 501//501 500//500 471//471
f 472//472 501//501 471//471
f 502//502 501//501 472//472
f 473//473 502//502 472//472
f 503//503 502//502 473//473
f 474//474 503//503 473//473
f 504//504 503//503 474//474
f 475//475 504//504 474//474
f 505//505 504//504 475//475
f 476//476 505//505 475//475
f 506//506 505//505 476//476
f 477//477 506//506 476//476
f 507//507 506//506 477//477
f 478//478 507//507 477//477
f 508//508 507//507 478//478
f 479//479 508//508 478//478
f 509//509 508//508 479//479
f 480//480 509//509 479//479
f 510//510 509//509 480//480
f 451//451 510//510 480//480
f 481//481 510//510 451//451
f 482//482 511//511 481//481
f 512//512 511//511 482//482
f 483//483 512//512 482//482
f 513//513 512//512 483//483
f 484//484 513//513 483//483
f 514//514 513//513 484//484
f 485//485 514//514 484//484
f 515//515 514//514 485//485
f 486//486 515//515 485//485
f 516//516 515//515 486//486
f 487//487 516//516 486//486
f 517//517 516//516 487//487
f 488//488 517//517 487//487
f 518//518 517//517 488//488
f 489//489 518//518 488//488
f 519//519 518//518 489//489
f 490//490 519//519 489//489
f 520//520 519//519 490//490
f 491//491 520//520 490//490
f 521//521 520//520 491//491
f 492//492 521//521 491//491
f 522//522 521//521 492//492
f 493//493 522//522 492//492
f 523//523 522//522 493//493
f 494//494 523//523 493//493
f 524//524 523//523 494//494
f 495//495 524//524 494//494
f 525//525 524//524 495//495
f 496//496 525//525 495//495
f 526//526 525//525 496//496
f 497//497 526//526 496//496
f 527//527 526//526 497//497
f 498//498 527//527 497//497
f 528//528 527//527 498//498
f 499//499 528//528 498//498
f 529//529 528//528 499//499
f 500//500 529//529 499//499
f 530//530 529//529 500//500
f 501//501 530//530 500//500
f 531//531 530//530 501//501
f 502//502 531//531 501//501
f 532//532 531//531 502//502
f 503//503 532//532 502//502
f 533//533 532//532 503//503
f 504//504 533//533 503//503
f 534//534 533//533 504//504
f 505//505 534//534 504//504
f 535//535 534//534 505//505
f 506//506 535//535 505//505
f 536//536 535//535 506//506
f 507//507 536//536 506//506
f 537//537 536//536 507//507
f 508//508 537//537 507//507
f 538//538 537//537 508//508
f 509//509 538//538 508//508
f 539//539 538//538 509//509
f 510//510 539//539 509//509
f 540//540 539//539 510//510
f 481//481 540//540 510//510
f 511//511 540//540 481//481
f 512//512 541//541 511//511
f 542//542 541//541 512//512
f 513//513 542//542 512//512
f 543//543 542//542 513//513
f 514//514 543//543 513//513
f 544//544 543//543 514//514
f 515//515 544//544 514//514
f 545//545 544//544 515//515
f 516//516 545//545 515//515
f 546//546 545//545 516//516
f 517//517 546//546 516//516
f 547//547 546//546 517//517
f 518//518 547//547 517//517
f 548//548 547//547 518//518
f 519//519 548//548 518//518
f 549//549 548//548 519//519
f 520//520 549//549 519//519
f 550//550 549//549 520//520
f 521//521 550//550 520//520
f 551//551 550//550 521//521
f 522//522 551//551 521//521
f 552//552 551//551 522//522
f 523//523 552//552 522//522
f 553//553 552//552 523//523
f 524//524 553//553 523//523
f 554//554 553//553 524//524
f 525//525 554//554 524//524
f 555//555 554//554 525//525
f 526//526 555//555 525//525
f 556//556 555//555 526//526
f 527//527 556//556 526//526
f 557//557 556//556 527//527
f 528//528 557//557 527//527
f 558//558 557//557 528//528
f 529//529 558//558 528//528
f 559//559 558//558 529//529
f 530//530 559//559 529//529
f 560//560 559//559 530//530
f 531//531 560//560 530//530
f 561//561 560//560 531//531
f 532//532 561//561 531//531
f 562//562 561//561 532//532
f 533//533 562//562 532//532
f 563//563 562//562 533//533
f 534//534 563//563 533//533
f 564//564 563//563 534//534
f 535//535 564//564 534//534
f 565//565 564//564 535//535
f 536//536 565//565 535//535
f 566//566 565//565 536//536
f 537//537 566//566 536//536
f 567//567 566//566 537//537
f 538//538 567//567 537//537
f 568//568 567//567 538//538
f 539//539 568//568 538//538
f 569//569 568//568 539//539
f 540//540 569//569 539//539
f 570//570 569//569 540//540
f 511//511 570//570 540//540
f 541//541 570//570 511//511
f 542//542 571//571 541//541
f 572//572 571//571 542//542
f 543//543 572//572 542//542
f 573//573 572//572 543//543
f 544//544 573//573 543//543
f 574//574 573//573 544//544
f 545//545 574//574 544//544
f 575//575 574//574 545//545
f 546//546 575//575 545//545
f 576//576 575//575 546//546
f 547//547 576//576 546//546
f 577//577 576//576 547//547
f 548//548 577//577 547//547
f 578//578 577//577 548//548
f 549//549 578//578 548//548
f 579//579 578//578 549//549
f 550//550 579//579 549//549
f 580//580 579//579 550//550
f 551//551 580//580 550//550
f 581//581 580//580 551//551
f 552//552 581//581 551//551
f 582//582 581//581 552//552
f 553//553 582//582 552//552
f 583//583 582//582 553//553
f 554//554 583//583 553//553
f 584//584 583//583 554//554
f 555//555 584//584 554//554
f 585//585 584//584 555//555
f 556//556 585//585 555//555
f 586//586 585//585 556//556
f 557//557 586//586 556//556
f 587//587 586//586 557//557
f 558//558 587//587 557//557
f 588//588 587//587 558//558
f 559//559 588//588 558//558
f 589//589 588//588 559//559
f 560//560 589//589 559//559
f 590//590 589//589 560//560
f 561//561 590//590 560//560
f 591//591 590//590 561//561
f 562//562 591//591 561//561
f 592//592 591//591 562//562
f 563//563 592//592 562//562
f 593//593 592//592 563//563
f 564//564 593//593 563//563
f 594//594 593//593 564//564
f 565//565 594//594 564//564
f 595//595 594//594 565//565
f 566//566 595//595 565//565
f 596//596 595//595 566//566
f 567//567 596//596 566//566
f 597//597 596//596 567//567
f 568//568 597//597 567//567
f 598//598 597//597 568//568
f 569//569 598//598 568//568
f 599//599 598//598 569//569
f 570//570 599//599 569//569
f 600//600 599//599 570//570
f 541//541 600//600 570//570
f 571//571 600//600 541//541
f 572//572 601//601 571//571
f 602//602 601//601 572//572
f 573//573 602//602 572//572
f 603//603 602//602 573//573
f 574//574 603//603 573//573
f 604//604 603//603 574//574
f 575//575 604//604 574//574
f 605//605 604//604 575//575
f 576//576 605//605 575//575
f 606//606 605//605 576//576
f 577//577 606//606 576//576
f 607//607 606//606 577//577
f 578//578 607//607 577//577
f 608//608 607//607 578//578
f 579//579 608//608 578//578
f 609//609 608//608 579//579
f 580//580 609//609 579//579
f 610//610 609//609 580//580
f 581//581 610//610 580//580
f 611//611 610//610 581//581
f 582//582 611//611 581//581
f 612//612 611//611 582//582
f 583//583 612//612 582//582
f 613//613 612//612 583//583
f 584//584 613//613 583//583
f 614//614 613//613 584//584
f 585//585 614//614 584//584
f 615//615 614//614 585//585
f 586//586 615//615 585//585
f 616//616 615//615 586//586
f 587//587 616//616 586//586
f 617//617 616//616 587//587
f 588//588 617//617 587//587
f 618//618 617//617 588//588
f 589//589 618//618 588//588
f 619//619 618//618 589//589
f 590//590 619//619 589//589
f 620//620 619//619 590//590
f 591//591 620//620 590//590
f 621//621 620//620 591//591
f 592//592 621//621 591//591
f 622//622 621//621 592//592
f 593//593 622//622 592//592
f 623//623 622//622 593//593
f 594//594 623//623 593//593
f 624//624 623//623 594//594
f 595//595 624//624 594//594
f 625//625 624//624 595//595
f 596//596 625//625 595//595
f 626//626 625//625 596//596
f 597//597 626//626 596//596
f 627//627 626//626 597//597
f 598//598 627//627 597//597
f 628//628 627//627 598//598
f 599//599 628//628 598//598
f 629//629 628//628 599//599
f 600//600 629//629 599//599
f 630//630 629//629 600//600
f 571//571 630//630 600//600
f 601//601 630//630 571//571
f 661//661 632//632 631//631
f 661//661 662//662 632//632
f 662//662 633//633 632//632
f 662//662 663//663 633//633
f 663//663 634//634 633//633
f 663//663 664//664 634//634
f 664//664 635//635 634//634
f 664//664 665//665 635//635
f 665//665 636//636 635//635
f 665//665 666//666 636//636
f 666//666 637//637 636//636
f 666//666 667//667 637//637
f 667//667 638//638 637//637
f 667//667 668//668 638//638
f 668//668 639//639 638//638
f 668//668 669//669 639//639
f 669//669 640//640 639//639
f 669//669 670//670 640//640
f 670//670 641//641 640//640
f 670//670 671//671 641//641
f 671//671 642//642 641//641
f 671//671 672//672 642//642
f 672//672 643//643 642//642
f 672//672 673//673 643//643
f 673//673 644//644 643//643
f 673//673 674//674 644//644
f 674//674 645//645 644//644
f 674//674 675//675 645//645
f 675//675 646//646 645//645
f 675//675 676//676 646//646
f 676//676 647//647 646//646
f 676//676 677//677 647//647
f 677//677 648//648 647//647
f 677//677 678//678 648//648
f 678//678 649//649 648//648
f 678//678 679//679 649//649
f 679//679 650//650 649//649
f 679//679 680//680 650//650
f 680//680 651//651 650//650
f 680//680 681//681 651//651
f 681//681 652//652 651//651
f 681//681 682//682 652//652
f 682//682 653//653 652//652
f 682//682 683//683 653//653
f 683//683 654//654 653//653
f 683//683 684//684 654//654
f 684//684 655//655 654//654
f 684//684 685//685 655//655
f 685//685 656//656 655//655
f 685//685 686//686 656//656
f 686//686 657//657 656//656
f 686//686 687//687 657//657
f 687//687 658//658 657//657
f 687//687 688//688 658//658
f 688//688 659//659 658//658
f 688//688 689//689 659//659
f 689//689 660//660 659//659
f 689//689 690//690 660//660
f 690//690 631//631 660//660
f 690//690 661//661 631//631
f 691//691 662//662 661//661
f 691//691 692//692 662//662
f 692//692 663//663 662//662
f 692//692 693//693 663//663
f 693//693 664//664 663//663
f 693//693 694//694 664//664
f 694//694 665//665 664//664
f 694//694 695//695 665//665
f 695//695 666//666 665//665
f 695//695 696//696 666//666
f 696//696 667//667 666//666
f 696//696 697//697 667//667
f 697//697 668//668 667//667
f 697//697 698//698 668//668
f 698//698 669//669 668//668
f 698//698 699//699 669//669
f 699//699 670//670 669//669
f 699//699 700//700 670//670
f 700//700 671//671 670//670
f 700//700 701//701 671//671
f 701//701 672//672 671//671
f 701//701 702//702 672//672
f 702//702 673//673 672//672
f 702//702 703//703 673//673
f 703//703 674//674 673//673
f 703//703 704//704 674//674
f 704//704 675//675 674//674
f 704//704 705//705 675//675
f 705//705 676//676 675//675
f 705//705 706//706 676//676
f 706//706 677//677 676//676
f 706//706 707//707 677//677
f 707//707 678//678 677//677
f 707//707 708//708 678//678
f 708//708 679//679 678//678
f 708//708 709//709 679//679
f 709//709 680//680 679//679
f 709//709 710//710 680//680
f 710//710 681//681 680//680
f 710//710 711//711 681//681
f 711//711 682//682 681//681
f 711//711 712//712 682//682
f 712//712 683//683 682//682
f 712//712 713//713 683//683
f 713//713 684//684 683//683
f 713//713 714//714 684//684
f 714//714 685//685 684//684
f 714//714 715//715 685//685
f 715//715 686//686 685//685
f 715//715 716//716 686//686
f 716//716 687//687 686//686
f 716//716 717//717 687//687
f 717//717 688//688 687//687
f 717//717 718//718 688//688
f 718//718 689//689 688//688
f 718//718 719//719 689//689
f 719//719 690//690 689//689
f 719//719 720//720 690//690
f 720//720 661//661 690//690
f 720//720 691//691 661//661
f 721//721 692//692 691//691
f 721//721 722//722 692//692
f 722//722 693//693 692//692
f 722//722 723//723 693//693
f 723//723 694//694 693//693
f 723//723 724//724 694//694
f 724//724 695//695 694//694
f 724//724 725//725 695//695
f 725//725 696//696 695//695
f 725//725 726//726 696//696
f 726//726 697//697 696//696
f 726//726 727//727 697//697
f 727//727 698//698 697//697
f 727//727 728//728 698//698
f 728//728 699//699 698//698
f 728//728 729//729 699//699
f 729//729 700//700 699//699
f 729//729 730//730 700//700
f 730//730 701//701 700//700
f 730//730 731//731 701//701
f 731//731 702//702 701//701
f 731//731 732//732 702//702
f 732//732 703//703 702//702
f 732//732 733//733 703//703
f 733//733 704//704 703//703
f 733//733 734//734 704//704
f 734//734 705//705 704//704
f 734//734 735//735 705//705
f 735//735 706//706 705//705
f 735//735 736//736 706//706
f 736//736 707//707 706//706
f 736//736 737//737 707//707
f 737//737 708//708 707//707
f 737//737 738//738 708//708
f 738//738 709//709 708//708
f 738//738 739//739 709//709
f 739//739 710//710 709//709
f 739//739 740//740 710//710
f 740//740 711//711 710//710
f 740//740 741//741 711//711
f 741//741 712//712 711//711
f 741//741 742//742 712//712
f 742//742 713//713 712//712
f 742//742 743//743 713//713
f 743//743 714//714 713//713
f 743//743 744//744 714//714
f 744//744 715//715 714//714
f 744//744 745//745 715//715
f 745//745 716//716 715//715
f 745//745 746//746 716//716
f 746//746 717//717 716//716
f 746//746 747//747 717//717
f 747//747 718//718 717//717
f 747//747 748//748 718//718
f 748//748 719//719 718//718
f 748//748 749//749 719//719
f 749//749 720//720 719//719
f 749//749 750//750 720//720
f 750//750 691//691 720//720
f 750//750 721//721 691//691
f 751//751 722//722 721//721
f 751//751 752//752 722//722
f 752//752 723//723 722//722
f 752//752 753//753 723//723
f 753//753 724//724 723//723
f 753//753 754//754 724//724
f 754//754 725//725 724//724
f 754//754 755//755 725//725
f 755//755 726//726 725//725
f 755//755 756//756 726//726
f 756//756 727//727 726//726
f 756//756 757//757 727//727
f 757//757 728//728 727//727
f 757//757 758//758 728//728
f 758//758 729//729 728//728
f 758//758 759//759 729//729
f 759//759 730//730 729//729
f 759//759 760//760 730//730
f 760//760 731//731 730//730
f 760//760 761//761 731//731
f 761//761 732//732 731//731
f 761//761 762//762 732//732
f 762//762 733//733 732//732
f 762//762 763//763 733//733
f 763//763 734//734 733//733
f 763//763 764//764 734//734
f 764//764 735//735 734//734
f 764//764 765//765 735//735
f 765//765 736//736 735//735
f 765//765 766//766 736//736
f 766//766 737//737 736//736
f 766//766 767//767 737//737
f 767//767 738//738 737//737
f 767//767 768//768 738//738
f 768//768 739//739 738//738
f 768//768 769//769 739//739
f 769//769 740//740 739//739
f 769//769 770//770 740//740
f 770//770 741//741 740//740
f 770//770 771//771 741//741
f 771//771 742//742 741//741
f 771//771 772//772 742//742
f 772//772 743//743 742//742
f 772//772 773//773 743//743
f 773//773 744//744 743//743
f 773//773 774//774 744//744
f 774//774 745//745 744//744
f 774//774 775//775 745//745
f 775//775 746//746 745//745
f 775//775 776//776 746//746
f 776//776 747//747 746//746
f 776//776 777//777 747//747
f 777//777 748//748 747//747
f 777//777 778//778 748//748
f 778//778 749//749 748//748
f 778//778 779//779 749//749
f 779//779 750//750 749//749
f 779//779 780//780 750//750
f 780//780 721//721 750//750
f 780//780 751//751 721//721
f 781//781 752//752 751//751
f 781//781 782//782 752//752
f 782//782 753//753 752//752
f 782//782 783//783 753//753
f 783//783 754//754 753//753
f 783//783 784//784 754//754
f 784//784 755//755 754//754
f 784//784 785//785 755//755
f 785//785 756//756 755//755
f 785//785 786//786 756//756
f 786//786 757//757 756//756
f 786//786 787//787 757//757
f 787//787 758//758 757//757
f 787//787 788//788 758//758
f 788//788 759//759 758//758
f 788//788 789//789 759//759
f 789//789 760//760 759//759
f 789//789 790//790 760//760
f 790//790 761//761 760//760
f 790//790 791//791 761//761
f 791//791 762//762 761//761
f 791//791 792//792 762//762
f 792//792 763//763 762//762
f 792//792 793//793 763//763
f 793//793 764//764 763//763
f 793//793 794//794 764//764
f 794//794 765//765 764//764
f 794//794 795//795 765//765
f 795//795 766//766 765//765
f 795//795 796//796 766//766
f 796//796 767//767 766//766
f 796//796 797//797 767//767
f 797//797 768//768 767//767
f 797//797 798//798 768//768
f 798//798 769//769 768//768
f 798//798 799//799 769//769
f 799//799 770//770 769//769
f 799//799 800//800 770//770
f 800//800 771//771 770//770
f 800//800 801//801 771//771
f 801//801 772//772 771//771
f 801//801 802//802 772//772
f 802//802 773//773 772//772
f 802//802 803//803 773//773
f 803//803 774//774 773//773
f 803//803 804//804 774//774
f 804//804 775//775 774//774
f 804//804 805//805 775//775
f 805//805 776//776 775//775
f 805//805 806//806 776//776
f 806//806 777//777 776//776
f 806//806 807//807 777//777
f 807//807 778//778 777//777
f 807//807 808//808 778//778
f 808//808 779//779 778//778
f 808//808 809//809 779//779
f 809//809 780//780 779//779
f 809//809 810//810 780//780
f 810//810 751//751 780//780
f 810//810 781//781 751//751
f 811//811 782//782 781//781
f 811//811 812//812 782//782
f 812//812 783//783 782//782
f 812//812 813//813 783//783
f 813//813 784//784 783//783
f 813//813 814//814 784//784
f 814//814 785//785 784//784
f 814//814 815//815 785//785
f 815//815 786//786 785//785
f 815//815 816//816 786//786
f 816//816 787//787 786//786
f 816//816 817//817 787//787
f 817//817 788//788 787//787
f 817//817 818//818 788//788
f 818//818 789//789 788//788
f 818//818 819//819 789//789
f 819//819 790//790 789//789
f 819//819 820//820 790//790
f 820//820 791//791 790//790
f 820//820 821//821 791//791
f 821//821 792//792 791//791
f 821//821 822//822 792//792
f 822//822 793//793 792//792
f 822//822 823//823 793//793
f 823//823 794//794 793//793
f 823//823 824//824 794//794
f 824//824 795//795 794//794
f 824//824 825//825 795//795
f 825//825 796//796 795//795
f 825//825 826//826 796//796
f 826//826 797//797 796//796
f 826//826 827//827 797//797
f 827//827 798//798 797//797
f 827//827 828//828 798//798
f 828//828 799//799 798//798
f 828//828 829//829 799//799
f 829//829 800//800 799//799
f 829//829 830//830 800//800
f 830//830 801//801 800//800
f 830//830 831//831 801//801
f 831//831 802//802 801//801
f 831//831 832//832 802//802
f 832//832 803//803 802//802
f 832//832 833//833 803//803
f 833//833 804//804 803//803
f 833//833 834//834 804//804
f 834//834 805//805 804//804
f 834//834 835//835 805//805
f 835//835 806//806 805//805
f 835//835 836//836 806//806
f 836//836 807//807 806//806
f 836//836 837//837 807//807
f 837//837 808//808 807//807
f 837//837 838//838 808//808
f 838//838 809//809 808//808
f 838//838 839//839 809//809
f 839//839 810//810 809//809
f 839//839 840//840 810//810
f 840//840 781//781 810//810
f 840//840 811//811 781//781
f 841//841 812//812 811//811
f 841//841 842//842 812//812
f 842//842 813//813 812//812
f 842//842 843//843 813//813
f 843//843 814//814 813//813
f 843//843 844//844 814//814
f 844//844 815//815 814//814
f 844//844 845//845 815//815
f 845//845 816//816 815//815
f 845//845 846//846 816//816
f 846//846 817//817 816//816
f 846//846 847//847 817//817
f 847//847 818//818 817//817
f 847//847 848//848 818//818
f 848//848 819//819 818//818
f 848//848 849//849 819//819
f 849//849 820//820 819//819
f 849//849 850//850 820//820
f 850//850 821//821 820//820
f 850//850 851//851 821//821
f 851//851 822//822 821//821
f 851//851 852//852 822//822
f 852//852 823//823 822//822
f 852//852 853//853 823//823
f 853//853 824//824 823//823
f 853//853 854//854 824//824
f 854//854 825//825 824//824
f 854//854 855//855 825//825
f 855//855 826//826 825//825
f 855//855 856//856 826//826
f 856//856 827//827 826//826
f 856//856 857//857 827//827
f 857//857 828//828 827//827
f 857//857 858//858 828//828
f 858//858 829//829 828//828
f 858//858 859//859 829//829
f 859//859 830//830 829//829
f 859//859 860//860 830//830
f 860//860 831//831 830//830
f 860//860 861//861 831//831
f 861//861 832//832 831//831
f 861//861 862//862 832//832
f 862//862 833//833 832//832
f 862//862 863//863 833//833
f 863//863 834//834 833//833
f 863//863 864//864 834//834
f 864//864 835//835 834//834
f 864//864 865//865 835//835
f 865//865 836//836 835//835
f 865//865 866//866 836//836
f 866//866 837//837 836//836
f 866//866 867//867 837//837
f 867//867 838//838 837//837
f 867//867 868//868 838//838
f 868//868 839//839 838//838
f 868//868 869//869 839//839
f 869//869 840//840 839//839
f 869//869 870//870 840//840
f 870//870 811//811 840//840
f 870//870 841//841 811//811
f 871//871 842//842 841//841
f 871//871 872//872 842//842
f 872//872 843//843 842//842
f 872//872 873//873 843//843
f 873//873 844//844 843//843
f 873//873 874//874 844//844
f 874//874 845//845 844//844
f 874//874 875//875 845//845
f 875//875 846//846 845//845
f 875//875 876//876 846//846
f 876//876 847//847 846//846
f 876//876 877//877 847//847
f 877//877 848//848 847//847
f 877//877 878//878 848//848
f 878//878 849//849 848//848
f 878//878 879//879 849//849
f 879//879 850//850 849//849
f 879//879 880//880 850//850
f 880//880 851//851 850//850
f 880//880 881//881 851//851
f 881//881 852//852 851//851
f 881//881 882//882 852//852
f 882//882 853//853 852//852
f 882//882 883//883 853//853
f 883//883 854//854 853//853
f 883//883 884//884 854//854
f 884//884 855//855 854//854
f 884//884 885//885 855//855
f 885//885 856//856 855//855
f 885//885 886//886 856//856
f 886//886 857//857 856//856
f 886//886 887//887 857//857
f 887//887 858//858 857//857
f 887//887 888//888 858//858
f 888//888 859//859 858//858
f 888//888 889//889 859//859
f 889//889 860//860 859//859
f 889//889 890//890 860//860
f 890//890 861//861 860//860
f 890//890 891//891 861//861
f 891//891 862//862 861//861
f 891//891 892//892 862//862
f 892//892 863//863 862//862
f 892//892 893//893 863//863
f 893//893 864//864 863//863
f 893//893 894//894 864//864
f 894//894 865//865 864//864
f 894//894 895//895 865//865
f 895//895 866//866 865//865
f 895//895 896//896 866//866
f 896//896 867//867 866//866
f 896//896 897//897 867//867
f 897//897 868//868 867//867
f 897//897 898//898 868//868
f 898//898 869//869 868//868
f 898//898 899//899 869//869
f 899//899 870//870 869//869
f 899//899 900//900 870//870
f 900//900 841//841 870//870
f 900//900 871//871 841//841
f 901//901 872//872 871//871
f 901//901 902//902 872//872
f 902//902 873//873 872//872
f 902//902 903//903 873//873
f 903//903 874//874 873//873
f 903//903 904//904 874//874
f 904//904 875//875 874//874
f 904//904 905//905 875//875
f 905//905 876//876 875//875
f 905//905 906//906 876//876
f 906//906 877//877 876//876
f 906//906 907//907 877//877
f 907//907 878//878 877//877
f 907//907 908//908 878//878
f 908//908 879//879 878//878
f 908//908 909//909 879//879
f 909//909 880//880 879//879
f 909//909 910//910 880//880
f 910//910 881//881 880//880
f 910//910 911//911 881//881
f 911//911 882//882 881//881
f 911//911 912//912 882//882
f 912//912 883//883 882//882
f 912//912 913//913 883//883
f 913//913 884//884 883//883
f 913//913 914//914 884//884
f 914//914 885//885 884//884
f 914//914 915//915 885//885
f 915//915 886//886 885//885
f 915//915 916//916 886//886
f 916//916 887//887 886//886
f 916//916 917//917 887//887
f 917//917 888//888 887//887
f 917//917 918//918 888//888
f 918//918 889//889 888//888
f 918//918 919//919 889//889
f 919//919 890//890 889//889
f 919//919 920//920 890//890
f 920//920 891//891 890//890
f 920//920 921//921 891//891
f 921//921 892//892 891//891
f 921//921 922//922 892//892
f 922//922 893//893 892//892
f 922//922 923//923 893//893
f 923//923 894//894 893//893
f 923//923 924//924 894//894
f 924//924 895//895 894//894
f 924//924 925//925 895//895
f 925//925 896//896 895//895
f 925//925 926//926 896//896
f 926//926 897//897 896//896
f 926//926 927//927 897//897
f 927//927 898//898 897//897
f 927//927 928//928 898//898
f 928//928 899//899 898//898
f 928//928 929//929 899//899
f 929//929 900//900 899//899
f 929//929 930//930 900//900
f 930//930 871//871 900//900
f 930//930 901//901 871//871
f 931//931 902//902 901//901
f 931//931 932//932 902//902
f 932//932 903//903 902//902
f 932//932 933//933 903//903
f 933//933 904//904 903//903
f 933//933 934//934 904//904
f 934//934 905//905 904//904
f 934//934 935//935 905//905
f 935//935 906//906 905//905
f 935//935 936//936 906//906
f 936//936 907//907 906//906
f 936//936 937//937 907//907
f 937//937 908//908 907//907
f 937//937 938//938 908//908
f 938//938 909//909 908//908
f 938//938 939//939 909//909
f 939//939 910//910 909//909
f 939//939 940//940 910//910
f 940//940 911//911 910//910
f 940//940 941//941 911//911
f 941//941 912//912 911//911
f 941//941 942//942 912//912
f 942//942 913//913 912//912
f 942//942 943//943 913//913
f 943//943 914//914 913//913
f 943//943 944//944 914//914
f 944//944 915//915 914//914
f 944//944 945//945 915//915
f 945//945 916//916 915//915
f 945//945 946//946 916//916
f 946//946 917//917 916//916
f 946//946 947//947 917//917
f 947//947 918//918 917//917
f 947//947 948//948 918//918
f 948//948 919//919 918//918
f 948//948 949//949 919//919
f 949//949 920//920 919//919
f 949//949 950//950 920//920
f 950//950 921//921 920//920
f 950//950 951//951 921//921
f 951//951 922//922 921//921
f 951//951 952//952 922//922
f 952//952 923//923 922//922
f 952//952 953//953 923//923
f 953//953 924//924 923//923
f 953//953 954//954 924//924
f 954//954 925//925 924//924
f 954//954 955//955 925//925
f 955//955 926//926 925//925
f 955//955 956//956 926//926
f 956//956 927//927 926//926
f 956//956 957//957 927//927
f 957//957 928//928 927//927
f 957//957 958//958 928//928
f 958//958 929//929 928//928
f 958//958 959//959 929//929
f 959//959 930//930 929//929
f 959//959 960//960 930//930
f 960//960 901//901 930//930
f 960//960 931//931 901//901
f 961//961 932//932 931//931
f 961//961 962//962 932//932
f 962//962 933//933 932//932
f 962//962 963//963 933//933
f 963//963 934//934 933//933
f 963//963 964//964 934//934
f 964//964 935//935 934//934
f 964//964 965//965 935//935
f 965//965 936//936 935//935
f 965//965 966//966 936//936
f 966//966 937//937 936//936
f 966//966 967//967 937//937
f 967//967 938//938 937//937
f 967//967 968//968 938//938
f 968//968 939//939 938//938
f 968//968 969//969 939//939
f 969//969 940//940 939//939
f 969//969 970//970 940//940
f 970//970 941//941 940//940
f 970//970 971//971 941//941
f 971//971 942//942 941//941
f 971//971 972//972 942//942
f 972//972 943//943 942//942
f 972//972 973//973 943//943
f 973//973 944//944 943//943
f 973//973 974//974 944//944
f 974//974 945//945 944//944
f 974//974 975//975 945//945
f 975//975 946//946 945//945
f 975//975 976//976 946//946
f 976//976 947//947 946//946
f 976//976 977//977 947//947
f 977//977 948//948 947//947
f 977//977 978//978 948//948
f 978//978 949//949 948//948
f 978//978 979//979 949//949
f 979//979 950//950 949//949
f 979//979 980//980 950//950
f 980//980 951//951 950//950
f 980//980 981//981 951//951
f 981//981 952//952 951//951
f 981//981 982//982 952//952
f 982//982 953//953 952//952
f 982//982 983//983 953//953
f 983//983 954//954 953//953
f 983//983 984//984 954//954
f 984//984 955//955 954//954
f 984//984 985//985 955//955
f 985//985 956//956 955//955
f 985//985 986//986 956//956
f 986//986 957//957 956//956
f 986//986 987//987 957//957
f 987//987 958//958 957//957
f 987//987 988//988 958//958
f 988//988 959//959 958//958
f 988//988 989//989 959//959
f 989//989 960//960 959//959
f 989//989 990//990 960//960
f 990//990 931//931 960//960
f 990//990 961//961 931//931
f 991//991 962//962 961//961
f 991//991 992//992 962//962
f 992//992 963//963 962//962
f 992//992 993//993 963//963
f 993//993 964//964 963//963
f 993//993 994//994 964//964
f 994//994 965//965 964//964
f 994//994 995//995 965//965
f 995//995 966//966 965//965
f 995//995 996//996 966//966
f 996//996 967//967 966//966
f 996//996 997//997 967//967
f 997//997 968//968 967//967
f 997//997 998//998 968//968
f 998//998 969//969 968//968
f 998//998 999//999 969//969
f 999//999 970//970 969//969
f 999//999 1000//1000 970//970
f 1000//1000 971//971 970//970
f 1000//1000 1001//1001 971//971
f 1001//1001 972//972 971//971
f 1001//1001 1002//1002 972//972
f 1002//1002 973//973 972//972
f 1002//1002 1003//1003 973//973
f 1003//1003 974//974 973//973
f 1003//1003 1004//1004 974//974
f 1004//1004 975//975 974//974
f 1004//1004 1005//1005 975//975
f 1005//1005 976//976 975//975
f 1005//1005 1006//1006 976//976
f 1006//1006 977//977 976//976
f 1006//1006 1007//1007 977//977
f 1007//1007 978//978 977//977
f 1007//1007 1008//1008 978//978
f 1008//1008 979//979 978//978
f 1008//1008 1009//1009 979//979
f 1009//1009 980//980 979//979
f 1009//1009 1010//1010 980//980
f 1010//1010 981//981 980//980
f 1010//1010 1011//1011 981//981
f 1011//1011 982//982 981//981
f 1011//1011 1012//1012 982//982
f 1012//1012 983//983 982//982
f 1012//1012 1013//1013 983//983
f 1013//1013 984//984 983//983
f 1013//1013 1014//1014 984//984
f 1014//1014 985//985 984//984
f 1014//1014 1015//1015 985//985
f 1015//1015 986//986 985//985
f 1015//1015 1016//1016 986//986
f 1016//1016 987//987 986//986
f 1016//1016 1017//1017 987//987
f 1017//1017 988//988 987//987
f 1017//1017 1018//1018 988//988
f 1018//1018 989//989 988//988
f 1018//1018 1019//1019 989//989
f 1019//1019 990//990 989//989
f 1019//1019 1020//1020 990//990
f 1020//1020 961//961 990//990
f 1020//1020 991//991 961//961
f 1021//1021 992//992 991//991
f 1021//1021 1022//1022 992//992
f 1022//1022 993//993 992//992
f 1022//1022 1023//1023 993//993
f 1023//1023 994//994 993//993
f 1023//1023 1024//1024 994//994
f 1024//1024 995//995 994//994
f 1024//1024 1025//1025 995//995
f 1025//1025 996//996 995//995
f 1025//1025 1026//1026 996//996
f 1026//1026 997//997 996//996
f 1026//1026 1027//1027 997//997
f 1027//1027 998//998 997//997
f 1027//1027 1028//1028 998//998
f 1028//1028 999//999 998//998
f 1028//1028 1029//1029 999//999
f 1029//1029 1000//1000 999//999
f 1029//1029 1030//1030 1000//1000
f 1030//1030 1001//1001 1000//1000
f 1030//1030 1031//1031 1001//1001
f 1031//1031 1002//1002 1001//1001
f 1031//1031 1032//1032 1002//1002
f 1032//1032 1003//1003 1002//1002
f 1032//1032 1033//1033 1003//1003
f 1033//1033 1004//1004 1003//1003
f 1033//1033 1034//1034 1004//1004
f 1034//1034 1005//1005 1004//1004
f 1034//1034 1035//1035 1005//1005
f 1035//1035 1006//1006 1005//1005
f 1035//1035 1036//1036 1006//1006
f 1036//1036 1007//1007 1006//1006
f 1036//1036 1037//1037 1007//1007
f 1037//1037 1008//1008 1007//1007
f 1037//1037 1038//1038 1008//1008
f 1038//1038 1009//1009 1008//1008
f 1038//1038 1039//1039 1009//1009
f 1039//1039 1010//1010 1009//1009
f 1039//1039 1040//1040 1010//1010
f 1040//1040 1011//1011 1010//1010
f 1040//1040 1041//1041 1011//1011
f 1041//1041 1012//1012 1011//1011
f 1041//1041 1042//1042 1012//1012
f 1042//1042 1013//1013 1012//1012
f 1042//1042 1043//1043 1013//1013
f 1043//1043 1014//1014 1013//1013
f 1043//1043 1044//1044 1014//1014
f 1044//1044 1015//1015 1014//1014
f 1044//1044 1045//1045 1015//1015
f 1045//1045 1016//1016 1015//1015
f 1045//1045 1046//1046 1016//1016
f 1046//1046 1017//1017 1016//1016
f 1046//1046 1047//1047 1017//1017
f 1047//1047 1018//1018 1017//1017
f 1047//1047 1048//1048 1018//1018
f 1048//1048 1019//1019 1018//1018
f 1048//1048 1049//1049 1019//1019
f 1049//1049 1020//1020 1019//1019
f 1049//1049 1050//1050 1020//1020
f 1050//1050 991//991 1020//1020
f 1050//1050 1021//1021 991//991
f 1051//1051 1022//1022 1021//1021
f 1051//1051 1052//1052 1022//1022
f 1052//1052 1023//1023 1022//1022
f 1052//1052 1053//1053 1023//1023
f 1053//1053 1024//1024 1023//1023
f 1053//1053 1054//1054 1024//1024
f 1054//1054 1025//1025 1024//1024
f 1054//1054 1055//1055 1025//1025
f 1055//1055 1026//1026 1025//1025
f 1055//1055 1056//1056 1026//1026
f 1056//1056 1027//1027 1026//1026
f 1056//1056 1057//1057 1027//1027
f 1057//1057 1028//1028 1027//1027
f 1057//1057 1058//1058 1028//1028
f 1058//1058 1029//1029 1028//1028
f 1058//1058 1059//1059 1029//1029
f 1059//1059 1030//1030 1029//1029
f 1059//1059 1060//1060 1030//1030
f 1060//1060 1031//1031 1030//1030
f 1060//1060 1061//1061 1031//1031
f 1061//1061 1032//1032 1031//1031
f 1061//1061 1062//1062 1032//1032
f 1062//1062 1033//1033 1032//1032
f 1062//1062 1063//1063 1033//1033
f 1063//1063 1034//1034 1033//1033
f 1063//1063 1064//1064 1034//1034
f 1064//1064 1035//1035 1034//1034
f 1064//1064 1065//1065 1035//1035
f 1065//1065 1036//1036 1035//1035
f 1065//1065 1066//1066 1036//1036
f 1066//1066 1037//1037 1036//1036
f 1066//1066 1067//1067 1037//1037
f 1067//1067 1038//1038 1037//1037
f 1067//1067 1068//1068 1038//1038
f 1068//1068 1039//1039 1038//1038
f 1068//1068 1069//1069 1039//1039
f 1069//1069 1040//1040 1039//1039
f 1069//1069 1070//1070 1040//1040
f 1070//1070 1041//1041 1040//1040
f 1070//1070 1071//1071 1041//1041
f 1071//1071 1042//1042 1041//1041
f 1071//1071 1072//1072 1042//1042
f 1072//1072 1043//1043 1042//1042
f 1072//1072 1073//1073 1043//1043
f 1073//1073 1044//1044 1043//1043
f 1073//1073 1074//1074 1044//1044
f 1074//1074 1045//1045 1044//1044
f 1074//1074 1075//1075 1045//1045
f 1075//1075 1046//1046 1045//1045
f 1075//1075 1076//1076 1046//1046
f 1076//1076 1047//1047 1046//1046
f 1076//1076 1077//1077 1047//1047
f 1077//1077 1048//1048 1047//1047
f 1077//1077 1078//1078 1048//1048
f 1078//1078 1049//1049 1048//1048
f 1078//1078 1079//1079 1049//1049
f 1079//1079 1050//1050 1049//1049
f 1079//1079 1080//1080 1050//1050
f 1080//1080 1021//1021 1050//1050
f 1080//1080 1051//1051 1021//1021
f 1081//1081 1052//1052 1051//1051
f 1081//1081 1082//1082 1052//1052
f 1082//1082 1053//1053 1052//1052
f 1082//1082 1083//1083 1053//1053
f 1083//1083 1054//1054 1053//1053
f 1083//1083 1084//1084 1054//1054
f 1084//1084 1055//1055 1054//1054
f 1084//1084 1085//1085 1055//1055
f 1085//1085 1056//1056 1055//1055
f 1085//1085 1086//1086 1056//1056
f 1086//1086 1057//1057 1056//1056
f 1086//1086 1087//1087 1057//1057
f 1087//1087 1058//1058 1057//1057
f 1087//1087 1088//1088 1058//1058
f 1088//1088 1059//1059 1058//1058
f 1088//1088 1089//1089 1059//1059
f 1089//1089 1060//1060 1059//1059
f 1089//1089 1090//1090 1060//1060
f 1090//1090 1061//1061 1060//1060
f 1090//1090 1091//1091 1061//1061
f 1091//1091 1062//1062 1061//1061
f 1091//1091 1092//1092 1062//1062
f 1092//1092 1063//1063 1062//1062
f 1092//1092 1093//1093 1063//1063
f 1093//1093 1064//1064 1063//1063
f 1093//1093 1094//1094 1064//1064
f 1094//1094 1065//1065 1064//1064
f 1094//1094 1095//1095 1065//1065
f 1095//1095 1066//1066 1065//1065
f 1095//1095 1096//1096 1066//1066
f 1096//1096 1067//1067 1066//1066
f 1096//1096 1097//1097 1067//1067
f 1097//1097 1068//1068 1067//1067
f 1097//1097 1098//1098 1068//1068
f 1098//1098 1069//1069 1068//1068
f 1098//1098 1099//1099 1069//1069
f 1099//1099 1070//1070 1069//1069
f 1099//1099 1100//1100 1070//1070
f 1100//1100 1071//1071 1070//1070
f 1100//1100 1101//1101 1071//1071
f 1101//1101 1072//1072 1071//1071
f 1101//1101 1102//1102 1072//1072
f 1102//1102 1073//1073 1072//1072
f 1102//1102 1103//1103 1073//1073
f 1103//1103 1074//1074 1073//1073
f 1103//1103 1104//1104 1074//1074
f 1104//1104 1075//1075 1074//1074
f 1104//1104 1105//1105 1075//1075
f 1105//1105 1076//1076 1075//1075
f 1105//1105 1106//1106 1076//1076
f 1106//1106 1077//1077 1076//1076
f 1106//1106 1107//1107 1077//1077
f 1107//1107 1078//1078 1077//1077
f 1107//1107 1108//1108 1078//1078
f 1108//1108 1079//1079 1078//1078
f 1108//1108 1109//1109 1079//1079
f 1109//1109 1080//1080 1079//1079
f 1109//1109 1110//1110 1080//1080
f 1110//1110 1051//1051 1080//1080
f 1110//1110 1081//1081 1051//1051
f 1111//1111 1082//1082 1081//1081
f 1111//1111 1112//1112 1082//1082
f 1112//1112 1083//1083 1082//1082
f 1112//1112 1113//1113 1083//1083
f 1113//1113 1084//1084 1083//1083
f 1113//1113 1114//1114 1084//1084
f 1114//1114 1085//1085 1084//1084
f 1114//1114 1115//1115 1085//1085
f 1115//1115 1086//1086 1085//1085
f 1115//1115 1116//1116 1086//1086
f 1116//1116 1087//1087 1086//1086
f 1116//1116 1117//1117 1087//1087
f 1117//1117 1088//1088 1087//1087
f 1117//1117 1118//1118 1088//1088
f 1118//1118 1089//1089 1088//1088
f 1118//1118 1119//1119 1089//1089
f 1119//1119 1090//1090 1089//1089
f 1119//1119 1120//1120 1090//1090
f 1120//1120 1091//1091 1090//1090
f 1120//1120 1121//1121 1091//1091
f 1121//1121 1092//1092 1091//1091
f 1121//1121 1122//1122 1092//1092
f 1122//1122 1093//1093 1092//1092
f 1122//1122 1123//1123 1093//1093
f 1123//1123 1094//1094 1093//1093
f 1123//1123 1124//1124 1094//1094
f 1124//1124 1095//1095 1094//1094
f 1124//1124 1125//1125 1095//1095
f 1125//1125 1096//1096 1095//1095
f 1125//1125 1126//1126 1096//1096
f 1126//1126 1097//1097 1096//1096
f 1126//1126 1127//1127 1097//1097
f 1127//1127 1098//1098 1097//1097
f 1127//1127 1128//1128 1098//1098
f 1128//1128 1099//1099 1098//1098
f 1128//1128 1129//1129 1099//1099
f 1129//1129 1100//1100 1099//1099
f 1129//1129 1130//1130 1100//1100
f 1130//1130 1101//1101 1100//1100
f 1130//1130 1131//1131 1101//1101
f 1131//1131 1102//1102 1101//1101
f 1131//1131 1132//1132 1102//1102
f 1132//1132 1103//1103 1102//1102
f 1132//1132 1133//1133 1103//1103
f 1133//1133 1104//1104 1103//1103
f 1133//1133 1134//1134 1104//1104
f 1134//1134 1105//1105 1104//1104
f 1134//1134 1135//1135 1105//1105
f 1135//1135 1106//1106 1105//1105
f 1135//1135 1136//1136 1106//1106
f 1136//1136 1107//1107 1106//1106
f 1136//1136 1137//1137 1107//1107
f 1137//1137 1108//1108 1107//1107
f 1137//1137 1138//1138 1108//1108
f 1138//1138 1109//1109 1108//1108
f 1138//1138 1139//1139 1109//1109
f 1139//1139 1110//1110 1109//1109
f 1139//1139 1140//1140 1110//1110
f 1140//1140 1081//1081 1110//1110
f 1140//1140 1111//1111 1081//1081
f 1141//1141 1112//1112 1111//1111
f 1141//1141 1142//1142 1112//1112
f 1142//1142 1113//1113 1112//1112
f 1142//1142 1143//1143 1113//1113
f 1143//1143 1114//1114 1113//1113
f 1143//1143 1144//1144 1114//1114
f 1144//1144 1115//1115 1114//1114
f 1144//1144 1145//1145 1115//1115
f 1145//1145 1116//1116 1115//1115
f 1145//1145 1146//1146 1116//1116
f 1146//1146 1117//1117 1116//1116
f 1146//1146 1147//1147 1117//1117
f 1147//1147 1118//1118 1117//1117
f 1147//1147 1148//1148 1118//1118
f 1148//1148 1119//1119 1118//1118
f 1148//1148 1149//1149 1119//1119
f 1149//1149 1120//1120 1119//1119
f 1149//1149 1150//1150 1120//1120
f 1150//1150 1121//1121 1120//1120
f 1150//1150 1151//1151 1121//1121
f 1151//1151 1122//1122 1121//1121
f 1151//1151 1152//1152 1122//1122
f 1152//1152 1123//1123 1122//1122
f 1152//1152 1153//1153 1123//1123
f 1153//1153 1124//1124 1123//1123
f 1153//1153 1154//1154 1124//1124
f 1154//1154 1125//1125 1124//1124
f 1154//1154 1155//1155 1125//1125
f 1155//1155 1126//1126 1125//1125
f 1155//1155 1156//1156 1126//1126
f 1156//1156 1127//1127 1126//1126
f 1156//1156 1157//1157 1127//1127
f 1157//1157 1128//1128 1127//1127
f 1157//1157 1158//1158 1128//1128
f 1158//1158 1129//1129 1128//1128
f 1158//1158 1159//1159 1129//1129
f 1159//1159 1130//1130 1129//1129
f 1159//1159 1160//1160 1130//1130
f 1160//1160 1131//1131 1130//1130
f 1160//1160 1161//1161 1131//1131
f 1161//1161 1132//1132 1131//1131
f 1161//1161 1162//1162 1132//1132
f 1162//1162 1133//1133 1132//1132
f 1162//1162 1163//1163 1133//1133
f 1163//1163 1134//1134 1133//1133
f 1163//1163 1164//1164 1134//1134
f 1164//1164 1135//1135 1134//1134
f 1164//1164 1165//1165 1135//1135
f 1165//1165 1136//1136 1135//1135
f 1165//1165 1166//1166 1136//1136
f 1166//1166 1137//1137 1136//1136
f 1166//1166 1167//1167 1137//1137
f 1167//1167 1138//1138 1137//1137
f 1167//1167 1168//1168 1138//1138
f 1168//1168 1139//1139 1138//1138
f 1168//1168 1169//1169 1139//1139
f 1169//1169 1140//1140 1139//1139
f 1169//1169 1170//1170 1140//1140
f 1170//1170 1111//1111 1140//1140
f 1170//1170 1141//1141 1111//1111
f 1171//1171 1142//1142 1141//1141
f 1171//1171 1172//1172 1142//1142
f 1172//1172 1143//1143 1142//1142
f 1172//1172 1173//1173 1143//1143
f 1173//1173 1144//1144 1143//1143
f 1173//1173 1174//1174 1144//1144
f 1174//1174 1145//1145 1144//1144
f 1174//1174 1175//1175 1145//1145
f 1175//1175 1146//1146 1145//1145
f 1175//1175 1176//1176 1146//1146
f 1176//1176 1147//1147 1146//1146
f 1176//1176 1177//1177 1147//1147
f 1177//1177 1148//1148 1147//1147
f 1177//1177 1178//1178 1148//1148
f 1178//1178 1149//1149 1148//1148
f 1178//1178 1179//1179 1149//1149
f 1179//1179 1150//1150 1149//1149
f 1179//1179 1180//1180 1150//1150
f 1180//1180 1151//1151 1150//1150
f 1180//1180 1181//1181 1151//1151
f 1181//1181 1152//1152 1151//1151
f 1181//1181 1182//1182 1152//1152
f 1182//1182 1153//1153 1152//1152
f 1182//1182 1183//1183 1153//1153
f 1183//1183 1154//1154 1153//1153
f 1183//1183 1184//1184 1154//1154
f 1184//1184 1155//1155 1154//1154
f 1184//1184 1185//1185 1155//1155
f 1185//1185 1156//1156 1155//1155
f 1185//1185 1186//1186 1156//1156
f 1186//1186 1157//1157 1156//1156
f 1186//1186 1187//1187 1157//1157
f 1187//1187 1158//1158 1157//1157
f 1187//1187 1188//1188 1158//1158
f 1188//1188 1159//1159 1158//1158
f 1188//1188 1189//1189 1159//1159
f 1189//1189 1160//1160 1159//1159
f 1189//1189 1190//1190 1160//1160
f 1190//1190 1161//1161 1160//1160
f 1190//1190 1191//1191 1161//1161
f 1191//1191 1162//1162 1161//1161
f 1191//1191 1192//1192 1162//1162
f 1192//1192 1163//1163 1162//1162
f 1192//1192 1193//1193 1163//1163
f 1193//1193 1164//1164 1163//1163
f 1193//1193 1194//1194 1164//1164
f 1194//1194 1165//1165 1164//1164
f 1194//1194 1195//1195 1165//1165
f 1195//1195 1166//1166 1165//1165
f 1195//1195 1196//1196 1166//1166
f 1196//1196 1167//1167 1166//1166
f 1196//1196 1197//1197 1167//1167
f 1197//1197 1168//1168 1167//1167
f 1197//1197 1198//1198 1168//1168
f 1198//1198 1169//1169 1168//1168
f 1198//1198 1199//1199 1169//1169
f 1199//1199 1170//1170 1169//1169
f 1199//1199 1200//1200 1170//1170
f 1200//1200 1141//1141 1170//1170
f 1200//1200 1171//1171 1141//1141
f 1201//1201 1172//1172 1171//1171
f 1201//1201 1202//1202 1172//1172
f 1202//1202 1173//1173 1172//1172
f 1202//1202 1203//1203 1173//1173
f 1203//1203 1174//1174 1173//1173
f 1203//1203 1204//1204 1174//1174
f 1204//1204 1175//1175 1174//1174
f 1204//1204 1205//1205 1175//1175
f 1205//1205 1176//1176 1175//1175
f 1205//1205 1206//1206 1176//1176
f 1206//1206 1177//1177 1176//1176
f 1206//1206 1207//1207 1177//1177
f 1207//1207 1178//1178 1177//1177
f 1207//1207 1208//1208 1178//1178
f 1208//1208 1179//1179 1178//1178
f 1208//1208 1209//1209 1179//1179
f 1209//1209 1180//1180 1179//1179
f 1209//1209 1210//1210 1180//1180
f 1210//1210 1181//1181 1180//1180
f 1210//1210 1211//1211 1181//1181
f 1211//1211 1182//1182 1181//1181
f 1211//1211 1212//1212 1182//1182
f 1212//1212 1183//1183 1182//1182
f 1212//1212 1213//1213 1183//1183
f 1213//1213 1184//1184 1183//1183
f 1213//1213 1214//1214 1184//1184
f 1214//1214 1185//1185 1184//1184
f 1214//1214 1215//1215 1185//1185
f 1215//1215 1186//1186 1185//1185
f 1215//1215 1216//1216 1186//1186
f 1216//1216 1187//1187 1186//1186
f 1216//1216 1217//1217 1187//1187
f 1217//1217 1188//1188 1187//1187
f 1217//1217 1218//1218 1188//1188
f 1218//1218 1189//1189 1188//1188
f 1218//1218 1219//1219 1189//1189
f 1219//1219 1190//1190 1189//1189
f 1219//1219 1220//1220 1190//1190
f 1220//1220 1191//1191 1190//1190
f 1220//1220 1221//1221 1191//1191
f 1221//1221 1192//1192 1191//1191
f 1221//1221 1222//1222 1192//1192
f 1222//1222 1193//1193 1192//1192
f 1222//1222 1223//1223 1193//1193
f 1223//1223 1194//1194 1193//1193
f 1223//1223 1224//1224 1194//1194
f 1224//1224 1195//1195 1194//1194
f 1224//1224 1225//1225 1195//1195
f 1225//1225 1196//1196 1195//1195
f 1225//1225 1226//1226 1196//1196
f 1226//1226 1197//1197 1196//1196
f 1226//1226 1227//1227 1197//1197
f 1227//1227 1198//1198 1197//1197
f 1227//1227 1228//1228 1198//1198
f 1228//1228 1199//1199 1198//1198
f 1228//1228 1229//1229 1199//1199
f 1229//1229 1200//1200 1199//1199
f 1229//1229 1230//1230 1200//1200
f 1230//1230 1171//1171 1200//1200
f 1230//1230 1201//1201 1171//1171
f 1231//1231 1202//1202 1201//1201
f 1231//1231 1232//1232 1202//1202
f 1232//1232 1203//1203 1202//1202
f 1232//1232 1233//1233 1203//1203
f 1233//1233 1204//1204 1203//1203
f 1233//1233 1234//1234 1204//1204
f 1234//1234 1205//1205 1204//1204
f 1234//1234 1235//1235 1205//1205
f 1235//1235 1206//1206 1205//1205
f 1235//1235 1236//1236 1206//1206
f 1236//1236 1207//1207 1206//1206
f 1236//1236 1237//1237 1207//1207
f 1237//1237 1208//1208 1207//1207
f 1237//1237 1238//1238 1208//1208
f 1238//1238 1209//1209 1208//1208
f 1238//1238 1239//1239 1209//1209
f 1239//1239 1210//1210 1209//1209
f 1239//1239 1240//1240 1210//1210
f 1240//1240 1211//1211 1210//1210
f 1240//1240 1241//1241 1211//1211
f 1241//1241 1212//1212 1211//1211
f 1241//1241 1242//1242 1212//1212
f 1242//1242 1213//1213 1212//1212
f 1242//1242 1243//1243 1213//1213
f 1243//1243 1214//1214 1213//1213
f 1243//1243 1244//1244 1214//1214
f 1244//1244 1215//1215 1214//1214
f 1244//1244 1245//1245 1215//1215
f 1245//1245 1216//1216 1215//1215
f 1245//1245 1246//1246 1216//1216
f 1246//1246 1217//1217 1216//1216
f 1246//1246 1247//1247 1217//1217
f 1247//1247 1218//1218 1217//1217
f 1247//1247 1248//1248 1218//1218
f 1248//1248 1219//1219 1218//1218
f 1248//1248 1249//1249 1219//1219
f 1249//1249 1220//1220 1219//1219
f 1249//1249 1250//1250 1220//1220
f 1250//1250 1221//1221 1220//1220
f 1250//1250 1251//1251 1221//1221
f 1251//1251 1222//1222 1221//1221
f 1251//1251 1252//1252 1222//1222
f 1252//1252 1223//1223 1222//1222
f 1252//1252 1253//1253 1223//1223
f 1253//1253 1224//1224 1223//1223
f 1253//1253 1254//1254 1224//1224
f 1254//1254 1225//1225 1224//1224
f 1254//1254 1255//1255 1225//1225
f 1255//1255 1226//1226 1225//1225
f 1255//1255 1256//1256 1226//1226
f 1256//1256 1227//1227 1226//1226
f 1256//1256 1257//1257 1227//1227
f 1257//1257 1228//1228 1227//1227
f 1257//1257 1258//1258 1228//1228
f 1258//1258 1229//1229 1228//1228
f 1258//1258 1259//1259 1229//1229
f 1259//1259 1230//1230 1229//1229
f 1259//1259 1260//1260 1230//1230
f 1260//1260 1201//1201 1230//1230
f 1260//1260 1231//1231 1201//1201
f 2//2 1//1 632//632
f 3//3 2//2 633//633
f 4//4 3//3 634//634
f 5//5 4//4 635//635
f 6//6 5//5 636//636
f 7//7 6//6 637//637
f 8//8 7//7 638//638
f 9//9 8//8 639//639
f 10//10 9//9 640//640
f 11//11 10//10 641//641
f 12//12 11//11 642//642
f 13//13 12//12 643//643
f 14//14 13//13 644//644
f 15//15 14//14 645//645
f 16//16 15//15 646//646
f 17//17 16//16 647//647
f 18//18 17//17 648//648
f 19//19 18//18 649//649
f 20//20 19//19 650//650
f 21//21 20//20 651//651
f 22//22 21//21 652//652
f 23//23 22//22 653//653
f 24//24 23//23 654//654
f 25//25 24//24 655//655
f 26//26 25//25 656//656
f 27//27 26//26 657//657
f 28//28 27//27 658//658
f 29//29 28//28 659//659
f 30//30 29//29 660//660
f 1//1 30//30 631//631
f 1//1 631//631 632//632
f 2//2 632//632 633//633
f 3//3 633//633 634//634
f 4//4 634//634 635//635
f 5//5 635//635 636//636
f 6//6 636//636 637//637
f 7//7 637//637 638//638
f 8//8 638//638 639//639
f 9//9 639//639 640//640
f 10//10 640//640 641//641
f 11//11 641//641 642//642
f 12//12 642//642 643//643
f 13//13 643//643 644//644
f 14//14 644//644 645//645
f 15//15 645//645 646//646
f 16//16 646//646 647//647
f 17//17 647//647 648//648
f 18//18 648//648 649//649
f 19//19 649//649 650//650
f 20//20 650//650 651//651
f 21//21 651//651 652//652
f 22//22 652//652 653//653
f 23//23 653//653 654//654
f 24//24 654//654 655//655
f 25//25 655//655 656//656
f 26//26 656//656 657//657
f 27//27 657//657 658//658
f 28//28 658//658 659//659
f 29//29 659//659 660//660
f 30//30 660//660 631//631
