# Created by Open3D 
# object name: temp_object_982609407
# number of vertices: 1260
# number of triangles: 2460
v 0.036903 2.22316e-08 0.174533 0.8 0.8 0.8
vn -0.997376 0.0306969 0.0655691
v 0.0360966 0.0076726 0.174533 0.8 0.8 0.8
vn -0.981963 -0.17734 0.0655691
v 0.0337126 0.0150099 0.174533 0.8 0.8 0.8
vn -0.923634 -0.377626 0.0655691
v 0.0298552 0.0216911 0.174533 0.8 0.8 0.8
vn -0.824937 -0.561408 0.0655691
v 0.0246929 0.0274243 0.174533 0.8 0.8 0.8
vn -0.690187 -0.720654 0.0655691
v 0.0184515 0.031959 0.174533 0.8 0.8 0.8
vn -0.525272 -0.848404 0.0655691
v 0.0114036 0.0350969 0.174533 0.8 0.8 0.8
vn -0.337401 -0.939075 0.0655691
v 0.00385739 0.0367009 0.174533 0.8 0.8 0.8
vn -0.134783 -0.988703 0.0655691
v -0.00385745 0.0367009 0.174533 0.8 0.8 0.8
vn 0.0737254 -0.995121 0.0655691
v -0.0114037 0.0350969 0.174533 0.8 0.8 0.8
vn 0.279012 -0.958047 0.0655691
v -0.0184516 0.031959 0.174533 0.8 0.8 0.8
vn 0.472104 -0.879101 0.0655691
v -0.024693 0.0274243 0.174533 0.8 0.8 0.8
vn 0.644562 -0.761735 0.0655691
v -0.0298552 0.0216911 0.174533 0.8 0.8 0.8
vn 0.788851 -0.611077 0.0655691
v -0.0337127 0.0150099 0.174533 0.8 0.8 0.8
vn 0.898663 -0.433712 0.0655691
v -0.0360967 0.0076726 0.174533 0.8 0.8 0.8
vn 0.969198 -0.237392 0.0655691
v -0.0369031 2.11647e-08 0.174533 0.8 0.8 0.8
vn 0.997376 -0.0306969 0.0655691
v -0.0360967 -0.00767256 0.174533 0.8 0.8 0.8
vn 0.981963 0.17734 0.0655691
v -0.0337127 -0.0150098 0.174533 0.8 0.8 0.8
vn 0.923634 0.377626 0.0655691
v -0.0298552 -0.0216911 0.174533 0.8 0.8 0.8
vn 0.824937 0.561408 0.0655691
v -0.024693 -0.0274243 0.174533 0.8 0.8 0.8
vn 0.690187 0.720654 0.0655691
v -0.0184516 -0.031959 0.174533 0.8 0.8 0.8
vn 0.525272 0.848404 0.0655691
v -0.0114037 -0.0350969 0.174533 0.8 0.8 0.8
vn 0.337401 0.939075 0.0655691
v -0.00385745 -0.0367009 0.174533 0.8 0.8 0.8
vn 0.134783 0.988703 0.0655691
v 0.00385739 -0.0367009 0.174533 0.8 0.8 0.8
vn -0.0737254 0.995121 0.0655691
v 0.0114036 -0.0350969 0.174533 0.8 0.8 0.8
vn -0.279012 0.958047 0.0655691
v 0.0184515 -0.031959 0.174533 0.8 0.8 0.8
vn -0.472104 0.879101 0.0655691
v 0.0246929 -0.0274243 0.174533 0.8 0.8 0.8
vn -0.644562 0.761735 0.0655691
v 0.0298552 -0.0216911 0.174533 0.8 0.8 0.8
vn -0.788851 0.611077 0.0655691
v 0.0337126 -0.0150098 0.174533 0.8 0.8 0.8
vn -0.898663 0.433712 0.0655691
v 0.0360966 -0.00767256 0.174533 0.8 0.8 0.8
vn -0.969198 0.237392 0.0655691
v 0.0305622 2.214e-08 0.0132045 0.8 0.8 0.8
vn -0.998295 -0.0347256 0.0469114
v 0.0298943 0.00635426 0.0132045 0.8 0.8 0.8
vn -0.96926 -0.241524 0.0469114
v 0.0279199 0.0124308 0.0132045 0.8 0.8 0.8
vn -0.897864 -0.437767 0.0469114
v 0.0247253 0.017964 0.0132045 0.8 0.8 0.8
vn -0.787227 -0.614877 0.0469114
v 0.0204501 0.0227122 0.0132045 0.8 0.8 0.8
vn -0.642184 -0.765114 0.0469114
v 0.0152811 0.0264677 0.0132045 0.8 0.8 0.8
vn -0.469074 -0.881912 0.0469114
v 0.00944421 0.0290664 0.0132045 0.8 0.8 0.8
vn -0.275464 -0.960166 0.0469114
v 0.00319459 0.0303948 0.0132045 0.8 0.8 0.8
vn -0.0698149 -0.996456 0.0469114
v -0.00319465 0.0303948 0.0132045 0.8 0.8 0.8
vn 0.138886 -0.989197 0.0469114
v -0.00944427 0.0290664 0.0132045 0.8 0.8 0.8
vn 0.341516 -0.938704 0.0469114
v -0.0152811 0.0264677 0.0132045 0.8 0.8 0.8
vn 0.529221 -0.847186 0.0469114
v -0.0204501 0.0227122 0.0132045 0.8 0.8 0.8
vn 0.693796 -0.718642 0.0469114
v -0.0247254 0.017964 0.0132045 0.8 0.8 0.8
vn 0.828049 -0.55869 0.0469114
v -0.02792 0.0124308 0.0132045 0.8 0.8 0.8
vn 0.926112 -0.37432 0.0469114
v -0.0298944 0.00635426 0.0132045 0.8 0.8 0.8
vn 0.9837 -0.17359 0.0469114
v -0.0305622 2.12564e-08 0.0132045 0.8 0.8 0.8
vn 0.998295 0.0347256 0.0469114
v -0.0298944 -0.00635422 0.0132045 0.8 0.8 0.8
vn 0.96926 0.241524 0.0469114
v -0.02792 -0.0124307 0.0132045 0.8 0.8 0.8
vn 0.897864 0.437767 0.0469114
v -0.0247254 -0.017964 0.0132045 0.8 0.8 0.8
vn 0.787227 0.614877 0.0469114
v -0.0204501 -0.0227121 0.0132045 0.8 0.8 0.8
vn 0.642184 0.765114 0.0469114
v -0.0152811 -0.0264676 0.0132045 0.8 0.8 0.8
vn 0.469074 0.881912 0.0469114
v -0.00944427 -0.0290664 0.0132045 0.8 0.8 0.8
vn 0.275464 0.960166 0.0469114
v -0.00319465 -0.0303948 0.0132045 0.8 0.8 0.8
vn 0.0698149 0.996456 0.0469114
v 0.00319459 -0.0303948 0.0132045 0.8 0.8 0.8
vn -0.138886 0.989197 0.0469114
v 0.00944421 -0.0290664 0.0132045 0.8 0.8 0.8
vn -0.341516 0.938704 0.0469114
v 0.0152811 -0.0264676 0.0132045 0.8 0.8 0.8
vn -0.529221 0.847186 0.0469114
v 0.0204501 -0.0227121 0.0132045 0.8 0.8 0.8
vn -0.693796 0.718642 0.0469114
v 0.0247253 -0.017964 0.0132045 0.8 0.8 0.8
vn -0.828049 0.55869 0.0469114
v 0.0279199 -0.0124307 0.0132045 0.8 0.8 0.8
vn -0.926112 0.37432 0.0469114
v 0.0298943 -0.00635422 0.0132045 0.8 0.8 0.8
vn -0.9837 0.17359 0.0469114
v 0.028628 2.2112e-08 0.000868835 0.8 0.8 0.8
vn -0.966115 -0.0312679 0.256212
v 0.0280024 0.00595212 0.000868835 0.8 0.8 0.8
vn -0.938502 -0.231451 0.256212
v 0.026153 0.0116441 0.000868835 0.8 0.8 0.8
vn -0.869872 -0.421519 0.256212
v 0.0231605 0.0168271 0.000868835 0.8 0.8 0.8
vn -0.763225 -0.593164 0.256212
v 0.0191558 0.0212748 0.000868835 0.8 0.8 0.8
vn -0.62322 -0.738886 0.256212
v 0.014314 0.0247926 0.000868835 0.8 0.8 0.8
vn -0.455979 -0.852314 0.256212
v 0.00884651 0.0272269 0.000868835 0.8 0.8 0.8
vn -0.268808 -0.928492 0.256212
v 0.00299241 0.0284712 0.000868835 0.8 0.8 0.8
vn -0.0698899 -0.964091 0.256212
v -0.00299247 0.0284712 0.000868835 0.8 0.8 0.8
vn 0.132083 -0.957554 0.256212
v -0.00884657 0.0272269 0.000868835 0.8 0.8 0.8
vn 0.328283 -0.909168 0.256212
v -0.014314 0.0247926 0.000868835 0.8 0.8 0.8
vn 0.510136 -0.821046 0.256212
v -0.0191559 0.0212748 0.000868835 0.8 0.8 0.8
vn 0.669694 -0.697041 0.256212
v -0.0231606 0.0168271 0.000868835 0.8 0.8 0.8
vn 0.799982 -0.542572 0.256212
v -0.026153 0.0116441 0.000868835 0.8 0.8 0.8
vn 0.895308 -0.36439 0.256212
v -0.0280024 0.00595212 0.000868835 0.8 0.8 0.8
vn 0.951504 -0.170282 0.256212
v -0.028628 2.12843e-08 0.000868835 0.8 0.8 0.8
vn 0.966115 0.0312679 0.256212
v -0.0280024 -0.00595208 0.000868835 0.8 0.8 0.8
vn 0.938502 0.231451 0.256212
v -0.026153 -0.011644 0.000868835 0.8 0.8 0.8
vn 0.869872 0.421519 0.256212
v -0.0231606 -0.0168271 0.000868835 0.8 0.8 0.8
vn 0.763225 0.593164 0.256212
v -0.0191559 -0.0212747 0.000868835 0.8 0.8 0.8
vn 0.62322 0.738886 0.256212
v -0.014314 -0.0247926 0.000868835 0.8 0.8 0.8
vn 0.455979 0.852314 0.256212
v -0.00884657 -0.0272268 0.000868835 0.8 0.8 0.8
vn 0.268808 0.928492 0.256212
v -0.00299247 -0.0284712 0.000868835 0.8 0.8 0.8
vn 0.0698899 0.964091 0.256212
v 0.00299241 -0.0284712 0.000868835 0.8 0.8 0.8
vn -0.132083 0.957554 0.256212
v 0.00884651 -0.0272268 0.000868835 0.8 0.8 0.8
vn -0.328283 0.909168 0.256212
v 0.014314 -0.0247926 0.000868835 0.8 0.8 0.8
vn -0.510136 0.821046 0.256212
v 0.0191558 -0.0212747 0.000868835 0.8 0.8 0.8
vn -0.669694 0.697041 0.256212
v 0.0231605 -0.0168271 0.000868835 0.8 0.8 0.8
vn -0.799982 0.542572 0.256212
v 0.026153 -0.011644 0.000868835 0.8 0.8 0.8
vn -0.895308 0.36439 0.256212
v 0.0280024 -0.00595207 0.000868835 0.8 0.8 0.8
vn -0.951504 0.170282 0.256212
v 0.0270171 2.20887e-08 4.89311e-05 0.8 0.8 0.8
vn -0.265522 -0.00870142 0.964066
v 0.0264267 0.0056172 4.89311e-05 0.8 0.8 0.8
vn -0.25791 -0.0637164 0.964066
v 0.0246813 0.0109889 4.89311e-05 0.8 0.8 0.8
vn -0.239027 -0.115947 0.964066
v 0.0218573 0.0158803 4.89311e-05 0.8 0.8 0.8
vn -0.209697 -0.163109 0.964066
v 0.018078 0.0200777 4.89311e-05 0.8 0.8 0.8
vn -0.171202 -0.203144 0.964066
v 0.0135085 0.0233975 4.89311e-05 0.8 0.8 0.8
vn -0.125225 -0.234299 0.964066
v 0.00834872 0.0256948 4.89311e-05 0.8 0.8 0.8
vn -0.0737752 -0.255215 0.964066
v 0.00282403 0.0268691 4.89311e-05 0.8 0.8 0.8
vn -0.0191008 -0.264977 0.964066
v -0.00282408 0.0268691 4.89311e-05 0.8 0.8 0.8
vn 0.0364083 -0.263158 0.964066
v -0.00834877 0.0256948 4.89311e-05 0.8 0.8 0.8
vn 0.0903263 -0.249837 0.964066
v -0.0135086 0.0233975 4.89311e-05 0.8 0.8 0.8
vn 0.140297 -0.225598 0.964066
v -0.018078 0.0200777 4.89311e-05 0.8 0.8 0.8
vn 0.184135 -0.191499 0.964066
v -0.0218573 0.0158803 4.89311e-05 0.8 0.8 0.8
vn 0.219926 -0.14903 0.964066
v -0.0246814 0.0109889 4.89311e-05 0.8 0.8 0.8
vn 0.246105 -0.100048 0.964066
v -0.0264268 0.0056172 4.89311e-05 0.8 0.8 0.8
vn 0.261529 -0.0466938 0.964066
v -0.0270171 2.13076e-08 4.89311e-05 0.8 0.8 0.8
vn 0.265522 0.00870142 0.964066
v -0.0264268 -0.00561715 4.89311e-05 0.8 0.8 0.8
vn 0.25791 0.0637164 0.964066
v -0.0246814 -0.0109888 4.89311e-05 0.8 0.8 0.8
vn 0.239027 0.115947 0.964066
v -0.0218573 -0.0158802 4.89311e-05 0.8 0.8 0.8
vn 0.209697 0.163109 0.964066
v -0.018078 -0.0200776 4.89311e-05 0.8 0.8 0.8
vn 0.171202 0.203144 0.964066
v -0.0135086 -0.0233975 4.89311e-05 0.8 0.8 0.8
vn 0.125225 0.234299 0.964066
v -0.00834877 -0.0256948 4.89311e-05 0.8 0.8 0.8
vn 0.0737752 0.255215 0.964066
v -0.00282408 -0.0268691 4.89311e-05 0.8 0.8 0.8
vn 0.0191008 0.264977 0.964066
v 0.00282403 -0.0268691 4.89311e-05 0.8 0.8 0.8
vn -0.0364083 0.263158 0.964066
v 0.00834872 -0.0256948 4.89311e-05 0.8 0.8 0.8
vn -0.0903263 0.249837 0.964066
v 0.0135085 -0.0233975 4.89311e-05 0.8 0.8 0.8
vn -0.140297 0.225598 0.964066
v 0.018078 -0.0200776 4.89311e-05 0.8 0.8 0.8
vn -0.184135 0.191499 0.964066
v 0.0218573 -0.0158802 4.89311e-05 0.8 0.8 0.8
vn -0.219926 0.14903 0.964066
v 0.0246813 -0.0109888 4.89311e-05 0.8 0.8 0.8
vn -0.246105 0.100048 0.964066
v 0.0264267 -0.00561715 4.89311e-05 0.8 0.8 0.8
vn -0.261529 0.0466938 0.964066
v 0.0254268 2.20657e-08 2.31457e-06 0.8 0.8 0.8
vn -0.0156499 -0.000522731 0.999877
v 0.0248711 0.00528655 2.31457e-06 0.8 0.8 0.8
vn -0.0151993 -0.00376511 0.999877
v 0.0232285 0.010342 2.31457e-06 0.8 0.8 0.8
vn -0.0140843 -0.00684295 0.999877
v 0.0205707 0.0149455 2.31457e-06 0.8 0.8 0.8
vn -0.0123538 -0.00962171 0.999877
v 0.0170138 0.0188958 2.31457e-06 0.8 0.8 0.8
vn -0.0100834 -0.01198 0.999877
v 0.0127134 0.0220203 2.31457e-06 0.8 0.8 0.8
vn -0.00737228 -0.0138146 0.999877
v 0.00785728 0.0241823 2.31457e-06 0.8 0.8 0.8
vn -0.00433895 -0.0150455 0.999877
v 0.0026578 0.0252875 2.31457e-06 0.8 0.8 0.8
vn -0.001116 -0.0156189 0.999877
v -0.00265785 0.0252875 2.31457e-06 0.8 0.8 0.8
vn 0.00215573 -0.0155096 0.999877
v -0.00785733 0.0241823 2.31457e-06 0.8 0.8 0.8
vn 0.00533325 -0.0147225 0.999877
v -0.0127134 0.0220203 2.31457e-06 0.8 0.8 0.8
vn 0.00827767 -0.0132919 0.999877
v -0.0170139 0.0188958 2.31457e-06 0.8 0.8 0.8
vn 0.0108603 -0.0112804 0.999877
v -0.0205707 0.0149455 2.31457e-06 0.8 0.8 0.8
vn 0.0129683 -0.00877591 0.999877
v -0.0232285 0.010342 2.31457e-06 0.8 0.8 0.8
vn 0.0145096 -0.00588787 0.999877
v -0.0248712 0.00528655 2.31457e-06 0.8 0.8 0.8
vn 0.0154166 -0.0027425 0.999877
v -0.0254268 2.13306e-08 2.31457e-06 0.8 0.8 0.8
vn 0.0156499 0.000522731 0.999877
v -0.0248712 -0.0052865 2.31457e-06 0.8 0.8 0.8
vn 0.0151993 0.00376511 0.999877
v -0.0232285 -0.010342 2.31457e-06 0.8 0.8 0.8
vn 0.0140843 0.00684295 0.999877
v -0.0205707 -0.0149455 2.31457e-06 0.8 0.8 0.8
vn 0.0123538 0.00962171 0.999877
v -0.0170139 -0.0188958 2.31457e-06 0.8 0.8 0.8
vn 0.0100834 0.01198 0.999877
v -0.0127134 -0.0220202 2.31457e-06 0.8 0.8 0.8
vn 0.00737228 0.0138146 0.999877
v -0.00785733 -0.0241823 2.31457e-06 0.8 0.8 0.8
vn 0.00433895 0.0150455 0.999877
v -0.00265785 -0.0252875 2.31457e-06 0.8 0.8 0.8
vn 0.001116 0.0156189 0.999877
v 0.0026578 -0.0252875 2.31457e-06 0.8 0.8 0.8
vn -0.00215573 0.0155096 0.999877
v 0.00785728 -0.0241823 2.31457e-06 0.8 0.8 0.8
vn -0.00533325 0.0147225 0.999877
v 0.0127134 -0.0220202 2.31457e-06 0.8 0.8 0.8
vn -0.00827767 0.0132919 0.999877
v 0.0170138 -0.0188958 2.31457e-06 0.8 0.8 0.8
vn -0.0108603 0.0112804 0.999877
v 0.0205707 -0.0149455 2.31457e-06 0.8 0.8 0.8
vn -0.0129683 0.00877591 0.999877
v 0.0232285 -0.010342 2.31457e-06 0.8 0.8 0.8
vn -0.0145096 0.00588787 0.999877
v 0.0248711 -0.0052865 2.31457e-06 0.8 0.8 0.8
vn -0.0154166 0.0027425 0.999877
v 0.0238375 2.20427e-08 8.99095e-08 0.8 0.8 0.8
vn -0.000742286 -2.52605e-05 1
v 0.0233166 0.00495613 8.99095e-08 0.8 0.8 0.8
vn -0.000720813 -0.000179038 1
v 0.0217767 0.00969563 8.99095e-08 0.8 0.8 0.8
vn -0.000667837 -0.000324991 1
v 0.019285 0.0140114 8.99095e-08 0.8 0.8 0.8
vn -0.000585674 -0.000456741 1
v 0.0159504 0.0177148 8.99095e-08 0.8 0.8 0.8
vn -0.000477914 -0.000568528 1
v 0.0119188 0.020644 8.99095e-08 0.8 0.8 0.8
vn -0.000349267 -0.000655468 1
v 0.00736618 0.0226709 8.99095e-08 0.8 0.8 0.8
vn -0.000205355 -0.000713761 1
v 0.00249168 0.023707 8.99095e-08 0.8 0.8 0.8
vn -5.24679e-05 -0.00074086 1
v -0.00249173 0.023707 8.99095e-08 0.8 0.8 0.8
vn 0.000102712 -0.000735579 1
v -0.00736624 0.0226709 8.99095e-08 0.8 0.8 0.8
vn 0.000253403 -0.00069815 1
v -0.0119188 0.020644 8.99095e-08 0.8 0.8 0.8
vn 0.000393019 -0.000630208 1
v -0.0159505 0.0177148 8.99095e-08 0.8 0.8 0.8
vn 0.000515458 -0.000534723 1
v -0.019285 0.0140114 8.99095e-08 0.8 0.8 0.8
vn 0.000615369 -0.000415868 1
v -0.0217767 0.00969563 8.99095e-08 0.8 0.8 0.8
vn 0.000688386 -0.000278838 1
v -0.0233167 0.00495613 8.99095e-08 0.8 0.8 0.8
vn 0.000731317 -0.000129621 1
v -0.0238376 2.13536e-08 8.99095e-08 0.8 0.8 0.8
vn 0.000742286 2.52605e-05 1
v -0.0233167 -0.00495609 8.99095e-08 0.8 0.8 0.8
vn 0.000720813 0.000179038 1
v -0.0217767 -0.00969559 8.99095e-08 0.8 0.8 0.8
vn 0.000667837 0.000324991 1
v -0.019285 -0.0140113 8.99095e-08 0.8 0.8 0.8
vn 0.000585674 0.000456741 1
v -0.0159505 -0.0177147 8.99095e-08 0.8 0.8 0.8
vn 0.000477914 0.000568528 1
v -0.0119188 -0.0206439 8.99095e-08 0.8 0.8 0.8
vn 0.000349267 0.000655468 1
v -0.00736624 -0.0226708 8.99095e-08 0.8 0.8 0.8
vn 0.000205355 0.000713761 1
v -0.00249173 -0.023707 8.99095e-08 0.8 0.8 0.8
vn 5.24679e-05 0.00074086 1
v 0.00249168 -0.023707 8.99095e-08 0.8 0.8 0.8
vn -0.000102712 0.000735579 1
v 0.00736618 -0.0226708 8.99095e-08 0.8 0.8 0.8
vn -0.000253403 0.00069815 1
v 0.0119188 -0.0206439 8.99095e-08 0.8 0.8 0.8
vn -0.000393019 0.000630208 1
v 0.0159504 -0.0177147 8.99095e-08 0.8 0.8 0.8
vn -0.000515458 0.000534723 1
v 0.019285 -0.0140113 8.99095e-08 0.8 0.8 0.8
vn -0.000615369 0.000415868 1
v 0.0217767 -0.00969559 8.99095e-08 0.8 0.8 0.8
vn -0.000688386 0.000278838 1
v 0.0233166 -0.00495608 8.99095e-08 0.8 0.8 0.8
vn -0.000731317 0.000129621 1
v 0.0222484 2.20198e-08 2.79113e-09 0.8 0.8 0.8
vn -2.88993e-05 -1.00101e-06 1
v 0.0217622 0.00462572 2.79113e-09 0.8 0.8 0.8
vn -2.80597e-05 -6.98764e-06 1
v 0.0203249 0.00904926 2.79113e-09 0.8 0.8 0.8
vn -2.59937e-05 -1.26689e-05 1
v 0.0179993 0.0130773 2.79113e-09 0.8 0.8 0.8
vn -2.27917e-05 -1.77964e-05 1
v 0.014887 0.0165338 2.79113e-09 0.8 0.8 0.8
vn -1.85935e-05 -2.21462e-05 1
v 0.0111242 0.0192677 2.79113e-09 0.8 0.8 0.8
vn -1.35828e-05 -2.5528e-05 1
v 0.0068751 0.0211595 2.79113e-09 0.8 0.8 0.8
vn -7.97836e-06 -2.77942e-05 1
v 0.00232556 0.0221265 2.79113e-09 0.8 0.8 0.8
vn -2.02527e-06 -2.88456e-05 1
v -0.00232562 0.0221265 2.79113e-09 0.8 0.8 0.8
vn 4.01633e-06 -2.86364e-05 1
v -0.00687516 0.0211595 2.79113e-09 0.8 0.8 0.8
vn 9.8824e-06 -2.71755e-05 1
v -0.0111242 0.0192677 2.79113e-09 0.8 0.8 0.8
vn 1.53166e-05 -2.4527e-05 1
v -0.0148871 0.0165338 2.79113e-09 0.8 0.8 0.8
vn 2.00813e-05 -2.08066e-05 1
v -0.0179993 0.0130773 2.79113e-09 0.8 0.8 0.8
vn 2.39684e-05 -1.61768e-05 1
v -0.0203249 0.00904926 2.79113e-09 0.8 0.8 0.8
vn 2.6808e-05 -1.08399e-05 1
v -0.0217622 0.00462572 2.79113e-09 0.8 0.8 0.8
vn 2.84759e-05 -5.02937e-06 1
v -0.0222484 2.13765e-08 2.79113e-09 0.8 0.8 0.8
vn 2.88993e-05 1.00101e-06 1
v -0.0217622 -0.00462568 2.79113e-09 0.8 0.8 0.8
vn 2.80597e-05 6.98764e-06 1
v -0.0203249 -0.00904921 2.79113e-09 0.8 0.8 0.8
vn 2.59937e-05 1.26689e-05 1
v -0.0179993 -0.0130773 2.79113e-09 0.8 0.8 0.8
vn 2.27917e-05 1.77964e-05 1
v -0.0148871 -0.0165338 2.79113e-09 0.8 0.8 0.8
vn 1.85935e-05 2.21462e-05 1
v -0.0111242 -0.0192676 2.79113e-09 0.8 0.8 0.8
vn 1.35828e-05 2.5528e-05 1
v -0.00687516 -0.0211595 2.79113e-09 0.8 0.8 0.8
vn 7.97836e-06 2.77942e-05 1
v -0.00232562 -0.0221265 2.79113e-09 0.8 0.8 0.8
vn 2.02527e-06 2.88456e-05 1
v 0.00232556 -0.0221265 2.79113e-09 0.8 0.8 0.8
vn -4.01633e-06 2.86364e-05 1
v 0.0068751 -0.0211595 2.79113e-09 0.8 0.8 0.8
vn -9.8824e-06 2.71755e-05 1
v 0.0111242 -0.0192676 2.79113e-09 0.8 0.8 0.8
vn -1.53166e-05 2.4527e-05 1
v 0.014887 -0.0165338 2.79113e-09 0.8 0.8 0.8
vn -2.00813e-05 2.08066e-05 1
v 0.0179993 -0.0130773 2.79113e-09 0.8 0.8 0.8
vn -2.39684e-05 1.61768e-05 1
v 0.0203249 -0.00904921 2.79113e-09 0.8 0.8 0.8
vn -2.6808e-05 1.08399e-05 1
v 0.0217622 -0.00462568 2.79113e-09 0.8 0.8 0.8
vn -2.84759e-05 5.02937e-06 1
v 0.0206592 2.19968e-08 6.69806e-11 0.8 0.8 0.8
vn -8.99242e-07 -3.16686e-08 1
v 0.0202077 0.00429531 6.69806e-11 0.8 0.8 0.8
vn -8.73007e-07 -2.1794e-07 1
v 0.0188731 0.00840288 6.69806e-11 0.8 0.8 0.8
vn -8.08618e-07 -3.94685e-07 1
v 0.0167136 0.0121432 6.69806e-11 0.8 0.8 0.8
vn -7.08888e-07 -5.54182e-07 1
v 0.0138237 0.0153528 6.69806e-11 0.8 0.8 0.8
vn -5.78176e-07 -6.89457e-07 1
v 0.0103296 0.0178914 6.69806e-11 0.8 0.8 0.8
vn -4.22195e-07 -7.94601e-07 1
v 0.00638402 0.0196481 6.69806e-11 0.8 0.8 0.8
vn -2.47762e-07 -8.65016e-07 1
v 0.00215945 0.0205461 6.69806e-11 0.8 0.8 0.8
vn -6.25012e-08 -8.97626e-07 1
v -0.0021595 0.0205461 6.69806e-11 0.8 0.8 0.8
vn 1.25492e-07 -8.91005e-07 1
v -0.00638408 0.0196481 6.69806e-11 0.8 0.8 0.8
vn 3.08e-07 -8.45444e-07 1
v -0.0103296 0.0178914 6.69806e-11 0.8 0.8 0.8
vn 4.77047e-07 -7.62932e-07 1
v -0.0138237 0.0153528 6.69806e-11 0.8 0.8 0.8
vn 6.25245e-07 -6.47076e-07 1
v -0.0167137 0.0121432 6.69806e-11 0.8 0.8 0.8
vn 7.46116e-07 -5.02941e-07 1
v -0.0188732 0.00840288 6.69806e-11 0.8 0.8 0.8
vn 8.34379e-07 -3.36824e-07 1
v -0.0202078 0.00429531 6.69806e-11 0.8 0.8 0.8
vn 8.86176e-07 -1.55986e-07 1
v -0.0206592 2.13995e-08 6.69806e-11 0.8 0.8 0.8
vn 8.99242e-07 3.16686e-08 1
v -0.0202078 -0.00429527 6.69806e-11 0.8 0.8 0.8
vn 8.73007e-07 2.1794e-07 1
v -0.0188732 -0.00840284 6.69806e-11 0.8 0.8 0.8
vn 8.08618e-07 3.94685e-07 1
v -0.0167137 -0.0121432 6.69806e-11 0.8 0.8 0.8
vn 7.08888e-07 5.54182e-07 1
v -0.0138237 -0.0153528 6.69806e-11 0.8 0.8 0.8
vn 5.78176e-07 6.89457e-07 1
v -0.0103296 -0.0178914 6.69806e-11 0.8 0.8 0.8
vn 4.22195e-07 7.94601e-07 1
v -0.00638408 -0.0196481 6.69806e-11 0.8 0.8 0.8
vn 2.47762e-07 8.65016e-07 1
v -0.0021595 -0.020546 6.69806e-11 0.8 0.8 0.8
vn 6.25012e-08 8.97626e-07 1
v 0.00215945 -0.020546 6.69806e-11 0.8 0.8 0.8
vn -1.25492e-07 8.91005e-07 1
v 0.00638402 -0.0196481 6.69806e-11 0.8 0.8 0.8
vn -3.08e-07 8.45444e-07 1
v 0.0103296 -0.0178914 6.69806e-11 0.8 0.8 0.8
vn -4.77047e-07 7.62932e-07 1
v 0.0138237 -0.0153528 6.69806e-11 0.8 0.8 0.8
vn -6.25245e-07 6.47076e-07 1
v 0.0167136 -0.0121432 6.69806e-11 0.8 0.8 0.8
vn -7.46116e-07 5.02941e-07 1
v 0.0188731 -0.00840284 6.69806e-11 0.8 0.8 0.8
vn -8.34379e-07 3.36824e-07 1
v 0.0202077 -0.00429527 6.69806e-11 0.8 0.8 0.8
vn -8.86176e-07 1.55986e-07 1
v 0.01907 2.19738e-08 1.19238e-12 0.8 0.8 0.8
vn -2.16341e-08 -7.73717e-10 1
v 0.0186533 0.00396491 1.19238e-12 0.8 0.8 0.8
vn -2.10004e-08 -5.25478e-09 1
v 0.0174213 0.00775651 1.19238e-12 0.8 0.8 0.8
vn -1.9449e-08 -9.50619e-09 1
v 0.015428 0.0112091 1.19238e-12 0.8 0.8 0.8
vn -1.70475e-08 -1.33421e-08 1
v 0.0127603 0.0141718 1.19238e-12 0.8 0.8 0.8
vn -1.3901e-08 -1.6595e-08 1
v 0.009535 0.0165152 1.19238e-12 0.8 0.8 0.8
vn -1.0147e-08 -1.91225e-08 1
v 0.00589294 0.0181367 1.19238e-12 0.8 0.8 0.8
vn -5.94944e-09 -2.08143e-08 1
v 0.00199334 0.0189656 1.19238e-12 0.8 0.8 0.8
vn -1.4919e-09 -2.15964e-08 1
v -0.00199339 0.0189656 1.19238e-12 0.8 0.8 0.8
vn 3.03085e-09 -2.14347e-08 1
v -0.00589299 0.0181367 1.19238e-12 0.8 0.8 0.8
vn 7.42114e-09 -2.03361e-08 1
v -0.00953505 0.0165152 1.19238e-12 0.8 0.8 0.8
vn 1.14871e-08 -1.83488e-08 1
v -0.0127604 0.0141718 1.19238e-12 0.8 0.8 0.8
vn 1.5051e-08 -1.55595e-08 1
v -0.015428 0.0112091 1.19238e-12 0.8 0.8 0.8
vn 1.79571e-08 -1.20902e-08 1
v -0.0174214 0.00775651 1.19238e-12 0.8 0.8 0.8
vn 2.00784e-08 -8.09254e-09 1
v -0.0186533 0.00396491 1.19238e-12 0.8 0.8 0.8
vn 2.13222e-08 -3.74116e-09 1
v -0.0190701 2.14225e-08 1.19238e-12 0.8 0.8 0.8
vn 2.16341e-08 7.73717e-10 1
v -0.0186533 -0.00396486 1.19238e-12 0.8 0.8 0.8
vn 2.10004e-08 5.25478e-09 1
v -0.0174214 -0.00775646 1.19238e-12 0.8 0.8 0.8
vn 1.9449e-08 9.50619e-09 1
v -0.015428 -0.0112091 1.19238e-12 0.8 0.8 0.8
vn 1.70475e-08 1.33421e-08 1
v -0.0127604 -0.0141718 1.19238e-12 0.8 0.8 0.8
vn 1.3901e-08 1.6595e-08 1
v -0.00953505 -0.0165151 1.19238e-12 0.8 0.8 0.8
vn 1.0147e-08 1.91225e-08 1
v -0.00589299 -0.0181367 1.19238e-12 0.8 0.8 0.8
vn 5.94944e-09 2.08143e-08 1
v -0.00199339 -0.0189656 1.19238e-12 0.8 0.8 0.8
vn 1.4919e-09 2.15964e-08 1
v 0.00199334 -0.0189656 1.19238e-12 0.8 0.8 0.8
vn -3.03085e-09 2.14347e-08 1
v 0.00589294 -0.0181367 1.19238e-12 0.8 0.8 0.8
vn -7.42114e-09 2.03361e-08 1
v 0.009535 -0.0165151 1.19238e-12 0.8 0.8 0.8
vn -1.14871e-08 1.83488e-08 1
v 0.0127603 -0.0141718 1.19238e-12 0.8 0.8 0.8
vn -1.5051e-08 1.55595e-08 1
v 0.015428 -0.0112091 1.19238e-12 0.8 0.8 0.8
vn -1.79571e-08 1.20902e-08 1
v 0.0174213 -0.00775646 1.19238e-12 0.8 0.8 0.8
vn -2.00784e-08 8.09254e-09 1
v 0.0186533 -0.00396486 1.19238e-12 0.8 0.8 0.8
vn -2.13222e-08 3.74116e-09 1
v 0.0174808 2.19509e-08 1.49325e-14 0.8 0.8 0.8
vn -3.86199e-10 -1.401e-11 1
v 0.0170988 0.0036345 1.49325e-14 0.8 0.8 0.8
vn -3.74846e-10 -9.39991e-11 1
v 0.0159695 0.00711013 1.49325e-14 0.8 0.8 0.8
vn -3.47112e-10 -1.6988e-10 1
v 0.0141423 0.010275 1.49325e-14 0.8 0.8 0.8
vn -3.04206e-10 -2.38336e-10 1
v 0.011697 0.0129908 1.49325e-14 0.8 0.8 0.8
vn -2.48006e-10 -2.96376e-10 1
v 0.00874041 0.0151389 1.49325e-14 0.8 0.8 0.8
vn -1.80966e-10 -3.41463e-10 1
v 0.00540186 0.0166253 1.49325e-14 0.8 0.8 0.8
vn -1.06018e-10 -3.71626e-10 1
v 0.00182722 0.0173851 1.49325e-14 0.8 0.8 0.8
vn -2.64355e-11 -3.85548e-10 1
v -0.00182728 0.0173851 1.49325e-14 0.8 0.8 0.8
vn 5.4302e-11 -3.82619e-10 1
v -0.00540191 0.0166253 1.49325e-14 0.8 0.8 0.8
vn 1.32666e-10 -3.62967e-10 1
v -0.00874046 0.0151389 1.49325e-14 0.8 0.8 0.8
vn 2.05232e-10 -3.27453e-10 1
v -0.011697 0.0129908 1.49325e-14 0.8 0.8 0.8
vn 2.68829e-10 -2.77627e-10 1
v -0.0141424 0.010275 1.49325e-14 0.8 0.8 0.8
vn 3.20676e-10 -2.15668e-10 1
v -0.0159696 0.00711013 1.49325e-14 0.8 0.8 0.8
vn 3.58508e-10 -1.44282e-10 1
v -0.0170989 0.0036345 1.49325e-14 0.8 0.8 0.8
vn 3.80672e-10 -6.65914e-11 1
v -0.0174809 2.14455e-08 1.49325e-14 0.8 0.8 0.8
vn 3.86199e-10 1.401e-11 1
v -0.0170989 -0.00363446 1.49325e-14 0.8 0.8 0.8
vn 3.74846e-10 9.39991e-11 1
v -0.0159696 -0.00711009 1.49325e-14 0.8 0.8 0.8
vn 3.47112e-10 1.6988e-10 1
v -0.0141424 -0.010275 1.49325e-14 0.8 0.8 0.8
vn 3.04206e-10 2.38336e-10 1
v -0.011697 -0.0129908 1.49325e-14 0.8 0.8 0.8
vn 2.48006e-10 2.96376e-10 1
v -0.00874046 -0.0151389 1.49325e-14 0.8 0.8 0.8
vn 1.80966e-10 3.41463e-10 1
v -0.00540191 -0.0166253 1.49325e-14 0.8 0.8 0.8
vn 1.06018e-10 3.71626e-10 1
v -0.00182728 -0.0173851 1.49325e-14 0.8 0.8 0.8
vn 2.64355e-11 3.85548e-10 1
v 0.00182722 -0.0173851 1.49325e-14 0.8 0.8 0.8
vn -5.4302e-11 3.82619e-10 1
v 0.00540186 -0.0166253 1.49325e-14 0.8 0.8 0.8
vn -1.32666e-10 3.62967e-10 1
v 0.00874041 -0.0151389 1.49325e-14 0.8 0.8 0.8
vn -2.05232e-10 3.27453e-10 1
v 0.011697 -0.0129908 1.49325e-14 0.8 0.8 0.8
vn -2.68829e-10 2.77627e-10 1
v 0.0141423 -0.010275 1.49325e-14 0.8 0.8 0.8
vn -3.20676e-10 2.15668e-10 1
v 0.0159695 -0.00711009 1.49325e-14 0.8 0.8 0.8
vn -3.58508e-10 1.44282e-10 1
v 0.0170988 -0.00363446 1.49325e-14 0.8 0.8 0.8
vn -3.80672e-10 6.65914e-11 1
v 0.0158917 2.19279e-08 1.11022e-16 0.8 0.8 0.8
vn -4.85248e-12 -1.78613e-13 1
v 0.0155444 0.00330409 1.11022e-16 0.8 0.8 0.8
vn -4.70931e-12 -1.1836e-12 1
v 0.0145178 0.00646376 1.11022e-16 0.8 0.8 0.8
vn -4.36032e-12 -2.13685e-12 1
v 0.0128566 0.00934093 1.11022e-16 0.8 0.8 0.8
vn -3.82076e-12 -2.99672e-12 1
v 0.0106336 0.0118099 1.11022e-16 0.8 0.8 0.8
vn -3.11421e-12 -3.72561e-12 1
v 0.00794583 0.0137626 1.11022e-16 0.8 0.8 0.8
vn -2.27156e-12 -4.29168e-12 1
v 0.00491078 0.0151139 1.11022e-16 0.8 0.8 0.8
vn -1.32963e-12 -4.67018e-12 1
v 0.00166111 0.0158047 1.11022e-16 0.8 0.8 0.8
vn -3.29588e-13 -4.84457e-12 1
v -0.00166116 0.0158047 1.11022e-16 0.8 0.8 0.8
vn 6.84857e-13 -4.80723e-12 1
v -0.00491083 0.0151139 1.11022e-16 0.8 0.8 0.8
vn 1.66937e-12 -4.55979e-12 1
v -0.00794588 0.0137626 1.11022e-16 0.8 0.8 0.8
vn 2.58093e-12 -4.11307e-12 1
v -0.0106337 0.0118099 1.11022e-16 0.8 0.8 0.8
vn 3.37968e-12 -3.48658e-12 1
v -0.0128567 0.00934093 1.11022e-16 0.8 0.8 0.8
vn 4.03073e-12 -2.70772e-12 1
v -0.0145178 0.00646376 1.11022e-16 0.8 0.8 0.8
vn 4.50561e-12 -1.81051e-12 1
v -0.0155445 0.00330409 1.11022e-16 0.8 0.8 0.8
vn 4.78358e-12 -8.34178e-13 1
v -0.0158917 2.14684e-08 1.11022e-16 0.8 0.8 0.8
vn 4.85248e-12 1.78613e-13 1
v -0.0155445 -0.00330405 1.11022e-16 0.8 0.8 0.8
vn 4.70931e-12 1.1836e-12 1
v -0.0145178 -0.00646372 1.11022e-16 0.8 0.8 0.8
vn 4.36032e-12 2.13685e-12 1
v -0.0128567 -0.00934089 1.11022e-16 0.8 0.8 0.8
vn 3.82076e-12 2.99672e-12 1
v -0.0106337 -0.0118098 1.11022e-16 0.8 0.8 0.8
vn 3.11421e-12 3.72561e-12 1
v -0.00794588 -0.0137626 1.11022e-16 0.8 0.8 0.8
vn 2.27156e-12 4.29168e-12 1
v -0.00491083 -0.0151139 1.11022e-16 0.8 0.8 0.8
vn 1.32963e-12 4.67018e-12 1
v -0.00166116 -0.0158046 1.11022e-16 0.8 0.8 0.8
vn 3.29588e-13 4.84457e-12 1
v 0.00166111 -0.0158046 1.11022e-16 0.8 0.8 0.8
vn -6.84857e-13 4.80723e-12 1
v 0.00491078 -0.0151139 1.11022e-16 0.8 0.8 0.8
vn -1.66937e-12 4.55979e-12 1
v 0.00794583 -0.0137626 1.11022e-16 0.8 0.8 0.8
vn -2.58093e-12 4.11307e-12 1
v 0.0106336 -0.0118098 1.11022e-16 0.8 0.8 0.8
vn -3.37968e-12 3.48658e-12 1
v 0.0128566 -0.00934089 1.11022e-16 0.8 0.8 0.8
vn -4.03073e-12 2.70772e-12 1
v 0.0145178 -0.00646372 1.11022e-16 0.8 0.8 0.8
vn -4.50561e-12 1.81051e-12 1
v 0.0155444 -0.00330405 1.11022e-16 0.8 0.8 0.8
vn -4.78358e-12 8.34178e-13 1
v 0.0143025 2.19049e-08 0 0.8 0.8 0.8
vn -3.62246e-14 -1.35977e-15 1
v 0.01399 0.00297369 0 0.8 0.8 0.8
vn -3.51503e-14 -8.86158e-15 1
v 0.013066 0.00581739 0 0.8 0.8 0.8
vn -3.25398e-14 -1.59761e-14 1
v 0.011571 0.00840684 0 0.8 0.8 0.8
vn -2.85071e-14 -2.23924e-14 1
v 0.00957024 0.0106289 0 0.8 0.8 0.8
vn -2.32285e-14 -2.783e-14 1
v 0.00715124 0.0123864 0 0.8 0.8 0.8
vn -1.69347e-14 -3.20513e-14 1
v 0.0044197 0.0136025 0 0.8 0.8 0.8
vn -9.90081e-15 -3.48719e-14 1
v 0.001495 0.0142242 0 0.8 0.8 0.8
vn -2.43418e-15 -3.61683e-14 1
v -0.00149505 0.0142242 0 0.8 0.8 0.8
vn 5.13883e-15 -3.58841e-14 1
v -0.00441975 0.0136025 0 0.8 0.8 0.8
vn 1.24872e-14 -3.40315e-14 1
v -0.00715129 0.0123864 0 0.8 0.8 0.8
vn 1.92899e-14 -3.06916e-14 1
v -0.00957029 0.0106289 0 0.8 0.8 0.8
vn 2.52495e-14 -2.60103e-14 1
v -0.011571 0.00840684 0 0.8 0.8 0.8
vn 3.01056e-14 -2.01922e-14 1
v -0.013066 0.00581739 0 0.8 0.8 0.8
vn 3.36459e-14 -1.34917e-14 1
v -0.01399 0.00297369 0 0.8 0.8 0.8
vn 3.57158e-14 -6.20147e-15 1
v -0.0143026 2.14914e-08 0 0.8 0.8 0.8
vn 3.62246e-14 1.35977e-15 1
v -0.01399 -0.00297364 0 0.8 0.8 0.8
vn 3.51503e-14 8.86158e-15 1
v -0.013066 -0.00581734 0 0.8 0.8 0.8
vn 3.25398e-14 1.59761e-14 1
v -0.011571 -0.0084068 0 0.8 0.8 0.8
vn 2.85071e-14 2.23924e-14 1
v -0.00957029 -0.0106288 0 0.8 0.8 0.8
vn 2.32285e-14 2.783e-14 1
v -0.00715129 -0.0123863 0 0.8 0.8 0.8
vn 1.69347e-14 3.20513e-14 1
v -0.00441975 -0.0136025 0 0.8 0.8 0.8
vn 9.90081e-15 3.48719e-14 1
v -0.00149505 -0.0142242 0 0.8 0.8 0.8
vn 2.43418e-15 3.61683e-14 1
v 0.001495 -0.0142242 0 0.8 0.8 0.8
vn -5.13883e-15 3.58841e-14 1
v 0.0044197 -0.0136025 0 0.8 0.8 0.8
vn -1.24872e-14 3.40315e-14 1
v 0.00715124 -0.0123863 0 0.8 0.8 0.8
vn -1.92899e-14 3.06916e-14 1
v 0.00957024 -0.0106288 0 0.8 0.8 0.8
vn -2.52495e-14 2.60103e-14 1
v 0.011571 -0.0084068 0 0.8 0.8 0.8
vn -3.01056e-14 2.01922e-14 1
v 0.013066 -0.00581734 0 0.8 0.8 0.8
vn -3.36459e-14 1.34917e-14 1
v 0.01399 -0.00297364 0 0.8 0.8 0.8
vn -3.57158e-14 6.20147e-15 1
v 0.0127133 2.18819e-08 0 0.8 0.8 0.8
vn 0 0 1
v 0.0124355 0.00264328 0 0.8 0.8 0.8
vn 0 0 1
v 0.0116142 0.00517101 0 0.8 0.8 0.8
vn 0 0 1
v 0.0102853 0.00747275 0 0.8 0.8 0.8
vn 0 0 1
v 0.00850687 0.00944789 0 0.8 0.8 0.8
vn 0 0 1
v 0.00635665 0.0110101 0 0.8 0.8 0.8
vn 0 0 1
v 0.00392862 0.0120911 0 0.8 0.8 0.8
vn 0 0 1
v 0.00132888 0.0126437 0 0.8 0.8 0.8
vn 0 0 1
v -0.00132894 0.0126437 0 0.8 0.8 0.8
vn 0 0 1
v -0.00392867 0.0120911 0 0.8 0.8 0.8
vn 0 0 1
v -0.00635671 0.0110101 0 0.8 0.8 0.8
vn 0 0 1
v -0.00850693 0.00944789 0 0.8 0.8 0.8
vn 0 0 1
v -0.0102854 0.00747275 0 0.8 0.8 0.8
vn 0 0 1
v -0.0116143 0.00517101 0 0.8 0.8 0.8
vn 0 0 1
v -0.0124356 0.00264328 0 0.8 0.8 0.8
vn 0 0 1
v -0.0127134 2.15144e-08 0 0.8 0.8 0.8
vn 0 0 1
v -0.0124356 -0.00264324 0 0.8 0.8 0.8
vn 0 0 1
v -0.0116143 -0.00517097 0 0.8 0.8 0.8
vn 0 0 1
v -0.0102854 -0.00747271 0 0.8 0.8 0.8
vn 0 0 1
v -0.00850693 -0.00944785 0 0.8 0.8 0.8
vn 0 0 1
v -0.00635671 -0.0110101 0 0.8 0.8 0.8
vn 0 0 1
v -0.00392867 -0.0120911 0 0.8 0.8 0.8
vn 0 0 1
v -0.00132894 -0.0126437 0 0.8 0.8 0.8
vn 0 0 1
v 0.00132888 -0.0126437 0 0.8 0.8 0.8
vn 0 0 1
v 0.00392862 -0.0120911 0 0.8 0.8 0.8
vn 0 0 1
v 0.00635665 -0.0110101 0 0.8 0.8 0.8
vn 0 0 1
v 0.00850687 -0.00944785 0 0.8 0.8 0.8
vn 0 0 1
v 0.0102853 -0.00747271 0 0.8 0.8 0.8
vn 0 0 1
v 0.0116142 -0.00517097 0 0.8 0.8 0.8
vn 0 0 1
v 0.0124355 -0.00264323 0 0.8 0.8 0.8
vn 0 0 1
v 0.0111242 2.1859e-08 0 0.8 0.8 0.8
vn 0 0 1
v 0.0108811 0.00231287 0 0.8 0.8 0.8
vn 0 0 1
v 0.0101624 0.00452464 0 0.8 0.8 0.8
vn 0 0 1
v 0.00899963 0.00653866 0 0.8 0.8 0.8
vn 0 0 1
v 0.00744351 0.00826691 0 0.8 0.8 0.8
vn 0 0 1
v 0.00556207 0.00963386 0 0.8 0.8 0.8
vn 0 0 1
v 0.00343754 0.0105798 0 0.8 0.8 0.8
vn 0 0 1
v 0.00116277 0.0110633 0 0.8 0.8 0.8
vn 0 0 1
v -0.00116282 0.0110633 0 0.8 0.8 0.8
vn 0 0 1
v -0.00343759 0.0105798 0 0.8 0.8 0.8
vn 0 0 1
v -0.00556212 0.00963386 0 0.8 0.8 0.8
vn 0 0 1
v -0.00744356 0.00826691 0 0.8 0.8 0.8
vn 0 0 1
v -0.00899969 0.00653866 0 0.8 0.8 0.8
vn 0 0 1
v -0.0101625 0.00452464 0 0.8 0.8 0.8
vn 0 0 1
v -0.0108811 0.00231287 0 0.8 0.8 0.8
vn 0 0 1
v -0.0111242 2.15374e-08 0 0.8 0.8 0.8
vn 0 0 1
v -0.0108811 -0.00231283 0 0.8 0.8 0.8
vn 0 0 1
v -0.0101625 -0.0045246 0 0.8 0.8 0.8
vn 0 0 1
v -0.00899969 -0.00653861 0 0.8 0.8 0.8
vn 0 0 1
v -0.00744356 -0.00826686 0 0.8 0.8 0.8
vn 0 0 1
v -0.00556212 -0.00963381 0 0.8 0.8 0.8
vn 0 0 1
v -0.00343759 -0.0105797 0 0.8 0.8 0.8
vn 0 0 1
v -0.00116282 -0.0110632 0 0.8 0.8 0.8
vn 0 0 1
v 0.00116277 -0.0110632 0 0.8 0.8 0.8
vn 0 0 1
v 0.00343754 -0.0105797 0 0.8 0.8 0.8
vn 0 0 1
v 0.00556207 -0.00963381 0 0.8 0.8 0.8
vn 0 0 1
v 0.00744351 -0.00826686 0 0.8 0.8 0.8
vn 0 0 1
v 0.00899963 -0.00653861 0 0.8 0.8 0.8
vn 0 0 1
v 0.0101624 -0.00452459 0 0.8 0.8 0.8
vn 0 0 1
v 0.0108811 -0.00231283 0 0.8 0.8 0.8
vn 0 0 1
v 0.009535 2.1836e-08 0 0.8 0.8 0.8
vn 0 0 1
v 0.00932663 0.00198246 0 0.8 0.8 0.8
vn 0 0 1
v 0.00871065 0.00387826 0 0.8 0.8 0.8
vn 0 0 1
v 0.00771397 0.00560457 0 0.8 0.8 0.8
vn 0 0 1
v 0.00638015 0.00708592 0 0.8 0.8 0.8
vn 0 0 1
v 0.00476748 0.00825759 0 0.8 0.8 0.8
vn 0 0 1
v 0.00294646 0.00906837 0 0.8 0.8 0.8
vn 0 0 1
v 0.000996655 0.00948281 0 0.8 0.8 0.8
vn 0 0 1
v -0.000996708 0.00948281 0 0.8 0.8 0.8
vn 0 0 1
v -0.00294651 0.00906837 0 0.8 0.8 0.8
vn 0 0 1
v -0.00476754 0.00825759 0 0.8 0.8 0.8
vn 0 0 1
v -0.0063802 0.00708592 0 0.8 0.8 0.8
vn 0 0 1
v -0.00771402 0.00560457 0 0.8 0.8 0.8
vn 0 0 1
v -0.0087107 0.00387826 0 0.8 0.8 0.8
vn 0 0 1
v -0.00932669 0.00198246 0 0.8 0.8 0.8
vn 0 0 1
v -0.00953505 2.15603e-08 0 0.8 0.8 0.8
vn 0 0 1
v -0.00932669 -0.00198242 0 0.8 0.8 0.8
vn 0 0 1
v -0.0087107 -0.00387822 0 0.8 0.8 0.8
vn 0 0 1
v -0.00771402 -0.00560452 0 0.8 0.8 0.8
vn 0 0 1
v -0.0063802 -0.00708588 0 0.8 0.8 0.8
vn 0 0 1
v -0.00476754 -0.00825755 0 0.8 0.8 0.8
vn 0 0 1
v -0.00294651 -0.00906832 0 0.8 0.8 0.8
vn 0 0 1
v -0.000996708 -0.00948277 0 0.8 0.8 0.8
vn 0 0 1
v 0.000996655 -0.00948277 0 0.8 0.8 0.8
vn 0 0 1
v 0.00294646 -0.00906832 0 0.8 0.8 0.8
vn 0 0 1
v 0.00476748 -0.00825755 0 0.8 0.8 0.8
vn 0 0 1
v 0.00638015 -0.00708588 0 0.8 0.8 0.8
vn 0 0 1
v 0.00771397 -0.00560452 0 0.8 0.8 0.8
vn 0 0 1
v 0.00871065 -0.00387822 0 0.8 0.8 0.8
vn 0 0 1
v 0.00932663 -0.00198242 0 0.8 0.8 0.8
vn 0 0 1
v 0.00794583 2.1813e-08 0 0.8 0.8 0.8
vn 0 0 1
v 0.00777219 0.00165206 0 0.8 0.8 0.8
vn 0 0 1
v 0.00725887 0.00323189 0 0.8 0.8 0.8
vn 0 0 1
v 0.0064283 0.00467048 0 0.8 0.8 0.8
vn 0 0 1
v 0.00531679 0.00590494 0 0.8 0.8 0.8
vn 0 0 1
v 0.0039729 0.00688133 0 0.8 0.8 0.8
vn 0 0 1
v 0.00245538 0.00755698 0 0.8 0.8 0.8
vn 0 0 1
v 0.000830541 0.00790235 0 0.8 0.8 0.8
vn 0 0 1
v -0.000830594 0.00790235 0 0.8 0.8 0.8
vn 0 0 1
v -0.00245543 0.00755698 0 0.8 0.8 0.8
vn 0 0 1
v -0.00397295 0.00688133 0 0.8 0.8 0.8
vn 0 0 1
v -0.00531684 0.00590494 0 0.8 0.8 0.8
vn 0 0 1
v -0.00642836 0.00467048 0 0.8 0.8 0.8
vn 0 0 1
v -0.00725892 0.00323189 0 0.8 0.8 0.8
vn 0 0 1
v -0.00777224 0.00165206 0 0.8 0.8 0.8
vn 0 0 1
v -0.00794588 2.15833e-08 0 0.8 0.8 0.8
vn 0 0 1
v -0.00777224 -0.00165201 0 0.8 0.8 0.8
vn 0 0 1
v -0.00725892 -0.00323185 0 0.8 0.8 0.8
vn 0 0 1
v -0.00642836 -0.00467043 0 0.8 0.8 0.8
vn 0 0 1
v -0.00531684 -0.0059049 0 0.8 0.8 0.8
vn 0 0 1
v -0.00397295 -0.00688129 0 0.8 0.8 0.8
vn 0 0 1
v -0.00245543 -0.00755693 0 0.8 0.8 0.8
vn 0 0 1
v -0.000830594 -0.0079023 0 0.8 0.8 0.8
vn 0 0 1
v 0.000830541 -0.0079023 0 0.8 0.8 0.8
vn 0 0 1
v 0.00245538 -0.00755693 0 0.8 0.8 0.8
vn 0 0 1
v 0.0039729 -0.00688129 0 0.8 0.8 0.8
vn 0 0 1
v 0.00531679 -0.0059049 0 0.8 0.8 0.8
vn 0 0 1
v 0.0064283 -0.00467043 0 0.8 0.8 0.8
vn 0 0 1
v 0.00725887 -0.00323185 0 0.8 0.8 0.8
vn 0 0 1
v 0.00777219 -0.00165201 0 0.8 0.8 0.8
vn 0 0 1
v 0.00635665 2.17901e-08 0 0.8 0.8 0.8
vn 0 0 1
v 0.00621775 0.00132165 0 0.8 0.8 0.8
vn 0 0 1
v 0.00580709 0.00258552 0 0.8 0.8 0.8
vn 0 0 1
v 0.00514264 0.00373639 0 0.8 0.8 0.8
vn 0 0 1
v 0.00425342 0.00472396 0 0.8 0.8 0.8
vn 0 0 1
v 0.00317831 0.00550507 0 0.8 0.8 0.8
vn 0 0 1
v 0.0019643 0.00604559 0 0.8 0.8 0.8
vn 0 0 1
v 0.000664427 0.00632188 0 0.8 0.8 0.8
vn 0 0 1
v -0.000664481 0.00632188 0 0.8 0.8 0.8
vn 0 0 1
v -0.00196435 0.00604559 0 0.8 0.8 0.8
vn 0 0 1
v -0.00317837 0.00550507 0 0.8 0.8 0.8
vn 0 0 1
v -0.00425348 0.00472396 0 0.8 0.8 0.8
vn 0 0 1
v -0.00514269 0.00373639 0 0.8 0.8 0.8
vn 0 0 1
v -0.00580714 0.00258552 0 0.8 0.8 0.8
vn 0 0 1
v -0.0062178 0.00132165 0 0.8 0.8 0.8
vn 0 0 1
v -0.00635671 2.16063e-08 0 0.8 0.8 0.8
vn 0 0 1
v -0.0062178 -0.00132161 0 0.8 0.8 0.8
vn 0 0 1
v -0.00580714 -0.00258547 0 0.8 0.8 0.8
vn 0 0 1
v -0.00514269 -0.00373634 0 0.8 0.8 0.8
vn 0 0 1
v -0.00425348 -0.00472391 0 0.8 0.8 0.8
vn 0 0 1
v -0.00317837 -0.00550503 0 0.8 0.8 0.8
vn 0 0 1
v -0.00196435 -0.00604554 0 0.8 0.8 0.8
vn 0 0 1
v -0.000664481 -0.00632184 0 0.8 0.8 0.8
vn 0 0 1
v 0.000664427 -0.00632184 0 0.8 0.8 0.8
vn 0 0 1
v 0.0019643 -0.00604554 0 0.8 0.8 0.8
vn 0 0 1
v 0.00317831 -0.00550503 0 0.8 0.8 0.8
vn 0 0 1
v 0.00425342 -0.00472391 0 0.8 0.8 0.8
vn 0 0 1
v 0.00514264 -0.00373634 0 0.8 0.8 0.8
vn 0 0 1
v 0.00580709 -0.00258547 0 0.8 0.8 0.8
vn 0 0 1
v 0.00621775 -0.00132161 0 0.8 0.8 0.8
vn 0 0 1
v 0.00476748 2.17671e-08 0 0.8 0.8 0.8
vn 0 0 1
v 0.0046633 0.000991243 0 0.8 0.8 0.8
vn 0 0 1
v 0.00435531 0.00193914 0 0.8 0.8 0.8
vn 0 0 1
v 0.00385697 0.00280229 0 0.8 0.8 0.8
vn 0 0 1
v 0.00319006 0.00354297 0 0.8 0.8 0.8
vn 0 0 1
v 0.00238373 0.00412881 0 0.8 0.8 0.8
vn 0 0 1
v 0.00147322 0.00453419 0 0.8 0.8 0.8
vn 0 0 1
v 0.000498314 0.00474142 0 0.8 0.8 0.8
vn 0 0 1
v -0.000498367 0.00474142 0 0.8 0.8 0.8
vn 0 0 1
v -0.00147327 0.00453419 0 0.8 0.8 0.8
vn 0 0 1
v -0.00238378 0.00412881 0 0.8 0.8 0.8
vn 0 0 1
v -0.00319011 0.00354297 0 0.8 0.8 0.8
vn 0 0 1
v -0.00385702 0.00280229 0 0.8 0.8 0.8
vn 0 0 1
v -0.00435536 0.00193914 0 0.8 0.8 0.8
vn 0 0 1
v -0.00466336 0.000991243 0 0.8 0.8 0.8
vn 0 0 1
v -0.00476754 2.16292e-08 0 0.8 0.8 0.8
vn 0 0 1
v -0.00466336 -0.0009912 0 0.8 0.8 0.8
vn 0 0 1
v -0.00435536 -0.0019391 0 0.8 0.8 0.8
vn 0 0 1
v -0.00385702 -0.00280225 0 0.8 0.8 0.8
vn 0 0 1
v -0.00319011 -0.00354293 0 0.8 0.8 0.8
vn 0 0 1
v -0.00238378 -0.00412876 0 0.8 0.8 0.8
vn 0 0 1
v -0.00147327 -0.00453415 0 0.8 0.8 0.8
vn 0 0 1
v -0.000498367 -0.00474137 0 0.8 0.8 0.8
vn 0 0 1
v 0.000498314 -0.00474137 0 0.8 0.8 0.8
vn 0 0 1
v 0.00147322 -0.00453415 0 0.8 0.8 0.8
vn 0 0 1
v 0.00238373 -0.00412876 0 0.8 0.8 0.8
vn 0 0 1
v 0.00319006 -0.00354293 0 0.8 0.8 0.8
vn 0 0 1
v 0.00385697 -0.00280225 0 0.8 0.8 0.8
vn 0 0 1
v 0.00435531 -0.0019391 0 0.8 0.8 0.8
vn 0 0 1
v 0.0046633 -0.0009912 0 0.8 0.8 0.8
vn 0 0 1
v 0.00317831 2.17441e-08 0 0.8 0.8 0.8
vn 0 0 1
v 0.00310886 0.000660836 0 0.8 0.8 0.8
vn 0 0 1
v 0.00290353 0.00129277 0 0.8 0.8 0.8
vn 0 0 1
v 0.0025713 0.0018682 0 0.8 0.8 0.8
vn 0 0 1
v 0.0021267 0.00236199 0 0.8 0.8 0.8
vn 0 0 1
v 0.00158914 0.00275255 0 0.8 0.8 0.8
vn 0 0 1
v 0.000982135 0.0030228 0 0.8 0.8 0.8
vn 0 0 1
v 0.0003322 0.00316095 0 0.8 0.8 0.8
vn 0 0 1
v -0.000332254 0.00316095 0 0.8 0.8 0.8
vn 0 0 1
v -0.000982188 0.0030228 0 0.8 0.8 0.8
vn 0 0 1
v -0.0015892 0.00275255 0 0.8 0.8 0.8
vn 0 0 1
v -0.00212675 0.00236199 0 0.8 0.8 0.8
vn 0 0 1
v -0.00257136 0.0018682 0 0.8 0.8 0.8
vn 0 0 1
v -0.00290359 0.00129277 0 0.8 0.8 0.8
vn 0 0 1
v -0.00310891 0.000660836 0 0.8 0.8 0.8
vn 0 0 1
v -0.00317837 2.16522e-08 0 0.8 0.8 0.8
vn 0 0 1
v -0.00310891 -0.000660793 0 0.8 0.8 0.8
vn 0 0 1
v -0.00290359 -0.00129273 0 0.8 0.8 0.8
vn 0 0 1
v -0.00257136 -0.00186816 0 0.8 0.8 0.8
vn 0 0 1
v -0.00212675 -0.00236195 0 0.8 0.8 0.8
vn 0 0 1
v -0.0015892 -0.0027525 0 0.8 0.8 0.8
vn 0 0 1
v -0.000982188 -0.00302276 0 0.8 0.8 0.8
vn 0 0 1
v -0.000332254 -0.00316091 0 0.8 0.8 0.8
vn 0 0 1
v 0.0003322 -0.00316091 0 0.8 0.8 0.8
vn 0 0 1
v 0.000982135 -0.00302276 0 0.8 0.8 0.8
vn 0 0 1
v 0.00158914 -0.0027525 0 0.8 0.8 0.8
vn 0 0 1
v 0.0021267 -0.00236195 0 0.8 0.8 0.8
vn 0 0 1
v 0.0025713 -0.00186816 0 0.8 0.8 0.8
vn 0 0 1
v 0.00290353 -0.00129273 0 0.8 0.8 0.8
vn 0 0 1
v 0.00310886 -0.000660792 0 0.8 0.8 0.8
vn 0 0 1
v 0.00158914 2.17211e-08 0 0.8 0.8 0.8
vn 0 0 1
v 0.00155442 0.000330429 0 0.8 0.8 0.8
vn 0 0 1
v 0.00145175 0.000646396 0 0.8 0.8 0.8
vn 0 0 1
v 0.00128564 0.000934113 0 0.8 0.8 0.8
vn 0 0 1
v 0.00106334 0.00118101 0 0.8 0.8 0.8
vn 0 0 1
v 0.000794558 0.00137628 0 0.8 0.8 0.8
vn 0 0 1
v 0.000491054 0.00151141 0 0.8 0.8 0.8
vn 0 0 1
v 0.000166087 0.00158049 0 0.8 0.8 0.8
vn 0 0 1
v -0.00016614 0.00158049 0 0.8 0.8 0.8
vn 0 0 1
v -0.000491107 0.00151141 0 0.8 0.8 0.8
vn 0 0 1
v -0.000794612 0.00137628 0 0.8 0.8 0.8
vn 0 0 1
v -0.00106339 0.00118101 0 0.8 0.8 0.8
vn 0 0 1
v -0.00128569 0.000934113 0 0.8 0.8 0.8
vn 0 0 1
v -0.00145181 0.000646396 0 0.8 0.8 0.8
vn 0 0 1
v -0.00155447 0.000330429 0 0.8 0.8 0.8
vn 0 0 1
v -0.0015892 2.16752e-08 0 0.8 0.8 0.8
vn 0 0 1
v -0.00155447 -0.000330385 0 0.8 0.8 0.8
vn 0 0 1
v -0.00145181 -0.000646352 0 0.8 0.8 0.8
vn 0 0 1
v -0.00128569 -0.000934069 0 0.8 0.8 0.8
vn 0 0 1
v -0.00106339 -0.00118096 0 0.8 0.8 0.8
vn 0 0 1
v -0.000794612 -0.00137624 0 0.8 0.8 0.8
vn 0 0 1
v -0.000491107 -0.00151137 0 0.8 0.8 0.8
vn 0 0 1
v -0.00016614 -0.00158044 0 0.8 0.8 0.8
vn 0 0 1
v 0.000166087 -0.00158044 0 0.8 0.8 0.8
vn 0 0 1
v 0.000491054 -0.00151137 0 0.8 0.8 0.8
vn 0 0 1
v 0.000794558 -0.00137624 0 0.8 0.8 0.8
vn 0 0 1
v 0.00106334 -0.00118096 0 0.8 0.8 0.8
vn 0 0 1
v 0.00128564 -0.000934069 0 0.8 0.8 0.8
vn 0 0 1
v 0.00145175 -0.000646352 0 0.8 0.8 0.8
vn 0 0 1
v 0.00155442 -0.000330385 0 0.8 0.8 0.8
vn 0 0 1
v -2.67333e-08 2.16982e-08 0 0.8 0.8 0.8
vn 0 0 1
v -2.67333e-08 2.16982e-08 0 0.8 0.8 0.8
vn 0 0 1
v -2.67333e-08 2.16982e-08 0 0.8 0.8 0.8
vn 0 0 1
v -2.67333e-08 2.16982e-08 0 0.8 0.8 0.8
vn 0 0 1
v -2.67333e-08 2.16982e-08 0 0.8 0.8 0.8
vn 0 0 1
v -2.67333e-08 2.16982e-08 0 0.8 0.8 0.8
vn 0 0 1
v -2.67333e-08 2.16982e-08 0 0.8 0.8 0.8
vn 0 0 1
v -2.67333e-08 2.16982e-08 0 0.8 0.8 0.8
vn 0 0 1
v -2.67333e-08 2.16982e-08 0 0.8 0.8 0.8
vn 0 0 1
v -2.67333e-08 2.16982e-08 0 0.8 0.8 0.8
vn 0 0 1
v -2.67333e-08 2.16982e-08 0 0.8 0.8 0.8
vn 0 0 1
v -2.67333e-08 2.16982e-08 0 0.8 0.8 0.8
vn 0 0 1
v -2.67333e-08 2.16982e-08 0 0.8 0.8 0.8
vn 0 0 1
v -2.67333e-08 2.16982e-08 0 0.8 0.8 0.8
vn 0 0 1
v -2.67333e-08 2.16982e-08 0 0.8 0.8 0.8
vn 0 0 1
v -2.67333e-08 2.16982e-08 0 0.8 0.8 0.8
vn 0 0 1
v -2.67333e-08 2.16982e-08 0 0.8 0.8 0.8
vn 0 0 1
v -2.67333e-08 2.16982e-08 0 0.8 0.8 0.8
vn 0 0 1
v -2.67333e-08 2.16982e-08 0 0.8 0.8 0.8
vn 0 0 1
v -2.67333e-08 2.16982e-08 0 0.8 0.8 0.8
vn 0 0 1
v -2.67333e-08 2.16982e-08 0 0.8 0.8 0.8
vn 0 0 1
v -2.67333e-08 2.16982e-08 0 0.8 0.8 0.8
vn 0 0 1
v -2.67333e-08 2.16982e-08 0 0.8 0.8 0.8
vn 0 0 1
v -2.67333e-08 2.16982e-08 0 0.8 0.8 0.8
vn 0 0 1
v -2.67333e-08 2.16982e-08 0 0.8 0.8 0.8
vn 0 0 1
v -2.67333e-08 2.16982e-08 0 0.8 0.8 0.8
vn 0 0 1
v -2.67333e-08 2.16982e-08 0 0.8 0.8 0.8
vn 0 0 1
v -2.67333e-08 2.16982e-08 0 0.8 0.8 0.8
vn 0 0 1
v -2.67333e-08 2.16982e-08 0 0.8 0.8 0.8
vn 0 0 1
v -2.67333e-08 2.16982e-08 0 0.8 0.8 0.8
vn 0 0 1
v 0.0407876 2.22878e-08 0.174533 0.8 0.8 0.8
vn 0.999352 -0.0307577 -0.0186988
v 0.0398963 0.00848024 0.174533 0.8 0.8 0.8
vn 0.983909 0.177691 -0.0186988
v 0.0372613 0.0165898 0.174533 0.8 0.8 0.8
vn 0.925464 0.378374 -0.0186988
v 0.0329978 0.0239744 0.174533 0.8 0.8 0.8
vn 0.826572 0.562521 -0.0186988
v 0.0272922 0.0303111 0.174533 0.8 0.8 0.8
vn 0.691554 0.722082 -0.0186988
v 0.0203938 0.0353231 0.174533 0.8 0.8 0.8
vn 0.526313 0.850085 -0.0186988
v 0.012604 0.0387913 0.174533 0.8 0.8 0.8
vn 0.338069 0.940936 -0.0186988
v 0.00426344 0.0405642 0.174533 0.8 0.8 0.8
vn 0.13505 0.990662 -0.0186988
v -0.00426349 0.0405642 0.174533 0.8 0.8 0.8
vn -0.0738715 0.997092 -0.0186988
v -0.0126041 0.0387913 0.174533 0.8 0.8 0.8
vn -0.279564 0.959945 -0.0186988
v -0.0203938 0.0353231 0.174533 0.8 0.8 0.8
vn -0.473039 0.880843 -0.0186988
v -0.0272923 0.0303111 0.174533 0.8 0.8 0.8
vn -0.64584 0.763244 -0.0186988
v -0.0329979 0.0239744 0.174533 0.8 0.8 0.8
vn -0.790414 0.612288 -0.0186988
v -0.0372614 0.0165898 0.174533 0.8 0.8 0.8
vn -0.900443 0.434572 -0.0186988
v -0.0398963 0.00848024 0.174533 0.8 0.8 0.8
vn -0.971119 0.237863 -0.0186988
v -0.0407876 2.11085e-08 0.174533 0.8 0.8 0.8
vn -0.999352 0.0307577 -0.0186988
v -0.0398963 -0.0084802 0.174533 0.8 0.8 0.8
vn -0.983909 -0.177691 -0.0186988
v -0.0372614 -0.0165898 0.174533 0.8 0.8 0.8
vn -0.925464 -0.378374 -0.0186988
v -0.0329979 -0.0239743 0.174533 0.8 0.8 0.8
vn -0.826572 -0.562521 -0.0186988
v -0.0272923 -0.0303111 0.174533 0.8 0.8 0.8
vn -0.691554 -0.722082 -0.0186988
v -0.0203938 -0.0353231 0.174533 0.8 0.8 0.8
vn -0.526313 -0.850085 -0.0186988
v -0.0126041 -0.0387913 0.174533 0.8 0.8 0.8
vn -0.338069 -0.940936 -0.0186988
v -0.00426349 -0.0405641 0.174533 0.8 0.8 0.8
vn -0.13505 -0.990662 -0.0186988
v 0.00426344 -0.0405641 0.174533 0.8 0.8 0.8
vn 0.0738715 -0.997092 -0.0186988
v 0.012604 -0.0387913 0.174533 0.8 0.8 0.8
vn 0.279564 -0.959945 -0.0186988
v 0.0203938 -0.0353231 0.174533 0.8 0.8 0.8
vn 0.473039 -0.880843 -0.0186988
v 0.0272922 -0.0303111 0.174533 0.8 0.8 0.8
vn 0.64584 -0.763244 -0.0186988
v 0.0329978 -0.0239743 0.174533 0.8 0.8 0.8
vn 0.790414 -0.612288 -0.0186988
v 0.0372613 -0.0165898 0.174533 0.8 0.8 0.8
vn 0.900443 -0.434572 -0.0186988
v 0.0398963 -0.0084802 0.174533 0.8 0.8 0.8
vn 0.971119 -0.237863 -0.0186988
v 0.0337793 2.21865e-08 0.0132045 0.8 0.8 0.8
vn 0.998052 0.0347171 -0.0518368
v 0.0330411 0.00702313 0.0132045 0.8 0.8 0.8
vn 0.969024 0.241465 -0.0518368
v 0.0308589 0.0137393 0.0132045 0.8 0.8 0.8
vn 0.897645 0.43766 -0.0518368
v 0.027328 0.019855 0.0132045 0.8 0.8 0.8
vn 0.787035 0.614727 -0.0518368
v 0.0226027 0.0251029 0.0132045 0.8 0.8 0.8
vn 0.642027 0.764927 -0.0518368
v 0.0168896 0.0292537 0.0132045 0.8 0.8 0.8
vn 0.46896 0.881697 -0.0518368
v 0.0104383 0.032126 0.0132045 0.8 0.8 0.8
vn 0.275397 0.959932 -0.0518368
v 0.00353087 0.0335943 0.0132045 0.8 0.8 0.8
vn 0.0697979 0.996213 -0.0518368
v -0.00353092 0.0335943 0.0132045 0.8 0.8 0.8
vn -0.138852 0.988956 -0.0518368
v -0.0104384 0.032126 0.0132045 0.8 0.8 0.8
vn -0.341433 0.938476 -0.0518368
v -0.0168897 0.0292537 0.0132045 0.8 0.8 0.8
vn -0.529092 0.84698 -0.0518368
v -0.0226028 0.0251029 0.0132045 0.8 0.8 0.8
vn -0.693627 0.718467 -0.0518368
v -0.027328 0.019855 0.0132045 0.8 0.8 0.8
vn -0.827847 0.558553 -0.0518368
v -0.0308589 0.0137393 0.0132045 0.8 0.8 0.8
vn -0.925887 0.374229 -0.0518368
v -0.0330411 0.00702313 0.0132045 0.8 0.8 0.8
vn -0.98346 0.173548 -0.0518368
v -0.0337793 2.12099e-08 0.0132045 0.8 0.8 0.8
vn -0.998052 -0.0347171 -0.0518368
v -0.0330411 -0.00702309 0.0132045 0.8 0.8 0.8
vn -0.969024 -0.241465 -0.0518368
v -0.0308589 -0.0137392 0.0132045 0.8 0.8 0.8
vn -0.897645 -0.43766 -0.0518368
v -0.027328 -0.0198549 0.0132045 0.8 0.8 0.8
vn -0.787035 -0.614727 -0.0518368
v -0.0226028 -0.0251029 0.0132045 0.8 0.8 0.8
vn -0.642027 -0.764927 -0.0518368
v -0.0168897 -0.0292537 0.0132045 0.8 0.8 0.8
vn -0.46896 -0.881697 -0.0518368
v -0.0104384 -0.032126 0.0132045 0.8 0.8 0.8
vn -0.275397 -0.959932 -0.0518368
v -0.00353092 -0.0335942 0.0132045 0.8 0.8 0.8
vn -0.0697979 -0.996213 -0.0518368
v 0.00353087 -0.0335942 0.0132045 0.8 0.8 0.8
vn 0.138852 -0.988956 -0.0518368
v 0.0104383 -0.032126 0.0132045 0.8 0.8 0.8
vn 0.341433 -0.938476 -0.0518368
v 0.0168896 -0.0292537 0.0132045 0.8 0.8 0.8
vn 0.529092 -0.84698 -0.0518368
v 0.0226027 -0.0251029 0.0132045 0.8 0.8 0.8
vn 0.693627 -0.718467 -0.0518368
v 0.027328 -0.0198549 0.0132045 0.8 0.8 0.8
vn 0.827847 -0.558553 -0.0518368
v 0.0308589 -0.0137392 0.0132045 0.8 0.8 0.8
vn 0.925887 -0.374229 -0.0518368
v 0.0330411 -0.00702309 0.0132045 0.8 0.8 0.8
vn 0.98346 -0.173548 -0.0518368
v 0.0316415 2.21556e-08 0.000868835 0.8 0.8 0.8
vn 0.959163 0.0310429 -0.281144
v 0.03095 0.00657866 0.000868835 0.8 0.8 0.8
vn 0.931749 0.229786 -0.281144
v 0.0289059 0.0128698 0.000868835 0.8 0.8 0.8
vn 0.863613 0.418486 -0.281144
v 0.0255985 0.0185984 0.000868835 0.8 0.8 0.8
vn 0.757733 0.588896 -0.281144
v 0.0211723 0.0235142 0.000868835 0.8 0.8 0.8
vn 0.618736 0.733569 -0.281144
v 0.0158207 0.0274023 0.000868835 0.8 0.8 0.8
vn 0.452698 0.846181 -0.281144
v 0.00977773 0.0300929 0.000868835 0.8 0.8 0.8
vn 0.266874 0.921811 -0.281144
v 0.00330741 0.0314682 0.000868835 0.8 0.8 0.8
vn 0.0693871 0.957154 -0.281144
v -0.00330746 0.0314682 0.000868835 0.8 0.8 0.8
vn -0.131133 0.950664 -0.281144
v -0.00977778 0.0300929 0.000868835 0.8 0.8 0.8
vn -0.325921 0.902626 -0.281144
v -0.0158208 0.0274023 0.000868835 0.8 0.8 0.8
vn -0.506466 0.815138 -0.281144
v -0.0211723 0.0235142 0.000868835 0.8 0.8 0.8
vn -0.664875 0.692026 -0.281144
v -0.0255985 0.0185984 0.000868835 0.8 0.8 0.8
vn -0.794226 0.538668 -0.281144
v -0.028906 0.0128698 0.000868835 0.8 0.8 0.8
vn -0.888866 0.361768 -0.281144
v -0.0309501 0.00657865 0.000868835 0.8 0.8 0.8
vn -0.944658 0.169057 -0.281144
v -0.0316415 2.12408e-08 0.000868835 0.8 0.8 0.8
vn -0.959163 -0.0310429 -0.281144
v -0.0309501 -0.00657861 0.000868835 0.8 0.8 0.8
vn -0.931749 -0.229786 -0.281144
v -0.028906 -0.0128697 0.000868835 0.8 0.8 0.8
vn -0.863613 -0.418486 -0.281144
v -0.0255985 -0.0185984 0.000868835 0.8 0.8 0.8
vn -0.757733 -0.588896 -0.281144
v -0.0211723 -0.0235142 0.000868835 0.8 0.8 0.8
vn -0.618736 -0.733569 -0.281144
v -0.0158208 -0.0274023 0.000868835 0.8 0.8 0.8
vn -0.452698 -0.846181 -0.281144
v -0.00977778 -0.0300928 0.000868835 0.8 0.8 0.8
vn -0.266874 -0.921811 -0.281144
v -0.00330746 -0.0314681 0.000868835 0.8 0.8 0.8
vn -0.0693871 -0.957154 -0.281144
v 0.00330741 -0.0314681 0.000868835 0.8 0.8 0.8
vn 0.131133 -0.950664 -0.281144
v 0.00977773 -0.0300928 0.000868835 0.8 0.8 0.8
vn 0.325921 -0.902626 -0.281144
v 0.0158207 -0.0274023 0.000868835 0.8 0.8 0.8
vn 0.506466 -0.815138 -0.281144
v 0.0211723 -0.0235142 0.000868835 0.8 0.8 0.8
vn 0.664875 -0.692026 -0.281144
v 0.0255985 -0.0185984 0.000868835 0.8 0.8 0.8
vn 0.794226 -0.538668 -0.281144
v 0.0289059 -0.0128697 0.000868835 0.8 0.8 0.8
vn 0.888866 -0.361768 -0.281144
v 0.03095 -0.00657861 0.000868835 0.8 0.8 0.8
vn 0.944658 -0.169057 -0.281144
v 0.029861 2.21298e-08 4.89311e-05 0.8 0.8 0.8
vn 0.241787 0.0079236 -0.970297
v 0.0292085 0.00620848 4.89311e-05 0.8 0.8 0.8
vn 0.234856 0.0580208 -0.970297
v 0.0272794 0.0121456 4.89311e-05 0.8 0.8 0.8
vn 0.21766 0.105582 -0.970297
v 0.024158 0.0175519 4.89311e-05 0.8 0.8 0.8
vn 0.190952 0.148529 -0.970297
v 0.0199809 0.0221911 4.89311e-05 0.8 0.8 0.8
vn 0.155899 0.184985 -0.970297
v 0.0149305 0.0258604 4.89311e-05 0.8 0.8 0.8
vn 0.114031 0.213355 -0.970297
v 0.00922754 0.0283995 4.89311e-05 0.8 0.8 0.8
vn 0.0671805 0.232402 -0.970297
v 0.0031213 0.0296975 4.89311e-05 0.8 0.8 0.8
vn 0.0173934 0.241291 -0.970297
v -0.00312135 0.0296975 4.89311e-05 0.8 0.8 0.8
vn -0.0331538 0.239634 -0.970297
v -0.00922759 0.0283995 4.89311e-05 0.8 0.8 0.8
vn -0.082252 0.227504 -0.970297
v -0.0149305 0.0258604 4.89311e-05 0.8 0.8 0.8
vn -0.127755 0.205432 -0.970297
v -0.019981 0.0221911 4.89311e-05 0.8 0.8 0.8
vn -0.167675 0.174381 -0.970297
v -0.0241581 0.0175519 4.89311e-05 0.8 0.8 0.8
vn -0.200267 0.135708 -0.970297
v -0.0272794 0.0121456 4.89311e-05 0.8 0.8 0.8
vn -0.224106 0.091105 -0.970297
v -0.0292085 0.00620848 4.89311e-05 0.8 0.8 0.8
vn -0.238151 0.0425199 -0.970297
v -0.0298611 2.12665e-08 4.89311e-05 0.8 0.8 0.8
vn -0.241787 -0.0079236 -0.970297
v -0.0292085 -0.00620843 4.89311e-05 0.8 0.8 0.8
vn -0.234856 -0.0580208 -0.970297
v -0.0272794 -0.0121456 4.89311e-05 0.8 0.8 0.8
vn -0.21766 -0.105582 -0.970297
v -0.0241581 -0.0175518 4.89311e-05 0.8 0.8 0.8
vn -0.190952 -0.148529 -0.970297
v -0.019981 -0.022191 4.89311e-05 0.8 0.8 0.8
vn -0.155899 -0.184985 -0.970297
v -0.0149305 -0.0258604 4.89311e-05 0.8 0.8 0.8
vn -0.114031 -0.213355 -0.970297
v -0.00922759 -0.0283995 4.89311e-05 0.8 0.8 0.8
vn -0.0671805 -0.232402 -0.970297
v -0.00312135 -0.0296974 4.89311e-05 0.8 0.8 0.8
vn -0.0173934 -0.241291 -0.970297
v 0.0031213 -0.0296974 4.89311e-05 0.8 0.8 0.8
vn 0.0331538 -0.239634 -0.970297
v 0.00922754 -0.0283995 4.89311e-05 0.8 0.8 0.8
vn 0.082252 -0.227504 -0.970297
v 0.0149305 -0.0258604 4.89311e-05 0.8 0.8 0.8
vn 0.127755 -0.205432 -0.970297
v 0.0199809 -0.022191 4.89311e-05 0.8 0.8 0.8
vn 0.167675 -0.174381 -0.970297
v 0.024158 -0.0175518 4.89311e-05 0.8 0.8 0.8
vn 0.200267 -0.135708 -0.970297
v 0.0272794 -0.0121456 4.89311e-05 0.8 0.8 0.8
vn 0.224106 -0.091105 -0.970297
v 0.0292085 -0.00620843 4.89311e-05 0.8 0.8 0.8
vn 0.238151 -0.0425199 -0.970297
v 0.0281033 2.21044e-08 2.31457e-06 0.8 0.8 0.8
vn 0.0141598 0.000472957 -0.9999
v 0.0274891 0.00584302 2.31457e-06 0.8 0.8 0.8
vn 0.013752 0.00340661 -0.9999
v 0.0256736 0.0114307 2.31457e-06 0.8 0.8 0.8
vn 0.0127432 0.00619137 -0.9999
v 0.022736 0.0165187 2.31457e-06 0.8 0.8 0.8
vn 0.0111775 0.00870555 -0.9999
v 0.0188047 0.0208848 2.31457e-06 0.8 0.8 0.8
vn 0.00912327 0.0108392 -0.9999
v 0.0140516 0.0243382 2.31457e-06 0.8 0.8 0.8
vn 0.0066703 0.0124992 -0.9999
v 0.00868437 0.0267278 2.31457e-06 0.8 0.8 0.8
vn 0.00392581 0.0136129 -0.9999
v 0.00293757 0.0279494 2.31457e-06 0.8 0.8 0.8
vn 0.00100974 0.0141317 -0.9999
v -0.00293762 0.0279494 2.31457e-06 0.8 0.8 0.8
vn -0.00195047 0.0140328 -0.9999
v -0.00868442 0.0267278 2.31457e-06 0.8 0.8 0.8
vn -0.00482543 0.0133206 -0.9999
v -0.0140517 0.0243382 2.31457e-06 0.8 0.8 0.8
vn -0.00748949 0.0120263 -0.9999
v -0.0188048 0.0208848 2.31457e-06 0.8 0.8 0.8
vn -0.00982623 0.0102063 -0.9999
v -0.0227361 0.0165187 2.31457e-06 0.8 0.8 0.8
vn -0.0117335 0.00794029 -0.9999
v -0.0256737 0.0114307 2.31457e-06 0.8 0.8 0.8
vn -0.013128 0.00532724 -0.9999
v -0.0274892 0.00584302 2.31457e-06 0.8 0.8 0.8
vn -0.0139487 0.00248136 -0.9999
v -0.0281033 2.12919e-08 2.31457e-06 0.8 0.8 0.8
vn -0.0141598 -0.000472957 -0.9999
v -0.0274892 -0.00584298 2.31457e-06 0.8 0.8 0.8
vn -0.013752 -0.00340661 -0.9999
v -0.0256737 -0.0114306 2.31457e-06 0.8 0.8 0.8
vn -0.0127432 -0.00619137 -0.9999
v -0.0227361 -0.0165187 2.31457e-06 0.8 0.8 0.8
vn -0.0111775 -0.00870555 -0.9999
v -0.0188048 -0.0208848 2.31457e-06 0.8 0.8 0.8
vn -0.00912327 -0.0108392 -0.9999
v -0.0140517 -0.0243381 2.31457e-06 0.8 0.8 0.8
vn -0.0066703 -0.0124992 -0.9999
v -0.00868442 -0.0267278 2.31457e-06 0.8 0.8 0.8
vn -0.00392581 -0.0136129 -0.9999
v -0.00293762 -0.0279493 2.31457e-06 0.8 0.8 0.8
vn -0.00100974 -0.0141317 -0.9999
v 0.00293757 -0.0279493 2.31457e-06 0.8 0.8 0.8
vn 0.00195047 -0.0140328 -0.9999
v 0.00868437 -0.0267278 2.31457e-06 0.8 0.8 0.8
vn 0.00482543 -0.0133206 -0.9999
v 0.0140516 -0.0243381 2.31457e-06 0.8 0.8 0.8
vn 0.00748949 -0.0120263 -0.9999
v 0.0188047 -0.0208848 2.31457e-06 0.8 0.8 0.8
vn 0.00982623 -0.0102063 -0.9999
v 0.022736 -0.0165187 2.31457e-06 0.8 0.8 0.8
vn 0.0117335 -0.00794029 -0.9999
v 0.0256736 -0.0114306 2.31457e-06 0.8 0.8 0.8
vn 0.013128 -0.00532724 -0.9999
v 0.0274891 -0.00584298 2.31457e-06 0.8 0.8 0.8
vn 0.0139487 -0.00248136 -0.9999
v 0.0263467 2.2079e-08 8.99095e-08 0.8 0.8 0.8
vn 0.000671592 2.28547e-05 -1
v 0.025771 0.00547782 8.99095e-08 0.8 0.8 0.8
vn 0.000652164 0.000161987 -1
v 0.0240689 0.0107162 8.99095e-08 0.8 0.8 0.8
vn 0.000604234 0.00029404 -1
v 0.021315 0.0154863 8.99095e-08 0.8 0.8 0.8
vn 0.000529895 0.000413242 -1
v 0.0176294 0.0195795 8.99095e-08 0.8 0.8 0.8
vn 0.000432398 0.000514383 -1
v 0.0131734 0.022817 8.99095e-08 0.8 0.8 0.8
vn 0.000316003 0.000593043 -1
v 0.00814157 0.0250573 8.99095e-08 0.8 0.8 0.8
vn 0.000185797 0.000645784 -1
v 0.00275396 0.0262025 8.99095e-08 0.8 0.8 0.8
vn 4.74709e-05 0.000670302 -1
v -0.00275401 0.0262025 8.99095e-08 0.8 0.8 0.8
vn -9.293e-05 0.000665524 -1
v -0.00814163 0.0250573 8.99095e-08 0.8 0.8 0.8
vn -0.000229269 0.000631659 -1
v -0.0131734 0.022817 8.99095e-08 0.8 0.8 0.8
vn -0.000355589 0.000570188 -1
v -0.0176295 0.0195795 8.99095e-08 0.8 0.8 0.8
vn -0.000466367 0.000483797 -1
v -0.021315 0.0154863 8.99095e-08 0.8 0.8 0.8
vn -0.000556763 0.000376262 -1
v -0.024069 0.0107162 8.99095e-08 0.8 0.8 0.8
vn -0.000622825 0.000252282 -1
v -0.0257711 0.00547782 8.99095e-08 0.8 0.8 0.8
vn -0.000661668 0.000117276 -1
v -0.0263468 2.13173e-08 8.99095e-08 0.8 0.8 0.8
vn -0.000671592 -2.28547e-05 -1
v -0.0257711 -0.00547778 8.99095e-08 0.8 0.8 0.8
vn -0.000652164 -0.000161987 -1
v -0.024069 -0.0107162 8.99095e-08 0.8 0.8 0.8
vn -0.000604234 -0.00029404 -1
v -0.021315 -0.0154862 8.99095e-08 0.8 0.8 0.8
vn -0.000529895 -0.000413242 -1
v -0.0176295 -0.0195794 8.99095e-08 0.8 0.8 0.8
vn -0.000432398 -0.000514383 -1
v -0.0131734 -0.022817 8.99095e-08 0.8 0.8 0.8
vn -0.000316003 -0.000593043 -1
v -0.00814163 -0.0250573 8.99095e-08 0.8 0.8 0.8
vn -0.000185797 -0.000645784 -1
v -0.00275401 -0.0262024 8.99095e-08 0.8 0.8 0.8
vn -4.74709e-05 -0.000670302 -1
v 0.00275396 -0.0262024 8.99095e-08 0.8 0.8 0.8
vn 9.293e-05 -0.000665524 -1
v 0.00814157 -0.0250572 8.99095e-08 0.8 0.8 0.8
vn 0.000229269 -0.000631659 -1
v 0.0131734 -0.022817 8.99095e-08 0.8 0.8 0.8
vn 0.000355589 -0.000570188 -1
v 0.0176294 -0.0195794 8.99095e-08 0.8 0.8 0.8
vn 0.000466367 -0.000483797 -1
v 0.021315 -0.0154862 8.99095e-08 0.8 0.8 0.8
vn 0.000556763 -0.000376262 -1
v 0.0240689 -0.0107162 8.99095e-08 0.8 0.8 0.8
vn 0.000622825 -0.000252282 -1
v 0.025771 -0.00547778 8.99095e-08 0.8 0.8 0.8
vn 0.000661668 -0.000117276 -1
v 0.0245903 2.20536e-08 2.79113e-09 0.8 0.8 0.8
vn 2.6147e-05 9.05678e-07 -1
v 0.0240529 0.00511264 2.79113e-09 0.8 0.8 0.8
vn 2.53873e-05 6.32215e-06 -1
v 0.0224643 0.0100018 2.79113e-09 0.8 0.8 0.8
vn 2.35181e-05 1.14623e-05 -1
v 0.019894 0.0144538 2.79113e-09 0.8 0.8 0.8
vn 2.0621e-05 1.61015e-05 -1
v 0.0164541 0.0182742 2.79113e-09 0.8 0.8 0.8
vn 1.68227e-05 2.0037e-05 -1
v 0.0122951 0.0212959 2.79113e-09 0.8 0.8 0.8
vn 1.22892e-05 2.30968e-05 -1
v 0.0075988 0.0233868 2.79113e-09 0.8 0.8 0.8
vn 7.21852e-06 2.51471e-05 -1
v 0.00257036 0.0244556 2.79113e-09 0.8 0.8 0.8
vn 1.83239e-06 2.60984e-05 -1
v -0.00257042 0.0244556 2.79113e-09 0.8 0.8 0.8
vn -3.63382e-06 2.59091e-05 -1
v -0.00759885 0.0233868 2.79113e-09 0.8 0.8 0.8
vn -8.94122e-06 2.45874e-05 -1
v -0.0122952 0.0212959 2.79113e-09 0.8 0.8 0.8
vn -1.38578e-05 2.21911e-05 -1
v -0.0164542 0.0182742 2.79113e-09 0.8 0.8 0.8
vn -1.81688e-05 1.8825e-05 -1
v -0.019894 0.0144538 2.79113e-09 0.8 0.8 0.8
vn -2.16857e-05 1.46361e-05 -1
v -0.0224644 0.0100018 2.79113e-09 0.8 0.8 0.8
vn -2.42548e-05 9.80756e-06 -1
v -0.024053 0.00511264 2.79113e-09 0.8 0.8 0.8
vn -2.57639e-05 4.55038e-06 -1
v -0.0245903 2.13427e-08 2.79113e-09 0.8 0.8 0.8
vn -2.6147e-05 -9.05678e-07 -1
v -0.024053 -0.00511259 2.79113e-09 0.8 0.8 0.8
vn -2.53873e-05 -6.32215e-06 -1
v -0.0224644 -0.0100018 2.79113e-09 0.8 0.8 0.8
vn -2.35181e-05 -1.14623e-05 -1
v -0.019894 -0.0144538 2.79113e-09 0.8 0.8 0.8
vn -2.0621e-05 -1.61015e-05 -1
v -0.0164542 -0.0182741 2.79113e-09 0.8 0.8 0.8
vn -1.68227e-05 -2.0037e-05 -1
v -0.0122952 -0.0212958 2.79113e-09 0.8 0.8 0.8
vn -1.22892e-05 -2.30968e-05 -1
v -0.00759885 -0.0233868 2.79113e-09 0.8 0.8 0.8
vn -7.21852e-06 -2.51471e-05 -1
v -0.00257042 -0.0244556 2.79113e-09 0.8 0.8 0.8
vn -1.83239e-06 -2.60984e-05 -1
v 0.00257036 -0.0244556 2.79113e-09 0.8 0.8 0.8
vn 3.63382e-06 -2.59091e-05 -1
v 0.0075988 -0.0233868 2.79113e-09 0.8 0.8 0.8
vn 8.94122e-06 -2.45874e-05 -1
v 0.0122951 -0.0212958 2.79113e-09 0.8 0.8 0.8
vn 1.38578e-05 -2.21911e-05 -1
v 0.0164541 -0.0182741 2.79113e-09 0.8 0.8 0.8
vn 1.81688e-05 -1.8825e-05 -1
v 0.019894 -0.0144538 2.79113e-09 0.8 0.8 0.8
vn 2.16857e-05 -1.46361e-05 -1
v 0.0224643 -0.0100018 2.79113e-09 0.8 0.8 0.8
vn 2.42548e-05 -9.80756e-06 -1
v 0.0240529 -0.00511259 2.79113e-09 0.8 0.8 0.8
vn 2.57639e-05 -4.55038e-06 -1
v 0.0228338 2.20282e-08 6.69806e-11 0.8 0.8 0.8
vn 8.136e-07 2.86526e-08 -1
v 0.0223349 0.00474745 6.69806e-11 0.8 0.8 0.8
vn 7.89863e-07 1.97183e-07 -1
v 0.0208598 0.00928739 6.69806e-11 0.8 0.8 0.8
vn 7.31606e-07 3.57096e-07 -1
v 0.018473 0.0134214 6.69806e-11 0.8 0.8 0.8
vn 6.41375e-07 5.01402e-07 -1
v 0.0152788 0.0169689 6.69806e-11 0.8 0.8 0.8
vn 5.23112e-07 6.23795e-07 -1
v 0.0114169 0.0197747 6.69806e-11 0.8 0.8 0.8
vn 3.81986e-07 7.18924e-07 -1
v 0.00705603 0.0217163 6.69806e-11 0.8 0.8 0.8
vn 2.24166e-07 7.82634e-07 -1
v 0.00238676 0.0227088 6.69806e-11 0.8 0.8 0.8
vn 5.65487e-08 8.12138e-07 -1
v -0.00238682 0.0227088 6.69806e-11 0.8 0.8 0.8
vn -1.1354e-07 8.06148e-07 -1
v -0.00705608 0.0217163 6.69806e-11 0.8 0.8 0.8
vn -2.78666e-07 7.64925e-07 -1
v -0.011417 0.0197747 6.69806e-11 0.8 0.8 0.8
vn -4.31614e-07 6.90272e-07 -1
v -0.0152789 0.0169689 6.69806e-11 0.8 0.8 0.8
vn -5.65698e-07 5.8545e-07 -1
v -0.018473 0.0134214 6.69806e-11 0.8 0.8 0.8
vn -6.75058e-07 4.55042e-07 -1
v -0.0208598 0.00928739 6.69806e-11 0.8 0.8 0.8
vn -7.54914e-07 3.04745e-07 -1
v -0.0223349 0.00474745 6.69806e-11 0.8 0.8 0.8
vn -8.01778e-07 1.4113e-07 -1
v -0.0228339 2.13681e-08 6.69806e-11 0.8 0.8 0.8
vn -8.136e-07 -2.86526e-08 -1
v -0.0223349 -0.00474741 6.69806e-11 0.8 0.8 0.8
vn -7.89863e-07 -1.97183e-07 -1
v -0.0208598 -0.00928735 6.69806e-11 0.8 0.8 0.8
vn -7.31606e-07 -3.57096e-07 -1
v -0.018473 -0.0134214 6.69806e-11 0.8 0.8 0.8
vn -6.41375e-07 -5.01402e-07 -1
v -0.0152789 -0.0169689 6.69806e-11 0.8 0.8 0.8
vn -5.23112e-07 -6.23795e-07 -1
v -0.011417 -0.0197747 6.69806e-11 0.8 0.8 0.8
vn -3.81986e-07 -7.18924e-07 -1
v -0.00705608 -0.0217163 6.69806e-11 0.8 0.8 0.8
vn -2.24166e-07 -7.82634e-07 -1
v -0.00238682 -0.0227088 6.69806e-11 0.8 0.8 0.8
vn -5.65487e-08 -8.12138e-07 -1
v 0.00238676 -0.0227088 6.69806e-11 0.8 0.8 0.8
vn 1.1354e-07 -8.06148e-07 -1
v 0.00705603 -0.0217163 6.69806e-11 0.8 0.8 0.8
vn 2.78666e-07 -7.64925e-07 -1
v 0.0114169 -0.0197747 6.69806e-11 0.8 0.8 0.8
vn 4.31614e-07 -6.90272e-07 -1
v 0.0152788 -0.0169688 6.69806e-11 0.8 0.8 0.8
vn 5.65698e-07 -5.8545e-07 -1
v 0.018473 -0.0134214 6.69806e-11 0.8 0.8 0.8
vn 6.75058e-07 -4.55042e-07 -1
v 0.0208598 -0.00928735 6.69806e-11 0.8 0.8 0.8
vn 7.54914e-07 -3.04745e-07 -1
v 0.0223349 -0.00474741 6.69806e-11 0.8 0.8 0.8
vn 8.01778e-07 -1.4113e-07 -1
v 0.0210774 2.20028e-08 1.19238e-12 0.8 0.8 0.8
vn 1.95737e-08 7.00029e-10 -1
v 0.0206168 0.00438226 1.19238e-12 0.8 0.8 0.8
vn 1.90004e-08 4.75433e-09 -1
v 0.0192552 0.00857298 1.19238e-12 0.8 0.8 0.8
vn 1.75967e-08 8.60084e-09 -1
v 0.017052 0.012389 1.19238e-12 0.8 0.8 0.8
vn 1.5424e-08 1.20715e-08 -1
v 0.0141035 0.0156636 1.19238e-12 0.8 0.8 0.8
vn 1.25771e-08 1.50145e-08 -1
v 0.0105387 0.0182536 1.19238e-12 0.8 0.8 0.8
vn 9.18059e-09 1.73013e-08 -1
v 0.00651325 0.0200458 1.19238e-12 0.8 0.8 0.8
vn 5.38283e-09 1.8832e-08 -1
v 0.00220316 0.020962 1.19238e-12 0.8 0.8 0.8
vn 1.34981e-09 1.95396e-08 -1
v -0.00220322 0.020962 1.19238e-12 0.8 0.8 0.8
vn -2.7422e-09 1.93933e-08 -1
v -0.00651331 0.0200458 1.19238e-12 0.8 0.8 0.8
vn -6.71436e-09 1.83993e-08 -1
v -0.0105387 0.0182536 1.19238e-12 0.8 0.8 0.8
vn -1.03931e-08 1.66013e-08 -1
v -0.0141036 0.0156636 1.19238e-12 0.8 0.8 0.8
vn -1.36176e-08 1.40777e-08 -1
v -0.017052 0.012389 1.19238e-12 0.8 0.8 0.8
vn -1.62469e-08 1.09388e-08 -1
v -0.0192552 0.00857298 1.19238e-12 0.8 0.8 0.8
vn -1.81662e-08 7.32182e-09 -1
v -0.0206169 0.00438226 1.19238e-12 0.8 0.8 0.8
vn -1.92915e-08 3.38486e-09 -1
v -0.0210774 2.13935e-08 1.19238e-12 0.8 0.8 0.8
vn -1.95737e-08 -7.00029e-10 -1
v -0.0206169 -0.00438222 1.19238e-12 0.8 0.8 0.8
vn -1.90004e-08 -4.75433e-09 -1
v -0.0192552 -0.00857294 1.19238e-12 0.8 0.8 0.8
vn -1.75967e-08 -8.60084e-09 -1
v -0.017052 -0.012389 1.19238e-12 0.8 0.8 0.8
vn -1.5424e-08 -1.20715e-08 -1
v -0.0141036 -0.0156636 1.19238e-12 0.8 0.8 0.8
vn -1.25771e-08 -1.50145e-08 -1
v -0.0105387 -0.0182536 1.19238e-12 0.8 0.8 0.8
vn -9.18059e-09 -1.73013e-08 -1
v -0.00651331 -0.0200458 1.19238e-12 0.8 0.8 0.8
vn -5.38283e-09 -1.8832e-08 -1
v -0.00220322 -0.0209619 1.19238e-12 0.8 0.8 0.8
vn -1.34981e-09 -1.95396e-08 -1
v 0.00220316 -0.0209619 1.19238e-12 0.8 0.8 0.8
vn 2.7422e-09 -1.93933e-08 -1
v 0.00651325 -0.0200458 1.19238e-12 0.8 0.8 0.8
vn 6.71436e-09 -1.83993e-08 -1
v 0.0105387 -0.0182536 1.19238e-12 0.8 0.8 0.8
vn 1.03931e-08 -1.66013e-08 -1
v 0.0141035 -0.0156636 1.19238e-12 0.8 0.8 0.8
vn 1.36176e-08 -1.40777e-08 -1
v 0.017052 -0.012389 1.19238e-12 0.8 0.8 0.8
vn 1.62469e-08 -1.09388e-08 -1
v 0.0192552 -0.00857294 1.19238e-12 0.8 0.8 0.8
vn 1.81662e-08 -7.32182e-09 -1
v 0.0206168 -0.00438222 1.19238e-12 0.8 0.8 0.8
vn 1.92915e-08 -3.38486e-09 -1
v 0.0193209 2.19775e-08 1.49325e-14 0.8 0.8 0.8
vn 3.49418e-10 1.26757e-11 -1
v 0.0188987 0.00401708 1.49325e-14 0.8 0.8 0.8
vn 3.39147e-10 8.50468e-11 -1
v 0.0176506 0.00785857 1.49325e-14 0.8 0.8 0.8
vn 3.14053e-10 1.53701e-10 -1
v 0.015631 0.0113566 1.49325e-14 0.8 0.8 0.8
vn 2.75234e-10 2.15638e-10 -1
v 0.0129282 0.0143583 1.49325e-14 0.8 0.8 0.8
vn 2.24386e-10 2.6815e-10 -1
v 0.00966046 0.0167325 1.49325e-14 0.8 0.8 0.8
vn 1.63731e-10 3.08943e-10 -1
v 0.00597048 0.0183754 1.49325e-14 0.8 0.8 0.8
vn 9.59207e-11 3.36233e-10 -1
v 0.00201956 0.0192151 1.49325e-14 0.8 0.8 0.8
vn 2.39178e-11 3.48829e-10 -1
v -0.00201962 0.0192151 1.49325e-14 0.8 0.8 0.8
vn -4.91304e-11 3.46179e-10 -1
v -0.00597053 0.0183754 1.49325e-14 0.8 0.8 0.8
vn -1.20031e-10 3.28399e-10 -1
v -0.00966051 0.0167325 1.49325e-14 0.8 0.8 0.8
vn -1.85686e-10 2.96267e-10 -1
v -0.0129283 0.0143583 1.49325e-14 0.8 0.8 0.8
vn -2.43226e-10 2.51186e-10 -1
v -0.015631 0.0113566 1.49325e-14 0.8 0.8 0.8
vn -2.90136e-10 1.95128e-10 -1
v -0.0176506 0.00785857 1.49325e-14 0.8 0.8 0.8
vn -3.24365e-10 1.30541e-10 -1
v -0.0188988 0.00401708 1.49325e-14 0.8 0.8 0.8
vn -3.44418e-10 6.02493e-11 -1
v -0.019321 2.14189e-08 1.49325e-14 0.8 0.8 0.8
vn -3.49418e-10 -1.26757e-11 -1
v -0.0188988 -0.00401703 1.49325e-14 0.8 0.8 0.8
vn -3.39147e-10 -8.50468e-11 -1
v -0.0176506 -0.00785852 1.49325e-14 0.8 0.8 0.8
vn -3.14053e-10 -1.53701e-10 -1
v -0.015631 -0.0113566 1.49325e-14 0.8 0.8 0.8
vn -2.75234e-10 -2.15638e-10 -1
v -0.0129283 -0.0143583 1.49325e-14 0.8 0.8 0.8
vn -2.24386e-10 -2.6815e-10 -1
v -0.00966051 -0.0167324 1.49325e-14 0.8 0.8 0.8
vn -1.63731e-10 -3.08943e-10 -1
v -0.00597053 -0.0183753 1.49325e-14 0.8 0.8 0.8
vn -9.59207e-11 -3.36233e-10 -1
v -0.00201962 -0.0192151 1.49325e-14 0.8 0.8 0.8
vn -2.39178e-11 -3.48829e-10 -1
v 0.00201956 -0.0192151 1.49325e-14 0.8 0.8 0.8
vn 4.91304e-11 -3.46179e-10 -1
v 0.00597048 -0.0183753 1.49325e-14 0.8 0.8 0.8
vn 1.20031e-10 -3.28399e-10 -1
v 0.00966046 -0.0167324 1.49325e-14 0.8 0.8 0.8
vn 1.85686e-10 -2.96267e-10 -1
v 0.0129282 -0.0143583 1.49325e-14 0.8 0.8 0.8
vn 2.43226e-10 -2.51186e-10 -1
v 0.015631 -0.0113566 1.49325e-14 0.8 0.8 0.8
vn 2.90136e-10 -1.95128e-10 -1
v 0.0176506 -0.00785852 1.49325e-14 0.8 0.8 0.8
vn 3.24365e-10 -1.30541e-10 -1
v 0.0188987 -0.00401703 1.49325e-14 0.8 0.8 0.8
vn 3.44418e-10 -6.02493e-11 -1
v 0.0175645 2.19521e-08 1.11022e-16 0.8 0.8 0.8
vn 4.39034e-12 1.61602e-13 -1
v 0.0171807 0.00365189 1.11022e-16 0.8 0.8 0.8
vn 4.2608e-12 1.07087e-12 -1
v 0.016046 0.00714415 1.11022e-16 0.8 0.8 0.8
vn 3.94505e-12 1.93334e-12 -1
v 0.01421 0.0103242 1.11022e-16 0.8 0.8 0.8
vn 3.45687e-12 2.71132e-12 -1
v 0.0117529 0.013053 1.11022e-16 0.8 0.8 0.8
vn 2.81762e-12 3.37079e-12 -1
v 0.00878223 0.0152113 1.11022e-16 0.8 0.8 0.8
vn 2.05522e-12 3.88295e-12 -1
v 0.00542771 0.0167049 1.11022e-16 0.8 0.8 0.8
vn 1.203e-12 4.2254e-12 -1
v 0.00183597 0.0174683 1.11022e-16 0.8 0.8 0.8
vn 2.98199e-13 4.38318e-12 -1
v -0.00183602 0.0174683 1.11022e-16 0.8 0.8 0.8
vn -6.19633e-13 4.3494e-12 -1
v -0.00542776 0.0167049 1.11022e-16 0.8 0.8 0.8
vn -1.51038e-12 4.12553e-12 -1
v -0.00878228 0.0152113 1.11022e-16 0.8 0.8 0.8
vn -2.33512e-12 3.72135e-12 -1
v -0.011753 0.013053 1.11022e-16 0.8 0.8 0.8
vn -3.05781e-12 3.15453e-12 -1
v -0.01421 0.0103242 1.11022e-16 0.8 0.8 0.8
vn -3.64685e-12 2.44984e-12 -1
v -0.016046 0.00714415 1.11022e-16 0.8 0.8 0.8
vn -4.07651e-12 1.63808e-12 -1
v -0.0171807 0.00365189 1.11022e-16 0.8 0.8 0.8
vn -4.328e-12 7.54733e-13 -1
v -0.0175645 2.14443e-08 1.11022e-16 0.8 0.8 0.8
vn -4.39034e-12 -1.61602e-13 -1
v -0.0171807 -0.00365185 1.11022e-16 0.8 0.8 0.8
vn -4.2608e-12 -1.07087e-12 -1
v -0.016046 -0.00714411 1.11022e-16 0.8 0.8 0.8
vn -3.94505e-12 -1.93334e-12 -1
v -0.01421 -0.0103241 1.11022e-16 0.8 0.8 0.8
vn -3.45687e-12 -2.71132e-12 -1
v -0.011753 -0.013053 1.11022e-16 0.8 0.8 0.8
vn -2.81762e-12 -3.37079e-12 -1
v -0.00878228 -0.0152113 1.11022e-16 0.8 0.8 0.8
vn -2.05522e-12 -3.88295e-12 -1
v -0.00542776 -0.0167048 1.11022e-16 0.8 0.8 0.8
vn -1.203e-12 -4.2254e-12 -1
v -0.00183602 -0.0174683 1.11022e-16 0.8 0.8 0.8
vn -2.98199e-13 -4.38318e-12 -1
v 0.00183597 -0.0174683 1.11022e-16 0.8 0.8 0.8
vn 6.19633e-13 -4.3494e-12 -1
v 0.00542771 -0.0167048 1.11022e-16 0.8 0.8 0.8
vn 1.51038e-12 -4.12553e-12 -1
v 0.00878223 -0.0152113 1.11022e-16 0.8 0.8 0.8
vn 2.33512e-12 -3.72135e-12 -1
v 0.0117529 -0.013053 1.11022e-16 0.8 0.8 0.8
vn 3.05781e-12 -3.15453e-12 -1
v 0.01421 -0.0103241 1.11022e-16 0.8 0.8 0.8
vn 3.64685e-12 -2.44984e-12 -1
v 0.016046 -0.00714411 1.11022e-16 0.8 0.8 0.8
vn 4.07651e-12 -1.63808e-12 -1
v 0.0171807 -0.00365185 1.11022e-16 0.8 0.8 0.8
vn 4.328e-12 -7.54733e-13 -1
v 0.015808 2.19267e-08 0 0.8 0.8 0.8
vn 3.27747e-14 1.23027e-15 -1
v 0.0154626 0.0032867 0 0.8 0.8 0.8
vn 3.18027e-14 8.01762e-15 -1
v 0.0144414 0.00642974 0 0.8 0.8 0.8
vn 2.94408e-14 1.44546e-14 -1
v 0.012789 0.00929177 0 0.8 0.8 0.8
vn 2.57921e-14 2.02598e-14 -1
v 0.0105776 0.0117477 0 0.8 0.8 0.8
vn 2.10163e-14 2.51795e-14 -1
v 0.007904 0.0136902 0 0.8 0.8 0.8
vn 1.53219e-14 2.89988e-14 -1
v 0.00488493 0.0150344 0 0.8 0.8 0.8
vn 8.95787e-15 3.15507e-14 -1
v 0.00165237 0.0157215 0 0.8 0.8 0.8
vn 2.20236e-15 3.27237e-14 -1
v -0.00165242 0.0157215 0 0.8 0.8 0.8
vn -4.64942e-15 3.24665e-14 -1
v -0.00488499 0.0150344 0 0.8 0.8 0.8
vn -1.1298e-14 3.07904e-14 -1
v -0.00790406 0.0136902 0 0.8 0.8 0.8
vn -1.74528e-14 2.77686e-14 -1
v -0.0105777 0.0117477 0 0.8 0.8 0.8
vn -2.28448e-14 2.35331e-14 -1
v -0.012789 0.00929177 0 0.8 0.8 0.8
vn -2.72384e-14 1.82692e-14 -1
v -0.0144414 0.00642974 0 0.8 0.8 0.8
vn -3.04416e-14 1.22068e-14 -1
v -0.0154626 0.0032867 0 0.8 0.8 0.8
vn -3.23143e-14 5.61085e-15 -1
v -0.0158081 2.14696e-08 0 0.8 0.8 0.8
vn -3.27747e-14 -1.23027e-15 -1
v -0.0154626 -0.00328666 0 0.8 0.8 0.8
vn -3.18027e-14 -8.01762e-15 -1
v -0.0144414 -0.0064297 0 0.8 0.8 0.8
vn -2.94408e-14 -1.44546e-14 -1
v -0.012789 -0.00929173 0 0.8 0.8 0.8
vn -2.57921e-14 -2.02598e-14 -1
v -0.0105777 -0.0117477 0 0.8 0.8 0.8
vn -2.10163e-14 -2.51795e-14 -1
v -0.00790406 -0.0136902 0 0.8 0.8 0.8
vn -1.53219e-14 -2.89988e-14 -1
v -0.00488499 -0.0150343 0 0.8 0.8 0.8
vn -8.95787e-15 -3.15507e-14 -1
v -0.00165242 -0.0157214 0 0.8 0.8 0.8
vn -2.20236e-15 -3.27237e-14 -1
v 0.00165237 -0.0157214 0 0.8 0.8 0.8
vn 4.64942e-15 -3.24665e-14 -1
v 0.00488493 -0.0150343 0 0.8 0.8 0.8
vn 1.1298e-14 -3.07904e-14 -1
v 0.007904 -0.0136902 0 0.8 0.8 0.8
vn 1.74528e-14 -2.77686e-14 -1
v 0.0105776 -0.0117477 0 0.8 0.8 0.8
vn 2.28448e-14 -2.35331e-14 -1
v 0.012789 -0.00929172 0 0.8 0.8 0.8
vn 2.72384e-14 -1.82692e-14 -1
v 0.0144414 -0.0064297 0 0.8 0.8 0.8
vn 3.04416e-14 -1.22068e-14 -1
v 0.0154626 -0.00328666 0 0.8 0.8 0.8
vn 3.23143e-14 -5.61085e-15 -1
v 0.0140516 2.19013e-08 0 0.8 0.8 0.8
vn 0 0 -1
v 0.0137445 0.00292152 0 0.8 0.8 0.8
vn 0 0 -1
v 0.0128368 0.00571533 0 0.8 0.8 0.8
vn 0 0 -1
v 0.011368 0.00825935 0 0.8 0.8 0.8
vn 0 0 -1
v 0.00940234 0.0104424 0 0.8 0.8 0.8
vn 0 0 -1
v 0.00702578 0.0121691 0 0.8 0.8 0.8
vn 0 0 -1
v 0.00434216 0.0133639 0 0.8 0.8 0.8
vn 0 0 -1
v 0.00146877 0.0139747 0 0.8 0.8 0.8
vn 0 0 -1
v -0.00146882 0.0139747 0 0.8 0.8 0.8
vn 0 0 -1
v -0.00434221 0.0133639 0 0.8 0.8 0.8
vn 0 0 -1
v -0.00702583 0.0121691 0 0.8 0.8 0.8
vn 0 0 -1
v -0.00940239 0.0104424 0 0.8 0.8 0.8
vn 0 0 -1
v -0.011368 0.00825935 0 0.8 0.8 0.8
vn 0 0 -1
v -0.0128368 0.00571533 0 0.8 0.8 0.8
vn 0 0 -1
v -0.0137446 0.00292152 0 0.8 0.8 0.8
vn 0 0 -1
v -0.0140516 2.1495e-08 0 0.8 0.8 0.8
vn 0 0 -1
v -0.0137446 -0.00292147 0 0.8 0.8 0.8
vn 0 0 -1
v -0.0128368 -0.00571528 0 0.8 0.8 0.8
vn 0 0 -1
v -0.011368 -0.00825931 0 0.8 0.8 0.8
vn 0 0 -1
v -0.00940239 -0.0104424 0 0.8 0.8 0.8
vn 0 0 -1
v -0.00702583 -0.012169 0 0.8 0.8 0.8
vn 0 0 -1
v -0.00434221 -0.0133639 0 0.8 0.8 0.8
vn 0 0 -1
v -0.00146882 -0.0139746 0 0.8 0.8 0.8
vn 0 0 -1
v 0.00146877 -0.0139746 0 0.8 0.8 0.8
vn 0 0 -1
v 0.00434216 -0.0133639 0 0.8 0.8 0.8
vn 0 0 -1
v 0.00702578 -0.012169 0 0.8 0.8 0.8
vn 0 0 -1
v 0.00940234 -0.0104424 0 0.8 0.8 0.8
vn 0 0 -1
v 0.011368 -0.00825931 0 0.8 0.8 0.8
vn 0 0 -1
v 0.0128368 -0.00571528 0 0.8 0.8 0.8
vn 0 0 -1
v 0.0137445 -0.00292147 0 0.8 0.8 0.8
vn 0 0 -1
v 0.0122951 2.18759e-08 0 0.8 0.8 0.8
vn 0 0 -1
v 0.0120265 0.00255633 0 0.8 0.8 0.8
vn 0 0 -1
v 0.0112322 0.00500091 0 0.8 0.8 0.8
vn 0 0 -1
v 0.00994697 0.00722694 0 0.8 0.8 0.8
vn 0 0 -1
v 0.00822704 0.00913711 0 0.8 0.8 0.8
vn 0 0 -1
v 0.00614755 0.0106479 0 0.8 0.8 0.8
vn 0 0 -1
v 0.00379939 0.0116934 0 0.8 0.8 0.8
vn 0 0 -1
v 0.00128517 0.0122278 0 0.8 0.8 0.8
vn 0 0 -1
v -0.00128522 0.0122278 0 0.8 0.8 0.8
vn 0 0 -1
v -0.00379944 0.0116934 0 0.8 0.8 0.8
vn 0 0 -1
v -0.00614761 0.0106479 0 0.8 0.8 0.8
vn 0 0 -1
v -0.00822709 0.00913711 0 0.8 0.8 0.8
vn 0 0 -1
v -0.00994702 0.00722694 0 0.8 0.8 0.8
vn 0 0 -1
v -0.0112322 0.00500091 0 0.8 0.8 0.8
vn 0 0 -1
v -0.0120265 0.00255633 0 0.8 0.8 0.8
vn 0 0 -1
v -0.0122952 2.15204e-08 0 0.8 0.8 0.8
vn 0 0 -1
v -0.0120265 -0.00255629 0 0.8 0.8 0.8
vn 0 0 -1
v -0.0112322 -0.00500087 0 0.8 0.8 0.8
vn 0 0 -1
v -0.00994702 -0.00722689 0 0.8 0.8 0.8
vn 0 0 -1
v -0.00822709 -0.00913706 0 0.8 0.8 0.8
vn 0 0 -1
v -0.00614761 -0.0106479 0 0.8 0.8 0.8
vn 0 0 -1
v -0.00379944 -0.0116934 0 0.8 0.8 0.8
vn 0 0 -1
v -0.00128522 -0.0122278 0 0.8 0.8 0.8
vn 0 0 -1
v 0.00128517 -0.0122278 0 0.8 0.8 0.8
vn 0 0 -1
v 0.00379939 -0.0116934 0 0.8 0.8 0.8
vn 0 0 -1
v 0.00614755 -0.0106479 0 0.8 0.8 0.8
vn 0 0 -1
v 0.00822704 -0.00913706 0 0.8 0.8 0.8
vn 0 0 -1
v 0.00994697 -0.00722689 0 0.8 0.8 0.8
vn 0 0 -1
v 0.0112322 -0.00500087 0 0.8 0.8 0.8
vn 0 0 -1
v 0.0120265 -0.00255629 0 0.8 0.8 0.8
vn 0 0 -1
v 0.0105387 2.18505e-08 0 0.8 0.8 0.8
vn 0 0 -1
v 0.0103084 0.00219114 0 0.8 0.8 0.8
vn 0 0 -1
v 0.00962756 0.0042865 0 0.8 0.8 0.8
vn 0 0 -1
v 0.00852597 0.00619452 0 0.8 0.8 0.8
vn 0 0 -1
v 0.00705175 0.00783181 0 0.8 0.8 0.8
vn 0 0 -1
v 0.00526933 0.00912681 0 0.8 0.8 0.8
vn 0 0 -1
v 0.00325661 0.0100229 0 0.8 0.8 0.8
vn 0 0 -1
v 0.00110157 0.010481 0 0.8 0.8 0.8
vn 0 0 -1
v -0.00110162 0.010481 0 0.8 0.8 0.8
vn 0 0 -1
v -0.00325667 0.0100229 0 0.8 0.8 0.8
vn 0 0 -1
v -0.00526938 0.00912681 0 0.8 0.8 0.8
vn 0 0 -1
v -0.0070518 0.00783181 0 0.8 0.8 0.8
vn 0 0 -1
v -0.00852602 0.00619452 0 0.8 0.8 0.8
vn 0 0 -1
v -0.00962762 0.0042865 0 0.8 0.8 0.8
vn 0 0 -1
v -0.0103084 0.00219114 0 0.8 0.8 0.8
vn 0 0 -1
v -0.0105387 2.15458e-08 0 0.8 0.8 0.8
vn 0 0 -1
v -0.0103084 -0.0021911 0 0.8 0.8 0.8
vn 0 0 -1
v -0.00962762 -0.00428646 0 0.8 0.8 0.8
vn 0 0 -1
v -0.00852602 -0.00619448 0 0.8 0.8 0.8
vn 0 0 -1
v -0.0070518 -0.00783177 0 0.8 0.8 0.8
vn 0 0 -1
v -0.00526938 -0.00912677 0 0.8 0.8 0.8
vn 0 0 -1
v -0.00325667 -0.0100229 0 0.8 0.8 0.8
vn 0 0 -1
v -0.00110162 -0.010481 0 0.8 0.8 0.8
vn 0 0 -1
v 0.00110157 -0.010481 0 0.8 0.8 0.8
vn 0 0 -1
v 0.00325661 -0.0100229 0 0.8 0.8 0.8
vn 0 0 -1
v 0.00526933 -0.00912677 0 0.8 0.8 0.8
vn 0 0 -1
v 0.00705175 -0.00783177 0 0.8 0.8 0.8
vn 0 0 -1
v 0.00852597 -0.00619448 0 0.8 0.8 0.8
vn 0 0 -1
v 0.00962756 -0.00428646 0 0.8 0.8 0.8
vn 0 0 -1
v 0.0103084 -0.0021911 0 0.8 0.8 0.8
vn 0 0 -1
v 0.00878223 2.18251e-08 0 0.8 0.8 0.8
vn 0 0 -1
v 0.00859032 0.00182596 0 0.8 0.8 0.8
vn 0 0 -1
v 0.00802296 0.00357209 0 0.8 0.8 0.8
vn 0 0 -1
v 0.00710497 0.0051621 0 0.8 0.8 0.8
vn 0 0 -1
v 0.00587645 0.00652651 0 0.8 0.8 0.8
vn 0 0 -1
v 0.0043911 0.00760568 0 0.8 0.8 0.8
vn 0 0 -1
v 0.00271384 0.00835244 0 0.8 0.8 0.8
vn 0 0 -1
v 0.000917969 0.00873417 0 0.8 0.8 0.8
vn 0 0 -1
v -0.000918023 0.00873417 0 0.8 0.8 0.8
vn 0 0 -1
v -0.00271389 0.00835244 0 0.8 0.8 0.8
vn 0 0 -1
v -0.00439116 0.00760568 0 0.8 0.8 0.8
vn 0 0 -1
v -0.0058765 0.00652651 0 0.8 0.8 0.8
vn 0 0 -1
v -0.00710502 0.0051621 0 0.8 0.8 0.8
vn 0 0 -1
v -0.00802302 0.00357209 0 0.8 0.8 0.8
vn 0 0 -1
v -0.00859037 0.00182596 0 0.8 0.8 0.8
vn 0 0 -1
v -0.00878228 2.15712e-08 0 0.8 0.8 0.8
vn 0 0 -1
v -0.00859037 -0.00182591 0 0.8 0.8 0.8
vn 0 0 -1
v -0.00802302 -0.00357204 0 0.8 0.8 0.8
vn 0 0 -1
v -0.00710502 -0.00516206 0 0.8 0.8 0.8
vn 0 0 -1
v -0.0058765 -0.00652647 0 0.8 0.8 0.8
vn 0 0 -1
v -0.00439116 -0.00760564 0 0.8 0.8 0.8
vn 0 0 -1
v -0.00271389 -0.0083524 0 0.8 0.8 0.8
vn 0 0 -1
v -0.000918023 -0.00873413 0 0.8 0.8 0.8
vn 0 0 -1
v 0.000917969 -0.00873413 0 0.8 0.8 0.8
vn 0 0 -1
v 0.00271384 -0.0083524 0 0.8 0.8 0.8
vn 0 0 -1
v 0.0043911 -0.00760564 0 0.8 0.8 0.8
vn 0 0 -1
v 0.00587645 -0.00652647 0 0.8 0.8 0.8
vn 0 0 -1
v 0.00710497 -0.00516206 0 0.8 0.8 0.8
vn 0 0 -1
v 0.00802296 -0.00357204 0 0.8 0.8 0.8
vn 0 0 -1
v 0.00859032 -0.00182591 0 0.8 0.8 0.8
vn 0 0 -1
v 0.00702578 2.17997e-08 0 0.8 0.8 0.8
vn 0 0 -1
v 0.00687225 0.00146077 0 0.8 0.8 0.8
vn 0 0 -1
v 0.00641837 0.00285767 0 0.8 0.8 0.8
vn 0 0 -1
v 0.00568397 0.00412969 0 0.8 0.8 0.8
vn 0 0 -1
v 0.00470116 0.00522121 0 0.8 0.8 0.8
vn 0 0 -1
v 0.00351288 0.00608455 0 0.8 0.8 0.8
vn 0 0 -1
v 0.00217107 0.00668196 0 0.8 0.8 0.8
vn 0 0 -1
v 0.00073437 0.00698734 0 0.8 0.8 0.8
vn 0 0 -1
v -0.000734423 0.00698734 0 0.8 0.8 0.8
vn 0 0 -1
v -0.00217112 0.00668196 0 0.8 0.8 0.8
vn 0 0 -1
v -0.00351293 0.00608455 0 0.8 0.8 0.8
vn 0 0 -1
v -0.00470121 0.00522121 0 0.8 0.8 0.8
vn 0 0 -1
v -0.00568402 0.00412969 0 0.8 0.8 0.8
vn 0 0 -1
v -0.00641842 0.00285767 0 0.8 0.8 0.8
vn 0 0 -1
v -0.0068723 0.00146077 0 0.8 0.8 0.8
vn 0 0 -1
v -0.00702583 2.15966e-08 0 0.8 0.8 0.8
vn 0 0 -1
v -0.0068723 -0.00146073 0 0.8 0.8 0.8
vn 0 0 -1
v -0.00641842 -0.00285763 0 0.8 0.8 0.8
vn 0 0 -1
v -0.00568402 -0.00412964 0 0.8 0.8 0.8
vn 0 0 -1
v -0.00470121 -0.00522117 0 0.8 0.8 0.8
vn 0 0 -1
v -0.00351293 -0.0060845 0 0.8 0.8 0.8
vn 0 0 -1
v -0.00217112 -0.00668192 0 0.8 0.8 0.8
vn 0 0 -1
v -0.000734423 -0.0069873 0 0.8 0.8 0.8
vn 0 0 -1
v 0.00073437 -0.0069873 0 0.8 0.8 0.8
vn 0 0 -1
v 0.00217107 -0.00668192 0 0.8 0.8 0.8
vn 0 0 -1
v 0.00351288 -0.0060845 0 0.8 0.8 0.8
vn 0 0 -1
v 0.00470116 -0.00522117 0 0.8 0.8 0.8
vn 0 0 -1
v 0.00568397 -0.00412964 0 0.8 0.8 0.8
vn 0 0 -1
v 0.00641837 -0.00285763 0 0.8 0.8 0.8
vn 0 0 -1
v 0.00687225 -0.00146073 0 0.8 0.8 0.8
vn 0 0 -1
v 0.00526933 2.17743e-08 0 0.8 0.8 0.8
vn 0 0 -1
v 0.00515418 0.00109558 0 0.8 0.8 0.8
vn 0 0 -1
v 0.00481377 0.00214326 0 0.8 0.8 0.8
vn 0 0 -1
v 0.00426297 0.00309727 0 0.8 0.8 0.8
vn 0 0 -1
v 0.00352586 0.00391592 0 0.8 0.8 0.8
vn 0 0 -1
v 0.00263465 0.00456342 0 0.8 0.8 0.8
vn 0 0 -1
v 0.00162829 0.00501148 0 0.8 0.8 0.8
vn 0 0 -1
v 0.000550771 0.00524051 0 0.8 0.8 0.8
vn 0 0 -1
v -0.000550824 0.00524051 0 0.8 0.8 0.8
vn 0 0 -1
v -0.00162835 0.00501148 0 0.8 0.8 0.8
vn 0 0 -1
v -0.0026347 0.00456342 0 0.8 0.8 0.8
vn 0 0 -1
v -0.00352591 0.00391592 0 0.8 0.8 0.8
vn 0 0 -1
v -0.00426302 0.00309727 0 0.8 0.8 0.8
vn 0 0 -1
v -0.00481382 0.00214326 0 0.8 0.8 0.8
vn 0 0 -1
v -0.00515423 0.00109558 0 0.8 0.8 0.8
vn 0 0 -1
v -0.00526938 2.1622e-08 0 0.8 0.8 0.8
vn 0 0 -1
v -0.00515423 -0.00109554 0 0.8 0.8 0.8
vn 0 0 -1
v -0.00481382 -0.00214322 0 0.8 0.8 0.8
vn 0 0 -1
v -0.00426302 -0.00309723 0 0.8 0.8 0.8
vn 0 0 -1
v -0.00352591 -0.00391587 0 0.8 0.8 0.8
vn 0 0 -1
v -0.0026347 -0.00456337 0 0.8 0.8 0.8
vn 0 0 -1
v -0.00162835 -0.00501143 0 0.8 0.8 0.8
vn 0 0 -1
v -0.000550824 -0.00524047 0 0.8 0.8 0.8
vn 0 0 -1
v 0.000550771 -0.00524047 0 0.8 0.8 0.8
vn 0 0 -1
v 0.00162829 -0.00501143 0 0.8 0.8 0.8
vn 0 0 -1
v 0.00263465 -0.00456337 0 0.8 0.8 0.8
vn 0 0 -1
v 0.00352586 -0.00391587 0 0.8 0.8 0.8
vn 0 0 -1
v 0.00426297 -0.00309723 0 0.8 0.8 0.8
vn 0 0 -1
v 0.00481377 -0.00214322 0 0.8 0.8 0.8
vn 0 0 -1
v 0.00515418 -0.00109554 0 0.8 0.8 0.8
vn 0 0 -1
v 0.00351288 2.17489e-08 0 0.8 0.8 0.8
vn 0 0 -1
v 0.00343611 0.000730395 0 0.8 0.8 0.8
vn 0 0 -1
v 0.00320917 0.00142885 0 0.8 0.8 0.8
vn 0 0 -1
v 0.00284197 0.00206485 0 0.8 0.8 0.8
vn 0 0 -1
v 0.00235056 0.00261062 0 0.8 0.8 0.8
vn 0 0 -1
v 0.00175642 0.00304228 0 0.8 0.8 0.8
vn 0 0 -1
v 0.00108552 0.00334099 0 0.8 0.8 0.8
vn 0 0 -1
v 0.000367172 0.00349368 0 0.8 0.8 0.8
vn 0 0 -1
v -0.000367225 0.00349368 0 0.8 0.8 0.8
vn 0 0 -1
v -0.00108557 0.00334099 0 0.8 0.8 0.8
vn 0 0 -1
v -0.00175648 0.00304228 0 0.8 0.8 0.8
vn 0 0 -1
v -0.00235062 0.00261062 0 0.8 0.8 0.8
vn 0 0 -1
v -0.00284202 0.00206485 0 0.8 0.8 0.8
vn 0 0 -1
v -0.00320922 0.00142885 0 0.8 0.8 0.8
vn 0 0 -1
v -0.00343616 0.000730395 0 0.8 0.8 0.8
vn 0 0 -1
v -0.00351293 2.16474e-08 0 0.8 0.8 0.8
vn 0 0 -1
v -0.00343616 -0.000730352 0 0.8 0.8 0.8
vn 0 0 -1
v -0.00320922 -0.0014288 0 0.8 0.8 0.8
vn 0 0 -1
v -0.00284202 -0.00206481 0 0.8 0.8 0.8
vn 0 0 -1
v -0.00235062 -0.00261057 0 0.8 0.8 0.8
vn 0 0 -1
v -0.00175648 -0.00304224 0 0.8 0.8 0.8
vn 0 0 -1
v -0.00108557 -0.00334095 0 0.8 0.8 0.8
vn 0 0 -1
v -0.000367225 -0.00349364 0 0.8 0.8 0.8
vn 0 0 -1
v 0.000367172 -0.00349364 0 0.8 0.8 0.8
vn 0 0 -1
v 0.00108552 -0.00334095 0 0.8 0.8 0.8
vn 0 0 -1
v 0.00175642 -0.00304224 0 0.8 0.8 0.8
vn 0 0 -1
v 0.00235056 -0.00261057 0 0.8 0.8 0.8
vn 0 0 -1
v 0.00284197 -0.00206481 0 0.8 0.8 0.8
vn 0 0 -1
v 0.00320917 -0.0014288 0 0.8 0.8 0.8
vn 0 0 -1
v 0.00343611 -0.000730352 0 0.8 0.8 0.8
vn 0 0 -1
v 0.00175642 2.17236e-08 0 0.8 0.8 0.8
vn 0 0 -1
v 0.00171804 0.000365209 0 0.8 0.8 0.8
vn 0 0 -1
v 0.00160457 0.000714435 0 0.8 0.8 0.8
vn 0 0 -1
v 0.00142097 0.00103244 0 0.8 0.8 0.8
vn 0 0 -1
v 0.00117527 0.00130532 0 0.8 0.8 0.8
vn 0 0 -1
v 0.000878199 0.00152115 0 0.8 0.8 0.8
vn 0 0 -1
v 0.000542747 0.00167051 0 0.8 0.8 0.8
vn 0 0 -1
v 0.000183572 0.00174685 0 0.8 0.8 0.8
vn 0 0 -1
v -0.000183626 0.00174685 0 0.8 0.8 0.8
vn 0 0 -1
v -0.0005428 0.00167051 0 0.8 0.8 0.8
vn 0 0 -1
v -0.000878252 0.00152115 0 0.8 0.8 0.8
vn 0 0 -1
v -0.00117532 0.00130532 0 0.8 0.8 0.8
vn 0 0 -1
v -0.00142103 0.00103244 0 0.8 0.8 0.8
vn 0 0 -1
v -0.00160463 0.000714435 0 0.8 0.8 0.8
vn 0 0 -1
v -0.0017181 0.000365208 0 0.8 0.8 0.8
vn 0 0 -1
v -0.00175648 2.16728e-08 0 0.8 0.8 0.8
vn 0 0 -1
v -0.0017181 -0.000365165 0 0.8 0.8 0.8
vn 0 0 -1
v -0.00160463 -0.000714392 0 0.8 0.8 0.8
vn 0 0 -1
v -0.00142103 -0.00103239 0 0.8 0.8 0.8
vn 0 0 -1
v -0.00117532 -0.00130528 0 0.8 0.8 0.8
vn 0 0 -1
v -0.000878252 -0.00152111 0 0.8 0.8 0.8
vn 0 0 -1
v -0.0005428 -0.00167046 0 0.8 0.8 0.8
vn 0 0 -1
v -0.000183626 -0.00174681 0 0.8 0.8 0.8
vn 0 0 -1
v 0.000183572 -0.00174681 0 0.8 0.8 0.8
vn 0 0 -1
v 0.000542747 -0.00167046 0 0.8 0.8 0.8
vn 0 0 -1
v 0.000878199 -0.00152111 0 0.8 0.8 0.8
vn 0 0 -1
v 0.00117527 -0.00130528 0 0.8 0.8 0.8
vn 0 0 -1
v 0.00142097 -0.00103239 0 0.8 0.8 0.8
vn 0 0 -1
v 0.00160457 -0.000714391 0 0.8 0.8 0.8
vn 0 0 -1
v 0.00171804 -0.000365165 0 0.8 0.8 0.8
vn 0 0 -1
v -2.67333e-08 2.16982e-08 0 0.8 0.8 0.8
vn 0 0 -1
v -2.67333e-08 2.16982e-08 0 0.8 0.8 0.8
vn 0 0 -1
v -2.67333e-08 2.16982e-08 0 0.8 0.8 0.8
vn 0 0 -1
v -2.67333e-08 2.16982e-08 0 0.8 0.8 0.8
vn 0 0 -1
v -2.67333e-08 2.16982e-08 0 0.8 0.8 0.8
vn 0 0 -1
v -2.67333e-08 2.16982e-08 0 0.8 0.8 0.8
vn 0 0 -1
v -2.67333e-08 2.16982e-08 0 0.8 0.8 0.8
vn 0 0 -1
v -2.67333e-08 2.16982e-08 0 0.8 0.8 0.8
vn 0 0 -1
v -2.67333e-08 2.16982e-08 0 0.8 0.8 0.8
vn 0 0 -1
v -2.67333e-08 2.16982e-08 0 0.8 0.8 0.8
vn 0 0 -1
v -2.67333e-08 2.16982e-08 0 0.8 0.8 0.8
vn 0 0 -1
v -2.67333e-08 2.16982e-08 0 0.8 0.8 0.8
vn 0 0 -1
v -2.67333e-08 2.16982e-08 0 0.8 0.8 0.8
vn 0 0 -1
v -2.67333e-08 2.16982e-08 0 0.8 0.8 0.8
vn 0 0 -1
v -2.67333e-08 2.16982e-08 0 0.8 0.8 0.8
vn 0 0 -1
v -2.67333e-08 2.16982e-08 0 0.8 0.8 0.8
vn 0 0 -1
v -2.67333e-08 2.16982e-08 0 0.8 0.8 0.8
vn 0 0 -1
v -2.67333e-08 2.16982e-08 0 0.8 0.8 0.8
vn 0 0 -1
v -2.67333e-08 2.16982e-08 0 0.8 0.8 0.8
vn 0 0 -1
v -2.67333e-08 2.16982e-08 0 0.8 0.8 0.8
vn 0 0 -1
v -2.67333e-08 2.16982e-08 0 0.8 0.8 0.8
vn 0 0 -1
v -2.67333e-08 2.16982e-08 0 0.8 0.8 0.8
vn 0 0 -1
v -2.67333e-08 2.16982e-08 0 0.8 0.8 0.8
vn 0 0 -1
v -2.67333e-08 2.16982e-08 0 0.8 0.8 0.8
vn 0 0 -1
v -2.67333e-08 2.16982e-08 0 0.8 0.8 0.8
vn 0 0 -1
v -2.67333e-08 2.16982e-08 0 0.8 0.8 0.8
vn 0 0 -1
v -2.67333e-08 2.16982e-08 0 0.8 0.8 0.8
vn 0 0 -1
v -2.67333e-08 2.16982e-08 0 0.8 0.8 0.8
vn 0 0 -1
v -2.67333e-08 2.16982e-08 0 0.8 0.8 0.8
vn 0 0 -1
v -2.67333e-08 2.16982e-08 0 0.8 0.8 0.8
vn 0 0 -1
f 2//2 31//31 1//1
f 32//32 31//31 2//2
f 3//3 32//32 2//2
f 33//33 32//32 3//3
f 4//4 33//33 3//3
f 34//34 33//33 4//4
f 5//5 34//34 4//4
f 35//35 34//34 5//5
f 6//6 35//35 5//5
f 36//36 35//35 6//6
f 7//7 36//36 6//6
f 37//37 36//36 7//7
f 8//8 37//37 7//7
f 38//38 37//37 8//8
f 9//9 38//38 8//8
f 39//39 38//38 9//9
f 10//10 39//39 9//9
f 40//40 39//39 10//10
f 11//11 40//40 10//10
f 41//41 40//40 11//11
f 12//12 41//41 11//11
f 42//42 41//41 12//12
f 13//13 42//42 12//12
f 43//43 42//42 13//13
f 14//14 43//43 13//13
f 44//44 43//43 14//14
f 15//15 44//44 14//14
f 45//45 44//44 15//15
f 16//16 45//45 15//15
f 46//46 45//45 16//16
f 17//17 46//46 16//16
f 47//47 46//46 17//17
f 18//18 47//47 17//17
f 48//48 47//47 18//18
f 19//19 48//48 18//18
f 49//49 48//48 19//19
f 20//20 49//49 19//19
f 50//50 49//49 20//20
f 21//21 50//50 20//20
f 51//51 50//50 21//21
f 22//22 51//51 21//21
f 52//52 51//51 22//22
f 23//23 52//52 22//22
f 53//53 52//52 23//23
f 24//24 53//53 23//23
f 54//54 53//53 24//24
f 25//25 54//54 24//24
f 55//55 54//54 25//25
f 26//26 55//55 25//25
f 56//56 55//55 26//26
f 27//27 56//56 26//26
f 57//57 56//56 27//27
f 28//28 57//57 27//27
f 58//58 57//57 28//28
f 29//29 58//58 28//28
f 59//59 58//58 29//29
f 30//30 59//59 29//29
f 60//60 59//59 30//30
f 1//1 60//60 30//30
f 31//31 60//60 1//1
f 32//32 61//61 31//31
f 62//62 61//61 32//32
f 33//33 62//62 32//32
f 63//63 62//62 33//33
f 34//34 63//63 33//33
f 64//64 63//63 34//34
f 35//35 64//64 34//34
f 65//65 64//64 35//35
f 36//36 65//65 35//35
f 66//66 65//65 36//36
f 37//37 66//66 36//36
f 67//67 66//66 37//37
f 38//38 67//67 37//37
f 68//68 67//67 38//38
f 39//39 68//68 38//38
f 69//69 68//68 39//39
f 40//40 69//69 39//39
f 70//70 69//69 40//40
f 41//41 70//70 40//40
f 71//71 70//70 41//41
f 42//42 71//71 41//41
f 72//72 71//71 42//42
f 43//43 72//72 42//42
f 73//73 72//72 43//43
f 44//44 73//73 43//43
f 74//74 73//73 44//44
f 45//45 74//74 44//44
f 75//75 74//74 45//45
f 46//46 75//75 45//45
f 76//76 75//75 46//46
f 47//47 76//76 46//46
f 77//77 76//76 47//47
f 48//48 77//77 47//47
f 78//78 77//77 48//48
f 49//49 78//78 48//48
f 79//79 78//78 49//49
f 50//50 79//79 49//49
f 80//80 79//79 50//50
f 51//51 80//80 50//50
f 81//81 80//80 51//51
f 52//52 81//81 51//51
f 82//82 81//81 52//52
f 53//53 82//82 52//52
f 83//83 82//82 53//53
f 54//54 83//83 53//53
f 84//84 83//83 54//54
f 55//55 84//84 54//54
f 85//85 84//84 55//55
f 56//56 85//85 55//55
f 86//86 85//85 56//56
f 57//57 86//86 56//56
f 87//87 86//86 57//57
f 58//58 87//87 57//57
f 88//88 87//87 58//58
f 59//59 88//88 58//58
f 89//89 88//88 59//59
f 60//60 89//89 59//59
f 90//90 89//89 60//60
f 31//31 90//90 60//60
f 61//61 90//90 31//31
f 62//62 91//91 61//61
f 92//92 91//91 62//62
f 63//63 92//92 62//62
f 93//93 92//92 63//63
f 64//64 93//93 63//63
f 94//94 93//93 64//64
f 65//65 94//94 64//64
f 95//95 94//94 65//65
f 66//66 95//95 65//65
f 96//96 95//95 66//66
f 67//67 96//96 66//66
f 97//97 96//96 67//67
f 68//68 97//97 67//67
f 98//98 97//97 68//68
f 69//69 98//98 68//68
f 99//99 98//98 69//69
f 70//70 99//99 69//69
f 100//100 99//99 70//70
f 71//71 100//100 70//70
f 101//101 100//100 71//71
f 72//72 101//101 71//71
f 102//102 101//101 72//72
f 73//73 102//102 72//72
f 103//103 102//102 73//73
f 74//74 103//103 73//73
f 104//104 103//103 74//74
f 75//75 104//104 74//74
f 105//105 104//104 75//75
f 76//76 105//105 75//75
f 106//106 105//105 76//76
f 77//77 106//106 76//76
f 107//107 106//106 77//77
f 78//78 107//107 77//77
f 108//108 107//107 78//78
f 79//79 108//108 78//78
f 109//109 108//108 79//79
f 80//80 109//109 79//79
f 110//110 109//109 80//80
f 81//81 110//110 80//80
f 111//111 110//110 81//81
f 82//82 111//111 81//81
f 112//112 111//111 82//82
f 83//83 112//112 82//82
f 113//113 112//112 83//83
f 84//84 113//113 83//83
f 114//114 113//113 84//84
f 85//85 114//114 84//84
f 115//115 114//114 85//85
f 86//86 115//115 85//85
f 116//116 115//115 86//86
f 87//87 116//116 86//86
f 117//117 116//116 87//87
f 88//88 117//117 87//87
f 118//118 117//117 88//88
f 89//89 118//118 88//88
f 119//119 118//118 89//89
f 90//90 119//119 89//89
f 120//120 119//119 90//90
f 61//61 120//120 90//90
f 91//91 120//120 61//61
f 92//92 121//121 91//91
f 122//122 121//121 92//92
f 93//93 122//122 92//92
f 123//123 122//122 93//93
f 94//94 123//123 93//93
f 124//124 123//123 94//94
f 95//95 124//124 94//94
f 125//125 124//124 95//95
f 96//96 125//125 95//95
f 126//126 125//125 96//96
f 97//97 126//126 96//96
f 127//127 126//126 97//97
f 98//98 127//127 97//97
f 128//128 127//127 98//98
f 99//99 128//128 98//98
f 129//129 128//128 99//99
f 100//100 129//129 99//99
f 130//130 129//129 100//100
f 101//101 130//130 100//100
f 131//131 130//130 101//101
f 102//102 131//131 101//101
f 132//132 131//131 102//102
f 103//103 132//132 102//102
f 133//133 132//132 103//103
f 104//104 133//133 103//103
f 134//134 133//133 104//104
f 105//105 134//134 104//104
f 135//135 134//134 105//105
f 106//106 135//135 105//105
f 136//136 135//135 106//106
f 107//107 136//136 106//106
f 137//137 136//136 107//107
f 108//108 137//137 107//107
f 138//138 137//137 108//108
f 109//109 138//138 108//108
f 139//139 138//138 109//109
f 110//110 139//139 109//109
f 140//140 139//139 110//110
f 111//111 140//140 110//110
f 141//141 140//140 111//111
f 112//112 141//141 111//111
f 142//142 141//141 112//112
f 113//113 142//142 112//112
f 143//143 142//142 113//113
f 114//114 143//143 113//113
f 144//144 143//143 114//114
f 115//115 144//144 114//114
f 145//145 144//144 115//115
f 116//116 145//145 115//115
f 146//146 145//145 116//116
f 117//117 146//146 116//116
f 147//147 146//146 117//117
f 118//118 147//147 117//117
f 148//148 147//147 118//118
f 119//119 148//148 118//118
f 149//149 148//148 119//119
f 120//120 149//149 119//119
f 150//150 149//149 120//120
f 91//91 150//150 120//120
f 121//121 150//150 91//91
f 122//122 151//151 121//121
f 152//152 151//151 122//122
f 123//123 152//152 122//122
f 153//153 152//152 123//123
f 124//124 153//153 123//123
f 154//154 153//153 124//124
f 125//125 154//154 124//124
f 155//155 154//154 125//125
f 126//126 155//155 125//125
f 156//156 155//155 126//126
f 127//127 156//156 126//126
f 157//157 156//156 127//127
f 128//128 157//157 127//127
f 158//158 157//157 128//128
f 129//129 158//158 128//128
f 159//159 158//158 129//129
f 130//130 159//159 129//129
f 160//160 159//159 130//130
f 131//131 160//160 130//130
f 161//161 160//160 131//131
f 132//132 161//161 131//131
f 162//162 161//161 132//132
f 133//133 162//162 132//132
f 163//163 162//162 133//133
f 134//134 163//163 133//133
f 164//164 163//163 134//134
f 135//135 164//164 134//134
f 165//165 164//164 135//135
f 136//136 165//165 135//135
f 166//166 165//165 136//136
f 137//137 166//166 136//136
f 167//167 166//166 137//137
f 138//138 167//167 137//137
f 168//168 167//167 138//138
f 139//139 168//168 138//138
f 169//169 168//168 139//139
f 140//140 169//169 139//139
f 170//170 169//169 140//140
f 141//141 170//170 140//140
f 171//171 170//170 141//141
f 142//142 171//171 141//141
f 172//172 171//171 142//142
f 143//143 172//172 142//142
f 173//173 172//172 143//143
f 144//144 173//173 143//143
f 174//174 173//173 144//144
f 145//145 174//174 144//144
f 175//175 174//174 145//145
f 146//146 175//175 145//145
f 176//176 175//175 146//146
f 147//147 176//176 146//146
f 177//177 176//176 147//147
f 148//148 177//177 147//147
f 178//178 177//177 148//148
f 149//149 178//178 148//148
f 179//179 178//178 149//149
f 150//150 179//179 149//149
f 180//180 179//179 150//150
f 121//121 180//180 150//150
f 151//151 180//180 121//121
f 152//152 181//181 151//151
f 182//182 181//181 152//152
f 153//153 182//182 152//152
f 183//183 182//182 153//153
f 154//154 183//183 153//153
f 184//184 183//183 154//154
f 155//155 184//184 154//154
f 185//185 184//184 155//155
f 156//156 185//185 155//155
f 186//186 185//185 156//156
f 157//157 186//186 156//156
f 187//187 186//186 157//157
f 158//158 187//187 157//157
f 188//188 187//187 158//158
f 159//159 188//188 158//158
f 189//189 188//188 159//159
f 160//160 189//189 159//159
f 190//190 189//189 160//160
f 161//161 190//190 160//160
f 191//191 190//190 161//161
f 162//162 191//191 161//161
f 192//192 191//191 162//162
f 163//163 192//192 162//162
f 193//193 192//192 163//163
f 164//164 193//193 163//163
f 194//194 193//193 164//164
f 165//165 194//194 164//164
f 195//195 194//194 165//165
f 166//166 195//195 165//165
f 196//196 195//195 166//166
f 167//167 196//196 166//166
f 197//197 196//196 167//167
f 168//168 197//197 167//167
f 198//198 197//197 168//168
f 169//169 198//198 168//168
f 199//199 198//198 169//169
f 170//170 199//199 169//169
f 200//200 199//199 170//170
f 171//171 200//200 170//170
f 201//201 200//200 171//171
f 172//172 201//201 171//171
f 202//202 201//201 172//172
f 173//173 202//202 172//172
f 203//203 202//202 173//173
f 174//174 203//203 173//173
f 204//204 203//203 174//174
f 175//175 204//204 174//174
f 205//205 204//204 175//175
f 176//176 205//205 175//175
f 206//206 205//205 176//176
f 177//177 206//206 176//176
f 207//207 206//206 177//177
f 178//178 207//207 177//177
f 208//208 207//207 178//178
f 179//179 208//208 178//178
f 209//209 208//208 179//179
f 180//180 209//209 179//179
f 210//210 209//209 180//180
f 151//151 210//210 180//180
f 181//181 210//210 151//151
f 182//182 211//211 181//181
f 212//212 211//211 182//182
f 183//183 212//212 182//182
f 213//213 212//212 183//183
f 184//184 213//213 183//183
f 214//214 213//213 184//184
f 185//185 214//214 184//184
f 215//215 214//214 185//185
f 186//186 215//215 185//185
f 216//216 215//215 186//186
f 187//187 216//216 186//186
f 217//217 216//216 187//187
f 188//188 217//217 187//187
f 218//218 217//217 188//188
f 189//189 218//218 188//188
f 219//219 218//218 189//189
f 190//190 219//219 189//189
f 220//220 219//219 190//190
f 191//191 220//220 190//190
f 221//221 220//220 191//191
f 192//192 221//221 191//191
f 222//222 221//221 192//192
f 193//193 222//222 192//192
f 223//223 222//222 193//193
f 194//194 223//223 193//193
f 224//224 223//223 194//194
f 195//195 224//224 194//194
f 225//225 224//224 195//195
f 196//196 225//225 195//195
f 226//226 225//225 196//196
f 197//197 226//226 196//196
f 227//227 226//226 197//197
f 198//198 227//227 197//197
f 228//228 227//227 198//198
f 199//199 228//228 198//198
f 229//229 228//228 199//199
f 200//200 229//229 199//199
f 230//230 229//229 200//200
f 201//201 230//230 200//200
f 231//231 230//230 201//201
f 202//202 231//231 201//201
f 232//232 231//231 202//202
f 203//203 232//232 202//202
f 233//233 232//232 203//203
f 204//204 233//233 203//203
f 234//234 233//233 204//204
f 205//205 234//234 204//204
f 235//235 234//234 205//205
f 206//206 235//235 205//205
f 236//236 235//235 206//206
f 207//207 236//236 206//206
f 237//237 236//236 207//207
f 208//208 237//237 207//207
f 238//238 237//237 208//208
f 209//209 238//238 208//208
f 239//239 238//238 209//209
f 210//210 239//239 209//209
f 240//240 239//239 210//210
f 181//181 240//240 210//210
f 211//211 240//240 181//181
f 212//212 241//241 211//211
f 242//242 241//241 212//212
f 213//213 242//242 212//212
f 243//243 242//242 213//213
f 214//214 243//243 213//213
f 244//244 243//243 214//214
f 215//215 244//244 214//214
f 245//245 244//244 215//215
f 216//216 245//245 215//215
f 246//246 245//245 216//216
f 217//217 246//246 216//216
f 247//247 246//246 217//217
f 218//218 247//247 217//217
f 248//248 247//247 218//218
f 219//219 248//248 218//218
f 249//249 248//248 219//219
f 220//220 249//249 219//219
f 250//250 249//249 220//220
f 221//221 250//250 220//220
f 251//251 250//250 221//221
f 222//222 251//251 221//221
f 252//252 251//251 222//222
f 223//223 252//252 222//222
f 253//253 252//252 223//223
f 224//224 253//253 223//223
f 254//254 253//253 224//224
f 225//225 254//254 224//224
f 255//255 254//254 225//225
f 226//226 255//255 225//225
f 256//256 255//255 226//226
f 227//227 256//256 226//226
f 257//257 256//256 227//227
f 228//228 257//257 227//227
f 258//258 257//257 228//228
f 229//229 258//258 228//228
f 259//259 258//258 229//229
f 230//230 259//259 229//229
f 260//260 259//259 230//230
f 231//231 260//260 230//230
f 261//261 260//260 231//231
f 232//232 261//261 231//231
f 262//262 261//261 232//232
f 233//233 262//262 232//232
f 263//263 262//262 233//233
f 234//234 263//263 233//233
f 264//264 263//263 234//234
f 235//235 264//264 234//234
f 265//265 264//264 235//235
f 236//236 265//265 235//235
f 266//266 265//265 236//236
f 237//237 266//266 236//236
f 267//267 266//266 237//237
f 238//238 267//267 237//237
f 268//268 267//267 238//238
f 239//239 268//268 238//238
f 269//269 268//268 239//239
f 240//240 269//269 239//239
f 270//270 269//269 240//240
f 211//211 270//270 240//240
f 241//241 270//270 211//211
f 242//242 271//271 241//241
f 272//272 271//271 242//242
f 243//243 272//272 242//242
f 273//273 272//272 243//243
f 244//244 273//273 243//243
f 274//274 273//273 244//244
f 245//245 274//274 244//244
f 275//275 274//274 245//245
f 246//246 275//275 245//245
f 276//276 275//275 246//246
f 247//247 276//276 246//246
f 277//277 276//276 247//247
f 248//248 277//277 247//247
f 278//278 277//277 248//248
f 249//249 278//278 248//248
f 279//279 278//278 249//249
f 250//250 279//279 249//249
f 280//280 279//279 250//250
f 251//251 280//280 250//250
f 281//281 280//280 251//251
f 252//252 281//281 251//251
f 282//282 281//281 252//252
f 253//253 282//282 252//252
f 283//283 282//282 253//253
f 254//254 283//283 253//253
f 284//284 283//283 254//254
f 255//255 284//284 254//254
f 285//285 284//284 255//255
f 256//256 285//285 255//255
f 286//286 285//285 256//256
f 257//257 286//286 256//256
f 287//287 286//286 257//257
f 258//258 287//287 257//257
f 288//288 287//287 258//258
f 259//259 288//288 258//258
f 289//289 288//288 259//259
f 260//260 289//289 259//259
f 290//290 289//289 260//260
f 261//261 290//290 260//260
f 291//291 290//290 261//261
f 262//262 291//291 261//261
f 292//292 291//291 262//262
f 263//263 292//292 262//262
f 293//293 292//292 263//263
f 264//264 293//293 263//263
f 294//294 293//293 264//264
f 265//265 294//294 264//264
f 295//295 294//294 265//265
f 266//266 295//295 265//265
f 296//296 295//295 266//266
f 267//267 296//296 266//266
f 297//297 296//296 267//267
f 268//268 297//297 267//267
f 298//298 297//297 268//268
f 269//269 298//298 268//268
f 299//299 298//298 269//269
f 270//270 299//299 269//269
f 300//300 299//299 270//270
f 241//241 300//300 270//270
f 271//271 300//300 241//241
f 272//272 301//301 271//271
f 302//302 301//301 272//272
f 273//273 302//302 272//272
f 303//303 302//302 273//273
f 274//274 303//303 273//273
f 304//304 303//303 274//274
f 275//275 304//304 274//274
f 305//305 304//304 275//275
f 276//276 305//305 275//275
f 306//306 305//305 276//276
f 277//277 306//306 276//276
f 307//307 306//306 277//277
f 278//278 307//307 277//277
f 308//308 307//307 278//278
f 279//279 308//308 278//278
f 309//309 308//308 279//279
f 280//280 309//309 279//279
f 310//310 309//309 280//280
f 281//281 310//310 280//280
f 311//311 310//310 281//281
f 282//282 311//311 281//281
f 312//312 311//311 282//282
f 283//283 312//312 282//282
f 313//313 312//312 283//283
f 284//284 313//313 283//283
f 314//314 313//313 284//284
f 285//285 314//314 284//284
f 315//315 314//314 285//285
f 286//286 315//315 285//285
f 316//316 315//315 286//286
f 287//287 316//316 286//286
f 317//317 316//316 287//287
f 288//288 317//317 287//287
f 318//318 317//317 288//288
f 289//289 318//318 288//288
f 319//319 318//318 289//289
f 290//290 319//319 289//289
f 320//320 319//319 290//290
f 291//291 320//320 290//290
f 321//321 320//320 291//291
f 292//292 321//321 291//291
f 322//322 321//321 292//292
f 293//293 322//322 292//292
f 323//323 322//322 293//293
f 294//294 323//323 293//293
f 324//324 323//323 294//294
f 295//295 324//324 294//294
f 325//325 324//324 295//295
f 296//296 325//325 295//295
f 326//326 325//325 296//296
f 297//297 326//326 296//296
f 327//327 326//326 297//297
f 298//298 327//327 297//297
f 328//328 327//327 298//298
f 299//299 328//328 298//298
f 329//329 328//328 299//299
f 300//300 329//329 299//299
f 330//330 329//329 300//300
f 271//271 330//330 300//300
f 301//301 330//330 271//271
f 302//302 331//331 301//301
f 332//332 331//331 302//302
f 303//303 332//332 302//302
f 333//333 332//332 303//303
f 304//304 333//333 303//303
f 334//334 333//333 304//304
f 305//305 334//334 304//304
f 335//335 334//334 305//305
f 306//306 335//335 305//305
f 336//336 335//335 306//306
f 307//307 336//336 306//306
f 337//337 336//336 307//307
f 308//308 337//337 307//307
f 338//338 337//337 308//308
f 309//309 338//338 308//308
f 339//339 338//338 309//309
f 310//310 339//339 309//309
f 340//340 339//339 310//310
f 311//311 340//340 310//310
f 341//341 340//340 311//311
f 312//312 341//341 311//311
f 342//342 341//341 312//312
f 313//313 342//342 312//312
f 343//343 342//342 313//313
f 314//314 343//343 313//313
f 344//344 343//343 314//314
f 315//315 344//344 314//314
f 345//345 344//344 315//315
f 316//316 345//345 315//315
f 346//346 345//345 316//316
f 317//317 346//346 316//316
f 347//347 346//346 317//317
f 318//318 347//347 317//317
f 348//348 347//347 318//318
f 319//319 348//348 318//318
f 349//349 348//348 319//319
f 320//320 349//349 319//319
f 350//350 349//349 320//320
f 321//321 350//350 320//320
f 351//351 350//350 321//321
f 322//322 351//351 321//321
f 352//352 351//351 322//322
f 323//323 352//352 322//322
f 353//353 352//352 323//323
f 324//324 353//353 323//323
f 354//354 353//353 324//324
f 325//325 354//354 324//324
f 355//355 354//354 325//325
f 326//326 355//355 325//325
f 356//356 355//355 326//326
f 327//327 356//356 326//326
f 357//357 356//356 327//327
f 328//328 357//357 327//327
f 358//358 357//357 328//328
f 329//329 358//358 328//328
f 359//359 358//358 329//329
f 330//330 359//359 329//329
f 360//360 359//359 330//330
f 301//301 360//360 330//330
f 331//331 360//360 301//301
f 332//332 361//361 331//331
f 362//362 361//361 332//332
f 333//333 362//362 332//332
f 363//363 362//362 333//333
f 334//334 363//363 333//333
f 364//364 363//363 334//334
f 335//335 364//364 334//334
f 365//365 364//364 335//335
f 336//336 365//365 335//335
f 366//366 365//365 336//336
f 337//337 366//366 336//336
f 367//367 366//366 337//337
f 338//338 367//367 337//337
f 368//368 367//367 338//338
f 339//339 368//368 338//338
f 369//369 368//368 339//339
f 340//340 369//369 339//339
f 370//370 369//369 340//340
f 341//341 370//370 340//340
f 371//371 370//370 341//341
f 342//342 371//371 341//341
f 372//372 371//371 342//342
f 343//343 372//372 342//342
f 373//373 372//372 343//343
f 344//344 373//373 343//343
f 374//374 373//373 344//344
f 345//345 374//374 344//344
f 375//375 374//374 345//345
f 346//346 375//375 345//345
f 376//376 375//375 346//346
f 347//347 376//376 346//346
f 377//377 376//376 347//347
f 348//348 377//377 347//347
f 378//378 377//377 348//348
f 349//349 378//378 348//348
f 379//379 378//378 349//349
f 350//350 379//379 349//349
f 380//380 379//379 350//350
f 351//351 380//380 350//350
f 381//381 380//380 351//351
f 352//352 381//381 351//351
f 382//382 381//381 352//352
f 353//353 382//382 352//352
f 383//383 382//382 353//353
f 354//354 383//383 353//353
f 384//384 383//383 354//354
f 355//355 384//384 354//354
f 385//385 384//384 355//355
f 356//356 385//385 355//355
f 386//386 385//385 356//356
f 357//357 386//386 356//356
f 387//387 386//386 357//357
f 358//358 387//387 357//357
f 388//388 387//387 358//358
f 359//359 388//388 358//358
f 389//389 388//388 359//359
f 360//360 389//389 359//359
f 390//390 389//389 360//360
f 331//331 390//390 360//360
f 361//361 390//390 331//331
f 362//362 391//391 361//361
f 392//392 391//391 362//362
f 363//363 392//392 362//362
f 393//393 392//392 363//363
f 364//364 393//393 363//363
f 394//394 393//393 364//364
f 365//365 394//394 364//364
f 395//395 394//394 365//365
f 366//366 395//395 365//365
f 396//396 395//395 366//366
f 367//367 396//396 366//366
f 397//397 396//396 367//367
f 368//368 397//397 367//367
f 398//398 397//397 368//368
f 369//369 398//398 368//368
f 399//399 398//398 369//369
f 370//370 399//399 369//369
f 400//400 399//399 370//370
f 371//371 400//400 370//370
f 401//401 400//400 371//371
f 372//372 401//401 371//371
f 402//402 401//401 372//372
f 373//373 402//402 372//372
f 403//403 402//402 373//373
f 374//374 403//403 373//373
f 404//404 403//403 374//374
f 375//375 404//404 374//374
f 405//405 404//404 375//375
f 376//376 405//405 375//375
f 406//406 405//405 376//376
f 377//377 406//406 376//376
f 407//407 406//406 377//377
f 378//378 407//407 377//377
f 408//408 407//407 378//378
f 379//379 408//408 378//378
f 409//409 408//408 379//379
f 380//380 409//409 379//379
f 410//410 409//409 380//380
f 381//381 410//410 380//380
f 411//411 410//410 381//381
f 382//382 411//411 381//381
f 412//412 411//411 382//382
f 383//383 412//412 382//382
f 413//413 412//412 383//383
f 384//384 413//413 383//383
f 414//414 413//413 384//384
f 385//385 414//414 384//384
f 415//415 414//414 385//385
f 386//386 415//415 385//385
f 416//416 415//415 386//386
f 387//387 416//416 386//386
f 417//417 416//416 387//387
f 388//388 417//417 387//387
f 418//418 417//417 388//388
f 389//389 418//418 388//388
f 419//419 418//418 389//389
f 390//390 419//419 389//389
f 420//420 419//419 390//390
f 361//361 420//420 390//390
f 391//391 420//420 361//361
f 392//392 421//421 391//391
f 422//422 421//421 392//392
f 393//393 422//422 392//392
f 423//423 422//422 393//393
f 394//394 423//423 393//393
f 424//424 423//423 394//394
f 395//395 424//424 394//394
f 425//425 424//424 395//395
f 396//396 425//425 395//395
f 426//426 425//425 396//396
f 397//397 426//426 396//396
f 427//427 426//426 397//397
f 398//398 427//427 397//397
f 428//428 427//427 398//398
f 399//399 428//428 398//398
f 429//429 428//428 399//399
f 400//400 429//429 399//399
f 430//430 429//429 400//400
f 401//401 430//430 400//400
f 431//431 430//430 401//401
f 402//402 431//431 401//401
f 432//432 431//431 402//402
f 403//403 432//432 402//402
f 433//433 432//432 403//403
f 404//404 433//433 403//403
f 434//434 433//433 404//404
f 405//405 434//434 404//404
f 435//435 434//434 405//405
f 406//406 435//435 405//405
f 436//436 435//435 406//406
f 407//407 436//436 406//406
f 437//437 436//436 407//407
f 408//408 437//437 407//407
f 438//438 437//437 408//408
f 409//409 438//438 408//408
f 439//439 438//438 409//409
f 410//410 439//439 409//409
f 440//440 439//439 410//410
f 411//411 440//440 410//410
f 441//441 440//440 411//411
f 412//412 441//441 411//411
f 442//442 441//441 412//412
f 413//413 442//442 412//412
f 443//443 442//442 413//413
f 414//414 443//443 413//413
f 444//444 443//443 414//414
f 415//415 444//444 414//414
f 445//445 444//444 415//415
f 416//416 445//445 415//415
f 446//446 445//445 416//416
f 417//417 446//446 416//416
f 447//447 446//446 417//417
f 418//418 447//447 417//417
f 448//448 447//447 418//418
f 419//419 448//448 418//418
f 449//449 448//448 419//419
f 420//420 449//449 419//419
f 450//450 449//449 420//420
f 391//391 450//450 420//420
f 421//421 450//450 391//391
f 422//422 451//451 421//421
f 452//452 451//451 422//422
f 423//423 452//452 422//422
f 453//453 452//452 423//423
f 424//424 453//453 423//423
f 454//454 453//453 424//424
f 425//425 454//454 424//424
f 455//455 454//454 425//425
f 426//426 455//455 425//425
f 456//456 455//455 426//426
f 427//427 456//456 426//426
f 457//457 456//456 427//427
f 428//428 457//457 427//427
f 458//458 457//457 428//428
f 429//429 458//458 428//428
f 459//459 458//458 429//429
f 430//430 459//459 429//429
f 460//460 459//459 430//430
f 431//431 460//460 430//430
f 461//461 460//460 431//431
f 432//432 461//461 431//431
f 462//462 461//461 432//432
f 433//433 462//462 432//432
f 463//463 462//462 433//433
f 434//434 463//463 433//433
f 464//464 463//463 434//434
f 435//435 464//464 434//434
f 465//465 464//464 435//435
f 436//436 465//465 435//435
f 466//466 465//465 436//436
f 437//437 466//466 436//436
f 467//467 466//466 437//437
f 438//438 467//467 437//437
f 468//468 467//467 438//438
f 439//439 468//468 438//438
f 469//469 468//468 439//439
f 440//440 469//469 439//439
f 470//470 469//469 440//440
f 441//441 470//470 440//440
f 471//471 470//470 441//441
f 442//442 471//471 441//441
f 472//472 471//471 442//442
f 443//443 472//472 442//442
f 473//473 472//472 443//443
f 444//444 473//473 443//443
f 474//474 473//473 444//444
f 445//445 474//474 444//444
f 475//475 474//474 445//445
f 446//446 475//475 445//445
f 476//476 475//475 446//446
f 447//447 476//476 446//446
f 477//477 476//476 447//447
f 448//448 477//477 447//447
f 478//478 477//477 448//448
f 449//449 478//478 448//448
f 479//479 478//478 449//449
f 450//450 479//479 449//449
f 480//480 479//479 450//450
f 421//421 480//480 450//450
f 451//451 480//480 421//421
f 452//452 481//481 451//451
f 482//482 481//481 452//452
f 453//453 482//482 452//452
f 483//483 482//482 453//453
f 454//454 483//483 453//453
f 484//484 483//483 454//454
f 455//455 484//484 454//454
f 485//485 484//484 455//455
f 456//456 485//485 455//455
f 486//486 485//485 456//456
f 457//457 486//486 456//456
f 487//487 486//486 457//457
f 458//458 487//487 457//457
f 488//488 487//487 458//458
f 459//459 488//488 458//458
f 489//489 488//488 459//459
f 460//460 489//489 459//459
f 490//490 489//489 460//460
f 461//461 490//490 460//460
f 491//491 490//490 461//461
f 462//462 491//491 461//461
f 492//492 491//491 462//462
f 463//463 492//492 462//462
f 493//493 492//492 463//463
f 464//464 493//493 463//463
f 494//494 493//493 464//464
f 465//465 494//494 464//464
f 495//495 494//494 465//465
f 466//466 495//495 465//465
f 496//496 495//495 466//466
f 467//467 496//496 466//466
f 497//497 496//496 467//467
f 468//468 497//497 467//467
f 498//498 497//497 468//468
f 469//469 498//498 468//468
f 499//499 498//498 469//469
f 470//470 499//499 469//469
f 500//500 499//499 470//470
f 471//471 500//500 470//470
f 501//501 500//500 471//471
f 472//472 501//501 471//471
f 502//502 501//501 472//472
f 473//473 502//502 472//472
f 503//503 502//502 473//473
f 474//474 503//503 473//473
f 504//504 503//503 474//474
f 475//475 504//504 474//474
f 505//505 504//504 475//475
f 476//476 505//505 475//475
f 506//506 505//505 476//476
f 477//477 506//506 476//476
f 507//507 506//506 477//477
f 478//478 507//507 477//477
f 508//508 507//507 478//478
f 479//479 508//508 478//478
f 509//509 508//508 479//479
f 480//480 509//509 479//479
f 510//510 509//509 480//480
f 451//451 510//510 480//480
f 481//481 510//510 451//451
f 482//482 511//511 481//481
f 512//512 511//511 482//482
f 483//483 512//512 482//482
f 513//513 512//512 483//483
f 484//484 513//513 483//483
f 514//514 513//513 484//484
f 485//485 514//514 484//484
f 515//515 514//514 485//485
f 486//486 515//515 485//485
f 516//516 515//515 486//486
f 487//487 516//516 486//486
f 517//517 516//516 487//487
f 488//488 517//517 487//487
f 518//518 517//517 488//488
f 489//489 518//518 488//488
f 519//519 518//518 489//489
f 490//490 519//519 489//489
f 520//520 519//519 490//490
f 491//491 520//520 490//490
f 521//521 520//520 491//491
f 492//492 521//521 491//491
f 522//522 521//521 492//492
f 493//493 522//522 492//492
f 523//523 522//522 493//493
f 494//494 523//523 493//493
f 524//524 523//523 494//494
f 495//495 524//524 494//494
f 525//525 524//524 495//495
f 496//496 525//525 495//495
f 526//526 525//525 496//496
f 497//497 526//526 496//496
f 527//527 526//526 497//497
f 498//498 527//527 497//497
f 528//528 527//527 498//498
f 499//499 528//528 498//498
f 529//529 528//528 499//499
f 500//500 529//529 499//499
f 530//530 529//529 500//500
f 501//501 530//530 500//500
f 531//531 530//530 501//501
f 502//502 531//531 501//501
f 532//532 531//531 502//502
f 503//503 532//532 502//502
f 533//533 532//532 503//503
f 504//504 533//533 503//503
f 534//534 533//533 504//504
f 505//505 534//534 504//504
f 535//535 534//534 505//505
f 506//506 535//535 505//505
f 536//536 535//535 506//506
f 507//507 536//536 506//506
f 537//537 536//536 507//507
f 508//508 537//537 507//507
f 538//538 537//537 508//508
f 509//509 538//538 508//508
f 539//539 538//538 509//509
f 510//510 539//539 509//509
f 540//540 539//539 510//510
f 481//481 540//540 510//510
f 511//511 540//540 481//481
f 512//512 541//541 511//511
f 542//542 541//541 512//512
f 513//513 542//542 512//512
f 543//543 542//542 513//513
f 514//514 543//543 513//513
f 544//544 543//543 514//514
f 515//515 544//544 514//514
f 545//545 544//544 515//515
f 516//516 545//545 515//515
f 546//546 545//545 516//516
f 517//517 546//546 516//516
f 547//547 546//546 517//517
f 518//518 547//547 517//517
f 548//548 547//547 518//518
f 519//519 548//548 518//518
f 549//549 548//548 519//519
f 520//520 549//549 519//519
f 550//550 549//549 520//520
f 521//521 550//550 520//520
f 551//551 550//550 521//521
f 522//522 551//551 521//521
f 552//552 551//551 522//522
f 523//523 552//552 522//522
f 553//553 552//552 523//523
f 524//524 553//553 523//523
f 554//554 553//553 524//524
f 525//525 554//554 524//524
f 555//555 554//554 525//525
f 526//526 555//555 525//525
f 556//556 555//555 526//526
f 527//527 556//556 526//526
f 557//557 556//556 527//527
f 528//528 557//557 527//527
f 558//558 557//557 528//528
f 529//529 558//558 528//528
f 559//559 558//558 529//529
f 530//530 559//559 529//529
f 560//560 559//559 530//530
f 531//531 560//560 530//530
f 561//561 560//560 531//531
f 532//532 561//561 531//531
f 562//562 561//561 532//532
f 533//533 562//562 532//532
f 563//563 562//562 533//533
f 534//534 563//563 533//533
f 564//564 563//563 534//534
f 535//535 564//564 534//534
f 565//565 564//564 535//535
f 536//536 565//565 535//535
f 566//566 565//565 536//536
f 537//537 566//566 536//536
f 567//567 566//566 537//537
f 538//538 567//567 537//537
f 568//568 567//567 538//538
f 539//539 568//568 538//538
f 569//569 568//568 539//539
f 540//540 569//569 539//539
f 570//570 569//569 540//540
f 511//511 570//570 540//540
f 541//541 570//570 511//511
f 542//542 571//571 541//541
f 572//572 571//571 542//542
f 543//543 572//572 542//542
f 573//573 572//572 543//543
f 544//544 573//573 543//543
f 574//574 573//573 544//544
f 545//545 574//574 544//544
f 575//575 574//574 545//545
f 546//546 575//575 545//545
f 576//576 575//575 546//546
f 547//547 576//576 546//546
f 577//577 576//576 547//547
f 548//548 577//577 547//547
f 578//578 577//577 548//548
f 549//549 578//578 548//548
f 579//579 578//578 549//549
f 550//550 579//579 549//549
f 580//580 579//579 550//550
f 551//551 580//580 550//550
f 581//581 580//580 551//551
f 552//552 581//581 551//551
f 582//582 581//581 552//552
f 553//553 582//582 552//552
f 583//583 582//582 553//553
f 554//554 583//583 553//553
f 584//584 583//583 554//554
f 555//555 584//584 554//554
f 585//585 584//584 555//555
f 556//556 585//585 555//555
f 586//586 585//585 556//556
f 557//557 586//586 556//556
f 587//587 586//586 557//557
f 558//558 587//587 557//557
f 588//588 587//587 558//558
f 559//559 588//588 558//558
f 589//589 588//588 559//559
f 560//560 589//589 559//559
f 590//590 589//589 560//560
f 561//561 590//590 560//560
f 591//591 590//590 561//561
f 562//562 591//591 561//561
f 592//592 591//591 562//562
f 563//563 592//592 562//562
f 593//593 592//592 563//563
f 564//564 593//593 563//563
f 594//594 593//593 564//564
f 565//565 594//594 564//564
f 595//595 594//594 565//565
f 566//566 595//595 565//565
f 596//596 595//595 566//566
f 567//567 596//596 566//566
f 597//597 596//596 567//567
f 568//568 597//597 567//567
f 598//598 597//597 568//568
f 569//569 598//598 568//568
f 599//599 598//598 569//569
f 570//570 599//599 569//569
f 600//600 599//599 570//570
f 541//541 600//600 570//570
f 571//571 600//600 541//541
f 572//572 601//601 571//571
f 602//602 601//601 572//572
f 573//573 602//602 572//572
f 603//603 602//602 573//573
f 574//574 603//603 573//573
f 604//604 603//603 574//574
f 575//575 604//604 574//574
f 605//605 604//604 575//575
f 576//576 605//605 575//575
f 606//606 605//605 576//576
f 577//577 606//606 576//576
f 607//607 606//606 577//577
f 578//578 607//607 577//577
f 608//608 607//607 578//578
f 579//579 608//608 578//578
f 609//609 608//608 579//579
f 580//580 609//609 579//579
f 610//610 609//609 580//580
f 581//581 610//610 580//580
f 611//611 610//610 581//581
f 582//582 611//611 581//581
f 612//612 611//611 582//582
f 583//583 612//612 582//582
f 613//613 612//612 583//583
f 584//584 613//613 583//583
f 614//614 613//613 584//584
f 585//585 614//614 584//584
f 615//615 614//614 585//585
f 586//586 615//615 585//585
f 616//616 615//615 586//586
f 587//587 616//616 586//586
f 617//617 616//616 587//587
f 588//588 617//617 587//587
f 618//618 617//617 588//588
f 589//589 618//618 588//588
f 619//619 618//618 589//589
f 590//590 619//619 589//589
f 620//620 619//619 590//590
f 591//591 620//620 590//590
f 621//621 620//620 591//591
f 592//592 621//621 591//591
f 622//622 621//621 592//592
f 593//593 622//622 592//592
f 623//623 622//622 593//593
f 594//594 623//623 593//593
f 624//624 623//623 594//594
f 595//595 624//624 594//594
f 625//625 624//624 595//595
f 596//596 625//625 595//595
f 626//626 625//625 596//596
f 597//597 626//626 596//596
f 627//627 626//626 597//597
f 598//598 627//627 597//597
f 628//628 627//627 598//598
f 599//599 628//628 598//598
f 629//629 628//628 599//599
f 600//600 629//629 599//599
f 630//630 629//629 600//600
f 571//571 630//630 600//600
f 601//601 630//630 571//571
f 661//661 632//632 631//631
f 661//661 662//662 632//632
f 662//662 633//633 632//632
f 662//662 663//663 633//633
f 663//663 634//634 633//633
f 663//663 664//664 634//634
f 664//664 635//635 634//634
f 664//664 665//665 635//635
f 665//665 636//636 635//635
f 665//665 666//666 636//636
f 666//666 637//637 636//636
f 666//666 667//667 637//637
f 667//667 638//638 637//637
f 667//667 668//668 638//638
f 668//668 639//639 638//638
f 668//668 669//669 639//639
f 669//669 640//640 639//639
f 669//669 670//670 640//640
f 670//670 641//641 640//640
f 670//670 671//671 641//641
f 671//671 642//642 641//641
f 671//671 672//672 642//642
f 672//672 643//643 642//642
f 672//672 673//673 643//643
f 673//673 644//644 643//643
f 673//673 674//674 644//644
f 674//674 645//645 644//644
f 674//674 675//675 645//645
f 675//675 646//646 645//645
f 675//675 676//676 646//646
f 676//676 647//647 646//646
f 676//676 677//677 647//647
f 677//677 648//648 647//647
f 677//677 678//678 648//648
f 678//678 649//649 648//648
f 678//678 679//679 649//649
f 679//679 650//650 649//649
f 679//679 680//680 650//650
f 680//680 651//651 650//650
f 680//680 681//681 651//651
f 681//681 652//652 651//651
f 681//681 682//682 652//652
f 682//682 653//653 652//652
f 682//682 683//683 653//653
f 683//683 654//654 653//653
f 683//683 684//684 654//654
f 684//684 655//655 654//654
f 684//684 685//685 655//655
f 685//685 656//656 655//655
f 685//685 686//686 656//656
f 686//686 657//657 656//656
f 686//686 687//687 657//657
f 687//687 658//658 657//657
f 687//687 688//688 658//658
f 688//688 659//659 658//658
f 688//688 689//689 659//659
f 689//689 660//660 659//659
f 689//689 690//690 660//660
f 690//690 631//631 660//660
f 690//690 661//661 631//631
f 691//691 662//662 661//661
f 691//691 692//692 662//662
f 692//692 663//663 662//662
f 692//692 693//693 663//663
f 693//693 664//664 663//663
f 693//693 694//694 664//664
f 694//694 665//665 664//664
f 694//694 695//695 665//665
f 695//695 666//666 665//665
f 695//695 696//696 666//666
f 696//696 667//667 666//666
f 696//696 697//697 667//667
f 697//697 668//668 667//667
f 697//697 698//698 668//668
f 698//698 669//669 668//668
f 698//698 699//699 669//669
f 699//699 670//670 669//669
f 699//699 700//700 670//670
f 700//700 671//671 670//670
f 700//700 701//701 671//671
f 701//701 672//672 671//671
f 701//701 702//702 672//672
f 702//702 673//673 672//672
f 702//702 703//703 673//673
f 703//703 674//674 673//673
f 703//703 704//704 674//674
f 704//704 675//675 674//674
f 704//704 705//705 675//675
f 705//705 676//676 675//675
f 705//705 706//706 676//676
f 706//706 677//677 676//676
f 706//706 707//707 677//677
f 707//707 678//678 677//677
f 707//707 708//708 678//678
f 708//708 679//679 678//678
f 708//708 709//709 679//679
f 709//709 680//680 679//679
f 709//709 710//710 680//680
f 710//710 681//681 680//680
f 710//710 711//711 681//681
f 711//711 682//682 681//681
f 711//711 712//712 682//682
f 712//712 683//683 682//682
f 712//712 713//713 683//683
f 713//713 684//684 683//683
f 713//713 714//714 684//684
f 714//714 685//685 684//684
f 714//714 715//715 685//685
f 715//715 686//686 685//685
f 715//715 716//716 686//686
f 716//716 687//687 686//686
f 716//716 717//717 687//687
f 717//717 688//688 687//687
f 717//717 718//718 688//688
f 718//718 689//689 688//688
f 718//718 719//719 689//689
f 719//719 690//690 689//689
f 719//719 720//720 690//690
f 720//720 661//661 690//690
f 720//720 691//691 661//661
f 721//721 692//692 691//691
f 721//721 722//722 692//692
f 722//722 693//693 692//692
f 722//722 723//723 693//693
f 723//723 694//694 693//693
f 723//723 724//724 694//694
f 724//724 695//695 694//694
f 724//724 725//725 695//695
f 725//725 696//696 695//695
f 725//725 726//726 696//696
f 726//726 697//697 696//696
f 726//726 727//727 697//697
f 727//727 698//698 697//697
f 727//727 728//728 698//698
f 728//728 699//699 698//698
f 728//728 729//729 699//699
f 729//729 700//700 699//699
f 729//729 730//730 700//700
f 730//730 701//701 700//700
f 730//730 731//731 701//701
f 731//731 702//702 701//701
f 731//731 732//732 702//702
f 732//732 703//703 702//702
f 732//732 733//733 703//703
f 733//733 704//704 703//703
f 733//733 734//734 704//704
f 734//734 705//705 704//704
f 734//734 735//735 705//705
f 735//735 706//706 705//705
f 735//735 736//736 706//706
f 736//736 707//707 706//706
f 736//736 737//737 707//707
f 737//737 708//708 707//707
f 737//737 738//738 708//708
f 738//738 709//709 708//708
f 738//738 739//739 709//709
f 739//739 710//710 709//709
f 739//739 740//740 710//710
f 740//740 711//711 710//710
f 740//740 741//741 711//711
f 741//741 712//712 711//711
f 741//741 742//742 712//712
f 742//742 713//713 712//712
f 742//742 743//743 713//713
f 743//743 714//714 713//713
f 743//743 744//744 714//714
f 744//744 715//715 714//714
f 744//744 745//745 715//715
f 745//745 716//716 715//715
f 745//745 746//746 716//716
f 746//746 717//717 716//716
f 746//746 747//747 717//717
f 747//747 718//718 717//717
f 747//747 748//748 718//718
f 748//748 719//719 718//718
f 748//748 749//749 719//719
f 749//749 720//720 719//719
f 749//749 750//750 720//720
f 750//750 691//691 720//720
f 750//750 721//721 691//691
f 751//751 722//722 721//721
f 751//751 752//752 722//722
f 752//752 723//723 722//722
f 752//752 753//753 723//723
f 753//753 724//724 723//723
f 753//753 754//754 724//724
f 754//754 725//725 724//724
f 754//754 755//755 725//725
f 755//755 726//726 725//725
f 755//755 756//756 726//726
f 756//756 727//727 726//726
f 756//756 757//757 727//727
f 757//757 728//728 727//727
f 757//757 758//758 728//728
f 758//758 729//729 728//728
f 758//758 759//759 729//729
f 759//759 730//730 729//729
f 759//759 760//760 730//730
f 760//760 731//731 730//730
f 760//760 761//761 731//731
f 761//761 732//732 731//731
f 761//761 762//762 732//732
f 762//762 733//733 732//732
f 762//762 763//763 733//733
f 763//763 734//734 733//733
f 763//763 764//764 734//734
f 764//764 735//735 734//734
f 764//764 765//765 735//735
f 765//765 736//736 735//735
f 765//765 766//766 736//736
f 766//766 737//737 736//736
f 766//766 767//767 737//737
f 767//767 738//738 737//737
f 767//767 768//768 738//738
f 768//768 739//739 738//738
f 768//768 769//769 739//739
f 769//769 740//740 739//739
f 769//769 770//770 740//740
f 770//770 741//741 740//740
f 770//770 771//771 741//741
f 771//771 742//742 741//741
f 771//771 772//772 742//742
f 772//772 743//743 742//742
f 772//772 773//773 743//743
f 773//773 744//744 743//743
f 773//773 774//774 744//744
f 774//774 745//745 744//744
f 774//774 775//775 745//745
f 775//775 746//746 745//745
f 775//775 776//776 746//746
f 776//776 747//747 746//746
f 776//776 777//777 747//747
f 777//777 748//748 747//747
f 777//777 778//778 748//748
f 778//778 749//749 748//748
f 778//778 779//779 749//749
f 779//779 750//750 749//749
f 779//779 780//780 750//750
f 780//780 721//721 750//750
f 780//780 751//751 721//721
f 781//781 752//752 751//751
f 781//781 782//782 752//752
f 782//782 753//753 752//752
f 782//782 783//783 753//753
f 783//783 754//754 753//753
f 783//783 784//784 754//754
f 784//784 755//755 754//754
f 784//784 785//785 755//755
f 785//785 756//756 755//755
f 785//785 786//786 756//756
f 786//786 757//757 756//756
f 786//786 787//787 757//757
f 787//787 758//758 757//757
f 787//787 788//788 758//758
f 788//788 759//759 758//758
f 788//788 789//789 759//759
f 789//789 760//760 759//759
f 789//789 790//790 760//760
f 790//790 761//761 760//760
f 790//790 791//791 761//761
f 791//791 762//762 761//761
f 791//791 792//792 762//762
f 792//792 763//763 762//762
f 792//792 793//793 763//763
f 793//793 764//764 763//763
f 793//793 794//794 764//764
f 794//794 765//765 764//764
f 794//794 795//795 765//765
f 795//795 766//766 765//765
f 795//795 796//796 766//766
f 796//796 767//767 766//766
f 796//796 797//797 767//767
f 797//797 768//768 767//767
f 797//797 798//798 768//768
f 798//798 769//769 768//768
f 798//798 799//799 769//769
f 799//799 770//770 769//769
f 799//799 800//800 770//770
f 800//800 771//771 770//770
f 800//800 801//801 771//771
f 801//801 772//772 771//771
f 801//801 802//802 772//772
f 802//802 773//773 772//772
f 802//802 803//803 773//773
f 803//803 774//774 773//773
f 803//803 804//804 774//774
f 804//804 775//775 774//774
f 804//804 805//805 775//775
f 805//805 776//776 775//775
f 805//805 806//806 776//776
f 806//806 777//777 776//776
f 806//806 807//807 777//777
f 807//807 778//778 777//777
f 807//807 808//808 778//778
f 808//808 779//779 778//778
f 808//808 809//809 779//779
f 809//809 780//780 779//779
f 809//809 810//810 780//780
f 810//810 751//751 780//780
f 810//810 781//781 751//751
f 811//811 782//782 781//781
f 811//811 812//812 782//782
f 812//812 783//783 782//782
f 812//812 813//813 783//783
f 813//813 784//784 783//783
f 813//813 814//814 784//784
f 814//814 785//785 784//784
f 814//814 815//815 785//785
f 815//815 786//786 785//785
f 815//815 816//816 786//786
f 816//816 787//787 786//786
f 816//816 817//817 787//787
f 817//817 788//788 787//787
f 817//817 818//818 788//788
f 818//818 789//789 788//788
f 818//818 819//819 789//789
f 819//819 790//790 789//789
f 819//819 820//820 790//790
f 820//820 791//791 790//790
f 820//820 821//821 791//791
f 821//821 792//792 791//791
f 821//821 822//822 792//792
f 822//822 793//793 792//792
f 822//822 823//823 793//793
f 823//823 794//794 793//793
f 823//823 824//824 794//794
f 824//824 795//795 794//794
f 824//824 825//825 795//795
f 825//825 796//796 795//795
f 825//825 826//826 796//796
f 826//826 797//797 796//796
f 826//826 827//827 797//797
f 827//827 798//798 797//797
f 827//827 828//828 798//798
f 828//828 799//799 798//798
f 828//828 829//829 799//799
f 829//829 800//800 799//799
f 829//829 830//830 800//800
f 830//830 801//801 800//800
f 830//830 831//831 801//801
f 831//831 802//802 801//801
f 831//831 832//832 802//802
f 832//832 803//803 802//802
f 832//832 833//833 803//803
f 833//833 804//804 803//803
f 833//833 834//834 804//804
f 834//834 805//805 804//804
f 834//834 835//835 805//805
f 835//835 806//806 805//805
f 835//835 836//836 806//806
f 836//836 807//807 806//806
f 836//836 837//837 807//807
f 837//837 808//808 807//807
f 837//837 838//838 808//808
f 838//838 809//809 808//808
f 838//838 839//839 809//809
f 839//839 810//810 809//809
f 839//839 840//840 810//810
f 840//840 781//781 810//810
f 840//840 811//811 781//781
f 841//841 812//812 811//811
f 841//841 842//842 812//812
f 842//842 813//813 812//812
f 842//842 843//843 813//813
f 843//843 814//814 813//813
f 843//843 844//844 814//814
f 844//844 815//815 814//814
f 844//844 845//845 815//815
f 845//845 816//816 815//815
f 845//845 846//846 816//816
f 846//846 817//817 816//816
f 846//846 847//847 817//817
f 847//847 818//818 817//817
f 847//847 848//848 818//818
f 848//848 819//819 818//818
f 848//848 849//849 819//819
f 849//849 820//820 819//819
f 849//849 850//850 820//820
f 850//850 821//821 820//820
f 850//850 851//851 821//821
f 851//851 822//822 821//821
f 851//851 852//852 822//822
f 852//852 823//823 822//822
f 852//852 853//853 823//823
f 853//853 824//824 823//823
f 853//853 854//854 824//824
f 854//854 825//825 824//824
f 854//854 855//855 825//825
f 855//855 826//826 825//825
f 855//855 856//856 826//826
f 856//856 827//827 826//826
f 856//856 857//857 827//827
f 857//857 828//828 827//827
f 857//857 858//858 828//828
f 858//858 829//829 828//828
f 858//858 859//859 829//829
f 859//859 830//830 829//829
f 859//859 860//860 830//830
f 860//860 831//831 830//830
f 860//860 861//861 831//831
f 861//861 832//832 831//831
f 861//861 862//862 832//832
f 862//862 833//833 832//832
f 862//862 863//863 833//833
f 863//863 834//834 833//833
f 863//863 864//864 834//834
f 864//864 835//835 834//834
f 864//864 865//865 835//835
f 865//865 836//836 835//835
f 865//865 866//866 836//836
f 866//866 837//837 836//836
f 866//866 867//867 837//837
f 867//867 838//838 837//837
f 867//867 868//868 838//838
f 868//868 839//839 838//838
f 868//868 869//869 839//839
f 869//869 840//840 839//839
f 869//869 870//870 840//840
f 870//870 811//811 840//840
f 870//870 841//841 811//811
f 871//871 842//842 841//841
f 871//871 872//872 842//842
f 872//872 843//843 842//842
f 872//872 873//873 843//843
f 873//873 844//844 843//843
f 873//873 874//874 844//844
f 874//874 845//845 844//844
f 874//874 875//875 845//845
f 875//875 846//846 845//845
f 875//875 876//876 846//846
f 876//876 847//847 846//846
f 876//876 877//877 847//847
f 877//877 848//848 847//847
f 877//877 878//878 848//848
f 878//878 849//849 848//848
f 878//878 879//879 849//849
f 879//879 850//850 849//849
f 879//879 880//880 850//850
f 880//880 851//851 850//850
f 880//880 881//881 851//851
f 881//881 852//852 851//851
f 881//881 882//882 852//852
f 882//882 853//853 852//852
f 882//882 883//883 853//853
f 883//883 854//854 853//853
f 883//883 884//884 854//854
f 884//884 855//855 854//854
f 884//884 885//885 855//855
f 885//885 856//856 855//855
f 885//885 886//886 856//856
f 886//886 857//857 856//856
f 886//886 887//887 857//857
f 887//887 858//858 857//857
f 887//887 888//888 858//858
f 888//888 859//859 858//858
f 888//888 889//889 859//859
f 889//889 860//860 859//859
f 889//889 890//890 860//860
f 890//890 861//861 860//860
f 890//890 891//891 861//861
f 891//891 862//862 861//861
f 891//891 892//892 862//862
f 892//892 863//863 862//862
f 892//892 893//893 863//863
f 893//893 864//864 863//863
f 893//893 894//894 864//864
f 894//894 865//865 864//864
f 894//894 895//895 865//865
f 895//895 866//866 865//865
f 895//895 896//896 866//866
f 896//896 867//867 866//866
f 896//896 897//897 867//867
f 897//897 868//868 867//867
f 897//897 898//898 868//868
f 898//898 869//869 868//868
f 898//898 899//899 869//869
f 899//899 870//870 869//869
f 899//899 900//900 870//870
f 900//900 841//841 870//870
f 900//900 871//871 841//841
f 901//901 872//872 871//871
f 901//901 902//902 872//872
f 902//902 873//873 872//872
f 902//902 903//903 873//873
f 903//903 874//874 873//873
f 903//903 904//904 874//874
f 904//904 875//875 874//874
f 904//904 905//905 875//875
f 905//905 876//876 875//875
f 905//905 906//906 876//876
f 906//906 877//877 876//876
f 906//906 907//907 877//877
f 907//907 878//878 877//877
f 907//907 908//908 878//878
f 908//908 879//879 878//878
f 908//908 909//909 879//879
f 909//909 880//880 879//879
f 909//909 910//910 880//880
f 910//910 881//881 880//880
f 910//910 911//911 881//881
f 911//911 882//882 881//881
f 911//911 912//912 882//882
f 912//912 883//883 882//882
f 912//912 913//913 883//883
f 913//913 884//884 883//883
f 913//913 914//914 884//884
f 914//914 885//885 884//884
f 914//914 915//915 885//885
f 915//915 886//886 885//885
f 915//915 916//916 886//886
f 916//916 887//887 886//886
f 916//916 917//917 887//887
f 917//917 888//888 887//887
f 917//917 918//918 888//888
f 918//918 889//889 888//888
f 918//918 919//919 889//889
f 919//919 890//890 889//889
f 919//919 920//920 890//890
f 920//920 891//891 890//890
f 920//920 921//921 891//891
f 921//921 892//892 891//891
f 921//921 922//922 892//892
f 922//922 893//893 892//892
f 922//922 923//923 893//893
f 923//923 894//894 893//893
f 923//923 924//924 894//894
f 924//924 895//895 894//894
f 924//924 925//925 895//895
f 925//925 896//896 895//895
f 925//925 926//926 896//896
f 926//926 897//897 896//896
f 926//926 927//927 897//897
f 927//927 898//898 897//897
f 927//927 928//928 898//898
f 928//928 899//899 898//898
f 928//928 929//929 899//899
f 929//929 900//900 899//899
f 929//929 930//930 900//900
f 930//930 871//871 900//900
f 930//930 901//901 871//871
f 931//931 902//902 901//901
f 931//931 932//932 902//902
f 932//932 903//903 902//902
f 932//932 933//933 903//903
f 933//933 904//904 903//903
f 933//933 934//934 904//904
f 934//934 905//905 904//904
f 934//934 935//935 905//905
f 935//935 906//906 905//905
f 935//935 936//936 906//906
f 936//936 907//907 906//906
f 936//936 937//937 907//907
f 937//937 908//908 907//907
f 937//937 938//938 908//908
f 938//938 909//909 908//908
f 938//938 939//939 909//909
f 939//939 910//910 909//909
f 939//939 940//940 910//910
f 940//940 911//911 910//910
f 940//940 941//941 911//911
f 941//941 912//912 911//911
f 941//941 942//942 912//912
f 942//942 913//913 912//912
f 942//942 943//943 913//913
f 943//943 914//914 913//913
f 943//943 944//944 914//914
f 944//944 915//915 914//914
f 944//944 945//945 915//915
f 945//945 916//916 915//915
f 945//945 946//946 916//916
f 946//946 917//917 916//916
f 946//946 947//947 917//917
f 947//947 918//918 917//917
f 947//947 948//948 918//918
f 948//948 919//919 918//918
f 948//948 949//949 919//919
f 949//949 920//920 919//919
f 949//949 950//950 920//920
f 950//950 921//921 920//920
f 950//950 951//951 921//921
f 951//951 922//922 921//921
f 951//951 952//952 922//922
f 952//952 923//923 922//922
f 952//952 953//953 923//923
f 953//953 924//924 923//923
f 953//953 954//954 924//924
f 954//954 925//925 924//924
f 954//954 955//955 925//925
f 955//955 926//926 925//925
f 955//955 956//956 926//926
f 956//956 927//927 926//926
f 956//956 957//957 927//927
f 957//957 928//928 927//927
f 957//957 958//958 928//928
f 958//958 929//929 928//928
f 958//958 959//959 929//929
f 959//959 930//930 929//929
f 959//959 960//960 930//930
f 960//960 901//901 930//930
f 960//960 931//931 901//901
f 961//961 932//932 931//931
f 961//961 962//962 932//932
f 962//962 933//933 932//932
f 962//962 963//963 933//933
f 963//963 934//934 933//933
f 963//963 964//964 934//934
f 964//964 935//935 934//934
f 964//964 965//965 935//935
f 965//965 936//936 935//935
f 965//965 966//966 936//936
f 966//966 937//937 936//936
f 966//966 967//967 937//937
f 967//967 938//938 937//937
f 967//967 968//968 938//938
f 968//968 939//939 938//938
f 968//968 969//969 939//939
f 969//969 940//940 939//939
f 969//969 970//970 940//940
f 970//970 941//941 940//940
f 970//970 971//971 941//941
f 971//971 942//942 941//941
f 971//971 972//972 942//942
f 972//972 943//943 942//942
f 972//972 973//973 943//943
f 973//973 944//944 943//943
f 973//973 974//974 944//944
f 974//974 945//945 944//944
f 974//974 975//975 945//945
f 975//975 946//946 945//945
f 975//975 976//976 946//946
f 976//976 947//947 946//946
f 976//976 977//977 947//947
f 977//977 948//948 947//947
f 977//977 978//978 948//948
f 978//978 949//949 948//948
f 978//978 979//979 949//949
f 979//979 950//950 949//949
f 979//979 980//980 950//950
f 980//980 951//951 950//950
f 980//980 981//981 951//951
f 981//981 952//952 951//951
f 981//981 982//982 952//952
f 982//982 953//953 952//952
f 982//982 983//983 953//953
f 983//983 954//954 953//953
f 983//983 984//984 954//954
f 984//984 955//955 954//954
f 984//984 985//985 955//955
f 985//985 956//956 955//955
f 985//985 986//986 956//956
f 986//986 957//957 956//956
f 986//986 987//987 957//957
f 987//987 958//958 957//957
f 987//987 988//988 958//958
f 988//988 959//959 958//958
f 988//988 989//989 959//959
f 989//989 960//960 959//959
f 989//989 990//990 960//960
f 990//990 931//931 960//960
f 990//990 961//961 931//931
f 991//991 962//962 961//961
f 991//991 992//992 962//962
f 992//992 963//963 962//962
f 992//992 993//993 963//963
f 993//993 964//964 963//963
f 993//993 994//994 964//964
f 994//994 965//965 964//964
f 994//994 995//995 965//965
f 995//995 966//966 965//965
f 995//995 996//996 966//966
f 996//996 967//967 966//966
f 996//996 997//997 967//967
f 997//997 968//968 967//967
f 997//997 998//998 968//968
f 998//998 969//969 968//968
f 998//998 999//999 969//969
f 999//999 970//970 969//969
f 999//999 1000//1000 970//970
f 1000//1000 971//971 970//970
f 1000//1000 1001//1001 971//971
f 1001//1001 972//972 971//971
f 1001//1001 1002//1002 972//972
f 1002//1002 973//973 972//972
f 1002//1002 1003//1003 973//973
f 1003//1003 974//974 973//973
f 1003//1003 1004//1004 974//974
f 1004//1004 975//975 974//974
f 1004//1004 1005//1005 975//975
f 1005//1005 976//976 975//975
f 1005//1005 1006//1006 976//976
f 1006//1006 977//977 976//976
f 1006//1006 1007//1007 977//977
f 1007//1007 978//978 977//977
f 1007//1007 1008//1008 978//978
f 1008//1008 979//979 978//978
f 1008//1008 1009//1009 979//979
f 1009//1009 980//980 979//979
f 1009//1009 1010//1010 980//980
f 1010//1010 981//981 980//980
f 1010//1010 1011//1011 981//981
f 1011//1011 982//982 981//981
f 1011//1011 1012//1012 982//982
f 1012//1012 983//983 982//982
f 1012//1012 1013//1013 983//983
f 1013//1013 984//984 983//983
f 1013//1013 1014//1014 984//984
f 1014//1014 985//985 984//984
f 1014//1014 1015//1015 985//985
f 1015//1015 986//986 985//985
f 1015//1015 1016//1016 986//986
f 1016//1016 987//987 986//986
f 1016//1016 1017//1017 987//987
f 1017//1017 988//988 987//987
f 1017//1017 1018//1018 988//988
f 1018//1018 989//989 988//988
f 1018//1018 1019//1019 989//989
f 1019//1019 990//990 989//989
f 1019//1019 1020//1020 990//990
f 1020//1020 961//961 990//990
f 1020//1020 991//991 961//961
f 1021//1021 992//992 991//991
f 1021//1021 1022//1022 992//992
f 1022//1022 993//993 992//992
f 1022//1022 1023//1023 993//993
f 1023//1023 994//994 993//993
f 1023//1023 1024//1024 994//994
f 1024//1024 995//995 994//994
f 1024//1024 1025//1025 995//995
f 1025//1025 996//996 995//995
f 1025//1025 1026//1026 996//996
f 1026//1026 997//997 996//996
f 1026//1026 1027//1027 997//997
f 1027//1027 998//998 997//997
f 1027//1027 1028//1028 998//998
f 1028//1028 999//999 998//998
f 1028//1028 1029//1029 999//999
f 1029//1029 1000//1000 999//999
f 1029//1029 1030//1030 1000//1000
f 1030//1030 1001//1001 1000//1000
f 1030//1030 1031//1031 1001//1001
f 1031//1031 1002//1002 1001//1001
f 1031//1031 1032//1032 1002//1002
f 1032//1032 1003//1003 1002//1002
f 1032//1032 1033//1033 1003//1003
f 1033//1033 1004//1004 1003//1003
f 1033//1033 1034//1034 1004//1004
f 1034//1034 1005//1005 1004//1004
f 1034//1034 1035//1035 1005//1005
f 1035//1035 1006//1006 1005//1005
f 1035//1035 1036//1036 1006//1006
f 1036//1036 1007//1007 1006//1006
f 1036//1036 1037//1037 1007//1007
f 1037//1037 1008//1008 1007//1007
f 1037//1037 1038//1038 1008//1008
f 1038//1038 1009//1009 1008//1008
f 1038//1038 1039//1039 1009//1009
f 1039//1039 1010//1010 1009//1009
f 1039//1039 1040//1040 1010//1010
f 1040//1040 1011//1011 1010//1010
f 1040//1040 1041//1041 1011//1011
f 1041//1041 1012//1012 1011//1011
f 1041//1041 1042//1042 1012//1012
f 1042//1042 1013//1013 1012//1012
f 1042//1042 1043//1043 1013//1013
f 1043//1043 1014//1014 1013//1013
f 1043//1043 1044//1044 1014//1014
f 1044//1044 1015//1015 1014//1014
f 1044//1044 1045//1045 1015//1015
f 1045//1045 1016//1016 1015//1015
f 1045//1045 1046//1046 1016//1016
f 1046//1046 1017//1017 1016//1016
f 1046//1046 1047//1047 1017//1017
f 1047//1047 1018//1018 1017//1017
f 1047//1047 1048//1048 1018//1018
f 1048//1048 1019//1019 1018//1018
f 1048//1048 1049//1049 1019//1019
f 1049//1049 1020//1020 1019//1019
f 1049//1049 1050//1050 1020//1020
f 1050//1050 991//991 1020//1020
f 1050//1050 1021//1021 991//991
f 1051//1051 1022//1022 1021//1021
f 1051//1051 1052//1052 1022//1022
f 1052//1052 1023//1023 1022//1022
f 1052//1052 1053//1053 1023//1023
f 1053//1053 1024//1024 1023//1023
f 1053//1053 1054//1054 1024//1024
f 1054//1054 1025//1025 1024//1024
f 1054//1054 1055//1055 1025//1025
f 1055//1055 1026//1026 1025//1025
f 1055//1055 1056//1056 1026//1026
f 1056//1056 1027//1027 1026//1026
f 1056//1056 1057//1057 1027//1027
f 1057//1057 1028//1028 1027//1027
f 1057//1057 1058//1058 1028//1028
f 1058//1058 1029//1029 1028//1028
f 1058//1058 1059//1059 1029//1029
f 1059//1059 1030//1030 1029//1029
f 1059//1059 1060//1060 1030//1030
f 1060//1060 1031//1031 1030//1030
f 1060//1060 1061//1061 1031//1031
f 1061//1061 1032//1032 1031//1031
f 1061//1061 1062//1062 1032//1032
f 1062//1062 1033//1033 1032//1032
f 1062//1062 1063//1063 1033//1033
f 1063//1063 1034//1034 1033//1033
f 1063//1063 1064//1064 1034//1034
f 1064//1064 1035//1035 1034//1034
f 1064//1064 1065//1065 1035//1035
f 1065//1065 1036//1036 1035//1035
f 1065//1065 1066//1066 1036//1036
f 1066//1066 1037//1037 1036//1036
f 1066//1066 1067//1067 1037//1037
f 1067//1067 1038//1038 1037//1037
f 1067//1067 1068//1068 1038//1038
f 1068//1068 1039//1039 1038//1038
f 1068//1068 1069//1069 1039//1039
f 1069//1069 1040//1040 1039//1039
f 1069//1069 1070//1070 1040//1040
f 1070//1070 1041//1041 1040//1040
f 1070//1070 1071//1071 1041//1041
f 1071//1071 1042//1042 1041//1041
f 1071//1071 1072//1072 1042//1042
f 1072//1072 1043//1043 1042//1042
f 1072//1072 1073//1073 1043//1043
f 1073//1073 1044//1044 1043//1043
f 1073//1073 1074//1074 1044//1044
f 1074//1074 1045//1045 1044//1044
f 1074//1074 1075//1075 1045//1045
f 1075//1075 1046//1046 1045//1045
f 1075//1075 1076//1076 1046//1046
f 1076//1076 1047//1047 1046//1046
f 1076//1076 1077//1077 1047//1047
f 1077//1077 1048//1048 1047//1047
f 1077//1077 1078//1078 1048//1048
f 1078//1078 1049//1049 1048//1048
f 1078//1078 1079//1079 1049//1049
f 1079//1079 1050//1050 1049//1049
f 1079//1079 1080//1080 1050//1050
f 1080//1080 1021//1021 1050//1050
f 1080//1080 1051//1051 1021//1021
f 1081//1081 1052//1052 1051//1051
f 1081//1081 1082//1082 1052//1052
f 1082//1082 1053//1053 1052//1052
f 1082//1082 1083//1083 1053//1053
f 1083//1083 1054//1054 1053//1053
f 1083//1083 1084//1084 1054//1054
f 1084//1084 1055//1055 1054//1054
f 1084//1084 1085//1085 1055//1055
f 1085//1085 1056//1056 1055//1055
f 1085//1085 1086//1086 1056//1056
f 1086//1086 1057//1057 1056//1056
f 1086//1086 1087//1087 1057//1057
f 1087//1087 1058//1058 1057//1057
f 1087//1087 1088//1088 1058//1058
f 1088//1088 1059//1059 1058//1058
f 1088//1088 1089//1089 1059//1059
f 1089//1089 1060//1060 1059//1059
f 1089//1089 1090//1090 1060//1060
f 1090//1090 1061//1061 1060//1060
f 1090//1090 1091//1091 1061//1061
f 1091//1091 1062//1062 1061//1061
f 1091//1091 1092//1092 1062//1062
f 1092//1092 1063//1063 1062//1062
f 1092//1092 1093//1093 1063//1063
f 1093//1093 1064//1064 1063//1063
f 1093//1093 1094//1094 1064//1064
f 1094//1094 1065//1065 1064//1064
f 1094//1094 1095//1095 1065//1065
f 1095//1095 1066//1066 1065//1065
f 1095//1095 1096//1096 1066//1066
f 1096//1096 1067//1067 1066//1066
f 1096//1096 1097//1097 1067//1067
f 1097//1097 1068//1068 1067//1067
f 1097//1097 1098//1098 1068//1068
f 1098//1098 1069//1069 1068//1068
f 1098//1098 1099//1099 1069//1069
f 1099//1099 1070//1070 1069//1069
f 1099//1099 1100//1100 1070//1070
f 1100//1100 1071//1071 1070//1070
f 1100//1100 1101//1101 1071//1071
f 1101//1101 1072//1072 1071//1071
f 1101//1101 1102//1102 1072//1072
f 1102//1102 1073//1073 1072//1072
f 1102//1102 1103//1103 1073//1073
f 1103//1103 1074//1074 1073//1073
f 1103//1103 1104//1104 1074//1074
f 1104//1104 1075//1075 1074//1074
f 1104//1104 1105//1105 1075//1075
f 1105//1105 1076//1076 1075//1075
f 1105//1105 1106//1106 1076//1076
f 1106//1106 1077//1077 1076//1076
f 1106//1106 1107//1107 1077//1077
f 1107//1107 1078//1078 1077//1077
f 1107//1107 1108//1108 1078//1078
f 1108//1108 1079//1079 1078//1078
f 1108//1108 1109//1109 1079//1079
f 1109//1109 1080//1080 1079//1079
f 1109//1109 1110//1110 1080//1080
f 1110//1110 1051//1051 1080//1080
f 1110//1110 1081//1081 1051//1051
f 1111//1111 1082//1082 1081//1081
f 1111//1111 1112//1112 1082//1082
f 1112//1112 1083//1083 1082//1082
f 1112//1112 1113//1113 1083//1083
f 1113//1113 1084//1084 1083//1083
f 1113//1113 1114//1114 1084//1084
f 1114//1114 1085//1085 1084//1084
f 1114//1114 1115//1115 1085//1085
f 1115//1115 1086//1086 1085//1085
f 1115//1115 1116//1116 1086//1086
f 1116//1116 1087//1087 1086//1086
f 1116//1116 1117//1117 1087//1087
f 1117//1117 1088//1088 1087//1087
f 1117//1117 1118//1118 1088//1088
f 1118//1118 1089//1089 1088//1088
f 1118//1118 1119//1119 1089//1089
f 1119//1119 1090//1090 1089//1089
f 1119//1119 1120//1120 1090//1090
f 1120//1120 1091//1091 1090//1090
f 1120//1120 1121//1121 1091//1091
f 1121//1121 1092//1092 1091//1091
f 1121//1121 1122//1122 1092//1092
f 1122//1122 1093//1093 1092//1092
f 1122//1122 1123//1123 1093//1093
f 1123//1123 1094//1094 1093//1093
f 1123//1123 1124//1124 1094//1094
f 1124//1124 1095//1095 1094//1094
f 1124//1124 1125//1125 1095//1095
f 1125//1125 1096//1096 1095//1095
f 1125//1125 1126//1126 1096//1096
f 1126//1126 1097//1097 1096//1096
f 1126//1126 1127//1127 1097//1097
f 1127//1127 1098//1098 1097//1097
f 1127//1127 1128//1128 1098//1098
f 1128//1128 1099//1099 1098//1098
f 1128//1128 1129//1129 1099//1099
f 1129//1129 1100//1100 1099//1099
f 1129//1129 1130//1130 1100//1100
f 1130//1130 1101//1101 1100//1100
f 1130//1130 1131//1131 1101//1101
f 1131//1131 1102//1102 1101//1101
f 1131//1131 1132//1132 1102//1102
f 1132//1132 1103//1103 1102//1102
f 1132//1132 1133//1133 1103//1103
f 1133//1133 1104//1104 1103//1103
f 1133//1133 1134//1134 1104//1104
f 1134//1134 1105//1105 1104//1104
f 1134//1134 1135//1135 1105//1105
f 1135//1135 1106//1106 1105//1105
f 1135//1135 1136//1136 1106//1106
f 1136//1136 1107//1107 1106//1106
f 1136//1136 1137//1137 1107//1107
f 1137//1137 1108//1108 1107//1107
f 1137//1137 1138//1138 1108//1108
f 1138//1138 1109//1109 1108//1108
f 1138//1138 1139//1139 1109//1109
f 1139//1139 1110//1110 1109//1109
f 1139//1139 1140//1140 1110//1110
f 1140//1140 1081//1081 1110//1110
f 1140//1140 1111//1111 1081//1081
f 1141//1141 1112//1112 1111//1111
f 1141//1141 1142//1142 1112//1112
f 1142//1142 1113//1113 1112//1112
f 1142//1142 1143//1143 1113//1113
f 1143//1143 1114//1114 1113//1113
f 1143//1143 1144//1144 1114//1114
f 1144//1144 1115//1115 1114//1114
f 1144//1144 1145//1145 1115//1115
f 1145//1145 1116//1116 1115//1115
f 1145//1145 1146//1146 1116//1116
f 1146//1146 1117//1117 1116//1116
f 1146//1146 1147//1147 1117//1117
f 1147//1147 1118//1118 1117//1117
f 1147//1147 1148//1148 1118//1118
f 1148//1148 1119//1119 1118//1118
f 1148//1148 1149//1149 1119//1119
f 1149//1149 1120//1120 1119//1119
f 1149//1149 1150//1150 1120//1120
f 1150//1150 1121//1121 1120//1120
f 1150//1150 1151//1151 1121//1121
f 1151//1151 1122//1122 1121//1121
f 1151//1151 1152//1152 1122//1122
f 1152//1152 1123//1123 1122//1122
f 1152//1152 1153//1153 1123//1123
f 1153//1153 1124//1124 1123//1123
f 1153//1153 1154//1154 1124//1124
f 1154//1154 1125//1125 1124//1124
f 1154//1154 1155//1155 1125//1125
f 1155//1155 1126//1126 1125//1125
f 1155//1155 1156//1156 1126//1126
f 1156//1156 1127//1127 1126//1126
f 1156//1156 1157//1157 1127//1127
f 1157//1157 1128//1128 1127//1127
f 1157//1157 1158//1158 1128//1128
f 1158//1158 1129//1129 1128//1128
f 1158//1158 1159//1159 1129//1129
f 1159//1159 1130//1130 1129//1129
f 1159//1159 1160//1160 1130//1130
f 1160//1160 1131//1131 1130//1130
f 1160//1160 1161//1161 1131//1131
f 1161//1161 1132//1132 1131//1131
f 1161//1161 1162//1162 1132//1132
f 1162//1162 1133//1133 1132//1132
f 1162//1162 1163//1163 1133//1133
f 1163//1163 1134//1134 1133//1133
f 1163//1163 1164//1164 1134//1134
f 1164//1164 1135//1135 1134//1134
f 1164//1164 1165//1165 1135//1135
f 1165//1165 1136//1136 1135//1135
f 1165//1165 1166//1166 1136//1136
f 1166//1166 1137//1137 1136//1136
f 1166//1166 1167//1167 1137//1137
f 1167//1167 1138//1138 1137//1137
f 1167//1167 1168//1168 1138//1138
f 1168//1168 1139//1139 1138//1138
f 1168//1168 1169//1169 1139//1139
f 1169//1169 1140//1140 1139//1139
f 1169//1169 1170//1170 1140//1140
f 1170//1170 1111//1111 1140//1140
f 1170//1170 1141//1141 1111//1111
f 1171//1171 1142//1142 1141//1141
f 1171//1171 1172//1172 1142//1142
f 1172//1172 1143//1143 1142//1142
f 1172//1172 1173//1173 1143//1143
f 1173//1173 1144//1144 1143//1143
f 1173//1173 1174//1174 1144//1144
f 1174//1174 1145//1145 1144//1144
f 1174//1174 1175//1175 1145//1145
f 1175//1175 1146//1146 1145//1145
f 1175//1175 1176//1176 1146//1146
f 1176//1176 1147//1147 1146//1146
f 1176//1176 1177//1177 1147//1147
f 1177//1177 1148//1148 1147//1147
f 1177//1177 1178//1178 1148//1148
f 1178//1178 1149//1149 1148//1148
f 1178//1178 1179//1179 1149//1149
f 1179//1179 1150//1150 1149//1149
f 1179//1179 1180//1180 1150//1150
f 1180//1180 1151//1151 1150//1150
f 1180//1180 1181//1181 1151//1151
f 1181//1181 1152//1152 1151//1151
f 1181//1181 1182//1182 1152//1152
f 1182//1182 1153//1153 1152//1152
f 1182//1182 1183//1183 1153//1153
f 1183//1183 1154//1154 1153//1153
f 1183//1183 1184//1184 1154//1154
f 1184//1184 1155//1155 1154//1154
f 1184//1184 1185//1185 1155//1155
f 1185//1185 1156//1156 1155//1155
f 1185//1185 1186//1186 1156//1156
f 1186//1186 1157//1157 1156//1156
f 1186//1186 1187//1187 1157//1157
f 1187//1187 1158//1158 1157//1157
f 1187//1187 1188//1188 1158//1158
f 1188//1188 1159//1159 1158//1158
f 1188//1188 1189//1189 1159//1159
f 1189//1189 1160//1160 1159//1159
f 1189//1189 1190//1190 1160//1160
f 1190//1190 1161//1161 1160//1160
f 1190//1190 1191//1191 1161//1161
f 1191//1191 1162//1162 1161//1161
f 1191//1191 1192//1192 1162//1162
f 1192//1192 1163//1163 1162//1162
f 1192//1192 1193//1193 1163//1163
f 1193//1193 1164//1164 1163//1163
f 1193//1193 1194//1194 1164//1164
f 1194//1194 1165//1165 1164//1164
f 1194//1194 1195//1195 1165//1165
f 1195//1195 1166//1166 1165//1165
f 1195//1195 1196//1196 1166//1166
f 1196//1196 1167//1167 1166//1166
f 1196//1196 1197//1197 1167//1167
f 1197//1197 1168//1168 1167//1167
f 1197//1197 1198//1198 1168//1168
f 1198//1198 1169//1169 1168//1168
f 1198//1198 1199//1199 1169//1169
f 1199//1199 1170//1170 1169//1169
f 1199//1199 1200//1200 1170//1170
f 1200//1200 1141//1141 1170//1170
f 1200//1200 1171//1171 1141//1141
f 1201//1201 1172//1172 1171//1171
f 1201//1201 1202//1202 1172//1172
f 1202//1202 1173//1173 1172//1172
f 1202//1202 1203//1203 1173//1173
f 1203//1203 1174//1174 1173//1173
f 1203//1203 1204//1204 1174//1174
f 1204//1204 1175//1175 1174//1174
f 1204//1204 1205//1205 1175//1175
f 1205//1205 1176//1176 1175//1175
f 1205//1205 1206//1206 1176//1176
f 1206//1206 1177//1177 1176//1176
f 1206//1206 1207//1207 1177//1177
f 1207//1207 1178//1178 1177//1177
f 1207//1207 1208//1208 1178//1178
f 1208//1208 1179//1179 1178//1178
f 1208//1208 1209//1209 1179//1179
f 1209//1209 1180//1180 1179//1179
f 1209//1209 1210//1210 1180//1180
f 1210//1210 1181//1181 1180//1180
f 1210//1210 1211//1211 1181//1181
f 1211//1211 1182//1182 1181//1181
f 1211//1211 1212//1212 1182//1182
f 1212//1212 1183//1183 1182//1182
f 1212//1212 1213//1213 1183//1183
f 1213//1213 1184//1184 1183//1183
f 1213//1213 1214//1214 1184//1184
f 1214//1214 1185//1185 1184//1184
f 1214//1214 1215//1215 1185//1185
f 1215//1215 1186//1186 1185//1185
f 1215//1215 1216//1216 1186//1186
f 1216//1216 1187//1187 1186//1186
f 1216//1216 1217//1217 1187//1187
f 1217//1217 1188//1188 1187//1187
f 1217//1217 1218//1218 1188//1188
f 1218//1218 1189//1189 1188//1188
f 1218//1218 1219//1219 1189//1189
f 1219//1219 1190//1190 1189//1189
f 1219//1219 1220//1220 1190//1190
f 1220//1220 1191//1191 1190//1190
f 1220//1220 1221//1221 1191//1191
f 1221//1221 1192//1192 1191//1191
f 1221//1221 1222//1222 1192//1192
f 1222//1222 1193//1193 1192//1192
f 1222//1222 1223//1223 1193//1193
f 1223//1223 1194//1194 1193//1193
f 1223//1223 1224//1224 1194//1194
f 1224//1224 1195//1195 1194//1194
f 1224//1224 1225//1225 1195//1195
f 1225//1225 1196//1196 1195//1195
f 1225//1225 1226//1226 1196//1196
f 1226//1226 1197//1197 1196//1196
f 1226//1226 1227//1227 1197//1197
f 1227//1227 1198//1198 1197//1197
f 1227//1227 1228//1228 1198//1198
f 1228//1228 1199//1199 1198//1198
f 1228//1228 1229//1229 1199//1199
f 1229//1229 1200//1200 1199//1199
f 1229//1229 1230//1230 1200//1200
f 1230//1230 1171//1171 1200//1200
f 1230//1230 1201//1201 1171//1171
f 1231//1231 1202//1202 1201//1201
f 1231//1231 1232//1232 1202//1202
f 1232//1232 1203//1203 1202//1202
f 1232//1232 1233//1233 1203//1203
f 1233//1233 1204//1204 1203//1203
f 1233//1233 1234//1234 1204//1204
f 1234//1234 1205//1205 1204//1204
f 1234//1234 1235//1235 1205//1205
f 1235//1235 1206//1206 1205//1205
f 1235//1235 1236//1236 1206//1206
f 1236//1236 1207//1207 1206//1206
f 1236//1236 1237//1237 1207//1207
f 1237//1237 1208//1208 1207//1207
f 1237//1237 1238//1238 1208//1208
f 1238//1238 1209//1209 1208//1208
f 1238//1238 1239//1239 1209//1209
f 1239//1239 1210//1210 1209//1209
f 1239//1239 1240//1240 1210//1210
f 1240//1240 1211//1211 1210//1210
f 1240//1240 1241//1241 1211//1211
f 1241//1241 1212//1212 1211//1211
f 1241//1241 1242//1242 1212//1212
f 1242//1242 1213//1213 1212//1212
f 1242//1242 1243//1243 1213//1213
f 1243//1243 1214//1214 1213//1213
f 1243//1243 1244//1244 1214//1214
f 1244//1244 1215//1215 1214//1214
f 1244//1244 1245//1245 1215//1215
f 1245//1245 1216//1216 1215//1215
f 1245//1245 1246//1246 1216//1216
f 1246//1246 1217//1217 1216//1216
f 1246//1246 1247//1247 1217//1217
f 1247//1247 1218//1218 1217//1217
f 1247//1247 1248//1248 1218//1218
f 1248//1248 1219//1219 1218//1218
f 1248//1248 1249//1249 1219//1219
f 1249//1249 1220//1220 1219//1219
f 1249//1249 1250//1250 1220//1220
f 1250//1250 1221//1221 1220//1220
f 1250//1250 1251//1251 1221//1221
f 1251//1251 1222//1222 1221//1221
f 1251//1251 1252//1252 1222//1222
f 1252//1252 1223//1223 1222//1222
f 1252//1252 1253//1253 1223//1223
f 1253//1253 1224//1224 1223//1223
f 1253//1253 1254//1254 1224//1224
f 1254//1254 1225//1225 1224//1224
f 1254//1254 1255//1255 1225//1225
f 1255//1255 1226//1226 1225//1225
f 1255//1255 1256//1256 1226//1226
f 1256//1256 1227//1227 1226//1226
f 1256//1256 1257//1257 1227//1227
f 1257//1257 1228//1228 1227//1227
f 1257//1257 1258//1258 1228//1228
f 1258//1258 1229//1229 1228//1228
f 1258//1258 1259//1259 1229//1229
f 1259//1259 1230//1230 1229//1229
f 1259//1259 1260//1260 1230//1230
f 1260//1260 1201//1201 1230//1230
f 1260//1260 1231//1231 1201//1201
f 2//2 1//1 632//632
f 3//3 2//2 633//633
f 4//4 3//3 634//634
f 5//5 4//4 635//635
f 6//6 5//5 636//636
f 7//7 6//6 637//637
f 8//8 7//7 638//638
f 9//9 8//8 639//639
f 10//10 9//9 640//640
f 11//11 10//10 641//641
f 12//12 11//11 642//642
f 13//13 12//12 643//643
f 14//14 13//13 644//644
f 15//15 14//14 645//645
f 16//16 15//15 646//646
f 17//17 16//16 647//647
f 18//18 17//17 648//648
f 19//19 18//18 649//649
f 20//20 19//19 650//650
f 21//21 20//20 651//651
f 22//22 21//21 652//652
f 23//23 22//22 653//653
f 24//24 23//23 654//654
f 25//25 24//24 655//655
f 26//26 25//25 656//656
f 27//27 26//26 657//657
f 28//28 27//27 658//658
f 29//29 28//28 659//659
f 30//30 29//29 660//660
f 1//1 30//30 631//631
f 1//1 631//631 632//632
f 2//2 632//632 633//633
f 3//3 633//633 634//634
f 4//4 634//634 635//635
f 5//5 635//635 636//636
f 6//6 636//636 637//637
f 7//7 637//637 638//638
f 8//8 638//638 639//639
f 9//9 639//639 640//640
f 10//10 640//640 641//641
f 11//11 641//641 642//642
f 12//12 642//642 643//643
f 13//13 643//643 644//644
f 14//14 644//644 645//645
f 15//15 645//645 646//646
f 16//16 646//646 647//647
f 17//17 647//647 648//648
f 18//18 648//648 649//649
f 19//19 649//649 650//650
f 20//20 650//650 651//651
f 21//21 651//651 652//652
f 22//22 652//652 653//653
f 23//23 653//653 654//654
f 24//24 654//654 655//655
f 25//25 655//655 656//656
f 26//26 656//656 657//657
f 27//27 657//657 658//658
f 28//28 658//658 659//659
f 29//29 659//659 660//660
f 30//30 660//660 631//631
