# Created by Open3D 
# object name: temp_object_803078198
# number of vertices: 1260
# number of triangles: 2460
v 0.0409413 1.37499e-09 0.0688965 0.8 0.8 0.8
vn -0.935088 0.031086 0.353048
v 0.0400466 0.00851218 0.0688965 0.8 0.8 0.8
vn -0.921118 -0.164009 0.353048
v 0.0374017 0.0166523 0.0688965 0.8 0.8 0.8
vn -0.86689 -0.351936 0.353048
v 0.0331222 0.0240647 0.0688965 0.8 0.8 0.8
vn -0.774774 -0.524482 0.353048
v 0.0273951 0.0304253 0.0688965 0.8 0.8 0.8
vn -0.648798 -0.674106 0.353048
v 0.0204706 0.0354562 0.0688965 0.8 0.8 0.8
vn -0.494466 -0.794267 0.353048
v 0.0126515 0.0389375 0.0688965 0.8 0.8 0.8
vn -0.318523 -0.879716 0.353048
v 0.00427952 0.040717 0.0688965 0.8 0.8 0.8
vn -0.128659 -0.926717 0.353048
v -0.00427955 0.040717 0.0688965 0.8 0.8 0.8
vn 0.0668276 -0.933215 0.353048
v -0.0126516 0.0389375 0.0688965 0.8 0.8 0.8
vn 0.259394 -0.898928 0.353048
v -0.0204707 0.0354562 0.0688965 0.8 0.8 0.8
vn 0.440623 -0.825353 0.353048
v -0.0273951 0.0304253 0.0688965 0.8 0.8 0.8
vn 0.602595 -0.715707 0.353048
v -0.0331222 0.0240647 0.0688965 0.8 0.8 0.8
vn 0.73823 -0.57478 0.353048
v -0.0374018 0.0166523 0.0688965 0.8 0.8 0.8
vn 0.841602 -0.408733 0.353048
v -0.0400467 0.00851218 0.0688965 0.8 0.8 0.8
vn 0.908191 -0.224823 0.353048
v -0.0409413 1.37499e-09 0.0688965 0.8 0.8 0.8
vn 0.935088 -0.031086 0.353048
v -0.0400467 -0.00851218 0.0688965 0.8 0.8 0.8
vn 0.921118 0.164009 0.353048
v -0.0374018 -0.0166523 0.0688965 0.8 0.8 0.8
vn 0.86689 0.351936 0.353048
v -0.0331222 -0.0240647 0.0688965 0.8 0.8 0.8
vn 0.774774 0.524482 0.353048
v -0.0273951 -0.0304253 0.0688965 0.8 0.8 0.8
vn 0.648798 0.674106 0.353048
v -0.0204707 -0.0354562 0.0688965 0.8 0.8 0.8
vn 0.494466 0.794267 0.353048
v -0.0126516 -0.0389375 0.0688965 0.8 0.8 0.8
vn 0.318523 0.879716 0.353048
v -0.00427955 -0.040717 0.0688965 0.8 0.8 0.8
vn 0.128659 0.926717 0.353048
v 0.00427952 -0.040717 0.0688965 0.8 0.8 0.8
vn -0.0668276 0.933215 0.353048
v 0.0126515 -0.0389375 0.0688965 0.8 0.8 0.8
vn -0.259394 0.898928 0.353048
v 0.0204706 -0.0354562 0.0688965 0.8 0.8 0.8
vn -0.440623 0.825353 0.353048
v 0.0273951 -0.0304253 0.0688965 0.8 0.8 0.8
vn -0.602595 0.715707 0.353048
v 0.0331222 -0.0240647 0.0688965 0.8 0.8 0.8
vn -0.73823 0.57478 0.353048
v 0.0374017 -0.0166523 0.0688965 0.8 0.8 0.8
vn -0.841602 0.408733 0.353048
v 0.0400466 -0.00851218 0.0688965 0.8 0.8 0.8
vn -0.908191 0.224823 0.353048
v 0.0378805 1.37499e-09 0.0486725 0.8 0.8 0.8
vn -0.986851 -0.00782202 0.161443
v 0.0370527 0.0078758 0.0486725 0.8 0.8 0.8
vn -0.96366 -0.212829 0.161443
v 0.0346055 0.0154074 0.0486725 0.8 0.8 0.8
vn -0.898352 -0.408534 0.161443
v 0.0306459 0.0222656 0.0486725 0.8 0.8 0.8
vn -0.793782 -0.586385 0.161443
v 0.025347 0.0281507 0.0486725 0.8 0.8 0.8
vn -0.654519 -0.738607 0.161443
v 0.0189402 0.0328055 0.0486725 0.8 0.8 0.8
vn -0.486651 -0.858549 0.161443
v 0.0117057 0.0360265 0.0486725 0.8 0.8 0.8
vn -0.297515 -0.940968 0.161443
v 0.00395957 0.037673 0.0486725 0.8 0.8 0.8
vn -0.0953749 -0.982263 0.161443
v -0.0039596 0.037673 0.0486725 0.8 0.8 0.8
vn 0.110933 -0.980627 0.161443
v -0.0117057 0.0360265 0.0486725 0.8 0.8 0.8
vn 0.312393 -0.936134 0.161443
v -0.0189403 0.0328055 0.0486725 0.8 0.8 0.8
vn 0.5002 -0.850727 0.161443
v -0.025347 0.0281507 0.0486725 0.8 0.8 0.8
vn 0.666145 -0.728139 0.161443
v -0.030646 0.0222656 0.0486725 0.8 0.8 0.8
vn 0.802977 -0.573728 0.161443
v -0.0346056 0.0154074 0.0486725 0.8 0.8 0.8
vn 0.904715 -0.394243 0.161443
v -0.0370527 0.0078758 0.0486725 0.8 0.8 0.8
vn 0.966912 -0.197527 0.161443
v -0.0378805 1.37499e-09 0.0486725 0.8 0.8 0.8
vn 0.986851 0.00782202 0.161443
v -0.0370527 -0.00787579 0.0486725 0.8 0.8 0.8
vn 0.96366 0.212829 0.161443
v -0.0346056 -0.0154074 0.0486725 0.8 0.8 0.8
vn 0.898352 0.408534 0.161443
v -0.030646 -0.0222656 0.0486725 0.8 0.8 0.8
vn 0.793782 0.586385 0.161443
v -0.025347 -0.0281507 0.0486725 0.8 0.8 0.8
vn 0.654519 0.738607 0.161443
v -0.0189403 -0.0328055 0.0486725 0.8 0.8 0.8
vn 0.486651 0.858549 0.161443
v -0.0117057 -0.0360265 0.0486725 0.8 0.8 0.8
vn 0.297515 0.940968 0.161443
v -0.0039596 -0.037673 0.0486725 0.8 0.8 0.8
vn 0.0953749 0.982263 0.161443
v 0.00395957 -0.037673 0.0486725 0.8 0.8 0.8
vn -0.110933 0.980627 0.161443
v 0.0117057 -0.0360265 0.0486725 0.8 0.8 0.8
vn -0.312393 0.936134 0.161443
v 0.0189402 -0.0328055 0.0486725 0.8 0.8 0.8
vn -0.5002 0.850727 0.161443
v 0.025347 -0.0281507 0.0486725 0.8 0.8 0.8
vn -0.666145 0.728139 0.161443
v 0.0306459 -0.0222656 0.0486725 0.8 0.8 0.8
vn -0.802977 0.573728 0.161443
v 0.0346055 -0.0154074 0.0486725 0.8 0.8 0.8
vn -0.904715 0.394243 0.161443
v 0.0370527 -0.00787579 0.0486725 0.8 0.8 0.8
vn -0.966912 0.197527 0.161443
v 0.0351779 1.37499e-09 0.033745 0.8 0.8 0.8
vn -0.980717 -0.00795065 0.19527
v 0.0344091 0.0073139 0.033745 0.8 0.8 0.8
vn -0.957633 -0.21168 0.19527
v 0.0321366 0.0143081 0.033745 0.8 0.8 0.8
vn -0.892696 -0.406157 0.19527
v 0.0284595 0.020677 0.033745 0.8 0.8 0.8
vn -0.788744 -0.582883 0.19527
v 0.0235386 0.0261423 0.033745 0.8 0.8 0.8
vn -0.650319 -0.734135 0.19527
v 0.0175889 0.0304649 0.033745 0.8 0.8 0.8
vn -0.483473 -0.853301 0.19527
v 0.0108705 0.0334562 0.033745 0.8 0.8 0.8
vn -0.295497 -0.935174 0.19527
v 0.00367708 0.0349852 0.033745 0.8 0.8 0.8
vn -0.0946058 -0.976176 0.19527
v -0.0036771 0.0349852 0.033745 0.8 0.8 0.8
vn 0.11042 -0.974514 0.19527
v -0.0108706 0.0334562 0.033745 0.8 0.8 0.8
vn 0.31062 -0.930261 0.19527
v -0.017589 0.0304649 0.033745 0.8 0.8 0.8
vn 0.497244 -0.845351 0.19527
v -0.0235386 0.0261423 0.033745 0.8 0.8 0.8
vn 0.662136 -0.723495 0.19527
v -0.0284595 0.020677 0.033745 0.8 0.8 0.8
vn 0.79809 -0.570019 0.19527
v -0.0321366 0.0143081 0.033745 0.8 0.8 0.8
vn 0.899164 -0.39163 0.19527
v -0.0344092 0.0073139 0.033745 0.8 0.8 0.8
vn 0.960939 -0.196126 0.19527
v -0.0351779 1.37499e-09 0.033745 0.8 0.8 0.8
vn 0.980717 0.00795065 0.19527
v -0.0344092 -0.00731389 0.033745 0.8 0.8 0.8
vn 0.957633 0.21168 0.19527
v -0.0321366 -0.0143081 0.033745 0.8 0.8 0.8
vn 0.892696 0.406157 0.19527
v -0.0284595 -0.020677 0.033745 0.8 0.8 0.8
vn 0.788744 0.582883 0.19527
v -0.0235386 -0.0261423 0.033745 0.8 0.8 0.8
vn 0.650319 0.734135 0.19527
v -0.017589 -0.0304649 0.033745 0.8 0.8 0.8
vn 0.483473 0.853301 0.19527
v -0.0108706 -0.0334562 0.033745 0.8 0.8 0.8
vn 0.295497 0.935174 0.19527
v -0.00367711 -0.0349852 0.033745 0.8 0.8 0.8
vn 0.0946058 0.976176 0.19527
v 0.00367707 -0.0349852 0.033745 0.8 0.8 0.8
vn -0.11042 0.974514 0.19527
v 0.0108705 -0.0334562 0.033745 0.8 0.8 0.8
vn -0.31062 0.930261 0.19527
v 0.0175889 -0.0304649 0.033745 0.8 0.8 0.8
vn -0.497244 0.845351 0.19527
v 0.0235386 -0.0261423 0.033745 0.8 0.8 0.8
vn -0.662136 0.723495 0.19527
v 0.0284595 -0.020677 0.033745 0.8 0.8 0.8
vn -0.79809 0.570019 0.19527
v 0.0321366 -0.0143081 0.033745 0.8 0.8 0.8
vn -0.899164 0.39163 0.19527
v 0.0344091 -0.00731389 0.033745 0.8 0.8 0.8
vn -0.960939 0.196126 0.19527
v 0.0327376 1.37499e-09 0.0229108 0.8 0.8 0.8
vn -0.96962 -0.00811887 0.244482
v 0.0320222 0.00680654 0.0229108 0.8 0.8 0.8
vn -0.946743 -0.209537 0.244482
v 0.0299073 0.0133156 0.0229108 0.8 0.8 0.8
vn -0.88249 -0.401797 0.244482
v 0.0264853 0.0192427 0.0229108 0.8 0.8 0.8
vn -0.779667 -0.576497 0.244482
v 0.0219057 0.0243288 0.0229108 0.8 0.8 0.8
vn -0.642769 -0.726001 0.244482
v 0.0163688 0.0283516 0.0229108 0.8 0.8 0.8
vn -0.477779 -0.843775 0.244482
v 0.0101165 0.0311353 0.0229108 0.8 0.8 0.8
vn -0.291908 -0.924672 0.244482
v 0.003422 0.0325583 0.0229108 0.8 0.8 0.8
vn -0.0932785 -0.965157 0.244482
v -0.00342203 0.0325583 0.0229108 0.8 0.8 0.8
vn 0.109427 -0.96346 0.244482
v -0.0101165 0.0311353 0.0229108 0.8 0.8 0.8
vn 0.30735 -0.919654 0.244482
v -0.0163688 0.0283516 0.0229108 0.8 0.8 0.8
vn 0.491841 -0.835656 0.244482
v -0.0219058 0.0243288 0.0229108 0.8 0.8 0.8
vn 0.654836 -0.715135 0.244482
v -0.0264853 0.0192427 0.0229108 0.8 0.8 0.8
vn 0.789211 -0.56336 0.244482
v -0.0299073 0.0133156 0.0229108 0.8 0.8 0.8
vn 0.889094 -0.386963 0.244482
v -0.0320223 0.00680654 0.0229108 0.8 0.8 0.8
vn 0.950119 -0.193654 0.244482
v -0.0327376 1.37499e-09 0.0229108 0.8 0.8 0.8
vn 0.96962 0.00811887 0.244482
v -0.0320223 -0.00680654 0.0229108 0.8 0.8 0.8
vn 0.946743 0.209537 0.244482
v -0.0299073 -0.0133156 0.0229108 0.8 0.8 0.8
vn 0.88249 0.401797 0.244482
v -0.0264853 -0.0192427 0.0229108 0.8 0.8 0.8
vn 0.779667 0.576497 0.244482
v -0.0219058 -0.0243288 0.0229108 0.8 0.8 0.8
vn 0.642769 0.726001 0.244482
v -0.0163688 -0.0283516 0.0229108 0.8 0.8 0.8
vn 0.477779 0.843775 0.244482
v -0.0101165 -0.0311353 0.0229108 0.8 0.8 0.8
vn 0.291908 0.924672 0.244482
v -0.00342203 -0.0325583 0.0229108 0.8 0.8 0.8
vn 0.0932785 0.965157 0.244482
v 0.003422 -0.0325583 0.0229108 0.8 0.8 0.8
vn -0.109427 0.96346 0.244482
v 0.0101165 -0.0311353 0.0229108 0.8 0.8 0.8
vn -0.30735 0.919654 0.244482
v 0.0163688 -0.0283516 0.0229108 0.8 0.8 0.8
vn -0.491841 0.835656 0.244482
v 0.0219057 -0.0243288 0.0229108 0.8 0.8 0.8
vn -0.654836 0.715135 0.244482
v 0.0264853 -0.0192427 0.0229108 0.8 0.8 0.8
vn -0.789211 0.56336 0.244482
v 0.0299073 -0.0133156 0.0229108 0.8 0.8 0.8
vn -0.889094 0.386963 0.244482
v 0.0320222 -0.00680654 0.0229108 0.8 0.8 0.8
vn -0.950119 0.193654 0.244482
v 0.0304861 1.37499e-09 0.015194 0.8 0.8 0.8
vn -0.948901 -0.00828199 0.315464
v 0.0298199 0.00633843 0.015194 0.8 0.8 0.8
vn -0.926444 -0.205389 0.315464
v 0.0278505 0.0123998 0.015194 0.8 0.8 0.8
vn -0.863496 -0.393519 0.315464
v 0.0246638 0.0179193 0.015194 0.8 0.8 0.8
vn -0.762809 -0.564451 0.315464
v 0.0203992 0.0226556 0.015194 0.8 0.8 0.8
vn -0.628784 -0.710713 0.315464
v 0.0152431 0.0264018 0.015194 0.8 0.8 0.8
vn -0.467278 -0.825914 0.315464
v 0.00942072 0.0289941 0.015194 0.8 0.8 0.8
vn -0.28535 -0.905018 0.315464
v 0.00318666 0.0303191 0.015194 0.8 0.8 0.8
vn -0.0909506 -0.944569 0.315464
v -0.00318668 0.0303191 0.015194 0.8 0.8 0.8
vn 0.107424 -0.942838 0.315464
v -0.00942075 0.0289941 0.015194 0.8 0.8 0.8
vn 0.301103 -0.8999 0.315464
v -0.0152431 0.0264018 0.015194 0.8 0.8 0.8
vn 0.481623 -0.817632 0.315464
v -0.0203992 0.0226556 0.015194 0.8 0.8 0.8
vn 0.641094 -0.699629 0.315464
v -0.0246638 0.0179193 0.015194 0.8 0.8 0.8
vn 0.772545 -0.55105 0.315464
v -0.0278505 0.0123998 0.015194 0.8 0.8 0.8
vn 0.870233 -0.378387 0.315464
v -0.02982 0.00633843 0.015194 0.8 0.8 0.8
vn 0.929888 -0.189187 0.315464
v -0.0304862 1.37499e-09 0.015194 0.8 0.8 0.8
vn 0.948901 0.00828199 0.315464
v -0.02982 -0.00633843 0.015194 0.8 0.8 0.8
vn 0.926444 0.205389 0.315464
v -0.0278505 -0.0123998 0.015194 0.8 0.8 0.8
vn 0.863496 0.393519 0.315464
v -0.0246638 -0.0179193 0.015194 0.8 0.8 0.8
vn 0.762809 0.564451 0.315464
v -0.0203992 -0.0226556 0.015194 0.8 0.8 0.8
vn 0.628784 0.710713 0.315464
v -0.0152431 -0.0264018 0.015194 0.8 0.8 0.8
vn 0.467278 0.825914 0.315464
v -0.00942075 -0.0289941 0.015194 0.8 0.8 0.8
vn 0.28535 0.905018 0.315464
v -0.00318669 -0.0303191 0.015194 0.8 0.8 0.8
vn 0.0909506 0.944569 0.315464
v 0.00318665 -0.0303191 0.015194 0.8 0.8 0.8
vn -0.107424 0.942838 0.315464
v 0.00942072 -0.0289941 0.015194 0.8 0.8 0.8
vn -0.301103 0.8999 0.315464
v 0.0152431 -0.0264018 0.015194 0.8 0.8 0.8
vn -0.481623 0.817632 0.315464
v 0.0203992 -0.0226556 0.015194 0.8 0.8 0.8
vn -0.641094 0.699629 0.315464
v 0.0246638 -0.0179193 0.015194 0.8 0.8 0.8
vn -0.772545 0.55105 0.315464
v 0.0278505 -0.0123998 0.015194 0.8 0.8 0.8
vn -0.870233 0.378387 0.315464
v 0.0298199 -0.00633843 0.015194 0.8 0.8 0.8
vn -0.929888 0.189187 0.315464
v 0.0283678 1.37499e-09 0.00981276 0.8 0.8 0.8
vn -0.909704 -0.00834692 0.415173
v 0.0277479 0.005898 0.00981276 0.8 0.8 0.8
vn -0.888089 -0.197303 0.415173
v 0.0259153 0.0115382 0.00981276 0.8 0.8 0.8
vn -0.827661 -0.377635 0.415173
v 0.02295 0.0166742 0.00981276 0.8 0.8 0.8
vn -0.73106 -0.541463 0.415173
v 0.0189818 0.0210814 0.00981276 0.8 0.8 0.8
vn -0.602508 -0.681627 0.415173
v 0.0141839 0.0245672 0.00981276 0.8 0.8 0.8
vn -0.447623 -0.792 0.415173
v 0.00876612 0.0269794 0.00981276 0.8 0.8 0.8
vn -0.273176 -0.867759 0.415173
v 0.00296523 0.0282124 0.00981276 0.8 0.8 0.8
vn -0.0867888 -0.905593 0.415173
v -0.00296526 0.0282124 0.00981276 0.8 0.8 0.8
vn 0.103391 -0.903848 0.415173
v -0.00876615 0.0269794 0.00981276 0.8 0.8 0.8
vn 0.289052 -0.862601 0.415173
v -0.0141839 0.0245672 0.00981276 0.8 0.8 0.8
vn 0.462081 -0.783653 0.415173
v -0.0189818 0.0210814 0.00981276 0.8 0.8 0.8
vn 0.614914 -0.670457 0.415173
v -0.02295 0.0166742 0.00981276 0.8 0.8 0.8
vn 0.740872 -0.527958 0.415173
v -0.0259153 0.0115382 0.00981276 0.8 0.8 0.8
vn 0.834451 -0.362385 0.415173
v -0.0277479 0.005898 0.00981276 0.8 0.8 0.8
vn 0.89156 -0.180974 0.415173
v -0.0283678 1.37499e-09 0.00981276 0.8 0.8 0.8
vn 0.909704 0.00834692 0.415173
v -0.0277479 -0.005898 0.00981276 0.8 0.8 0.8
vn 0.888089 0.197303 0.415173
v -0.0259153 -0.0115382 0.00981276 0.8 0.8 0.8
vn 0.827661 0.377635 0.415173
v -0.0229501 -0.0166742 0.00981276 0.8 0.8 0.8
vn 0.73106 0.541463 0.415173
v -0.0189818 -0.0210814 0.00981276 0.8 0.8 0.8
vn 0.602508 0.681627 0.415173
v -0.0141839 -0.0245672 0.00981276 0.8 0.8 0.8
vn 0.447623 0.792 0.415173
v -0.00876615 -0.0269794 0.00981276 0.8 0.8 0.8
vn 0.273176 0.867759 0.415173
v -0.00296526 -0.0282124 0.00981276 0.8 0.8 0.8
vn 0.0867888 0.905593 0.415173
v 0.00296523 -0.0282124 0.00981276 0.8 0.8 0.8
vn -0.103391 0.903848 0.415173
v 0.00876612 -0.0269794 0.00981276 0.8 0.8 0.8
vn -0.289052 0.862601 0.415173
v 0.0141839 -0.0245672 0.00981276 0.8 0.8 0.8
vn -0.462081 0.783653 0.415173
v 0.0189818 -0.0210814 0.00981276 0.8 0.8 0.8
vn -0.614914 0.670457 0.415173
v 0.02295 -0.0166742 0.00981276 0.8 0.8 0.8
vn -0.740872 0.527958 0.415173
v 0.0259153 -0.0115382 0.00981276 0.8 0.8 0.8
vn -0.834451 0.362385 0.415173
v 0.0277479 -0.005898 0.00981276 0.8 0.8 0.8
vn -0.89156 0.180974 0.415173
v 0.0263413 1.37499e-09 0.00614898 0.8 0.8 0.8
vn -0.837571 -0.0081433 0.546267
v 0.0257657 0.00547666 0.00614898 0.8 0.8 0.8
vn -0.817575 -0.182106 0.546267
v 0.024064 0.010714 0.00614898 0.8 0.8 0.8
vn -0.761847 -0.34811 0.546267
v 0.0213105 0.015483 0.00614898 0.8 0.8 0.8
vn -0.672823 -0.4989 0.546267
v 0.0176258 0.0195754 0.00614898 0.8 0.8 0.8
vn -0.554393 -0.627886 0.546267
v 0.0131706 0.0228122 0.00614898 0.8 0.8 0.8
vn -0.411733 -0.72943 0.546267
v 0.00813989 0.0250521 0.00614898 0.8 0.8 0.8
vn -0.251079 -0.799094 0.546267
v 0.0027534 0.026197 0.00614898 0.8 0.8 0.8
vn -0.0794514 -0.833834 0.546267
v -0.00275343 0.026197 0.00614898 0.8 0.8 0.8
vn 0.0956487 -0.832132 0.546267
v -0.00813992 0.0250521 0.00614898 0.8 0.8 0.8
vn 0.266569 -0.794061 0.546267
v -0.0131707 0.0228122 0.00614898 0.8 0.8 0.8
vn 0.425838 -0.721287 0.546267
v -0.0176258 0.0195754 0.00614898 0.8 0.8 0.8
vn 0.566496 -0.616988 0.546267
v -0.0213106 0.015483 0.00614898 0.8 0.8 0.8
vn 0.682396 -0.485724 0.546267
v -0.024064 0.010714 0.00614898 0.8 0.8 0.8
vn 0.768472 -0.333232 0.546267
v -0.0257657 0.00547666 0.00614898 0.8 0.8 0.8
vn 0.820962 -0.166176 0.546267
v -0.0263413 1.37499e-09 0.00614898 0.8 0.8 0.8
vn 0.837571 0.0081433 0.546267
v -0.0257657 -0.00547666 0.00614898 0.8 0.8 0.8
vn 0.817575 0.182106 0.546267
v -0.024064 -0.010714 0.00614898 0.8 0.8 0.8
vn 0.761847 0.34811 0.546267
v -0.0213106 -0.015483 0.00614898 0.8 0.8 0.8
vn 0.672823 0.4989 0.546267
v -0.0176258 -0.0195754 0.00614898 0.8 0.8 0.8
vn 0.554393 0.627886 0.546267
v -0.0131707 -0.0228122 0.00614898 0.8 0.8 0.8
vn 0.411733 0.72943 0.546267
v -0.00813992 -0.0250521 0.00614898 0.8 0.8 0.8
vn 0.251079 0.799094 0.546267
v -0.00275343 -0.026197 0.00614898 0.8 0.8 0.8
vn 0.0794514 0.833834 0.546267
v 0.0027534 -0.026197 0.00614898 0.8 0.8 0.8
vn -0.0956487 0.832132 0.546267
v 0.00813989 -0.0250521 0.00614898 0.8 0.8 0.8
vn -0.266569 0.794061 0.546267
v 0.0131706 -0.0228122 0.00614898 0.8 0.8 0.8
vn -0.425838 0.721287 0.546267
v 0.0176257 -0.0195754 0.00614898 0.8 0.8 0.8
vn -0.566496 0.616988 0.546267
v 0.0213105 -0.015483 0.00614898 0.8 0.8 0.8
vn -0.682396 0.485724 0.546267
v 0.024064 -0.010714 0.00614898 0.8 0.8 0.8
vn -0.768472 0.333232 0.546267
v 0.0257657 -0.00547666 0.00614898 0.8 0.8 0.8
vn -0.820962 0.166176 0.546267
v 0.0243765 1.37499e-09 0.00372191 0.8 0.8 0.8
vn -0.71755 -0.00744821 0.696467
v 0.0238438 0.00506817 0.00372191 0.8 0.8 0.8
vn -0.700321 -0.156473 0.696467
v 0.0222691 0.00991483 0.00372191 0.8 0.8 0.8
vn -0.652485 -0.298658 0.696467
v 0.019721 0.0143282 0.00372191 0.8 0.8 0.8
vn -0.576132 -0.427791 0.696467
v 0.0163111 0.0181153 0.00372191 0.8 0.8 0.8
vn -0.4746 -0.538228 0.696467
v 0.0121882 0.0211107 0.00372191 0.8 0.8 0.8
vn -0.352325 -0.625141 0.696467
v 0.00753275 0.0231835 0.00372191 0.8 0.8 0.8
vn -0.214652 -0.684732 0.696467
v 0.00254803 0.024243 0.00372191 0.8 0.8 0.8
vn -0.067597 -0.714398 0.696467
v -0.00254806 0.024243 0.00372191 0.8 0.8 0.8
vn 0.0824118 -0.712841 0.696467
v -0.00753278 0.0231835 0.00372191 0.8 0.8 0.8
vn 0.228819 -0.680129 0.696467
v -0.0121883 0.0211107 0.00372191 0.8 0.8 0.8
vn 0.365225 -0.617693 0.696467
v -0.0163111 0.0181153 0.00372191 0.8 0.8 0.8
vn 0.48567 -0.52826 0.696467
v -0.019721 0.0143282 0.00372191 0.8 0.8 0.8
vn 0.584888 -0.41574 0.696467
v -0.0222691 0.00991483 0.00372191 0.8 0.8 0.8
vn 0.658544 -0.28505 0.696467
v -0.0238439 0.00506817 0.00372191 0.8 0.8 0.8
vn 0.703419 -0.141902 0.696467
v -0.0243765 1.37499e-09 0.00372191 0.8 0.8 0.8
vn 0.71755 0.00744821 0.696467
v -0.0238439 -0.00506816 0.00372191 0.8 0.8 0.8
vn 0.700321 0.156473 0.696467
v -0.0222691 -0.00991483 0.00372191 0.8 0.8 0.8
vn 0.652485 0.298658 0.696467
v -0.019721 -0.0143282 0.00372191 0.8 0.8 0.8
vn 0.576132 0.427791 0.696467
v -0.0163111 -0.0181153 0.00372191 0.8 0.8 0.8
vn 0.4746 0.538228 0.696467
v -0.0121883 -0.0211107 0.00372191 0.8 0.8 0.8
vn 0.352325 0.625141 0.696467
v -0.00753278 -0.0231835 0.00372191 0.8 0.8 0.8
vn 0.214652 0.684732 0.696467
v -0.00254806 -0.024243 0.00372191 0.8 0.8 0.8
vn 0.067597 0.714398 0.696467
v 0.00254803 -0.024243 0.00372191 0.8 0.8 0.8
vn -0.0824118 0.712841 0.696467
v 0.00753275 -0.0231835 0.00372191 0.8 0.8 0.8
vn -0.228819 0.680129 0.696467
v 0.0121882 -0.0211107 0.00372191 0.8 0.8 0.8
vn -0.365225 0.617693 0.696467
v 0.0163111 -0.0181153 0.00372191 0.8 0.8 0.8
vn -0.48567 0.52826 0.696467
v 0.019721 -0.0143282 0.00372191 0.8 0.8 0.8
vn -0.584888 0.41574 0.696467
v 0.0222691 -0.00991483 0.00372191 0.8 0.8 0.8
vn -0.658544 0.28505 0.696467
v 0.0238438 -0.00506816 0.00372191 0.8 0.8 0.8
vn -0.703419 0.141902 0.696467
v 0.0224521 1.37499e-09 0.00216405 0.8 0.8 0.8
vn -0.553046 -0.00617436 0.833128
v 0.0219614 0.00466805 0.00216405 0.8 0.8 0.8
vn -0.539676 -0.121024 0.833128
v 0.020511 0.00913209 0.00216405 0.8 0.8 0.8
vn -0.502721 -0.230584 0.833128
v 0.0181641 0.013197 0.00216405 0.8 0.8 0.8
vn -0.443794 -0.330067 0.833128
v 0.0150234 0.0166852 0.00216405 0.8 0.8 0.8
vn -0.365471 -0.415124 0.833128
v 0.011226 0.0194441 0.00216405 0.8 0.8 0.8
vn -0.271176 -0.482039 0.833128
v 0.00693806 0.0213532 0.00216405 0.8 0.8 0.8
vn -0.165028 -0.527886 0.833128
v 0.00234687 0.0223291 0.00216405 0.8 0.8 0.8
vn -0.0516685 -0.550661 0.833128
v -0.0023469 0.0223291 0.00216405 0.8 0.8 0.8
vn 0.0639495 -0.549371 0.833128
v -0.00693809 0.0213532 0.00216405 0.8 0.8 0.8
vn 0.176773 -0.52407 0.833128
v -0.0112261 0.0194441 0.00216405 0.8 0.8 0.8
vn 0.28187 -0.475864 0.833128
v -0.0150234 0.0166852 0.00216405 0.8 0.8 0.8
vn 0.374648 -0.406862 0.833128
v -0.0181641 0.013197 0.00216405 0.8 0.8 0.8
vn 0.451052 -0.320077 0.833128
v -0.020511 0.00913209 0.00216405 0.8 0.8 0.8
vn 0.507744 -0.219303 0.833128
v -0.0219615 0.00466805 0.00216405 0.8 0.8 0.8
vn 0.542244 -0.108945 0.833128
v -0.0224521 1.37499e-09 0.00216405 0.8 0.8 0.8
vn 0.553046 0.00617436 0.833128
v -0.0219615 -0.00466805 0.00216405 0.8 0.8 0.8
vn 0.539676 0.121024 0.833128
v -0.020511 -0.00913209 0.00216405 0.8 0.8 0.8
vn 0.502721 0.230584 0.833128
v -0.0181641 -0.013197 0.00216405 0.8 0.8 0.8
vn 0.443794 0.330067 0.833128
v -0.0150234 -0.0166852 0.00216405 0.8 0.8 0.8
vn 0.365471 0.415124 0.833128
v -0.0112261 -0.0194441 0.00216405 0.8 0.8 0.8
vn 0.271176 0.482039 0.833128
v -0.00693809 -0.0213532 0.00216405 0.8 0.8 0.8
vn 0.165028 0.527886 0.833128
v -0.0023469 -0.0223291 0.00216405 0.8 0.8 0.8
vn 0.0516685 0.550661 0.833128
v 0.00234687 -0.0223291 0.00216405 0.8 0.8 0.8
vn -0.0639495 0.549371 0.833128
v 0.00693806 -0.0213532 0.00216405 0.8 0.8 0.8
vn -0.176773 0.52407 0.833128
v 0.011226 -0.0194441 0.00216405 0.8 0.8 0.8
vn -0.28187 0.475864 0.833128
v 0.0150234 -0.0166852 0.00216405 0.8 0.8 0.8
vn -0.374648 0.406862 0.833128
v 0.0181641 -0.013197 0.00216405 0.8 0.8 0.8
vn -0.451052 0.320077 0.833128
v 0.020511 -0.00913209 0.00216405 0.8 0.8 0.8
vn -0.507744 0.219303 0.833128
v 0.0219614 -0.00466805 0.00216405 0.8 0.8 0.8
vn -0.542244 0.108945 0.833128
v 0.0205531 1.37499e-09 0.00120023 0.8 0.8 0.8
vn -0.378468 -0.00457903 0.925603
v 0.020104 0.00427323 0.00120023 0.8 0.8 0.8
vn -0.369245 -0.0831668 0.925603
v 0.0187762 0.00835971 0.00120023 0.8 0.8 0.8
vn -0.343885 -0.15812 0.925603
v 0.0166278 0.0120808 0.00120023 0.8 0.8 0.8
vn -0.303495 -0.226162 0.925603
v 0.0137527 0.0152739 0.00120023 0.8 0.8 0.8
vn -0.249842 -0.28432 0.925603
v 0.0102765 0.0177995 0.00120023 0.8 0.8 0.8
vn -0.185268 -0.330052 0.925603
v 0.00635125 0.0195472 0.00120023 0.8 0.8 0.8
vn -0.112598 -0.361359 0.925603
v 0.00214837 0.0204405 0.00120023 0.8 0.8 0.8
vn -0.0350067 -0.376873 0.925603
v -0.0021484 0.0204405 0.00120023 0.8 0.8 0.8
vn 0.0441146 -0.375916 0.925603
v -0.00635128 0.0195472 0.00120023 0.8 0.8 0.8
vn 0.121308 -0.358529 0.925603
v -0.0102766 0.0177995 0.00120023 0.8 0.8 0.8
vn 0.193199 -0.325473 0.925603
v -0.0137527 0.0152739 0.00120023 0.8 0.8 0.8
vn 0.256647 -0.278192 0.925603
v -0.0166278 0.0120808 0.00120023 0.8 0.8 0.8
vn 0.308878 -0.218753 0.925603
v -0.0187762 0.00835971 0.00120023 0.8 0.8 0.8
vn 0.34761 -0.149754 0.925603
v -0.020104 0.00427323 0.00120023 0.8 0.8 0.8
vn 0.371149 -0.0742089 0.925603
v -0.0205531 1.37499e-09 0.00120023 0.8 0.8 0.8
vn 0.378468 0.00457903 0.925603
v -0.020104 -0.00427323 0.00120023 0.8 0.8 0.8
vn 0.369245 0.0831668 0.925603
v -0.0187762 -0.0083597 0.00120023 0.8 0.8 0.8
vn 0.343885 0.15812 0.925603
v -0.0166278 -0.0120808 0.00120023 0.8 0.8 0.8
vn 0.303495 0.226162 0.925603
v -0.0137527 -0.0152739 0.00120023 0.8 0.8 0.8
vn 0.249842 0.28432 0.925603
v -0.0102766 -0.0177995 0.00120023 0.8 0.8 0.8
vn 0.185268 0.330052 0.925603
v -0.00635128 -0.0195472 0.00120023 0.8 0.8 0.8
vn 0.112598 0.361359 0.925603
v -0.0021484 -0.0204405 0.00120023 0.8 0.8 0.8
vn 0.0350067 0.376873 0.925603
v 0.00214837 -0.0204405 0.00120023 0.8 0.8 0.8
vn -0.0441146 0.375916 0.925603
v 0.00635125 -0.0195472 0.00120023 0.8 0.8 0.8
vn -0.121308 0.358529 0.925603
v 0.0102765 -0.0177995 0.00120023 0.8 0.8 0.8
vn -0.193199 0.325473 0.925603
v 0.0137527 -0.0152739 0.00120023 0.8 0.8 0.8
vn -0.256647 0.278192 0.925603
v 0.0166278 -0.0120808 0.00120023 0.8 0.8 0.8
vn -0.308878 0.218753 0.925603
v 0.0187762 -0.0083597 0.00120023 0.8 0.8 0.8
vn -0.34761 0.149754 0.925603
v 0.020104 -0.00427323 0.00120023 0.8 0.8 0.8
vn -0.371149 0.0742089 0.925603
v 0.0186696 1.37499e-09 0.000629281 0.8 0.8 0.8
vn -0.232975 -0.00307937 0.972478
v 0.0182616 0.00388163 0.000629281 0.8 0.8 0.8
vn -0.227244 -0.0514504 0.972478
v 0.0170555 0.00759361 0.000629281 0.8 0.8 0.8
vn -0.211581 -0.0975728 0.972478
v 0.015104 0.0109737 0.000629281 0.8 0.8 0.8
vn -0.186671 -0.139431 0.972478
v 0.0124924 0.0138742 0.000629281 0.8 0.8 0.8
vn -0.153603 -0.175195 0.972478
v 0.00933478 0.0161683 0.000629281 0.8 0.8 0.8
vn -0.113821 -0.203302 0.972478
v 0.0057692 0.0177558 0.000629281 0.8 0.8 0.8
vn -0.0690647 -0.222524 0.972478
v 0.00195149 0.0185673 0.000629281 0.8 0.8 0.8
vn -0.0212901 -0.232021 0.972478
v -0.00195152 0.0185673 0.000629281 0.8 0.8 0.8
vn 0.0274151 -0.231377 0.972478
v -0.00576923 0.0177558 0.000629281 0.8 0.8 0.8
vn 0.074922 -0.220621 0.972478
v -0.00933481 0.0161683 0.000629281 0.8 0.8 0.8
vn 0.119155 -0.200223 0.972478
v -0.0124924 0.0138742 0.000629281 0.8 0.8 0.8
vn 0.158179 -0.171074 0.972478
v -0.015104 0.0109737 0.000629281 0.8 0.8 0.8
vn 0.190291 -0.134448 0.972478
v -0.0170555 0.00759361 0.000629281 0.8 0.8 0.8
vn 0.214086 -0.0919465 0.972478
v -0.0182616 0.00388163 0.000629281 0.8 0.8 0.8
vn 0.228525 -0.0454262 0.972478
v -0.0186696 1.37499e-09 0.000629281 0.8 0.8 0.8
vn 0.232975 0.00307937 0.972478
v -0.0182616 -0.00388162 0.000629281 0.8 0.8 0.8
vn 0.227244 0.0514504 0.972478
v -0.0170555 -0.0075936 0.000629281 0.8 0.8 0.8
vn 0.211581 0.0975728 0.972478
v -0.015104 -0.0109737 0.000629281 0.8 0.8 0.8
vn 0.186671 0.139431 0.972478
v -0.0124924 -0.0138742 0.000629281 0.8 0.8 0.8
vn 0.153603 0.175195 0.972478
v -0.00933481 -0.0161683 0.000629281 0.8 0.8 0.8
vn 0.113821 0.203302 0.972478
v -0.00576923 -0.0177558 0.000629281 0.8 0.8 0.8
vn 0.0690647 0.222524 0.972478
v -0.00195152 -0.0185673 0.000629281 0.8 0.8 0.8
vn 0.0212901 0.232021 0.972478
v 0.00195149 -0.0185673 0.000629281 0.8 0.8 0.8
vn -0.0274151 0.231377 0.972478
v 0.0057692 -0.0177558 0.000629281 0.8 0.8 0.8
vn -0.074922 0.220621 0.972478
v 0.00933478 -0.0161683 0.000629281 0.8 0.8 0.8
vn -0.119155 0.200223 0.972478
v 0.0124924 -0.0138742 0.000629281 0.8 0.8 0.8
vn -0.158179 0.171074 0.972478
v 0.015104 -0.0109737 0.000629281 0.8 0.8 0.8
vn -0.190291 0.134448 0.972478
v 0.0170555 -0.0075936 0.000629281 0.8 0.8 0.8
vn -0.214086 0.0919465 0.972478
v 0.0182616 -0.00388162 0.000629281 0.8 0.8 0.8
vn -0.228525 0.0454262 0.972478
v 0.016795 1.37499e-09 0.000308214 0.8 0.8 0.8
vn -0.131352 -0.00191364 0.991334
v 0.016428 0.00349188 0.000308214 0.8 0.8 0.8
vn -0.128084 -0.0291815 0.991334
v 0.015343 0.00683114 0.000308214 0.8 0.8 0.8
vn -0.119218 -0.055174 0.991334
v 0.0135874 0.00987186 0.000308214 0.8 0.8 0.8
vn -0.105141 -0.0787551 0.991334
v 0.011238 0.0124811 0.000308214 0.8 0.8 0.8
vn -0.0864697 -0.0988942 0.991334
v 0.00839749 0.0145449 0.000308214 0.8 0.8 0.8
vn -0.0640189 -0.114711 0.991334
v 0.00518993 0.015973 0.000308214 0.8 0.8 0.8
vn -0.0387701 -0.125515 0.991334
v 0.00175554 0.016703 0.000308214 0.8 0.8 0.8
vn -0.0118269 -0.130833 0.991334
v -0.00175557 0.016703 0.000308214 0.8 0.8 0.8
vn 0.0156332 -0.130433 0.991334
v -0.00518996 0.015973 0.000308214 0.8 0.8 0.8
vn 0.0424101 -0.124332 0.991334
v -0.00839752 0.0145449 0.000308214 0.8 0.8 0.8
vn 0.0673334 -0.112798 0.991334
v -0.0112381 0.0124811 0.000308214 0.8 0.8 0.8
vn 0.0893139 -0.0963333 0.991334
v -0.0135875 0.00987186 0.000308214 0.8 0.8 0.8
vn 0.107391 -0.0756588 0.991334
v -0.015343 0.00683114 0.000308214 0.8 0.8 0.8
vn 0.120775 -0.0516776 0.991334
v -0.016428 0.00349188 0.000308214 0.8 0.8 0.8
vn 0.12888 -0.0254379 0.991334
v -0.016795 1.37499e-09 0.000308214 0.8 0.8 0.8
vn 0.131352 0.00191364 0.991334
v -0.016428 -0.00349188 0.000308214 0.8 0.8 0.8
vn 0.128084 0.0291815 0.991334
v -0.015343 -0.00683114 0.000308214 0.8 0.8 0.8
vn 0.119218 0.055174 0.991334
v -0.0135875 -0.00987185 0.000308214 0.8 0.8 0.8
vn 0.105141 0.0787551 0.991334
v -0.0112381 -0.0124811 0.000308214 0.8 0.8 0.8
vn 0.0864697 0.0988942 0.991334
v -0.00839752 -0.0145449 0.000308214 0.8 0.8 0.8
vn 0.0640189 0.114711 0.991334
v -0.00518996 -0.015973 0.000308214 0.8 0.8 0.8
vn 0.0387701 0.125515 0.991334
v -0.00175557 -0.016703 0.000308214 0.8 0.8 0.8
vn 0.0118269 0.130833 0.991334
v 0.00175554 -0.016703 0.000308214 0.8 0.8 0.8
vn -0.0156332 0.130433 0.991334
v 0.00518993 -0.015973 0.000308214 0.8 0.8 0.8
vn -0.0424101 0.124332 0.991334
v 0.00839749 -0.0145449 0.000308214 0.8 0.8 0.8
vn -0.0673334 0.112798 0.991334
v 0.011238 -0.0124811 0.000308214 0.8 0.8 0.8
vn -0.0893139 0.0963333 0.991334
v 0.0135874 -0.00987185 0.000308214 0.8 0.8 0.8
vn -0.107391 0.0756588 0.991334
v 0.015343 -0.00683114 0.000308214 0.8 0.8 0.8
vn -0.120775 0.0516776 0.991334
v 0.016428 -0.00349188 0.000308214 0.8 0.8 0.8
vn -0.12888 0.0254379 0.991334
v 0.0149253 1.37499e-09 0.000138772 0.8 0.8 0.8
vn -0.0682593 -0.00110727 0.997667
v 0.0145991 0.00310315 0.000138772 0.8 0.8 0.8
vn -0.0665375 -0.015275 0.997667
v 0.0136349 0.00607067 0.000138772 0.8 0.8 0.8
vn -0.0619076 -0.0287751 0.997667
v 0.0120748 0.00877288 0.000138772 0.8 0.8 0.8
vn -0.0545721 -0.0410176 0.997667
v 0.00998697 0.0110917 0.000138772 0.8 0.8 0.8
vn -0.0448515 -0.0514675 0.997667
v 0.00746264 0.0129257 0.000138772 0.8 0.8 0.8
vn -0.0331707 -0.0596679 0.997667
v 0.00461216 0.0141948 0.000138772 0.8 0.8 0.8
vn -0.0200402 -0.0652606 0.997667
v 0.00156011 0.0148436 0.000138772 0.8 0.8 0.8
vn -0.00603384 -0.0680011 0.997667
v -0.00156013 0.0148436 0.000138772 0.8 0.8 0.8
vn 0.00823624 -0.0677696 0.997667
v -0.00461219 0.0141948 0.000138772 0.8 0.8 0.8
vn 0.0221464 -0.0645763 0.997667
v -0.00746267 0.0129257 0.000138772 0.8 0.8 0.8
vn 0.0350886 -0.0585607 0.997667
v -0.009987 0.0110917 0.000138772 0.8 0.8 0.8
vn 0.0464973 -0.0499857 0.997667
v -0.0120748 0.00877288 0.000138772 0.8 0.8 0.8
vn 0.0558738 -0.039226 0.997667
v -0.013635 0.00607067 0.000138772 0.8 0.8 0.8
vn 0.0628084 -0.026752 0.997667
v -0.0145992 0.00310315 0.000138772 0.8 0.8 0.8
vn 0.0669979 -0.0131088 0.997667
v -0.0149253 1.37499e-09 0.000138772 0.8 0.8 0.8
vn 0.0682593 0.00110727 0.997667
v -0.0145992 -0.00310315 0.000138772 0.8 0.8 0.8
vn 0.0665375 0.015275 0.997667
v -0.013635 -0.00607067 0.000138772 0.8 0.8 0.8
vn 0.0619076 0.0287751 0.997667
v -0.0120748 -0.00877288 0.000138772 0.8 0.8 0.8
vn 0.0545721 0.0410176 0.997667
v -0.009987 -0.0110917 0.000138772 0.8 0.8 0.8
vn 0.0448515 0.0514675 0.997667
v -0.00746267 -0.0129257 0.000138772 0.8 0.8 0.8
vn 0.0331707 0.0596679 0.997667
v -0.00461219 -0.0141948 0.000138772 0.8 0.8 0.8
vn 0.0200402 0.0652606 0.997667
v -0.00156014 -0.0148436 0.000138772 0.8 0.8 0.8
vn 0.00603384 0.0680011 0.997667
v 0.00156011 -0.0148436 0.000138772 0.8 0.8 0.8
vn -0.00823624 0.0677696 0.997667
v 0.00461216 -0.0141948 0.000138772 0.8 0.8 0.8
vn -0.0221464 0.0645763 0.997667
v 0.00746264 -0.0129257 0.000138772 0.8 0.8 0.8
vn -0.0350886 0.0585607 0.997667
v 0.00998697 -0.0110917 0.000138772 0.8 0.8 0.8
vn -0.0464973 0.0499857 0.997667
v 0.0120748 -0.00877288 0.000138772 0.8 0.8 0.8
vn -0.0558738 0.039226 0.997667
v 0.0136349 -0.00607067 0.000138772 0.8 0.8 0.8
vn -0.0628084 0.026752 0.997667
v 0.0145991 -0.00310315 0.000138772 0.8 0.8 0.8
vn -0.0669979 0.0131088 0.997667
v 0.0130581 1.37499e-09 5.61563e-05 0.8 0.8 0.8
vn -0.032452 -0.000593087 0.999473
v 0.0127728 0.00271494 5.61563e-05 0.8 0.8 0.8
vn -0.0316195 -0.00732728 0.999473
v 0.0119292 0.00531122 5.61563e-05 0.8 0.8 0.8
vn -0.0294052 -0.0137412 0.999473
v 0.0105642 0.00767537 5.61563e-05 0.8 0.8 0.8
vn -0.0259056 -0.0195546 0.999473
v 0.00873758 0.00970408 5.61563e-05 0.8 0.8 0.8
vn -0.0212739 -0.0245134 0.999473
v 0.00652905 0.0113087 5.61563e-05 0.8 0.8 0.8
vn -0.0157124 -0.0284008 0.999473
v 0.00403517 0.012419 5.61563e-05 0.8 0.8 0.8
vn -0.00946416 -0.031047 0.999473
v 0.00136493 0.0129866 5.61563e-05 0.8 0.8 0.8
vn -0.00280232 -0.0323362 0.999473
v -0.00136496 0.0129866 5.61563e-05 0.8 0.8 0.8
vn 0.003982 -0.0322122 0.999473
v -0.0040352 0.012419 5.61563e-05 0.8 0.8 0.8
vn 0.0105923 -0.0306804 0.999473
v -0.00652908 0.0113087 5.61563e-05 0.8 0.8 0.8
vn 0.0167396 -0.0278077 0.999473
v -0.00873761 0.00970408 5.61563e-05 0.8 0.8 0.8
vn 0.0221554 -0.0237197 0.999473
v -0.0105643 0.00767537 5.61563e-05 0.8 0.8 0.8
vn 0.0266028 -0.018595 0.999473
v -0.0119292 0.00531122 5.61563e-05 0.8 0.8 0.8
vn 0.0298876 -0.0126576 0.999473
v -0.0127728 0.00271494 5.61563e-05 0.8 0.8 0.8
vn 0.0318662 -0.00616703 0.999473
v -0.0130581 1.37499e-09 5.61563e-05 0.8 0.8 0.8
vn 0.032452 0.000593087 0.999473
v -0.0127728 -0.00271494 5.61563e-05 0.8 0.8 0.8
vn 0.0316195 0.00732728 0.999473
v -0.0119292 -0.00531122 5.61563e-05 0.8 0.8 0.8
vn 0.0294052 0.0137412 0.999473
v -0.0105643 -0.00767537 5.61563e-05 0.8 0.8 0.8
vn 0.0259056 0.0195546 0.999473
v -0.00873761 -0.00970408 5.61563e-05 0.8 0.8 0.8
vn 0.0212739 0.0245134 0.999473
v -0.00652908 -0.0113087 5.61563e-05 0.8 0.8 0.8
vn 0.0157124 0.0284008 0.999473
v -0.0040352 -0.012419 5.61563e-05 0.8 0.8 0.8
vn 0.00946416 0.031047 0.999473
v -0.00136496 -0.0129866 5.61563e-05 0.8 0.8 0.8
vn 0.00280232 0.0323362 0.999473
v 0.00136493 -0.0129866 5.61563e-05 0.8 0.8 0.8
vn -0.003982 0.0322122 0.999473
v 0.00403517 -0.012419 5.61563e-05 0.8 0.8 0.8
vn -0.0105923 0.0306804 0.999473
v 0.00652905 -0.0113087 5.61563e-05 0.8 0.8 0.8
vn -0.0167396 0.0278077 0.999473
v 0.00873758 -0.00970408 5.61563e-05 0.8 0.8 0.8
vn -0.0221554 0.0237197 0.999473
v 0.0105642 -0.00767537 5.61563e-05 0.8 0.8 0.8
vn -0.0266028 0.018595 0.999473
v 0.0119292 -0.00531122 5.61563e-05 0.8 0.8 0.8
vn -0.0298876 0.0126576 0.999473
v 0.0127728 -0.00271494 5.61563e-05 0.8 0.8 0.8
vn -0.0318662 0.00616703 0.999473
v 0.0111921 1.37499e-09 1.97586e-05 0.8 0.8 0.8
vn -0.0138425 -0.000288996 0.999904
v 0.0109475 0.00232697 1.97586e-05 0.8 0.8 0.8
vn -0.0134799 -0.0031607 0.999904
v 0.0102245 0.00455224 1.97586e-05 0.8 0.8 0.8
vn -0.0125282 -0.00589427 0.999904
v 0.00905459 0.00657855 1.97586e-05 0.8 0.8 0.8
vn -0.011029 -0.00837023 0.999904
v 0.00748896 0.00831735 1.97586e-05 0.8 0.8 0.8
vn -0.00904769 -0.0104804 0.999904
v 0.00559604 0.00969265 1.97586e-05 0.8 0.8 0.8
vn -0.00667098 -0.0121325 0.999904
v 0.00345853 0.0106443 1.97586e-05 0.8 0.8 0.8
vn -0.00400272 -0.0132543 0.999904
v 0.00116988 0.0111308 1.97586e-05 0.8 0.8 0.8
vn -0.00115952 -0.0137969 0.999904
v -0.00116991 0.0111308 1.97586e-05 0.8 0.8 0.8
vn 0.00173435 -0.0137365 0.999904
v -0.00345856 0.0106443 1.97586e-05 0.8 0.8 0.8
vn 0.00455243 -0.0130757 0.999904
v -0.00559607 0.00969265 1.97586e-05 0.8 0.8 0.8
vn 0.00717154 -0.0118435 0.999904
v -0.00748899 0.00831735 1.97586e-05 0.8 0.8 0.8
vn 0.00947722 -0.0100936 0.999904
v -0.00905462 0.00657855 1.97586e-05 0.8 0.8 0.8
vn 0.0113687 -0.00790263 0.999904
v -0.0102245 0.00455224 1.97586e-05 0.8 0.8 0.8
vn 0.0127633 -0.00536625 0.999904
v -0.0109475 0.00232697 1.97586e-05 0.8 0.8 0.8
vn 0.0136001 -0.00259534 0.999904
v -0.0111921 1.37499e-09 1.97586e-05 0.8 0.8 0.8
vn 0.0138425 0.000288996 0.999904
v -0.0109475 -0.00232697 1.97586e-05 0.8 0.8 0.8
vn 0.0134799 0.0031607 0.999904
v -0.0102245 -0.00455224 1.97586e-05 0.8 0.8 0.8
vn 0.0125282 0.00589427 0.999904
v -0.00905462 -0.00657855 1.97586e-05 0.8 0.8 0.8
vn 0.011029 0.00837023 0.999904
v -0.00748899 -0.00831735 1.97586e-05 0.8 0.8 0.8
vn 0.00904769 0.0104804 0.999904
v -0.00559607 -0.00969264 1.97586e-05 0.8 0.8 0.8
vn 0.00667098 0.0121325 0.999904
v -0.00345856 -0.0106443 1.97586e-05 0.8 0.8 0.8
vn 0.00400272 0.0132543 0.999904
v -0.00116991 -0.0111308 1.97586e-05 0.8 0.8 0.8
vn 0.00115952 0.0137969 0.999904
v 0.00116988 -0.0111308 1.97586e-05 0.8 0.8 0.8
vn -0.00173435 0.0137365 0.999904
v 0.00345853 -0.0106443 1.97586e-05 0.8 0.8 0.8
vn -0.00455243 0.0130757 0.999904
v 0.00559604 -0.00969264 1.97586e-05 0.8 0.8 0.8
vn -0.00717154 0.0118435 0.999904
v 0.00748896 -0.00831735 1.97586e-05 0.8 0.8 0.8
vn -0.00947722 0.0100936 0.999904
v 0.00905459 -0.00657855 1.97586e-05 0.8 0.8 0.8
vn -0.0113687 0.00790263 0.999904
v 0.0102245 -0.00455224 1.97586e-05 0.8 0.8 0.8
vn -0.0127633 0.00536625 0.999904
v 0.0109475 -0.00232697 1.97586e-05 0.8 0.8 0.8
vn -0.0136001 0.00259534 0.999904
v 0.00932655 1.37499e-09 5.74035e-06 0.8 0.8 0.8
vn -0.00512855 -0.000124309 0.999987
v 0.00912274 0.0019391 5.74035e-06 0.8 0.8 0.8
vn -0.00499063 -0.00118788 0.999987
v 0.00852023 0.00379346 5.74035e-06 0.8 0.8 0.8
vn -0.0046346 -0.00219953 0.999987
v 0.00754534 0.00548202 5.74035e-06 0.8 0.8 0.8
vn -0.00407602 -0.00311506 0.999987
v 0.00624068 0.00693099 5.74035e-06 0.8 0.8 0.8
vn -0.00333929 -0.00389444 0.999987
v 0.00466327 0.00807705 5.74035e-06 0.8 0.8 0.8
vn -0.00245662 -0.00450361 0.999987
v 0.00288205 0.00887009 5.74035e-06 0.8 0.8 0.8
vn -0.00146658 -0.00491596 0.999987
v 0.000974877 0.00927548 5.74035e-06 0.8 0.8 0.8
vn -0.000412451 -0.00511345 0.999987
v -0.000974906 0.00927548 5.74035e-06 0.8 0.8 0.8
vn 0.000659708 -0.00508746 0.999987
v -0.00288208 0.00887009 5.74035e-06 0.8 0.8 0.8
vn 0.00170303 -0.00483913 0.999987
v -0.0046633 0.00807705 5.74035e-06 0.8 0.8 0.8
vn 0.00267193 -0.0043793 0.999987
v -0.00624071 0.00693099 5.74035e-06 0.8 0.8 0.8
vn 0.00352405 -0.00372808 0.999987
v -0.00754537 0.00548202 5.74035e-06 0.8 0.8 0.8
vn 0.00422215 -0.00291392 0.999987
v -0.00852026 0.00379346 5.74035e-06 0.8 0.8 0.8
vn 0.00473573 -0.00197241 0.999987
v -0.00912277 0.0019391 5.74035e-06 0.8 0.8 0.8
vn 0.00504232 -0.000944693 0.999987
v -0.00932658 1.37499e-09 5.74035e-06 0.8 0.8 0.8
vn 0.00512855 0.000124309 0.999987
v -0.00912277 -0.0019391 5.74035e-06 0.8 0.8 0.8
vn 0.00499063 0.00118788 0.999987
v -0.00852026 -0.00379346 5.74035e-06 0.8 0.8 0.8
vn 0.0046346 0.00219953 0.999987
v -0.00754537 -0.00548202 5.74035e-06 0.8 0.8 0.8
vn 0.00407602 0.00311506 0.999987
v -0.00624071 -0.00693099 5.74035e-06 0.8 0.8 0.8
vn 0.00333929 0.00389444 0.999987
v -0.0046633 -0.00807704 5.74035e-06 0.8 0.8 0.8
vn 0.00245662 0.00450361 0.999987
v -0.00288208 -0.00887009 5.74035e-06 0.8 0.8 0.8
vn 0.00146658 0.00491596 0.999987
v -0.000974907 -0.00927547 5.74035e-06 0.8 0.8 0.8
vn 0.000412451 0.00511345 0.999987
v 0.000974877 -0.00927547 5.74035e-06 0.8 0.8 0.8
vn -0.000659708 0.00508746 0.999987
v 0.00288205 -0.00887009 5.74035e-06 0.8 0.8 0.8
vn -0.00170303 0.00483913 0.999987
v 0.00466327 -0.00807704 5.74035e-06 0.8 0.8 0.8
vn -0.00267193 0.0043793 0.999987
v 0.00624068 -0.00693099 5.74035e-06 0.8 0.8 0.8
vn -0.00352405 0.00372808 0.999987
v 0.00754534 -0.00548202 5.74035e-06 0.8 0.8 0.8
vn -0.00422215 0.00291392 0.999987
v 0.00852023 -0.00379346 5.74035e-06 0.8 0.8 0.8
vn -0.00473573 0.00197241 0.999987
v 0.00912274 -0.0019391 5.74035e-06 0.8 0.8 0.8
vn -0.00504232 0.000944693 0.999987
v 0.00746119 1.37499e-09 1.26014e-06 0.8 0.8 0.8
vn -0.00156809 -4.4936e-05 0.999999
v 0.00729815 0.00155127 1.26014e-06 0.8 0.8 0.8
vn -0.00152448 -0.000369978 0.999999
v 0.00681614 0.00303475 1.26014e-06 0.8 0.8 0.8
vn -0.00141424 -0.00067885 0.999999
v 0.00603623 0.00438559 1.26014e-06 0.8 0.8 0.8
vn -0.0012422 -0.000958053 0.999999
v 0.00499251 0.00554476 1.26014e-06 0.8 0.8 0.8
vn -0.00101586 -0.00119538 0.999999
v 0.00373059 0.0064616 1.26014e-06 0.8 0.8 0.8
vn -0.000745128 -0.00138047 0.999999
v 0.00230562 0.00709603 1.26014e-06 0.8 0.8 0.8
vn -0.000441829 -0.00150523 0.999999
v 0.000779894 0.00742033 1.26014e-06 0.8 0.8 0.8
vn -0.00011922 -0.00156419 0.999999
v -0.000779923 0.00742033 1.26014e-06 0.8 0.8 0.8
vn 0.0002086 -0.0015548 0.999999
v -0.00230565 0.00709603 1.26014e-06 0.8 0.8 0.8
vn 0.000527302 -0.00147745 0.999999
v -0.00373062 0.0064616 1.26014e-06 0.8 0.8 0.8
vn 0.000822959 -0.00133554 0.999999
v -0.00499254 0.00554476 1.26014e-06 0.8 0.8 0.8
vn 0.00108265 -0.00113525 0.999999
v -0.00603626 0.00438559 1.26014e-06 0.8 0.8 0.8
vn 0.00129502 -0.000885345 0.999999
v -0.00681617 0.00303475 1.26014e-06 0.8 0.8 0.8
vn 0.0014508 -0.000596748 0.999999
v -0.00729818 0.00155127 1.26014e-06 0.8 0.8 0.8
vn 0.00154316 -0.00028207 0.999999
v -0.00746122 1.37499e-09 1.26014e-06 0.8 0.8 0.8
vn 0.00156809 4.4936e-05 0.999999
v -0.00729818 -0.00155127 1.26014e-06 0.8 0.8 0.8
vn 0.00152448 0.000369978 0.999999
v -0.00681617 -0.00303474 1.26014e-06 0.8 0.8 0.8
vn 0.00141424 0.00067885 0.999999
v -0.00603626 -0.00438559 1.26014e-06 0.8 0.8 0.8
vn 0.0012422 0.000958053 0.999999
v -0.00499254 -0.00554476 1.26014e-06 0.8 0.8 0.8
vn 0.00101586 0.00119538 0.999999
v -0.00373062 -0.00646159 1.26014e-06 0.8 0.8 0.8
vn 0.000745128 0.00138047 0.999999
v -0.00230565 -0.00709603 1.26014e-06 0.8 0.8 0.8
vn 0.000441829 0.00150523 0.999999
v -0.000779923 -0.00742033 1.26014e-06 0.8 0.8 0.8
vn 0.00011922 0.00156419 0.999999
v 0.000779893 -0.00742033 1.26014e-06 0.8 0.8 0.8
vn -0.0002086 0.0015548 0.999999
v 0.00230562 -0.00709603 1.26014e-06 0.8 0.8 0.8
vn -0.000527302 0.00147745 0.999999
v 0.00373059 -0.00646159 1.26014e-06 0.8 0.8 0.8
vn -0.000822959 0.00133554 0.999999
v 0.00499251 -0.00554476 1.26014e-06 0.8 0.8 0.8
vn -0.00108265 0.00113525 0.999999
v 0.00603623 -0.00438559 1.26014e-06 0.8 0.8 0.8
vn -0.00129502 0.000885345 0.999999
v 0.00681614 -0.00303474 1.26014e-06 0.8 0.8 0.8
vn -0.0014508 0.000596748 0.999999
v 0.00729815 -0.00155127 1.26014e-06 0.8 0.8 0.8
vn -0.00154316 0.00028207 0.999999
v 0.00559588 1.37499e-09 1.73089e-07 0.8 0.8 0.8
vn -0.000364021 -1.25537e-05 1
v 0.0054736 0.00116345 1.73089e-07 0.8 0.8 0.8
vn -0.000353456 -8.79637e-05 1
v 0.00511209 0.00227606 1.73089e-07 0.8 0.8 0.8
vn -0.000327444 -0.000159529 1
v 0.00452716 0.00328919 1.73089e-07 0.8 0.8 0.8
vn -0.00028712 -0.000224122 1
v 0.00374437 0.00415856 1.73089e-07 0.8 0.8 0.8
vn -0.000234248 -0.000278921 1
v 0.00279793 0.00484619 1.73089e-07 0.8 0.8 0.8
vn -0.000171139 -0.000321528 1
v 0.00172921 0.00532202 1.73089e-07 0.8 0.8 0.8
vn -0.000100549 -0.000350084 1
v 0.000584916 0.00556524 1.73089e-07 0.8 0.8 0.8
vn -2.55656e-05 -0.000363339 1
v -0.000584945 0.00556524 1.73089e-07 0.8 0.8 0.8
vn 5.05355e-05 -0.000360715 1
v -0.00172924 0.00532202 1.73089e-07 0.8 0.8 0.8
vn 0.000124428 -0.000342325 1
v -0.00279796 0.00484619 1.73089e-07 0.8 0.8 0.8
vn 0.000192882 -0.000308975 1
v -0.0037444 0.00415856 1.73089e-07 0.8 0.8 0.8
vn 0.000252907 -0.00026212 1
v -0.00452719 0.00328919 1.73089e-07 0.8 0.8 0.8
vn 0.000301878 -0.00020381 1
v -0.00511212 0.00227606 1.73089e-07 0.8 0.8 0.8
vn 0.000337656 -0.000136592 1
v -0.00547363 0.00116345 1.73089e-07 0.8 0.8 0.8
vn 0.000358677 -6.34049e-05 1
v -0.00559591 1.37499e-09 1.73089e-07 0.8 0.8 0.8
vn 0.000364021 1.25537e-05 1
v -0.00547363 -0.00116345 1.73089e-07 0.8 0.8 0.8
vn 0.000353456 8.79637e-05 1
v -0.00511212 -0.00227605 1.73089e-07 0.8 0.8 0.8
vn 0.000327444 0.000159529 1
v -0.00452719 -0.00328918 1.73089e-07 0.8 0.8 0.8
vn 0.00028712 0.000224122 1
v -0.0037444 -0.00415856 1.73089e-07 0.8 0.8 0.8
vn 0.000234248 0.000278921 1
v -0.00279796 -0.00484619 1.73089e-07 0.8 0.8 0.8
vn 0.000171139 0.000321528 1
v -0.00172924 -0.00532201 1.73089e-07 0.8 0.8 0.8
vn 0.000100549 0.000350084 1
v -0.000584945 -0.00556524 1.73089e-07 0.8 0.8 0.8
vn 2.55656e-05 0.000363339 1
v 0.000584915 -0.00556524 1.73089e-07 0.8 0.8 0.8
vn -5.05355e-05 0.000360715 1
v 0.00172921 -0.00532201 1.73089e-07 0.8 0.8 0.8
vn -0.000124428 0.000342325 1
v 0.00279793 -0.00484619 1.73089e-07 0.8 0.8 0.8
vn -0.000192882 0.000308975 1
v 0.00374437 -0.00415856 1.73089e-07 0.8 0.8 0.8
vn -0.000252907 0.00026212 1
v 0.00452716 -0.00328918 1.73089e-07 0.8 0.8 0.8
vn -0.000301878 0.00020381 1
v 0.00511209 -0.00227605 1.73089e-07 0.8 0.8 0.8
vn -0.000337656 0.000136592 1
v 0.0054736 -0.00116345 1.73089e-07 0.8 0.8 0.8
vn -0.000358677 6.34049e-05 1
v 0.00373058 1.37499e-09 4.12735e-09 0.8 0.8 0.8
vn -5.54019e-05 -2.32626e-06 1
v 0.00364906 0.000775636 4.12735e-09 0.8 0.8 0.8
vn -5.37076e-05 -1.37941e-05 1
v 0.00340805 0.00151737 4.12735e-09 0.8 0.8 0.8
vn -4.9666e-05 -2.46591e-05 1
v 0.0030181 0.00219279 4.12735e-09 0.8 0.8 0.8
vn -4.34538e-05 -3.44464e-05 1
v 0.00249624 0.00277237 4.12735e-09 0.8 0.8 0.8
vn -3.53424e-05 -4.27282e-05 1
v 0.00186528 0.00323079 4.12735e-09 0.8 0.8 0.8
vn -2.56864e-05 -4.91426e-05 1
v 0.0011528 0.00354801 4.12735e-09 0.8 0.8 0.8
vn -1.49077e-05 -5.34092e-05 1
v 0.000389939 0.00371016 4.12735e-09 0.8 0.8 0.8
vn -3.47756e-06 -5.53416e-05 1
v -0.000389968 0.00371016 4.12735e-09 0.8 0.8 0.8
vn 8.10459e-06 -5.48553e-05 1
v -0.00115283 0.00354801 4.12735e-09 0.8 0.8 0.8
vn 1.93325e-05 -5.19715e-05 1
v -0.00186531 0.00323079 4.12735e-09 0.8 0.8 0.8
vn 2.97156e-05 -4.68163e-05 1
v -0.00249627 0.00277237 4.12735e-09 0.8 0.8 0.8
vn 3.87999e-05 -3.96151e-05 1
v -0.00301813 0.00219279 4.12735e-09 0.8 0.8 0.8
vn 4.61884e-05 -3.06825e-05 1
v -0.00340808 0.00151737 4.12735e-09 0.8 0.8 0.8
vn 5.15583e-05 -2.04088e-05 1
v -0.00364909 0.000775636 4.12735e-09 0.8 0.8 0.8
vn 5.46749e-05 -9.24328e-06 1
v -0.00373061 1.37499e-09 4.12735e-09 0.8 0.8 0.8
vn 5.54019e-05 2.32626e-06 1
v -0.00364909 -0.000775633 4.12735e-09 0.8 0.8 0.8
vn 5.37076e-05 1.37941e-05 1
v -0.00340808 -0.00151737 4.12735e-09 0.8 0.8 0.8
vn 4.9666e-05 2.46591e-05 1
v -0.00301813 -0.00219279 4.12735e-09 0.8 0.8 0.8
vn 4.34538e-05 3.44464e-05 1
v -0.00249627 -0.00277237 4.12735e-09 0.8 0.8 0.8
vn 3.53424e-05 4.27282e-05 1
v -0.00186531 -0.00323079 4.12735e-09 0.8 0.8 0.8
vn 2.56864e-05 4.91426e-05 1
v -0.00115283 -0.00354801 4.12735e-09 0.8 0.8 0.8
vn 1.49077e-05 5.34092e-05 1
v -0.000389968 -0.00371016 4.12735e-09 0.8 0.8 0.8
vn 3.47756e-06 5.53416e-05 1
v 0.000389939 -0.00371016 4.12735e-09 0.8 0.8 0.8
vn -8.10459e-06 5.48553e-05 1
v 0.0011528 -0.00354801 4.12735e-09 0.8 0.8 0.8
vn -1.93325e-05 5.19715e-05 1
v 0.00186528 -0.00323079 4.12735e-09 0.8 0.8 0.8
vn -2.97156e-05 4.68163e-05 1
v 0.00249624 -0.00277237 4.12735e-09 0.8 0.8 0.8
vn -3.87999e-05 3.96151e-05 1
v 0.0030181 -0.00219279 4.12735e-09 0.8 0.8 0.8
vn -4.61884e-05 3.06825e-05 1
v 0.00340805 -0.00151737 4.12735e-09 0.8 0.8 0.8
vn -5.15583e-05 2.04088e-05 1
v 0.00364906 -0.000775633 4.12735e-09 0.8 0.8 0.8
vn -5.46749e-05 9.24328e-06 1
v 0.00186528 1.37499e-09 -7.34483e-09 0.8 0.8 0.8
vn -4.11911e-06 -2.15475e-07 1
v 0.00182452 0.000387819 -7.34483e-09 0.8 0.8 0.8
vn -3.9843e-06 -1.06718e-06 1
v 0.00170402 0.000758687 -7.34483e-09 0.8 0.8 0.8
vn -3.67535e-06 -1.87224e-06 1
v 0.00150904 0.0010964 -7.34483e-09 0.8 0.8 0.8
vn -3.20578e-06 -2.59548e-06 1
v 0.00124811 0.00138619 -7.34483e-09 0.8 0.8 0.8
vn -2.59609e-06 -3.20528e-06 1
v 0.000932634 0.0016154 -7.34483e-09 0.8 0.8 0.8
vn -1.87295e-06 -3.67499e-06 1
v 0.000576394 0.00177401 -7.34483e-09 0.8 0.8 0.8
vn -1.06795e-06 -3.98409e-06 1
v 0.000194962 0.00185508 -7.34483e-09 0.8 0.8 0.8
vn -2.1627e-07 -4.11907e-06 1
v -0.000194992 0.00185508 -7.34483e-09 0.8 0.8 0.8
vn 6.44859e-07 -4.07402e-06 1
v -0.000576424 0.00177401 -7.34483e-09 0.8 0.8 0.8
vn 1.4778e-06 -3.85092e-06 1
v -0.000932664 0.0016154 -7.34483e-09 0.8 0.8 0.8
vn 2.24616e-06 -3.45952e-06 1
v -0.00124814 0.00138619 -7.34483e-09 0.8 0.8 0.8
vn 2.91635e-06 -2.91692e-06 1
v -0.00150907 0.0010964 -7.34483e-09 0.8 0.8 0.8
vn 3.45908e-06 -2.24683e-06 1
v -0.00170405 0.000758687 -7.34483e-09 0.8 0.8 0.8
vn 3.85064e-06 -1.47855e-06 1
v -0.00182455 0.000387819 -7.34483e-09 0.8 0.8 0.8
vn 4.0739e-06 -6.45645e-07 1
v -0.00186531 1.37499e-09 -7.34483e-09 0.8 0.8 0.8
vn 4.11911e-06 2.15475e-07 1
v -0.00182455 -0.000387816 -7.34483e-09 0.8 0.8 0.8
vn 3.9843e-06 1.06718e-06 1
v -0.00170405 -0.000758684 -7.34483e-09 0.8 0.8 0.8
vn 3.67535e-06 1.87224e-06 1
v -0.00150907 -0.00109639 -7.34483e-09 0.8 0.8 0.8
vn 3.20578e-06 2.59548e-06 1
v -0.00124814 -0.00138619 -7.34483e-09 0.8 0.8 0.8
vn 2.59609e-06 3.20528e-06 1
v -0.000932664 -0.00161539 -7.34483e-09 0.8 0.8 0.8
vn 1.87295e-06 3.67499e-06 1
v -0.000576424 -0.001774 -7.34483e-09 0.8 0.8 0.8
vn 1.06795e-06 3.98409e-06 1
v -0.000194992 -0.00185508 -7.34483e-09 0.8 0.8 0.8
vn 2.1627e-07 4.11907e-06 1
v 0.000194962 -0.00185508 -7.34483e-09 0.8 0.8 0.8
vn -6.44859e-07 4.07402e-06 1
v 0.000576394 -0.001774 -7.34483e-09 0.8 0.8 0.8
vn -1.4778e-06 3.85092e-06 1
v 0.000932634 -0.00161539 -7.34483e-09 0.8 0.8 0.8
vn -2.24616e-06 3.45952e-06 1
v 0.00124811 -0.00138619 -7.34483e-09 0.8 0.8 0.8
vn -2.91635e-06 2.91692e-06 1
v 0.00150904 -0.00109639 -7.34483e-09 0.8 0.8 0.8
vn -3.45908e-06 2.24683e-06 1
v 0.00170402 -0.000758684 -7.34483e-09 0.8 0.8 0.8
vn -3.85064e-06 1.47855e-06 1
v 0.00182452 -0.000387816 -7.34483e-09 0.8 0.8 0.8
vn -4.0739e-06 6.45645e-07 1
v -1.48181e-08 1.37499e-09 -7.45058e-09 0.8 0.8 0.8
vn -5.66937e-08 -5.95875e-09 1
v -1.48181e-08 1.37499e-09 -7.45058e-09 0.8 0.8 0.8
vn -5.4216e-08 -1.76158e-08 1
v -1.48181e-08 1.37499e-09 -7.45058e-09 0.8 0.8 0.8
vn -4.93687e-08 -2.8503e-08 1
v -1.48181e-08 1.37499e-09 -7.45058e-09 0.8 0.8 0.8
vn -4.23637e-08 -3.81445e-08 1
v -1.48181e-08 1.37499e-09 -7.45058e-09 0.8 0.8 0.8
vn -3.35073e-08 -4.61189e-08 1
v -1.48181e-08 1.37499e-09 -7.45058e-09 0.8 0.8 0.8
vn -2.31864e-08 -5.20776e-08 1
v -1.48181e-08 1.37499e-09 -7.45058e-09 0.8 0.8 0.8
vn -1.18522e-08 -5.57603e-08 1
v -1.48181e-08 1.37499e-09 -7.45058e-09 0.8 0.8 0.8
vn -9.71715e-16 -5.7006e-08 1
v -1.48181e-08 1.37499e-09 -7.45058e-09 0.8 0.8 0.8
vn 1.18522e-08 -5.57603e-08 1
v -1.48181e-08 1.37499e-09 -7.45058e-09 0.8 0.8 0.8
vn 2.31864e-08 -5.20776e-08 1
v -1.48181e-08 1.37499e-09 -7.45058e-09 0.8 0.8 0.8
vn 3.35073e-08 -4.61189e-08 1
v -1.48181e-08 1.37499e-09 -7.45058e-09 0.8 0.8 0.8
vn 4.23637e-08 -3.81445e-08 1
v -1.48181e-08 1.37499e-09 -7.45058e-09 0.8 0.8 0.8
vn 4.93687e-08 -2.8503e-08 1
v -1.48181e-08 1.37499e-09 -7.45058e-09 0.8 0.8 0.8
vn 5.4216e-08 -1.76158e-08 1
v -1.48181e-08 1.37499e-09 -7.45058e-09 0.8 0.8 0.8
vn 5.66937e-08 -5.95875e-09 1
v -1.48181e-08 1.37499e-09 -7.45058e-09 0.8 0.8 0.8
vn 5.66937e-08 5.95875e-09 1
v -1.48181e-08 1.37499e-09 -7.45058e-09 0.8 0.8 0.8
vn 5.4216e-08 1.76158e-08 1
v -1.48181e-08 1.37499e-09 -7.45058e-09 0.8 0.8 0.8
vn 4.93687e-08 2.8503e-08 1
v -1.48181e-08 1.37499e-09 -7.45058e-09 0.8 0.8 0.8
vn 4.23637e-08 3.81445e-08 1
v -1.48181e-08 1.37499e-09 -7.45058e-09 0.8 0.8 0.8
vn 3.35073e-08 4.61189e-08 1
v -1.48181e-08 1.37499e-09 -7.45058e-09 0.8 0.8 0.8
vn 2.31864e-08 5.20776e-08 1
v -1.48181e-08 1.37499e-09 -7.45058e-09 0.8 0.8 0.8
vn 1.18522e-08 5.57603e-08 1
v -1.48181e-08 1.37499e-09 -7.45058e-09 0.8 0.8 0.8
vn 9.71715e-16 5.7006e-08 1
v -1.48181e-08 1.37499e-09 -7.45058e-09 0.8 0.8 0.8
vn -1.18522e-08 5.57603e-08 1
v -1.48181e-08 1.37499e-09 -7.45058e-09 0.8 0.8 0.8
vn -2.31864e-08 5.20776e-08 1
v -1.48181e-08 1.37499e-09 -7.45058e-09 0.8 0.8 0.8
vn -3.35073e-08 4.61189e-08 1
v -1.48181e-08 1.37499e-09 -7.45058e-09 0.8 0.8 0.8
vn -4.23637e-08 3.81445e-08 1
v -1.48181e-08 1.37499e-09 -7.45058e-09 0.8 0.8 0.8
vn -4.93687e-08 2.8503e-08 1
v -1.48181e-08 1.37499e-09 -7.45058e-09 0.8 0.8 0.8
vn -5.4216e-08 1.76158e-08 1
v -1.48181e-08 1.37499e-09 -7.45058e-09 0.8 0.8 0.8
vn -5.66937e-08 5.95875e-09 1
v 0.0452509 1.37499e-09 0.0688965 0.8 0.8 0.8
vn 0.998469 -0.033193 0.0442567
v 0.0442621 0.0094082 0.0688965 0.8 0.8 0.8
vn 0.983551 0.175126 0.0442567
v 0.0413388 0.0184052 0.0688965 0.8 0.8 0.8
vn 0.925647 0.37579 0.0442567
v 0.0366088 0.0265978 0.0688965 0.8 0.8 0.8
vn 0.827288 0.560031 0.0442567
v 0.0302788 0.033628 0.0688965 0.8 0.8 0.8
vn 0.692773 0.719796 0.0442567
v 0.0226255 0.0391885 0.0688965 0.8 0.8 0.8
vn 0.52798 0.848103 0.0442567
v 0.0139833 0.0430362 0.0688965 0.8 0.8 0.8
vn 0.340112 0.939343 0.0442567
v 0.00473 0.045003 0.0688965 0.8 0.8 0.8
vn 0.13738 0.989529 0.0442567
v -0.00473002 0.045003 0.0688965 0.8 0.8 0.8
vn -0.0713572 0.996469 0.0442567
v -0.0139833 0.0430362 0.0688965 0.8 0.8 0.8
vn -0.276975 0.959857 0.0442567
v -0.0226255 0.0391885 0.0688965 0.8 0.8 0.8
vn -0.470488 0.881296 0.0442567
v -0.0302788 0.033628 0.0688965 0.8 0.8 0.8
vn -0.643439 0.764217 0.0442567
v -0.0366088 0.0265978 0.0688965 0.8 0.8 0.8
vn -0.788268 0.613739 0.0442567
v -0.0413388 0.0184052 0.0688965 0.8 0.8 0.8
vn -0.898646 0.436437 0.0442567
v -0.0442621 0.0094082 0.0688965 0.8 0.8 0.8
vn -0.969748 0.240061 0.0442567
v -0.0452509 1.37499e-09 0.0688965 0.8 0.8 0.8
vn -0.998469 0.033193 0.0442567
v -0.0442621 -0.0094082 0.0688965 0.8 0.8 0.8
vn -0.983551 -0.175126 0.0442567
v -0.0413388 -0.0184052 0.0688965 0.8 0.8 0.8
vn -0.925647 -0.37579 0.0442567
v -0.0366088 -0.0265978 0.0688965 0.8 0.8 0.8
vn -0.827288 -0.560031 0.0442567
v -0.0302788 -0.033628 0.0688965 0.8 0.8 0.8
vn -0.692773 -0.719796 0.0442567
v -0.0226255 -0.0391885 0.0688965 0.8 0.8 0.8
vn -0.52798 -0.848103 0.0442567
v -0.0139833 -0.0430362 0.0688965 0.8 0.8 0.8
vn -0.340112 -0.939343 0.0442567
v -0.00473003 -0.045003 0.0688965 0.8 0.8 0.8
vn -0.13738 -0.989529 0.0442567
v 0.00472999 -0.045003 0.0688965 0.8 0.8 0.8
vn 0.0713572 -0.996469 0.0442567
v 0.0139833 -0.0430362 0.0688965 0.8 0.8 0.8
vn 0.276975 -0.959857 0.0442567
v 0.0226255 -0.0391885 0.0688965 0.8 0.8 0.8
vn 0.470488 -0.881296 0.0442567
v 0.0302788 -0.033628 0.0688965 0.8 0.8 0.8
vn 0.643439 -0.764217 0.0442567
v 0.0366088 -0.0265978 0.0688965 0.8 0.8 0.8
vn 0.788268 -0.613739 0.0442567
v 0.0413388 -0.0184052 0.0688965 0.8 0.8 0.8
vn 0.898646 -0.436437 0.0442567
v 0.0442621 -0.0094082 0.0688965 0.8 0.8 0.8
vn 0.969748 -0.240061 0.0442567
v 0.0418679 1.37499e-09 0.0486725 0.8 0.8 0.8
vn 0.984013 0.00779953 -0.177924
v 0.040953 0.00870483 0.0486725 0.8 0.8 0.8
vn 0.960889 0.212217 -0.177924
v 0.0382482 0.0170292 0.0486725 0.8 0.8 0.8
vn 0.895769 0.40736 -0.177924
v 0.0338718 0.0246093 0.0486725 0.8 0.8 0.8
vn 0.791499 0.584698 -0.177924
v 0.0280151 0.0311139 0.0486725 0.8 0.8 0.8
vn 0.652637 0.736483 -0.177924
v 0.0209339 0.0362587 0.0486725 0.8 0.8 0.8
vn 0.485252 0.85608 -0.177924
v 0.0129379 0.0398187 0.0486725 0.8 0.8 0.8
vn 0.296659 0.938262 -0.177924
v 0.00437637 0.0416386 0.0486725 0.8 0.8 0.8
vn 0.0951006 0.979438 -0.177924
v -0.0043764 0.0416386 0.0486725 0.8 0.8 0.8
vn -0.110614 0.977808 -0.177924
v -0.0129379 0.0398187 0.0486725 0.8 0.8 0.8
vn -0.311495 0.933442 -0.177924
v -0.020934 0.0362587 0.0486725 0.8 0.8 0.8
vn -0.498761 0.848281 -0.177924
v -0.0280151 0.0311139 0.0486725 0.8 0.8 0.8
vn -0.66423 0.726046 -0.177924
v -0.0338719 0.0246093 0.0486725 0.8 0.8 0.8
vn -0.800668 0.572079 -0.177924
v -0.0382482 0.0170292 0.0486725 0.8 0.8 0.8
vn -0.902113 0.393109 -0.177924
v -0.040953 0.00870483 0.0486725 0.8 0.8 0.8
vn -0.964132 0.196959 -0.177924
v -0.0418679 1.37499e-09 0.0486725 0.8 0.8 0.8
vn -0.984013 -0.00779953 -0.177924
v -0.040953 -0.00870483 0.0486725 0.8 0.8 0.8
vn -0.960889 -0.212217 -0.177924
v -0.0382482 -0.0170292 0.0486725 0.8 0.8 0.8
vn -0.895769 -0.40736 -0.177924
v -0.0338719 -0.0246093 0.0486725 0.8 0.8 0.8
vn -0.791499 -0.584698 -0.177924
v -0.0280151 -0.0311139 0.0486725 0.8 0.8 0.8
vn -0.652637 -0.736483 -0.177924
v -0.020934 -0.0362587 0.0486725 0.8 0.8 0.8
vn -0.485252 -0.85608 -0.177924
v -0.0129379 -0.0398187 0.0486725 0.8 0.8 0.8
vn -0.296659 -0.938262 -0.177924
v -0.0043764 -0.0416385 0.0486725 0.8 0.8 0.8
vn -0.0951006 -0.979438 -0.177924
v 0.00437637 -0.0416385 0.0486725 0.8 0.8 0.8
vn 0.110614 -0.977808 -0.177924
v 0.0129379 -0.0398187 0.0486725 0.8 0.8 0.8
vn 0.311495 -0.933442 -0.177924
v 0.0209339 -0.0362587 0.0486725 0.8 0.8 0.8
vn 0.498761 -0.848281 -0.177924
v 0.0280151 -0.0311139 0.0486725 0.8 0.8 0.8
vn 0.66423 -0.726046 -0.177924
v 0.0338718 -0.0246093 0.0486725 0.8 0.8 0.8
vn 0.800668 -0.572079 -0.177924
v 0.0382482 -0.0170292 0.0486725 0.8 0.8 0.8
vn 0.902113 -0.393109 -0.177924
v 0.040953 -0.00870483 0.0486725 0.8 0.8 0.8
vn 0.964132 -0.196959 -0.177924
v 0.0388808 1.37499e-09 0.033745 0.8 0.8 0.8
vn 0.9766 0.00791727 -0.214919
v 0.0380312 0.00808378 0.033745 0.8 0.8 0.8
vn 0.953613 0.210791 -0.214919
v 0.0355194 0.0158143 0.033745 0.8 0.8 0.8
vn 0.888948 0.404452 -0.214919
v 0.0314552 0.0228536 0.033745 0.8 0.8 0.8
vn 0.785432 0.580436 -0.214919
v 0.0260163 0.0288941 0.033745 0.8 0.8 0.8
vn 0.647589 0.731053 -0.214919
v 0.0194404 0.0336718 0.033745 0.8 0.8 0.8
vn 0.481443 0.849719 -0.214919
v 0.0120148 0.0369779 0.033745 0.8 0.8 0.8
vn 0.294256 0.931248 -0.214919
v 0.00406414 0.0386678 0.033745 0.8 0.8 0.8
vn 0.0942086 0.972078 -0.214919
v -0.00406417 0.0386678 0.033745 0.8 0.8 0.8
vn -0.109956 0.970422 -0.214919
v -0.0120148 0.0369779 0.033745 0.8 0.8 0.8
vn -0.309316 0.926355 -0.214919
v -0.0194404 0.0336718 0.033745 0.8 0.8 0.8
vn -0.495156 0.841802 -0.214919
v -0.0260164 0.0288941 0.033745 0.8 0.8 0.8
vn -0.659356 0.720457 -0.214919
v -0.0314553 0.0228536 0.033745 0.8 0.8 0.8
vn -0.794739 0.567626 -0.214919
v -0.0355194 0.0158143 0.033745 0.8 0.8 0.8
vn -0.895389 0.389986 -0.214919
v -0.0380312 0.00808378 0.033745 0.8 0.8 0.8
vn -0.956905 0.195302 -0.214919
v -0.0388808 1.37499e-09 0.033745 0.8 0.8 0.8
vn -0.9766 -0.00791727 -0.214919
v -0.0380312 -0.00808378 0.033745 0.8 0.8 0.8
vn -0.953613 -0.210791 -0.214919
v -0.0355194 -0.0158143 0.033745 0.8 0.8 0.8
vn -0.888948 -0.404452 -0.214919
v -0.0314553 -0.0228536 0.033745 0.8 0.8 0.8
vn -0.785432 -0.580436 -0.214919
v -0.0260164 -0.0288941 0.033745 0.8 0.8 0.8
vn -0.647589 -0.731053 -0.214919
v -0.0194404 -0.0336718 0.033745 0.8 0.8 0.8
vn -0.481443 -0.849719 -0.214919
v -0.0120148 -0.0369779 0.033745 0.8 0.8 0.8
vn -0.294256 -0.931248 -0.214919
v -0.00406417 -0.0386678 0.033745 0.8 0.8 0.8
vn -0.0942086 -0.972078 -0.214919
v 0.00406414 -0.0386678 0.033745 0.8 0.8 0.8
vn 0.109956 -0.970422 -0.214919
v 0.0120148 -0.0369779 0.033745 0.8 0.8 0.8
vn 0.309316 -0.926355 -0.214919
v 0.0194404 -0.0336718 0.033745 0.8 0.8 0.8
vn 0.495156 -0.841802 -0.214919
v 0.0260163 -0.0288941 0.033745 0.8 0.8 0.8
vn 0.659356 -0.720457 -0.214919
v 0.0314552 -0.0228536 0.033745 0.8 0.8 0.8
vn 0.794739 -0.567626 -0.214919
v 0.0355194 -0.0158143 0.033745 0.8 0.8 0.8
vn 0.895389 -0.389986 -0.214919
v 0.0380312 -0.00808378 0.033745 0.8 0.8 0.8
vn 0.956905 -0.195302 -0.214919
v 0.0361837 1.37499e-09 0.0229108 0.8 0.8 0.8
vn 0.963261 0.00806563 -0.268445
v 0.035393 0.00752302 0.0229108 0.8 0.8 0.8
vn 0.940535 0.208163 -0.268445
v 0.0330554 0.0147172 0.0229108 0.8 0.8 0.8
vn 0.876702 0.399162 -0.268445
v 0.0292732 0.0212682 0.0229108 0.8 0.8 0.8
vn 0.774554 0.572716 -0.268445
v 0.0242116 0.0268897 0.0229108 0.8 0.8 0.8
vn 0.638554 0.72124 -0.268445
v 0.0180918 0.031336 0.0229108 0.8 0.8 0.8
vn 0.474646 0.838242 -0.268445
v 0.0111814 0.0344127 0.0229108 0.8 0.8 0.8
vn 0.289993 0.918608 -0.268445
v 0.00378221 0.0359855 0.0229108 0.8 0.8 0.8
vn 0.0926668 0.958828 -0.268445
v -0.00378224 0.0359855 0.0229108 0.8 0.8 0.8
vn -0.10871 0.957141 -0.268445
v -0.0111814 0.0344127 0.0229108 0.8 0.8 0.8
vn -0.305335 0.913624 -0.268445
v -0.0180919 0.031336 0.0229108 0.8 0.8 0.8
vn -0.488616 0.830176 -0.268445
v -0.0242116 0.0268897 0.0229108 0.8 0.8 0.8
vn -0.650541 0.710446 -0.268445
v -0.0292732 0.0212682 0.0229108 0.8 0.8 0.8
vn -0.784036 0.559666 -0.268445
v -0.0330555 0.0147172 0.0229108 0.8 0.8 0.8
vn -0.883263 0.384425 -0.268445
v -0.035393 0.00752302 0.0229108 0.8 0.8 0.8
vn -0.943889 0.192384 -0.268445
v -0.0361837 1.37499e-09 0.0229108 0.8 0.8 0.8
vn -0.963261 -0.00806563 -0.268445
v -0.035393 -0.00752301 0.0229108 0.8 0.8 0.8
vn -0.940535 -0.208163 -0.268445
v -0.0330555 -0.0147172 0.0229108 0.8 0.8 0.8
vn -0.876702 -0.399162 -0.268445
v -0.0292732 -0.0212682 0.0229108 0.8 0.8 0.8
vn -0.774554 -0.572716 -0.268445
v -0.0242116 -0.0268897 0.0229108 0.8 0.8 0.8
vn -0.638554 -0.72124 -0.268445
v -0.0180919 -0.031336 0.0229108 0.8 0.8 0.8
vn -0.474646 -0.838242 -0.268445
v -0.0111814 -0.0344127 0.0229108 0.8 0.8 0.8
vn -0.289993 -0.918608 -0.268445
v -0.00378224 -0.0359855 0.0229108 0.8 0.8 0.8
vn -0.0926668 -0.958828 -0.268445
v 0.00378221 -0.0359855 0.0229108 0.8 0.8 0.8
vn 0.10871 -0.957141 -0.268445
v 0.0111814 -0.0344127 0.0229108 0.8 0.8 0.8
vn 0.305335 -0.913624 -0.268445
v 0.0180918 -0.031336 0.0229108 0.8 0.8 0.8
vn 0.488616 -0.830176 -0.268445
v 0.0242116 -0.0268897 0.0229108 0.8 0.8 0.8
vn 0.650541 -0.710446 -0.268445
v 0.0292732 -0.0212682 0.0229108 0.8 0.8 0.8
vn 0.784036 -0.559666 -0.268445
v 0.0330554 -0.0147172 0.0229108 0.8 0.8 0.8
vn 0.883263 -0.384425 -0.268445
v 0.035393 -0.00752301 0.0229108 0.8 0.8 0.8
vn 0.943889 -0.192384 -0.268445
v 0.0336952 1.37499e-09 0.015194 0.8 0.8 0.8
vn 0.938608 0.00819214 -0.344888
v 0.0329589 0.00700563 0.015194 0.8 0.8 0.8
vn 0.916394 0.203161 -0.344888
v 0.0307821 0.0137051 0.015194 0.8 0.8 0.8
vn 0.854129 0.38925 -0.344888
v 0.02726 0.0198056 0.015194 0.8 0.8 0.8
vn 0.754535 0.558328 -0.344888
v 0.0225465 0.0250404 0.015194 0.8 0.8 0.8
vn 0.621963 0.703003 -0.344888
v 0.0168476 0.0291809 0.015194 0.8 0.8 0.8
vn 0.462209 0.816954 -0.344888
v 0.0104124 0.0320461 0.015194 0.8 0.8 0.8
vn 0.282255 0.895201 -0.344888
v 0.00352209 0.0335106 0.015194 0.8 0.8 0.8
vn 0.089964 0.934323 -0.344888
v -0.00352212 0.0335106 0.015194 0.8 0.8 0.8
vn -0.106258 0.93261 -0.344888
v -0.0104124 0.0320461 0.015194 0.8 0.8 0.8
vn -0.297837 0.890138 -0.344888
v -0.0168476 0.0291809 0.015194 0.8 0.8 0.8
vn -0.476399 0.808762 -0.344888
v -0.0225465 0.0250404 0.015194 0.8 0.8 0.8
vn -0.634139 0.69204 -0.344888
v -0.02726 0.0198056 0.015194 0.8 0.8 0.8
vn -0.764165 0.545072 -0.344888
v -0.0307821 0.0137051 0.015194 0.8 0.8 0.8
vn -0.860793 0.374282 -0.344888
v -0.0329589 0.00700563 0.015194 0.8 0.8 0.8
vn -0.9198 0.187134 -0.344888
v -0.0336952 1.37499e-09 0.015194 0.8 0.8 0.8
vn -0.938608 -0.00819214 -0.344888
v -0.0329589 -0.00700563 0.015194 0.8 0.8 0.8
vn -0.916394 -0.203161 -0.344888
v -0.0307821 -0.0137051 0.015194 0.8 0.8 0.8
vn -0.854129 -0.38925 -0.344888
v -0.02726 -0.0198056 0.015194 0.8 0.8 0.8
vn -0.754535 -0.558328 -0.344888
v -0.0225465 -0.0250404 0.015194 0.8 0.8 0.8
vn -0.621963 -0.703003 -0.344888
v -0.0168476 -0.0291809 0.015194 0.8 0.8 0.8
vn -0.462209 -0.816954 -0.344888
v -0.0104124 -0.0320461 0.015194 0.8 0.8 0.8
vn -0.282255 -0.895201 -0.344888
v -0.00352212 -0.0335106 0.015194 0.8 0.8 0.8
vn -0.089964 -0.934323 -0.344888
v 0.00352209 -0.0335106 0.015194 0.8 0.8 0.8
vn 0.106258 -0.93261 -0.344888
v 0.0104124 -0.0320461 0.015194 0.8 0.8 0.8
vn 0.297837 -0.890138 -0.344888
v 0.0168476 -0.0291809 0.015194 0.8 0.8 0.8
vn 0.476399 -0.808762 -0.344888
v 0.0225465 -0.0250404 0.015194 0.8 0.8 0.8
vn 0.634139 -0.69204 -0.344888
v 0.02726 -0.0198056 0.015194 0.8 0.8 0.8
vn 0.764165 -0.545072 -0.344888
v 0.0307821 -0.0137051 0.015194 0.8 0.8 0.8
vn 0.860793 -0.374282 -0.344888
v 0.0329589 -0.00700563 0.015194 0.8 0.8 0.8
vn 0.9198 -0.187134 -0.344888
v 0.0313539 1.37499e-09 0.00981276 0.8 0.8 0.8
vn 0.892812 0.00819193 -0.450355
v 0.0306687 0.00651884 0.00981276 0.8 0.8 0.8
vn 0.871599 0.193639 -0.450355
v 0.0286432 0.0127528 0.00981276 0.8 0.8 0.8
vn 0.812292 0.370623 -0.450355
v 0.0253658 0.0184294 0.00981276 0.8 0.8 0.8
vn 0.717485 0.531409 -0.450355
v 0.0209798 0.0233005 0.00981276 0.8 0.8 0.8
vn 0.59132 0.66897 -0.450355
v 0.0156769 0.0271533 0.00981276 0.8 0.8 0.8
vn 0.439312 0.777294 -0.450355
v 0.00968887 0.0298193 0.00981276 0.8 0.8 0.8
vn 0.268103 0.851646 -0.450355
v 0.00327736 0.0311821 0.00981276 0.8 0.8 0.8
vn 0.0851772 0.888777 -0.450355
v -0.00327739 0.0311821 0.00981276 0.8 0.8 0.8
vn -0.101471 0.887065 -0.450355
v -0.0096889 0.0298193 0.00981276 0.8 0.8 0.8
vn -0.283685 0.846583 -0.450355
v -0.015677 0.0271533 0.00981276 0.8 0.8 0.8
vn -0.4535 0.769102 -0.450355
v -0.0209799 0.0233005 0.00981276 0.8 0.8 0.8
vn -0.603496 0.658007 -0.450355
v -0.0253658 0.0184294 0.00981276 0.8 0.8 0.8
vn -0.727115 0.518154 -0.450355
v -0.0286432 0.0127528 0.00981276 0.8 0.8 0.8
vn -0.818956 0.355656 -0.450355
v -0.0306687 0.00651884 0.00981276 0.8 0.8 0.8
vn -0.875005 0.177613 -0.450355
v -0.0313539 1.37499e-09 0.00981276 0.8 0.8 0.8
vn -0.892812 -0.00819193 -0.450355
v -0.0306687 -0.00651884 0.00981276 0.8 0.8 0.8
vn -0.871599 -0.193639 -0.450355
v -0.0286432 -0.0127528 0.00981276 0.8 0.8 0.8
vn -0.812292 -0.370623 -0.450355
v -0.0253658 -0.0184294 0.00981276 0.8 0.8 0.8
vn -0.717485 -0.531409 -0.450355
v -0.0209799 -0.0233005 0.00981276 0.8 0.8 0.8
vn -0.59132 -0.66897 -0.450355
v -0.015677 -0.0271533 0.00981276 0.8 0.8 0.8
vn -0.439312 -0.777294 -0.450355
v -0.0096889 -0.0298193 0.00981276 0.8 0.8 0.8
vn -0.268103 -0.851646 -0.450355
v -0.00327739 -0.0311821 0.00981276 0.8 0.8 0.8
vn -0.0851772 -0.888777 -0.450355
v 0.00327736 -0.0311821 0.00981276 0.8 0.8 0.8
vn 0.101471 -0.887065 -0.450355
v 0.00968887 -0.0298193 0.00981276 0.8 0.8 0.8
vn 0.283685 -0.846583 -0.450355
v 0.0156769 -0.0271533 0.00981276 0.8 0.8 0.8
vn 0.4535 -0.769102 -0.450355
v 0.0209798 -0.0233005 0.00981276 0.8 0.8 0.8
vn 0.603496 -0.658007 -0.450355
v 0.0253658 -0.0184294 0.00981276 0.8 0.8 0.8
vn 0.727115 -0.518154 -0.450355
v 0.0286432 -0.0127528 0.00981276 0.8 0.8 0.8
vn 0.818956 -0.355656 -0.450355
v 0.0306687 -0.00651884 0.00981276 0.8 0.8 0.8
vn 0.875005 -0.177613 -0.450355
v 0.029114 1.37499e-09 0.00614898 0.8 0.8 0.8
vn 0.81118 0.0078867 -0.584744
v 0.0284778 0.00605316 0.00614898 0.8 0.8 0.8
vn 0.791814 0.176368 -0.584744
v 0.026597 0.0118418 0.00614898 0.8 0.8 0.8
vn 0.737842 0.337141 -0.584744
v 0.0235538 0.0171128 0.00614898 0.8 0.8 0.8
vn 0.651622 0.48318 -0.584744
v 0.0194811 0.021636 0.00614898 0.8 0.8 0.8
vn 0.536924 0.608101 -0.584744
v 0.014557 0.0252135 0.00614898 0.8 0.8 0.8
vn 0.39876 0.706445 -0.584744
v 0.00899672 0.0276891 0.00614898 0.8 0.8 0.8
vn 0.243168 0.773915 -0.584744
v 0.00304323 0.0289546 0.00614898 0.8 0.8 0.8
vn 0.0769479 0.80756 -0.584744
v -0.00304326 0.0289546 0.00614898 0.8 0.8 0.8
vn -0.0926348 0.805911 -0.584744
v -0.00899675 0.0276891 0.00614898 0.8 0.8 0.8
vn -0.258169 0.769041 -0.584744
v -0.014557 0.0252135 0.00614898 0.8 0.8 0.8
vn -0.41242 0.698559 -0.584744
v -0.0194811 0.021636 0.00614898 0.8 0.8 0.8
vn -0.548646 0.597547 -0.584744
v -0.0235538 0.0171128 0.00614898 0.8 0.8 0.8
vn -0.660894 0.470419 -0.584744
v -0.026597 0.0118418 0.00614898 0.8 0.8 0.8
vn -0.744257 0.322732 -0.584744
v -0.0284779 0.00605316 0.00614898 0.8 0.8 0.8
vn -0.795093 0.160939 -0.584744
v -0.0291141 1.37499e-09 0.00614898 0.8 0.8 0.8
vn -0.81118 -0.0078867 -0.584744
v -0.0284779 -0.00605315 0.00614898 0.8 0.8 0.8
vn -0.791814 -0.176368 -0.584744
v -0.026597 -0.0118418 0.00614898 0.8 0.8 0.8
vn -0.737842 -0.337141 -0.584744
v -0.0235538 -0.0171128 0.00614898 0.8 0.8 0.8
vn -0.651622 -0.48318 -0.584744
v -0.0194811 -0.021636 0.00614898 0.8 0.8 0.8
vn -0.536924 -0.608101 -0.584744
v -0.014557 -0.0252135 0.00614898 0.8 0.8 0.8
vn -0.39876 -0.706445 -0.584744
v -0.00899675 -0.0276891 0.00614898 0.8 0.8 0.8
vn -0.243168 -0.773915 -0.584744
v -0.00304326 -0.0289546 0.00614898 0.8 0.8 0.8
vn -0.0769479 -0.80756 -0.584744
v 0.00304323 -0.0289546 0.00614898 0.8 0.8 0.8
vn 0.0926348 -0.805911 -0.584744
v 0.00899672 -0.0276891 0.00614898 0.8 0.8 0.8
vn 0.258169 -0.769041 -0.584744
v 0.014557 -0.0252135 0.00614898 0.8 0.8 0.8
vn 0.41242 -0.698559 -0.584744
v 0.0194811 -0.021636 0.00614898 0.8 0.8 0.8
vn 0.548646 -0.597547 -0.584744
v 0.0235538 -0.0171128 0.00614898 0.8 0.8 0.8
vn 0.660894 -0.470419 -0.584744
v 0.026597 -0.0118418 0.00614898 0.8 0.8 0.8
vn 0.744257 -0.322732 -0.584744
v 0.0284778 -0.00605315 0.00614898 0.8 0.8 0.8
vn 0.795093 -0.160939 -0.584744
v 0.0269425 1.37499e-09 0.00372191 0.8 0.8 0.8
vn 0.681839 0.00707752 -0.731468
v 0.0263537 0.00560166 0.00372191 0.8 0.8 0.8
vn 0.665467 0.148685 -0.731468
v 0.0246132 0.0109585 0.00372191 0.8 0.8 0.8
vn 0.620012 0.283794 -0.731468
v 0.0217969 0.0158364 0.00372191 0.8 0.8 0.8
vn 0.547459 0.406501 -0.731468
v 0.018028 0.0200222 0.00372191 0.8 0.8 0.8
vn 0.450979 0.511441 -0.731468
v 0.0134712 0.0233329 0.00372191 0.8 0.8 0.8
vn 0.33479 0.594028 -0.731468
v 0.00832567 0.0256238 0.00372191 0.8 0.8 0.8
vn 0.203969 0.650654 -0.731468
v 0.00281624 0.0267949 0.00372191 0.8 0.8 0.8
vn 0.0642328 0.678843 -0.731468
v -0.00281627 0.0267949 0.00372191 0.8 0.8 0.8
vn -0.0783103 0.677364 -0.731468
v -0.0083257 0.0256238 0.00372191 0.8 0.8 0.8
vn -0.217431 0.64628 -0.731468
v -0.0134713 0.0233329 0.00372191 0.8 0.8 0.8
vn -0.347049 0.586951 -0.731468
v -0.0180281 0.0200222 0.00372191 0.8 0.8 0.8
vn -0.461499 0.501969 -0.731468
v -0.0217969 0.0158364 0.00372191 0.8 0.8 0.8
vn -0.555779 0.395049 -0.731468
v -0.0246132 0.0109585 0.00372191 0.8 0.8 0.8
vn -0.625769 0.270863 -0.731468
v -0.0263537 0.00560166 0.00372191 0.8 0.8 0.8
vn -0.66841 0.134839 -0.731468
v -0.0269425 1.37499e-09 0.00372191 0.8 0.8 0.8
vn -0.681839 -0.00707752 -0.731468
v -0.0263537 -0.00560166 0.00372191 0.8 0.8 0.8
vn -0.665467 -0.148685 -0.731468
v -0.0246132 -0.0109585 0.00372191 0.8 0.8 0.8
vn -0.620012 -0.283794 -0.731468
v -0.0217969 -0.0158364 0.00372191 0.8 0.8 0.8
vn -0.547459 -0.406501 -0.731468
v -0.0180281 -0.0200222 0.00372191 0.8 0.8 0.8
vn -0.450979 -0.511441 -0.731468
v -0.0134713 -0.0233329 0.00372191 0.8 0.8 0.8
vn -0.33479 -0.594028 -0.731468
v -0.0083257 -0.0256238 0.00372191 0.8 0.8 0.8
vn -0.203969 -0.650654 -0.731468
v -0.00281627 -0.0267949 0.00372191 0.8 0.8 0.8
vn -0.0642328 -0.678843 -0.731468
v 0.00281624 -0.0267949 0.00372191 0.8 0.8 0.8
vn 0.0783103 -0.677364 -0.731468
v 0.00832567 -0.0256238 0.00372191 0.8 0.8 0.8
vn 0.217431 -0.64628 -0.731468
v 0.0134712 -0.0233329 0.00372191 0.8 0.8 0.8
vn 0.347049 -0.586951 -0.731468
v 0.018028 -0.0200222 0.00372191 0.8 0.8 0.8
vn 0.461499 -0.501969 -0.731468
v 0.0217969 -0.0158364 0.00372191 0.8 0.8 0.8
vn 0.555779 -0.395049 -0.731468
v 0.0246132 -0.0109585 0.00372191 0.8 0.8 0.8
vn 0.625769 -0.270863 -0.731468
v 0.0263537 -0.00560166 0.00372191 0.8 0.8 0.8
vn 0.66841 -0.134839 -0.731468
v 0.0248155 1.37499e-09 0.00216405 0.8 0.8 0.8
vn 0.514864 0.00574809 -0.857253
v 0.0242732 0.00515943 0.00216405 0.8 0.8 0.8
vn 0.502418 0.112669 -0.857253
v 0.02267 0.0100934 0.00216405 0.8 0.8 0.8
vn 0.468013 0.214665 -0.857253
v 0.0200761 0.0145862 0.00216405 0.8 0.8 0.8
vn 0.413155 0.30728 -0.857253
v 0.0166048 0.0184415 0.00216405 0.8 0.8 0.8
vn 0.340239 0.386465 -0.857253
v 0.0124077 0.0214908 0.00216405 0.8 0.8 0.8
vn 0.252454 0.448759 -0.857253
v 0.00766839 0.0236009 0.00216405 0.8 0.8 0.8
vn 0.153635 0.491441 -0.857253
v 0.00259391 0.0246795 0.00216405 0.8 0.8 0.8
vn 0.0481013 0.512644 -0.857253
v -0.00259394 0.0246795 0.00216405 0.8 0.8 0.8
vn -0.0595345 0.511442 -0.857253
v -0.00766842 0.0236009 0.00216405 0.8 0.8 0.8
vn -0.164568 0.487888 -0.857253
v -0.0124077 0.0214908 0.00216405 0.8 0.8 0.8
vn -0.26241 0.443011 -0.857253
v -0.0166048 0.0184415 0.00216405 0.8 0.8 0.8
vn -0.348783 0.378772 -0.857253
v -0.0200761 0.0145862 0.00216405 0.8 0.8 0.8
vn -0.419912 0.297979 -0.857253
v -0.0226701 0.0100934 0.00216405 0.8 0.8 0.8
vn -0.472689 0.204163 -0.857253
v -0.0242732 0.00515943 0.00216405 0.8 0.8 0.8
vn -0.504808 0.101424 -0.857253
v -0.0248155 1.37499e-09 0.00216405 0.8 0.8 0.8
vn -0.514864 -0.00574809 -0.857253
v -0.0242732 -0.00515942 0.00216405 0.8 0.8 0.8
vn -0.502418 -0.112669 -0.857253
v -0.0226701 -0.0100934 0.00216405 0.8 0.8 0.8
vn -0.468013 -0.214665 -0.857253
v -0.0200762 -0.0145862 0.00216405 0.8 0.8 0.8
vn -0.413155 -0.30728 -0.857253
v -0.0166048 -0.0184415 0.00216405 0.8 0.8 0.8
vn -0.340239 -0.386465 -0.857253
v -0.0124077 -0.0214908 0.00216405 0.8 0.8 0.8
vn -0.252454 -0.448759 -0.857253
v -0.00766842 -0.0236009 0.00216405 0.8 0.8 0.8
vn -0.153635 -0.491441 -0.857253
v -0.00259394 -0.0246795 0.00216405 0.8 0.8 0.8
vn -0.0481013 -0.512644 -0.857253
v 0.00259391 -0.0246795 0.00216405 0.8 0.8 0.8
vn 0.0595345 -0.511442 -0.857253
v 0.00766839 -0.0236009 0.00216405 0.8 0.8 0.8
vn 0.164568 -0.487888 -0.857253
v 0.0124077 -0.0214908 0.00216405 0.8 0.8 0.8
vn 0.26241 -0.443011 -0.857253
v 0.0166048 -0.0184415 0.00216405 0.8 0.8 0.8
vn 0.348783 -0.378772 -0.857253
v 0.0200761 -0.0145862 0.00216405 0.8 0.8 0.8
vn 0.419912 -0.297979 -0.857253
v 0.02267 -0.0100934 0.00216405 0.8 0.8 0.8
vn 0.472689 -0.204163 -0.857253
v 0.0242732 -0.00515942 0.00216405 0.8 0.8 0.8
vn 0.504808 -0.101424 -0.857253
v 0.0227166 1.37499e-09 0.00120023 0.8 0.8 0.8
vn 0.346961 0.00419783 -0.93787
v 0.0222202 0.00472305 0.00120023 0.8 0.8 0.8
vn 0.338507 0.0762434 -0.93787
v 0.0207526 0.00923967 0.00120023 0.8 0.8 0.8
vn 0.315258 0.144957 -0.93787
v 0.0183781 0.0133525 0.00120023 0.8 0.8 0.8
vn 0.27823 0.207335 -0.93787
v 0.0152004 0.0168817 0.00120023 0.8 0.8 0.8
vn 0.229043 0.260651 -0.93787
v 0.0113583 0.0196732 0.00120023 0.8 0.8 0.8
vn 0.169845 0.302576 -0.93787
v 0.0070198 0.0216048 0.00120023 0.8 0.8 0.8
vn 0.103225 0.331277 -0.93787
v 0.00237452 0.0225922 0.00120023 0.8 0.8 0.8
vn 0.0320925 0.345499 -0.93787
v -0.00237455 0.0225922 0.00120023 0.8 0.8 0.8
vn -0.0404422 0.344622 -0.93787
v -0.00701983 0.0216048 0.00120023 0.8 0.8 0.8
vn -0.111209 0.328683 -0.93787
v -0.0113583 0.0196732 0.00120023 0.8 0.8 0.8
vn -0.177116 0.298378 -0.93787
v -0.0152004 0.0168817 0.00120023 0.8 0.8 0.8
vn -0.235282 0.255034 -0.93787
v -0.0183781 0.0133525 0.00120023 0.8 0.8 0.8
vn -0.283165 0.200543 -0.93787
v -0.0207527 0.00923967 0.00120023 0.8 0.8 0.8
vn -0.318672 0.137287 -0.93787
v -0.0222202 0.00472305 0.00120023 0.8 0.8 0.8
vn -0.340252 0.0680312 -0.93787
v -0.0227166 1.37499e-09 0.00120023 0.8 0.8 0.8
vn -0.346961 -0.00419783 -0.93787
v -0.0222202 -0.00472305 0.00120023 0.8 0.8 0.8
vn -0.338507 -0.0762434 -0.93787
v -0.0207527 -0.00923967 0.00120023 0.8 0.8 0.8
vn -0.315258 -0.144957 -0.93787
v -0.0183781 -0.0133525 0.00120023 0.8 0.8 0.8
vn -0.27823 -0.207335 -0.93787
v -0.0152004 -0.0168817 0.00120023 0.8 0.8 0.8
vn -0.229043 -0.260651 -0.93787
v -0.0113583 -0.0196732 0.00120023 0.8 0.8 0.8
vn -0.169845 -0.302576 -0.93787
v -0.00701983 -0.0216048 0.00120023 0.8 0.8 0.8
vn -0.103225 -0.331277 -0.93787
v -0.00237455 -0.0225922 0.00120023 0.8 0.8 0.8
vn -0.0320925 -0.345499 -0.93787
v 0.00237452 -0.0225922 0.00120023 0.8 0.8 0.8
vn 0.0404422 -0.344622 -0.93787
v 0.0070198 -0.0216048 0.00120023 0.8 0.8 0.8
vn 0.111209 -0.328683 -0.93787
v 0.0113583 -0.0196732 0.00120023 0.8 0.8 0.8
vn 0.177116 -0.298378 -0.93787
v 0.0152004 -0.0168817 0.00120023 0.8 0.8 0.8
vn 0.235282 -0.255034 -0.93787
v 0.0183781 -0.0133525 0.00120023 0.8 0.8 0.8
vn 0.283165 -0.200543 -0.93787
v 0.0207526 -0.00923967 0.00120023 0.8 0.8 0.8
vn 0.318672 -0.137287 -0.93787
v 0.0222202 -0.00472305 0.00120023 0.8 0.8 0.8
vn 0.340252 -0.0680312 -0.93787
v 0.0206348 1.37499e-09 0.000629281 0.8 0.8 0.8
vn 0.211833 0.00279992 -0.977302
v 0.0201839 0.00429022 0.000629281 0.8 0.8 0.8
vn 0.206622 0.0467813 -0.977302
v 0.0188508 0.00839293 0.000629281 0.8 0.8 0.8
vn 0.19238 0.0887181 -0.977302
v 0.0166939 0.0121288 0.000629281 0.8 0.8 0.8
vn 0.169731 0.126777 -0.977302
v 0.0138074 0.0153346 0.000629281 0.8 0.8 0.8
vn 0.139663 0.159296 -0.977302
v 0.0103174 0.0178703 0.000629281 0.8 0.8 0.8
vn 0.103492 0.184853 -0.977302
v 0.00637649 0.0196249 0.000629281 0.8 0.8 0.8
vn 0.0627971 0.20233 -0.977302
v 0.00215691 0.0205218 0.000629281 0.8 0.8 0.8
vn 0.019358 0.210965 -0.977302
v -0.00215694 0.0205218 0.000629281 0.8 0.8 0.8
vn -0.0249272 0.21038 -0.977302
v -0.00637652 0.0196249 0.000629281 0.8 0.8 0.8
vn -0.0681229 0.2006 -0.977302
v -0.0103174 0.0178703 0.000629281 0.8 0.8 0.8
vn -0.108341 0.182053 -0.977302
v -0.0138074 0.0153346 0.000629281 0.8 0.8 0.8
vn -0.143825 0.155549 -0.977302
v -0.0166939 0.0121288 0.000629281 0.8 0.8 0.8
vn -0.173022 0.122247 -0.977302
v -0.0188508 0.00839293 0.000629281 0.8 0.8 0.8
vn -0.194658 0.0836024 -0.977302
v -0.0201839 0.00429022 0.000629281 0.8 0.8 0.8
vn -0.207786 0.0413038 -0.977302
v -0.0206348 1.37499e-09 0.000629281 0.8 0.8 0.8
vn -0.211833 -0.00279992 -0.977302
v -0.0201839 -0.00429022 0.000629281 0.8 0.8 0.8
vn -0.206622 -0.0467813 -0.977302
v -0.0188508 -0.00839293 0.000629281 0.8 0.8 0.8
vn -0.19238 -0.0887181 -0.977302
v -0.0166939 -0.0121288 0.000629281 0.8 0.8 0.8
vn -0.169731 -0.126777 -0.977302
v -0.0138074 -0.0153346 0.000629281 0.8 0.8 0.8
vn -0.139663 -0.159296 -0.977302
v -0.0103174 -0.0178703 0.000629281 0.8 0.8 0.8
vn -0.103492 -0.184853 -0.977302
v -0.00637652 -0.0196249 0.000629281 0.8 0.8 0.8
vn -0.0627971 -0.20233 -0.977302
v -0.00215694 -0.0205218 0.000629281 0.8 0.8 0.8
vn -0.019358 -0.210965 -0.977302
v 0.00215691 -0.0205218 0.000629281 0.8 0.8 0.8
vn 0.0249272 -0.21038 -0.977302
v 0.00637649 -0.0196249 0.000629281 0.8 0.8 0.8
vn 0.0681229 -0.2006 -0.977302
v 0.0103174 -0.0178703 0.000629281 0.8 0.8 0.8
vn 0.108341 -0.182053 -0.977302
v 0.0138074 -0.0153346 0.000629281 0.8 0.8 0.8
vn 0.143825 -0.155549 -0.977302
v 0.0166939 -0.0121288 0.000629281 0.8 0.8 0.8
vn 0.173022 -0.122247 -0.977302
v 0.0188508 -0.00839293 0.000629281 0.8 0.8 0.8
vn 0.194658 -0.0836024 -0.977302
v 0.0201839 -0.00429022 0.000629281 0.8 0.8 0.8
vn 0.207786 -0.0413038 -0.977302
v 0.0185629 1.37499e-09 0.000308214 0.8 0.8 0.8
vn 0.119029 0.00173411 -0.992889
v 0.0181572 0.00385944 0.000308214 0.8 0.8 0.8
vn 0.116067 0.0264437 -0.992889
v 0.016958 0.00755021 0.000308214 0.8 0.8 0.8
vn 0.108033 0.0499976 -0.992889
v 0.0150177 0.010911 0.000308214 0.8 0.8 0.8
vn 0.0952772 0.0713664 -0.992889
v 0.012421 0.0137949 0.000308214 0.8 0.8 0.8
vn 0.0783573 0.0896161 -0.992889
v 0.00928143 0.0160759 0.000308214 0.8 0.8 0.8
vn 0.0580127 0.103949 -0.992889
v 0.00573624 0.0176544 0.000308214 0.8 0.8 0.8
vn 0.0351327 0.113739 -0.992889
v 0.00194034 0.0184612 0.000308214 0.8 0.8 0.8
vn 0.0107173 0.118558 -0.992889
v -0.00194037 0.0184612 0.000308214 0.8 0.8 0.8
vn -0.0141665 0.118196 -0.992889
v -0.00573627 0.0176544 0.000308214 0.8 0.8 0.8
vn -0.0384312 0.112667 -0.992889
v -0.00928146 0.0160759 0.000308214 0.8 0.8 0.8
vn -0.0610163 0.102215 -0.992889
v -0.012421 0.0137949 0.000308214 0.8 0.8 0.8
vn -0.0809346 0.0872954 -0.992889
v -0.0150177 0.010911 0.000308214 0.8 0.8 0.8
vn -0.0973158 0.0685606 -0.992889
v -0.0169581 0.00755021 0.000308214 0.8 0.8 0.8
vn -0.109444 0.0468293 -0.992889
v -0.0181573 0.00385944 0.000308214 0.8 0.8 0.8
vn -0.116788 0.0230513 -0.992889
v -0.0185629 1.37499e-09 0.000308214 0.8 0.8 0.8
vn -0.119029 -0.00173411 -0.992889
v -0.0181573 -0.00385944 0.000308214 0.8 0.8 0.8
vn -0.116067 -0.0264437 -0.992889
v -0.0169581 -0.00755021 0.000308214 0.8 0.8 0.8
vn -0.108033 -0.0499976 -0.992889
v -0.0150177 -0.010911 0.000308214 0.8 0.8 0.8
vn -0.0952772 -0.0713664 -0.992889
v -0.012421 -0.0137949 0.000308214 0.8 0.8 0.8
vn -0.0783573 -0.0896161 -0.992889
v -0.00928146 -0.0160759 0.000308214 0.8 0.8 0.8
vn -0.0580127 -0.103949 -0.992889
v -0.00573627 -0.0176544 0.000308214 0.8 0.8 0.8
vn -0.0351327 -0.113739 -0.992889
v -0.00194037 -0.0184612 0.000308214 0.8 0.8 0.8
vn -0.0107173 -0.118558 -0.992889
v 0.00194034 -0.0184612 0.000308214 0.8 0.8 0.8
vn 0.0141665 -0.118196 -0.992889
v 0.00573624 -0.0176544 0.000308214 0.8 0.8 0.8
vn 0.0384312 -0.112667 -0.992889
v 0.00928143 -0.0160759 0.000308214 0.8 0.8 0.8
vn 0.0610163 -0.102215 -0.992889
v 0.012421 -0.0137949 0.000308214 0.8 0.8 0.8
vn 0.0809346 -0.0872954 -0.992889
v 0.0150177 -0.010911 0.000308214 0.8 0.8 0.8
vn 0.0973158 -0.0685606 -0.992889
v 0.016958 -0.00755021 0.000308214 0.8 0.8 0.8
vn 0.109444 -0.0468293 -0.992889
v 0.0181572 -0.00385944 0.000308214 0.8 0.8 0.8
vn 0.116788 -0.0230513 -0.992889
v 0.0164964 1.37499e-09 0.000138772 0.8 0.8 0.8
vn 0.0617845 0.00100224 -0.998089
v 0.0161359 0.0034298 0.000138772 0.8 0.8 0.8
vn 0.060226 0.0138261 -0.998089
v 0.0150702 0.00670969 0.000138772 0.8 0.8 0.8
vn 0.0560353 0.0260456 -0.998089
v 0.0133459 0.00969634 0.000138772 0.8 0.8 0.8
vn 0.0493956 0.0371269 -0.998089
v 0.0110382 0.0122592 0.000138772 0.8 0.8 0.8
vn 0.0405971 0.0465855 -0.998089
v 0.00824819 0.0142863 0.000138772 0.8 0.8 0.8
vn 0.0300243 0.0540081 -0.998089
v 0.00509765 0.015689 0.000138772 0.8 0.8 0.8
vn 0.0181393 0.0590703 -0.998089
v 0.00172433 0.016406 0.000138772 0.8 0.8 0.8
vn 0.0054615 0.0615509 -0.998089
v -0.00172436 0.016406 0.000138772 0.8 0.8 0.8
vn -0.00745499 0.0613413 -0.998089
v -0.00509768 0.015689 0.000138772 0.8 0.8 0.8
vn -0.0200457 0.0584509 -0.998089
v -0.00824821 0.0142863 0.000138772 0.8 0.8 0.8
vn -0.0317602 0.0530059 -0.998089
v -0.0110383 0.0122592 0.000138772 0.8 0.8 0.8
vn -0.0420867 0.0452442 -0.998089
v -0.0133459 0.00969634 0.000138772 0.8 0.8 0.8
vn -0.0505739 0.0355052 -0.998089
v -0.0150702 0.00670969 0.000138772 0.8 0.8 0.8
vn -0.0568506 0.0242145 -0.998089
v -0.0161359 0.0034298 0.000138772 0.8 0.8 0.8
vn -0.0606428 0.0118654 -0.998089
v -0.0164964 1.37499e-09 0.000138772 0.8 0.8 0.8
vn -0.0617845 -0.00100224 -0.998089
v -0.0161359 -0.00342979 0.000138772 0.8 0.8 0.8
vn -0.060226 -0.0138261 -0.998089
v -0.0150702 -0.00670969 0.000138772 0.8 0.8 0.8
vn -0.0560353 -0.0260456 -0.998089
v -0.0133459 -0.00969634 0.000138772 0.8 0.8 0.8
vn -0.0493956 -0.0371269 -0.998089
v -0.0110383 -0.0122592 0.000138772 0.8 0.8 0.8
vn -0.0405971 -0.0465855 -0.998089
v -0.00824822 -0.0142863 0.000138772 0.8 0.8 0.8
vn -0.0300243 -0.0540081 -0.998089
v -0.00509768 -0.015689 0.000138772 0.8 0.8 0.8
vn -0.0181393 -0.0590703 -0.998089
v -0.00172436 -0.016406 0.000138772 0.8 0.8 0.8
vn -0.0054615 -0.0615509 -0.998089
v 0.00172433 -0.016406 0.000138772 0.8 0.8 0.8
vn 0.00745499 -0.0613413 -0.998089
v 0.00509765 -0.015689 0.000138772 0.8 0.8 0.8
vn 0.0200457 -0.0584509 -0.998089
v 0.00824818 -0.0142863 0.000138772 0.8 0.8 0.8
vn 0.0317602 -0.0530059 -0.998089
v 0.0110382 -0.0122592 0.000138772 0.8 0.8 0.8
vn 0.0420867 -0.0452442 -0.998089
v 0.0133459 -0.00969634 0.000138772 0.8 0.8 0.8
vn 0.0505739 -0.0355052 -0.998089
v 0.0150702 -0.00670969 0.000138772 0.8 0.8 0.8
vn 0.0568506 -0.0242145 -0.998089
v 0.0161359 -0.00342979 0.000138772 0.8 0.8 0.8
vn 0.0606428 -0.0118654 -0.998089
v 0.0144326 1.37499e-09 5.61563e-05 0.8 0.8 0.8
vn 0.0293641 0.000536654 -0.999569
v 0.0141173 0.00300072 5.61563e-05 0.8 0.8 0.8
vn 0.0286109 0.00663008 -0.999569
v 0.0131849 0.00587029 5.61563e-05 0.8 0.8 0.8
vn 0.0266072 0.0124337 -0.999569
v 0.0116763 0.00848331 5.61563e-05 0.8 0.8 0.8
vn 0.0234407 0.017694 -0.999569
v 0.00965732 0.0107256 5.61563e-05 0.8 0.8 0.8
vn 0.0192496 0.0221809 -0.999569
v 0.00721632 0.0124991 5.61563e-05 0.8 0.8 0.8
vn 0.0142173 0.0256984 -0.999569
v 0.00445992 0.0137263 5.61563e-05 0.8 0.8 0.8
vn 0.00856363 0.0280928 -0.999569
v 0.00150861 0.0143536 5.61563e-05 0.8 0.8 0.8
vn 0.00253568 0.0292594 -0.999569
v -0.00150864 0.0143536 5.61563e-05 0.8 0.8 0.8
vn -0.0036031 0.0291472 -0.999569
v -0.00445995 0.0137263 5.61563e-05 0.8 0.8 0.8
vn -0.00958441 0.0277611 -0.999569
v -0.00721635 0.0124991 5.61563e-05 0.8 0.8 0.8
vn -0.0151468 0.0251618 -0.999569
v -0.00965735 0.0107256 5.61563e-05 0.8 0.8 0.8
vn -0.0200473 0.0214627 -0.999569
v -0.0116763 0.00848331 5.61563e-05 0.8 0.8 0.8
vn -0.0240715 0.0168257 -0.999569
v -0.0131849 0.00587029 5.61563e-05 0.8 0.8 0.8
vn -0.0270438 0.0114532 -0.999569
v -0.0141173 0.00300072 5.61563e-05 0.8 0.8 0.8
vn -0.028834 0.00558022 -0.999569
v -0.0144327 1.37499e-09 5.61563e-05 0.8 0.8 0.8
vn -0.0293641 -0.000536654 -0.999569
v -0.0141173 -0.00300072 5.61563e-05 0.8 0.8 0.8
vn -0.0286109 -0.00663008 -0.999569
v -0.0131849 -0.00587029 5.61563e-05 0.8 0.8 0.8
vn -0.0266072 -0.0124337 -0.999569
v -0.0116763 -0.00848331 5.61563e-05 0.8 0.8 0.8
vn -0.0234407 -0.017694 -0.999569
v -0.00965735 -0.0107256 5.61563e-05 0.8 0.8 0.8
vn -0.0192496 -0.0221809 -0.999569
v -0.00721635 -0.0124991 5.61563e-05 0.8 0.8 0.8
vn -0.0142173 -0.0256984 -0.999569
v -0.00445995 -0.0137263 5.61563e-05 0.8 0.8 0.8
vn -0.00856363 -0.0280928 -0.999569
v -0.00150864 -0.0143536 5.61563e-05 0.8 0.8 0.8
vn -0.00253568 -0.0292594 -0.999569
v 0.00150861 -0.0143536 5.61563e-05 0.8 0.8 0.8
vn 0.0036031 -0.0291472 -0.999569
v 0.00445992 -0.0137263 5.61563e-05 0.8 0.8 0.8
vn 0.00958441 -0.0277611 -0.999569
v 0.00721632 -0.0124991 5.61563e-05 0.8 0.8 0.8
vn 0.0151468 -0.0251618 -0.999569
v 0.00965732 -0.0107256 5.61563e-05 0.8 0.8 0.8
vn 0.0200473 -0.0214627 -0.999569
v 0.0116763 -0.00848331 5.61563e-05 0.8 0.8 0.8
vn 0.0240715 -0.0168257 -0.999569
v 0.0131849 -0.00587029 5.61563e-05 0.8 0.8 0.8
vn 0.0270438 -0.0114532 -0.999569
v 0.0141173 -0.00300072 5.61563e-05 0.8 0.8 0.8
vn 0.028834 -0.00558022 -0.999569
v 0.0123702 1.37499e-09 1.97586e-05 0.8 0.8 0.8
vn 0.0125244 0.000261477 -0.999922
v 0.0120999 0.00257191 1.97586e-05 0.8 0.8 0.8
vn 0.0121964 0.00285973 -0.999922
v 0.0113007 0.00503142 1.97586e-05 0.8 0.8 0.8
vn 0.0113353 0.00533301 -0.999922
v 0.0100077 0.00727103 1.97586e-05 0.8 0.8 0.8
vn 0.00997876 0.0075732 -0.999922
v 0.00827728 0.00919287 1.97586e-05 0.8 0.8 0.8
vn 0.00818615 0.00948241 -0.999922
v 0.00618509 0.0107129 1.97586e-05 0.8 0.8 0.8
vn 0.00603576 0.0109772 -0.999922
v 0.00382259 0.0117648 1.97586e-05 0.8 0.8 0.8
vn 0.00362157 0.0119922 -0.999922
v 0.00129303 0.0123025 1.97586e-05 0.8 0.8 0.8
vn 0.00104911 0.0124831 -0.999922
v -0.00129305 0.0123025 1.97586e-05 0.8 0.8 0.8
vn -0.0015692 0.0124285 -0.999922
v -0.00382262 0.0117648 1.97586e-05 0.8 0.8 0.8
vn -0.00411893 0.0118306 -0.999922
v -0.00618512 0.0107129 1.97586e-05 0.8 0.8 0.8
vn -0.00648865 0.0107157 -0.999922
v -0.00827731 0.00919287 1.97586e-05 0.8 0.8 0.8
vn -0.00857478 0.00913248 -0.999922
v -0.0100077 0.00727103 1.97586e-05 0.8 0.8 0.8
vn -0.0102861 0.00715012 -0.999922
v -0.0113008 0.00503142 1.97586e-05 0.8 0.8 0.8
vn -0.011548 0.00485526 -0.999922
v -0.0120999 0.00257191 1.97586e-05 0.8 0.8 0.8
vn -0.0123051 0.00234821 -0.999922
v -0.0123702 1.37499e-09 1.97586e-05 0.8 0.8 0.8
vn -0.0125244 -0.000261477 -0.999922
v -0.0120999 -0.00257191 1.97586e-05 0.8 0.8 0.8
vn -0.0121964 -0.00285973 -0.999922
v -0.0113008 -0.00503142 1.97586e-05 0.8 0.8 0.8
vn -0.0113353 -0.00533301 -0.999922
v -0.0100077 -0.00727103 1.97586e-05 0.8 0.8 0.8
vn -0.00997876 -0.0075732 -0.999922
v -0.00827731 -0.00919286 1.97586e-05 0.8 0.8 0.8
vn -0.00818615 -0.00948241 -0.999922
v -0.00618512 -0.0107129 1.97586e-05 0.8 0.8 0.8
vn -0.00603576 -0.0109772 -0.999922
v -0.00382262 -0.0117648 1.97586e-05 0.8 0.8 0.8
vn -0.00362157 -0.0119922 -0.999922
v -0.00129305 -0.0123025 1.97586e-05 0.8 0.8 0.8
vn -0.00104911 -0.0124831 -0.999922
v 0.00129302 -0.0123025 1.97586e-05 0.8 0.8 0.8
vn 0.0015692 -0.0124285 -0.999922
v 0.00382259 -0.0117648 1.97586e-05 0.8 0.8 0.8
vn 0.00411893 -0.0118306 -0.999922
v 0.00618509 -0.0107129 1.97586e-05 0.8 0.8 0.8
vn 0.00648865 -0.0107157 -0.999922
v 0.00827728 -0.00919286 1.97586e-05 0.8 0.8 0.8
vn 0.00857478 -0.00913248 -0.999922
v 0.0100077 -0.00727103 1.97586e-05 0.8 0.8 0.8
vn 0.0102861 -0.00715012 -0.999922
v 0.0113007 -0.00503142 1.97586e-05 0.8 0.8 0.8
vn 0.011548 -0.00485526 -0.999922
v 0.0120999 -0.00257191 1.97586e-05 0.8 0.8 0.8
vn 0.0123051 -0.00234821 -0.999922
v 0.0103083 1.37499e-09 5.74035e-06 0.8 0.8 0.8
vn 0.00464013 0.000112471 -0.999989
v 0.010083 0.00214322 5.74035e-06 0.8 0.8 0.8
vn 0.00451535 0.00107475 -0.999989
v 0.0094171 0.00419277 5.74035e-06 0.8 0.8 0.8
vn 0.00419322 0.00199006 -0.999989
v 0.00833958 0.00605907 5.74035e-06 0.8 0.8 0.8
vn 0.00368783 0.00281839 -0.999989
v 0.00689759 0.00766057 5.74035e-06 0.8 0.8 0.8
vn 0.00302127 0.00352355 -0.999989
v 0.00515414 0.00892726 5.74035e-06 0.8 0.8 0.8
vn 0.00222266 0.0040747 -0.999989
v 0.00318543 0.00980379 5.74035e-06 0.8 0.8 0.8
vn 0.00132691 0.00444778 -0.999989
v 0.0010775 0.0102518 5.74035e-06 0.8 0.8 0.8
vn 0.000373171 0.00462647 -0.999989
v -0.00107753 0.0102518 5.74035e-06 0.8 0.8 0.8
vn -0.00059688 0.00460295 -0.999989
v -0.00318546 0.00980379 5.74035e-06 0.8 0.8 0.8
vn -0.00154084 0.00437827 -0.999989
v -0.00515417 0.00892726 5.74035e-06 0.8 0.8 0.8
vn -0.00241747 0.00396223 -0.999989
v -0.00689762 0.00766057 5.74035e-06 0.8 0.8 0.8
vn -0.00318843 0.00337303 -0.999989
v -0.00833961 0.00605907 5.74035e-06 0.8 0.8 0.8
vn -0.00382005 0.00263641 -0.999989
v -0.00941712 0.00419277 5.74035e-06 0.8 0.8 0.8
vn -0.00428471 0.00178456 -0.999989
v -0.0100831 0.00214322 5.74035e-06 0.8 0.8 0.8
vn -0.00456211 0.000854724 -0.999989
v -0.0103083 1.37499e-09 5.74035e-06 0.8 0.8 0.8
vn -0.00464013 -0.000112471 -0.999989
v -0.0100831 -0.00214322 5.74035e-06 0.8 0.8 0.8
vn -0.00451535 -0.00107475 -0.999989
v -0.00941712 -0.00419277 5.74035e-06 0.8 0.8 0.8
vn -0.00419322 -0.00199006 -0.999989
v -0.00833961 -0.00605907 5.74035e-06 0.8 0.8 0.8
vn -0.00368783 -0.00281839 -0.999989
v -0.00689762 -0.00766057 5.74035e-06 0.8 0.8 0.8
vn -0.00302127 -0.00352355 -0.999989
v -0.00515417 -0.00892726 5.74035e-06 0.8 0.8 0.8
vn -0.00222266 -0.0040747 -0.999989
v -0.00318546 -0.00980379 5.74035e-06 0.8 0.8 0.8
vn -0.00132691 -0.00444778 -0.999989
v -0.00107753 -0.0102518 5.74035e-06 0.8 0.8 0.8
vn -0.000373171 -0.00462647 -0.999989
v 0.0010775 -0.0102518 5.74035e-06 0.8 0.8 0.8
vn 0.00059688 -0.00460295 -0.999989
v 0.00318543 -0.00980379 5.74035e-06 0.8 0.8 0.8
vn 0.00154084 -0.00437827 -0.999989
v 0.00515414 -0.00892726 5.74035e-06 0.8 0.8 0.8
vn 0.00241747 -0.00396223 -0.999989
v 0.00689759 -0.00766057 5.74035e-06 0.8 0.8 0.8
vn 0.00318843 -0.00337303 -0.999989
v 0.00833958 -0.00605907 5.74035e-06 0.8 0.8 0.8
vn 0.00382005 -0.00263641 -0.999989
v 0.0094171 -0.00419277 5.74035e-06 0.8 0.8 0.8
vn 0.00428471 -0.00178456 -0.999989
v 0.010083 -0.00214322 5.74035e-06 0.8 0.8 0.8
vn 0.00456211 -0.000854724 -0.999989
v 0.00824658 1.37499e-09 1.26014e-06 0.8 0.8 0.8
vn 0.00141875 4.06564e-05 -0.999999
v 0.00806637 0.00171457 1.26014e-06 0.8 0.8 0.8
vn 0.00137929 0.000334742 -0.999999
v 0.00753363 0.00335419 1.26014e-06 0.8 0.8 0.8
vn 0.00127955 0.000614197 -0.999999
v 0.00667162 0.00484723 1.26014e-06 0.8 0.8 0.8
vn 0.00112389 0.00086681 -0.999999
v 0.00551804 0.00612842 1.26014e-06 0.8 0.8 0.8
vn 0.000919113 0.00108154 -0.999999
v 0.00412328 0.00714176 1.26014e-06 0.8 0.8 0.8
vn 0.000674164 0.001249 -0.999999
v 0.00254832 0.00784298 1.26014e-06 0.8 0.8 0.8
vn 0.00039975 0.00136187 -0.999999
v 0.000861989 0.00820142 1.26014e-06 0.8 0.8 0.8
vn 0.000107866 0.00141522 -0.999999
v -0.000862019 0.00820142 1.26014e-06 0.8 0.8 0.8
vn -0.000188733 0.00140672 -0.999999
v -0.00254835 0.00784298 1.26014e-06 0.8 0.8 0.8
vn -0.000477083 0.00133674 -0.999999
v -0.00412331 0.00714176 1.26014e-06 0.8 0.8 0.8
vn -0.000744582 0.00120834 -0.999999
v -0.00551806 0.00612842 1.26014e-06 0.8 0.8 0.8
vn -0.00097954 0.00102713 -0.999999
v -0.00667165 0.00484723 1.26014e-06 0.8 0.8 0.8
vn -0.00117169 0.000801026 -0.999999
v -0.00753366 0.00335419 1.26014e-06 0.8 0.8 0.8
vn -0.00131263 0.000539915 -0.999999
v -0.0080664 0.00171457 1.26014e-06 0.8 0.8 0.8
vn -0.0013962 0.000255206 -0.999999
v -0.00824661 1.37499e-09 1.26014e-06 0.8 0.8 0.8
vn -0.00141875 -4.06564e-05 -0.999999
v -0.0080664 -0.00171456 1.26014e-06 0.8 0.8 0.8
vn -0.00137929 -0.000334742 -0.999999
v -0.00753366 -0.00335419 1.26014e-06 0.8 0.8 0.8
vn -0.00127955 -0.000614197 -0.999999
v -0.00667165 -0.00484723 1.26014e-06 0.8 0.8 0.8
vn -0.00112389 -0.00086681 -0.999999
v -0.00551806 -0.00612841 1.26014e-06 0.8 0.8 0.8
vn -0.000919113 -0.00108154 -0.999999
v -0.00412331 -0.00714176 1.26014e-06 0.8 0.8 0.8
vn -0.000674164 -0.001249 -0.999999
v -0.00254835 -0.00784298 1.26014e-06 0.8 0.8 0.8
vn -0.00039975 -0.00136187 -0.999999
v -0.000862019 -0.00820142 1.26014e-06 0.8 0.8 0.8
vn -0.000107866 -0.00141522 -0.999999
v 0.000861989 -0.00820142 1.26014e-06 0.8 0.8 0.8
vn 0.000188733 -0.00140672 -0.999999
v 0.00254832 -0.00784298 1.26014e-06 0.8 0.8 0.8
vn 0.000477083 -0.00133674 -0.999999
v 0.00412328 -0.00714176 1.26014e-06 0.8 0.8 0.8
vn 0.000744582 -0.00120834 -0.999999
v 0.00551803 -0.00612841 1.26014e-06 0.8 0.8 0.8
vn 0.00097954 -0.00102713 -0.999999
v 0.00667162 -0.00484723 1.26014e-06 0.8 0.8 0.8
vn 0.00117169 -0.000801026 -0.999999
v 0.00753363 -0.00335419 1.26014e-06 0.8 0.8 0.8
vn 0.00131263 -0.000539915 -0.999999
v 0.00806637 -0.00171456 1.26014e-06 0.8 0.8 0.8
vn 0.0013962 -0.000255206 -0.999999
v 0.00618492 1.37499e-09 1.73089e-07 0.8 0.8 0.8
vn 0.000329353 1.13581e-05 -1
v 0.00604977 0.00128592 1.73089e-07 0.8 0.8 0.8
vn 0.000319794 7.95862e-05 -1
v 0.00565021 0.00251564 1.73089e-07 0.8 0.8 0.8
vn 0.000296259 0.000144336 -1
v 0.0050037 0.00363542 1.73089e-07 0.8 0.8 0.8
vn 0.000259776 0.000202777 -1
v 0.00413852 0.00459631 1.73089e-07 0.8 0.8 0.8
vn 0.000211939 0.000252357 -1
v 0.00309245 0.00535631 1.73089e-07 0.8 0.8 0.8
vn 0.00015484 0.000290907 -1
v 0.00191124 0.00588223 1.73089e-07 0.8 0.8 0.8
vn 9.09733e-05 0.000316743 -1
v 0.000646487 0.00615106 1.73089e-07 0.8 0.8 0.8
vn 2.31308e-05 0.000328736 -1
v -0.000646517 0.00615106 1.73089e-07 0.8 0.8 0.8
vn -4.57226e-05 0.000326361 -1
v -0.00191127 0.00588223 1.73089e-07 0.8 0.8 0.8
vn -0.000112578 0.000309723 -1
v -0.00309248 0.00535631 1.73089e-07 0.8 0.8 0.8
vn -0.000174513 0.000279549 -1
v -0.00413855 0.00459631 1.73089e-07 0.8 0.8 0.8
vn -0.000228821 0.000237157 -1
v -0.00500373 0.00363542 1.73089e-07 0.8 0.8 0.8
vn -0.000273128 0.0001844 -1
v -0.00565024 0.00251564 1.73089e-07 0.8 0.8 0.8
vn -0.000305498 0.000123584 -1
v -0.0060498 0.00128592 1.73089e-07 0.8 0.8 0.8
vn -0.000324517 5.73663e-05 -1
v -0.00618495 1.37499e-09 1.73089e-07 0.8 0.8 0.8
vn -0.000329353 -1.13581e-05 -1
v -0.0060498 -0.00128592 1.73089e-07 0.8 0.8 0.8
vn -0.000319794 -7.95862e-05 -1
v -0.00565024 -0.00251564 1.73089e-07 0.8 0.8 0.8
vn -0.000296259 -0.000144336 -1
v -0.00500373 -0.00363541 1.73089e-07 0.8 0.8 0.8
vn -0.000259776 -0.000202777 -1
v -0.00413855 -0.0045963 1.73089e-07 0.8 0.8 0.8
vn -0.000211939 -0.000252357 -1
v -0.00309248 -0.00535631 1.73089e-07 0.8 0.8 0.8
vn -0.00015484 -0.000290907 -1
v -0.00191127 -0.00588222 1.73089e-07 0.8 0.8 0.8
vn -9.09733e-05 -0.000316743 -1
v -0.000646517 -0.00615105 1.73089e-07 0.8 0.8 0.8
vn -2.31308e-05 -0.000328736 -1
v 0.000646487 -0.00615105 1.73089e-07 0.8 0.8 0.8
vn 4.57226e-05 -0.000326361 -1
v 0.00191124 -0.00588222 1.73089e-07 0.8 0.8 0.8
vn 0.000112578 -0.000309723 -1
v 0.00309245 -0.00535631 1.73089e-07 0.8 0.8 0.8
vn 0.000174513 -0.000279549 -1
v 0.00413852 -0.0045963 1.73089e-07 0.8 0.8 0.8
vn 0.000228821 -0.000237157 -1
v 0.0050037 -0.00363541 1.73089e-07 0.8 0.8 0.8
vn 0.000273128 -0.0001844 -1
v 0.00565021 -0.00251564 1.73089e-07 0.8 0.8 0.8
vn 0.000305498 -0.000123584 -1
v 0.00604977 -0.00128592 1.73089e-07 0.8 0.8 0.8
vn 0.000324517 -5.73663e-05 -1
v 0.00412328 1.37499e-09 4.12735e-09 0.8 0.8 0.8
vn 5.01255e-05 2.10471e-06 -1
v 0.00403317 0.000857282 4.12735e-09 0.8 0.8 0.8
vn 4.85926e-05 1.24804e-05 -1
v 0.0037668 0.00167709 4.12735e-09 0.8 0.8 0.8
vn 4.49359e-05 2.23106e-05 -1
v 0.0033358 0.00242361 4.12735e-09 0.8 0.8 0.8
vn 3.93153e-05 3.11658e-05 -1
v 0.00275901 0.0030642 4.12735e-09 0.8 0.8 0.8
vn 3.19764e-05 3.86589e-05 -1
v 0.00206163 0.00357088 4.12735e-09 0.8 0.8 0.8
vn 2.324e-05 4.44624e-05 -1
v 0.00127415 0.00392148 4.12735e-09 0.8 0.8 0.8
vn 1.34879e-05 4.83226e-05 -1
v 0.000430986 0.0041007 4.12735e-09 0.8 0.8 0.8
vn 3.14637e-06 5.0071e-05 -1
v -0.000431016 0.0041007 4.12735e-09 0.8 0.8 0.8
vn -7.33273e-06 4.9631e-05 -1
v -0.00127418 0.00392148 4.12735e-09 0.8 0.8 0.8
vn -1.74913e-05 4.70218e-05 -1
v -0.00206166 0.00357088 4.12735e-09 0.8 0.8 0.8
vn -2.68855e-05 4.23576e-05 -1
v -0.00275903 0.0030642 4.12735e-09 0.8 0.8 0.8
vn -3.51046e-05 3.58422e-05 -1
v -0.00333583 0.00242361 4.12735e-09 0.8 0.8 0.8
vn -4.17895e-05 2.77603e-05 -1
v -0.00376683 0.00167709 4.12735e-09 0.8 0.8 0.8
vn -4.6648e-05 1.84651e-05 -1
v -0.0040332 0.000857282 4.12735e-09 0.8 0.8 0.8
vn -4.94678e-05 8.36297e-06 -1
v -0.00412331 1.37499e-09 4.12735e-09 0.8 0.8 0.8
vn -5.01255e-05 -2.10471e-06 -1
v -0.0040332 -0.000857279 4.12735e-09 0.8 0.8 0.8
vn -4.85926e-05 -1.24804e-05 -1
v -0.00376683 -0.00167709 4.12735e-09 0.8 0.8 0.8
vn -4.49359e-05 -2.23106e-05 -1
v -0.00333583 -0.00242361 4.12735e-09 0.8 0.8 0.8
vn -3.93153e-05 -3.11658e-05 -1
v -0.00275903 -0.0030642 4.12735e-09 0.8 0.8 0.8
vn -3.19764e-05 -3.86589e-05 -1
v -0.00206166 -0.00357087 4.12735e-09 0.8 0.8 0.8
vn -2.324e-05 -4.44624e-05 -1
v -0.00127418 -0.00392148 4.12735e-09 0.8 0.8 0.8
vn -1.34879e-05 -4.83226e-05 -1
v -0.000431016 -0.0041007 4.12735e-09 0.8 0.8 0.8
vn -3.14637e-06 -5.0071e-05 -1
v 0.000430986 -0.0041007 4.12735e-09 0.8 0.8 0.8
vn 7.33273e-06 -4.9631e-05 -1
v 0.00127415 -0.00392148 4.12735e-09 0.8 0.8 0.8
vn 1.74913e-05 -4.70218e-05 -1
v 0.00206163 -0.00357087 4.12735e-09 0.8 0.8 0.8
vn 2.68855e-05 -4.23576e-05 -1
v 0.00275901 -0.0030642 4.12735e-09 0.8 0.8 0.8
vn 3.51046e-05 -3.58422e-05 -1
v 0.0033358 -0.00242361 4.12735e-09 0.8 0.8 0.8
vn 4.17895e-05 -2.77603e-05 -1
v 0.0037668 -0.00167709 4.12735e-09 0.8 0.8 0.8
vn 4.6648e-05 -1.84651e-05 -1
v 0.00403317 -0.000857279 4.12735e-09 0.8 0.8 0.8
vn 4.94678e-05 -8.36297e-06 -1
v 0.00206163 1.37499e-09 -7.34483e-09 0.8 0.8 0.8
vn 3.72682e-06 1.94954e-07 -1
v 0.00201658 0.000428642 -7.34483e-09 0.8 0.8 0.8
vn 3.60484e-06 9.65542e-07 -1
v 0.00188339 0.000838548 -7.34483e-09 0.8 0.8 0.8
vn 3.32532e-06 1.69393e-06 -1
v 0.00166789 0.00121181 -7.34483e-09 0.8 0.8 0.8
vn 2.90047e-06 2.34829e-06 -1
v 0.0013795 0.0015321 -7.34483e-09 0.8 0.8 0.8
vn 2.34885e-06 2.90001e-06 -1
v 0.00103081 0.00178544 -7.34483e-09 0.8 0.8 0.8
vn 1.69457e-06 3.32499e-06 -1
v 0.000637069 0.00196074 -7.34483e-09 0.8 0.8 0.8
vn 9.66238e-07 3.60466e-06 -1
v 0.000215486 0.00205035 -7.34483e-09 0.8 0.8 0.8
vn 1.95673e-07 3.72678e-06 -1
v -0.000215515 0.00205035 -7.34483e-09 0.8 0.8 0.8
vn -5.83444e-07 3.68602e-06 -1
v -0.000637098 0.00196074 -7.34483e-09 0.8 0.8 0.8
vn -1.33706e-06 3.48417e-06 -1
v -0.00103084 0.00178544 -7.34483e-09 0.8 0.8 0.8
vn -2.03224e-06 3.13004e-06 -1
v -0.00137952 0.0015321 -7.34483e-09 0.8 0.8 0.8
vn -2.6386e-06 2.63911e-06 -1
v -0.00166792 0.00121181 -7.34483e-09 0.8 0.8 0.8
vn -3.12965e-06 2.03285e-06 -1
v -0.00188342 0.000838548 -7.34483e-09 0.8 0.8 0.8
vn -3.48391e-06 1.33773e-06 -1
v -0.00201661 0.000428642 -7.34483e-09 0.8 0.8 0.8
vn -3.68591e-06 5.84155e-07 -1
v -0.00206166 1.37499e-09 -7.34483e-09 0.8 0.8 0.8
vn -3.72682e-06 -1.94954e-07 -1
v -0.00201661 -0.000428639 -7.34483e-09 0.8 0.8 0.8
vn -3.60484e-06 -9.65542e-07 -1
v -0.00188342 -0.000838545 -7.34483e-09 0.8 0.8 0.8
vn -3.32532e-06 -1.69393e-06 -1
v -0.00166792 -0.0012118 -7.34483e-09 0.8 0.8 0.8
vn -2.90047e-06 -2.34829e-06 -1
v -0.00137952 -0.0015321 -7.34483e-09 0.8 0.8 0.8
vn -2.34885e-06 -2.90001e-06 -1
v -0.00103084 -0.00178544 -7.34483e-09 0.8 0.8 0.8
vn -1.69457e-06 -3.32499e-06 -1
v -0.000637098 -0.00196074 -7.34483e-09 0.8 0.8 0.8
vn -9.66238e-07 -3.60466e-06 -1
v -0.000215515 -0.00205035 -7.34483e-09 0.8 0.8 0.8
vn -1.95673e-07 -3.72678e-06 -1
v 0.000215486 -0.00205035 -7.34483e-09 0.8 0.8 0.8
vn 5.83444e-07 -3.68602e-06 -1
v 0.000637069 -0.00196074 -7.34483e-09 0.8 0.8 0.8
vn 1.33706e-06 -3.48417e-06 -1
v 0.00103081 -0.00178544 -7.34483e-09 0.8 0.8 0.8
vn 2.03224e-06 -3.13004e-06 -1
v 0.0013795 -0.0015321 -7.34483e-09 0.8 0.8 0.8
vn 2.6386e-06 -2.63911e-06 -1
v 0.00166789 -0.0012118 -7.34483e-09 0.8 0.8 0.8
vn 3.12965e-06 -2.03285e-06 -1
v 0.00188339 -0.000838545 -7.34483e-09 0.8 0.8 0.8
vn 3.48391e-06 -1.33773e-06 -1
v 0.00201658 -0.000428639 -7.34483e-09 0.8 0.8 0.8
vn 3.68591e-06 -5.84155e-07 -1
v -1.48181e-08 1.37499e-09 -7.45058e-09 0.8 0.8 0.8
vn 5.12943e-08 5.39125e-09 -1
v -1.48181e-08 1.37499e-09 -7.45058e-09 0.8 0.8 0.8
vn 4.90525e-08 1.59381e-08 -1
v -1.48181e-08 1.37499e-09 -7.45058e-09 0.8 0.8 0.8
vn 4.46669e-08 2.57884e-08 -1
v -1.48181e-08 1.37499e-09 -7.45058e-09 0.8 0.8 0.8
vn 3.83291e-08 3.45117e-08 -1
v -1.48181e-08 1.37499e-09 -7.45058e-09 0.8 0.8 0.8
vn 3.03161e-08 4.17266e-08 -1
v -1.48181e-08 1.37499e-09 -7.45058e-09 0.8 0.8 0.8
vn 2.09782e-08 4.71178e-08 -1
v -1.48181e-08 1.37499e-09 -7.45058e-09 0.8 0.8 0.8
vn 1.07234e-08 5.04498e-08 -1
v -1.48181e-08 1.37499e-09 -7.45058e-09 0.8 0.8 0.8
vn 8.79171e-16 5.15769e-08 -1
v -1.48181e-08 1.37499e-09 -7.45058e-09 0.8 0.8 0.8
vn -1.07234e-08 5.04498e-08 -1
v -1.48181e-08 1.37499e-09 -7.45058e-09 0.8 0.8 0.8
vn -2.09782e-08 4.71178e-08 -1
v -1.48181e-08 1.37499e-09 -7.45058e-09 0.8 0.8 0.8
vn -3.03161e-08 4.17266e-08 -1
v -1.48181e-08 1.37499e-09 -7.45058e-09 0.8 0.8 0.8
vn -3.83291e-08 3.45117e-08 -1
v -1.48181e-08 1.37499e-09 -7.45058e-09 0.8 0.8 0.8
vn -4.46669e-08 2.57884e-08 -1
v -1.48181e-08 1.37499e-09 -7.45058e-09 0.8 0.8 0.8
vn -4.90525e-08 1.59381e-08 -1
v -1.48181e-08 1.37499e-09 -7.45058e-09 0.8 0.8 0.8
vn -5.12943e-08 5.39125e-09 -1
v -1.48181e-08 1.37499e-09 -7.45058e-09 0.8 0.8 0.8
vn -5.12943e-08 -5.39125e-09 -1
v -1.48181e-08 1.37499e-09 -7.45058e-09 0.8 0.8 0.8
vn -4.90525e-08 -1.59381e-08 -1
v -1.48181e-08 1.37499e-09 -7.45058e-09 0.8 0.8 0.8
vn -4.46669e-08 -2.57884e-08 -1
v -1.48181e-08 1.37499e-09 -7.45058e-09 0.8 0.8 0.8
vn -3.83291e-08 -3.45117e-08 -1
v -1.48181e-08 1.37499e-09 -7.45058e-09 0.8 0.8 0.8
vn -3.03161e-08 -4.17266e-08 -1
v -1.48181e-08 1.37499e-09 -7.45058e-09 0.8 0.8 0.8
vn -2.09782e-08 -4.71178e-08 -1
v -1.48181e-08 1.37499e-09 -7.45058e-09 0.8 0.8 0.8
vn -1.07234e-08 -5.04498e-08 -1
v -1.48181e-08 1.37499e-09 -7.45058e-09 0.8 0.8 0.8
vn -8.79171e-16 -5.15769e-08 -1
v -1.48181e-08 1.37499e-09 -7.45058e-09 0.8 0.8 0.8
vn 1.07234e-08 -5.04498e-08 -1
v -1.48181e-08 1.37499e-09 -7.45058e-09 0.8 0.8 0.8
vn 2.09782e-08 -4.71178e-08 -1
v -1.48181e-08 1.37499e-09 -7.45058e-09 0.8 0.8 0.8
vn 3.03161e-08 -4.17266e-08 -1
v -1.48181e-08 1.37499e-09 -7.45058e-09 0.8 0.8 0.8
vn 3.83291e-08 -3.45117e-08 -1
v -1.48181e-08 1.37499e-09 -7.45058e-09 0.8 0.8 0.8
vn 4.46669e-08 -2.57884e-08 -1
v -1.48181e-08 1.37499e-09 -7.45058e-09 0.8 0.8 0.8
vn 4.90525e-08 -1.59381e-08 -1
v -1.48181e-08 1.37499e-09 -7.45058e-09 0.8 0.8 0.8
vn 5.12943e-08 -5.39125e-09 -1
f 2//2 31//31 1//1
f 32//32 31//31 2//2
f 3//3 32//32 2//2
f 33//33 32//32 3//3
f 4//4 33//33 3//3
f 34//34 33//33 4//4
f 5//5 34//34 4//4
f 35//35 34//34 5//5
f 6//6 35//35 5//5
f 36//36 35//35 6//6
f 7//7 36//36 6//6
f 37//37 36//36 7//7
f 8//8 37//37 7//7
f 38//38 37//37 8//8
f 9//9 38//38 8//8
f 39//39 38//38 9//9
f 10//10 39//39 9//9
f 40//40 39//39 10//10
f 11//11 40//40 10//10
f 41//41 40//40 11//11
f 12//12 41//41 11//11
f 42//42 41//41 12//12
f 13//13 42//42 12//12
f 43//43 42//42 13//13
f 14//14 43//43 13//13
f 44//44 43//43 14//14
f 15//15 44//44 14//14
f 45//45 44//44 15//15
f 16//16 45//45 15//15
f 46//46 45//45 16//16
f 17//17 46//46 16//16
f 47//47 46//46 17//17
f 18//18 47//47 17//17
f 48//48 47//47 18//18
f 19//19 48//48 18//18
f 49//49 48//48 19//19
f 20//20 49//49 19//19
f 50//50 49//49 20//20
f 21//21 50//50 20//20
f 51//51 50//50 21//21
f 22//22 51//51 21//21
f 52//52 51//51 22//22
f 23//23 52//52 22//22
f 53//53 52//52 23//23
f 24//24 53//53 23//23
f 54//54 53//53 24//24
f 25//25 54//54 24//24
f 55//55 54//54 25//25
f 26//26 55//55 25//25
f 56//56 55//55 26//26
f 27//27 56//56 26//26
f 57//57 56//56 27//27
f 28//28 57//57 27//27
f 58//58 57//57 28//28
f 29//29 58//58 28//28
f 59//59 58//58 29//29
f 30//30 59//59 29//29
f 60//60 59//59 30//30
f 1//1 60//60 30//30
f 31//31 60//60 1//1
f 32//32 61//61 31//31
f 62//62 61//61 32//32
f 33//33 62//62 32//32
f 63//63 62//62 33//33
f 34//34 63//63 33//33
f 64//64 63//63 34//34
f 35//35 64//64 34//34
f 65//65 64//64 35//35
f 36//36 65//65 35//35
f 66//66 65//65 36//36
f 37//37 66//66 36//36
f 67//67 66//66 37//37
f 38//38 67//67 37//37
f 68//68 67//67 38//38
f 39//39 68//68 38//38
f 69//69 68//68 39//39
f 40//40 69//69 39//39
f 70//70 69//69 40//40
f 41//41 70//70 40//40
f 71//71 70//70 41//41
f 42//42 71//71 41//41
f 72//72 71//71 42//42
f 43//43 72//72 42//42
f 73//73 72//72 43//43
f 44//44 73//73 43//43
f 74//74 73//73 44//44
f 45//45 74//74 44//44
f 75//75 74//74 45//45
f 46//46 75//75 45//45
f 76//76 75//75 46//46
f 47//47 76//76 46//46
f 77//77 76//76 47//47
f 48//48 77//77 47//47
f 78//78 77//77 48//48
f 49//49 78//78 48//48
f 79//79 78//78 49//49
f 50//50 79//79 49//49
f 80//80 79//79 50//50
f 51//51 80//80 50//50
f 81//81 80//80 51//51
f 52//52 81//81 51//51
f 82//82 81//81 52//52
f 53//53 82//82 52//52
f 83//83 82//82 53//53
f 54//54 83//83 53//53
f 84//84 83//83 54//54
f 55//55 84//84 54//54
f 85//85 84//84 55//55
f 56//56 85//85 55//55
f 86//86 85//85 56//56
f 57//57 86//86 56//56
f 87//87 86//86 57//57
f 58//58 87//87 57//57
f 88//88 87//87 58//58
f 59//59 88//88 58//58
f 89//89 88//88 59//59
f 60//60 89//89 59//59
f 90//90 89//89 60//60
f 31//31 90//90 60//60
f 61//61 90//90 31//31
f 62//62 91//91 61//61
f 92//92 91//91 62//62
f 63//63 92//92 62//62
f 93//93 92//92 63//63
f 64//64 93//93 63//63
f 94//94 93//93 64//64
f 65//65 94//94 64//64
f 95//95 94//94 65//65
f 66//66 95//95 65//65
f 96//96 95//95 66//66
f 67//67 96//96 66//66
f 97//97 96//96 67//67
f 68//68 97//97 67//67
f 98//98 97//97 68//68
f 69//69 98//98 68//68
f 99//99 98//98 69//69
f 70//70 99//99 69//69
f 100//100 99//99 70//70
f 71//71 100//100 70//70
f 101//101 100//100 71//71
f 72//72 101//101 71//71
f 102//102 101//101 72//72
f 73//73 102//102 72//72
f 103//103 102//102 73//73
f 74//74 103//103 73//73
f 104//104 103//103 74//74
f 75//75 104//104 74//74
f 105//105 104//104 75//75
f 76//76 105//105 75//75
f 106//106 105//105 76//76
f 77//77 106//106 76//76
f 107//107 106//106 77//77
f 78//78 107//107 77//77
f 108//108 107//107 78//78
f 79//79 108//108 78//78
f 109//109 108//108 79//79
f 80//80 109//109 79//79
f 110//110 109//109 80//80
f 81//81 110//110 80//80
f 111//111 110//110 81//81
f 82//82 111//111 81//81
f 112//112 111//111 82//82
f 83//83 112//112 82//82
f 113//113 112//112 83//83
f 84//84 113//113 83//83
f 114//114 113//113 84//84
f 85//85 114//114 84//84
f 115//115 114//114 85//85
f 86//86 115//115 85//85
f 116//116 115//115 86//86
f 87//87 116//116 86//86
f 117//117 116//116 87//87
f 88//88 117//117 87//87
f 118//118 117//117 88//88
f 89//89 118//118 88//88
f 119//119 118//118 89//89
f 90//90 119//119 89//89
f 120//120 119//119 90//90
f 61//61 120//120 90//90
f 91//91 120//120 61//61
f 92//92 121//121 91//91
f 122//122 121//121 92//92
f 93//93 122//122 92//92
f 123//123 122//122 93//93
f 94//94 123//123 93//93
f 124//124 123//123 94//94
f 95//95 124//124 94//94
f 125//125 124//124 95//95
f 96//96 125//125 95//95
f 126//126 125//125 96//96
f 97//97 126//126 96//96
f 127//127 126//126 97//97
f 98//98 127//127 97//97
f 128//128 127//127 98//98
f 99//99 128//128 98//98
f 129//129 128//128 99//99
f 100//100 129//129 99//99
f 130//130 129//129 100//100
f 101//101 130//130 100//100
f 131//131 130//130 101//101
f 102//102 131//131 101//101
f 132//132 131//131 102//102
f 103//103 132//132 102//102
f 133//133 132//132 103//103
f 104//104 133//133 103//103
f 134//134 133//133 104//104
f 105//105 134//134 104//104
f 135//135 134//134 105//105
f 106//106 135//135 105//105
f 136//136 135//135 106//106
f 107//107 136//136 106//106
f 137//137 136//136 107//107
f 108//108 137//137 107//107
f 138//138 137//137 108//108
f 109//109 138//138 108//108
f 139//139 138//138 109//109
f 110//110 139//139 109//109
f 140//140 139//139 110//110
f 111//111 140//140 110//110
f 141//141 140//140 111//111
f 112//112 141//141 111//111
f 142//142 141//141 112//112
f 113//113 142//142 112//112
f 143//143 142//142 113//113
f 114//114 143//143 113//113
f 144//144 143//143 114//114
f 115//115 144//144 114//114
f 145//145 144//144 115//115
f 116//116 145//145 115//115
f 146//146 145//145 116//116
f 117//117 146//146 116//116
f 147//147 146//146 117//117
f 118//118 147//147 117//117
f 148//148 147//147 118//118
f 119//119 148//148 118//118
f 149//149 148//148 119//119
f 120//120 149//149 119//119
f 150//150 149//149 120//120
f 91//91 150//150 120//120
f 121//121 150//150 91//91
f 122//122 151//151 121//121
f 152//152 151//151 122//122
f 123//123 152//152 122//122
f 153//153 152//152 123//123
f 124//124 153//153 123//123
f 154//154 153//153 124//124
f 125//125 154//154 124//124
f 155//155 154//154 125//125
f 126//126 155//155 125//125
f 156//156 155//155 126//126
f 127//127 156//156 126//126
f 157//157 156//156 127//127
f 128//128 157//157 127//127
f 158//158 157//157 128//128
f 129//129 158//158 128//128
f 159//159 158//158 129//129
f 130//130 159//159 129//129
f 160//160 159//159 130//130
f 131//131 160//160 130//130
f 161//161 160//160 131//131
f 132//132 161//161 131//131
f 162//162 161//161 132//132
f 133//133 162//162 132//132
f 163//163 162//162 133//133
f 134//134 163//163 133//133
f 164//164 163//163 134//134
f 135//135 164//164 134//134
f 165//165 164//164 135//135
f 136//136 165//165 135//135
f 166//166 165//165 136//136
f 137//137 166//166 136//136
f 167//167 166//166 137//137
f 138//138 167//167 137//137
f 168//168 167//167 138//138
f 139//139 168//168 138//138
f 169//169 168//168 139//139
f 140//140 169//169 139//139
f 170//170 169//169 140//140
f 141//141 170//170 140//140
f 171//171 170//170 141//141
f 142//142 171//171 141//141
f 172//172 171//171 142//142
f 143//143 172//172 142//142
f 173//173 172//172 143//143
f 144//144 173//173 143//143
f 174//174 173//173 144//144
f 145//145 174//174 144//144
f 175//175 174//174 145//145
f 146//146 175//175 145//145
f 176//176 175//175 146//146
f 147//147 176//176 146//146
f 177//177 176//176 147//147
f 148//148 177//177 147//147
f 178//178 177//177 148//148
f 149//149 178//178 148//148
f 179//179 178//178 149//149
f 150//150 179//179 149//149
f 180//180 179//179 150//150
f 121//121 180//180 150//150
f 151//151 180//180 121//121
f 152//152 181//181 151//151
f 182//182 181//181 152//152
f 153//153 182//182 152//152
f 183//183 182//182 153//153
f 154//154 183//183 153//153
f 184//184 183//183 154//154
f 155//155 184//184 154//154
f 185//185 184//184 155//155
f 156//156 185//185 155//155
f 186//186 185//185 156//156
f 157//157 186//186 156//156
f 187//187 186//186 157//157
f 158//158 187//187 157//157
f 188//188 187//187 158//158
f 159//159 188//188 158//158
f 189//189 188//188 159//159
f 160//160 189//189 159//159
f 190//190 189//189 160//160
f 161//161 190//190 160//160
f 191//191 190//190 161//161
f 162//162 191//191 161//161
f 192//192 191//191 162//162
f 163//163 192//192 162//162
f 193//193 192//192 163//163
f 164//164 193//193 163//163
f 194//194 193//193 164//164
f 165//165 194//194 164//164
f 195//195 194//194 165//165
f 166//166 195//195 165//165
f 196//196 195//195 166//166
f 167//167 196//196 166//166
f 197//197 196//196 167//167
f 168//168 197//197 167//167
f 198//198 197//197 168//168
f 169//169 198//198 168//168
f 199//199 198//198 169//169
f 170//170 199//199 169//169
f 200//200 199//199 170//170
f 171//171 200//200 170//170
f 201//201 200//200 171//171
f 172//172 201//201 171//171
f 202//202 201//201 172//172
f 173//173 202//202 172//172
f 203//203 202//202 173//173
f 174//174 203//203 173//173
f 204//204 203//203 174//174
f 175//175 204//204 174//174
f 205//205 204//204 175//175
f 176//176 205//205 175//175
f 206//206 205//205 176//176
f 177//177 206//206 176//176
f 207//207 206//206 177//177
f 178//178 207//207 177//177
f 208//208 207//207 178//178
f 179//179 208//208 178//178
f 209//209 208//208 179//179
f 180//180 209//209 179//179
f 210//210 209//209 180//180
f 151//151 210//210 180//180
f 181//181 210//210 151//151
f 182//182 211//211 181//181
f 212//212 211//211 182//182
f 183//183 212//212 182//182
f 213//213 212//212 183//183
f 184//184 213//213 183//183
f 214//214 213//213 184//184
f 185//185 214//214 184//184
f 215//215 214//214 185//185
f 186//186 215//215 185//185
f 216//216 215//215 186//186
f 187//187 216//216 186//186
f 217//217 216//216 187//187
f 188//188 217//217 187//187
f 218//218 217//217 188//188
f 189//189 218//218 188//188
f 219//219 218//218 189//189
f 190//190 219//219 189//189
f 220//220 219//219 190//190
f 191//191 220//220 190//190
f 221//221 220//220 191//191
f 192//192 221//221 191//191
f 222//222 221//221 192//192
f 193//193 222//222 192//192
f 223//223 222//222 193//193
f 194//194 223//223 193//193
f 224//224 223//223 194//194
f 195//195 224//224 194//194
f 225//225 224//224 195//195
f 196//196 225//225 195//195
f 226//226 225//225 196//196
f 197//197 226//226 196//196
f 227//227 226//226 197//197
f 198//198 227//227 197//197
f 228//228 227//227 198//198
f 199//199 228//228 198//198
f 229//229 228//228 199//199
f 200//200 229//229 199//199
f 230//230 229//229 200//200
f 201//201 230//230 200//200
f 231//231 230//230 201//201
f 202//202 231//231 201//201
f 232//232 231//231 202//202
f 203//203 232//232 202//202
f 233//233 232//232 203//203
f 204//204 233//233 203//203
f 234//234 233//233 204//204
f 205//205 234//234 204//204
f 235//235 234//234 205//205
f 206//206 235//235 205//205
f 236//236 235//235 206//206
f 207//207 236//236 206//206
f 237//237 236//236 207//207
f 208//208 237//237 207//207
f 238//238 237//237 208//208
f 209//209 238//238 208//208
f 239//239 238//238 209//209
f 210//210 239//239 209//209
f 240//240 239//239 210//210
f 181//181 240//240 210//210
f 211//211 240//240 181//181
f 212//212 241//241 211//211
f 242//242 241//241 212//212
f 213//213 242//242 212//212
f 243//243 242//242 213//213
f 214//214 243//243 213//213
f 244//244 243//243 214//214
f 215//215 244//244 214//214
f 245//245 244//244 215//215
f 216//216 245//245 215//215
f 246//246 245//245 216//216
f 217//217 246//246 216//216
f 247//247 246//246 217//217
f 218//218 247//247 217//217
f 248//248 247//247 218//218
f 219//219 248//248 218//218
f 249//249 248//248 219//219
f 220//220 249//249 219//219
f 250//250 249//249 220//220
f 221//221 250//250 220//220
f 251//251 250//250 221//221
f 222//222 251//251 221//221
f 252//252 251//251 222//222
f 223//223 252//252 222//222
f 253//253 252//252 223//223
f 224//224 253//253 223//223
f 254//254 253//253 224//224
f 225//225 254//254 224//224
f 255//255 254//254 225//225
f 226//226 255//255 225//225
f 256//256 255//255 226//226
f 227//227 256//256 226//226
f 257//257 256//256 227//227
f 228//228 257//257 227//227
f 258//258 257//257 228//228
f 229//229 258//258 228//228
f 259//259 258//258 229//229
f 230//230 259//259 229//229
f 260//260 259//259 230//230
f 231//231 260//260 230//230
f 261//261 260//260 231//231
f 232//232 261//261 231//231
f 262//262 261//261 232//232
f 233//233 262//262 232//232
f 263//263 262//262 233//233
f 234//234 263//263 233//233
f 264//264 263//263 234//234
f 235//235 264//264 234//234
f 265//265 264//264 235//235
f 236//236 265//265 235//235
f 266//266 265//265 236//236
f 237//237 266//266 236//236
f 267//267 266//266 237//237
f 238//238 267//267 237//237
f 268//268 267//267 238//238
f 239//239 268//268 238//238
f 269//269 268//268 239//239
f 240//240 269//269 239//239
f 270//270 269//269 240//240
f 211//211 270//270 240//240
f 241//241 270//270 211//211
f 242//242 271//271 241//241
f 272//272 271//271 242//242
f 243//243 272//272 242//242
f 273//273 272//272 243//243
f 244//244 273//273 243//243
f 274//274 273//273 244//244
f 245//245 274//274 244//244
f 275//275 274//274 245//245
f 246//246 275//275 245//245
f 276//276 275//275 246//246
f 247//247 276//276 246//246
f 277//277 276//276 247//247
f 248//248 277//277 247//247
f 278//278 277//277 248//248
f 249//249 278//278 248//248
f 279//279 278//278 249//249
f 250//250 279//279 249//249
f 280//280 279//279 250//250
f 251//251 280//280 250//250
f 281//281 280//280 251//251
f 252//252 281//281 251//251
f 282//282 281//281 252//252
f 253//253 282//282 252//252
f 283//283 282//282 253//253
f 254//254 283//283 253//253
f 284//284 283//283 254//254
f 255//255 284//284 254//254
f 285//285 284//284 255//255
f 256//256 285//285 255//255
f 286//286 285//285 256//256
f 257//257 286//286 256//256
f 287//287 286//286 257//257
f 258//258 287//287 257//257
f 288//288 287//287 258//258
f 259//259 288//288 258//258
f 289//289 288//288 259//259
f 260//260 289//289 259//259
f 290//290 289//289 260//260
f 261//261 290//290 260//260
f 291//291 290//290 261//261
f 262//262 291//291 261//261
f 292//292 291//291 262//262
f 263//263 292//292 262//262
f 293//293 292//292 263//263
f 264//264 293//293 263//263
f 294//294 293//293 264//264
f 265//265 294//294 264//264
f 295//295 294//294 265//265
f 266//266 295//295 265//265
f 296//296 295//295 266//266
f 267//267 296//296 266//266
f 297//297 296//296 267//267
f 268//268 297//297 267//267
f 298//298 297//297 268//268
f 269//269 298//298 268//268
f 299//299 298//298 269//269
f 270//270 299//299 269//269
f 300//300 299//299 270//270
f 241//241 300//300 270//270
f 271//271 300//300 241//241
f 272//272 301//301 271//271
f 302//302 301//301 272//272
f 273//273 302//302 272//272
f 303//303 302//302 273//273
f 274//274 303//303 273//273
f 304//304 303//303 274//274
f 275//275 304//304 274//274
f 305//305 304//304 275//275
f 276//276 305//305 275//275
f 306//306 305//305 276//276
f 277//277 306//306 276//276
f 307//307 306//306 277//277
f 278//278 307//307 277//277
f 308//308 307//307 278//278
f 279//279 308//308 278//278
f 309//309 308//308 279//279
f 280//280 309//309 279//279
f 310//310 309//309 280//280
f 281//281 310//310 280//280
f 311//311 310//310 281//281
f 282//282 311//311 281//281
f 312//312 311//311 282//282
f 283//283 312//312 282//282
f 313//313 312//312 283//283
f 284//284 313//313 283//283
f 314//314 313//313 284//284
f 285//285 314//314 284//284
f 315//315 314//314 285//285
f 286//286 315//315 285//285
f 316//316 315//315 286//286
f 287//287 316//316 286//286
f 317//317 316//316 287//287
f 288//288 317//317 287//287
f 318//318 317//317 288//288
f 289//289 318//318 288//288
f 319//319 318//318 289//289
f 290//290 319//319 289//289
f 320//320 319//319 290//290
f 291//291 320//320 290//290
f 321//321 320//320 291//291
f 292//292 321//321 291//291
f 322//322 321//321 292//292
f 293//293 322//322 292//292
f 323//323 322//322 293//293
f 294//294 323//323 293//293
f 324//324 323//323 294//294
f 295//295 324//324 294//294
f 325//325 324//324 295//295
f 296//296 325//325 295//295
f 326//326 325//325 296//296
f 297//297 326//326 296//296
f 327//327 326//326 297//297
f 298//298 327//327 297//297
f 328//328 327//327 298//298
f 299//299 328//328 298//298
f 329//329 328//328 299//299
f 300//300 329//329 299//299
f 330//330 329//329 300//300
f 271//271 330//330 300//300
f 301//301 330//330 271//271
f 302//302 331//331 301//301
f 332//332 331//331 302//302
f 303//303 332//332 302//302
f 333//333 332//332 303//303
f 304//304 333//333 303//303
f 334//334 333//333 304//304
f 305//305 334//334 304//304
f 335//335 334//334 305//305
f 306//306 335//335 305//305
f 336//336 335//335 306//306
f 307//307 336//336 306//306
f 337//337 336//336 307//307
f 308//308 337//337 307//307
f 338//338 337//337 308//308
f 309//309 338//338 308//308
f 339//339 338//338 309//309
f 310//310 339//339 309//309
f 340//340 339//339 310//310
f 311//311 340//340 310//310
f 341//341 340//340 311//311
f 312//312 341//341 311//311
f 342//342 341//341 312//312
f 313//313 342//342 312//312
f 343//343 342//342 313//313
f 314//314 343//343 313//313
f 344//344 343//343 314//314
f 315//315 344//344 314//314
f 345//345 344//344 315//315
f 316//316 345//345 315//315
f 346//346 345//345 316//316
f 317//317 346//346 316//316
f 347//347 346//346 317//317
f 318//318 347//347 317//317
f 348//348 347//347 318//318
f 319//319 348//348 318//318
f 349//349 348//348 319//319
f 320//320 349//349 319//319
f 350//350 349//349 320//320
f 321//321 350//350 320//320
f 351//351 350//350 321//321
f 322//322 351//351 321//321
f 352//352 351//351 322//322
f 323//323 352//352 322//322
f 353//353 352//352 323//323
f 324//324 353//353 323//323
f 354//354 353//353 324//324
f 325//325 354//354 324//324
f 355//355 354//354 325//325
f 326//326 355//355 325//325
f 356//356 355//355 326//326
f 327//327 356//356 326//326
f 357//357 356//356 327//327
f 328//328 357//357 327//327
f 358//358 357//357 328//328
f 329//329 358//358 328//328
f 359//359 358//358 329//329
f 330//330 359//359 329//329
f 360//360 359//359 330//330
f 301//301 360//360 330//330
f 331//331 360//360 301//301
f 332//332 361//361 331//331
f 362//362 361//361 332//332
f 333//333 362//362 332//332
f 363//363 362//362 333//333
f 334//334 363//363 333//333
f 364//364 363//363 334//334
f 335//335 364//364 334//334
f 365//365 364//364 335//335
f 336//336 365//365 335//335
f 366//366 365//365 336//336
f 337//337 366//366 336//336
f 367//367 366//366 337//337
f 338//338 367//367 337//337
f 368//368 367//367 338//338
f 339//339 368//368 338//338
f 369//369 368//368 339//339
f 340//340 369//369 339//339
f 370//370 369//369 340//340
f 341//341 370//370 340//340
f 371//371 370//370 341//341
f 342//342 371//371 341//341
f 372//372 371//371 342//342
f 343//343 372//372 342//342
f 373//373 372//372 343//343
f 344//344 373//373 343//343
f 374//374 373//373 344//344
f 345//345 374//374 344//344
f 375//375 374//374 345//345
f 346//346 375//375 345//345
f 376//376 375//375 346//346
f 347//347 376//376 346//346
f 377//377 376//376 347//347
f 348//348 377//377 347//347
f 378//378 377//377 348//348
f 349//349 378//378 348//348
f 379//379 378//378 349//349
f 350//350 379//379 349//349
f 380//380 379//379 350//350
f 351//351 380//380 350//350
f 381//381 380//380 351//351
f 352//352 381//381 351//351
f 382//382 381//381 352//352
f 353//353 382//382 352//352
f 383//383 382//382 353//353
f 354//354 383//383 353//353
f 384//384 383//383 354//354
f 355//355 384//384 354//354
f 385//385 384//384 355//355
f 356//356 385//385 355//355
f 386//386 385//385 356//356
f 357//357 386//386 356//356
f 387//387 386//386 357//357
f 358//358 387//387 357//357
f 388//388 387//387 358//358
f 359//359 388//388 358//358
f 389//389 388//388 359//359
f 360//360 389//389 359//359
f 390//390 389//389 360//360
f 331//331 390//390 360//360
f 361//361 390//390 331//331
f 362//362 391//391 361//361
f 392//392 391//391 362//362
f 363//363 392//392 362//362
f 393//393 392//392 363//363
f 364//364 393//393 363//363
f 394//394 393//393 364//364
f 365//365 394//394 364//364
f 395//395 394//394 365//365
f 366//366 395//395 365//365
f 396//396 395//395 366//366
f 367//367 396//396 366//366
f 397//397 396//396 367//367
f 368//368 397//397 367//367
f 398//398 397//397 368//368
f 369//369 398//398 368//368
f 399//399 398//398 369//369
f 370//370 399//399 369//369
f 400//400 399//399 370//370
f 371//371 400//400 370//370
f 401//401 400//400 371//371
f 372//372 401//401 371//371
f 402//402 401//401 372//372
f 373//373 402//402 372//372
f 403//403 402//402 373//373
f 374//374 403//403 373//373
f 404//404 403//403 374//374
f 375//375 404//404 374//374
f 405//405 404//404 375//375
f 376//376 405//405 375//375
f 406//406 405//405 376//376
f 377//377 406//406 376//376
f 407//407 406//406 377//377
f 378//378 407//407 377//377
f 408//408 407//407 378//378
f 379//379 408//408 378//378
f 409//409 408//408 379//379
f 380//380 409//409 379//379
f 410//410 409//409 380//380
f 381//381 410//410 380//380
f 411//411 410//410 381//381
f 382//382 411//411 381//381
f 412//412 411//411 382//382
f 383//383 412//412 382//382
f 413//413 412//412 383//383
f 384//384 413//413 383//383
f 414//414 413//413 384//384
f 385//385 414//414 384//384
f 415//415 414//414 385//385
f 386//386 415//415 385//385
f 416//416 415//415 386//386
f 387//387 416//416 386//386
f 417//417 416//416 387//387
f 388//388 417//417 387//387
f 418//418 417//417 388//388
f 389//389 418//418 388//388
f 419//419 418//418 389//389
f 390//390 419//419 389//389
f 420//420 419//419 390//390
f 361//361 420//420 390//390
f 391//391 420//420 361//361
f 392//392 421//421 391//391
f 422//422 421//421 392//392
f 393//393 422//422 392//392
f 423//423 422//422 393//393
f 394//394 423//423 393//393
f 424//424 423//423 394//394
f 395//395 424//424 394//394
f 425//425 424//424 395//395
f 396//396 425//425 395//395
f 426//426 425//425 396//396
f 397//397 426//426 396//396
f 427//427 426//426 397//397
f 398//398 427//427 397//397
f 428//428 427//427 398//398
f 399//399 428//428 398//398
f 429//429 428//428 399//399
f 400//400 429//429 399//399
f 430//430 429//429 400//400
f 401//401 430//430 400//400
f 431//431 430//430 401//401
f 402//402 431//431 401//401
f 432//432 431//431 402//402
f 403//403 432//432 402//402
f 433//433 432//432 403//403
f 404//404 433//433 403//403
f 434//434 433//433 404//404
f 405//405 434//434 404//404
f 435//435 434//434 405//405
f 406//406 435//435 405//405
f 436//436 435//435 406//406
f 407//407 436//436 406//406
f 437//437 436//436 407//407
f 408//408 437//437 407//407
f 438//438 437//437 408//408
f 409//409 438//438 408//408
f 439//439 438//438 409//409
f 410//410 439//439 409//409
f 440//440 439//439 410//410
f 411//411 440//440 410//410
f 441//441 440//440 411//411
f 412//412 441//441 411//411
f 442//442 441//441 412//412
f 413//413 442//442 412//412
f 443//443 442//442 413//413
f 414//414 443//443 413//413
f 444//444 443//443 414//414
f 415//415 444//444 414//414
f 445//445 444//444 415//415
f 416//416 445//445 415//415
f 446//446 445//445 416//416
f 417//417 446//446 416//416
f 447//447 446//446 417//417
f 418//418 447//447 417//417
f 448//448 447//447 418//418
f 419//419 448//448 418//418
f 449//449 448//448 419//419
f 420//420 449//449 419//419
f 450//450 449//449 420//420
f 391//391 450//450 420//420
f 421//421 450//450 391//391
f 422//422 451//451 421//421
f 452//452 451//451 422//422
f 423//423 452//452 422//422
f 453//453 452//452 423//423
f 424//424 453//453 423//423
f 454//454 453//453 424//424
f 425//425 454//454 424//424
f 455//455 454//454 425//425
f 426//426 455//455 425//425
f 456//456 455//455 426//426
f 427//427 456//456 426//426
f 457//457 456//456 427//427
f 428//428 457//457 427//427
f 458//458 457//457 428//428
f 429//429 458//458 428//428
f 459//459 458//458 429//429
f 430//430 459//459 429//429
f 460//460 459//459 430//430
f 431//431 460//460 430//430
f 461//461 460//460 431//431
f 432//432 461//461 431//431
f 462//462 461//461 432//432
f 433//433 462//462 432//432
f 463//463 462//462 433//433
f 434//434 463//463 433//433
f 464//464 463//463 434//434
f 435//435 464//464 434//434
f 465//465 464//464 435//435
f 436//436 465//465 435//435
f 466//466 465//465 436//436
f 437//437 466//466 436//436
f 467//467 466//466 437//437
f 438//438 467//467 437//437
f 468//468 467//467 438//438
f 439//439 468//468 438//438
f 469//469 468//468 439//439
f 440//440 469//469 439//439
f 470//470 469//469 440//440
f 441//441 470//470 440//440
f 471//471 470//470 441//441
f 442//442 471//471 441//441
f 472//472 471//471 442//442
f 443//443 472//472 442//442
f 473//473 472//472 443//443
f 444//444 473//473 443//443
f 474//474 473//473 444//444
f 445//445 474//474 444//444
f 475//475 474//474 445//445
f 446//446 475//475 445//445
f 476//476 475//475 446//446
f 447//447 476//476 446//446
f 477//477 476//476 447//447
f 448//448 477//477 447//447
f 478//478 477//477 448//448
f 449//449 478//478 448//448
f 479//479 478//478 449//449
f 450//450 479//479 449//449
f 480//480 479//479 450//450
f 421//421 480//480 450//450
f 451//451 480//480 421//421
f 452//452 481//481 451//451
f 482//482 481//481 452//452
f 453//453 482//482 452//452
f 483//483 482//482 453//453
f 454//454 483//483 453//453
f 484//484 483//483 454//454
f 455//455 484//484 454//454
f 485//485 484//484 455//455
f 456//456 485//485 455//455
f 486//486 485//485 456//456
f 457//457 486//486 456//456
f 487//487 486//486 457//457
f 458//458 487//487 457//457
f 488//488 487//487 458//458
f 459//459 488//488 458//458
f 489//489 488//488 459//459
f 460//460 489//489 459//459
f 490//490 489//489 460//460
f 461//461 490//490 460//460
f 491//491 490//490 461//461
f 462//462 491//491 461//461
f 492//492 491//491 462//462
f 463//463 492//492 462//462
f 493//493 492//492 463//463
f 464//464 493//493 463//463
f 494//494 493//493 464//464
f 465//465 494//494 464//464
f 495//495 494//494 465//465
f 466//466 495//495 465//465
f 496//496 495//495 466//466
f 467//467 496//496 466//466
f 497//497 496//496 467//467
f 468//468 497//497 467//467
f 498//498 497//497 468//468
f 469//469 498//498 468//468
f 499//499 498//498 469//469
f 470//470 499//499 469//469
f 500//500 499//499 470//470
f 471//471 500//500 470//470
f 501//501 500//500 471//471
f 472//472 501//501 471//471
f 502//502 501//501 472//472
f 473//473 502//502 472//472
f 503//503 502//502 473//473
f 474//474 503//503 473//473
f 504//504 503//503 474//474
f 475//475 504//504 474//474
f 505//505 504//504 475//475
f 476//476 505//505 475//475
f 506//506 505//505 476//476
f 477//477 506//506 476//476
f 507//507 506//506 477//477
f 478//478 507//507 477//477
f 508//508 507//507 478//478
f 479//479 508//508 478//478
f 509//509 508//508 479//479
f 480//480 509//509 479//479
f 510//510 509//509 480//480
f 451//451 510//510 480//480
f 481//481 510//510 451//451
f 482//482 511//511 481//481
f 512//512 511//511 482//482
f 483//483 512//512 482//482
f 513//513 512//512 483//483
f 484//484 513//513 483//483
f 514//514 513//513 484//484
f 485//485 514//514 484//484
f 515//515 514//514 485//485
f 486//486 515//515 485//485
f 516//516 515//515 486//486
f 487//487 516//516 486//486
f 517//517 516//516 487//487
f 488//488 517//517 487//487
f 518//518 517//517 488//488
f 489//489 518//518 488//488
f 519//519 518//518 489//489
f 490//490 519//519 489//489
f 520//520 519//519 490//490
f 491//491 520//520 490//490
f 521//521 520//520 491//491
f 492//492 521//521 491//491
f 522//522 521//521 492//492
f 493//493 522//522 492//492
f 523//523 522//522 493//493
f 494//494 523//523 493//493
f 524//524 523//523 494//494
f 495//495 524//524 494//494
f 525//525 524//524 495//495
f 496//496 525//525 495//495
f 526//526 525//525 496//496
f 497//497 526//526 496//496
f 527//527 526//526 497//497
f 498//498 527//527 497//497
f 528//528 527//527 498//498
f 499//499 528//528 498//498
f 529//529 528//528 499//499
f 500//500 529//529 499//499
f 530//530 529//529 500//500
f 501//501 530//530 500//500
f 531//531 530//530 501//501
f 502//502 531//531 501//501
f 532//532 531//531 502//502
f 503//503 532//532 502//502
f 533//533 532//532 503//503
f 504//504 533//533 503//503
f 534//534 533//533 504//504
f 505//505 534//534 504//504
f 535//535 534//534 505//505
f 506//506 535//535 505//505
f 536//536 535//535 506//506
f 507//507 536//536 506//506
f 537//537 536//536 507//507
f 508//508 537//537 507//507
f 538//538 537//537 508//508
f 509//509 538//538 508//508
f 539//539 538//538 509//509
f 510//510 539//539 509//509
f 540//540 539//539 510//510
f 481//481 540//540 510//510
f 511//511 540//540 481//481
f 512//512 541//541 511//511
f 542//542 541//541 512//512
f 513//513 542//542 512//512
f 543//543 542//542 513//513
f 514//514 543//543 513//513
f 544//544 543//543 514//514
f 515//515 544//544 514//514
f 545//545 544//544 515//515
f 516//516 545//545 515//515
f 546//546 545//545 516//516
f 517//517 546//546 516//516
f 547//547 546//546 517//517
f 518//518 547//547 517//517
f 548//548 547//547 518//518
f 519//519 548//548 518//518
f 549//549 548//548 519//519
f 520//520 549//549 519//519
f 550//550 549//549 520//520
f 521//521 550//550 520//520
f 551//551 550//550 521//521
f 522//522 551//551 521//521
f 552//552 551//551 522//522
f 523//523 552//552 522//522
f 553//553 552//552 523//523
f 524//524 553//553 523//523
f 554//554 553//553 524//524
f 525//525 554//554 524//524
f 555//555 554//554 525//525
f 526//526 555//555 525//525
f 556//556 555//555 526//526
f 527//527 556//556 526//526
f 557//557 556//556 527//527
f 528//528 557//557 527//527
f 558//558 557//557 528//528
f 529//529 558//558 528//528
f 559//559 558//558 529//529
f 530//530 559//559 529//529
f 560//560 559//559 530//530
f 531//531 560//560 530//530
f 561//561 560//560 531//531
f 532//532 561//561 531//531
f 562//562 561//561 532//532
f 533//533 562//562 532//532
f 563//563 562//562 533//533
f 534//534 563//563 533//533
f 564//564 563//563 534//534
f 535//535 564//564 534//534
f 565//565 564//564 535//535
f 536//536 565//565 535//535
f 566//566 565//565 536//536
f 537//537 566//566 536//536
f 567//567 566//566 537//537
f 538//538 567//567 537//537
f 568//568 567//567 538//538
f 539//539 568//568 538//538
f 569//569 568//568 539//539
f 540//540 569//569 539//539
f 570//570 569//569 540//540
f 511//511 570//570 540//540
f 541//541 570//570 511//511
f 542//542 571//571 541//541
f 572//572 571//571 542//542
f 543//543 572//572 542//542
f 573//573 572//572 543//543
f 544//544 573//573 543//543
f 574//574 573//573 544//544
f 545//545 574//574 544//544
f 575//575 574//574 545//545
f 546//546 575//575 545//545
f 576//576 575//575 546//546
f 547//547 576//576 546//546
f 577//577 576//576 547//547
f 548//548 577//577 547//547
f 578//578 577//577 548//548
f 549//549 578//578 548//548
f 579//579 578//578 549//549
f 550//550 579//579 549//549
f 580//580 579//579 550//550
f 551//551 580//580 550//550
f 581//581 580//580 551//551
f 552//552 581//581 551//551
f 582//582 581//581 552//552
f 553//553 582//582 552//552
f 583//583 582//582 553//553
f 554//554 583//583 553//553
f 584//584 583//583 554//554
f 555//555 584//584 554//554
f 585//585 584//584 555//555
f 556//556 585//585 555//555
f 586//586 585//585 556//556
f 557//557 586//586 556//556
f 587//587 586//586 557//557
f 558//558 587//587 557//557
f 588//588 587//587 558//558
f 559//559 588//588 558//558
f 589//589 588//588 559//559
f 560//560 589//589 559//559
f 590//590 589//589 560//560
f 561//561 590//590 560//560
f 591//591 590//590 561//561
f 562//562 591//591 561//561
f 592//592 591//591 562//562
f 563//563 592//592 562//562
f 593//593 592//592 563//563
f 564//564 593//593 563//563
f 594//594 593//593 564//564
f 565//565 594//594 564//564
f 595//595 594//594 565//565
f 566//566 595//595 565//565
f 596//596 595//595 566//566
f 567//567 596//596 566//566
f 597//597 596//596 567//567
f 568//568 597//597 567//567
f 598//598 597//597 568//568
f 569//569 598//598 568//568
f 599//599 598//598 569//569
f 570//570 599//599 569//569
f 600//600 599//599 570//570
f 541//541 600//600 570//570
f 571//571 600//600 541//541
f 572//572 601//601 571//571
f 602//602 601//601 572//572
f 573//573 602//602 572//572
f 603//603 602//602 573//573
f 574//574 603//603 573//573
f 604//604 603//603 574//574
f 575//575 604//604 574//574
f 605//605 604//604 575//575
f 576//576 605//605 575//575
f 606//606 605//605 576//576
f 577//577 606//606 576//576
f 607//607 606//606 577//577
f 578//578 607//607 577//577
f 608//608 607//607 578//578
f 579//579 608//608 578//578
f 609//609 608//608 579//579
f 580//580 609//609 579//579
f 610//610 609//609 580//580
f 581//581 610//610 580//580
f 611//611 610//610 581//581
f 582//582 611//611 581//581
f 612//612 611//611 582//582
f 583//583 612//612 582//582
f 613//613 612//612 583//583
f 584//584 613//613 583//583
f 614//614 613//613 584//584
f 585//585 614//614 584//584
f 615//615 614//614 585//585
f 586//586 615//615 585//585
f 616//616 615//615 586//586
f 587//587 616//616 586//586
f 617//617 616//616 587//587
f 588//588 617//617 587//587
f 618//618 617//617 588//588
f 589//589 618//618 588//588
f 619//619 618//618 589//589
f 590//590 619//619 589//589
f 620//620 619//619 590//590
f 591//591 620//620 590//590
f 621//621 620//620 591//591
f 592//592 621//621 591//591
f 622//622 621//621 592//592
f 593//593 622//622 592//592
f 623//623 622//622 593//593
f 594//594 623//623 593//593
f 624//624 623//623 594//594
f 595//595 624//624 594//594
f 625//625 624//624 595//595
f 596//596 625//625 595//595
f 626//626 625//625 596//596
f 597//597 626//626 596//596
f 627//627 626//626 597//597
f 598//598 627//627 597//597
f 628//628 627//627 598//598
f 599//599 628//628 598//598
f 629//629 628//628 599//599
f 600//600 629//629 599//599
f 630//630 629//629 600//600
f 571//571 630//630 600//600
f 601//601 630//630 571//571
f 661//661 632//632 631//631
f 661//661 662//662 632//632
f 662//662 633//633 632//632
f 662//662 663//663 633//633
f 663//663 634//634 633//633
f 663//663 664//664 634//634
f 664//664 635//635 634//634
f 664//664 665//665 635//635
f 665//665 636//636 635//635
f 665//665 666//666 636//636
f 666//666 637//637 636//636
f 666//666 667//667 637//637
f 667//667 638//638 637//637
f 667//667 668//668 638//638
f 668//668 639//639 638//638
f 668//668 669//669 639//639
f 669//669 640//640 639//639
f 669//669 670//670 640//640
f 670//670 641//641 640//640
f 670//670 671//671 641//641
f 671//671 642//642 641//641
f 671//671 672//672 642//642
f 672//672 643//643 642//642
f 672//672 673//673 643//643
f 673//673 644//644 643//643
f 673//673 674//674 644//644
f 674//674 645//645 644//644
f 674//674 675//675 645//645
f 675//675 646//646 645//645
f 675//675 676//676 646//646
f 676//676 647//647 646//646
f 676//676 677//677 647//647
f 677//677 648//648 647//647
f 677//677 678//678 648//648
f 678//678 649//649 648//648
f 678//678 679//679 649//649
f 679//679 650//650 649//649
f 679//679 680//680 650//650
f 680//680 651//651 650//650
f 680//680 681//681 651//651
f 681//681 652//652 651//651
f 681//681 682//682 652//652
f 682//682 653//653 652//652
f 682//682 683//683 653//653
f 683//683 654//654 653//653
f 683//683 684//684 654//654
f 684//684 655//655 654//654
f 684//684 685//685 655//655
f 685//685 656//656 655//655
f 685//685 686//686 656//656
f 686//686 657//657 656//656
f 686//686 687//687 657//657
f 687//687 658//658 657//657
f 687//687 688//688 658//658
f 688//688 659//659 658//658
f 688//688 689//689 659//659
f 689//689 660//660 659//659
f 689//689 690//690 660//660
f 690//690 631//631 660//660
f 690//690 661//661 631//631
f 691//691 662//662 661//661
f 691//691 692//692 662//662
f 692//692 663//663 662//662
f 692//692 693//693 663//663
f 693//693 664//664 663//663
f 693//693 694//694 664//664
f 694//694 665//665 664//664
f 694//694 695//695 665//665
f 695//695 666//666 665//665
f 695//695 696//696 666//666
f 696//696 667//667 666//666
f 696//696 697//697 667//667
f 697//697 668//668 667//667
f 697//697 698//698 668//668
f 698//698 669//669 668//668
f 698//698 699//699 669//669
f 699//699 670//670 669//669
f 699//699 700//700 670//670
f 700//700 671//671 670//670
f 700//700 701//701 671//671
f 701//701 672//672 671//671
f 701//701 702//702 672//672
f 702//702 673//673 672//672
f 702//702 703//703 673//673
f 703//703 674//674 673//673
f 703//703 704//704 674//674
f 704//704 675//675 674//674
f 704//704 705//705 675//675
f 705//705 676//676 675//675
f 705//705 706//706 676//676
f 706//706 677//677 676//676
f 706//706 707//707 677//677
f 707//707 678//678 677//677
f 707//707 708//708 678//678
f 708//708 679//679 678//678
f 708//708 709//709 679//679
f 709//709 680//680 679//679
f 709//709 710//710 680//680
f 710//710 681//681 680//680
f 710//710 711//711 681//681
f 711//711 682//682 681//681
f 711//711 712//712 682//682
f 712//712 683//683 682//682
f 712//712 713//713 683//683
f 713//713 684//684 683//683
f 713//713 714//714 684//684
f 714//714 685//685 684//684
f 714//714 715//715 685//685
f 715//715 686//686 685//685
f 715//715 716//716 686//686
f 716//716 687//687 686//686
f 716//716 717//717 687//687
f 717//717 688//688 687//687
f 717//717 718//718 688//688
f 718//718 689//689 688//688
f 718//718 719//719 689//689
f 719//719 690//690 689//689
f 719//719 720//720 690//690
f 720//720 661//661 690//690
f 720//720 691//691 661//661
f 721//721 692//692 691//691
f 721//721 722//722 692//692
f 722//722 693//693 692//692
f 722//722 723//723 693//693
f 723//723 694//694 693//693
f 723//723 724//724 694//694
f 724//724 695//695 694//694
f 724//724 725//725 695//695
f 725//725 696//696 695//695
f 725//725 726//726 696//696
f 726//726 697//697 696//696
f 726//726 727//727 697//697
f 727//727 698//698 697//697
f 727//727 728//728 698//698
f 728//728 699//699 698//698
f 728//728 729//729 699//699
f 729//729 700//700 699//699
f 729//729 730//730 700//700
f 730//730 701//701 700//700
f 730//730 731//731 701//701
f 731//731 702//702 701//701
f 731//731 732//732 702//702
f 732//732 703//703 702//702
f 732//732 733//733 703//703
f 733//733 704//704 703//703
f 733//733 734//734 704//704
f 734//734 705//705 704//704
f 734//734 735//735 705//705
f 735//735 706//706 705//705
f 735//735 736//736 706//706
f 736//736 707//707 706//706
f 736//736 737//737 707//707
f 737//737 708//708 707//707
f 737//737 738//738 708//708
f 738//738 709//709 708//708
f 738//738 739//739 709//709
f 739//739 710//710 709//709
f 739//739 740//740 710//710
f 740//740 711//711 710//710
f 740//740 741//741 711//711
f 741//741 712//712 711//711
f 741//741 742//742 712//712
f 742//742 713//713 712//712
f 742//742 743//743 713//713
f 743//743 714//714 713//713
f 743//743 744//744 714//714
f 744//744 715//715 714//714
f 744//744 745//745 715//715
f 745//745 716//716 715//715
f 745//745 746//746 716//716
f 746//746 717//717 716//716
f 746//746 747//747 717//717
f 747//747 718//718 717//717
f 747//747 748//748 718//718
f 748//748 719//719 718//718
f 748//748 749//749 719//719
f 749//749 720//720 719//719
f 749//749 750//750 720//720
f 750//750 691//691 720//720
f 750//750 721//721 691//691
f 751//751 722//722 721//721
f 751//751 752//752 722//722
f 752//752 723//723 722//722
f 752//752 753//753 723//723
f 753//753 724//724 723//723
f 753//753 754//754 724//724
f 754//754 725//725 724//724
f 754//754 755//755 725//725
f 755//755 726//726 725//725
f 755//755 756//756 726//726
f 756//756 727//727 726//726
f 756//756 757//757 727//727
f 757//757 728//728 727//727
f 757//757 758//758 728//728
f 758//758 729//729 728//728
f 758//758 759//759 729//729
f 759//759 730//730 729//729
f 759//759 760//760 730//730
f 760//760 731//731 730//730
f 760//760 761//761 731//731
f 761//761 732//732 731//731
f 761//761 762//762 732//732
f 762//762 733//733 732//732
f 762//762 763//763 733//733
f 763//763 734//734 733//733
f 763//763 764//764 734//734
f 764//764 735//735 734//734
f 764//764 765//765 735//735
f 765//765 736//736 735//735
f 765//765 766//766 736//736
f 766//766 737//737 736//736
f 766//766 767//767 737//737
f 767//767 738//738 737//737
f 767//767 768//768 738//738
f 768//768 739//739 738//738
f 768//768 769//769 739//739
f 769//769 740//740 739//739
f 769//769 770//770 740//740
f 770//770 741//741 740//740
f 770//770 771//771 741//741
f 771//771 742//742 741//741
f 771//771 772//772 742//742
f 772//772 743//743 742//742
f 772//772 773//773 743//743
f 773//773 744//744 743//743
f 773//773 774//774 744//744
f 774//774 745//745 744//744
f 774//774 775//775 745//745
f 775//775 746//746 745//745
f 775//775 776//776 746//746
f 776//776 747//747 746//746
f 776//776 777//777 747//747
f 777//777 748//748 747//747
f 777//777 778//778 748//748
f 778//778 749//749 748//748
f 778//778 779//779 749//749
f 779//779 750//750 749//749
f 779//779 780//780 750//750
f 780//780 721//721 750//750
f 780//780 751//751 721//721
f 781//781 752//752 751//751
f 781//781 782//782 752//752
f 782//782 753//753 752//752
f 782//782 783//783 753//753
f 783//783 754//754 753//753
f 783//783 784//784 754//754
f 784//784 755//755 754//754
f 784//784 785//785 755//755
f 785//785 756//756 755//755
f 785//785 786//786 756//756
f 786//786 757//757 756//756
f 786//786 787//787 757//757
f 787//787 758//758 757//757
f 787//787 788//788 758//758
f 788//788 759//759 758//758
f 788//788 789//789 759//759
f 789//789 760//760 759//759
f 789//789 790//790 760//760
f 790//790 761//761 760//760
f 790//790 791//791 761//761
f 791//791 762//762 761//761
f 791//791 792//792 762//762
f 792//792 763//763 762//762
f 792//792 793//793 763//763
f 793//793 764//764 763//763
f 793//793 794//794 764//764
f 794//794 765//765 764//764
f 794//794 795//795 765//765
f 795//795 766//766 765//765
f 795//795 796//796 766//766
f 796//796 767//767 766//766
f 796//796 797//797 767//767
f 797//797 768//768 767//767
f 797//797 798//798 768//768
f 798//798 769//769 768//768
f 798//798 799//799 769//769
f 799//799 770//770 769//769
f 799//799 800//800 770//770
f 800//800 771//771 770//770
f 800//800 801//801 771//771
f 801//801 772//772 771//771
f 801//801 802//802 772//772
f 802//802 773//773 772//772
f 802//802 803//803 773//773
f 803//803 774//774 773//773
f 803//803 804//804 774//774
f 804//804 775//775 774//774
f 804//804 805//805 775//775
f 805//805 776//776 775//775
f 805//805 806//806 776//776
f 806//806 777//777 776//776
f 806//806 807//807 777//777
f 807//807 778//778 777//777
f 807//807 808//808 778//778
f 808//808 779//779 778//778
f 808//808 809//809 779//779
f 809//809 780//780 779//779
f 809//809 810//810 780//780
f 810//810 751//751 780//780
f 810//810 781//781 751//751
f 811//811 782//782 781//781
f 811//811 812//812 782//782
f 812//812 783//783 782//782
f 812//812 813//813 783//783
f 813//813 784//784 783//783
f 813//813 814//814 784//784
f 814//814 785//785 784//784
f 814//814 815//815 785//785
f 815//815 786//786 785//785
f 815//815 816//816 786//786
f 816//816 787//787 786//786
f 816//816 817//817 787//787
f 817//817 788//788 787//787
f 817//817 818//818 788//788
f 818//818 789//789 788//788
f 818//818 819//819 789//789
f 819//819 790//790 789//789
f 819//819 820//820 790//790
f 820//820 791//791 790//790
f 820//820 821//821 791//791
f 821//821 792//792 791//791
f 821//821 822//822 792//792
f 822//822 793//793 792//792
f 822//822 823//823 793//793
f 823//823 794//794 793//793
f 823//823 824//824 794//794
f 824//824 795//795 794//794
f 824//824 825//825 795//795
f 825//825 796//796 795//795
f 825//825 826//826 796//796
f 826//826 797//797 796//796
f 826//826 827//827 797//797
f 827//827 798//798 797//797
f 827//827 828//828 798//798
f 828//828 799//799 798//798
f 828//828 829//829 799//799
f 829//829 800//800 799//799
f 829//829 830//830 800//800
f 830//830 801//801 800//800
f 830//830 831//831 801//801
f 831//831 802//802 801//801
f 831//831 832//832 802//802
f 832//832 803//803 802//802
f 832//832 833//833 803//803
f 833//833 804//804 803//803
f 833//833 834//834 804//804
f 834//834 805//805 804//804
f 834//834 835//835 805//805
f 835//835 806//806 805//805
f 835//835 836//836 806//806
f 836//836 807//807 806//806
f 836//836 837//837 807//807
f 837//837 808//808 807//807
f 837//837 838//838 808//808
f 838//838 809//809 808//808
f 838//838 839//839 809//809
f 839//839 810//810 809//809
f 839//839 840//840 810//810
f 840//840 781//781 810//810
f 840//840 811//811 781//781
f 841//841 812//812 811//811
f 841//841 842//842 812//812
f 842//842 813//813 812//812
f 842//842 843//843 813//813
f 843//843 814//814 813//813
f 843//843 844//844 814//814
f 844//844 815//815 814//814
f 844//844 845//845 815//815
f 845//845 816//816 815//815
f 845//845 846//846 816//816
f 846//846 817//817 816//816
f 846//846 847//847 817//817
f 847//847 818//818 817//817
f 847//847 848//848 818//818
f 848//848 819//819 818//818
f 848//848 849//849 819//819
f 849//849 820//820 819//819
f 849//849 850//850 820//820
f 850//850 821//821 820//820
f 850//850 851//851 821//821
f 851//851 822//822 821//821
f 851//851 852//852 822//822
f 852//852 823//823 822//822
f 852//852 853//853 823//823
f 853//853 824//824 823//823
f 853//853 854//854 824//824
f 854//854 825//825 824//824
f 854//854 855//855 825//825
f 855//855 826//826 825//825
f 855//855 856//856 826//826
f 856//856 827//827 826//826
f 856//856 857//857 827//827
f 857//857 828//828 827//827
f 857//857 858//858 828//828
f 858//858 829//829 828//828
f 858//858 859//859 829//829
f 859//859 830//830 829//829
f 859//859 860//860 830//830
f 860//860 831//831 830//830
f 860//860 861//861 831//831
f 861//861 832//832 831//831
f 861//861 862//862 832//832
f 862//862 833//833 832//832
f 862//862 863//863 833//833
f 863//863 834//834 833//833
f 863//863 864//864 834//834
f 864//864 835//835 834//834
f 864//864 865//865 835//835
f 865//865 836//836 835//835
f 865//865 866//866 836//836
f 866//866 837//837 836//836
f 866//866 867//867 837//837
f 867//867 838//838 837//837
f 867//867 868//868 838//838
f 868//868 839//839 838//838
f 868//868 869//869 839//839
f 869//869 840//840 839//839
f 869//869 870//870 840//840
f 870//870 811//811 840//840
f 870//870 841//841 811//811
f 871//871 842//842 841//841
f 871//871 872//872 842//842
f 872//872 843//843 842//842
f 872//872 873//873 843//843
f 873//873 844//844 843//843
f 873//873 874//874 844//844
f 874//874 845//845 844//844
f 874//874 875//875 845//845
f 875//875 846//846 845//845
f 875//875 876//876 846//846
f 876//876 847//847 846//846
f 876//876 877//877 847//847
f 877//877 848//848 847//847
f 877//877 878//878 848//848
f 878//878 849//849 848//848
f 878//878 879//879 849//849
f 879//879 850//850 849//849
f 879//879 880//880 850//850
f 880//880 851//851 850//850
f 880//880 881//881 851//851
f 881//881 852//852 851//851
f 881//881 882//882 852//852
f 882//882 853//853 852//852
f 882//882 883//883 853//853
f 883//883 854//854 853//853
f 883//883 884//884 854//854
f 884//884 855//855 854//854
f 884//884 885//885 855//855
f 885//885 856//856 855//855
f 885//885 886//886 856//856
f 886//886 857//857 856//856
f 886//886 887//887 857//857
f 887//887 858//858 857//857
f 887//887 888//888 858//858
f 888//888 859//859 858//858
f 888//888 889//889 859//859
f 889//889 860//860 859//859
f 889//889 890//890 860//860
f 890//890 861//861 860//860
f 890//890 891//891 861//861
f 891//891 862//862 861//861
f 891//891 892//892 862//862
f 892//892 863//863 862//862
f 892//892 893//893 863//863
f 893//893 864//864 863//863
f 893//893 894//894 864//864
f 894//894 865//865 864//864
f 894//894 895//895 865//865
f 895//895 866//866 865//865
f 895//895 896//896 866//866
f 896//896 867//867 866//866
f 896//896 897//897 867//867
f 897//897 868//868 867//867
f 897//897 898//898 868//868
f 898//898 869//869 868//868
f 898//898 899//899 869//869
f 899//899 870//870 869//869
f 899//899 900//900 870//870
f 900//900 841//841 870//870
f 900//900 871//871 841//841
f 901//901 872//872 871//871
f 901//901 902//902 872//872
f 902//902 873//873 872//872
f 902//902 903//903 873//873
f 903//903 874//874 873//873
f 903//903 904//904 874//874
f 904//904 875//875 874//874
f 904//904 905//905 875//875
f 905//905 876//876 875//875
f 905//905 906//906 876//876
f 906//906 877//877 876//876
f 906//906 907//907 877//877
f 907//907 878//878 877//877
f 907//907 908//908 878//878
f 908//908 879//879 878//878
f 908//908 909//909 879//879
f 909//909 880//880 879//879
f 909//909 910//910 880//880
f 910//910 881//881 880//880
f 910//910 911//911 881//881
f 911//911 882//882 881//881
f 911//911 912//912 882//882
f 912//912 883//883 882//882
f 912//912 913//913 883//883
f 913//913 884//884 883//883
f 913//913 914//914 884//884
f 914//914 885//885 884//884
f 914//914 915//915 885//885
f 915//915 886//886 885//885
f 915//915 916//916 886//886
f 916//916 887//887 886//886
f 916//916 917//917 887//887
f 917//917 888//888 887//887
f 917//917 918//918 888//888
f 918//918 889//889 888//888
f 918//918 919//919 889//889
f 919//919 890//890 889//889
f 919//919 920//920 890//890
f 920//920 891//891 890//890
f 920//920 921//921 891//891
f 921//921 892//892 891//891
f 921//921 922//922 892//892
f 922//922 893//893 892//892
f 922//922 923//923 893//893
f 923//923 894//894 893//893
f 923//923 924//924 894//894
f 924//924 895//895 894//894
f 924//924 925//925 895//895
f 925//925 896//896 895//895
f 925//925 926//926 896//896
f 926//926 897//897 896//896
f 926//926 927//927 897//897
f 927//927 898//898 897//897
f 927//927 928//928 898//898
f 928//928 899//899 898//898
f 928//928 929//929 899//899
f 929//929 900//900 899//899
f 929//929 930//930 900//900
f 930//930 871//871 900//900
f 930//930 901//901 871//871
f 931//931 902//902 901//901
f 931//931 932//932 902//902
f 932//932 903//903 902//902
f 932//932 933//933 903//903
f 933//933 904//904 903//903
f 933//933 934//934 904//904
f 934//934 905//905 904//904
f 934//934 935//935 905//905
f 935//935 906//906 905//905
f 935//935 936//936 906//906
f 936//936 907//907 906//906
f 936//936 937//937 907//907
f 937//937 908//908 907//907
f 937//937 938//938 908//908
f 938//938 909//909 908//908
f 938//938 939//939 909//909
f 939//939 910//910 909//909
f 939//939 940//940 910//910
f 940//940 911//911 910//910
f 940//940 941//941 911//911
f 941//941 912//912 911//911
f 941//941 942//942 912//912
f 942//942 913//913 912//912
f 942//942 943//943 913//913
f 943//943 914//914 913//913
f 943//943 944//944 914//914
f 944//944 915//915 914//914
f 944//944 945//945 915//915
f 945//945 916//916 915//915
f 945//945 946//946 916//916
f 946//946 917//917 916//916
f 946//946 947//947 917//917
f 947//947 918//918 917//917
f 947//947 948//948 918//918
f 948//948 919//919 918//918
f 948//948 949//949 919//919
f 949//949 920//920 919//919
f 949//949 950//950 920//920
f 950//950 921//921 920//920
f 950//950 951//951 921//921
f 951//951 922//922 921//921
f 951//951 952//952 922//922
f 952//952 923//923 922//922
f 952//952 953//953 923//923
f 953//953 924//924 923//923
f 953//953 954//954 924//924
f 954//954 925//925 924//924
f 954//954 955//955 925//925
f 955//955 926//926 925//925
f 955//955 956//956 926//926
f 956//956 927//927 926//926
f 956//956 957//957 927//927
f 957//957 928//928 927//927
f 957//957 958//958 928//928
f 958//958 929//929 928//928
f 958//958 959//959 929//929
f 959//959 930//930 929//929
f 959//959 960//960 930//930
f 960//960 901//901 930//930
f 960//960 931//931 901//901
f 961//961 932//932 931//931
f 961//961 962//962 932//932
f 962//962 933//933 932//932
f 962//962 963//963 933//933
f 963//963 934//934 933//933
f 963//963 964//964 934//934
f 964//964 935//935 934//934
f 964//964 965//965 935//935
f 965//965 936//936 935//935
f 965//965 966//966 936//936
f 966//966 937//937 936//936
f 966//966 967//967 937//937
f 967//967 938//938 937//937
f 967//967 968//968 938//938
f 968//968 939//939 938//938
f 968//968 969//969 939//939
f 969//969 940//940 939//939
f 969//969 970//970 940//940
f 970//970 941//941 940//940
f 970//970 971//971 941//941
f 971//971 942//942 941//941
f 971//971 972//972 942//942
f 972//972 943//943 942//942
f 972//972 973//973 943//943
f 973//973 944//944 943//943
f 973//973 974//974 944//944
f 974//974 945//945 944//944
f 974//974 975//975 945//945
f 975//975 946//946 945//945
f 975//975 976//976 946//946
f 976//976 947//947 946//946
f 976//976 977//977 947//947
f 977//977 948//948 947//947
f 977//977 978//978 948//948
f 978//978 949//949 948//948
f 978//978 979//979 949//949
f 979//979 950//950 949//949
f 979//979 980//980 950//950
f 980//980 951//951 950//950
f 980//980 981//981 951//951
f 981//981 952//952 951//951
f 981//981 982//982 952//952
f 982//982 953//953 952//952
f 982//982 983//983 953//953
f 983//983 954//954 953//953
f 983//983 984//984 954//954
f 984//984 955//955 954//954
f 984//984 985//985 955//955
f 985//985 956//956 955//955
f 985//985 986//986 956//956
f 986//986 957//957 956//956
f 986//986 987//987 957//957
f 987//987 958//958 957//957
f 987//987 988//988 958//958
f 988//988 959//959 958//958
f 988//988 989//989 959//959
f 989//989 960//960 959//959
f 989//989 990//990 960//960
f 990//990 931//931 960//960
f 990//990 961//961 931//931
f 991//991 962//962 961//961
f 991//991 992//992 962//962
f 992//992 963//963 962//962
f 992//992 993//993 963//963
f 993//993 964//964 963//963
f 993//993 994//994 964//964
f 994//994 965//965 964//964
f 994//994 995//995 965//965
f 995//995 966//966 965//965
f 995//995 996//996 966//966
f 996//996 967//967 966//966
f 996//996 997//997 967//967
f 997//997 968//968 967//967
f 997//997 998//998 968//968
f 998//998 969//969 968//968
f 998//998 999//999 969//969
f 999//999 970//970 969//969
f 999//999 1000//1000 970//970
f 1000//1000 971//971 970//970
f 1000//1000 1001//1001 971//971
f 1001//1001 972//972 971//971
f 1001//1001 1002//1002 972//972
f 1002//1002 973//973 972//972
f 1002//1002 1003//1003 973//973
f 1003//1003 974//974 973//973
f 1003//1003 1004//1004 974//974
f 1004//1004 975//975 974//974
f 1004//1004 1005//1005 975//975
f 1005//1005 976//976 975//975
f 1005//1005 1006//1006 976//976
f 1006//1006 977//977 976//976
f 1006//1006 1007//1007 977//977
f 1007//1007 978//978 977//977
f 1007//1007 1008//1008 978//978
f 1008//1008 979//979 978//978
f 1008//1008 1009//1009 979//979
f 1009//1009 980//980 979//979
f 1009//1009 1010//1010 980//980
f 1010//1010 981//981 980//980
f 1010//1010 1011//1011 981//981
f 1011//1011 982//982 981//981
f 1011//1011 1012//1012 982//982
f 1012//1012 983//983 982//982
f 1012//1012 1013//1013 983//983
f 1013//1013 984//984 983//983
f 1013//1013 1014//1014 984//984
f 1014//1014 985//985 984//984
f 1014//1014 1015//1015 985//985
f 1015//1015 986//986 985//985
f 1015//1015 1016//1016 986//986
f 1016//1016 987//987 986//986
f 1016//1016 1017//1017 987//987
f 1017//1017 988//988 987//987
f 1017//1017 1018//1018 988//988
f 1018//1018 989//989 988//988
f 1018//1018 1019//1019 989//989
f 1019//1019 990//990 989//989
f 1019//1019 1020//1020 990//990
f 1020//1020 961//961 990//990
f 1020//1020 991//991 961//961
f 1021//1021 992//992 991//991
f 1021//1021 1022//1022 992//992
f 1022//1022 993//993 992//992
f 1022//1022 1023//1023 993//993
f 1023//1023 994//994 993//993
f 1023//1023 1024//1024 994//994
f 1024//1024 995//995 994//994
f 1024//1024 1025//1025 995//995
f 1025//1025 996//996 995//995
f 1025//1025 1026//1026 996//996
f 1026//1026 997//997 996//996
f 1026//1026 1027//1027 997//997
f 1027//1027 998//998 997//997
f 1027//1027 1028//1028 998//998
f 1028//1028 999//999 998//998
f 1028//1028 1029//1029 999//999
f 1029//1029 1000//1000 999//999
f 1029//1029 1030//1030 1000//1000
f 1030//1030 1001//1001 1000//1000
f 1030//1030 1031//1031 1001//1001
f 1031//1031 1002//1002 1001//1001
f 1031//1031 1032//1032 1002//1002
f 1032//1032 1003//1003 1002//1002
f 1032//1032 1033//1033 1003//1003
f 1033//1033 1004//1004 1003//1003
f 1033//1033 1034//1034 1004//1004
f 1034//1034 1005//1005 1004//1004
f 1034//1034 1035//1035 1005//1005
f 1035//1035 1006//1006 1005//1005
f 1035//1035 1036//1036 1006//1006
f 1036//1036 1007//1007 1006//1006
f 1036//1036 1037//1037 1007//1007
f 1037//1037 1008//1008 1007//1007
f 1037//1037 1038//1038 1008//1008
f 1038//1038 1009//1009 1008//1008
f 1038//1038 1039//1039 1009//1009
f 1039//1039 1010//1010 1009//1009
f 1039//1039 1040//1040 1010//1010
f 1040//1040 1011//1011 1010//1010
f 1040//1040 1041//1041 1011//1011
f 1041//1041 1012//1012 1011//1011
f 1041//1041 1042//1042 1012//1012
f 1042//1042 1013//1013 1012//1012
f 1042//1042 1043//1043 1013//1013
f 1043//1043 1014//1014 1013//1013
f 1043//1043 1044//1044 1014//1014
f 1044//1044 1015//1015 1014//1014
f 1044//1044 1045//1045 1015//1015
f 1045//1045 1016//1016 1015//1015
f 1045//1045 1046//1046 1016//1016
f 1046//1046 1017//1017 1016//1016
f 1046//1046 1047//1047 1017//1017
f 1047//1047 1018//1018 1017//1017
f 1047//1047 1048//1048 1018//1018
f 1048//1048 1019//1019 1018//1018
f 1048//1048 1049//1049 1019//1019
f 1049//1049 1020//1020 1019//1019
f 1049//1049 1050//1050 1020//1020
f 1050//1050 991//991 1020//1020
f 1050//1050 1021//1021 991//991
f 1051//1051 1022//1022 1021//1021
f 1051//1051 1052//1052 1022//1022
f 1052//1052 1023//1023 1022//1022
f 1052//1052 1053//1053 1023//1023
f 1053//1053 1024//1024 1023//1023
f 1053//1053 1054//1054 1024//1024
f 1054//1054 1025//1025 1024//1024
f 1054//1054 1055//1055 1025//1025
f 1055//1055 1026//1026 1025//1025
f 1055//1055 1056//1056 1026//1026
f 1056//1056 1027//1027 1026//1026
f 1056//1056 1057//1057 1027//1027
f 1057//1057 1028//1028 1027//1027
f 1057//1057 1058//1058 1028//1028
f 1058//1058 1029//1029 1028//1028
f 1058//1058 1059//1059 1029//1029
f 1059//1059 1030//1030 1029//1029
f 1059//1059 1060//1060 1030//1030
f 1060//1060 1031//1031 1030//1030
f 1060//1060 1061//1061 1031//1031
f 1061//1061 1032//1032 1031//1031
f 1061//1061 1062//1062 1032//1032
f 1062//1062 1033//1033 1032//1032
f 1062//1062 1063//1063 1033//1033
f 1063//1063 1034//1034 1033//1033
f 1063//1063 1064//1064 1034//1034
f 1064//1064 1035//1035 1034//1034
f 1064//1064 1065//1065 1035//1035
f 1065//1065 1036//1036 1035//1035
f 1065//1065 1066//1066 1036//1036
f 1066//1066 1037//1037 1036//1036
f 1066//1066 1067//1067 1037//1037
f 1067//1067 1038//1038 1037//1037
f 1067//1067 1068//1068 1038//1038
f 1068//1068 1039//1039 1038//1038
f 1068//1068 1069//1069 1039//1039
f 1069//1069 1040//1040 1039//1039
f 1069//1069 1070//1070 1040//1040
f 1070//1070 1041//1041 1040//1040
f 1070//1070 1071//1071 1041//1041
f 1071//1071 1042//1042 1041//1041
f 1071//1071 1072//1072 1042//1042
f 1072//1072 1043//1043 1042//1042
f 1072//1072 1073//1073 1043//1043
f 1073//1073 1044//1044 1043//1043
f 1073//1073 1074//1074 1044//1044
f 1074//1074 1045//1045 1044//1044
f 1074//1074 1075//1075 1045//1045
f 1075//1075 1046//1046 1045//1045
f 1075//1075 1076//1076 1046//1046
f 1076//1076 1047//1047 1046//1046
f 1076//1076 1077//1077 1047//1047
f 1077//1077 1048//1048 1047//1047
f 1077//1077 1078//1078 1048//1048
f 1078//1078 1049//1049 1048//1048
f 1078//1078 1079//1079 1049//1049
f 1079//1079 1050//1050 1049//1049
f 1079//1079 1080//1080 1050//1050
f 1080//1080 1021//1021 1050//1050
f 1080//1080 1051//1051 1021//1021
f 1081//1081 1052//1052 1051//1051
f 1081//1081 1082//1082 1052//1052
f 1082//1082 1053//1053 1052//1052
f 1082//1082 1083//1083 1053//1053
f 1083//1083 1054//1054 1053//1053
f 1083//1083 1084//1084 1054//1054
f 1084//1084 1055//1055 1054//1054
f 1084//1084 1085//1085 1055//1055
f 1085//1085 1056//1056 1055//1055
f 1085//1085 1086//1086 1056//1056
f 1086//1086 1057//1057 1056//1056
f 1086//1086 1087//1087 1057//1057
f 1087//1087 1058//1058 1057//1057
f 1087//1087 1088//1088 1058//1058
f 1088//1088 1059//1059 1058//1058
f 1088//1088 1089//1089 1059//1059
f 1089//1089 1060//1060 1059//1059
f 1089//1089 1090//1090 1060//1060
f 1090//1090 1061//1061 1060//1060
f 1090//1090 1091//1091 1061//1061
f 1091//1091 1062//1062 1061//1061
f 1091//1091 1092//1092 1062//1062
f 1092//1092 1063//1063 1062//1062
f 1092//1092 1093//1093 1063//1063
f 1093//1093 1064//1064 1063//1063
f 1093//1093 1094//1094 1064//1064
f 1094//1094 1065//1065 1064//1064
f 1094//1094 1095//1095 1065//1065
f 1095//1095 1066//1066 1065//1065
f 1095//1095 1096//1096 1066//1066
f 1096//1096 1067//1067 1066//1066
f 1096//1096 1097//1097 1067//1067
f 1097//1097 1068//1068 1067//1067
f 1097//1097 1098//1098 1068//1068
f 1098//1098 1069//1069 1068//1068
f 1098//1098 1099//1099 1069//1069
f 1099//1099 1070//1070 1069//1069
f 1099//1099 1100//1100 1070//1070
f 1100//1100 1071//1071 1070//1070
f 1100//1100 1101//1101 1071//1071
f 1101//1101 1072//1072 1071//1071
f 1101//1101 1102//1102 1072//1072
f 1102//1102 1073//1073 1072//1072
f 1102//1102 1103//1103 1073//1073
f 1103//1103 1074//1074 1073//1073
f 1103//1103 1104//1104 1074//1074
f 1104//1104 1075//1075 1074//1074
f 1104//1104 1105//1105 1075//1075
f 1105//1105 1076//1076 1075//1075
f 1105//1105 1106//1106 1076//1076
f 1106//1106 1077//1077 1076//1076
f 1106//1106 1107//1107 1077//1077
f 1107//1107 1078//1078 1077//1077
f 1107//1107 1108//1108 1078//1078
f 1108//1108 1079//1079 1078//1078
f 1108//1108 1109//1109 1079//1079
f 1109//1109 1080//1080 1079//1079
f 1109//1109 1110//1110 1080//1080
f 1110//1110 1051//1051 1080//1080
f 1110//1110 1081//1081 1051//1051
f 1111//1111 1082//1082 1081//1081
f 1111//1111 1112//1112 1082//1082
f 1112//1112 1083//1083 1082//1082
f 1112//1112 1113//1113 1083//1083
f 1113//1113 1084//1084 1083//1083
f 1113//1113 1114//1114 1084//1084
f 1114//1114 1085//1085 1084//1084
f 1114//1114 1115//1115 1085//1085
f 1115//1115 1086//1086 1085//1085
f 1115//1115 1116//1116 1086//1086
f 1116//1116 1087//1087 1086//1086
f 1116//1116 1117//1117 1087//1087
f 1117//1117 1088//1088 1087//1087
f 1117//1117 1118//1118 1088//1088
f 1118//1118 1089//1089 1088//1088
f 1118//1118 1119//1119 1089//1089
f 1119//1119 1090//1090 1089//1089
f 1119//1119 1120//1120 1090//1090
f 1120//1120 1091//1091 1090//1090
f 1120//1120 1121//1121 1091//1091
f 1121//1121 1092//1092 1091//1091
f 1121//1121 1122//1122 1092//1092
f 1122//1122 1093//1093 1092//1092
f 1122//1122 1123//1123 1093//1093
f 1123//1123 1094//1094 1093//1093
f 1123//1123 1124//1124 1094//1094
f 1124//1124 1095//1095 1094//1094
f 1124//1124 1125//1125 1095//1095
f 1125//1125 1096//1096 1095//1095
f 1125//1125 1126//1126 1096//1096
f 1126//1126 1097//1097 1096//1096
f 1126//1126 1127//1127 1097//1097
f 1127//1127 1098//1098 1097//1097
f 1127//1127 1128//1128 1098//1098
f 1128//1128 1099//1099 1098//1098
f 1128//1128 1129//1129 1099//1099
f 1129//1129 1100//1100 1099//1099
f 1129//1129 1130//1130 1100//1100
f 1130//1130 1101//1101 1100//1100
f 1130//1130 1131//1131 1101//1101
f 1131//1131 1102//1102 1101//1101
f 1131//1131 1132//1132 1102//1102
f 1132//1132 1103//1103 1102//1102
f 1132//1132 1133//1133 1103//1103
f 1133//1133 1104//1104 1103//1103
f 1133//1133 1134//1134 1104//1104
f 1134//1134 1105//1105 1104//1104
f 1134//1134 1135//1135 1105//1105
f 1135//1135 1106//1106 1105//1105
f 1135//1135 1136//1136 1106//1106
f 1136//1136 1107//1107 1106//1106
f 1136//1136 1137//1137 1107//1107
f 1137//1137 1108//1108 1107//1107
f 1137//1137 1138//1138 1108//1108
f 1138//1138 1109//1109 1108//1108
f 1138//1138 1139//1139 1109//1109
f 1139//1139 1110//1110 1109//1109
f 1139//1139 1140//1140 1110//1110
f 1140//1140 1081//1081 1110//1110
f 1140//1140 1111//1111 1081//1081
f 1141//1141 1112//1112 1111//1111
f 1141//1141 1142//1142 1112//1112
f 1142//1142 1113//1113 1112//1112
f 1142//1142 1143//1143 1113//1113
f 1143//1143 1114//1114 1113//1113
f 1143//1143 1144//1144 1114//1114
f 1144//1144 1115//1115 1114//1114
f 1144//1144 1145//1145 1115//1115
f 1145//1145 1116//1116 1115//1115
f 1145//1145 1146//1146 1116//1116
f 1146//1146 1117//1117 1116//1116
f 1146//1146 1147//1147 1117//1117
f 1147//1147 1118//1118 1117//1117
f 1147//1147 1148//1148 1118//1118
f 1148//1148 1119//1119 1118//1118
f 1148//1148 1149//1149 1119//1119
f 1149//1149 1120//1120 1119//1119
f 1149//1149 1150//1150 1120//1120
f 1150//1150 1121//1121 1120//1120
f 1150//1150 1151//1151 1121//1121
f 1151//1151 1122//1122 1121//1121
f 1151//1151 1152//1152 1122//1122
f 1152//1152 1123//1123 1122//1122
f 1152//1152 1153//1153 1123//1123
f 1153//1153 1124//1124 1123//1123
f 1153//1153 1154//1154 1124//1124
f 1154//1154 1125//1125 1124//1124
f 1154//1154 1155//1155 1125//1125
f 1155//1155 1126//1126 1125//1125
f 1155//1155 1156//1156 1126//1126
f 1156//1156 1127//1127 1126//1126
f 1156//1156 1157//1157 1127//1127
f 1157//1157 1128//1128 1127//1127
f 1157//1157 1158//1158 1128//1128
f 1158//1158 1129//1129 1128//1128
f 1158//1158 1159//1159 1129//1129
f 1159//1159 1130//1130 1129//1129
f 1159//1159 1160//1160 1130//1130
f 1160//1160 1131//1131 1130//1130
f 1160//1160 1161//1161 1131//1131
f 1161//1161 1132//1132 1131//1131
f 1161//1161 1162//1162 1132//1132
f 1162//1162 1133//1133 1132//1132
f 1162//1162 1163//1163 1133//1133
f 1163//1163 1134//1134 1133//1133
f 1163//1163 1164//1164 1134//1134
f 1164//1164 1135//1135 1134//1134
f 1164//1164 1165//1165 1135//1135
f 1165//1165 1136//1136 1135//1135
f 1165//1165 1166//1166 1136//1136
f 1166//1166 1137//1137 1136//1136
f 1166//1166 1167//1167 1137//1137
f 1167//1167 1138//1138 1137//1137
f 1167//1167 1168//1168 1138//1138
f 1168//1168 1139//1139 1138//1138
f 1168//1168 1169//1169 1139//1139
f 1169//1169 1140//1140 1139//1139
f 1169//1169 1170//1170 1140//1140
f 1170//1170 1111//1111 1140//1140
f 1170//1170 1141//1141 1111//1111
f 1171//1171 1142//1142 1141//1141
f 1171//1171 1172//1172 1142//1142
f 1172//1172 1143//1143 1142//1142
f 1172//1172 1173//1173 1143//1143
f 1173//1173 1144//1144 1143//1143
f 1173//1173 1174//1174 1144//1144
f 1174//1174 1145//1145 1144//1144
f 1174//1174 1175//1175 1145//1145
f 1175//1175 1146//1146 1145//1145
f 1175//1175 1176//1176 1146//1146
f 1176//1176 1147//1147 1146//1146
f 1176//1176 1177//1177 1147//1147
f 1177//1177 1148//1148 1147//1147
f 1177//1177 1178//1178 1148//1148
f 1178//1178 1149//1149 1148//1148
f 1178//1178 1179//1179 1149//1149
f 1179//1179 1150//1150 1149//1149
f 1179//1179 1180//1180 1150//1150
f 1180//1180 1151//1151 1150//1150
f 1180//1180 1181//1181 1151//1151
f 1181//1181 1152//1152 1151//1151
f 1181//1181 1182//1182 1152//1152
f 1182//1182 1153//1153 1152//1152
f 1182//1182 1183//1183 1153//1153
f 1183//1183 1154//1154 1153//1153
f 1183//1183 1184//1184 1154//1154
f 1184//1184 1155//1155 1154//1154
f 1184//1184 1185//1185 1155//1155
f 1185//1185 1156//1156 1155//1155
f 1185//1185 1186//1186 1156//1156
f 1186//1186 1157//1157 1156//1156
f 1186//1186 1187//1187 1157//1157
f 1187//1187 1158//1158 1157//1157
f 1187//1187 1188//1188 1158//1158
f 1188//1188 1159//1159 1158//1158
f 1188//1188 1189//1189 1159//1159
f 1189//1189 1160//1160 1159//1159
f 1189//1189 1190//1190 1160//1160
f 1190//1190 1161//1161 1160//1160
f 1190//1190 1191//1191 1161//1161
f 1191//1191 1162//1162 1161//1161
f 1191//1191 1192//1192 1162//1162
f 1192//1192 1163//1163 1162//1162
f 1192//1192 1193//1193 1163//1163
f 1193//1193 1164//1164 1163//1163
f 1193//1193 1194//1194 1164//1164
f 1194//1194 1165//1165 1164//1164
f 1194//1194 1195//1195 1165//1165
f 1195//1195 1166//1166 1165//1165
f 1195//1195 1196//1196 1166//1166
f 1196//1196 1167//1167 1166//1166
f 1196//1196 1197//1197 1167//1167
f 1197//1197 1168//1168 1167//1167
f 1197//1197 1198//1198 1168//1168
f 1198//1198 1169//1169 1168//1168
f 1198//1198 1199//1199 1169//1169
f 1199//1199 1170//1170 1169//1169
f 1199//1199 1200//1200 1170//1170
f 1200//1200 1141//1141 1170//1170
f 1200//1200 1171//1171 1141//1141
f 1201//1201 1172//1172 1171//1171
f 1201//1201 1202//1202 1172//1172
f 1202//1202 1173//1173 1172//1172
f 1202//1202 1203//1203 1173//1173
f 1203//1203 1174//1174 1173//1173
f 1203//1203 1204//1204 1174//1174
f 1204//1204 1175//1175 1174//1174
f 1204//1204 1205//1205 1175//1175
f 1205//1205 1176//1176 1175//1175
f 1205//1205 1206//1206 1176//1176
f 1206//1206 1177//1177 1176//1176
f 1206//1206 1207//1207 1177//1177
f 1207//1207 1178//1178 1177//1177
f 1207//1207 1208//1208 1178//1178
f 1208//1208 1179//1179 1178//1178
f 1208//1208 1209//1209 1179//1179
f 1209//1209 1180//1180 1179//1179
f 1209//1209 1210//1210 1180//1180
f 1210//1210 1181//1181 1180//1180
f 1210//1210 1211//1211 1181//1181
f 1211//1211 1182//1182 1181//1181
f 1211//1211 1212//1212 1182//1182
f 1212//1212 1183//1183 1182//1182
f 1212//1212 1213//1213 1183//1183
f 1213//1213 1184//1184 1183//1183
f 1213//1213 1214//1214 1184//1184
f 1214//1214 1185//1185 1184//1184
f 1214//1214 1215//1215 1185//1185
f 1215//1215 1186//1186 1185//1185
f 1215//1215 1216//1216 1186//1186
f 1216//1216 1187//1187 1186//1186
f 1216//1216 1217//1217 1187//1187
f 1217//1217 1188//1188 1187//1187
f 1217//1217 1218//1218 1188//1188
f 1218//1218 1189//1189 1188//1188
f 1218//1218 1219//1219 1189//1189
f 1219//1219 1190//1190 1189//1189
f 1219//1219 1220//1220 1190//1190
f 1220//1220 1191//1191 1190//1190
f 1220//1220 1221//1221 1191//1191
f 1221//1221 1192//1192 1191//1191
f 1221//1221 1222//1222 1192//1192
f 1222//1222 1193//1193 1192//1192
f 1222//1222 1223//1223 1193//1193
f 1223//1223 1194//1194 1193//1193
f 1223//1223 1224//1224 1194//1194
f 1224//1224 1195//1195 1194//1194
f 1224//1224 1225//1225 1195//1195
f 1225//1225 1196//1196 1195//1195
f 1225//1225 1226//1226 1196//1196
f 1226//1226 1197//1197 1196//1196
f 1226//1226 1227//1227 1197//1197
f 1227//1227 1198//1198 1197//1197
f 1227//1227 1228//1228 1198//1198
f 1228//1228 1199//1199 1198//1198
f 1228//1228 1229//1229 1199//1199
f 1229//1229 1200//1200 1199//1199
f 1229//1229 1230//1230 1200//1200
f 1230//1230 1171//1171 1200//1200
f 1230//1230 1201//1201 1171//1171
f 1231//1231 1202//1202 1201//1201
f 1231//1231 1232//1232 1202//1202
f 1232//1232 1203//1203 1202//1202
f 1232//1232 1233//1233 1203//1203
f 1233//1233 1204//1204 1203//1203
f 1233//1233 1234//1234 1204//1204
f 1234//1234 1205//1205 1204//1204
f 1234//1234 1235//1235 1205//1205
f 1235//1235 1206//1206 1205//1205
f 1235//1235 1236//1236 1206//1206
f 1236//1236 1207//1207 1206//1206
f 1236//1236 1237//1237 1207//1207
f 1237//1237 1208//1208 1207//1207
f 1237//1237 1238//1238 1208//1208
f 1238//1238 1209//1209 1208//1208
f 1238//1238 1239//1239 1209//1209
f 1239//1239 1210//1210 1209//1209
f 1239//1239 1240//1240 1210//1210
f 1240//1240 1211//1211 1210//1210
f 1240//1240 1241//1241 1211//1211
f 1241//1241 1212//1212 1211//1211
f 1241//1241 1242//1242 1212//1212
f 1242//1242 1213//1213 1212//1212
f 1242//1242 1243//1243 1213//1213
f 1243//1243 1214//1214 1213//1213
f 1243//1243 1244//1244 1214//1214
f 1244//1244 1215//1215 1214//1214
f 1244//1244 1245//1245 1215//1215
f 1245//1245 1216//1216 1215//1215
f 1245//1245 1246//1246 1216//1216
f 1246//1246 1217//1217 1216//1216
f 1246//1246 1247//1247 1217//1217
f 1247//1247 1218//1218 1217//1217
f 1247//1247 1248//1248 1218//1218
f 1248//1248 1219//1219 1218//1218
f 1248//1248 1249//1249 1219//1219
f 1249//1249 1220//1220 1219//1219
f 1249//1249 1250//1250 1220//1220
f 1250//1250 1221//1221 1220//1220
f 1250//1250 1251//1251 1221//1221
f 1251//1251 1222//1222 1221//1221
f 1251//1251 1252//1252 1222//1222
f 1252//1252 1223//1223 1222//1222
f 1252//1252 1253//1253 1223//1223
f 1253//1253 1224//1224 1223//1223
f 1253//1253 1254//1254 1224//1224
f 1254//1254 1225//1225 1224//1224
f 1254//1254 1255//1255 1225//1225
f 1255//1255 1226//1226 1225//1225
f 1255//1255 1256//1256 1226//1226
f 1256//1256 1227//1227 1226//1226
f 1256//1256 1257//1257 1227//1227
f 1257//1257 1228//1228 1227//1227
f 1257//1257 1258//1258 1228//1228
f 1258//1258 1229//1229 1228//1228
f 1258//1258 1259//1259 1229//1229
f 1259//1259 1230//1230 1229//1229
f 1259//1259 1260//1260 1230//1230
f 1260//1260 1201//1201 1230//1230
f 1260//1260 1231//1231 1201//1201
f 2//2 1//1 632//632
f 3//3 2//2 633//633
f 4//4 3//3 634//634
f 5//5 4//4 635//635
f 6//6 5//5 636//636
f 7//7 6//6 637//637
f 8//8 7//7 638//638
f 9//9 8//8 639//639
f 10//10 9//9 640//640
f 11//11 10//10 641//641
f 12//12 11//11 642//642
f 13//13 12//12 643//643
f 14//14 13//13 644//644
f 15//15 14//14 645//645
f 16//16 15//15 646//646
f 17//17 16//16 647//647
f 18//18 17//17 648//648
f 19//19 18//18 649//649
f 20//20 19//19 650//650
f 21//21 20//20 651//651
f 22//22 21//21 652//652
f 23//23 22//22 653//653
f 24//24 23//23 654//654
f 25//25 24//24 655//655
f 26//26 25//25 656//656
f 27//27 26//26 657//657
f 28//28 27//27 658//658
f 29//29 28//28 659//659
f 30//30 29//29 660//660
f 1//1 30//30 631//631
f 1//1 631//631 632//632
f 2//2 632//632 633//633
f 3//3 633//633 634//634
f 4//4 634//634 635//635
f 5//5 635//635 636//636
f 6//6 636//636 637//637
f 7//7 637//637 638//638
f 8//8 638//638 639//639
f 9//9 639//639 640//640
f 10//10 640//640 641//641
f 11//11 641//641 642//642
f 12//12 642//642 643//643
f 13//13 643//643 644//644
f 14//14 644//644 645//645
f 15//15 645//645 646//646
f 16//16 646//646 647//647
f 17//17 647//647 648//648
f 18//18 648//648 649//649
f 19//19 649//649 650//650
f 20//20 650//650 651//651
f 21//21 651//651 652//652
f 22//22 652//652 653//653
f 23//23 653//653 654//654
f 24//24 654//654 655//655
f 25//25 655//655 656//656
f 26//26 656//656 657//657
f 27//27 657//657 658//658
f 28//28 658//658 659//659
f 29//29 659//659 660//660
f 30//30 660//660 631//631
