# Created by Open3D 
# object name: temp_object_601716612
# number of vertices: 1260
# number of triangles: 2460
v 0.0700634 -1.42304e-08 0.0918112 0.8 0.8 0.8
vn -0.932198 0.00394134 0.361928
v 0.0695608 0.0370285 0.0918112 0.8 0.8 0.8
vn -0.951403 -0.0297595 0.306508
v 0.068029 0.0460797 0.0918112 0.8 0.8 0.8
vn -0.900845 -0.216648 0.376222
v 0.0653878 0.0519541 0.0918112 0.8 0.8 0.8
vn -0.787178 -0.460186 0.410584
v 0.0614651 0.0560806 0.0918112 0.8 0.8 0.8
vn -0.577411 -0.701863 0.417114
v 0.0558973 0.0589481 0.0918112 0.8 0.8 0.8
vn -0.333334 -0.856029 0.395097
v 0.0477844 0.060775 0.0918112 0.8 0.8 0.8
vn -0.13516 -0.917474 0.374131
v 0.0335643 0.0616666 0.0918112 0.8 0.8 0.8
vn -0.016466 -0.913549 0.406396
v -0.0335643 0.0616666 0.0918112 0.8 0.8 0.8
vn 0.0060477 -0.963762 0.266696
v -0.0477844 0.060775 0.0918112 0.8 0.8 0.8
vn 0.0945009 -0.943586 0.317356
v -0.0558973 0.0589481 0.0918112 0.8 0.8 0.8
vn 0.269302 -0.891856 0.363414
v -0.0614651 0.0560806 0.0918112 0.8 0.8 0.8
vn 0.503356 -0.762658 0.406184
v -0.0653878 0.0519541 0.0918112 0.8 0.8 0.8
vn 0.728602 -0.536485 0.42582
v -0.068029 0.0460797 0.0918112 0.8 0.8 0.8
vn 0.864231 -0.280212 0.417834
v -0.0695608 0.0370285 0.0918112 0.8 0.8 0.8
vn 0.892782 -0.0562671 0.446961
v -0.0700634 3.88856e-07 0.0918112 0.8 0.8 0.8
vn 0.932197 -0.00394135 0.36193
v -0.0695608 -0.0370285 0.0918112 0.8 0.8 0.8
vn 0.951403 0.0297592 0.306507
v -0.068029 -0.0460797 0.0918112 0.8 0.8 0.8
vn 0.900845 0.216648 0.376222
v -0.0653878 -0.0519541 0.0918112 0.8 0.8 0.8
vn 0.787178 0.460186 0.410584
v -0.0614651 -0.0560806 0.0918112 0.8 0.8 0.8
vn 0.577411 0.701863 0.417114
v -0.0558974 -0.0589481 0.0918112 0.8 0.8 0.8
vn 0.333334 0.856029 0.395097
v -0.0477844 -0.060775 0.0918112 0.8 0.8 0.8
vn 0.13516 0.917474 0.374131
v -0.0335643 -0.0616666 0.0918112 0.8 0.8 0.8
vn 0.016466 0.913549 0.406396
v 0.0335643 -0.0616666 0.0918112 0.8 0.8 0.8
vn -0.0060477 0.963762 0.266696
v 0.0477844 -0.060775 0.0918112 0.8 0.8 0.8
vn -0.0945009 0.943586 0.317356
v 0.0558973 -0.0589481 0.0918112 0.8 0.8 0.8
vn -0.269302 0.891856 0.363414
v 0.0614651 -0.0560806 0.0918112 0.8 0.8 0.8
vn -0.503356 0.762658 0.406184
v 0.0653878 -0.0519541 0.0918112 0.8 0.8 0.8
vn -0.728602 0.536485 0.42582
v 0.068029 -0.0460797 0.0918112 0.8 0.8 0.8
vn -0.864231 0.280212 0.417834
v 0.0695608 -0.0370285 0.0918112 0.8 0.8 0.8
vn -0.892782 0.0562667 0.446961
v 0.0633846 -1.42304e-08 0.0543016 0.8 0.8 0.8
vn -0.981483 -0.00146879 0.191541
v 0.0629299 0.0334988 0.0543016 0.8 0.8 0.8
vn -0.978742 -0.048894 0.199182
v 0.0615441 0.0416871 0.0543016 0.8 0.8 0.8
vn -0.936975 -0.276124 0.214086
v 0.0591547 0.0470016 0.0543016 0.8 0.8 0.8
vn -0.804094 -0.549702 0.226405
v 0.0556059 0.0507347 0.0543016 0.8 0.8 0.8
vn -0.563999 -0.795728 0.220731
v 0.0505689 0.0533288 0.0543016 0.8 0.8 0.8
vn -0.305406 -0.931028 0.199785
v 0.0432293 0.0549816 0.0543016 0.8 0.8 0.8
vn -0.111133 -0.977581 0.178841
v 0.0303648 0.0557882 0.0543016 0.8 0.8 0.8
vn -0.00897186 -0.986016 0.166412
v -0.0303648 0.0557882 0.0543016 0.8 0.8 0.8
vn 0.012905 -0.984539 0.174687
v -0.0432293 0.0549816 0.0543016 0.8 0.8 0.8
vn 0.126986 -0.974794 0.183441
v -0.0505689 0.0533288 0.0543016 0.8 0.8 0.8
vn 0.330728 -0.921533 0.203459
v -0.0556059 0.0507347 0.0543016 0.8 0.8 0.8
vn 0.592957 -0.773875 0.22253
v -0.0591547 0.0470016 0.0543016 0.8 0.8 0.8
vn 0.824388 -0.51942 0.224914
v -0.0615441 0.0416871 0.0543016 0.8 0.8 0.8
vn 0.945004 -0.250588 0.210172
v -0.0629299 0.0334988 0.0543016 0.8 0.8 0.8
vn 0.981019 -0.0383318 0.190083
v -0.0633846 3.50432e-07 0.0543016 0.8 0.8 0.8
vn 0.981483 0.00146879 0.191541
v -0.0629299 -0.0334988 0.0543016 0.8 0.8 0.8
vn 0.978742 0.0488936 0.199182
v -0.0615441 -0.0416872 0.0543016 0.8 0.8 0.8
vn 0.936975 0.276124 0.214086
v -0.0591547 -0.0470016 0.0543016 0.8 0.8 0.8
vn 0.804094 0.549702 0.226405
v -0.0556059 -0.0507347 0.0543016 0.8 0.8 0.8
vn 0.563999 0.795728 0.220731
v -0.0505689 -0.0533289 0.0543016 0.8 0.8 0.8
vn 0.305406 0.931028 0.199785
v -0.0432293 -0.0549817 0.0543016 0.8 0.8 0.8
vn 0.111133 0.977581 0.178841
v -0.0303648 -0.0557882 0.0543016 0.8 0.8 0.8
vn 0.00897186 0.986016 0.166412
v 0.0303648 -0.0557882 0.0543016 0.8 0.8 0.8
vn -0.012905 0.984539 0.174687
v 0.0432293 -0.0549817 0.0543016 0.8 0.8 0.8
vn -0.126986 0.974794 0.183441
v 0.0505689 -0.0533289 0.0543016 0.8 0.8 0.8
vn -0.330728 0.921533 0.203459
v 0.0556059 -0.0507347 0.0543016 0.8 0.8 0.8
vn -0.592957 0.773875 0.22253
v 0.0591547 -0.0470016 0.0543016 0.8 0.8 0.8
vn -0.824388 0.51942 0.224914
v 0.0615441 -0.0416872 0.0543016 0.8 0.8 0.8
vn -0.945004 0.250588 0.210172
v 0.0629299 -0.0334988 0.0543016 0.8 0.8 0.8
vn -0.981019 0.0383315 0.190083
v 0.0581971 -1.42304e-08 0.0312172 0.8 0.8 0.8
vn -0.968892 -0.0014507 0.247481
v 0.0577796 0.0307572 0.0312172 0.8 0.8 0.8
vn -0.964636 -0.0481925 0.259141
v 0.0565072 0.0382754 0.0312172 0.8 0.8 0.8
vn -0.921891 -0.271686 0.276232
v 0.0543133 0.0431549 0.0312172 0.8 0.8 0.8
vn -0.789739 -0.5399 0.291239
v 0.051055 0.0465824 0.0312172 0.8 0.8 0.8
vn -0.554452 -0.782275 0.283953
v 0.0464303 0.0489643 0.0312172 0.8 0.8 0.8
vn -0.301168 -0.918131 0.257553
v 0.0396913 0.0504818 0.0312172 0.8 0.8 0.8
vn -0.109901 -0.966779 0.230783
v 0.0278797 0.0512224 0.0312172 0.8 0.8 0.8
vn -0.00888724 -0.976812 0.213914
v -0.0278797 0.0512224 0.0312172 0.8 0.8 0.8
vn 0.0127618 -0.973526 0.228222
v -0.0396913 0.0504818 0.0312172 0.8 0.8 0.8
vn 0.125472 -0.963134 0.23797
v -0.0464303 0.0489643 0.0312172 0.8 0.8 0.8
vn 0.325931 -0.908147 0.262749
v -0.051055 0.0465824 0.0312172 0.8 0.8 0.8
vn 0.582754 -0.760544 0.286305
v -0.0543133 0.0431549 0.0312172 0.8 0.8 0.8
vn 0.809961 -0.510319 0.289028
v -0.0565072 0.0382754 0.0312172 0.8 0.8 0.8
vn 0.930596 -0.246761 0.270371
v -0.0577796 0.0307572 0.0312172 0.8 0.8 0.8
vn 0.969079 -0.0378629 0.243829
v -0.0581971 3.20587e-07 0.0312172 0.8 0.8 0.8
vn 0.968892 0.0014507 0.247481
v -0.0577796 -0.0307572 0.0312172 0.8 0.8 0.8
vn 0.964636 0.0481921 0.259141
v -0.0565072 -0.0382754 0.0312172 0.8 0.8 0.8
vn 0.921891 0.271686 0.276232
v -0.0543133 -0.0431549 0.0312172 0.8 0.8 0.8
vn 0.789739 0.5399 0.291239
v -0.051055 -0.0465825 0.0312172 0.8 0.8 0.8
vn 0.554452 0.782275 0.283953
v -0.0464303 -0.0489643 0.0312172 0.8 0.8 0.8
vn 0.301168 0.918131 0.257553
v -0.0396913 -0.0504818 0.0312172 0.8 0.8 0.8
vn 0.109901 0.966779 0.230783
v -0.0278797 -0.0512224 0.0312172 0.8 0.8 0.8
vn 0.00888724 0.976812 0.213914
v 0.0278797 -0.0512224 0.0312172 0.8 0.8 0.8
vn -0.0127618 0.973526 0.228222
v 0.0396913 -0.0504818 0.0312172 0.8 0.8 0.8
vn -0.125472 0.963134 0.23797
v 0.0464303 -0.0489643 0.0312172 0.8 0.8 0.8
vn -0.325931 0.908147 0.262749
v 0.051055 -0.0465825 0.0312172 0.8 0.8 0.8
vn -0.582754 0.760544 0.286305
v 0.0543133 -0.0431549 0.0312172 0.8 0.8 0.8
vn -0.809961 0.510319 0.289028
v 0.0565072 -0.0382754 0.0312172 0.8 0.8 0.8
vn -0.930596 0.246761 0.270371
v 0.0577796 -0.0307572 0.0312172 0.8 0.8 0.8
vn -0.969079 0.0378625 0.243829
v 0.0539163 -1.42304e-08 0.0173873 0.8 0.8 0.8
vn -0.939329 -0.00143527 0.343015
v 0.0535295 0.0284948 0.0173873 0.8 0.8 0.8
vn -0.931458 -0.046654 0.360844
v 0.0523507 0.0354599 0.0173873 0.8 0.8 0.8
vn -0.886893 -0.261653 0.380734
v 0.0503182 0.0399805 0.0173873 0.8 0.8 0.8
vn -0.756652 -0.517712 0.399314
v 0.0472996 0.043156 0.0173873 0.8 0.8 0.8
vn -0.532236 -0.751531 0.389777
v 0.043015 0.0453626 0.0173873 0.8 0.8 0.8
vn -0.291059 -0.888135 0.355669
v 0.0367718 0.0467685 0.0173873 0.8 0.8 0.8
vn -0.106854 -0.941299 0.320218
v 0.0258289 0.0474546 0.0173873 0.8 0.8 0.8
vn -0.00865509 -0.955029 0.296388
v -0.0258289 0.0474546 0.0173873 0.8 0.8 0.8
vn 0.0124614 -0.947174 0.320479
v -0.0367718 0.0467685 0.0173873 0.8 0.8 0.8
vn 0.122042 -0.935512 0.331546
v -0.043015 0.0453626 0.0173873 0.8 0.8 0.8
vn 0.314986 -0.876844 0.36322
v -0.0472996 0.043156 0.0173873 0.8 0.8 0.8
vn 0.559572 -0.729706 0.392948
v -0.0503182 0.0399805 0.0173873 0.8 0.8 0.8
vn 0.777072 -0.489187 0.396049
v -0.0523507 0.0354599 0.0173873 0.8 0.8 0.8
vn 0.897316 -0.237677 0.371932
v -0.0535295 0.0284948 0.0173873 0.8 0.8 0.8
vn 0.9412 -0.0366819 0.335853
v -0.0539163 2.95959e-07 0.0173873 0.8 0.8 0.8
vn 0.939329 0.00143527 0.343015
v -0.0535295 -0.0284948 0.0173873 0.8 0.8 0.8
vn 0.931458 0.0466536 0.360845
v -0.0523507 -0.03546 0.0173873 0.8 0.8 0.8
vn 0.886893 0.261653 0.380734
v -0.0503182 -0.0399805 0.0173873 0.8 0.8 0.8
vn 0.756652 0.517712 0.399314
v -0.0472996 -0.043156 0.0173873 0.8 0.8 0.8
vn 0.532236 0.751531 0.389777
v -0.043015 -0.0453627 0.0173873 0.8 0.8 0.8
vn 0.291059 0.888135 0.355669
v -0.0367718 -0.0467686 0.0173873 0.8 0.8 0.8
vn 0.106854 0.941299 0.320218
v -0.0258289 -0.0474546 0.0173873 0.8 0.8 0.8
vn 0.00865509 0.955029 0.296388
v 0.0258289 -0.0474546 0.0173873 0.8 0.8 0.8
vn -0.0124614 0.947174 0.320479
v 0.0367718 -0.0467686 0.0173873 0.8 0.8 0.8
vn -0.122042 0.935512 0.331546
v 0.043015 -0.0453627 0.0173873 0.8 0.8 0.8
vn -0.314986 0.876844 0.36322
v 0.0472996 -0.043156 0.0173873 0.8 0.8 0.8
vn -0.559572 0.729706 0.392948
v 0.0503182 -0.0399805 0.0173873 0.8 0.8 0.8
vn -0.777072 0.489187 0.396049
v 0.0523507 -0.03546 0.0173873 0.8 0.8 0.8
vn -0.897316 0.237677 0.371932
v 0.0535295 -0.0284948 0.0173873 0.8 0.8 0.8
vn -0.9412 0.0366815 0.335852
v 0.0501715 -1.42304e-08 0.00934664 0.8 0.8 0.8
vn -0.869287 -0.001377 0.494305
v 0.0498116 0.0265156 0.00934664 0.8 0.8 0.8
vn -0.853632 -0.0429561 0.519102
v 0.0487147 0.0329971 0.00934664 0.8 0.8 0.8
vn -0.806831 -0.238502 0.5405
v 0.0468233 0.0372036 0.00934664 0.8 0.8 0.8
vn -0.682553 -0.467726 0.561563
v 0.0440144 0.0401586 0.00934664 0.8 0.8 0.8
vn -0.482146 -0.681798 0.550169
v 0.0400274 0.0422119 0.00934664 0.8 0.8 0.8
vn -0.2676 -0.817935 0.509287
v 0.0342178 0.0435202 0.00934664 0.8 0.8 0.8
vn -0.0996224 -0.879861 0.464673
v 0.024035 0.0441586 0.00934664 0.8 0.8 0.8
vn -0.00811358 -0.901715 0.432254
v -0.024035 0.0441586 0.00934664 0.8 0.8 0.8
vn 0.0116935 -0.882953 0.469316
v -0.0342178 0.0435202 0.00934664 0.8 0.8 0.8
vn 0.113681 -0.86921 0.481198
v -0.0400274 0.0422119 0.00934664 0.8 0.8 0.8
vn 0.289317 -0.804037 0.519442
v -0.0440144 0.0401586 0.00934664 0.8 0.8 0.8
vn 0.507027 -0.660222 0.554103
v -0.0468233 0.0372036 0.00934664 0.8 0.8 0.8
vn 0.702984 -0.441869 0.557284
v -0.0487147 0.0329971 0.00934664 0.8 0.8 0.8
vn 0.82068 -0.216946 0.528601
v -0.0498116 0.0265156 0.00934664 0.8 0.8 0.8
vn 0.875141 -0.033952 0.482676
v -0.0501715 2.74414e-07 0.00934664 0.8 0.8 0.8
vn 0.869287 0.001377 0.494305
v -0.0498116 -0.0265157 0.00934664 0.8 0.8 0.8
vn 0.853632 0.0429557 0.519102
v -0.0487147 -0.0329971 0.00934664 0.8 0.8 0.8
vn 0.806831 0.238502 0.5405
v -0.0468233 -0.0372037 0.00934664 0.8 0.8 0.8
vn 0.682553 0.467726 0.561563
v -0.0440144 -0.0401586 0.00934664 0.8 0.8 0.8
vn 0.482146 0.681798 0.550169
v -0.0400274 -0.042212 0.00934664 0.8 0.8 0.8
vn 0.2676 0.817935 0.509287
v -0.0342178 -0.0435202 0.00934664 0.8 0.8 0.8
vn 0.0996224 0.879861 0.464673
v -0.024035 -0.0441586 0.00934664 0.8 0.8 0.8
vn 0.00811358 0.901715 0.432254
v 0.024035 -0.0441586 0.00934664 0.8 0.8 0.8
vn -0.0116935 0.882953 0.469316
v 0.0342178 -0.0435202 0.00934664 0.8 0.8 0.8
vn -0.113681 0.86921 0.481198
v 0.0400274 -0.042212 0.00934664 0.8 0.8 0.8
vn -0.289317 0.804037 0.519442
v 0.0440144 -0.0401586 0.00934664 0.8 0.8 0.8
vn -0.507027 0.660222 0.554103
v 0.0468233 -0.0372037 0.00934664 0.8 0.8 0.8
vn -0.702984 0.441869 0.557284
v 0.0487147 -0.0329971 0.00934664 0.8 0.8 0.8
vn -0.82068 0.216946 0.528601
v 0.0498116 -0.0265157 0.00934664 0.8 0.8 0.8
vn -0.875141 0.0339517 0.482676
v 0.0467337 -1.42304e-08 0.00482698 0.8 0.8 0.8
vn -0.722618 -0.00120096 0.691247
v 0.0463984 0.0246987 0.00482698 0.8 0.8 0.8
vn -0.696023 -0.0352532 0.717153
v 0.0453767 0.0307361 0.00482698 0.8 0.8 0.8
vn -0.650521 -0.192822 0.734604
v 0.0436149 0.0346544 0.00482698 0.8 0.8 0.8
vn -0.542951 -0.372852 0.752453
v 0.0409984 0.0374068 0.00482698 0.8 0.8 0.8
vn -0.38634 -0.547431 0.742335
v 0.0372846 0.0393195 0.00482698 0.8 0.8 0.8
vn -0.22004 -0.674149 0.705057
v 0.0318731 0.0405381 0.00482698 0.8 0.8 0.8
vn -0.0841458 -0.745837 0.660793
v 0.0223881 0.0411328 0.00482698 0.8 0.8 0.8
vn -0.00695373 -0.780566 0.625034
v -0.0223881 0.0411328 0.00482698 0.8 0.8 0.8
vn 0.0099283 -0.74282 0.669417
v -0.0318731 0.0405381 0.00482698 0.8 0.8 0.8
vn 0.0954787 -0.727473 0.679461
v -0.0372846 0.0393195 0.00482698 0.8 0.8 0.8
vn 0.237047 -0.657242 0.715431
v -0.0409984 0.0374068 0.00482698 0.8 0.8 0.8
vn 0.406142 -0.527785 0.745984
v -0.0436149 0.0346544 0.00482698 0.8 0.8 0.8
vn 0.561885 -0.352428 0.748384
v -0.0453767 0.0307361 0.00482698 0.8 0.8 0.8
vn 0.668312 -0.176179 0.722718
v -0.0463984 0.0246987 0.00482698 0.8 0.8 0.8
vn 0.734976 -0.028334 0.677501
v -0.0467337 2.54636e-07 0.00482698 0.8 0.8 0.8
vn 0.722618 0.00120096 0.691246
v -0.0463984 -0.0246988 0.00482698 0.8 0.8 0.8
vn 0.696023 0.0352529 0.717153
v -0.0453767 -0.0307361 0.00482698 0.8 0.8 0.8
vn 0.650521 0.192822 0.734604
v -0.0436149 -0.0346544 0.00482698 0.8 0.8 0.8
vn 0.542951 0.372852 0.752453
v -0.0409984 -0.0374069 0.00482698 0.8 0.8 0.8
vn 0.38634 0.547431 0.742335
v -0.0372846 -0.0393196 0.00482698 0.8 0.8 0.8
vn 0.22004 0.674149 0.705057
v -0.0318731 -0.0405382 0.00482698 0.8 0.8 0.8
vn 0.0841458 0.745837 0.660793
v -0.0223881 -0.0411328 0.00482698 0.8 0.8 0.8
vn 0.00695373 0.780566 0.625034
v 0.0223881 -0.0411328 0.00482698 0.8 0.8 0.8
vn -0.0099283 0.74282 0.669417
v 0.0318731 -0.0405382 0.00482698 0.8 0.8 0.8
vn -0.0954787 0.727473 0.679461
v 0.0372846 -0.0393196 0.00482698 0.8 0.8 0.8
vn -0.237047 0.657242 0.715431
v 0.0409984 -0.0374069 0.00482698 0.8 0.8 0.8
vn -0.406142 0.527785 0.745984
v 0.0436149 -0.0346544 0.00482698 0.8 0.8 0.8
vn -0.561885 0.352428 0.748384
v 0.0453767 -0.0307361 0.00482698 0.8 0.8 0.8
vn -0.668312 0.176179 0.722718
v 0.0463984 -0.0246988 0.00482698 0.8 0.8 0.8
vn -0.734976 0.0283338 0.677501
v 0.0434656 -1.42304e-08 0.00238171 0.8 0.8 0.8
vn -0.501801 -0.000882993 0.864983
v 0.0431537 0.0229715 0.00238171 0.8 0.8 0.8
vn -0.47167 -0.0240854 0.881446
v 0.0422035 0.0285867 0.00238171 0.8 0.8 0.8
vn -0.436613 -0.129861 0.890227
v 0.0405649 0.032231 0.00238171 0.8 0.8 0.8
vn -0.359711 -0.247676 0.899591
v 0.0381314 0.034791 0.00238171 0.8 0.8 0.8
vn -0.257879 -0.366337 0.894033
v 0.0346773 0.0365699 0.00238171 0.8 0.8 0.8
vn -0.150973 -0.46391 0.872923
v 0.0296442 0.0377033 0.00238171 0.8 0.8 0.8
vn -0.0596231 -0.530856 0.845362
v 0.0208224 0.0382564 0.00238171 0.8 0.8 0.8
vn -0.00503199 -0.571988 0.820247
v -0.0208224 0.0382564 0.00238171 0.8 0.8 0.8
vn 0.00705296 -0.521663 0.853122
v -0.0296442 0.0377033 0.00238171 0.8 0.8 0.8
vn 0.0670517 -0.508633 0.858369
v -0.0346773 0.0365699 0.00238171 0.8 0.8 0.8
vn 0.161915 -0.447618 0.879444
v -0.0381314 0.034791 0.00238171 0.8 0.8 0.8
vn 0.271081 -0.351377 0.89613
v -0.0405649 0.032231 0.00238171 0.8 0.8 0.8
vn 0.374346 -0.234173 0.897234
v -0.0422035 0.0285867 0.00238171 0.8 0.8 0.8
vn 0.453982 -0.119263 0.882993
v -0.0431537 0.0229715 0.00238171 0.8 0.8 0.8
vn 0.517846 -0.0198054 0.855245
v -0.0434656 2.35834e-07 0.00238171 0.8 0.8 0.8
vn 0.501801 0.000882993 0.864983
v -0.0431537 -0.0229716 0.00238171 0.8 0.8 0.8
vn 0.47167 0.0240852 0.881446
v -0.0422035 -0.0285867 0.00238171 0.8 0.8 0.8
vn 0.436613 0.129861 0.890227
v -0.0405649 -0.032231 0.00238171 0.8 0.8 0.8
vn 0.359711 0.247676 0.899591
v -0.0381314 -0.034791 0.00238171 0.8 0.8 0.8
vn 0.257879 0.366337 0.894033
v -0.0346773 -0.0365699 0.00238171 0.8 0.8 0.8
vn 0.150973 0.46391 0.872923
v -0.0296442 -0.0377033 0.00238171 0.8 0.8 0.8
vn 0.0596231 0.530856 0.845362
v -0.0208224 -0.0382564 0.00238171 0.8 0.8 0.8
vn 0.00503199 0.571988 0.820247
v 0.0208224 -0.0382564 0.00238171 0.8 0.8 0.8
vn -0.00705296 0.521663 0.853122
v 0.0296442 -0.0377033 0.00238171 0.8 0.8 0.8
vn -0.0670517 0.508633 0.858369
v 0.0346773 -0.0365699 0.00238171 0.8 0.8 0.8
vn -0.161915 0.447618 0.879444
v 0.0381314 -0.034791 0.00238171 0.8 0.8 0.8
vn -0.271081 0.351377 0.89613
v 0.0405649 -0.032231 0.00238171 0.8 0.8 0.8
vn -0.374346 0.234173 0.897234
v 0.0422035 -0.0285867 0.00238171 0.8 0.8 0.8
vn -0.453982 0.119263 0.882993
v 0.0431537 -0.0229716 0.00238171 0.8 0.8 0.8
vn -0.517846 0.0198052 0.855245
v 0.0402875 -1.42304e-08 0.00111521 0.8 0.8 0.8
vn -0.289239 -0.000542817 0.957257
v 0.0399985 0.0212919 0.00111521 0.8 0.8 0.8
vn -0.266907 -0.0137634 0.963624
v 0.0391177 0.0264965 0.00111521 0.8 0.8 0.8
vn -0.246364 -0.0735769 0.966381
v 0.037599 0.0298744 0.00111521 0.8 0.8 0.8
vn -0.201596 -0.139249 0.96952
v 0.0353434 0.0322472 0.00111521 0.8 0.8 0.8
vn -0.145131 -0.206799 0.967559
v 0.0321418 0.033896 0.00111521 0.8 0.8 0.8
vn -0.0863174 -0.266176 0.960052
v 0.0274767 0.0349465 0.00111521 0.8 0.8 0.8
vn -0.0347833 -0.311366 0.949653
v 0.0193 0.0354592 0.00111521 0.8 0.8 0.8
vn -0.0029731 -0.3431 0.939294
v -0.0193 0.0354592 0.00111521 0.8 0.8 0.8
vn 0.00413437 -0.301618 0.95342
v -0.0274767 0.0349465 0.00111521 0.8 0.8 0.8
vn 0.0389585 -0.293969 0.955021
v -0.0321418 0.033896 0.00111521 0.8 0.8 0.8
vn 0.0924684 -0.254738 0.962579
v -0.0353434 0.0322472 0.00111521 0.8 0.8 0.8
vn 0.152795 -0.197451 0.968332
v -0.037599 0.0298744 0.00111521 0.8 0.8 0.8
vn 0.210812 -0.131452 0.968648
v -0.0391177 0.0264965 0.00111521 0.8 0.8 0.8
vn 0.258536 -0.0676366 0.963631
v -0.0399985 0.0212919 0.00111521 0.8 0.8 0.8
vn 0.302204 -0.0114485 0.953174
v -0.0402875 2.1755e-07 0.00111521 0.8 0.8 0.8
vn 0.289239 0.000542817 0.957257
v -0.0399985 -0.021292 0.00111521 0.8 0.8 0.8
vn 0.266907 0.0137632 0.963624
v -0.0391177 -0.0264965 0.00111521 0.8 0.8 0.8
vn 0.246364 0.0735769 0.966381
v -0.037599 -0.0298744 0.00111521 0.8 0.8 0.8
vn 0.201596 0.139249 0.96952
v -0.0353434 -0.0322472 0.00111521 0.8 0.8 0.8
vn 0.145131 0.206799 0.967559
v -0.0321418 -0.033896 0.00111521 0.8 0.8 0.8
vn 0.0863174 0.266176 0.960052
v -0.0274767 -0.0349466 0.00111521 0.8 0.8 0.8
vn 0.0347833 0.311366 0.949653
v -0.0193 -0.0354592 0.00111521 0.8 0.8 0.8
vn 0.0029731 0.3431 0.939294
v 0.0193 -0.0354592 0.00111521 0.8 0.8 0.8
vn -0.00413437 0.301618 0.95342
v 0.0274767 -0.0349466 0.00111521 0.8 0.8 0.8
vn -0.0389585 0.293969 0.955021
v 0.0321418 -0.033896 0.00111521 0.8 0.8 0.8
vn -0.0924684 0.254738 0.962579
v 0.0353434 -0.0322472 0.00111521 0.8 0.8 0.8
vn -0.152795 0.197451 0.968332
v 0.037599 -0.0298744 0.00111521 0.8 0.8 0.8
vn -0.210812 0.131452 0.968648
v 0.0391177 -0.0264965 0.00111521 0.8 0.8 0.8
vn -0.258536 0.0676366 0.963631
v 0.0399985 -0.021292 0.00111521 0.8 0.8 0.8
vn -0.302204 0.0114484 0.953174
v 0.0371551 -1.42304e-08 0.0004914 0.8 0.8 0.8
vn -0.146237 -0.000294556 0.98925
v 0.0368886 0.0196365 0.0004914 0.8 0.8 0.8
vn -0.133446 -0.00696101 0.991032
v 0.0360763 0.0244364 0.0004914 0.8 0.8 0.8
vn -0.123421 -0.0370379 0.991663
v 0.0346756 0.0275516 0.0004914 0.8 0.8 0.8
vn -0.100782 -0.0698744 0.992452
v 0.0325954 0.0297399 0.0004914 0.8 0.8 0.8
vn -0.0726553 -0.1039 0.99193
v 0.0296428 0.0312606 0.0004914 0.8 0.8 0.8
vn -0.0434421 -0.13452 0.989958
v 0.0253404 0.0322294 0.0004914 0.8 0.8 0.8
vn -0.0176222 -0.158749 0.987162
v 0.0177994 0.0327022 0.0004914 0.8 0.8 0.8
vn -0.0015056 -0.176879 0.984231
v -0.0177994 0.0327022 0.0004914 0.8 0.8 0.8
vn 0.00211647 -0.151934 0.988388
v -0.0253404 0.0322294 0.0004914 0.8 0.8 0.8
vn 0.0198011 -0.148489 0.988716
v -0.0296428 0.0312606 0.0004914 0.8 0.8 0.8
vn 0.0466637 -0.128025 0.990673
v -0.0325954 0.0297399 0.0004914 0.8 0.8 0.8
vn 0.0767287 -0.0987996 0.992145
v -0.0346756 0.0275516 0.0004914 0.8 0.8 0.8
vn 0.105826 -0.06574 0.992209
v -0.0360763 0.0244364 0.0004914 0.8 0.8 0.8
vn 0.130325 -0.0339284 0.990891
v -0.0368886 0.0196365 0.0004914 0.8 0.8 0.8
vn 0.154071 -0.0057718 0.988043
v -0.0371551 1.99529e-07 0.0004914 0.8 0.8 0.8
vn 0.146237 0.000294556 0.98925
v -0.0368886 -0.0196365 0.0004914 0.8 0.8 0.8
vn 0.133446 0.00696095 0.991032
v -0.0360763 -0.0244364 0.0004914 0.8 0.8 0.8
vn 0.123421 0.0370379 0.991663
v -0.0346756 -0.0275516 0.0004914 0.8 0.8 0.8
vn 0.100782 0.0698744 0.992452
v -0.0325954 -0.0297399 0.0004914 0.8 0.8 0.8
vn 0.0726553 0.1039 0.99193
v -0.0296428 -0.0312606 0.0004914 0.8 0.8 0.8
vn 0.0434421 0.13452 0.989958
v -0.0253404 -0.0322294 0.0004914 0.8 0.8 0.8
vn 0.0176222 0.158749 0.987162
v -0.0177994 -0.0327022 0.0004914 0.8 0.8 0.8
vn 0.0015056 0.176879 0.984231
v 0.0177994 -0.0327022 0.0004914 0.8 0.8 0.8
vn -0.00211647 0.151934 0.988388
v 0.0253404 -0.0322294 0.0004914 0.8 0.8 0.8
vn -0.0198011 0.148489 0.988716
v 0.0296428 -0.0312606 0.0004914 0.8 0.8 0.8
vn -0.0466637 0.128025 0.990673
v 0.0325954 -0.0297399 0.0004914 0.8 0.8 0.8
vn -0.0767287 0.0987996 0.992145
v 0.0346756 -0.0275516 0.0004914 0.8 0.8 0.8
vn -0.105826 0.06574 0.992209
v 0.0360763 -0.0244364 0.0004914 0.8 0.8 0.8
vn -0.130325 0.0339284 0.990891
v 0.0368886 -0.0196365 0.0004914 0.8 0.8 0.8
vn -0.154071 0.00577175 0.988043
v 0.0340447 -1.42304e-08 0.000201617 0.8 0.8 0.8
vn -0.0675295 -0.000146865 0.997717
v 0.0338004 0.0179926 0.000201617 0.8 0.8 0.8
vn -0.0611156 -0.00323125 0.998125
v 0.0330561 0.0223907 0.000201617 0.8 0.8 0.8
vn -0.0567506 -0.0171266 0.998241
v 0.0317727 0.0252451 0.000201617 0.8 0.8 0.8
vn -0.0463265 -0.0322598 0.998405
v 0.0298666 0.0272502 0.000201617 0.8 0.8 0.8
vn -0.0334053 -0.0479713 0.99829
v 0.0271612 0.0286436 0.000201617 0.8 0.8 0.8
vn -0.019992 -0.062207 0.997863
v 0.023219 0.0295313 0.000201617 0.8 0.8 0.8
vn -0.00811298 -0.0736284 0.997253
v 0.0163093 0.0299645 0.000201617 0.8 0.8 0.8
vn -0.00068756 -0.0824873 0.996592
v -0.0163093 0.0299645 0.000201617 0.8 0.8 0.8
vn 0.000989267 -0.0696935 0.997568
v -0.023219 0.0295313 0.000201617 0.8 0.8 0.8
vn 0.00918684 -0.0683951 0.997616
v -0.0271612 0.0286436 0.000201617 0.8 0.8 0.8
vn 0.0215822 -0.0589283 0.998029
v -0.0298666 0.0272502 0.000201617 0.8 0.8 0.8
vn 0.0354249 -0.0454246 0.998339
v -0.0317727 0.0252451 0.000201617 0.8 0.8 0.8
vn 0.0488477 -0.0302116 0.998349
v -0.0330561 0.0223907 0.000201617 0.8 0.8 0.8
vn 0.0602353 -0.0155921 0.998062
v -0.0338004 0.0179926 0.000201617 0.8 0.8 0.8
vn 0.0716104 -0.00264787 0.997429
v -0.0340447 1.81634e-07 0.000201617 0.8 0.8 0.8
vn 0.0675296 0.000146865 0.997717
v -0.0338004 -0.0179926 0.000201617 0.8 0.8 0.8
vn 0.0611156 0.00323122 0.998125
v -0.0330561 -0.0223907 0.000201617 0.8 0.8 0.8
vn 0.0567506 0.0171266 0.998241
v -0.0317727 -0.0252451 0.000201617 0.8 0.8 0.8
vn 0.0463265 0.0322598 0.998405
v -0.0298666 -0.0272502 0.000201617 0.8 0.8 0.8
vn 0.0334053 0.0479713 0.99829
v -0.0271612 -0.0286436 0.000201617 0.8 0.8 0.8
vn 0.019992 0.062207 0.997863
v -0.023219 -0.0295313 0.000201617 0.8 0.8 0.8
vn 0.00811298 0.0736284 0.997253
v -0.0163093 -0.0299646 0.000201617 0.8 0.8 0.8
vn 0.00068756 0.0824873 0.996592
v 0.0163093 -0.0299646 0.000201617 0.8 0.8 0.8
vn -0.000989267 0.0696935 0.997568
v 0.023219 -0.0295313 0.000201617 0.8 0.8 0.8
vn -0.00918684 0.0683951 0.997616
v 0.0271612 -0.0286436 0.000201617 0.8 0.8 0.8
vn -0.0215822 0.0589283 0.998029
v 0.0298666 -0.0272502 0.000201617 0.8 0.8 0.8
vn -0.0354249 0.0454246 0.998339
v 0.0317727 -0.0252451 0.000201617 0.8 0.8 0.8
vn -0.0488477 0.0302116 0.998349
v 0.0330561 -0.0223907 0.000201617 0.8 0.8 0.8
vn -0.0602353 0.0155921 0.998062
v 0.0338004 -0.0179926 0.000201617 0.8 0.8 0.8
vn -0.0716104 0.00264785 0.997429
v 0.0309441 -1.42304e-08 7.59829e-05 0.8 0.8 0.8
vn -0.0287596 -6.79446e-05 0.999586
v 0.0307221 0.0163539 7.59829e-05 0.8 0.8 0.8
vn -0.0258183 -0.00138676 0.999666
v 0.0300456 0.0203515 7.59829e-05 0.8 0.8 0.8
vn -0.0240939 -0.00731917 0.999683
v 0.0288791 0.022946 7.59829e-05 0.8 0.8 0.8
vn -0.019672 -0.0137688 0.999712
v 0.0271466 0.0247684 7.59829e-05 0.8 0.8 0.8
vn -0.014183 -0.0204673 0.99969
v 0.0246875 0.0260349 7.59829e-05 0.8 0.8 0.8
vn -0.00848422 -0.0265497 0.999611
v 0.0211044 0.0268418 7.59829e-05 0.8 0.8 0.8
vn -0.00343708 -0.0314642 0.999499
v 0.014824 0.0272355 7.59829e-05 0.8 0.8 0.8
vn -0.000287781 -0.0353891 0.999374
v -0.014824 0.0272355 7.59829e-05 0.8 0.8 0.8
vn 0.000427131 -0.0294384 0.999567
v -0.0211044 0.0268418 7.59829e-05 0.8 0.8 0.8
vn 0.0039328 -0.0290327 0.999571
v -0.0246875 0.0260349 7.59829e-05 0.8 0.8 0.8
vn 0.00921844 -0.0250294 0.999644
v -0.0271466 0.0247684 7.59829e-05 0.8 0.8 0.8
vn 0.0151162 -0.0192888 0.9997
v -0.0288791 0.022946 7.59829e-05 0.8 0.8 0.8
vn 0.0208388 -0.0128224 0.999701
v -0.0300456 0.0203515 7.59829e-05 0.8 0.8 0.8
vn 0.0257095 -0.00661061 0.999648
v -0.0307221 0.0163539 7.59829e-05 0.8 0.8 0.8
vn 0.0306912 -0.00111766 0.999528
v -0.0309441 1.63796e-07 7.59829e-05 0.8 0.8 0.8
vn 0.0287597 6.79446e-05 0.999586
v -0.0307221 -0.016354 7.59829e-05 0.8 0.8 0.8
vn 0.0258183 0.00138675 0.999666
v -0.0300456 -0.0203515 7.59829e-05 0.8 0.8 0.8
vn 0.0240939 0.00731917 0.999683
v -0.0288791 -0.022946 7.59829e-05 0.8 0.8 0.8
vn 0.019672 0.0137688 0.999712
v -0.0271466 -0.0247685 7.59829e-05 0.8 0.8 0.8
vn 0.014183 0.0204673 0.99969
v -0.0246875 -0.0260349 7.59829e-05 0.8 0.8 0.8
vn 0.00848422 0.0265497 0.999611
v -0.0211044 -0.0268418 7.59829e-05 0.8 0.8 0.8
vn 0.00343708 0.0314642 0.999499
v -0.014824 -0.0272356 7.59829e-05 0.8 0.8 0.8
vn 0.000287781 0.0353891 0.999374
v 0.014824 -0.0272356 7.59829e-05 0.8 0.8 0.8
vn -0.000427131 0.0294384 0.999567
v 0.0211044 -0.0268418 7.59829e-05 0.8 0.8 0.8
vn -0.0039328 0.0290327 0.999571
v 0.0246875 -0.0260349 7.59829e-05 0.8 0.8 0.8
vn -0.00921844 0.0250294 0.999644
v 0.0271466 -0.0247685 7.59829e-05 0.8 0.8 0.8
vn -0.0151162 0.0192888 0.9997
v 0.0288791 -0.022946 7.59829e-05 0.8 0.8 0.8
vn -0.0208388 0.0128224 0.999701
v 0.0300456 -0.0203515 7.59829e-05 0.8 0.8 0.8
vn -0.0257095 0.00661061 0.999648
v 0.0307221 -0.016354 7.59829e-05 0.8 0.8 0.8
vn -0.0306913 0.00111765 0.999528
v 0.0278477 -1.42304e-08 2.58354e-05 0.8 0.8 0.8
vn -0.0112142 -2.89657e-05 0.999937
v 0.0276479 0.0147175 2.58354e-05 0.8 0.8 0.8
vn -0.00997661 -0.000545933 0.99995
v 0.0270391 0.018315 2.58354e-05 0.8 0.8 0.8
vn -0.009365 -0.00286689 0.999952
v 0.0259893 0.0206499 2.58354e-05 0.8 0.8 0.8
vn -0.00764873 -0.00538568 0.999956
v 0.0244302 0.02229 2.58354e-05 0.8 0.8 0.8
vn -0.00551291 -0.00800147 0.999953
v 0.0222172 0.0234297 2.58354e-05 0.8 0.8 0.8
vn -0.00329479 -0.0103794 0.999941
v 0.0189926 0.0241559 2.58354e-05 0.8 0.8 0.8
vn -0.00133133 -0.0123123 0.999923
v 0.0133406 0.0245102 2.58354e-05 0.8 0.8 0.8
vn -0.000109784 -0.0139018 0.999903
v -0.0133406 0.0245102 2.58354e-05 0.8 0.8 0.8
vn 0.00016925 -0.0113687 0.999935
v -0.0189926 0.0241559 2.58354e-05 0.8 0.8 0.8
vn 0.00154283 -0.0112769 0.999935
v -0.0222172 0.0234297 2.58354e-05 0.8 0.8 0.8
vn 0.00360793 -0.00973172 0.999946
v -0.0244302 0.02229 2.58354e-05 0.8 0.8 0.8
vn 0.00591073 -0.00749914 0.999954
v -0.0259893 0.0206499 2.58354e-05 0.8 0.8 0.8
vn 0.00814586 -0.00498212 0.999954
v -0.0270391 0.018315 2.58354e-05 0.8 0.8 0.8
vn 0.0100529 -0.00256463 0.999946
v -0.0276479 0.0147175 2.58354e-05 0.8 0.8 0.8
vn 0.0120504 -0.000431032 0.999927
v -0.0278477 1.45982e-07 2.58354e-05 0.8 0.8 0.8
vn 0.0112142 2.89656e-05 0.999937
v -0.0276479 -0.0147175 2.58354e-05 0.8 0.8 0.8
vn 0.00997661 0.000545928 0.99995
v -0.0270391 -0.018315 2.58354e-05 0.8 0.8 0.8
vn 0.009365 0.00286689 0.999952
v -0.0259893 -0.0206499 2.58354e-05 0.8 0.8 0.8
vn 0.00764873 0.00538568 0.999956
v -0.0244302 -0.02229 2.58354e-05 0.8 0.8 0.8
vn 0.00551291 0.00800147 0.999953
v -0.0222172 -0.0234297 2.58354e-05 0.8 0.8 0.8
vn 0.00329479 0.0103794 0.999941
v -0.0189926 -0.0241559 2.58354e-05 0.8 0.8 0.8
vn 0.00133133 0.0123123 0.999923
v -0.0133406 -0.0245102 2.58354e-05 0.8 0.8 0.8
vn 0.000109784 0.0139018 0.999903
v 0.0133406 -0.0245102 2.58354e-05 0.8 0.8 0.8
vn -0.00016925 0.0113687 0.999935
v 0.0189926 -0.0241559 2.58354e-05 0.8 0.8 0.8
vn -0.00154283 0.0112769 0.999935
v 0.0222172 -0.0234297 2.58354e-05 0.8 0.8 0.8
vn -0.00360793 0.00973172 0.999946
v 0.0244302 -0.02229 2.58354e-05 0.8 0.8 0.8
vn -0.00591073 0.00749914 0.999954
v 0.0259893 -0.0206499 2.58354e-05 0.8 0.8 0.8
vn -0.00814586 0.00498212 0.999954
v 0.0270391 -0.018315 2.58354e-05 0.8 0.8 0.8
vn -0.0100529 0.00256463 0.999946
v 0.0276479 -0.0147175 2.58354e-05 0.8 0.8 0.8
vn -0.0120504 0.000431028 0.999927
v 0.0247529 -1.42304e-08 7.73528e-06 0.8 0.8 0.8
vn -0.00393886 -1.12003e-05 0.999992
v 0.0245753 0.0130819 7.73528e-06 0.8 0.8 0.8
vn -0.00346735 -0.000193975 0.999994
v 0.0240341 0.0162796 7.73528e-06 0.8 0.8 0.8
vn -0.00327735 -0.00101248 0.999994
v 0.023101 0.018355 7.73528e-06 0.8 0.8 0.8
vn -0.00267774 -0.00189888 0.999995
v 0.0217151 0.0198128 7.73528e-06 0.8 0.8 0.8
vn -0.00192925 -0.00281924 0.999994
v 0.0197481 0.0208259 7.73528e-06 0.8 0.8 0.8
vn -0.00115166 -0.00365679 0.999993
v 0.0168818 0.0214713 7.73528e-06 0.8 0.8 0.8
vn -0.000463852 -0.00434185 0.99999
v 0.011858 0.0217863 7.73528e-06 0.8 0.8 0.8
vn -3.75401e-05 -0.00492319 0.999988
v -0.011858 0.0217863 7.73528e-06 0.8 0.8 0.8
vn 6.05873e-05 -0.00394806 0.999992
v -0.0168818 0.0214713 7.73528e-06 0.8 0.8 0.8
vn 0.000545812 -0.00394293 0.999992
v -0.0197481 0.0208259 7.73528e-06 0.8 0.8 0.8
vn 0.00127291 -0.00340681 0.999993
v -0.0217151 0.0198128 7.73528e-06 0.8 0.8 0.8
vn 0.00208313 -0.00262506 0.999994
v -0.023101 0.018355 7.73528e-06 0.8 0.8 0.8
vn 0.00286976 -0.00174269 0.999994
v -0.0240341 0.0162796 7.73528e-06 0.8 0.8 0.8
vn 0.00354262 -0.000895392 0.999993
v -0.0245753 0.0130819 7.73528e-06 0.8 0.8 0.8
vn 0.00426573 -0.000149381 0.999991
v -0.0247529 1.28177e-07 7.73528e-06 0.8 0.8 0.8
vn 0.00393887 1.12003e-05 0.999992
v -0.0245753 -0.0130819 7.73528e-06 0.8 0.8 0.8
vn 0.00346735 0.000193973 0.999994
v -0.0240341 -0.0162796 7.73528e-06 0.8 0.8 0.8
vn 0.00327735 0.00101248 0.999994
v -0.023101 -0.018355 7.73528e-06 0.8 0.8 0.8
vn 0.00267774 0.00189888 0.999995
v -0.0217151 -0.0198128 7.73528e-06 0.8 0.8 0.8
vn 0.00192925 0.00281924 0.999994
v -0.0197481 -0.0208259 7.73528e-06 0.8 0.8 0.8
vn 0.00115166 0.00365679 0.999993
v -0.0168818 -0.0214713 7.73528e-06 0.8 0.8 0.8
vn 0.000463852 0.00434185 0.99999
v -0.011858 -0.0217863 7.73528e-06 0.8 0.8 0.8
vn 3.75401e-05 0.00492319 0.999988
v 0.011858 -0.0217863 7.73528e-06 0.8 0.8 0.8
vn -6.05873e-05 0.00394806 0.999992
v 0.0168818 -0.0214713 7.73528e-06 0.8 0.8 0.8
vn -0.000545812 0.00394293 0.999992
v 0.0197481 -0.0208259 7.73528e-06 0.8 0.8 0.8
vn -0.00127291 0.00340681 0.999993
v 0.0217151 -0.0198128 7.73528e-06 0.8 0.8 0.8
vn -0.00208313 0.00262506 0.999994
v 0.023101 -0.018355 7.73528e-06 0.8 0.8 0.8
vn -0.00286976 0.00174269 0.999994
v 0.0240341 -0.0162796 7.73528e-06 0.8 0.8 0.8
vn -0.00354262 0.000895392 0.999993
v 0.0245753 -0.0130819 7.73528e-06 0.8 0.8 0.8
vn -0.00426574 0.00014938 0.999991
v 0.0216586 -1.42304e-08 1.9711e-06 0.8 0.8 0.8
vn -0.00121656 -3.83645e-06 0.999999
v 0.0215032 0.0114465 1.9711e-06 0.8 0.8 0.8
vn -0.00105765 -6.07516e-05 0.999999
v 0.0210297 0.0142445 1.9711e-06 0.8 0.8 0.8
vn -0.00100791 -0.000314768 0.999999
v 0.0202132 0.0160604 1.9711e-06 0.8 0.8 0.8
vn -0.000823857 -0.000589167 0.999999
v 0.0190006 0.0173361 1.9711e-06 0.8 0.8 0.8
vn -0.00059327 -0.000873997 0.999999
v 0.0172794 0.0182225 1.9711e-06 0.8 0.8 0.8
vn -0.000353635 -0.00113348 0.999999
v 0.0147715 0.0187872 1.9711e-06 0.8 0.8 0.8
vn -0.00014187 -0.00134721 0.999999
v 0.0103757 0.0190628 1.9711e-06 0.8 0.8 0.8
vn -1.12183e-05 -0.00153479 0.999999
v -0.0103757 0.0190628 1.9711e-06 0.8 0.8 0.8
vn 1.9141e-05 -0.00120313 0.999999
v -0.0147715 0.0187872 1.9711e-06 0.8 0.8 0.8
vn 0.000170039 -0.00121134 0.999999
v -0.0172794 0.0182225 1.9711e-06 0.8 0.8 0.8
vn 0.000395254 -0.00104811 0.999999
v -0.0190006 0.0173361 1.9711e-06 0.8 0.8 0.8
vn 0.000646003 -0.000807522 0.999999
v -0.0202132 0.0160604 1.9711e-06 0.8 0.8 0.8
vn 0.000889514 -0.000535594 0.999999
v -0.0210297 0.0142445 1.9711e-06 0.8 0.8 0.8
vn 0.00109838 -0.000274552 0.999999
v -0.0215032 0.0114465 1.9711e-06 0.8 0.8 0.8
vn 0.00132925 -4.53893e-05 0.999999
v -0.0216586 1.10375e-07 1.9711e-06 0.8 0.8 0.8
vn 0.00121656 3.83645e-06 0.999999
v -0.0215032 -0.0114466 1.9711e-06 0.8 0.8 0.8
vn 0.00105765 6.07511e-05 0.999999
v -0.0210297 -0.0142445 1.9711e-06 0.8 0.8 0.8
vn 0.00100791 0.000314768 0.999999
v -0.0202132 -0.0160605 1.9711e-06 0.8 0.8 0.8
vn 0.000823857 0.000589167 0.999999
v -0.0190006 -0.0173361 1.9711e-06 0.8 0.8 0.8
vn 0.00059327 0.000873997 0.999999
v -0.0172794 -0.0182225 1.9711e-06 0.8 0.8 0.8
vn 0.000353635 0.00113348 0.999999
v -0.0147715 -0.0187873 1.9711e-06 0.8 0.8 0.8
vn 0.00014187 0.00134721 0.999999
v -0.0103757 -0.0190629 1.9711e-06 0.8 0.8 0.8
vn 1.12183e-05 0.00153479 0.999999
v 0.0103757 -0.0190629 1.9711e-06 0.8 0.8 0.8
vn -1.9141e-05 0.00120313 0.999999
v 0.0147715 -0.0187873 1.9711e-06 0.8 0.8 0.8
vn -0.000170039 0.00121134 0.999999
v 0.0172794 -0.0182225 1.9711e-06 0.8 0.8 0.8
vn -0.000395254 0.00104811 0.999999
v 0.0190006 -0.0173361 1.9711e-06 0.8 0.8 0.8
vn -0.000646003 0.000807522 0.999999
v 0.0202132 -0.0160605 1.9711e-06 0.8 0.8 0.8
vn -0.000889514 0.000535594 0.999999
v 0.0210297 -0.0142445 1.9711e-06 0.8 0.8 0.8
vn -0.00109838 0.000274552 0.999999
v 0.0215032 -0.0114466 1.9711e-06 0.8 0.8 0.8
vn -0.00132925 4.53889e-05 0.999999
v 0.0185644 -1.42304e-08 4.06683e-07 0.8 0.8 0.8
vn -0.000319322 -1.12512e-06 1
v 0.0184313 0.00981129 4.06683e-07 0.8 0.8 0.8
vn -0.000273562 -1.62197e-05 1
v 0.0180254 0.0122095 4.06683e-07 0.8 0.8 0.8
vn -0.00026323 -8.32748e-05 1
v 0.0173255 0.0137661 4.06683e-07 0.8 0.8 0.8
vn -0.000215254 -0.000155491 1
v 0.0162862 0.0148594 4.06683e-07 0.8 0.8 0.8
vn -0.000154905 -0.00023042 1
v 0.0148109 0.0156192 4.06683e-07 0.8 0.8 0.8
vn -9.21684e-05 -0.000298759 1
v 0.0126612 0.0161033 4.06683e-07 0.8 0.8 0.8
vn -3.67951e-05 -0.000355481 1
v 0.00889341 0.0163395 4.06683e-07 0.8 0.8 0.8
vn -2.82613e-06 -0.000407047 1
v -0.00889341 0.0163395 4.06683e-07 0.8 0.8 0.8
vn 5.16227e-06 -0.000310832 1
v -0.0126612 0.0161033 4.06683e-07 0.8 0.8 0.8
vn 4.50985e-05 -0.000315978 1
v -0.0148109 0.0156192 4.06683e-07 0.8 0.8 0.8
vn 0.000104414 -0.000273838 1
v -0.0162862 0.0148594 4.06683e-07 0.8 0.8 0.8
vn 0.000170382 -0.000210941 1
v -0.0173255 0.0137661 4.06683e-07 0.8 0.8 0.8
vn 0.000234459 -0.000139746 1
v -0.0180254 0.0122095 4.06683e-07 0.8 0.8 0.8
vn 0.000289584 -7.1431e-05 1
v -0.0184313 0.00981129 4.06683e-07 0.8 0.8 0.8
vn 0.000352379 -1.16753e-05 1
v -0.0185644 9.25738e-08 4.06683e-07 0.8 0.8 0.8
vn 0.000319323 1.12512e-06 1
v -0.0184313 -0.00981132 4.06683e-07 0.8 0.8 0.8
vn 0.000273562 1.62195e-05 1
v -0.0180254 -0.0122096 4.06683e-07 0.8 0.8 0.8
vn 0.00026323 8.32748e-05 1
v -0.0173255 -0.0137661 4.06683e-07 0.8 0.8 0.8
vn 0.000215254 0.000155491 1
v -0.0162862 -0.0148595 4.06683e-07 0.8 0.8 0.8
vn 0.000154905 0.00023042 1
v -0.0148109 -0.0156193 4.06683e-07 0.8 0.8 0.8
vn 9.21684e-05 0.000298759 1
v -0.0126612 -0.0161033 4.06683e-07 0.8 0.8 0.8
vn 3.67951e-05 0.000355481 1
v -0.00889341 -0.0163396 4.06683e-07 0.8 0.8 0.8
vn 2.82613e-06 0.000407047 1
v 0.00889341 -0.0163396 4.06683e-07 0.8 0.8 0.8
vn -5.16227e-06 0.000310832 1
v 0.0126612 -0.0161033 4.06683e-07 0.8 0.8 0.8
vn -4.50985e-05 0.000315978 1
v 0.0148109 -0.0156193 4.06683e-07 0.8 0.8 0.8
vn -0.000104414 0.000273838 1
v 0.0162862 -0.0148595 4.06683e-07 0.8 0.8 0.8
vn -0.000170382 0.000210941 1
v 0.0173255 -0.0137661 4.06683e-07 0.8 0.8 0.8
vn -0.000234459 0.000139746 1
v 0.0180254 -0.0122096 4.06683e-07 0.8 0.8 0.8
vn -0.000289584 7.1431e-05 1
v 0.0184313 -0.00981132 4.06683e-07 0.8 0.8 0.8
vn -0.000352379 1.16752e-05 1
v 0.0154704 -1.42304e-08 6.28835e-08 0.8 0.8 0.8
vn -6.77804e-05 -2.68638e-07 1
v 0.0153594 0.00817607 6.28835e-08 0.8 0.8 0.8
vn -5.70923e-05 -3.5162e-06 1
v 0.0150211 0.0101746 6.28835e-08 0.8 0.8 0.8
vn -5.55511e-05 -1.78459e-05 1
v 0.0144379 0.0114717 6.28835e-08 0.8 0.8 0.8
vn -4.54437e-05 -3.32214e-05 1
v 0.0135718 0.0123829 6.28835e-08 0.8 0.8 0.8
vn -3.26738e-05 -4.91641e-05 1
v 0.0123424 0.013016 6.28835e-08 0.8 0.8 0.8
vn -1.93964e-05 -6.37197e-05 1
v 0.010551 0.0134194 6.28835e-08 0.8 0.8 0.8
vn -7.69608e-06 -7.58971e-05 1
v 0.00741117 0.0136163 6.28835e-08 0.8 0.8 0.8
vn -5.69715e-07 -8.73588e-05 1
v -0.00741117 0.0136163 6.28835e-08 0.8 0.8 0.8
vn 1.13231e-06 -6.47833e-05 1
v -0.010551 0.0134194 6.28835e-08 0.8 0.8 0.8
vn 9.69468e-06 -6.65953e-05 1
v -0.0123424 0.013016 6.28835e-08 0.8 0.8 0.8
vn 2.23351e-05 -5.7813e-05 1
v -0.0135718 0.0123829 6.28835e-08 0.8 0.8 0.8
vn 3.63736e-05 -4.45192e-05 1
v -0.0144379 0.0114717 6.28835e-08 0.8 0.8 0.8
vn 5.00101e-05 -2.94496e-05 1
v -0.0150211 0.0101746 6.28835e-08 0.8 0.8 0.8
vn 6.17768e-05 -1.49993e-05 1
v -0.0153594 0.00817607 6.28835e-08 0.8 0.8 0.8
vn 7.55953e-05 -2.41635e-06 1
v -0.0154704 7.47731e-08 6.28835e-08 0.8 0.8 0.8
vn 6.77806e-05 2.68637e-07 1
v -0.0153594 -0.0081761 6.28835e-08 0.8 0.8 0.8
vn 5.70923e-05 3.51617e-06 1
v -0.0150211 -0.0101746 6.28835e-08 0.8 0.8 0.8
vn 5.55511e-05 1.78459e-05 1
v -0.0144379 -0.0114717 6.28835e-08 0.8 0.8 0.8
vn 4.54437e-05 3.32214e-05 1
v -0.0135718 -0.0123829 6.28835e-08 0.8 0.8 0.8
vn 3.26738e-05 4.91641e-05 1
v -0.0123424 -0.013016 6.28835e-08 0.8 0.8 0.8
vn 1.93964e-05 6.37197e-05 1
v -0.010551 -0.0134194 6.28835e-08 0.8 0.8 0.8
vn 7.69608e-06 7.58971e-05 1
v -0.00741117 -0.0136163 6.28835e-08 0.8 0.8 0.8
vn 5.69715e-07 8.73588e-05 1
v 0.00741117 -0.0136163 6.28835e-08 0.8 0.8 0.8
vn -1.13231e-06 6.47833e-05 1
v 0.010551 -0.0134194 6.28835e-08 0.8 0.8 0.8
vn -9.69468e-06 6.65953e-05 1
v 0.0123424 -0.013016 6.28835e-08 0.8 0.8 0.8
vn -2.23351e-05 5.7813e-05 1
v 0.0135718 -0.0123829 6.28835e-08 0.8 0.8 0.8
vn -3.63736e-05 4.45192e-05 1
v 0.0144379 -0.0114717 6.28835e-08 0.8 0.8 0.8
vn -5.00101e-05 2.94496e-05 1
v 0.0150211 -0.0101746 6.28835e-08 0.8 0.8 0.8
vn -6.17768e-05 1.49993e-05 1
v 0.0153594 -0.0081761 6.28835e-08 0.8 0.8 0.8
vn -7.55954e-05 2.41633e-06 1
v 0.0123763 -1.42304e-08 6.40172e-09 0.8 0.8 0.8
vn -1.07865e-05 -4.83008e-08 1
v 0.0122875 0.00654085 6.40172e-09 0.8 0.8 0.8
vn -8.92141e-06 -5.74707e-07 1
v 0.0120169 0.00813969 6.40172e-09 0.8 0.8 0.8
vn -8.78446e-06 -2.87314e-06 1
v 0.0115504 0.00917737 6.40172e-09 0.8 0.8 0.8
vn -7.18713e-06 -5.32809e-06 1
v 0.0108574 0.00990628 6.40172e-09 0.8 0.8 0.8
vn -5.1609e-06 -7.87081e-06 1
v 0.00987393 0.0104128 6.40172e-09 0.8 0.8 0.8
vn -3.05464e-06 -1.01936e-05 1
v 0.00844082 0.0107355 6.40172e-09 0.8 0.8 0.8
vn -1.20265e-06 -1.21503e-05 1
v 0.00592893 0.010893 6.40172e-09 0.8 0.8 0.8
vn -8.49404e-08 -1.40464e-05 1
v -0.00592894 0.010893 6.40172e-09 0.8 0.8 0.8
vn 1.87572e-07 -1.01085e-05 1
v -0.00844083 0.0107355 6.40172e-09 0.8 0.8 0.8
vn 1.5669e-06 -1.05175e-05 1
v -0.00987393 0.0104128 6.40172e-09 0.8 0.8 0.8
vn 3.5876e-06 -9.14485e-06 1
v -0.0108574 0.00990628 6.40172e-09 0.8 0.8 0.8
vn 5.82747e-06 -7.03752e-06 1
v -0.0115504 0.00917737 6.40172e-09 0.8 0.8 0.8
vn 8.00232e-06 -4.6461e-06 1
v -0.0120169 0.00813969 6.40172e-09 0.8 0.8 0.8
vn 9.88344e-06 -2.35557e-06 1
v -0.0122875 0.00654085 6.40172e-09 0.8 0.8 0.8
vn 1.21519e-05 -3.72409e-07 1
v -0.0123763 5.69724e-08 6.40172e-09 0.8 0.8 0.8
vn 1.07865e-05 4.83007e-08 1
v -0.0122875 -0.00654088 6.40172e-09 0.8 0.8 0.8
vn 8.9214e-06 5.74702e-07 1
v -0.0120169 -0.00813972 6.40172e-09 0.8 0.8 0.8
vn 8.78446e-06 2.87314e-06 1
v -0.0115504 -0.0091774 6.40172e-09 0.8 0.8 0.8
vn 7.18713e-06 5.32809e-06 1
v -0.0108574 -0.00990631 6.40172e-09 0.8 0.8 0.8
vn 5.1609e-06 7.87081e-06 1
v -0.00987393 -0.0104128 6.40172e-09 0.8 0.8 0.8
vn 3.05464e-06 1.01936e-05 1
v -0.00844083 -0.0107356 6.40172e-09 0.8 0.8 0.8
vn 1.20265e-06 1.21503e-05 1
v -0.00592894 -0.010893 6.40172e-09 0.8 0.8 0.8
vn 8.49404e-08 1.40464e-05 1
v 0.00592893 -0.010893 6.40172e-09 0.8 0.8 0.8
vn -1.87572e-07 1.01085e-05 1
v 0.00844082 -0.0107356 6.40172e-09 0.8 0.8 0.8
vn -1.5669e-06 1.05175e-05 1
v 0.00987393 -0.0104128 6.40172e-09 0.8 0.8 0.8
vn -3.5876e-06 9.14485e-06 1
v 0.0108574 -0.00990631 6.40172e-09 0.8 0.8 0.8
vn -5.82747e-06 7.03752e-06 1
v 0.0115504 -0.0091774 6.40172e-09 0.8 0.8 0.8
vn -8.00232e-06 4.6461e-06 1
v 0.0120169 -0.00813972 6.40172e-09 0.8 0.8 0.8
vn -9.88344e-06 2.35557e-06 1
v 0.0122875 -0.00654088 6.40172e-09 0.8 0.8 0.8
vn -1.21519e-05 3.72405e-07 1
v 0.00928222 -1.42304e-08 3.36571e-10 0.8 0.8 0.8
vn -1.13661e-06 -5.75193e-09 1
v 0.00921562 0.00490564 3.36571e-10 0.8 0.8 0.8
vn -9.25154e-07 -6.27513e-08 1
v 0.00901269 0.00610476 3.36571e-10 0.8 0.8 0.8
vn -9.20088e-07 -3.07109e-07 1
v 0.00866277 0.00688302 3.36571e-10 0.8 0.8 0.8
vn -7.52311e-07 -5.66619e-07 1
v 0.00814308 0.00742971 3.36571e-10 0.8 0.8 0.8
vn -5.39124e-07 -8.34856e-07 1
v 0.00740545 0.00780961 3.36571e-10 0.8 0.8 0.8
vn -3.17822e-07 -1.07966e-06 1
v 0.00633062 0.00805164 3.36571e-10 0.8 0.8 0.8
vn -1.23875e-07 -1.2864e-06 1
v 0.0044467 0.00816976 3.36571e-10 0.8 0.8 0.8
vn -8.23801e-09 -1.48899e-06 1
v -0.0044467 0.00816976 3.36571e-10 0.8 0.8 0.8
vn 2.07941e-08 -1.047e-06 1
v -0.00633062 0.00805164 3.36571e-10 0.8 0.8 0.8
vn 1.68346e-07 -1.10081e-06 1
v -0.00740545 0.00780961 3.36571e-10 0.8 0.8 0.8
vn 3.8231e-07 -9.57731e-07 1
v -0.00814308 0.00742971 3.36571e-10 0.8 0.8 0.8
vn 6.18807e-07 -7.36033e-07 1
v -0.00866277 0.00688302 3.36571e-10 0.8 0.8 0.8
vn 8.48091e-07 -4.84549e-07 1
v -0.00901269 0.00610476 3.36571e-10 0.8 0.8 0.8
vn 1.04642e-06 -2.44194e-07 1
v -0.00921562 0.00490564 3.36571e-10 0.8 0.8 0.8
vn 1.28844e-06 -3.76394e-08 1
v -0.00928222 3.91717e-08 3.36571e-10 0.8 0.8 0.8
vn 1.13661e-06 5.75193e-09 1
v -0.00921562 -0.00490566 3.36571e-10 0.8 0.8 0.8
vn 9.25153e-07 6.27508e-08 1
v -0.00901269 -0.00610479 3.36571e-10 0.8 0.8 0.8
vn 9.20088e-07 3.07109e-07 1
v -0.00866277 -0.00688305 3.36571e-10 0.8 0.8 0.8
vn 7.52311e-07 5.66619e-07 1
v -0.00814308 -0.00742974 3.36571e-10 0.8 0.8 0.8
vn 5.39124e-07 8.34856e-07 1
v -0.00740545 -0.00780963 3.36571e-10 0.8 0.8 0.8
vn 3.17822e-07 1.07966e-06 1
v -0.00633062 -0.00805167 3.36571e-10 0.8 0.8 0.8
vn 1.23875e-07 1.2864e-06 1
v -0.0044467 -0.00816979 3.36571e-10 0.8 0.8 0.8
vn 8.23801e-09 1.48899e-06 1
v 0.0044467 -0.00816979 3.36571e-10 0.8 0.8 0.8
vn -2.07941e-08 1.047e-06 1
v 0.00633062 -0.00805167 3.36571e-10 0.8 0.8 0.8
vn -1.68346e-07 1.10081e-06 1
v 0.00740545 -0.00780963 3.36571e-10 0.8 0.8 0.8
vn -3.8231e-07 9.57731e-07 1
v 0.00814308 -0.00742974 3.36571e-10 0.8 0.8 0.8
vn -6.18807e-07 7.36033e-07 1
v 0.00866277 -0.00688305 3.36571e-10 0.8 0.8 0.8
vn -8.48091e-07 4.84549e-07 1
v 0.00901269 -0.00610479 3.36571e-10 0.8 0.8 0.8
vn -1.04642e-06 2.44194e-07 1
v 0.00921562 -0.00490566 3.36571e-10 0.8 0.8 0.8
vn -1.28844e-06 3.76391e-08 1
v 0.00618814 -1.42304e-08 5.29804e-12 0.8 0.8 0.8
vn -6.31686e-08 -3.61424e-10 1
v 0.00614375 0.00327042 5.29804e-12 0.8 0.8 0.8
vn -5.12212e-08 -3.68711e-09 1
v 0.00600846 0.00406984 5.29804e-12 0.8 0.8 0.8
vn -5.09521e-08 -1.74031e-08 1
v 0.00577518 0.00458868 5.29804e-12 0.8 0.8 0.8
vn -4.15413e-08 -3.18549e-08 1
v 0.00542872 0.00495314 5.29804e-12 0.8 0.8 0.8
vn -2.96556e-08 -4.67259e-08 1
v 0.00493697 0.0052064 5.29804e-12 0.8 0.8 0.8
vn -1.73733e-08 -6.02267e-08 1
v 0.00422041 0.00536776 5.29804e-12 0.8 0.8 0.8
vn -6.67273e-09 -7.1506e-08 1
v 0.00296447 0.0054465 5.29804e-12 0.8 0.8 0.8
vn -4.08716e-10 -8.21326e-08 1
v -0.00296447 0.0054465 5.29804e-12 0.8 0.8 0.8
vn 1.24432e-09 -5.79771e-08 1
v -0.00422041 0.00536776 5.29804e-12 0.8 0.8 0.8
vn 9.61515e-09 -6.10349e-08 1
v -0.00493697 0.0052064 5.29804e-12 0.8 0.8 0.8
vn 2.15631e-08 -5.29644e-08 1
v -0.00542872 0.00495314 5.29804e-12 0.8 0.8 0.8
vn 3.47033e-08 -4.05718e-08 1
v -0.00577518 0.00458868 5.29804e-12 0.8 0.8 0.8
vn 4.73847e-08 -2.65829e-08 1
v -0.00600846 0.00406984 5.29804e-12 0.8 0.8 0.8
vn 5.82787e-08 -1.32771e-08 1
v -0.00614375 0.00327042 5.29804e-12 0.8 0.8 0.8
vn 7.11729e-08 -1.96861e-09 1
v -0.00618814 2.1371e-08 5.29804e-12 0.8 0.8 0.8
vn 6.31688e-08 3.61423e-10 1
v -0.00614375 -0.00327045 5.29804e-12 0.8 0.8 0.8
vn 5.12212e-08 3.68708e-09 1
v -0.00600846 -0.00406987 5.29804e-12 0.8 0.8 0.8
vn 5.09521e-08 1.74031e-08 1
v -0.00577518 -0.0045887 5.29804e-12 0.8 0.8 0.8
vn 4.15413e-08 3.18549e-08 1
v -0.00542872 -0.00495316 5.29804e-12 0.8 0.8 0.8
vn 2.96556e-08 4.67259e-08 1
v -0.00493697 -0.00520643 5.29804e-12 0.8 0.8 0.8
vn 1.73733e-08 6.02267e-08 1
v -0.00422041 -0.00536779 5.29804e-12 0.8 0.8 0.8
vn 6.67273e-09 7.1506e-08 1
v -0.00296447 -0.00544653 5.29804e-12 0.8 0.8 0.8
vn 4.08716e-10 8.21326e-08 1
v 0.00296447 -0.00544653 5.29804e-12 0.8 0.8 0.8
vn -1.24432e-09 5.79771e-08 1
v 0.00422041 -0.00536779 5.29804e-12 0.8 0.8 0.8
vn -9.61515e-09 6.10349e-08 1
v 0.00493697 -0.00520643 5.29804e-12 0.8 0.8 0.8
vn -2.15631e-08 5.29644e-08 1
v 0.00542872 -0.00495316 5.29804e-12 0.8 0.8 0.8
vn -3.47033e-08 4.05718e-08 1
v 0.00577518 -0.0045887 5.29804e-12 0.8 0.8 0.8
vn -4.73847e-08 2.65829e-08 1
v 0.00600846 -0.00406987 5.29804e-12 0.8 0.8 0.8
vn -5.82787e-08 1.32771e-08 1
v 0.00614375 -0.00327045 5.29804e-12 0.8 0.8 0.8
vn -7.1173e-08 1.9686e-09 1
v 0.00309407 -1.42304e-08 4.38538e-15 0.8 0.8 0.8
vn -1.14108e-09 -7.74187e-12 1
v 0.00307187 0.0016352 4.38538e-15 0.8 0.8 0.8
vn -9.70281e-10 -7.7049e-11 1
v 0.00300423 0.00203491 4.38538e-15 0.8 0.8 0.8
vn -9.251e-10 -3.27895e-10 1
v 0.00288759 0.00229433 4.38538e-15 0.8 0.8 0.8
vn -7.45319e-10 -5.88296e-10 1
v 0.00271436 0.00247656 4.38538e-15 0.8 0.8 0.8
vn -5.26174e-10 -8.52544e-10 1
v 0.00246848 0.00260319 4.38538e-15 0.8 0.8 0.8
vn -3.03536e-10 -1.08728e-09 1
v 0.00211021 0.00268387 4.38538e-15 0.8 0.8 0.8
vn -1.12757e-10 -1.27161e-09 1
v 0.00148223 0.00272324 4.38538e-15 0.8 0.8 0.8
vn -5.82197e-12 -1.4072e-09 1
v -0.00148223 0.00272324 4.38538e-15 0.8 0.8 0.8
vn 2.69354e-11 -1.10601e-09 1
v -0.00211021 0.00268387 4.38538e-15 0.8 0.8 0.8
vn 1.84793e-10 -1.11831e-09 1
v -0.00246848 0.00260319 4.38538e-15 0.8 0.8 0.8
vn 4.01535e-10 -9.55509e-10 1
v -0.00271436 0.00247656 4.38538e-15 0.8 0.8 0.8
vn 6.36739e-10 -7.24025e-10 1
v -0.00288759 0.00229433 4.38538e-15 0.8 0.8 0.8
vn 8.60048e-10 -4.68478e-10 1
v -0.00300423 0.00203491 4.38538e-15 0.8 0.8 0.8
vn 1.04557e-09 -2.29113e-10 1
v -0.00307187 0.0016352 4.38538e-15 0.8 0.8 0.8
vn 1.226e-09 -3.10287e-11 1
v -0.00309407 3.57029e-09 4.38538e-15 0.8 0.8 0.8
vn 1.14108e-09 7.74184e-12 1
v -0.00307187 -0.00163523 4.38538e-15 0.8 0.8 0.8
vn 9.7028e-10 7.70485e-11 1
v -0.00300423 -0.00203494 4.38538e-15 0.8 0.8 0.8
vn 9.251e-10 3.27895e-10 1
v -0.00288759 -0.00229436 4.38538e-15 0.8 0.8 0.8
vn 7.45319e-10 5.88296e-10 1
v -0.00271436 -0.00247659 4.38538e-15 0.8 0.8 0.8
vn 5.26174e-10 8.52544e-10 1
v -0.00246848 -0.00260322 4.38538e-15 0.8 0.8 0.8
vn 3.03536e-10 1.08728e-09 1
v -0.00211021 -0.0026839 4.38538e-15 0.8 0.8 0.8
vn 1.12757e-10 1.27161e-09 1
v -0.00148223 -0.00272327 4.38538e-15 0.8 0.8 0.8
vn 5.82197e-12 1.4072e-09 1
v 0.00148223 -0.00272327 4.38538e-15 0.8 0.8 0.8
vn -2.69354e-11 1.10601e-09 1
v 0.00211021 -0.0026839 4.38538e-15 0.8 0.8 0.8
vn -1.84793e-10 1.11831e-09 1
v 0.00246848 -0.00260322 4.38538e-15 0.8 0.8 0.8
vn -4.01535e-10 9.55509e-10 1
v 0.00271436 -0.00247659 4.38538e-15 0.8 0.8 0.8
vn -6.36739e-10 7.24025e-10 1
v 0.00288759 -0.00229436 4.38538e-15 0.8 0.8 0.8
vn -8.60048e-10 4.68478e-10 1
v 0.00300423 -0.00203494 4.38538e-15 0.8 0.8 0.8
vn -1.04557e-09 2.29113e-10 1
v 0.00307187 -0.00163523 4.38538e-15 0.8 0.8 0.8
vn -1.22601e-09 3.10284e-11 1
v -4.32411e-10 -1.42304e-08 0 0.8 0.8 0.8
vn -1.41735e-12 -1.92406e-14 1
v -4.32411e-10 -1.42304e-08 0 0.8 0.8 0.8
vn -1.30961e-12 -2.21632e-13 1
v -4.32411e-10 -1.42304e-08 0 0.8 0.8 0.8
vn -1.11896e-12 -5.03103e-13 1
v -4.32411e-10 -1.42304e-08 0 0.8 0.8 0.8
vn -8.65203e-13 -8.2247e-13 1
v -4.32411e-10 -1.42304e-08 0 0.8 0.8 0.8
vn -5.82925e-13 -1.13185e-12 1
v -4.32411e-10 -1.42304e-08 0 0.8 0.8 0.8
vn -3.12602e-13 -1.38818e-12 1
v -4.32411e-10 -1.42304e-08 0 0.8 0.8 0.8
vn -9.76321e-14 -1.5572e-12 1
v -4.32411e-10 -1.42304e-08 0 0.8 0.8 0.8
vn -1.38227e-20 -1.61034e-12 1
v -4.32411e-10 -1.42304e-08 0 0.8 0.8 0.8
vn 9.7632e-14 -1.5572e-12 1
v -4.32411e-10 -1.42304e-08 0 0.8 0.8 0.8
vn 3.12602e-13 -1.38818e-12 1
v -4.32411e-10 -1.42304e-08 0 0.8 0.8 0.8
vn 5.82925e-13 -1.13185e-12 1
v -4.32411e-10 -1.42304e-08 0 0.8 0.8 0.8
vn 8.65203e-13 -8.2247e-13 1
v -4.32411e-10 -1.42304e-08 0 0.8 0.8 0.8
vn 1.11896e-12 -5.03103e-13 1
v -4.32411e-10 -1.42304e-08 0 0.8 0.8 0.8
vn 1.30961e-12 -2.21632e-13 1
v -4.32411e-10 -1.42304e-08 0 0.8 0.8 0.8
vn 1.41735e-12 -1.92408e-14 1
v -4.32411e-10 -1.42304e-08 0 0.8 0.8 0.8
vn 1.41735e-12 1.92404e-14 1
v -4.32411e-10 -1.42304e-08 0 0.8 0.8 0.8
vn 1.30961e-12 2.21632e-13 1
v -4.32411e-10 -1.42304e-08 0 0.8 0.8 0.8
vn 1.11896e-12 5.03103e-13 1
v -4.32411e-10 -1.42304e-08 0 0.8 0.8 0.8
vn 8.65203e-13 8.2247e-13 1
v -4.32411e-10 -1.42304e-08 0 0.8 0.8 0.8
vn 5.82925e-13 1.13185e-12 1
v -4.32411e-10 -1.42304e-08 0 0.8 0.8 0.8
vn 3.12602e-13 1.38818e-12 1
v -4.32411e-10 -1.42304e-08 0 0.8 0.8 0.8
vn 9.76321e-14 1.5572e-12 1
v -4.32411e-10 -1.42304e-08 0 0.8 0.8 0.8
vn 1.38227e-20 1.61034e-12 1
v -4.32411e-10 -1.42304e-08 0 0.8 0.8 0.8
vn -9.7632e-14 1.5572e-12 1
v -4.32411e-10 -1.42304e-08 0 0.8 0.8 0.8
vn -3.12602e-13 1.38818e-12 1
v -4.32411e-10 -1.42304e-08 0 0.8 0.8 0.8
vn -5.82925e-13 1.13185e-12 1
v -4.32411e-10 -1.42304e-08 0 0.8 0.8 0.8
vn -8.65203e-13 8.2247e-13 1
v -4.32411e-10 -1.42304e-08 0 0.8 0.8 0.8
vn -1.11896e-12 5.03103e-13 1
v -4.32411e-10 -1.42304e-08 0 0.8 0.8 0.8
vn -1.30961e-12 2.21632e-13 1
v -4.32411e-10 -1.42304e-08 0 0.8 0.8 0.8
vn -1.41735e-12 1.92406e-14 1
v 0.0774385 -1.42304e-08 0.0918112 0.8 0.8 0.8
vn 0.999991 -0.00422797 -0.000173655
v 0.076883 0.0409262 0.0918112 0.8 0.8 0.8
vn 0.999511 0.0312643 -0.000173182
v 0.07519 0.0509302 0.0918112 0.8 0.8 0.8
vn 0.972278 0.233827 -0.000190063
v 0.0722707 0.0574229 0.0918112 0.8 0.8 0.8
vn 0.863302 0.504688 -0.000204677
v 0.0679351 0.0619838 0.0918112 0.8 0.8 0.8
vn 0.635318 0.772251 -0.000204204
v 0.0617813 0.0651531 0.0918112 0.8 0.8 0.8
vn 0.362856 0.931845 -0.000186805
v 0.0528143 0.0671724 0.0918112 0.8 0.8 0.8
vn 0.145744 0.989322 -0.000167202
v 0.0370974 0.0681578 0.0918112 0.8 0.8 0.8
vn 0.0180213 0.999838 -0.000157202
v -0.0370974 0.0681578 0.0918112 0.8 0.8 0.8
vn -0.00627497 0.99998 -0.000151452
v -0.0528143 0.0671724 0.0918112 0.8 0.8 0.8
vn -0.0996523 0.995022 -0.000160912
v -0.0617813 0.0651531 0.0918112 0.8 0.8 0.8
vn -0.289066 0.957309 -0.000179566
v -0.0679351 0.0619838 0.0918112 0.8 0.8 0.8
vn -0.550844 0.834608 -0.000199857
v -0.0722707 0.0574229 0.0918112 0.8 0.8 0.8
vn -0.805256 0.592927 -0.000207093
v -0.07519 0.0509302 0.0918112 0.8 0.8 0.8
vn -0.951248 0.308426 -0.000196271
v -0.076883 0.0409262 0.0918112 0.8 0.8 0.8
vn -0.99802 0.0628996 -0.00018079
v -0.0774385 4.31286e-07 0.0918112 0.8 0.8 0.8
vn -0.999991 0.00422799 -0.000173655
v -0.076883 -0.0409263 0.0918112 0.8 0.8 0.8
vn -0.999511 -0.031264 -0.000173182
v -0.07519 -0.0509302 0.0918112 0.8 0.8 0.8
vn -0.972278 -0.233827 -0.000190063
v -0.0722707 -0.057423 0.0918112 0.8 0.8 0.8
vn -0.863302 -0.504688 -0.000204677
v -0.0679351 -0.0619838 0.0918112 0.8 0.8 0.8
vn -0.635318 -0.772251 -0.000204204
v -0.0617813 -0.0651532 0.0918112 0.8 0.8 0.8
vn -0.362856 -0.931845 -0.000186805
v -0.0528143 -0.0671724 0.0918112 0.8 0.8 0.8
vn -0.145744 -0.989322 -0.000167202
v -0.0370974 -0.0681578 0.0918112 0.8 0.8 0.8
vn -0.0180213 -0.999838 -0.000157202
v 0.0370974 -0.0681578 0.0918112 0.8 0.8 0.8
vn 0.00627497 -0.99998 -0.000151452
v 0.0528143 -0.0671724 0.0918112 0.8 0.8 0.8
vn 0.0996523 -0.995022 -0.000160912
v 0.0617813 -0.0651532 0.0918112 0.8 0.8 0.8
vn 0.289066 -0.957309 -0.000179566
v 0.0679351 -0.0619838 0.0918112 0.8 0.8 0.8
vn 0.550844 -0.834608 -0.000199857
v 0.0722707 -0.057423 0.0918112 0.8 0.8 0.8
vn 0.805256 -0.592927 -0.000207093
v 0.07519 -0.0509302 0.0918112 0.8 0.8 0.8
vn 0.951248 -0.308426 -0.000196271
v 0.076883 -0.0409263 0.0918112 0.8 0.8 0.8
vn 0.99802 -0.0628992 -0.00018079
v 0.0700567 -1.42304e-08 0.0543016 0.8 0.8 0.8
vn 0.977518 0.00146286 -0.210848
v 0.0695541 0.0370249 0.0543016 0.8 0.8 0.8
vn 0.974468 0.0486805 -0.219187
v 0.0680225 0.0460752 0.0543016 0.8 0.8 0.8
vn 0.932253 0.274732 -0.235429
v 0.0653815 0.0519491 0.0543016 0.8 0.8 0.8
vn 0.799566 0.546607 -0.248828
v 0.0614592 0.0560752 0.0543016 0.8 0.8 0.8
vn 0.560978 0.791467 -0.242659
v 0.055892 0.0589424 0.0543016 0.8 0.8 0.8
vn 0.304064 0.926938 -0.219844
v 0.0477798 0.0607692 0.0543016 0.8 0.8 0.8
vn 0.110741 0.974135 -0.196969
v 0.0335611 0.0616606 0.0543016 0.8 0.8 0.8
vn 0.00894446 0.983004 -0.183367
v -0.0335611 0.0616606 0.0543016 0.8 0.8 0.8
vn -0.0128616 0.981227 -0.192426
v -0.0477798 0.0607692 0.0543016 0.8 0.8 0.8
vn -0.126515 0.97118 -0.201999
v -0.055892 0.0589424 0.0543016 0.8 0.8 0.8
vn -0.329221 0.917335 -0.223851
v -0.0614592 0.0560752 0.0543016 0.8 0.8 0.8
vn -0.58973 0.769664 -0.244616
v -0.0653815 0.0519491 0.0543016 0.8 0.8 0.8
vn -0.819806 0.516533 -0.247207
v -0.0680225 0.0460752 0.0543016 0.8 0.8 0.8
vn -0.940413 0.249371 -0.231166
v -0.0695541 0.0370249 0.0543016 0.8 0.8 0.8
vn -0.977115 0.0381793 -0.209255
v -0.0700567 3.88817e-07 0.0543016 0.8 0.8 0.8
vn -0.977518 -0.00146285 -0.210848
v -0.0695541 -0.037025 0.0543016 0.8 0.8 0.8
vn -0.974468 -0.0486801 -0.219187
v -0.0680225 -0.0460753 0.0543016 0.8 0.8 0.8
vn -0.932253 -0.274732 -0.235429
v -0.0653815 -0.0519491 0.0543016 0.8 0.8 0.8
vn -0.799566 -0.546607 -0.248828
v -0.0614592 -0.0560752 0.0543016 0.8 0.8 0.8
vn -0.560978 -0.791467 -0.242659
v -0.055892 -0.0589424 0.0543016 0.8 0.8 0.8
vn -0.304064 -0.926938 -0.219844
v -0.0477798 -0.0607692 0.0543016 0.8 0.8 0.8
vn -0.110741 -0.974135 -0.196969
v -0.0335611 -0.0616607 0.0543016 0.8 0.8 0.8
vn -0.00894446 -0.983004 -0.183367
v 0.0335611 -0.0616607 0.0543016 0.8 0.8 0.8
vn 0.0128616 -0.981227 -0.192426
v 0.0477798 -0.0607692 0.0543016 0.8 0.8 0.8
vn 0.126515 -0.97118 -0.201999
v 0.055892 -0.0589424 0.0543016 0.8 0.8 0.8
vn 0.329221 -0.917335 -0.223851
v 0.0614592 -0.0560752 0.0543016 0.8 0.8 0.8
vn 0.58973 -0.769664 -0.244616
v 0.0653815 -0.0519491 0.0543016 0.8 0.8 0.8
vn 0.819806 -0.516533 -0.247207
v 0.0680225 -0.0460753 0.0543016 0.8 0.8 0.8
vn 0.940413 -0.249371 -0.231166
v 0.0695541 -0.037025 0.0543016 0.8 0.8 0.8
vn 0.977115 -0.0381789 -0.209255
v 0.0643231 -1.42304e-08 0.0312172 0.8 0.8 0.8
vn 0.962382 0.00144095 -0.271694
v 0.0638616 0.0339947 0.0312172 0.8 0.8 0.8
vn 0.957538 0.0478378 -0.284312
v 0.0624554 0.0423044 0.0312172 0.8 0.8 0.8
vn 0.914194 0.269417 -0.30276
v 0.0600305 0.0476975 0.0312172 0.8 0.8 0.8
vn 0.78242 0.534896 -0.318912
v 0.0564292 0.0514859 0.0312172 0.8 0.8 0.8
vn 0.549564 0.775378 -0.311076
v 0.0513177 0.0541184 0.0312172 0.8 0.8 0.8
vn 0.298978 0.911456 -0.282594
v 0.0438694 0.0557957 0.0312172 0.8 0.8 0.8
vn 0.109258 0.961123 -0.253584
v 0.0308144 0.0566142 0.0312172 0.8 0.8 0.8
vn 0.00884252 0.971897 -0.235241
v -0.0308144 0.0566142 0.0312172 0.8 0.8 0.8
vn -0.0126888 0.967955 -0.250802
v -0.0438694 0.0557957 0.0312172 0.8 0.8 0.8
vn -0.124692 0.957147 -0.261385
v -0.0513177 0.0541184 0.0312172 0.8 0.8 0.8
vn -0.323466 0.901279 -0.28821
v -0.0564292 0.0514859 0.0312172 0.8 0.8 0.8
vn -0.577532 0.753729 -0.313607
v -0.0600305 0.0476975 0.0312172 0.8 0.8 0.8
vn -0.802566 0.50566 -0.316536
v -0.0624554 0.0423044 0.0312172 0.8 0.8 0.8
vn -0.923149 0.244786 -0.296439
v -0.0638616 0.0339947 0.0312172 0.8 0.8 0.8
vn -0.962757 0.0376159 -0.267737
v -0.0643231 3.55831e-07 0.0312172 0.8 0.8 0.8
vn -0.962383 -0.00144095 -0.271694
v -0.0638616 -0.0339948 0.0312172 0.8 0.8 0.8
vn -0.957538 -0.0478374 -0.284312
v -0.0624554 -0.0423044 0.0312172 0.8 0.8 0.8
vn -0.914194 -0.269417 -0.30276
v -0.0600305 -0.0476975 0.0312172 0.8 0.8 0.8
vn -0.78242 -0.534896 -0.318912
v -0.0564292 -0.0514859 0.0312172 0.8 0.8 0.8
vn -0.549564 -0.775378 -0.311076
v -0.0513177 -0.0541185 0.0312172 0.8 0.8 0.8
vn -0.298978 -0.911456 -0.282594
v -0.0438694 -0.0557957 0.0312172 0.8 0.8 0.8
vn -0.109258 -0.961123 -0.253584
v -0.0308144 -0.0566142 0.0312172 0.8 0.8 0.8
vn -0.00884252 -0.971897 -0.235241
v 0.0308144 -0.0566142 0.0312172 0.8 0.8 0.8
vn 0.0126888 -0.967955 -0.250802
v 0.0438694 -0.0557957 0.0312172 0.8 0.8 0.8
vn 0.124692 -0.957147 -0.261385
v 0.0513177 -0.0541185 0.0312172 0.8 0.8 0.8
vn 0.323466 -0.901279 -0.28821
v 0.0564292 -0.0514859 0.0312172 0.8 0.8 0.8
vn 0.577532 -0.753729 -0.313607
v 0.0600305 -0.0476975 0.0312172 0.8 0.8 0.8
vn 0.802566 -0.50566 -0.316536
v 0.0624554 -0.0423044 0.0312172 0.8 0.8 0.8
vn 0.923149 -0.244786 -0.296439
v 0.0638616 -0.0339948 0.0312172 0.8 0.8 0.8
vn 0.962757 -0.0376155 -0.267737
v 0.0595917 -1.42304e-08 0.0173873 0.8 0.8 0.8
vn 0.927317 0.00141692 -0.374274
v 0.0591642 0.0314942 0.0173873 0.8 0.8 0.8
vn 0.918304 0.0459951 -0.393196
v 0.0578613 0.0391926 0.0173873 0.8 0.8 0.8
vn 0.872982 0.257549 -0.414211
v 0.0556149 0.044189 0.0173873 0.8 0.8 0.8
vn 0.743628 0.508801 -0.43375
v 0.0522785 0.0476987 0.0173873 0.8 0.8 0.8
vn 0.523496 0.739191 -0.423732
v 0.0475429 0.0501376 0.0173873 0.8 0.8 0.8
vn 0.287063 0.875942 -0.387711
v 0.0406425 0.0516915 0.0173873 0.8 0.8 0.8
vn 0.10566 0.930783 -0.349971
v 0.0285478 0.0524498 0.0173873 0.8 0.8 0.8
vn 0.00857205 0.945866 -0.324443
v -0.0285478 0.0524498 0.0173873 0.8 0.8 0.8
vn -0.012322 0.936575 -0.35025
v -0.0406425 0.0516915 0.0173873 0.8 0.8 0.8
vn -0.120583 0.924322 -0.362063
v -0.0475429 0.0501376 0.0173873 0.8 0.8 0.8
vn -0.31048 0.8643 -0.395711
v -0.0522785 0.0476987 0.0173873 0.8 0.8 0.8
vn -0.550237 0.717533 -0.427066
v -0.0556149 0.044189 0.0173873 0.8 0.8 0.8
vn -0.763909 0.4809 -0.430324
v -0.0578613 0.0391926 0.0173873 0.8 0.8 0.8
vn -0.88387 0.234115 -0.404923
v -0.0591642 0.0314942 0.0173873 0.8 0.8 0.8
vn -0.929653 0.0362318 -0.366651
v -0.0595917 3.2861e-07 0.0173873 0.8 0.8 0.8
vn -0.927317 -0.00141692 -0.374274
v -0.0591642 -0.0314942 0.0173873 0.8 0.8 0.8
vn -0.918304 -0.0459947 -0.393196
v -0.0578613 -0.0391926 0.0173873 0.8 0.8 0.8
vn -0.872982 -0.257549 -0.414211
v -0.0556149 -0.044189 0.0173873 0.8 0.8 0.8
vn -0.743628 -0.508801 -0.43375
v -0.0522785 -0.0476987 0.0173873 0.8 0.8 0.8
vn -0.523496 -0.739191 -0.423732
v -0.0475429 -0.0501377 0.0173873 0.8 0.8 0.8
vn -0.287063 -0.875942 -0.387711
v -0.0406425 -0.0516916 0.0173873 0.8 0.8 0.8
vn -0.10566 -0.930783 -0.349971
v -0.0285478 -0.0524499 0.0173873 0.8 0.8 0.8
vn -0.00857205 -0.945866 -0.324443
v 0.0285478 -0.0524499 0.0173873 0.8 0.8 0.8
vn 0.012322 -0.936575 -0.35025
v 0.0406425 -0.0516916 0.0173873 0.8 0.8 0.8
vn 0.120583 -0.924322 -0.362063
v 0.0475429 -0.0501377 0.0173873 0.8 0.8 0.8
vn 0.31048 -0.8643 -0.395711
v 0.0522785 -0.0476987 0.0173873 0.8 0.8 0.8
vn 0.550237 -0.717533 -0.427066
v 0.0556149 -0.044189 0.0173873 0.8 0.8 0.8
vn 0.763909 -0.4809 -0.430324
v 0.0578613 -0.0391926 0.0173873 0.8 0.8 0.8
vn 0.88387 -0.234115 -0.404923
v 0.0591642 -0.0314942 0.0173873 0.8 0.8 0.8
vn 0.929653 -0.0362315 -0.366651
v 0.0554527 -1.42304e-08 0.00934664 0.8 0.8 0.8
vn 0.846667 0.00134117 -0.532121
v 0.0550549 0.0293067 0.00934664 0.8 0.8 0.8
vn 0.829232 0.0417282 -0.557345
v 0.0538425 0.0364704 0.00934664 0.8 0.8 0.8
vn 0.781917 0.231137 -0.578948
v 0.0517521 0.0411198 0.00934664 0.8 0.8 0.8
vn 0.659885 0.452192 -0.600061
v 0.0486474 0.0443858 0.00934664 0.8 0.8 0.8
vn 0.466746 0.660021 -0.588659
v 0.0442408 0.0466553 0.00934664 0.8 0.8 0.8
vn 0.260226 0.795395 -0.547384
v 0.0378196 0.0481013 0.00934664 0.8 0.8 0.8
vn 0.0973212 0.859537 -0.501722
v 0.026565 0.0488069 0.00934664 0.8 0.8 0.8
vn 0.00795065 0.883608 -0.46816
v -0.026565 0.0488069 0.00934664 0.8 0.8 0.8
vn -0.0114182 0.862162 -0.506503
v -0.0378196 0.0481013 0.00934664 0.8 0.8 0.8
vn -0.110872 0.847732 -0.518708
v -0.0442408 0.0466553 0.00934664 0.8 0.8 0.8
vn -0.281037 0.781026 -0.557689
v -0.0486474 0.0443858 0.00934664 0.8 0.8 0.8
vn -0.490611 0.638846 -0.592601
v -0.0517521 0.0411198 0.00934664 0.8 0.8 0.8
vn -0.679974 0.427406 -0.595784
v -0.0538425 0.0364704 0.00934664 0.8 0.8 0.8
vn -0.796394 0.210525 -0.566954
v -0.0550549 0.0293067 0.00934664 0.8 0.8 0.8
vn -0.853388 0.0331081 -0.520224
v -0.0554527 3.04798e-07 0.00934664 0.8 0.8 0.8
vn -0.846667 -0.00134116 -0.532121
v -0.0550549 -0.0293068 0.00934664 0.8 0.8 0.8
vn -0.829232 -0.0417279 -0.557345
v -0.0538425 -0.0364705 0.00934664 0.8 0.8 0.8
vn -0.781917 -0.231137 -0.578948
v -0.0517521 -0.0411198 0.00934664 0.8 0.8 0.8
vn -0.659885 -0.452192 -0.600061
v -0.0486474 -0.0443858 0.00934664 0.8 0.8 0.8
vn -0.466746 -0.660021 -0.588659
v -0.0442408 -0.0466553 0.00934664 0.8 0.8 0.8
vn -0.260226 -0.795395 -0.547384
v -0.0378196 -0.0481013 0.00934664 0.8 0.8 0.8
vn -0.0973212 -0.859537 -0.501722
v -0.026565 -0.0488069 0.00934664 0.8 0.8 0.8
vn -0.00795065 -0.883608 -0.46816
v 0.026565 -0.0488069 0.00934664 0.8 0.8 0.8
vn 0.0114182 -0.862162 -0.506503
v 0.0378196 -0.0481013 0.00934664 0.8 0.8 0.8
vn 0.110872 -0.847732 -0.518708
v 0.0442408 -0.0466553 0.00934664 0.8 0.8 0.8
vn 0.281037 -0.781026 -0.557689
v 0.0486474 -0.0443858 0.00934664 0.8 0.8 0.8
vn 0.490611 -0.638846 -0.592601
v 0.0517521 -0.0411198 0.00934664 0.8 0.8 0.8
vn 0.679974 -0.427406 -0.595784
v 0.0538425 -0.0364705 0.00934664 0.8 0.8 0.8
vn 0.796394 -0.210525 -0.566954
v 0.0550549 -0.0293068 0.00934664 0.8 0.8 0.8
vn 0.853388 -0.0331078 -0.520224
v 0.051653 -1.42304e-08 0.00482698 0.8 0.8 0.8
vn 0.687152 0.00114202 -0.726512
v 0.0512825 0.0272986 0.00482698 0.8 0.8 0.8
vn 0.659457 0.0334011 -0.751
v 0.0501532 0.0339714 0.00482698 0.8 0.8 0.8
vn 0.614797 0.182233 -0.767343
v 0.048206 0.0383022 0.00482698 0.8 0.8 0.8
vn 0.511792 0.351454 -0.783931
v 0.0453141 0.0413444 0.00482698 0.8 0.8 0.8
vn 0.364712 0.516785 -0.774544
v 0.0412093 0.0434584 0.00482698 0.8 0.8 0.8
vn 0.208838 0.639827 -0.7396
v 0.0352282 0.0448053 0.00482698 0.8 0.8 0.8
vn 0.0803482 0.712176 -0.697388
v 0.0247447 0.0454626 0.00482698 0.8 0.8 0.8
vn 0.00667096 0.748824 -0.662735
v -0.0247447 0.0454626 0.00482698 0.8 0.8 0.8
vn -0.00946925 0.708475 -0.705673
v -0.0352282 0.0448053 0.00482698 0.8 0.8 0.8
vn -0.09094 0.692891 -0.715284
v -0.0412093 0.0434584 0.00482698 0.8 0.8 0.8
vn -0.224649 0.622866 -0.749381
v -0.0453141 0.0413444 0.00482698 0.8 0.8 0.8
vn -0.383201 0.497972 -0.777934
v -0.048206 0.0383022 0.00482698 0.8 0.8 0.8
vn -0.529959 0.332403 -0.780162
v -0.0501532 0.0339714 0.00482698 0.8 0.8 0.8
vn -0.632697 0.16679 -0.756225
v -0.0512825 0.0272986 0.00482698 0.8 0.8 0.8
vn -0.700225 0.0269943 -0.713412
v -0.051653 2.82938e-07 0.00482698 0.8 0.8 0.8
vn -0.687153 -0.00114201 -0.726512
v -0.0512825 -0.0272986 0.00482698 0.8 0.8 0.8
vn -0.659457 -0.0334008 -0.751
v -0.0501532 -0.0339715 0.00482698 0.8 0.8 0.8
vn -0.614797 -0.182233 -0.767343
v -0.048206 -0.0383023 0.00482698 0.8 0.8 0.8
vn -0.511792 -0.351454 -0.783931
v -0.0453141 -0.0413444 0.00482698 0.8 0.8 0.8
vn -0.364712 -0.516785 -0.774544
v -0.0412093 -0.0434585 0.00482698 0.8 0.8 0.8
vn -0.208838 -0.639827 -0.7396
v -0.0352282 -0.0448053 0.00482698 0.8 0.8 0.8
vn -0.0803482 -0.712176 -0.697388
v -0.0247447 -0.0454626 0.00482698 0.8 0.8 0.8
vn -0.00667096 -0.748824 -0.662735
v 0.0247447 -0.0454626 0.00482698 0.8 0.8 0.8
vn 0.00946925 -0.708475 -0.705673
v 0.0352282 -0.0448053 0.00482698 0.8 0.8 0.8
vn 0.09094 -0.692891 -0.715284
v 0.0412093 -0.0434585 0.00482698 0.8 0.8 0.8
vn 0.224649 -0.622866 -0.749381
v 0.0453141 -0.0413444 0.00482698 0.8 0.8 0.8
vn 0.383201 -0.497972 -0.777934
v 0.048206 -0.0383023 0.00482698 0.8 0.8 0.8
vn 0.529959 -0.332403 -0.780162
v 0.0501532 -0.0339715 0.00482698 0.8 0.8 0.8
vn 0.632697 -0.16679 -0.756225
v 0.0512825 -0.0272986 0.00482698 0.8 0.8 0.8
vn 0.700225 -0.0269941 -0.713412
v 0.0480409 -1.42304e-08 0.00238171 0.8 0.8 0.8
vn 0.464749 0.000817795 -0.885442
v 0.0476962 0.0253896 0.00238171 0.8 0.8 0.8
vn 0.435654 0.0222463 -0.899839
v 0.0466459 0.0315958 0.00238171 0.8 0.8 0.8
vn 0.402682 0.119769 -0.90747
v 0.0448349 0.0356237 0.00238171 0.8 0.8 0.8
vn 0.331234 0.228068 -0.91557
v 0.0421452 0.0384532 0.00238171 0.8 0.8 0.8
vn 0.237686 0.337652 -0.910767
v 0.0383275 0.0404193 0.00238171 0.8 0.8 0.8
vn 0.139642 0.429094 -0.8924
v 0.0327647 0.041672 0.00238171 0.8 0.8 0.8
vn 0.0553977 0.493234 -0.868131
v 0.0230143 0.0422834 0.00238171 0.8 0.8 0.8
vn 0.0046942 0.533591 -0.84573
v -0.0230143 0.0422834 0.00238171 0.8 0.8 0.8
vn -0.00654487 0.484083 -0.874998
v -0.0327647 0.041672 0.00238171 0.8 0.8 0.8
vn -0.0621681 0.471587 -0.879625
v -0.0383275 0.0404193 0.00238171 0.8 0.8 0.8
vn -0.149601 0.413576 -0.898095
v -0.0421452 0.0384532 0.00238171 0.8 0.8 0.8
vn -0.249766 0.323748 -0.912581
v -0.0448349 0.0356237 0.00238171 0.8 0.8 0.8
vn -0.344847 0.21572 -0.913535
v -0.0466459 0.0315958 0.00238171 0.8 0.8 0.8
vn -0.419209 0.110128 -0.901186
v -0.0476962 0.0253896 0.00238171 0.8 0.8 0.8
vn -0.480374 0.0183723 -0.876871
v -0.0480409 2.62157e-07 0.00238171 0.8 0.8 0.8
vn -0.464749 -0.000817794 -0.885442
v -0.0476962 -0.0253896 0.00238171 0.8 0.8 0.8
vn -0.435654 -0.0222461 -0.899839
v -0.0466459 -0.0315958 0.00238171 0.8 0.8 0.8
vn -0.402682 -0.119769 -0.90747
v -0.0448349 -0.0356238 0.00238171 0.8 0.8 0.8
vn -0.331234 -0.228068 -0.91557
v -0.0421452 -0.0384532 0.00238171 0.8 0.8 0.8
vn -0.237686 -0.337652 -0.910767
v -0.0383275 -0.0404194 0.00238171 0.8 0.8 0.8
vn -0.139642 -0.429094 -0.8924
v -0.0327647 -0.0416721 0.00238171 0.8 0.8 0.8
vn -0.0553977 -0.493234 -0.868131
v -0.0230143 -0.0422834 0.00238171 0.8 0.8 0.8
vn -0.0046942 -0.533591 -0.84573
v 0.0230143 -0.0422834 0.00238171 0.8 0.8 0.8
vn 0.00654487 -0.484083 -0.874998
v 0.0327647 -0.0416721 0.00238171 0.8 0.8 0.8
vn 0.0621681 -0.471587 -0.879625
v 0.0383275 -0.0404194 0.00238171 0.8 0.8 0.8
vn 0.149601 -0.413576 -0.898095
v 0.0421452 -0.0384532 0.00238171 0.8 0.8 0.8
vn 0.249766 -0.323748 -0.912581
v 0.0448349 -0.0356238 0.00238171 0.8 0.8 0.8
vn 0.344847 -0.21572 -0.913535
v 0.0466459 -0.0315958 0.00238171 0.8 0.8 0.8
vn 0.419209 -0.110128 -0.901186
v 0.0476962 -0.0253896 0.00238171 0.8 0.8 0.8
vn 0.480375 -0.0183721 -0.876871
v 0.0445283 -1.42304e-08 0.00111521 0.8 0.8 0.8
vn 0.263701 0.00049489 -0.964604
v 0.0442089 0.0235332 0.00111521 0.8 0.8 0.8
vn 0.243067 0.012534 -0.969928
v 0.0432354 0.0292856 0.00111521 0.8 0.8 0.8
vn 0.224249 0.0669724 -0.972228
v 0.0415567 0.0330191 0.00111521 0.8 0.8 0.8
vn 0.183398 0.126679 -0.974842
v 0.0390637 0.0356416 0.00111521 0.8 0.8 0.8
vn 0.132075 0.188197 -0.97321
v 0.0355252 0.037464 0.00111521 0.8 0.8 0.8
vn 0.0786573 0.242554 -0.966944
v 0.030369 0.0386251 0.00111521 0.8 0.8 0.8
vn 0.0317546 0.284254 -0.958223
v 0.0213316 0.0391917 0.00111521 0.8 0.8 0.8
vn 0.00271914 0.313793 -0.949488
v -0.0213316 0.0391917 0.00111521 0.8 0.8 0.8
vn -0.00377188 0.275173 -0.961387
v -0.030369 0.0386251 0.00111521 0.8 0.8 0.8
vn -0.0355327 0.268119 -0.96273
v -0.0355252 0.037464 0.00111521 0.8 0.8 0.8
vn -0.0842248 0.232028 -0.969056
v -0.0390637 0.0356416 0.00111521 0.8 0.8 0.8
vn -0.139031 0.179665 -0.973854
v -0.0415567 0.0330191 0.00111521 0.8 0.8 0.8
vn -0.191811 0.119604 -0.974117
v -0.0432354 0.0292856 0.00111521 0.8 0.8 0.8
vn -0.235444 0.0615953 -0.969934
v -0.0442089 0.0235332 0.00111521 0.8 0.8 0.8
vn -0.27572 0.0104452 -0.961181
v -0.0445283 2.41948e-07 0.00111521 0.8 0.8 0.8
vn -0.263701 -0.00049489 -0.964604
v -0.0442089 -0.0235332 0.00111521 0.8 0.8 0.8
vn -0.243067 -0.0125339 -0.969928
v -0.0432354 -0.0292856 0.00111521 0.8 0.8 0.8
vn -0.224249 -0.0669724 -0.972228
v -0.0415567 -0.0330191 0.00111521 0.8 0.8 0.8
vn -0.183398 -0.126679 -0.974842
v -0.0390637 -0.0356416 0.00111521 0.8 0.8 0.8
vn -0.132075 -0.188197 -0.97321
v -0.0355252 -0.0374641 0.00111521 0.8 0.8 0.8
vn -0.0786573 -0.242554 -0.966944
v -0.030369 -0.0386252 0.00111521 0.8 0.8 0.8
vn -0.0317546 -0.284254 -0.958223
v -0.0213316 -0.0391918 0.00111521 0.8 0.8 0.8
vn -0.00271914 -0.313793 -0.949488
v 0.0213316 -0.0391918 0.00111521 0.8 0.8 0.8
vn 0.00377188 -0.275173 -0.961387
v 0.030369 -0.0386252 0.00111521 0.8 0.8 0.8
vn 0.0355327 -0.268119 -0.96273
v 0.0355252 -0.0374641 0.00111521 0.8 0.8 0.8
vn 0.0842248 -0.232028 -0.969056
v 0.0390637 -0.0356416 0.00111521 0.8 0.8 0.8
vn 0.139031 -0.179665 -0.973854
v 0.0415567 -0.0330191 0.00111521 0.8 0.8 0.8
vn 0.191811 -0.119604 -0.974117
v 0.0432354 -0.0292856 0.00111521 0.8 0.8 0.8
vn 0.235444 -0.0615953 -0.969934
v 0.0442089 -0.0235332 0.00111521 0.8 0.8 0.8
vn 0.27572 -0.0104451 -0.961181
v 0.0410662 -1.42304e-08 0.0004914 0.8 0.8 0.8
vn 0.132567 0.000267022 -0.991174
v 0.0407716 0.0217035 0.0004914 0.8 0.8 0.8
vn 0.120933 0.00630828 -0.992641
v 0.0398738 0.0270086 0.0004914 0.8 0.8 0.8
vn 0.111835 0.0335611 -0.99316
v 0.0383257 0.0304518 0.0004914 0.8 0.8 0.8
vn 0.0913081 0.0633061 -0.993808
v 0.0360265 0.0328704 0.0004914 0.8 0.8 0.8
vn 0.0658318 0.094142 -0.99338
v 0.0327631 0.0345512 0.0004914 0.8 0.8 0.8
vn 0.0393762 0.121929 -0.991757
v 0.0280078 0.035622 0.0004914 0.8 0.8 0.8
vn 0.015981 0.143964 -0.989454
v 0.019673 0.0361445 0.0004914 0.8 0.8 0.8
vn 0.0013661 0.160489 -0.987037
v -0.019673 0.0361445 0.0004914 0.8 0.8 0.8
vn -0.00191892 0.137753 -0.990465
v -0.0280078 0.035622 0.0004914 0.8 0.8 0.8
vn -0.0179519 0.134622 -0.990734
v -0.0327631 0.0345512 0.0004914 0.8 0.8 0.8
vn -0.0422908 0.116027 -0.992345
v -0.0360265 0.0328704 0.0004914 0.8 0.8 0.8
vn -0.06952 0.0895173 -0.993556
v -0.0383257 0.0304518 0.0004914 0.8 0.8 0.8
vn -0.0958821 0.0595629 -0.993609
v -0.0398738 0.0270086 0.0004914 0.8 0.8 0.8
vn -0.118108 0.0307478 -0.992525
v -0.0407716 0.0217035 0.0004914 0.8 0.8 0.8
vn -0.139699 0.0052334 -0.99018
v -0.0410662 2.2203e-07 0.0004914 0.8 0.8 0.8
vn -0.132567 -0.000267022 -0.991174
v -0.0407716 -0.0217035 0.0004914 0.8 0.8 0.8
vn -0.120933 -0.00630823 -0.992641
v -0.0398738 -0.0270087 0.0004914 0.8 0.8 0.8
vn -0.111835 -0.0335611 -0.99316
v -0.0383257 -0.0304518 0.0004914 0.8 0.8 0.8
vn -0.0913081 -0.0633061 -0.993808
v -0.0360265 -0.0328705 0.0004914 0.8 0.8 0.8
vn -0.0658318 -0.094142 -0.99338
v -0.0327631 -0.0345512 0.0004914 0.8 0.8 0.8
vn -0.0393762 -0.121929 -0.991757
v -0.0280078 -0.035622 0.0004914 0.8 0.8 0.8
vn -0.015981 -0.143964 -0.989454
v -0.019673 -0.0361446 0.0004914 0.8 0.8 0.8
vn -0.0013661 -0.160489 -0.987037
v 0.019673 -0.0361446 0.0004914 0.8 0.8 0.8
vn 0.00191892 -0.137753 -0.990465
v 0.0280078 -0.035622 0.0004914 0.8 0.8 0.8
vn 0.0179519 -0.134622 -0.990734
v 0.0327631 -0.0345512 0.0004914 0.8 0.8 0.8
vn 0.0422908 -0.116027 -0.992345
v 0.0360265 -0.0328705 0.0004914 0.8 0.8 0.8
vn 0.06952 -0.0895173 -0.993556
v 0.0383257 -0.0304518 0.0004914 0.8 0.8 0.8
vn 0.0958821 -0.0595629 -0.993609
v 0.0398738 -0.0270087 0.0004914 0.8 0.8 0.8
vn 0.118108 -0.0307478 -0.992525
v 0.0407716 -0.0217035 0.0004914 0.8 0.8 0.8
vn 0.139699 -0.00523336 -0.99018
v 0.0376283 -1.42304e-08 0.000201617 0.8 0.8 0.8
vn 0.0611234 0.000132933 -0.99813
v 0.0373584 0.0198866 0.000201617 0.8 0.8 0.8
vn 0.0553139 0.0029245 -0.998465
v 0.0365357 0.0247476 0.000201617 0.8 0.8 0.8
vn 0.0513622 0.0155004 -0.99856
v 0.0351172 0.0279025 0.000201617 0.8 0.8 0.8
vn 0.0419266 0.0291959 -0.998694
v 0.0330105 0.0301187 0.000201617 0.8 0.8 0.8
vn 0.0302333 0.0434161 -0.9986
v 0.0300203 0.0316587 0.000201617 0.8 0.8 0.8
vn 0.018095 0.0563043 -0.99825
v 0.0256631 0.0326399 0.000201617 0.8 0.8 0.8
vn 0.00734397 0.0666494 -0.997749
v 0.0180261 0.0331187 0.000201617 0.8 0.8 0.8
vn 0.000622462 0.0746774 -0.997208
v -0.0180261 0.0331187 0.000201617 0.8 0.8 0.8
vn -0.000895446 0.0630838 -0.998008
v -0.0256631 0.0326399 0.000201617 0.8 0.8 0.8
vn -0.00831549 0.0619081 -0.998047
v -0.0300203 0.0316587 0.000201617 0.8 0.8 0.8
vn -0.0195337 0.0533352 -0.998386
v -0.0330105 0.0301187 0.000201617 0.8 0.8 0.8
vn -0.0320608 0.0411108 -0.99864
v -0.0351172 0.0279025 0.000201617 0.8 0.8 0.8
vn -0.0442087 0.0273425 -0.998648
v -0.0365357 0.0247476 0.000201617 0.8 0.8 0.8
vn -0.0545178 0.0141121 -0.998413
v -0.0373584 0.0198866 0.000201617 0.8 0.8 0.8
vn -0.0648205 0.00239681 -0.997894
v -0.0376283 2.02251e-07 0.000201617 0.8 0.8 0.8
vn -0.0611235 -0.000132932 -0.99813
v -0.0373584 -0.0198866 0.000201617 0.8 0.8 0.8
vn -0.0553138 -0.00292448 -0.998465
v -0.0365357 -0.0247476 0.000201617 0.8 0.8 0.8
vn -0.0513622 -0.0155004 -0.99856
v -0.0351172 -0.0279025 0.000201617 0.8 0.8 0.8
vn -0.0419266 -0.0291959 -0.998694
v -0.0330105 -0.0301187 0.000201617 0.8 0.8 0.8
vn -0.0302333 -0.0434161 -0.9986
v -0.0300203 -0.0316587 0.000201617 0.8 0.8 0.8
vn -0.018095 -0.0563043 -0.99825
v -0.0256631 -0.0326399 0.000201617 0.8 0.8 0.8
vn -0.00734397 -0.0666494 -0.997749
v -0.0180261 -0.0331187 0.000201617 0.8 0.8 0.8
vn -0.000622462 -0.0746774 -0.997208
v 0.0180261 -0.0331187 0.000201617 0.8 0.8 0.8
vn 0.000895446 -0.0630838 -0.998008
v 0.0256631 -0.0326399 0.000201617 0.8 0.8 0.8
vn 0.00831549 -0.0619081 -0.998047
v 0.0300203 -0.0316587 0.000201617 0.8 0.8 0.8
vn 0.0195337 -0.0533352 -0.998386
v 0.0330105 -0.0301187 0.000201617 0.8 0.8 0.8
vn 0.0320608 -0.0411108 -0.99864
v 0.0351172 -0.0279025 0.000201617 0.8 0.8 0.8
vn 0.0442087 -0.0273425 -0.998648
v 0.0365357 -0.0247476 0.000201617 0.8 0.8 0.8
vn 0.0545178 -0.0141121 -0.998413
v 0.0373584 -0.0198866 0.000201617 0.8 0.8 0.8
vn 0.0648206 -0.00239679 -0.997894
v 0.0342014 -1.42304e-08 7.59829e-05 0.8 0.8 0.8
vn 0.0260226 6.14783e-05 -0.999661
v 0.033956 0.0180754 7.59829e-05 0.8 0.8 0.8
vn 0.0233608 0.00125477 -0.999726
v 0.0332083 0.0224937 7.59829e-05 0.8 0.8 0.8
vn 0.0218005 0.00662248 -0.99974
v 0.031919 0.0253613 7.59829e-05 0.8 0.8 0.8
vn 0.0177994 0.0124582 -0.999764
v 0.0300041 0.0273756 7.59829e-05 0.8 0.8 0.8
vn 0.012833 0.0185191 -0.999746
v 0.0272862 0.0287754 7.59829e-05 0.8 0.8 0.8
vn 0.00767674 0.0240229 -0.999682
v 0.0233259 0.0296672 7.59829e-05 0.8 0.8 0.8
vn 0.00311002 0.0284702 -0.99959
v 0.0163844 0.0301024 7.59829e-05 0.8 0.8 0.8
vn 0.000260403 0.0320224 -0.999487
v -0.0163844 0.0301024 7.59829e-05 0.8 0.8 0.8
vn -0.000386482 0.0266368 -0.999645
v -0.0233259 0.0296672 7.59829e-05 0.8 0.8 0.8
vn -0.00355853 0.0262697 -0.999649
v -0.0272862 0.0287754 7.59829e-05 0.8 0.8 0.8
vn -0.00834104 0.0226471 -0.999709
v -0.0300041 0.0273756 7.59829e-05 0.8 0.8 0.8
vn -0.0136773 0.0174527 -0.999754
v -0.031919 0.0253613 7.59829e-05 0.8 0.8 0.8
vn -0.0188551 0.0116019 -0.999755
v -0.0332083 0.0224937 7.59829e-05 0.8 0.8 0.8
vn -0.0232625 0.00598141 -0.999711
v -0.033956 0.0180754 7.59829e-05 0.8 0.8 0.8
vn -0.0277706 0.0010113 -0.999614
v -0.0342014 1.82536e-07 7.59829e-05 0.8 0.8 0.8
vn -0.0260226 -6.14783e-05 -0.999661
v -0.033956 -0.0180754 7.59829e-05 0.8 0.8 0.8
vn -0.0233608 -0.00125476 -0.999726
v -0.0332083 -0.0224938 7.59829e-05 0.8 0.8 0.8
vn -0.0218005 -0.00662248 -0.99974
v -0.031919 -0.0253613 7.59829e-05 0.8 0.8 0.8
vn -0.0177994 -0.0124582 -0.999764
v -0.0300041 -0.0273757 7.59829e-05 0.8 0.8 0.8
vn -0.012833 -0.0185191 -0.999746
v -0.0272862 -0.0287754 7.59829e-05 0.8 0.8 0.8
vn -0.00767674 -0.0240229 -0.999682
v -0.0233259 -0.0296673 7.59829e-05 0.8 0.8 0.8
vn -0.00311002 -0.0284702 -0.99959
v -0.0163844 -0.0301025 7.59829e-05 0.8 0.8 0.8
vn -0.000260403 -0.0320224 -0.999487
v 0.0163844 -0.0301025 7.59829e-05 0.8 0.8 0.8
vn 0.000386482 -0.0266368 -0.999645
v 0.0233259 -0.0296673 7.59829e-05 0.8 0.8 0.8
vn 0.00355853 -0.0262697 -0.999649
v 0.0272862 -0.0287754 7.59829e-05 0.8 0.8 0.8
vn 0.00834104 -0.0226471 -0.999709
v 0.0300041 -0.0273757 7.59829e-05 0.8 0.8 0.8
vn 0.0136773 -0.0174527 -0.999754
v 0.031919 -0.0253613 7.59829e-05 0.8 0.8 0.8
vn 0.0188551 -0.0116019 -0.999755
v 0.0332083 -0.0224938 7.59829e-05 0.8 0.8 0.8
vn 0.0232625 -0.00598141 -0.999711
v 0.033956 -0.0180754 7.59829e-05 0.8 0.8 0.8
vn 0.0277707 -0.00101129 -0.999614
v 0.030779 -1.42304e-08 2.58354e-05 0.8 0.8 0.8
vn 0.0101463 2.62073e-05 -0.999949
v 0.0305582 0.0162667 2.58354e-05 0.8 0.8 0.8
vn 0.00902654 0.000493944 -0.999959
v 0.0298853 0.0202429 2.58354e-05 0.8 0.8 0.8
vn 0.00847317 0.00259388 -0.999961
v 0.028725 0.0228235 2.58354e-05 0.8 0.8 0.8
vn 0.00692033 0.0048728 -0.999964
v 0.0270018 0.0246363 2.58354e-05 0.8 0.8 0.8
vn 0.00498791 0.00723949 -0.999961
v 0.0245558 0.025896 2.58354e-05 0.8 0.8 0.8
vn 0.00298103 0.00939103 -0.999951
v 0.0209918 0.0266986 2.58354e-05 0.8 0.8 0.8
vn 0.00120455 0.0111398 -0.999937
v 0.0147449 0.0270902 2.58354e-05 0.8 0.8 0.8
vn 9.93303e-05 0.0125781 -0.999921
v -0.0147449 0.0270902 2.58354e-05 0.8 0.8 0.8
vn -0.000153133 0.0102861 -0.999947
v -0.0209918 0.0266986 2.58354e-05 0.8 0.8 0.8
vn -0.00139591 0.010203 -0.999947
v -0.0245558 0.025896 2.58354e-05 0.8 0.8 0.8
vn -0.00326435 0.00880497 -0.999956
v -0.0270018 0.0246363 2.58354e-05 0.8 0.8 0.8
vn -0.00534785 0.00678499 -0.999963
v -0.028725 0.0228235 2.58354e-05 0.8 0.8 0.8
vn -0.00737012 0.00450767 -0.999963
v -0.0298853 0.0202429 2.58354e-05 0.8 0.8 0.8
vn -0.0090956 0.0023204 -0.999956
v -0.0305582 0.0162667 2.58354e-05 0.8 0.8 0.8
vn -0.0109029 0.000389987 -0.99994
v -0.030779 1.62846e-07 2.58354e-05 0.8 0.8 0.8
vn -0.0101463 -2.62073e-05 -0.999949
v -0.0305582 -0.0162667 2.58354e-05 0.8 0.8 0.8
vn -0.00902653 -0.00049394 -0.999959
v -0.0298853 -0.0202429 2.58354e-05 0.8 0.8 0.8
vn -0.00847317 -0.00259388 -0.999961
v -0.028725 -0.0228236 2.58354e-05 0.8 0.8 0.8
vn -0.00692033 -0.0048728 -0.999964
v -0.0270018 -0.0246363 2.58354e-05 0.8 0.8 0.8
vn -0.00498791 -0.00723949 -0.999961
v -0.0245558 -0.025896 2.58354e-05 0.8 0.8 0.8
vn -0.00298103 -0.00939103 -0.999951
v -0.0209918 -0.0266986 2.58354e-05 0.8 0.8 0.8
vn -0.00120455 -0.0111398 -0.999937
v -0.0147449 -0.0270903 2.58354e-05 0.8 0.8 0.8
vn -9.93303e-05 -0.0125781 -0.999921
v 0.0147449 -0.0270903 2.58354e-05 0.8 0.8 0.8
vn 0.000153133 -0.0102861 -0.999947
v 0.0209918 -0.0266986 2.58354e-05 0.8 0.8 0.8
vn 0.00139591 -0.010203 -0.999947
v 0.0245558 -0.025896 2.58354e-05 0.8 0.8 0.8
vn 0.00326435 -0.00880497 -0.999956
v 0.0270018 -0.0246363 2.58354e-05 0.8 0.8 0.8
vn 0.00534785 -0.00678499 -0.999963
v 0.028725 -0.0228236 2.58354e-05 0.8 0.8 0.8
vn 0.00737012 -0.00450767 -0.999963
v 0.0298853 -0.0202429 2.58354e-05 0.8 0.8 0.8
vn 0.0090956 -0.0023204 -0.999956
v 0.0305582 -0.0162667 2.58354e-05 0.8 0.8 0.8
vn 0.0109029 -0.000389983 -0.99994
v 0.0273584 -1.42304e-08 7.73528e-06 0.8 0.8 0.8
vn 0.00356374 1.01336e-05 -0.999994
v 0.0271621 0.0144589 7.73528e-06 0.8 0.8 0.8
vn 0.00313713 0.000175501 -0.999995
v 0.026564 0.0179932 7.73528e-06 0.8 0.8 0.8
vn 0.00296522 0.000916051 -0.999995
v 0.0255327 0.0202871 7.73528e-06 0.8 0.8 0.8
vn 0.00242272 0.00171803 -0.999996
v 0.0240009 0.0218984 7.73528e-06 0.8 0.8 0.8
vn 0.00174552 0.00255074 -0.999995
v 0.0218268 0.0230181 7.73528e-06 0.8 0.8 0.8
vn 0.00104198 0.00330853 -0.999994
v 0.0186589 0.0237315 7.73528e-06 0.8 0.8 0.8
vn 0.000419676 0.00392835 -0.999992
v 0.0131062 0.0240796 7.73528e-06 0.8 0.8 0.8
vn 3.39649e-05 0.00445433 -0.99999
v -0.0131062 0.0240796 7.73528e-06 0.8 0.8 0.8
vn -5.48172e-05 0.00357206 -0.999994
v -0.0186589 0.0237315 7.73528e-06 0.8 0.8 0.8
vn -0.000493831 0.00356742 -0.999994
v -0.0218268 0.0230181 7.73528e-06 0.8 0.8 0.8
vn -0.00115168 0.00308235 -0.999995
v -0.0240009 0.0218984 7.73528e-06 0.8 0.8 0.8
vn -0.00188474 0.00237506 -0.999995
v -0.0255327 0.0202871 7.73528e-06 0.8 0.8 0.8
vn -0.00259645 0.00157672 -0.999995
v -0.026564 0.0179932 7.73528e-06 0.8 0.8 0.8
vn -0.00320523 0.000810118 -0.999995
v -0.0271621 0.0144589 7.73528e-06 0.8 0.8 0.8
vn -0.00385948 0.000135155 -0.999993
v -0.0273584 1.43167e-07 7.73528e-06 0.8 0.8 0.8
vn -0.00356375 -1.01336e-05 -0.999994
v -0.0271621 -0.0144589 7.73528e-06 0.8 0.8 0.8
vn -0.00313713 -0.0001755 -0.999995
v -0.026564 -0.0179932 7.73528e-06 0.8 0.8 0.8
vn -0.00296522 -0.000916051 -0.999995
v -0.0255327 -0.0202871 7.73528e-06 0.8 0.8 0.8
vn -0.00242272 -0.00171803 -0.999996
v -0.0240009 -0.0218984 7.73528e-06 0.8 0.8 0.8
vn -0.00174552 -0.00255074 -0.999995
v -0.0218268 -0.0230181 7.73528e-06 0.8 0.8 0.8
vn -0.00104198 -0.00330853 -0.999994
v -0.0186589 -0.0237315 7.73528e-06 0.8 0.8 0.8
vn -0.000419676 -0.00392835 -0.999992
v -0.0131062 -0.0240796 7.73528e-06 0.8 0.8 0.8
vn -3.39649e-05 -0.00445433 -0.99999
v 0.0131062 -0.0240796 7.73528e-06 0.8 0.8 0.8
vn 5.48172e-05 -0.00357206 -0.999994
v 0.0186589 -0.0237315 7.73528e-06 0.8 0.8 0.8
vn 0.000493831 -0.00356742 -0.999994
v 0.0218268 -0.0230181 7.73528e-06 0.8 0.8 0.8
vn 0.00115168 -0.00308235 -0.999995
v 0.0240009 -0.0218984 7.73528e-06 0.8 0.8 0.8
vn 0.00188474 -0.00237506 -0.999995
v 0.0255327 -0.0202871 7.73528e-06 0.8 0.8 0.8
vn 0.00259645 -0.00157672 -0.999995
v 0.026564 -0.0179932 7.73528e-06 0.8 0.8 0.8
vn 0.00320523 -0.000810118 -0.999995
v 0.0271621 -0.0144589 7.73528e-06 0.8 0.8 0.8
vn 0.00385948 -0.000135154 -0.999993
v 0.0239384 -1.42304e-08 1.9711e-06 0.8 0.8 0.8
vn 0.0011007 3.47108e-06 -0.999999
v 0.0237667 0.0126514 1.9711e-06 0.8 0.8 0.8
vn 0.000956925 5.49657e-05 -1
v 0.0232433 0.0157439 1.9711e-06 0.8 0.8 0.8
vn 0.000911923 0.00028479 -1
v 0.0223409 0.017751 1.9711e-06 0.8 0.8 0.8
vn 0.000745394 0.000533056 -1
v 0.0210006 0.0191609 1.9711e-06 0.8 0.8 0.8
vn 0.000536768 0.000790759 -1
v 0.0190983 0.0201406 1.9711e-06 0.8 0.8 0.8
vn 0.000319956 0.00102553 -0.999999
v 0.0163264 0.0207648 1.9711e-06 0.8 0.8 0.8
vn 0.000128359 0.00121891 -0.999999
v 0.0114678 0.0210695 1.9711e-06 0.8 0.8 0.8
vn 1.01499e-05 0.00138862 -0.999999
v -0.0114678 0.0210695 1.9711e-06 0.8 0.8 0.8
vn -1.73181e-05 0.00108855 -0.999999
v -0.0163264 0.0207648 1.9711e-06 0.8 0.8 0.8
vn -0.000153845 0.00109598 -0.999999
v -0.0190983 0.0201406 1.9711e-06 0.8 0.8 0.8
vn -0.000357611 0.000948293 -0.999999
v -0.0210006 0.0191609 1.9711e-06 0.8 0.8 0.8
vn -0.000584479 0.000730615 -1
v -0.0223409 0.017751 1.9711e-06 0.8 0.8 0.8
vn -0.000804799 0.000484585 -1
v -0.0232433 0.0157439 1.9711e-06 0.8 0.8 0.8
vn -0.000993773 0.000248404 -0.999999
v -0.0237667 0.0126514 1.9711e-06 0.8 0.8 0.8
vn -0.00120266 4.10665e-05 -0.999999
v -0.0239384 1.23491e-07 1.9711e-06 0.8 0.8 0.8
vn -0.0011007 -3.47108e-06 -0.999999
v -0.0237667 -0.0126515 1.9711e-06 0.8 0.8 0.8
vn -0.000956925 -5.49653e-05 -1
v -0.0232433 -0.015744 1.9711e-06 0.8 0.8 0.8
vn -0.000911923 -0.00028479 -1
v -0.0223409 -0.0177511 1.9711e-06 0.8 0.8 0.8
vn -0.000745394 -0.000533056 -1
v -0.0210006 -0.0191609 1.9711e-06 0.8 0.8 0.8
vn -0.000536768 -0.000790759 -1
v -0.0190983 -0.0201407 1.9711e-06 0.8 0.8 0.8
vn -0.000319956 -0.00102553 -0.999999
v -0.0163264 -0.0207649 1.9711e-06 0.8 0.8 0.8
vn -0.000128359 -0.00121891 -0.999999
v -0.0114678 -0.0210695 1.9711e-06 0.8 0.8 0.8
vn -1.01499e-05 -0.00138862 -0.999999
v 0.0114678 -0.0210695 1.9711e-06 0.8 0.8 0.8
vn 1.73181e-05 -0.00108855 -0.999999
v 0.0163264 -0.0207649 1.9711e-06 0.8 0.8 0.8
vn 0.000153845 -0.00109598 -0.999999
v 0.0190983 -0.0201407 1.9711e-06 0.8 0.8 0.8
vn 0.000357611 -0.000948293 -0.999999
v 0.0210006 -0.0191609 1.9711e-06 0.8 0.8 0.8
vn 0.000584479 -0.000730615 -1
v 0.0223409 -0.0177511 1.9711e-06 0.8 0.8 0.8
vn 0.000804799 -0.000484585 -1
v 0.0232433 -0.015744 1.9711e-06 0.8 0.8 0.8
vn 0.000993773 -0.000248404 -0.999999
v 0.0237667 -0.0126515 1.9711e-06 0.8 0.8 0.8
vn 0.00120266 -4.10661e-05 -0.999999
v 0.0205186 -1.42304e-08 4.06683e-07 0.8 0.8 0.8
vn 0.000288911 1.01796e-06 -1
v 0.0203714 0.0108441 4.06683e-07 0.8 0.8 0.8
vn 0.000247509 1.46749e-05 -1
v 0.0199228 0.0134948 4.06683e-07 0.8 0.8 0.8
vn 0.00023816 7.53438e-05 -1
v 0.0191493 0.0152151 4.06683e-07 0.8 0.8 0.8
vn 0.000194754 0.000140682 -1
v 0.0180005 0.0164236 4.06683e-07 0.8 0.8 0.8
vn 0.000140152 0.000208475 -1
v 0.01637 0.0172634 4.06683e-07 0.8 0.8 0.8
vn 8.33904e-05 0.000270306 -1
v 0.013994 0.0177984 4.06683e-07 0.8 0.8 0.8
vn 3.32908e-05 0.000321626 -1
v 0.00982956 0.0180595 4.06683e-07 0.8 0.8 0.8
vn 2.55697e-06 0.00036828 -1
v -0.00982956 0.0180595 4.06683e-07 0.8 0.8 0.8
vn -4.67063e-06 0.000281229 -1
v -0.013994 0.0177984 4.06683e-07 0.8 0.8 0.8
vn -4.08034e-05 0.000285885 -1
v -0.01637 0.0172634 4.06683e-07 0.8 0.8 0.8
vn -9.44694e-05 0.000247758 -1
v -0.0180005 0.0164236 4.06683e-07 0.8 0.8 0.8
vn -0.000154155 0.000190851 -1
v -0.0191493 0.0152151 4.06683e-07 0.8 0.8 0.8
vn -0.000212129 0.000126437 -1
v -0.0199228 0.0134948 4.06683e-07 0.8 0.8 0.8
vn -0.000262005 6.4628e-05 -1
v -0.0203714 0.0108441 4.06683e-07 0.8 0.8 0.8
vn -0.000318819 1.05633e-05 -1
v -0.0205186 1.03816e-07 4.06683e-07 0.8 0.8 0.8
vn -0.000288911 -1.01796e-06 -1
v -0.0203714 -0.0108441 4.06683e-07 0.8 0.8 0.8
vn -0.000247509 -1.46748e-05 -1
v -0.0199228 -0.0134948 4.06683e-07 0.8 0.8 0.8
vn -0.00023816 -7.53438e-05 -1
v -0.0191493 -0.0152152 4.06683e-07 0.8 0.8 0.8
vn -0.000194754 -0.000140682 -1
v -0.0180005 -0.0164236 4.06683e-07 0.8 0.8 0.8
vn -0.000140152 -0.000208475 -1
v -0.01637 -0.0172634 4.06683e-07 0.8 0.8 0.8
vn -8.33904e-05 -0.000270306 -1
v -0.013994 -0.0177984 4.06683e-07 0.8 0.8 0.8
vn -3.32908e-05 -0.000321626 -1
v -0.00982956 -0.0180595 4.06683e-07 0.8 0.8 0.8
vn -2.55697e-06 -0.00036828 -1
v 0.00982956 -0.0180595 4.06683e-07 0.8 0.8 0.8
vn 4.67063e-06 -0.000281229 -1
v 0.013994 -0.0177984 4.06683e-07 0.8 0.8 0.8
vn 4.08034e-05 -0.000285885 -1
v 0.01637 -0.0172634 4.06683e-07 0.8 0.8 0.8
vn 9.44694e-05 -0.000247758 -1
v 0.0180005 -0.0164236 4.06683e-07 0.8 0.8 0.8
vn 0.000154155 -0.000190851 -1
v 0.0191493 -0.0152152 4.06683e-07 0.8 0.8 0.8
vn 0.000212129 -0.000126437 -1
v 0.0199228 -0.0134948 4.06683e-07 0.8 0.8 0.8
vn 0.000262005 -6.4628e-05 -1
v 0.0203714 -0.0108441 4.06683e-07 0.8 0.8 0.8
vn 0.000318819 -1.05632e-05 -1
v 0.0170988 -1.42304e-08 6.28835e-08 0.8 0.8 0.8
vn 6.13251e-05 2.43053e-07 -1
v 0.0169761 0.00903671 6.28835e-08 0.8 0.8 0.8
vn 5.16549e-05 3.18132e-06 -1
v 0.0166023 0.0112456 6.28835e-08 0.8 0.8 0.8
vn 5.02605e-05 1.61463e-05 -1
v 0.0159577 0.0126793 6.28835e-08 0.8 0.8 0.8
vn 4.11157e-05 3.00575e-05 -1
v 0.0150004 0.0136863 6.28835e-08 0.8 0.8 0.8
vn 2.9562e-05 4.44818e-05 -1
v 0.0136416 0.0143861 6.28835e-08 0.8 0.8 0.8
vn 1.75492e-05 5.76512e-05 -1
v 0.0116617 0.014832 6.28835e-08 0.8 0.8 0.8
vn 6.96312e-06 6.86688e-05 -1
v 0.00819129 0.0150496 6.28835e-08 0.8 0.8 0.8
vn 5.15456e-07 7.90389e-05 -1
v -0.00819129 0.0150496 6.28835e-08 0.8 0.8 0.8
vn -1.02447e-06 5.86135e-05 -1
v -0.0116617 0.014832 6.28835e-08 0.8 0.8 0.8
vn -8.77138e-06 6.02528e-05 -1
v -0.0136416 0.0143861 6.28835e-08 0.8 0.8 0.8
vn -2.0208e-05 5.2307e-05 -1
v -0.0150004 0.0136863 6.28835e-08 0.8 0.8 0.8
vn -3.29094e-05 4.02793e-05 -1
v -0.0159577 0.0126793 6.28835e-08 0.8 0.8 0.8
vn -4.52472e-05 2.66449e-05 -1
v -0.0166023 0.0112456 6.28835e-08 0.8 0.8 0.8
vn -5.58933e-05 1.35708e-05 -1
v -0.0169761 0.00903671 6.28835e-08 0.8 0.8 0.8
vn -6.83958e-05 2.18622e-06 -1
v -0.0170988 8.41419e-08 6.28835e-08 0.8 0.8 0.8
vn -6.13253e-05 -2.43053e-07 -1
v -0.0169761 -0.00903674 6.28835e-08 0.8 0.8 0.8
vn -5.16549e-05 -3.1813e-06 -1
v -0.0166023 -0.0112457 6.28835e-08 0.8 0.8 0.8
vn -5.02605e-05 -1.61463e-05 -1
v -0.0159577 -0.0126793 6.28835e-08 0.8 0.8 0.8
vn -4.11157e-05 -3.00575e-05 -1
v -0.0150004 -0.0136863 6.28835e-08 0.8 0.8 0.8
vn -2.9562e-05 -4.44818e-05 -1
v -0.0136416 -0.0143862 6.28835e-08 0.8 0.8 0.8
vn -1.75492e-05 -5.76512e-05 -1
v -0.0116617 -0.014832 6.28835e-08 0.8 0.8 0.8
vn -6.96312e-06 -6.86688e-05 -1
v -0.00819129 -0.0150496 6.28835e-08 0.8 0.8 0.8
vn -5.15456e-07 -7.90389e-05 -1
v 0.00819129 -0.0150496 6.28835e-08 0.8 0.8 0.8
vn 1.02447e-06 -5.86135e-05 -1
v 0.0116617 -0.014832 6.28835e-08 0.8 0.8 0.8
vn 8.77138e-06 -6.02528e-05 -1
v 0.0136416 -0.0143862 6.28835e-08 0.8 0.8 0.8
vn 2.0208e-05 -5.2307e-05 -1
v 0.0150004 -0.0136863 6.28835e-08 0.8 0.8 0.8
vn 3.29094e-05 -4.02793e-05 -1
v 0.0159577 -0.0126793 6.28835e-08 0.8 0.8 0.8
vn 4.52472e-05 -2.66449e-05 -1
v 0.0166023 -0.0112457 6.28835e-08 0.8 0.8 0.8
vn 5.58933e-05 -1.35708e-05 -1
v 0.0169761 -0.00903674 6.28835e-08 0.8 0.8 0.8
vn 6.83958e-05 -2.1862e-06 -1
v 0.0136791 -1.42304e-08 6.40172e-09 0.8 0.8 0.8
vn 9.7592e-06 4.37007e-08 -1
v 0.0135809 0.00722937 6.40172e-09 0.8 0.8 0.8
vn 8.07175e-06 5.19973e-07 -1
v 0.0132819 0.0089965 6.40172e-09 0.8 0.8 0.8
vn 7.94785e-06 2.59951e-06 -1
v 0.0127662 0.0101434 6.40172e-09 0.8 0.8 0.8
vn 6.50264e-06 4.82066e-06 -1
v 0.0120003 0.0109491 6.40172e-09 0.8 0.8 0.8
vn 4.66938e-06 7.12121e-06 -1
v 0.0109133 0.0115089 6.40172e-09 0.8 0.8 0.8
vn 2.76372e-06 9.22276e-06 -1
v 0.00932933 0.0118656 6.40172e-09 0.8 0.8 0.8
vn 1.08811e-06 1.09931e-05 -1
v 0.00655303 0.0120397 6.40172e-09 0.8 0.8 0.8
vn 7.68508e-08 1.27086e-05 -1
v -0.00655303 0.0120397 6.40172e-09 0.8 0.8 0.8
vn -1.69708e-07 9.14582e-06 -1
v -0.00932933 0.0118656 6.40172e-09 0.8 0.8 0.8
vn -1.41767e-06 9.51588e-06 -1
v -0.0109133 0.0115089 6.40172e-09 0.8 0.8 0.8
vn -3.24592e-06 8.27391e-06 -1
v -0.0120003 0.0109491 6.40172e-09 0.8 0.8 0.8
vn -5.27247e-06 6.36728e-06 -1
v -0.0127662 0.0101434 6.40172e-09 0.8 0.8 0.8
vn -7.2402e-06 4.20361e-06 -1
v -0.0132819 0.0089965 6.40172e-09 0.8 0.8 0.8
vn -8.94216e-06 2.13123e-06 -1
v -0.0135809 0.00722937 6.40172e-09 0.8 0.8 0.8
vn -1.09946e-05 3.36941e-07 -1
v -0.0136791 6.44674e-08 6.40172e-09 0.8 0.8 0.8
vn -9.75922e-06 -4.37007e-08 -1
v -0.0135809 -0.00722939 6.40172e-09 0.8 0.8 0.8
vn -8.07175e-06 -5.19969e-07 -1
v -0.0132819 -0.00899653 6.40172e-09 0.8 0.8 0.8
vn -7.94785e-06 -2.59951e-06 -1
v -0.0127662 -0.0101434 6.40172e-09 0.8 0.8 0.8
vn -6.50264e-06 -4.82066e-06 -1
v -0.0120003 -0.0109491 6.40172e-09 0.8 0.8 0.8
vn -4.66938e-06 -7.12121e-06 -1
v -0.0109133 -0.0115089 6.40172e-09 0.8 0.8 0.8
vn -2.76372e-06 -9.22276e-06 -1
v -0.00932933 -0.0118656 6.40172e-09 0.8 0.8 0.8
vn -1.08811e-06 -1.09931e-05 -1
v -0.00655303 -0.0120397 6.40172e-09 0.8 0.8 0.8
vn -7.68508e-08 -1.27086e-05 -1
v 0.00655303 -0.0120397 6.40172e-09 0.8 0.8 0.8
vn 1.69708e-07 -9.14582e-06 -1
v 0.00932933 -0.0118656 6.40172e-09 0.8 0.8 0.8
vn 1.41767e-06 -9.51588e-06 -1
v 0.0109133 -0.0115089 6.40172e-09 0.8 0.8 0.8
vn 3.24592e-06 -8.27391e-06 -1
v 0.0120003 -0.0109491 6.40172e-09 0.8 0.8 0.8
vn 5.27247e-06 -6.36728e-06 -1
v 0.0127662 -0.0101434 6.40172e-09 0.8 0.8 0.8
vn 7.2402e-06 -4.20361e-06 -1
v 0.0132819 -0.00899653 6.40172e-09 0.8 0.8 0.8
vn 8.94216e-06 -2.13123e-06 -1
v 0.0135809 -0.00722939 6.40172e-09 0.8 0.8 0.8
vn 1.09946e-05 -3.36938e-07 -1
v 0.0102593 -1.42304e-08 3.36571e-10 0.8 0.8 0.8
vn 1.02836e-06 5.20413e-09 -1
v 0.0101857 0.00542202 3.36571e-10 0.8 0.8 0.8
vn 8.37044e-07 5.6775e-08 -1
v 0.00996139 0.00674737 3.36571e-10 0.8 0.8 0.8
vn 8.32461e-07 2.7786e-07 -1
v 0.00957464 0.00760755 3.36571e-10 0.8 0.8 0.8
vn 6.80663e-07 5.12655e-07 -1
v 0.00900025 0.00821179 3.36571e-10 0.8 0.8 0.8
vn 4.87779e-07 7.55346e-07 -1
v 0.00818497 0.00863167 3.36571e-10 0.8 0.8 0.8
vn 2.87553e-07 9.76833e-07 -1
v 0.006997 0.00889919 3.36571e-10 0.8 0.8 0.8
vn 1.12077e-07 1.16389e-06 -1
v 0.00491477 0.00902974 3.36571e-10 0.8 0.8 0.8
vn 7.45344e-09 1.34718e-06 -1
v -0.00491478 0.00902974 3.36571e-10 0.8 0.8 0.8
vn -1.88137e-08 9.47283e-07 -1
v -0.006997 0.00889919 3.36571e-10 0.8 0.8 0.8
vn -1.52313e-07 9.95973e-07 -1
v -0.00818497 0.00863167 3.36571e-10 0.8 0.8 0.8
vn -3.45899e-07 8.66519e-07 -1
v -0.00900025 0.00821179 3.36571e-10 0.8 0.8 0.8
vn -5.59873e-07 6.65935e-07 -1
v -0.00957464 0.00760755 3.36571e-10 0.8 0.8 0.8
vn -7.6732e-07 4.38401e-07 -1
v -0.00996139 0.00674737 3.36571e-10 0.8 0.8 0.8
vn -9.46761e-07 2.20937e-07 -1
v -0.0101857 0.00542202 3.36571e-10 0.8 0.8 0.8
vn -1.16573e-06 3.40547e-08 -1
v -0.0102593 4.4793e-08 3.36571e-10 0.8 0.8 0.8
vn -1.02837e-06 -5.20412e-09 -1
v -0.0101857 -0.00542205 3.36571e-10 0.8 0.8 0.8
vn -8.37044e-07 -5.67745e-08 -1
v -0.00996139 -0.0067474 3.36571e-10 0.8 0.8 0.8
vn -8.32461e-07 -2.7786e-07 -1
v -0.00957464 -0.00760758 3.36571e-10 0.8 0.8 0.8
vn -6.80663e-07 -5.12655e-07 -1
v -0.00900025 -0.00821181 3.36571e-10 0.8 0.8 0.8
vn -4.87779e-07 -7.55346e-07 -1
v -0.00818497 -0.0086317 3.36571e-10 0.8 0.8 0.8
vn -2.87553e-07 -9.76833e-07 -1
v -0.006997 -0.00889922 3.36571e-10 0.8 0.8 0.8
vn -1.12077e-07 -1.16389e-06 -1
v -0.00491478 -0.00902976 3.36571e-10 0.8 0.8 0.8
vn -7.45344e-09 -1.34718e-06 -1
v 0.00491477 -0.00902976 3.36571e-10 0.8 0.8 0.8
vn 1.88137e-08 -9.47283e-07 -1
v 0.006997 -0.00889922 3.36571e-10 0.8 0.8 0.8
vn 1.52313e-07 -9.95973e-07 -1
v 0.00818497 -0.0086317 3.36571e-10 0.8 0.8 0.8
vn 3.45899e-07 -8.66519e-07 -1
v 0.00900025 -0.00821181 3.36571e-10 0.8 0.8 0.8
vn 5.59873e-07 -6.65935e-07 -1
v 0.00957464 -0.00760758 3.36571e-10 0.8 0.8 0.8
vn 7.6732e-07 -4.38401e-07 -1
v 0.00996139 -0.0067474 3.36571e-10 0.8 0.8 0.8
vn 9.46761e-07 -2.20937e-07 -1
v 0.0101857 -0.00542205 3.36571e-10 0.8 0.8 0.8
vn 1.16573e-06 -3.40544e-08 -1
v 0.00683953 -1.42304e-08 5.29804e-12 0.8 0.8 0.8
vn 5.71525e-08 3.27003e-10 -1
v 0.00679046 0.00361468 5.29804e-12 0.8 0.8 0.8
vn 4.6343e-08 3.33596e-09 -1
v 0.00664093 0.00449824 5.29804e-12 0.8 0.8 0.8
vn 4.60995e-08 1.57456e-08 -1
v 0.00638309 0.0050717 5.29804e-12 0.8 0.8 0.8
vn 3.7585e-08 2.88211e-08 -1
v 0.00600017 0.00547452 5.29804e-12 0.8 0.8 0.8
vn 2.68312e-08 4.22758e-08 -1
v 0.00545665 0.00575444 5.29804e-12 0.8 0.8 0.8
vn 1.57187e-08 5.44908e-08 -1
v 0.00466467 0.00593279 5.29804e-12 0.8 0.8 0.8
vn 6.03724e-09 6.46959e-08 -1
v 0.00327652 0.00601982 5.29804e-12 0.8 0.8 0.8
vn 3.69791e-10 7.43105e-08 -1
v -0.00327652 0.00601982 5.29804e-12 0.8 0.8 0.8
vn -1.12582e-09 5.24555e-08 -1
v -0.00466467 0.00593279 5.29804e-12 0.8 0.8 0.8
vn -8.69942e-09 5.5222e-08 -1
v -0.00545665 0.00575444 5.29804e-12 0.8 0.8 0.8
vn -1.95095e-08 4.79201e-08 -1
v -0.00600017 0.00547452 5.29804e-12 0.8 0.8 0.8
vn -3.13982e-08 3.67078e-08 -1
v -0.00638309 0.0050717 5.29804e-12 0.8 0.8 0.8
vn -4.28718e-08 2.40512e-08 -1
v -0.00664093 0.00449824 5.29804e-12 0.8 0.8 0.8
vn -5.27284e-08 1.20126e-08 -1
v -0.00679046 0.00361468 5.29804e-12 0.8 0.8 0.8
vn -6.43945e-08 1.78113e-09 -1
v -0.00683953 2.51185e-08 5.29804e-12 0.8 0.8 0.8
vn -5.71527e-08 -3.27002e-10 -1
v -0.00679046 -0.0036147 5.29804e-12 0.8 0.8 0.8
vn -4.6343e-08 -3.33593e-09 -1
v -0.00664093 -0.00449827 5.29804e-12 0.8 0.8 0.8
vn -4.60995e-08 -1.57456e-08 -1
v -0.00638309 -0.00507173 5.29804e-12 0.8 0.8 0.8
vn -3.7585e-08 -2.88211e-08 -1
v -0.00600017 -0.00547455 5.29804e-12 0.8 0.8 0.8
vn -2.68312e-08 -4.22758e-08 -1
v -0.00545665 -0.00575447 5.29804e-12 0.8 0.8 0.8
vn -1.57187e-08 -5.44908e-08 -1
v -0.00466467 -0.00593282 5.29804e-12 0.8 0.8 0.8
vn -6.03724e-09 -6.46959e-08 -1
v -0.00327652 -0.00601985 5.29804e-12 0.8 0.8 0.8
vn -3.69791e-10 -7.43105e-08 -1
v 0.00327652 -0.00601985 5.29804e-12 0.8 0.8 0.8
vn 1.12582e-09 -5.24555e-08 -1
v 0.00466467 -0.00593282 5.29804e-12 0.8 0.8 0.8
vn 8.69942e-09 -5.5222e-08 -1
v 0.00545665 -0.00575447 5.29804e-12 0.8 0.8 0.8
vn 1.95095e-08 -4.79201e-08 -1
v 0.00600017 -0.00547455 5.29804e-12 0.8 0.8 0.8
vn 3.13982e-08 -3.67078e-08 -1
v 0.00638309 -0.00507173 5.29804e-12 0.8 0.8 0.8
vn 4.28718e-08 -2.40512e-08 -1
v 0.00664093 -0.00449827 5.29804e-12 0.8 0.8 0.8
vn 5.27284e-08 -1.20126e-08 -1
v 0.00679046 -0.0036147 5.29804e-12 0.8 0.8 0.8
vn 6.43946e-08 -1.78111e-09 -1
v 0.00341976 -1.42304e-08 4.38538e-15 0.8 0.8 0.8
vn 1.0324e-09 7.00455e-12 -1
v 0.00339523 0.00180733 4.38538e-15 0.8 0.8 0.8
vn 8.77873e-10 6.9711e-11 -1
v 0.00332046 0.00224911 4.38538e-15 0.8 0.8 0.8
vn 8.36995e-10 2.96667e-10 -1
v 0.00319155 0.00253584 4.38538e-15 0.8 0.8 0.8
vn 6.74336e-10 5.32268e-10 -1
v 0.00300008 0.00273725 4.38538e-15 0.8 0.8 0.8
vn 4.76062e-10 7.71349e-10 -1
v 0.00272832 0.00287721 4.38538e-15 0.8 0.8 0.8
vn 2.74628e-10 9.83728e-10 -1
v 0.00233233 0.00296639 4.38538e-15 0.8 0.8 0.8
vn 1.02019e-10 1.1505e-09 -1
v 0.00163826 0.0030099 4.38538e-15 0.8 0.8 0.8
vn 5.2675e-12 1.27319e-09 -1
v -0.00163826 0.0030099 4.38538e-15 0.8 0.8 0.8
vn -2.43701e-11 1.00067e-09 -1
v -0.00233233 0.00296639 4.38538e-15 0.8 0.8 0.8
vn -1.67194e-10 1.01181e-09 -1
v -0.00272832 0.00287721 4.38538e-15 0.8 0.8 0.8
vn -3.63294e-10 8.64508e-10 -1
v -0.00300008 0.00273725 4.38538e-15 0.8 0.8 0.8
vn -5.76097e-10 6.5507e-10 -1
v -0.00319155 0.00253584 4.38538e-15 0.8 0.8 0.8
vn -7.78139e-10 4.23861e-10 -1
v -0.00332046 0.00224911 4.38538e-15 0.8 0.8 0.8
vn -9.45994e-10 2.07292e-10 -1
v -0.00339523 0.00180733 4.38538e-15 0.8 0.8 0.8
vn -1.10924e-09 2.80735e-11 -1
v -0.00341976 5.44404e-09 4.38538e-15 0.8 0.8 0.8
vn -1.0324e-09 -7.00452e-12 -1
v -0.00339523 -0.00180736 4.38538e-15 0.8 0.8 0.8
vn -8.77873e-10 -6.97105e-11 -1
v -0.00332046 -0.00224914 4.38538e-15 0.8 0.8 0.8
vn -8.36995e-10 -2.96667e-10 -1
v -0.00319155 -0.00253587 4.38538e-15 0.8 0.8 0.8
vn -6.74336e-10 -5.32268e-10 -1
v -0.00300008 -0.00273728 4.38538e-15 0.8 0.8 0.8
vn -4.76062e-10 -7.71349e-10 -1
v -0.00272832 -0.00287724 4.38538e-15 0.8 0.8 0.8
vn -2.74628e-10 -9.83728e-10 -1
v -0.00233233 -0.00296641 4.38538e-15 0.8 0.8 0.8
vn -1.02019e-10 -1.1505e-09 -1
v -0.00163826 -0.00300993 4.38538e-15 0.8 0.8 0.8
vn -5.2675e-12 -1.27319e-09 -1
v 0.00163826 -0.00300993 4.38538e-15 0.8 0.8 0.8
vn 2.43701e-11 -1.00067e-09 -1
v 0.00233233 -0.00296641 4.38538e-15 0.8 0.8 0.8
vn 1.67194e-10 -1.01181e-09 -1
v 0.00272832 -0.00287724 4.38538e-15 0.8 0.8 0.8
vn 3.63294e-10 -8.64508e-10 -1
v 0.00300008 -0.00273728 4.38538e-15 0.8 0.8 0.8
vn 5.76097e-10 -6.5507e-10 -1
v 0.00319155 -0.00253587 4.38538e-15 0.8 0.8 0.8
vn 7.78139e-10 -4.23861e-10 -1
v 0.00332046 -0.00224914 4.38538e-15 0.8 0.8 0.8
vn 9.45994e-10 -2.07292e-10 -1
v 0.00339523 -0.00180736 4.38538e-15 0.8 0.8 0.8
vn 1.10924e-09 -2.80733e-11 -1
v -4.32411e-10 -1.42304e-08 0 0.8 0.8 0.8
vn 1.28236e-12 1.74081e-14 -1
v -4.32411e-10 -1.42304e-08 0 0.8 0.8 0.8
vn 1.18489e-12 2.00524e-13 -1
v -4.32411e-10 -1.42304e-08 0 0.8 0.8 0.8
vn 1.01239e-12 4.55188e-13 -1
v -4.32411e-10 -1.42304e-08 0 0.8 0.8 0.8
vn 7.82803e-13 7.4414e-13 -1
v -4.32411e-10 -1.42304e-08 0 0.8 0.8 0.8
vn 5.27409e-13 1.02405e-12 -1
v -4.32411e-10 -1.42304e-08 0 0.8 0.8 0.8
vn 2.82831e-13 1.25598e-12 -1
v -4.32411e-10 -1.42304e-08 0 0.8 0.8 0.8
vn 8.83338e-14 1.4089e-12 -1
v -4.32411e-10 -1.42304e-08 0 0.8 0.8 0.8
vn 1.25063e-20 1.45698e-12 -1
v -4.32411e-10 -1.42304e-08 0 0.8 0.8 0.8
vn -8.83337e-14 1.4089e-12 -1
v -4.32411e-10 -1.42304e-08 0 0.8 0.8 0.8
vn -2.8283e-13 1.25598e-12 -1
v -4.32411e-10 -1.42304e-08 0 0.8 0.8 0.8
vn -5.27409e-13 1.02405e-12 -1
v -4.32411e-10 -1.42304e-08 0 0.8 0.8 0.8
vn -7.82803e-13 7.4414e-13 -1
v -4.32411e-10 -1.42304e-08 0 0.8 0.8 0.8
vn -1.01239e-12 4.55188e-13 -1
v -4.32411e-10 -1.42304e-08 0 0.8 0.8 0.8
vn -1.18489e-12 2.00524e-13 -1
v -4.32411e-10 -1.42304e-08 0 0.8 0.8 0.8
vn -1.28236e-12 1.74083e-14 -1
v -4.32411e-10 -1.42304e-08 0 0.8 0.8 0.8
vn -1.28236e-12 -1.74079e-14 -1
v -4.32411e-10 -1.42304e-08 0 0.8 0.8 0.8
vn -1.18489e-12 -2.00524e-13 -1
v -4.32411e-10 -1.42304e-08 0 0.8 0.8 0.8
vn -1.01239e-12 -4.55188e-13 -1
v -4.32411e-10 -1.42304e-08 0 0.8 0.8 0.8
vn -7.82803e-13 -7.4414e-13 -1
v -4.32411e-10 -1.42304e-08 0 0.8 0.8 0.8
vn -5.27409e-13 -1.02405e-12 -1
v -4.32411e-10 -1.42304e-08 0 0.8 0.8 0.8
vn -2.82831e-13 -1.25598e-12 -1
v -4.32411e-10 -1.42304e-08 0 0.8 0.8 0.8
vn -8.83338e-14 -1.4089e-12 -1
v -4.32411e-10 -1.42304e-08 0 0.8 0.8 0.8
vn -1.25063e-20 -1.45698e-12 -1
v -4.32411e-10 -1.42304e-08 0 0.8 0.8 0.8
vn 8.83337e-14 -1.4089e-12 -1
v -4.32411e-10 -1.42304e-08 0 0.8 0.8 0.8
vn 2.8283e-13 -1.25598e-12 -1
v -4.32411e-10 -1.42304e-08 0 0.8 0.8 0.8
vn 5.27409e-13 -1.02405e-12 -1
v -4.32411e-10 -1.42304e-08 0 0.8 0.8 0.8
vn 7.82803e-13 -7.4414e-13 -1
v -4.32411e-10 -1.42304e-08 0 0.8 0.8 0.8
vn 1.01239e-12 -4.55188e-13 -1
v -4.32411e-10 -1.42304e-08 0 0.8 0.8 0.8
vn 1.18489e-12 -2.00524e-13 -1
v -4.32411e-10 -1.42304e-08 0 0.8 0.8 0.8
vn 1.28236e-12 -1.74081e-14 -1
f 2//2 31//31 1//1
f 32//32 31//31 2//2
f 3//3 32//32 2//2
f 33//33 32//32 3//3
f 4//4 33//33 3//3
f 34//34 33//33 4//4
f 5//5 34//34 4//4
f 35//35 34//34 5//5
f 6//6 35//35 5//5
f 36//36 35//35 6//6
f 7//7 36//36 6//6
f 37//37 36//36 7//7
f 8//8 37//37 7//7
f 38//38 37//37 8//8
f 9//9 38//38 8//8
f 39//39 38//38 9//9
f 10//10 39//39 9//9
f 40//40 39//39 10//10
f 11//11 40//40 10//10
f 41//41 40//40 11//11
f 12//12 41//41 11//11
f 42//42 41//41 12//12
f 13//13 42//42 12//12
f 43//43 42//42 13//13
f 14//14 43//43 13//13
f 44//44 43//43 14//14
f 15//15 44//44 14//14
f 45//45 44//44 15//15
f 16//16 45//45 15//15
f 46//46 45//45 16//16
f 17//17 46//46 16//16
f 47//47 46//46 17//17
f 18//18 47//47 17//17
f 48//48 47//47 18//18
f 19//19 48//48 18//18
f 49//49 48//48 19//19
f 20//20 49//49 19//19
f 50//50 49//49 20//20
f 21//21 50//50 20//20
f 51//51 50//50 21//21
f 22//22 51//51 21//21
f 52//52 51//51 22//22
f 23//23 52//52 22//22
f 53//53 52//52 23//23
f 24//24 53//53 23//23
f 54//54 53//53 24//24
f 25//25 54//54 24//24
f 55//55 54//54 25//25
f 26//26 55//55 25//25
f 56//56 55//55 26//26
f 27//27 56//56 26//26
f 57//57 56//56 27//27
f 28//28 57//57 27//27
f 58//58 57//57 28//28
f 29//29 58//58 28//28
f 59//59 58//58 29//29
f 30//30 59//59 29//29
f 60//60 59//59 30//30
f 1//1 60//60 30//30
f 31//31 60//60 1//1
f 32//32 61//61 31//31
f 62//62 61//61 32//32
f 33//33 62//62 32//32
f 63//63 62//62 33//33
f 34//34 63//63 33//33
f 64//64 63//63 34//34
f 35//35 64//64 34//34
f 65//65 64//64 35//35
f 36//36 65//65 35//35
f 66//66 65//65 36//36
f 37//37 66//66 36//36
f 67//67 66//66 37//37
f 38//38 67//67 37//37
f 68//68 67//67 38//38
f 39//39 68//68 38//38
f 69//69 68//68 39//39
f 40//40 69//69 39//39
f 70//70 69//69 40//40
f 41//41 70//70 40//40
f 71//71 70//70 41//41
f 42//42 71//71 41//41
f 72//72 71//71 42//42
f 43//43 72//72 42//42
f 73//73 72//72 43//43
f 44//44 73//73 43//43
f 74//74 73//73 44//44
f 45//45 74//74 44//44
f 75//75 74//74 45//45
f 46//46 75//75 45//45
f 76//76 75//75 46//46
f 47//47 76//76 46//46
f 77//77 76//76 47//47
f 48//48 77//77 47//47
f 78//78 77//77 48//48
f 49//49 78//78 48//48
f 79//79 78//78 49//49
f 50//50 79//79 49//49
f 80//80 79//79 50//50
f 51//51 80//80 50//50
f 81//81 80//80 51//51
f 52//52 81//81 51//51
f 82//82 81//81 52//52
f 53//53 82//82 52//52
f 83//83 82//82 53//53
f 54//54 83//83 53//53
f 84//84 83//83 54//54
f 55//55 84//84 54//54
f 85//85 84//84 55//55
f 56//56 85//85 55//55
f 86//86 85//85 56//56
f 57//57 86//86 56//56
f 87//87 86//86 57//57
f 58//58 87//87 57//57
f 88//88 87//87 58//58
f 59//59 88//88 58//58
f 89//89 88//88 59//59
f 60//60 89//89 59//59
f 90//90 89//89 60//60
f 31//31 90//90 60//60
f 61//61 90//90 31//31
f 62//62 91//91 61//61
f 92//92 91//91 62//62
f 63//63 92//92 62//62
f 93//93 92//92 63//63
f 64//64 93//93 63//63
f 94//94 93//93 64//64
f 65//65 94//94 64//64
f 95//95 94//94 65//65
f 66//66 95//95 65//65
f 96//96 95//95 66//66
f 67//67 96//96 66//66
f 97//97 96//96 67//67
f 68//68 97//97 67//67
f 98//98 97//97 68//68
f 69//69 98//98 68//68
f 99//99 98//98 69//69
f 70//70 99//99 69//69
f 100//100 99//99 70//70
f 71//71 100//100 70//70
f 101//101 100//100 71//71
f 72//72 101//101 71//71
f 102//102 101//101 72//72
f 73//73 102//102 72//72
f 103//103 102//102 73//73
f 74//74 103//103 73//73
f 104//104 103//103 74//74
f 75//75 104//104 74//74
f 105//105 104//104 75//75
f 76//76 105//105 75//75
f 106//106 105//105 76//76
f 77//77 106//106 76//76
f 107//107 106//106 77//77
f 78//78 107//107 77//77
f 108//108 107//107 78//78
f 79//79 108//108 78//78
f 109//109 108//108 79//79
f 80//80 109//109 79//79
f 110//110 109//109 80//80
f 81//81 110//110 80//80
f 111//111 110//110 81//81
f 82//82 111//111 81//81
f 112//112 111//111 82//82
f 83//83 112//112 82//82
f 113//113 112//112 83//83
f 84//84 113//113 83//83
f 114//114 113//113 84//84
f 85//85 114//114 84//84
f 115//115 114//114 85//85
f 86//86 115//115 85//85
f 116//116 115//115 86//86
f 87//87 116//116 86//86
f 117//117 116//116 87//87
f 88//88 117//117 87//87
f 118//118 117//117 88//88
f 89//89 118//118 88//88
f 119//119 118//118 89//89
f 90//90 119//119 89//89
f 120//120 119//119 90//90
f 61//61 120//120 90//90
f 91//91 120//120 61//61
f 92//92 121//121 91//91
f 122//122 121//121 92//92
f 93//93 122//122 92//92
f 123//123 122//122 93//93
f 94//94 123//123 93//93
f 124//124 123//123 94//94
f 95//95 124//124 94//94
f 125//125 124//124 95//95
f 96//96 125//125 95//95
f 126//126 125//125 96//96
f 97//97 126//126 96//96
f 127//127 126//126 97//97
f 98//98 127//127 97//97
f 128//128 127//127 98//98
f 99//99 128//128 98//98
f 129//129 128//128 99//99
f 100//100 129//129 99//99
f 130//130 129//129 100//100
f 101//101 130//130 100//100
f 131//131 130//130 101//101
f 102//102 131//131 101//101
f 132//132 131//131 102//102
f 103//103 132//132 102//102
f 133//133 132//132 103//103
f 104//104 133//133 103//103
f 134//134 133//133 104//104
f 105//105 134//134 104//104
f 135//135 134//134 105//105
f 106//106 135//135 105//105
f 136//136 135//135 106//106
f 107//107 136//136 106//106
f 137//137 136//136 107//107
f 108//108 137//137 107//107
f 138//138 137//137 108//108
f 109//109 138//138 108//108
f 139//139 138//138 109//109
f 110//110 139//139 109//109
f 140//140 139//139 110//110
f 111//111 140//140 110//110
f 141//141 140//140 111//111
f 112//112 141//141 111//111
f 142//142 141//141 112//112
f 113//113 142//142 112//112
f 143//143 142//142 113//113
f 114//114 143//143 113//113
f 144//144 143//143 114//114
f 115//115 144//144 114//114
f 145//145 144//144 115//115
f 116//116 145//145 115//115
f 146//146 145//145 116//116
f 117//117 146//146 116//116
f 147//147 146//146 117//117
f 118//118 147//147 117//117
f 148//148 147//147 118//118
f 119//119 148//148 118//118
f 149//149 148//148 119//119
f 120//120 149//149 119//119
f 150//150 149//149 120//120
f 91//91 150//150 120//120
f 121//121 150//150 91//91
f 122//122 151//151 121//121
f 152//152 151//151 122//122
f 123//123 152//152 122//122
f 153//153 152//152 123//123
f 124//124 153//153 123//123
f 154//154 153//153 124//124
f 125//125 154//154 124//124
f 155//155 154//154 125//125
f 126//126 155//155 125//125
f 156//156 155//155 126//126
f 127//127 156//156 126//126
f 157//157 156//156 127//127
f 128//128 157//157 127//127
f 158//158 157//157 128//128
f 129//129 158//158 128//128
f 159//159 158//158 129//129
f 130//130 159//159 129//129
f 160//160 159//159 130//130
f 131//131 160//160 130//130
f 161//161 160//160 131//131
f 132//132 161//161 131//131
f 162//162 161//161 132//132
f 133//133 162//162 132//132
f 163//163 162//162 133//133
f 134//134 163//163 133//133
f 164//164 163//163 134//134
f 135//135 164//164 134//134
f 165//165 164//164 135//135
f 136//136 165//165 135//135
f 166//166 165//165 136//136
f 137//137 166//166 136//136
f 167//167 166//166 137//137
f 138//138 167//167 137//137
f 168//168 167//167 138//138
f 139//139 168//168 138//138
f 169//169 168//168 139//139
f 140//140 169//169 139//139
f 170//170 169//169 140//140
f 141//141 170//170 140//140
f 171//171 170//170 141//141
f 142//142 171//171 141//141
f 172//172 171//171 142//142
f 143//143 172//172 142//142
f 173//173 172//172 143//143
f 144//144 173//173 143//143
f 174//174 173//173 144//144
f 145//145 174//174 144//144
f 175//175 174//174 145//145
f 146//146 175//175 145//145
f 176//176 175//175 146//146
f 147//147 176//176 146//146
f 177//177 176//176 147//147
f 148//148 177//177 147//147
f 178//178 177//177 148//148
f 149//149 178//178 148//148
f 179//179 178//178 149//149
f 150//150 179//179 149//149
f 180//180 179//179 150//150
f 121//121 180//180 150//150
f 151//151 180//180 121//121
f 152//152 181//181 151//151
f 182//182 181//181 152//152
f 153//153 182//182 152//152
f 183//183 182//182 153//153
f 154//154 183//183 153//153
f 184//184 183//183 154//154
f 155//155 184//184 154//154
f 185//185 184//184 155//155
f 156//156 185//185 155//155
f 186//186 185//185 156//156
f 157//157 186//186 156//156
f 187//187 186//186 157//157
f 158//158 187//187 157//157
f 188//188 187//187 158//158
f 159//159 188//188 158//158
f 189//189 188//188 159//159
f 160//160 189//189 159//159
f 190//190 189//189 160//160
f 161//161 190//190 160//160
f 191//191 190//190 161//161
f 162//162 191//191 161//161
f 192//192 191//191 162//162
f 163//163 192//192 162//162
f 193//193 192//192 163//163
f 164//164 193//193 163//163
f 194//194 193//193 164//164
f 165//165 194//194 164//164
f 195//195 194//194 165//165
f 166//166 195//195 165//165
f 196//196 195//195 166//166
f 167//167 196//196 166//166
f 197//197 196//196 167//167
f 168//168 197//197 167//167
f 198//198 197//197 168//168
f 169//169 198//198 168//168
f 199//199 198//198 169//169
f 170//170 199//199 169//169
f 200//200 199//199 170//170
f 171//171 200//200 170//170
f 201//201 200//200 171//171
f 172//172 201//201 171//171
f 202//202 201//201 172//172
f 173//173 202//202 172//172
f 203//203 202//202 173//173
f 174//174 203//203 173//173
f 204//204 203//203 174//174
f 175//175 204//204 174//174
f 205//205 204//204 175//175
f 176//176 205//205 175//175
f 206//206 205//205 176//176
f 177//177 206//206 176//176
f 207//207 206//206 177//177
f 178//178 207//207 177//177
f 208//208 207//207 178//178
f 179//179 208//208 178//178
f 209//209 208//208 179//179
f 180//180 209//209 179//179
f 210//210 209//209 180//180
f 151//151 210//210 180//180
f 181//181 210//210 151//151
f 182//182 211//211 181//181
f 212//212 211//211 182//182
f 183//183 212//212 182//182
f 213//213 212//212 183//183
f 184//184 213//213 183//183
f 214//214 213//213 184//184
f 185//185 214//214 184//184
f 215//215 214//214 185//185
f 186//186 215//215 185//185
f 216//216 215//215 186//186
f 187//187 216//216 186//186
f 217//217 216//216 187//187
f 188//188 217//217 187//187
f 218//218 217//217 188//188
f 189//189 218//218 188//188
f 219//219 218//218 189//189
f 190//190 219//219 189//189
f 220//220 219//219 190//190
f 191//191 220//220 190//190
f 221//221 220//220 191//191
f 192//192 221//221 191//191
f 222//222 221//221 192//192
f 193//193 222//222 192//192
f 223//223 222//222 193//193
f 194//194 223//223 193//193
f 224//224 223//223 194//194
f 195//195 224//224 194//194
f 225//225 224//224 195//195
f 196//196 225//225 195//195
f 226//226 225//225 196//196
f 197//197 226//226 196//196
f 227//227 226//226 197//197
f 198//198 227//227 197//197
f 228//228 227//227 198//198
f 199//199 228//228 198//198
f 229//229 228//228 199//199
f 200//200 229//229 199//199
f 230//230 229//229 200//200
f 201//201 230//230 200//200
f 231//231 230//230 201//201
f 202//202 231//231 201//201
f 232//232 231//231 202//202
f 203//203 232//232 202//202
f 233//233 232//232 203//203
f 204//204 233//233 203//203
f 234//234 233//233 204//204
f 205//205 234//234 204//204
f 235//235 234//234 205//205
f 206//206 235//235 205//205
f 236//236 235//235 206//206
f 207//207 236//236 206//206
f 237//237 236//236 207//207
f 208//208 237//237 207//207
f 238//238 237//237 208//208
f 209//209 238//238 208//208
f 239//239 238//238 209//209
f 210//210 239//239 209//209
f 240//240 239//239 210//210
f 181//181 240//240 210//210
f 211//211 240//240 181//181
f 212//212 241//241 211//211
f 242//242 241//241 212//212
f 213//213 242//242 212//212
f 243//243 242//242 213//213
f 214//214 243//243 213//213
f 244//244 243//243 214//214
f 215//215 244//244 214//214
f 245//245 244//244 215//215
f 216//216 245//245 215//215
f 246//246 245//245 216//216
f 217//217 246//246 216//216
f 247//247 246//246 217//217
f 218//218 247//247 217//217
f 248//248 247//247 218//218
f 219//219 248//248 218//218
f 249//249 248//248 219//219
f 220//220 249//249 219//219
f 250//250 249//249 220//220
f 221//221 250//250 220//220
f 251//251 250//250 221//221
f 222//222 251//251 221//221
f 252//252 251//251 222//222
f 223//223 252//252 222//222
f 253//253 252//252 223//223
f 224//224 253//253 223//223
f 254//254 253//253 224//224
f 225//225 254//254 224//224
f 255//255 254//254 225//225
f 226//226 255//255 225//225
f 256//256 255//255 226//226
f 227//227 256//256 226//226
f 257//257 256//256 227//227
f 228//228 257//257 227//227
f 258//258 257//257 228//228
f 229//229 258//258 228//228
f 259//259 258//258 229//229
f 230//230 259//259 229//229
f 260//260 259//259 230//230
f 231//231 260//260 230//230
f 261//261 260//260 231//231
f 232//232 261//261 231//231
f 262//262 261//261 232//232
f 233//233 262//262 232//232
f 263//263 262//262 233//233
f 234//234 263//263 233//233
f 264//264 263//263 234//234
f 235//235 264//264 234//234
f 265//265 264//264 235//235
f 236//236 265//265 235//235
f 266//266 265//265 236//236
f 237//237 266//266 236//236
f 267//267 266//266 237//237
f 238//238 267//267 237//237
f 268//268 267//267 238//238
f 239//239 268//268 238//238
f 269//269 268//268 239//239
f 240//240 269//269 239//239
f 270//270 269//269 240//240
f 211//211 270//270 240//240
f 241//241 270//270 211//211
f 242//242 271//271 241//241
f 272//272 271//271 242//242
f 243//243 272//272 242//242
f 273//273 272//272 243//243
f 244//244 273//273 243//243
f 274//274 273//273 244//244
f 245//245 274//274 244//244
f 275//275 274//274 245//245
f 246//246 275//275 245//245
f 276//276 275//275 246//246
f 247//247 276//276 246//246
f 277//277 276//276 247//247
f 248//248 277//277 247//247
f 278//278 277//277 248//248
f 249//249 278//278 248//248
f 279//279 278//278 249//249
f 250//250 279//279 249//249
f 280//280 279//279 250//250
f 251//251 280//280 250//250
f 281//281 280//280 251//251
f 252//252 281//281 251//251
f 282//282 281//281 252//252
f 253//253 282//282 252//252
f 283//283 282//282 253//253
f 254//254 283//283 253//253
f 284//284 283//283 254//254
f 255//255 284//284 254//254
f 285//285 284//284 255//255
f 256//256 285//285 255//255
f 286//286 285//285 256//256
f 257//257 286//286 256//256
f 287//287 286//286 257//257
f 258//258 287//287 257//257
f 288//288 287//287 258//258
f 259//259 288//288 258//258
f 289//289 288//288 259//259
f 260//260 289//289 259//259
f 290//290 289//289 260//260
f 261//261 290//290 260//260
f 291//291 290//290 261//261
f 262//262 291//291 261//261
f 292//292 291//291 262//262
f 263//263 292//292 262//262
f 293//293 292//292 263//263
f 264//264 293//293 263//263
f 294//294 293//293 264//264
f 265//265 294//294 264//264
f 295//295 294//294 265//265
f 266//266 295//295 265//265
f 296//296 295//295 266//266
f 267//267 296//296 266//266
f 297//297 296//296 267//267
f 268//268 297//297 267//267
f 298//298 297//297 268//268
f 269//269 298//298 268//268
f 299//299 298//298 269//269
f 270//270 299//299 269//269
f 300//300 299//299 270//270
f 241//241 300//300 270//270
f 271//271 300//300 241//241
f 272//272 301//301 271//271
f 302//302 301//301 272//272
f 273//273 302//302 272//272
f 303//303 302//302 273//273
f 274//274 303//303 273//273
f 304//304 303//303 274//274
f 275//275 304//304 274//274
f 305//305 304//304 275//275
f 276//276 305//305 275//275
f 306//306 305//305 276//276
f 277//277 306//306 276//276
f 307//307 306//306 277//277
f 278//278 307//307 277//277
f 308//308 307//307 278//278
f 279//279 308//308 278//278
f 309//309 308//308 279//279
f 280//280 309//309 279//279
f 310//310 309//309 280//280
f 281//281 310//310 280//280
f 311//311 310//310 281//281
f 282//282 311//311 281//281
f 312//312 311//311 282//282
f 283//283 312//312 282//282
f 313//313 312//312 283//283
f 284//284 313//313 283//283
f 314//314 313//313 284//284
f 285//285 314//314 284//284
f 315//315 314//314 285//285
f 286//286 315//315 285//285
f 316//316 315//315 286//286
f 287//287 316//316 286//286
f 317//317 316//316 287//287
f 288//288 317//317 287//287
f 318//318 317//317 288//288
f 289//289 318//318 288//288
f 319//319 318//318 289//289
f 290//290 319//319 289//289
f 320//320 319//319 290//290
f 291//291 320//320 290//290
f 321//321 320//320 291//291
f 292//292 321//321 291//291
f 322//322 321//321 292//292
f 293//293 322//322 292//292
f 323//323 322//322 293//293
f 294//294 323//323 293//293
f 324//324 323//323 294//294
f 295//295 324//324 294//294
f 325//325 324//324 295//295
f 296//296 325//325 295//295
f 326//326 325//325 296//296
f 297//297 326//326 296//296
f 327//327 326//326 297//297
f 298//298 327//327 297//297
f 328//328 327//327 298//298
f 299//299 328//328 298//298
f 329//329 328//328 299//299
f 300//300 329//329 299//299
f 330//330 329//329 300//300
f 271//271 330//330 300//300
f 301//301 330//330 271//271
f 302//302 331//331 301//301
f 332//332 331//331 302//302
f 303//303 332//332 302//302
f 333//333 332//332 303//303
f 304//304 333//333 303//303
f 334//334 333//333 304//304
f 305//305 334//334 304//304
f 335//335 334//334 305//305
f 306//306 335//335 305//305
f 336//336 335//335 306//306
f 307//307 336//336 306//306
f 337//337 336//336 307//307
f 308//308 337//337 307//307
f 338//338 337//337 308//308
f 309//309 338//338 308//308
f 339//339 338//338 309//309
f 310//310 339//339 309//309
f 340//340 339//339 310//310
f 311//311 340//340 310//310
f 341//341 340//340 311//311
f 312//312 341//341 311//311
f 342//342 341//341 312//312
f 313//313 342//342 312//312
f 343//343 342//342 313//313
f 314//314 343//343 313//313
f 344//344 343//343 314//314
f 315//315 344//344 314//314
f 345//345 344//344 315//315
f 316//316 345//345 315//315
f 346//346 345//345 316//316
f 317//317 346//346 316//316
f 347//347 346//346 317//317
f 318//318 347//347 317//317
f 348//348 347//347 318//318
f 319//319 348//348 318//318
f 349//349 348//348 319//319
f 320//320 349//349 319//319
f 350//350 349//349 320//320
f 321//321 350//350 320//320
f 351//351 350//350 321//321
f 322//322 351//351 321//321
f 352//352 351//351 322//322
f 323//323 352//352 322//322
f 353//353 352//352 323//323
f 324//324 353//353 323//323
f 354//354 353//353 324//324
f 325//325 354//354 324//324
f 355//355 354//354 325//325
f 326//326 355//355 325//325
f 356//356 355//355 326//326
f 327//327 356//356 326//326
f 357//357 356//356 327//327
f 328//328 357//357 327//327
f 358//358 357//357 328//328
f 329//329 358//358 328//328
f 359//359 358//358 329//329
f 330//330 359//359 329//329
f 360//360 359//359 330//330
f 301//301 360//360 330//330
f 331//331 360//360 301//301
f 332//332 361//361 331//331
f 362//362 361//361 332//332
f 333//333 362//362 332//332
f 363//363 362//362 333//333
f 334//334 363//363 333//333
f 364//364 363//363 334//334
f 335//335 364//364 334//334
f 365//365 364//364 335//335
f 336//336 365//365 335//335
f 366//366 365//365 336//336
f 337//337 366//366 336//336
f 367//367 366//366 337//337
f 338//338 367//367 337//337
f 368//368 367//367 338//338
f 339//339 368//368 338//338
f 369//369 368//368 339//339
f 340//340 369//369 339//339
f 370//370 369//369 340//340
f 341//341 370//370 340//340
f 371//371 370//370 341//341
f 342//342 371//371 341//341
f 372//372 371//371 342//342
f 343//343 372//372 342//342
f 373//373 372//372 343//343
f 344//344 373//373 343//343
f 374//374 373//373 344//344
f 345//345 374//374 344//344
f 375//375 374//374 345//345
f 346//346 375//375 345//345
f 376//376 375//375 346//346
f 347//347 376//376 346//346
f 377//377 376//376 347//347
f 348//348 377//377 347//347
f 378//378 377//377 348//348
f 349//349 378//378 348//348
f 379//379 378//378 349//349
f 350//350 379//379 349//349
f 380//380 379//379 350//350
f 351//351 380//380 350//350
f 381//381 380//380 351//351
f 352//352 381//381 351//351
f 382//382 381//381 352//352
f 353//353 382//382 352//352
f 383//383 382//382 353//353
f 354//354 383//383 353//353
f 384//384 383//383 354//354
f 355//355 384//384 354//354
f 385//385 384//384 355//355
f 356//356 385//385 355//355
f 386//386 385//385 356//356
f 357//357 386//386 356//356
f 387//387 386//386 357//357
f 358//358 387//387 357//357
f 388//388 387//387 358//358
f 359//359 388//388 358//358
f 389//389 388//388 359//359
f 360//360 389//389 359//359
f 390//390 389//389 360//360
f 331//331 390//390 360//360
f 361//361 390//390 331//331
f 362//362 391//391 361//361
f 392//392 391//391 362//362
f 363//363 392//392 362//362
f 393//393 392//392 363//363
f 364//364 393//393 363//363
f 394//394 393//393 364//364
f 365//365 394//394 364//364
f 395//395 394//394 365//365
f 366//366 395//395 365//365
f 396//396 395//395 366//366
f 367//367 396//396 366//366
f 397//397 396//396 367//367
f 368//368 397//397 367//367
f 398//398 397//397 368//368
f 369//369 398//398 368//368
f 399//399 398//398 369//369
f 370//370 399//399 369//369
f 400//400 399//399 370//370
f 371//371 400//400 370//370
f 401//401 400//400 371//371
f 372//372 401//401 371//371
f 402//402 401//401 372//372
f 373//373 402//402 372//372
f 403//403 402//402 373//373
f 374//374 403//403 373//373
f 404//404 403//403 374//374
f 375//375 404//404 374//374
f 405//405 404//404 375//375
f 376//376 405//405 375//375
f 406//406 405//405 376//376
f 377//377 406//406 376//376
f 407//407 406//406 377//377
f 378//378 407//407 377//377
f 408//408 407//407 378//378
f 379//379 408//408 378//378
f 409//409 408//408 379//379
f 380//380 409//409 379//379
f 410//410 409//409 380//380
f 381//381 410//410 380//380
f 411//411 410//410 381//381
f 382//382 411//411 381//381
f 412//412 411//411 382//382
f 383//383 412//412 382//382
f 413//413 412//412 383//383
f 384//384 413//413 383//383
f 414//414 413//413 384//384
f 385//385 414//414 384//384
f 415//415 414//414 385//385
f 386//386 415//415 385//385
f 416//416 415//415 386//386
f 387//387 416//416 386//386
f 417//417 416//416 387//387
f 388//388 417//417 387//387
f 418//418 417//417 388//388
f 389//389 418//418 388//388
f 419//419 418//418 389//389
f 390//390 419//419 389//389
f 420//420 419//419 390//390
f 361//361 420//420 390//390
f 391//391 420//420 361//361
f 392//392 421//421 391//391
f 422//422 421//421 392//392
f 393//393 422//422 392//392
f 423//423 422//422 393//393
f 394//394 423//423 393//393
f 424//424 423//423 394//394
f 395//395 424//424 394//394
f 425//425 424//424 395//395
f 396//396 425//425 395//395
f 426//426 425//425 396//396
f 397//397 426//426 396//396
f 427//427 426//426 397//397
f 398//398 427//427 397//397
f 428//428 427//427 398//398
f 399//399 428//428 398//398
f 429//429 428//428 399//399
f 400//400 429//429 399//399
f 430//430 429//429 400//400
f 401//401 430//430 400//400
f 431//431 430//430 401//401
f 402//402 431//431 401//401
f 432//432 431//431 402//402
f 403//403 432//432 402//402
f 433//433 432//432 403//403
f 404//404 433//433 403//403
f 434//434 433//433 404//404
f 405//405 434//434 404//404
f 435//435 434//434 405//405
f 406//406 435//435 405//405
f 436//436 435//435 406//406
f 407//407 436//436 406//406
f 437//437 436//436 407//407
f 408//408 437//437 407//407
f 438//438 437//437 408//408
f 409//409 438//438 408//408
f 439//439 438//438 409//409
f 410//410 439//439 409//409
f 440//440 439//439 410//410
f 411//411 440//440 410//410
f 441//441 440//440 411//411
f 412//412 441//441 411//411
f 442//442 441//441 412//412
f 413//413 442//442 412//412
f 443//443 442//442 413//413
f 414//414 443//443 413//413
f 444//444 443//443 414//414
f 415//415 444//444 414//414
f 445//445 444//444 415//415
f 416//416 445//445 415//415
f 446//446 445//445 416//416
f 417//417 446//446 416//416
f 447//447 446//446 417//417
f 418//418 447//447 417//417
f 448//448 447//447 418//418
f 419//419 448//448 418//418
f 449//449 448//448 419//419
f 420//420 449//449 419//419
f 450//450 449//449 420//420
f 391//391 450//450 420//420
f 421//421 450//450 391//391
f 422//422 451//451 421//421
f 452//452 451//451 422//422
f 423//423 452//452 422//422
f 453//453 452//452 423//423
f 424//424 453//453 423//423
f 454//454 453//453 424//424
f 425//425 454//454 424//424
f 455//455 454//454 425//425
f 426//426 455//455 425//425
f 456//456 455//455 426//426
f 427//427 456//456 426//426
f 457//457 456//456 427//427
f 428//428 457//457 427//427
f 458//458 457//457 428//428
f 429//429 458//458 428//428
f 459//459 458//458 429//429
f 430//430 459//459 429//429
f 460//460 459//459 430//430
f 431//431 460//460 430//430
f 461//461 460//460 431//431
f 432//432 461//461 431//431
f 462//462 461//461 432//432
f 433//433 462//462 432//432
f 463//463 462//462 433//433
f 434//434 463//463 433//433
f 464//464 463//463 434//434
f 435//435 464//464 434//434
f 465//465 464//464 435//435
f 436//436 465//465 435//435
f 466//466 465//465 436//436
f 437//437 466//466 436//436
f 467//467 466//466 437//437
f 438//438 467//467 437//437
f 468//468 467//467 438//438
f 439//439 468//468 438//438
f 469//469 468//468 439//439
f 440//440 469//469 439//439
f 470//470 469//469 440//440
f 441//441 470//470 440//440
f 471//471 470//470 441//441
f 442//442 471//471 441//441
f 472//472 471//471 442//442
f 443//443 472//472 442//442
f 473//473 472//472 443//443
f 444//444 473//473 443//443
f 474//474 473//473 444//444
f 445//445 474//474 444//444
f 475//475 474//474 445//445
f 446//446 475//475 445//445
f 476//476 475//475 446//446
f 447//447 476//476 446//446
f 477//477 476//476 447//447
f 448//448 477//477 447//447
f 478//478 477//477 448//448
f 449//449 478//478 448//448
f 479//479 478//478 449//449
f 450//450 479//479 449//449
f 480//480 479//479 450//450
f 421//421 480//480 450//450
f 451//451 480//480 421//421
f 452//452 481//481 451//451
f 482//482 481//481 452//452
f 453//453 482//482 452//452
f 483//483 482//482 453//453
f 454//454 483//483 453//453
f 484//484 483//483 454//454
f 455//455 484//484 454//454
f 485//485 484//484 455//455
f 456//456 485//485 455//455
f 486//486 485//485 456//456
f 457//457 486//486 456//456
f 487//487 486//486 457//457
f 458//458 487//487 457//457
f 488//488 487//487 458//458
f 459//459 488//488 458//458
f 489//489 488//488 459//459
f 460//460 489//489 459//459
f 490//490 489//489 460//460
f 461//461 490//490 460//460
f 491//491 490//490 461//461
f 462//462 491//491 461//461
f 492//492 491//491 462//462
f 463//463 492//492 462//462
f 493//493 492//492 463//463
f 464//464 493//493 463//463
f 494//494 493//493 464//464
f 465//465 494//494 464//464
f 495//495 494//494 465//465
f 466//466 495//495 465//465
f 496//496 495//495 466//466
f 467//467 496//496 466//466
f 497//497 496//496 467//467
f 468//468 497//497 467//467
f 498//498 497//497 468//468
f 469//469 498//498 468//468
f 499//499 498//498 469//469
f 470//470 499//499 469//469
f 500//500 499//499 470//470
f 471//471 500//500 470//470
f 501//501 500//500 471//471
f 472//472 501//501 471//471
f 502//502 501//501 472//472
f 473//473 502//502 472//472
f 503//503 502//502 473//473
f 474//474 503//503 473//473
f 504//504 503//503 474//474
f 475//475 504//504 474//474
f 505//505 504//504 475//475
f 476//476 505//505 475//475
f 506//506 505//505 476//476
f 477//477 506//506 476//476
f 507//507 506//506 477//477
f 478//478 507//507 477//477
f 508//508 507//507 478//478
f 479//479 508//508 478//478
f 509//509 508//508 479//479
f 480//480 509//509 479//479
f 510//510 509//509 480//480
f 451//451 510//510 480//480
f 481//481 510//510 451//451
f 482//482 511//511 481//481
f 512//512 511//511 482//482
f 483//483 512//512 482//482
f 513//513 512//512 483//483
f 484//484 513//513 483//483
f 514//514 513//513 484//484
f 485//485 514//514 484//484
f 515//515 514//514 485//485
f 486//486 515//515 485//485
f 516//516 515//515 486//486
f 487//487 516//516 486//486
f 517//517 516//516 487//487
f 488//488 517//517 487//487
f 518//518 517//517 488//488
f 489//489 518//518 488//488
f 519//519 518//518 489//489
f 490//490 519//519 489//489
f 520//520 519//519 490//490
f 491//491 520//520 490//490
f 521//521 520//520 491//491
f 492//492 521//521 491//491
f 522//522 521//521 492//492
f 493//493 522//522 492//492
f 523//523 522//522 493//493
f 494//494 523//523 493//493
f 524//524 523//523 494//494
f 495//495 524//524 494//494
f 525//525 524//524 495//495
f 496//496 525//525 495//495
f 526//526 525//525 496//496
f 497//497 526//526 496//496
f 527//527 526//526 497//497
f 498//498 527//527 497//497
f 528//528 527//527 498//498
f 499//499 528//528 498//498
f 529//529 528//528 499//499
f 500//500 529//529 499//499
f 530//530 529//529 500//500
f 501//501 530//530 500//500
f 531//531 530//530 501//501
f 502//502 531//531 501//501
f 532//532 531//531 502//502
f 503//503 532//532 502//502
f 533//533 532//532 503//503
f 504//504 533//533 503//503
f 534//534 533//533 504//504
f 505//505 534//534 504//504
f 535//535 534//534 505//505
f 506//506 535//535 505//505
f 536//536 535//535 506//506
f 507//507 536//536 506//506
f 537//537 536//536 507//507
f 508//508 537//537 507//507
f 538//538 537//537 508//508
f 509//509 538//538 508//508
f 539//539 538//538 509//509
f 510//510 539//539 509//509
f 540//540 539//539 510//510
f 481//481 540//540 510//510
f 511//511 540//540 481//481
f 512//512 541//541 511//511
f 542//542 541//541 512//512
f 513//513 542//542 512//512
f 543//543 542//542 513//513
f 514//514 543//543 513//513
f 544//544 543//543 514//514
f 515//515 544//544 514//514
f 545//545 544//544 515//515
f 516//516 545//545 515//515
f 546//546 545//545 516//516
f 517//517 546//546 516//516
f 547//547 546//546 517//517
f 518//518 547//547 517//517
f 548//548 547//547 518//518
f 519//519 548//548 518//518
f 549//549 548//548 519//519
f 520//520 549//549 519//519
f 550//550 549//549 520//520
f 521//521 550//550 520//520
f 551//551 550//550 521//521
f 522//522 551//551 521//521
f 552//552 551//551 522//522
f 523//523 552//552 522//522
f 553//553 552//552 523//523
f 524//524 553//553 523//523
f 554//554 553//553 524//524
f 525//525 554//554 524//524
f 555//555 554//554 525//525
f 526//526 555//555 525//525
f 556//556 555//555 526//526
f 527//527 556//556 526//526
f 557//557 556//556 527//527
f 528//528 557//557 527//527
f 558//558 557//557 528//528
f 529//529 558//558 528//528
f 559//559 558//558 529//529
f 530//530 559//559 529//529
f 560//560 559//559 530//530
f 531//531 560//560 530//530
f 561//561 560//560 531//531
f 532//532 561//561 531//531
f 562//562 561//561 532//532
f 533//533 562//562 532//532
f 563//563 562//562 533//533
f 534//534 563//563 533//533
f 564//564 563//563 534//534
f 535//535 564//564 534//534
f 565//565 564//564 535//535
f 536//536 565//565 535//535
f 566//566 565//565 536//536
f 537//537 566//566 536//536
f 567//567 566//566 537//537
f 538//538 567//567 537//537
f 568//568 567//567 538//538
f 539//539 568//568 538//538
f 569//569 568//568 539//539
f 540//540 569//569 539//539
f 570//570 569//569 540//540
f 511//511 570//570 540//540
f 541//541 570//570 511//511
f 542//542 571//571 541//541
f 572//572 571//571 542//542
f 543//543 572//572 542//542
f 573//573 572//572 543//543
f 544//544 573//573 543//543
f 574//574 573//573 544//544
f 545//545 574//574 544//544
f 575//575 574//574 545//545
f 546//546 575//575 545//545
f 576//576 575//575 546//546
f 547//547 576//576 546//546
f 577//577 576//576 547//547
f 548//548 577//577 547//547
f 578//578 577//577 548//548
f 549//549 578//578 548//548
f 579//579 578//578 549//549
f 550//550 579//579 549//549
f 580//580 579//579 550//550
f 551//551 580//580 550//550
f 581//581 580//580 551//551
f 552//552 581//581 551//551
f 582//582 581//581 552//552
f 553//553 582//582 552//552
f 583//583 582//582 553//553
f 554//554 583//583 553//553
f 584//584 583//583 554//554
f 555//555 584//584 554//554
f 585//585 584//584 555//555
f 556//556 585//585 555//555
f 586//586 585//585 556//556
f 557//557 586//586 556//556
f 587//587 586//586 557//557
f 558//558 587//587 557//557
f 588//588 587//587 558//558
f 559//559 588//588 558//558
f 589//589 588//588 559//559
f 560//560 589//589 559//559
f 590//590 589//589 560//560
f 561//561 590//590 560//560
f 591//591 590//590 561//561
f 562//562 591//591 561//561
f 592//592 591//591 562//562
f 563//563 592//592 562//562
f 593//593 592//592 563//563
f 564//564 593//593 563//563
f 594//594 593//593 564//564
f 565//565 594//594 564//564
f 595//595 594//594 565//565
f 566//566 595//595 565//565
f 596//596 595//595 566//566
f 567//567 596//596 566//566
f 597//597 596//596 567//567
f 568//568 597//597 567//567
f 598//598 597//597 568//568
f 569//569 598//598 568//568
f 599//599 598//598 569//569
f 570//570 599//599 569//569
f 600//600 599//599 570//570
f 541//541 600//600 570//570
f 571//571 600//600 541//541
f 572//572 601//601 571//571
f 602//602 601//601 572//572
f 573//573 602//602 572//572
f 603//603 602//602 573//573
f 574//574 603//603 573//573
f 604//604 603//603 574//574
f 575//575 604//604 574//574
f 605//605 604//604 575//575
f 576//576 605//605 575//575
f 606//606 605//605 576//576
f 577//577 606//606 576//576
f 607//607 606//606 577//577
f 578//578 607//607 577//577
f 608//608 607//607 578//578
f 579//579 608//608 578//578
f 609//609 608//608 579//579
f 580//580 609//609 579//579
f 610//610 609//609 580//580
f 581//581 610//610 580//580
f 611//611 610//610 581//581
f 582//582 611//611 581//581
f 612//612 611//611 582//582
f 583//583 612//612 582//582
f 613//613 612//612 583//583
f 584//584 613//613 583//583
f 614//614 613//613 584//584
f 585//585 614//614 584//584
f 615//615 614//614 585//585
f 586//586 615//615 585//585
f 616//616 615//615 586//586
f 587//587 616//616 586//586
f 617//617 616//616 587//587
f 588//588 617//617 587//587
f 618//618 617//617 588//588
f 589//589 618//618 588//588
f 619//619 618//618 589//589
f 590//590 619//619 589//589
f 620//620 619//619 590//590
f 591//591 620//620 590//590
f 621//621 620//620 591//591
f 592//592 621//621 591//591
f 622//622 621//621 592//592
f 593//593 622//622 592//592
f 623//623 622//622 593//593
f 594//594 623//623 593//593
f 624//624 623//623 594//594
f 595//595 624//624 594//594
f 625//625 624//624 595//595
f 596//596 625//625 595//595
f 626//626 625//625 596//596
f 597//597 626//626 596//596
f 627//627 626//626 597//597
f 598//598 627//627 597//597
f 628//628 627//627 598//598
f 599//599 628//628 598//598
f 629//629 628//628 599//599
f 600//600 629//629 599//599
f 630//630 629//629 600//600
f 571//571 630//630 600//600
f 601//601 630//630 571//571
f 661//661 632//632 631//631
f 661//661 662//662 632//632
f 662//662 633//633 632//632
f 662//662 663//663 633//633
f 663//663 634//634 633//633
f 663//663 664//664 634//634
f 664//664 635//635 634//634
f 664//664 665//665 635//635
f 665//665 636//636 635//635
f 665//665 666//666 636//636
f 666//666 637//637 636//636
f 666//666 667//667 637//637
f 667//667 638//638 637//637
f 667//667 668//668 638//638
f 668//668 639//639 638//638
f 668//668 669//669 639//639
f 669//669 640//640 639//639
f 669//669 670//670 640//640
f 670//670 641//641 640//640
f 670//670 671//671 641//641
f 671//671 642//642 641//641
f 671//671 672//672 642//642
f 672//672 643//643 642//642
f 672//672 673//673 643//643
f 673//673 644//644 643//643
f 673//673 674//674 644//644
f 674//674 645//645 644//644
f 674//674 675//675 645//645
f 675//675 646//646 645//645
f 675//675 676//676 646//646
f 676//676 647//647 646//646
f 676//676 677//677 647//647
f 677//677 648//648 647//647
f 677//677 678//678 648//648
f 678//678 649//649 648//648
f 678//678 679//679 649//649
f 679//679 650//650 649//649
f 679//679 680//680 650//650
f 680//680 651//651 650//650
f 680//680 681//681 651//651
f 681//681 652//652 651//651
f 681//681 682//682 652//652
f 682//682 653//653 652//652
f 682//682 683//683 653//653
f 683//683 654//654 653//653
f 683//683 684//684 654//654
f 684//684 655//655 654//654
f 684//684 685//685 655//655
f 685//685 656//656 655//655
f 685//685 686//686 656//656
f 686//686 657//657 656//656
f 686//686 687//687 657//657
f 687//687 658//658 657//657
f 687//687 688//688 658//658
f 688//688 659//659 658//658
f 688//688 689//689 659//659
f 689//689 660//660 659//659
f 689//689 690//690 660//660
f 690//690 631//631 660//660
f 690//690 661//661 631//631
f 691//691 662//662 661//661
f 691//691 692//692 662//662
f 692//692 663//663 662//662
f 692//692 693//693 663//663
f 693//693 664//664 663//663
f 693//693 694//694 664//664
f 694//694 665//665 664//664
f 694//694 695//695 665//665
f 695//695 666//666 665//665
f 695//695 696//696 666//666
f 696//696 667//667 666//666
f 696//696 697//697 667//667
f 697//697 668//668 667//667
f 697//697 698//698 668//668
f 698//698 669//669 668//668
f 698//698 699//699 669//669
f 699//699 670//670 669//669
f 699//699 700//700 670//670
f 700//700 671//671 670//670
f 700//700 701//701 671//671
f 701//701 672//672 671//671
f 701//701 702//702 672//672
f 702//702 673//673 672//672
f 702//702 703//703 673//673
f 703//703 674//674 673//673
f 703//703 704//704 674//674
f 704//704 675//675 674//674
f 704//704 705//705 675//675
f 705//705 676//676 675//675
f 705//705 706//706 676//676
f 706//706 677//677 676//676
f 706//706 707//707 677//677
f 707//707 678//678 677//677
f 707//707 708//708 678//678
f 708//708 679//679 678//678
f 708//708 709//709 679//679
f 709//709 680//680 679//679
f 709//709 710//710 680//680
f 710//710 681//681 680//680
f 710//710 711//711 681//681
f 711//711 682//682 681//681
f 711//711 712//712 682//682
f 712//712 683//683 682//682
f 712//712 713//713 683//683
f 713//713 684//684 683//683
f 713//713 714//714 684//684
f 714//714 685//685 684//684
f 714//714 715//715 685//685
f 715//715 686//686 685//685
f 715//715 716//716 686//686
f 716//716 687//687 686//686
f 716//716 717//717 687//687
f 717//717 688//688 687//687
f 717//717 718//718 688//688
f 718//718 689//689 688//688
f 718//718 719//719 689//689
f 719//719 690//690 689//689
f 719//719 720//720 690//690
f 720//720 661//661 690//690
f 720//720 691//691 661//661
f 721//721 692//692 691//691
f 721//721 722//722 692//692
f 722//722 693//693 692//692
f 722//722 723//723 693//693
f 723//723 694//694 693//693
f 723//723 724//724 694//694
f 724//724 695//695 694//694
f 724//724 725//725 695//695
f 725//725 696//696 695//695
f 725//725 726//726 696//696
f 726//726 697//697 696//696
f 726//726 727//727 697//697
f 727//727 698//698 697//697
f 727//727 728//728 698//698
f 728//728 699//699 698//698
f 728//728 729//729 699//699
f 729//729 700//700 699//699
f 729//729 730//730 700//700
f 730//730 701//701 700//700
f 730//730 731//731 701//701
f 731//731 702//702 701//701
f 731//731 732//732 702//702
f 732//732 703//703 702//702
f 732//732 733//733 703//703
f 733//733 704//704 703//703
f 733//733 734//734 704//704
f 734//734 705//705 704//704
f 734//734 735//735 705//705
f 735//735 706//706 705//705
f 735//735 736//736 706//706
f 736//736 707//707 706//706
f 736//736 737//737 707//707
f 737//737 708//708 707//707
f 737//737 738//738 708//708
f 738//738 709//709 708//708
f 738//738 739//739 709//709
f 739//739 710//710 709//709
f 739//739 740//740 710//710
f 740//740 711//711 710//710
f 740//740 741//741 711//711
f 741//741 712//712 711//711
f 741//741 742//742 712//712
f 742//742 713//713 712//712
f 742//742 743//743 713//713
f 743//743 714//714 713//713
f 743//743 744//744 714//714
f 744//744 715//715 714//714
f 744//744 745//745 715//715
f 745//745 716//716 715//715
f 745//745 746//746 716//716
f 746//746 717//717 716//716
f 746//746 747//747 717//717
f 747//747 718//718 717//717
f 747//747 748//748 718//718
f 748//748 719//719 718//718
f 748//748 749//749 719//719
f 749//749 720//720 719//719
f 749//749 750//750 720//720
f 750//750 691//691 720//720
f 750//750 721//721 691//691
f 751//751 722//722 721//721
f 751//751 752//752 722//722
f 752//752 723//723 722//722
f 752//752 753//753 723//723
f 753//753 724//724 723//723
f 753//753 754//754 724//724
f 754//754 725//725 724//724
f 754//754 755//755 725//725
f 755//755 726//726 725//725
f 755//755 756//756 726//726
f 756//756 727//727 726//726
f 756//756 757//757 727//727
f 757//757 728//728 727//727
f 757//757 758//758 728//728
f 758//758 729//729 728//728
f 758//758 759//759 729//729
f 759//759 730//730 729//729
f 759//759 760//760 730//730
f 760//760 731//731 730//730
f 760//760 761//761 731//731
f 761//761 732//732 731//731
f 761//761 762//762 732//732
f 762//762 733//733 732//732
f 762//762 763//763 733//733
f 763//763 734//734 733//733
f 763//763 764//764 734//734
f 764//764 735//735 734//734
f 764//764 765//765 735//735
f 765//765 736//736 735//735
f 765//765 766//766 736//736
f 766//766 737//737 736//736
f 766//766 767//767 737//737
f 767//767 738//738 737//737
f 767//767 768//768 738//738
f 768//768 739//739 738//738
f 768//768 769//769 739//739
f 769//769 740//740 739//739
f 769//769 770//770 740//740
f 770//770 741//741 740//740
f 770//770 771//771 741//741
f 771//771 742//742 741//741
f 771//771 772//772 742//742
f 772//772 743//743 742//742
f 772//772 773//773 743//743
f 773//773 744//744 743//743
f 773//773 774//774 744//744
f 774//774 745//745 744//744
f 774//774 775//775 745//745
f 775//775 746//746 745//745
f 775//775 776//776 746//746
f 776//776 747//747 746//746
f 776//776 777//777 747//747
f 777//777 748//748 747//747
f 777//777 778//778 748//748
f 778//778 749//749 748//748
f 778//778 779//779 749//749
f 779//779 750//750 749//749
f 779//779 780//780 750//750
f 780//780 721//721 750//750
f 780//780 751//751 721//721
f 781//781 752//752 751//751
f 781//781 782//782 752//752
f 782//782 753//753 752//752
f 782//782 783//783 753//753
f 783//783 754//754 753//753
f 783//783 784//784 754//754
f 784//784 755//755 754//754
f 784//784 785//785 755//755
f 785//785 756//756 755//755
f 785//785 786//786 756//756
f 786//786 757//757 756//756
f 786//786 787//787 757//757
f 787//787 758//758 757//757
f 787//787 788//788 758//758
f 788//788 759//759 758//758
f 788//788 789//789 759//759
f 789//789 760//760 759//759
f 789//789 790//790 760//760
f 790//790 761//761 760//760
f 790//790 791//791 761//761
f 791//791 762//762 761//761
f 791//791 792//792 762//762
f 792//792 763//763 762//762
f 792//792 793//793 763//763
f 793//793 764//764 763//763
f 793//793 794//794 764//764
f 794//794 765//765 764//764
f 794//794 795//795 765//765
f 795//795 766//766 765//765
f 795//795 796//796 766//766
f 796//796 767//767 766//766
f 796//796 797//797 767//767
f 797//797 768//768 767//767
f 797//797 798//798 768//768
f 798//798 769//769 768//768
f 798//798 799//799 769//769
f 799//799 770//770 769//769
f 799//799 800//800 770//770
f 800//800 771//771 770//770
f 800//800 801//801 771//771
f 801//801 772//772 771//771
f 801//801 802//802 772//772
f 802//802 773//773 772//772
f 802//802 803//803 773//773
f 803//803 774//774 773//773
f 803//803 804//804 774//774
f 804//804 775//775 774//774
f 804//804 805//805 775//775
f 805//805 776//776 775//775
f 805//805 806//806 776//776
f 806//806 777//777 776//776
f 806//806 807//807 777//777
f 807//807 778//778 777//777
f 807//807 808//808 778//778
f 808//808 779//779 778//778
f 808//808 809//809 779//779
f 809//809 780//780 779//779
f 809//809 810//810 780//780
f 810//810 751//751 780//780
f 810//810 781//781 751//751
f 811//811 782//782 781//781
f 811//811 812//812 782//782
f 812//812 783//783 782//782
f 812//812 813//813 783//783
f 813//813 784//784 783//783
f 813//813 814//814 784//784
f 814//814 785//785 784//784
f 814//814 815//815 785//785
f 815//815 786//786 785//785
f 815//815 816//816 786//786
f 816//816 787//787 786//786
f 816//816 817//817 787//787
f 817//817 788//788 787//787
f 817//817 818//818 788//788
f 818//818 789//789 788//788
f 818//818 819//819 789//789
f 819//819 790//790 789//789
f 819//819 820//820 790//790
f 820//820 791//791 790//790
f 820//820 821//821 791//791
f 821//821 792//792 791//791
f 821//821 822//822 792//792
f 822//822 793//793 792//792
f 822//822 823//823 793//793
f 823//823 794//794 793//793
f 823//823 824//824 794//794
f 824//824 795//795 794//794
f 824//824 825//825 795//795
f 825//825 796//796 795//795
f 825//825 826//826 796//796
f 826//826 797//797 796//796
f 826//826 827//827 797//797
f 827//827 798//798 797//797
f 827//827 828//828 798//798
f 828//828 799//799 798//798
f 828//828 829//829 799//799
f 829//829 800//800 799//799
f 829//829 830//830 800//800
f 830//830 801//801 800//800
f 830//830 831//831 801//801
f 831//831 802//802 801//801
f 831//831 832//832 802//802
f 832//832 803//803 802//802
f 832//832 833//833 803//803
f 833//833 804//804 803//803
f 833//833 834//834 804//804
f 834//834 805//805 804//804
f 834//834 835//835 805//805
f 835//835 806//806 805//805
f 835//835 836//836 806//806
f 836//836 807//807 806//806
f 836//836 837//837 807//807
f 837//837 808//808 807//807
f 837//837 838//838 808//808
f 838//838 809//809 808//808
f 838//838 839//839 809//809
f 839//839 810//810 809//809
f 839//839 840//840 810//810
f 840//840 781//781 810//810
f 840//840 811//811 781//781
f 841//841 812//812 811//811
f 841//841 842//842 812//812
f 842//842 813//813 812//812
f 842//842 843//843 813//813
f 843//843 814//814 813//813
f 843//843 844//844 814//814
f 844//844 815//815 814//814
f 844//844 845//845 815//815
f 845//845 816//816 815//815
f 845//845 846//846 816//816
f 846//846 817//817 816//816
f 846//846 847//847 817//817
f 847//847 818//818 817//817
f 847//847 848//848 818//818
f 848//848 819//819 818//818
f 848//848 849//849 819//819
f 849//849 820//820 819//819
f 849//849 850//850 820//820
f 850//850 821//821 820//820
f 850//850 851//851 821//821
f 851//851 822//822 821//821
f 851//851 852//852 822//822
f 852//852 823//823 822//822
f 852//852 853//853 823//823
f 853//853 824//824 823//823
f 853//853 854//854 824//824
f 854//854 825//825 824//824
f 854//854 855//855 825//825
f 855//855 826//826 825//825
f 855//855 856//856 826//826
f 856//856 827//827 826//826
f 856//856 857//857 827//827
f 857//857 828//828 827//827
f 857//857 858//858 828//828
f 858//858 829//829 828//828
f 858//858 859//859 829//829
f 859//859 830//830 829//829
f 859//859 860//860 830//830
f 860//860 831//831 830//830
f 860//860 861//861 831//831
f 861//861 832//832 831//831
f 861//861 862//862 832//832
f 862//862 833//833 832//832
f 862//862 863//863 833//833
f 863//863 834//834 833//833
f 863//863 864//864 834//834
f 864//864 835//835 834//834
f 864//864 865//865 835//835
f 865//865 836//836 835//835
f 865//865 866//866 836//836
f 866//866 837//837 836//836
f 866//866 867//867 837//837
f 867//867 838//838 837//837
f 867//867 868//868 838//838
f 868//868 839//839 838//838
f 868//868 869//869 839//839
f 869//869 840//840 839//839
f 869//869 870//870 840//840
f 870//870 811//811 840//840
f 870//870 841//841 811//811
f 871//871 842//842 841//841
f 871//871 872//872 842//842
f 872//872 843//843 842//842
f 872//872 873//873 843//843
f 873//873 844//844 843//843
f 873//873 874//874 844//844
f 874//874 845//845 844//844
f 874//874 875//875 845//845
f 875//875 846//846 845//845
f 875//875 876//876 846//846
f 876//876 847//847 846//846
f 876//876 877//877 847//847
f 877//877 848//848 847//847
f 877//877 878//878 848//848
f 878//878 849//849 848//848
f 878//878 879//879 849//849
f 879//879 850//850 849//849
f 879//879 880//880 850//850
f 880//880 851//851 850//850
f 880//880 881//881 851//851
f 881//881 852//852 851//851
f 881//881 882//882 852//852
f 882//882 853//853 852//852
f 882//882 883//883 853//853
f 883//883 854//854 853//853
f 883//883 884//884 854//854
f 884//884 855//855 854//854
f 884//884 885//885 855//855
f 885//885 856//856 855//855
f 885//885 886//886 856//856
f 886//886 857//857 856//856
f 886//886 887//887 857//857
f 887//887 858//858 857//857
f 887//887 888//888 858//858
f 888//888 859//859 858//858
f 888//888 889//889 859//859
f 889//889 860//860 859//859
f 889//889 890//890 860//860
f 890//890 861//861 860//860
f 890//890 891//891 861//861
f 891//891 862//862 861//861
f 891//891 892//892 862//862
f 892//892 863//863 862//862
f 892//892 893//893 863//863
f 893//893 864//864 863//863
f 893//893 894//894 864//864
f 894//894 865//865 864//864
f 894//894 895//895 865//865
f 895//895 866//866 865//865
f 895//895 896//896 866//866
f 896//896 867//867 866//866
f 896//896 897//897 867//867
f 897//897 868//868 867//867
f 897//897 898//898 868//868
f 898//898 869//869 868//868
f 898//898 899//899 869//869
f 899//899 870//870 869//869
f 899//899 900//900 870//870
f 900//900 841//841 870//870
f 900//900 871//871 841//841
f 901//901 872//872 871//871
f 901//901 902//902 872//872
f 902//902 873//873 872//872
f 902//902 903//903 873//873
f 903//903 874//874 873//873
f 903//903 904//904 874//874
f 904//904 875//875 874//874
f 904//904 905//905 875//875
f 905//905 876//876 875//875
f 905//905 906//906 876//876
f 906//906 877//877 876//876
f 906//906 907//907 877//877
f 907//907 878//878 877//877
f 907//907 908//908 878//878
f 908//908 879//879 878//878
f 908//908 909//909 879//879
f 909//909 880//880 879//879
f 909//909 910//910 880//880
f 910//910 881//881 880//880
f 910//910 911//911 881//881
f 911//911 882//882 881//881
f 911//911 912//912 882//882
f 912//912 883//883 882//882
f 912//912 913//913 883//883
f 913//913 884//884 883//883
f 913//913 914//914 884//884
f 914//914 885//885 884//884
f 914//914 915//915 885//885
f 915//915 886//886 885//885
f 915//915 916//916 886//886
f 916//916 887//887 886//886
f 916//916 917//917 887//887
f 917//917 888//888 887//887
f 917//917 918//918 888//888
f 918//918 889//889 888//888
f 918//918 919//919 889//889
f 919//919 890//890 889//889
f 919//919 920//920 890//890
f 920//920 891//891 890//890
f 920//920 921//921 891//891
f 921//921 892//892 891//891
f 921//921 922//922 892//892
f 922//922 893//893 892//892
f 922//922 923//923 893//893
f 923//923 894//894 893//893
f 923//923 924//924 894//894
f 924//924 895//895 894//894
f 924//924 925//925 895//895
f 925//925 896//896 895//895
f 925//925 926//926 896//896
f 926//926 897//897 896//896
f 926//926 927//927 897//897
f 927//927 898//898 897//897
f 927//927 928//928 898//898
f 928//928 899//899 898//898
f 928//928 929//929 899//899
f 929//929 900//900 899//899
f 929//929 930//930 900//900
f 930//930 871//871 900//900
f 930//930 901//901 871//871
f 931//931 902//902 901//901
f 931//931 932//932 902//902
f 932//932 903//903 902//902
f 932//932 933//933 903//903
f 933//933 904//904 903//903
f 933//933 934//934 904//904
f 934//934 905//905 904//904
f 934//934 935//935 905//905
f 935//935 906//906 905//905
f 935//935 936//936 906//906
f 936//936 907//907 906//906
f 936//936 937//937 907//907
f 937//937 908//908 907//907
f 937//937 938//938 908//908
f 938//938 909//909 908//908
f 938//938 939//939 909//909
f 939//939 910//910 909//909
f 939//939 940//940 910//910
f 940//940 911//911 910//910
f 940//940 941//941 911//911
f 941//941 912//912 911//911
f 941//941 942//942 912//912
f 942//942 913//913 912//912
f 942//942 943//943 913//913
f 943//943 914//914 913//913
f 943//943 944//944 914//914
f 944//944 915//915 914//914
f 944//944 945//945 915//915
f 945//945 916//916 915//915
f 945//945 946//946 916//916
f 946//946 917//917 916//916
f 946//946 947//947 917//917
f 947//947 918//918 917//917
f 947//947 948//948 918//918
f 948//948 919//919 918//918
f 948//948 949//949 919//919
f 949//949 920//920 919//919
f 949//949 950//950 920//920
f 950//950 921//921 920//920
f 950//950 951//951 921//921
f 951//951 922//922 921//921
f 951//951 952//952 922//922
f 952//952 923//923 922//922
f 952//952 953//953 923//923
f 953//953 924//924 923//923
f 953//953 954//954 924//924
f 954//954 925//925 924//924
f 954//954 955//955 925//925
f 955//955 926//926 925//925
f 955//955 956//956 926//926
f 956//956 927//927 926//926
f 956//956 957//957 927//927
f 957//957 928//928 927//927
f 957//957 958//958 928//928
f 958//958 929//929 928//928
f 958//958 959//959 929//929
f 959//959 930//930 929//929
f 959//959 960//960 930//930
f 960//960 901//901 930//930
f 960//960 931//931 901//901
f 961//961 932//932 931//931
f 961//961 962//962 932//932
f 962//962 933//933 932//932
f 962//962 963//963 933//933
f 963//963 934//934 933//933
f 963//963 964//964 934//934
f 964//964 935//935 934//934
f 964//964 965//965 935//935
f 965//965 936//936 935//935
f 965//965 966//966 936//936
f 966//966 937//937 936//936
f 966//966 967//967 937//937
f 967//967 938//938 937//937
f 967//967 968//968 938//938
f 968//968 939//939 938//938
f 968//968 969//969 939//939
f 969//969 940//940 939//939
f 969//969 970//970 940//940
f 970//970 941//941 940//940
f 970//970 971//971 941//941
f 971//971 942//942 941//941
f 971//971 972//972 942//942
f 972//972 943//943 942//942
f 972//972 973//973 943//943
f 973//973 944//944 943//943
f 973//973 974//974 944//944
f 974//974 945//945 944//944
f 974//974 975//975 945//945
f 975//975 946//946 945//945
f 975//975 976//976 946//946
f 976//976 947//947 946//946
f 976//976 977//977 947//947
f 977//977 948//948 947//947
f 977//977 978//978 948//948
f 978//978 949//949 948//948
f 978//978 979//979 949//949
f 979//979 950//950 949//949
f 979//979 980//980 950//950
f 980//980 951//951 950//950
f 980//980 981//981 951//951
f 981//981 952//952 951//951
f 981//981 982//982 952//952
f 982//982 953//953 952//952
f 982//982 983//983 953//953
f 983//983 954//954 953//953
f 983//983 984//984 954//954
f 984//984 955//955 954//954
f 984//984 985//985 955//955
f 985//985 956//956 955//955
f 985//985 986//986 956//956
f 986//986 957//957 956//956
f 986//986 987//987 957//957
f 987//987 958//958 957//957
f 987//987 988//988 958//958
f 988//988 959//959 958//958
f 988//988 989//989 959//959
f 989//989 960//960 959//959
f 989//989 990//990 960//960
f 990//990 931//931 960//960
f 990//990 961//961 931//931
f 991//991 962//962 961//961
f 991//991 992//992 962//962
f 992//992 963//963 962//962
f 992//992 993//993 963//963
f 993//993 964//964 963//963
f 993//993 994//994 964//964
f 994//994 965//965 964//964
f 994//994 995//995 965//965
f 995//995 966//966 965//965
f 995//995 996//996 966//966
f 996//996 967//967 966//966
f 996//996 997//997 967//967
f 997//997 968//968 967//967
f 997//997 998//998 968//968
f 998//998 969//969 968//968
f 998//998 999//999 969//969
f 999//999 970//970 969//969
f 999//999 1000//1000 970//970
f 1000//1000 971//971 970//970
f 1000//1000 1001//1001 971//971
f 1001//1001 972//972 971//971
f 1001//1001 1002//1002 972//972
f 1002//1002 973//973 972//972
f 1002//1002 1003//1003 973//973
f 1003//1003 974//974 973//973
f 1003//1003 1004//1004 974//974
f 1004//1004 975//975 974//974
f 1004//1004 1005//1005 975//975
f 1005//1005 976//976 975//975
f 1005//1005 1006//1006 976//976
f 1006//1006 977//977 976//976
f 1006//1006 1007//1007 977//977
f 1007//1007 978//978 977//977
f 1007//1007 1008//1008 978//978
f 1008//1008 979//979 978//978
f 1008//1008 1009//1009 979//979
f 1009//1009 980//980 979//979
f 1009//1009 1010//1010 980//980
f 1010//1010 981//981 980//980
f 1010//1010 1011//1011 981//981
f 1011//1011 982//982 981//981
f 1011//1011 1012//1012 982//982
f 1012//1012 983//983 982//982
f 1012//1012 1013//1013 983//983
f 1013//1013 984//984 983//983
f 1013//1013 1014//1014 984//984
f 1014//1014 985//985 984//984
f 1014//1014 1015//1015 985//985
f 1015//1015 986//986 985//985
f 1015//1015 1016//1016 986//986
f 1016//1016 987//987 986//986
f 1016//1016 1017//1017 987//987
f 1017//1017 988//988 987//987
f 1017//1017 1018//1018 988//988
f 1018//1018 989//989 988//988
f 1018//1018 1019//1019 989//989
f 1019//1019 990//990 989//989
f 1019//1019 1020//1020 990//990
f 1020//1020 961//961 990//990
f 1020//1020 991//991 961//961
f 1021//1021 992//992 991//991
f 1021//1021 1022//1022 992//992
f 1022//1022 993//993 992//992
f 1022//1022 1023//1023 993//993
f 1023//1023 994//994 993//993
f 1023//1023 1024//1024 994//994
f 1024//1024 995//995 994//994
f 1024//1024 1025//1025 995//995
f 1025//1025 996//996 995//995
f 1025//1025 1026//1026 996//996
f 1026//1026 997//997 996//996
f 1026//1026 1027//1027 997//997
f 1027//1027 998//998 997//997
f 1027//1027 1028//1028 998//998
f 1028//1028 999//999 998//998
f 1028//1028 1029//1029 999//999
f 1029//1029 1000//1000 999//999
f 1029//1029 1030//1030 1000//1000
f 1030//1030 1001//1001 1000//1000
f 1030//1030 1031//1031 1001//1001
f 1031//1031 1002//1002 1001//1001
f 1031//1031 1032//1032 1002//1002
f 1032//1032 1003//1003 1002//1002
f 1032//1032 1033//1033 1003//1003
f 1033//1033 1004//1004 1003//1003
f 1033//1033 1034//1034 1004//1004
f 1034//1034 1005//1005 1004//1004
f 1034//1034 1035//1035 1005//1005
f 1035//1035 1006//1006 1005//1005
f 1035//1035 1036//1036 1006//1006
f 1036//1036 1007//1007 1006//1006
f 1036//1036 1037//1037 1007//1007
f 1037//1037 1008//1008 1007//1007
f 1037//1037 1038//1038 1008//1008
f 1038//1038 1009//1009 1008//1008
f 1038//1038 1039//1039 1009//1009
f 1039//1039 1010//1010 1009//1009
f 1039//1039 1040//1040 1010//1010
f 1040//1040 1011//1011 1010//1010
f 1040//1040 1041//1041 1011//1011
f 1041//1041 1012//1012 1011//1011
f 1041//1041 1042//1042 1012//1012
f 1042//1042 1013//1013 1012//1012
f 1042//1042 1043//1043 1013//1013
f 1043//1043 1014//1014 1013//1013
f 1043//1043 1044//1044 1014//1014
f 1044//1044 1015//1015 1014//1014
f 1044//1044 1045//1045 1015//1015
f 1045//1045 1016//1016 1015//1015
f 1045//1045 1046//1046 1016//1016
f 1046//1046 1017//1017 1016//1016
f 1046//1046 1047//1047 1017//1017
f 1047//1047 1018//1018 1017//1017
f 1047//1047 1048//1048 1018//1018
f 1048//1048 1019//1019 1018//1018
f 1048//1048 1049//1049 1019//1019
f 1049//1049 1020//1020 1019//1019
f 1049//1049 1050//1050 1020//1020
f 1050//1050 991//991 1020//1020
f 1050//1050 1021//1021 991//991
f 1051//1051 1022//1022 1021//1021
f 1051//1051 1052//1052 1022//1022
f 1052//1052 1023//1023 1022//1022
f 1052//1052 1053//1053 1023//1023
f 1053//1053 1024//1024 1023//1023
f 1053//1053 1054//1054 1024//1024
f 1054//1054 1025//1025 1024//1024
f 1054//1054 1055//1055 1025//1025
f 1055//1055 1026//1026 1025//1025
f 1055//1055 1056//1056 1026//1026
f 1056//1056 1027//1027 1026//1026
f 1056//1056 1057//1057 1027//1027
f 1057//1057 1028//1028 1027//1027
f 1057//1057 1058//1058 1028//1028
f 1058//1058 1029//1029 1028//1028
f 1058//1058 1059//1059 1029//1029
f 1059//1059 1030//1030 1029//1029
f 1059//1059 1060//1060 1030//1030
f 1060//1060 1031//1031 1030//1030
f 1060//1060 1061//1061 1031//1031
f 1061//1061 1032//1032 1031//1031
f 1061//1061 1062//1062 1032//1032
f 1062//1062 1033//1033 1032//1032
f 1062//1062 1063//1063 1033//1033
f 1063//1063 1034//1034 1033//1033
f 1063//1063 1064//1064 1034//1034
f 1064//1064 1035//1035 1034//1034
f 1064//1064 1065//1065 1035//1035
f 1065//1065 1036//1036 1035//1035
f 1065//1065 1066//1066 1036//1036
f 1066//1066 1037//1037 1036//1036
f 1066//1066 1067//1067 1037//1037
f 1067//1067 1038//1038 1037//1037
f 1067//1067 1068//1068 1038//1038
f 1068//1068 1039//1039 1038//1038
f 1068//1068 1069//1069 1039//1039
f 1069//1069 1040//1040 1039//1039
f 1069//1069 1070//1070 1040//1040
f 1070//1070 1041//1041 1040//1040
f 1070//1070 1071//1071 1041//1041
f 1071//1071 1042//1042 1041//1041
f 1071//1071 1072//1072 1042//1042
f 1072//1072 1043//1043 1042//1042
f 1072//1072 1073//1073 1043//1043
f 1073//1073 1044//1044 1043//1043
f 1073//1073 1074//1074 1044//1044
f 1074//1074 1045//1045 1044//1044
f 1074//1074 1075//1075 1045//1045
f 1075//1075 1046//1046 1045//1045
f 1075//1075 1076//1076 1046//1046
f 1076//1076 1047//1047 1046//1046
f 1076//1076 1077//1077 1047//1047
f 1077//1077 1048//1048 1047//1047
f 1077//1077 1078//1078 1048//1048
f 1078//1078 1049//1049 1048//1048
f 1078//1078 1079//1079 1049//1049
f 1079//1079 1050//1050 1049//1049
f 1079//1079 1080//1080 1050//1050
f 1080//1080 1021//1021 1050//1050
f 1080//1080 1051//1051 1021//1021
f 1081//1081 1052//1052 1051//1051
f 1081//1081 1082//1082 1052//1052
f 1082//1082 1053//1053 1052//1052
f 1082//1082 1083//1083 1053//1053
f 1083//1083 1054//1054 1053//1053
f 1083//1083 1084//1084 1054//1054
f 1084//1084 1055//1055 1054//1054
f 1084//1084 1085//1085 1055//1055
f 1085//1085 1056//1056 1055//1055
f 1085//1085 1086//1086 1056//1056
f 1086//1086 1057//1057 1056//1056
f 1086//1086 1087//1087 1057//1057
f 1087//1087 1058//1058 1057//1057
f 1087//1087 1088//1088 1058//1058
f 1088//1088 1059//1059 1058//1058
f 1088//1088 1089//1089 1059//1059
f 1089//1089 1060//1060 1059//1059
f 1089//1089 1090//1090 1060//1060
f 1090//1090 1061//1061 1060//1060
f 1090//1090 1091//1091 1061//1061
f 1091//1091 1062//1062 1061//1061
f 1091//1091 1092//1092 1062//1062
f 1092//1092 1063//1063 1062//1062
f 1092//1092 1093//1093 1063//1063
f 1093//1093 1064//1064 1063//1063
f 1093//1093 1094//1094 1064//1064
f 1094//1094 1065//1065 1064//1064
f 1094//1094 1095//1095 1065//1065
f 1095//1095 1066//1066 1065//1065
f 1095//1095 1096//1096 1066//1066
f 1096//1096 1067//1067 1066//1066
f 1096//1096 1097//1097 1067//1067
f 1097//1097 1068//1068 1067//1067
f 1097//1097 1098//1098 1068//1068
f 1098//1098 1069//1069 1068//1068
f 1098//1098 1099//1099 1069//1069
f 1099//1099 1070//1070 1069//1069
f 1099//1099 1100//1100 1070//1070
f 1100//1100 1071//1071 1070//1070
f 1100//1100 1101//1101 1071//1071
f 1101//1101 1072//1072 1071//1071
f 1101//1101 1102//1102 1072//1072
f 1102//1102 1073//1073 1072//1072
f 1102//1102 1103//1103 1073//1073
f 1103//1103 1074//1074 1073//1073
f 1103//1103 1104//1104 1074//1074
f 1104//1104 1075//1075 1074//1074
f 1104//1104 1105//1105 1075//1075
f 1105//1105 1076//1076 1075//1075
f 1105//1105 1106//1106 1076//1076
f 1106//1106 1077//1077 1076//1076
f 1106//1106 1107//1107 1077//1077
f 1107//1107 1078//1078 1077//1077
f 1107//1107 1108//1108 1078//1078
f 1108//1108 1079//1079 1078//1078
f 1108//1108 1109//1109 1079//1079
f 1109//1109 1080//1080 1079//1079
f 1109//1109 1110//1110 1080//1080
f 1110//1110 1051//1051 1080//1080
f 1110//1110 1081//1081 1051//1051
f 1111//1111 1082//1082 1081//1081
f 1111//1111 1112//1112 1082//1082
f 1112//1112 1083//1083 1082//1082
f 1112//1112 1113//1113 1083//1083
f 1113//1113 1084//1084 1083//1083
f 1113//1113 1114//1114 1084//1084
f 1114//1114 1085//1085 1084//1084
f 1114//1114 1115//1115 1085//1085
f 1115//1115 1086//1086 1085//1085
f 1115//1115 1116//1116 1086//1086
f 1116//1116 1087//1087 1086//1086
f 1116//1116 1117//1117 1087//1087
f 1117//1117 1088//1088 1087//1087
f 1117//1117 1118//1118 1088//1088
f 1118//1118 1089//1089 1088//1088
f 1118//1118 1119//1119 1089//1089
f 1119//1119 1090//1090 1089//1089
f 1119//1119 1120//1120 1090//1090
f 1120//1120 1091//1091 1090//1090
f 1120//1120 1121//1121 1091//1091
f 1121//1121 1092//1092 1091//1091
f 1121//1121 1122//1122 1092//1092
f 1122//1122 1093//1093 1092//1092
f 1122//1122 1123//1123 1093//1093
f 1123//1123 1094//1094 1093//1093
f 1123//1123 1124//1124 1094//1094
f 1124//1124 1095//1095 1094//1094
f 1124//1124 1125//1125 1095//1095
f 1125//1125 1096//1096 1095//1095
f 1125//1125 1126//1126 1096//1096
f 1126//1126 1097//1097 1096//1096
f 1126//1126 1127//1127 1097//1097
f 1127//1127 1098//1098 1097//1097
f 1127//1127 1128//1128 1098//1098
f 1128//1128 1099//1099 1098//1098
f 1128//1128 1129//1129 1099//1099
f 1129//1129 1100//1100 1099//1099
f 1129//1129 1130//1130 1100//1100
f 1130//1130 1101//1101 1100//1100
f 1130//1130 1131//1131 1101//1101
f 1131//1131 1102//1102 1101//1101
f 1131//1131 1132//1132 1102//1102
f 1132//1132 1103//1103 1102//1102
f 1132//1132 1133//1133 1103//1103
f 1133//1133 1104//1104 1103//1103
f 1133//1133 1134//1134 1104//1104
f 1134//1134 1105//1105 1104//1104
f 1134//1134 1135//1135 1105//1105
f 1135//1135 1106//1106 1105//1105
f 1135//1135 1136//1136 1106//1106
f 1136//1136 1107//1107 1106//1106
f 1136//1136 1137//1137 1107//1107
f 1137//1137 1108//1108 1107//1107
f 1137//1137 1138//1138 1108//1108
f 1138//1138 1109//1109 1108//1108
f 1138//1138 1139//1139 1109//1109
f 1139//1139 1110//1110 1109//1109
f 1139//1139 1140//1140 1110//1110
f 1140//1140 1081//1081 1110//1110
f 1140//1140 1111//1111 1081//1081
f 1141//1141 1112//1112 1111//1111
f 1141//1141 1142//1142 1112//1112
f 1142//1142 1113//1113 1112//1112
f 1142//1142 1143//1143 1113//1113
f 1143//1143 1114//1114 1113//1113
f 1143//1143 1144//1144 1114//1114
f 1144//1144 1115//1115 1114//1114
f 1144//1144 1145//1145 1115//1115
f 1145//1145 1116//1116 1115//1115
f 1145//1145 1146//1146 1116//1116
f 1146//1146 1117//1117 1116//1116
f 1146//1146 1147//1147 1117//1117
f 1147//1147 1118//1118 1117//1117
f 1147//1147 1148//1148 1118//1118
f 1148//1148 1119//1119 1118//1118
f 1148//1148 1149//1149 1119//1119
f 1149//1149 1120//1120 1119//1119
f 1149//1149 1150//1150 1120//1120
f 1150//1150 1121//1121 1120//1120
f 1150//1150 1151//1151 1121//1121
f 1151//1151 1122//1122 1121//1121
f 1151//1151 1152//1152 1122//1122
f 1152//1152 1123//1123 1122//1122
f 1152//1152 1153//1153 1123//1123
f 1153//1153 1124//1124 1123//1123
f 1153//1153 1154//1154 1124//1124
f 1154//1154 1125//1125 1124//1124
f 1154//1154 1155//1155 1125//1125
f 1155//1155 1126//1126 1125//1125
f 1155//1155 1156//1156 1126//1126
f 1156//1156 1127//1127 1126//1126
f 1156//1156 1157//1157 1127//1127
f 1157//1157 1128//1128 1127//1127
f 1157//1157 1158//1158 1128//1128
f 1158//1158 1129//1129 1128//1128
f 1158//1158 1159//1159 1129//1129
f 1159//1159 1130//1130 1129//1129
f 1159//1159 1160//1160 1130//1130
f 1160//1160 1131//1131 1130//1130
f 1160//1160 1161//1161 1131//1131
f 1161//1161 1132//1132 1131//1131
f 1161//1161 1162//1162 1132//1132
f 1162//1162 1133//1133 1132//1132
f 1162//1162 1163//1163 1133//1133
f 1163//1163 1134//1134 1133//1133
f 1163//1163 1164//1164 1134//1134
f 1164//1164 1135//1135 1134//1134
f 1164//1164 1165//1165 1135//1135
f 1165//1165 1136//1136 1135//1135
f 1165//1165 1166//1166 1136//1136
f 1166//1166 1137//1137 1136//1136
f 1166//1166 1167//1167 1137//1137
f 1167//1167 1138//1138 1137//1137
f 1167//1167 1168//1168 1138//1138
f 1168//1168 1139//1139 1138//1138
f 1168//1168 1169//1169 1139//1139
f 1169//1169 1140//1140 1139//1139
f 1169//1169 1170//1170 1140//1140
f 1170//1170 1111//1111 1140//1140
f 1170//1170 1141//1141 1111//1111
f 1171//1171 1142//1142 1141//1141
f 1171//1171 1172//1172 1142//1142
f 1172//1172 1143//1143 1142//1142
f 1172//1172 1173//1173 1143//1143
f 1173//1173 1144//1144 1143//1143
f 1173//1173 1174//1174 1144//1144
f 1174//1174 1145//1145 1144//1144
f 1174//1174 1175//1175 1145//1145
f 1175//1175 1146//1146 1145//1145
f 1175//1175 1176//1176 1146//1146
f 1176//1176 1147//1147 1146//1146
f 1176//1176 1177//1177 1147//1147
f 1177//1177 1148//1148 1147//1147
f 1177//1177 1178//1178 1148//1148
f 1178//1178 1149//1149 1148//1148
f 1178//1178 1179//1179 1149//1149
f 1179//1179 1150//1150 1149//1149
f 1179//1179 1180//1180 1150//1150
f 1180//1180 1151//1151 1150//1150
f 1180//1180 1181//1181 1151//1151
f 1181//1181 1152//1152 1151//1151
f 1181//1181 1182//1182 1152//1152
f 1182//1182 1153//1153 1152//1152
f 1182//1182 1183//1183 1153//1153
f 1183//1183 1154//1154 1153//1153
f 1183//1183 1184//1184 1154//1154
f 1184//1184 1155//1155 1154//1154
f 1184//1184 1185//1185 1155//1155
f 1185//1185 1156//1156 1155//1155
f 1185//1185 1186//1186 1156//1156
f 1186//1186 1157//1157 1156//1156
f 1186//1186 1187//1187 1157//1157
f 1187//1187 1158//1158 1157//1157
f 1187//1187 1188//1188 1158//1158
f 1188//1188 1159//1159 1158//1158
f 1188//1188 1189//1189 1159//1159
f 1189//1189 1160//1160 1159//1159
f 1189//1189 1190//1190 1160//1160
f 1190//1190 1161//1161 1160//1160
f 1190//1190 1191//1191 1161//1161
f 1191//1191 1162//1162 1161//1161
f 1191//1191 1192//1192 1162//1162
f 1192//1192 1163//1163 1162//1162
f 1192//1192 1193//1193 1163//1163
f 1193//1193 1164//1164 1163//1163
f 1193//1193 1194//1194 1164//1164
f 1194//1194 1165//1165 1164//1164
f 1194//1194 1195//1195 1165//1165
f 1195//1195 1166//1166 1165//1165
f 1195//1195 1196//1196 1166//1166
f 1196//1196 1167//1167 1166//1166
f 1196//1196 1197//1197 1167//1167
f 1197//1197 1168//1168 1167//1167
f 1197//1197 1198//1198 1168//1168
f 1198//1198 1169//1169 1168//1168
f 1198//1198 1199//1199 1169//1169
f 1199//1199 1170//1170 1169//1169
f 1199//1199 1200//1200 1170//1170
f 1200//1200 1141//1141 1170//1170
f 1200//1200 1171//1171 1141//1141
f 1201//1201 1172//1172 1171//1171
f 1201//1201 1202//1202 1172//1172
f 1202//1202 1173//1173 1172//1172
f 1202//1202 1203//1203 1173//1173
f 1203//1203 1174//1174 1173//1173
f 1203//1203 1204//1204 1174//1174
f 1204//1204 1175//1175 1174//1174
f 1204//1204 1205//1205 1175//1175
f 1205//1205 1176//1176 1175//1175
f 1205//1205 1206//1206 1176//1176
f 1206//1206 1177//1177 1176//1176
f 1206//1206 1207//1207 1177//1177
f 1207//1207 1178//1178 1177//1177
f 1207//1207 1208//1208 1178//1178
f 1208//1208 1179//1179 1178//1178
f 1208//1208 1209//1209 1179//1179
f 1209//1209 1180//1180 1179//1179
f 1209//1209 1210//1210 1180//1180
f 1210//1210 1181//1181 1180//1180
f 1210//1210 1211//1211 1181//1181
f 1211//1211 1182//1182 1181//1181
f 1211//1211 1212//1212 1182//1182
f 1212//1212 1183//1183 1182//1182
f 1212//1212 1213//1213 1183//1183
f 1213//1213 1184//1184 1183//1183
f 1213//1213 1214//1214 1184//1184
f 1214//1214 1185//1185 1184//1184
f 1214//1214 1215//1215 1185//1185
f 1215//1215 1186//1186 1185//1185
f 1215//1215 1216//1216 1186//1186
f 1216//1216 1187//1187 1186//1186
f 1216//1216 1217//1217 1187//1187
f 1217//1217 1188//1188 1187//1187
f 1217//1217 1218//1218 1188//1188
f 1218//1218 1189//1189 1188//1188
f 1218//1218 1219//1219 1189//1189
f 1219//1219 1190//1190 1189//1189
f 1219//1219 1220//1220 1190//1190
f 1220//1220 1191//1191 1190//1190
f 1220//1220 1221//1221 1191//1191
f 1221//1221 1192//1192 1191//1191
f 1221//1221 1222//1222 1192//1192
f 1222//1222 1193//1193 1192//1192
f 1222//1222 1223//1223 1193//1193
f 1223//1223 1194//1194 1193//1193
f 1223//1223 1224//1224 1194//1194
f 1224//1224 1195//1195 1194//1194
f 1224//1224 1225//1225 1195//1195
f 1225//1225 1196//1196 1195//1195
f 1225//1225 1226//1226 1196//1196
f 1226//1226 1197//1197 1196//1196
f 1226//1226 1227//1227 1197//1197
f 1227//1227 1198//1198 1197//1197
f 1227//1227 1228//1228 1198//1198
f 1228//1228 1199//1199 1198//1198
f 1228//1228 1229//1229 1199//1199
f 1229//1229 1200//1200 1199//1199
f 1229//1229 1230//1230 1200//1200
f 1230//1230 1171//1171 1200//1200
f 1230//1230 1201//1201 1171//1171
f 1231//1231 1202//1202 1201//1201
f 1231//1231 1232//1232 1202//1202
f 1232//1232 1203//1203 1202//1202
f 1232//1232 1233//1233 1203//1203
f 1233//1233 1204//1204 1203//1203
f 1233//1233 1234//1234 1204//1204
f 1234//1234 1205//1205 1204//1204
f 1234//1234 1235//1235 1205//1205
f 1235//1235 1206//1206 1205//1205
f 1235//1235 1236//1236 1206//1206
f 1236//1236 1207//1207 1206//1206
f 1236//1236 1237//1237 1207//1207
f 1237//1237 1208//1208 1207//1207
f 1237//1237 1238//1238 1208//1208
f 1238//1238 1209//1209 1208//1208
f 1238//1238 1239//1239 1209//1209
f 1239//1239 1210//1210 1209//1209
f 1239//1239 1240//1240 1210//1210
f 1240//1240 1211//1211 1210//1210
f 1240//1240 1241//1241 1211//1211
f 1241//1241 1212//1212 1211//1211
f 1241//1241 1242//1242 1212//1212
f 1242//1242 1213//1213 1212//1212
f 1242//1242 1243//1243 1213//1213
f 1243//1243 1214//1214 1213//1213
f 1243//1243 1244//1244 1214//1214
f 1244//1244 1215//1215 1214//1214
f 1244//1244 1245//1245 1215//1215
f 1245//1245 1216//1216 1215//1215
f 1245//1245 1246//1246 1216//1216
f 1246//1246 1217//1217 1216//1216
f 1246//1246 1247//1247 1217//1217
f 1247//1247 1218//1218 1217//1217
f 1247//1247 1248//1248 1218//1218
f 1248//1248 1219//1219 1218//1218
f 1248//1248 1249//1249 1219//1219
f 1249//1249 1220//1220 1219//1219
f 1249//1249 1250//1250 1220//1220
f 1250//1250 1221//1221 1220//1220
f 1250//1250 1251//1251 1221//1221
f 1251//1251 1222//1222 1221//1221
f 1251//1251 1252//1252 1222//1222
f 1252//1252 1223//1223 1222//1222
f 1252//1252 1253//1253 1223//1223
f 1253//1253 1224//1224 1223//1223
f 1253//1253 1254//1254 1224//1224
f 1254//1254 1225//1225 1224//1224
f 1254//1254 1255//1255 1225//1225
f 1255//1255 1226//1226 1225//1225
f 1255//1255 1256//1256 1226//1226
f 1256//1256 1227//1227 1226//1226
f 1256//1256 1257//1257 1227//1227
f 1257//1257 1228//1228 1227//1227
f 1257//1257 1258//1258 1228//1228
f 1258//1258 1229//1229 1228//1228
f 1258//1258 1259//1259 1229//1229
f 1259//1259 1230//1230 1229//1229
f 1259//1259 1260//1260 1230//1230
f 1260//1260 1201//1201 1230//1230
f 1260//1260 1231//1231 1201//1201
f 2//2 1//1 632//632
f 3//3 2//2 633//633
f 4//4 3//3 634//634
f 5//5 4//4 635//635
f 6//6 5//5 636//636
f 7//7 6//6 637//637
f 8//8 7//7 638//638
f 9//9 8//8 639//639
f 10//10 9//9 640//640
f 11//11 10//10 641//641
f 12//12 11//11 642//642
f 13//13 12//12 643//643
f 14//14 13//13 644//644
f 15//15 14//14 645//645
f 16//16 15//15 646//646
f 17//17 16//16 647//647
f 18//18 17//17 648//648
f 19//19 18//18 649//649
f 20//20 19//19 650//650
f 21//21 20//20 651//651
f 22//22 21//21 652//652
f 23//23 22//22 653//653
f 24//24 23//23 654//654
f 25//25 24//24 655//655
f 26//26 25//25 656//656
f 27//27 26//26 657//657
f 28//28 27//27 658//658
f 29//29 28//28 659//659
f 30//30 29//29 660//660
f 1//1 30//30 631//631
f 1//1 631//631 632//632
f 2//2 632//632 633//633
f 3//3 633//633 634//634
f 4//4 634//634 635//635
f 5//5 635//635 636//636
f 6//6 636//636 637//637
f 7//7 637//637 638//638
f 8//8 638//638 639//639
f 9//9 639//639 640//640
f 10//10 640//640 641//641
f 11//11 641//641 642//642
f 12//12 642//642 643//643
f 13//13 643//643 644//644
f 14//14 644//644 645//645
f 15//15 645//645 646//646
f 16//16 646//646 647//647
f 17//17 647//647 648//648
f 18//18 648//648 649//649
f 19//19 649//649 650//650
f 20//20 650//650 651//651
f 21//21 651//651 652//652
f 22//22 652//652 653//653
f 23//23 653//653 654//654
f 24//24 654//654 655//655
f 25//25 655//655 656//656
f 26//26 656//656 657//657
f 27//27 657//657 658//658
f 28//28 658//658 659//659
f 29//29 659//659 660//660
f 30//30 660//660 631//631
