# Created by Open3D 
# object name: temp_object_634477841
# number of vertices: 1201
# number of triangles: 2400
v 0.0485721 -1.46101e-08 0.12429 0.8 0.8 0.8
vn -0.9906 0.0328078 0.132801
v 0.0475106 0.0100987 0.12429 0.8 0.8 0.8
vn -0.975774 -0.173866 0.132801
v 0.0443728 0.019756 0.12429 0.8 0.8 0.8
vn -0.918302 -0.372942 0.132801
v 0.0392956 0.0285499 0.12429 0.8 0.8 0.8
vn -0.820696 -0.555718 0.132801
v 0.0325011 0.0360961 0.12429 0.8 0.8 0.8
vn -0.687221 -0.714206 0.132801
v 0.024286 0.0420646 0.12429 0.8 0.8 0.8
vn -0.523712 -0.841481 0.132801
v 0.0150096 0.0461948 0.12429 0.8 0.8 0.8
vn -0.337314 -0.931978 0.132801
v 0.00507717 0.048306 0.12429 0.8 0.8 0.8
vn -0.136174 -0.981744 0.132801
v -0.00507716 0.048306 0.12429 0.8 0.8 0.8
vn 0.0709178 -0.988602 0.132801
v -0.0150096 0.0461948 0.12429 0.8 0.8 0.8
vn 0.27491 -0.952254 0.132801
v -0.024286 0.0420646 0.12429 0.8 0.8 0.8
vn 0.466887 -0.874288 0.132801
v -0.032501 0.0360961 0.12429 0.8 0.8 0.8
vn 0.63846 -0.758112 0.132801
v -0.0392956 0.0285499 0.12429 0.8 0.8 0.8
vn 0.782128 -0.608802 0.132801
v -0.0443728 0.019756 0.12429 0.8 0.8 0.8
vn 0.891614 -0.432885 0.132801
v -0.0475106 0.0100987 0.12429 0.8 0.8 0.8
vn 0.962132 -0.238048 0.132801
v -0.0485721 -1.46101e-08 0.12429 0.8 0.8 0.8
vn 0.9906 -0.0328078 0.132801
v -0.0475106 -0.0100987 0.12429 0.8 0.8 0.8
vn 0.975774 0.173866 0.132801
v -0.0443728 -0.019756 0.12429 0.8 0.8 0.8
vn 0.918302 0.372942 0.132801
v -0.0392956 -0.02855 0.12429 0.8 0.8 0.8
vn 0.820696 0.555718 0.132801
v -0.032501 -0.0360961 0.12429 0.8 0.8 0.8
vn 0.687221 0.714206 0.132801
v -0.024286 -0.0420646 0.12429 0.8 0.8 0.8
vn 0.523712 0.841481 0.132801
v -0.0150096 -0.0461948 0.12429 0.8 0.8 0.8
vn 0.337314 0.931978 0.132801
v -0.00507716 -0.048306 0.12429 0.8 0.8 0.8
vn 0.136174 0.981744 0.132801
v 0.00507717 -0.048306 0.12429 0.8 0.8 0.8
vn -0.0709178 0.988602 0.132801
v 0.0150096 -0.0461948 0.12429 0.8 0.8 0.8
vn -0.27491 0.952254 0.132801
v 0.024286 -0.0420646 0.12429 0.8 0.8 0.8
vn -0.466887 0.874288 0.132801
v 0.0325011 -0.0360961 0.12429 0.8 0.8 0.8
vn -0.63846 0.758112 0.132801
v 0.0392956 -0.02855 0.12429 0.8 0.8 0.8
vn -0.782128 0.608802 0.132801
v 0.0443728 -0.019756 0.12429 0.8 0.8 0.8
vn -0.891614 0.432885 0.132801
v 0.0475106 -0.0100987 0.12429 0.8 0.8 0.8
vn -0.962132 0.238048 0.132801
v 0.0446943 -1.46101e-08 0.0877948 0.8 0.8 0.8
vn -0.993538 -0.00804938 0.113212
v 0.0437177 0.00929246 0.0877948 0.8 0.8 0.8
vn -0.970154 -0.214442 0.113212
v 0.0408303 0.0181788 0.0877948 0.8 0.8 0.8
vn -0.904368 -0.411462 0.113212
v 0.0361585 0.0262707 0.0877948 0.8 0.8 0.8
vn -0.799058 -0.590499 0.113212
v 0.0299064 0.0332143 0.0877948 0.8 0.8 0.8
vn -0.658825 -0.743729 0.113212
v 0.0223472 0.0387064 0.0877948 0.8 0.8 0.8
vn -0.489798 -0.864454 0.113212
v 0.0138113 0.0425068 0.0877948 0.8 0.8 0.8
vn -0.299365 -0.947398 0.113212
v 0.00467184 0.0444495 0.0877948 0.8 0.8 0.8
vn -0.0958477 -0.988937 0.113212
v -0.00467182 0.0444495 0.0877948 0.8 0.8 0.8
vn 0.111858 -0.987254 0.113212
v -0.0138113 0.0425068 0.0877948 0.8 0.8 0.8
vn 0.314676 -0.942424 0.113212
v -0.0223472 0.0387064 0.0877948 0.8 0.8 0.8
vn 0.50374 -0.856405 0.113212
v -0.0299063 0.0332143 0.0877948 0.8 0.8 0.8
vn 0.670789 -0.732957 0.113212
v -0.0361585 0.0262707 0.0877948 0.8 0.8 0.8
vn 0.808521 -0.577475 0.113212
v -0.0408303 0.0181788 0.0877948 0.8 0.8 0.8
vn 0.910916 -0.396755 0.113212
v -0.0437177 0.00929246 0.0877948 0.8 0.8 0.8
vn 0.973501 -0.198695 0.113212
v -0.0446943 -1.46101e-08 0.0877948 0.8 0.8 0.8
vn 0.993538 0.00804938 0.113212
v -0.0437177 -0.00929249 0.0877948 0.8 0.8 0.8
vn 0.970154 0.214442 0.113212
v -0.0408303 -0.0181788 0.0877948 0.8 0.8 0.8
vn 0.904368 0.411462 0.113212
v -0.0361585 -0.0262707 0.0877948 0.8 0.8 0.8
vn 0.799058 0.590499 0.113212
v -0.0299063 -0.0332144 0.0877948 0.8 0.8 0.8
vn 0.658825 0.743729 0.113212
v -0.0223472 -0.0387064 0.0877948 0.8 0.8 0.8
vn 0.489798 0.864454 0.113212
v -0.0138113 -0.0425069 0.0877948 0.8 0.8 0.8
vn 0.299365 0.947398 0.113212
v -0.00467182 -0.0444495 0.0877948 0.8 0.8 0.8
vn 0.0958477 0.988937 0.113212
v 0.00467184 -0.0444495 0.0877948 0.8 0.8 0.8
vn -0.111858 0.987254 0.113212
v 0.0138113 -0.0425069 0.0877948 0.8 0.8 0.8
vn -0.314676 0.942424 0.113212
v 0.0223472 -0.0387064 0.0877948 0.8 0.8 0.8
vn -0.50374 0.856405 0.113212
v 0.0299064 -0.0332144 0.0877948 0.8 0.8 0.8
vn -0.670789 0.732957 0.113212
v 0.0361585 -0.0262707 0.0877948 0.8 0.8 0.8
vn -0.808521 0.577475 0.113212
v 0.0408303 -0.0181788 0.0877948 0.8 0.8 0.8
vn -0.910916 0.396755 0.113212
v 0.0437177 -0.00929249 0.0877948 0.8 0.8 0.8
vn -0.973501 0.198695 0.113212
v 0.0413288 -1.46101e-08 0.0608607 0.8 0.8 0.8
vn -0.990793 -0.00816638 0.135142
v 0.0404257 0.00859273 0.0608607 0.8 0.8 0.8
vn -0.967443 -0.213985 0.135142
v 0.0377558 0.0168099 0.0608607 0.8 0.8 0.8
vn -0.901812 -0.410452 0.135142
v 0.0334357 0.0242925 0.0608607 0.8 0.8 0.8
vn -0.796768 -0.58898 0.135142
v 0.0276544 0.0307133 0.0608607 0.8 0.8 0.8
vn -0.656901 -0.741767 0.135142
v 0.0206644 0.0357918 0.0608607 0.8 0.8 0.8
vn -0.488324 -0.862135 0.135142
v 0.0127713 0.039306 0.0608607 0.8 0.8 0.8
vn -0.298405 -0.944823 0.135142
v 0.00432004 0.0411024 0.0608607 0.8 0.8 0.8
vn -0.0954444 -0.986218 0.135142
v -0.00432003 0.0411024 0.0608607 0.8 0.8 0.8
vn 0.111688 -0.984511 0.135142
v -0.0127713 0.039306 0.0608607 0.8 0.8 0.8
vn 0.313938 -0.939776 0.135142
v -0.0206644 0.0357918 0.0608607 0.8 0.8 0.8
vn 0.502469 -0.853968 0.135142
v -0.0276544 0.0307133 0.0608607 0.8 0.8 0.8
vn 0.669038 -0.730838 0.135142
v -0.0334357 0.0242925 0.0608607 0.8 0.8 0.8
vn 0.806368 -0.575766 0.135142
v -0.0377557 0.0168099 0.0608607 0.8 0.8 0.8
vn 0.908456 -0.395531 0.135142
v -0.0404257 0.00859273 0.0608607 0.8 0.8 0.8
vn 0.970839 -0.198009 0.135142
v -0.0413288 -1.46101e-08 0.0608607 0.8 0.8 0.8
vn 0.990793 0.00816638 0.135142
v -0.0404257 -0.00859276 0.0608607 0.8 0.8 0.8
vn 0.967443 0.213985 0.135142
v -0.0377557 -0.01681 0.0608607 0.8 0.8 0.8
vn 0.901812 0.410452 0.135142
v -0.0334357 -0.0242925 0.0608607 0.8 0.8 0.8
vn 0.796768 0.58898 0.135142
v -0.0276544 -0.0307133 0.0608607 0.8 0.8 0.8
vn 0.656901 0.741767 0.135142
v -0.0206644 -0.0357918 0.0608607 0.8 0.8 0.8
vn 0.488324 0.862135 0.135142
v -0.0127713 -0.0393061 0.0608607 0.8 0.8 0.8
vn 0.298405 0.944823 0.135142
v -0.00432003 -0.0411024 0.0608607 0.8 0.8 0.8
vn 0.0954444 0.986218 0.135142
v 0.00432004 -0.0411024 0.0608607 0.8 0.8 0.8
vn -0.111688 0.984511 0.135142
v 0.0127713 -0.0393061 0.0608607 0.8 0.8 0.8
vn -0.313938 0.939776 0.135142
v 0.0206644 -0.0357918 0.0608607 0.8 0.8 0.8
vn -0.502469 0.853968 0.135142
v 0.0276544 -0.0307133 0.0608607 0.8 0.8 0.8
vn -0.669038 0.730838 0.135142
v 0.0334357 -0.0242925 0.0608607 0.8 0.8 0.8
vn -0.806368 0.575766 0.135142
v 0.0377558 -0.01681 0.0608607 0.8 0.8 0.8
vn -0.908456 0.395531 0.135142
v 0.0404257 -0.00859276 0.0608607 0.8 0.8 0.8
vn -0.970839 0.198009 0.135142
v 0.0383384 -1.46101e-08 0.0413149 0.8 0.8 0.8
vn -0.985798 -0.00835445 0.16773
v 0.0375006 0.00797098 0.0413149 0.8 0.8 0.8
vn -0.962519 -0.213131 0.16773
v 0.0350238 0.0155936 0.0413149 0.8 0.8 0.8
vn -0.897173 -0.408592 0.16773
v 0.0310164 0.0225347 0.0413149 0.8 0.8 0.8
vn -0.792616 -0.586196 0.16773
v 0.0256534 0.0284909 0.0413149 0.8 0.8 0.8
vn -0.653419 -0.738181 0.16773
v 0.0191692 0.033202 0.0413149 0.8 0.8 0.8
vn -0.485664 -0.857903 0.16773
v 0.0118472 0.0364619 0.0413149 0.8 0.8 0.8
vn -0.296683 -0.940131 0.16773
v 0.00400746 0.0381283 0.0413149 0.8 0.8 0.8
vn -0.0947352 -0.98127 0.16773
v -0.00400744 0.0381283 0.0413149 0.8 0.8 0.8
vn 0.111353 -0.979524 0.16773
v -0.0118472 0.0364619 0.0413149 0.8 0.8 0.8
vn 0.312574 -0.934967 0.16773
v -0.0191692 0.033202 0.0413149 0.8 0.8 0.8
vn 0.500134 -0.849548 0.16773
v -0.0256534 0.0284909 0.0413149 0.8 0.8 0.8
vn 0.665836 -0.727 0.16773
v -0.0310164 0.0225347 0.0413149 0.8 0.8 0.8
vn 0.802438 -0.572678 0.16773
v -0.0350238 0.0155936 0.0413149 0.8 0.8 0.8
vn 0.903969 -0.393328 0.16773
v -0.0375006 0.00797098 0.0413149 0.8 0.8 0.8
vn 0.965992 -0.196787 0.16773
v -0.0383384 -1.46101e-08 0.0413149 0.8 0.8 0.8
vn 0.985798 0.00835445 0.16773
v -0.0375006 -0.00797101 0.0413149 0.8 0.8 0.8
vn 0.962519 0.213131 0.16773
v -0.0350238 -0.0155936 0.0413149 0.8 0.8 0.8
vn 0.897173 0.408592 0.16773
v -0.0310164 -0.0225347 0.0413149 0.8 0.8 0.8
vn 0.792616 0.586196 0.16773
v -0.0256534 -0.028491 0.0413149 0.8 0.8 0.8
vn 0.653419 0.738181 0.16773
v -0.0191692 -0.033202 0.0413149 0.8 0.8 0.8
vn 0.485664 0.857903 0.16773
v -0.0118472 -0.036462 0.0413149 0.8 0.8 0.8
vn 0.296683 0.940131 0.16773
v -0.00400744 -0.0381284 0.0413149 0.8 0.8 0.8
vn 0.0947352 0.98127 0.16773
v 0.00400746 -0.0381284 0.0413149 0.8 0.8 0.8
vn -0.111353 0.979524 0.16773
v 0.0118472 -0.036462 0.0413149 0.8 0.8 0.8
vn -0.312574 0.934967 0.16773
v 0.0191692 -0.033202 0.0413149 0.8 0.8 0.8
vn -0.500134 0.849548 0.16773
v 0.0256534 -0.028491 0.0413149 0.8 0.8 0.8
vn -0.665836 0.727 0.16773
v 0.0310164 -0.0225347 0.0413149 0.8 0.8 0.8
vn -0.802438 0.572678 0.16773
v 0.0350238 -0.0155936 0.0413149 0.8 0.8 0.8
vn -0.903969 0.393328 0.16773
v 0.0375006 -0.00797101 0.0413149 0.8 0.8 0.8
vn -0.965992 0.196787 0.16773
v 0.0356177 -1.46101e-08 0.0273952 0.8 0.8 0.8
vn -0.976302 -0.00859375 0.216242
v 0.0348394 0.00740533 0.0273952 0.8 0.8 0.8
vn -0.953181 -0.211391 0.216242
v 0.0325384 0.014487 0.0273952 0.8 0.8 0.8
vn -0.888401 -0.404949 0.216242
v 0.0288153 0.0209356 0.0273952 0.8 0.8 0.8
vn -0.784794 -0.580808 0.216242
v 0.0238329 0.0264691 0.0273952 0.8 0.8 0.8
vn -0.646887 -0.731284 0.216242
v 0.0178089 0.0308458 0.0273952 0.8 0.8 0.8
vn -0.480709 -0.849799 0.216242
v 0.0110065 0.0338745 0.0273952 0.8 0.8 0.8
vn -0.293521 -0.931174 0.216242
v 0.00372307 0.0354226 0.0273952 0.8 0.8 0.8
vn -0.0935047 -0.971852 0.216242
v -0.00372306 0.0354226 0.0273952 0.8 0.8 0.8
vn 0.110598 -0.970055 0.216242
v -0.0110065 0.0338745 0.0273952 0.8 0.8 0.8
vn 0.309867 -0.925863 0.216242
v -0.0178089 0.0308458 0.0273952 0.8 0.8 0.8
vn 0.495593 -0.841205 0.216242
v -0.0238329 0.0264691 0.0273952 0.8 0.8 0.8
vn 0.65966 -0.719783 0.216242
v -0.0288153 0.0209356 0.0273952 0.8 0.8 0.8
vn 0.794896 -0.566903 0.216242
v -0.0325384 0.014487 0.0273952 0.8 0.8 0.8
vn 0.895392 -0.389247 0.216242
v -0.0348394 0.00740533 0.0273952 0.8 0.8 0.8
vn 0.956754 -0.194579 0.216242
v -0.0356177 -1.46101e-08 0.0273952 0.8 0.8 0.8
vn 0.976302 0.00859375 0.216242
v -0.0348394 -0.00740536 0.0273952 0.8 0.8 0.8
vn 0.953181 0.211391 0.216242
v -0.0325384 -0.014487 0.0273952 0.8 0.8 0.8
vn 0.888401 0.404949 0.216242
v -0.0288153 -0.0209356 0.0273952 0.8 0.8 0.8
vn 0.784794 0.580808 0.216242
v -0.0238329 -0.0264691 0.0273952 0.8 0.8 0.8
vn 0.646887 0.731284 0.216242
v -0.0178089 -0.0308459 0.0273952 0.8 0.8 0.8
vn 0.480709 0.849799 0.216242
v -0.0110065 -0.0338745 0.0273952 0.8 0.8 0.8
vn 0.293521 0.931174 0.216242
v -0.00372306 -0.0354226 0.0273952 0.8 0.8 0.8
vn 0.0935047 0.971852 0.216242
v 0.00372307 -0.0354226 0.0273952 0.8 0.8 0.8
vn -0.110598 0.970055 0.216242
v 0.0110065 -0.0338745 0.0273952 0.8 0.8 0.8
vn -0.309867 0.925863 0.216242
v 0.0178089 -0.0308459 0.0273952 0.8 0.8 0.8
vn -0.495593 0.841205 0.216242
v 0.0238329 -0.0264691 0.0273952 0.8 0.8 0.8
vn -0.65966 0.719783 0.216242
v 0.0288153 -0.0209356 0.0273952 0.8 0.8 0.8
vn -0.794896 0.566903 0.216242
v 0.0325384 -0.014487 0.0273952 0.8 0.8 0.8
vn -0.895392 0.389247 0.216242
v 0.0348394 -0.00740536 0.0273952 0.8 0.8 0.8
vn -0.956754 0.194579 0.216242
v 0.0330874 -1.46101e-08 0.0176898 0.8 0.8 0.8
vn -0.957531 -0.00883674 0.288196
v 0.0323643 0.00687924 0.0176898 0.8 0.8 0.8
vn -0.934769 -0.207725 0.288196
v 0.0302268 0.0134578 0.0176898 0.8 0.8 0.8
vn -0.871154 -0.397536 0.288196
v 0.0267683 0.0194483 0.0176898 0.8 0.8 0.8
vn -0.769465 -0.569972 0.288196
v 0.0221398 0.0245887 0.0176898 0.8 0.8 0.8
vn -0.634146 -0.717497 0.288196
v 0.0165437 0.0286545 0.0176898 0.8 0.8 0.8
vn -0.471113 -0.833664 0.288196
v 0.0102246 0.0314679 0.0176898 0.8 0.8 0.8
vn -0.287489 -0.913397 0.288196
v 0.00345858 0.0329061 0.0176898 0.8 0.8 0.8
vn -0.0913009 -0.953209 0.288196
v -0.00345857 0.0329061 0.0176898 0.8 0.8 0.8
vn 0.108878 -0.951362 0.288196
v -0.0102246 0.0314679 0.0176898 0.8 0.8 0.8
vn 0.304298 -0.907935 0.288196
v -0.0165437 0.0286545 0.0176898 0.8 0.8 0.8
vn 0.486418 -0.824828 0.288196
v -0.0221398 0.0245887 0.0176898 0.8 0.8 0.8
vn 0.64728 -0.705671 0.288196
v -0.0267682 0.0194483 0.0176898 0.8 0.8 0.8
vn 0.779853 -0.555673 0.288196
v -0.0302268 0.0134578 0.0176898 0.8 0.8 0.8
vn 0.878342 -0.38139 0.288196
v -0.0323643 0.00687924 0.0176898 0.8 0.8 0.8
vn 0.938444 -0.190438 0.288196
v -0.0330874 -1.46101e-08 0.0176898 0.8 0.8 0.8
vn 0.957531 0.00883674 0.288196
v -0.0323643 -0.00687927 0.0176898 0.8 0.8 0.8
vn 0.934769 0.207725 0.288196
v -0.0302268 -0.0134579 0.0176898 0.8 0.8 0.8
vn 0.871154 0.397536 0.288196
v -0.0267682 -0.0194483 0.0176898 0.8 0.8 0.8
vn 0.769465 0.569972 0.288196
v -0.0221398 -0.0245887 0.0176898 0.8 0.8 0.8
vn 0.634146 0.717497 0.288196
v -0.0165437 -0.0286545 0.0176898 0.8 0.8 0.8
vn 0.471113 0.833664 0.288196
v -0.0102246 -0.031468 0.0176898 0.8 0.8 0.8
vn 0.287489 0.913397 0.288196
v -0.00345857 -0.0329061 0.0176898 0.8 0.8 0.8
vn 0.0913009 0.953209 0.288196
v 0.00345858 -0.0329061 0.0176898 0.8 0.8 0.8
vn -0.108878 0.951362 0.288196
v 0.0102246 -0.031468 0.0176898 0.8 0.8 0.8
vn -0.304298 0.907935 0.288196
v 0.0165437 -0.0286545 0.0176898 0.8 0.8 0.8
vn -0.486418 0.824828 0.288196
v 0.0221398 -0.0245887 0.0176898 0.8 0.8 0.8
vn -0.64728 0.705671 0.288196
v 0.0267683 -0.0194483 0.0176898 0.8 0.8 0.8
vn -0.779853 0.555673 0.288196
v 0.0302268 -0.0134579 0.0176898 0.8 0.8 0.8
vn -0.878342 0.38139 0.288196
v 0.0323643 -0.00687927 0.0176898 0.8 0.8 0.8
vn -0.938444 0.190438 0.288196
v 0.0306883 -1.46101e-08 0.0110831 0.8 0.8 0.8
vn -0.919679 -0.00897598 0.392567
v 0.0300176 0.00638043 0.0110831 0.8 0.8 0.8
vn -0.897716 -0.199992 0.392567
v 0.0280351 0.012482 0.0110831 0.8 0.8 0.8
vn -0.836518 -0.382267 0.392567
v 0.0248273 0.0180381 0.0110831 0.8 0.8 0.8
vn -0.73876 -0.547836 0.392567
v 0.0205345 0.0228058 0.0110831 0.8 0.8 0.8
vn -0.608715 -0.689461 0.392567
v 0.0153441 0.0265768 0.0110831 0.8 0.8 0.8
vn -0.452066 -0.800954 0.392567
v 0.0094832 0.0291862 0.0110831 0.8 0.8 0.8
vn -0.27566 -0.877441 0.392567
v 0.0032078 0.0305201 0.0110831 0.8 0.8 0.8
vn -0.0872059 -0.91558 0.392567
v -0.00320779 0.0305201 0.0110831 0.8 0.8 0.8
vn 0.10506 -0.913703 0.392567
v -0.00948319 0.0291862 0.0110831 0.8 0.8 0.8
vn 0.292733 -0.871893 0.392567
v -0.0153441 0.0265768 0.0110831 0.8 0.8 0.8
vn 0.467613 -0.791978 0.392567
v -0.0205344 0.0228058 0.0110831 0.8 0.8 0.8
vn 0.622056 -0.677449 0.392567
v -0.0248273 0.0180381 0.0110831 0.8 0.8 0.8
vn 0.749312 -0.533312 0.392567
v -0.0280351 0.012482 0.0110831 0.8 0.8 0.8
vn 0.84382 -0.365867 0.392567
v -0.0300176 0.00638043 0.0110831 0.8 0.8 0.8
vn 0.901448 -0.182432 0.392567
v -0.0306882 -1.46101e-08 0.0110831 0.8 0.8 0.8
vn 0.919679 0.00897598 0.392567
v -0.0300176 -0.00638046 0.0110831 0.8 0.8 0.8
vn 0.897716 0.199992 0.392567
v -0.0280351 -0.0124821 0.0110831 0.8 0.8 0.8
vn 0.836518 0.382267 0.392567
v -0.0248273 -0.0180381 0.0110831 0.8 0.8 0.8
vn 0.73876 0.547836 0.392567
v -0.0205344 -0.0228058 0.0110831 0.8 0.8 0.8
vn 0.608715 0.689461 0.392567
v -0.0153441 -0.0265768 0.0110831 0.8 0.8 0.8
vn 0.452066 0.800954 0.392567
v -0.00948318 -0.0291863 0.0110831 0.8 0.8 0.8
vn 0.27566 0.877441 0.392567
v -0.00320779 -0.0305202 0.0110831 0.8 0.8 0.8
vn 0.0872059 0.91558 0.392567
v 0.0032078 -0.0305202 0.0110831 0.8 0.8 0.8
vn -0.10506 0.913703 0.392567
v 0.0094832 -0.0291863 0.0110831 0.8 0.8 0.8
vn -0.292733 0.871893 0.392567
v 0.0153441 -0.0265768 0.0110831 0.8 0.8 0.8
vn -0.467613 0.791978 0.392567
v 0.0205345 -0.0228058 0.0110831 0.8 0.8 0.8
vn -0.622056 0.677449 0.392567
v 0.0248273 -0.0180381 0.0110831 0.8 0.8 0.8
vn -0.749312 0.533312 0.392567
v 0.0280351 -0.0124821 0.0110831 0.8 0.8 0.8
vn -0.84382 0.365867 0.392567
v 0.0300176 -0.00638046 0.0110831 0.8 0.8 0.8
vn -0.901448 0.182432 0.392567
v 0.0283774 -1.46101e-08 0.00670727 0.8 0.8 0.8
vn -0.845355 -0.00879672 0.534133
v 0.0277572 0.00589997 0.00670727 0.8 0.8 0.8
vn -0.825053 -0.184364 0.534133
v 0.025924 0.0115421 0.00670727 0.8 0.8 0.8
vn -0.768692 -0.351873 0.534133
v 0.0229578 0.0166798 0.00670727 0.8 0.8 0.8
vn -0.678736 -0.504004 0.534133
v 0.0189882 0.0210885 0.00670727 0.8 0.8 0.8
vn -0.559116 -0.634107 0.534133
v 0.0141887 0.0245755 0.00670727 0.8 0.8 0.8
vn -0.415059 -0.736497 0.534133
v 0.00876909 0.0269884 0.00670727 0.8 0.8 0.8
vn -0.252863 -0.806699 0.534133
v 0.00296625 0.0282219 0.00670727 0.8 0.8 0.8
vn -0.0796151 -0.841643 0.534133
v -0.00296624 0.0282219 0.00670727 0.8 0.8 0.8
vn 0.0971122 -0.839804 0.534133
v -0.00876908 0.0269884 0.00670727 0.8 0.8 0.8
vn 0.269595 -0.801262 0.534133
v -0.0141887 0.0245755 0.00670727 0.8 0.8 0.8
vn 0.430296 -0.7277 0.534133
v -0.0189881 0.0210885 0.00670727 0.8 0.8 0.8
vn 0.57219 -0.622335 0.534133
v -0.0229578 0.0166798 0.00670727 0.8 0.8 0.8
vn 0.689077 -0.48977 0.534133
v -0.025924 0.0115421 0.00670727 0.8 0.8 0.8
vn 0.775848 -0.335801 0.534133
v -0.0277572 0.00589997 0.00670727 0.8 0.8 0.8
vn 0.828711 -0.167155 0.534133
v -0.0283773 -1.46101e-08 0.00670727 0.8 0.8 0.8
vn 0.845355 0.00879672 0.534133
v -0.0277572 -0.0059 0.00670727 0.8 0.8 0.8
vn 0.825053 0.184364 0.534133
v -0.025924 -0.0115421 0.00670727 0.8 0.8 0.8
vn 0.768692 0.351873 0.534133
v -0.0229578 -0.0166798 0.00670727 0.8 0.8 0.8
vn 0.678736 0.504004 0.534133
v -0.0189881 -0.0210885 0.00670727 0.8 0.8 0.8
vn 0.559116 0.634107 0.534133
v -0.0141887 -0.0245755 0.00670727 0.8 0.8 0.8
vn 0.415059 0.736497 0.534133
v -0.00876908 -0.0269885 0.00670727 0.8 0.8 0.8
vn 0.252863 0.806699 0.534133
v -0.00296623 -0.0282219 0.00670727 0.8 0.8 0.8
vn 0.0796151 0.841643 0.534133
v 0.00296625 -0.0282219 0.00670727 0.8 0.8 0.8
vn -0.0971122 0.839804 0.534133
v 0.00876909 -0.0269885 0.00670727 0.8 0.8 0.8
vn -0.269595 0.801262 0.534133
v 0.0141887 -0.0245755 0.00670727 0.8 0.8 0.8
vn -0.430296 0.7277 0.534133
v 0.0189882 -0.0210885 0.00670727 0.8 0.8 0.8
vn -0.57219 0.622335 0.534133
v 0.0229578 -0.0166798 0.00670727 0.8 0.8 0.8
vn -0.689077 0.48977 0.534133
v 0.025924 -0.0115421 0.00670727 0.8 0.8 0.8
vn -0.775848 0.335801 0.534133
v 0.0277572 -0.0059 0.00670727 0.8 0.8 0.8
vn -0.828711 0.167155 0.534133
v 0.0261241 -1.46101e-08 0.00389908 0.8 0.8 0.8
vn -0.715202 -0.0079975 0.698872
v 0.0255532 0.00543148 0.00389908 0.8 0.8 0.8
vn -0.697911 -0.156522 0.698872
v 0.0238655 0.0106256 0.00389908 0.8 0.8 0.8
vn -0.650117 -0.298205 0.698872
v 0.0211348 0.0153553 0.00389908 0.8 0.8 0.8
vn -0.57391 -0.426855 0.698872
v 0.0174804 0.0194139 0.00389908 0.8 0.8 0.8
vn -0.47262 -0.53685 0.698872
v 0.013062 0.0226241 0.00389908 0.8 0.8 0.8
vn -0.350675 -0.623382 0.698872
v 0.00807278 0.0248454 0.00389908 0.8 0.8 0.8
vn -0.213404 -0.682669 0.698872
v 0.00273071 0.0259809 0.00389908 0.8 0.8 0.8
vn -0.0668053 -0.71212 0.698872
v -0.0027307 0.0259809 0.00389908 0.8 0.8 0.8
vn 0.0827127 -0.710448 0.698872
v -0.00807277 0.0248454 0.00389908 0.8 0.8 0.8
vn 0.228616 -0.677726 0.698872
v -0.013062 0.0226241 0.00389908 0.8 0.8 0.8
vn 0.364527 -0.615385 0.698872
v -0.0174804 0.0194139 0.00389908 0.8 0.8 0.8
vn 0.484507 -0.526147 0.698872
v -0.0211348 0.0153553 0.00389908 0.8 0.8 0.8
vn 0.583312 -0.413915 0.698872
v -0.0238655 0.0106256 0.00389908 0.8 0.8 0.8
vn 0.656623 -0.283593 0.698872
v -0.0255532 0.00543148 0.00389908 0.8 0.8 0.8
vn 0.701236 -0.140876 0.698872
v -0.026124 -1.46101e-08 0.00389908 0.8 0.8 0.8
vn 0.715202 0.0079975 0.698872
v -0.0255532 -0.00543151 0.00389908 0.8 0.8 0.8
vn 0.697911 0.156522 0.698872
v -0.0238655 -0.0106256 0.00389908 0.8 0.8 0.8
vn 0.650117 0.298205 0.698872
v -0.0211348 -0.0153553 0.00389908 0.8 0.8 0.8
vn 0.57391 0.426855 0.698872
v -0.0174804 -0.019414 0.00389908 0.8 0.8 0.8
vn 0.47262 0.53685 0.698872
v -0.013062 -0.0226241 0.00389908 0.8 0.8 0.8
vn 0.350675 0.623382 0.698872
v -0.00807277 -0.0248455 0.00389908 0.8 0.8 0.8
vn 0.213404 0.682669 0.698872
v -0.0027307 -0.025981 0.00389908 0.8 0.8 0.8
vn 0.0668053 0.71212 0.698872
v 0.00273071 -0.025981 0.00389908 0.8 0.8 0.8
vn -0.0827127 0.710448 0.698872
v 0.00807278 -0.0248455 0.00389908 0.8 0.8 0.8
vn -0.228616 0.677726 0.698872
v 0.013062 -0.0226241 0.00389908 0.8 0.8 0.8
vn -0.364527 0.615385 0.698872
v 0.0174804 -0.019414 0.00389908 0.8 0.8 0.8
vn -0.484507 0.526147 0.698872
v 0.0211348 -0.0153553 0.00389908 0.8 0.8 0.8
vn -0.583312 0.413915 0.698872
v 0.0238655 -0.0106256 0.00389908 0.8 0.8 0.8
vn -0.656623 0.283593 0.698872
v 0.0255532 -0.00543151 0.00389908 0.8 0.8 0.8
vn -0.701236 0.140876 0.698872
v 0.0239071 -1.46101e-08 0.00216206 0.8 0.8 0.8
vn -0.53408 -0.00646842 0.845409
v 0.0233847 0.00497055 0.00216206 0.8 0.8 0.8
vn -0.521064 -0.117368 0.845409
v 0.0218402 0.00972389 0.00216206 0.8 0.8 0.8
vn -0.485275 -0.223139 0.845409
v 0.0193413 0.0140522 0.00216206 0.8 0.8 0.8
vn -0.428278 -0.319157 0.845409
v 0.015997 0.0177664 0.00216206 0.8 0.8 0.8
vn -0.352562 -0.401227 0.845409
v 0.0119536 0.0207042 0.00216206 0.8 0.8 0.8
vn -0.261438 -0.465761 0.845409
v 0.00738771 0.022737 0.00216206 0.8 0.8 0.8
vn -0.158888 -0.509939 0.845409
v 0.00249898 0.0237761 0.00216206 0.8 0.8 0.8
vn -0.0493935 -0.53183 0.845409
v -0.00249897 0.0237761 0.00216206 0.8 0.8 0.8
vn 0.0622595 -0.530478 0.845409
v -0.0073877 0.022737 0.00216206 0.8 0.8 0.8
vn 0.171192 -0.505941 0.845409
v -0.0119536 0.0207042 0.00216206 0.8 0.8 0.8
vn 0.272642 -0.459292 0.845409
v -0.015997 0.0177664 0.00216206 0.8 0.8 0.8
vn 0.362176 -0.39257 0.845409
v -0.0193413 0.0140522 0.00216206 0.8 0.8 0.8
vn 0.435882 -0.308691 0.845409
v -0.0218402 0.00972389 0.00216206 0.8 0.8 0.8
vn 0.490537 -0.211321 0.845409
v -0.0233847 0.00497055 0.00216206 0.8 0.8 0.8
vn 0.523754 -0.104714 0.845409
v -0.0239071 -1.46101e-08 0.00216206 0.8 0.8 0.8
vn 0.53408 0.00646842 0.845409
v -0.0233847 -0.00497058 0.00216206 0.8 0.8 0.8
vn 0.521064 0.117368 0.845409
v -0.0218402 -0.00972391 0.00216206 0.8 0.8 0.8
vn 0.485275 0.223139 0.845409
v -0.0193413 -0.0140523 0.00216206 0.8 0.8 0.8
vn 0.428278 0.319157 0.845409
v -0.015997 -0.0177665 0.00216206 0.8 0.8 0.8
vn 0.352562 0.401227 0.845409
v -0.0119536 -0.0207042 0.00216206 0.8 0.8 0.8
vn 0.261438 0.465761 0.845409
v -0.0073877 -0.022737 0.00216206 0.8 0.8 0.8
vn 0.158888 0.509939 0.845409
v -0.00249897 -0.0237762 0.00216206 0.8 0.8 0.8
vn 0.0493935 0.53183 0.845409
v 0.00249898 -0.0237762 0.00216206 0.8 0.8 0.8
vn -0.0622595 0.530478 0.845409
v 0.00738771 -0.022737 0.00216206 0.8 0.8 0.8
vn -0.171192 0.505941 0.845409
v 0.0119536 -0.0207042 0.00216206 0.8 0.8 0.8
vn -0.272642 0.459292 0.845409
v 0.015997 -0.0177665 0.00216206 0.8 0.8 0.8
vn -0.362176 0.39257 0.845409
v 0.0193413 -0.0140523 0.00216206 0.8 0.8 0.8
vn -0.435882 0.308691 0.845409
v 0.0218402 -0.00972391 0.00216206 0.8 0.8 0.8
vn -0.490537 0.211321 0.845409
v 0.0233847 -0.00497058 0.00216206 0.8 0.8 0.8
vn -0.523754 0.104714 0.845409
v 0.0217122 -1.46101e-08 0.00113331 0.8 0.8 0.8
vn -0.347497 -0.00459622 0.93767
v 0.0212378 0.00451421 0.00113331 0.8 0.8 0.8
vn -0.338947 -0.0767444 0.93767
v 0.0198351 0.00883115 0.00113331 0.8 0.8 0.8
vn -0.315584 -0.145538 0.93767
v 0.0175656 0.0127621 0.00113331 0.8 0.8 0.8
vn -0.278429 -0.207972 0.93767
v 0.0145283 0.0161353 0.00113331 0.8 0.8 0.8
vn -0.229105 -0.261316 0.93767
v 0.0108561 0.0188033 0.00113331 0.8 0.8 0.8
vn -0.169768 -0.303239 0.93767
v 0.00670946 0.0206496 0.00113331 0.8 0.8 0.8
vn -0.103011 -0.331909 0.93767
v 0.00226955 0.0215933 0.00113331 0.8 0.8 0.8
vn -0.0317522 -0.346073 0.93767
v -0.00226954 0.0215933 0.00113331 0.8 0.8 0.8
vn 0.0408943 -0.345112 0.93767
v -0.00670945 0.0206496 0.00113331 0.8 0.8 0.8
vn 0.111754 -0.329069 0.93767
v -0.0108561 0.0188033 0.00113331 0.8 0.8 0.8
vn 0.177729 -0.298643 0.93767
v -0.0145283 0.0161353 0.00113331 0.8 0.8 0.8
vn 0.235936 -0.255165 0.93767
v -0.0175656 0.0127621 0.00113331 0.8 0.8 0.8
vn 0.283832 -0.200535 0.93767
v -0.0198351 0.00883115 0.00113331 0.8 0.8 0.8
vn 0.319323 -0.137141 0.93767
v -0.0212378 0.00451421 0.00113331 0.8 0.8 0.8
vn 0.340859 -0.0677528 0.93767
v -0.0217122 -1.46101e-08 0.00113331 0.8 0.8 0.8
vn 0.347497 0.00459622 0.93767
v -0.0212378 -0.00451424 0.00113331 0.8 0.8 0.8
vn 0.338947 0.0767444 0.93767
v -0.0198351 -0.00883118 0.00113331 0.8 0.8 0.8
vn 0.315584 0.145538 0.93767
v -0.0175656 -0.0127622 0.00113331 0.8 0.8 0.8
vn 0.278429 0.207972 0.93767
v -0.0145283 -0.0161354 0.00113331 0.8 0.8 0.8
vn 0.229105 0.261316 0.93767
v -0.0108561 -0.0188034 0.00113331 0.8 0.8 0.8
vn 0.169768 0.303239 0.93767
v -0.00670945 -0.0206496 0.00113331 0.8 0.8 0.8
vn 0.103011 0.331909 0.93767
v -0.00226954 -0.0215933 0.00113331 0.8 0.8 0.8
vn 0.0317522 0.346073 0.93767
v 0.00226955 -0.0215933 0.00113331 0.8 0.8 0.8
vn -0.0408943 0.345112 0.93767
v 0.00670946 -0.0206496 0.00113331 0.8 0.8 0.8
vn -0.111754 0.329069 0.93767
v 0.0108561 -0.0188034 0.00113331 0.8 0.8 0.8
vn -0.177729 0.298643 0.93767
v 0.0145283 -0.0161354 0.00113331 0.8 0.8 0.8
vn -0.235936 0.255165 0.93767
v 0.0175656 -0.0127622 0.00113331 0.8 0.8 0.8
vn -0.283832 0.200535 0.93767
v 0.0198351 -0.00883118 0.00113331 0.8 0.8 0.8
vn -0.319323 0.137141 0.93767
v 0.0212378 -0.00451424 0.00113331 0.8 0.8 0.8
vn -0.340859 0.0677528 0.93767
v 0.0195301 -1.46101e-08 0.000554944 0.8 0.8 0.8
vn -0.200907 -0.00292838 0.979606
v 0.0191034 0.00406053 0.000554944 0.8 0.8 0.8
vn -0.195907 -0.0446352 0.979606
v 0.0178417 0.00794361 0.000554944 0.8 0.8 0.8
vn -0.182346 -0.0843912 0.979606
v 0.0158002 0.0114795 0.000554944 0.8 0.8 0.8
vn -0.160816 -0.120459 0.979606
v 0.0130682 0.0145137 0.000554944 0.8 0.8 0.8
vn -0.132256 -0.151262 0.979606
v 0.00976508 0.0169136 0.000554944 0.8 0.8 0.8
vn -0.0979172 -0.175454 0.979606
v 0.00603515 0.0185743 0.000554944 0.8 0.8 0.8
vn -0.0592985 -0.191978 0.979606
v 0.00204146 0.0194231 0.000554944 0.8 0.8 0.8
vn -0.0180881 -0.200112 0.979606
v -0.00204145 0.0194231 0.000554944 0.8 0.8 0.8
vn 0.0239128 -0.1995 0.979606
v -0.00603514 0.0185743 0.000554944 0.8 0.8 0.8
vn 0.0648686 -0.190169 0.979606
v -0.00976506 0.0169136 0.000554944 0.8 0.8 0.8
vn 0.102989 -0.172526 0.979606
v -0.0130682 0.0145137 0.000554944 0.8 0.8 0.8
vn 0.136609 -0.147343 0.979606
v -0.0158002 0.0114795 0.000554944 0.8 0.8 0.8
vn 0.164258 -0.115721 0.979606
v -0.0178417 0.00794361 0.000554944 0.8 0.8 0.8
vn 0.184728 -0.0790408 0.979606
v -0.0191034 0.00406053 0.000554944 0.8 0.8 0.8
vn 0.197125 -0.0389064 0.979606
v -0.0195301 -1.46101e-08 0.000554944 0.8 0.8 0.8
vn 0.200907 0.00292838 0.979606
v -0.0191034 -0.00406056 0.000554944 0.8 0.8 0.8
vn 0.195907 0.0446352 0.979606
v -0.0178417 -0.00794364 0.000554944 0.8 0.8 0.8
vn 0.182346 0.0843912 0.979606
v -0.0158002 -0.0114795 0.000554944 0.8 0.8 0.8
vn 0.160816 0.120459 0.979606
v -0.0130682 -0.0145137 0.000554944 0.8 0.8 0.8
vn 0.132256 0.151262 0.979606
v -0.00976506 -0.0169136 0.000554944 0.8 0.8 0.8
vn 0.0979172 0.175454 0.979606
v -0.00603514 -0.0185743 0.000554944 0.8 0.8 0.8
vn 0.0592985 0.191978 0.979606
v -0.00204145 -0.0194232 0.000554944 0.8 0.8 0.8
vn 0.0180881 0.200112 0.979606
v 0.00204146 -0.0194232 0.000554944 0.8 0.8 0.8
vn -0.0239128 0.1995 0.979606
v 0.00603515 -0.0185743 0.000554944 0.8 0.8 0.8
vn -0.0648686 0.190169 0.979606
v 0.00976508 -0.0169136 0.000554944 0.8 0.8 0.8
vn -0.102989 0.172526 0.979606
v 0.0130682 -0.0145137 0.000554944 0.8 0.8 0.8
vn -0.136609 0.147343 0.979606
v 0.0158002 -0.0114795 0.000554944 0.8 0.8 0.8
vn -0.164258 0.115721 0.979606
v 0.0178417 -0.00794364 0.000554944 0.8 0.8 0.8
vn -0.184728 0.0790408 0.979606
v 0.0191034 -0.00406056 0.000554944 0.8 0.8 0.8
vn -0.197125 0.0389064 0.979606
v 0.017355 -1.46101e-08 0.000249797 0.8 0.8 0.8
vn -0.10533 -0.00170925 0.994436
v 0.0169758 0.0036083 0.000249797 0.8 0.8 0.8
vn -0.102673 -0.0235713 0.994436
v 0.0158546 0.00705891 0.000249797 0.8 0.8 0.8
vn -0.0955288 -0.0444032 0.994436
v 0.0140405 0.010201 0.000249797 0.8 0.8 0.8
vn -0.0842093 -0.0632944 0.994436
v 0.0116128 0.0128973 0.000249797 0.8 0.8 0.8
vn -0.0692095 -0.0794194 0.994436
v 0.00867752 0.0150299 0.000249797 0.8 0.8 0.8
vn -0.0511849 -0.0920733 0.994436
v 0.005363 0.0165056 0.000249797 0.8 0.8 0.8
vn -0.0309232 -0.100703 0.994436
v 0.0018141 0.0172599 0.000249797 0.8 0.8 0.8
vn -0.00931012 -0.104932 0.994436
v -0.00181409 0.0172599 0.000249797 0.8 0.8 0.8
vn 0.0127099 -0.104575 0.994436
v -0.00536299 0.0165056 0.000249797 0.8 0.8 0.8
vn 0.0341744 -0.0996469 0.994436
v -0.00867751 0.0150299 0.000249797 0.8 0.8 0.8
vn 0.0541454 -0.0903641 0.994436
v -0.0116128 0.0128973 0.000249797 0.8 0.8 0.8
vn 0.0717499 -0.0771319 0.994436
v -0.0140405 0.010201 0.000249797 0.8 0.8 0.8
vn 0.0862187 -0.0605288 0.994436
v -0.0158546 0.00705891 0.000249797 0.8 0.8 0.8
vn 0.0969192 -0.0412802 0.994436
v -0.0169758 0.0036083 0.000249797 0.8 0.8 0.8
vn 0.103384 -0.0202275 0.994436
v -0.017355 -1.46101e-08 0.000249797 0.8 0.8 0.8
vn 0.10533 0.00170925 0.994436
v -0.0169758 -0.00360833 0.000249797 0.8 0.8 0.8
vn 0.102673 0.0235713 0.994436
v -0.0158546 -0.00705894 0.000249797 0.8 0.8 0.8
vn 0.0955288 0.0444032 0.994436
v -0.0140405 -0.010201 0.000249797 0.8 0.8 0.8
vn 0.0842093 0.0632944 0.994436
v -0.0116128 -0.0128973 0.000249797 0.8 0.8 0.8
vn 0.0692095 0.0794194 0.994436
v -0.00867751 -0.0150299 0.000249797 0.8 0.8 0.8
vn 0.0511849 0.0920733 0.994436
v -0.00536299 -0.0165056 0.000249797 0.8 0.8 0.8
vn 0.0309232 0.100703 0.994436
v -0.00181409 -0.01726 0.000249797 0.8 0.8 0.8
vn 0.00931012 0.104932 0.994436
v 0.0018141 -0.01726 0.000249797 0.8 0.8 0.8
vn -0.0127099 0.104575 0.994436
v 0.005363 -0.0165056 0.000249797 0.8 0.8 0.8
vn -0.0341744 0.0996469 0.994436
v 0.00867752 -0.0150299 0.000249797 0.8 0.8 0.8
vn -0.0541454 0.0903641 0.994436
v 0.0116128 -0.0128973 0.000249797 0.8 0.8 0.8
vn -0.0717499 0.0771319 0.994436
v 0.0140405 -0.010201 0.000249797 0.8 0.8 0.8
vn -0.0862187 0.0605288 0.994436
v 0.0158546 -0.00705894 0.000249797 0.8 0.8 0.8
vn -0.0969192 0.0412802 0.994436
v 0.0169758 -0.00360833 0.000249797 0.8 0.8 0.8
vn -0.103384 0.0202275 0.994436
v 0.0151835 -1.46101e-08 0.000101059 0.8 0.8 0.8
vn -0.0501979 -0.00091769 0.998739
v 0.0148517 0.00315681 0.000101059 0.8 0.8 0.8
vn -0.0489101 -0.0113344 0.998739
v 0.0138708 0.00617566 0.000101059 0.8 0.8 0.8
vn -0.0454848 -0.0212557 0.998739
v 0.0122837 0.0089246 0.000101059 0.8 0.8 0.8
vn -0.0400715 -0.030248 0.998739
v 0.0101597 0.0112835 0.000101059 0.8 0.8 0.8
vn -0.032907 -0.0379184 0.998739
v 0.00759174 0.0131493 0.000101059 0.8 0.8 0.8
vn -0.0243042 -0.0439315 0.998739
v 0.00469196 0.0144403 0.000101059 0.8 0.8 0.8
vn -0.0146392 -0.0480246 0.998739
v 0.00158711 0.0151003 0.000101059 0.8 0.8 0.8
vn -0.00433444 -0.0500188 0.998739
v -0.0015871 0.0151003 0.000101059 0.8 0.8 0.8
vn 0.00615977 -0.049827 0.998739
v -0.00469194 0.0144403 0.000101059 0.8 0.8 0.8
vn 0.0163848 -0.0474574 0.998739
v -0.00759173 0.0131493 0.000101059 0.8 0.8 0.8
vn 0.0258937 -0.0430138 0.998739
v -0.0101597 0.0112835 0.000101059 0.8 0.8 0.8
vn 0.0342709 -0.0366902 0.998739
v -0.0122837 0.0089246 0.000101059 0.8 0.8 0.8
vn 0.0411503 -0.0287631 0.998739
v -0.0138708 0.00617566 0.000101059 0.8 0.8 0.8
vn 0.0462313 -0.019579 0.998739
v -0.0148517 0.00315681 0.000101059 0.8 0.8 0.8
vn 0.0492917 -0.00953909 0.998739
v -0.0151835 -1.46101e-08 0.000101059 0.8 0.8 0.8
vn 0.0501979 0.00091769 0.998739
v -0.0148517 -0.00315684 0.000101059 0.8 0.8 0.8
vn 0.0489101 0.0113344 0.998739
v -0.0138708 -0.00617569 0.000101059 0.8 0.8 0.8
vn 0.0454848 0.0212557 0.998739
v -0.0122837 -0.00892463 0.000101059 0.8 0.8 0.8
vn 0.0400715 0.030248 0.998739
v -0.0101597 -0.0112835 0.000101059 0.8 0.8 0.8
vn 0.032907 0.0379184 0.998739
v -0.00759173 -0.0131493 0.000101059 0.8 0.8 0.8
vn 0.0243042 0.0439315 0.998739
v -0.00469194 -0.0144404 0.000101059 0.8 0.8 0.8
vn 0.0146392 0.0480246 0.998739
v -0.0015871 -0.0151003 0.000101059 0.8 0.8 0.8
vn 0.00433444 0.0500188 0.998739
v 0.00158711 -0.0151003 0.000101059 0.8 0.8 0.8
vn -0.00615977 0.049827 0.998739
v 0.00469196 -0.0144404 0.000101059 0.8 0.8 0.8
vn -0.0163848 0.0474574 0.998739
v 0.00759174 -0.0131493 0.000101059 0.8 0.8 0.8
vn -0.0258937 0.0430138 0.998739
v 0.0101597 -0.0112835 0.000101059 0.8 0.8 0.8
vn -0.0342709 0.0366902 0.998739
v 0.0122837 -0.00892463 0.000101059 0.8 0.8 0.8
vn -0.0411503 0.0287631 0.998739
v 0.0138708 -0.00617569 0.000101059 0.8 0.8 0.8
vn -0.0462313 0.019579 0.998739
v 0.0148517 -0.00315684 0.000101059 0.8 0.8 0.8
vn -0.0492917 0.00953909 0.998739
v 0.0130136 -1.46101e-08 3.55528e-05 0.8 0.8 0.8
vn -0.0214196 -0.000447308 0.99977
v 0.0127292 0.00270566 3.55528e-05 0.8 0.8 0.8
vn -0.0208586 -0.00489093 0.99977
v 0.0118885 0.00529309 3.55528e-05 0.8 0.8 0.8
vn -0.0193859 -0.00912079 0.99977
v 0.0105282 0.00764918 3.55528e-05 0.8 0.8 0.8
vn -0.0170659 -0.012952 0.99977
v 0.00870779 0.00967096 3.55528e-05 0.8 0.8 0.8
vn -0.0140001 -0.0162172 0.99977
v 0.0065068 0.0112701 3.55528e-05 0.8 0.8 0.8
vn -0.0103224 -0.0187736 0.99977
v 0.00402142 0.0123766 3.55528e-05 0.8 0.8 0.8
vn -0.00619362 -0.0205095 0.99977
v 0.0013603 0.0129423 3.55528e-05 0.8 0.8 0.8
vn -0.0017941 -0.0213491 0.99977
v -0.00136028 0.0129423 3.55528e-05 0.8 0.8 0.8
vn 0.00268382 -0.0212555 0.99977
v -0.00402141 0.0123766 3.55528e-05 0.8 0.8 0.8
vn 0.00704445 -0.0202331 0.99977
v -0.00650678 0.0112701 3.55528e-05 0.8 0.8 0.8
vn 0.0110972 -0.0183263 0.99977
v -0.00870778 0.00967096 3.55528e-05 0.8 0.8 0.8
vn 0.0146649 -0.0156186 0.99977
v -0.0105282 0.00764918 3.55528e-05 0.8 0.8 0.8
vn 0.0175918 -0.0122283 0.99977
v -0.0118885 0.00529309 3.55528e-05 0.8 0.8 0.8
vn 0.0197497 -0.00830351 0.99977
v -0.0127292 0.00270566 3.55528e-05 0.8 0.8 0.8
vn 0.0210446 -0.00401586 0.99977
v -0.0130136 -1.46101e-08 3.55528e-05 0.8 0.8 0.8
vn 0.0214196 0.000447308 0.99977
v -0.0127292 -0.00270569 3.55528e-05 0.8 0.8 0.8
vn 0.0208586 0.00489093 0.99977
v -0.0118885 -0.00529311 3.55528e-05 0.8 0.8 0.8
vn 0.0193859 0.00912079 0.99977
v -0.0105282 -0.00764921 3.55528e-05 0.8 0.8 0.8
vn 0.0170659 0.012952 0.99977
v -0.00870778 -0.00967099 3.55528e-05 0.8 0.8 0.8
vn 0.0140001 0.0162172 0.99977
v -0.00650678 -0.0112701 3.55528e-05 0.8 0.8 0.8
vn 0.0103224 0.0187736 0.99977
v -0.00402141 -0.0123767 3.55528e-05 0.8 0.8 0.8
vn 0.00619362 0.0205095 0.99977
v -0.00136028 -0.0129423 3.55528e-05 0.8 0.8 0.8
vn 0.0017941 0.0213491 0.99977
v 0.0013603 -0.0129423 3.55528e-05 0.8 0.8 0.8
vn -0.00268382 0.0212555 0.99977
v 0.00402142 -0.0123767 3.55528e-05 0.8 0.8 0.8
vn -0.00704445 0.0202331 0.99977
v 0.0065068 -0.0112701 3.55528e-05 0.8 0.8 0.8
vn -0.0110972 0.0183263 0.99977
v 0.00870779 -0.00967099 3.55528e-05 0.8 0.8 0.8
vn -0.0146649 0.0156186 0.99977
v 0.0105282 -0.00764921 3.55528e-05 0.8 0.8 0.8
vn -0.0175918 0.0122283 0.99977
v 0.0118885 -0.00529311 3.55528e-05 0.8 0.8 0.8
vn -0.0197497 0.00830351 0.99977
v 0.0127292 -0.00270569 3.55528e-05 0.8 0.8 0.8
vn -0.0210446 0.00401586 0.99977
v 0.0108444 -1.46101e-08 1.03338e-05 0.8 0.8 0.8
vn -0.00793386 -0.000192352 0.999969
v 0.0106074 0.00225466 1.03338e-05 0.8 0.8 0.8
vn -0.00772049 -0.00183769 0.999969
v 0.00990685 0.00441079 1.03338e-05 0.8 0.8 0.8
vn -0.0071697 -0.00340271 0.999969
v 0.0087733 0.00637416 1.03338e-05 0.8 0.8 0.8
vn -0.00630556 -0.00481902 0.999969
v 0.00725632 0.00805894 1.03338e-05 0.8 0.8 0.8
vn -0.00516584 -0.00602471 0.999969
v 0.0054222 0.0093915 1.03338e-05 0.8 0.8 0.8
vn -0.00380035 -0.0069671 0.999969
v 0.00335111 0.0103136 1.03338e-05 0.8 0.8 0.8
vn -0.00226876 -0.00760498 0.999969
v 0.00113355 0.010785 1.03338e-05 0.8 0.8 0.8
vn -0.000638015 -0.0079105 0.999969
v -0.00113354 0.010785 1.03338e-05 0.8 0.8 0.8
vn 0.00102061 -0.00787029 0.999969
v -0.00335109 0.0103136 1.03338e-05 0.8 0.8 0.8
vn 0.00263463 -0.0074861 0.999969
v -0.00542219 0.0093915 1.03338e-05 0.8 0.8 0.8
vn 0.00413351 -0.00677474 0.999969
v -0.00725631 0.00805894 1.03338e-05 0.8 0.8 0.8
vn 0.00545173 -0.00576729 0.999969
v -0.00877329 0.00637416 1.03338e-05 0.8 0.8 0.8
vn 0.00653169 -0.00450779 0.999969
v -0.00990684 0.00441079 1.03338e-05 0.8 0.8 0.8
vn 0.00732617 -0.00305127 0.999969
v -0.0106074 0.00225466 1.03338e-05 0.8 0.8 0.8
vn 0.00780047 -0.00146139 0.999969
v -0.0108444 -1.46101e-08 1.03338e-05 0.8 0.8 0.8
vn 0.00793386 0.000192352 0.999969
v -0.0106074 -0.00225469 1.03338e-05 0.8 0.8 0.8
vn 0.00772049 0.00183769 0.999969
v -0.00990683 -0.00441082 1.03338e-05 0.8 0.8 0.8
vn 0.0071697 0.00340271 0.999969
v -0.00877329 -0.00637419 1.03338e-05 0.8 0.8 0.8
vn 0.00630556 0.00481902 0.999969
v -0.00725631 -0.00805896 1.03338e-05 0.8 0.8 0.8
vn 0.00516584 0.00602471 0.999969
v -0.00542219 -0.00939153 1.03338e-05 0.8 0.8 0.8
vn 0.00380035 0.0069671 0.999969
v -0.00335109 -0.0103136 1.03338e-05 0.8 0.8 0.8
vn 0.00226876 0.00760498 0.999969
v -0.00113354 -0.010785 1.03338e-05 0.8 0.8 0.8
vn 0.000638015 0.0079105 0.999969
v 0.00113355 -0.010785 1.03338e-05 0.8 0.8 0.8
vn -0.00102061 0.00787029 0.999969
v 0.00335111 -0.0103136 1.03338e-05 0.8 0.8 0.8
vn -0.00263463 0.0074861 0.999969
v 0.0054222 -0.00939153 1.03338e-05 0.8 0.8 0.8
vn -0.00413351 0.00677474 0.999969
v 0.00725632 -0.00805896 1.03338e-05 0.8 0.8 0.8
vn -0.00545173 0.00576729 0.999969
v 0.0087733 -0.00637419 1.03338e-05 0.8 0.8 0.8
vn -0.00653169 0.00450779 0.999969
v 0.00990685 -0.00441082 1.03338e-05 0.8 0.8 0.8
vn -0.00732617 0.00305127 0.999969
v 0.0106074 -0.00225469 1.03338e-05 0.8 0.8 0.8
vn -0.00780047 0.00146139 0.999969
v 0.00867545 -1.46101e-08 2.27771e-06 0.8 0.8 0.8
vn -0.00242475 -6.9499e-05 0.999997
v 0.00848587 0.00180371 2.27771e-06 0.8 0.8 0.8
vn -0.00235732 -0.000572115 0.999997
v 0.00792542 0.00352861 2.27771e-06 0.8 0.8 0.8
vn -0.00218686 -0.00104973 0.999997
v 0.00701859 0.00509928 2.27771e-06 0.8 0.8 0.8
vn -0.00192082 -0.00148146 0.999997
v 0.00580501 0.0064471 2.27771e-06 0.8 0.8 0.8
vn -0.00157083 -0.00184845 0.999997
v 0.00433773 0.00751314 2.27771e-06 0.8 0.8 0.8
vn -0.00115219 -0.00213465 0.999997
v 0.00268087 0.00825082 2.27771e-06 0.8 0.8 0.8
vn -0.000683193 -0.00232755 0.999997
v 0.000906837 0.0086279 2.27771e-06 0.8 0.8 0.8
vn -0.000184338 -0.00241874 0.999997
v -0.000906825 0.0086279 2.27771e-06 0.8 0.8 0.8
vn 0.000322574 -0.00240421 0.999997
v -0.00268085 0.00825082 2.27771e-06 0.8 0.8 0.8
vn 0.000815388 -0.0022846 0.999997
v -0.00433772 0.00751314 2.27771e-06 0.8 0.8 0.8
vn 0.00127257 -0.00206515 0.999997
v -0.005805 0.0064471 2.27771e-06 0.8 0.8 0.8
vn 0.00167413 -0.00175544 0.999997
v -0.00701857 0.00509928 2.27771e-06 0.8 0.8 0.8
vn 0.00200252 -0.00136901 0.999997
v -0.00792541 0.00352861 2.27771e-06 0.8 0.8 0.8
vn 0.00224339 -0.000922746 0.999997
v -0.00848586 0.00180371 2.27771e-06 0.8 0.8 0.8
vn 0.00238622 -0.000436154 0.999997
v -0.00867544 -1.46101e-08 2.27771e-06 0.8 0.8 0.8
vn 0.00242475 6.9499e-05 0.999997
v -0.00848586 -0.00180374 2.27771e-06 0.8 0.8 0.8
vn 0.00235732 0.000572115 0.999997
v -0.00792541 -0.00352863 2.27771e-06 0.8 0.8 0.8
vn 0.00218686 0.00104973 0.999997
v -0.00701857 -0.00509931 2.27771e-06 0.8 0.8 0.8
vn 0.00192082 0.00148146 0.999997
v -0.005805 -0.00644712 2.27771e-06 0.8 0.8 0.8
vn 0.00157083 0.00184845 0.999997
v -0.00433772 -0.00751317 2.27771e-06 0.8 0.8 0.8
vn 0.00115219 0.00213465 0.999997
v -0.00268085 -0.00825085 2.27771e-06 0.8 0.8 0.8
vn 0.000683193 0.00232755 0.999997
v -0.000906825 -0.00862793 2.27771e-06 0.8 0.8 0.8
vn 0.000184338 0.00241874 0.999997
v 0.000906837 -0.00862793 2.27771e-06 0.8 0.8 0.8
vn -0.000322574 0.00240421 0.999997
v 0.00268087 -0.00825085 2.27771e-06 0.8 0.8 0.8
vn -0.000815388 0.0022846 0.999997
v 0.00433773 -0.00751317 2.27771e-06 0.8 0.8 0.8
vn -0.00127257 0.00206515 0.999997
v 0.00580501 -0.00644712 2.27771e-06 0.8 0.8 0.8
vn -0.00167413 0.00175544 0.999997
v 0.00701859 -0.00509931 2.27771e-06 0.8 0.8 0.8
vn -0.00200252 0.00136901 0.999997
v 0.00792542 -0.00352863 2.27771e-06 0.8 0.8 0.8
vn -0.00224339 0.000922746 0.999997
v 0.00848587 -0.00180374 2.27771e-06 0.8 0.8 0.8
vn -0.00238622 0.000436154 0.999997
v 0.00650658 -1.46101e-08 3.2418e-07 0.8 0.8 0.8
vn -0.000562573 -1.94039e-05 1
v 0.00636439 0.00135278 3.2418e-07 0.8 0.8 0.8
vn -0.000546245 -0.000135945 1
v 0.00594405 0.00264645 3.2418e-07 0.8 0.8 0.8
vn -0.000506044 -0.000246545 1
v 0.00526393 0.00382445 3.2418e-07 0.8 0.8 0.8
vn -0.000443726 -0.00034637 1
v 0.00435375 0.00483531 3.2418e-07 0.8 0.8 0.8
vn -0.000362015 -0.000431057 1
v 0.00325329 0.00563484 3.2418e-07 0.8 0.8 0.8
vn -0.000264482 -0.000496904 1
v 0.00201065 0.0061881 3.2418e-07 0.8 0.8 0.8
vn -0.00015539 -0.000541035 1
v 0.000680128 0.00647091 3.2418e-07 0.8 0.8 0.8
vn -3.95073e-05 -0.000561519 1
v -0.000680116 0.00647091 3.2418e-07 0.8 0.8 0.8
vn 7.81025e-05 -0.000557463 1
v -0.00201063 0.0061881 3.2418e-07 0.8 0.8 0.8
vn 0.000192299 -0.000529042 1
v -0.00325328 0.00563484 3.2418e-07 0.8 0.8 0.8
vn 0.000298091 -0.0004775 1
v -0.00435374 0.00483531 3.2418e-07 0.8 0.8 0.8
vn 0.000390855 -0.000405089 1
v -0.00526392 0.00382445 3.2418e-07 0.8 0.8 0.8
vn 0.000466536 -0.000314974 1
v -0.00594404 0.00264645 3.2418e-07 0.8 0.8 0.8
vn 0.000521828 -0.000211093 1
v -0.00636438 0.00135278 3.2418e-07 0.8 0.8 0.8
vn 0.000554314 -9.79856e-05 1
v -0.00650656 -1.46101e-08 3.2418e-07 0.8 0.8 0.8
vn 0.000562573 1.94039e-05 1
v -0.00636438 -0.00135281 3.2418e-07 0.8 0.8 0.8
vn 0.000546245 0.000135945 1
v -0.00594404 -0.00264647 3.2418e-07 0.8 0.8 0.8
vn 0.000506044 0.000246545 1
v -0.00526392 -0.00382448 3.2418e-07 0.8 0.8 0.8
vn 0.000443726 0.00034637 1
v -0.00435374 -0.00483534 3.2418e-07 0.8 0.8 0.8
vn 0.000362015 0.000431057 1
v -0.00325328 -0.00563487 3.2418e-07 0.8 0.8 0.8
vn 0.000264482 0.000496904 1
v -0.00201063 -0.00618813 3.2418e-07 0.8 0.8 0.8
vn 0.00015539 0.000541035 1
v -0.000680116 -0.00647094 3.2418e-07 0.8 0.8 0.8
vn 3.95073e-05 0.000561519 1
v 0.000680128 -0.00647094 3.2418e-07 0.8 0.8 0.8
vn -7.81025e-05 0.000557463 1
v 0.00201065 -0.00618813 3.2418e-07 0.8 0.8 0.8
vn -0.000192299 0.000529042 1
v 0.00325329 -0.00563487 3.2418e-07 0.8 0.8 0.8
vn -0.000298091 0.0004775 1
v 0.00435375 -0.00483534 3.2418e-07 0.8 0.8 0.8
vn -0.000390855 0.000405089 1
v 0.00526393 -0.00382448 3.2418e-07 0.8 0.8 0.8
vn -0.000466536 0.000314974 1
v 0.00594405 -0.00264647 3.2418e-07 0.8 0.8 0.8
vn -0.000521828 0.000211093 1
v 0.00636439 -0.00135281 3.2418e-07 0.8 0.8 0.8
vn -0.000554314 9.79856e-05 1
v 0.00433772 -1.46101e-08 2.07688e-08 0.8 0.8 0.8
vn -8.55586e-05 -3.59277e-06 1
v 0.00424293 0.000901846 2.07688e-08 0.8 0.8 0.8
vn -8.2942e-05 -2.13029e-05 1
v 0.0039627 0.00176429 2.07688e-08 0.8 0.8 0.8
vn -7.67004e-05 -3.8082e-05 1
v 0.00350929 0.00254963 2.07688e-08 0.8 0.8 0.8
vn -6.71066e-05 -5.31967e-05 1
v 0.0029025 0.00322353 2.07688e-08 0.8 0.8 0.8
vn -5.45799e-05 -6.59865e-05 1
v 0.00216886 0.00375655 2.07688e-08 0.8 0.8 0.8
vn -3.96679e-05 -7.58923e-05 1
v 0.00134043 0.00412539 2.07688e-08 0.8 0.8 0.8
vn -2.30221e-05 -8.24813e-05 1
v 0.00045342 0.00431393 2.07688e-08 0.8 0.8 0.8
vn -5.37023e-06 -8.54655e-05 1
v -0.000453408 0.00431393 2.07688e-08 0.8 0.8 0.8
vn 1.25164e-05 -8.47144e-05 1
v -0.00134042 0.00412539 2.07688e-08 0.8 0.8 0.8
vn 2.9856e-05 -8.02609e-05 1
v -0.00216885 0.00375655 2.07688e-08 0.8 0.8 0.8
vn 4.58907e-05 -7.22996e-05 1
v -0.00290249 0.00322353 2.07688e-08 0.8 0.8 0.8
vn 5.99198e-05 -6.11784e-05 1
v -0.00350928 0.00254963 2.07688e-08 0.8 0.8 0.8
vn 7.13302e-05 -4.73835e-05 1
v -0.00396269 0.00176429 2.07688e-08 0.8 0.8 0.8
vn 7.9623e-05 -3.15177e-05 1
v -0.00424292 0.000901846 2.07688e-08 0.8 0.8 0.8
vn 8.44359e-05 -1.42744e-05 1
v -0.00433771 -1.46101e-08 2.07688e-08 0.8 0.8 0.8
vn 8.55586e-05 3.59277e-06 1
v -0.00424292 -0.000901876 2.07688e-08 0.8 0.8 0.8
vn 8.2942e-05 2.13029e-05 1
v -0.00396269 -0.00176432 2.07688e-08 0.8 0.8 0.8
vn 7.67004e-05 3.8082e-05 1
v -0.00350928 -0.00254966 2.07688e-08 0.8 0.8 0.8
vn 6.71066e-05 5.31967e-05 1
v -0.00290249 -0.00322356 2.07688e-08 0.8 0.8 0.8
vn 5.45799e-05 6.59865e-05 1
v -0.00216885 -0.00375658 2.07688e-08 0.8 0.8 0.8
vn 3.96679e-05 7.58923e-05 1
v -0.00134042 -0.00412542 2.07688e-08 0.8 0.8 0.8
vn 2.30221e-05 8.24813e-05 1
v -0.000453408 -0.00431396 2.07688e-08 0.8 0.8 0.8
vn 5.37023e-06 8.54655e-05 1
v 0.00045342 -0.00431396 2.07688e-08 0.8 0.8 0.8
vn -1.25164e-05 8.47144e-05 1
v 0.00134043 -0.00412542 2.07688e-08 0.8 0.8 0.8
vn -2.9856e-05 8.02609e-05 1
v 0.00216886 -0.00375658 2.07688e-08 0.8 0.8 0.8
vn -4.58907e-05 7.22996e-05 1
v 0.0029025 -0.00322356 2.07688e-08 0.8 0.8 0.8
vn -5.99198e-05 6.11784e-05 1
v 0.00350929 -0.00254966 2.07688e-08 0.8 0.8 0.8
vn -7.13302e-05 4.73835e-05 1
v 0.0039627 -0.00176432 2.07688e-08 0.8 0.8 0.8
vn -7.9623e-05 3.15177e-05 1
v 0.00424293 -0.000901876 2.07688e-08 0.8 0.8 0.8
vn -8.44359e-05 1.42744e-05 1
v 0.00216886 -1.46101e-08 1.8937e-10 0.8 0.8 0.8
vn -6.35483e-06 -3.3243e-07 1
v 0.00212147 0.000450916 1.8937e-10 0.8 0.8 0.8
vn -6.14685e-06 -1.64641e-06 1
v 0.00198135 0.000882139 1.8937e-10 0.8 0.8 0.8
vn -5.67022e-06 -2.88843e-06 1
v 0.00175465 0.00127481 1.8937e-10 0.8 0.8 0.8
vn -4.94577e-06 -4.00422e-06 1
v 0.00145125 0.00161176 1.8937e-10 0.8 0.8 0.8
vn -4.00517e-06 -4.945e-06 1
v 0.00108443 0.00187827 1.8937e-10 0.8 0.8 0.8
vn -2.88952e-06 -5.66966e-06 1
v 0.000670219 0.00206269 1.8937e-10 0.8 0.8 0.8
vn -1.64759e-06 -6.14653e-06 1
v 0.000226713 0.00215696 1.8937e-10 0.8 0.8 0.8
vn -3.33652e-07 -6.35477e-06 1
v -0.000226701 0.00215696 1.8937e-10 0.8 0.8 0.8
vn 9.9487e-07 -6.28527e-06 1
v -0.000670207 0.00206269 1.8937e-10 0.8 0.8 0.8
vn 2.27991e-06 -5.94108e-06 1
v -0.00108442 0.00187827 1.8937e-10 0.8 0.8 0.8
vn 3.46531e-06 -5.33723e-06 1
v -0.00145124 0.00161176 1.8937e-10 0.8 0.8 0.8
vn 4.49926e-06 -4.50012e-06 1
v -0.00175464 0.00127481 1.8937e-10 0.8 0.8 0.8
vn 5.33657e-06 -3.46634e-06 1
v -0.00198134 0.000882139 1.8937e-10 0.8 0.8 0.8
vn 5.94064e-06 -2.28105e-06 1
v -0.00212146 0.000450916 1.8937e-10 0.8 0.8 0.8
vn 6.28508e-06 -9.96078e-07 1
v -0.00216885 -1.46101e-08 1.8937e-10 0.8 0.8 0.8
vn 6.35483e-06 3.3243e-07 1
v -0.00212146 -0.000450945 1.8937e-10 0.8 0.8 0.8
vn 6.14685e-06 1.64641e-06 1
v -0.00198134 -0.000882168 1.8937e-10 0.8 0.8 0.8
vn 5.67022e-06 2.88843e-06 1
v -0.00175464 -0.00127484 1.8937e-10 0.8 0.8 0.8
vn 4.94577e-06 4.00422e-06 1
v -0.00145124 -0.00161179 1.8937e-10 0.8 0.8 0.8
vn 4.00517e-06 4.945e-06 1
v -0.00108442 -0.0018783 1.8937e-10 0.8 0.8 0.8
vn 2.88952e-06 5.66966e-06 1
v -0.000670207 -0.00206272 1.8937e-10 0.8 0.8 0.8
vn 1.64759e-06 6.14653e-06 1
v -0.000226701 -0.00215699 1.8937e-10 0.8 0.8 0.8
vn 3.33652e-07 6.35477e-06 1
v 0.000226713 -0.00215699 1.8937e-10 0.8 0.8 0.8
vn -9.9487e-07 6.28527e-06 1
v 0.000670219 -0.00206272 1.8937e-10 0.8 0.8 0.8
vn -2.27991e-06 5.94108e-06 1
v 0.00108443 -0.0018783 1.8937e-10 0.8 0.8 0.8
vn -3.46531e-06 5.33723e-06 1
v 0.00145125 -0.00161179 1.8937e-10 0.8 0.8 0.8
vn -4.49926e-06 4.50012e-06 1
v 0.00175465 -0.00127484 1.8937e-10 0.8 0.8 0.8
vn -5.33657e-06 3.46634e-06 1
v 0.00198135 -0.000882168 1.8937e-10 0.8 0.8 0.8
vn -5.94064e-06 2.28105e-06 1
v 0.00212147 -0.000450945 1.8937e-10 0.8 0.8 0.8
vn -6.28508e-06 9.96078e-07 1
v 6.05757e-09 -1.46101e-08 -4.80171e-15 0.8 0.8 0.8
vn 3.76158e-23 -2.16475e-22 -1
v 0.0495533 -1.46101e-08 0.12429 0.8 0.8 0.8
vn 0.996196 -0.0329931 -0.0806514
v 0.0484705 0.0103027 0.12429 0.8 0.8 0.8
vn 0.981287 0.174849 -0.0806514
v 0.0452692 0.0201551 0.12429 0.8 0.8 0.8
vn 0.92349 0.375049 -0.0806514
v 0.0400895 0.0291267 0.12429 0.8 0.8 0.8
vn 0.825333 0.558857 -0.0806514
v 0.0331576 0.0368253 0.12429 0.8 0.8 0.8
vn 0.691104 0.718241 -0.0806514
v 0.0247767 0.0429144 0.12429 0.8 0.8 0.8
vn 0.526671 0.846235 -0.0806514
v 0.0153128 0.047128 0.12429 0.8 0.8 0.8
vn 0.33922 0.937243 -0.0806514
v 0.00517974 0.0492818 0.12429 0.8 0.8 0.8
vn 0.136943 0.98729 -0.0806514
v -0.00517973 0.0492818 0.12429 0.8 0.8 0.8
vn -0.0713185 0.994188 -0.0806514
v -0.0153128 0.047128 0.12429 0.8 0.8 0.8
vn -0.276463 0.957634 -0.0806514
v -0.0247767 0.0429144 0.12429 0.8 0.8 0.8
vn -0.469525 0.879228 -0.0806514
v -0.0331576 0.0368253 0.12429 0.8 0.8 0.8
vn -0.642067 0.762395 -0.0806514
v -0.0400895 0.0291267 0.12429 0.8 0.8 0.8
vn -0.786547 0.612241 -0.0806514
v -0.0452692 0.0201551 0.12429 0.8 0.8 0.8
vn -0.896651 0.43533 -0.0806514
v -0.0484704 0.0103027 0.12429 0.8 0.8 0.8
vn -0.967567 0.239393 -0.0806514
v -0.0495533 -1.46101e-08 0.12429 0.8 0.8 0.8
vn -0.996196 0.0329931 -0.0806514
v -0.0484704 -0.0103027 0.12429 0.8 0.8 0.8
vn -0.981287 -0.174849 -0.0806514
v -0.0452692 -0.0201552 0.12429 0.8 0.8 0.8
vn -0.92349 -0.375049 -0.0806514
v -0.0400895 -0.0291267 0.12429 0.8 0.8 0.8
vn -0.825333 -0.558857 -0.0806514
v -0.0331576 -0.0368253 0.12429 0.8 0.8 0.8
vn -0.691104 -0.718241 -0.0806514
v -0.0247766 -0.0429144 0.12429 0.8 0.8 0.8
vn -0.526671 -0.846235 -0.0806514
v -0.0153128 -0.047128 0.12429 0.8 0.8 0.8
vn -0.33922 -0.937243 -0.0806514
v -0.00517973 -0.0492819 0.12429 0.8 0.8 0.8
vn -0.136943 -0.98729 -0.0806514
v 0.00517974 -0.0492819 0.12429 0.8 0.8 0.8
vn 0.0713185 -0.994188 -0.0806514
v 0.0153128 -0.047128 0.12429 0.8 0.8 0.8
vn 0.276463 -0.957634 -0.0806514
v 0.0247767 -0.0429144 0.12429 0.8 0.8 0.8
vn 0.469525 -0.879228 -0.0806514
v 0.0331576 -0.0368253 0.12429 0.8 0.8 0.8
vn 0.642067 -0.762395 -0.0806514
v 0.0400895 -0.0291267 0.12429 0.8 0.8 0.8
vn 0.786547 -0.612241 -0.0806514
v 0.0452692 -0.0201552 0.12429 0.8 0.8 0.8
vn 0.896651 -0.43533 -0.0806514
v 0.0484705 -0.0103027 0.12429 0.8 0.8 0.8
vn 0.967567 -0.239393 -0.0806514
v 0.0455973 -1.46101e-08 0.0877948 0.8 0.8 0.8
vn 0.993279 0.00804728 -0.115469
v 0.0446008 0.00948019 0.0877948 0.8 0.8 0.8
vn 0.9699 0.214386 -0.115469
v 0.0416552 0.0185461 0.0877948 0.8 0.8 0.8
vn 0.904132 0.411354 -0.115469
v 0.036889 0.0268014 0.0877948 0.8 0.8 0.8
vn 0.798849 0.590345 -0.115469
v 0.0305105 0.0338853 0.0877948 0.8 0.8 0.8
vn 0.658653 0.743534 -0.115469
v 0.0227986 0.0394884 0.0877948 0.8 0.8 0.8
vn 0.48967 0.864228 -0.115469
v 0.0140903 0.0433655 0.0877948 0.8 0.8 0.8
vn 0.299287 0.947151 -0.115469
v 0.00476622 0.0453474 0.0877948 0.8 0.8 0.8
vn 0.0958227 0.988678 -0.115469
v -0.00476621 0.0453474 0.0877948 0.8 0.8 0.8
vn -0.111829 0.986996 -0.115469
v -0.0140903 0.0433655 0.0877948 0.8 0.8 0.8
vn -0.314593 0.942177 -0.115469
v -0.0227986 0.0394884 0.0877948 0.8 0.8 0.8
vn -0.503608 0.856181 -0.115469
v -0.0305105 0.0338853 0.0877948 0.8 0.8 0.8
vn -0.670613 0.732765 -0.115469
v -0.0368889 0.0268014 0.0877948 0.8 0.8 0.8
vn -0.808309 0.577324 -0.115469
v -0.0416552 0.0185461 0.0877948 0.8 0.8 0.8
vn -0.910678 0.396651 -0.115469
v -0.0446008 0.00948019 0.0877948 0.8 0.8 0.8
vn -0.973246 0.198643 -0.115469
v -0.0455972 -1.46101e-08 0.0877948 0.8 0.8 0.8
vn -0.993279 -0.00804728 -0.115469
v -0.0446008 -0.00948022 0.0877948 0.8 0.8 0.8
vn -0.9699 -0.214386 -0.115469
v -0.0416552 -0.0185461 0.0877948 0.8 0.8 0.8
vn -0.904132 -0.411354 -0.115469
v -0.0368889 -0.0268014 0.0877948 0.8 0.8 0.8
vn -0.798849 -0.590345 -0.115469
v -0.0305105 -0.0338854 0.0877948 0.8 0.8 0.8
vn -0.658653 -0.743534 -0.115469
v -0.0227986 -0.0394884 0.0877948 0.8 0.8 0.8
vn -0.48967 -0.864228 -0.115469
v -0.0140903 -0.0433656 0.0877948 0.8 0.8 0.8
vn -0.299287 -0.947151 -0.115469
v -0.0047662 -0.0453475 0.0877948 0.8 0.8 0.8
vn -0.0958227 -0.988678 -0.115469
v 0.00476622 -0.0453475 0.0877948 0.8 0.8 0.8
vn 0.111829 -0.986996 -0.115469
v 0.0140903 -0.0433656 0.0877948 0.8 0.8 0.8
vn 0.314593 -0.942177 -0.115469
v 0.0227986 -0.0394884 0.0877948 0.8 0.8 0.8
vn 0.503608 -0.856181 -0.115469
v 0.0305105 -0.0338854 0.0877948 0.8 0.8 0.8
vn 0.670613 -0.732765 -0.115469
v 0.036889 -0.0268014 0.0877948 0.8 0.8 0.8
vn 0.808309 -0.577324 -0.115469
v 0.0416552 -0.0185461 0.0877948 0.8 0.8 0.8
vn 0.910678 -0.396651 -0.115469
v 0.0446008 -0.00948022 0.0877948 0.8 0.8 0.8
vn 0.973246 -0.198643 -0.115469
v 0.0421637 -1.46101e-08 0.0608607 0.8 0.8 0.8
vn 0.990424 0.00816334 -0.137821
v 0.0412424 0.00876632 0.0608607 0.8 0.8 0.8
vn 0.967083 0.213906 -0.137821
v 0.0385185 0.0171495 0.0608607 0.8 0.8 0.8
vn 0.901477 0.410299 -0.137821
v 0.0341112 0.0247832 0.0608607 0.8 0.8 0.8
vn 0.796471 0.588761 -0.137821
v 0.0282131 0.0313337 0.0608607 0.8 0.8 0.8
vn 0.656656 0.74149 -0.137821
v 0.0210819 0.0365149 0.0608607 0.8 0.8 0.8
vn 0.488142 0.861814 -0.137821
v 0.0130293 0.0401001 0.0608607 0.8 0.8 0.8
vn 0.298294 0.944471 -0.137821
v 0.00440732 0.0419327 0.0608607 0.8 0.8 0.8
vn 0.0954088 0.985851 -0.137821
v -0.00440731 0.0419327 0.0608607 0.8 0.8 0.8
vn -0.111646 0.984145 -0.137821
v -0.0130293 0.0401001 0.0608607 0.8 0.8 0.8
vn -0.313822 0.939426 -0.137821
v -0.0210819 0.0365149 0.0608607 0.8 0.8 0.8
vn -0.502281 0.85365 -0.137821
v -0.028213 0.0313337 0.0608607 0.8 0.8 0.8
vn -0.668789 0.730566 -0.137821
v -0.0341112 0.0247832 0.0608607 0.8 0.8 0.8
vn -0.806068 0.575552 -0.137821
v -0.0385185 0.0171495 0.0608607 0.8 0.8 0.8
vn -0.908117 0.395384 -0.137821
v -0.0412424 0.00876632 0.0608607 0.8 0.8 0.8
vn -0.970478 0.197936 -0.137821
v -0.0421637 -1.46101e-08 0.0608607 0.8 0.8 0.8
vn -0.990424 -0.00816334 -0.137821
v -0.0412424 -0.00876635 0.0608607 0.8 0.8 0.8
vn -0.967083 -0.213906 -0.137821
v -0.0385185 -0.0171496 0.0608607 0.8 0.8 0.8
vn -0.901477 -0.410299 -0.137821
v -0.0341112 -0.0247832 0.0608607 0.8 0.8 0.8
vn -0.796471 -0.588761 -0.137821
v -0.028213 -0.0313338 0.0608607 0.8 0.8 0.8
vn -0.656656 -0.74149 -0.137821
v -0.0210819 -0.0365149 0.0608607 0.8 0.8 0.8
vn -0.488142 -0.861814 -0.137821
v -0.0130293 -0.0401001 0.0608607 0.8 0.8 0.8
vn -0.298294 -0.944471 -0.137821
v -0.0044073 -0.0419328 0.0608607 0.8 0.8 0.8
vn -0.0954088 -0.985851 -0.137821
v 0.00440732 -0.0419328 0.0608607 0.8 0.8 0.8
vn 0.111646 -0.984145 -0.137821
v 0.0130293 -0.0401001 0.0608607 0.8 0.8 0.8
vn 0.313822 -0.939426 -0.137821
v 0.0210819 -0.0365149 0.0608607 0.8 0.8 0.8
vn 0.502281 -0.85365 -0.137821
v 0.0282131 -0.0313338 0.0608607 0.8 0.8 0.8
vn 0.668789 -0.730566 -0.137821
v 0.0341112 -0.0247832 0.0608607 0.8 0.8 0.8
vn 0.806068 -0.575552 -0.137821
v 0.0385185 -0.0171496 0.0608607 0.8 0.8 0.8
vn 0.908117 -0.395384 -0.137821
v 0.0412424 -0.00876635 0.0608607 0.8 0.8 0.8
vn 0.970478 -0.197936 -0.137821
v 0.0391129 -1.46101e-08 0.0413149 0.8 0.8 0.8
vn 0.985232 0.00834966 -0.171021
v 0.0382582 0.00813201 0.0413149 0.8 0.8 0.8
vn 0.961966 0.213008 -0.171021
v 0.0357314 0.0159086 0.0413149 0.8 0.8 0.8
vn 0.896658 0.408358 -0.171021
v 0.031643 0.02299 0.0413149 0.8 0.8 0.8
vn 0.792162 0.58586 -0.171021
v 0.0261716 0.0290665 0.0413149 0.8 0.8 0.8
vn 0.653044 0.737757 -0.171021
v 0.0195564 0.0338727 0.0413149 0.8 0.8 0.8
vn 0.485385 0.857411 -0.171021
v 0.0120865 0.0371985 0.0413149 0.8 0.8 0.8
vn 0.296512 0.939592 -0.171021
v 0.00408841 0.0388986 0.0413149 0.8 0.8 0.8
vn 0.0946809 0.980708 -0.171021
v -0.0040884 0.0388986 0.0413149 0.8 0.8 0.8
vn -0.111289 0.978962 -0.171021
v -0.0120865 0.0371985 0.0413149 0.8 0.8 0.8
vn -0.312394 0.934431 -0.171021
v -0.0195564 0.0338727 0.0413149 0.8 0.8 0.8
vn -0.499847 0.849061 -0.171021
v -0.0261716 0.0290665 0.0413149 0.8 0.8 0.8
vn -0.665454 0.726583 -0.171021
v -0.031643 0.02299 0.0413149 0.8 0.8 0.8
vn -0.801977 0.57235 -0.171021
v -0.0357314 0.0159086 0.0413149 0.8 0.8 0.8
vn -0.90345 0.393102 -0.171021
v -0.0382582 0.00813201 0.0413149 0.8 0.8 0.8
vn -0.965438 0.196674 -0.171021
v -0.0391129 -1.46101e-08 0.0413149 0.8 0.8 0.8
vn -0.985232 -0.00834966 -0.171021
v -0.0382582 -0.00813204 0.0413149 0.8 0.8 0.8
vn -0.961966 -0.213008 -0.171021
v -0.0357314 -0.0159087 0.0413149 0.8 0.8 0.8
vn -0.896658 -0.408358 -0.171021
v -0.031643 -0.02299 0.0413149 0.8 0.8 0.8
vn -0.792162 -0.58586 -0.171021
v -0.0261716 -0.0290665 0.0413149 0.8 0.8 0.8
vn -0.653044 -0.737757 -0.171021
v -0.0195564 -0.0338728 0.0413149 0.8 0.8 0.8
vn -0.485385 -0.857411 -0.171021
v -0.0120865 -0.0371986 0.0413149 0.8 0.8 0.8
vn -0.296512 -0.939592 -0.171021
v -0.0040884 -0.0388986 0.0413149 0.8 0.8 0.8
vn -0.0946809 -0.980708 -0.171021
v 0.00408841 -0.0388986 0.0413149 0.8 0.8 0.8
vn 0.111289 -0.978962 -0.171021
v 0.0120865 -0.0371986 0.0413149 0.8 0.8 0.8
vn 0.312394 -0.934431 -0.171021
v 0.0195564 -0.0338728 0.0413149 0.8 0.8 0.8
vn 0.499847 -0.849061 -0.171021
v 0.0261716 -0.0290665 0.0413149 0.8 0.8 0.8
vn 0.665454 -0.726583 -0.171021
v 0.031643 -0.02299 0.0413149 0.8 0.8 0.8
vn 0.801977 -0.57235 -0.171021
v 0.0357314 -0.0159087 0.0413149 0.8 0.8 0.8
vn 0.90345 -0.393102 -0.171021
v 0.0382582 -0.00813204 0.0413149 0.8 0.8 0.8
vn 0.965438 -0.196674 -0.171021
v 0.0363373 -1.46101e-08 0.0273952 0.8 0.8 0.8
vn 0.975372 0.00858556 -0.2204
v 0.0355432 0.00755493 0.0273952 0.8 0.8 0.8
vn 0.952272 0.211189 -0.2204
v 0.0331958 0.0147797 0.0273952 0.8 0.8 0.8
vn 0.887554 0.404563 -0.2204
v 0.0293975 0.0213585 0.0273952 0.8 0.8 0.8
vn 0.784046 0.580255 -0.2204
v 0.0243144 0.0270038 0.0273952 0.8 0.8 0.8
vn 0.646271 0.730587 -0.2204
v 0.0181686 0.031469 0.0273952 0.8 0.8 0.8
vn 0.480251 0.848989 -0.2204
v 0.0112288 0.0345588 0.0273952 0.8 0.8 0.8
vn 0.293241 0.930287 -0.2204
v 0.00379828 0.0361382 0.0273952 0.8 0.8 0.8
vn 0.0934156 0.970926 -0.2204
v -0.00379827 0.0361382 0.0273952 0.8 0.8 0.8
vn -0.110493 0.969131 -0.2204
v -0.0112288 0.0345588 0.0273952 0.8 0.8 0.8
vn -0.309572 0.924981 -0.2204
v -0.0181686 0.031469 0.0273952 0.8 0.8 0.8
vn -0.495121 0.840404 -0.2204
v -0.0243144 0.0270038 0.0273952 0.8 0.8 0.8
vn -0.659031 0.719098 -0.2204
v -0.0293975 0.0213585 0.0273952 0.8 0.8 0.8
vn -0.794139 0.566363 -0.2204
v -0.0331957 0.0147797 0.0273952 0.8 0.8 0.8
vn -0.894538 0.388876 -0.2204
v -0.0355432 0.00755493 0.0273952 0.8 0.8 0.8
vn -0.955843 0.194393 -0.2204
v -0.0363373 -1.46101e-08 0.0273952 0.8 0.8 0.8
vn -0.975372 -0.00858556 -0.2204
v -0.0355432 -0.00755496 0.0273952 0.8 0.8 0.8
vn -0.952272 -0.211189 -0.2204
v -0.0331957 -0.0147797 0.0273952 0.8 0.8 0.8
vn -0.887554 -0.404563 -0.2204
v -0.0293975 -0.0213585 0.0273952 0.8 0.8 0.8
vn -0.784046 -0.580255 -0.2204
v -0.0243144 -0.0270039 0.0273952 0.8 0.8 0.8
vn -0.646271 -0.730587 -0.2204
v -0.0181686 -0.031469 0.0273952 0.8 0.8 0.8
vn -0.480251 -0.848989 -0.2204
v -0.0112288 -0.0345588 0.0273952 0.8 0.8 0.8
vn -0.293241 -0.930287 -0.2204
v -0.00379827 -0.0361382 0.0273952 0.8 0.8 0.8
vn -0.0934156 -0.970926 -0.2204
v 0.00379829 -0.0361382 0.0273952 0.8 0.8 0.8
vn 0.110493 -0.969131 -0.2204
v 0.0112288 -0.0345588 0.0273952 0.8 0.8 0.8
vn 0.309572 -0.924981 -0.2204
v 0.0181686 -0.031469 0.0273952 0.8 0.8 0.8
vn 0.495121 -0.840404 -0.2204
v 0.0243144 -0.0270039 0.0273952 0.8 0.8 0.8
vn 0.659031 -0.719098 -0.2204
v 0.0293975 -0.0213585 0.0273952 0.8 0.8 0.8
vn 0.794139 -0.566363 -0.2204
v 0.0331958 -0.0147797 0.0273952 0.8 0.8 0.8
vn 0.894538 -0.388876 -0.2204
v 0.0355432 -0.00755496 0.0273952 0.8 0.8 0.8
vn 0.955843 -0.194393 -0.2204
v 0.0337558 -1.46101e-08 0.0176898 0.8 0.8 0.8
vn 0.955912 0.0088218 -0.293521
v 0.0330182 0.00701821 0.0176898 0.8 0.8 0.8
vn 0.933189 0.207374 -0.293521
v 0.0308375 0.0137297 0.0176898 0.8 0.8 0.8
vn 0.869681 0.396864 -0.293521
v 0.027309 0.0198411 0.0176898 0.8 0.8 0.8
vn 0.768164 0.569008 -0.293521
v 0.022587 0.0250854 0.0176898 0.8 0.8 0.8
vn 0.633074 0.716284 -0.293521
v 0.0168779 0.0292334 0.0176898 0.8 0.8 0.8
vn 0.470316 0.832255 -0.293521
v 0.0104311 0.0321037 0.0176898 0.8 0.8 0.8
vn 0.287003 0.911852 -0.293521
v 0.00352845 0.0335709 0.0176898 0.8 0.8 0.8
vn 0.0911465 0.951598 -0.293521
v -0.00352844 0.0335709 0.0176898 0.8 0.8 0.8
vn -0.108693 0.949753 -0.293521
v -0.0104311 0.0321037 0.0176898 0.8 0.8 0.8
vn -0.303783 0.9064 -0.293521
v -0.0168779 0.0292334 0.0176898 0.8 0.8 0.8
vn -0.485596 0.823433 -0.293521
v -0.022587 0.0250854 0.0176898 0.8 0.8 0.8
vn -0.646186 0.704478 -0.293521
v -0.027309 0.0198411 0.0176898 0.8 0.8 0.8
vn -0.778534 0.554734 -0.293521
v -0.0308375 0.0137297 0.0176898 0.8 0.8 0.8
vn -0.876857 0.380745 -0.293521
v -0.0330182 0.00701821 0.0176898 0.8 0.8 0.8
vn -0.936857 0.190116 -0.293521
v -0.0337558 -1.46101e-08 0.0176898 0.8 0.8 0.8
vn -0.955912 -0.0088218 -0.293521
v -0.0330182 -0.00701824 0.0176898 0.8 0.8 0.8
vn -0.933189 -0.207374 -0.293521
v -0.0308375 -0.0137297 0.0176898 0.8 0.8 0.8
vn -0.869681 -0.396864 -0.293521
v -0.027309 -0.0198412 0.0176898 0.8 0.8 0.8
vn -0.768164 -0.569008 -0.293521
v -0.022587 -0.0250855 0.0176898 0.8 0.8 0.8
vn -0.633074 -0.716284 -0.293521
v -0.0168779 -0.0292334 0.0176898 0.8 0.8 0.8
vn -0.470316 -0.832255 -0.293521
v -0.0104311 -0.0321037 0.0176898 0.8 0.8 0.8
vn -0.287003 -0.911852 -0.293521
v -0.00352844 -0.0335709 0.0176898 0.8 0.8 0.8
vn -0.0911465 -0.951598 -0.293521
v 0.00352845 -0.0335709 0.0176898 0.8 0.8 0.8
vn 0.108693 -0.949753 -0.293521
v 0.0104311 -0.0321037 0.0176898 0.8 0.8 0.8
vn 0.303783 -0.9064 -0.293521
v 0.0168779 -0.0292334 0.0176898 0.8 0.8 0.8
vn 0.485596 -0.823433 -0.293521
v 0.022587 -0.0250855 0.0176898 0.8 0.8 0.8
vn 0.646186 -0.704478 -0.293521
v 0.027309 -0.0198412 0.0176898 0.8 0.8 0.8
vn 0.778534 -0.554734 -0.293521
v 0.0308375 -0.0137297 0.0176898 0.8 0.8 0.8
vn 0.876857 -0.380745 -0.293521
v 0.0330182 -0.00701824 0.0176898 0.8 0.8 0.8
vn 0.936857 -0.190116 -0.293521
v 0.0313082 -1.46101e-08 0.0110831 0.8 0.8 0.8
vn 0.916801 0.00894789 -0.399244
v 0.0306241 0.00650933 0.0110831 0.8 0.8 0.8
vn 0.894906 0.199366 -0.399244
v 0.0286015 0.0127342 0.0110831 0.8 0.8 0.8
vn 0.8339 0.381071 -0.399244
v 0.0253289 0.0184025 0.0110831 0.8 0.8 0.8
vn 0.736448 0.546121 -0.399244
v 0.0209493 0.0232665 0.0110831 0.8 0.8 0.8
vn 0.60681 0.687303 -0.399244
v 0.0156541 0.0271137 0.0110831 0.8 0.8 0.8
vn 0.450651 0.798447 -0.399244
v 0.00967478 0.0297759 0.0110831 0.8 0.8 0.8
vn 0.274797 0.874694 -0.399244
v 0.00327261 0.0311367 0.0110831 0.8 0.8 0.8
vn 0.0869329 0.912714 -0.399244
v -0.00327259 0.0311367 0.0110831 0.8 0.8 0.8
vn -0.104731 0.910843 -0.399244
v -0.00967476 0.0297759 0.0110831 0.8 0.8 0.8
vn -0.291817 0.869164 -0.399244
v -0.0156541 0.0271137 0.0110831 0.8 0.8 0.8
vn -0.46615 0.789499 -0.399244
v -0.0209493 0.0232665 0.0110831 0.8 0.8 0.8
vn -0.620109 0.675328 -0.399244
v -0.0253289 0.0184025 0.0110831 0.8 0.8 0.8
vn -0.746967 0.531643 -0.399244
v -0.0286015 0.0127342 0.0110831 0.8 0.8 0.8
vn -0.841179 0.364722 -0.399244
v -0.030624 0.00650933 0.0110831 0.8 0.8 0.8
vn -0.898627 0.181861 -0.399244
v -0.0313082 -1.46101e-08 0.0110831 0.8 0.8 0.8
vn -0.916801 -0.00894789 -0.399244
v -0.030624 -0.00650936 0.0110831 0.8 0.8 0.8
vn -0.894906 -0.199366 -0.399244
v -0.0286015 -0.0127342 0.0110831 0.8 0.8 0.8
vn -0.8339 -0.381071 -0.399244
v -0.0253289 -0.0184025 0.0110831 0.8 0.8 0.8
vn -0.736448 -0.546121 -0.399244
v -0.0209493 -0.0232666 0.0110831 0.8 0.8 0.8
vn -0.60681 -0.687303 -0.399244
v -0.0156541 -0.0271137 0.0110831 0.8 0.8 0.8
vn -0.450651 -0.798447 -0.399244
v -0.00967476 -0.0297759 0.0110831 0.8 0.8 0.8
vn -0.274797 -0.874694 -0.399244
v -0.00327259 -0.0311367 0.0110831 0.8 0.8 0.8
vn -0.0869329 -0.912714 -0.399244
v 0.00327261 -0.0311367 0.0110831 0.8 0.8 0.8
vn 0.104731 -0.910843 -0.399244
v 0.00967478 -0.0297759 0.0110831 0.8 0.8 0.8
vn 0.291817 -0.869164 -0.399244
v 0.0156541 -0.0271137 0.0110831 0.8 0.8 0.8
vn 0.46615 -0.789499 -0.399244
v 0.0209493 -0.0232666 0.0110831 0.8 0.8 0.8
vn 0.620109 -0.675328 -0.399244
v 0.0253289 -0.0184025 0.0110831 0.8 0.8 0.8
vn 0.746967 -0.531643 -0.399244
v 0.0286015 -0.0127342 0.0110831 0.8 0.8 0.8
vn 0.841179 -0.364722 -0.399244
v 0.0306241 -0.00650936 0.0110831 0.8 0.8 0.8
vn 0.898627 -0.181861 -0.399244
v 0.0289506 -1.46101e-08 0.00670727 0.8 0.8 0.8
vn 0.840476 0.00874595 -0.541778
v 0.028318 0.00601916 0.00670727 0.8 0.8 0.8
vn 0.820291 0.1833 -0.541778
v 0.0264477 0.0117753 0.00670727 0.8 0.8 0.8
vn 0.764256 0.349842 -0.541778
v 0.0234216 0.0170167 0.00670727 0.8 0.8 0.8
vn 0.674819 0.501095 -0.541778
v 0.0193718 0.0215145 0.00670727 0.8 0.8 0.8
vn 0.555889 0.630447 -0.541778
v 0.0144753 0.025072 0.00670727 0.8 0.8 0.8
vn 0.412664 0.732246 -0.541778
v 0.00894624 0.0275337 0.00670727 0.8 0.8 0.8
vn 0.251403 0.802043 -0.541778
v 0.00302617 0.028792 0.00670727 0.8 0.8 0.8
vn 0.0791556 0.836786 -0.541778
v -0.00302616 0.028792 0.00670727 0.8 0.8 0.8
vn -0.0965517 0.834957 -0.541778
v -0.00894623 0.0275337 0.00670727 0.8 0.8 0.8
vn -0.268039 0.796637 -0.541778
v -0.0144753 0.025072 0.00670727 0.8 0.8 0.8
vn -0.427812 0.7235 -0.541778
v -0.0193717 0.0215145 0.00670727 0.8 0.8 0.8
vn -0.568888 0.618743 -0.541778
v -0.0234215 0.0170167 0.00670727 0.8 0.8 0.8
vn -0.6851 0.486944 -0.541778
v -0.0264477 0.0117753 0.00670727 0.8 0.8 0.8
vn -0.77137 0.333863 -0.541778
v -0.028318 0.00601916 0.00670727 0.8 0.8 0.8
vn -0.823928 0.16619 -0.541778
v -0.0289506 -1.46101e-08 0.00670727 0.8 0.8 0.8
vn -0.840476 -0.00874595 -0.541778
v -0.028318 -0.00601919 0.00670727 0.8 0.8 0.8
vn -0.820291 -0.1833 -0.541778
v -0.0264477 -0.0117753 0.00670727 0.8 0.8 0.8
vn -0.764256 -0.349842 -0.541778
v -0.0234215 -0.0170168 0.00670727 0.8 0.8 0.8
vn -0.674819 -0.501095 -0.541778
v -0.0193717 -0.0215145 0.00670727 0.8 0.8 0.8
vn -0.555889 -0.630447 -0.541778
v -0.0144753 -0.025072 0.00670727 0.8 0.8 0.8
vn -0.412664 -0.732246 -0.541778
v -0.00894623 -0.0275337 0.00670727 0.8 0.8 0.8
vn -0.251403 -0.802043 -0.541778
v -0.00302616 -0.028792 0.00670727 0.8 0.8 0.8
vn -0.0791556 -0.836786 -0.541778
v 0.00302617 -0.028792 0.00670727 0.8 0.8 0.8
vn 0.0965517 -0.834957 -0.541778
v 0.00894624 -0.0275337 0.00670727 0.8 0.8 0.8
vn 0.268039 -0.796637 -0.541778
v 0.0144753 -0.025072 0.00670727 0.8 0.8 0.8
vn 0.427812 -0.7235 -0.541778
v 0.0193718 -0.0215145 0.00670727 0.8 0.8 0.8
vn 0.568888 -0.618743 -0.541778
v 0.0234216 -0.0170168 0.00670727 0.8 0.8 0.8
vn 0.6851 -0.486944 -0.541778
v 0.0264477 -0.0117753 0.00670727 0.8 0.8 0.8
vn 0.77137 -0.333863 -0.541778
v 0.028318 -0.00601919 0.00670727 0.8 0.8 0.8
vn 0.823928 -0.16619 -0.541778
v 0.0266518 -1.46101e-08 0.00389908 0.8 0.8 0.8
vn 0.708179 0.00791896 -0.705989
v 0.0260694 0.00554121 0.00389908 0.8 0.8 0.8
vn 0.691057 0.154985 -0.705989
v 0.0243476 0.0108403 0.00389908 0.8 0.8 0.8
vn 0.643733 0.295277 -0.705989
v 0.0215618 0.0156655 0.00389908 0.8 0.8 0.8
vn 0.568274 0.422664 -0.705989
v 0.0178335 0.0198061 0.00389908 0.8 0.8 0.8
vn 0.467979 0.531578 -0.705989
v 0.0133259 0.0230811 0.00389908 0.8 0.8 0.8
vn 0.347231 0.61726 -0.705989
v 0.00823587 0.0253474 0.00389908 0.8 0.8 0.8
vn 0.211308 0.675965 -0.705989
v 0.00278588 0.0265058 0.00389908 0.8 0.8 0.8
vn 0.0661493 0.705127 -0.705989
v -0.00278587 0.0265058 0.00389908 0.8 0.8 0.8
vn -0.0819004 0.703472 -0.705989
v -0.00823586 0.0253474 0.00389908 0.8 0.8 0.8
vn -0.226371 0.671071 -0.705989
v -0.0133259 0.0230811 0.00389908 0.8 0.8 0.8
vn -0.360947 0.609341 -0.705989
v -0.0178335 0.0198061 0.00389908 0.8 0.8 0.8
vn -0.479749 0.520981 -0.705989
v -0.0215618 0.0156655 0.00389908 0.8 0.8 0.8
vn -0.577583 0.40985 -0.705989
v -0.0243476 0.0108403 0.00389908 0.8 0.8 0.8
vn -0.650175 0.280808 -0.705989
v -0.0260694 0.00554121 0.00389908 0.8 0.8 0.8
vn -0.69435 0.139493 -0.705989
v -0.0266518 -1.46101e-08 0.00389908 0.8 0.8 0.8
vn -0.708179 -0.00791896 -0.705989
v -0.0260694 -0.00554124 0.00389908 0.8 0.8 0.8
vn -0.691057 -0.154985 -0.705989
v -0.0243476 -0.0108403 0.00389908 0.8 0.8 0.8
vn -0.643733 -0.295277 -0.705989
v -0.0215618 -0.0156656 0.00389908 0.8 0.8 0.8
vn -0.568274 -0.422664 -0.705989
v -0.0178335 -0.0198062 0.00389908 0.8 0.8 0.8
vn -0.467979 -0.531578 -0.705989
v -0.0133259 -0.0230812 0.00389908 0.8 0.8 0.8
vn -0.347231 -0.61726 -0.705989
v -0.00823586 -0.0253474 0.00389908 0.8 0.8 0.8
vn -0.211308 -0.675965 -0.705989
v -0.00278587 -0.0265058 0.00389908 0.8 0.8 0.8
vn -0.0661493 -0.705127 -0.705989
v 0.00278588 -0.0265058 0.00389908 0.8 0.8 0.8
vn 0.0819004 -0.703472 -0.705989
v 0.00823587 -0.0253474 0.00389908 0.8 0.8 0.8
vn 0.226371 -0.671071 -0.705989
v 0.0133259 -0.0230812 0.00389908 0.8 0.8 0.8
vn 0.360947 -0.609341 -0.705989
v 0.0178335 -0.0198062 0.00389908 0.8 0.8 0.8
vn 0.479749 -0.520981 -0.705989
v 0.0215618 -0.0156656 0.00389908 0.8 0.8 0.8
vn 0.577583 -0.40985 -0.705989
v 0.0243476 -0.0108403 0.00389908 0.8 0.8 0.8
vn 0.650175 -0.280808 -0.705989
v 0.0260694 -0.00554124 0.00389908 0.8 0.8 0.8
vn 0.69435 -0.139493 -0.705989
v 0.0243901 -1.46101e-08 0.00216206 0.8 0.8 0.8
vn 0.526457 0.0063761 -0.850178
v 0.0238571 0.00507097 0.00216206 0.8 0.8 0.8
vn 0.513627 0.115693 -0.850178
v 0.0222815 0.00992033 0.00216206 0.8 0.8 0.8
vn 0.478349 0.219954 -0.850178
v 0.019732 0.0143361 0.00216206 0.8 0.8 0.8
vn 0.422165 0.314602 -0.850178
v 0.0163202 0.0181254 0.00216206 0.8 0.8 0.8
vn 0.34753 0.3955 -0.850178
v 0.0121951 0.0211224 0.00216206 0.8 0.8 0.8
vn 0.257707 0.459113 -0.850178
v 0.00753696 0.0231963 0.00216206 0.8 0.8 0.8
vn 0.15662 0.50266 -0.850178
v 0.00254946 0.0242565 0.00216206 0.8 0.8 0.8
vn 0.0486885 0.524239 -0.850178
v -0.00254945 0.0242565 0.00216206 0.8 0.8 0.8
vn -0.0613709 0.522906 -0.850178
v -0.00753695 0.0231963 0.00216206 0.8 0.8 0.8
vn -0.168748 0.49872 -0.850178
v -0.012195 0.0211224 0.00216206 0.8 0.8 0.8
vn -0.26875 0.452737 -0.850178
v -0.0163201 0.0181254 0.00216206 0.8 0.8 0.8
vn -0.357007 0.386967 -0.850178
v -0.019732 0.0143361 0.00216206 0.8 0.8 0.8
vn -0.42966 0.304285 -0.850178
v -0.0222814 0.00992033 0.00216206 0.8 0.8 0.8
vn -0.483536 0.208304 -0.850178
v -0.0238571 0.00507097 0.00216206 0.8 0.8 0.8
vn -0.516278 0.10322 -0.850178
v -0.0243901 -1.46101e-08 0.00216206 0.8 0.8 0.8
vn -0.526457 -0.0063761 -0.850178
v -0.0238571 -0.005071 0.00216206 0.8 0.8 0.8
vn -0.513627 -0.115693 -0.850178
v -0.0222814 -0.00992036 0.00216206 0.8 0.8 0.8
vn -0.478349 -0.219954 -0.850178
v -0.019732 -0.0143361 0.00216206 0.8 0.8 0.8
vn -0.422165 -0.314602 -0.850178
v -0.0163201 -0.0181254 0.00216206 0.8 0.8 0.8
vn -0.34753 -0.3955 -0.850178
v -0.012195 -0.0211225 0.00216206 0.8 0.8 0.8
vn -0.257707 -0.459113 -0.850178
v -0.00753695 -0.0231964 0.00216206 0.8 0.8 0.8
vn -0.15662 -0.50266 -0.850178
v -0.00254945 -0.0242565 0.00216206 0.8 0.8 0.8
vn -0.0486885 -0.524239 -0.850178
v 0.00254946 -0.0242565 0.00216206 0.8 0.8 0.8
vn 0.0613709 -0.522906 -0.850178
v 0.00753696 -0.0231964 0.00216206 0.8 0.8 0.8
vn 0.168748 -0.49872 -0.850178
v 0.0121951 -0.0211225 0.00216206 0.8 0.8 0.8
vn 0.26875 -0.452737 -0.850178
v 0.0163202 -0.0181254 0.00216206 0.8 0.8 0.8
vn 0.357007 -0.386967 -0.850178
v 0.019732 -0.0143361 0.00216206 0.8 0.8 0.8
vn 0.42966 -0.304285 -0.850178
v 0.0222815 -0.00992036 0.00216206 0.8 0.8 0.8
vn 0.483536 -0.208304 -0.850178
v 0.0238571 -0.005071 0.00216206 0.8 0.8 0.8
vn 0.516278 -0.10322 -0.850178
v 0.0221509 -1.46101e-08 0.00113331 0.8 0.8 0.8
vn 0.341425 0.00451591 -0.939898
v 0.0216668 0.00460541 0.00113331 0.8 0.8 0.8
vn 0.333025 0.0754034 -0.939898
v 0.0202358 0.00900956 0.00113331 0.8 0.8 0.8
vn 0.31007 0.142995 -0.939898
v 0.0179204 0.0130199 0.00113331 0.8 0.8 0.8
vn 0.273564 0.204338 -0.939898
v 0.0148218 0.0164613 0.00113331 0.8 0.8 0.8
vn 0.225102 0.25675 -0.939898
v 0.0110754 0.0191832 0.00113331 0.8 0.8 0.8
vn 0.166802 0.297941 -0.939898
v 0.006845 0.0210667 0.00113331 0.8 0.8 0.8
vn 0.101211 0.32611 -0.939898
v 0.0023154 0.0220295 0.00113331 0.8 0.8 0.8
vn 0.0311974 0.340027 -0.939898
v -0.00231539 0.0220295 0.00113331 0.8 0.8 0.8
vn -0.0401798 0.339082 -0.939898
v -0.00684499 0.0210667 0.00113331 0.8 0.8 0.8
vn -0.109801 0.323319 -0.939898
v -0.0110754 0.0191832 0.00113331 0.8 0.8 0.8
vn -0.174623 0.293425 -0.939898
v -0.0148218 0.0164613 0.00113331 0.8 0.8 0.8
vn -0.231814 0.250706 -0.939898
v -0.0179204 0.0130199 0.00113331 0.8 0.8 0.8
vn -0.278873 0.197031 -0.939898
v -0.0202358 0.00900956 0.00113331 0.8 0.8 0.8
vn -0.313744 0.134744 -0.939898
v -0.0216668 0.00460541 0.00113331 0.8 0.8 0.8
vn -0.334903 0.066569 -0.939898
v -0.0221509 -1.46101e-08 0.00113331 0.8 0.8 0.8
vn -0.341425 -0.00451591 -0.939898
v -0.0216668 -0.00460544 0.00113331 0.8 0.8 0.8
vn -0.333025 -0.0754034 -0.939898
v -0.0202358 -0.00900959 0.00113331 0.8 0.8 0.8
vn -0.31007 -0.142995 -0.939898
v -0.0179204 -0.01302 0.00113331 0.8 0.8 0.8
vn -0.273564 -0.204338 -0.939898
v -0.0148218 -0.0164613 0.00113331 0.8 0.8 0.8
vn -0.225102 -0.25675 -0.939898
v -0.0110754 -0.0191832 0.00113331 0.8 0.8 0.8
vn -0.166802 -0.297941 -0.939898
v -0.00684499 -0.0210667 0.00113331 0.8 0.8 0.8
vn -0.101211 -0.32611 -0.939898
v -0.00231539 -0.0220295 0.00113331 0.8 0.8 0.8
vn -0.0311974 -0.340027 -0.939898
v 0.0023154 -0.0220295 0.00113331 0.8 0.8 0.8
vn 0.0401798 -0.339082 -0.939898
v 0.006845 -0.0210667 0.00113331 0.8 0.8 0.8
vn 0.109801 -0.323319 -0.939898
v 0.0110754 -0.0191832 0.00113331 0.8 0.8 0.8
vn 0.174623 -0.293425 -0.939898
v 0.0148218 -0.0164613 0.00113331 0.8 0.8 0.8
vn 0.231814 -0.250706 -0.939898
v 0.0179204 -0.01302 0.00113331 0.8 0.8 0.8
vn 0.278873 -0.197031 -0.939898
v 0.0202358 -0.00900959 0.00113331 0.8 0.8 0.8
vn 0.313744 -0.134744 -0.939898
v 0.0216668 -0.00460544 0.00113331 0.8 0.8 0.8
vn 0.334903 -0.066569 -0.939898
v 0.0199247 -1.46101e-08 0.000554944 0.8 0.8 0.8
vn 0.197084 0.00287267 -0.980382
v 0.0194893 0.00414256 0.000554944 0.8 0.8 0.8
vn 0.19218 0.043786 -0.980382
v 0.0182021 0.00810409 0.000554944 0.8 0.8 0.8
vn 0.178877 0.0827857 -0.980382
v 0.0161194 0.0117114 0.000554944 0.8 0.8 0.8
vn 0.157756 0.118167 -0.980382
v 0.0133322 0.0148069 0.000554944 0.8 0.8 0.8
vn 0.12974 0.148384 -0.980382
v 0.00996235 0.0172553 0.000554944 0.8 0.8 0.8
vn 0.0960543 0.172116 -0.980382
v 0.00615707 0.0189495 0.000554944 0.8 0.8 0.8
vn 0.0581703 0.188326 -0.980382
v 0.0020827 0.0198155 0.000554944 0.8 0.8 0.8
vn 0.017744 0.196305 -0.980382
v -0.00208269 0.0198155 0.000554944 0.8 0.8 0.8
vn -0.0234578 0.195704 -0.980382
v -0.00615706 0.0189495 0.000554944 0.8 0.8 0.8
vn -0.0636345 0.186551 -0.980382
v -0.00996234 0.0172553 0.000554944 0.8 0.8 0.8
vn -0.10103 0.169244 -0.980382
v -0.0133322 0.0148069 0.000554944 0.8 0.8 0.8
vn -0.13401 0.14454 -0.980382
v -0.0161194 0.0117114 0.000554944 0.8 0.8 0.8
vn -0.161133 0.113519 -0.980382
v -0.0182021 0.00810409 0.000554944 0.8 0.8 0.8
vn -0.181214 0.0775371 -0.980382
v -0.0194893 0.00414256 0.000554944 0.8 0.8 0.8
vn -0.193375 0.0381662 -0.980382
v -0.0199247 -1.46101e-08 0.000554944 0.8 0.8 0.8
vn -0.197084 -0.00287267 -0.980382
v -0.0194893 -0.00414259 0.000554944 0.8 0.8 0.8
vn -0.19218 -0.043786 -0.980382
v -0.0182021 -0.00810412 0.000554944 0.8 0.8 0.8
vn -0.178877 -0.0827857 -0.980382
v -0.0161194 -0.0117115 0.000554944 0.8 0.8 0.8
vn -0.157756 -0.118167 -0.980382
v -0.0133322 -0.0148069 0.000554944 0.8 0.8 0.8
vn -0.12974 -0.148384 -0.980382
v -0.00996234 -0.0172553 0.000554944 0.8 0.8 0.8
vn -0.0960543 -0.172116 -0.980382
v -0.00615706 -0.0189495 0.000554944 0.8 0.8 0.8
vn -0.0581703 -0.188326 -0.980382
v -0.00208269 -0.0198156 0.000554944 0.8 0.8 0.8
vn -0.017744 -0.196305 -0.980382
v 0.0020827 -0.0198156 0.000554944 0.8 0.8 0.8
vn 0.0234578 -0.195704 -0.980382
v 0.00615707 -0.0189495 0.000554944 0.8 0.8 0.8
vn 0.0636345 -0.186551 -0.980382
v 0.00996235 -0.0172553 0.000554944 0.8 0.8 0.8
vn 0.10103 -0.169244 -0.980382
v 0.0133322 -0.0148069 0.000554944 0.8 0.8 0.8
vn 0.13401 -0.14454 -0.980382
v 0.0161194 -0.0117115 0.000554944 0.8 0.8 0.8
vn 0.161133 -0.113519 -0.980382
v 0.0182021 -0.00810412 0.000554944 0.8 0.8 0.8
vn 0.181214 -0.0775371 -0.980382
v 0.0194893 -0.00414259 0.000554944 0.8 0.8 0.8
vn 0.193375 -0.0381662 -0.980382
v 0.0177056 -1.46101e-08 0.000249797 0.8 0.8 0.8
vn 0.103267 0.00167577 -0.994652
v 0.0173187 0.00368119 0.000249797 0.8 0.8 0.8
vn 0.100662 0.0231096 -0.994652
v 0.0161749 0.00720151 0.000249797 0.8 0.8 0.8
vn 0.0936575 0.0435334 -0.994652
v 0.0143242 0.0104071 0.000249797 0.8 0.8 0.8
vn 0.0825598 0.0620545 -0.994652
v 0.0118474 0.0131578 0.000249797 0.8 0.8 0.8
vn 0.0678538 0.0778636 -0.994652
v 0.00885282 0.0153335 0.000249797 0.8 0.8 0.8
vn 0.0501822 0.0902697 -0.994652
v 0.00547135 0.016839 0.000249797 0.8 0.8 0.8
vn 0.0303175 0.0987306 -0.994652
v 0.00185075 0.0176086 0.000249797 0.8 0.8 0.8
vn 0.00912775 0.102876 -0.994652
v -0.00185074 0.0176086 0.000249797 0.8 0.8 0.8
vn -0.0124609 0.102526 -0.994652
v -0.00547133 0.016839 0.000249797 0.8 0.8 0.8
vn -0.033505 0.0976949 -0.994652
v -0.00885281 0.0153335 0.000249797 0.8 0.8 0.8
vn -0.0530848 0.088594 -0.994652
v -0.0118474 0.0131578 0.000249797 0.8 0.8 0.8
vn -0.0703445 0.075621 -0.994652
v -0.0143241 0.0104071 0.000249797 0.8 0.8 0.8
vn -0.0845298 0.0593431 -0.994652
v -0.0161749 0.00720151 0.000249797 0.8 0.8 0.8
vn -0.0950207 0.0404716 -0.994652
v -0.0173187 0.00368119 0.000249797 0.8 0.8 0.8
vn -0.101359 0.0198313 -0.994652
v -0.0177056 -1.46101e-08 0.000249797 0.8 0.8 0.8
vn -0.103267 -0.00167577 -0.994652
v -0.0173187 -0.00368122 0.000249797 0.8 0.8 0.8
vn -0.100662 -0.0231096 -0.994652
v -0.0161749 -0.00720154 0.000249797 0.8 0.8 0.8
vn -0.0936575 -0.0435334 -0.994652
v -0.0143241 -0.0104071 0.000249797 0.8 0.8 0.8
vn -0.0825598 -0.0620545 -0.994652
v -0.0118474 -0.0131579 0.000249797 0.8 0.8 0.8
vn -0.0678538 -0.0778636 -0.994652
v -0.00885281 -0.0153335 0.000249797 0.8 0.8 0.8
vn -0.0501822 -0.0902697 -0.994652
v -0.00547133 -0.0168391 0.000249797 0.8 0.8 0.8
vn -0.0303175 -0.0987306 -0.994652
v -0.00185074 -0.0176087 0.000249797 0.8 0.8 0.8
vn -0.00912775 -0.102876 -0.994652
v 0.00185075 -0.0176087 0.000249797 0.8 0.8 0.8
vn 0.0124609 -0.102526 -0.994652
v 0.00547135 -0.0168391 0.000249797 0.8 0.8 0.8
vn 0.033505 -0.0976949 -0.994652
v 0.00885282 -0.0153335 0.000249797 0.8 0.8 0.8
vn 0.0530848 -0.088594 -0.994652
v 0.0118474 -0.0131579 0.000249797 0.8 0.8 0.8
vn 0.0703445 -0.075621 -0.994652
v 0.0143242 -0.0104071 0.000249797 0.8 0.8 0.8
vn 0.0845298 -0.0593431 -0.994652
v 0.0161749 -0.00720154 0.000249797 0.8 0.8 0.8
vn 0.0950207 -0.0404716 -0.994652
v 0.0173187 -0.00368122 0.000249797 0.8 0.8 0.8
vn 0.101359 -0.0198313 -0.994652
v 0.0154902 -1.46101e-08 0.000101059 0.8 0.8 0.8
vn 0.0492063 0.000899563 -0.998788
v 0.0151517 0.00322058 0.000101059 0.8 0.8 0.8
vn 0.047944 0.0111105 -0.998788
v 0.014151 0.00630042 0.000101059 0.8 0.8 0.8
vn 0.0445863 0.0208358 -0.998788
v 0.0125318 0.0091049 0.000101059 0.8 0.8 0.8
vn 0.03928 0.0296505 -0.998788
v 0.010365 0.0115115 0.000101059 0.8 0.8 0.8
vn 0.0322569 0.0371693 -0.998788
v 0.00774511 0.0134149 0.000101059 0.8 0.8 0.8
vn 0.0238241 0.0430637 -0.998788
v 0.00478674 0.014732 0.000101059 0.8 0.8 0.8
vn 0.01435 0.047076 -0.998788
v 0.00161917 0.0154053 0.000101059 0.8 0.8 0.8
vn 0.00424882 0.0490308 -0.998788
v -0.00161916 0.0154053 0.000101059 0.8 0.8 0.8
vn -0.00603809 0.0488427 -0.998788
v -0.00478673 0.014732 0.000101059 0.8 0.8 0.8
vn -0.0160611 0.04652 -0.998788
v -0.0077451 0.0134149 0.000101059 0.8 0.8 0.8
vn -0.0253822 0.0421641 -0.998788
v -0.010365 0.0115115 0.000101059 0.8 0.8 0.8
vn -0.0335939 0.0359655 -0.998788
v -0.0125318 0.0091049 0.000101059 0.8 0.8 0.8
vn -0.0403375 0.028195 -0.998788
v -0.014151 0.00630042 0.000101059 0.8 0.8 0.8
vn -0.0453181 0.0191922 -0.998788
v -0.0151517 0.00322058 0.000101059 0.8 0.8 0.8
vn -0.0483181 0.00935066 -0.998788
v -0.0154902 -1.46101e-08 0.000101059 0.8 0.8 0.8
vn -0.0492063 -0.000899563 -0.998788
v -0.0151517 -0.00322061 0.000101059 0.8 0.8 0.8
vn -0.047944 -0.0111105 -0.998788
v -0.014151 -0.00630045 0.000101059 0.8 0.8 0.8
vn -0.0445863 -0.0208358 -0.998788
v -0.0125318 -0.00910493 0.000101059 0.8 0.8 0.8
vn -0.03928 -0.0296505 -0.998788
v -0.010365 -0.0115115 0.000101059 0.8 0.8 0.8
vn -0.0322569 -0.0371693 -0.998788
v -0.0077451 -0.0134149 0.000101059 0.8 0.8 0.8
vn -0.0238241 -0.0430637 -0.998788
v -0.00478673 -0.0147321 0.000101059 0.8 0.8 0.8
vn -0.01435 -0.047076 -0.998788
v -0.00161916 -0.0154054 0.000101059 0.8 0.8 0.8
vn -0.00424882 -0.0490308 -0.998788
v 0.00161917 -0.0154054 0.000101059 0.8 0.8 0.8
vn 0.00603809 -0.0488427 -0.998788
v 0.00478674 -0.0147321 0.000101059 0.8 0.8 0.8
vn 0.0160611 -0.04652 -0.998788
v 0.00774511 -0.0134149 0.000101059 0.8 0.8 0.8
vn 0.0253822 -0.0421641 -0.998788
v 0.010365 -0.0115115 0.000101059 0.8 0.8 0.8
vn 0.0335939 -0.0359655 -0.998788
v 0.0125318 -0.00910493 0.000101059 0.8 0.8 0.8
vn 0.0403375 -0.028195 -0.998788
v 0.014151 -0.00630045 0.000101059 0.8 0.8 0.8
vn 0.0453181 -0.0191922 -0.998788
v 0.0151517 -0.00322061 0.000101059 0.8 0.8 0.8
vn 0.0483181 -0.00935066 -0.998788
v 0.0132765 -1.46101e-08 3.55528e-05 0.8 0.8 0.8
vn 0.0209957 0.000438454 -0.999779
v 0.0129864 0.00276032 3.55528e-05 0.8 0.8 0.8
vn 0.0204457 0.00479412 -0.999779
v 0.0121287 0.00540002 3.55528e-05 0.8 0.8 0.8
vn 0.0190022 0.00894026 -0.999779
v 0.0107409 0.00780371 3.55528e-05 0.8 0.8 0.8
vn 0.0167281 0.0126957 -0.999779
v 0.00888371 0.00986633 3.55528e-05 0.8 0.8 0.8
vn 0.013723 0.0158962 -0.999779
v 0.00663825 0.0114978 3.55528e-05 0.8 0.8 0.8
vn 0.0101181 0.018402 -0.999779
v 0.00410266 0.0126267 3.55528e-05 0.8 0.8 0.8
vn 0.00607103 0.0201036 -0.999779
v 0.00138778 0.0132037 3.55528e-05 0.8 0.8 0.8
vn 0.00175859 0.0209265 -0.999779
v -0.00138776 0.0132037 3.55528e-05 0.8 0.8 0.8
vn -0.0026307 0.0208348 -0.999779
v -0.00410265 0.0126267 3.55528e-05 0.8 0.8 0.8
vn -0.00690501 0.0198326 -0.999779
v -0.00663824 0.0114978 3.55528e-05 0.8 0.8 0.8
vn -0.0108775 0.0179636 -0.999779
v -0.00888369 0.00986633 3.55528e-05 0.8 0.8 0.8
vn -0.0143747 0.0153094 -0.999779
v -0.0107409 0.00780371 3.55528e-05 0.8 0.8 0.8
vn -0.0172436 0.0119862 -0.999779
v -0.0121287 0.00540002 3.55528e-05 0.8 0.8 0.8
vn -0.0193588 0.00813916 -0.999779
v -0.0129864 0.00276032 3.55528e-05 0.8 0.8 0.8
vn -0.020628 0.00393637 -0.999779
v -0.0132765 -1.46101e-08 3.55528e-05 0.8 0.8 0.8
vn -0.0209957 -0.000438454 -0.999779
v -0.0129864 -0.00276035 3.55528e-05 0.8 0.8 0.8
vn -0.0204457 -0.00479412 -0.999779
v -0.0121287 -0.00540005 3.55528e-05 0.8 0.8 0.8
vn -0.0190022 -0.00894026 -0.999779
v -0.0107409 -0.00780373 3.55528e-05 0.8 0.8 0.8
vn -0.0167281 -0.0126957 -0.999779
v -0.00888369 -0.00986636 3.55528e-05 0.8 0.8 0.8
vn -0.013723 -0.0158962 -0.999779
v -0.00663823 -0.0114978 3.55528e-05 0.8 0.8 0.8
vn -0.0101181 -0.018402 -0.999779
v -0.00410265 -0.0126267 3.55528e-05 0.8 0.8 0.8
vn -0.00607103 -0.0201036 -0.999779
v -0.00138776 -0.0132038 3.55528e-05 0.8 0.8 0.8
vn -0.00175859 -0.0209265 -0.999779
v 0.00138778 -0.0132038 3.55528e-05 0.8 0.8 0.8
vn 0.0026307 -0.0208348 -0.999779
v 0.00410266 -0.0126267 3.55528e-05 0.8 0.8 0.8
vn 0.00690501 -0.0198326 -0.999779
v 0.00663825 -0.0114978 3.55528e-05 0.8 0.8 0.8
vn 0.0108775 -0.0179636 -0.999779
v 0.00888371 -0.00986636 3.55528e-05 0.8 0.8 0.8
vn 0.0143747 -0.0153094 -0.999779
v 0.0107409 -0.00780373 3.55528e-05 0.8 0.8 0.8
vn 0.0172436 -0.0119862 -0.999779
v 0.0121287 -0.00540005 3.55528e-05 0.8 0.8 0.8
vn 0.0193588 -0.00813916 -0.999779
v 0.0129864 -0.00276035 3.55528e-05 0.8 0.8 0.8
vn 0.020628 -0.00393637 -0.999779
v 0.0110635 -1.46101e-08 1.03338e-05 0.8 0.8 0.8
vn 0.00777676 0.000188543 -0.99997
v 0.0108217 0.00230021 1.03338e-05 0.8 0.8 0.8
vn 0.00756762 0.0018013 -0.99997
v 0.010107 0.0044999 1.03338e-05 0.8 0.8 0.8
vn 0.00702774 0.00333534 -0.99997
v 0.00895054 0.00650293 1.03338e-05 0.8 0.8 0.8
vn 0.00618071 0.0047236 -0.99997
v 0.00740291 0.00822174 1.03338e-05 0.8 0.8 0.8
vn 0.00506355 0.00590542 -0.99997
v 0.00553174 0.00958123 1.03338e-05 0.8 0.8 0.8
vn 0.0037251 0.00682914 -0.99997
v 0.0034188 0.010522 1.03338e-05 0.8 0.8 0.8
vn 0.00222384 0.0074544 -0.99997
v 0.00115645 0.0110028 1.03338e-05 0.8 0.8 0.8
vn 0.000625382 0.00775386 -0.99997
v -0.00115644 0.0110028 1.03338e-05 0.8 0.8 0.8
vn -0.0010004 0.00771445 -0.99997
v -0.00341879 0.010522 1.03338e-05 0.8 0.8 0.8
vn -0.00258247 0.00733787 -0.99997
v -0.00553173 0.00958123 1.03338e-05 0.8 0.8 0.8
vn -0.00405166 0.0066406 -0.99997
v -0.0074029 0.00822174 1.03338e-05 0.8 0.8 0.8
vn -0.00534378 0.0056531 -0.99997
v -0.00895053 0.00650293 1.03338e-05 0.8 0.8 0.8
vn -0.00640235 0.00441853 -0.99997
v -0.010107 0.0044999 1.03338e-05 0.8 0.8 0.8
vn -0.00718111 0.00299085 -0.99997
v -0.0108217 0.00230021 1.03338e-05 0.8 0.8 0.8
vn -0.00764602 0.00143246 -0.99997
v -0.0110635 -1.46101e-08 1.03338e-05 0.8 0.8 0.8
vn -0.00777676 -0.000188543 -0.99997
v -0.0108217 -0.00230024 1.03338e-05 0.8 0.8 0.8
vn -0.00756762 -0.0018013 -0.99997
v -0.010107 -0.00449993 1.03338e-05 0.8 0.8 0.8
vn -0.00702774 -0.00333534 -0.99997
v -0.00895053 -0.00650296 1.03338e-05 0.8 0.8 0.8
vn -0.00618071 -0.0047236 -0.99997
v -0.0074029 -0.00822177 1.03338e-05 0.8 0.8 0.8
vn -0.00506355 -0.00590542 -0.99997
v -0.00553173 -0.00958126 1.03338e-05 0.8 0.8 0.8
vn -0.0037251 -0.00682914 -0.99997
v -0.00341879 -0.010522 1.03338e-05 0.8 0.8 0.8
vn -0.00222384 -0.0074544 -0.99997
v -0.00115644 -0.0110029 1.03338e-05 0.8 0.8 0.8
vn -0.000625382 -0.00775386 -0.99997
v 0.00115645 -0.0110029 1.03338e-05 0.8 0.8 0.8
vn 0.0010004 -0.00771445 -0.99997
v 0.00341881 -0.010522 1.03338e-05 0.8 0.8 0.8
vn 0.00258247 -0.00733787 -0.99997
v 0.00553174 -0.00958126 1.03338e-05 0.8 0.8 0.8
vn 0.00405166 -0.0066406 -0.99997
v 0.00740291 -0.00822177 1.03338e-05 0.8 0.8 0.8
vn 0.00534378 -0.0056531 -0.99997
v 0.00895054 -0.00650296 1.03338e-05 0.8 0.8 0.8
vn 0.00640235 -0.00441853 -0.99997
v 0.010107 -0.00449993 1.03338e-05 0.8 0.8 0.8
vn 0.00718111 -0.00299085 -0.99997
v 0.0108217 -0.00230024 1.03338e-05 0.8 0.8 0.8
vn 0.00764602 -0.00143246 -0.99997
v 0.00885071 -1.46101e-08 2.27771e-06 0.8 0.8 0.8
vn 0.00237674 6.81228e-05 -0.999997
v 0.0086573 0.00184015 2.27771e-06 0.8 0.8 0.8
vn 0.00231064 0.000560786 -0.999997
v 0.00808553 0.00359989 2.27771e-06 0.8 0.8 0.8
vn 0.00214355 0.00102894 -0.999997
v 0.00716038 0.0052023 2.27771e-06 0.8 0.8 0.8
vn 0.00188278 0.00145212 -0.999997
v 0.00592228 0.00657734 2.27771e-06 0.8 0.8 0.8
vn 0.00153972 0.00181184 -0.999997
v 0.00442536 0.00766492 2.27771e-06 0.8 0.8 0.8
vn 0.00112937 0.00209238 -0.999997
v 0.00273502 0.0084175 2.27771e-06 0.8 0.8 0.8
vn 0.000669664 0.00228146 -0.999997
v 0.000925156 0.0088022 2.27771e-06 0.8 0.8 0.8
vn 0.000180687 0.00237084 -0.999997
v -0.000925145 0.0088022 2.27771e-06 0.8 0.8 0.8
vn -0.000316187 0.0023566 -0.999997
v -0.00273501 0.0084175 2.27771e-06 0.8 0.8 0.8
vn -0.000799242 0.00223936 -0.999997
v -0.00442535 0.00766492 2.27771e-06 0.8 0.8 0.8
vn -0.00124737 0.00202426 -0.999997
v -0.00592227 0.00657734 2.27771e-06 0.8 0.8 0.8
vn -0.00164097 0.00172068 -0.999997
v -0.00716036 0.0052023 2.27771e-06 0.8 0.8 0.8
vn -0.00196286 0.0013419 -0.999997
v -0.00808551 0.00359989 2.27771e-06 0.8 0.8 0.8
vn -0.00219897 0.000904474 -0.999997
v -0.00865729 0.00184015 2.27771e-06 0.8 0.8 0.8
vn -0.00233897 0.000427518 -0.999997
v -0.0088507 -1.46101e-08 2.27771e-06 0.8 0.8 0.8
vn -0.00237674 -6.81228e-05 -0.999997
v -0.00865729 -0.00184018 2.27771e-06 0.8 0.8 0.8
vn -0.00231064 -0.000560786 -0.999997
v -0.00808551 -0.00359992 2.27771e-06 0.8 0.8 0.8
vn -0.00214355 -0.00102894 -0.999997
v -0.00716036 -0.00520233 2.27771e-06 0.8 0.8 0.8
vn -0.00188278 -0.00145212 -0.999997
v -0.00592227 -0.00657737 2.27771e-06 0.8 0.8 0.8
vn -0.00153972 -0.00181184 -0.999997
v -0.00442535 -0.00766495 2.27771e-06 0.8 0.8 0.8
vn -0.00112937 -0.00209238 -0.999997
v -0.00273501 -0.00841753 2.27771e-06 0.8 0.8 0.8
vn -0.000669664 -0.00228146 -0.999997
v -0.000925144 -0.00880223 2.27771e-06 0.8 0.8 0.8
vn -0.000180687 -0.00237084 -0.999997
v 0.000925157 -0.00880223 2.27771e-06 0.8 0.8 0.8
vn 0.000316187 -0.0023566 -0.999997
v 0.00273502 -0.00841753 2.27771e-06 0.8 0.8 0.8
vn 0.000799242 -0.00223936 -0.999997
v 0.00442536 -0.00766495 2.27771e-06 0.8 0.8 0.8
vn 0.00124737 -0.00202426 -0.999997
v 0.00592228 -0.00657737 2.27771e-06 0.8 0.8 0.8
vn 0.00164097 -0.00172068 -0.999997
v 0.00716038 -0.00520233 2.27771e-06 0.8 0.8 0.8
vn 0.00196286 -0.0013419 -0.999997
v 0.00808553 -0.00359992 2.27771e-06 0.8 0.8 0.8
vn 0.00219897 -0.000904474 -0.999997
v 0.0086573 -0.00184018 2.27771e-06 0.8 0.8 0.8
vn 0.00233897 -0.000427518 -0.999997
v 0.00663802 -1.46101e-08 3.2418e-07 0.8 0.8 0.8
vn 0.000551433 1.90196e-05 -1
v 0.00649297 0.00138011 3.2418e-07 0.8 0.8 0.8
vn 0.000535428 0.000133253 -1
v 0.00606414 0.00269991 3.2418e-07 0.8 0.8 0.8
vn 0.000496023 0.000241663 -1
v 0.00537027 0.00390171 3.2418e-07 0.8 0.8 0.8
vn 0.000434939 0.000339511 -1
v 0.00444171 0.00493299 3.2418e-07 0.8 0.8 0.8
vn 0.000354846 0.000422521 -1
v 0.00331901 0.00574868 3.2418e-07 0.8 0.8 0.8
vn 0.000259245 0.000487065 -1
v 0.00205127 0.00631311 3.2418e-07 0.8 0.8 0.8
vn 0.000152313 0.000530321 -1
v 0.000693868 0.00660164 3.2418e-07 0.8 0.8 0.8
vn 3.8725e-05 0.0005504 -1
v -0.000693856 0.00660164 3.2418e-07 0.8 0.8 0.8
vn -7.65559e-05 0.000546424 -1
v -0.00205125 0.00631311 3.2418e-07 0.8 0.8 0.8
vn -0.000188491 0.000518566 -1
v -0.003319 0.00574868 3.2418e-07 0.8 0.8 0.8
vn -0.000292188 0.000468045 -1
v -0.00444169 0.00493299 3.2418e-07 0.8 0.8 0.8
vn -0.000383115 0.000397068 -1
v -0.00537026 0.00390171 3.2418e-07 0.8 0.8 0.8
vn -0.000457298 0.000308737 -1
v -0.00606412 0.00269991 3.2418e-07 0.8 0.8 0.8
vn -0.000511495 0.000206913 -1
v -0.00649295 0.00138011 3.2418e-07 0.8 0.8 0.8
vn -0.000543337 9.60453e-05 -1
v -0.00663801 -1.46101e-08 3.2418e-07 0.8 0.8 0.8
vn -0.000551433 -1.90196e-05 -1
v -0.00649295 -0.00138014 3.2418e-07 0.8 0.8 0.8
vn -0.000535428 -0.000133253 -1
v -0.00606412 -0.00269994 3.2418e-07 0.8 0.8 0.8
vn -0.000496023 -0.000241663 -1
v -0.00537026 -0.00390174 3.2418e-07 0.8 0.8 0.8
vn -0.000434939 -0.000339511 -1
v -0.00444169 -0.00493302 3.2418e-07 0.8 0.8 0.8
vn -0.000354846 -0.000422521 -1
v -0.003319 -0.0057487 3.2418e-07 0.8 0.8 0.8
vn -0.000259245 -0.000487065 -1
v -0.00205125 -0.00631314 3.2418e-07 0.8 0.8 0.8
vn -0.000152313 -0.000530321 -1
v -0.000693855 -0.00660167 3.2418e-07 0.8 0.8 0.8
vn -3.8725e-05 -0.0005504 -1
v 0.000693868 -0.00660167 3.2418e-07 0.8 0.8 0.8
vn 7.65559e-05 -0.000546424 -1
v 0.00205127 -0.00631314 3.2418e-07 0.8 0.8 0.8
vn 0.000188491 -0.000518566 -1
v 0.00331901 -0.0057487 3.2418e-07 0.8 0.8 0.8
vn 0.000292188 -0.000468045 -1
v 0.00444171 -0.00493302 3.2418e-07 0.8 0.8 0.8
vn 0.000383115 -0.000397068 -1
v 0.00537027 -0.00390174 3.2418e-07 0.8 0.8 0.8
vn 0.000457298 -0.000308737 -1
v 0.00606414 -0.00269994 3.2418e-07 0.8 0.8 0.8
vn 0.000511495 -0.000206913 -1
v 0.00649297 -0.00138014 3.2418e-07 0.8 0.8 0.8
vn 0.000543337 -9.60453e-05 -1
v 0.00442535 -1.46101e-08 2.07688e-08 0.8 0.8 0.8
vn 8.38644e-05 3.52162e-06 -1
v 0.00432864 0.000920066 2.07688e-08 0.8 0.8 0.8
vn 8.12996e-05 2.08811e-05 -1
v 0.00404276 0.00179993 2.07688e-08 0.8 0.8 0.8
vn 7.51816e-05 3.73279e-05 -1
v 0.00358018 0.00260114 2.07688e-08 0.8 0.8 0.8
vn 6.57778e-05 5.21433e-05 -1
v 0.00296114 0.00328866 2.07688e-08 0.8 0.8 0.8
vn 5.34992e-05 6.46798e-05 -1
v 0.00221268 0.00383244 2.07688e-08 0.8 0.8 0.8
vn 3.88824e-05 7.43895e-05 -1
v 0.00136751 0.00420874 2.07688e-08 0.8 0.8 0.8
vn 2.25663e-05 8.0848e-05 -1
v 0.00046258 0.00440109 2.07688e-08 0.8 0.8 0.8
vn 5.26389e-06 8.37731e-05 -1
v -0.000462568 0.00440109 2.07688e-08 0.8 0.8 0.8
vn -1.22685e-05 8.30369e-05 -1
v -0.0013675 0.00420874 2.07688e-08 0.8 0.8 0.8
vn -2.92648e-05 7.86715e-05 -1
v -0.00221267 0.00383244 2.07688e-08 0.8 0.8 0.8
vn -4.4982e-05 7.08679e-05 -1
v -0.00296113 0.00328866 2.07688e-08 0.8 0.8 0.8
vn -5.87333e-05 5.9967e-05 -1
v -0.00358017 0.00260114 2.07688e-08 0.8 0.8 0.8
vn -6.99177e-05 4.64452e-05 -1
v -0.00404275 0.00179993 2.07688e-08 0.8 0.8 0.8
vn -7.80463e-05 3.08936e-05 -1
v -0.00432863 0.000920066 2.07688e-08 0.8 0.8 0.8
vn -8.27639e-05 1.39917e-05 -1
v -0.00442534 -1.46101e-08 2.07688e-08 0.8 0.8 0.8
vn -8.38644e-05 -3.52162e-06 -1
v -0.00432863 -0.000920095 2.07688e-08 0.8 0.8 0.8
vn -8.12996e-05 -2.08811e-05 -1
v -0.00404275 -0.00179996 2.07688e-08 0.8 0.8 0.8
vn -7.51816e-05 -3.73279e-05 -1
v -0.00358017 -0.00260117 2.07688e-08 0.8 0.8 0.8
vn -6.57778e-05 -5.21433e-05 -1
v -0.00296113 -0.00328868 2.07688e-08 0.8 0.8 0.8
vn -5.34992e-05 -6.46798e-05 -1
v -0.00221267 -0.00383247 2.07688e-08 0.8 0.8 0.8
vn -3.88824e-05 -7.43895e-05 -1
v -0.0013675 -0.00420877 2.07688e-08 0.8 0.8 0.8
vn -2.25663e-05 -8.0848e-05 -1
v -0.000462568 -0.00440111 2.07688e-08 0.8 0.8 0.8
vn -5.26389e-06 -8.37731e-05 -1
v 0.00046258 -0.00440111 2.07688e-08 0.8 0.8 0.8
vn 1.22685e-05 -8.30369e-05 -1
v 0.00136751 -0.00420877 2.07688e-08 0.8 0.8 0.8
vn 2.92648e-05 -7.86715e-05 -1
v 0.00221268 -0.00383247 2.07688e-08 0.8 0.8 0.8
vn 4.4982e-05 -7.08679e-05 -1
v 0.00296114 -0.00328868 2.07688e-08 0.8 0.8 0.8
vn 5.87333e-05 -5.9967e-05 -1
v 0.00358018 -0.00260117 2.07688e-08 0.8 0.8 0.8
vn 6.99177e-05 -4.64452e-05 -1
v 0.00404276 -0.00179996 2.07688e-08 0.8 0.8 0.8
vn 7.80463e-05 -3.08936e-05 -1
v 0.00432864 -0.000920095 2.07688e-08 0.8 0.8 0.8
vn 8.27639e-05 -1.39917e-05 -1
v 0.00221268 -1.46101e-08 1.8937e-10 0.8 0.8 0.8
vn 6.22899e-06 3.25848e-07 -1
v 0.00216433 0.000460026 1.8937e-10 0.8 0.8 0.8
vn 6.02513e-06 1.61381e-06 -1
v 0.00202138 0.00089996 1.8937e-10 0.8 0.8 0.8
vn 5.55794e-06 2.83124e-06 -1
v 0.00179009 0.00130056 1.8937e-10 0.8 0.8 0.8
vn 4.84783e-06 3.92493e-06 -1
v 0.00148057 0.00164432 1.8937e-10 0.8 0.8 0.8
vn 3.92586e-06 4.84708e-06 -1
v 0.00110634 0.00191621 1.8937e-10 0.8 0.8 0.8
vn 2.8323e-06 5.55739e-06 -1
v 0.000683759 0.00210436 1.8937e-10 0.8 0.8 0.8
vn 1.61497e-06 6.02482e-06 -1
v 0.000231293 0.00220054 1.8937e-10 0.8 0.8 0.8
vn 3.27045e-07 6.22893e-06 -1
v -0.000231281 0.00220054 1.8937e-10 0.8 0.8 0.8
vn -9.7517e-07 6.16081e-06 -1
v -0.000683747 0.00210436 1.8937e-10 0.8 0.8 0.8
vn -2.23476e-06 5.82343e-06 -1
v -0.00110633 0.00191621 1.8937e-10 0.8 0.8 0.8
vn -3.39669e-06 5.23154e-06 -1
v -0.00148056 0.00164432 1.8937e-10 0.8 0.8 0.8
vn -4.41016e-06 4.41101e-06 -1
v -0.00179008 0.00130056 1.8937e-10 0.8 0.8 0.8
vn -5.23089e-06 3.39769e-06 -1
v -0.00202137 0.00089996 1.8937e-10 0.8 0.8 0.8
vn -5.823e-06 2.23588e-06 -1
v -0.00216431 0.000460026 1.8937e-10 0.8 0.8 0.8
vn -6.16062e-06 9.76354e-07 -1
v -0.00221267 -1.46101e-08 1.8937e-10 0.8 0.8 0.8
vn -6.22899e-06 -3.25848e-07 -1
v -0.00216431 -0.000460055 1.8937e-10 0.8 0.8 0.8
vn -6.02513e-06 -1.61381e-06 -1
v -0.00202137 -0.000899989 1.8937e-10 0.8 0.8 0.8
vn -5.55794e-06 -2.83124e-06 -1
v -0.00179008 -0.00130059 1.8937e-10 0.8 0.8 0.8
vn -4.84783e-06 -3.92493e-06 -1
v -0.00148056 -0.00164435 1.8937e-10 0.8 0.8 0.8
vn -3.92586e-06 -4.84708e-06 -1
v -0.00110633 -0.00191624 1.8937e-10 0.8 0.8 0.8
vn -2.8323e-06 -5.55739e-06 -1
v -0.000683747 -0.00210439 1.8937e-10 0.8 0.8 0.8
vn -1.61497e-06 -6.02482e-06 -1
v -0.000231281 -0.00220056 1.8937e-10 0.8 0.8 0.8
vn -3.27045e-07 -6.22893e-06 -1
v 0.000231293 -0.00220056 1.8937e-10 0.8 0.8 0.8
vn 9.7517e-07 -6.16081e-06 -1
v 0.000683759 -0.00210439 1.8937e-10 0.8 0.8 0.8
vn 2.23476e-06 -5.82343e-06 -1
v 0.00110634 -0.00191624 1.8937e-10 0.8 0.8 0.8
vn 3.39669e-06 -5.23154e-06 -1
v 0.00148057 -0.00164435 1.8937e-10 0.8 0.8 0.8
vn 4.41016e-06 -4.41101e-06 -1
v 0.00179009 -0.00130059 1.8937e-10 0.8 0.8 0.8
vn 5.23089e-06 -3.39769e-06 -1
v 0.00202138 -0.000899989 1.8937e-10 0.8 0.8 0.8
vn 5.823e-06 -2.23588e-06 -1
v 0.00216433 -0.000460055 1.8937e-10 0.8 0.8 0.8
vn 6.16062e-06 -9.76354e-07 -1
f 2//2 31//31 1//1
f 32//32 31//31 2//2
f 3//3 32//32 2//2
f 33//33 32//32 3//3
f 4//4 33//33 3//3
f 34//34 33//33 4//4
f 5//5 34//34 4//4
f 35//35 34//34 5//5
f 6//6 35//35 5//5
f 36//36 35//35 6//6
f 7//7 36//36 6//6
f 37//37 36//36 7//7
f 8//8 37//37 7//7
f 38//38 37//37 8//8
f 9//9 38//38 8//8
f 39//39 38//38 9//9
f 10//10 39//39 9//9
f 40//40 39//39 10//10
f 11//11 40//40 10//10
f 41//41 40//40 11//11
f 12//12 41//41 11//11
f 42//42 41//41 12//12
f 13//13 42//42 12//12
f 43//43 42//42 13//13
f 14//14 43//43 13//13
f 44//44 43//43 14//14
f 15//15 44//44 14//14
f 45//45 44//44 15//15
f 16//16 45//45 15//15
f 46//46 45//45 16//16
f 17//17 46//46 16//16
f 47//47 46//46 17//17
f 18//18 47//47 17//17
f 48//48 47//47 18//18
f 19//19 48//48 18//18
f 49//49 48//48 19//19
f 20//20 49//49 19//19
f 50//50 49//49 20//20
f 21//21 50//50 20//20
f 51//51 50//50 21//21
f 22//22 51//51 21//21
f 52//52 51//51 22//22
f 23//23 52//52 22//22
f 53//53 52//52 23//23
f 24//24 53//53 23//23
f 54//54 53//53 24//24
f 25//25 54//54 24//24
f 55//55 54//54 25//25
f 26//26 55//55 25//25
f 56//56 55//55 26//26
f 27//27 56//56 26//26
f 57//57 56//56 27//27
f 28//28 57//57 27//27
f 58//58 57//57 28//28
f 29//29 58//58 28//28
f 59//59 58//58 29//29
f 30//30 59//59 29//29
f 60//60 59//59 30//30
f 1//1 60//60 30//30
f 31//31 60//60 1//1
f 32//32 61//61 31//31
f 62//62 61//61 32//32
f 33//33 62//62 32//32
f 63//63 62//62 33//33
f 34//34 63//63 33//33
f 64//64 63//63 34//34
f 35//35 64//64 34//34
f 65//65 64//64 35//35
f 36//36 65//65 35//35
f 66//66 65//65 36//36
f 37//37 66//66 36//36
f 67//67 66//66 37//37
f 38//38 67//67 37//37
f 68//68 67//67 38//38
f 39//39 68//68 38//38
f 69//69 68//68 39//39
f 40//40 69//69 39//39
f 70//70 69//69 40//40
f 41//41 70//70 40//40
f 71//71 70//70 41//41
f 42//42 71//71 41//41
f 72//72 71//71 42//42
f 43//43 72//72 42//42
f 73//73 72//72 43//43
f 44//44 73//73 43//43
f 74//74 73//73 44//44
f 45//45 74//74 44//44
f 75//75 74//74 45//45
f 46//46 75//75 45//45
f 76//76 75//75 46//46
f 47//47 76//76 46//46
f 77//77 76//76 47//47
f 48//48 77//77 47//47
f 78//78 77//77 48//48
f 49//49 78//78 48//48
f 79//79 78//78 49//49
f 50//50 79//79 49//49
f 80//80 79//79 50//50
f 51//51 80//80 50//50
f 81//81 80//80 51//51
f 52//52 81//81 51//51
f 82//82 81//81 52//52
f 53//53 82//82 52//52
f 83//83 82//82 53//53
f 54//54 83//83 53//53
f 84//84 83//83 54//54
f 55//55 84//84 54//54
f 85//85 84//84 55//55
f 56//56 85//85 55//55
f 86//86 85//85 56//56
f 57//57 86//86 56//56
f 87//87 86//86 57//57
f 58//58 87//87 57//57
f 88//88 87//87 58//58
f 59//59 88//88 58//58
f 89//89 88//88 59//59
f 60//60 89//89 59//59
f 90//90 89//89 60//60
f 31//31 90//90 60//60
f 61//61 90//90 31//31
f 62//62 91//91 61//61
f 92//92 91//91 62//62
f 63//63 92//92 62//62
f 93//93 92//92 63//63
f 64//64 93//93 63//63
f 94//94 93//93 64//64
f 65//65 94//94 64//64
f 95//95 94//94 65//65
f 66//66 95//95 65//65
f 96//96 95//95 66//66
f 67//67 96//96 66//66
f 97//97 96//96 67//67
f 68//68 97//97 67//67
f 98//98 97//97 68//68
f 69//69 98//98 68//68
f 99//99 98//98 69//69
f 70//70 99//99 69//69
f 100//100 99//99 70//70
f 71//71 100//100 70//70
f 101//101 100//100 71//71
f 72//72 101//101 71//71
f 102//102 101//101 72//72
f 73//73 102//102 72//72
f 103//103 102//102 73//73
f 74//74 103//103 73//73
f 104//104 103//103 74//74
f 75//75 104//104 74//74
f 105//105 104//104 75//75
f 76//76 105//105 75//75
f 106//106 105//105 76//76
f 77//77 106//106 76//76
f 107//107 106//106 77//77
f 78//78 107//107 77//77
f 108//108 107//107 78//78
f 79//79 108//108 78//78
f 109//109 108//108 79//79
f 80//80 109//109 79//79
f 110//110 109//109 80//80
f 81//81 110//110 80//80
f 111//111 110//110 81//81
f 82//82 111//111 81//81
f 112//112 111//111 82//82
f 83//83 112//112 82//82
f 113//113 112//112 83//83
f 84//84 113//113 83//83
f 114//114 113//113 84//84
f 85//85 114//114 84//84
f 115//115 114//114 85//85
f 86//86 115//115 85//85
f 116//116 115//115 86//86
f 87//87 116//116 86//86
f 117//117 116//116 87//87
f 88//88 117//117 87//87
f 118//118 117//117 88//88
f 89//89 118//118 88//88
f 119//119 118//118 89//89
f 90//90 119//119 89//89
f 120//120 119//119 90//90
f 61//61 120//120 90//90
f 91//91 120//120 61//61
f 92//92 121//121 91//91
f 122//122 121//121 92//92
f 93//93 122//122 92//92
f 123//123 122//122 93//93
f 94//94 123//123 93//93
f 124//124 123//123 94//94
f 95//95 124//124 94//94
f 125//125 124//124 95//95
f 96//96 125//125 95//95
f 126//126 125//125 96//96
f 97//97 126//126 96//96
f 127//127 126//126 97//97
f 98//98 127//127 97//97
f 128//128 127//127 98//98
f 99//99 128//128 98//98
f 129//129 128//128 99//99
f 100//100 129//129 99//99
f 130//130 129//129 100//100
f 101//101 130//130 100//100
f 131//131 130//130 101//101
f 102//102 131//131 101//101
f 132//132 131//131 102//102
f 103//103 132//132 102//102
f 133//133 132//132 103//103
f 104//104 133//133 103//103
f 134//134 133//133 104//104
f 105//105 134//134 104//104
f 135//135 134//134 105//105
f 106//106 135//135 105//105
f 136//136 135//135 106//106
f 107//107 136//136 106//106
f 137//137 136//136 107//107
f 108//108 137//137 107//107
f 138//138 137//137 108//108
f 109//109 138//138 108//108
f 139//139 138//138 109//109
f 110//110 139//139 109//109
f 140//140 139//139 110//110
f 111//111 140//140 110//110
f 141//141 140//140 111//111
f 112//112 141//141 111//111
f 142//142 141//141 112//112
f 113//113 142//142 112//112
f 143//143 142//142 113//113
f 114//114 143//143 113//113
f 144//144 143//143 114//114
f 115//115 144//144 114//114
f 145//145 144//144 115//115
f 116//116 145//145 115//115
f 146//146 145//145 116//116
f 117//117 146//146 116//116
f 147//147 146//146 117//117
f 118//118 147//147 117//117
f 148//148 147//147 118//118
f 119//119 148//148 118//118
f 149//149 148//148 119//119
f 120//120 149//149 119//119
f 150//150 149//149 120//120
f 91//91 150//150 120//120
f 121//121 150//150 91//91
f 122//122 151//151 121//121
f 152//152 151//151 122//122
f 123//123 152//152 122//122
f 153//153 152//152 123//123
f 124//124 153//153 123//123
f 154//154 153//153 124//124
f 125//125 154//154 124//124
f 155//155 154//154 125//125
f 126//126 155//155 125//125
f 156//156 155//155 126//126
f 127//127 156//156 126//126
f 157//157 156//156 127//127
f 128//128 157//157 127//127
f 158//158 157//157 128//128
f 129//129 158//158 128//128
f 159//159 158//158 129//129
f 130//130 159//159 129//129
f 160//160 159//159 130//130
f 131//131 160//160 130//130
f 161//161 160//160 131//131
f 132//132 161//161 131//131
f 162//162 161//161 132//132
f 133//133 162//162 132//132
f 163//163 162//162 133//133
f 134//134 163//163 133//133
f 164//164 163//163 134//134
f 135//135 164//164 134//134
f 165//165 164//164 135//135
f 136//136 165//165 135//135
f 166//166 165//165 136//136
f 137//137 166//166 136//136
f 167//167 166//166 137//137
f 138//138 167//167 137//137
f 168//168 167//167 138//138
f 139//139 168//168 138//138
f 169//169 168//168 139//139
f 140//140 169//169 139//139
f 170//170 169//169 140//140
f 141//141 170//170 140//140
f 171//171 170//170 141//141
f 142//142 171//171 141//141
f 172//172 171//171 142//142
f 143//143 172//172 142//142
f 173//173 172//172 143//143
f 144//144 173//173 143//143
f 174//174 173//173 144//144
f 145//145 174//174 144//144
f 175//175 174//174 145//145
f 146//146 175//175 145//145
f 176//176 175//175 146//146
f 147//147 176//176 146//146
f 177//177 176//176 147//147
f 148//148 177//177 147//147
f 178//178 177//177 148//148
f 149//149 178//178 148//148
f 179//179 178//178 149//149
f 150//150 179//179 149//149
f 180//180 179//179 150//150
f 121//121 180//180 150//150
f 151//151 180//180 121//121
f 152//152 181//181 151//151
f 182//182 181//181 152//152
f 153//153 182//182 152//152
f 183//183 182//182 153//153
f 154//154 183//183 153//153
f 184//184 183//183 154//154
f 155//155 184//184 154//154
f 185//185 184//184 155//155
f 156//156 185//185 155//155
f 186//186 185//185 156//156
f 157//157 186//186 156//156
f 187//187 186//186 157//157
f 158//158 187//187 157//157
f 188//188 187//187 158//158
f 159//159 188//188 158//158
f 189//189 188//188 159//159
f 160//160 189//189 159//159
f 190//190 189//189 160//160
f 161//161 190//190 160//160
f 191//191 190//190 161//161
f 162//162 191//191 161//161
f 192//192 191//191 162//162
f 163//163 192//192 162//162
f 193//193 192//192 163//163
f 164//164 193//193 163//163
f 194//194 193//193 164//164
f 165//165 194//194 164//164
f 195//195 194//194 165//165
f 166//166 195//195 165//165
f 196//196 195//195 166//166
f 167//167 196//196 166//166
f 197//197 196//196 167//167
f 168//168 197//197 167//167
f 198//198 197//197 168//168
f 169//169 198//198 168//168
f 199//199 198//198 169//169
f 170//170 199//199 169//169
f 200//200 199//199 170//170
f 171//171 200//200 170//170
f 201//201 200//200 171//171
f 172//172 201//201 171//171
f 202//202 201//201 172//172
f 173//173 202//202 172//172
f 203//203 202//202 173//173
f 174//174 203//203 173//173
f 204//204 203//203 174//174
f 175//175 204//204 174//174
f 205//205 204//204 175//175
f 176//176 205//205 175//175
f 206//206 205//205 176//176
f 177//177 206//206 176//176
f 207//207 206//206 177//177
f 178//178 207//207 177//177
f 208//208 207//207 178//178
f 179//179 208//208 178//178
f 209//209 208//208 179//179
f 180//180 209//209 179//179
f 210//210 209//209 180//180
f 151//151 210//210 180//180
f 181//181 210//210 151//151
f 182//182 211//211 181//181
f 212//212 211//211 182//182
f 183//183 212//212 182//182
f 213//213 212//212 183//183
f 184//184 213//213 183//183
f 214//214 213//213 184//184
f 185//185 214//214 184//184
f 215//215 214//214 185//185
f 186//186 215//215 185//185
f 216//216 215//215 186//186
f 187//187 216//216 186//186
f 217//217 216//216 187//187
f 188//188 217//217 187//187
f 218//218 217//217 188//188
f 189//189 218//218 188//188
f 219//219 218//218 189//189
f 190//190 219//219 189//189
f 220//220 219//219 190//190
f 191//191 220//220 190//190
f 221//221 220//220 191//191
f 192//192 221//221 191//191
f 222//222 221//221 192//192
f 193//193 222//222 192//192
f 223//223 222//222 193//193
f 194//194 223//223 193//193
f 224//224 223//223 194//194
f 195//195 224//224 194//194
f 225//225 224//224 195//195
f 196//196 225//225 195//195
f 226//226 225//225 196//196
f 197//197 226//226 196//196
f 227//227 226//226 197//197
f 198//198 227//227 197//197
f 228//228 227//227 198//198
f 199//199 228//228 198//198
f 229//229 228//228 199//199
f 200//200 229//229 199//199
f 230//230 229//229 200//200
f 201//201 230//230 200//200
f 231//231 230//230 201//201
f 202//202 231//231 201//201
f 232//232 231//231 202//202
f 203//203 232//232 202//202
f 233//233 232//232 203//203
f 204//204 233//233 203//203
f 234//234 233//233 204//204
f 205//205 234//234 204//204
f 235//235 234//234 205//205
f 206//206 235//235 205//205
f 236//236 235//235 206//206
f 207//207 236//236 206//206
f 237//237 236//236 207//207
f 208//208 237//237 207//207
f 238//238 237//237 208//208
f 209//209 238//238 208//208
f 239//239 238//238 209//209
f 210//210 239//239 209//209
f 240//240 239//239 210//210
f 181//181 240//240 210//210
f 211//211 240//240 181//181
f 212//212 241//241 211//211
f 242//242 241//241 212//212
f 213//213 242//242 212//212
f 243//243 242//242 213//213
f 214//214 243//243 213//213
f 244//244 243//243 214//214
f 215//215 244//244 214//214
f 245//245 244//244 215//215
f 216//216 245//245 215//215
f 246//246 245//245 216//216
f 217//217 246//246 216//216
f 247//247 246//246 217//217
f 218//218 247//247 217//217
f 248//248 247//247 218//218
f 219//219 248//248 218//218
f 249//249 248//248 219//219
f 220//220 249//249 219//219
f 250//250 249//249 220//220
f 221//221 250//250 220//220
f 251//251 250//250 221//221
f 222//222 251//251 221//221
f 252//252 251//251 222//222
f 223//223 252//252 222//222
f 253//253 252//252 223//223
f 224//224 253//253 223//223
f 254//254 253//253 224//224
f 225//225 254//254 224//224
f 255//255 254//254 225//225
f 226//226 255//255 225//225
f 256//256 255//255 226//226
f 227//227 256//256 226//226
f 257//257 256//256 227//227
f 228//228 257//257 227//227
f 258//258 257//257 228//228
f 229//229 258//258 228//228
f 259//259 258//258 229//229
f 230//230 259//259 229//229
f 260//260 259//259 230//230
f 231//231 260//260 230//230
f 261//261 260//260 231//231
f 232//232 261//261 231//231
f 262//262 261//261 232//232
f 233//233 262//262 232//232
f 263//263 262//262 233//233
f 234//234 263//263 233//233
f 264//264 263//263 234//234
f 235//235 264//264 234//234
f 265//265 264//264 235//235
f 236//236 265//265 235//235
f 266//266 265//265 236//236
f 237//237 266//266 236//236
f 267//267 266//266 237//237
f 238//238 267//267 237//237
f 268//268 267//267 238//238
f 239//239 268//268 238//238
f 269//269 268//268 239//239
f 240//240 269//269 239//239
f 270//270 269//269 240//240
f 211//211 270//270 240//240
f 241//241 270//270 211//211
f 242//242 271//271 241//241
f 272//272 271//271 242//242
f 243//243 272//272 242//242
f 273//273 272//272 243//243
f 244//244 273//273 243//243
f 274//274 273//273 244//244
f 245//245 274//274 244//244
f 275//275 274//274 245//245
f 246//246 275//275 245//245
f 276//276 275//275 246//246
f 247//247 276//276 246//246
f 277//277 276//276 247//247
f 248//248 277//277 247//247
f 278//278 277//277 248//248
f 249//249 278//278 248//248
f 279//279 278//278 249//249
f 250//250 279//279 249//249
f 280//280 279//279 250//250
f 251//251 280//280 250//250
f 281//281 280//280 251//251
f 252//252 281//281 251//251
f 282//282 281//281 252//252
f 253//253 282//282 252//252
f 283//283 282//282 253//253
f 254//254 283//283 253//253
f 284//284 283//283 254//254
f 255//255 284//284 254//254
f 285//285 284//284 255//255
f 256//256 285//285 255//255
f 286//286 285//285 256//256
f 257//257 286//286 256//256
f 287//287 286//286 257//257
f 258//258 287//287 257//257
f 288//288 287//287 258//258
f 259//259 288//288 258//258
f 289//289 288//288 259//259
f 260//260 289//289 259//259
f 290//290 289//289 260//260
f 261//261 290//290 260//260
f 291//291 290//290 261//261
f 262//262 291//291 261//261
f 292//292 291//291 262//262
f 263//263 292//292 262//262
f 293//293 292//292 263//263
f 264//264 293//293 263//263
f 294//294 293//293 264//264
f 265//265 294//294 264//264
f 295//295 294//294 265//265
f 266//266 295//295 265//265
f 296//296 295//295 266//266
f 267//267 296//296 266//266
f 297//297 296//296 267//267
f 268//268 297//297 267//267
f 298//298 297//297 268//268
f 269//269 298//298 268//268
f 299//299 298//298 269//269
f 270//270 299//299 269//269
f 300//300 299//299 270//270
f 241//241 300//300 270//270
f 271//271 300//300 241//241
f 272//272 301//301 271//271
f 302//302 301//301 272//272
f 273//273 302//302 272//272
f 303//303 302//302 273//273
f 274//274 303//303 273//273
f 304//304 303//303 274//274
f 275//275 304//304 274//274
f 305//305 304//304 275//275
f 276//276 305//305 275//275
f 306//306 305//305 276//276
f 277//277 306//306 276//276
f 307//307 306//306 277//277
f 278//278 307//307 277//277
f 308//308 307//307 278//278
f 279//279 308//308 278//278
f 309//309 308//308 279//279
f 280//280 309//309 279//279
f 310//310 309//309 280//280
f 281//281 310//310 280//280
f 311//311 310//310 281//281
f 282//282 311//311 281//281
f 312//312 311//311 282//282
f 283//283 312//312 282//282
f 313//313 312//312 283//283
f 284//284 313//313 283//283
f 314//314 313//313 284//284
f 285//285 314//314 284//284
f 315//315 314//314 285//285
f 286//286 315//315 285//285
f 316//316 315//315 286//286
f 287//287 316//316 286//286
f 317//317 316//316 287//287
f 288//288 317//317 287//287
f 318//318 317//317 288//288
f 289//289 318//318 288//288
f 319//319 318//318 289//289
f 290//290 319//319 289//289
f 320//320 319//319 290//290
f 291//291 320//320 290//290
f 321//321 320//320 291//291
f 292//292 321//321 291//291
f 322//322 321//321 292//292
f 293//293 322//322 292//292
f 323//323 322//322 293//293
f 294//294 323//323 293//293
f 324//324 323//323 294//294
f 295//295 324//324 294//294
f 325//325 324//324 295//295
f 296//296 325//325 295//295
f 326//326 325//325 296//296
f 297//297 326//326 296//296
f 327//327 326//326 297//297
f 298//298 327//327 297//297
f 328//328 327//327 298//298
f 299//299 328//328 298//298
f 329//329 328//328 299//299
f 300//300 329//329 299//299
f 330//330 329//329 300//300
f 271//271 330//330 300//300
f 301//301 330//330 271//271
f 302//302 331//331 301//301
f 332//332 331//331 302//302
f 303//303 332//332 302//302
f 333//333 332//332 303//303
f 304//304 333//333 303//303
f 334//334 333//333 304//304
f 305//305 334//334 304//304
f 335//335 334//334 305//305
f 306//306 335//335 305//305
f 336//336 335//335 306//306
f 307//307 336//336 306//306
f 337//337 336//336 307//307
f 308//308 337//337 307//307
f 338//338 337//337 308//308
f 309//309 338//338 308//308
f 339//339 338//338 309//309
f 310//310 339//339 309//309
f 340//340 339//339 310//310
f 311//311 340//340 310//310
f 341//341 340//340 311//311
f 312//312 341//341 311//311
f 342//342 341//341 312//312
f 313//313 342//342 312//312
f 343//343 342//342 313//313
f 314//314 343//343 313//313
f 344//344 343//343 314//314
f 315//315 344//344 314//314
f 345//345 344//344 315//315
f 316//316 345//345 315//315
f 346//346 345//345 316//316
f 317//317 346//346 316//316
f 347//347 346//346 317//317
f 318//318 347//347 317//317
f 348//348 347//347 318//318
f 319//319 348//348 318//318
f 349//349 348//348 319//319
f 320//320 349//349 319//319
f 350//350 349//349 320//320
f 321//321 350//350 320//320
f 351//351 350//350 321//321
f 322//322 351//351 321//321
f 352//352 351//351 322//322
f 323//323 352//352 322//322
f 353//353 352//352 323//323
f 324//324 353//353 323//323
f 354//354 353//353 324//324
f 325//325 354//354 324//324
f 355//355 354//354 325//325
f 326//326 355//355 325//325
f 356//356 355//355 326//326
f 327//327 356//356 326//326
f 357//357 356//356 327//327
f 328//328 357//357 327//327
f 358//358 357//357 328//328
f 329//329 358//358 328//328
f 359//359 358//358 329//329
f 330//330 359//359 329//329
f 360//360 359//359 330//330
f 301//301 360//360 330//330
f 331//331 360//360 301//301
f 332//332 361//361 331//331
f 362//362 361//361 332//332
f 333//333 362//362 332//332
f 363//363 362//362 333//333
f 334//334 363//363 333//333
f 364//364 363//363 334//334
f 335//335 364//364 334//334
f 365//365 364//364 335//335
f 336//336 365//365 335//335
f 366//366 365//365 336//336
f 337//337 366//366 336//336
f 367//367 366//366 337//337
f 338//338 367//367 337//337
f 368//368 367//367 338//338
f 339//339 368//368 338//338
f 369//369 368//368 339//339
f 340//340 369//369 339//339
f 370//370 369//369 340//340
f 341//341 370//370 340//340
f 371//371 370//370 341//341
f 342//342 371//371 341//341
f 372//372 371//371 342//342
f 343//343 372//372 342//342
f 373//373 372//372 343//343
f 344//344 373//373 343//343
f 374//374 373//373 344//344
f 345//345 374//374 344//344
f 375//375 374//374 345//345
f 346//346 375//375 345//345
f 376//376 375//375 346//346
f 347//347 376//376 346//346
f 377//377 376//376 347//347
f 348//348 377//377 347//347
f 378//378 377//377 348//348
f 349//349 378//378 348//348
f 379//379 378//378 349//349
f 350//350 379//379 349//349
f 380//380 379//379 350//350
f 351//351 380//380 350//350
f 381//381 380//380 351//351
f 352//352 381//381 351//351
f 382//382 381//381 352//352
f 353//353 382//382 352//352
f 383//383 382//382 353//353
f 354//354 383//383 353//353
f 384//384 383//383 354//354
f 355//355 384//384 354//354
f 385//385 384//384 355//355
f 356//356 385//385 355//355
f 386//386 385//385 356//356
f 357//357 386//386 356//356
f 387//387 386//386 357//357
f 358//358 387//387 357//357
f 388//388 387//387 358//358
f 359//359 388//388 358//358
f 389//389 388//388 359//359
f 360//360 389//389 359//359
f 390//390 389//389 360//360
f 331//331 390//390 360//360
f 361//361 390//390 331//331
f 362//362 391//391 361//361
f 392//392 391//391 362//362
f 363//363 392//392 362//362
f 393//393 392//392 363//363
f 364//364 393//393 363//363
f 394//394 393//393 364//364
f 365//365 394//394 364//364
f 395//395 394//394 365//365
f 366//366 395//395 365//365
f 396//396 395//395 366//366
f 367//367 396//396 366//366
f 397//397 396//396 367//367
f 368//368 397//397 367//367
f 398//398 397//397 368//368
f 369//369 398//398 368//368
f 399//399 398//398 369//369
f 370//370 399//399 369//369
f 400//400 399//399 370//370
f 371//371 400//400 370//370
f 401//401 400//400 371//371
f 372//372 401//401 371//371
f 402//402 401//401 372//372
f 373//373 402//402 372//372
f 403//403 402//402 373//373
f 374//374 403//403 373//373
f 404//404 403//403 374//374
f 375//375 404//404 374//374
f 405//405 404//404 375//375
f 376//376 405//405 375//375
f 406//406 405//405 376//376
f 377//377 406//406 376//376
f 407//407 406//406 377//377
f 378//378 407//407 377//377
f 408//408 407//407 378//378
f 379//379 408//408 378//378
f 409//409 408//408 379//379
f 380//380 409//409 379//379
f 410//410 409//409 380//380
f 381//381 410//410 380//380
f 411//411 410//410 381//381
f 382//382 411//411 381//381
f 412//412 411//411 382//382
f 383//383 412//412 382//382
f 413//413 412//412 383//383
f 384//384 413//413 383//383
f 414//414 413//413 384//384
f 385//385 414//414 384//384
f 415//415 414//414 385//385
f 386//386 415//415 385//385
f 416//416 415//415 386//386
f 387//387 416//416 386//386
f 417//417 416//416 387//387
f 388//388 417//417 387//387
f 418//418 417//417 388//388
f 389//389 418//418 388//388
f 419//419 418//418 389//389
f 390//390 419//419 389//389
f 420//420 419//419 390//390
f 361//361 420//420 390//390
f 391//391 420//420 361//361
f 392//392 421//421 391//391
f 422//422 421//421 392//392
f 393//393 422//422 392//392
f 423//423 422//422 393//393
f 394//394 423//423 393//393
f 424//424 423//423 394//394
f 395//395 424//424 394//394
f 425//425 424//424 395//395
f 396//396 425//425 395//395
f 426//426 425//425 396//396
f 397//397 426//426 396//396
f 427//427 426//426 397//397
f 398//398 427//427 397//397
f 428//428 427//427 398//398
f 399//399 428//428 398//398
f 429//429 428//428 399//399
f 400//400 429//429 399//399
f 430//430 429//429 400//400
f 401//401 430//430 400//400
f 431//431 430//430 401//401
f 402//402 431//431 401//401
f 432//432 431//431 402//402
f 403//403 432//432 402//402
f 433//433 432//432 403//403
f 404//404 433//433 403//403
f 434//434 433//433 404//404
f 405//405 434//434 404//404
f 435//435 434//434 405//405
f 406//406 435//435 405//405
f 436//436 435//435 406//406
f 407//407 436//436 406//406
f 437//437 436//436 407//407
f 408//408 437//437 407//407
f 438//438 437//437 408//408
f 409//409 438//438 408//408
f 439//439 438//438 409//409
f 410//410 439//439 409//409
f 440//440 439//439 410//410
f 411//411 440//440 410//410
f 441//441 440//440 411//411
f 412//412 441//441 411//411
f 442//442 441//441 412//412
f 413//413 442//442 412//412
f 443//443 442//442 413//413
f 414//414 443//443 413//413
f 444//444 443//443 414//414
f 415//415 444//444 414//414
f 445//445 444//444 415//415
f 416//416 445//445 415//415
f 446//446 445//445 416//416
f 417//417 446//446 416//416
f 447//447 446//446 417//417
f 418//418 447//447 417//417
f 448//448 447//447 418//418
f 419//419 448//448 418//418
f 449//449 448//448 419//419
f 420//420 449//449 419//419
f 450//450 449//449 420//420
f 391//391 450//450 420//420
f 421//421 450//450 391//391
f 422//422 451//451 421//421
f 452//452 451//451 422//422
f 423//423 452//452 422//422
f 453//453 452//452 423//423
f 424//424 453//453 423//423
f 454//454 453//453 424//424
f 425//425 454//454 424//424
f 455//455 454//454 425//425
f 426//426 455//455 425//425
f 456//456 455//455 426//426
f 427//427 456//456 426//426
f 457//457 456//456 427//427
f 428//428 457//457 427//427
f 458//458 457//457 428//428
f 429//429 458//458 428//428
f 459//459 458//458 429//429
f 430//430 459//459 429//429
f 460//460 459//459 430//430
f 431//431 460//460 430//430
f 461//461 460//460 431//431
f 432//432 461//461 431//431
f 462//462 461//461 432//432
f 433//433 462//462 432//432
f 463//463 462//462 433//433
f 434//434 463//463 433//433
f 464//464 463//463 434//434
f 435//435 464//464 434//434
f 465//465 464//464 435//435
f 436//436 465//465 435//435
f 466//466 465//465 436//436
f 437//437 466//466 436//436
f 467//467 466//466 437//437
f 438//438 467//467 437//437
f 468//468 467//467 438//438
f 439//439 468//468 438//438
f 469//469 468//468 439//439
f 440//440 469//469 439//439
f 470//470 469//469 440//440
f 441//441 470//470 440//440
f 471//471 470//470 441//441
f 442//442 471//471 441//441
f 472//472 471//471 442//442
f 443//443 472//472 442//442
f 473//473 472//472 443//443
f 444//444 473//473 443//443
f 474//474 473//473 444//444
f 445//445 474//474 444//444
f 475//475 474//474 445//445
f 446//446 475//475 445//445
f 476//476 475//475 446//446
f 447//447 476//476 446//446
f 477//477 476//476 447//447
f 448//448 477//477 447//447
f 478//478 477//477 448//448
f 449//449 478//478 448//448
f 479//479 478//478 449//449
f 450//450 479//479 449//449
f 480//480 479//479 450//450
f 421//421 480//480 450//450
f 451//451 480//480 421//421
f 452//452 481//481 451//451
f 482//482 481//481 452//452
f 453//453 482//482 452//452
f 483//483 482//482 453//453
f 454//454 483//483 453//453
f 484//484 483//483 454//454
f 455//455 484//484 454//454
f 485//485 484//484 455//455
f 456//456 485//485 455//455
f 486//486 485//485 456//456
f 457//457 486//486 456//456
f 487//487 486//486 457//457
f 458//458 487//487 457//457
f 488//488 487//487 458//458
f 459//459 488//488 458//458
f 489//489 488//488 459//459
f 460//460 489//489 459//459
f 490//490 489//489 460//460
f 461//461 490//490 460//460
f 491//491 490//490 461//461
f 462//462 491//491 461//461
f 492//492 491//491 462//462
f 463//463 492//492 462//462
f 493//493 492//492 463//463
f 464//464 493//493 463//463
f 494//494 493//493 464//464
f 465//465 494//494 464//464
f 495//495 494//494 465//465
f 466//466 495//495 465//465
f 496//496 495//495 466//466
f 467//467 496//496 466//466
f 497//497 496//496 467//467
f 468//468 497//497 467//467
f 498//498 497//497 468//468
f 469//469 498//498 468//468
f 499//499 498//498 469//469
f 470//470 499//499 469//469
f 500//500 499//499 470//470
f 471//471 500//500 470//470
f 501//501 500//500 471//471
f 472//472 501//501 471//471
f 502//502 501//501 472//472
f 473//473 502//502 472//472
f 503//503 502//502 473//473
f 474//474 503//503 473//473
f 504//504 503//503 474//474
f 475//475 504//504 474//474
f 505//505 504//504 475//475
f 476//476 505//505 475//475
f 506//506 505//505 476//476
f 477//477 506//506 476//476
f 507//507 506//506 477//477
f 478//478 507//507 477//477
f 508//508 507//507 478//478
f 479//479 508//508 478//478
f 509//509 508//508 479//479
f 480//480 509//509 479//479
f 510//510 509//509 480//480
f 451//451 510//510 480//480
f 481//481 510//510 451//451
f 482//482 511//511 481//481
f 512//512 511//511 482//482
f 483//483 512//512 482//482
f 513//513 512//512 483//483
f 484//484 513//513 483//483
f 514//514 513//513 484//484
f 485//485 514//514 484//484
f 515//515 514//514 485//485
f 486//486 515//515 485//485
f 516//516 515//515 486//486
f 487//487 516//516 486//486
f 517//517 516//516 487//487
f 488//488 517//517 487//487
f 518//518 517//517 488//488
f 489//489 518//518 488//488
f 519//519 518//518 489//489
f 490//490 519//519 489//489
f 520//520 519//519 490//490
f 491//491 520//520 490//490
f 521//521 520//520 491//491
f 492//492 521//521 491//491
f 522//522 521//521 492//492
f 493//493 522//522 492//492
f 523//523 522//522 493//493
f 494//494 523//523 493//493
f 524//524 523//523 494//494
f 495//495 524//524 494//494
f 525//525 524//524 495//495
f 496//496 525//525 495//495
f 526//526 525//525 496//496
f 497//497 526//526 496//496
f 527//527 526//526 497//497
f 498//498 527//527 497//497
f 528//528 527//527 498//498
f 499//499 528//528 498//498
f 529//529 528//528 499//499
f 500//500 529//529 499//499
f 530//530 529//529 500//500
f 501//501 530//530 500//500
f 531//531 530//530 501//501
f 502//502 531//531 501//501
f 532//532 531//531 502//502
f 503//503 532//532 502//502
f 533//533 532//532 503//503
f 504//504 533//533 503//503
f 534//534 533//533 504//504
f 505//505 534//534 504//504
f 535//535 534//534 505//505
f 506//506 535//535 505//505
f 536//536 535//535 506//506
f 507//507 536//536 506//506
f 537//537 536//536 507//507
f 508//508 537//537 507//507
f 538//538 537//537 508//508
f 509//509 538//538 508//508
f 539//539 538//538 509//509
f 510//510 539//539 509//509
f 540//540 539//539 510//510
f 481//481 540//540 510//510
f 511//511 540//540 481//481
f 512//512 541//541 511//511
f 542//542 541//541 512//512
f 513//513 542//542 512//512
f 543//543 542//542 513//513
f 514//514 543//543 513//513
f 544//544 543//543 514//514
f 515//515 544//544 514//514
f 545//545 544//544 515//515
f 516//516 545//545 515//515
f 546//546 545//545 516//516
f 517//517 546//546 516//516
f 547//547 546//546 517//517
f 518//518 547//547 517//517
f 548//548 547//547 518//518
f 519//519 548//548 518//518
f 549//549 548//548 519//519
f 520//520 549//549 519//519
f 550//550 549//549 520//520
f 521//521 550//550 520//520
f 551//551 550//550 521//521
f 522//522 551//551 521//521
f 552//552 551//551 522//522
f 523//523 552//552 522//522
f 553//553 552//552 523//523
f 524//524 553//553 523//523
f 554//554 553//553 524//524
f 525//525 554//554 524//524
f 555//555 554//554 525//525
f 526//526 555//555 525//525
f 556//556 555//555 526//526
f 527//527 556//556 526//526
f 557//557 556//556 527//527
f 528//528 557//557 527//527
f 558//558 557//557 528//528
f 529//529 558//558 528//528
f 559//559 558//558 529//529
f 530//530 559//559 529//529
f 560//560 559//559 530//530
f 531//531 560//560 530//530
f 561//561 560//560 531//531
f 532//532 561//561 531//531
f 562//562 561//561 532//532
f 533//533 562//562 532//532
f 563//563 562//562 533//533
f 534//534 563//563 533//533
f 564//564 563//563 534//534
f 535//535 564//564 534//534
f 565//565 564//564 535//535
f 536//536 565//565 535//535
f 566//566 565//565 536//536
f 537//537 566//566 536//536
f 567//567 566//566 537//537
f 538//538 567//567 537//537
f 568//568 567//567 538//538
f 539//539 568//568 538//538
f 569//569 568//568 539//539
f 540//540 569//569 539//539
f 570//570 569//569 540//540
f 511//511 570//570 540//540
f 541//541 570//570 511//511
f 542//542 571//571 541//541
f 572//572 571//571 542//542
f 543//543 572//572 542//542
f 573//573 572//572 543//543
f 544//544 573//573 543//543
f 574//574 573//573 544//544
f 545//545 574//574 544//544
f 575//575 574//574 545//545
f 546//546 575//575 545//545
f 576//576 575//575 546//546
f 547//547 576//576 546//546
f 577//577 576//576 547//547
f 548//548 577//577 547//547
f 578//578 577//577 548//548
f 549//549 578//578 548//548
f 579//579 578//578 549//549
f 550//550 579//579 549//549
f 580//580 579//579 550//550
f 551//551 580//580 550//550
f 581//581 580//580 551//551
f 552//552 581//581 551//551
f 582//582 581//581 552//552
f 553//553 582//582 552//552
f 583//583 582//582 553//553
f 554//554 583//583 553//553
f 584//584 583//583 554//554
f 555//555 584//584 554//554
f 585//585 584//584 555//555
f 556//556 585//585 555//555
f 586//586 585//585 556//556
f 557//557 586//586 556//556
f 587//587 586//586 557//557
f 558//558 587//587 557//557
f 588//588 587//587 558//558
f 559//559 588//588 558//558
f 589//589 588//588 559//559
f 560//560 589//589 559//559
f 590//590 589//589 560//560
f 561//561 590//590 560//560
f 591//591 590//590 561//561
f 562//562 591//591 561//561
f 592//592 591//591 562//562
f 563//563 592//592 562//562
f 593//593 592//592 563//563
f 564//564 593//593 563//563
f 594//594 593//593 564//564
f 565//565 594//594 564//564
f 595//595 594//594 565//565
f 566//566 595//595 565//565
f 596//596 595//595 566//566
f 567//567 596//596 566//566
f 597//597 596//596 567//567
f 568//568 597//597 567//567
f 598//598 597//597 568//568
f 569//569 598//598 568//568
f 599//599 598//598 569//569
f 570//570 599//599 569//569
f 600//600 599//599 570//570
f 541//541 600//600 570//570
f 571//571 600//600 541//541
f 572//572 601//601 571//571
f 573//573 601//601 572//572
f 574//574 601//601 573//573
f 575//575 601//601 574//574
f 576//576 601//601 575//575
f 577//577 601//601 576//576
f 578//578 601//601 577//577
f 579//579 601//601 578//578
f 580//580 601//601 579//579
f 581//581 601//601 580//580
f 582//582 601//601 581//581
f 583//583 601//601 582//582
f 584//584 601//601 583//583
f 585//585 601//601 584//584
f 586//586 601//601 585//585
f 587//587 601//601 586//586
f 588//588 601//601 587//587
f 589//589 601//601 588//588
f 590//590 601//601 589//589
f 591//591 601//601 590//590
f 592//592 601//601 591//591
f 593//593 601//601 592//592
f 594//594 601//601 593//593
f 595//595 601//601 594//594
f 596//596 601//601 595//595
f 597//597 601//601 596//596
f 598//598 601//601 597//597
f 599//599 601//601 598//598
f 600//600 601//601 599//599
f 571//571 601//601 600//600
f 632//632 603//603 602//602
f 632//632 633//633 603//603
f 633//633 604//604 603//603
f 633//633 634//634 604//604
f 634//634 605//605 604//604
f 634//634 635//635 605//605
f 635//635 606//606 605//605
f 635//635 636//636 606//606
f 636//636 607//607 606//606
f 636//636 637//637 607//607
f 637//637 608//608 607//607
f 637//637 638//638 608//608
f 638//638 609//609 608//608
f 638//638 639//639 609//609
f 639//639 610//610 609//609
f 639//639 640//640 610//610
f 640//640 611//611 610//610
f 640//640 641//641 611//611
f 641//641 612//612 611//611
f 641//641 642//642 612//612
f 642//642 613//613 612//612
f 642//642 643//643 613//613
f 643//643 614//614 613//613
f 643//643 644//644 614//614
f 644//644 615//615 614//614
f 644//644 645//645 615//615
f 645//645 616//616 615//615
f 645//645 646//646 616//616
f 646//646 617//617 616//616
f 646//646 647//647 617//617
f 647//647 618//618 617//617
f 647//647 648//648 618//618
f 648//648 619//619 618//618
f 648//648 649//649 619//619
f 649//649 620//620 619//619
f 649//649 650//650 620//620
f 650//650 621//621 620//620
f 650//650 651//651 621//621
f 651//651 622//622 621//621
f 651//651 652//652 622//622
f 652//652 623//623 622//622
f 652//652 653//653 623//623
f 653//653 624//624 623//623
f 653//653 654//654 624//624
f 654//654 625//625 624//624
f 654//654 655//655 625//625
f 655//655 626//626 625//625
f 655//655 656//656 626//626
f 656//656 627//627 626//626
f 656//656 657//657 627//627
f 657//657 628//628 627//627
f 657//657 658//658 628//628
f 658//658 629//629 628//628
f 658//658 659//659 629//629
f 659//659 630//630 629//629
f 659//659 660//660 630//630
f 660//660 631//631 630//630
f 660//660 661//661 631//631
f 661//661 602//602 631//631
f 661//661 632//632 602//602
f 662//662 633//633 632//632
f 662//662 663//663 633//633
f 663//663 634//634 633//633
f 663//663 664//664 634//634
f 664//664 635//635 634//634
f 664//664 665//665 635//635
f 665//665 636//636 635//635
f 665//665 666//666 636//636
f 666//666 637//637 636//636
f 666//666 667//667 637//637
f 667//667 638//638 637//637
f 667//667 668//668 638//638
f 668//668 639//639 638//638
f 668//668 669//669 639//639
f 669//669 640//640 639//639
f 669//669 670//670 640//640
f 670//670 641//641 640//640
f 670//670 671//671 641//641
f 671//671 642//642 641//641
f 671//671 672//672 642//642
f 672//672 643//643 642//642
f 672//672 673//673 643//643
f 673//673 644//644 643//643
f 673//673 674//674 644//644
f 674//674 645//645 644//644
f 674//674 675//675 645//645
f 675//675 646//646 645//645
f 675//675 676//676 646//646
f 676//676 647//647 646//646
f 676//676 677//677 647//647
f 677//677 648//648 647//647
f 677//677 678//678 648//648
f 678//678 649//649 648//648
f 678//678 679//679 649//649
f 679//679 650//650 649//649
f 679//679 680//680 650//650
f 680//680 651//651 650//650
f 680//680 681//681 651//651
f 681//681 652//652 651//651
f 681//681 682//682 652//652
f 682//682 653//653 652//652
f 682//682 683//683 653//653
f 683//683 654//654 653//653
f 683//683 684//684 654//654
f 684//684 655//655 654//654
f 684//684 685//685 655//655
f 685//685 656//656 655//655
f 685//685 686//686 656//656
f 686//686 657//657 656//656
f 686//686 687//687 657//657
f 687//687 658//658 657//657
f 687//687 688//688 658//658
f 688//688 659//659 658//658
f 688//688 689//689 659//659
f 689//689 660//660 659//659
f 689//689 690//690 660//660
f 690//690 661//661 660//660
f 690//690 691//691 661//661
f 691//691 632//632 661//661
f 691//691 662//662 632//632
f 692//692 663//663 662//662
f 692//692 693//693 663//663
f 693//693 664//664 663//663
f 693//693 694//694 664//664
f 694//694 665//665 664//664
f 694//694 695//695 665//665
f 695//695 666//666 665//665
f 695//695 696//696 666//666
f 696//696 667//667 666//666
f 696//696 697//697 667//667
f 697//697 668//668 667//667
f 697//697 698//698 668//668
f 698//698 669//669 668//668
f 698//698 699//699 669//669
f 699//699 670//670 669//669
f 699//699 700//700 670//670
f 700//700 671//671 670//670
f 700//700 701//701 671//671
f 701//701 672//672 671//671
f 701//701 702//702 672//672
f 702//702 673//673 672//672
f 702//702 703//703 673//673
f 703//703 674//674 673//673
f 703//703 704//704 674//674
f 704//704 675//675 674//674
f 704//704 705//705 675//675
f 705//705 676//676 675//675
f 705//705 706//706 676//676
f 706//706 677//677 676//676
f 706//706 707//707 677//677
f 707//707 678//678 677//677
f 707//707 708//708 678//678
f 708//708 679//679 678//678
f 708//708 709//709 679//679
f 709//709 680//680 679//679
f 709//709 710//710 680//680
f 710//710 681//681 680//680
f 710//710 711//711 681//681
f 711//711 682//682 681//681
f 711//711 712//712 682//682
f 712//712 683//683 682//682
f 712//712 713//713 683//683
f 713//713 684//684 683//683
f 713//713 714//714 684//684
f 714//714 685//685 684//684
f 714//714 715//715 685//685
f 715//715 686//686 685//685
f 715//715 716//716 686//686
f 716//716 687//687 686//686
f 716//716 717//717 687//687
f 717//717 688//688 687//687
f 717//717 718//718 688//688
f 718//718 689//689 688//688
f 718//718 719//719 689//689
f 719//719 690//690 689//689
f 719//719 720//720 690//690
f 720//720 691//691 690//690
f 720//720 721//721 691//691
f 721//721 662//662 691//691
f 721//721 692//692 662//662
f 722//722 693//693 692//692
f 722//722 723//723 693//693
f 723//723 694//694 693//693
f 723//723 724//724 694//694
f 724//724 695//695 694//694
f 724//724 725//725 695//695
f 725//725 696//696 695//695
f 725//725 726//726 696//696
f 726//726 697//697 696//696
f 726//726 727//727 697//697
f 727//727 698//698 697//697
f 727//727 728//728 698//698
f 728//728 699//699 698//698
f 728//728 729//729 699//699
f 729//729 700//700 699//699
f 729//729 730//730 700//700
f 730//730 701//701 700//700
f 730//730 731//731 701//701
f 731//731 702//702 701//701
f 731//731 732//732 702//702
f 732//732 703//703 702//702
f 732//732 733//733 703//703
f 733//733 704//704 703//703
f 733//733 734//734 704//704
f 734//734 705//705 704//704
f 734//734 735//735 705//705
f 735//735 706//706 705//705
f 735//735 736//736 706//706
f 736//736 707//707 706//706
f 736//736 737//737 707//707
f 737//737 708//708 707//707
f 737//737 738//738 708//708
f 738//738 709//709 708//708
f 738//738 739//739 709//709
f 739//739 710//710 709//709
f 739//739 740//740 710//710
f 740//740 711//711 710//710
f 740//740 741//741 711//711
f 741//741 712//712 711//711
f 741//741 742//742 712//712
f 742//742 713//713 712//712
f 742//742 743//743 713//713
f 743//743 714//714 713//713
f 743//743 744//744 714//714
f 744//744 715//715 714//714
f 744//744 745//745 715//715
f 745//745 716//716 715//715
f 745//745 746//746 716//716
f 746//746 717//717 716//716
f 746//746 747//747 717//717
f 747//747 718//718 717//717
f 747//747 748//748 718//718
f 748//748 719//719 718//718
f 748//748 749//749 719//719
f 749//749 720//720 719//719
f 749//749 750//750 720//720
f 750//750 721//721 720//720
f 750//750 751//751 721//721
f 751//751 692//692 721//721
f 751//751 722//722 692//692
f 752//752 723//723 722//722
f 752//752 753//753 723//723
f 753//753 724//724 723//723
f 753//753 754//754 724//724
f 754//754 725//725 724//724
f 754//754 755//755 725//725
f 755//755 726//726 725//725
f 755//755 756//756 726//726
f 756//756 727//727 726//726
f 756//756 757//757 727//727
f 757//757 728//728 727//727
f 757//757 758//758 728//728
f 758//758 729//729 728//728
f 758//758 759//759 729//729
f 759//759 730//730 729//729
f 759//759 760//760 730//730
f 760//760 731//731 730//730
f 760//760 761//761 731//731
f 761//761 732//732 731//731
f 761//761 762//762 732//732
f 762//762 733//733 732//732
f 762//762 763//763 733//733
f 763//763 734//734 733//733
f 763//763 764//764 734//734
f 764//764 735//735 734//734
f 764//764 765//765 735//735
f 765//765 736//736 735//735
f 765//765 766//766 736//736
f 766//766 737//737 736//736
f 766//766 767//767 737//737
f 767//767 738//738 737//737
f 767//767 768//768 738//738
f 768//768 739//739 738//738
f 768//768 769//769 739//739
f 769//769 740//740 739//739
f 769//769 770//770 740//740
f 770//770 741//741 740//740
f 770//770 771//771 741//741
f 771//771 742//742 741//741
f 771//771 772//772 742//742
f 772//772 743//743 742//742
f 772//772 773//773 743//743
f 773//773 744//744 743//743
f 773//773 774//774 744//744
f 774//774 745//745 744//744
f 774//774 775//775 745//745
f 775//775 746//746 745//745
f 775//775 776//776 746//746
f 776//776 747//747 746//746
f 776//776 777//777 747//747
f 777//777 748//748 747//747
f 777//777 778//778 748//748
f 778//778 749//749 748//748
f 778//778 779//779 749//749
f 779//779 750//750 749//749
f 779//779 780//780 750//750
f 780//780 751//751 750//750
f 780//780 781//781 751//751
f 781//781 722//722 751//751
f 781//781 752//752 722//722
f 782//782 753//753 752//752
f 782//782 783//783 753//753
f 783//783 754//754 753//753
f 783//783 784//784 754//754
f 784//784 755//755 754//754
f 784//784 785//785 755//755
f 785//785 756//756 755//755
f 785//785 786//786 756//756
f 786//786 757//757 756//756
f 786//786 787//787 757//757
f 787//787 758//758 757//757
f 787//787 788//788 758//758
f 788//788 759//759 758//758
f 788//788 789//789 759//759
f 789//789 760//760 759//759
f 789//789 790//790 760//760
f 790//790 761//761 760//760
f 790//790 791//791 761//761
f 791//791 762//762 761//761
f 791//791 792//792 762//762
f 792//792 763//763 762//762
f 792//792 793//793 763//763
f 793//793 764//764 763//763
f 793//793 794//794 764//764
f 794//794 765//765 764//764
f 794//794 795//795 765//765
f 795//795 766//766 765//765
f 795//795 796//796 766//766
f 796//796 767//767 766//766
f 796//796 797//797 767//767
f 797//797 768//768 767//767
f 797//797 798//798 768//768
f 798//798 769//769 768//768
f 798//798 799//799 769//769
f 799//799 770//770 769//769
f 799//799 800//800 770//770
f 800//800 771//771 770//770
f 800//800 801//801 771//771
f 801//801 772//772 771//771
f 801//801 802//802 772//772
f 802//802 773//773 772//772
f 802//802 803//803 773//773
f 803//803 774//774 773//773
f 803//803 804//804 774//774
f 804//804 775//775 774//774
f 804//804 805//805 775//775
f 805//805 776//776 775//775
f 805//805 806//806 776//776
f 806//806 777//777 776//776
f 806//806 807//807 777//777
f 807//807 778//778 777//777
f 807//807 808//808 778//778
f 808//808 779//779 778//778
f 808//808 809//809 779//779
f 809//809 780//780 779//779
f 809//809 810//810 780//780
f 810//810 781//781 780//780
f 810//810 811//811 781//781
f 811//811 752//752 781//781
f 811//811 782//782 752//752
f 812//812 783//783 782//782
f 812//812 813//813 783//783
f 813//813 784//784 783//783
f 813//813 814//814 784//784
f 814//814 785//785 784//784
f 814//814 815//815 785//785
f 815//815 786//786 785//785
f 815//815 816//816 786//786
f 816//816 787//787 786//786
f 816//816 817//817 787//787
f 817//817 788//788 787//787
f 817//817 818//818 788//788
f 818//818 789//789 788//788
f 818//818 819//819 789//789
f 819//819 790//790 789//789
f 819//819 820//820 790//790
f 820//820 791//791 790//790
f 820//820 821//821 791//791
f 821//821 792//792 791//791
f 821//821 822//822 792//792
f 822//822 793//793 792//792
f 822//822 823//823 793//793
f 823//823 794//794 793//793
f 823//823 824//824 794//794
f 824//824 795//795 794//794
f 824//824 825//825 795//795
f 825//825 796//796 795//795
f 825//825 826//826 796//796
f 826//826 797//797 796//796
f 826//826 827//827 797//797
f 827//827 798//798 797//797
f 827//827 828//828 798//798
f 828//828 799//799 798//798
f 828//828 829//829 799//799
f 829//829 800//800 799//799
f 829//829 830//830 800//800
f 830//830 801//801 800//800
f 830//830 831//831 801//801
f 831//831 802//802 801//801
f 831//831 832//832 802//802
f 832//832 803//803 802//802
f 832//832 833//833 803//803
f 833//833 804//804 803//803
f 833//833 834//834 804//804
f 834//834 805//805 804//804
f 834//834 835//835 805//805
f 835//835 806//806 805//805
f 835//835 836//836 806//806
f 836//836 807//807 806//806
f 836//836 837//837 807//807
f 837//837 808//808 807//807
f 837//837 838//838 808//808
f 838//838 809//809 808//808
f 838//838 839//839 809//809
f 839//839 810//810 809//809
f 839//839 840//840 810//810
f 840//840 811//811 810//810
f 840//840 841//841 811//811
f 841//841 782//782 811//811
f 841//841 812//812 782//782
f 842//842 813//813 812//812
f 842//842 843//843 813//813
f 843//843 814//814 813//813
f 843//843 844//844 814//814
f 844//844 815//815 814//814
f 844//844 845//845 815//815
f 845//845 816//816 815//815
f 845//845 846//846 816//816
f 846//846 817//817 816//816
f 846//846 847//847 817//817
f 847//847 818//818 817//817
f 847//847 848//848 818//818
f 848//848 819//819 818//818
f 848//848 849//849 819//819
f 849//849 820//820 819//819
f 849//849 850//850 820//820
f 850//850 821//821 820//820
f 850//850 851//851 821//821
f 851//851 822//822 821//821
f 851//851 852//852 822//822
f 852//852 823//823 822//822
f 852//852 853//853 823//823
f 853//853 824//824 823//823
f 853//853 854//854 824//824
f 854//854 825//825 824//824
f 854//854 855//855 825//825
f 855//855 826//826 825//825
f 855//855 856//856 826//826
f 856//856 827//827 826//826
f 856//856 857//857 827//827
f 857//857 828//828 827//827
f 857//857 858//858 828//828
f 858//858 829//829 828//828
f 858//858 859//859 829//829
f 859//859 830//830 829//829
f 859//859 860//860 830//830
f 860//860 831//831 830//830
f 860//860 861//861 831//831
f 861//861 832//832 831//831
f 861//861 862//862 832//832
f 862//862 833//833 832//832
f 862//862 863//863 833//833
f 863//863 834//834 833//833
f 863//863 864//864 834//834
f 864//864 835//835 834//834
f 864//864 865//865 835//835
f 865//865 836//836 835//835
f 865//865 866//866 836//836
f 866//866 837//837 836//836
f 866//866 867//867 837//837
f 867//867 838//838 837//837
f 867//867 868//868 838//838
f 868//868 839//839 838//838
f 868//868 869//869 839//839
f 869//869 840//840 839//839
f 869//869 870//870 840//840
f 870//870 841//841 840//840
f 870//870 871//871 841//841
f 871//871 812//812 841//841
f 871//871 842//842 812//812
f 872//872 843//843 842//842
f 872//872 873//873 843//843
f 873//873 844//844 843//843
f 873//873 874//874 844//844
f 874//874 845//845 844//844
f 874//874 875//875 845//845
f 875//875 846//846 845//845
f 875//875 876//876 846//846
f 876//876 847//847 846//846
f 876//876 877//877 847//847
f 877//877 848//848 847//847
f 877//877 878//878 848//848
f 878//878 849//849 848//848
f 878//878 879//879 849//849
f 879//879 850//850 849//849
f 879//879 880//880 850//850
f 880//880 851//851 850//850
f 880//880 881//881 851//851
f 881//881 852//852 851//851
f 881//881 882//882 852//852
f 882//882 853//853 852//852
f 882//882 883//883 853//853
f 883//883 854//854 853//853
f 883//883 884//884 854//854
f 884//884 855//855 854//854
f 884//884 885//885 855//855
f 885//885 856//856 855//855
f 885//885 886//886 856//856
f 886//886 857//857 856//856
f 886//886 887//887 857//857
f 887//887 858//858 857//857
f 887//887 888//888 858//858
f 888//888 859//859 858//858
f 888//888 889//889 859//859
f 889//889 860//860 859//859
f 889//889 890//890 860//860
f 890//890 861//861 860//860
f 890//890 891//891 861//861
f 891//891 862//862 861//861
f 891//891 892//892 862//862
f 892//892 863//863 862//862
f 892//892 893//893 863//863
f 893//893 864//864 863//863
f 893//893 894//894 864//864
f 894//894 865//865 864//864
f 894//894 895//895 865//865
f 895//895 866//866 865//865
f 895//895 896//896 866//866
f 896//896 867//867 866//866
f 896//896 897//897 867//867
f 897//897 868//868 867//867
f 897//897 898//898 868//868
f 898//898 869//869 868//868
f 898//898 899//899 869//869
f 899//899 870//870 869//869
f 899//899 900//900 870//870
f 900//900 871//871 870//870
f 900//900 901//901 871//871
f 901//901 842//842 871//871
f 901//901 872//872 842//842
f 902//902 873//873 872//872
f 902//902 903//903 873//873
f 903//903 874//874 873//873
f 903//903 904//904 874//874
f 904//904 875//875 874//874
f 904//904 905//905 875//875
f 905//905 876//876 875//875
f 905//905 906//906 876//876
f 906//906 877//877 876//876
f 906//906 907//907 877//877
f 907//907 878//878 877//877
f 907//907 908//908 878//878
f 908//908 879//879 878//878
f 908//908 909//909 879//879
f 909//909 880//880 879//879
f 909//909 910//910 880//880
f 910//910 881//881 880//880
f 910//910 911//911 881//881
f 911//911 882//882 881//881
f 911//911 912//912 882//882
f 912//912 883//883 882//882
f 912//912 913//913 883//883
f 913//913 884//884 883//883
f 913//913 914//914 884//884
f 914//914 885//885 884//884
f 914//914 915//915 885//885
f 915//915 886//886 885//885
f 915//915 916//916 886//886
f 916//916 887//887 886//886
f 916//916 917//917 887//887
f 917//917 888//888 887//887
f 917//917 918//918 888//888
f 918//918 889//889 888//888
f 918//918 919//919 889//889
f 919//919 890//890 889//889
f 919//919 920//920 890//890
f 920//920 891//891 890//890
f 920//920 921//921 891//891
f 921//921 892//892 891//891
f 921//921 922//922 892//892
f 922//922 893//893 892//892
f 922//922 923//923 893//893
f 923//923 894//894 893//893
f 923//923 924//924 894//894
f 924//924 895//895 894//894
f 924//924 925//925 895//895
f 925//925 896//896 895//895
f 925//925 926//926 896//896
f 926//926 897//897 896//896
f 926//926 927//927 897//897
f 927//927 898//898 897//897
f 927//927 928//928 898//898
f 928//928 899//899 898//898
f 928//928 929//929 899//899
f 929//929 900//900 899//899
f 929//929 930//930 900//900
f 930//930 901//901 900//900
f 930//930 931//931 901//901
f 931//931 872//872 901//901
f 931//931 902//902 872//872
f 932//932 903//903 902//902
f 932//932 933//933 903//903
f 933//933 904//904 903//903
f 933//933 934//934 904//904
f 934//934 905//905 904//904
f 934//934 935//935 905//905
f 935//935 906//906 905//905
f 935//935 936//936 906//906
f 936//936 907//907 906//906
f 936//936 937//937 907//907
f 937//937 908//908 907//907
f 937//937 938//938 908//908
f 938//938 909//909 908//908
f 938//938 939//939 909//909
f 939//939 910//910 909//909
f 939//939 940//940 910//910
f 940//940 911//911 910//910
f 940//940 941//941 911//911
f 941//941 912//912 911//911
f 941//941 942//942 912//912
f 942//942 913//913 912//912
f 942//942 943//943 913//913
f 943//943 914//914 913//913
f 943//943 944//944 914//914
f 944//944 915//915 914//914
f 944//944 945//945 915//915
f 945//945 916//916 915//915
f 945//945 946//946 916//916
f 946//946 917//917 916//916
f 946//946 947//947 917//917
f 947//947 918//918 917//917
f 947//947 948//948 918//918
f 948//948 919//919 918//918
f 948//948 949//949 919//919
f 949//949 920//920 919//919
f 949//949 950//950 920//920
f 950//950 921//921 920//920
f 950//950 951//951 921//921
f 951//951 922//922 921//921
f 951//951 952//952 922//922
f 952//952 923//923 922//922
f 952//952 953//953 923//923
f 953//953 924//924 923//923
f 953//953 954//954 924//924
f 954//954 925//925 924//924
f 954//954 955//955 925//925
f 955//955 926//926 925//925
f 955//955 956//956 926//926
f 956//956 927//927 926//926
f 956//956 957//957 927//927
f 957//957 928//928 927//927
f 957//957 958//958 928//928
f 958//958 929//929 928//928
f 958//958 959//959 929//929
f 959//959 930//930 929//929
f 959//959 960//960 930//930
f 960//960 931//931 930//930
f 960//960 961//961 931//931
f 961//961 902//902 931//931
f 961//961 932//932 902//902
f 962//962 933//933 932//932
f 962//962 963//963 933//933
f 963//963 934//934 933//933
f 963//963 964//964 934//934
f 964//964 935//935 934//934
f 964//964 965//965 935//935
f 965//965 936//936 935//935
f 965//965 966//966 936//936
f 966//966 937//937 936//936
f 966//966 967//967 937//937
f 967//967 938//938 937//937
f 967//967 968//968 938//938
f 968//968 939//939 938//938
f 968//968 969//969 939//939
f 969//969 940//940 939//939
f 969//969 970//970 940//940
f 970//970 941//941 940//940
f 970//970 971//971 941//941
f 971//971 942//942 941//941
f 971//971 972//972 942//942
f 972//972 943//943 942//942
f 972//972 973//973 943//943
f 973//973 944//944 943//943
f 973//973 974//974 944//944
f 974//974 945//945 944//944
f 974//974 975//975 945//945
f 975//975 946//946 945//945
f 975//975 976//976 946//946
f 976//976 947//947 946//946
f 976//976 977//977 947//947
f 977//977 948//948 947//947
f 977//977 978//978 948//948
f 978//978 949//949 948//948
f 978//978 979//979 949//949
f 979//979 950//950 949//949
f 979//979 980//980 950//950
f 980//980 951//951 950//950
f 980//980 981//981 951//951
f 981//981 952//952 951//951
f 981//981 982//982 952//952
f 982//982 953//953 952//952
f 982//982 983//983 953//953
f 983//983 954//954 953//953
f 983//983 984//984 954//954
f 984//984 955//955 954//954
f 984//984 985//985 955//955
f 985//985 956//956 955//955
f 985//985 986//986 956//956
f 986//986 957//957 956//956
f 986//986 987//987 957//957
f 987//987 958//958 957//957
f 987//987 988//988 958//958
f 988//988 959//959 958//958
f 988//988 989//989 959//959
f 989//989 960//960 959//959
f 989//989 990//990 960//960
f 990//990 961//961 960//960
f 990//990 991//991 961//961
f 991//991 932//932 961//961
f 991//991 962//962 932//932
f 992//992 963//963 962//962
f 992//992 993//993 963//963
f 993//993 964//964 963//963
f 993//993 994//994 964//964
f 994//994 965//965 964//964
f 994//994 995//995 965//965
f 995//995 966//966 965//965
f 995//995 996//996 966//966
f 996//996 967//967 966//966
f 996//996 997//997 967//967
f 997//997 968//968 967//967
f 997//997 998//998 968//968
f 998//998 969//969 968//968
f 998//998 999//999 969//969
f 999//999 970//970 969//969
f 999//999 1000//1000 970//970
f 1000//1000 971//971 970//970
f 1000//1000 1001//1001 971//971
f 1001//1001 972//972 971//971
f 1001//1001 1002//1002 972//972
f 1002//1002 973//973 972//972
f 1002//1002 1003//1003 973//973
f 1003//1003 974//974 973//973
f 1003//1003 1004//1004 974//974
f 1004//1004 975//975 974//974
f 1004//1004 1005//1005 975//975
f 1005//1005 976//976 975//975
f 1005//1005 1006//1006 976//976
f 1006//1006 977//977 976//976
f 1006//1006 1007//1007 977//977
f 1007//1007 978//978 977//977
f 1007//1007 1008//1008 978//978
f 1008//1008 979//979 978//978
f 1008//1008 1009//1009 979//979
f 1009//1009 980//980 979//979
f 1009//1009 1010//1010 980//980
f 1010//1010 981//981 980//980
f 1010//1010 1011//1011 981//981
f 1011//1011 982//982 981//981
f 1011//1011 1012//1012 982//982
f 1012//1012 983//983 982//982
f 1012//1012 1013//1013 983//983
f 1013//1013 984//984 983//983
f 1013//1013 1014//1014 984//984
f 1014//1014 985//985 984//984
f 1014//1014 1015//1015 985//985
f 1015//1015 986//986 985//985
f 1015//1015 1016//1016 986//986
f 1016//1016 987//987 986//986
f 1016//1016 1017//1017 987//987
f 1017//1017 988//988 987//987
f 1017//1017 1018//1018 988//988
f 1018//1018 989//989 988//988
f 1018//1018 1019//1019 989//989
f 1019//1019 990//990 989//989
f 1019//1019 1020//1020 990//990
f 1020//1020 991//991 990//990
f 1020//1020 1021//1021 991//991
f 1021//1021 962//962 991//991
f 1021//1021 992//992 962//962
f 1022//1022 993//993 992//992
f 1022//1022 1023//1023 993//993
f 1023//1023 994//994 993//993
f 1023//1023 1024//1024 994//994
f 1024//1024 995//995 994//994
f 1024//1024 1025//1025 995//995
f 1025//1025 996//996 995//995
f 1025//1025 1026//1026 996//996
f 1026//1026 997//997 996//996
f 1026//1026 1027//1027 997//997
f 1027//1027 998//998 997//997
f 1027//1027 1028//1028 998//998
f 1028//1028 999//999 998//998
f 1028//1028 1029//1029 999//999
f 1029//1029 1000//1000 999//999
f 1029//1029 1030//1030 1000//1000
f 1030//1030 1001//1001 1000//1000
f 1030//1030 1031//1031 1001//1001
f 1031//1031 1002//1002 1001//1001
f 1031//1031 1032//1032 1002//1002
f 1032//1032 1003//1003 1002//1002
f 1032//1032 1033//1033 1003//1003
f 1033//1033 1004//1004 1003//1003
f 1033//1033 1034//1034 1004//1004
f 1034//1034 1005//1005 1004//1004
f 1034//1034 1035//1035 1005//1005
f 1035//1035 1006//1006 1005//1005
f 1035//1035 1036//1036 1006//1006
f 1036//1036 1007//1007 1006//1006
f 1036//1036 1037//1037 1007//1007
f 1037//1037 1008//1008 1007//1007
f 1037//1037 1038//1038 1008//1008
f 1038//1038 1009//1009 1008//1008
f 1038//1038 1039//1039 1009//1009
f 1039//1039 1010//1010 1009//1009
f 1039//1039 1040//1040 1010//1010
f 1040//1040 1011//1011 1010//1010
f 1040//1040 1041//1041 1011//1011
f 1041//1041 1012//1012 1011//1011
f 1041//1041 1042//1042 1012//1012
f 1042//1042 1013//1013 1012//1012
f 1042//1042 1043//1043 1013//1013
f 1043//1043 1014//1014 1013//1013
f 1043//1043 1044//1044 1014//1014
f 1044//1044 1015//1015 1014//1014
f 1044//1044 1045//1045 1015//1015
f 1045//1045 1016//1016 1015//1015
f 1045//1045 1046//1046 1016//1016
f 1046//1046 1017//1017 1016//1016
f 1046//1046 1047//1047 1017//1017
f 1047//1047 1018//1018 1017//1017
f 1047//1047 1048//1048 1018//1018
f 1048//1048 1019//1019 1018//1018
f 1048//1048 1049//1049 1019//1019
f 1049//1049 1020//1020 1019//1019
f 1049//1049 1050//1050 1020//1020
f 1050//1050 1021//1021 1020//1020
f 1050//1050 1051//1051 1021//1021
f 1051//1051 992//992 1021//1021
f 1051//1051 1022//1022 992//992
f 1052//1052 1023//1023 1022//1022
f 1052//1052 1053//1053 1023//1023
f 1053//1053 1024//1024 1023//1023
f 1053//1053 1054//1054 1024//1024
f 1054//1054 1025//1025 1024//1024
f 1054//1054 1055//1055 1025//1025
f 1055//1055 1026//1026 1025//1025
f 1055//1055 1056//1056 1026//1026
f 1056//1056 1027//1027 1026//1026
f 1056//1056 1057//1057 1027//1027
f 1057//1057 1028//1028 1027//1027
f 1057//1057 1058//1058 1028//1028
f 1058//1058 1029//1029 1028//1028
f 1058//1058 1059//1059 1029//1029
f 1059//1059 1030//1030 1029//1029
f 1059//1059 1060//1060 1030//1030
f 1060//1060 1031//1031 1030//1030
f 1060//1060 1061//1061 1031//1031
f 1061//1061 1032//1032 1031//1031
f 1061//1061 1062//1062 1032//1032
f 1062//1062 1033//1033 1032//1032
f 1062//1062 1063//1063 1033//1033
f 1063//1063 1034//1034 1033//1033
f 1063//1063 1064//1064 1034//1034
f 1064//1064 1035//1035 1034//1034
f 1064//1064 1065//1065 1035//1035
f 1065//1065 1036//1036 1035//1035
f 1065//1065 1066//1066 1036//1036
f 1066//1066 1037//1037 1036//1036
f 1066//1066 1067//1067 1037//1037
f 1067//1067 1038//1038 1037//1037
f 1067//1067 1068//1068 1038//1038
f 1068//1068 1039//1039 1038//1038
f 1068//1068 1069//1069 1039//1039
f 1069//1069 1040//1040 1039//1039
f 1069//1069 1070//1070 1040//1040
f 1070//1070 1041//1041 1040//1040
f 1070//1070 1071//1071 1041//1041
f 1071//1071 1042//1042 1041//1041
f 1071//1071 1072//1072 1042//1042
f 1072//1072 1043//1043 1042//1042
f 1072//1072 1073//1073 1043//1043
f 1073//1073 1044//1044 1043//1043
f 1073//1073 1074//1074 1044//1044
f 1074//1074 1045//1045 1044//1044
f 1074//1074 1075//1075 1045//1045
f 1075//1075 1046//1046 1045//1045
f 1075//1075 1076//1076 1046//1046
f 1076//1076 1047//1047 1046//1046
f 1076//1076 1077//1077 1047//1047
f 1077//1077 1048//1048 1047//1047
f 1077//1077 1078//1078 1048//1048
f 1078//1078 1049//1049 1048//1048
f 1078//1078 1079//1079 1049//1049
f 1079//1079 1050//1050 1049//1049
f 1079//1079 1080//1080 1050//1050
f 1080//1080 1051//1051 1050//1050
f 1080//1080 1081//1081 1051//1051
f 1081//1081 1022//1022 1051//1051
f 1081//1081 1052//1052 1022//1022
f 1082//1082 1053//1053 1052//1052
f 1082//1082 1083//1083 1053//1053
f 1083//1083 1054//1054 1053//1053
f 1083//1083 1084//1084 1054//1054
f 1084//1084 1055//1055 1054//1054
f 1084//1084 1085//1085 1055//1055
f 1085//1085 1056//1056 1055//1055
f 1085//1085 1086//1086 1056//1056
f 1086//1086 1057//1057 1056//1056
f 1086//1086 1087//1087 1057//1057
f 1087//1087 1058//1058 1057//1057
f 1087//1087 1088//1088 1058//1058
f 1088//1088 1059//1059 1058//1058
f 1088//1088 1089//1089 1059//1059
f 1089//1089 1060//1060 1059//1059
f 1089//1089 1090//1090 1060//1060
f 1090//1090 1061//1061 1060//1060
f 1090//1090 1091//1091 1061//1061
f 1091//1091 1062//1062 1061//1061
f 1091//1091 1092//1092 1062//1062
f 1092//1092 1063//1063 1062//1062
f 1092//1092 1093//1093 1063//1063
f 1093//1093 1064//1064 1063//1063
f 1093//1093 1094//1094 1064//1064
f 1094//1094 1065//1065 1064//1064
f 1094//1094 1095//1095 1065//1065
f 1095//1095 1066//1066 1065//1065
f 1095//1095 1096//1096 1066//1066
f 1096//1096 1067//1067 1066//1066
f 1096//1096 1097//1097 1067//1067
f 1097//1097 1068//1068 1067//1067
f 1097//1097 1098//1098 1068//1068
f 1098//1098 1069//1069 1068//1068
f 1098//1098 1099//1099 1069//1069
f 1099//1099 1070//1070 1069//1069
f 1099//1099 1100//1100 1070//1070
f 1100//1100 1071//1071 1070//1070
f 1100//1100 1101//1101 1071//1071
f 1101//1101 1072//1072 1071//1071
f 1101//1101 1102//1102 1072//1072
f 1102//1102 1073//1073 1072//1072
f 1102//1102 1103//1103 1073//1073
f 1103//1103 1074//1074 1073//1073
f 1103//1103 1104//1104 1074//1074
f 1104//1104 1075//1075 1074//1074
f 1104//1104 1105//1105 1075//1075
f 1105//1105 1076//1076 1075//1075
f 1105//1105 1106//1106 1076//1076
f 1106//1106 1077//1077 1076//1076
f 1106//1106 1107//1107 1077//1077
f 1107//1107 1078//1078 1077//1077
f 1107//1107 1108//1108 1078//1078
f 1108//1108 1079//1079 1078//1078
f 1108//1108 1109//1109 1079//1079
f 1109//1109 1080//1080 1079//1079
f 1109//1109 1110//1110 1080//1080
f 1110//1110 1081//1081 1080//1080
f 1110//1110 1111//1111 1081//1081
f 1111//1111 1052//1052 1081//1081
f 1111//1111 1082//1082 1052//1052
f 1112//1112 1083//1083 1082//1082
f 1112//1112 1113//1113 1083//1083
f 1113//1113 1084//1084 1083//1083
f 1113//1113 1114//1114 1084//1084
f 1114//1114 1085//1085 1084//1084
f 1114//1114 1115//1115 1085//1085
f 1115//1115 1086//1086 1085//1085
f 1115//1115 1116//1116 1086//1086
f 1116//1116 1087//1087 1086//1086
f 1116//1116 1117//1117 1087//1087
f 1117//1117 1088//1088 1087//1087
f 1117//1117 1118//1118 1088//1088
f 1118//1118 1089//1089 1088//1088
f 1118//1118 1119//1119 1089//1089
f 1119//1119 1090//1090 1089//1089
f 1119//1119 1120//1120 1090//1090
f 1120//1120 1091//1091 1090//1090
f 1120//1120 1121//1121 1091//1091
f 1121//1121 1092//1092 1091//1091
f 1121//1121 1122//1122 1092//1092
f 1122//1122 1093//1093 1092//1092
f 1122//1122 1123//1123 1093//1093
f 1123//1123 1094//1094 1093//1093
f 1123//1123 1124//1124 1094//1094
f 1124//1124 1095//1095 1094//1094
f 1124//1124 1125//1125 1095//1095
f 1125//1125 1096//1096 1095//1095
f 1125//1125 1126//1126 1096//1096
f 1126//1126 1097//1097 1096//1096
f 1126//1126 1127//1127 1097//1097
f 1127//1127 1098//1098 1097//1097
f 1127//1127 1128//1128 1098//1098
f 1128//1128 1099//1099 1098//1098
f 1128//1128 1129//1129 1099//1099
f 1129//1129 1100//1100 1099//1099
f 1129//1129 1130//1130 1100//1100
f 1130//1130 1101//1101 1100//1100
f 1130//1130 1131//1131 1101//1101
f 1131//1131 1102//1102 1101//1101
f 1131//1131 1132//1132 1102//1102
f 1132//1132 1103//1103 1102//1102
f 1132//1132 1133//1133 1103//1103
f 1133//1133 1104//1104 1103//1103
f 1133//1133 1134//1134 1104//1104
f 1134//1134 1105//1105 1104//1104
f 1134//1134 1135//1135 1105//1105
f 1135//1135 1106//1106 1105//1105
f 1135//1135 1136//1136 1106//1106
f 1136//1136 1107//1107 1106//1106
f 1136//1136 1137//1137 1107//1107
f 1137//1137 1108//1108 1107//1107
f 1137//1137 1138//1138 1108//1108
f 1138//1138 1109//1109 1108//1108
f 1138//1138 1139//1139 1109//1109
f 1139//1139 1110//1110 1109//1109
f 1139//1139 1140//1140 1110//1110
f 1140//1140 1111//1111 1110//1110
f 1140//1140 1141//1141 1111//1111
f 1141//1141 1082//1082 1111//1111
f 1141//1141 1112//1112 1082//1082
f 1142//1142 1113//1113 1112//1112
f 1142//1142 1143//1143 1113//1113
f 1143//1143 1114//1114 1113//1113
f 1143//1143 1144//1144 1114//1114
f 1144//1144 1115//1115 1114//1114
f 1144//1144 1145//1145 1115//1115
f 1145//1145 1116//1116 1115//1115
f 1145//1145 1146//1146 1116//1116
f 1146//1146 1117//1117 1116//1116
f 1146//1146 1147//1147 1117//1117
f 1147//1147 1118//1118 1117//1117
f 1147//1147 1148//1148 1118//1118
f 1148//1148 1119//1119 1118//1118
f 1148//1148 1149//1149 1119//1119
f 1149//1149 1120//1120 1119//1119
f 1149//1149 1150//1150 1120//1120
f 1150//1150 1121//1121 1120//1120
f 1150//1150 1151//1151 1121//1121
f 1151//1151 1122//1122 1121//1121
f 1151//1151 1152//1152 1122//1122
f 1152//1152 1123//1123 1122//1122
f 1152//1152 1153//1153 1123//1123
f 1153//1153 1124//1124 1123//1123
f 1153//1153 1154//1154 1124//1124
f 1154//1154 1125//1125 1124//1124
f 1154//1154 1155//1155 1125//1125
f 1155//1155 1126//1126 1125//1125
f 1155//1155 1156//1156 1126//1126
f 1156//1156 1127//1127 1126//1126
f 1156//1156 1157//1157 1127//1127
f 1157//1157 1128//1128 1127//1127
f 1157//1157 1158//1158 1128//1128
f 1158//1158 1129//1129 1128//1128
f 1158//1158 1159//1159 1129//1129
f 1159//1159 1130//1130 1129//1129
f 1159//1159 1160//1160 1130//1130
f 1160//1160 1131//1131 1130//1130
f 1160//1160 1161//1161 1131//1131
f 1161//1161 1132//1132 1131//1131
f 1161//1161 1162//1162 1132//1132
f 1162//1162 1133//1133 1132//1132
f 1162//1162 1163//1163 1133//1133
f 1163//1163 1134//1134 1133//1133
f 1163//1163 1164//1164 1134//1134
f 1164//1164 1135//1135 1134//1134
f 1164//1164 1165//1165 1135//1135
f 1165//1165 1136//1136 1135//1135
f 1165//1165 1166//1166 1136//1136
f 1166//1166 1137//1137 1136//1136
f 1166//1166 1167//1167 1137//1137
f 1167//1167 1138//1138 1137//1137
f 1167//1167 1168//1168 1138//1138
f 1168//1168 1139//1139 1138//1138
f 1168//1168 1169//1169 1139//1139
f 1169//1169 1140//1140 1139//1139
f 1169//1169 1170//1170 1140//1140
f 1170//1170 1141//1141 1140//1140
f 1170//1170 1171//1171 1141//1141
f 1171//1171 1112//1112 1141//1141
f 1171//1171 1142//1142 1112//1112
f 1172//1172 1143//1143 1142//1142
f 1172//1172 1173//1173 1143//1143
f 1173//1173 1144//1144 1143//1143
f 1173//1173 1174//1174 1144//1144
f 1174//1174 1145//1145 1144//1144
f 1174//1174 1175//1175 1145//1145
f 1175//1175 1146//1146 1145//1145
f 1175//1175 1176//1176 1146//1146
f 1176//1176 1147//1147 1146//1146
f 1176//1176 1177//1177 1147//1147
f 1177//1177 1148//1148 1147//1147
f 1177//1177 1178//1178 1148//1148
f 1178//1178 1149//1149 1148//1148
f 1178//1178 1179//1179 1149//1149
f 1179//1179 1150//1150 1149//1149
f 1179//1179 1180//1180 1150//1150
f 1180//1180 1151//1151 1150//1150
f 1180//1180 1181//1181 1151//1151
f 1181//1181 1152//1152 1151//1151
f 1181//1181 1182//1182 1152//1152
f 1182//1182 1153//1153 1152//1152
f 1182//1182 1183//1183 1153//1153
f 1183//1183 1154//1154 1153//1153
f 1183//1183 1184//1184 1154//1154
f 1184//1184 1155//1155 1154//1154
f 1184//1184 1185//1185 1155//1155
f 1185//1185 1156//1156 1155//1155
f 1185//1185 1186//1186 1156//1156
f 1186//1186 1157//1157 1156//1156
f 1186//1186 1187//1187 1157//1157
f 1187//1187 1158//1158 1157//1157
f 1187//1187 1188//1188 1158//1158
f 1188//1188 1159//1159 1158//1158
f 1188//1188 1189//1189 1159//1159
f 1189//1189 1160//1160 1159//1159
f 1189//1189 1190//1190 1160//1160
f 1190//1190 1161//1161 1160//1160
f 1190//1190 1191//1191 1161//1161
f 1191//1191 1162//1162 1161//1161
f 1191//1191 1192//1192 1162//1162
f 1192//1192 1163//1163 1162//1162
f 1192//1192 1193//1193 1163//1163
f 1193//1193 1164//1164 1163//1163
f 1193//1193 1194//1194 1164//1164
f 1194//1194 1165//1165 1164//1164
f 1194//1194 1195//1195 1165//1165
f 1195//1195 1166//1166 1165//1165
f 1195//1195 1196//1196 1166//1166
f 1196//1196 1167//1167 1166//1166
f 1196//1196 1197//1197 1167//1167
f 1197//1197 1168//1168 1167//1167
f 1197//1197 1198//1198 1168//1168
f 1198//1198 1169//1169 1168//1168
f 1198//1198 1199//1199 1169//1169
f 1199//1199 1170//1170 1169//1169
f 1199//1199 1200//1200 1170//1170
f 1200//1200 1171//1171 1170//1170
f 1200//1200 1201//1201 1171//1171
f 1201//1201 1142//1142 1171//1171
f 1201//1201 1172//1172 1142//1142
f 601//601 1173//1173 1172//1172
f 601//601 1174//1174 1173//1173
f 601//601 1175//1175 1174//1174
f 601//601 1176//1176 1175//1175
f 601//601 1177//1177 1176//1176
f 601//601 1178//1178 1177//1177
f 601//601 1179//1179 1178//1178
f 601//601 1180//1180 1179//1179
f 601//601 1181//1181 1180//1180
f 601//601 1182//1182 1181//1181
f 601//601 1183//1183 1182//1182
f 601//601 1184//1184 1183//1183
f 601//601 1185//1185 1184//1184
f 601//601 1186//1186 1185//1185
f 601//601 1187//1187 1186//1186
f 601//601 1188//1188 1187//1187
f 601//601 1189//1189 1188//1188
f 601//601 1190//1190 1189//1189
f 601//601 1191//1191 1190//1190
f 601//601 1192//1192 1191//1191
f 601//601 1193//1193 1192//1192
f 601//601 1194//1194 1193//1193
f 601//601 1195//1195 1194//1194
f 601//601 1196//1196 1195//1195
f 601//601 1197//1197 1196//1196
f 601//601 1198//1198 1197//1197
f 601//601 1199//1199 1198//1198
f 601//601 1200//1200 1199//1199
f 601//601 1201//1201 1200//1200
f 601//601 1172//1172 1201//1201
f 2//2 1//1 603//603
f 3//3 2//2 604//604
f 4//4 3//3 605//605
f 5//5 4//4 606//606
f 6//6 5//5 607//607
f 7//7 6//6 608//608
f 8//8 7//7 609//609
f 9//9 8//8 610//610
f 10//10 9//9 611//611
f 11//11 10//10 612//612
f 12//12 11//11 613//613
f 13//13 12//12 614//614
f 14//14 13//13 615//615
f 15//15 14//14 616//616
f 16//16 15//15 617//617
f 17//17 16//16 618//618
f 18//18 17//17 619//619
f 19//19 18//18 620//620
f 20//20 19//19 621//621
f 21//21 20//20 622//622
f 22//22 21//21 623//623
f 23//23 22//22 624//624
f 24//24 23//23 625//625
f 25//25 24//24 626//626
f 26//26 25//25 627//627
f 27//27 26//26 628//628
f 28//28 27//27 629//629
f 29//29 28//28 630//630
f 30//30 29//29 631//631
f 1//1 30//30 602//602
f 1//1 602//602 603//603
f 2//2 603//603 604//604
f 3//3 604//604 605//605
f 4//4 605//605 606//606
f 5//5 606//606 607//607
f 6//6 607//607 608//608
f 7//7 608//608 609//609
f 8//8 609//609 610//610
f 9//9 610//610 611//611
f 10//10 611//611 612//612
f 11//11 612//612 613//613
f 12//12 613//613 614//614
f 13//13 614//614 615//615
f 14//14 615//615 616//616
f 15//15 616//616 617//617
f 16//16 617//617 618//618
f 17//17 618//618 619//619
f 18//18 619//619 620//620
f 19//19 620//620 621//621
f 20//20 621//621 622//622
f 21//21 622//622 623//623
f 22//22 623//623 624//624
f 23//23 624//624 625//625
f 24//24 625//625 626//626
f 25//25 626//626 627//627
f 26//26 627//627 628//628
f 27//27 628//628 629//629
f 28//28 629//629 630//630
f 29//29 630//630 631//631
f 30//30 631//631 602//602
