# Created by Open3D 
# object name: temp_object_198338662
# number of vertices: 1260
# number of triangles: 2460
v 0.102194 -5.68496e-09 0.0249266 0.8 0.8 0.8
vn -0.266975 0.00237527 0.9637
v 0.100845 0.039755 0.0249266 0.8 0.8 0.8
vn -0.276547 -0.0200529 0.960791
v 0.0967872 0.0595082 0.0249266 0.8 0.8 0.8
vn -0.244425 -0.0692923 0.967189
v 0.0899696 0.0742502 0.0249266 0.8 0.8 0.8
vn -0.206966 -0.121275 0.970802
v 0.0802668 0.0854917 0.0249266 0.8 0.8 0.8
vn -0.159691 -0.171468 0.972161
v 0.0673707 0.0937286 0.0249266 0.8 0.8 0.8
vn -0.106994 -0.213679 0.971027
v 0.0504482 0.0991569 0.0249266 0.8 0.8 0.8
vn -0.0546682 -0.242185 0.968689
v 0.026295 0.101857 0.0249266 0.8 0.8 0.8
vn -0.0121993 -0.248011 0.968681
v -0.026295 0.101857 0.0249266 0.8 0.8 0.8
vn 0.00666639 -0.28186 0.959432
v -0.0504481 0.0991569 0.0249266 0.8 0.8 0.8
vn 0.0446987 -0.259141 0.964805
v -0.0673706 0.0937286 0.0249266 0.8 0.8 0.8
vn 0.0950916 -0.227092 0.96922
v -0.0802667 0.0854917 0.0249266 0.8 0.8 0.8
vn 0.147002 -0.184333 0.971809
v -0.0899695 0.0742502 0.0249266 0.8 0.8 0.8
vn 0.193925 -0.133671 0.971867
v -0.0967871 0.0595082 0.0249266 0.8 0.8 0.8
vn 0.230054 -0.0804243 0.969849
v -0.100845 0.039755 0.0249266 0.8 0.8 0.8
vn 0.245519 -0.027679 0.968996
v -0.102193 -8.4722e-09 0.0249266 0.8 0.8 0.8
vn 0.266975 -0.00237527 0.9637
v -0.100845 -0.039755 0.0249266 0.8 0.8 0.8
vn 0.276547 0.0200529 0.960791
v -0.0967871 -0.0595082 0.0249266 0.8 0.8 0.8
vn 0.244425 0.0692923 0.967189
v -0.0899695 -0.0742502 0.0249266 0.8 0.8 0.8
vn 0.206966 0.121275 0.970802
v -0.0802667 -0.0854917 0.0249266 0.8 0.8 0.8
vn 0.159691 0.171468 0.972161
v -0.0673706 -0.0937286 0.0249266 0.8 0.8 0.8
vn 0.106994 0.213679 0.971027
v -0.0504481 -0.0991569 0.0249266 0.8 0.8 0.8
vn 0.0546682 0.242185 0.968689
v -0.026295 -0.101857 0.0249266 0.8 0.8 0.8
vn 0.0121993 0.248011 0.968681
v 0.0262951 -0.101857 0.0249266 0.8 0.8 0.8
vn -0.00666639 0.28186 0.959432
v 0.0504482 -0.0991569 0.0249266 0.8 0.8 0.8
vn -0.0446987 0.259141 0.964805
v 0.0673707 -0.0937286 0.0249266 0.8 0.8 0.8
vn -0.0950916 0.227092 0.96922
v 0.0802668 -0.0854917 0.0249266 0.8 0.8 0.8
vn -0.147002 0.184333 0.971809
v 0.0899696 -0.0742502 0.0249266 0.8 0.8 0.8
vn -0.193925 0.133671 0.971867
v 0.0967872 -0.0595082 0.0249266 0.8 0.8 0.8
vn -0.230054 0.0804243 0.969849
v 0.100845 -0.039755 0.0249266 0.8 0.8 0.8
vn -0.245519 0.027679 0.968996
v 0.0726841 -6.0914e-09 0.0133383 0.8 0.8 0.8
vn -0.363885 -0.00244018 0.93144
v 0.0717251 0.0282753 0.0133383 0.8 0.8 0.8
vn -0.354611 -0.0379302 0.934244
v 0.0688389 0.0423246 0.0133383 0.8 0.8 0.8
vn -0.320773 -0.109348 0.940823
v 0.0639899 0.0528097 0.0133383 0.8 0.8 0.8
vn -0.269381 -0.182036 0.945673
v 0.0570889 0.0608051 0.0133383 0.8 0.8 0.8
vn -0.203762 -0.250656 0.946389
v 0.0479167 0.0666635 0.0133383 0.8 0.8 0.8
vn -0.131479 -0.307035 0.942572
v 0.0358808 0.0705243 0.0133383 0.8 0.8 0.8
vn -0.0617191 -0.345706 0.936311
v 0.0187021 0.0724444 0.0133383 0.8 0.8 0.8
vn -0.00954656 -0.363037 0.931726
v -0.018702 0.0724444 0.0133383 0.8 0.8 0.8
vn 0.0164089 -0.360906 0.932458
v -0.0358807 0.0705243 0.0133383 0.8 0.8 0.8
vn 0.074249 -0.339622 0.937627
v -0.0479166 0.0666635 0.0133383 0.8 0.8 0.8
vn 0.145631 -0.297217 0.943639
v -0.0570889 0.0608051 0.0133383 0.8 0.8 0.8
vn 0.217411 -0.237937 0.946635
v -0.0639899 0.0528097 0.0133383 0.8 0.8 0.8
vn 0.280797 -0.167894 0.944968
v -0.0688388 0.0423246 0.0133383 0.8 0.8 0.8
vn 0.328784 -0.0957093 0.939543
v -0.0717251 0.0282753 0.0133383 0.8 0.8 0.8
vn 0.358782 -0.0275352 0.933015
v -0.072684 -8.0738e-09 0.0133383 0.8 0.8 0.8
vn 0.363885 0.00244018 0.93144
v -0.071725 -0.0282754 0.0133383 0.8 0.8 0.8
vn 0.354611 0.0379302 0.934244
v -0.0688388 -0.0423246 0.0133383 0.8 0.8 0.8
vn 0.320773 0.109348 0.940823
v -0.0639898 -0.0528097 0.0133383 0.8 0.8 0.8
vn 0.269381 0.182036 0.945673
v -0.0570888 -0.0608051 0.0133383 0.8 0.8 0.8
vn 0.203762 0.250656 0.946389
v -0.0479166 -0.0666635 0.0133383 0.8 0.8 0.8
vn 0.131479 0.307035 0.942572
v -0.0358807 -0.0705243 0.0133383 0.8 0.8 0.8
vn 0.0617191 0.345706 0.936311
v -0.018702 -0.0724445 0.0133383 0.8 0.8 0.8
vn 0.00954656 0.363037 0.931726
v 0.0187021 -0.0724445 0.0133383 0.8 0.8 0.8
vn -0.0164089 0.360906 0.932458
v 0.0358808 -0.0705243 0.0133383 0.8 0.8 0.8
vn -0.074249 0.339622 0.937627
v 0.0479167 -0.0666635 0.0133383 0.8 0.8 0.8
vn -0.145631 0.297217 0.943639
v 0.0570889 -0.0608051 0.0133383 0.8 0.8 0.8
vn -0.217411 0.237937 0.946635
v 0.0639899 -0.0528097 0.0133383 0.8 0.8 0.8
vn -0.280797 0.167894 0.944968
v 0.0688389 -0.0423246 0.0133383 0.8 0.8 0.8
vn -0.328784 0.0957093 0.939543
v 0.0717251 -0.0282754 0.0133383 0.8 0.8 0.8
vn -0.358782 0.0275352 0.933015
v 0.056016 -6.32097e-09 0.00690011 0.8 0.8 0.8
vn -0.353047 -0.0021178 0.935603
v 0.0552769 0.0217911 0.00690011 0.8 0.8 0.8
vn -0.343382 -0.0361087 0.938502
v 0.0530526 0.0326186 0.00690011 0.8 0.8 0.8
vn -0.311263 -0.105244 0.944478
v 0.0493156 0.0406992 0.00690011 0.8 0.8 0.8
vn -0.261656 -0.175687 0.949037
v 0.0439971 0.0468611 0.00690011 0.8 0.8 0.8
vn -0.198216 -0.242331 0.949729
v 0.0369283 0.051376 0.00690011 0.8 0.8 0.8
vn -0.128232 -0.297304 0.946133
v 0.0276525 0.0543514 0.00690011 0.8 0.8 0.8
vn -0.0605309 -0.335333 0.940153
v 0.0144133 0.0558313 0.00690011 0.8 0.8 0.8
vn -0.00959359 -0.353022 0.935566
v -0.0144132 0.0558313 0.00690011 0.8 0.8 0.8
vn 0.0154733 -0.349248 0.936903
v -0.0276524 0.0543514 0.00690011 0.8 0.8 0.8
vn 0.0712647 -0.329373 0.941507
v -0.0369282 0.051376 0.00690011 0.8 0.8 0.8
vn 0.140392 -0.288542 0.947119
v -0.043997 0.0468611 0.00690011 0.8 0.8 0.8
vn 0.210019 -0.231265 0.949952
v -0.0493155 0.0406992 0.00690011 0.8 0.8 0.8
vn 0.271684 -0.163505 0.948396
v -0.0530525 0.0326186 0.00690011 0.8 0.8 0.8
vn 0.318625 -0.0935443 0.943254
v -0.0552768 0.0217911 0.00690011 0.8 0.8 0.8
vn 0.348641 -0.0272465 0.93686
v -0.0560159 -7.84876e-09 0.00690011 0.8 0.8 0.8
vn 0.353047 0.0021178 0.935603
v -0.0552768 -0.0217912 0.00690011 0.8 0.8 0.8
vn 0.343382 0.0361087 0.938502
v -0.0530525 -0.0326186 0.00690011 0.8 0.8 0.8
vn 0.311263 0.105244 0.944478
v -0.0493155 -0.0406992 0.00690011 0.8 0.8 0.8
vn 0.261656 0.175687 0.949037
v -0.043997 -0.0468611 0.00690011 0.8 0.8 0.8
vn 0.198216 0.242331 0.949729
v -0.0369282 -0.051376 0.00690011 0.8 0.8 0.8
vn 0.128232 0.297304 0.946133
v -0.0276524 -0.0543514 0.00690011 0.8 0.8 0.8
vn 0.0605309 0.335333 0.940153
v -0.0144132 -0.0558313 0.00690011 0.8 0.8 0.8
vn 0.00959359 0.353022 0.935566
v 0.0144133 -0.0558313 0.00690011 0.8 0.8 0.8
vn -0.0154733 0.349248 0.936903
v 0.0276525 -0.0543514 0.00690011 0.8 0.8 0.8
vn -0.0712647 0.329373 0.941507
v 0.0369283 -0.051376 0.00690011 0.8 0.8 0.8
vn -0.140392 0.288542 0.947119
v 0.0439971 -0.0468611 0.00690011 0.8 0.8 0.8
vn -0.210019 0.231265 0.949952
v 0.0493156 -0.0406992 0.00690011 0.8 0.8 0.8
vn -0.271684 0.163505 0.948396
v 0.0530526 -0.0326186 0.00690011 0.8 0.8 0.8
vn -0.318625 0.0935443 0.943254
v 0.0552769 -0.0217912 0.00690011 0.8 0.8 0.8
vn -0.348641 0.0272465 0.93686
v 0.0463807 -6.45368e-09 0.00343751 0.8 0.8 0.8
vn -0.321596 -0.00175349 0.946875
v 0.0457688 0.0180429 0.00343751 0.8 0.8 0.8
vn -0.311457 -0.0323228 0.94971
v 0.043927 0.0270079 0.00343751 0.8 0.8 0.8
vn -0.283064 -0.0951061 0.954374
v 0.0408328 0.0336986 0.00343751 0.8 0.8 0.8
vn -0.238086 -0.159071 0.958129
v 0.0364292 0.0388005 0.00343751 0.8 0.8 0.8
vn -0.180603 -0.219746 0.958694
v 0.0305763 0.0425388 0.00343751 0.8 0.8 0.8
vn -0.117163 -0.270135 0.955667
v 0.022896 0.0450025 0.00343751 0.8 0.8 0.8
vn -0.0556183 -0.305515 0.950561
v 0.0119341 0.0462278 0.00343751 0.8 0.8 0.8
vn -0.00899908 -0.322972 0.946366
v -0.011934 0.0462278 0.00343751 0.8 0.8 0.8
vn 0.0137451 -0.316553 0.948475
v -0.0228959 0.0450025 0.00343751 0.8 0.8 0.8
vn 0.0642632 -0.29941 0.951958
v -0.0305762 0.0425388 0.00343751 0.8 0.8 0.8
vn 0.127013 -0.262465 0.956546
v -0.0364291 0.0388005 0.00343751 0.8 0.8 0.8
vn 0.190294 -0.210544 0.958884
v -0.0408327 0.0336986 0.00343751 0.8 0.8 0.8
vn 0.246591 -0.149151 0.957573
v -0.0439269 0.0270079 0.00343751 0.8 0.8 0.8
vn 0.289864 -0.0856599 0.953227
v -0.0457687 0.0180429 0.00343751 0.8 0.8 0.8
vn 0.318624 -0.0252502 0.947545
v -0.0463806 -7.71868e-09 0.00343751 0.8 0.8 0.8
vn 0.321596 0.00175349 0.946875
v -0.0457687 -0.0180429 0.00343751 0.8 0.8 0.8
vn 0.311457 0.0323228 0.94971
v -0.0439269 -0.0270079 0.00343751 0.8 0.8 0.8
vn 0.283064 0.0951061 0.954374
v -0.0408327 -0.0336986 0.00343751 0.8 0.8 0.8
vn 0.238086 0.159071 0.958129
v -0.0364291 -0.0388005 0.00343751 0.8 0.8 0.8
vn 0.180603 0.219746 0.958694
v -0.0305762 -0.0425389 0.00343751 0.8 0.8 0.8
vn 0.117163 0.270135 0.955667
v -0.0228959 -0.0450025 0.00343751 0.8 0.8 0.8
vn 0.0556183 0.305515 0.950561
v -0.011934 -0.0462278 0.00343751 0.8 0.8 0.8
vn 0.00899908 0.322972 0.946366
v 0.0119341 -0.0462278 0.00343751 0.8 0.8 0.8
vn -0.0137451 0.316553 0.948475
v 0.022896 -0.0450025 0.00343751 0.8 0.8 0.8
vn -0.0642632 0.29941 0.951958
v 0.0305763 -0.0425389 0.00343751 0.8 0.8 0.8
vn -0.127013 0.262465 0.956546
v 0.0364292 -0.0388005 0.00343751 0.8 0.8 0.8
vn -0.190294 0.210544 0.958884
v 0.0408328 -0.0336986 0.00343751 0.8 0.8 0.8
vn -0.246591 0.149151 0.957573
v 0.043927 -0.0270079 0.00343751 0.8 0.8 0.8
vn -0.289864 0.0856599 0.953227
v 0.0457688 -0.0180429 0.00343751 0.8 0.8 0.8
vn -0.318624 0.0252502 0.947545
v 0.0404682 -6.53512e-09 0.00164166 0.8 0.8 0.8
vn -0.262933 -0.00135517 0.964813
v 0.0399343 0.0157428 0.00164166 0.8 0.8 0.8
vn -0.252801 -0.026047 0.967168
v 0.0383273 0.023565 0.00164166 0.8 0.8 0.8
vn -0.230567 -0.0772005 0.969989
v 0.0356275 0.0294027 0.00164166 0.8 0.8 0.8
vn -0.19396 -0.129239 0.972459
v 0.0317853 0.0338543 0.00164166 0.8 0.8 0.8
vn -0.147293 -0.17875 0.972807
v 0.0266785 0.0371161 0.00164166 0.8 0.8 0.8
vn -0.0958182 -0.220254 0.970725
v 0.0199773 0.0392656 0.00164166 0.8 0.8 0.8
vn -0.0457275 -0.250025 0.967159
v 0.0104127 0.0403347 0.00164166 0.8 0.8 0.8
vn -0.00751119 -0.265955 0.963956
v -0.0104127 0.0403347 0.00164166 0.8 0.8 0.8
vn 0.0110245 -0.256722 0.966422
v -0.0199772 0.0392656 0.00164166 0.8 0.8 0.8
vn 0.0520977 -0.2438 0.968425
v -0.0266784 0.0371161 0.00164166 0.8 0.8 0.8
vn 0.103155 -0.213796 0.971417
v -0.0317852 0.0338543 0.00164166 0.8 0.8 0.8
vn 0.154681 -0.171586 0.97295
v -0.0356275 0.0294027 0.00164166 0.8 0.8 0.8
vn 0.200791 -0.121782 0.972035
v -0.0383272 0.023565 0.00164166 0.8 0.8 0.8
vn 0.236727 -0.0702074 0.969036
v -0.0399342 0.0157428 0.00164166 0.8 0.8 0.8
vn 0.26198 -0.0209195 0.964847
v -0.0404681 -7.63885e-09 0.00164166 0.8 0.8 0.8
vn 0.262933 0.00135517 0.964813
v -0.0399342 -0.0157428 0.00164166 0.8 0.8 0.8
vn 0.252801 0.026047 0.967168
v -0.0383272 -0.023565 0.00164166 0.8 0.8 0.8
vn 0.230567 0.0772005 0.969989
v -0.0356275 -0.0294027 0.00164166 0.8 0.8 0.8
vn 0.19396 0.129239 0.972459
v -0.0317852 -0.0338543 0.00164166 0.8 0.8 0.8
vn 0.147293 0.17875 0.972807
v -0.0266784 -0.0371161 0.00164166 0.8 0.8 0.8
vn 0.0958182 0.220254 0.970725
v -0.0199772 -0.0392657 0.00164166 0.8 0.8 0.8
vn 0.0457275 0.250025 0.967159
v -0.0104126 -0.0403347 0.00164166 0.8 0.8 0.8
vn 0.00751119 0.265955 0.963956
v 0.0104127 -0.0403347 0.00164166 0.8 0.8 0.8
vn -0.0110245 0.256722 0.966422
v 0.0199773 -0.0392657 0.00164166 0.8 0.8 0.8
vn -0.0520977 0.2438 0.968425
v 0.0266785 -0.0371161 0.00164166 0.8 0.8 0.8
vn -0.103155 0.213796 0.971417
v 0.0317853 -0.0338543 0.00164166 0.8 0.8 0.8
vn -0.154681 0.171586 0.97295
v 0.0356276 -0.0294027 0.00164166 0.8 0.8 0.8
vn -0.200791 0.121782 0.972035
v 0.0383273 -0.023565 0.00164166 0.8 0.8 0.8
vn -0.236727 0.0702074 0.969036
v 0.0399343 -0.0157428 0.00164166 0.8 0.8 0.8
vn -0.26198 0.0209195 0.964847
v 0.0364525 -6.59042e-09 0.000747484 0.8 0.8 0.8
vn -0.183836 -0.000936055 0.982957
v 0.0359716 0.0141806 0.000747484 0.8 0.8 0.8
vn -0.175103 -0.0180144 0.984385
v 0.0345241 0.0212266 0.000747484 0.8 0.8 0.8
vn -0.160446 -0.0536833 0.985584
v 0.0320922 0.0264851 0.000747484 0.8 0.8 0.8
vn -0.134991 -0.089896 0.98676
v 0.0286313 0.030495 0.000747484 0.8 0.8 0.8
vn -0.102604 -0.124449 0.986907
v 0.0240312 0.0334331 0.000747484 0.8 0.8 0.8
vn -0.0669041 -0.153693 0.985851
v 0.0179949 0.0353693 0.000747484 0.8 0.8 0.8
vn -0.032066 -0.175159 0.984018
v 0.00937949 0.0363323 0.000747484 0.8 0.8 0.8
vn -0.00531618 -0.187707 0.982211
v -0.00937941 0.0363323 0.000747484 0.8 0.8 0.8
vn 0.0076106 -0.177636 0.984067
v -0.0179949 0.0353693 0.000747484 0.8 0.8 0.8
vn 0.0362026 -0.169572 0.984853
v -0.0240311 0.0334331 0.000747484 0.8 0.8 0.8
vn 0.0717432 -0.148785 0.986264
v -0.0286312 0.030495 0.000747484 0.8 0.8 0.8
vn 0.107626 -0.119453 0.986989
v -0.0320922 0.0264851 0.000747484 0.8 0.8 0.8
vn 0.139928 -0.0849163 0.986514
v -0.034524 0.0212266 0.000747484 0.8 0.8 0.8
vn 0.165468 -0.0491103 0.984992
v -0.0359715 0.0141806 0.000747484 0.8 0.8 0.8
vn 0.18458 -0.0147624 0.982707
v -0.0364525 -7.58464e-09 0.000747484 0.8 0.8 0.8
vn 0.183836 0.000936055 0.982957
v -0.0359715 -0.0141807 0.000747484 0.8 0.8 0.8
vn 0.175103 0.0180144 0.984385
v -0.034524 -0.0212266 0.000747484 0.8 0.8 0.8
vn 0.160446 0.0536833 0.985584
v -0.0320922 -0.0264851 0.000747484 0.8 0.8 0.8
vn 0.134991 0.089896 0.98676
v -0.0286312 -0.030495 0.000747484 0.8 0.8 0.8
vn 0.102604 0.124449 0.986907
v -0.0240311 -0.0334331 0.000747484 0.8 0.8 0.8
vn 0.0669041 0.153693 0.985851
v -0.0179949 -0.0353693 0.000747484 0.8 0.8 0.8
vn 0.032066 0.175159 0.984018
v -0.0093794 -0.0363323 0.000747484 0.8 0.8 0.8
vn 0.00531618 0.187707 0.982211
v 0.0093795 -0.0363323 0.000747484 0.8 0.8 0.8
vn -0.0076106 0.177636 0.984067
v 0.017995 -0.0353693 0.000747484 0.8 0.8 0.8
vn -0.0362026 0.169572 0.984853
v 0.0240312 -0.0334331 0.000747484 0.8 0.8 0.8
vn -0.0717432 0.148785 0.986264
v 0.0286313 -0.030495 0.000747484 0.8 0.8 0.8
vn -0.107626 0.119453 0.986989
v 0.0320923 -0.0264851 0.000747484 0.8 0.8 0.8
vn -0.139928 0.0849163 0.986514
v 0.0345241 -0.0212266 0.000747484 0.8 0.8 0.8
vn -0.165468 0.0491103 0.984992
v 0.0359716 -0.0141807 0.000747484 0.8 0.8 0.8
vn -0.18458 0.0147624 0.982707
v 0.0333628 -6.63298e-09 0.000322361 0.8 0.8 0.8
vn -0.107601 -0.000560707 0.994194
v 0.0329226 0.0129787 0.000322361 0.8 0.8 0.8
vn -0.101564 -0.0104789 0.994774
v 0.0315978 0.0194274 0.000322361 0.8 0.8 0.8
vn -0.0935309 -0.0313376 0.995123
v 0.0293721 0.0242402 0.000322361 0.8 0.8 0.8
vn -0.078724 -0.0524824 0.995514
v 0.0262045 0.0279102 0.000322361 0.8 0.8 0.8
vn -0.0598758 -0.0726995 0.995555
v 0.0219943 0.0305993 0.000322361 0.8 0.8 0.8
vn -0.0390983 -0.0899257 0.995181
v 0.0164697 0.0323714 0.000322361 0.8 0.8 0.8
vn -0.0187848 -0.102801 0.994525
v 0.00858449 0.0332528 0.000322361 0.8 0.8 0.8
vn -0.00312419 -0.110905 0.993826
v -0.0085844 0.0332528 0.000322361 0.8 0.8 0.8
vn 0.00442908 -0.10292 0.99468
v -0.0164696 0.0323714 0.000322361 0.8 0.8 0.8
vn 0.0211262 -0.0987806 0.994885
v -0.0219942 0.0305993 0.000322361 0.8 0.8 0.8
vn 0.0418821 -0.0867546 0.995349
v -0.0262044 0.0279102 0.000322361 0.8 0.8 0.8
vn 0.0628463 -0.0696801 0.995588
v -0.029372 0.0242402 0.000322361 0.8 0.8 0.8
vn 0.0817956 -0.049584 0.995415
v -0.0315977 0.0194274 0.000322361 0.8 0.8 0.8
vn 0.0969371 -0.0287296 0.994876
v -0.0329226 0.0129787 0.000322361 0.8 0.8 0.8
vn 0.108893 -0.00868274 0.994016
v -0.0333627 -7.54292e-09 0.000322361 0.8 0.8 0.8
vn 0.107601 0.000560707 0.994194
v -0.0329225 -0.0129787 0.000322361 0.8 0.8 0.8
vn 0.101564 0.0104789 0.994774
v -0.0315977 -0.0194274 0.000322361 0.8 0.8 0.8
vn 0.0935309 0.0313376 0.995123
v -0.029372 -0.0242402 0.000322361 0.8 0.8 0.8
vn 0.078724 0.0524824 0.995514
v -0.0262044 -0.0279102 0.000322361 0.8 0.8 0.8
vn 0.0598758 0.0726995 0.995555
v -0.0219942 -0.0305993 0.000322361 0.8 0.8 0.8
vn 0.0390983 0.0899257 0.995181
v -0.0164696 -0.0323714 0.000322361 0.8 0.8 0.8
vn 0.0187848 0.102801 0.994525
v -0.0085844 -0.0332528 0.000322361 0.8 0.8 0.8
vn 0.00312419 0.110905 0.993826
v 0.00858449 -0.0332528 0.000322361 0.8 0.8 0.8
vn -0.00442908 0.10292 0.99468
v 0.0164697 -0.0323714 0.000322361 0.8 0.8 0.8
vn -0.0211262 0.0987806 0.994885
v 0.0219943 -0.0305993 0.000322361 0.8 0.8 0.8
vn -0.0418821 0.0867546 0.995349
v 0.0262045 -0.0279102 0.000322361 0.8 0.8 0.8
vn -0.0628463 0.0696801 0.995588
v 0.0293721 -0.0242402 0.000322361 0.8 0.8 0.8
vn -0.0817956 0.049584 0.995415
v 0.0315978 -0.0194274 0.000322361 0.8 0.8 0.8
vn -0.0969371 0.0287296 0.994876
v 0.0329226 -0.0129787 0.000322361 0.8 0.8 0.8
vn -0.108893 0.00868274 0.994016
v 0.0307035 -6.66961e-09 0.000130622 0.8 0.8 0.8
vn -0.0537129 -0.000293231 0.998556
v 0.0302984 0.0119442 0.000130622 0.8 0.8 0.8
vn -0.0503339 -0.00522446 0.998719
v 0.0290792 0.0178789 0.000130622 0.8 0.8 0.8
vn -0.046555 -0.0156432 0.998793
v 0.0270309 0.0223081 0.000130622 0.8 0.8 0.8
vn -0.0392041 -0.0261949 0.998888
v 0.0241158 0.0256855 0.000130622 0.8 0.8 0.8
vn -0.0298275 -0.0362943 0.998896
v 0.0202412 0.0281603 0.000130622 0.8 0.8 0.8
vn -0.0194857 -0.04493 0.9988
v 0.0151569 0.0297911 0.000130622 0.8 0.8 0.8
vn -0.0093666 -0.0514568 0.998631
v 0.00790024 0.0306023 0.000130622 0.8 0.8 0.8
vn -0.00155383 -0.0557832 0.998442
v -0.00790015 0.0306023 0.000130622 0.8 0.8 0.8
vn 0.00221326 -0.0509592 0.998698
v -0.0151568 0.0297911 0.000130622 0.8 0.8 0.8
vn 0.0105465 -0.0491327 0.998737
v -0.0202411 0.0281602 0.000130622 0.8 0.8 0.8
vn 0.0209048 -0.0431956 0.998848
v -0.0241157 0.0256855 0.000130622 0.8 0.8 0.8
vn 0.0313696 -0.0347056 0.998905
v -0.0270308 0.0223081 0.000130622 0.8 0.8 0.8
vn 0.0408484 -0.0247056 0.99886
v -0.0290791 0.0178789 0.000130622 0.8 0.8 0.8
vn 0.0484671 -0.0143217 0.998722
v -0.0302984 0.0119442 0.000130622 0.8 0.8 0.8
vn 0.0547146 -0.00433526 0.998493
v -0.0307034 -7.50702e-09 0.000130622 0.8 0.8 0.8
vn 0.0537129 0.000293231 0.998556
v -0.0302984 -0.0119442 0.000130622 0.8 0.8 0.8
vn 0.0503339 0.00522446 0.998719
v -0.0290791 -0.0178789 0.000130622 0.8 0.8 0.8
vn 0.046555 0.0156432 0.998793
v -0.0270308 -0.0223081 0.000130622 0.8 0.8 0.8
vn 0.0392041 0.0261949 0.998888
v -0.0241157 -0.0256855 0.000130622 0.8 0.8 0.8
vn 0.0298275 0.0362943 0.998896
v -0.0202411 -0.0281603 0.000130622 0.8 0.8 0.8
vn 0.0194857 0.04493 0.9988
v -0.0151568 -0.0297912 0.000130622 0.8 0.8 0.8
vn 0.0093666 0.0514568 0.998631
v -0.00790015 -0.0306023 0.000130622 0.8 0.8 0.8
vn 0.00155383 0.0557832 0.998442
v 0.00790024 -0.0306023 0.000130622 0.8 0.8 0.8
vn -0.00221326 0.0509592 0.998698
v 0.0151569 -0.0297912 0.000130622 0.8 0.8 0.8
vn -0.0105465 0.0491327 0.998737
v 0.0202412 -0.0281603 0.000130622 0.8 0.8 0.8
vn -0.0209048 0.0431956 0.998848
v 0.0241158 -0.0256855 0.000130622 0.8 0.8 0.8
vn -0.0313696 0.0347056 0.998905
v 0.0270309 -0.0223081 0.000130622 0.8 0.8 0.8
vn -0.0408484 0.0247056 0.99886
v 0.0290792 -0.0178789 0.000130622 0.8 0.8 0.8
vn -0.0484671 0.0143217 0.998722
v 0.0302984 -0.0119442 0.000130622 0.8 0.8 0.8
vn -0.0547146 0.00433526 0.998493
v 0.0282335 -6.70363e-09 4.92392e-05 0.8 0.8 0.8
vn -0.0236308 -0.000137125 0.999721
v 0.027861 0.0109833 4.92392e-05 0.8 0.8 0.8
vn -0.0220201 -0.00230464 0.999755
v 0.0267399 0.0164406 4.92392e-05 0.8 0.8 0.8
vn -0.020437 -0.00689447 0.999767
v 0.0248563 0.0205134 4.92392e-05 0.8 0.8 0.8
vn -0.0172161 -0.0115391 0.999785
v 0.0221757 0.0236192 4.92392e-05 0.8 0.8 0.8
vn -0.0130986 -0.0159864 0.999786
v 0.0186128 0.0258948 4.92392e-05 0.8 0.8 0.8
vn -0.00855514 -0.0197955 0.999767
v 0.0139376 0.0273945 4.92392e-05 0.8 0.8 0.8
vn -0.00410895 -0.0226938 0.999734
v 0.00726468 0.0281404 4.92392e-05 0.8 0.8 0.8
vn -0.00067686 -0.0246837 0.999695
v -0.00726459 0.0281404 4.92392e-05 0.8 0.8 0.8
vn 0.000979943 -0.0222782 0.999751
v -0.0139375 0.0273945 4.92392e-05 0.8 0.8 0.8
vn 0.00465055 -0.021556 0.999757
v -0.0186127 0.0258948 4.92392e-05 0.8 0.8 0.8
vn 0.00921055 -0.0189669 0.999778
v -0.0221756 0.0236192 4.92392e-05 0.8 0.8 0.8
vn 0.0138173 -0.0152411 0.999788
v -0.0248562 0.0205134 4.92392e-05 0.8 0.8 0.8
vn 0.0179938 -0.0108486 0.999779
v -0.0267398 0.0164406 4.92392e-05 0.8 0.8 0.8
vn 0.0213612 -0.00628613 0.999752
v -0.0278609 0.0109833 4.92392e-05 0.8 0.8 0.8
vn 0.0241951 -0.00190034 0.999705
v -0.0282334 -7.47367e-09 4.92392e-05 0.8 0.8 0.8
vn 0.0236308 0.000137125 0.999721
v -0.0278609 -0.0109833 4.92392e-05 0.8 0.8 0.8
vn 0.0220201 0.00230464 0.999755
v -0.0267398 -0.0164406 4.92392e-05 0.8 0.8 0.8
vn 0.020437 0.00689447 0.999767
v -0.0248562 -0.0205135 4.92392e-05 0.8 0.8 0.8
vn 0.0172161 0.0115391 0.999785
v -0.0221756 -0.0236192 4.92392e-05 0.8 0.8 0.8
vn 0.0130986 0.0159864 0.999786
v -0.0186127 -0.0258948 4.92392e-05 0.8 0.8 0.8
vn 0.00855514 0.0197955 0.999767
v -0.0139375 -0.0273945 4.92392e-05 0.8 0.8 0.8
vn 0.00410895 0.0226938 0.999734
v -0.00726459 -0.0281404 4.92392e-05 0.8 0.8 0.8
vn 0.00067686 0.0246837 0.999695
v 0.00726469 -0.0281404 4.92392e-05 0.8 0.8 0.8
vn -0.000979943 0.0222782 0.999751
v 0.0139376 -0.0273945 4.92392e-05 0.8 0.8 0.8
vn -0.00465055 0.021556 0.999757
v 0.0186128 -0.0258948 4.92392e-05 0.8 0.8 0.8
vn -0.00921055 0.0189669 0.999778
v 0.0221757 -0.0236192 4.92392e-05 0.8 0.8 0.8
vn -0.0138173 0.0152411 0.999788
v 0.0248563 -0.0205135 4.92392e-05 0.8 0.8 0.8
vn -0.0179938 0.0108486 0.999779
v 0.0267399 -0.0164406 4.92392e-05 0.8 0.8 0.8
vn -0.0213612 0.00628613 0.999752
v 0.027861 -0.0109833 4.92392e-05 0.8 0.8 0.8
vn -0.0241951 0.00190034 0.999705
v 0.0258415 -6.73657e-09 1.70543e-05 0.8 0.8 0.8
vn -0.00936272 -5.8291e-05 0.999956
v 0.0255005 0.0100528 1.70543e-05 0.8 0.8 0.8
vn -0.00868203 -0.000917982 0.999962
v 0.0244744 0.0150477 1.70543e-05 0.8 0.8 0.8
vn -0.00808109 -0.00273954 0.999964
v 0.0227504 0.0187755 1.70543e-05 0.8 0.8 0.8
vn -0.00680881 -0.00458115 0.999966
v 0.0202969 0.0216181 1.70543e-05 0.8 0.8 0.8
vn -0.00517929 -0.00634457 0.999966
v 0.0170359 0.0237009 1.70543e-05 0.8 0.8 0.8
vn -0.00338069 -0.00785623 0.999963
v 0.0127568 0.0250736 1.70543e-05 0.8 0.8 0.8
vn -0.00162101 -0.00901203 0.999958
v 0.0066492 0.0257562 1.70543e-05 0.8 0.8 0.8
vn -0.000264267 -0.00982706 0.999952
v -0.00664911 0.0257562 1.70543e-05 0.8 0.8 0.8
vn 0.000392204 -0.00877893 0.999961
v -0.0127567 0.0250736 1.70543e-05 0.8 0.8 0.8
vn 0.00184952 -0.00851964 0.999962
v -0.0170358 0.0237009 1.70543e-05 0.8 0.8 0.8
vn 0.00365792 -0.00750103 0.999965
v -0.0202968 0.0216181 1.70543e-05 0.8 0.8 0.8
vn 0.00548443 -0.00602734 0.999967
v -0.0227503 0.0187755 1.70543e-05 0.8 0.8 0.8
vn 0.0071409 -0.00428859 0.999965
v -0.0244743 0.0150477 1.70543e-05 0.8 0.8 0.8
vn 0.00847907 -0.00248256 0.999961
v -0.0255004 0.0100528 1.70543e-05 0.8 0.8 0.8
vn 0.00962816 -0.000748083 0.999953
v -0.0258414 -7.44138e-09 1.70543e-05 0.8 0.8 0.8
vn 0.00936272 5.8291e-05 0.999956
v -0.0255004 -0.0100528 1.70543e-05 0.8 0.8 0.8
vn 0.00868203 0.000917982 0.999962
v -0.0244743 -0.0150477 1.70543e-05 0.8 0.8 0.8
vn 0.00808109 0.00273954 0.999964
v -0.0227503 -0.0187755 1.70543e-05 0.8 0.8 0.8
vn 0.00680881 0.00458115 0.999966
v -0.0202968 -0.0216181 1.70543e-05 0.8 0.8 0.8
vn 0.00517929 0.00634457 0.999966
v -0.0170358 -0.0237009 1.70543e-05 0.8 0.8 0.8
vn 0.00338069 0.00785623 0.999963
v -0.0127567 -0.0250736 1.70543e-05 0.8 0.8 0.8
vn 0.00162101 0.00901203 0.999958
v -0.00664911 -0.0257563 1.70543e-05 0.8 0.8 0.8
vn 0.000264267 0.00982706 0.999952
v 0.0066492 -0.0257563 1.70543e-05 0.8 0.8 0.8
vn -0.000392204 0.00877893 0.999961
v 0.0127568 -0.0250736 1.70543e-05 0.8 0.8 0.8
vn -0.00184952 0.00851964 0.999962
v 0.0170359 -0.0237009 1.70543e-05 0.8 0.8 0.8
vn -0.00365792 0.00750103 0.999965
v 0.0202969 -0.0216181 1.70543e-05 0.8 0.8 0.8
vn -0.00548443 0.00602734 0.999967
v 0.0227504 -0.0187755 1.70543e-05 0.8 0.8 0.8
vn -0.0071409 0.00428859 0.999965
v 0.0244744 -0.0150477 1.70543e-05 0.8 0.8 0.8
vn -0.00847907 0.00248256 0.999961
v 0.0255005 -0.0100528 1.70543e-05 0.8 0.8 0.8
vn -0.00962816 0.000748083 0.999953
v 0.0234793 -6.76911e-09 5.34394e-06 0.8 0.8 0.8
vn -0.00335779 -2.25836e-05 0.999994
v 0.0231695 0.00913382 5.34394e-06 0.8 0.8 0.8
vn -0.00309861 -0.000331594 0.999995
v 0.0222372 0.0136722 5.34394e-06 0.8 0.8 0.8
vn -0.0028921 -0.000986111 0.999995
v 0.0206708 0.0170592 5.34394e-06 0.8 0.8 0.8
vn -0.00243698 -0.0016471 0.999996
v 0.0184416 0.0196419 5.34394e-06 0.8 0.8 0.8
vn -0.00185308 -0.00227995 0.999996
v 0.0154786 0.0215344 5.34394e-06 0.8 0.8 0.8
vn -0.00120852 -0.00282275 0.999995
v 0.0115907 0.0227816 5.34394e-06 0.8 0.8 0.8
vn -0.000578176 -0.00323953 0.999995
v 0.00604139 0.0234018 5.34394e-06 0.8 0.8 0.8
vn -9.30166e-05 -0.00354053 0.999994
v -0.0060413 0.0234018 5.34394e-06 0.8 0.8 0.8
vn 0.000142484 -0.00313161 0.999995
v -0.0115906 0.0227816 5.34394e-06 0.8 0.8 0.8
vn 0.000666512 -0.0030478 0.999995
v -0.0154785 0.0215344 5.34394e-06 0.8 0.8 0.8
vn 0.00131577 -0.00268481 0.999996
v -0.0184415 0.0196419 5.34394e-06 0.8 0.8 0.8
vn 0.00197126 -0.00215699 0.999996
v -0.0206707 0.0170592 5.34394e-06 0.8 0.8 0.8
vn 0.0025658 -0.00153387 0.999996
v -0.0222371 0.0136722 5.34394e-06 0.8 0.8 0.8
vn 0.00304685 -0.000886731 0.999995
v -0.0231694 0.00913382 5.34394e-06 0.8 0.8 0.8
vn 0.00346757 -0.000265988 0.999994
v -0.0234792 -7.40949e-09 5.34394e-06 0.8 0.8 0.8
vn 0.00335779 2.25836e-05 0.999994
v -0.0231694 -0.00913383 5.34394e-06 0.8 0.8 0.8
vn 0.00309861 0.000331594 0.999995
v -0.0222371 -0.0136722 5.34394e-06 0.8 0.8 0.8
vn 0.0028921 0.000986111 0.999995
v -0.0206707 -0.0170592 5.34394e-06 0.8 0.8 0.8
vn 0.00243698 0.0016471 0.999996
v -0.0184415 -0.019642 5.34394e-06 0.8 0.8 0.8
vn 0.00185308 0.00227995 0.999996
v -0.0154785 -0.0215344 5.34394e-06 0.8 0.8 0.8
vn 0.00120852 0.00282275 0.999995
v -0.0115906 -0.0227816 5.34394e-06 0.8 0.8 0.8
vn 0.000578176 0.00323953 0.999995
v -0.0060413 -0.0234018 5.34394e-06 0.8 0.8 0.8
vn 9.30166e-05 0.00354053 0.999994
v 0.0060414 -0.0234018 5.34394e-06 0.8 0.8 0.8
vn -0.000142484 0.00313161 0.999995
v 0.0115907 -0.0227816 5.34394e-06 0.8 0.8 0.8
vn -0.000666512 0.0030478 0.999995
v 0.0154786 -0.0215344 5.34394e-06 0.8 0.8 0.8
vn -0.00131577 0.00268481 0.999996
v 0.0184416 -0.019642 5.34394e-06 0.8 0.8 0.8
vn -0.00197126 0.00215699 0.999996
v 0.0206708 -0.0170592 5.34394e-06 0.8 0.8 0.8
vn -0.0025658 0.00153387 0.999996
v 0.0222372 -0.0136722 5.34394e-06 0.8 0.8 0.8
vn -0.00304685 0.000886731 0.999995
v 0.0231695 -0.00913383 5.34394e-06 0.8 0.8 0.8
vn -0.00346757 0.000265988 0.999994
v 0.0211275 -6.8015e-09 1.48738e-06 0.8 0.8 0.8
vn -0.00108136 -7.90288e-06 0.999999
v 0.0208488 0.00821894 1.48738e-06 0.8 0.8 0.8
vn -0.000992684 -0.000107729 1
v 0.0200098 0.0123027 1.48738e-06 0.8 0.8 0.8
vn -0.00092923 -0.000318972 1
v 0.0186003 0.0153505 1.48738e-06 0.8 0.8 0.8
vn -0.000783023 -0.000532029 1
v 0.0165944 0.0176745 1.48738e-06 0.8 0.8 0.8
vn -0.00059513 -0.000735961 1
v 0.0139282 0.0193774 1.48738e-06 0.8 0.8 0.8
vn -0.000387705 -0.000910968 1
v 0.0104297 0.0204997 1.48738e-06 0.8 0.8 0.8
vn -0.000184976 -0.00104591 0.999999
v 0.00543627 0.0210578 1.48738e-06 0.8 0.8 0.8
vn -2.92817e-05 -0.00114571 0.999999
v -0.00543618 0.0210578 1.48738e-06 0.8 0.8 0.8
vn 4.65967e-05 -0.00100273 0.999999
v -0.0104296 0.0204997 1.48738e-06 0.8 0.8 0.8
vn 0.000215896 -0.000978854 0.999999
v -0.0139281 0.0193774 1.48738e-06 0.8 0.8 0.8
vn 0.000425243 -0.000862709 1
v -0.0165943 0.0176745 1.48738e-06 0.8 0.8 0.8
vn 0.000636486 -0.000692937 1
v -0.0186002 0.0153505 1.48738e-06 0.8 0.8 0.8
vn 0.000828098 -0.000492398 1
v -0.0200097 0.0123027 1.48738e-06 0.8 0.8 0.8
vn 0.000983363 -0.000284187 0.999999
v -0.0208487 0.00821894 1.48738e-06 0.8 0.8 0.8
vn 0.0011217 -8.47616e-05 0.999999
v -0.0211274 -7.37773e-09 1.48738e-06 0.8 0.8 0.8
vn 0.00108136 7.90288e-06 0.999999
v -0.0208487 -0.00821895 1.48738e-06 0.8 0.8 0.8
vn 0.000992684 0.000107729 1
v -0.0200097 -0.0123027 1.48738e-06 0.8 0.8 0.8
vn 0.00092923 0.000318972 1
v -0.0186002 -0.0153505 1.48738e-06 0.8 0.8 0.8
vn 0.000783023 0.000532029 1
v -0.0165943 -0.0176745 1.48738e-06 0.8 0.8 0.8
vn 0.00059513 0.000735961 1
v -0.0139281 -0.0193774 1.48738e-06 0.8 0.8 0.8
vn 0.000387705 0.000910968 1
v -0.0104296 -0.0204997 1.48738e-06 0.8 0.8 0.8
vn 0.000184976 0.00104591 0.999999
v -0.00543618 -0.0210578 1.48738e-06 0.8 0.8 0.8
vn 2.92817e-05 0.00114571 0.999999
v 0.00543627 -0.0210578 1.48738e-06 0.8 0.8 0.8
vn -4.65967e-05 0.00100273 0.999999
v 0.0104297 -0.0204997 1.48738e-06 0.8 0.8 0.8
vn -0.000215896 0.000978854 0.999999
v 0.0139282 -0.0193774 1.48738e-06 0.8 0.8 0.8
vn -0.000425243 0.000862709 1
v 0.0165944 -0.0176745 1.48738e-06 0.8 0.8 0.8
vn -0.000636486 0.000692937 1
v 0.0186003 -0.0153505 1.48738e-06 0.8 0.8 0.8
vn -0.000828098 0.000492398 1
v 0.0200098 -0.0123027 1.48738e-06 0.8 0.8 0.8
vn -0.000983363 0.000284187 0.999999
v 0.0208488 -0.00821895 1.48738e-06 0.8 0.8 0.8
vn -0.0011217 8.47616e-05 0.999999
v 0.018779 -6.83385e-09 3.62388e-07 0.8 0.8 0.8
vn -0.000307139 -2.45235e-06 1
v 0.0185313 0.00730534 3.62388e-07 0.8 0.8 0.8
vn -0.0002803 -3.09167e-05 1
v 0.0177856 0.0109352 3.62388e-07 0.8 0.8 0.8
vn -0.000263233 -9.10643e-05 1
v 0.0165328 0.0136441 3.62388e-07 0.8 0.8 0.8
vn -0.000221813 -0.000151638 1
v 0.0147498 0.0157099 3.62388e-07 0.8 0.8 0.8
vn -0.00016849 -0.000209597 1
v 0.01238 0.0172235 3.62388e-07 0.8 0.8 0.8
vn -0.000109623 -0.00025936 1
v 0.00927035 0.018221 3.62388e-07 0.8 0.8 0.8
vn -5.21295e-05 -0.000297903 1
v 0.00483199 0.0187171 3.62388e-07 0.8 0.8 0.8
vn -8.09277e-06 -0.00032713 1
v -0.0048319 0.0187171 3.62388e-07 0.8 0.8 0.8
vn 1.34736e-05 -0.000282972 1
v -0.00927026 0.018221 3.62388e-07 0.8 0.8 0.8
vn 6.17389e-05 -0.000277168 1
v -0.0123799 0.0172235 3.62388e-07 0.8 0.8 0.8
vn 0.000121283 -0.00024441 1
v -0.0147497 0.0157099 3.62388e-07 0.8 0.8 0.8
vn 0.000181326 -0.00019625 1
v -0.0165327 0.0136441 3.62388e-07 0.8 0.8 0.8
vn 0.000235788 -0.000139332 1
v -0.0177855 0.0109352 3.62388e-07 0.8 0.8 0.8
vn 0.000279988 -8.02568e-05 1
v -0.0185312 0.00730533 3.62388e-07 0.8 0.8 0.8
vn 0.000320156 -2.3773e-05 1
v -0.0187789 -7.34603e-09 3.62388e-07 0.8 0.8 0.8
vn 0.000307139 2.45235e-06 1
v -0.0185312 -0.00730535 3.62388e-07 0.8 0.8 0.8
vn 0.0002803 3.09167e-05 1
v -0.0177855 -0.0109352 3.62388e-07 0.8 0.8 0.8
vn 0.000263233 9.10643e-05 1
v -0.0165327 -0.0136442 3.62388e-07 0.8 0.8 0.8
vn 0.000221813 0.000151638 1
v -0.0147497 -0.0157099 3.62388e-07 0.8 0.8 0.8
vn 0.00016849 0.000209597 1
v -0.0123799 -0.0172235 3.62388e-07 0.8 0.8 0.8
vn 0.000109623 0.00025936 1
v -0.00927026 -0.018221 3.62388e-07 0.8 0.8 0.8
vn 5.21295e-05 0.000297903 1
v -0.0048319 -0.0187171 3.62388e-07 0.8 0.8 0.8
vn 8.09277e-06 0.00032713 1
v 0.00483199 -0.0187171 3.62388e-07 0.8 0.8 0.8
vn -1.34736e-05 0.000282972 1
v 0.00927035 -0.018221 3.62388e-07 0.8 0.8 0.8
vn -6.17389e-05 0.000277168 1
v 0.01238 -0.0172235 3.62388e-07 0.8 0.8 0.8
vn -0.000121283 0.00024441 1
v 0.0147498 -0.0157099 3.62388e-07 0.8 0.8 0.8
vn -0.000181326 0.00019625 1
v 0.0165328 -0.0136442 3.62388e-07 0.8 0.8 0.8
vn -0.000235788 0.000139332 1
v 0.0177856 -0.0109352 3.62388e-07 0.8 0.8 0.8
vn -0.000279988 8.02568e-05 1
v 0.0185313 -0.00730535 3.62388e-07 0.8 0.8 0.8
vn -0.000320156 2.3773e-05 1
v 0.0164314 -6.86618e-09 8.01392e-08 0.8 0.8 0.8
vn -7.48329e-05 -6.5613e-07 1
v 0.0162146 0.00639208 8.01392e-08 0.8 0.8 0.8
vn -6.78424e-05 -7.62472e-06 1
v 0.0155622 0.00956813 8.01392e-08 0.8 0.8 0.8
vn -6.39431e-05 -2.23207e-05 1
v 0.014466 0.0119385 8.01392e-08 0.8 0.8 0.8
vn -5.38791e-05 -3.70952e-05 1
v 0.0129059 0.0137459 8.01392e-08 0.8 0.8 0.8
vn -4.08977e-05 -5.1226e-05 1
v 0.0108324 0.0150703 8.01392e-08 0.8 0.8 0.8
vn -2.65679e-05 -6.3364e-05 1
v 0.00811145 0.0159431 8.01392e-08 0.8 0.8 0.8
vn -1.25847e-05 -7.28109e-05 1
v 0.00422794 0.0163772 8.01392e-08 0.8 0.8 0.8
vn -1.90822e-06 -8.01644e-05 1
v -0.00422785 0.0163772 8.01392e-08 0.8 0.8 0.8
vn 3.35135e-06 -6.8445e-05 1
v -0.00811136 0.0159431 8.01392e-08 0.8 0.8 0.8
vn 1.51621e-05 -6.72957e-05 1
v -0.0108323 0.0150703 8.01392e-08 0.8 0.8 0.8
vn 2.96926e-05 -5.93752e-05 1
v -0.0129058 0.0137459 8.01392e-08 0.8 0.8 0.8
vn 4.43335e-05 -4.76565e-05 1
v -0.0144659 0.0119385 8.01392e-08 0.8 0.8 0.8
vn 5.76124e-05 -3.37991e-05 1
v -0.0155621 0.00956813 8.01392e-08 0.8 0.8 0.8
vn 6.84069e-05 -1.94231e-05 1
v -0.0162145 0.00639208 8.01392e-08 0.8 0.8 0.8
vn 7.84255e-05 -5.70594e-06 1
v -0.0164313 -7.31433e-09 8.01392e-08 0.8 0.8 0.8
vn 7.48329e-05 6.5613e-07 1
v -0.0162145 -0.0063921 8.01392e-08 0.8 0.8 0.8
vn 6.78424e-05 7.62472e-06 1
v -0.0155621 -0.00956815 8.01392e-08 0.8 0.8 0.8
vn 6.39431e-05 2.23207e-05 1
v -0.0144659 -0.0119385 8.01392e-08 0.8 0.8 0.8
vn 5.38791e-05 3.70952e-05 1
v -0.0129058 -0.013746 8.01392e-08 0.8 0.8 0.8
vn 4.08977e-05 5.1226e-05 1
v -0.0108323 -0.0150703 8.01392e-08 0.8 0.8 0.8
vn 2.65679e-05 6.3364e-05 1
v -0.00811136 -0.0159431 8.01392e-08 0.8 0.8 0.8
vn 1.25847e-05 7.28109e-05 1
v -0.00422785 -0.0163772 8.01392e-08 0.8 0.8 0.8
vn 1.90822e-06 8.01644e-05 1
v 0.00422794 -0.0163772 8.01392e-08 0.8 0.8 0.8
vn -3.35135e-06 6.8445e-05 1
v 0.00811145 -0.0159431 8.01392e-08 0.8 0.8 0.8
vn -1.51621e-05 6.72957e-05 1
v 0.0108324 -0.0150703 8.01392e-08 0.8 0.8 0.8
vn -2.96926e-05 5.93752e-05 1
v 0.0129059 -0.013746 8.01392e-08 0.8 0.8 0.8
vn -4.43335e-05 4.76565e-05 1
v 0.014466 -0.0119385 8.01392e-08 0.8 0.8 0.8
vn -5.76124e-05 3.37991e-05 1
v 0.0155622 -0.00956815 8.01392e-08 0.8 0.8 0.8
vn -6.84069e-05 1.94231e-05 1
v 0.0162146 -0.0063921 8.01392e-08 0.8 0.8 0.8
vn -7.84255e-05 5.70594e-06 1
v 0.014084 -6.89851e-09 2.17077e-08 0.8 0.8 0.8
vn -1.50269e-05 -1.45312e-07 1
v 0.0138982 0.00547891 2.17077e-08 0.8 0.8 0.8
vn -1.35231e-05 -1.55299e-06 1
v 0.013339 0.00820123 2.17077e-08 0.8 0.8 0.8
vn -1.27968e-05 -4.51341e-06 1
v 0.0123994 0.0102329 2.17077e-08 0.8 0.8 0.8
vn -1.07815e-05 -7.4837e-06 1
v 0.0110622 0.0117822 2.17077e-08 0.8 0.8 0.8
vn -8.1768e-06 -1.0323e-05 1
v 0.00928486 0.0129174 2.17077e-08 0.8 0.8 0.8
vn -5.30205e-06 -1.27629e-05 1
v 0.00695266 0.0136655 2.17077e-08 0.8 0.8 0.8
vn -2.49981e-06 -1.46714e-05 1
v 0.00362394 0.0140376 2.17077e-08 0.8 0.8 0.8
vn -3.68407e-07 -1.61971e-05 1
v -0.00362385 0.0140376 2.17077e-08 0.8 0.8 0.8
vn 6.89183e-07 -1.36337e-05 1
v -0.00695257 0.0136655 2.17077e-08 0.8 0.8 0.8
vn 3.07282e-06 -1.34609e-05 1
v -0.00928477 0.0129174 2.17077e-08 0.8 0.8 0.8
vn 5.99581e-06 -1.18833e-05 1
v -0.0110621 0.0117822 2.17077e-08 0.8 0.8 0.8
vn 8.93818e-06 -9.53304e-06 1
v -0.0123993 0.0102329 2.17077e-08 0.8 0.8 0.8
vn 1.16064e-05 -6.75251e-06 1
v -0.0133389 0.00820123 2.17077e-08 0.8 0.8 0.8
vn 1.37789e-05 -3.86964e-06 1
v -0.0138981 0.00547891 2.17077e-08 0.8 0.8 0.8
vn 1.58398e-05 -1.12553e-06 1
v -0.014084 -7.28264e-09 2.17077e-08 0.8 0.8 0.8
vn 1.50269e-05 1.45312e-07 1
v -0.0138981 -0.00547893 2.17077e-08 0.8 0.8 0.8
vn 1.35231e-05 1.55299e-06 1
v -0.0133389 -0.00820125 2.17077e-08 0.8 0.8 0.8
vn 1.27968e-05 4.51341e-06 1
v -0.0123993 -0.010233 2.17077e-08 0.8 0.8 0.8
vn 1.07815e-05 7.4837e-06 1
v -0.0110621 -0.0117822 2.17077e-08 0.8 0.8 0.8
vn 8.1768e-06 1.0323e-05 1
v -0.00928477 -0.0129174 2.17077e-08 0.8 0.8 0.8
vn 5.30205e-06 1.27629e-05 1
v -0.00695257 -0.0136655 2.17077e-08 0.8 0.8 0.8
vn 2.49981e-06 1.46714e-05 1
v -0.00362385 -0.0140376 2.17077e-08 0.8 0.8 0.8
vn 3.68407e-07 1.61971e-05 1
v 0.00362395 -0.0140376 2.17077e-08 0.8 0.8 0.8
vn -6.89183e-07 1.36337e-05 1
v 0.00695266 -0.0136655 2.17077e-08 0.8 0.8 0.8
vn -3.07282e-06 1.34609e-05 1
v 0.00928486 -0.0129174 2.17077e-08 0.8 0.8 0.8
vn -5.99581e-06 1.18833e-05 1
v 0.0110622 -0.0117822 2.17077e-08 0.8 0.8 0.8
vn -8.93818e-06 9.53304e-06 1
v 0.0123994 -0.010233 2.17077e-08 0.8 0.8 0.8
vn -1.16064e-05 6.75251e-06 1
v 0.013339 -0.00820125 2.17077e-08 0.8 0.8 0.8
vn -1.37789e-05 3.86964e-06 1
v 0.0138982 -0.00547893 2.17077e-08 0.8 0.8 0.8
vn -1.58398e-05 1.12553e-06 1
v 0.0117367 -6.93084e-09 1.23168e-08 0.8 0.8 0.8
vn -2.34557e-06 -2.50836e-08 1
v 0.0115819 0.00456576 1.23168e-08 0.8 0.8 0.8
vn -2.09442e-06 -2.46474e-07 1
v 0.0111158 0.00683436 1.23168e-08 0.8 0.8 0.8
vn -1.99012e-06 -7.10175e-07 1
v 0.0103328 0.00852744 1.23168e-08 0.8 0.8 0.8
vn -1.67631e-06 -1.17438e-06 1
v 0.00921848 0.0098185 1.23168e-08 0.8 0.8 0.8
vn -1.26998e-06 -1.61778e-06 1
v 0.00773739 0.0107645 1.23168e-08 0.8 0.8 0.8
vn -8.21689e-07 -1.99888e-06 1
v 0.00579389 0.0113879 1.23168e-08 0.8 0.8 0.8
vn -3.85277e-07 -2.29839e-06 1
v 0.00301996 0.011698 1.23168e-08 0.8 0.8 0.8
vn -5.48626e-08 -2.54388e-06 1
v -0.00301987 0.011698 1.23168e-08 0.8 0.8 0.8
vn 1.10552e-07 -2.11005e-06 1
v -0.0057938 0.0113879 1.23168e-08 0.8 0.8 0.8
vn 4.84778e-07 -2.09241e-06 1
v -0.0077373 0.0107645 1.23168e-08 0.8 0.8 0.8
vn 9.41913e-07 -1.84806e-06 1
v -0.00921839 0.0098185 1.23168e-08 0.8 0.8 0.8
vn 1.40154e-06 -1.48156e-06 1
v -0.0103327 0.00852744 1.23168e-08 0.8 0.8 0.8
vn 1.81818e-06 -1.04783e-06 1
v -0.0111157 0.00683436 1.23168e-08 0.8 0.8 0.8
vn 2.15791e-06 -5.98498e-07 1
v -0.0115818 0.00456576 1.23168e-08 0.8 0.8 0.8
vn 2.48702e-06 -1.72008e-07 1
v -0.0117366 -7.25095e-09 1.23168e-08 0.8 0.8 0.8
vn 2.34557e-06 2.50836e-08 1
v -0.0115818 -0.00456577 1.23168e-08 0.8 0.8 0.8
vn 2.09442e-06 2.46474e-07 1
v -0.0111157 -0.00683437 1.23168e-08 0.8 0.8 0.8
vn 1.99012e-06 7.10175e-07 1
v -0.0103327 -0.00852746 1.23168e-08 0.8 0.8 0.8
vn 1.67631e-06 1.17438e-06 1
v -0.00921839 -0.00981851 1.23168e-08 0.8 0.8 0.8
vn 1.26998e-06 1.61778e-06 1
v -0.0077373 -0.0107645 1.23168e-08 0.8 0.8 0.8
vn 8.21689e-07 1.99888e-06 1
v -0.0057938 -0.0113879 1.23168e-08 0.8 0.8 0.8
vn 3.85277e-07 2.29839e-06 1
v -0.00301987 -0.011698 1.23168e-08 0.8 0.8 0.8
vn 5.48626e-08 2.54388e-06 1
v 0.00301996 -0.011698 1.23168e-08 0.8 0.8 0.8
vn -1.10552e-07 2.11005e-06 1
v 0.00579389 -0.0113879 1.23168e-08 0.8 0.8 0.8
vn -4.84778e-07 2.09241e-06 1
v 0.00773739 -0.0107645 1.23168e-08 0.8 0.8 0.8
vn -9.41913e-07 1.84806e-06 1
v 0.00921848 -0.00981851 1.23168e-08 0.8 0.8 0.8
vn -1.40154e-06 1.48156e-06 1
v 0.0103328 -0.00852746 1.23168e-08 0.8 0.8 0.8
vn -1.81818e-06 1.04783e-06 1
v 0.0111158 -0.00683437 1.23168e-08 0.8 0.8 0.8
vn -2.15791e-06 5.98498e-07 1
v 0.0115819 -0.00456577 1.23168e-08 0.8 0.8 0.8
vn -2.48702e-06 1.72008e-07 1
v 0.00938938 -6.96317e-09 1.1251e-08 0.8 0.8 0.8
vn -2.60162e-07 -3.07636e-09 1
v 0.0092655 0.0036526 1.1251e-08 0.8 0.8 0.8
vn -2.30599e-07 -2.78782e-08 1
v 0.00889265 0.00546748 1.1251e-08 0.8 0.8 0.8
vn -2.19912e-07 -7.94942e-08 1
v 0.00826626 0.00682195 1.1251e-08 0.8 0.8 0.8
vn -1.85145e-07 -1.31038e-07 1
v 0.00737479 0.0078548 1.1251e-08 0.8 0.8 0.8
vn -1.40079e-07 -1.8022e-07 1
v 0.00618992 0.00861159 1.1251e-08 0.8 0.8 0.8
vn -9.03949e-08 -2.22478e-07 1
v 0.00463512 0.00911032 1.1251e-08 0.8 0.8 0.8
vn -4.21087e-08 -2.55801e-07 1
v 0.00241598 0.00935837 1.1251e-08 0.8 0.8 0.8
vn -5.75528e-09 -2.83625e-07 1
v -0.00241589 0.00935837 1.1251e-08 0.8 0.8 0.8
vn 1.26502e-08 -2.32185e-07 1
v -0.00463503 0.00911032 1.1251e-08 0.8 0.8 0.8
vn 5.44323e-08 -2.31142e-07 1
v -0.00618983 0.00861159 1.1251e-08 0.8 0.8 0.8
vn 1.05235e-07 -2.04189e-07 1
v -0.0073747 0.0078548 1.1251e-08 0.8 0.8 0.8
vn 1.5624e-07 -1.63544e-07 1
v -0.00826617 0.00682195 1.1251e-08 0.8 0.8 0.8
vn 2.0244e-07 -1.15451e-07 1
v -0.00889256 0.00546748 1.1251e-08 0.8 0.8 0.8
vn 2.40135e-07 -6.56851e-08 1
v -0.00926541 0.0036526 1.1251e-08 0.8 0.8 0.8
vn 2.77255e-07 -1.86065e-08 1
v -0.00938928 -7.21926e-09 1.1251e-08 0.8 0.8 0.8
vn 2.60162e-07 3.07636e-09 1
v -0.0092654 -0.00365262 1.1251e-08 0.8 0.8 0.8
vn 2.30599e-07 2.78782e-08 1
v -0.00889256 -0.0054675 1.1251e-08 0.8 0.8 0.8
vn 2.19912e-07 7.94942e-08 1
v -0.00826617 -0.00682197 1.1251e-08 0.8 0.8 0.8
vn 1.85145e-07 1.31038e-07 1
v -0.0073747 -0.00785481 1.1251e-08 0.8 0.8 0.8
vn 1.40079e-07 1.8022e-07 1
v -0.00618983 -0.0086116 1.1251e-08 0.8 0.8 0.8
vn 9.03949e-08 2.22478e-07 1
v -0.00463503 -0.00911034 1.1251e-08 0.8 0.8 0.8
vn 4.21087e-08 2.55801e-07 1
v -0.00241589 -0.00935838 1.1251e-08 0.8 0.8 0.8
vn 5.75528e-09 2.83625e-07 1
v 0.00241598 -0.00935838 1.1251e-08 0.8 0.8 0.8
vn -1.26502e-08 2.32185e-07 1
v 0.00463512 -0.00911034 1.1251e-08 0.8 0.8 0.8
vn -5.44323e-08 2.31142e-07 1
v 0.00618992 -0.0086116 1.1251e-08 0.8 0.8 0.8
vn -1.05235e-07 2.04189e-07 1
v 0.00737479 -0.00785481 1.1251e-08 0.8 0.8 0.8
vn -1.5624e-07 1.63544e-07 1
v 0.00826626 -0.00682197 1.1251e-08 0.8 0.8 0.8
vn -2.0244e-07 1.15451e-07 1
v 0.00889265 -0.0054675 1.1251e-08 0.8 0.8 0.8
vn -2.40135e-07 6.56851e-08 1
v 0.0092655 -0.00365262 1.1251e-08 0.8 0.8 0.8
vn -2.77255e-07 1.86065e-08 1
v 0.00704204 -6.9955e-09 1.11781e-08 0.8 0.8 0.8
vn -1.76736e-08 -2.30424e-10 1
v 0.00694913 0.00273945 1.11781e-08 0.8 0.8 0.8
vn -1.55885e-08 -1.93974e-09 1
v 0.0066695 0.00410061 1.11781e-08 0.8 0.8 0.8
vn -1.48911e-08 -5.4576e-09 1
v 0.00619971 0.00511646 1.11781e-08 0.8 0.8 0.8
vn -1.25237e-08 -8.96132e-09 1
v 0.00553111 0.0058911 1.11781e-08 0.8 0.8 0.8
vn -9.45816e-09 -1.22988e-08 1
v 0.00464245 0.00645869 1.11781e-08 0.8 0.8 0.8
vn -6.08367e-09 -1.51621e-08 1
v 0.00347635 0.00683274 1.11781e-08 0.8 0.8 0.8
vn -2.8117e-09 -1.74186e-08 1
v 0.00181199 0.00701878 1.11781e-08 0.8 0.8 0.8
vn -3.65971e-10 -1.93072e-08 1
v -0.0018119 0.00701878 1.11781e-08 0.8 0.8 0.8
vn 8.91297e-10 -1.5694e-08 1
v -0.00347626 0.00683274 1.11781e-08 0.8 0.8 0.8
vn 3.75111e-09 -1.56537e-08 1
v -0.00464236 0.00645869 1.11781e-08 0.8 0.8 0.8
vn 7.20817e-09 -1.38204e-08 1
v -0.00553101 0.0058911 1.11781e-08 0.8 0.8 0.8
vn 1.06721e-08 -1.10538e-08 1
v -0.00619962 0.00511646 1.11781e-08 0.8 0.8 0.8
vn 1.38049e-08 -7.78472e-09 1
v -0.00666941 0.00410061 1.11781e-08 0.8 0.8 0.8
vn 1.63575e-08 -4.40798e-09 1
v -0.00694904 0.00273945 1.11781e-08 0.8 0.8 0.8
vn 1.88804e-08 -1.22634e-09 1
v -0.00704195 -7.18757e-09 1.11781e-08 0.8 0.8 0.8
vn 1.76736e-08 2.30424e-10 1
v -0.00694904 -0.00273946 1.11781e-08 0.8 0.8 0.8
vn 1.55885e-08 1.93974e-09 1
v -0.00666941 -0.00410063 1.11781e-08 0.8 0.8 0.8
vn 1.48911e-08 5.4576e-09 1
v -0.00619962 -0.00511648 1.11781e-08 0.8 0.8 0.8
vn 1.25237e-08 8.96132e-09 1
v -0.00553101 -0.00589111 1.11781e-08 0.8 0.8 0.8
vn 9.45816e-09 1.22988e-08 1
v -0.00464236 -0.0064587 1.11781e-08 0.8 0.8 0.8
vn 6.08367e-09 1.51621e-08 1
v -0.00347626 -0.00683276 1.11781e-08 0.8 0.8 0.8
vn 2.8117e-09 1.74186e-08 1
v -0.0018119 -0.00701879 1.11781e-08 0.8 0.8 0.8
vn 3.65971e-10 1.93072e-08 1
v 0.00181199 -0.00701879 1.11781e-08 0.8 0.8 0.8
vn -8.91297e-10 1.5694e-08 1
v 0.00347635 -0.00683276 1.11781e-08 0.8 0.8 0.8
vn -3.75111e-09 1.56537e-08 1
v 0.00464245 -0.0064587 1.11781e-08 0.8 0.8 0.8
vn -7.20817e-09 1.38204e-08 1
v 0.00553111 -0.00589111 1.11781e-08 0.8 0.8 0.8
vn -1.06721e-08 1.10538e-08 1
v 0.00619971 -0.00511648 1.11781e-08 0.8 0.8 0.8
vn -1.38049e-08 7.78472e-09 1
v 0.0066695 -0.00410063 1.11781e-08 0.8 0.8 0.8
vn -1.63575e-08 4.40798e-09 1
v 0.00694913 -0.00273946 1.11781e-08 0.8 0.8 0.8
vn -1.88804e-08 1.22634e-09 1
v 0.00469471 -7.02783e-09 1.11759e-08 0.8 0.8 0.8
vn -5.58789e-10 -8.06122e-12 1
v 0.00463277 0.0018263 1.11759e-08 0.8 0.8 0.8
vn -4.938e-10 -6.35062e-11 1
v 0.00444635 0.00273374 1.11759e-08 0.8 0.8 0.8
vn -4.69969e-10 -1.74976e-10 1
v 0.00413315 0.00341097 1.11759e-08 0.8 0.8 0.8
vn -3.94283e-10 -2.8568e-10 1
v 0.00368742 0.00392739 1.11759e-08 0.8 0.8 0.8
vn -2.96882e-10 -3.90789e-10 1
v 0.00309498 0.00430579 1.11759e-08 0.8 0.8 0.8
vn -1.90059e-10 -4.80558e-10 1
v 0.00231758 0.00455516 1.11759e-08 0.8 0.8 0.8
vn -8.68802e-11 -5.50547e-10 1
v 0.00120801 0.00467918 1.11759e-08 0.8 0.8 0.8
vn -1.05986e-11 -6.06927e-10 1
v -0.00120792 0.00467918 1.11759e-08 0.8 0.8 0.8
vn 2.96277e-11 -4.97737e-10 1
v -0.00231749 0.00455516 1.11759e-08 0.8 0.8 0.8
vn 1.20924e-10 -4.94703e-10 1
v -0.00309489 0.00430579 1.11759e-08 0.8 0.8 0.8
vn 2.30331e-10 -4.35648e-10 1
v -0.00368733 0.00392739 1.11759e-08 0.8 0.8 0.8
vn 3.39606e-10 -3.47528e-10 1
v -0.00413306 0.00341097 1.11759e-08 0.8 0.8 0.8
vn 4.38073e-10 -2.43863e-10 1
v -0.00444626 0.00273374 1.11759e-08 0.8 0.8 0.8
vn 5.17795e-10 -1.37156e-10 1
v -0.00463268 0.0018263 1.11759e-08 0.8 0.8 0.8
vn 5.94411e-10 -3.71743e-11 1
v -0.00469462 -7.15588e-09 1.11759e-08 0.8 0.8 0.8
vn 5.58789e-10 8.06122e-12 1
v -0.00463268 -0.00182631 1.11759e-08 0.8 0.8 0.8
vn 4.938e-10 6.35062e-11 1
v -0.00444626 -0.00273375 1.11759e-08 0.8 0.8 0.8
vn 4.69969e-10 1.74976e-10 1
v -0.00413306 -0.00341099 1.11759e-08 0.8 0.8 0.8
vn 3.94283e-10 2.8568e-10 1
v -0.00368733 -0.00392741 1.11759e-08 0.8 0.8 0.8
vn 2.96882e-10 3.90789e-10 1
v -0.00309489 -0.0043058 1.11759e-08 0.8 0.8 0.8
vn 1.90059e-10 4.80558e-10 1
v -0.00231749 -0.00455517 1.11759e-08 0.8 0.8 0.8
vn 8.68802e-11 5.50547e-10 1
v -0.00120792 -0.0046792 1.11759e-08 0.8 0.8 0.8
vn 1.05986e-11 6.06927e-10 1
v 0.00120801 -0.0046792 1.11759e-08 0.8 0.8 0.8
vn -2.96277e-11 4.97737e-10 1
v 0.00231758 -0.00455517 1.11759e-08 0.8 0.8 0.8
vn -1.20924e-10 4.94703e-10 1
v 0.00309498 -0.0043058 1.11759e-08 0.8 0.8 0.8
vn -2.30331e-10 4.35648e-10 1
v 0.00368742 -0.00392741 1.11759e-08 0.8 0.8 0.8
vn -3.39606e-10 3.47528e-10 1
v 0.00413315 -0.00341099 1.11759e-08 0.8 0.8 0.8
vn -4.38073e-10 2.43863e-10 1
v 0.00444635 -0.00273375 1.11759e-08 0.8 0.8 0.8
vn -5.17795e-10 1.37156e-10 1
v 0.00463277 -0.00182631 1.11759e-08 0.8 0.8 0.8
vn -5.94411e-10 3.71743e-11 1
v 0.00234738 -7.06016e-09 1.11759e-08 0.8 0.8 0.8
vn -4.56566e-12 -7.74143e-14 1
v 0.00231641 0.000913146 1.11759e-08 0.8 0.8 0.8
vn -4.14002e-12 -5.6538e-13 1
v 0.0022232 0.00136687 1.11759e-08 0.8 0.8 0.8
vn -3.84792e-12 -1.47413e-12 1
v 0.0020666 0.00170548 1.11759e-08 0.8 0.8 0.8
vn -3.20235e-12 -2.37372e-12 1
v 0.00184373 0.00196369 1.11759e-08 0.8 0.8 0.8
vn -2.39222e-12 -3.21985e-12 1
v 0.00154751 0.00215289 1.11759e-08 0.8 0.8 0.8
vn -1.51414e-12 -3.93096e-12 1
v 0.00115881 0.00227758 1.11759e-08 0.8 0.8 0.8
vn -6.74902e-13 -4.45924e-12 1
v 0.000604028 0.00233959 1.11759e-08 0.8 0.8 0.8
vn -7.13381e-14 -4.80657e-12 1
v -0.000603937 0.00233959 1.11759e-08 0.8 0.8 0.8
vn 2.72015e-13 -4.20008e-12 1
v -0.00115872 0.00227758 1.11759e-08 0.8 0.8 0.8
vn 1.0324e-12 -4.07435e-12 1
v -0.00154742 0.00215289 1.11759e-08 0.8 0.8 0.8
vn 1.92486e-12 -3.55172e-12 1
v -0.00184364 0.00196369 1.11759e-08 0.8 0.8 0.8
vn 2.80902e-12 -2.81196e-12 1
v -0.00206651 0.00170548 1.11759e-08 0.8 0.8 0.8
vn 3.59649e-12 -1.95531e-12 1
v -0.00222311 0.00136687 1.11759e-08 0.8 0.8 0.8
vn 4.21805e-12 -1.08255e-12 1
v -0.00231632 0.000913145 1.11759e-08 0.8 0.8 0.8
vn 4.73274e-12 -2.75871e-13 1
v -0.00234729 -7.12419e-09 1.11759e-08 0.8 0.8 0.8
vn 4.56566e-12 7.74143e-14 1
v -0.00231632 -0.00091316 1.11759e-08 0.8 0.8 0.8
vn 4.14002e-12 5.6538e-13 1
v -0.00222311 -0.00136688 1.11759e-08 0.8 0.8 0.8
vn 3.84792e-12 1.47413e-12 1
v -0.00206651 -0.0017055 1.11759e-08 0.8 0.8 0.8
vn 3.20235e-12 2.37372e-12 1
v -0.00184364 -0.00196371 1.11759e-08 0.8 0.8 0.8
vn 2.39222e-12 3.21985e-12 1
v -0.00154742 -0.00215291 1.11759e-08 0.8 0.8 0.8
vn 1.51414e-12 3.93096e-12 1
v -0.00115872 -0.00227759 1.11759e-08 0.8 0.8 0.8
vn 6.74902e-13 4.45924e-12 1
v -0.000603937 -0.0023396 1.11759e-08 0.8 0.8 0.8
vn 7.13381e-14 4.80657e-12 1
v 0.000604029 -0.0023396 1.11759e-08 0.8 0.8 0.8
vn -2.72015e-13 4.20008e-12 1
v 0.00115881 -0.00227759 1.11759e-08 0.8 0.8 0.8
vn -1.0324e-12 4.07435e-12 1
v 0.00154751 -0.00215291 1.11759e-08 0.8 0.8 0.8
vn -1.92486e-12 3.55172e-12 1
v 0.00184373 -0.00196371 1.11759e-08 0.8 0.8 0.8
vn -2.80902e-12 2.81196e-12 1
v 0.0020666 -0.0017055 1.11759e-08 0.8 0.8 0.8
vn -3.59649e-12 1.95531e-12 1
v 0.0022232 -0.00136688 1.11759e-08 0.8 0.8 0.8
vn -4.21805e-12 1.08255e-12 1
v 0.00231641 -0.00091316 1.11759e-08 0.8 0.8 0.8
vn -4.73274e-12 2.75871e-13 1
v 4.57718e-08 -7.09249e-09 1.11759e-08 0.8 0.8 0.8
vn -1.47804e-15 -5.01279e-17 1
v 4.57718e-08 -7.09249e-09 1.11759e-08 0.8 0.8 0.8
vn -1.38558e-15 -2.84652e-16 1
v 4.57718e-08 -7.09249e-09 1.11759e-08 0.8 0.8 0.8
vn -1.2151e-15 -5.61936e-16 1
v 4.57718e-08 -7.09249e-09 1.11759e-08 0.8 0.8 0.8
vn -9.80457e-16 -8.46255e-16 1
v 4.57718e-08 -7.09249e-09 1.11759e-08 0.8 0.8 0.8
vn -7.05435e-16 -1.10447e-15 1
v 4.57718e-08 -7.09249e-09 1.11759e-08 0.8 0.8 0.8
vn -4.20078e-16 -1.30958e-15 1
v 4.57718e-08 -7.09249e-09 1.11759e-08 0.8 0.8 0.8
vn -1.61106e-16 -1.44134e-15 1
v 4.57718e-08 -7.09249e-09 1.11759e-08 0.8 0.8 0.8
vn 7.18731e-23 -1.48293e-15 1
v 4.57718e-08 -7.09249e-09 1.11759e-08 0.8 0.8 0.8
vn 1.61106e-16 -1.44134e-15 1
v 4.57718e-08 -7.09249e-09 1.11759e-08 0.8 0.8 0.8
vn 4.20078e-16 -1.30958e-15 1
v 4.57718e-08 -7.09249e-09 1.11759e-08 0.8 0.8 0.8
vn 7.05436e-16 -1.10447e-15 1
v 4.57718e-08 -7.09249e-09 1.11759e-08 0.8 0.8 0.8
vn 9.80457e-16 -8.46255e-16 1
v 4.57718e-08 -7.09249e-09 1.11759e-08 0.8 0.8 0.8
vn 1.2151e-15 -5.61936e-16 1
v 4.57718e-08 -7.09249e-09 1.11759e-08 0.8 0.8 0.8
vn 1.38558e-15 -2.84652e-16 1
v 4.57718e-08 -7.09249e-09 1.11759e-08 0.8 0.8 0.8
vn 1.47804e-15 -5.01279e-17 1
v 4.57718e-08 -7.09249e-09 1.11759e-08 0.8 0.8 0.8
vn 1.47804e-15 5.01279e-17 1
v 4.57718e-08 -7.09249e-09 1.11759e-08 0.8 0.8 0.8
vn 1.38558e-15 2.84652e-16 1
v 4.57718e-08 -7.09249e-09 1.11759e-08 0.8 0.8 0.8
vn 1.2151e-15 5.61936e-16 1
v 4.57718e-08 -7.09249e-09 1.11759e-08 0.8 0.8 0.8
vn 9.80457e-16 8.46255e-16 1
v 4.57718e-08 -7.09249e-09 1.11759e-08 0.8 0.8 0.8
vn 7.05435e-16 1.10447e-15 1
v 4.57718e-08 -7.09249e-09 1.11759e-08 0.8 0.8 0.8
vn 4.20078e-16 1.30958e-15 1
v 4.57718e-08 -7.09249e-09 1.11759e-08 0.8 0.8 0.8
vn 1.61106e-16 1.44134e-15 1
v 4.57718e-08 -7.09249e-09 1.11759e-08 0.8 0.8 0.8
vn -7.18731e-23 1.48293e-15 1
v 4.57718e-08 -7.09249e-09 1.11759e-08 0.8 0.8 0.8
vn -1.61106e-16 1.44134e-15 1
v 4.57718e-08 -7.09249e-09 1.11759e-08 0.8 0.8 0.8
vn -4.20078e-16 1.30958e-15 1
v 4.57718e-08 -7.09249e-09 1.11759e-08 0.8 0.8 0.8
vn -7.05436e-16 1.10447e-15 1
v 4.57718e-08 -7.09249e-09 1.11759e-08 0.8 0.8 0.8
vn -9.80457e-16 8.46255e-16 1
v 4.57718e-08 -7.09249e-09 1.11759e-08 0.8 0.8 0.8
vn -1.2151e-15 5.61936e-16 1
v 4.57718e-08 -7.09249e-09 1.11759e-08 0.8 0.8 0.8
vn -1.38558e-15 2.84652e-16 1
v 4.57718e-08 -7.09249e-09 1.11759e-08 0.8 0.8 0.8
vn -1.47804e-15 5.01279e-17 1
v 0.112951 -5.5368e-09 0.0249266 0.8 0.8 0.8
vn 0.481543 -0.00428427 -0.876412
v 0.111461 0.0439398 0.0249266 0.8 0.8 0.8
vn 0.478584 0.0347028 -0.877356
v 0.106975 0.0657722 0.0249266 0.8 0.8 0.8
vn 0.440213 0.124796 -0.889179
v 0.0994401 0.082066 0.0249266 0.8 0.8 0.8
vn 0.37835 0.2217 -0.898721
v 0.0887159 0.0944908 0.0249266 0.8 0.8 0.8
vn 0.294273 0.315976 -0.901977
v 0.0744623 0.103595 0.0249266 0.8 0.8 0.8
vn 0.19765 0.39473 -0.897286
v 0.0557586 0.109594 0.0249266 0.8 0.8 0.8
vn 0.101409 0.44925 -0.887632
v 0.0290629 0.112578 0.0249266 0.8 0.8 0.8
vn 0.0233198 0.474089 -0.880168
v -0.0290629 0.112578 0.0249266 0.8 0.8 0.8
vn -0.0114415 0.483755 -0.875129
v -0.0557585 0.109594 0.0249266 0.8 0.8 0.8
vn -0.0796062 0.461517 -0.883552
v -0.0744622 0.103595 0.0249266 0.8 0.8 0.8
vn -0.172701 0.412434 -0.894468
v -0.0887159 0.0944908 0.0249266 0.8 0.8 0.8
vn -0.270033 0.338609 -0.901347
v -0.09944 0.082066 0.0249266 0.8 0.8 0.8
vn -0.357967 0.246744 -0.900543
v -0.106975 0.0657722 0.0249266 0.8 0.8 0.8
vn -0.425345 0.148696 -0.892733
v -0.11146 0.0439398 0.0249266 0.8 0.8 0.8
vn -0.466516 0.0525933 -0.882948
v -0.112951 -8.61743e-09 0.0249266 0.8 0.8 0.8
vn -0.481543 0.00428427 -0.876412
v -0.11146 -0.0439398 0.0249266 0.8 0.8 0.8
vn -0.478584 -0.0347028 -0.877356
v -0.106975 -0.0657722 0.0249266 0.8 0.8 0.8
vn -0.440213 -0.124796 -0.889179
v -0.09944 -0.0820661 0.0249266 0.8 0.8 0.8
vn -0.37835 -0.2217 -0.898721
v -0.0887158 -0.0944908 0.0249266 0.8 0.8 0.8
vn -0.294273 -0.315976 -0.901977
v -0.0744622 -0.103595 0.0249266 0.8 0.8 0.8
vn -0.19765 -0.39473 -0.897286
v -0.0557585 -0.109594 0.0249266 0.8 0.8 0.8
vn -0.101409 -0.44925 -0.887632
v -0.0290628 -0.112578 0.0249266 0.8 0.8 0.8
vn -0.0233198 -0.474089 -0.880168
v 0.029063 -0.112578 0.0249266 0.8 0.8 0.8
vn 0.0114415 -0.483755 -0.875129
v 0.0557586 -0.109594 0.0249266 0.8 0.8 0.8
vn 0.0796062 -0.461517 -0.883552
v 0.0744623 -0.103595 0.0249266 0.8 0.8 0.8
vn 0.172701 -0.412434 -0.894468
v 0.0887159 -0.0944908 0.0249266 0.8 0.8 0.8
vn 0.270033 -0.338609 -0.901347
v 0.0994401 -0.0820661 0.0249266 0.8 0.8 0.8
vn 0.357967 -0.246744 -0.900543
v 0.106975 -0.0657722 0.0249266 0.8 0.8 0.8
vn 0.425345 -0.148696 -0.892733
v 0.111461 -0.0439398 0.0249266 0.8 0.8 0.8
vn 0.466516 -0.0525933 -0.882948
v 0.0803351 -5.98602e-09 0.0133383 0.8 0.8 0.8
vn 0.333257 0.00223479 -0.942833
v 0.0792751 0.0312517 0.0133383 0.8 0.8 0.8
vn 0.324605 0.0347207 -0.945212
v 0.0760851 0.0467798 0.0133383 0.8 0.8 0.8
vn 0.293294 0.099981 -0.95078
v 0.0707257 0.0583686 0.0133383 0.8 0.8 0.8
vn 0.246096 0.166302 -0.954872
v 0.0630983 0.0672056 0.0133383 0.8 0.8 0.8
vn 0.186126 0.228962 -0.955476
v 0.0529605 0.0736807 0.0133383 0.8 0.8 0.8
vn 0.120179 0.280648 -0.952257
v 0.0396577 0.0779479 0.0133383 0.8 0.8 0.8
vn 0.0564764 0.31634 -0.946963
v 0.0206707 0.0800702 0.0133383 0.8 0.8 0.8
vn 0.00874258 0.332463 -0.943076
v -0.0206706 0.0800702 0.0133383 0.8 0.8 0.8
vn -0.0150251 0.33047 -0.943697
v -0.0396576 0.0779479 0.0133383 0.8 0.8 0.8
vn -0.0679264 0.310701 -0.948077
v -0.0529605 0.0736807 0.0133383 0.8 0.8 0.8
vn -0.133091 0.271623 -0.953157
v -0.0630982 0.0672056 0.0133383 0.8 0.8 0.8
vn -0.198585 0.217334 -0.955683
v -0.0707256 0.0583686 0.0133383 0.8 0.8 0.8
vn -0.256558 0.153401 -0.954278
v -0.076085 0.0467798 0.0133383 0.8 0.8 0.8
vn -0.300686 0.0875301 -0.949698
v -0.0792751 0.0312517 0.0133383 0.8 0.8 0.8
vn -0.328493 0.0252107 -0.94417
v -0.080335 -8.17709e-09 0.0133383 0.8 0.8 0.8
vn -0.333257 -0.00223479 -0.942833
v -0.0792751 -0.0312517 0.0133383 0.8 0.8 0.8
vn -0.324605 -0.0347207 -0.945212
v -0.076085 -0.0467798 0.0133383 0.8 0.8 0.8
vn -0.293294 -0.099981 -0.95078
v -0.0707256 -0.0583686 0.0133383 0.8 0.8 0.8
vn -0.246096 -0.166302 -0.954872
v -0.0630982 -0.0672056 0.0133383 0.8 0.8 0.8
vn -0.186126 -0.228962 -0.955476
v -0.0529605 -0.0736807 0.0133383 0.8 0.8 0.8
vn -0.120179 -0.280648 -0.952257
v -0.0396576 -0.0779479 0.0133383 0.8 0.8 0.8
vn -0.0564764 -0.31634 -0.946963
v -0.0206706 -0.0800702 0.0133383 0.8 0.8 0.8
vn -0.00874258 -0.332463 -0.943076
v 0.0206707 -0.0800702 0.0133383 0.8 0.8 0.8
vn 0.0150251 -0.33047 -0.943697
v 0.0396577 -0.0779479 0.0133383 0.8 0.8 0.8
vn 0.0679264 -0.310701 -0.948077
v 0.0529605 -0.0736807 0.0133383 0.8 0.8 0.8
vn 0.133091 -0.271623 -0.953157
v 0.0630983 -0.0672056 0.0133383 0.8 0.8 0.8
vn 0.198585 -0.217334 -0.955683
v 0.0707257 -0.0583686 0.0133383 0.8 0.8 0.8
vn 0.256558 -0.153401 -0.954278
v 0.0760851 -0.0467798 0.0133383 0.8 0.8 0.8
vn 0.300686 -0.0875301 -0.949698
v 0.0792752 -0.0312517 0.0133383 0.8 0.8 0.8
vn 0.328493 -0.0252107 -0.94417
v 0.0619124 -6.23976e-09 0.00690011 0.8 0.8 0.8
vn 0.323097 0.00193814 -0.946364
v 0.0610955 0.024085 0.00690011 0.8 0.8 0.8
vn 0.314094 0.0330288 -0.948817
v 0.058637 0.0360521 0.00690011 0.8 0.8 0.8
vn 0.284418 0.0961667 -0.953865
v 0.0545067 0.0449833 0.00690011 0.8 0.8 0.8
vn 0.238899 0.160406 -0.957704
v 0.0486284 0.0517938 0.00690011 0.8 0.8 0.8
vn 0.180954 0.221227 -0.958287
v 0.0408155 0.056784 0.00690011 0.8 0.8 0.8
vn 0.117139 0.271584 -0.955259
v 0.0305633 0.0600726 0.00690011 0.8 0.8 0.8
vn 0.0553521 0.306643 -0.950214
v 0.0159305 0.0617082 0.00690011 0.8 0.8 0.8
vn 0.0087798 0.323076 -0.946332
v -0.0159304 0.0617082 0.00690011 0.8 0.8 0.8
vn -0.0141575 0.319548 -0.947464
v -0.0305632 0.0600726 0.00690011 0.8 0.8 0.8
vn -0.0651522 0.301122 -0.951357
v -0.0408154 0.056784 0.00690011 0.8 0.8 0.8
vn -0.128225 0.263535 -0.95609
v -0.0486283 0.0517938 0.00690011 0.8 0.8 0.8
vn -0.191722 0.211117 -0.958474
v -0.0545066 0.0449833 0.00690011 0.8 0.8 0.8
vn -0.248082 0.149301 -0.957165
v -0.0586369 0.0360521 0.00690011 0.8 0.8 0.8
vn -0.291207 0.0854947 -0.952832
v -0.0610954 0.024085 0.00690011 0.8 0.8 0.8
vn -0.318996 0.0249297 -0.947428
v -0.0619123 -7.92837e-09 0.00690011 0.8 0.8 0.8
vn -0.323097 -0.00193814 -0.946364
v -0.0610954 -0.024085 0.00690011 0.8 0.8 0.8
vn -0.314094 -0.0330288 -0.948817
v -0.0586369 -0.0360521 0.00690011 0.8 0.8 0.8
vn -0.284418 -0.0961667 -0.953865
v -0.0545066 -0.0449834 0.00690011 0.8 0.8 0.8
vn -0.238899 -0.160406 -0.957704
v -0.0486283 -0.0517938 0.00690011 0.8 0.8 0.8
vn -0.180954 -0.221227 -0.958287
v -0.0408154 -0.056784 0.00690011 0.8 0.8 0.8
vn -0.117139 -0.271584 -0.955259
v -0.0305632 -0.0600727 0.00690011 0.8 0.8 0.8
vn -0.0553521 -0.306643 -0.950214
v -0.0159304 -0.0617082 0.00690011 0.8 0.8 0.8
vn -0.0087798 -0.323076 -0.946332
v 0.0159305 -0.0617082 0.00690011 0.8 0.8 0.8
vn 0.0141575 -0.319548 -0.947464
v 0.0305633 -0.0600727 0.00690011 0.8 0.8 0.8
vn 0.0651522 -0.301122 -0.951357
v 0.0408155 -0.056784 0.00690011 0.8 0.8 0.8
vn 0.128225 -0.263535 -0.95609
v 0.0486284 -0.0517938 0.00690011 0.8 0.8 0.8
vn 0.191722 -0.211117 -0.958474
v 0.0545067 -0.0449834 0.00690011 0.8 0.8 0.8
vn 0.248082 -0.149301 -0.957165
v 0.058637 -0.0360521 0.00690011 0.8 0.8 0.8
vn 0.291207 -0.0854947 -0.952832
v 0.0610955 -0.024085 0.00690011 0.8 0.8 0.8
vn 0.318996 -0.0249297 -0.947428
v 0.0512629 -6.38644e-09 0.00343751 0.8 0.8 0.8
vn 0.293736 0.00160159 -0.955885
v 0.0505865 0.0199421 0.00343751 0.8 0.8 0.8
vn 0.284335 0.029508 -0.958271
v 0.0485509 0.0298508 0.00343751 0.8 0.8 0.8
vn 0.258202 0.0867529 -0.962188
v 0.045131 0.0372458 0.00343751 0.8 0.8 0.8
vn 0.217031 0.145004 -0.965335
v 0.0402639 0.0428848 0.00343751 0.8 0.8 0.8
vn 0.164615 0.200293 -0.965808
v 0.0337948 0.0470166 0.00343751 0.8 0.8 0.8
vn 0.106848 0.246353 -0.963272
v 0.0253061 0.0497396 0.00343751 0.8 0.8 0.8
vn 0.0507673 0.278868 -0.958986
v 0.0131903 0.0510938 0.00343751 0.8 0.8 0.8
vn 0.00822023 0.29502 -0.955456
v -0.0131902 0.0510938 0.00343751 0.8 0.8 0.8
vn -0.0125509 0.28905 -0.957232
v -0.025306 0.0497396 0.00343751 0.8 0.8 0.8
vn -0.0586439 0.273229 -0.96016
v -0.0337947 0.0470166 0.00343751 0.8 0.8 0.8
vn -0.115813 0.239321 -0.964009
v -0.0402638 0.0428848 0.00343751 0.8 0.8 0.8
vn -0.173443 0.191899 -0.965967
v -0.0451309 0.0372458 0.00343751 0.8 0.8 0.8
vn -0.224806 0.135974 -0.96487
v -0.0485508 0.0298508 0.00343751 0.8 0.8 0.8
vn -0.264459 0.0781522 -0.961225
v -0.0505864 0.0199421 0.00343751 0.8 0.8 0.8
vn -0.290988 0.0230601 -0.956449
v -0.0512628 -7.78459e-09 0.00343751 0.8 0.8 0.8
vn -0.293736 -0.00160159 -0.955885
v -0.0505864 -0.0199421 0.00343751 0.8 0.8 0.8
vn -0.284335 -0.029508 -0.958271
v -0.0485508 -0.0298508 0.00343751 0.8 0.8 0.8
vn -0.258202 -0.0867529 -0.962188
v -0.0451309 -0.0372458 0.00343751 0.8 0.8 0.8
vn -0.217031 -0.145004 -0.965335
v -0.0402638 -0.0428848 0.00343751 0.8 0.8 0.8
vn -0.164615 -0.200293 -0.965808
v -0.0337947 -0.0470166 0.00343751 0.8 0.8 0.8
vn -0.106848 -0.246353 -0.963272
v -0.025306 -0.0497396 0.00343751 0.8 0.8 0.8
vn -0.0507673 -0.278868 -0.958986
v -0.0131902 -0.0510938 0.00343751 0.8 0.8 0.8
vn -0.00822023 -0.29502 -0.955456
v 0.0131903 -0.0510938 0.00343751 0.8 0.8 0.8
vn 0.0125509 -0.28905 -0.957232
v 0.0253061 -0.0497396 0.00343751 0.8 0.8 0.8
vn 0.0586439 -0.273229 -0.96016
v 0.0337948 -0.0470166 0.00343751 0.8 0.8 0.8
vn 0.115813 -0.239321 -0.964009
v 0.0402639 -0.0428848 0.00343751 0.8 0.8 0.8
vn 0.173443 -0.191899 -0.965967
v 0.045131 -0.0372458 0.00343751 0.8 0.8 0.8
vn 0.224806 -0.135974 -0.96487
v 0.0485509 -0.0298508 0.00343751 0.8 0.8 0.8
vn 0.264459 -0.0781522 -0.961225
v 0.0505865 -0.0199421 0.00343751 0.8 0.8 0.8
vn 0.290988 -0.0230601 -0.956449
v 0.044728 -6.47645e-09 0.00164166 0.8 0.8 0.8
vn 0.239397 0.00123387 -0.970921
v 0.0441379 0.0173999 0.00164166 0.8 0.8 0.8
vn 0.230077 0.0237056 -0.972884
v 0.0423617 0.0260455 0.00164166 0.8 0.8 0.8
vn 0.209736 0.0702257 -0.975233
v 0.0393778 0.0324978 0.00164166 0.8 0.8 0.8
vn 0.176358 0.117511 -0.977287
v 0.0351311 0.0374179 0.00164166 0.8 0.8 0.8
vn 0.133918 0.162519 -0.977575
v 0.0294867 0.041023 0.00164166 0.8 0.8 0.8
vn 0.0871499 0.200328 -0.975845
v 0.0220801 0.0433989 0.00164166 0.8 0.8 0.8
vn 0.0416171 0.227551 -0.972877
v 0.0115088 0.0445805 0.00164166 0.8 0.8 0.8
vn 0.0068399 0.242186 -0.970206
v -0.0115087 0.0445805 0.00164166 0.8 0.8 0.8
vn -0.0100348 0.233676 -0.972263
v -0.0220801 0.0433989 0.00164166 0.8 0.8 0.8
vn -0.047404 0.221835 -0.973931
v -0.0294867 0.041023 0.00164166 0.8 0.8 0.8
vn -0.0938114 0.194431 -0.97642
v -0.035131 0.0374179 0.00164166 0.8 0.8 0.8
vn -0.140632 0.156001 -0.977694
v -0.0393777 0.0324978 0.00164166 0.8 0.8 0.8
vn -0.182584 0.110739 -0.976934
v -0.0423616 0.0260455 0.00164166 0.8 0.8 0.8
vn -0.215376 0.0638752 -0.97444
v -0.0441378 0.0173999 0.00164166 0.8 0.8 0.8
vn -0.238529 0.0190469 -0.970949
v -0.0447279 -7.69636e-09 0.00164166 0.8 0.8 0.8
vn -0.239397 -0.00123387 -0.970921
v -0.0441378 -0.0173999 0.00164166 0.8 0.8 0.8
vn -0.230077 -0.0237056 -0.972884
v -0.0423616 -0.0260455 0.00164166 0.8 0.8 0.8
vn -0.209736 -0.0702257 -0.975233
v -0.0393777 -0.0324978 0.00164166 0.8 0.8 0.8
vn -0.176358 -0.117511 -0.977287
v -0.035131 -0.0374179 0.00164166 0.8 0.8 0.8
vn -0.133918 -0.162519 -0.977575
v -0.0294866 -0.041023 0.00164166 0.8 0.8 0.8
vn -0.0871499 -0.200328 -0.975845
v -0.0220801 -0.0433989 0.00164166 0.8 0.8 0.8
vn -0.0416171 -0.227551 -0.972877
v -0.0115087 -0.0445805 0.00164166 0.8 0.8 0.8
vn -0.0068399 -0.242186 -0.970206
v 0.0115088 -0.0445805 0.00164166 0.8 0.8 0.8
vn 0.0100348 -0.233676 -0.972263
v 0.0220802 -0.0433989 0.00164166 0.8 0.8 0.8
vn 0.047404 -0.221835 -0.973931
v 0.0294867 -0.041023 0.00164166 0.8 0.8 0.8
vn 0.0938114 -0.194431 -0.97642
v 0.0351311 -0.0374179 0.00164166 0.8 0.8 0.8
vn 0.140632 -0.156001 -0.977694
v 0.0393778 -0.0324978 0.00164166 0.8 0.8 0.8
vn 0.182584 -0.110739 -0.976934
v 0.0423617 -0.0260455 0.00164166 0.8 0.8 0.8
vn 0.215376 -0.0638752 -0.97444
v 0.0441379 -0.0173999 0.00164166 0.8 0.8 0.8
vn 0.238529 -0.0190469 -0.970949
v 0.0402897 -6.53758e-09 0.000747484 0.8 0.8 0.8
vn 0.16684 0.000849515 -0.985984
v 0.0397581 0.0156733 0.000747484 0.8 0.8 0.8
vn 0.158874 0.0163447 -0.987164
v 0.0381582 0.023461 0.000747484 0.8 0.8 0.8
vn 0.145544 0.0486972 -0.988153
v 0.0354704 0.029273 0.000747484 0.8 0.8 0.8
vn 0.122427 0.0815292 -0.989123
v 0.0316451 0.0337049 0.000747484 0.8 0.8 0.8
vn 0.093052 0.112864 -0.989244
v 0.0265608 0.0369523 0.000747484 0.8 0.8 0.8
vn 0.0606871 0.139411 -0.988373
v 0.0198891 0.0390924 0.000747484 0.8 0.8 0.8
vn 0.0290959 0.158935 -0.98686
v 0.0103668 0.0401568 0.000747484 0.8 0.8 0.8
vn 0.00482534 0.170376 -0.985367
v -0.0103667 0.0401568 0.000747484 0.8 0.8 0.8
vn -0.00690561 0.161181 -0.986901
v -0.0198891 0.0390924 0.000747484 0.8 0.8 0.8
vn -0.0328444 0.153842 -0.987549
v -0.0265607 0.0369523 0.000747484 0.8 0.8 0.8
vn -0.0650718 0.13495 -0.988713
v -0.031645 0.0337049 0.000747484 0.8 0.8 0.8
vn -0.0976055 0.108331 -0.989312
v -0.0354703 0.029273 0.000747484 0.8 0.8 0.8
vn -0.12691 0.0770164 -0.98892
v -0.0381581 0.023461 0.000747484 0.8 0.8 0.8
vn -0.150115 0.0445537 -0.987664
v -0.039758 0.0156733 0.000747484 0.8 0.8 0.8
vn -0.167523 0.0133982 -0.985777
v -0.0402896 -7.63644e-09 0.000747484 0.8 0.8 0.8
vn -0.16684 -0.000849515 -0.985984
v -0.039758 -0.0156734 0.000747484 0.8 0.8 0.8
vn -0.158874 -0.0163447 -0.987164
v -0.0381581 -0.023461 0.000747484 0.8 0.8 0.8
vn -0.145544 -0.0486972 -0.988153
v -0.0354703 -0.029273 0.000747484 0.8 0.8 0.8
vn -0.122427 -0.0815292 -0.989123
v -0.031645 -0.033705 0.000747484 0.8 0.8 0.8
vn -0.093052 -0.112864 -0.989244
v -0.0265607 -0.0369523 0.000747484 0.8 0.8 0.8
vn -0.0606871 -0.139411 -0.988373
v -0.0198891 -0.0390924 0.000747484 0.8 0.8 0.8
vn -0.0290959 -0.158935 -0.98686
v -0.0103667 -0.0401568 0.000747484 0.8 0.8 0.8
vn -0.00482534 -0.170376 -0.985367
v 0.0103668 -0.0401568 0.000747484 0.8 0.8 0.8
vn 0.00690561 -0.161181 -0.986901
v 0.0198892 -0.0390924 0.000747484 0.8 0.8 0.8
vn 0.0328444 -0.153842 -0.987549
v 0.0265608 -0.0369523 0.000747484 0.8 0.8 0.8
vn 0.0650718 -0.13495 -0.988713
v 0.0316451 -0.033705 0.000747484 0.8 0.8 0.8
vn 0.0976055 -0.108331 -0.989312
v 0.0354704 -0.029273 0.000747484 0.8 0.8 0.8
vn 0.12691 -0.0770164 -0.98892
v 0.0381582 -0.023461 0.000747484 0.8 0.8 0.8
vn 0.150115 -0.0445537 -0.987664
v 0.0397581 -0.0156734 0.000747484 0.8 0.8 0.8
vn 0.167523 -0.0133982 -0.985777
v 0.0368747 -6.58461e-09 0.000322361 0.8 0.8 0.8
vn 0.097456 0.00050784 -0.99524
v 0.0363882 0.0143449 0.000322361 0.8 0.8 0.8
vn 0.0919782 0.00948987 -0.995716
v 0.0349239 0.0214724 0.000322361 0.8 0.8 0.8
vn 0.084698 0.0283781 -0.996002
v 0.0324639 0.0267918 0.000322361 0.8 0.8 0.8
vn 0.0712843 0.0475226 -0.996323
v 0.0289628 0.0308481 0.000322361 0.8 0.8 0.8
vn 0.054217 0.0658287 -0.996357
v 0.0243095 0.0338202 0.000322361 0.8 0.8 0.8
vn 0.0354056 0.0814324 -0.99605
v 0.0182033 0.0357789 0.000322361 0.8 0.8 0.8
vn 0.0170126 0.0931023 -0.995511
v 0.00948811 0.0367531 0.000322361 0.8 0.8 0.8
vn 0.00282981 0.100455 -0.994938
v -0.00948802 0.0367531 0.000322361 0.8 0.8 0.8
vn -0.00401113 0.0932081 -0.995639
v -0.0182033 0.0357789 0.000322361 0.8 0.8 0.8
vn -0.0191319 0.0894558 -0.995807
v -0.0243094 0.0338202 0.000322361 0.8 0.8 0.8
vn -0.0379252 0.0785584 -0.996188
v -0.0289627 0.0308481 0.000322361 0.8 0.8 0.8
vn -0.0569064 0.0630943 -0.996384
v -0.0324638 0.0267918 0.000322361 0.8 0.8 0.8
vn -0.0740671 0.044899 -0.996242
v -0.0349238 0.0214724 0.000322361 0.8 0.8 0.8
vn -0.0877865 0.0260176 -0.995799
v -0.0363881 0.0143449 0.000322361 0.8 0.8 0.8
vn -0.0986293 0.00786433 -0.995093
v -0.0368746 -7.59034e-09 0.000322361 0.8 0.8 0.8
vn -0.097456 -0.00050784 -0.99524
v -0.0363881 -0.0143449 0.000322361 0.8 0.8 0.8
vn -0.0919782 -0.00948987 -0.995716
v -0.0349238 -0.0214724 0.000322361 0.8 0.8 0.8
vn -0.084698 -0.0283781 -0.996002
v -0.0324638 -0.0267918 0.000322361 0.8 0.8 0.8
vn -0.0712843 -0.0475226 -0.996323
v -0.0289627 -0.0308481 0.000322361 0.8 0.8 0.8
vn -0.054217 -0.0658287 -0.996357
v -0.0243094 -0.0338203 0.000322361 0.8 0.8 0.8
vn -0.0354056 -0.0814324 -0.99605
v -0.0182032 -0.0357789 0.000322361 0.8 0.8 0.8
vn -0.0170126 -0.0931023 -0.995511
v -0.00948802 -0.0367531 0.000322361 0.8 0.8 0.8
vn -0.00282981 -0.100455 -0.994938
v 0.00948812 -0.0367531 0.000322361 0.8 0.8 0.8
vn 0.00401113 -0.0932081 -0.995639
v 0.0182033 -0.0357789 0.000322361 0.8 0.8 0.8
vn 0.0191319 -0.0894558 -0.995807
v 0.0243095 -0.0338202 0.000322361 0.8 0.8 0.8
vn 0.0379252 -0.0785584 -0.996188
v 0.0289628 -0.0308481 0.000322361 0.8 0.8 0.8
vn 0.0569064 -0.0630943 -0.996384
v 0.0324639 -0.0267918 0.000322361 0.8 0.8 0.8
vn 0.0740671 -0.044899 -0.996242
v 0.0349239 -0.0214724 0.000322361 0.8 0.8 0.8
vn 0.0877865 -0.0260176 -0.995799
v 0.0363882 -0.0143449 0.000322361 0.8 0.8 0.8
vn 0.0986293 -0.00786433 -0.995093
v 0.0339355 -6.62509e-09 0.000130622 0.8 0.8 0.8
vn 0.0486101 0.000265373 -0.998818
v 0.0334877 0.0132015 0.000130622 0.8 0.8 0.8
vn 0.0455508 0.00472799 -0.998951
v 0.0321402 0.0197609 0.000130622 0.8 0.8 0.8
vn 0.0421304 0.0141564 -0.999012
v 0.0298763 0.0246563 0.000130622 0.8 0.8 0.8
vn 0.0354776 0.0237049 -0.999089
v 0.0266543 0.0283893 0.000130622 0.8 0.8 0.8
vn 0.0269922 0.0328443 -0.999096
v 0.0223718 0.0311245 0.000130622 0.8 0.8 0.8
vn 0.0176337 0.0406598 -0.999017
v 0.0167524 0.0329271 0.000130622 0.8 0.8 0.8
vn 0.00847665 0.0465677 -0.998879
v 0.00873184 0.0338236 0.000130622 0.8 0.8 0.8
vn 0.00140624 0.0504848 -0.998724
v -0.00873175 0.0338236 0.000130622 0.8 0.8 0.8
vn -0.00200295 0.0461168 -0.998934
v -0.0167523 0.0329271 0.000130622 0.8 0.8 0.8
vn -0.00954428 0.0444636 -0.998965
v -0.0223717 0.0311245 0.000130622 0.8 0.8 0.8
vn -0.0189178 0.0390899 -0.999057
v -0.0266542 0.0283893 0.000130622 0.8 0.8 0.8
vn -0.0283876 0.0314066 -0.999103
v -0.0298762 0.0246563 0.000130622 0.8 0.8 0.8
vn -0.0369657 0.0223573 -0.999066
v -0.0321401 0.0197609 0.000130622 0.8 0.8 0.8
vn -0.0438614 0.0129607 -0.998954
v -0.0334877 0.0132015 0.000130622 0.8 0.8 0.8
vn -0.0495173 0.00392345 -0.998766
v -0.0339354 -7.55065e-09 0.000130622 0.8 0.8 0.8
vn -0.0486101 -0.000265373 -0.998818
v -0.0334877 -0.0132015 0.000130622 0.8 0.8 0.8
vn -0.0455508 -0.00472799 -0.998951
v -0.0321401 -0.0197609 0.000130622 0.8 0.8 0.8
vn -0.0421304 -0.0141564 -0.999012
v -0.0298762 -0.0246563 0.000130622 0.8 0.8 0.8
vn -0.0354776 -0.0237049 -0.999089
v -0.0266542 -0.0283893 0.000130622 0.8 0.8 0.8
vn -0.0269922 -0.0328443 -0.999096
v -0.0223717 -0.0311245 0.000130622 0.8 0.8 0.8
vn -0.0176337 -0.0406598 -0.999017
v -0.0167523 -0.0329271 0.000130622 0.8 0.8 0.8
vn -0.00847665 -0.0465677 -0.998879
v -0.00873174 -0.0338236 0.000130622 0.8 0.8 0.8
vn -0.00140624 -0.0504848 -0.998724
v 0.00873184 -0.0338236 0.000130622 0.8 0.8 0.8
vn 0.00200295 -0.0461168 -0.998934
v 0.0167524 -0.0329271 0.000130622 0.8 0.8 0.8
vn 0.00954428 -0.0444636 -0.998965
v 0.0223718 -0.0311245 0.000130622 0.8 0.8 0.8
vn 0.0189178 -0.0390899 -0.999057
v 0.0266543 -0.0283893 0.000130622 0.8 0.8 0.8
vn 0.0283876 -0.0314066 -0.999103
v 0.0298763 -0.0246563 0.000130622 0.8 0.8 0.8
vn 0.0369657 -0.0223573 -0.999066
v 0.0321402 -0.0197609 0.000130622 0.8 0.8 0.8
vn 0.0438614 -0.0129607 -0.998954
v 0.0334877 -0.0132015 0.000130622 0.8 0.8 0.8
vn 0.0495173 -0.00392345 -0.998766
v 0.0312054 -6.66269e-09 4.92392e-05 0.8 0.8 0.8
vn 0.0213814 0.000124072 -0.999771
v 0.0307937 0.0121394 4.92392e-05 0.8 0.8 0.8
vn 0.0199239 0.00208524 -0.999799
v 0.0295546 0.0181712 4.92392e-05 0.8 0.8 0.8
vn 0.0184914 0.00623812 -0.99981
v 0.0274728 0.0226727 4.92392e-05 0.8 0.8 0.8
vn 0.0155771 0.0104406 -0.999824
v 0.02451 0.0261054 4.92392e-05 0.8 0.8 0.8
vn 0.0118516 0.0144645 -0.999825
v 0.0205721 0.0286206 4.92392e-05 0.8 0.8 0.8
vn 0.00774069 0.0179109 -0.99981
v 0.0154047 0.0302781 4.92392e-05 0.8 0.8 0.8
vn 0.0037178 0.0205335 -0.999782
v 0.00802938 0.0311025 4.92392e-05 0.8 0.8 0.8
vn 0.000612431 0.0223341 -0.99975
v -0.00802929 0.0311025 4.92392e-05 0.8 0.8 0.8
vn -0.000886655 0.0201574 -0.999796
v -0.0154046 0.0302781 4.92392e-05 0.8 0.8 0.8
vn -0.00420782 0.0195039 -0.999801
v -0.020572 0.0286206 4.92392e-05 0.8 0.8 0.8
vn -0.00833369 0.0171612 -0.999818
v -0.0245099 0.0261054 4.92392e-05 0.8 0.8 0.8
vn -0.0125019 0.0137901 -0.999827
v -0.0274727 0.0226727 4.92392e-05 0.8 0.8 0.8
vn -0.0162808 0.00981578 -0.999819
v -0.0295545 0.0181712 4.92392e-05 0.8 0.8 0.8
vn -0.0193276 0.00568771 -0.999797
v -0.0307936 0.0121394 4.92392e-05 0.8 0.8 0.8
vn -0.0218919 0.00171945 -0.999759
v -0.0312054 -7.5138e-09 4.92392e-05 0.8 0.8 0.8
vn -0.0213814 -0.000124072 -0.999771
v -0.0307936 -0.0121394 4.92392e-05 0.8 0.8 0.8
vn -0.0199239 -0.00208524 -0.999799
v -0.0295545 -0.0181712 4.92392e-05 0.8 0.8 0.8
vn -0.0184914 -0.00623812 -0.99981
v -0.0274727 -0.0226728 4.92392e-05 0.8 0.8 0.8
vn -0.0155771 -0.0104406 -0.999824
v -0.0245099 -0.0261054 4.92392e-05 0.8 0.8 0.8
vn -0.0118516 -0.0144645 -0.999825
v -0.020572 -0.0286206 4.92392e-05 0.8 0.8 0.8
vn -0.00774069 -0.0179109 -0.99981
v -0.0154046 -0.0302782 4.92392e-05 0.8 0.8 0.8
vn -0.0037178 -0.0205335 -0.999782
v -0.00802929 -0.0311025 4.92392e-05 0.8 0.8 0.8
vn -0.000612431 -0.0223341 -0.99975
v 0.00802938 -0.0311025 4.92392e-05 0.8 0.8 0.8
vn 0.000886655 -0.0201574 -0.999796
v 0.0154047 -0.0302782 4.92392e-05 0.8 0.8 0.8
vn 0.00420782 -0.0195039 -0.999801
v 0.0205721 -0.0286206 4.92392e-05 0.8 0.8 0.8
vn 0.00833369 -0.0171612 -0.999818
v 0.02451 -0.0261054 4.92392e-05 0.8 0.8 0.8
vn 0.0125019 -0.0137901 -0.999827
v 0.0274728 -0.0226728 4.92392e-05 0.8 0.8 0.8
vn 0.0162808 -0.00981578 -0.999819
v 0.0295546 -0.0181712 4.92392e-05 0.8 0.8 0.8
vn 0.0193276 -0.00568771 -0.999797
v 0.0307937 -0.0121394 4.92392e-05 0.8 0.8 0.8
vn 0.0218919 -0.00171945 -0.999759
v 0.0285616 -6.69911e-09 1.70543e-05 0.8 0.8 0.8
vn 0.0084711 5.27399e-05 -0.999964
v 0.0281848 0.0111109 1.70543e-05 0.8 0.8 0.8
vn 0.00785522 0.000830561 -0.999969
v 0.0270506 0.0166317 1.70543e-05 0.8 0.8 0.8
vn 0.00731151 0.00247865 -0.99997
v 0.0251452 0.0207518 1.70543e-05 0.8 0.8 0.8
vn 0.00616039 0.00414487 -0.999972
v 0.0224334 0.0238937 1.70543e-05 0.8 0.8 0.8
vn 0.00468605 0.00574036 -0.999973
v 0.0188291 0.0261958 1.70543e-05 0.8 0.8 0.8
vn 0.00305874 0.00710806 -0.99997
v 0.0140996 0.0277129 1.70543e-05 0.8 0.8 0.8
vn 0.00146664 0.0081538 -0.999966
v 0.00734911 0.0284674 1.70543e-05 0.8 0.8 0.8
vn 0.000239101 0.00889123 -0.99996
v -0.00734902 0.0284674 1.70543e-05 0.8 0.8 0.8
vn -0.000354854 0.0079429 -0.999968
v -0.0140995 0.0277129 1.70543e-05 0.8 0.8 0.8
vn -0.00167338 0.0077083 -0.999969
v -0.0188291 0.0261958 1.70543e-05 0.8 0.8 0.8
vn -0.00330956 0.00678669 -0.999971
v -0.0224333 0.0238937 1.70543e-05 0.8 0.8 0.8
vn -0.00496213 0.00545334 -0.999973
v -0.0251451 0.0207518 1.70543e-05 0.8 0.8 0.8
vn -0.00646086 0.00388017 -0.999972
v -0.0270505 0.0166317 1.70543e-05 0.8 0.8 0.8
vn -0.0076716 0.00224614 -0.999968
v -0.0281847 0.0111109 1.70543e-05 0.8 0.8 0.8
vn -0.00871126 0.000676842 -0.999962
v -0.0285615 -7.4781e-09 1.70543e-05 0.8 0.8 0.8
vn -0.0084711 -5.27399e-05 -0.999964
v -0.0281847 -0.011111 1.70543e-05 0.8 0.8 0.8
vn -0.00785522 -0.000830561 -0.999969
v -0.0270505 -0.0166317 1.70543e-05 0.8 0.8 0.8
vn -0.00731151 -0.00247865 -0.99997
v -0.0251451 -0.0207519 1.70543e-05 0.8 0.8 0.8
vn -0.00616039 -0.00414487 -0.999972
v -0.0224333 -0.0238937 1.70543e-05 0.8 0.8 0.8
vn -0.00468605 -0.00574036 -0.999973
v -0.0188291 -0.0261958 1.70543e-05 0.8 0.8 0.8
vn -0.00305874 -0.00710806 -0.99997
v -0.0140995 -0.0277129 1.70543e-05 0.8 0.8 0.8
vn -0.00146664 -0.0081538 -0.999966
v -0.00734902 -0.0284674 1.70543e-05 0.8 0.8 0.8
vn -0.000239101 -0.00889123 -0.99996
v 0.00734912 -0.0284674 1.70543e-05 0.8 0.8 0.8
vn 0.000354854 -0.0079429 -0.999968
v 0.0140996 -0.0277129 1.70543e-05 0.8 0.8 0.8
vn 0.00167338 -0.0077083 -0.999969
v 0.0188291 -0.0261958 1.70543e-05 0.8 0.8 0.8
vn 0.00330956 -0.00678669 -0.999971
v 0.0224334 -0.0238937 1.70543e-05 0.8 0.8 0.8
vn 0.00496213 -0.00545334 -0.999973
v 0.0251452 -0.0207519 1.70543e-05 0.8 0.8 0.8
vn 0.00646086 -0.00388017 -0.999972
v 0.0270506 -0.0166317 1.70543e-05 0.8 0.8 0.8
vn 0.0076716 -0.00224614 -0.999968
v 0.0281848 -0.011111 1.70543e-05 0.8 0.8 0.8
vn 0.00871126 -0.000676842 -0.999962
v 0.0259508 -6.73507e-09 5.34394e-06 0.8 0.8 0.8
vn 0.003038 2.04328e-05 -0.999995
v 0.0256084 0.0100953 5.34394e-06 0.8 0.8 0.8
vn 0.00280351 0.000300014 -0.999996
v 0.0245779 0.0151113 5.34394e-06 0.8 0.8 0.8
vn 0.00261666 0.000892196 -0.999996
v 0.0228467 0.0188549 5.34394e-06 0.8 0.8 0.8
vn 0.00220489 0.00149024 -0.999996
v 0.0203828 0.0217095 5.34394e-06 0.8 0.8 0.8
vn 0.0016766 0.00206281 -0.999996
v 0.0171079 0.0238012 5.34394e-06 0.8 0.8 0.8
vn 0.00109342 0.00255392 -0.999996
v 0.0128107 0.0251796 5.34394e-06 0.8 0.8 0.8
vn 0.000523112 0.00293101 -0.999996
v 0.00667732 0.0258652 5.34394e-06 0.8 0.8 0.8
vn 8.4158e-05 0.00320334 -0.999995
v -0.00667724 0.0258652 5.34394e-06 0.8 0.8 0.8
vn -0.000128914 0.00283336 -0.999996
v -0.0128106 0.0251796 5.34394e-06 0.8 0.8 0.8
vn -0.000603035 0.00275753 -0.999996
v -0.0171079 0.0238012 5.34394e-06 0.8 0.8 0.8
vn -0.00119046 0.00242911 -0.999996
v -0.0203827 0.0217095 5.34394e-06 0.8 0.8 0.8
vn -0.00178352 0.00195157 -0.999997
v -0.0228466 0.0188549 5.34394e-06 0.8 0.8 0.8
vn -0.00232144 0.00138778 -0.999996
v -0.0245778 0.0151113 5.34394e-06 0.8 0.8 0.8
vn -0.00275668 0.000802281 -0.999996
v -0.0256083 0.0100953 5.34394e-06 0.8 0.8 0.8
vn -0.00313733 0.000240656 -0.999995
v -0.0259507 -7.44285e-09 5.34394e-06 0.8 0.8 0.8
vn -0.003038 -2.04328e-05 -0.999995
v -0.0256083 -0.0100953 5.34394e-06 0.8 0.8 0.8
vn -0.00280351 -0.000300014 -0.999996
v -0.0245778 -0.0151114 5.34394e-06 0.8 0.8 0.8
vn -0.00261666 -0.000892196 -0.999996
v -0.0228466 -0.0188549 5.34394e-06 0.8 0.8 0.8
vn -0.00220489 -0.00149024 -0.999996
v -0.0203827 -0.0217095 5.34394e-06 0.8 0.8 0.8
vn -0.0016766 -0.00206281 -0.999996
v -0.0171079 -0.0238012 5.34394e-06 0.8 0.8 0.8
vn -0.00109342 -0.00255392 -0.999996
v -0.0128106 -0.0251796 5.34394e-06 0.8 0.8 0.8
vn -0.000523112 -0.00293101 -0.999996
v -0.00667723 -0.0258652 5.34394e-06 0.8 0.8 0.8
vn -8.4158e-05 -0.00320334 -0.999995
v 0.00667733 -0.0258652 5.34394e-06 0.8 0.8 0.8
vn 0.000128914 -0.00283336 -0.999996
v 0.0128107 -0.0251796 5.34394e-06 0.8 0.8 0.8
vn 0.000603035 -0.00275753 -0.999996
v 0.017108 -0.0238012 5.34394e-06 0.8 0.8 0.8
vn 0.00119046 -0.00242911 -0.999996
v 0.0203828 -0.0217095 5.34394e-06 0.8 0.8 0.8
vn 0.00178352 -0.00195157 -0.999997
v 0.0228467 -0.0188549 5.34394e-06 0.8 0.8 0.8
vn 0.00232144 -0.00138778 -0.999996
v 0.0245779 -0.0151114 5.34394e-06 0.8 0.8 0.8
vn 0.00275668 -0.000802281 -0.999996
v 0.0256084 -0.0100953 5.34394e-06 0.8 0.8 0.8
vn 0.00313733 -0.000240656 -0.999995
v 0.0233515 -6.77087e-09 1.48738e-06 0.8 0.8 0.8
vn 0.000978378 7.15022e-06 -1
v 0.0230434 0.00908409 1.48738e-06 0.8 0.8 0.8
vn 0.000898143 9.74692e-05 -1
v 0.0221161 0.0135977 1.48738e-06 0.8 0.8 0.8
vn 0.000840732 0.000288593 -1
v 0.0205583 0.0169663 1.48738e-06 0.8 0.8 0.8
vn 0.000708449 0.000481359 -1
v 0.0183412 0.019535 1.48738e-06 0.8 0.8 0.8
vn 0.000538451 0.00066587 -1
v 0.0153944 0.0214172 1.48738e-06 0.8 0.8 0.8
vn 0.000350781 0.000824209 -1
v 0.0115275 0.0226575 1.48738e-06 0.8 0.8 0.8
vn 0.000167359 0.000946299 -1
v 0.0060085 0.0232744 1.48738e-06 0.8 0.8 0.8
vn 2.6493e-05 0.0010366 -0.999999
v -0.00600841 0.0232744 1.48738e-06 0.8 0.8 0.8
vn -4.21589e-05 0.00090723 -1
v -0.0115275 0.0226575 1.48738e-06 0.8 0.8 0.8
vn -0.000195334 0.00088563 -1
v -0.0153943 0.0214172 1.48738e-06 0.8 0.8 0.8
vn -0.000384744 0.000780547 -1
v -0.0183411 0.019535 1.48738e-06 0.8 0.8 0.8
vn -0.000575868 0.000626943 -1
v -0.0205582 0.0169663 1.48738e-06 0.8 0.8 0.8
vn -0.000749231 0.000445503 -1
v -0.022116 0.0135977 1.48738e-06 0.8 0.8 0.8
vn -0.00088971 0.000257122 -1
v -0.0230433 0.00908409 1.48738e-06 0.8 0.8 0.8
vn -0.00101487 7.66891e-05 -0.999999
v -0.0233514 -7.40776e-09 1.48738e-06 0.8 0.8 0.8
vn -0.000978378 -7.15022e-06 -1
v -0.0230433 -0.00908411 1.48738e-06 0.8 0.8 0.8
vn -0.000898143 -9.74692e-05 -1
v -0.022116 -0.0135977 1.48738e-06 0.8 0.8 0.8
vn -0.000840732 -0.000288593 -1
v -0.0205582 -0.0169663 1.48738e-06 0.8 0.8 0.8
vn -0.000708449 -0.000481359 -1
v -0.0183411 -0.019535 1.48738e-06 0.8 0.8 0.8
vn -0.000538451 -0.00066587 -1
v -0.0153943 -0.0214172 1.48738e-06 0.8 0.8 0.8
vn -0.000350781 -0.000824209 -1
v -0.0115275 -0.0226575 1.48738e-06 0.8 0.8 0.8
vn -0.000167359 -0.000946299 -1
v -0.00600841 -0.0232744 1.48738e-06 0.8 0.8 0.8
vn -2.6493e-05 -0.0010366 -0.999999
v 0.00600851 -0.0232744 1.48738e-06 0.8 0.8 0.8
vn 4.21589e-05 -0.00090723 -1
v 0.0115276 -0.0226575 1.48738e-06 0.8 0.8 0.8
vn 0.000195334 -0.00088563 -1
v 0.0153944 -0.0214172 1.48738e-06 0.8 0.8 0.8
vn 0.000384744 -0.000780547 -1
v 0.0183412 -0.019535 1.48738e-06 0.8 0.8 0.8
vn 0.000575868 -0.000626943 -1
v 0.0205583 -0.0169663 1.48738e-06 0.8 0.8 0.8
vn 0.000749231 -0.000445503 -1
v 0.0221161 -0.0135977 1.48738e-06 0.8 0.8 0.8
vn 0.00088971 -0.000257122 -1
v 0.0230434 -0.00908411 1.48738e-06 0.8 0.8 0.8
vn 0.00101487 -7.66891e-05 -0.999999
v 0.0207558 -6.80662e-09 3.62388e-07 0.8 0.8 0.8
vn 0.000277887 2.21879e-06 -1
v 0.0204819 0.00807432 3.62388e-07 0.8 0.8 0.8
vn 0.000253604 2.79723e-05 -1
v 0.0196577 0.0120862 3.62388e-07 0.8 0.8 0.8
vn 0.000238163 8.23915e-05 -1
v 0.018273 0.0150804 3.62388e-07 0.8 0.8 0.8
vn 0.000200688 0.000137196 -1
v 0.0163024 0.0173635 3.62388e-07 0.8 0.8 0.8
vn 0.000152443 0.000189636 -1
v 0.0136832 0.0190365 3.62388e-07 0.8 0.8 0.8
vn 9.91824e-05 0.000234659 -1
v 0.0102462 0.020139 3.62388e-07 0.8 0.8 0.8
vn 4.71648e-05 0.000269531 -1
v 0.00534061 0.0206873 3.62388e-07 0.8 0.8 0.8
vn 7.32203e-06 0.000295975 -1
v -0.00534052 0.0206873 3.62388e-07 0.8 0.8 0.8
vn -1.21904e-05 0.000256022 -1
v -0.0102461 0.020139 3.62388e-07 0.8 0.8 0.8
vn -5.5859e-05 0.000250771 -1
v -0.0136831 0.0190365 3.62388e-07 0.8 0.8 0.8
vn -0.000109732 0.000221133 -1
v -0.0163023 0.0173635 3.62388e-07 0.8 0.8 0.8
vn -0.000164057 0.000177559 -1
v -0.0182729 0.0150804 3.62388e-07 0.8 0.8 0.8
vn -0.000213332 0.000126062 -1
v -0.0196576 0.0120862 3.62388e-07 0.8 0.8 0.8
vn -0.000253323 7.26133e-05 -1
v -0.0204818 0.00807432 3.62388e-07 0.8 0.8 0.8
vn -0.000289665 2.15089e-05 -1
v -0.0207557 -7.37272e-09 3.62388e-07 0.8 0.8 0.8
vn -0.000277887 -2.21879e-06 -1
v -0.0204818 -0.00807433 3.62388e-07 0.8 0.8 0.8
vn -0.000253604 -2.79723e-05 -1
v -0.0196576 -0.0120862 3.62388e-07 0.8 0.8 0.8
vn -0.000238163 -8.23915e-05 -1
v -0.0182729 -0.0150804 3.62388e-07 0.8 0.8 0.8
vn -0.000200688 -0.000137196 -1
v -0.0163023 -0.0173635 3.62388e-07 0.8 0.8 0.8
vn -0.000152443 -0.000189636 -1
v -0.0136831 -0.0190365 3.62388e-07 0.8 0.8 0.8
vn -9.91824e-05 -0.000234659 -1
v -0.0102461 -0.020139 3.62388e-07 0.8 0.8 0.8
vn -4.71648e-05 -0.000269531 -1
v -0.00534052 -0.0206873 3.62388e-07 0.8 0.8 0.8
vn -7.32203e-06 -0.000295975 -1
v 0.00534062 -0.0206873 3.62388e-07 0.8 0.8 0.8
vn 1.21904e-05 -0.000256022 -1
v 0.0102462 -0.020139 3.62388e-07 0.8 0.8 0.8
vn 5.5859e-05 -0.000250771 -1
v 0.0136832 -0.0190365 3.62388e-07 0.8 0.8 0.8
vn 0.000109732 -0.000221133 -1
v 0.0163024 -0.0173635 3.62388e-07 0.8 0.8 0.8
vn 0.000164057 -0.000177559 -1
v 0.018273 -0.0150804 3.62388e-07 0.8 0.8 0.8
vn 0.000213332 -0.000126062 -1
v 0.0196577 -0.0120862 3.62388e-07 0.8 0.8 0.8
vn 0.000253323 -7.26133e-05 -1
v 0.0204819 -0.00807433 3.62388e-07 0.8 0.8 0.8
vn 0.000289665 -2.15089e-05 -1
v 0.018161 -6.84236e-09 8.01392e-08 0.8 0.8 0.8
vn 6.7706e-05 5.93642e-07 -1
v 0.0179214 0.00706493 8.01392e-08 0.8 0.8 0.8
vn 6.13812e-05 6.89855e-06 -1
v 0.0172003 0.0105753 8.01392e-08 0.8 0.8 0.8
vn 5.78533e-05 2.0195e-05 -1
v 0.0159887 0.0131951 8.01392e-08 0.8 0.8 0.8
vn 4.87478e-05 3.35623e-05 -1
v 0.0142644 0.0151929 8.01392e-08 0.8 0.8 0.8
vn 3.70027e-05 4.63473e-05 -1
v 0.0119726 0.0166567 8.01392e-08 0.8 0.8 0.8
vn 2.40376e-05 5.73293e-05 -1
v 0.00896529 0.0176213 8.01392e-08 0.8 0.8 0.8
vn 1.13861e-05 6.58766e-05 -1
v 0.00467298 0.0181011 8.01392e-08 0.8 0.8 0.8
vn 1.72649e-06 7.25297e-05 -1
v -0.00467289 0.0181011 8.01392e-08 0.8 0.8 0.8
vn -3.03217e-06 6.19265e-05 -1
v -0.0089652 0.0176213 8.01392e-08 0.8 0.8 0.8
vn -1.37181e-05 6.08866e-05 -1
v -0.0119725 0.0166567 8.01392e-08 0.8 0.8 0.8
vn -2.68648e-05 5.37205e-05 -1
v -0.0142643 0.0151929 8.01392e-08 0.8 0.8 0.8
vn -4.01112e-05 4.31178e-05 -1
v -0.0159886 0.0131951 8.01392e-08 0.8 0.8 0.8
vn -5.21255e-05 3.05801e-05 -1
v -0.0172002 0.0105753 8.01392e-08 0.8 0.8 0.8
vn -6.18919e-05 1.75733e-05 -1
v -0.0179213 0.00706493 8.01392e-08 0.8 0.8 0.8
vn -7.09564e-05 5.16252e-06 -1
v -0.018161 -7.33768e-09 8.01392e-08 0.8 0.8 0.8
vn -6.7706e-05 -5.93642e-07 -1
v -0.0179213 -0.00706495 8.01392e-08 0.8 0.8 0.8
vn -6.13812e-05 -6.89855e-06 -1
v -0.0172002 -0.0105753 8.01392e-08 0.8 0.8 0.8
vn -5.78533e-05 -2.0195e-05 -1
v -0.0159886 -0.0131952 8.01392e-08 0.8 0.8 0.8
vn -4.87478e-05 -3.35623e-05 -1
v -0.0142643 -0.0151929 8.01392e-08 0.8 0.8 0.8
vn -3.70027e-05 -4.63473e-05 -1
v -0.0119725 -0.0166567 8.01392e-08 0.8 0.8 0.8
vn -2.40376e-05 -5.73293e-05 -1
v -0.00896519 -0.0176214 8.01392e-08 0.8 0.8 0.8
vn -1.13861e-05 -6.58766e-05 -1
v -0.00467289 -0.0181011 8.01392e-08 0.8 0.8 0.8
vn -1.72649e-06 -7.25297e-05 -1
v 0.00467298 -0.0181011 8.01392e-08 0.8 0.8 0.8
vn 3.03217e-06 -6.19265e-05 -1
v 0.00896529 -0.0176214 8.01392e-08 0.8 0.8 0.8
vn 1.37181e-05 -6.08866e-05 -1
v 0.0119726 -0.0166567 8.01392e-08 0.8 0.8 0.8
vn 2.68648e-05 -5.37205e-05 -1
v 0.0142644 -0.0151929 8.01392e-08 0.8 0.8 0.8
vn 4.01112e-05 -4.31178e-05 -1
v 0.0159887 -0.0131952 8.01392e-08 0.8 0.8 0.8
vn 5.21255e-05 -3.05801e-05 -1
v 0.0172003 -0.0105753 8.01392e-08 0.8 0.8 0.8
vn 6.18919e-05 -1.75733e-05 -1
v 0.0179214 -0.00706495 8.01392e-08 0.8 0.8 0.8
vn 7.09564e-05 -5.16252e-06 -1
v 0.0155666 -6.87809e-09 2.17077e-08 0.8 0.8 0.8
vn 1.35957e-05 1.31473e-07 -1
v 0.0153612 0.00605564 2.17077e-08 0.8 0.8 0.8
vn 1.22352e-05 1.40509e-06 -1
v 0.0147431 0.00906452 2.17077e-08 0.8 0.8 0.8
vn 1.1578e-05 4.08356e-06 -1
v 0.0137046 0.0113101 2.17077e-08 0.8 0.8 0.8
vn 9.75466e-06 6.77097e-06 -1
v 0.0122266 0.0130224 2.17077e-08 0.8 0.8 0.8
vn 7.39806e-06 9.33987e-06 -1
v 0.0102622 0.0142771 2.17077e-08 0.8 0.8 0.8
vn 4.79709e-06 1.15474e-05 -1
v 0.00768452 0.015104 2.17077e-08 0.8 0.8 0.8
vn 2.26173e-06 1.32741e-05 -1
v 0.00400541 0.0155152 2.17077e-08 0.8 0.8 0.8
vn 3.3332e-07 1.46545e-05 -1
v -0.00400532 0.0155152 2.17077e-08 0.8 0.8 0.8
vn -6.23547e-07 1.23352e-05 -1
v -0.00768443 0.015104 2.17077e-08 0.8 0.8 0.8
vn -2.78017e-06 1.21789e-05 -1
v -0.0102621 0.0142771 2.17077e-08 0.8 0.8 0.8
vn -5.42478e-06 1.07515e-05 -1
v -0.0122265 0.0130224 2.17077e-08 0.8 0.8 0.8
vn -8.08693e-06 8.62513e-06 -1
v -0.0137045 0.0113101 2.17077e-08 0.8 0.8 0.8
vn -1.0501e-05 6.10941e-06 -1
v -0.014743 0.00906452 2.17077e-08 0.8 0.8 0.8
vn -1.24666e-05 3.5011e-06 -1
v -0.0153611 0.00605564 2.17077e-08 0.8 0.8 0.8
vn -1.43313e-05 1.01834e-06 -1
v -0.0155665 -7.30266e-09 2.17077e-08 0.8 0.8 0.8
vn -1.35957e-05 -1.31473e-07 -1
v -0.0153611 -0.00605565 2.17077e-08 0.8 0.8 0.8
vn -1.22352e-05 -1.40509e-06 -1
v -0.014743 -0.00906454 2.17077e-08 0.8 0.8 0.8
vn -1.1578e-05 -4.08356e-06 -1
v -0.0137045 -0.0113101 2.17077e-08 0.8 0.8 0.8
vn -9.75466e-06 -6.77097e-06 -1
v -0.0122265 -0.0130225 2.17077e-08 0.8 0.8 0.8
vn -7.39806e-06 -9.33987e-06 -1
v -0.0102621 -0.0142771 2.17077e-08 0.8 0.8 0.8
vn -4.79709e-06 -1.15474e-05 -1
v -0.00768442 -0.015104 2.17077e-08 0.8 0.8 0.8
vn -2.26173e-06 -1.32741e-05 -1
v -0.00400532 -0.0155152 2.17077e-08 0.8 0.8 0.8
vn -3.3332e-07 -1.46545e-05 -1
v 0.00400541 -0.0155152 2.17077e-08 0.8 0.8 0.8
vn 6.23547e-07 -1.23352e-05 -1
v 0.00768452 -0.015104 2.17077e-08 0.8 0.8 0.8
vn 2.78017e-06 -1.21789e-05 -1
v 0.0102622 -0.0142771 2.17077e-08 0.8 0.8 0.8
vn 5.42478e-06 -1.07515e-05 -1
v 0.0122266 -0.0130225 2.17077e-08 0.8 0.8 0.8
vn 8.08693e-06 -8.62513e-06 -1
v 0.0137046 -0.0113101 2.17077e-08 0.8 0.8 0.8
vn 1.0501e-05 -6.10941e-06 -1
v 0.0147431 -0.00906454 2.17077e-08 0.8 0.8 0.8
vn 1.24666e-05 -3.5011e-06 -1
v 0.0153612 -0.00605565 2.17077e-08 0.8 0.8 0.8
vn 1.43313e-05 -1.01834e-06 -1
v 0.0129721 -6.91383e-09 1.23168e-08 0.8 0.8 0.8
vn 2.12218e-06 2.26947e-08 -1
v 0.012801 0.00504636 1.23168e-08 0.8 0.8 0.8
vn 1.89496e-06 2.23e-07 -1
v 0.0122859 0.00755376 1.23168e-08 0.8 0.8 0.8
vn 1.80058e-06 6.42539e-07 -1
v 0.0114205 0.00942507 1.23168e-08 0.8 0.8 0.8
vn 1.51666e-06 1.06253e-06 -1
v 0.0101888 0.010852 1.23168e-08 0.8 0.8 0.8
vn 1.14903e-06 1.46371e-06 -1
v 0.00855185 0.0118976 1.23168e-08 0.8 0.8 0.8
vn 7.43433e-07 1.80851e-06 -1
v 0.00640377 0.0125866 1.23168e-08 0.8 0.8 0.8
vn 3.48584e-07 2.0795e-06 -1
v 0.00333785 0.0129293 1.23168e-08 0.8 0.8 0.8
vn 4.96376e-08 2.30161e-06 -1
v -0.00333775 0.0129293 1.23168e-08 0.8 0.8 0.8
vn -1.00023e-07 1.90909e-06 -1
v -0.00640368 0.0125866 1.23168e-08 0.8 0.8 0.8
vn -4.38609e-07 1.89313e-06 -1
v -0.00855175 0.0118976 1.23168e-08 0.8 0.8 0.8
vn -8.52207e-07 1.67205e-06 -1
v -0.0101887 0.010852 1.23168e-08 0.8 0.8 0.8
vn -1.26806e-06 1.34046e-06 -1
v -0.0114204 0.00942507 1.23168e-08 0.8 0.8 0.8
vn -1.64502e-06 9.4804e-07 -1
v -0.0122858 0.00755376 1.23168e-08 0.8 0.8 0.8
vn -1.95239e-06 5.41498e-07 -1
v -0.0128009 0.00504636 1.23168e-08 0.8 0.8 0.8
vn -2.25016e-06 1.55626e-07 -1
v -0.0129721 -7.26763e-09 1.23168e-08 0.8 0.8 0.8
vn -2.12218e-06 -2.26947e-08 -1
v -0.0128009 -0.00504638 1.23168e-08 0.8 0.8 0.8
vn -1.89496e-06 -2.23e-07 -1
v -0.0122858 -0.00755378 1.23168e-08 0.8 0.8 0.8
vn -1.80058e-06 -6.42539e-07 -1
v -0.0114204 -0.00942508 1.23168e-08 0.8 0.8 0.8
vn -1.51666e-06 -1.06253e-06 -1
v -0.0101887 -0.010852 1.23168e-08 0.8 0.8 0.8
vn -1.14903e-06 -1.46371e-06 -1
v -0.00855175 -0.0118976 1.23168e-08 0.8 0.8 0.8
vn -7.43433e-07 -1.80851e-06 -1
v -0.00640368 -0.0125866 1.23168e-08 0.8 0.8 0.8
vn -3.48584e-07 -2.0795e-06 -1
v -0.00333775 -0.0129293 1.23168e-08 0.8 0.8 0.8
vn -4.96376e-08 -2.30161e-06 -1
v 0.00333785 -0.0129293 1.23168e-08 0.8 0.8 0.8
vn 1.00023e-07 -1.90909e-06 -1
v 0.00640377 -0.0125866 1.23168e-08 0.8 0.8 0.8
vn 4.38609e-07 -1.89313e-06 -1
v 0.00855185 -0.0118976 1.23168e-08 0.8 0.8 0.8
vn 8.52207e-07 -1.67205e-06 -1
v 0.0101888 -0.010852 1.23168e-08 0.8 0.8 0.8
vn 1.26806e-06 -1.34046e-06 -1
v 0.0114205 -0.00942508 1.23168e-08 0.8 0.8 0.8
vn 1.64502e-06 -9.4804e-07 -1
v 0.0122859 -0.00755378 1.23168e-08 0.8 0.8 0.8
vn 1.95239e-06 -5.41498e-07 -1
v 0.012801 -0.00504638 1.23168e-08 0.8 0.8 0.8
vn 2.25016e-06 -1.55626e-07 -1
v 0.0103777 -6.94956e-09 1.1251e-08 0.8 0.8 0.8
vn 2.35384e-07 2.78337e-09 -1
v 0.0102408 0.00403709 1.1251e-08 0.8 0.8 0.8
vn 2.08637e-07 2.52231e-08 -1
v 0.00982871 0.00604301 1.1251e-08 0.8 0.8 0.8
vn 1.98968e-07 7.19233e-08 -1
v 0.00913639 0.00754005 1.1251e-08 0.8 0.8 0.8
vn 1.67512e-07 1.18559e-07 -1
v 0.00815108 0.00868162 1.1251e-08 0.8 0.8 0.8
vn 1.26738e-07 1.63056e-07 -1
v 0.00684148 0.00951807 1.1251e-08 0.8 0.8 0.8
vn 8.17858e-08 2.0129e-07 -1
v 0.00512302 0.0100693 1.1251e-08 0.8 0.8 0.8
vn 3.80984e-08 2.31439e-07 -1
v 0.00267029 0.0103435 1.1251e-08 0.8 0.8 0.8
vn 5.20716e-09 2.56613e-07 -1
v -0.00267019 0.0103435 1.1251e-08 0.8 0.8 0.8
vn -1.14454e-08 2.10072e-07 -1
v -0.00512293 0.0100693 1.1251e-08 0.8 0.8 0.8
vn -4.92482e-08 2.09128e-07 -1
v -0.00684139 0.00951807 1.1251e-08 0.8 0.8 0.8
vn -9.52126e-08 1.84742e-07 -1
v -0.00815099 0.00868162 1.1251e-08 0.8 0.8 0.8
vn -1.4136e-07 1.47968e-07 -1
v -0.0091363 0.00754005 1.1251e-08 0.8 0.8 0.8
vn -1.8316e-07 1.04456e-07 -1
v -0.00982862 0.00604301 1.1251e-08 0.8 0.8 0.8
vn -2.17265e-07 5.94294e-08 -1
v -0.0102407 0.00403709 1.1251e-08 0.8 0.8 0.8
vn -2.5085e-07 1.68344e-08 -1
v -0.0103776 -7.2326e-09 1.1251e-08 0.8 0.8 0.8
vn -2.35384e-07 -2.78337e-09 -1
v -0.0102407 -0.0040371 1.1251e-08 0.8 0.8 0.8
vn -2.08637e-07 -2.52231e-08 -1
v -0.00982862 -0.00604302 1.1251e-08 0.8 0.8 0.8
vn -1.98968e-07 -7.19233e-08 -1
v -0.0091363 -0.00754007 1.1251e-08 0.8 0.8 0.8
vn -1.67512e-07 -1.18559e-07 -1
v -0.00815099 -0.00868163 1.1251e-08 0.8 0.8 0.8
vn -1.26738e-07 -1.63056e-07 -1
v -0.00684139 -0.00951808 1.1251e-08 0.8 0.8 0.8
vn -8.17858e-08 -2.0129e-07 -1
v -0.00512293 -0.0100693 1.1251e-08 0.8 0.8 0.8
vn -3.80984e-08 -2.31439e-07 -1
v -0.00267019 -0.0103435 1.1251e-08 0.8 0.8 0.8
vn -5.20716e-09 -2.56613e-07 -1
v 0.00267029 -0.0103435 1.1251e-08 0.8 0.8 0.8
vn 1.14454e-08 -2.10072e-07 -1
v 0.00512302 -0.0100693 1.1251e-08 0.8 0.8 0.8
vn 4.92482e-08 -2.09128e-07 -1
v 0.00684149 -0.00951808 1.1251e-08 0.8 0.8 0.8
vn 9.52126e-08 -1.84742e-07 -1
v 0.00815108 -0.00868163 1.1251e-08 0.8 0.8 0.8
vn 1.4136e-07 -1.47968e-07 -1
v 0.00913639 -0.00754007 1.1251e-08 0.8 0.8 0.8
vn 1.8316e-07 -1.04456e-07 -1
v 0.00982871 -0.00604302 1.1251e-08 0.8 0.8 0.8
vn 2.17265e-07 -5.94294e-08 -1
v 0.0102408 -0.0040371 1.1251e-08 0.8 0.8 0.8
vn 2.5085e-07 -1.68344e-08 -1
v 0.00778331 -6.98529e-09 1.11781e-08 0.8 0.8 0.8
vn 1.59904e-08 2.08479e-10 -1
v 0.00768062 0.00302781 1.11781e-08 0.8 0.8 0.8
vn 1.41039e-08 1.755e-09 -1
v 0.00737155 0.00453226 1.11781e-08 0.8 0.8 0.8
vn 1.34729e-08 4.93783e-09 -1
v 0.0068523 0.00565504 1.11781e-08 0.8 0.8 0.8
vn 1.1331e-08 8.10786e-09 -1
v 0.00611332 0.00651121 1.11781e-08 0.8 0.8 0.8
vn 8.55738e-09 1.11275e-08 -1
v 0.00513113 0.00713855 1.11781e-08 0.8 0.8 0.8
vn 5.50427e-09 1.37181e-08 -1
v 0.00384228 0.00755198 1.11781e-08 0.8 0.8 0.8
vn 2.54392e-09 1.57597e-08 -1
v 0.00200273 0.0077576 1.11781e-08 0.8 0.8 0.8
vn 3.31116e-10 1.74684e-08 -1
v -0.00200263 0.0077576 1.11781e-08 0.8 0.8 0.8
vn -8.06412e-10 1.41993e-08 -1
v -0.00384219 0.00755198 1.11781e-08 0.8 0.8 0.8
vn -3.39386e-09 1.41629e-08 -1
v -0.00513103 0.00713855 1.11781e-08 0.8 0.8 0.8
vn -6.52167e-09 1.25042e-08 -1
v -0.00611323 0.00651121 1.11781e-08 0.8 0.8 0.8
vn -9.65574e-09 1.00011e-08 -1
v -0.00685221 0.00565504 1.11781e-08 0.8 0.8 0.8
vn -1.24901e-08 7.04332e-09 -1
v -0.00737146 0.00453226 1.11781e-08 0.8 0.8 0.8
vn -1.47996e-08 3.98818e-09 -1
v -0.00768053 0.00302781 1.11781e-08 0.8 0.8 0.8
vn -1.70823e-08 1.10954e-09 -1
v -0.00778321 -7.19758e-09 1.11781e-08 0.8 0.8 0.8
vn -1.59904e-08 -2.08479e-10 -1
v -0.00768053 -0.00302783 1.11781e-08 0.8 0.8 0.8
vn -1.41039e-08 -1.755e-09 -1
v -0.00737146 -0.00453227 1.11781e-08 0.8 0.8 0.8
vn -1.34729e-08 -4.93783e-09 -1
v -0.00685221 -0.00565505 1.11781e-08 0.8 0.8 0.8
vn -1.1331e-08 -8.10786e-09 -1
v -0.00611323 -0.00651123 1.11781e-08 0.8 0.8 0.8
vn -8.55738e-09 -1.11275e-08 -1
v -0.00513103 -0.00713856 1.11781e-08 0.8 0.8 0.8
vn -5.50427e-09 -1.37181e-08 -1
v -0.00384219 -0.00755199 1.11781e-08 0.8 0.8 0.8
vn -2.54392e-09 -1.57597e-08 -1
v -0.00200263 -0.00775761 1.11781e-08 0.8 0.8 0.8
vn -3.31116e-10 -1.74684e-08 -1
v 0.00200273 -0.00775761 1.11781e-08 0.8 0.8 0.8
vn 8.06412e-10 -1.41993e-08 -1
v 0.00384228 -0.00755199 1.11781e-08 0.8 0.8 0.8
vn 3.39386e-09 -1.41629e-08 -1
v 0.00513113 -0.00713856 1.11781e-08 0.8 0.8 0.8
vn 6.52167e-09 -1.25042e-08 -1
v 0.00611332 -0.00651123 1.11781e-08 0.8 0.8 0.8
vn 9.65574e-09 -1.00011e-08 -1
v 0.00685231 -0.00565505 1.11781e-08 0.8 0.8 0.8
vn 1.24901e-08 -7.04332e-09 -1
v 0.00737155 -0.00453227 1.11781e-08 0.8 0.8 0.8
vn 1.47996e-08 -3.98818e-09 -1
v 0.00768062 -0.00302783 1.11781e-08 0.8 0.8 0.8
vn 1.70823e-08 -1.10954e-09 -1
v 0.00518889 -7.02103e-09 1.11759e-08 0.8 0.8 0.8
vn 5.05571e-10 7.29349e-12 -1
v 0.00512043 0.00201854 1.11759e-08 0.8 0.8 0.8
vn 4.46772e-10 5.7458e-11 -1
v 0.00491438 0.0030215 1.11759e-08 0.8 0.8 0.8
vn 4.2521e-10 1.58312e-10 -1
v 0.00456822 0.00377002 1.11759e-08 0.8 0.8 0.8
vn 3.56732e-10 2.58472e-10 -1
v 0.00407556 0.00434081 1.11759e-08 0.8 0.8 0.8
vn 2.68608e-10 3.53571e-10 -1
v 0.00342077 0.00475903 1.11759e-08 0.8 0.8 0.8
vn 1.71958e-10 4.34791e-10 -1
v 0.00256153 0.00503465 1.11759e-08 0.8 0.8 0.8
vn 7.86059e-11 4.98114e-10 -1
v 0.00133517 0.00517173 1.11759e-08 0.8 0.8 0.8
vn 9.58918e-12 5.49125e-10 -1
v -0.00133507 0.00517173 1.11759e-08 0.8 0.8 0.8
vn -2.6806e-11 4.50334e-10 -1
v -0.00256144 0.00503465 1.11759e-08 0.8 0.8 0.8
vn -1.09407e-10 4.47588e-10 -1
v -0.00342067 0.00475903 1.11759e-08 0.8 0.8 0.8
vn -2.08394e-10 3.94157e-10 -1
v -0.00407547 0.00434081 1.11759e-08 0.8 0.8 0.8
vn -3.07263e-10 3.1443e-10 -1
v -0.00456813 0.00377002 1.11759e-08 0.8 0.8 0.8
vn -3.96352e-10 2.20638e-10 -1
v -0.00491429 0.0030215 1.11759e-08 0.8 0.8 0.8
vn -4.68482e-10 1.24093e-10 -1
v -0.00512033 0.00201854 1.11759e-08 0.8 0.8 0.8
vn -5.378e-10 3.36339e-11 -1
v -0.00518879 -7.16255e-09 1.11759e-08 0.8 0.8 0.8
vn -5.05571e-10 -7.29349e-12 -1
v -0.00512033 -0.00201856 1.11759e-08 0.8 0.8 0.8
vn -4.46772e-10 -5.7458e-11 -1
v -0.00491429 -0.00302152 1.11759e-08 0.8 0.8 0.8
vn -4.2521e-10 -1.58312e-10 -1
v -0.00456813 -0.00377004 1.11759e-08 0.8 0.8 0.8
vn -3.56732e-10 -2.58472e-10 -1
v -0.00407547 -0.00434082 1.11759e-08 0.8 0.8 0.8
vn -2.68608e-10 -3.53571e-10 -1
v -0.00342067 -0.00475905 1.11759e-08 0.8 0.8 0.8
vn -1.71958e-10 -4.34791e-10 -1
v -0.00256144 -0.00503466 1.11759e-08 0.8 0.8 0.8
vn -7.86059e-11 -4.98114e-10 -1
v -0.00133507 -0.00517174 1.11759e-08 0.8 0.8 0.8
vn -9.58918e-12 -5.49125e-10 -1
v 0.00133517 -0.00517174 1.11759e-08 0.8 0.8 0.8
vn 2.6806e-11 -4.50334e-10 -1
v 0.00256154 -0.00503466 1.11759e-08 0.8 0.8 0.8
vn 1.09407e-10 -4.47588e-10 -1
v 0.00342077 -0.00475905 1.11759e-08 0.8 0.8 0.8
vn 2.08394e-10 -3.94157e-10 -1
v 0.00407556 -0.00434082 1.11759e-08 0.8 0.8 0.8
vn 3.07263e-10 -3.1443e-10 -1
v 0.00456822 -0.00377004 1.11759e-08 0.8 0.8 0.8
vn 3.96352e-10 -2.20638e-10 -1
v 0.00491438 -0.00302152 1.11759e-08 0.8 0.8 0.8
vn 4.68482e-10 -1.24093e-10 -1
v 0.00512043 -0.00201855 1.11759e-08 0.8 0.8 0.8
vn 5.378e-10 -3.36339e-11 -1
v 0.00259447 -7.05676e-09 1.11759e-08 0.8 0.8 0.8
vn 4.13084e-12 7.00415e-14 -1
v 0.00256024 0.00100927 1.11759e-08 0.8 0.8 0.8
vn 3.74574e-12 5.11535e-13 -1
v 0.00245721 0.00151075 1.11759e-08 0.8 0.8 0.8
vn 3.48145e-12 1.33374e-12 -1
v 0.00228413 0.00188501 1.11759e-08 0.8 0.8 0.8
vn 2.89737e-12 2.14765e-12 -1
v 0.0020378 0.0021704 1.11759e-08 0.8 0.8 0.8
vn 2.16439e-12 2.9132e-12 -1
v 0.00171041 0.00237951 1.11759e-08 0.8 0.8 0.8
vn 1.36994e-12 3.55658e-12 -1
v 0.00128079 0.00251732 1.11759e-08 0.8 0.8 0.8
vn 6.10626e-13 4.03455e-12 -1
v 0.000667606 0.00258586 1.11759e-08 0.8 0.8 0.8
vn 6.4544e-14 4.3488e-12 -1
v -0.000667514 0.00258586 1.11759e-08 0.8 0.8 0.8
vn -2.46108e-13 3.80007e-12 -1
v -0.0012807 0.00251732 1.11759e-08 0.8 0.8 0.8
vn -9.34073e-13 3.68632e-12 -1
v -0.00171031 0.00237951 1.11759e-08 0.8 0.8 0.8
vn -1.74154e-12 3.21346e-12 -1
v -0.00203771 0.0021704 1.11759e-08 0.8 0.8 0.8
vn -2.5415e-12 2.54415e-12 -1
v -0.00228404 0.00188501 1.11759e-08 0.8 0.8 0.8
vn -3.25397e-12 1.76909e-12 -1
v -0.00245712 0.00151075 1.11759e-08 0.8 0.8 0.8
vn -3.81634e-12 9.79447e-13 -1
v -0.00256014 0.00100927 1.11759e-08 0.8 0.8 0.8
vn -4.282e-12 2.49598e-13 -1
v -0.00259437 -7.12752e-09 1.11759e-08 0.8 0.8 0.8
vn -4.13084e-12 -7.00415e-14 -1
v -0.00256014 -0.00100928 1.11759e-08 0.8 0.8 0.8
vn -3.74574e-12 -5.11535e-13 -1
v -0.00245712 -0.00151076 1.11759e-08 0.8 0.8 0.8
vn -3.48145e-12 -1.33374e-12 -1
v -0.00228404 -0.00188502 1.11759e-08 0.8 0.8 0.8
vn -2.89737e-12 -2.14765e-12 -1
v -0.00203771 -0.00217041 1.11759e-08 0.8 0.8 0.8
vn -2.16439e-12 -2.9132e-12 -1
v -0.00171031 -0.00237953 1.11759e-08 0.8 0.8 0.8
vn -1.36994e-12 -3.55658e-12 -1
v -0.0012807 -0.00251734 1.11759e-08 0.8 0.8 0.8
vn -6.10626e-13 -4.03455e-12 -1
v -0.000667514 -0.00258587 1.11759e-08 0.8 0.8 0.8
vn -6.4544e-14 -4.3488e-12 -1
v 0.000667606 -0.00258587 1.11759e-08 0.8 0.8 0.8
vn 2.46108e-13 -3.80007e-12 -1
v 0.00128079 -0.00251734 1.11759e-08 0.8 0.8 0.8
vn 9.34073e-13 -3.68632e-12 -1
v 0.00171041 -0.00237953 1.11759e-08 0.8 0.8 0.8
vn 1.74154e-12 -3.21346e-12 -1
v 0.0020378 -0.00217041 1.11759e-08 0.8 0.8 0.8
vn 2.5415e-12 -2.54415e-12 -1
v 0.00228413 -0.00188502 1.11759e-08 0.8 0.8 0.8
vn 3.25397e-12 -1.76909e-12 -1
v 0.00245721 -0.00151076 1.11759e-08 0.8 0.8 0.8
vn 3.81634e-12 -9.79447e-13 -1
v 0.00256024 -0.00100928 1.11759e-08 0.8 0.8 0.8
vn 4.282e-12 -2.49598e-13 -1
v 4.57718e-08 -7.09249e-09 1.11759e-08 0.8 0.8 0.8
vn 1.33727e-15 4.53539e-17 -1
v 4.57718e-08 -7.09249e-09 1.11759e-08 0.8 0.8 0.8
vn 1.25362e-15 2.57542e-16 -1
v 4.57718e-08 -7.09249e-09 1.11759e-08 0.8 0.8 0.8
vn 1.09938e-15 5.08418e-16 -1
v 4.57718e-08 -7.09249e-09 1.11759e-08 0.8 0.8 0.8
vn 8.8708e-16 7.6566e-16 -1
v 4.57718e-08 -7.09249e-09 1.11759e-08 0.8 0.8 0.8
vn 6.38251e-16 9.99281e-16 -1
v 4.57718e-08 -7.09249e-09 1.11759e-08 0.8 0.8 0.8
vn 3.8007e-16 1.18486e-15 -1
v 4.57718e-08 -7.09249e-09 1.11759e-08 0.8 0.8 0.8
vn 1.45763e-16 1.30407e-15 -1
v 4.57718e-08 -7.09249e-09 1.11759e-08 0.8 0.8 0.8
vn -6.5028e-23 1.3417e-15 -1
v 4.57718e-08 -7.09249e-09 1.11759e-08 0.8 0.8 0.8
vn -1.45763e-16 1.30407e-15 -1
v 4.57718e-08 -7.09249e-09 1.11759e-08 0.8 0.8 0.8
vn -3.80071e-16 1.18486e-15 -1
v 4.57718e-08 -7.09249e-09 1.11759e-08 0.8 0.8 0.8
vn -6.38251e-16 9.99281e-16 -1
v 4.57718e-08 -7.09249e-09 1.11759e-08 0.8 0.8 0.8
vn -8.8708e-16 7.6566e-16 -1
v 4.57718e-08 -7.09249e-09 1.11759e-08 0.8 0.8 0.8
vn -1.09938e-15 5.08418e-16 -1
v 4.57718e-08 -7.09249e-09 1.11759e-08 0.8 0.8 0.8
vn -1.25362e-15 2.57542e-16 -1
v 4.57718e-08 -7.09249e-09 1.11759e-08 0.8 0.8 0.8
vn -1.33727e-15 4.53538e-17 -1
v 4.57718e-08 -7.09249e-09 1.11759e-08 0.8 0.8 0.8
vn -1.33727e-15 -4.53539e-17 -1
v 4.57718e-08 -7.09249e-09 1.11759e-08 0.8 0.8 0.8
vn -1.25362e-15 -2.57542e-16 -1
v 4.57718e-08 -7.09249e-09 1.11759e-08 0.8 0.8 0.8
vn -1.09938e-15 -5.08418e-16 -1
v 4.57718e-08 -7.09249e-09 1.11759e-08 0.8 0.8 0.8
vn -8.8708e-16 -7.6566e-16 -1
v 4.57718e-08 -7.09249e-09 1.11759e-08 0.8 0.8 0.8
vn -6.38251e-16 -9.99281e-16 -1
v 4.57718e-08 -7.09249e-09 1.11759e-08 0.8 0.8 0.8
vn -3.8007e-16 -1.18486e-15 -1
v 4.57718e-08 -7.09249e-09 1.11759e-08 0.8 0.8 0.8
vn -1.45763e-16 -1.30407e-15 -1
v 4.57718e-08 -7.09249e-09 1.11759e-08 0.8 0.8 0.8
vn 6.5028e-23 -1.3417e-15 -1
v 4.57718e-08 -7.09249e-09 1.11759e-08 0.8 0.8 0.8
vn 1.45763e-16 -1.30407e-15 -1
v 4.57718e-08 -7.09249e-09 1.11759e-08 0.8 0.8 0.8
vn 3.80071e-16 -1.18486e-15 -1
v 4.57718e-08 -7.09249e-09 1.11759e-08 0.8 0.8 0.8
vn 6.38251e-16 -9.99281e-16 -1
v 4.57718e-08 -7.09249e-09 1.11759e-08 0.8 0.8 0.8
vn 8.8708e-16 -7.6566e-16 -1
v 4.57718e-08 -7.09249e-09 1.11759e-08 0.8 0.8 0.8
vn 1.09938e-15 -5.08418e-16 -1
v 4.57718e-08 -7.09249e-09 1.11759e-08 0.8 0.8 0.8
vn 1.25362e-15 -2.57542e-16 -1
v 4.57718e-08 -7.09249e-09 1.11759e-08 0.8 0.8 0.8
vn 1.33727e-15 -4.53538e-17 -1
f 2//2 31//31 1//1
f 32//32 31//31 2//2
f 3//3 32//32 2//2
f 33//33 32//32 3//3
f 4//4 33//33 3//3
f 34//34 33//33 4//4
f 5//5 34//34 4//4
f 35//35 34//34 5//5
f 6//6 35//35 5//5
f 36//36 35//35 6//6
f 7//7 36//36 6//6
f 37//37 36//36 7//7
f 8//8 37//37 7//7
f 38//38 37//37 8//8
f 9//9 38//38 8//8
f 39//39 38//38 9//9
f 10//10 39//39 9//9
f 40//40 39//39 10//10
f 11//11 40//40 10//10
f 41//41 40//40 11//11
f 12//12 41//41 11//11
f 42//42 41//41 12//12
f 13//13 42//42 12//12
f 43//43 42//42 13//13
f 14//14 43//43 13//13
f 44//44 43//43 14//14
f 15//15 44//44 14//14
f 45//45 44//44 15//15
f 16//16 45//45 15//15
f 46//46 45//45 16//16
f 17//17 46//46 16//16
f 47//47 46//46 17//17
f 18//18 47//47 17//17
f 48//48 47//47 18//18
f 19//19 48//48 18//18
f 49//49 48//48 19//19
f 20//20 49//49 19//19
f 50//50 49//49 20//20
f 21//21 50//50 20//20
f 51//51 50//50 21//21
f 22//22 51//51 21//21
f 52//52 51//51 22//22
f 23//23 52//52 22//22
f 53//53 52//52 23//23
f 24//24 53//53 23//23
f 54//54 53//53 24//24
f 25//25 54//54 24//24
f 55//55 54//54 25//25
f 26//26 55//55 25//25
f 56//56 55//55 26//26
f 27//27 56//56 26//26
f 57//57 56//56 27//27
f 28//28 57//57 27//27
f 58//58 57//57 28//28
f 29//29 58//58 28//28
f 59//59 58//58 29//29
f 30//30 59//59 29//29
f 60//60 59//59 30//30
f 1//1 60//60 30//30
f 31//31 60//60 1//1
f 32//32 61//61 31//31
f 62//62 61//61 32//32
f 33//33 62//62 32//32
f 63//63 62//62 33//33
f 34//34 63//63 33//33
f 64//64 63//63 34//34
f 35//35 64//64 34//34
f 65//65 64//64 35//35
f 36//36 65//65 35//35
f 66//66 65//65 36//36
f 37//37 66//66 36//36
f 67//67 66//66 37//37
f 38//38 67//67 37//37
f 68//68 67//67 38//38
f 39//39 68//68 38//38
f 69//69 68//68 39//39
f 40//40 69//69 39//39
f 70//70 69//69 40//40
f 41//41 70//70 40//40
f 71//71 70//70 41//41
f 42//42 71//71 41//41
f 72//72 71//71 42//42
f 43//43 72//72 42//42
f 73//73 72//72 43//43
f 44//44 73//73 43//43
f 74//74 73//73 44//44
f 45//45 74//74 44//44
f 75//75 74//74 45//45
f 46//46 75//75 45//45
f 76//76 75//75 46//46
f 47//47 76//76 46//46
f 77//77 76//76 47//47
f 48//48 77//77 47//47
f 78//78 77//77 48//48
f 49//49 78//78 48//48
f 79//79 78//78 49//49
f 50//50 79//79 49//49
f 80//80 79//79 50//50
f 51//51 80//80 50//50
f 81//81 80//80 51//51
f 52//52 81//81 51//51
f 82//82 81//81 52//52
f 53//53 82//82 52//52
f 83//83 82//82 53//53
f 54//54 83//83 53//53
f 84//84 83//83 54//54
f 55//55 84//84 54//54
f 85//85 84//84 55//55
f 56//56 85//85 55//55
f 86//86 85//85 56//56
f 57//57 86//86 56//56
f 87//87 86//86 57//57
f 58//58 87//87 57//57
f 88//88 87//87 58//58
f 59//59 88//88 58//58
f 89//89 88//88 59//59
f 60//60 89//89 59//59
f 90//90 89//89 60//60
f 31//31 90//90 60//60
f 61//61 90//90 31//31
f 62//62 91//91 61//61
f 92//92 91//91 62//62
f 63//63 92//92 62//62
f 93//93 92//92 63//63
f 64//64 93//93 63//63
f 94//94 93//93 64//64
f 65//65 94//94 64//64
f 95//95 94//94 65//65
f 66//66 95//95 65//65
f 96//96 95//95 66//66
f 67//67 96//96 66//66
f 97//97 96//96 67//67
f 68//68 97//97 67//67
f 98//98 97//97 68//68
f 69//69 98//98 68//68
f 99//99 98//98 69//69
f 70//70 99//99 69//69
f 100//100 99//99 70//70
f 71//71 100//100 70//70
f 101//101 100//100 71//71
f 72//72 101//101 71//71
f 102//102 101//101 72//72
f 73//73 102//102 72//72
f 103//103 102//102 73//73
f 74//74 103//103 73//73
f 104//104 103//103 74//74
f 75//75 104//104 74//74
f 105//105 104//104 75//75
f 76//76 105//105 75//75
f 106//106 105//105 76//76
f 77//77 106//106 76//76
f 107//107 106//106 77//77
f 78//78 107//107 77//77
f 108//108 107//107 78//78
f 79//79 108//108 78//78
f 109//109 108//108 79//79
f 80//80 109//109 79//79
f 110//110 109//109 80//80
f 81//81 110//110 80//80
f 111//111 110//110 81//81
f 82//82 111//111 81//81
f 112//112 111//111 82//82
f 83//83 112//112 82//82
f 113//113 112//112 83//83
f 84//84 113//113 83//83
f 114//114 113//113 84//84
f 85//85 114//114 84//84
f 115//115 114//114 85//85
f 86//86 115//115 85//85
f 116//116 115//115 86//86
f 87//87 116//116 86//86
f 117//117 116//116 87//87
f 88//88 117//117 87//87
f 118//118 117//117 88//88
f 89//89 118//118 88//88
f 119//119 118//118 89//89
f 90//90 119//119 89//89
f 120//120 119//119 90//90
f 61//61 120//120 90//90
f 91//91 120//120 61//61
f 92//92 121//121 91//91
f 122//122 121//121 92//92
f 93//93 122//122 92//92
f 123//123 122//122 93//93
f 94//94 123//123 93//93
f 124//124 123//123 94//94
f 95//95 124//124 94//94
f 125//125 124//124 95//95
f 96//96 125//125 95//95
f 126//126 125//125 96//96
f 97//97 126//126 96//96
f 127//127 126//126 97//97
f 98//98 127//127 97//97
f 128//128 127//127 98//98
f 99//99 128//128 98//98
f 129//129 128//128 99//99
f 100//100 129//129 99//99
f 130//130 129//129 100//100
f 101//101 130//130 100//100
f 131//131 130//130 101//101
f 102//102 131//131 101//101
f 132//132 131//131 102//102
f 103//103 132//132 102//102
f 133//133 132//132 103//103
f 104//104 133//133 103//103
f 134//134 133//133 104//104
f 105//105 134//134 104//104
f 135//135 134//134 105//105
f 106//106 135//135 105//105
f 136//136 135//135 106//106
f 107//107 136//136 106//106
f 137//137 136//136 107//107
f 108//108 137//137 107//107
f 138//138 137//137 108//108
f 109//109 138//138 108//108
f 139//139 138//138 109//109
f 110//110 139//139 109//109
f 140//140 139//139 110//110
f 111//111 140//140 110//110
f 141//141 140//140 111//111
f 112//112 141//141 111//111
f 142//142 141//141 112//112
f 113//113 142//142 112//112
f 143//143 142//142 113//113
f 114//114 143//143 113//113
f 144//144 143//143 114//114
f 115//115 144//144 114//114
f 145//145 144//144 115//115
f 116//116 145//145 115//115
f 146//146 145//145 116//116
f 117//117 146//146 116//116
f 147//147 146//146 117//117
f 118//118 147//147 117//117
f 148//148 147//147 118//118
f 119//119 148//148 118//118
f 149//149 148//148 119//119
f 120//120 149//149 119//119
f 150//150 149//149 120//120
f 91//91 150//150 120//120
f 121//121 150//150 91//91
f 122//122 151//151 121//121
f 152//152 151//151 122//122
f 123//123 152//152 122//122
f 153//153 152//152 123//123
f 124//124 153//153 123//123
f 154//154 153//153 124//124
f 125//125 154//154 124//124
f 155//155 154//154 125//125
f 126//126 155//155 125//125
f 156//156 155//155 126//126
f 127//127 156//156 126//126
f 157//157 156//156 127//127
f 128//128 157//157 127//127
f 158//158 157//157 128//128
f 129//129 158//158 128//128
f 159//159 158//158 129//129
f 130//130 159//159 129//129
f 160//160 159//159 130//130
f 131//131 160//160 130//130
f 161//161 160//160 131//131
f 132//132 161//161 131//131
f 162//162 161//161 132//132
f 133//133 162//162 132//132
f 163//163 162//162 133//133
f 134//134 163//163 133//133
f 164//164 163//163 134//134
f 135//135 164//164 134//134
f 165//165 164//164 135//135
f 136//136 165//165 135//135
f 166//166 165//165 136//136
f 137//137 166//166 136//136
f 167//167 166//166 137//137
f 138//138 167//167 137//137
f 168//168 167//167 138//138
f 139//139 168//168 138//138
f 169//169 168//168 139//139
f 140//140 169//169 139//139
f 170//170 169//169 140//140
f 141//141 170//170 140//140
f 171//171 170//170 141//141
f 142//142 171//171 141//141
f 172//172 171//171 142//142
f 143//143 172//172 142//142
f 173//173 172//172 143//143
f 144//144 173//173 143//143
f 174//174 173//173 144//144
f 145//145 174//174 144//144
f 175//175 174//174 145//145
f 146//146 175//175 145//145
f 176//176 175//175 146//146
f 147//147 176//176 146//146
f 177//177 176//176 147//147
f 148//148 177//177 147//147
f 178//178 177//177 148//148
f 149//149 178//178 148//148
f 179//179 178//178 149//149
f 150//150 179//179 149//149
f 180//180 179//179 150//150
f 121//121 180//180 150//150
f 151//151 180//180 121//121
f 152//152 181//181 151//151
f 182//182 181//181 152//152
f 153//153 182//182 152//152
f 183//183 182//182 153//153
f 154//154 183//183 153//153
f 184//184 183//183 154//154
f 155//155 184//184 154//154
f 185//185 184//184 155//155
f 156//156 185//185 155//155
f 186//186 185//185 156//156
f 157//157 186//186 156//156
f 187//187 186//186 157//157
f 158//158 187//187 157//157
f 188//188 187//187 158//158
f 159//159 188//188 158//158
f 189//189 188//188 159//159
f 160//160 189//189 159//159
f 190//190 189//189 160//160
f 161//161 190//190 160//160
f 191//191 190//190 161//161
f 162//162 191//191 161//161
f 192//192 191//191 162//162
f 163//163 192//192 162//162
f 193//193 192//192 163//163
f 164//164 193//193 163//163
f 194//194 193//193 164//164
f 165//165 194//194 164//164
f 195//195 194//194 165//165
f 166//166 195//195 165//165
f 196//196 195//195 166//166
f 167//167 196//196 166//166
f 197//197 196//196 167//167
f 168//168 197//197 167//167
f 198//198 197//197 168//168
f 169//169 198//198 168//168
f 199//199 198//198 169//169
f 170//170 199//199 169//169
f 200//200 199//199 170//170
f 171//171 200//200 170//170
f 201//201 200//200 171//171
f 172//172 201//201 171//171
f 202//202 201//201 172//172
f 173//173 202//202 172//172
f 203//203 202//202 173//173
f 174//174 203//203 173//173
f 204//204 203//203 174//174
f 175//175 204//204 174//174
f 205//205 204//204 175//175
f 176//176 205//205 175//175
f 206//206 205//205 176//176
f 177//177 206//206 176//176
f 207//207 206//206 177//177
f 178//178 207//207 177//177
f 208//208 207//207 178//178
f 179//179 208//208 178//178
f 209//209 208//208 179//179
f 180//180 209//209 179//179
f 210//210 209//209 180//180
f 151//151 210//210 180//180
f 181//181 210//210 151//151
f 182//182 211//211 181//181
f 212//212 211//211 182//182
f 183//183 212//212 182//182
f 213//213 212//212 183//183
f 184//184 213//213 183//183
f 214//214 213//213 184//184
f 185//185 214//214 184//184
f 215//215 214//214 185//185
f 186//186 215//215 185//185
f 216//216 215//215 186//186
f 187//187 216//216 186//186
f 217//217 216//216 187//187
f 188//188 217//217 187//187
f 218//218 217//217 188//188
f 189//189 218//218 188//188
f 219//219 218//218 189//189
f 190//190 219//219 189//189
f 220//220 219//219 190//190
f 191//191 220//220 190//190
f 221//221 220//220 191//191
f 192//192 221//221 191//191
f 222//222 221//221 192//192
f 193//193 222//222 192//192
f 223//223 222//222 193//193
f 194//194 223//223 193//193
f 224//224 223//223 194//194
f 195//195 224//224 194//194
f 225//225 224//224 195//195
f 196//196 225//225 195//195
f 226//226 225//225 196//196
f 197//197 226//226 196//196
f 227//227 226//226 197//197
f 198//198 227//227 197//197
f 228//228 227//227 198//198
f 199//199 228//228 198//198
f 229//229 228//228 199//199
f 200//200 229//229 199//199
f 230//230 229//229 200//200
f 201//201 230//230 200//200
f 231//231 230//230 201//201
f 202//202 231//231 201//201
f 232//232 231//231 202//202
f 203//203 232//232 202//202
f 233//233 232//232 203//203
f 204//204 233//233 203//203
f 234//234 233//233 204//204
f 205//205 234//234 204//204
f 235//235 234//234 205//205
f 206//206 235//235 205//205
f 236//236 235//235 206//206
f 207//207 236//236 206//206
f 237//237 236//236 207//207
f 208//208 237//237 207//207
f 238//238 237//237 208//208
f 209//209 238//238 208//208
f 239//239 238//238 209//209
f 210//210 239//239 209//209
f 240//240 239//239 210//210
f 181//181 240//240 210//210
f 211//211 240//240 181//181
f 212//212 241//241 211//211
f 242//242 241//241 212//212
f 213//213 242//242 212//212
f 243//243 242//242 213//213
f 214//214 243//243 213//213
f 244//244 243//243 214//214
f 215//215 244//244 214//214
f 245//245 244//244 215//215
f 216//216 245//245 215//215
f 246//246 245//245 216//216
f 217//217 246//246 216//216
f 247//247 246//246 217//217
f 218//218 247//247 217//217
f 248//248 247//247 218//218
f 219//219 248//248 218//218
f 249//249 248//248 219//219
f 220//220 249//249 219//219
f 250//250 249//249 220//220
f 221//221 250//250 220//220
f 251//251 250//250 221//221
f 222//222 251//251 221//221
f 252//252 251//251 222//222
f 223//223 252//252 222//222
f 253//253 252//252 223//223
f 224//224 253//253 223//223
f 254//254 253//253 224//224
f 225//225 254//254 224//224
f 255//255 254//254 225//225
f 226//226 255//255 225//225
f 256//256 255//255 226//226
f 227//227 256//256 226//226
f 257//257 256//256 227//227
f 228//228 257//257 227//227
f 258//258 257//257 228//228
f 229//229 258//258 228//228
f 259//259 258//258 229//229
f 230//230 259//259 229//229
f 260//260 259//259 230//230
f 231//231 260//260 230//230
f 261//261 260//260 231//231
f 232//232 261//261 231//231
f 262//262 261//261 232//232
f 233//233 262//262 232//232
f 263//263 262//262 233//233
f 234//234 263//263 233//233
f 264//264 263//263 234//234
f 235//235 264//264 234//234
f 265//265 264//264 235//235
f 236//236 265//265 235//235
f 266//266 265//265 236//236
f 237//237 266//266 236//236
f 267//267 266//266 237//237
f 238//238 267//267 237//237
f 268//268 267//267 238//238
f 239//239 268//268 238//238
f 269//269 268//268 239//239
f 240//240 269//269 239//239
f 270//270 269//269 240//240
f 211//211 270//270 240//240
f 241//241 270//270 211//211
f 242//242 271//271 241//241
f 272//272 271//271 242//242
f 243//243 272//272 242//242
f 273//273 272//272 243//243
f 244//244 273//273 243//243
f 274//274 273//273 244//244
f 245//245 274//274 244//244
f 275//275 274//274 245//245
f 246//246 275//275 245//245
f 276//276 275//275 246//246
f 247//247 276//276 246//246
f 277//277 276//276 247//247
f 248//248 277//277 247//247
f 278//278 277//277 248//248
f 249//249 278//278 248//248
f 279//279 278//278 249//249
f 250//250 279//279 249//249
f 280//280 279//279 250//250
f 251//251 280//280 250//250
f 281//281 280//280 251//251
f 252//252 281//281 251//251
f 282//282 281//281 252//252
f 253//253 282//282 252//252
f 283//283 282//282 253//253
f 254//254 283//283 253//253
f 284//284 283//283 254//254
f 255//255 284//284 254//254
f 285//285 284//284 255//255
f 256//256 285//285 255//255
f 286//286 285//285 256//256
f 257//257 286//286 256//256
f 287//287 286//286 257//257
f 258//258 287//287 257//257
f 288//288 287//287 258//258
f 259//259 288//288 258//258
f 289//289 288//288 259//259
f 260//260 289//289 259//259
f 290//290 289//289 260//260
f 261//261 290//290 260//260
f 291//291 290//290 261//261
f 262//262 291//291 261//261
f 292//292 291//291 262//262
f 263//263 292//292 262//262
f 293//293 292//292 263//263
f 264//264 293//293 263//263
f 294//294 293//293 264//264
f 265//265 294//294 264//264
f 295//295 294//294 265//265
f 266//266 295//295 265//265
f 296//296 295//295 266//266
f 267//267 296//296 266//266
f 297//297 296//296 267//267
f 268//268 297//297 267//267
f 298//298 297//297 268//268
f 269//269 298//298 268//268
f 299//299 298//298 269//269
f 270//270 299//299 269//269
f 300//300 299//299 270//270
f 241//241 300//300 270//270
f 271//271 300//300 241//241
f 272//272 301//301 271//271
f 302//302 301//301 272//272
f 273//273 302//302 272//272
f 303//303 302//302 273//273
f 274//274 303//303 273//273
f 304//304 303//303 274//274
f 275//275 304//304 274//274
f 305//305 304//304 275//275
f 276//276 305//305 275//275
f 306//306 305//305 276//276
f 277//277 306//306 276//276
f 307//307 306//306 277//277
f 278//278 307//307 277//277
f 308//308 307//307 278//278
f 279//279 308//308 278//278
f 309//309 308//308 279//279
f 280//280 309//309 279//279
f 310//310 309//309 280//280
f 281//281 310//310 280//280
f 311//311 310//310 281//281
f 282//282 311//311 281//281
f 312//312 311//311 282//282
f 283//283 312//312 282//282
f 313//313 312//312 283//283
f 284//284 313//313 283//283
f 314//314 313//313 284//284
f 285//285 314//314 284//284
f 315//315 314//314 285//285
f 286//286 315//315 285//285
f 316//316 315//315 286//286
f 287//287 316//316 286//286
f 317//317 316//316 287//287
f 288//288 317//317 287//287
f 318//318 317//317 288//288
f 289//289 318//318 288//288
f 319//319 318//318 289//289
f 290//290 319//319 289//289
f 320//320 319//319 290//290
f 291//291 320//320 290//290
f 321//321 320//320 291//291
f 292//292 321//321 291//291
f 322//322 321//321 292//292
f 293//293 322//322 292//292
f 323//323 322//322 293//293
f 294//294 323//323 293//293
f 324//324 323//323 294//294
f 295//295 324//324 294//294
f 325//325 324//324 295//295
f 296//296 325//325 295//295
f 326//326 325//325 296//296
f 297//297 326//326 296//296
f 327//327 326//326 297//297
f 298//298 327//327 297//297
f 328//328 327//327 298//298
f 299//299 328//328 298//298
f 329//329 328//328 299//299
f 300//300 329//329 299//299
f 330//330 329//329 300//300
f 271//271 330//330 300//300
f 301//301 330//330 271//271
f 302//302 331//331 301//301
f 332//332 331//331 302//302
f 303//303 332//332 302//302
f 333//333 332//332 303//303
f 304//304 333//333 303//303
f 334//334 333//333 304//304
f 305//305 334//334 304//304
f 335//335 334//334 305//305
f 306//306 335//335 305//305
f 336//336 335//335 306//306
f 307//307 336//336 306//306
f 337//337 336//336 307//307
f 308//308 337//337 307//307
f 338//338 337//337 308//308
f 309//309 338//338 308//308
f 339//339 338//338 309//309
f 310//310 339//339 309//309
f 340//340 339//339 310//310
f 311//311 340//340 310//310
f 341//341 340//340 311//311
f 312//312 341//341 311//311
f 342//342 341//341 312//312
f 313//313 342//342 312//312
f 343//343 342//342 313//313
f 314//314 343//343 313//313
f 344//344 343//343 314//314
f 315//315 344//344 314//314
f 345//345 344//344 315//315
f 316//316 345//345 315//315
f 346//346 345//345 316//316
f 317//317 346//346 316//316
f 347//347 346//346 317//317
f 318//318 347//347 317//317
f 348//348 347//347 318//318
f 319//319 348//348 318//318
f 349//349 348//348 319//319
f 320//320 349//349 319//319
f 350//350 349//349 320//320
f 321//321 350//350 320//320
f 351//351 350//350 321//321
f 322//322 351//351 321//321
f 352//352 351//351 322//322
f 323//323 352//352 322//322
f 353//353 352//352 323//323
f 324//324 353//353 323//323
f 354//354 353//353 324//324
f 325//325 354//354 324//324
f 355//355 354//354 325//325
f 326//326 355//355 325//325
f 356//356 355//355 326//326
f 327//327 356//356 326//326
f 357//357 356//356 327//327
f 328//328 357//357 327//327
f 358//358 357//357 328//328
f 329//329 358//358 328//328
f 359//359 358//358 329//329
f 330//330 359//359 329//329
f 360//360 359//359 330//330
f 301//301 360//360 330//330
f 331//331 360//360 301//301
f 332//332 361//361 331//331
f 362//362 361//361 332//332
f 333//333 362//362 332//332
f 363//363 362//362 333//333
f 334//334 363//363 333//333
f 364//364 363//363 334//334
f 335//335 364//364 334//334
f 365//365 364//364 335//335
f 336//336 365//365 335//335
f 366//366 365//365 336//336
f 337//337 366//366 336//336
f 367//367 366//366 337//337
f 338//338 367//367 337//337
f 368//368 367//367 338//338
f 339//339 368//368 338//338
f 369//369 368//368 339//339
f 340//340 369//369 339//339
f 370//370 369//369 340//340
f 341//341 370//370 340//340
f 371//371 370//370 341//341
f 342//342 371//371 341//341
f 372//372 371//371 342//342
f 343//343 372//372 342//342
f 373//373 372//372 343//343
f 344//344 373//373 343//343
f 374//374 373//373 344//344
f 345//345 374//374 344//344
f 375//375 374//374 345//345
f 346//346 375//375 345//345
f 376//376 375//375 346//346
f 347//347 376//376 346//346
f 377//377 376//376 347//347
f 348//348 377//377 347//347
f 378//378 377//377 348//348
f 349//349 378//378 348//348
f 379//379 378//378 349//349
f 350//350 379//379 349//349
f 380//380 379//379 350//350
f 351//351 380//380 350//350
f 381//381 380//380 351//351
f 352//352 381//381 351//351
f 382//382 381//381 352//352
f 353//353 382//382 352//352
f 383//383 382//382 353//353
f 354//354 383//383 353//353
f 384//384 383//383 354//354
f 355//355 384//384 354//354
f 385//385 384//384 355//355
f 356//356 385//385 355//355
f 386//386 385//385 356//356
f 357//357 386//386 356//356
f 387//387 386//386 357//357
f 358//358 387//387 357//357
f 388//388 387//387 358//358
f 359//359 388//388 358//358
f 389//389 388//388 359//359
f 360//360 389//389 359//359
f 390//390 389//389 360//360
f 331//331 390//390 360//360
f 361//361 390//390 331//331
f 362//362 391//391 361//361
f 392//392 391//391 362//362
f 363//363 392//392 362//362
f 393//393 392//392 363//363
f 364//364 393//393 363//363
f 394//394 393//393 364//364
f 365//365 394//394 364//364
f 395//395 394//394 365//365
f 366//366 395//395 365//365
f 396//396 395//395 366//366
f 367//367 396//396 366//366
f 397//397 396//396 367//367
f 368//368 397//397 367//367
f 398//398 397//397 368//368
f 369//369 398//398 368//368
f 399//399 398//398 369//369
f 370//370 399//399 369//369
f 400//400 399//399 370//370
f 371//371 400//400 370//370
f 401//401 400//400 371//371
f 372//372 401//401 371//371
f 402//402 401//401 372//372
f 373//373 402//402 372//372
f 403//403 402//402 373//373
f 374//374 403//403 373//373
f 404//404 403//403 374//374
f 375//375 404//404 374//374
f 405//405 404//404 375//375
f 376//376 405//405 375//375
f 406//406 405//405 376//376
f 377//377 406//406 376//376
f 407//407 406//406 377//377
f 378//378 407//407 377//377
f 408//408 407//407 378//378
f 379//379 408//408 378//378
f 409//409 408//408 379//379
f 380//380 409//409 379//379
f 410//410 409//409 380//380
f 381//381 410//410 380//380
f 411//411 410//410 381//381
f 382//382 411//411 381//381
f 412//412 411//411 382//382
f 383//383 412//412 382//382
f 413//413 412//412 383//383
f 384//384 413//413 383//383
f 414//414 413//413 384//384
f 385//385 414//414 384//384
f 415//415 414//414 385//385
f 386//386 415//415 385//385
f 416//416 415//415 386//386
f 387//387 416//416 386//386
f 417//417 416//416 387//387
f 388//388 417//417 387//387
f 418//418 417//417 388//388
f 389//389 418//418 388//388
f 419//419 418//418 389//389
f 390//390 419//419 389//389
f 420//420 419//419 390//390
f 361//361 420//420 390//390
f 391//391 420//420 361//361
f 392//392 421//421 391//391
f 422//422 421//421 392//392
f 393//393 422//422 392//392
f 423//423 422//422 393//393
f 394//394 423//423 393//393
f 424//424 423//423 394//394
f 395//395 424//424 394//394
f 425//425 424//424 395//395
f 396//396 425//425 395//395
f 426//426 425//425 396//396
f 397//397 426//426 396//396
f 427//427 426//426 397//397
f 398//398 427//427 397//397
f 428//428 427//427 398//398
f 399//399 428//428 398//398
f 429//429 428//428 399//399
f 400//400 429//429 399//399
f 430//430 429//429 400//400
f 401//401 430//430 400//400
f 431//431 430//430 401//401
f 402//402 431//431 401//401
f 432//432 431//431 402//402
f 403//403 432//432 402//402
f 433//433 432//432 403//403
f 404//404 433//433 403//403
f 434//434 433//433 404//404
f 405//405 434//434 404//404
f 435//435 434//434 405//405
f 406//406 435//435 405//405
f 436//436 435//435 406//406
f 407//407 436//436 406//406
f 437//437 436//436 407//407
f 408//408 437//437 407//407
f 438//438 437//437 408//408
f 409//409 438//438 408//408
f 439//439 438//438 409//409
f 410//410 439//439 409//409
f 440//440 439//439 410//410
f 411//411 440//440 410//410
f 441//441 440//440 411//411
f 412//412 441//441 411//411
f 442//442 441//441 412//412
f 413//413 442//442 412//412
f 443//443 442//442 413//413
f 414//414 443//443 413//413
f 444//444 443//443 414//414
f 415//415 444//444 414//414
f 445//445 444//444 415//415
f 416//416 445//445 415//415
f 446//446 445//445 416//416
f 417//417 446//446 416//416
f 447//447 446//446 417//417
f 418//418 447//447 417//417
f 448//448 447//447 418//418
f 419//419 448//448 418//418
f 449//449 448//448 419//419
f 420//420 449//449 419//419
f 450//450 449//449 420//420
f 391//391 450//450 420//420
f 421//421 450//450 391//391
f 422//422 451//451 421//421
f 452//452 451//451 422//422
f 423//423 452//452 422//422
f 453//453 452//452 423//423
f 424//424 453//453 423//423
f 454//454 453//453 424//424
f 425//425 454//454 424//424
f 455//455 454//454 425//425
f 426//426 455//455 425//425
f 456//456 455//455 426//426
f 427//427 456//456 426//426
f 457//457 456//456 427//427
f 428//428 457//457 427//427
f 458//458 457//457 428//428
f 429//429 458//458 428//428
f 459//459 458//458 429//429
f 430//430 459//459 429//429
f 460//460 459//459 430//430
f 431//431 460//460 430//430
f 461//461 460//460 431//431
f 432//432 461//461 431//431
f 462//462 461//461 432//432
f 433//433 462//462 432//432
f 463//463 462//462 433//433
f 434//434 463//463 433//433
f 464//464 463//463 434//434
f 435//435 464//464 434//434
f 465//465 464//464 435//435
f 436//436 465//465 435//435
f 466//466 465//465 436//436
f 437//437 466//466 436//436
f 467//467 466//466 437//437
f 438//438 467//467 437//437
f 468//468 467//467 438//438
f 439//439 468//468 438//438
f 469//469 468//468 439//439
f 440//440 469//469 439//439
f 470//470 469//469 440//440
f 441//441 470//470 440//440
f 471//471 470//470 441//441
f 442//442 471//471 441//441
f 472//472 471//471 442//442
f 443//443 472//472 442//442
f 473//473 472//472 443//443
f 444//444 473//473 443//443
f 474//474 473//473 444//444
f 445//445 474//474 444//444
f 475//475 474//474 445//445
f 446//446 475//475 445//445
f 476//476 475//475 446//446
f 447//447 476//476 446//446
f 477//477 476//476 447//447
f 448//448 477//477 447//447
f 478//478 477//477 448//448
f 449//449 478//478 448//448
f 479//479 478//478 449//449
f 450//450 479//479 449//449
f 480//480 479//479 450//450
f 421//421 480//480 450//450
f 451//451 480//480 421//421
f 452//452 481//481 451//451
f 482//482 481//481 452//452
f 453//453 482//482 452//452
f 483//483 482//482 453//453
f 454//454 483//483 453//453
f 484//484 483//483 454//454
f 455//455 484//484 454//454
f 485//485 484//484 455//455
f 456//456 485//485 455//455
f 486//486 485//485 456//456
f 457//457 486//486 456//456
f 487//487 486//486 457//457
f 458//458 487//487 457//457
f 488//488 487//487 458//458
f 459//459 488//488 458//458
f 489//489 488//488 459//459
f 460//460 489//489 459//459
f 490//490 489//489 460//460
f 461//461 490//490 460//460
f 491//491 490//490 461//461
f 462//462 491//491 461//461
f 492//492 491//491 462//462
f 463//463 492//492 462//462
f 493//493 492//492 463//463
f 464//464 493//493 463//463
f 494//494 493//493 464//464
f 465//465 494//494 464//464
f 495//495 494//494 465//465
f 466//466 495//495 465//465
f 496//496 495//495 466//466
f 467//467 496//496 466//466
f 497//497 496//496 467//467
f 468//468 497//497 467//467
f 498//498 497//497 468//468
f 469//469 498//498 468//468
f 499//499 498//498 469//469
f 470//470 499//499 469//469
f 500//500 499//499 470//470
f 471//471 500//500 470//470
f 501//501 500//500 471//471
f 472//472 501//501 471//471
f 502//502 501//501 472//472
f 473//473 502//502 472//472
f 503//503 502//502 473//473
f 474//474 503//503 473//473
f 504//504 503//503 474//474
f 475//475 504//504 474//474
f 505//505 504//504 475//475
f 476//476 505//505 475//475
f 506//506 505//505 476//476
f 477//477 506//506 476//476
f 507//507 506//506 477//477
f 478//478 507//507 477//477
f 508//508 507//507 478//478
f 479//479 508//508 478//478
f 509//509 508//508 479//479
f 480//480 509//509 479//479
f 510//510 509//509 480//480
f 451//451 510//510 480//480
f 481//481 510//510 451//451
f 482//482 511//511 481//481
f 512//512 511//511 482//482
f 483//483 512//512 482//482
f 513//513 512//512 483//483
f 484//484 513//513 483//483
f 514//514 513//513 484//484
f 485//485 514//514 484//484
f 515//515 514//514 485//485
f 486//486 515//515 485//485
f 516//516 515//515 486//486
f 487//487 516//516 486//486
f 517//517 516//516 487//487
f 488//488 517//517 487//487
f 518//518 517//517 488//488
f 489//489 518//518 488//488
f 519//519 518//518 489//489
f 490//490 519//519 489//489
f 520//520 519//519 490//490
f 491//491 520//520 490//490
f 521//521 520//520 491//491
f 492//492 521//521 491//491
f 522//522 521//521 492//492
f 493//493 522//522 492//492
f 523//523 522//522 493//493
f 494//494 523//523 493//493
f 524//524 523//523 494//494
f 495//495 524//524 494//494
f 525//525 524//524 495//495
f 496//496 525//525 495//495
f 526//526 525//525 496//496
f 497//497 526//526 496//496
f 527//527 526//526 497//497
f 498//498 527//527 497//497
f 528//528 527//527 498//498
f 499//499 528//528 498//498
f 529//529 528//528 499//499
f 500//500 529//529 499//499
f 530//530 529//529 500//500
f 501//501 530//530 500//500
f 531//531 530//530 501//501
f 502//502 531//531 501//501
f 532//532 531//531 502//502
f 503//503 532//532 502//502
f 533//533 532//532 503//503
f 504//504 533//533 503//503
f 534//534 533//533 504//504
f 505//505 534//534 504//504
f 535//535 534//534 505//505
f 506//506 535//535 505//505
f 536//536 535//535 506//506
f 507//507 536//536 506//506
f 537//537 536//536 507//507
f 508//508 537//537 507//507
f 538//538 537//537 508//508
f 509//509 538//538 508//508
f 539//539 538//538 509//509
f 510//510 539//539 509//509
f 540//540 539//539 510//510
f 481//481 540//540 510//510
f 511//511 540//540 481//481
f 512//512 541//541 511//511
f 542//542 541//541 512//512
f 513//513 542//542 512//512
f 543//543 542//542 513//513
f 514//514 543//543 513//513
f 544//544 543//543 514//514
f 515//515 544//544 514//514
f 545//545 544//544 515//515
f 516//516 545//545 515//515
f 546//546 545//545 516//516
f 517//517 546//546 516//516
f 547//547 546//546 517//517
f 518//518 547//547 517//517
f 548//548 547//547 518//518
f 519//519 548//548 518//518
f 549//549 548//548 519//519
f 520//520 549//549 519//519
f 550//550 549//549 520//520
f 521//521 550//550 520//520
f 551//551 550//550 521//521
f 522//522 551//551 521//521
f 552//552 551//551 522//522
f 523//523 552//552 522//522
f 553//553 552//552 523//523
f 524//524 553//553 523//523
f 554//554 553//553 524//524
f 525//525 554//554 524//524
f 555//555 554//554 525//525
f 526//526 555//555 525//525
f 556//556 555//555 526//526
f 527//527 556//556 526//526
f 557//557 556//556 527//527
f 528//528 557//557 527//527
f 558//558 557//557 528//528
f 529//529 558//558 528//528
f 559//559 558//558 529//529
f 530//530 559//559 529//529
f 560//560 559//559 530//530
f 531//531 560//560 530//530
f 561//561 560//560 531//531
f 532//532 561//561 531//531
f 562//562 561//561 532//532
f 533//533 562//562 532//532
f 563//563 562//562 533//533
f 534//534 563//563 533//533
f 564//564 563//563 534//534
f 535//535 564//564 534//534
f 565//565 564//564 535//535
f 536//536 565//565 535//535
f 566//566 565//565 536//536
f 537//537 566//566 536//536
f 567//567 566//566 537//537
f 538//538 567//567 537//537
f 568//568 567//567 538//538
f 539//539 568//568 538//538
f 569//569 568//568 539//539
f 540//540 569//569 539//539
f 570//570 569//569 540//540
f 511//511 570//570 540//540
f 541//541 570//570 511//511
f 542//542 571//571 541//541
f 572//572 571//571 542//542
f 543//543 572//572 542//542
f 573//573 572//572 543//543
f 544//544 573//573 543//543
f 574//574 573//573 544//544
f 545//545 574//574 544//544
f 575//575 574//574 545//545
f 546//546 575//575 545//545
f 576//576 575//575 546//546
f 547//547 576//576 546//546
f 577//577 576//576 547//547
f 548//548 577//577 547//547
f 578//578 577//577 548//548
f 549//549 578//578 548//548
f 579//579 578//578 549//549
f 550//550 579//579 549//549
f 580//580 579//579 550//550
f 551//551 580//580 550//550
f 581//581 580//580 551//551
f 552//552 581//581 551//551
f 582//582 581//581 552//552
f 553//553 582//582 552//552
f 583//583 582//582 553//553
f 554//554 583//583 553//553
f 584//584 583//583 554//554
f 555//555 584//584 554//554
f 585//585 584//584 555//555
f 556//556 585//585 555//555
f 586//586 585//585 556//556
f 557//557 586//586 556//556
f 587//587 586//586 557//557
f 558//558 587//587 557//557
f 588//588 587//587 558//558
f 559//559 588//588 558//558
f 589//589 588//588 559//559
f 560//560 589//589 559//559
f 590//590 589//589 560//560
f 561//561 590//590 560//560
f 591//591 590//590 561//561
f 562//562 591//591 561//561
f 592//592 591//591 562//562
f 563//563 592//592 562//562
f 593//593 592//592 563//563
f 564//564 593//593 563//563
f 594//594 593//593 564//564
f 565//565 594//594 564//564
f 595//595 594//594 565//565
f 566//566 595//595 565//565
f 596//596 595//595 566//566
f 567//567 596//596 566//566
f 597//597 596//596 567//567
f 568//568 597//597 567//567
f 598//598 597//597 568//568
f 569//569 598//598 568//568
f 599//599 598//598 569//569
f 570//570 599//599 569//569
f 600//600 599//599 570//570
f 541//541 600//600 570//570
f 571//571 600//600 541//541
f 572//572 601//601 571//571
f 602//602 601//601 572//572
f 573//573 602//602 572//572
f 603//603 602//602 573//573
f 574//574 603//603 573//573
f 604//604 603//603 574//574
f 575//575 604//604 574//574
f 605//605 604//604 575//575
f 576//576 605//605 575//575
f 606//606 605//605 576//576
f 577//577 606//606 576//576
f 607//607 606//606 577//577
f 578//578 607//607 577//577
f 608//608 607//607 578//578
f 579//579 608//608 578//578
f 609//609 608//608 579//579
f 580//580 609//609 579//579
f 610//610 609//609 580//580
f 581//581 610//610 580//580
f 611//611 610//610 581//581
f 582//582 611//611 581//581
f 612//612 611//611 582//582
f 583//583 612//612 582//582
f 613//613 612//612 583//583
f 584//584 613//613 583//583
f 614//614 613//613 584//584
f 585//585 614//614 584//584
f 615//615 614//614 585//585
f 586//586 615//615 585//585
f 616//616 615//615 586//586
f 587//587 616//616 586//586
f 617//617 616//616 587//587
f 588//588 617//617 587//587
f 618//618 617//617 588//588
f 589//589 618//618 588//588
f 619//619 618//618 589//589
f 590//590 619//619 589//589
f 620//620 619//619 590//590
f 591//591 620//620 590//590
f 621//621 620//620 591//591
f 592//592 621//621 591//591
f 622//622 621//621 592//592
f 593//593 622//622 592//592
f 623//623 622//622 593//593
f 594//594 623//623 593//593
f 624//624 623//623 594//594
f 595//595 624//624 594//594
f 625//625 624//624 595//595
f 596//596 625//625 595//595
f 626//626 625//625 596//596
f 597//597 626//626 596//596
f 627//627 626//626 597//597
f 598//598 627//627 597//597
f 628//628 627//627 598//598
f 599//599 628//628 598//598
f 629//629 628//628 599//599
f 600//600 629//629 599//599
f 630//630 629//629 600//600
f 571//571 630//630 600//600
f 601//601 630//630 571//571
f 661//661 632//632 631//631
f 661//661 662//662 632//632
f 662//662 633//633 632//632
f 662//662 663//663 633//633
f 663//663 634//634 633//633
f 663//663 664//664 634//634
f 664//664 635//635 634//634
f 664//664 665//665 635//635
f 665//665 636//636 635//635
f 665//665 666//666 636//636
f 666//666 637//637 636//636
f 666//666 667//667 637//637
f 667//667 638//638 637//637
f 667//667 668//668 638//638
f 668//668 639//639 638//638
f 668//668 669//669 639//639
f 669//669 640//640 639//639
f 669//669 670//670 640//640
f 670//670 641//641 640//640
f 670//670 671//671 641//641
f 671//671 642//642 641//641
f 671//671 672//672 642//642
f 672//672 643//643 642//642
f 672//672 673//673 643//643
f 673//673 644//644 643//643
f 673//673 674//674 644//644
f 674//674 645//645 644//644
f 674//674 675//675 645//645
f 675//675 646//646 645//645
f 675//675 676//676 646//646
f 676//676 647//647 646//646
f 676//676 677//677 647//647
f 677//677 648//648 647//647
f 677//677 678//678 648//648
f 678//678 649//649 648//648
f 678//678 679//679 649//649
f 679//679 650//650 649//649
f 679//679 680//680 650//650
f 680//680 651//651 650//650
f 680//680 681//681 651//651
f 681//681 652//652 651//651
f 681//681 682//682 652//652
f 682//682 653//653 652//652
f 682//682 683//683 653//653
f 683//683 654//654 653//653
f 683//683 684//684 654//654
f 684//684 655//655 654//654
f 684//684 685//685 655//655
f 685//685 656//656 655//655
f 685//685 686//686 656//656
f 686//686 657//657 656//656
f 686//686 687//687 657//657
f 687//687 658//658 657//657
f 687//687 688//688 658//658
f 688//688 659//659 658//658
f 688//688 689//689 659//659
f 689//689 660//660 659//659
f 689//689 690//690 660//660
f 690//690 631//631 660//660
f 690//690 661//661 631//631
f 691//691 662//662 661//661
f 691//691 692//692 662//662
f 692//692 663//663 662//662
f 692//692 693//693 663//663
f 693//693 664//664 663//663
f 693//693 694//694 664//664
f 694//694 665//665 664//664
f 694//694 695//695 665//665
f 695//695 666//666 665//665
f 695//695 696//696 666//666
f 696//696 667//667 666//666
f 696//696 697//697 667//667
f 697//697 668//668 667//667
f 697//697 698//698 668//668
f 698//698 669//669 668//668
f 698//698 699//699 669//669
f 699//699 670//670 669//669
f 699//699 700//700 670//670
f 700//700 671//671 670//670
f 700//700 701//701 671//671
f 701//701 672//672 671//671
f 701//701 702//702 672//672
f 702//702 673//673 672//672
f 702//702 703//703 673//673
f 703//703 674//674 673//673
f 703//703 704//704 674//674
f 704//704 675//675 674//674
f 704//704 705//705 675//675
f 705//705 676//676 675//675
f 705//705 706//706 676//676
f 706//706 677//677 676//676
f 706//706 707//707 677//677
f 707//707 678//678 677//677
f 707//707 708//708 678//678
f 708//708 679//679 678//678
f 708//708 709//709 679//679
f 709//709 680//680 679//679
f 709//709 710//710 680//680
f 710//710 681//681 680//680
f 710//710 711//711 681//681
f 711//711 682//682 681//681
f 711//711 712//712 682//682
f 712//712 683//683 682//682
f 712//712 713//713 683//683
f 713//713 684//684 683//683
f 713//713 714//714 684//684
f 714//714 685//685 684//684
f 714//714 715//715 685//685
f 715//715 686//686 685//685
f 715//715 716//716 686//686
f 716//716 687//687 686//686
f 716//716 717//717 687//687
f 717//717 688//688 687//687
f 717//717 718//718 688//688
f 718//718 689//689 688//688
f 718//718 719//719 689//689
f 719//719 690//690 689//689
f 719//719 720//720 690//690
f 720//720 661//661 690//690
f 720//720 691//691 661//661
f 721//721 692//692 691//691
f 721//721 722//722 692//692
f 722//722 693//693 692//692
f 722//722 723//723 693//693
f 723//723 694//694 693//693
f 723//723 724//724 694//694
f 724//724 695//695 694//694
f 724//724 725//725 695//695
f 725//725 696//696 695//695
f 725//725 726//726 696//696
f 726//726 697//697 696//696
f 726//726 727//727 697//697
f 727//727 698//698 697//697
f 727//727 728//728 698//698
f 728//728 699//699 698//698
f 728//728 729//729 699//699
f 729//729 700//700 699//699
f 729//729 730//730 700//700
f 730//730 701//701 700//700
f 730//730 731//731 701//701
f 731//731 702//702 701//701
f 731//731 732//732 702//702
f 732//732 703//703 702//702
f 732//732 733//733 703//703
f 733//733 704//704 703//703
f 733//733 734//734 704//704
f 734//734 705//705 704//704
f 734//734 735//735 705//705
f 735//735 706//706 705//705
f 735//735 736//736 706//706
f 736//736 707//707 706//706
f 736//736 737//737 707//707
f 737//737 708//708 707//707
f 737//737 738//738 708//708
f 738//738 709//709 708//708
f 738//738 739//739 709//709
f 739//739 710//710 709//709
f 739//739 740//740 710//710
f 740//740 711//711 710//710
f 740//740 741//741 711//711
f 741//741 712//712 711//711
f 741//741 742//742 712//712
f 742//742 713//713 712//712
f 742//742 743//743 713//713
f 743//743 714//714 713//713
f 743//743 744//744 714//714
f 744//744 715//715 714//714
f 744//744 745//745 715//715
f 745//745 716//716 715//715
f 745//745 746//746 716//716
f 746//746 717//717 716//716
f 746//746 747//747 717//717
f 747//747 718//718 717//717
f 747//747 748//748 718//718
f 748//748 719//719 718//718
f 748//748 749//749 719//719
f 749//749 720//720 719//719
f 749//749 750//750 720//720
f 750//750 691//691 720//720
f 750//750 721//721 691//691
f 751//751 722//722 721//721
f 751//751 752//752 722//722
f 752//752 723//723 722//722
f 752//752 753//753 723//723
f 753//753 724//724 723//723
f 753//753 754//754 724//724
f 754//754 725//725 724//724
f 754//754 755//755 725//725
f 755//755 726//726 725//725
f 755//755 756//756 726//726
f 756//756 727//727 726//726
f 756//756 757//757 727//727
f 757//757 728//728 727//727
f 757//757 758//758 728//728
f 758//758 729//729 728//728
f 758//758 759//759 729//729
f 759//759 730//730 729//729
f 759//759 760//760 730//730
f 760//760 731//731 730//730
f 760//760 761//761 731//731
f 761//761 732//732 731//731
f 761//761 762//762 732//732
f 762//762 733//733 732//732
f 762//762 763//763 733//733
f 763//763 734//734 733//733
f 763//763 764//764 734//734
f 764//764 735//735 734//734
f 764//764 765//765 735//735
f 765//765 736//736 735//735
f 765//765 766//766 736//736
f 766//766 737//737 736//736
f 766//766 767//767 737//737
f 767//767 738//738 737//737
f 767//767 768//768 738//738
f 768//768 739//739 738//738
f 768//768 769//769 739//739
f 769//769 740//740 739//739
f 769//769 770//770 740//740
f 770//770 741//741 740//740
f 770//770 771//771 741//741
f 771//771 742//742 741//741
f 771//771 772//772 742//742
f 772//772 743//743 742//742
f 772//772 773//773 743//743
f 773//773 744//744 743//743
f 773//773 774//774 744//744
f 774//774 745//745 744//744
f 774//774 775//775 745//745
f 775//775 746//746 745//745
f 775//775 776//776 746//746
f 776//776 747//747 746//746
f 776//776 777//777 747//747
f 777//777 748//748 747//747
f 777//777 778//778 748//748
f 778//778 749//749 748//748
f 778//778 779//779 749//749
f 779//779 750//750 749//749
f 779//779 780//780 750//750
f 780//780 721//721 750//750
f 780//780 751//751 721//721
f 781//781 752//752 751//751
f 781//781 782//782 752//752
f 782//782 753//753 752//752
f 782//782 783//783 753//753
f 783//783 754//754 753//753
f 783//783 784//784 754//754
f 784//784 755//755 754//754
f 784//784 785//785 755//755
f 785//785 756//756 755//755
f 785//785 786//786 756//756
f 786//786 757//757 756//756
f 786//786 787//787 757//757
f 787//787 758//758 757//757
f 787//787 788//788 758//758
f 788//788 759//759 758//758
f 788//788 789//789 759//759
f 789//789 760//760 759//759
f 789//789 790//790 760//760
f 790//790 761//761 760//760
f 790//790 791//791 761//761
f 791//791 762//762 761//761
f 791//791 792//792 762//762
f 792//792 763//763 762//762
f 792//792 793//793 763//763
f 793//793 764//764 763//763
f 793//793 794//794 764//764
f 794//794 765//765 764//764
f 794//794 795//795 765//765
f 795//795 766//766 765//765
f 795//795 796//796 766//766
f 796//796 767//767 766//766
f 796//796 797//797 767//767
f 797//797 768//768 767//767
f 797//797 798//798 768//768
f 798//798 769//769 768//768
f 798//798 799//799 769//769
f 799//799 770//770 769//769
f 799//799 800//800 770//770
f 800//800 771//771 770//770
f 800//800 801//801 771//771
f 801//801 772//772 771//771
f 801//801 802//802 772//772
f 802//802 773//773 772//772
f 802//802 803//803 773//773
f 803//803 774//774 773//773
f 803//803 804//804 774//774
f 804//804 775//775 774//774
f 804//804 805//805 775//775
f 805//805 776//776 775//775
f 805//805 806//806 776//776
f 806//806 777//777 776//776
f 806//806 807//807 777//777
f 807//807 778//778 777//777
f 807//807 808//808 778//778
f 808//808 779//779 778//778
f 808//808 809//809 779//779
f 809//809 780//780 779//779
f 809//809 810//810 780//780
f 810//810 751//751 780//780
f 810//810 781//781 751//751
f 811//811 782//782 781//781
f 811//811 812//812 782//782
f 812//812 783//783 782//782
f 812//812 813//813 783//783
f 813//813 784//784 783//783
f 813//813 814//814 784//784
f 814//814 785//785 784//784
f 814//814 815//815 785//785
f 815//815 786//786 785//785
f 815//815 816//816 786//786
f 816//816 787//787 786//786
f 816//816 817//817 787//787
f 817//817 788//788 787//787
f 817//817 818//818 788//788
f 818//818 789//789 788//788
f 818//818 819//819 789//789
f 819//819 790//790 789//789
f 819//819 820//820 790//790
f 820//820 791//791 790//790
f 820//820 821//821 791//791
f 821//821 792//792 791//791
f 821//821 822//822 792//792
f 822//822 793//793 792//792
f 822//822 823//823 793//793
f 823//823 794//794 793//793
f 823//823 824//824 794//794
f 824//824 795//795 794//794
f 824//824 825//825 795//795
f 825//825 796//796 795//795
f 825//825 826//826 796//796
f 826//826 797//797 796//796
f 826//826 827//827 797//797
f 827//827 798//798 797//797
f 827//827 828//828 798//798
f 828//828 799//799 798//798
f 828//828 829//829 799//799
f 829//829 800//800 799//799
f 829//829 830//830 800//800
f 830//830 801//801 800//800
f 830//830 831//831 801//801
f 831//831 802//802 801//801
f 831//831 832//832 802//802
f 832//832 803//803 802//802
f 832//832 833//833 803//803
f 833//833 804//804 803//803
f 833//833 834//834 804//804
f 834//834 805//805 804//804
f 834//834 835//835 805//805
f 835//835 806//806 805//805
f 835//835 836//836 806//806
f 836//836 807//807 806//806
f 836//836 837//837 807//807
f 837//837 808//808 807//807
f 837//837 838//838 808//808
f 838//838 809//809 808//808
f 838//838 839//839 809//809
f 839//839 810//810 809//809
f 839//839 840//840 810//810
f 840//840 781//781 810//810
f 840//840 811//811 781//781
f 841//841 812//812 811//811
f 841//841 842//842 812//812
f 842//842 813//813 812//812
f 842//842 843//843 813//813
f 843//843 814//814 813//813
f 843//843 844//844 814//814
f 844//844 815//815 814//814
f 844//844 845//845 815//815
f 845//845 816//816 815//815
f 845//845 846//846 816//816
f 846//846 817//817 816//816
f 846//846 847//847 817//817
f 847//847 818//818 817//817
f 847//847 848//848 818//818
f 848//848 819//819 818//818
f 848//848 849//849 819//819
f 849//849 820//820 819//819
f 849//849 850//850 820//820
f 850//850 821//821 820//820
f 850//850 851//851 821//821
f 851//851 822//822 821//821
f 851//851 852//852 822//822
f 852//852 823//823 822//822
f 852//852 853//853 823//823
f 853//853 824//824 823//823
f 853//853 854//854 824//824
f 854//854 825//825 824//824
f 854//854 855//855 825//825
f 855//855 826//826 825//825
f 855//855 856//856 826//826
f 856//856 827//827 826//826
f 856//856 857//857 827//827
f 857//857 828//828 827//827
f 857//857 858//858 828//828
f 858//858 829//829 828//828
f 858//858 859//859 829//829
f 859//859 830//830 829//829
f 859//859 860//860 830//830
f 860//860 831//831 830//830
f 860//860 861//861 831//831
f 861//861 832//832 831//831
f 861//861 862//862 832//832
f 862//862 833//833 832//832
f 862//862 863//863 833//833
f 863//863 834//834 833//833
f 863//863 864//864 834//834
f 864//864 835//835 834//834
f 864//864 865//865 835//835
f 865//865 836//836 835//835
f 865//865 866//866 836//836
f 866//866 837//837 836//836
f 866//866 867//867 837//837
f 867//867 838//838 837//837
f 867//867 868//868 838//838
f 868//868 839//839 838//838
f 868//868 869//869 839//839
f 869//869 840//840 839//839
f 869//869 870//870 840//840
f 870//870 811//811 840//840
f 870//870 841//841 811//811
f 871//871 842//842 841//841
f 871//871 872//872 842//842
f 872//872 843//843 842//842
f 872//872 873//873 843//843
f 873//873 844//844 843//843
f 873//873 874//874 844//844
f 874//874 845//845 844//844
f 874//874 875//875 845//845
f 875//875 846//846 845//845
f 875//875 876//876 846//846
f 876//876 847//847 846//846
f 876//876 877//877 847//847
f 877//877 848//848 847//847
f 877//877 878//878 848//848
f 878//878 849//849 848//848
f 878//878 879//879 849//849
f 879//879 850//850 849//849
f 879//879 880//880 850//850
f 880//880 851//851 850//850
f 880//880 881//881 851//851
f 881//881 852//852 851//851
f 881//881 882//882 852//852
f 882//882 853//853 852//852
f 882//882 883//883 853//853
f 883//883 854//854 853//853
f 883//883 884//884 854//854
f 884//884 855//855 854//854
f 884//884 885//885 855//855
f 885//885 856//856 855//855
f 885//885 886//886 856//856
f 886//886 857//857 856//856
f 886//886 887//887 857//857
f 887//887 858//858 857//857
f 887//887 888//888 858//858
f 888//888 859//859 858//858
f 888//888 889//889 859//859
f 889//889 860//860 859//859
f 889//889 890//890 860//860
f 890//890 861//861 860//860
f 890//890 891//891 861//861
f 891//891 862//862 861//861
f 891//891 892//892 862//862
f 892//892 863//863 862//862
f 892//892 893//893 863//863
f 893//893 864//864 863//863
f 893//893 894//894 864//864
f 894//894 865//865 864//864
f 894//894 895//895 865//865
f 895//895 866//866 865//865
f 895//895 896//896 866//866
f 896//896 867//867 866//866
f 896//896 897//897 867//867
f 897//897 868//868 867//867
f 897//897 898//898 868//868
f 898//898 869//869 868//868
f 898//898 899//899 869//869
f 899//899 870//870 869//869
f 899//899 900//900 870//870
f 900//900 841//841 870//870
f 900//900 871//871 841//841
f 901//901 872//872 871//871
f 901//901 902//902 872//872
f 902//902 873//873 872//872
f 902//902 903//903 873//873
f 903//903 874//874 873//873
f 903//903 904//904 874//874
f 904//904 875//875 874//874
f 904//904 905//905 875//875
f 905//905 876//876 875//875
f 905//905 906//906 876//876
f 906//906 877//877 876//876
f 906//906 907//907 877//877
f 907//907 878//878 877//877
f 907//907 908//908 878//878
f 908//908 879//879 878//878
f 908//908 909//909 879//879
f 909//909 880//880 879//879
f 909//909 910//910 880//880
f 910//910 881//881 880//880
f 910//910 911//911 881//881
f 911//911 882//882 881//881
f 911//911 912//912 882//882
f 912//912 883//883 882//882
f 912//912 913//913 883//883
f 913//913 884//884 883//883
f 913//913 914//914 884//884
f 914//914 885//885 884//884
f 914//914 915//915 885//885
f 915//915 886//886 885//885
f 915//915 916//916 886//886
f 916//916 887//887 886//886
f 916//916 917//917 887//887
f 917//917 888//888 887//887
f 917//917 918//918 888//888
f 918//918 889//889 888//888
f 918//918 919//919 889//889
f 919//919 890//890 889//889
f 919//919 920//920 890//890
f 920//920 891//891 890//890
f 920//920 921//921 891//891
f 921//921 892//892 891//891
f 921//921 922//922 892//892
f 922//922 893//893 892//892
f 922//922 923//923 893//893
f 923//923 894//894 893//893
f 923//923 924//924 894//894
f 924//924 895//895 894//894
f 924//924 925//925 895//895
f 925//925 896//896 895//895
f 925//925 926//926 896//896
f 926//926 897//897 896//896
f 926//926 927//927 897//897
f 927//927 898//898 897//897
f 927//927 928//928 898//898
f 928//928 899//899 898//898
f 928//928 929//929 899//899
f 929//929 900//900 899//899
f 929//929 930//930 900//900
f 930//930 871//871 900//900
f 930//930 901//901 871//871
f 931//931 902//902 901//901
f 931//931 932//932 902//902
f 932//932 903//903 902//902
f 932//932 933//933 903//903
f 933//933 904//904 903//903
f 933//933 934//934 904//904
f 934//934 905//905 904//904
f 934//934 935//935 905//905
f 935//935 906//906 905//905
f 935//935 936//936 906//906
f 936//936 907//907 906//906
f 936//936 937//937 907//907
f 937//937 908//908 907//907
f 937//937 938//938 908//908
f 938//938 909//909 908//908
f 938//938 939//939 909//909
f 939//939 910//910 909//909
f 939//939 940//940 910//910
f 940//940 911//911 910//910
f 940//940 941//941 911//911
f 941//941 912//912 911//911
f 941//941 942//942 912//912
f 942//942 913//913 912//912
f 942//942 943//943 913//913
f 943//943 914//914 913//913
f 943//943 944//944 914//914
f 944//944 915//915 914//914
f 944//944 945//945 915//915
f 945//945 916//916 915//915
f 945//945 946//946 916//916
f 946//946 917//917 916//916
f 946//946 947//947 917//917
f 947//947 918//918 917//917
f 947//947 948//948 918//918
f 948//948 919//919 918//918
f 948//948 949//949 919//919
f 949//949 920//920 919//919
f 949//949 950//950 920//920
f 950//950 921//921 920//920
f 950//950 951//951 921//921
f 951//951 922//922 921//921
f 951//951 952//952 922//922
f 952//952 923//923 922//922
f 952//952 953//953 923//923
f 953//953 924//924 923//923
f 953//953 954//954 924//924
f 954//954 925//925 924//924
f 954//954 955//955 925//925
f 955//955 926//926 925//925
f 955//955 956//956 926//926
f 956//956 927//927 926//926
f 956//956 957//957 927//927
f 957//957 928//928 927//927
f 957//957 958//958 928//928
f 958//958 929//929 928//928
f 958//958 959//959 929//929
f 959//959 930//930 929//929
f 959//959 960//960 930//930
f 960//960 901//901 930//930
f 960//960 931//931 901//901
f 961//961 932//932 931//931
f 961//961 962//962 932//932
f 962//962 933//933 932//932
f 962//962 963//963 933//933
f 963//963 934//934 933//933
f 963//963 964//964 934//934
f 964//964 935//935 934//934
f 964//964 965//965 935//935
f 965//965 936//936 935//935
f 965//965 966//966 936//936
f 966//966 937//937 936//936
f 966//966 967//967 937//937
f 967//967 938//938 937//937
f 967//967 968//968 938//938
f 968//968 939//939 938//938
f 968//968 969//969 939//939
f 969//969 940//940 939//939
f 969//969 970//970 940//940
f 970//970 941//941 940//940
f 970//970 971//971 941//941
f 971//971 942//942 941//941
f 971//971 972//972 942//942
f 972//972 943//943 942//942
f 972//972 973//973 943//943
f 973//973 944//944 943//943
f 973//973 974//974 944//944
f 974//974 945//945 944//944
f 974//974 975//975 945//945
f 975//975 946//946 945//945
f 975//975 976//976 946//946
f 976//976 947//947 946//946
f 976//976 977//977 947//947
f 977//977 948//948 947//947
f 977//977 978//978 948//948
f 978//978 949//949 948//948
f 978//978 979//979 949//949
f 979//979 950//950 949//949
f 979//979 980//980 950//950
f 980//980 951//951 950//950
f 980//980 981//981 951//951
f 981//981 952//952 951//951
f 981//981 982//982 952//952
f 982//982 953//953 952//952
f 982//982 983//983 953//953
f 983//983 954//954 953//953
f 983//983 984//984 954//954
f 984//984 955//955 954//954
f 984//984 985//985 955//955
f 985//985 956//956 955//955
f 985//985 986//986 956//956
f 986//986 957//957 956//956
f 986//986 987//987 957//957
f 987//987 958//958 957//957
f 987//987 988//988 958//958
f 988//988 959//959 958//958
f 988//988 989//989 959//959
f 989//989 960//960 959//959
f 989//989 990//990 960//960
f 990//990 931//931 960//960
f 990//990 961//961 931//931
f 991//991 962//962 961//961
f 991//991 992//992 962//962
f 992//992 963//963 962//962
f 992//992 993//993 963//963
f 993//993 964//964 963//963
f 993//993 994//994 964//964
f 994//994 965//965 964//964
f 994//994 995//995 965//965
f 995//995 966//966 965//965
f 995//995 996//996 966//966
f 996//996 967//967 966//966
f 996//996 997//997 967//967
f 997//997 968//968 967//967
f 997//997 998//998 968//968
f 998//998 969//969 968//968
f 998//998 999//999 969//969
f 999//999 970//970 969//969
f 999//999 1000//1000 970//970
f 1000//1000 971//971 970//970
f 1000//1000 1001//1001 971//971
f 1001//1001 972//972 971//971
f 1001//1001 1002//1002 972//972
f 1002//1002 973//973 972//972
f 1002//1002 1003//1003 973//973
f 1003//1003 974//974 973//973
f 1003//1003 1004//1004 974//974
f 1004//1004 975//975 974//974
f 1004//1004 1005//1005 975//975
f 1005//1005 976//976 975//975
f 1005//1005 1006//1006 976//976
f 1006//1006 977//977 976//976
f 1006//1006 1007//1007 977//977
f 1007//1007 978//978 977//977
f 1007//1007 1008//1008 978//978
f 1008//1008 979//979 978//978
f 1008//1008 1009//1009 979//979
f 1009//1009 980//980 979//979
f 1009//1009 1010//1010 980//980
f 1010//1010 981//981 980//980
f 1010//1010 1011//1011 981//981
f 1011//1011 982//982 981//981
f 1011//1011 1012//1012 982//982
f 1012//1012 983//983 982//982
f 1012//1012 1013//1013 983//983
f 1013//1013 984//984 983//983
f 1013//1013 1014//1014 984//984
f 1014//1014 985//985 984//984
f 1014//1014 1015//1015 985//985
f 1015//1015 986//986 985//985
f 1015//1015 1016//1016 986//986
f 1016//1016 987//987 986//986
f 1016//1016 1017//1017 987//987
f 1017//1017 988//988 987//987
f 1017//1017 1018//1018 988//988
f 1018//1018 989//989 988//988
f 1018//1018 1019//1019 989//989
f 1019//1019 990//990 989//989
f 1019//1019 1020//1020 990//990
f 1020//1020 961//961 990//990
f 1020//1020 991//991 961//961
f 1021//1021 992//992 991//991
f 1021//1021 1022//1022 992//992
f 1022//1022 993//993 992//992
f 1022//1022 1023//1023 993//993
f 1023//1023 994//994 993//993
f 1023//1023 1024//1024 994//994
f 1024//1024 995//995 994//994
f 1024//1024 1025//1025 995//995
f 1025//1025 996//996 995//995
f 1025//1025 1026//1026 996//996
f 1026//1026 997//997 996//996
f 1026//1026 1027//1027 997//997
f 1027//1027 998//998 997//997
f 1027//1027 1028//1028 998//998
f 1028//1028 999//999 998//998
f 1028//1028 1029//1029 999//999
f 1029//1029 1000//1000 999//999
f 1029//1029 1030//1030 1000//1000
f 1030//1030 1001//1001 1000//1000
f 1030//1030 1031//1031 1001//1001
f 1031//1031 1002//1002 1001//1001
f 1031//1031 1032//1032 1002//1002
f 1032//1032 1003//1003 1002//1002
f 1032//1032 1033//1033 1003//1003
f 1033//1033 1004//1004 1003//1003
f 1033//1033 1034//1034 1004//1004
f 1034//1034 1005//1005 1004//1004
f 1034//1034 1035//1035 1005//1005
f 1035//1035 1006//1006 1005//1005
f 1035//1035 1036//1036 1006//1006
f 1036//1036 1007//1007 1006//1006
f 1036//1036 1037//1037 1007//1007
f 1037//1037 1008//1008 1007//1007
f 1037//1037 1038//1038 1008//1008
f 1038//1038 1009//1009 1008//1008
f 1038//1038 1039//1039 1009//1009
f 1039//1039 1010//1010 1009//1009
f 1039//1039 1040//1040 1010//1010
f 1040//1040 1011//1011 1010//1010
f 1040//1040 1041//1041 1011//1011
f 1041//1041 1012//1012 1011//1011
f 1041//1041 1042//1042 1012//1012
f 1042//1042 1013//1013 1012//1012
f 1042//1042 1043//1043 1013//1013
f 1043//1043 1014//1014 1013//1013
f 1043//1043 1044//1044 1014//1014
f 1044//1044 1015//1015 1014//1014
f 1044//1044 1045//1045 1015//1015
f 1045//1045 1016//1016 1015//1015
f 1045//1045 1046//1046 1016//1016
f 1046//1046 1017//1017 1016//1016
f 1046//1046 1047//1047 1017//1017
f 1047//1047 1018//1018 1017//1017
f 1047//1047 1048//1048 1018//1018
f 1048//1048 1019//1019 1018//1018
f 1048//1048 1049//1049 1019//1019
f 1049//1049 1020//1020 1019//1019
f 1049//1049 1050//1050 1020//1020
f 1050//1050 991//991 1020//1020
f 1050//1050 1021//1021 991//991
f 1051//1051 1022//1022 1021//1021
f 1051//1051 1052//1052 1022//1022
f 1052//1052 1023//1023 1022//1022
f 1052//1052 1053//1053 1023//1023
f 1053//1053 1024//1024 1023//1023
f 1053//1053 1054//1054 1024//1024
f 1054//1054 1025//1025 1024//1024
f 1054//1054 1055//1055 1025//1025
f 1055//1055 1026//1026 1025//1025
f 1055//1055 1056//1056 1026//1026
f 1056//1056 1027//1027 1026//1026
f 1056//1056 1057//1057 1027//1027
f 1057//1057 1028//1028 1027//1027
f 1057//1057 1058//1058 1028//1028
f 1058//1058 1029//1029 1028//1028
f 1058//1058 1059//1059 1029//1029
f 1059//1059 1030//1030 1029//1029
f 1059//1059 1060//1060 1030//1030
f 1060//1060 1031//1031 1030//1030
f 1060//1060 1061//1061 1031//1031
f 1061//1061 1032//1032 1031//1031
f 1061//1061 1062//1062 1032//1032
f 1062//1062 1033//1033 1032//1032
f 1062//1062 1063//1063 1033//1033
f 1063//1063 1034//1034 1033//1033
f 1063//1063 1064//1064 1034//1034
f 1064//1064 1035//1035 1034//1034
f 1064//1064 1065//1065 1035//1035
f 1065//1065 1036//1036 1035//1035
f 1065//1065 1066//1066 1036//1036
f 1066//1066 1037//1037 1036//1036
f 1066//1066 1067//1067 1037//1037
f 1067//1067 1038//1038 1037//1037
f 1067//1067 1068//1068 1038//1038
f 1068//1068 1039//1039 1038//1038
f 1068//1068 1069//1069 1039//1039
f 1069//1069 1040//1040 1039//1039
f 1069//1069 1070//1070 1040//1040
f 1070//1070 1041//1041 1040//1040
f 1070//1070 1071//1071 1041//1041
f 1071//1071 1042//1042 1041//1041
f 1071//1071 1072//1072 1042//1042
f 1072//1072 1043//1043 1042//1042
f 1072//1072 1073//1073 1043//1043
f 1073//1073 1044//1044 1043//1043
f 1073//1073 1074//1074 1044//1044
f 1074//1074 1045//1045 1044//1044
f 1074//1074 1075//1075 1045//1045
f 1075//1075 1046//1046 1045//1045
f 1075//1075 1076//1076 1046//1046
f 1076//1076 1047//1047 1046//1046
f 1076//1076 1077//1077 1047//1047
f 1077//1077 1048//1048 1047//1047
f 1077//1077 1078//1078 1048//1048
f 1078//1078 1049//1049 1048//1048
f 1078//1078 1079//1079 1049//1049
f 1079//1079 1050//1050 1049//1049
f 1079//1079 1080//1080 1050//1050
f 1080//1080 1021//1021 1050//1050
f 1080//1080 1051//1051 1021//1021
f 1081//1081 1052//1052 1051//1051
f 1081//1081 1082//1082 1052//1052
f 1082//1082 1053//1053 1052//1052
f 1082//1082 1083//1083 1053//1053
f 1083//1083 1054//1054 1053//1053
f 1083//1083 1084//1084 1054//1054
f 1084//1084 1055//1055 1054//1054
f 1084//1084 1085//1085 1055//1055
f 1085//1085 1056//1056 1055//1055
f 1085//1085 1086//1086 1056//1056
f 1086//1086 1057//1057 1056//1056
f 1086//1086 1087//1087 1057//1057
f 1087//1087 1058//1058 1057//1057
f 1087//1087 1088//1088 1058//1058
f 1088//1088 1059//1059 1058//1058
f 1088//1088 1089//1089 1059//1059
f 1089//1089 1060//1060 1059//1059
f 1089//1089 1090//1090 1060//1060
f 1090//1090 1061//1061 1060//1060
f 1090//1090 1091//1091 1061//1061
f 1091//1091 1062//1062 1061//1061
f 1091//1091 1092//1092 1062//1062
f 1092//1092 1063//1063 1062//1062
f 1092//1092 1093//1093 1063//1063
f 1093//1093 1064//1064 1063//1063
f 1093//1093 1094//1094 1064//1064
f 1094//1094 1065//1065 1064//1064
f 1094//1094 1095//1095 1065//1065
f 1095//1095 1066//1066 1065//1065
f 1095//1095 1096//1096 1066//1066
f 1096//1096 1067//1067 1066//1066
f 1096//1096 1097//1097 1067//1067
f 1097//1097 1068//1068 1067//1067
f 1097//1097 1098//1098 1068//1068
f 1098//1098 1069//1069 1068//1068
f 1098//1098 1099//1099 1069//1069
f 1099//1099 1070//1070 1069//1069
f 1099//1099 1100//1100 1070//1070
f 1100//1100 1071//1071 1070//1070
f 1100//1100 1101//1101 1071//1071
f 1101//1101 1072//1072 1071//1071
f 1101//1101 1102//1102 1072//1072
f 1102//1102 1073//1073 1072//1072
f 1102//1102 1103//1103 1073//1073
f 1103//1103 1074//1074 1073//1073
f 1103//1103 1104//1104 1074//1074
f 1104//1104 1075//1075 1074//1074
f 1104//1104 1105//1105 1075//1075
f 1105//1105 1076//1076 1075//1075
f 1105//1105 1106//1106 1076//1076
f 1106//1106 1077//1077 1076//1076
f 1106//1106 1107//1107 1077//1077
f 1107//1107 1078//1078 1077//1077
f 1107//1107 1108//1108 1078//1078
f 1108//1108 1079//1079 1078//1078
f 1108//1108 1109//1109 1079//1079
f 1109//1109 1080//1080 1079//1079
f 1109//1109 1110//1110 1080//1080
f 1110//1110 1051//1051 1080//1080
f 1110//1110 1081//1081 1051//1051
f 1111//1111 1082//1082 1081//1081
f 1111//1111 1112//1112 1082//1082
f 1112//1112 1083//1083 1082//1082
f 1112//1112 1113//1113 1083//1083
f 1113//1113 1084//1084 1083//1083
f 1113//1113 1114//1114 1084//1084
f 1114//1114 1085//1085 1084//1084
f 1114//1114 1115//1115 1085//1085
f 1115//1115 1086//1086 1085//1085
f 1115//1115 1116//1116 1086//1086
f 1116//1116 1087//1087 1086//1086
f 1116//1116 1117//1117 1087//1087
f 1117//1117 1088//1088 1087//1087
f 1117//1117 1118//1118 1088//1088
f 1118//1118 1089//1089 1088//1088
f 1118//1118 1119//1119 1089//1089
f 1119//1119 1090//1090 1089//1089
f 1119//1119 1120//1120 1090//1090
f 1120//1120 1091//1091 1090//1090
f 1120//1120 1121//1121 1091//1091
f 1121//1121 1092//1092 1091//1091
f 1121//1121 1122//1122 1092//1092
f 1122//1122 1093//1093 1092//1092
f 1122//1122 1123//1123 1093//1093
f 1123//1123 1094//1094 1093//1093
f 1123//1123 1124//1124 1094//1094
f 1124//1124 1095//1095 1094//1094
f 1124//1124 1125//1125 1095//1095
f 1125//1125 1096//1096 1095//1095
f 1125//1125 1126//1126 1096//1096
f 1126//1126 1097//1097 1096//1096
f 1126//1126 1127//1127 1097//1097
f 1127//1127 1098//1098 1097//1097
f 1127//1127 1128//1128 1098//1098
f 1128//1128 1099//1099 1098//1098
f 1128//1128 1129//1129 1099//1099
f 1129//1129 1100//1100 1099//1099
f 1129//1129 1130//1130 1100//1100
f 1130//1130 1101//1101 1100//1100
f 1130//1130 1131//1131 1101//1101
f 1131//1131 1102//1102 1101//1101
f 1131//1131 1132//1132 1102//1102
f 1132//1132 1103//1103 1102//1102
f 1132//1132 1133//1133 1103//1103
f 1133//1133 1104//1104 1103//1103
f 1133//1133 1134//1134 1104//1104
f 1134//1134 1105//1105 1104//1104
f 1134//1134 1135//1135 1105//1105
f 1135//1135 1106//1106 1105//1105
f 1135//1135 1136//1136 1106//1106
f 1136//1136 1107//1107 1106//1106
f 1136//1136 1137//1137 1107//1107
f 1137//1137 1108//1108 1107//1107
f 1137//1137 1138//1138 1108//1108
f 1138//1138 1109//1109 1108//1108
f 1138//1138 1139//1139 1109//1109
f 1139//1139 1110//1110 1109//1109
f 1139//1139 1140//1140 1110//1110
f 1140//1140 1081//1081 1110//1110
f 1140//1140 1111//1111 1081//1081
f 1141//1141 1112//1112 1111//1111
f 1141//1141 1142//1142 1112//1112
f 1142//1142 1113//1113 1112//1112
f 1142//1142 1143//1143 1113//1113
f 1143//1143 1114//1114 1113//1113
f 1143//1143 1144//1144 1114//1114
f 1144//1144 1115//1115 1114//1114
f 1144//1144 1145//1145 1115//1115
f 1145//1145 1116//1116 1115//1115
f 1145//1145 1146//1146 1116//1116
f 1146//1146 1117//1117 1116//1116
f 1146//1146 1147//1147 1117//1117
f 1147//1147 1118//1118 1117//1117
f 1147//1147 1148//1148 1118//1118
f 1148//1148 1119//1119 1118//1118
f 1148//1148 1149//1149 1119//1119
f 1149//1149 1120//1120 1119//1119
f 1149//1149 1150//1150 1120//1120
f 1150//1150 1121//1121 1120//1120
f 1150//1150 1151//1151 1121//1121
f 1151//1151 1122//1122 1121//1121
f 1151//1151 1152//1152 1122//1122
f 1152//1152 1123//1123 1122//1122
f 1152//1152 1153//1153 1123//1123
f 1153//1153 1124//1124 1123//1123
f 1153//1153 1154//1154 1124//1124
f 1154//1154 1125//1125 1124//1124
f 1154//1154 1155//1155 1125//1125
f 1155//1155 1126//1126 1125//1125
f 1155//1155 1156//1156 1126//1126
f 1156//1156 1127//1127 1126//1126
f 1156//1156 1157//1157 1127//1127
f 1157//1157 1128//1128 1127//1127
f 1157//1157 1158//1158 1128//1128
f 1158//1158 1129//1129 1128//1128
f 1158//1158 1159//1159 1129//1129
f 1159//1159 1130//1130 1129//1129
f 1159//1159 1160//1160 1130//1130
f 1160//1160 1131//1131 1130//1130
f 1160//1160 1161//1161 1131//1131
f 1161//1161 1132//1132 1131//1131
f 1161//1161 1162//1162 1132//1132
f 1162//1162 1133//1133 1132//1132
f 1162//1162 1163//1163 1133//1133
f 1163//1163 1134//1134 1133//1133
f 1163//1163 1164//1164 1134//1134
f 1164//1164 1135//1135 1134//1134
f 1164//1164 1165//1165 1135//1135
f 1165//1165 1136//1136 1135//1135
f 1165//1165 1166//1166 1136//1136
f 1166//1166 1137//1137 1136//1136
f 1166//1166 1167//1167 1137//1137
f 1167//1167 1138//1138 1137//1137
f 1167//1167 1168//1168 1138//1138
f 1168//1168 1139//1139 1138//1138
f 1168//1168 1169//1169 1139//1139
f 1169//1169 1140//1140 1139//1139
f 1169//1169 1170//1170 1140//1140
f 1170//1170 1111//1111 1140//1140
f 1170//1170 1141//1141 1111//1111
f 1171//1171 1142//1142 1141//1141
f 1171//1171 1172//1172 1142//1142
f 1172//1172 1143//1143 1142//1142
f 1172//1172 1173//1173 1143//1143
f 1173//1173 1144//1144 1143//1143
f 1173//1173 1174//1174 1144//1144
f 1174//1174 1145//1145 1144//1144
f 1174//1174 1175//1175 1145//1145
f 1175//1175 1146//1146 1145//1145
f 1175//1175 1176//1176 1146//1146
f 1176//1176 1147//1147 1146//1146
f 1176//1176 1177//1177 1147//1147
f 1177//1177 1148//1148 1147//1147
f 1177//1177 1178//1178 1148//1148
f 1178//1178 1149//1149 1148//1148
f 1178//1178 1179//1179 1149//1149
f 1179//1179 1150//1150 1149//1149
f 1179//1179 1180//1180 1150//1150
f 1180//1180 1151//1151 1150//1150
f 1180//1180 1181//1181 1151//1151
f 1181//1181 1152//1152 1151//1151
f 1181//1181 1182//1182 1152//1152
f 1182//1182 1153//1153 1152//1152
f 1182//1182 1183//1183 1153//1153
f 1183//1183 1154//1154 1153//1153
f 1183//1183 1184//1184 1154//1154
f 1184//1184 1155//1155 1154//1154
f 1184//1184 1185//1185 1155//1155
f 1185//1185 1156//1156 1155//1155
f 1185//1185 1186//1186 1156//1156
f 1186//1186 1157//1157 1156//1156
f 1186//1186 1187//1187 1157//1157
f 1187//1187 1158//1158 1157//1157
f 1187//1187 1188//1188 1158//1158
f 1188//1188 1159//1159 1158//1158
f 1188//1188 1189//1189 1159//1159
f 1189//1189 1160//1160 1159//1159
f 1189//1189 1190//1190 1160//1160
f 1190//1190 1161//1161 1160//1160
f 1190//1190 1191//1191 1161//1161
f 1191//1191 1162//1162 1161//1161
f 1191//1191 1192//1192 1162//1162
f 1192//1192 1163//1163 1162//1162
f 1192//1192 1193//1193 1163//1163
f 1193//1193 1164//1164 1163//1163
f 1193//1193 1194//1194 1164//1164
f 1194//1194 1165//1165 1164//1164
f 1194//1194 1195//1195 1165//1165
f 1195//1195 1166//1166 1165//1165
f 1195//1195 1196//1196 1166//1166
f 1196//1196 1167//1167 1166//1166
f 1196//1196 1197//1197 1167//1167
f 1197//1197 1168//1168 1167//1167
f 1197//1197 1198//1198 1168//1168
f 1198//1198 1169//1169 1168//1168
f 1198//1198 1199//1199 1169//1169
f 1199//1199 1170//1170 1169//1169
f 1199//1199 1200//1200 1170//1170
f 1200//1200 1141//1141 1170//1170
f 1200//1200 1171//1171 1141//1141
f 1201//1201 1172//1172 1171//1171
f 1201//1201 1202//1202 1172//1172
f 1202//1202 1173//1173 1172//1172
f 1202//1202 1203//1203 1173//1173
f 1203//1203 1174//1174 1173//1173
f 1203//1203 1204//1204 1174//1174
f 1204//1204 1175//1175 1174//1174
f 1204//1204 1205//1205 1175//1175
f 1205//1205 1176//1176 1175//1175
f 1205//1205 1206//1206 1176//1176
f 1206//1206 1177//1177 1176//1176
f 1206//1206 1207//1207 1177//1177
f 1207//1207 1178//1178 1177//1177
f 1207//1207 1208//1208 1178//1178
f 1208//1208 1179//1179 1178//1178
f 1208//1208 1209//1209 1179//1179
f 1209//1209 1180//1180 1179//1179
f 1209//1209 1210//1210 1180//1180
f 1210//1210 1181//1181 1180//1180
f 1210//1210 1211//1211 1181//1181
f 1211//1211 1182//1182 1181//1181
f 1211//1211 1212//1212 1182//1182
f 1212//1212 1183//1183 1182//1182
f 1212//1212 1213//1213 1183//1183
f 1213//1213 1184//1184 1183//1183
f 1213//1213 1214//1214 1184//1184
f 1214//1214 1185//1185 1184//1184
f 1214//1214 1215//1215 1185//1185
f 1215//1215 1186//1186 1185//1185
f 1215//1215 1216//1216 1186//1186
f 1216//1216 1187//1187 1186//1186
f 1216//1216 1217//1217 1187//1187
f 1217//1217 1188//1188 1187//1187
f 1217//1217 1218//1218 1188//1188
f 1218//1218 1189//1189 1188//1188
f 1218//1218 1219//1219 1189//1189
f 1219//1219 1190//1190 1189//1189
f 1219//1219 1220//1220 1190//1190
f 1220//1220 1191//1191 1190//1190
f 1220//1220 1221//1221 1191//1191
f 1221//1221 1192//1192 1191//1191
f 1221//1221 1222//1222 1192//1192
f 1222//1222 1193//1193 1192//1192
f 1222//1222 1223//1223 1193//1193
f 1223//1223 1194//1194 1193//1193
f 1223//1223 1224//1224 1194//1194
f 1224//1224 1195//1195 1194//1194
f 1224//1224 1225//1225 1195//1195
f 1225//1225 1196//1196 1195//1195
f 1225//1225 1226//1226 1196//1196
f 1226//1226 1197//1197 1196//1196
f 1226//1226 1227//1227 1197//1197
f 1227//1227 1198//1198 1197//1197
f 1227//1227 1228//1228 1198//1198
f 1228//1228 1199//1199 1198//1198
f 1228//1228 1229//1229 1199//1199
f 1229//1229 1200//1200 1199//1199
f 1229//1229 1230//1230 1200//1200
f 1230//1230 1171//1171 1200//1200
f 1230//1230 1201//1201 1171//1171
f 1231//1231 1202//1202 1201//1201
f 1231//1231 1232//1232 1202//1202
f 1232//1232 1203//1203 1202//1202
f 1232//1232 1233//1233 1203//1203
f 1233//1233 1204//1204 1203//1203
f 1233//1233 1234//1234 1204//1204
f 1234//1234 1205//1205 1204//1204
f 1234//1234 1235//1235 1205//1205
f 1235//1235 1206//1206 1205//1205
f 1235//1235 1236//1236 1206//1206
f 1236//1236 1207//1207 1206//1206
f 1236//1236 1237//1237 1207//1207
f 1237//1237 1208//1208 1207//1207
f 1237//1237 1238//1238 1208//1208
f 1238//1238 1209//1209 1208//1208
f 1238//1238 1239//1239 1209//1209
f 1239//1239 1210//1210 1209//1209
f 1239//1239 1240//1240 1210//1210
f 1240//1240 1211//1211 1210//1210
f 1240//1240 1241//1241 1211//1211
f 1241//1241 1212//1212 1211//1211
f 1241//1241 1242//1242 1212//1212
f 1242//1242 1213//1213 1212//1212
f 1242//1242 1243//1243 1213//1213
f 1243//1243 1214//1214 1213//1213
f 1243//1243 1244//1244 1214//1214
f 1244//1244 1215//1215 1214//1214
f 1244//1244 1245//1245 1215//1215
f 1245//1245 1216//1216 1215//1215
f 1245//1245 1246//1246 1216//1216
f 1246//1246 1217//1217 1216//1216
f 1246//1246 1247//1247 1217//1217
f 1247//1247 1218//1218 1217//1217
f 1247//1247 1248//1248 1218//1218
f 1248//1248 1219//1219 1218//1218
f 1248//1248 1249//1249 1219//1219
f 1249//1249 1220//1220 1219//1219
f 1249//1249 1250//1250 1220//1220
f 1250//1250 1221//1221 1220//1220
f 1250//1250 1251//1251 1221//1221
f 1251//1251 1222//1222 1221//1221
f 1251//1251 1252//1252 1222//1222
f 1252//1252 1223//1223 1222//1222
f 1252//1252 1253//1253 1223//1223
f 1253//1253 1224//1224 1223//1223
f 1253//1253 1254//1254 1224//1224
f 1254//1254 1225//1225 1224//1224
f 1254//1254 1255//1255 1225//1225
f 1255//1255 1226//1226 1225//1225
f 1255//1255 1256//1256 1226//1226
f 1256//1256 1227//1227 1226//1226
f 1256//1256 1257//1257 1227//1227
f 1257//1257 1228//1228 1227//1227
f 1257//1257 1258//1258 1228//1228
f 1258//1258 1229//1229 1228//1228
f 1258//1258 1259//1259 1229//1229
f 1259//1259 1230//1230 1229//1229
f 1259//1259 1260//1260 1230//1230
f 1260//1260 1201//1201 1230//1230
f 1260//1260 1231//1231 1201//1201
f 2//2 1//1 632//632
f 3//3 2//2 633//633
f 4//4 3//3 634//634
f 5//5 4//4 635//635
f 6//6 5//5 636//636
f 7//7 6//6 637//637
f 8//8 7//7 638//638
f 9//9 8//8 639//639
f 10//10 9//9 640//640
f 11//11 10//10 641//641
f 12//12 11//11 642//642
f 13//13 12//12 643//643
f 14//14 13//13 644//644
f 15//15 14//14 645//645
f 16//16 15//15 646//646
f 17//17 16//16 647//647
f 18//18 17//17 648//648
f 19//19 18//18 649//649
f 20//20 19//19 650//650
f 21//21 20//20 651//651
f 22//22 21//21 652//652
f 23//23 22//22 653//653
f 24//24 23//23 654//654
f 25//25 24//24 655//655
f 26//26 25//25 656//656
f 27//27 26//26 657//657
f 28//28 27//27 658//658
f 29//29 28//28 659//659
f 30//30 29//29 660//660
f 1//1 30//30 631//631
f 1//1 631//631 632//632
f 2//2 632//632 633//633
f 3//3 633//633 634//634
f 4//4 634//634 635//635
f 5//5 635//635 636//636
f 6//6 636//636 637//637
f 7//7 637//637 638//638
f 8//8 638//638 639//639
f 9//9 639//639 640//640
f 10//10 640//640 641//641
f 11//11 641//641 642//642
f 12//12 642//642 643//643
f 13//13 643//643 644//644
f 14//14 644//644 645//645
f 15//15 645//645 646//646
f 16//16 646//646 647//647
f 17//17 647//647 648//648
f 18//18 648//648 649//649
f 19//19 649//649 650//650
f 20//20 650//650 651//651
f 21//21 651//651 652//652
f 22//22 652//652 653//653
f 23//23 653//653 654//654
f 24//24 654//654 655//655
f 25//25 655//655 656//656
f 26//26 656//656 657//657
f 27//27 657//657 658//658
f 28//28 658//658 659//659
f 29//29 659//659 660//660
f 30//30 660//660 631//631
