# Created by Open3D 
# object name: temp_object_554285756
# number of vertices: 1260
# number of triangles: 2460
v 0.107642 -6.93357e-09 0.0196601 0.8 0.8 0.8
vn -0.204131 0.00288264 0.978939
v 0.105962 0.0351945 0.0196601 0.8 0.8 0.8
vn -0.212286 -0.0199712 0.977004
v 0.100932 0.0567422 0.0196601 0.8 0.8 0.8
vn -0.188504 -0.0586216 0.980321
v 0.0925697 0.0737429 0.0196601 0.8 0.8 0.8
vn -0.161461 -0.0978852 0.982013
v 0.0808698 0.0871397 0.0196601 0.8 0.8 0.8
vn -0.127253 -0.134576 0.982698
v 0.0657234 0.0971667 0.0196601 0.8 0.8 0.8
vn -0.0883618 -0.16489 0.982346
v 0.0466629 0.103865 0.0196601 0.8 0.8 0.8
vn -0.0482357 -0.185043 0.981546
v 0.0215731 0.107222 0.0196601 0.8 0.8 0.8
vn -0.0130509 -0.188687 0.981951
v -0.0215731 0.107222 0.0196601 0.8 0.8 0.8
vn 0.00696875 -0.21695 0.976158
v -0.0466629 0.103865 0.0196601 0.8 0.8 0.8
vn 0.0393355 -0.199296 0.97915
v -0.0657234 0.0971667 0.0196601 0.8 0.8 0.8
vn 0.0783171 -0.175964 0.981276
v -0.0808698 0.0871397 0.0196601 0.8 0.8 0.8
vn 0.116802 -0.145131 0.982494
v -0.0925697 0.0737429 0.0196601 0.8 0.8 0.8
vn 0.150751 -0.108189 0.982634
v -0.100932 0.0567422 0.0196601 0.8 0.8 0.8
vn 0.17654 -0.0682318 0.981926
v -0.105962 0.0351945 0.0196601 0.8 0.8 0.8
vn 0.186813 -0.0272963 0.982016
v -0.107642 -6.93306e-09 0.0196601 0.8 0.8 0.8
vn 0.204131 -0.00288264 0.978939
v -0.105962 -0.0351945 0.0196601 0.8 0.8 0.8
vn 0.212286 0.0199712 0.977004
v -0.100932 -0.0567422 0.0196601 0.8 0.8 0.8
vn 0.188504 0.0586216 0.980321
v -0.0925697 -0.0737429 0.0196601 0.8 0.8 0.8
vn 0.161461 0.0978852 0.982013
v -0.0808698 -0.0871397 0.0196601 0.8 0.8 0.8
vn 0.127253 0.134576 0.982698
v -0.0657234 -0.0971667 0.0196601 0.8 0.8 0.8
vn 0.0883618 0.16489 0.982346
v -0.0466629 -0.103865 0.0196601 0.8 0.8 0.8
vn 0.0482357 0.185043 0.981546
v -0.0215731 -0.107222 0.0196601 0.8 0.8 0.8
vn 0.0130509 0.188687 0.981951
v 0.0215731 -0.107222 0.0196601 0.8 0.8 0.8
vn -0.00696875 0.21695 0.976158
v 0.0466628 -0.103865 0.0196601 0.8 0.8 0.8
vn -0.0393355 0.199296 0.97915
v 0.0657234 -0.0971667 0.0196601 0.8 0.8 0.8
vn -0.0783171 0.175964 0.981276
v 0.0808698 -0.0871397 0.0196601 0.8 0.8 0.8
vn -0.116802 0.145131 0.982494
v 0.0925697 -0.0737429 0.0196601 0.8 0.8 0.8
vn -0.150751 0.108189 0.982634
v 0.100932 -0.0567422 0.0196601 0.8 0.8 0.8
vn -0.17654 0.0682318 0.981926
v 0.105962 -0.0351945 0.0196601 0.8 0.8 0.8
vn -0.186813 0.0272963 0.982016
v 0.0904794 -6.93357e-09 0.0134985 0.8 0.8 0.8
vn -0.333583 -0.00174388 0.942719
v 0.0890676 0.0295831 0.0134985 0.8 0.8 0.8
vn -0.325304 -0.0416674 0.944691
v 0.0848397 0.0476952 0.0134985 0.8 0.8 0.8
vn -0.297425 -0.107538 0.94867
v 0.0778104 0.0619853 0.0134985 0.8 0.8 0.8
vn -0.253849 -0.172838 0.951676
v 0.067976 0.0732462 0.0134985 0.8 0.8 0.8
vn -0.197373 -0.233066 0.952221
v 0.0552445 0.0816745 0.0134985 0.8 0.8 0.8
vn -0.133343 -0.282292 0.950016
v 0.0392229 0.0873047 0.0134985 0.8 0.8 0.8
vn -0.0684165 -0.316422 0.946148
v 0.0181335 0.0901263 0.0134985 0.8 0.8 0.8
vn -0.0141596 -0.332612 0.942958
v -0.0181335 0.0901263 0.0134985 0.8 0.8 0.8
vn 0.0186009 -0.330906 0.94348
v -0.0392229 0.0873047 0.0134985 0.8 0.8 0.8
vn 0.0750624 -0.313257 0.946697
v -0.0552445 0.0816745 0.0134985 0.8 0.8 0.8
vn 0.140404 -0.277509 0.950408
v -0.067976 0.0732462 0.0134985 0.8 0.8 0.8
vn 0.20399 -0.226931 0.952308
v -0.0778104 0.0619853 0.0134985 0.8 0.8 0.8
vn 0.259362 -0.165905 0.951424
v -0.0848397 0.0476952 0.0134985 0.8 0.8 0.8
vn 0.301407 -0.100561 0.948178
v -0.0890676 0.0295831 0.0134985 0.8 0.8 0.8
vn 0.3279 -0.0357107 0.944037
v -0.0904794 -6.93315e-09 0.0134985 0.8 0.8 0.8
vn 0.333583 0.00174388 0.942719
v -0.0890676 -0.0295831 0.0134985 0.8 0.8 0.8
vn 0.325304 0.0416674 0.944691
v -0.0848397 -0.0476952 0.0134985 0.8 0.8 0.8
vn 0.297425 0.107538 0.94867
v -0.0778104 -0.0619854 0.0134985 0.8 0.8 0.8
vn 0.253849 0.172838 0.951676
v -0.067976 -0.0732462 0.0134985 0.8 0.8 0.8
vn 0.197373 0.233066 0.952221
v -0.0552445 -0.0816745 0.0134985 0.8 0.8 0.8
vn 0.133343 0.282292 0.950016
v -0.039223 -0.0873047 0.0134985 0.8 0.8 0.8
vn 0.0684165 0.316422 0.946148
v -0.0181335 -0.0901263 0.0134985 0.8 0.8 0.8
vn 0.0141596 0.332612 0.942958
v 0.0181335 -0.0901263 0.0134985 0.8 0.8 0.8
vn -0.0186009 0.330906 0.94348
v 0.0392229 -0.0873047 0.0134985 0.8 0.8 0.8
vn -0.0750624 0.313257 0.946697
v 0.0552445 -0.0816745 0.0134985 0.8 0.8 0.8
vn -0.140404 0.277509 0.950408
v 0.067976 -0.0732462 0.0134985 0.8 0.8 0.8
vn -0.20399 0.226931 0.952308
v 0.0778104 -0.0619854 0.0134985 0.8 0.8 0.8
vn -0.259362 0.165905 0.951424
v 0.0848397 -0.0476952 0.0134985 0.8 0.8 0.8
vn -0.301407 0.100561 0.948178
v 0.0890676 -0.0295831 0.0134985 0.8 0.8 0.8
vn -0.3279 0.0357107 0.944037
v 0.0777169 -6.93357e-09 0.00908137 0.8 0.8 0.8
vn -0.318967 -0.0016069 0.947764
v 0.0765042 0.0254103 0.00908137 0.8 0.8 0.8
vn -0.3107 -0.0396828 0.949679
v 0.0728727 0.0409676 0.00908137 0.8 0.8 0.8
vn -0.284224 -0.102617 0.95325
v 0.0668349 0.053242 0.00908137 0.8 0.8 0.8
vn -0.242599 -0.164992 0.955993
v 0.0583877 0.0629145 0.00908137 0.8 0.8 0.8
vn -0.188683 -0.222562 0.956486
v 0.047452 0.0701539 0.00908137 0.8 0.8 0.8
vn -0.127561 -0.269712 0.954455
v 0.0336904 0.07499 0.00908137 0.8 0.8 0.8
vn -0.0655422 -0.302552 0.950877
v 0.0155757 0.0774136 0.00908137 0.8 0.8 0.8
vn -0.013629 -0.318399 0.947859
v -0.0155757 0.0774136 0.00908137 0.8 0.8 0.8
vn 0.0176803 -0.316002 0.948594
v -0.0336904 0.07499 0.00908137 0.8 0.8 0.8
vn 0.0715956 -0.299336 0.951458
v -0.047452 0.0701539 0.00908137 0.8 0.8 0.8
vn 0.134009 -0.265198 0.954836
v -0.0583877 0.0629145 0.00908137 0.8 0.8 0.8
vn 0.19476 -0.216897 0.956569
v -0.0668349 0.053242 0.00908137 0.8 0.8 0.8
vn 0.247731 -0.158647 0.955751
v -0.0728727 0.0409676 0.00908137 0.8 0.8 0.8
vn 0.288073 -0.0962551 0.952758
v -0.0765042 0.0254103 0.00908137 0.8 0.8 0.8
vn 0.313783 -0.034277 0.948876
v -0.0777169 -6.93321e-09 0.00908137 0.8 0.8 0.8
vn 0.318967 0.0016069 0.947764
v -0.0765042 -0.0254103 0.00908137 0.8 0.8 0.8
vn 0.3107 0.0396828 0.949679
v -0.0728727 -0.0409676 0.00908137 0.8 0.8 0.8
vn 0.284224 0.102617 0.95325
v -0.0668349 -0.0532421 0.00908137 0.8 0.8 0.8
vn 0.242599 0.164992 0.955993
v -0.0583877 -0.0629145 0.00908137 0.8 0.8 0.8
vn 0.188683 0.222562 0.956486
v -0.047452 -0.070154 0.00908137 0.8 0.8 0.8
vn 0.127561 0.269712 0.954455
v -0.0336904 -0.07499 0.00908137 0.8 0.8 0.8
vn 0.0655422 0.302552 0.950877
v -0.0155757 -0.0774136 0.00908137 0.8 0.8 0.8
vn 0.013629 0.318399 0.947859
v 0.0155757 -0.0774136 0.00908137 0.8 0.8 0.8
vn -0.0176803 0.316002 0.948594
v 0.0336904 -0.07499 0.00908137 0.8 0.8 0.8
vn -0.0715956 0.299336 0.951458
v 0.047452 -0.070154 0.00908137 0.8 0.8 0.8
vn -0.134009 0.265198 0.954836
v 0.0583877 -0.0629145 0.00908137 0.8 0.8 0.8
vn -0.19476 0.216897 0.956569
v 0.0668349 -0.0532421 0.00908137 0.8 0.8 0.8
vn -0.247731 0.158647 0.955751
v 0.0728727 -0.0409676 0.00908137 0.8 0.8 0.8
vn -0.288073 0.0962551 0.952758
v 0.0765042 -0.0254103 0.00908137 0.8 0.8 0.8
vn -0.313783 0.034277 0.948876
v 0.0680816 -6.93357e-09 0.00597279 0.8 0.8 0.8
vn -0.294357 -0.00144354 0.955694
v 0.0670194 0.02226 0.00597279 0.8 0.8 0.8
vn -0.286249 -0.0364861 0.95746
v 0.063838 0.0358885 0.00597279 0.8 0.8 0.8
vn -0.26201 -0.094501 0.960427
v 0.0585488 0.0466412 0.00597279 0.8 0.8 0.8
vn -0.223623 -0.151966 0.962756
v 0.0511489 0.0551144 0.00597279 0.8 0.8 0.8
vn -0.173969 -0.205049 0.963167
v 0.041569 0.0614564 0.00597279 0.8 0.8 0.8
vn -0.117704 -0.248649 0.961415
v 0.0295135 0.0656929 0.00597279 0.8 0.8 0.8
vn -0.0605675 -0.279213 0.958317
v 0.0136446 0.067816 0.00597279 0.8 0.8 0.8
vn -0.0126463 -0.294304 0.955628
v -0.0136446 0.067816 0.00597279 0.8 0.8 0.8
vn 0.0162329 -0.291092 0.956557
v -0.0295135 0.0656929 0.00597279 0.8 0.8 0.8
vn 0.0659148 -0.27594 0.958912
v -0.041569 0.0614564 0.00597279 0.8 0.8 0.8
vn 0.123421 -0.244458 0.961773
v -0.0511489 0.0551144 0.00597279 0.8 0.8 0.8
vn 0.179402 -0.199946 0.963243
v -0.0585488 0.0466412 0.00597279 0.8 0.8 0.8
vn 0.228301 -0.146321 0.962532
v -0.063838 0.0358885 0.00597279 0.8 0.8 0.8
vn 0.265699 -0.0888718 0.959951
v -0.0670194 0.02226 0.00597279 0.8 0.8 0.8
vn 0.289906 -0.0317364 0.956529
v -0.0680816 -6.93325e-09 0.00597279 0.8 0.8 0.8
vn 0.294357 0.00144354 0.955694
v -0.0670194 -0.02226 0.00597279 0.8 0.8 0.8
vn 0.286249 0.0364861 0.95746
v -0.063838 -0.0358885 0.00597279 0.8 0.8 0.8
vn 0.26201 0.094501 0.960427
v -0.0585488 -0.0466412 0.00597279 0.8 0.8 0.8
vn 0.223623 0.151966 0.962756
v -0.0511489 -0.0551145 0.00597279 0.8 0.8 0.8
vn 0.173969 0.205049 0.963167
v -0.041569 -0.0614564 0.00597279 0.8 0.8 0.8
vn 0.117704 0.248649 0.961415
v -0.0295135 -0.0656929 0.00597279 0.8 0.8 0.8
vn 0.0605675 0.279213 0.958317
v -0.0136446 -0.067816 0.00597279 0.8 0.8 0.8
vn 0.0126463 0.294304 0.955628
v 0.0136446 -0.067816 0.00597279 0.8 0.8 0.8
vn -0.0162329 0.291092 0.956557
v 0.0295135 -0.0656929 0.00597279 0.8 0.8 0.8
vn -0.0659148 0.27594 0.958912
v 0.041569 -0.0614564 0.00597279 0.8 0.8 0.8
vn -0.123421 0.244458 0.961773
v 0.0511489 -0.0551145 0.00597279 0.8 0.8 0.8
vn -0.179402 0.199946 0.963243
v 0.0585488 -0.0466412 0.00597279 0.8 0.8 0.8
vn -0.228301 0.146321 0.962532
v 0.063838 -0.0358885 0.00597279 0.8 0.8 0.8
vn -0.265699 0.0888718 0.959951
v 0.0670194 -0.02226 0.00597279 0.8 0.8 0.8
vn -0.289906 0.0317364 0.956529
v 0.0606265 -6.93357e-09 0.00382972 0.8 0.8 0.8
vn -0.258884 -0.00125472 0.965908
v 0.0596805 0.0198224 0.00382972 0.8 0.8 0.8
vn -0.251186 -0.031989 0.96741
v 0.0568476 0.0319586 0.00382972 0.8 0.8 0.8
vn -0.230076 -0.0829471 0.969631
v 0.0521376 0.0415338 0.00382972 0.8 0.8 0.8
vn -0.196333 -0.133375 0.971424
v 0.0455479 0.0490793 0.00382972 0.8 0.8 0.8
vn -0.152769 -0.180003 0.971731
v 0.0370171 0.0547267 0.00382972 0.8 0.8 0.8
vn -0.103442 -0.218437 0.970353
v 0.0262817 0.0584993 0.00382972 0.8 0.8 0.8
vn -0.0533061 -0.245597 0.967905
v 0.0121505 0.0603899 0.00382972 0.8 0.8 0.8
vn -0.0111645 -0.259392 0.965708
v -0.0121505 0.0603899 0.00382972 0.8 0.8 0.8
vn 0.014222 -0.255395 0.966732
v -0.0262817 0.0584993 0.00382972 0.8 0.8 0.8
vn 0.057851 -0.242317 0.968471
v -0.0370171 0.0547267 0.00382972 0.8 0.8 0.8
vn 0.108326 -0.21464 0.970667
v -0.0455479 0.0490793 0.00382972 0.8 0.8 0.8
vn 0.157463 -0.175551 0.971796
v -0.0521376 0.0415338 0.00382972 0.8 0.8 0.8
vn 0.200475 -0.128531 0.971231
v -0.0568476 0.0319586 0.00382972 0.8 0.8 0.8
vn 0.233545 -0.0781517 0.9692
v -0.0596806 0.0198224 0.00382972 0.8 0.8 0.8
vn 0.255373 -0.0279816 0.966438
v -0.0606265 -6.93329e-09 0.00382972 0.8 0.8 0.8
vn 0.258884 0.00125472 0.965908
v -0.0596806 -0.0198225 0.00382972 0.8 0.8 0.8
vn 0.251186 0.031989 0.96741
v -0.0568476 -0.0319586 0.00382972 0.8 0.8 0.8
vn 0.230076 0.0829471 0.969631
v -0.0521376 -0.0415338 0.00382972 0.8 0.8 0.8
vn 0.196333 0.133375 0.971424
v -0.0455479 -0.0490793 0.00382972 0.8 0.8 0.8
vn 0.152769 0.180003 0.971731
v -0.0370171 -0.0547267 0.00382972 0.8 0.8 0.8
vn 0.103442 0.218437 0.970353
v -0.0262817 -0.0584993 0.00382972 0.8 0.8 0.8
vn 0.0533061 0.245597 0.967905
v -0.0121505 -0.0603899 0.00382972 0.8 0.8 0.8
vn 0.0111645 0.259392 0.965708
v 0.0121505 -0.0603899 0.00382972 0.8 0.8 0.8
vn -0.014222 0.255395 0.966732
v 0.0262817 -0.0584993 0.00382972 0.8 0.8 0.8
vn -0.057851 0.242317 0.968471
v 0.0370171 -0.0547267 0.00382972 0.8 0.8 0.8
vn -0.108326 0.21464 0.970667
v 0.0455479 -0.0490793 0.00382972 0.8 0.8 0.8
vn -0.157463 0.175551 0.971796
v 0.0521376 -0.0415338 0.00382972 0.8 0.8 0.8
vn -0.200475 0.128531 0.971231
v 0.0568476 -0.0319586 0.00382972 0.8 0.8 0.8
vn -0.233545 0.0781517 0.9692
v 0.0596805 -0.0198225 0.00382972 0.8 0.8 0.8
vn -0.255373 0.0279816 0.966438
v 0.0546585 -6.93357e-09 0.00238615 0.8 0.8 0.8
vn -0.214171 -0.0010445 0.976796
v 0.0538056 0.0178711 0.00238615 0.8 0.8 0.8
vn -0.20723 -0.0264032 0.977936
v 0.0512515 0.0288126 0.00238615 0.8 0.8 0.8
vn -0.189984 -0.0685088 0.979394
v 0.0470051 0.0374453 0.00238615 0.8 0.8 0.8
vn -0.162085 -0.11013 0.980612
v 0.0410642 0.0442479 0.00238615 0.8 0.8 0.8
vn -0.12614 -0.148652 0.980812
v 0.0333731 0.0493394 0.00238615 0.8 0.8 0.8
vn -0.0854712 -0.180525 0.97985
v 0.0236945 0.0527407 0.00238615 0.8 0.8 0.8
vn -0.0441009 -0.203247 0.978134
v 0.0109544 0.0544452 0.00238615 0.8 0.8 0.8
vn -0.00925266 -0.215161 0.976535
v -0.0109544 0.0544452 0.00238615 0.8 0.8 0.8
vn 0.0117398 -0.210661 0.977489
v -0.0236945 0.0527407 0.00238615 0.8 0.8 0.8
vn 0.0477851 -0.200096 0.97861
v -0.0333731 0.0493394 0.00238615 0.8 0.8 0.8
vn 0.0894563 -0.177215 0.980098
v -0.0410642 0.0442479 0.00238615 0.8 0.8 0.8
vn 0.130019 -0.14493 0.980862
v -0.0470052 0.0374453 0.00238615 0.8 0.8 0.8
vn 0.165607 -0.106157 0.980462
v -0.0512515 0.0288126 0.00238615 0.8 0.8 0.8
vn 0.193124 -0.0646103 0.979045
v -0.0538056 0.0178711 0.00238615 0.8 0.8 0.8
vn 0.211694 -0.0231845 0.977061
v -0.0546585 -6.93331e-09 0.00238615 0.8 0.8 0.8
vn 0.214171 0.0010445 0.976796
v -0.0538056 -0.0178711 0.00238615 0.8 0.8 0.8
vn 0.20723 0.0264032 0.977936
v -0.0512515 -0.0288126 0.00238615 0.8 0.8 0.8
vn 0.189984 0.0685088 0.979394
v -0.0470052 -0.0374453 0.00238615 0.8 0.8 0.8
vn 0.162085 0.11013 0.980612
v -0.0410642 -0.0442479 0.00238615 0.8 0.8 0.8
vn 0.12614 0.148652 0.980812
v -0.0333731 -0.0493395 0.00238615 0.8 0.8 0.8
vn 0.0854712 0.180525 0.97985
v -0.0236945 -0.0527407 0.00238615 0.8 0.8 0.8
vn 0.0441009 0.203247 0.978134
v -0.0109544 -0.0544452 0.00238615 0.8 0.8 0.8
vn 0.00925266 0.215161 0.976535
v 0.0109544 -0.0544452 0.00238615 0.8 0.8 0.8
vn -0.0117398 0.210661 0.977489
v 0.0236945 -0.0527407 0.00238615 0.8 0.8 0.8
vn -0.0477851 0.200096 0.97861
v 0.0333731 -0.0493395 0.00238615 0.8 0.8 0.8
vn -0.0894563 0.177215 0.980098
v 0.0410642 -0.0442479 0.00238615 0.8 0.8 0.8
vn -0.130019 0.14493 0.980862
v 0.0470051 -0.0374453 0.00238615 0.8 0.8 0.8
vn -0.165607 0.106157 0.980462
v 0.0512515 -0.0288126 0.00238615 0.8 0.8 0.8
vn -0.193124 0.0646103 0.979045
v 0.0538056 -0.0178711 0.00238615 0.8 0.8 0.8
vn -0.211694 0.0231845 0.977061
v 0.0496802 -6.93357e-09 0.00143895 0.8 0.8 0.8
vn -0.164923 -0.000824451 0.986306
v 0.048905 0.0162434 0.00143895 0.8 0.8 0.8
vn -0.159093 -0.0203075 0.987055
v 0.0465836 0.0261884 0.00143895 0.8 0.8 0.8
vn -0.146018 -0.0527034 0.987877
v 0.0427239 0.0340348 0.00143895 0.8 0.8 0.8
vn -0.124555 -0.0846908 0.988592
v 0.0373241 0.0402178 0.00143895 0.8 0.8 0.8
vn -0.0969414 -0.114322 0.988703
v 0.0303335 0.0448456 0.00143895 0.8 0.8 0.8
vn -0.0657212 -0.138923 0.98812
v 0.0215364 0.0479371 0.00143895 0.8 0.8 0.8
vn -0.0339395 -0.156608 0.987077
v 0.0099567 0.0494863 0.00143895 0.8 0.8 0.8
vn -0.00712141 -0.166183 0.986069
v -0.0099567 0.0494863 0.00143895 0.8 0.8 0.8
vn 0.00903777 -0.161688 0.986801
v -0.0215364 0.0479371 0.00143895 0.8 0.8 0.8
vn 0.0367685 -0.153784 0.98742
v -0.0303335 0.0448456 0.00143895 0.8 0.8 0.8
vn 0.0688031 -0.136192 0.98829
v -0.0373241 0.0402178 0.00143895 0.8 0.8 0.8
vn 0.0999824 -0.111371 0.988737
v -0.0427239 0.0340348 0.00143895 0.8 0.8 0.8
vn 0.127393 -0.0816013 0.98849
v -0.0465836 0.0261884 0.00143895 0.8 0.8 0.8
vn 0.148698 -0.0497002 0.987633
v -0.048905 0.0162434 0.00143895 0.8 0.8 0.8
vn 0.163404 -0.017861 0.986398
v -0.0496802 -6.93334e-09 0.00143895 0.8 0.8 0.8
vn 0.164923 0.000824451 0.986306
v -0.048905 -0.0162434 0.00143895 0.8 0.8 0.8
vn 0.159093 0.0203075 0.987055
v -0.0465836 -0.0261884 0.00143895 0.8 0.8 0.8
vn 0.146018 0.0527034 0.987877
v -0.0427239 -0.0340348 0.00143895 0.8 0.8 0.8
vn 0.124555 0.0846908 0.988592
v -0.0373241 -0.0402178 0.00143895 0.8 0.8 0.8
vn 0.0969414 0.114322 0.988703
v -0.0303335 -0.0448456 0.00143895 0.8 0.8 0.8
vn 0.0657212 0.138923 0.98812
v -0.0215364 -0.0479371 0.00143895 0.8 0.8 0.8
vn 0.0339395 0.156608 0.987077
v -0.0099567 -0.0494863 0.00143895 0.8 0.8 0.8
vn 0.00712141 0.166183 0.986069
v 0.00995669 -0.0494863 0.00143895 0.8 0.8 0.8
vn -0.00903777 0.161688 0.986801
v 0.0215364 -0.0479371 0.00143895 0.8 0.8 0.8
vn -0.0367685 0.153784 0.98742
v 0.0303335 -0.0448456 0.00143895 0.8 0.8 0.8
vn -0.0688031 0.136192 0.98829
v 0.0373241 -0.0402178 0.00143895 0.8 0.8 0.8
vn -0.0999824 0.111371 0.988737
v 0.0427239 -0.0340348 0.00143895 0.8 0.8 0.8
vn -0.127393 0.0816013 0.98849
v 0.0465836 -0.0261884 0.00143895 0.8 0.8 0.8
vn -0.148698 0.0497002 0.987633
v 0.048905 -0.0162434 0.00143895 0.8 0.8 0.8
vn -0.163404 0.017861 0.986398
v 0.0453426 -6.93357e-09 0.000835808 0.8 0.8 0.8
vn -0.117599 -0.000613071 0.993061
v 0.0446351 0.0148252 0.000835808 0.8 0.8 0.8
vn -0.113094 -0.0144827 0.993479
v 0.0425164 0.0239019 0.000835808 0.8 0.8 0.8
vn -0.103937 -0.0375756 0.993874
v 0.0389937 0.0310632 0.000835808 0.8 0.8 0.8
vn -0.0886518 -0.0603553 0.994232
v 0.0340653 0.0367064 0.000835808 0.8 0.8 0.8
vn -0.0689998 -0.0814708 0.994284
v 0.0276851 0.0409302 0.000835808 0.8 0.8 0.8
vn -0.0467901 -0.0990467 0.993982
v 0.0196561 0.0437517 0.000835808 0.8 0.8 0.8
vn -0.0241705 -0.111771 0.99344
v 0.00908738 0.0451657 0.000835808 0.8 0.8 0.8
vn -0.00506238 -0.118867 0.992897
v -0.00908738 0.0451657 0.000835808 0.8 0.8 0.8
vn 0.00645677 -0.114905 0.993355
v -0.0196561 0.0437517 0.000835808 0.8 0.8 0.8
vn 0.0262229 -0.109451 0.993646
v -0.0276851 0.0409302 0.000835808 0.8 0.8 0.8
vn 0.0490413 -0.0969396 0.994081
v -0.0340653 0.0367064 0.000835808 0.8 0.8 0.8
vn 0.0712482 -0.0792672 0.994304
v -0.0389937 0.0310632 0.000835808 0.8 0.8 0.8
vn 0.0908006 -0.0580872 0.994174
v -0.0425164 0.0239019 0.000835808 0.8 0.8 0.8
vn 0.10606 -0.0353899 0.99373
v -0.0446351 0.0148252 0.000835808 0.8 0.8 0.8
vn 0.116814 -0.0127249 0.993072
v -0.0453426 -6.93336e-09 0.000835808 0.8 0.8 0.8
vn 0.117599 0.000613071 0.993061
v -0.0446351 -0.0148252 0.000835808 0.8 0.8 0.8
vn 0.113094 0.0144827 0.993479
v -0.0425164 -0.0239019 0.000835808 0.8 0.8 0.8
vn 0.103937 0.0375756 0.993874
v -0.0389937 -0.0310632 0.000835808 0.8 0.8 0.8
vn 0.0886518 0.0603553 0.994232
v -0.0340653 -0.0367064 0.000835808 0.8 0.8 0.8
vn 0.0689998 0.0814708 0.994284
v -0.0276851 -0.0409302 0.000835808 0.8 0.8 0.8
vn 0.0467901 0.0990467 0.993982
v -0.0196561 -0.0437517 0.000835808 0.8 0.8 0.8
vn 0.0241705 0.111771 0.99344
v -0.00908738 -0.0451657 0.000835808 0.8 0.8 0.8
vn 0.00506238 0.118867 0.992897
v 0.00908738 -0.0451657 0.000835808 0.8 0.8 0.8
vn -0.00645677 0.114905 0.993355
v 0.0196561 -0.0437517 0.000835808 0.8 0.8 0.8
vn -0.0262229 0.109451 0.993646
v 0.0276851 -0.0409302 0.000835808 0.8 0.8 0.8
vn -0.0490413 0.0969396 0.994081
v 0.0340653 -0.0367064 0.000835808 0.8 0.8 0.8
vn -0.0712482 0.0792672 0.994304
v 0.0389937 -0.0310632 0.000835808 0.8 0.8 0.8
vn -0.0908006 0.0580872 0.994174
v 0.0425164 -0.0239019 0.000835808 0.8 0.8 0.8
vn -0.10606 0.0353899 0.99373
v 0.0446351 -0.0148252 0.000835808 0.8 0.8 0.8
vn -0.116814 0.0127249 0.993072
v 0.0414067 -6.93357e-09 0.000464806 0.8 0.8 0.8
vn -0.0776609 -0.000428685 0.99698
v 0.0407607 0.0135383 0.000464806 0.8 0.8 0.8
vn -0.0744665 -0.00958037 0.997177
v 0.0388258 0.0218271 0.000464806 0.8 0.8 0.8
vn -0.0685335 -0.0248341 0.99734
v 0.035609 0.0283668 0.000464806 0.8 0.8 0.8
vn -0.0584544 -0.0398691 0.997494
v 0.0311084 0.0335202 0.000464806 0.8 0.8 0.8
vn -0.0454938 -0.0538106 0.997514
v 0.0252819 0.0373773 0.000464806 0.8 0.8 0.8
vn -0.030849 -0.065435 0.99738
v 0.0179499 0.0399539 0.000464806 0.8 0.8 0.8
vn -0.0159308 -0.0738957 0.997139
v 0.00829857 0.0412452 0.000464806 0.8 0.8 0.8
vn -0.00332363 -0.0787374 0.99689
v -0.00829857 0.0412452 0.000464806 0.8 0.8 0.8
vn 0.00428229 -0.0756362 0.997126
v -0.0179499 0.0399539 0.000464806 0.8 0.8 0.8
vn 0.0173388 -0.0721569 0.997243
v -0.0252819 0.0373773 0.000464806 0.8 0.8 0.8
vn 0.0324019 -0.063921 0.997429
v -0.0311084 0.0335202 0.000464806 0.8 0.8 0.8
vn 0.0470595 -0.0522647 0.997524
v -0.035609 0.0283668 0.000464806 0.8 0.8 0.8
vn 0.0599772 -0.0382982 0.997465
v -0.0388258 0.0218271 0.000464806 0.8 0.8 0.8
vn 0.070088 -0.0233308 0.997268
v -0.0407607 0.0135383 0.000464806 0.8 0.8 0.8
vn 0.0773432 -0.00838394 0.996969
v -0.0414068 -6.93338e-09 0.000464806 0.8 0.8 0.8
vn 0.0776609 0.000428685 0.99698
v -0.0407607 -0.0135384 0.000464806 0.8 0.8 0.8
vn 0.0744665 0.00958037 0.997177
v -0.0388258 -0.0218271 0.000464806 0.8 0.8 0.8
vn 0.0685335 0.0248341 0.99734
v -0.035609 -0.0283668 0.000464806 0.8 0.8 0.8
vn 0.0584544 0.0398691 0.997494
v -0.0311084 -0.0335202 0.000464806 0.8 0.8 0.8
vn 0.0454938 0.0538106 0.997514
v -0.025282 -0.0373773 0.000464806 0.8 0.8 0.8
vn 0.030849 0.065435 0.99738
v -0.0179499 -0.0399539 0.000464806 0.8 0.8 0.8
vn 0.0159308 0.0738957 0.997139
v -0.00829857 -0.0412452 0.000464806 0.8 0.8 0.8
vn 0.00332363 0.0787374 0.99689
v 0.00829856 -0.0412452 0.000464806 0.8 0.8 0.8
vn -0.00428229 0.0756362 0.997126
v 0.0179499 -0.0399539 0.000464806 0.8 0.8 0.8
vn -0.0173388 0.0721569 0.997243
v 0.0252819 -0.0373773 0.000464806 0.8 0.8 0.8
vn -0.0324019 0.063921 0.997429
v 0.0311084 -0.0335202 0.000464806 0.8 0.8 0.8
vn -0.0470595 0.0522647 0.997524
v 0.035609 -0.0283668 0.000464806 0.8 0.8 0.8
vn -0.0599772 0.0382982 0.997465
v 0.0388258 -0.0218271 0.000464806 0.8 0.8 0.8
vn -0.070088 0.0233308 0.997268
v 0.0407607 -0.0135384 0.000464806 0.8 0.8 0.8
vn -0.0773432 0.00838394 0.996969
v 0.0377136 -6.93357e-09 0.00024561 0.8 0.8 0.8
vn -0.0476323 -0.000282098 0.998865
v 0.0371251 0.0123308 0.00024561 0.8 0.8 0.8
vn -0.0455449 -0.00589513 0.998945
v 0.0353628 0.0198803 0.00024561 0.8 0.8 0.8
vn -0.0419755 -0.0152569 0.999002
v 0.0324329 0.0258367 0.00024561 0.8 0.8 0.8
vn -0.0358024 -0.0244776 0.999059
v 0.0283337 0.0305304 0.00024561 0.8 0.8 0.8
vn -0.0278598 -0.0330288 0.999066
v 0.023027 0.0340435 0.00024561 0.8 0.8 0.8
vn -0.0188855 -0.0401659 0.999015
v 0.0163489 0.0363903 0.00024561 0.8 0.8 0.8
vn -0.00974401 -0.0453816 0.998922
v 0.00755839 0.0375664 0.00024561 0.8 0.8 0.8
vn -0.00202059 -0.0484336 0.998824
v -0.0075584 0.0375664 0.00024561 0.8 0.8 0.8
vn 0.00264422 -0.0462465 0.998927
v -0.0163489 0.0363903 0.00024561 0.8 0.8 0.8
vn 0.0106587 -0.0441859 0.998966
v -0.023027 0.0340435 0.00024561 0.8 0.8 0.8
vn 0.0198983 -0.0391518 0.999035
v -0.0283337 0.0305304 0.00024561 0.8 0.8 0.8
vn 0.0288874 -0.0320092 0.99907
v -0.0324329 0.0258367 0.00024561 0.8 0.8 0.8
vn 0.0368134 -0.0234503 0.999047
v -0.0353628 0.0198803 0.00024561 0.8 0.8 0.8
vn 0.0430289 -0.0142785 0.998972
v -0.0371251 0.0123308 0.00024561 0.8 0.8 0.8
vn 0.0475593 -0.00512225 0.998855
v -0.0377136 -6.93339e-09 0.00024561 0.8 0.8 0.8
vn 0.0476323 0.000282098 0.998865
v -0.0371251 -0.0123308 0.00024561 0.8 0.8 0.8
vn 0.0455449 0.00589513 0.998945
v -0.0353628 -0.0198803 0.00024561 0.8 0.8 0.8
vn 0.0419755 0.0152569 0.999002
v -0.0324329 -0.0258367 0.00024561 0.8 0.8 0.8
vn 0.0358024 0.0244776 0.999059
v -0.0283337 -0.0305304 0.00024561 0.8 0.8 0.8
vn 0.0278598 0.0330288 0.999066
v -0.023027 -0.0340435 0.00024561 0.8 0.8 0.8
vn 0.0188855 0.0401659 0.999015
v -0.0163489 -0.0363903 0.00024561 0.8 0.8 0.8
vn 0.00974401 0.0453816 0.998922
v -0.0075584 -0.0375664 0.00024561 0.8 0.8 0.8
vn 0.00202059 0.0484336 0.998824
v 0.00755839 -0.0375664 0.00024561 0.8 0.8 0.8
vn -0.00264422 0.0462465 0.998927
v 0.0163489 -0.0363903 0.00024561 0.8 0.8 0.8
vn -0.0106587 0.0441859 0.998966
v 0.023027 -0.0340435 0.00024561 0.8 0.8 0.8
vn -0.0198983 0.0391518 0.999035
v 0.0283337 -0.0305304 0.00024561 0.8 0.8 0.8
vn -0.0288874 0.0320092 0.99907
v 0.0324329 -0.0258367 0.00024561 0.8 0.8 0.8
vn -0.0368134 0.0234503 0.999047
v 0.0353628 -0.0198803 0.00024561 0.8 0.8 0.8
vn -0.0430289 0.0142785 0.998972
v 0.0371251 -0.0123308 0.00024561 0.8 0.8 0.8
vn -0.0475593 0.00512225 0.998855
v 0.0341608 -6.93357e-09 0.000122121 0.8 0.8 0.8
vn -0.0271819 -0.00017476 0.99963
v 0.0336278 0.0111692 0.000122121 0.8 0.8 0.8
vn -0.025918 -0.00338037 0.999658
v 0.0320315 0.0180075 0.000122121 0.8 0.8 0.8
vn -0.0239203 -0.00872774 0.999676
v 0.0293776 0.0234028 0.000122121 0.8 0.8 0.8
vn -0.020402 -0.0139906 0.999694
v 0.0256646 0.0276543 0.000122121 0.8 0.8 0.8
vn -0.0158717 -0.018871 0.999696
v 0.0208577 0.0308365 0.000122121 0.8 0.8 0.8
vn -0.010753 -0.0229467 0.999679
v 0.0148088 0.0329622 0.000122121 0.8 0.8 0.8
vn -0.00554009 -0.0259346 0.999648
v 0.00684636 0.0340275 0.000122121 0.8 0.8 0.8
vn -0.00113926 -0.0277186 0.999615
v -0.00684637 0.0340275 0.000122121 0.8 0.8 0.8
vn 0.00152295 -0.0263098 0.999653
v -0.0148088 0.0329622 0.000122121 0.8 0.8 0.8
vn 0.00610242 -0.025175 0.999664
v -0.0208577 0.0308365 0.000122121 0.8 0.8 0.8
vn 0.0113771 -0.0223118 0.999686
v -0.0256646 0.0276543 0.000122121 0.8 0.8 0.8
vn 0.0165073 -0.0182384 0.999697
v -0.0293776 0.0234028 0.000122121 0.8 0.8 0.8
vn 0.0210317 -0.0133565 0.99969
v -0.0320315 0.0180075 0.000122121 0.8 0.8 0.8
vn 0.0245842 -0.00812559 0.999665
v -0.0336278 0.0111692 0.000122121 0.8 0.8 0.8
vn 0.0272106 -0.00290687 0.999625
v -0.0341608 -6.93341e-09 0.000122121 0.8 0.8 0.8
vn 0.0271819 0.00017476 0.99963
v -0.0336278 -0.0111692 0.000122121 0.8 0.8 0.8
vn 0.025918 0.00338037 0.999658
v -0.0320315 -0.0180075 0.000122121 0.8 0.8 0.8
vn 0.0239203 0.00872774 0.999676
v -0.0293776 -0.0234028 0.000122121 0.8 0.8 0.8
vn 0.020402 0.0139906 0.999694
v -0.0256646 -0.0276544 0.000122121 0.8 0.8 0.8
vn 0.0158717 0.018871 0.999696
v -0.0208578 -0.0308365 0.000122121 0.8 0.8 0.8
vn 0.010753 0.0229467 0.999679
v -0.0148088 -0.0329622 0.000122121 0.8 0.8 0.8
vn 0.00554009 0.0259346 0.999648
v -0.00684637 -0.0340275 0.000122121 0.8 0.8 0.8
vn 0.00113926 0.0277186 0.999615
v 0.00684636 -0.0340275 0.000122121 0.8 0.8 0.8
vn -0.00152295 0.0263098 0.999653
v 0.0148088 -0.0329622 0.000122121 0.8 0.8 0.8
vn -0.00610242 0.025175 0.999664
v 0.0208577 -0.0308365 0.000122121 0.8 0.8 0.8
vn -0.0113771 0.0223118 0.999686
v 0.0256646 -0.0276544 0.000122121 0.8 0.8 0.8
vn -0.0165073 0.0182384 0.999697
v 0.0293776 -0.0234028 0.000122121 0.8 0.8 0.8
vn -0.0210317 0.0133565 0.99969
v 0.0320315 -0.0180075 0.000122121 0.8 0.8 0.8
vn -0.0245842 0.00812559 0.999665
v 0.0336278 -0.0111692 0.000122121 0.8 0.8 0.8
vn -0.0272106 0.00290687 0.999625
v 0.0306852 -6.93357e-09 5.64039e-05 0.8 0.8 0.8
vn -0.014404 -0.000101652 0.999896
v 0.0302064 0.0100328 5.64039e-05 0.8 0.8 0.8
vn -0.0136936 -0.00180288 0.999905
v 0.0287725 0.0161754 5.64039e-05 0.8 0.8 0.8
vn -0.0126564 -0.00463986 0.999909
v 0.0263886 0.0210217 5.64039e-05 0.8 0.8 0.8
vn -0.010794 -0.00742957 0.999914
v 0.0230534 0.0248407 5.64039e-05 0.8 0.8 0.8
vn -0.0083939 -0.0100161 0.999915
v 0.0187356 0.0276991 5.64039e-05 0.8 0.8 0.8
vn -0.0056823 -0.0121767 0.99991
v 0.0133021 0.0296085 5.64039e-05 0.8 0.8 0.8
vn -0.00292188 -0.0137652 0.999901
v 0.0061498 0.0305655 5.64039e-05 0.8 0.8 0.8
vn -0.000594311 -0.0147324 0.999891
v -0.0061498 0.0305655 5.64039e-05 0.8 0.8 0.8
vn 0.000816691 -0.0138968 0.999903
v -0.0133021 0.0296085 5.64039e-05 0.8 0.8 0.8
vn 0.00324767 -0.0133177 0.999906
v -0.0187356 0.0276991 5.64039e-05 0.8 0.8 0.8
vn 0.00604434 -0.0118055 0.999912
v -0.0230534 0.0248407 5.64039e-05 0.8 0.8 0.8
vn 0.00876336 -0.00964783 0.999915
v -0.0263886 0.0210217 5.64039e-05 0.8 0.8 0.8
vn 0.0111613 -0.00706145 0.999913
v -0.0287726 0.0161754 5.64039e-05 0.8 0.8 0.8
vn 0.0130459 -0.00429079 0.999906
v -0.0302064 0.0100328 5.64039e-05 0.8 0.8 0.8
vn 0.0144589 -0.00152905 0.999894
v -0.0306852 -6.93343e-09 5.64039e-05 0.8 0.8 0.8
vn 0.014404 0.000101652 0.999896
v -0.0302064 -0.0100328 5.64039e-05 0.8 0.8 0.8
vn 0.0136936 0.00180288 0.999905
v -0.0287726 -0.0161754 5.64039e-05 0.8 0.8 0.8
vn 0.0126564 0.00463986 0.999909
v -0.0263886 -0.0210217 5.64039e-05 0.8 0.8 0.8
vn 0.010794 0.00742957 0.999914
v -0.0230534 -0.0248407 5.64039e-05 0.8 0.8 0.8
vn 0.0083939 0.0100161 0.999915
v -0.0187356 -0.0276991 5.64039e-05 0.8 0.8 0.8
vn 0.0056823 0.0121767 0.99991
v -0.0133021 -0.0296086 5.64039e-05 0.8 0.8 0.8
vn 0.00292188 0.0137652 0.999901
v -0.0061498 -0.0305655 5.64039e-05 0.8 0.8 0.8
vn 0.000594311 0.0147324 0.999891
v 0.0061498 -0.0305655 5.64039e-05 0.8 0.8 0.8
vn -0.000816691 0.0138968 0.999903
v 0.0133021 -0.0296086 5.64039e-05 0.8 0.8 0.8
vn -0.00324767 0.0133177 0.999906
v 0.0187356 -0.0276991 5.64039e-05 0.8 0.8 0.8
vn -0.00604434 0.0118055 0.999912
v 0.0230534 -0.0248407 5.64039e-05 0.8 0.8 0.8
vn -0.00876336 0.00964783 0.999915
v 0.0263886 -0.0210217 5.64039e-05 0.8 0.8 0.8
vn -0.0111613 0.00706145 0.999913
v 0.0287725 -0.0161754 5.64039e-05 0.8 0.8 0.8
vn -0.0130459 0.00429079 0.999906
v 0.0302064 -0.0100328 5.64039e-05 0.8 0.8 0.8
vn -0.0144589 0.00152905 0.999894
v 0.0272495 -6.93357e-09 2.37798e-05 0.8 0.8 0.8
vn -0.0070361 -5.51143e-05 0.999975
v 0.0268243 0.00890948 2.37798e-05 0.8 0.8 0.8
vn -0.00666672 -0.00088797 0.999977
v 0.025551 0.0143643 2.37798e-05 0.8 0.8 0.8
vn -0.00617151 -0.00227575 0.999978
v 0.023434 0.018668 2.37798e-05 0.8 0.8 0.8
vn -0.00526261 -0.00363898 0.99998
v 0.0204722 0.0220594 2.37798e-05 0.8 0.8 0.8
vn -0.00409031 -0.0049025 0.99998
v 0.0166379 0.0245977 2.37798e-05 0.8 0.8 0.8
vn -0.00276607 -0.00595816 0.999978
v 0.0118127 0.0262934 2.37798e-05 0.8 0.8 0.8
vn -0.00141872 -0.00673655 0.999976
v 0.00546122 0.0271431 2.37798e-05 0.8 0.8 0.8
vn -0.000284531 -0.00722023 0.999974
v -0.00546123 0.0271431 2.37798e-05 0.8 0.8 0.8
vn 0.000404936 -0.00676371 0.999977
v -0.0118127 0.0262934 2.37798e-05 0.8 0.8 0.8
vn 0.00159509 -0.00649272 0.999978
v -0.0166379 0.0245977 2.37798e-05 0.8 0.8 0.8
vn 0.00296216 -0.00575647 0.999979
v -0.0204722 0.0220594 2.37798e-05 0.8 0.8 0.8
vn 0.00429057 -0.00470279 0.99998
v -0.023434 0.018668 2.37798e-05 0.8 0.8 0.8
vn 0.00546195 -0.00343954 0.999979
v -0.025551 0.0143643 2.37798e-05 0.8 0.8 0.8
vn 0.0063834 -0.00208674 0.999977
v -0.0268243 0.00890948 2.37798e-05 0.8 0.8 0.8
vn 0.00708452 -0.000739839 0.999975
v -0.0272495 -6.93344e-09 2.37798e-05 0.8 0.8 0.8
vn 0.0070361 5.51143e-05 0.999975
v -0.0268243 -0.0089095 2.37798e-05 0.8 0.8 0.8
vn 0.00666672 0.00088797 0.999977
v -0.025551 -0.0143643 2.37798e-05 0.8 0.8 0.8
vn 0.00617151 0.00227575 0.999978
v -0.023434 -0.018668 2.37798e-05 0.8 0.8 0.8
vn 0.00526261 0.00363898 0.99998
v -0.0204722 -0.0220594 2.37798e-05 0.8 0.8 0.8
vn 0.00409031 0.0049025 0.99998
v -0.0166379 -0.0245977 2.37798e-05 0.8 0.8 0.8
vn 0.00276607 0.00595816 0.999978
v -0.0118127 -0.0262934 2.37798e-05 0.8 0.8 0.8
vn 0.00141872 0.00673655 0.999976
v -0.00546123 -0.0271431 2.37798e-05 0.8 0.8 0.8
vn 0.000284531 0.00722023 0.999974
v 0.00546122 -0.0271431 2.37798e-05 0.8 0.8 0.8
vn -0.000404936 0.00676371 0.999977
v 0.0118127 -0.0262934 2.37798e-05 0.8 0.8 0.8
vn -0.00159509 0.00649272 0.999978
v 0.0166379 -0.0245977 2.37798e-05 0.8 0.8 0.8
vn -0.00296216 0.00575647 0.999979
v 0.0204722 -0.0220594 2.37798e-05 0.8 0.8 0.8
vn -0.00429057 0.00470279 0.99998
v 0.023434 -0.018668 2.37798e-05 0.8 0.8 0.8
vn -0.00546195 0.00343954 0.999979
v 0.025551 -0.0143643 2.37798e-05 0.8 0.8 0.8
vn -0.0063834 0.00208674 0.999977
v 0.0268243 -0.0089095 2.37798e-05 0.8 0.8 0.8
vn -0.00708452 0.000739839 0.999975
v 0.0238328 -6.93357e-09 8.92788e-06 0.8 0.8 0.8
vn -0.00312412 -2.74876e-05 0.999995
v 0.023461 0.00779238 8.92788e-06 0.8 0.8 0.8
vn -0.00294846 -0.000398404 0.999996
v 0.0223473 0.0125632 8.92788e-06 0.8 0.8 0.8
vn -0.0027344 -0.00101566 0.999996
v 0.0204957 0.0163273 8.92788e-06 0.8 0.8 0.8
vn -0.0023312 -0.00162122 0.999996
v 0.0179053 0.0192935 8.92788e-06 0.8 0.8 0.8
vn -0.00181067 -0.00218223 0.999996
v 0.0145517 0.0215136 8.92788e-06 0.8 0.8 0.8
vn -0.00122282 -0.002651 0.999996
v 0.0103316 0.0229966 8.92788e-06 0.8 0.8 0.8
vn -0.000625146 -0.00299773 0.999995
v 0.00477647 0.0237398 8.92788e-06 0.8 0.8 0.8
vn -0.000123115 -0.00321808 0.999995
v -0.00477648 0.0237398 8.92788e-06 0.8 0.8 0.8
vn 0.000183169 -0.00299041 0.999996
v -0.0103316 0.0229966 8.92788e-06 0.8 0.8 0.8
vn 0.000713108 -0.00287613 0.999996
v -0.0145517 0.0215136 8.92788e-06 0.8 0.8 0.8
vn 0.00132062 -0.00255041 0.999996
v -0.0179053 0.0192935 8.92788e-06 0.8 0.8 0.8
vn 0.00191055 -0.00208263 0.999996
v -0.0204957 0.0163273 8.92788e-06 0.8 0.8 0.8
vn 0.00243061 -0.00152175 0.999996
v -0.0223473 0.0125632 8.92788e-06 0.8 0.8 0.8
vn 0.00284007 -0.000921394 0.999996
v -0.023461 0.00779238 8.92788e-06 0.8 0.8 0.8
vn 0.00315683 -0.000324522 0.999995
v -0.0238328 -6.93346e-09 8.92788e-06 0.8 0.8 0.8
vn 0.00312412 2.74876e-05 0.999995
v -0.023461 -0.00779239 8.92788e-06 0.8 0.8 0.8
vn 0.00294846 0.000398404 0.999996
v -0.0223473 -0.0125632 8.92788e-06 0.8 0.8 0.8
vn 0.0027344 0.00101566 0.999996
v -0.0204957 -0.0163273 8.92788e-06 0.8 0.8 0.8
vn 0.0023312 0.00162122 0.999996
v -0.0179053 -0.0192935 8.92788e-06 0.8 0.8 0.8
vn 0.00181067 0.00218223 0.999996
v -0.0145517 -0.0215136 8.92788e-06 0.8 0.8 0.8
vn 0.00122282 0.002651 0.999996
v -0.0103316 -0.0229966 8.92788e-06 0.8 0.8 0.8
vn 0.000625146 0.00299773 0.999995
v -0.00477648 -0.0237398 8.92788e-06 0.8 0.8 0.8
vn 0.000123115 0.00321808 0.999995
v 0.00477647 -0.0237398 8.92788e-06 0.8 0.8 0.8
vn -0.000183169 0.00299041 0.999996
v 0.0103316 -0.0229966 8.92788e-06 0.8 0.8 0.8
vn -0.000713108 0.00287613 0.999996
v 0.0145517 -0.0215136 8.92788e-06 0.8 0.8 0.8
vn -0.00132062 0.00255041 0.999996
v 0.0179053 -0.0192935 8.92788e-06 0.8 0.8 0.8
vn -0.00191055 0.00208263 0.999996
v 0.0204957 -0.0163273 8.92788e-06 0.8 0.8 0.8
vn -0.00243061 0.00152175 0.999996
v 0.0223473 -0.0125632 8.92788e-06 0.8 0.8 0.8
vn -0.00284007 0.000921394 0.999996
v 0.023461 -0.00779239 8.92788e-06 0.8 0.8 0.8
vn -0.00315683 0.000324522 0.999995
v 0.0204245 -6.93357e-09 2.87635e-06 0.8 0.8 0.8
vn -0.00123259 -1.23438e-05 0.999999
v 0.0201058 0.00667798 2.87635e-06 0.8 0.8 0.8
vn -0.00115772 -0.000159278 0.999999
v 0.0191514 0.0107665 2.87635e-06 0.8 0.8 0.8
vn -0.00107599 -0.000403326 0.999999
v 0.0175646 0.0139923 2.87635e-06 0.8 0.8 0.8
vn -0.000917047 -0.000642363 0.999999
v 0.0153446 0.0165343 2.87635e-06 0.8 0.8 0.8
vn -0.000711652 -0.00086368 0.999999
v 0.0124707 0.0184369 2.87635e-06 0.8 0.8 0.8
vn -0.000479775 -0.00104861 0.999999
v 0.00885404 0.0197078 2.87635e-06 0.8 0.8 0.8
vn -0.000244246 -0.0011859 0.999999
v 0.00409339 0.0203448 2.87635e-06 0.8 0.8 0.8
vn -4.69668e-05 -0.00127539 0.999999
v -0.00409339 0.0203448 2.87635e-06 0.8 0.8 0.8
vn 7.39658e-05 -0.00117375 0.999999
v -0.00885405 0.0197078 2.87635e-06 0.8 0.8 0.8
vn 0.000283795 -0.0011315 0.999999
v -0.0124707 0.0184369 2.87635e-06 0.8 0.8 0.8
vn 0.000523729 -0.00100351 0.999999
v -0.0153447 0.0165343 2.87635e-06 0.8 0.8 0.8
vn 0.000756513 -0.000818962 0.999999
v -0.0175646 0.0139923 2.87635e-06 0.8 0.8 0.8
vn 0.000961655 -0.000597669 0.999999
v -0.0191514 0.0107665 2.87635e-06 0.8 0.8 0.8
vn 0.00112332 -0.00036095 0.999999
v -0.0201058 0.00667798 2.87635e-06 0.8 0.8 0.8
vn 0.00125079 -0.000126039 0.999999
v -0.0204245 -6.93348e-09 2.87635e-06 0.8 0.8 0.8
vn 0.00123259 1.23438e-05 0.999999
v -0.0201058 -0.006678 2.87635e-06 0.8 0.8 0.8
vn 0.00115772 0.000159278 0.999999
v -0.0191514 -0.0107666 2.87635e-06 0.8 0.8 0.8
vn 0.00107599 0.000403326 0.999999
v -0.0175646 -0.0139924 2.87635e-06 0.8 0.8 0.8
vn 0.000917047 0.000642363 0.999999
v -0.0153447 -0.0165343 2.87635e-06 0.8 0.8 0.8
vn 0.000711652 0.00086368 0.999999
v -0.0124707 -0.0184369 2.87635e-06 0.8 0.8 0.8
vn 0.000479775 0.00104861 0.999999
v -0.00885405 -0.0197079 2.87635e-06 0.8 0.8 0.8
vn 0.000244246 0.0011859 0.999999
v -0.00409339 -0.0203448 2.87635e-06 0.8 0.8 0.8
vn 4.69668e-05 0.00127539 0.999999
v 0.00409339 -0.0203448 2.87635e-06 0.8 0.8 0.8
vn -7.39658e-05 0.00117375 0.999999
v 0.00885404 -0.0197079 2.87635e-06 0.8 0.8 0.8
vn -0.000283795 0.0011315 0.999999
v 0.0124707 -0.0184369 2.87635e-06 0.8 0.8 0.8
vn -0.000523729 0.00100351 0.999999
v 0.0153446 -0.0165343 2.87635e-06 0.8 0.8 0.8
vn -0.000756513 0.000818962 0.999999
v 0.0175646 -0.0139924 2.87635e-06 0.8 0.8 0.8
vn -0.000961655 0.000597669 0.999999
v 0.0191514 -0.0107666 2.87635e-06 0.8 0.8 0.8
vn -0.00112332 0.00036095 0.999999
v 0.0201058 -0.006678 2.87635e-06 0.8 0.8 0.8
vn -0.00125079 0.000126039 0.999999
v 0.0170193 -6.93357e-09 7.47529e-07 0.8 0.8 0.8
vn -0.000417213 -4.82637e-06 1
v 0.0167538 0.00556463 7.47529e-07 0.8 0.8 0.8
vn -0.00038956 -5.48362e-05 1
v 0.0159585 0.00897155 7.47529e-07 0.8 0.8 0.8
vn -0.000363005 -0.000137659 1
v 0.0146363 0.0116595 7.47529e-07 0.8 0.8 0.8
vn -0.000309249 -0.000218618 1
v 0.0127864 0.0137777 7.47529e-07 0.8 0.8 0.8
vn -0.000239704 -0.000293512 1
v 0.0103916 0.0153631 7.47529e-07 0.8 0.8 0.8
vn -0.000161235 -0.00035609 1
v 0.00737791 0.0164222 7.47529e-07 0.8 0.8 0.8
vn -8.16297e-05 -0.000402735 1
v 0.00341094 0.0169529 7.47529e-07 0.8 0.8 0.8
vn -1.52011e-05 -0.000434041 1
v -0.00341095 0.0169529 7.47529e-07 0.8 0.8 0.8
vn 2.57825e-05 -0.000394784 1
v -0.00737791 0.0164222 7.47529e-07 0.8 0.8 0.8
vn 9.7132e-05 -0.000381635 1
v -0.0103916 0.0153631 7.47529e-07 0.8 0.8 0.8
vn 0.000178449 -0.000338515 1
v -0.0127864 0.0137777 7.47529e-07 0.8 0.8 0.8
vn 0.000257252 -0.000276037 1
v -0.0146363 0.0116595 7.47529e-07 0.8 0.8 0.8
vn 0.00032666 -0.000201123 1
v -0.0159585 0.00897155 7.47529e-07 0.8 0.8 0.8
vn 0.00038141 -0.000121055 1
v -0.0167538 0.00556463 7.47529e-07 0.8 0.8 0.8
vn 0.00042555 -4.17916e-05 1
v -0.0170193 -6.93349e-09 7.47529e-07 0.8 0.8 0.8
vn 0.000417213 4.82637e-06 1
v -0.0167538 -0.00556465 7.47529e-07 0.8 0.8 0.8
vn 0.00038956 5.48362e-05 1
v -0.0159585 -0.00897157 7.47529e-07 0.8 0.8 0.8
vn 0.000363005 0.000137659 1
v -0.0146363 -0.0116596 7.47529e-07 0.8 0.8 0.8
vn 0.000309249 0.000218618 1
v -0.0127864 -0.0137777 7.47529e-07 0.8 0.8 0.8
vn 0.000239704 0.000293512 1
v -0.0103916 -0.0153631 7.47529e-07 0.8 0.8 0.8
vn 0.000161235 0.00035609 1
v -0.00737791 -0.0164222 7.47529e-07 0.8 0.8 0.8
vn 8.16297e-05 0.000402735 1
v -0.00341095 -0.0169529 7.47529e-07 0.8 0.8 0.8
vn 1.52011e-05 0.000434041 1
v 0.00341094 -0.0169529 7.47529e-07 0.8 0.8 0.8
vn -2.57825e-05 0.000394784 1
v 0.0073779 -0.0164222 7.47529e-07 0.8 0.8 0.8
vn -9.7132e-05 0.000381635 1
v 0.0103916 -0.0153631 7.47529e-07 0.8 0.8 0.8
vn -0.000178449 0.000338515 1
v 0.0127864 -0.0137777 7.47529e-07 0.8 0.8 0.8
vn -0.000257252 0.000276037 1
v 0.0146363 -0.0116596 7.47529e-07 0.8 0.8 0.8
vn -0.00032666 0.000201123 1
v 0.0159585 -0.00897157 7.47529e-07 0.8 0.8 0.8
vn -0.00038141 0.000121055 1
v 0.0167538 -0.00556465 7.47529e-07 0.8 0.8 0.8
vn -0.00042555 4.17916e-05 1
v 0.0136152 -6.93357e-09 1.36618e-07 0.8 0.8 0.8
vn -0.000114697 -1.55675e-06 1
v 0.0134028 0.00445163 1.36618e-07 0.8 0.8 0.8
vn -0.000106327 -1.54124e-05 1
v 0.0127666 0.00717711 1.36618e-07 0.8 0.8 0.8
vn -9.93819e-05 -3.82544e-05 1
v 0.0117088 0.00932747 1.36618e-07 0.8 0.8 0.8
vn -8.46091e-05 -6.0525e-05 1
v 0.0102289 0.011022 1.36618e-07 0.8 0.8 0.8
vn -6.54779e-05 -8.11034e-05 1
v 0.00831312 0.0122903 1.36618e-07 0.8 0.8 0.8
vn -4.39095e-05 -9.8292e-05 1
v 0.00590222 0.0131375 1.36618e-07 0.8 0.8 0.8
vn -2.20664e-05 -0.000111161 1
v 0.0027287 0.0135621 1.36618e-07 0.8 0.8 0.8
vn -3.93107e-06 -0.000120075 1
v -0.00272871 0.0135621 1.36618e-07 0.8 0.8 0.8
vn 7.35895e-06 -0.000107701 1
v -0.00590222 0.0131375 1.36618e-07 0.8 0.8 0.8
vn 2.70899e-05 -0.000104456 1
v -0.00831312 0.0122903 1.36618e-07 0.8 0.8 0.8
vn 4.94793e-05 -9.26585e-05 1
v -0.0102289 0.011022 1.36618e-07 0.8 0.8 0.8
vn 7.11426e-05 -7.54719e-05 1
v -0.0117088 0.00932747 1.36618e-07 0.8 0.8 0.8
vn 9.02072e-05 -5.487e-05 1
v -0.0127666 0.00717711 1.36618e-07 0.8 0.8 0.8
vn 0.000105259 -3.28779e-05 1
v -0.0134028 0.00445163 1.36618e-07 0.8 0.8 0.8
vn 0.000117696 -1.11759e-05 1
v -0.0136152 -6.93351e-09 1.36618e-07 0.8 0.8 0.8
vn 0.000114697 1.55675e-06 1
v -0.0134028 -0.00445164 1.36618e-07 0.8 0.8 0.8
vn 0.000106327 1.54124e-05 1
v -0.0127666 -0.00717713 1.36618e-07 0.8 0.8 0.8
vn 9.93819e-05 3.82544e-05 1
v -0.0117088 -0.00932748 1.36618e-07 0.8 0.8 0.8
vn 8.46091e-05 6.0525e-05 1
v -0.0102289 -0.011022 1.36618e-07 0.8 0.8 0.8
vn 6.54779e-05 8.11034e-05 1
v -0.00831312 -0.0122903 1.36618e-07 0.8 0.8 0.8
vn 4.39095e-05 9.8292e-05 1
v -0.00590222 -0.0131375 1.36618e-07 0.8 0.8 0.8
vn 2.20664e-05 0.000111161 1
v -0.00272871 -0.0135621 1.36618e-07 0.8 0.8 0.8
vn 3.93107e-06 0.000120075 1
v 0.0027287 -0.0135621 1.36618e-07 0.8 0.8 0.8
vn -7.35895e-06 0.000107701 1
v 0.00590222 -0.0131375 1.36618e-07 0.8 0.8 0.8
vn -2.70899e-05 0.000104456 1
v 0.00831312 -0.0122903 1.36618e-07 0.8 0.8 0.8
vn -4.94793e-05 9.26585e-05 1
v 0.0102289 -0.011022 1.36618e-07 0.8 0.8 0.8
vn -7.11426e-05 7.54719e-05 1
v 0.0117088 -0.00932748 1.36618e-07 0.8 0.8 0.8
vn -9.02072e-05 5.487e-05 1
v 0.0127666 -0.00717713 1.36618e-07 0.8 0.8 0.8
vn -0.000105259 3.28779e-05 1
v 0.0134028 -0.00445164 1.36618e-07 0.8 0.8 0.8
vn -0.000117696 1.11759e-05 1
v 0.0102114 -6.93357e-09 6.76192e-09 0.8 0.8 0.8
vn -2.34168e-05 -3.78062e-07 1
v 0.010052 0.0033387 6.76192e-09 0.8 0.8 0.8
vn -2.15352e-05 -3.24025e-06 1
v 0.00957488 0.00538281 6.76192e-09 0.8 0.8 0.8
vn -2.01892e-05 -7.92073e-06 1
v 0.00878157 0.00699557 6.76192e-09 0.8 0.8 0.8
vn -1.71694e-05 -1.24697e-05 1
v 0.00767167 0.00826646 6.76192e-09 0.8 0.8 0.8
vn -1.32576e-05 -1.66657e-05 1
v 0.00623481 0.00921766 6.76192e-09 0.8 0.8 0.8
vn -8.85374e-06 -2.01669e-05 1
v 0.00442665 0.00985308 6.76192e-09 0.8 0.8 0.8
vn -4.4047e-06 -2.27971e-05 1
v 0.00204652 0.0101715 6.76192e-09 0.8 0.8 0.8
vn -7.37065e-07 -2.46706e-05 1
v -0.00204652 0.0101715 6.76192e-09 0.8 0.8 0.8
vn 1.57674e-06 -2.18052e-05 1
v -0.00442665 0.00985308 6.76192e-09 0.8 0.8 0.8
vn 5.6359e-06 -2.12179e-05 1
v -0.00623482 0.00921766 6.76192e-09 0.8 0.8 0.8
vn 1.02147e-05 -1.88158e-05 1
v -0.00767168 0.00826646 6.76192e-09 0.8 0.8 0.8
vn 1.46354e-05 -1.53006e-05 1
v -0.00878158 0.00699557 6.76192e-09 0.8 0.8 0.8
vn 1.85202e-05 -1.10906e-05 1
v -0.00957489 0.00538281 6.76192e-09 0.8 0.8 0.8
vn 2.15873e-05 -6.60491e-06 1
v -0.010052 0.0033387 6.76192e-09 0.8 0.8 0.8
vn 2.41803e-05 -2.19737e-06 1
v -0.0102114 -6.93352e-09 6.76192e-09 0.8 0.8 0.8
vn 2.34168e-05 3.78062e-07 1
v -0.0100521 -0.00333872 6.76192e-09 0.8 0.8 0.8
vn 2.15352e-05 3.24025e-06 1
v -0.00957489 -0.00538283 6.76192e-09 0.8 0.8 0.8
vn 2.01892e-05 7.92073e-06 1
v -0.00878158 -0.00699559 6.76192e-09 0.8 0.8 0.8
vn 1.71694e-05 1.24697e-05 1
v -0.00767168 -0.00826647 6.76192e-09 0.8 0.8 0.8
vn 1.32576e-05 1.66657e-05 1
v -0.00623482 -0.00921768 6.76192e-09 0.8 0.8 0.8
vn 8.85374e-06 2.01669e-05 1
v -0.00442665 -0.0098531 6.76192e-09 0.8 0.8 0.8
vn 4.4047e-06 2.27971e-05 1
v -0.00204652 -0.0101715 6.76192e-09 0.8 0.8 0.8
vn 7.37065e-07 2.46706e-05 1
v 0.00204652 -0.0101715 6.76192e-09 0.8 0.8 0.8
vn -1.57674e-06 2.18052e-05 1
v 0.00442664 -0.0098531 6.76192e-09 0.8 0.8 0.8
vn -5.6359e-06 2.12179e-05 1
v 0.00623481 -0.00921768 6.76192e-09 0.8 0.8 0.8
vn -1.02147e-05 1.88158e-05 1
v 0.00767167 -0.00826647 6.76192e-09 0.8 0.8 0.8
vn -1.46354e-05 1.53006e-05 1
v 0.00878157 -0.00699559 6.76192e-09 0.8 0.8 0.8
vn -1.85202e-05 1.10906e-05 1
v 0.00957488 -0.00538283 6.76192e-09 0.8 0.8 0.8
vn -2.15873e-05 6.60491e-06 1
v 0.010052 -0.00333872 6.76192e-09 0.8 0.8 0.8
vn -2.41803e-05 2.19737e-06 1
v 0.00680758 -6.93357e-09 -1.02578e-08 0.8 0.8 0.8
vn -3.02848e-06 -5.85886e-08 1
v 0.00670136 0.0022258 -1.02578e-08 0.8 0.8 0.8
vn -2.76972e-06 -4.36345e-07 1
v 0.00638325 0.00358854 -1.02578e-08 0.8 0.8 0.8
vn -2.59797e-06 -1.04354e-06 1
v 0.00585438 0.00466371 -1.02578e-08 0.8 0.8 0.8
vn -2.20462e-06 -1.63159e-06 1
v 0.00511444 0.00551097 -1.02578e-08 0.8 0.8 0.8
vn -1.69658e-06 -2.17236e-06 1
v 0.00415654 0.0061451 -1.02578e-08 0.8 0.8 0.8
vn -1.12638e-06 -2.62215e-06 1
v 0.00295109 0.00656872 -1.02578e-08 0.8 0.8 0.8
vn -5.52526e-07 -2.95902e-06 1
v 0.00136434 0.00678101 -1.02578e-08 0.8 0.8 0.8
vn -8.45094e-08 -3.19902e-06 1
v -0.00136435 0.00678101 -1.02578e-08 0.8 0.8 0.8
vn 2.17272e-07 -2.80553e-06 1
v -0.0029511 0.00656872 -1.02578e-08 0.8 0.8 0.8
vn 7.47397e-07 -2.73202e-06 1
v -0.00415654 0.0061451 -1.02578e-08 0.8 0.8 0.8
vn 1.34032e-06 -2.41894e-06 1
v -0.00511445 0.00551097 -1.02578e-08 0.8 0.8 0.8
vn 1.91091e-06 -1.96172e-06 1
v -0.00585438 0.00466371 -1.02578e-08 0.8 0.8 0.8
vn 2.4108e-06 -1.41579e-06 1
v -0.00638326 0.00358854 -1.02578e-08 0.8 0.8 0.8
vn 2.80414e-06 -8.35965e-07 1
v -0.00670136 0.0022258 -1.02578e-08 0.8 0.8 0.8
vn 3.13769e-06 -2.69622e-07 1
v -0.00680758 -6.93354e-09 -1.02578e-08 0.8 0.8 0.8
vn 3.02848e-06 5.85886e-08 1
v -0.00670136 -0.00222581 -1.02578e-08 0.8 0.8 0.8
vn 2.76972e-06 4.36345e-07 1
v -0.00638326 -0.00358855 -1.02578e-08 0.8 0.8 0.8
vn 2.59797e-06 1.04354e-06 1
v -0.00585438 -0.00466373 -1.02578e-08 0.8 0.8 0.8
vn 2.20462e-06 1.63159e-06 1
v -0.00511445 -0.00551098 -1.02578e-08 0.8 0.8 0.8
vn 1.69658e-06 2.17236e-06 1
v -0.00415655 -0.00614512 -1.02578e-08 0.8 0.8 0.8
vn 1.12638e-06 2.62215e-06 1
v -0.0029511 -0.00656873 -1.02578e-08 0.8 0.8 0.8
vn 5.52526e-07 2.95902e-06 1
v -0.00136435 -0.00678102 -1.02578e-08 0.8 0.8 0.8
vn 8.45094e-08 3.19902e-06 1
v 0.00136434 -0.00678102 -1.02578e-08 0.8 0.8 0.8
vn -2.17272e-07 2.80553e-06 1
v 0.00295109 -0.00656873 -1.02578e-08 0.8 0.8 0.8
vn -7.47397e-07 2.73202e-06 1
v 0.00415654 -0.00614512 -1.02578e-08 0.8 0.8 0.8
vn -1.34032e-06 2.41894e-06 1
v 0.00511444 -0.00551098 -1.02578e-08 0.8 0.8 0.8
vn -1.91091e-06 1.96172e-06 1
v 0.00585438 -0.00466373 -1.02578e-08 0.8 0.8 0.8
vn -2.4108e-06 1.41579e-06 1
v 0.00638325 -0.00358855 -1.02578e-08 0.8 0.8 0.8
vn -2.80414e-06 8.35965e-07 1
v 0.00670136 -0.00222581 -1.02578e-08 0.8 0.8 0.8
vn -3.13769e-06 2.69622e-07 1
v 0.00340379 -6.93357e-09 -1.11702e-08 0.8 0.8 0.8
vn -1.79264e-07 -4.26407e-09 1
v 0.00335068 0.0011129 -1.11702e-08 0.8 0.8 0.8
vn -1.65978e-07 -2.78494e-08 1
v 0.00319162 0.00179427 -1.11702e-08 0.8 0.8 0.8
vn -1.53507e-07 -6.36914e-08 1
v 0.00292719 0.00233185 -1.11702e-08 0.8 0.8 0.8
vn -1.29427e-07 -9.83142e-08 1
v 0.00255722 0.00275548 -1.11702e-08 0.8 0.8 0.8
vn -9.88899e-08 -1.29906e-07 1
v 0.00207827 0.00307255 -1.11702e-08 0.8 0.8 0.8
vn -6.49378e-08 -1.55849e-07 1
v 0.00147555 0.00328435 -1.11702e-08 0.8 0.8 0.8
vn -3.10625e-08 -1.74596e-07 1
v 0.000682171 0.0033905 -1.11702e-08 0.8 0.8 0.8
vn -4.0559e-09 -1.86064e-07 1
v -0.000682176 0.0033905 -1.11702e-08 0.8 0.8 0.8
vn 1.43418e-08 -1.68899e-07 1
v -0.00147555 0.00328435 -1.11702e-08 0.8 0.8 0.8
vn 4.61735e-08 -1.62094e-07 1
v -0.00207827 0.00307255 -1.11702e-08 0.8 0.8 0.8
vn 8.11943e-08 -1.42458e-07 1
v -0.00255723 0.00275548 -1.11702e-08 0.8 0.8 0.8
vn 1.14669e-07 -1.14782e-07 1
v -0.00292719 0.00233185 -1.11702e-08 0.8 0.8 0.8
vn 1.43718e-07 -8.21357e-08 1
v -0.00319163 0.00179427 -1.11702e-08 0.8 0.8 0.8
vn 1.66133e-07 -4.77515e-08 1
v -0.00335068 0.0011129 -1.11702e-08 0.8 0.8 0.8
vn 1.83247e-07 -1.45327e-08 1
v -0.00340379 -6.93356e-09 -1.11702e-08 0.8 0.8 0.8
vn 1.79264e-07 4.26407e-09 1
v -0.00335068 -0.00111291 -1.11702e-08 0.8 0.8 0.8
vn 1.65978e-07 2.78494e-08 1
v -0.00319163 -0.00179428 -1.11702e-08 0.8 0.8 0.8
vn 1.53507e-07 6.36914e-08 1
v -0.00292719 -0.00233187 -1.11702e-08 0.8 0.8 0.8
vn 1.29427e-07 9.83142e-08 1
v -0.00255723 -0.00275549 -1.11702e-08 0.8 0.8 0.8
vn 9.88899e-08 1.29906e-07 1
v -0.00207827 -0.00307256 -1.11702e-08 0.8 0.8 0.8
vn 6.49378e-08 1.55849e-07 1
v -0.00147555 -0.00328437 -1.11702e-08 0.8 0.8 0.8
vn 3.10625e-08 1.74596e-07 1
v -0.000682176 -0.00339052 -1.11702e-08 0.8 0.8 0.8
vn 4.0559e-09 1.86064e-07 1
v 0.000682171 -0.00339052 -1.11702e-08 0.8 0.8 0.8
vn -1.43418e-08 1.68899e-07 1
v 0.00147555 -0.00328437 -1.11702e-08 0.8 0.8 0.8
vn -4.61735e-08 1.62094e-07 1
v 0.00207827 -0.00307256 -1.11702e-08 0.8 0.8 0.8
vn -8.11943e-08 1.42458e-07 1
v 0.00255722 -0.00275549 -1.11702e-08 0.8 0.8 0.8
vn -1.14669e-07 1.14782e-07 1
v 0.00292719 -0.00233187 -1.11702e-08 0.8 0.8 0.8
vn -1.43718e-07 8.21357e-08 1
v 0.00319162 -0.00179428 -1.11702e-08 0.8 0.8 0.8
vn -1.66133e-07 4.77515e-08 1
v 0.00335068 -0.00111291 -1.11702e-08 0.8 0.8 0.8
vn -1.83247e-07 1.45327e-08 1
v -2.72913e-09 -6.93357e-09 -1.11759e-08 0.8 0.8 0.8
vn -1.67564e-09 -7.99642e-11 1
v -2.72913e-09 -6.93357e-09 -1.11759e-08 0.8 0.8 0.8
vn -1.57972e-09 -3.68757e-10 1
v -2.72913e-09 -6.93357e-09 -1.11759e-08 0.8 0.8 0.8
vn -1.3999e-09 -6.88608e-10 1
v -2.72913e-09 -6.93357e-09 -1.11759e-08 0.8 0.8 0.8
vn -1.14905e-09 -1.0035e-09 1
v -2.72913e-09 -6.93357e-09 -1.11759e-08 0.8 0.8 0.8
vn -8.48793e-10 -1.28216e-09 1
v -2.72913e-09 -6.93357e-09 -1.11759e-08 0.8 0.8 0.8
vn -5.27048e-10 -1.49978e-09 1
v -2.72913e-09 -6.93357e-09 -1.11759e-08 0.8 0.8 0.8
vn -2.19164e-10 -1.63811e-09 1
v -2.72913e-09 -6.93357e-09 -1.11759e-08 0.8 0.8 0.8
vn -4.69893e-17 -1.6822e-09 1
v -2.72913e-09 -6.93357e-09 -1.11759e-08 0.8 0.8 0.8
vn 2.19164e-10 -1.63811e-09 1
v -2.72913e-09 -6.93357e-09 -1.11759e-08 0.8 0.8 0.8
vn 5.27048e-10 -1.49978e-09 1
v -2.72913e-09 -6.93357e-09 -1.11759e-08 0.8 0.8 0.8
vn 8.48793e-10 -1.28216e-09 1
v -2.72913e-09 -6.93357e-09 -1.11759e-08 0.8 0.8 0.8
vn 1.14905e-09 -1.0035e-09 1
v -2.72913e-09 -6.93357e-09 -1.11759e-08 0.8 0.8 0.8
vn 1.3999e-09 -6.88608e-10 1
v -2.72913e-09 -6.93357e-09 -1.11759e-08 0.8 0.8 0.8
vn 1.57972e-09 -3.68757e-10 1
v -2.72913e-09 -6.93357e-09 -1.11759e-08 0.8 0.8 0.8
vn 1.67564e-09 -7.99642e-11 1
v -2.72913e-09 -6.93357e-09 -1.11759e-08 0.8 0.8 0.8
vn 1.67564e-09 7.99642e-11 1
v -2.72913e-09 -6.93357e-09 -1.11759e-08 0.8 0.8 0.8
vn 1.57972e-09 3.68757e-10 1
v -2.72913e-09 -6.93357e-09 -1.11759e-08 0.8 0.8 0.8
vn 1.3999e-09 6.88608e-10 1
v -2.72913e-09 -6.93357e-09 -1.11759e-08 0.8 0.8 0.8
vn 1.14905e-09 1.0035e-09 1
v -2.72913e-09 -6.93357e-09 -1.11759e-08 0.8 0.8 0.8
vn 8.48793e-10 1.28216e-09 1
v -2.72913e-09 -6.93357e-09 -1.11759e-08 0.8 0.8 0.8
vn 5.27048e-10 1.49978e-09 1
v -2.72913e-09 -6.93357e-09 -1.11759e-08 0.8 0.8 0.8
vn 2.19164e-10 1.63811e-09 1
v -2.72913e-09 -6.93357e-09 -1.11759e-08 0.8 0.8 0.8
vn 4.69893e-17 1.6822e-09 1
v -2.72913e-09 -6.93357e-09 -1.11759e-08 0.8 0.8 0.8
vn -2.19164e-10 1.63811e-09 1
v -2.72913e-09 -6.93357e-09 -1.11759e-08 0.8 0.8 0.8
vn -5.27048e-10 1.49978e-09 1
v -2.72913e-09 -6.93357e-09 -1.11759e-08 0.8 0.8 0.8
vn -8.48793e-10 1.28216e-09 1
v -2.72913e-09 -6.93357e-09 -1.11759e-08 0.8 0.8 0.8
vn -1.14905e-09 1.0035e-09 1
v -2.72913e-09 -6.93357e-09 -1.11759e-08 0.8 0.8 0.8
vn -1.3999e-09 6.88608e-10 1
v -2.72913e-09 -6.93357e-09 -1.11759e-08 0.8 0.8 0.8
vn -1.57972e-09 3.68757e-10 1
v -2.72913e-09 -6.93357e-09 -1.11759e-08 0.8 0.8 0.8
vn -1.67564e-09 7.99642e-11 1
v 0.118972 -6.93357e-09 0.0196601 0.8 0.8 0.8
vn 0.640764 -0.00904855 -0.767684
v 0.117116 0.0388992 0.0196601 0.8 0.8 0.8
vn 0.635814 0.0598154 -0.769521
v 0.111557 0.062715 0.0196601 0.8 0.8 0.8
vn 0.594046 0.184739 -0.782931
v 0.102314 0.0815053 0.0196601 0.8 0.8 0.8
vn 0.519893 0.315183 -0.793959
v 0.0893824 0.0963123 0.0196601 0.8 0.8 0.8
vn 0.414218 0.438055 -0.797829
v 0.0726416 0.107395 0.0196601 0.8 0.8 0.8
vn 0.287998 0.537427 -0.792609
v 0.0515747 0.114798 0.0196601 0.8 0.8 0.8
vn 0.157377 0.603733 -0.781498
v 0.023844 0.118508 0.0196601 0.8 0.8 0.8
vn 0.0438463 0.63392 -0.772155
v -0.023844 0.118508 0.0196601 0.8 0.8 0.8
vn -0.0206177 0.641869 -0.766538
v -0.0515747 0.114798 0.0196601 0.8 0.8 0.8
vn -0.122033 0.618286 -0.776422
v -0.0726416 0.107395 0.0196601 0.8 0.8 0.8
vn -0.249804 0.561264 -0.789038
v -0.0893824 0.0963123 0.0196601 0.8 0.8 0.8
vn -0.378655 0.470497 -0.797027
v -0.102314 0.0815053 0.0196601 0.8 0.8 0.8
vn -0.491472 0.352714 -0.796271
v -0.111557 0.062715 0.0196601 0.8 0.8 0.8
vn -0.574978 0.222226 -0.787411
v -0.117116 0.0388992 0.0196601 0.8 0.8 0.8
vn -0.624078 0.0911878 -0.776023
v -0.118972 -6.93301e-09 0.0196601 0.8 0.8 0.8
vn -0.640764 0.00904855 -0.767684
v -0.117116 -0.0388992 0.0196601 0.8 0.8 0.8
vn -0.635814 -0.0598154 -0.769521
v -0.111557 -0.0627151 0.0196601 0.8 0.8 0.8
vn -0.594046 -0.184739 -0.782931
v -0.102314 -0.0815053 0.0196601 0.8 0.8 0.8
vn -0.519893 -0.315183 -0.793959
v -0.0893824 -0.0963123 0.0196601 0.8 0.8 0.8
vn -0.414218 -0.438055 -0.797829
v -0.0726416 -0.107395 0.0196601 0.8 0.8 0.8
vn -0.287998 -0.537427 -0.792609
v -0.0515747 -0.114798 0.0196601 0.8 0.8 0.8
vn -0.157377 -0.603733 -0.781498
v -0.023844 -0.118508 0.0196601 0.8 0.8 0.8
vn -0.0438463 -0.63392 -0.772155
v 0.0238439 -0.118508 0.0196601 0.8 0.8 0.8
vn 0.0206177 -0.641869 -0.766538
v 0.0515747 -0.114798 0.0196601 0.8 0.8 0.8
vn 0.122033 -0.618286 -0.776422
v 0.0726416 -0.107395 0.0196601 0.8 0.8 0.8
vn 0.249804 -0.561264 -0.789038
v 0.0893824 -0.0963123 0.0196601 0.8 0.8 0.8
vn 0.378655 -0.470497 -0.797027
v 0.102314 -0.0815053 0.0196601 0.8 0.8 0.8
vn 0.491472 -0.352714 -0.796271
v 0.111557 -0.0627151 0.0196601 0.8 0.8 0.8
vn 0.574978 -0.222226 -0.787411
v 0.117116 -0.0388992 0.0196601 0.8 0.8 0.8
vn 0.624078 -0.0911878 -0.776023
v 0.100004 -6.93357e-09 0.0134985 0.8 0.8 0.8
vn 0.304907 0.00159397 -0.952381
v 0.0984431 0.0326971 0.0134985 0.8 0.8 0.8
vn 0.297237 0.0380724 -0.954044
v 0.0937701 0.0527158 0.0134985 0.8 0.8 0.8
vn 0.271574 0.0981912 -0.957396
v 0.086001 0.0685101 0.0134985 0.8 0.8 0.8
vn 0.231663 0.157733 -0.959923
v 0.0751313 0.0809563 0.0134985 0.8 0.8 0.8
vn 0.180106 0.212676 -0.960381
v 0.0610597 0.0902718 0.0134985 0.8 0.8 0.8
vn 0.121725 0.257696 -0.958528
v 0.0433517 0.0964947 0.0134985 0.8 0.8 0.8
vn 0.0624976 0.289048 -0.955272
v 0.0200423 0.0996133 0.0134985 0.8 0.8 0.8
vn 0.0129418 0.304006 -0.952582
v -0.0200423 0.0996133 0.0134985 0.8 0.8 0.8
vn -0.0169997 0.302419 -0.953023
v -0.0433517 0.0964947 0.0134985 0.8 0.8 0.8
vn -0.0685619 0.286129 -0.955735
v -0.0610597 0.0902718 0.0134985 0.8 0.8 0.8
vn -0.128162 0.253312 -0.958857
v -0.0751313 0.0809563 0.0134985 0.8 0.8 0.8
vn -0.186141 0.207074 -0.960454
v -0.086001 0.0685101 0.0134985 0.8 0.8 0.8
vn -0.236705 0.151412 -0.959711
v -0.0937701 0.0527158 0.0134985 0.8 0.8 0.8
vn -0.275233 0.0918286 -0.956982
v -0.0984431 0.0326971 0.0134985 0.8 0.8 0.8
vn -0.299643 0.0326333 -0.953493
v -0.100004 -6.9331e-09 0.0134985 0.8 0.8 0.8
vn -0.304907 -0.00159397 -0.952381
v -0.0984431 -0.0326972 0.0134985 0.8 0.8 0.8
vn -0.297237 -0.0380724 -0.954044
v -0.0937702 -0.0527158 0.0134985 0.8 0.8 0.8
vn -0.271574 -0.0981912 -0.957396
v -0.086001 -0.0685101 0.0134985 0.8 0.8 0.8
vn -0.231663 -0.157733 -0.959923
v -0.0751313 -0.0809563 0.0134985 0.8 0.8 0.8
vn -0.180106 -0.212676 -0.960381
v -0.0610597 -0.0902718 0.0134985 0.8 0.8 0.8
vn -0.121725 -0.257696 -0.958528
v -0.0433517 -0.0964947 0.0134985 0.8 0.8 0.8
vn -0.0624976 -0.289048 -0.955272
v -0.0200423 -0.0996133 0.0134985 0.8 0.8 0.8
vn -0.0129418 -0.304006 -0.952582
v 0.0200423 -0.0996133 0.0134985 0.8 0.8 0.8
vn 0.0169997 -0.302419 -0.953023
v 0.0433517 -0.0964947 0.0134985 0.8 0.8 0.8
vn 0.0685619 -0.286129 -0.955735
v 0.0610597 -0.0902718 0.0134985 0.8 0.8 0.8
vn 0.128162 -0.253312 -0.958857
v 0.0751313 -0.0809563 0.0134985 0.8 0.8 0.8
vn 0.186141 -0.207074 -0.960454
v 0.086001 -0.0685101 0.0134985 0.8 0.8 0.8
vn 0.236705 -0.151412 -0.959711
v 0.0937701 -0.0527158 0.0134985 0.8 0.8 0.8
vn 0.275233 -0.0918286 -0.956982
v 0.0984431 -0.0326972 0.0134985 0.8 0.8 0.8
vn 0.299643 -0.0326333 -0.953493
v 0.0858976 -6.93357e-09 0.00908137 0.8 0.8 0.8
vn 0.29129 0.00146746 -0.956634
v 0.0845573 0.0280851 0.00908137 0.8 0.8 0.8
vn 0.283645 0.0362273 -0.958245
v 0.0805435 0.04528 0.00908137 0.8 0.8 0.8
vn 0.259312 0.0936228 -0.961245
v 0.0738702 0.0588465 0.00908137 0.8 0.8 0.8
vn 0.221228 0.150458 -0.963546
v 0.0645337 0.0695371 0.00908137 0.8 0.8 0.8
vn 0.172047 0.202939 -0.963958
v 0.052447 0.0775386 0.00908137 0.8 0.8 0.8
vn 0.116356 0.246019 -0.962256
v 0.0372367 0.0828837 0.00908137 0.8 0.8 0.8
vn 0.0598224 0.276148 -0.959252
v 0.0172152 0.0855624 0.00908137 0.8 0.8 0.8
vn 0.0124462 0.290767 -0.956713
v -0.0172152 0.0855624 0.00908137 0.8 0.8 0.8
vn -0.0161438 0.28854 -0.957332
v -0.0372367 0.0828837 0.00908137 0.8 0.8 0.8
vn -0.0653408 0.273185 -0.95974
v -0.052447 0.0775386 0.00908137 0.8 0.8 0.8
vn -0.122229 0.241886 -0.962575
v -0.0645337 0.0695371 0.00908137 0.8 0.8 0.8
vn -0.177585 0.19777 -0.964028
v -0.0738702 0.0588465 0.00908137 0.8 0.8 0.8
vn -0.225918 0.144677 -0.963343
v -0.0805435 0.04528 0.00908137 0.8 0.8 0.8
vn -0.262847 0.0878259 -0.960832
v -0.0845573 0.0280851 0.00908137 0.8 0.8 0.8
vn -0.2865 0.0312967 -0.957569
v -0.0858976 -6.93317e-09 0.00908137 0.8 0.8 0.8
vn -0.29129 -0.00146746 -0.956634
v -0.0845573 -0.0280851 0.00908137 0.8 0.8 0.8
vn -0.283645 -0.0362273 -0.958245
v -0.0805435 -0.04528 0.00908137 0.8 0.8 0.8
vn -0.259312 -0.0936228 -0.961245
v -0.0738702 -0.0588465 0.00908137 0.8 0.8 0.8
vn -0.221228 -0.150458 -0.963546
v -0.0645337 -0.0695371 0.00908137 0.8 0.8 0.8
vn -0.172047 -0.202939 -0.963958
v -0.052447 -0.0775386 0.00908137 0.8 0.8 0.8
vn -0.116356 -0.246019 -0.962256
v -0.0372367 -0.0828837 0.00908137 0.8 0.8 0.8
vn -0.0598224 -0.276148 -0.959252
v -0.0172152 -0.0855624 0.00908137 0.8 0.8 0.8
vn -0.0124462 -0.290767 -0.956713
v 0.0172152 -0.0855624 0.00908137 0.8 0.8 0.8
vn 0.0161438 -0.28854 -0.957332
v 0.0372367 -0.0828837 0.00908137 0.8 0.8 0.8
vn 0.0653408 -0.273185 -0.95974
v 0.052447 -0.0775386 0.00908137 0.8 0.8 0.8
vn 0.122229 -0.241886 -0.962575
v 0.0645337 -0.0695371 0.00908137 0.8 0.8 0.8
vn 0.177585 -0.19777 -0.964028
v 0.0738701 -0.0588465 0.00908137 0.8 0.8 0.8
vn 0.225918 -0.144677 -0.963343
v 0.0805435 -0.04528 0.00908137 0.8 0.8 0.8
vn 0.262847 -0.0878259 -0.960832
v 0.0845573 -0.0280851 0.00908137 0.8 0.8 0.8
vn 0.2865 -0.0312967 -0.957569
v 0.0752481 -6.93357e-09 0.00597279 0.8 0.8 0.8
vn 0.268441 0.00131645 -0.963295
v 0.074074 0.0246031 0.00597279 0.8 0.8 0.8
vn 0.260966 0.0332634 -0.964775
v 0.0705578 0.0396663 0.00597279 0.8 0.8 0.8
vn 0.238742 0.086109 -0.967258
v 0.0647118 0.0515508 0.00597279 0.8 0.8 0.8
vn 0.20368 0.138414 -0.969204
v 0.0565329 0.060916 0.00597279 0.8 0.8 0.8
vn 0.158443 0.186749 -0.969547
v 0.0459447 0.0679255 0.00597279 0.8 0.8 0.8
vn 0.107233 0.226529 -0.968084
v 0.0326202 0.0726079 0.00597279 0.8 0.8 0.8
vn 0.0552095 0.254513 -0.965492
v 0.0150809 0.0749545 0.00597279 0.8 0.8 0.8
vn 0.011533 0.268396 -0.96324
v -0.0150809 0.0749545 0.00597279 0.8 0.8 0.8
vn -0.0148014 0.265423 -0.964019
v -0.0326202 0.0726079 0.00597279 0.8 0.8 0.8
vn -0.0600774 0.251503 -0.96599
v -0.0459447 0.0679255 0.00597279 0.8 0.8 0.8
vn -0.112434 0.222696 -0.968383
v -0.056533 0.060916 0.00597279 0.8 0.8 0.8
vn -0.163389 0.182099 -0.96961
v -0.0647119 0.0515508 0.00597279 0.8 0.8 0.8
vn -0.20795 0.133277 -0.969017
v -0.0705578 0.0396663 0.00597279 0.8 0.8 0.8
vn -0.242125 0.0809865 -0.966859
v -0.074074 0.0246031 0.00597279 0.8 0.8 0.8
vn -0.264344 0.028938 -0.963994
v -0.0752481 -6.93322e-09 0.00597279 0.8 0.8 0.8
vn -0.268441 -0.00131645 -0.963295
v -0.074074 -0.0246031 0.00597279 0.8 0.8 0.8
vn -0.260966 -0.0332634 -0.964775
v -0.0705578 -0.0396663 0.00597279 0.8 0.8 0.8
vn -0.238742 -0.086109 -0.967258
v -0.0647119 -0.0515508 0.00597279 0.8 0.8 0.8
vn -0.20368 -0.138414 -0.969204
v -0.056533 -0.060916 0.00597279 0.8 0.8 0.8
vn -0.158443 -0.186749 -0.969547
v -0.0459447 -0.0679255 0.00597279 0.8 0.8 0.8
vn -0.107233 -0.226529 -0.968084
v -0.0326202 -0.0726079 0.00597279 0.8 0.8 0.8
vn -0.0552095 -0.254513 -0.965492
v -0.0150809 -0.0749545 0.00597279 0.8 0.8 0.8
vn -0.011533 -0.268396 -0.96324
v 0.0150809 -0.0749545 0.00597279 0.8 0.8 0.8
vn 0.0148014 -0.265423 -0.964019
v 0.0326202 -0.0726079 0.00597279 0.8 0.8 0.8
vn 0.0600774 -0.251503 -0.96599
v 0.0459447 -0.0679255 0.00597279 0.8 0.8 0.8
vn 0.112434 -0.222696 -0.968383
v 0.0565329 -0.060916 0.00597279 0.8 0.8 0.8
vn 0.163389 -0.182099 -0.96961
v 0.0647118 -0.0515508 0.00597279 0.8 0.8 0.8
vn 0.20795 -0.133277 -0.969017
v 0.0705578 -0.0396663 0.00597279 0.8 0.8 0.8
vn 0.242125 -0.0809865 -0.966859
v 0.074074 -0.0246031 0.00597279 0.8 0.8 0.8
vn 0.264344 -0.028938 -0.963994
v 0.0670082 -6.93357e-09 0.00382972 0.8 0.8 0.8
vn 0.235665 0.00114219 -0.971834
v 0.0659627 0.021909 0.00382972 0.8 0.8 0.8
vn 0.228597 0.0291123 -0.973086
v 0.0628315 0.0353227 0.00382972 0.8 0.8 0.8
vn 0.209303 0.0754579 -0.974935
v 0.0576257 0.0459058 0.00382972 0.8 0.8 0.8
vn 0.178549 0.121294 -0.976426
v 0.0503424 0.0542455 0.00382972 0.8 0.8 0.8
vn 0.138924 0.16369 -0.976681
v 0.0409136 0.0604874 0.00382972 0.8 0.8 0.8
vn 0.0940902 0.198689 -0.975536
v 0.0290482 0.0646571 0.00382972 0.8 0.8 0.8
vn 0.048508 0.223491 -0.973498
v 0.0134295 0.0667468 0.00382972 0.8 0.8 0.8
vn 0.0101635 0.236136 -0.971667
v -0.0134295 0.0667468 0.00382972 0.8 0.8 0.8
vn -0.0129446 0.232455 -0.972521
v -0.0290482 0.0646571 0.00382972 0.8 0.8 0.8
vn -0.0526386 0.220484 -0.973969
v -0.0409136 0.0604874 0.00382972 0.8 0.8 0.8
vn -0.0985276 0.195224 -0.975797
v -0.0503424 0.0542455 0.00382972 0.8 0.8 0.8
vn -0.14319 0.159639 -0.976735
v -0.0576257 0.0459058 0.00382972 0.8 0.8 0.8
vn -0.182323 0.116893 -0.976266
v -0.0628315 0.0353227 0.00382972 0.8 0.8 0.8
vn -0.212475 0.0711009 -0.974576
v -0.0659627 0.021909 0.00382972 0.8 0.8 0.8
vn -0.232447 0.0254696 -0.972275
v -0.0670083 -6.93326e-09 0.00382972 0.8 0.8 0.8
vn -0.235665 -0.00114219 -0.971834
v -0.0659627 -0.021909 0.00382972 0.8 0.8 0.8
vn -0.228597 -0.0291123 -0.973086
v -0.0628315 -0.0353227 0.00382972 0.8 0.8 0.8
vn -0.209303 -0.0754579 -0.974935
v -0.0576257 -0.0459058 0.00382972 0.8 0.8 0.8
vn -0.178549 -0.121294 -0.976426
v -0.0503424 -0.0542455 0.00382972 0.8 0.8 0.8
vn -0.138924 -0.16369 -0.976681
v -0.0409136 -0.0604874 0.00382972 0.8 0.8 0.8
vn -0.0940902 -0.198689 -0.975536
v -0.0290482 -0.0646571 0.00382972 0.8 0.8 0.8
vn -0.048508 -0.223491 -0.973498
v -0.0134295 -0.0667468 0.00382972 0.8 0.8 0.8
vn -0.0101635 -0.236136 -0.971667
v 0.0134295 -0.0667468 0.00382972 0.8 0.8 0.8
vn 0.0129446 -0.232455 -0.972521
v 0.0290482 -0.0646571 0.00382972 0.8 0.8 0.8
vn 0.0526386 -0.220484 -0.973969
v 0.0409136 -0.0604874 0.00382972 0.8 0.8 0.8
vn 0.0985276 -0.195224 -0.975797
v 0.0503424 -0.0542455 0.00382972 0.8 0.8 0.8
vn 0.14319 -0.159639 -0.976735
v 0.0576257 -0.0459058 0.00382972 0.8 0.8 0.8
vn 0.182323 -0.116893 -0.976266
v 0.0628315 -0.0353227 0.00382972 0.8 0.8 0.8
vn 0.212475 -0.0711009 -0.974576
v 0.0659627 -0.021909 0.00382972 0.8 0.8 0.8
vn 0.232447 -0.0254696 -0.972275
v 0.060412 -6.93357e-09 0.00238615 0.8 0.8 0.8
vn 0.194585 0.000948978 -0.980885
v 0.0594694 0.0197523 0.00238615 0.8 0.8 0.8
vn 0.18824 0.0239837 -0.98183
v 0.0566464 0.0318455 0.00238615 0.8 0.8 0.8
vn 0.17253 0.0622147 -0.983038
v 0.0519531 0.0413869 0.00238615 0.8 0.8 0.8
vn 0.147162 0.0999899 -0.984045
v 0.0453867 0.0489056 0.00238615 0.8 0.8 0.8
vn 0.114522 0.134961 -0.984211
v 0.0368861 0.0545331 0.00238615 0.8 0.8 0.8
vn 0.0776125 0.163926 -0.983415
v 0.0261887 0.0582923 0.00238615 0.8 0.8 0.8
vn 0.0400583 0.184616 -0.981994
v 0.0121075 0.0601762 0.00238615 0.8 0.8 0.8
vn 0.00840689 0.195493 -0.980669
v -0.0121075 0.0601762 0.00238615 0.8 0.8 0.8
vn -0.0106648 0.191373 -0.98146
v -0.0261887 0.0582923 0.00238615 0.8 0.8 0.8
vn -0.043401 0.181738 -0.982389
v -0.0368861 0.0545331 0.00238615 0.8 0.8 0.8
vn -0.0812276 0.160914 -0.98362
v -0.0453867 0.0489056 0.00238615 0.8 0.8 0.8
vn -0.118043 0.13158 -0.984252
v -0.0519531 0.0413869 0.00238615 0.8 0.8 0.8
vn -0.150364 0.0963855 -0.983921
v -0.0566464 0.0318455 0.00238615 0.8 0.8 0.8
vn -0.175393 0.0586781 -0.982748
v -0.0594694 0.0197523 0.00238615 0.8 0.8 0.8
vn -0.192326 0.0210632 -0.981105
v -0.060412 -6.93329e-09 0.00238615 0.8 0.8 0.8
vn -0.194585 -0.000948978 -0.980885
v -0.0594694 -0.0197523 0.00238615 0.8 0.8 0.8
vn -0.18824 -0.0239837 -0.98183
v -0.0566464 -0.0318455 0.00238615 0.8 0.8 0.8
vn -0.17253 -0.0622147 -0.983038
v -0.0519531 -0.0413869 0.00238615 0.8 0.8 0.8
vn -0.147162 -0.0999899 -0.984045
v -0.0453867 -0.0489056 0.00238615 0.8 0.8 0.8
vn -0.114522 -0.134961 -0.984211
v -0.0368861 -0.0545331 0.00238615 0.8 0.8 0.8
vn -0.0776125 -0.163926 -0.983415
v -0.0261887 -0.0582923 0.00238615 0.8 0.8 0.8
vn -0.0400583 -0.184616 -0.981994
v -0.0121075 -0.0601762 0.00238615 0.8 0.8 0.8
vn -0.00840689 -0.195493 -0.980669
v 0.0121075 -0.0601762 0.00238615 0.8 0.8 0.8
vn 0.0106648 -0.191373 -0.98146
v 0.0261887 -0.0582923 0.00238615 0.8 0.8 0.8
vn 0.043401 -0.181738 -0.982389
v 0.0368861 -0.0545331 0.00238615 0.8 0.8 0.8
vn 0.0812276 -0.160914 -0.98362
v 0.0453867 -0.0489056 0.00238615 0.8 0.8 0.8
vn 0.118043 -0.13158 -0.984252
v 0.0519531 -0.0413869 0.00238615 0.8 0.8 0.8
vn 0.150364 -0.0963855 -0.983921
v 0.0566464 -0.0318455 0.00238615 0.8 0.8 0.8
vn 0.175393 -0.0586781 -0.982748
v 0.0594694 -0.0197523 0.00238615 0.8 0.8 0.8
vn 0.192326 -0.0210632 -0.981105
v 0.0549097 -6.93357e-09 0.00143895 0.8 0.8 0.8
vn 0.149586 0.000747779 -0.988748
v 0.0540529 0.0179533 0.00143895 0.8 0.8 0.8
vn 0.144278 0.0184165 -0.989366
v 0.0514871 0.0289451 0.00143895 0.8 0.8 0.8
vn 0.132401 0.0477886 -0.990043
v 0.0472212 0.0376174 0.00143895 0.8 0.8 0.8
vn 0.112925 0.0767832 -0.990632
v 0.0412529 0.0444513 0.00143895 0.8 0.8 0.8
vn 0.0878882 0.103646 -0.990724
v 0.0335265 0.0495662 0.00143895 0.8 0.8 0.8
vn 0.0595898 0.125962 -0.990244
v 0.0238034 0.0529831 0.00143895 0.8 0.8 0.8
vn 0.0307789 0.142024 -0.989385
v 0.0110048 0.0546954 0.00143895 0.8 0.8 0.8
vn 0.00645941 0.150735 -0.988553
v -0.0110048 0.0546954 0.00143895 0.8 0.8 0.8
vn -0.00819655 0.146638 -0.989156
v -0.0238034 0.0529831 0.00143895 0.8 0.8 0.8
vn -0.0333424 0.139454 -0.989667
v -0.0335265 0.0495662 0.00143895 0.8 0.8 0.8
vn -0.0623823 0.123483 -0.990384
v -0.0412529 0.0444513 0.00143895 0.8 0.8 0.8
vn -0.0906446 0.10097 -0.990752
v -0.0472212 0.0376174 0.00143895 0.8 0.8 0.8
vn -0.115501 0.0739835 -0.990548
v -0.0514871 0.0289451 0.00143895 0.8 0.8 0.8
vn -0.134838 0.0450675 -0.989842
v -0.0540529 0.0179533 0.00143895 0.8 0.8 0.8
vn -0.148205 0.0161997 -0.988824
v -0.0549097 -6.93331e-09 0.00143895 0.8 0.8 0.8
vn -0.149586 -0.000747779 -0.988748
v -0.0540529 -0.0179533 0.00143895 0.8 0.8 0.8
vn -0.144278 -0.0184165 -0.989366
v -0.0514871 -0.0289451 0.00143895 0.8 0.8 0.8
vn -0.132401 -0.0477886 -0.990043
v -0.0472212 -0.0376174 0.00143895 0.8 0.8 0.8
vn -0.112925 -0.0767832 -0.990632
v -0.0412529 -0.0444513 0.00143895 0.8 0.8 0.8
vn -0.0878882 -0.103646 -0.990724
v -0.0335265 -0.0495662 0.00143895 0.8 0.8 0.8
vn -0.0595898 -0.125962 -0.990244
v -0.0238034 -0.0529831 0.00143895 0.8 0.8 0.8
vn -0.0307789 -0.142024 -0.989385
v -0.0110048 -0.0546954 0.00143895 0.8 0.8 0.8
vn -0.00645941 -0.150735 -0.988553
v 0.0110048 -0.0546954 0.00143895 0.8 0.8 0.8
vn 0.00819655 -0.146638 -0.989156
v 0.0238034 -0.0529831 0.00143895 0.8 0.8 0.8
vn 0.0333424 -0.139454 -0.989667
v 0.0335265 -0.0495662 0.00143895 0.8 0.8 0.8
vn 0.0623823 -0.123483 -0.990384
v 0.0412529 -0.0444513 0.00143895 0.8 0.8 0.8
vn 0.0906446 -0.10097 -0.990752
v 0.0472212 -0.0376174 0.00143895 0.8 0.8 0.8
vn 0.115501 -0.0739835 -0.990548
v 0.0514871 -0.0289451 0.00143895 0.8 0.8 0.8
vn 0.134838 -0.0450675 -0.989842
v 0.0540529 -0.0179533 0.00143895 0.8 0.8 0.8
vn 0.148205 -0.0161997 -0.988824
v 0.0501155 -6.93357e-09 0.000835808 0.8 0.8 0.8
vn 0.106533 0.000555381 -0.994309
v 0.0493336 0.0163858 0.000835808 0.8 0.8 0.8
vn 0.102444 0.0131189 -0.994652
v 0.0469918 0.0264179 0.000835808 0.8 0.8 0.8
vn 0.0941422 0.0340347 -0.994977
v 0.0430983 0.034333 0.000835808 0.8 0.8 0.8
vn 0.0802926 0.0546643 -0.995271
v 0.0376512 0.0405703 0.000835808 0.8 0.8 0.8
vn 0.0624931 0.073788 -0.995314
v 0.0305993 0.0452386 0.000835808 0.8 0.8 0.8
vn 0.0423801 0.0897113 -0.995066
v 0.0217252 0.0483571 0.000835808 0.8 0.8 0.8
vn 0.0218945 0.101246 -0.99462
v 0.0100439 0.04992 0.000835808 0.8 0.8 0.8
vn 0.00458614 0.107685 -0.994175
v -0.0100439 0.04992 0.000835808 0.8 0.8 0.8
vn -0.00584887 0.104087 -0.994551
v -0.0217252 0.0483571 0.000835808 0.8 0.8 0.8
vn -0.0237528 0.0991412 -0.99479
v -0.0305993 0.0452386 0.000835808 0.8 0.8 0.8
vn -0.0444183 0.0878013 -0.995147
v -0.0376512 0.0405703 0.000835808 0.8 0.8 0.8
vn -0.0645292 0.071792 -0.99533
v -0.0430983 0.034333 0.000835808 0.8 0.8 0.8
vn -0.0822396 0.0526106 -0.995223
v -0.0469918 0.0264179 0.000835808 0.8 0.8 0.8
vn -0.0960684 0.0320558 -0.994858
v -0.0493336 0.0163858 0.000835808 0.8 0.8 0.8
vn -0.105822 0.0115274 -0.994318
v -0.0501155 -6.93334e-09 0.000835808 0.8 0.8 0.8
vn -0.106533 -0.000555381 -0.994309
v -0.0493336 -0.0163858 0.000835808 0.8 0.8 0.8
vn -0.102444 -0.0131189 -0.994652
v -0.0469918 -0.0264179 0.000835808 0.8 0.8 0.8
vn -0.0941422 -0.0340347 -0.994977
v -0.0430983 -0.034333 0.000835808 0.8 0.8 0.8
vn -0.0802926 -0.0546643 -0.995271
v -0.0376512 -0.0405703 0.000835808 0.8 0.8 0.8
vn -0.0624931 -0.073788 -0.995314
v -0.0305993 -0.0452386 0.000835808 0.8 0.8 0.8
vn -0.0423801 -0.0897113 -0.995066
v -0.0217252 -0.0483571 0.000835808 0.8 0.8 0.8
vn -0.0218945 -0.101246 -0.99462
v -0.010044 -0.04992 0.000835808 0.8 0.8 0.8
vn -0.00458614 -0.107685 -0.994175
v 0.0100439 -0.04992 0.000835808 0.8 0.8 0.8
vn 0.00584887 -0.104087 -0.994551
v 0.0217252 -0.0483571 0.000835808 0.8 0.8 0.8
vn 0.0237528 -0.0991412 -0.99479
v 0.0305993 -0.0452386 0.000835808 0.8 0.8 0.8
vn 0.0444183 -0.0878013 -0.995147
v 0.0376512 -0.0405703 0.000835808 0.8 0.8 0.8
vn 0.0645292 -0.071792 -0.99533
v 0.0430983 -0.034333 0.000835808 0.8 0.8 0.8
vn 0.0822396 -0.0526106 -0.995223
v 0.0469918 -0.0264179 0.000835808 0.8 0.8 0.8
vn 0.0960684 -0.0320558 -0.994858
v 0.0493336 -0.0163858 0.000835808 0.8 0.8 0.8
vn 0.105822 -0.0115274 -0.994318
v 0.0457654 -6.93357e-09 0.000464806 0.8 0.8 0.8
vn 0.0703031 0.00038807 -0.997526
v 0.0450513 0.0149634 0.000464806 0.8 0.8 0.8
vn 0.0674089 0.00867239 -0.997688
v 0.0429127 0.0241247 0.000464806 0.8 0.8 0.8
vn 0.0620364 0.0224798 -0.997821
v 0.0393573 0.0313528 0.000464806 0.8 0.8 0.8
vn 0.0529113 0.0360884 -0.997947
v 0.0343829 0.0370486 0.000464806 0.8 0.8 0.8
vn 0.0411796 0.0487078 -0.997964
v 0.0279432 0.0413118 0.000464806 0.8 0.8 0.8
vn 0.0279242 0.0592312 -0.997854
v 0.0198394 0.0441596 0.000464806 0.8 0.8 0.8
vn 0.014421 0.0668927 -0.997656
v 0.0091721 0.0455868 0.000464806 0.8 0.8 0.8
vn 0.00300879 0.0712787 -0.997452
v -0.0091721 0.0455868 0.000464806 0.8 0.8 0.8
vn -0.00387647 0.0684684 -0.997646
v -0.0198394 0.0441596 0.000464806 0.8 0.8 0.8
vn -0.0156954 0.0653174 -0.997741
v -0.0279432 0.0413118 0.000464806 0.8 0.8 0.8
vn -0.0293297 0.0578602 -0.997894
v -0.0343829 0.0370486 0.000464806 0.8 0.8 0.8
vn -0.0425968 0.0473083 -0.997972
v -0.0393573 0.0313528 0.000464806 0.8 0.8 0.8
vn -0.05429 0.0346667 -0.997923
v -0.0429127 0.0241247 0.000464806 0.8 0.8 0.8
vn -0.0634443 0.0211193 -0.997762
v -0.0450513 0.0149634 0.000464806 0.8 0.8 0.8
vn -0.0700156 0.00758964 -0.997517
v -0.0457654 -6.93336e-09 0.000464806 0.8 0.8 0.8
vn -0.0703031 -0.00038807 -0.997526
v -0.0450513 -0.0149634 0.000464806 0.8 0.8 0.8
vn -0.0674089 -0.00867239 -0.997688
v -0.0429127 -0.0241247 0.000464806 0.8 0.8 0.8
vn -0.0620364 -0.0224798 -0.997821
v -0.0393573 -0.0313528 0.000464806 0.8 0.8 0.8
vn -0.0529113 -0.0360884 -0.997947
v -0.0343829 -0.0370487 0.000464806 0.8 0.8 0.8
vn -0.0411796 -0.0487078 -0.997964
v -0.0279432 -0.0413118 0.000464806 0.8 0.8 0.8
vn -0.0279242 -0.0592312 -0.997854
v -0.0198394 -0.0441596 0.000464806 0.8 0.8 0.8
vn -0.014421 -0.0668927 -0.997656
v -0.00917211 -0.0455868 0.000464806 0.8 0.8 0.8
vn -0.00300879 -0.0712787 -0.997452
v 0.0091721 -0.0455868 0.000464806 0.8 0.8 0.8
vn 0.00387647 -0.0684684 -0.997646
v 0.0198394 -0.0441596 0.000464806 0.8 0.8 0.8
vn 0.0156954 -0.0653174 -0.997741
v 0.0279432 -0.0413118 0.000464806 0.8 0.8 0.8
vn 0.0293297 -0.0578602 -0.997894
v 0.0343829 -0.0370487 0.000464806 0.8 0.8 0.8
vn 0.0425968 -0.0473083 -0.997972
v 0.0393573 -0.0313528 0.000464806 0.8 0.8 0.8
vn 0.05429 -0.0346667 -0.997923
v 0.0429127 -0.0241247 0.000464806 0.8 0.8 0.8
vn 0.0634443 -0.0211193 -0.997762
v 0.0450513 -0.0149634 0.000464806 0.8 0.8 0.8
vn 0.0700156 -0.00758964 -0.997517
v 0.0416834 -6.93357e-09 0.00024561 0.8 0.8 0.8
vn 0.0431048 0.000255284 -0.999071
v 0.041033 0.0136288 0.00024561 0.8 0.8 0.8
vn 0.0412152 0.00533471 -0.999136
v 0.0390852 0.021973 0.00024561 0.8 0.8 0.8
vn 0.0379847 0.0138063 -0.999183
v 0.0358469 0.0285563 0.00024561 0.8 0.8 0.8
vn 0.0323981 0.0221502 -0.99923
v 0.0313162 0.0337442 0.00024561 0.8 0.8 0.8
vn 0.0252108 0.0298883 -0.999235
v 0.0254509 0.037627 0.00024561 0.8 0.8 0.8
vn 0.0170899 0.0363471 -0.999193
v 0.0180698 0.0402209 0.00024561 0.8 0.8 0.8
vn 0.00881773 0.0410676 -0.999117
v 0.00835401 0.0415208 0.00024561 0.8 0.8 0.8
vn 0.00182854 0.0438302 -0.999037
v -0.00835402 0.0415208 0.00024561 0.8 0.8 0.8
vn -0.00239285 0.0418503 -0.999121
v -0.0180698 0.0402209 0.00024561 0.8 0.8 0.8
vn -0.00964542 0.0399852 -0.999154
v -0.0254509 0.037627 0.00024561 0.8 0.8 0.8
vn -0.0180064 0.0354292 -0.99921
v -0.0313162 0.0337442 0.00024561 0.8 0.8 0.8
vn -0.0261407 0.0289656 -0.999239
v -0.0358469 0.0285563 0.00024561 0.8 0.8 0.8
vn -0.0333132 0.0212206 -0.99922
v -0.0390852 0.021973 0.00024561 0.8 0.8 0.8
vn -0.0389382 0.012921 -0.999158
v -0.041033 0.0136288 0.00024561 0.8 0.8 0.8
vn -0.0430388 0.00463538 -0.999063
v -0.0416834 -6.93338e-09 0.00024561 0.8 0.8 0.8
vn -0.0431048 -0.000255284 -0.999071
v -0.041033 -0.0136288 0.00024561 0.8 0.8 0.8
vn -0.0412152 -0.00533471 -0.999136
v -0.0390852 -0.021973 0.00024561 0.8 0.8 0.8
vn -0.0379847 -0.0138063 -0.999183
v -0.0358469 -0.0285564 0.00024561 0.8 0.8 0.8
vn -0.0323981 -0.0221502 -0.99923
v -0.0313162 -0.0337442 0.00024561 0.8 0.8 0.8
vn -0.0252108 -0.0298883 -0.999235
v -0.0254509 -0.0376271 0.00024561 0.8 0.8 0.8
vn -0.0170899 -0.0363471 -0.999193
v -0.0180698 -0.0402209 0.00024561 0.8 0.8 0.8
vn -0.00881773 -0.0410676 -0.999117
v -0.00835402 -0.0415208 0.00024561 0.8 0.8 0.8
vn -0.00182854 -0.0438302 -0.999037
v 0.00835401 -0.0415208 0.00024561 0.8 0.8 0.8
vn 0.00239285 -0.0418503 -0.999121
v 0.0180698 -0.0402209 0.00024561 0.8 0.8 0.8
vn 0.00964542 -0.0399852 -0.999154
v 0.0254509 -0.0376271 0.00024561 0.8 0.8 0.8
vn 0.0180064 -0.0354292 -0.99921
v 0.0313162 -0.0337442 0.00024561 0.8 0.8 0.8
vn 0.0261407 -0.0289656 -0.999239
v 0.0358469 -0.0285564 0.00024561 0.8 0.8 0.8
vn 0.0333132 -0.0212206 -0.99922
v 0.0390852 -0.021973 0.00024561 0.8 0.8 0.8
vn 0.0389382 -0.012921 -0.999158
v 0.041033 -0.0136288 0.00024561 0.8 0.8 0.8
vn 0.0430388 -0.00463538 -0.999063
v 0.0377567 -6.93357e-09 0.000122121 0.8 0.8 0.8
vn 0.0245948 0.000158127 -0.999697
v 0.0371675 0.0123449 0.000122121 0.8 0.8 0.8
vn 0.023451 0.00305862 -0.99972
v 0.0354032 0.019903 0.000122121 0.8 0.8 0.8
vn 0.0216435 0.00789699 -0.999735
v 0.03247 0.0258662 0.000122121 0.8 0.8 0.8
vn 0.01846 0.0126588 -0.999749
v 0.0283661 0.0305653 0.000122121 0.8 0.8 0.8
vn 0.0143609 0.0170747 -0.999751
v 0.0230533 0.0340824 0.000122121 0.8 0.8 0.8
vn 0.00972943 0.0207625 -0.999737
v 0.0163676 0.0364319 0.000122121 0.8 0.8 0.8
vn 0.00501278 0.0234662 -0.999712
v 0.00756703 0.0376093 0.000122121 0.8 0.8 0.8
vn 0.00103083 0.0250805 -0.999685
v -0.00756704 0.0376093 0.000122121 0.8 0.8 0.8
vn -0.00137799 0.0238056 -0.999716
v -0.0163676 0.0364319 0.000122121 0.8 0.8 0.8
vn -0.00552157 0.0227788 -0.999725
v -0.0230533 0.0340824 0.000122121 0.8 0.8 0.8
vn -0.0102941 0.020188 -0.999743
v -0.0283661 0.0305653 0.000122121 0.8 0.8 0.8
vn -0.014936 0.0165024 -0.999752
v -0.03247 0.0258662 0.000122121 0.8 0.8 0.8
vn -0.0190297 0.0120852 -0.999746
v -0.0354032 0.019903 0.000122121 0.8 0.8 0.8
vn -0.0222442 0.00735217 -0.999726
v -0.0371676 0.0123449 0.000122121 0.8 0.8 0.8
vn -0.0246208 0.0026302 -0.999693
v -0.0377567 -6.93339e-09 0.000122121 0.8 0.8 0.8
vn -0.0245948 -0.000158127 -0.999697
v -0.0371676 -0.0123449 0.000122121 0.8 0.8 0.8
vn -0.023451 -0.00305862 -0.99972
v -0.0354032 -0.019903 0.000122121 0.8 0.8 0.8
vn -0.0216435 -0.00789699 -0.999735
v -0.03247 -0.0258662 0.000122121 0.8 0.8 0.8
vn -0.01846 -0.0126588 -0.999749
v -0.0283661 -0.0305653 0.000122121 0.8 0.8 0.8
vn -0.0143609 -0.0170747 -0.999751
v -0.0230533 -0.0340824 0.000122121 0.8 0.8 0.8
vn -0.00972943 -0.0207625 -0.999737
v -0.0163676 -0.0364319 0.000122121 0.8 0.8 0.8
vn -0.00501278 -0.0234662 -0.999712
v -0.00756704 -0.0376093 0.000122121 0.8 0.8 0.8
vn -0.00103083 -0.0250805 -0.999685
v 0.00756703 -0.0376093 0.000122121 0.8 0.8 0.8
vn 0.00137799 -0.0238056 -0.999716
v 0.0163676 -0.0364319 0.000122121 0.8 0.8 0.8
vn 0.00552157 -0.0227788 -0.999725
v 0.0230533 -0.0340824 0.000122121 0.8 0.8 0.8
vn 0.0102941 -0.020188 -0.999743
v 0.0283661 -0.0305653 0.000122121 0.8 0.8 0.8
vn 0.014936 -0.0165024 -0.999752
v 0.03247 -0.0258662 0.000122121 0.8 0.8 0.8
vn 0.0190297 -0.0120852 -0.999746
v 0.0354032 -0.019903 0.000122121 0.8 0.8 0.8
vn 0.0222442 -0.00735217 -0.999726
v 0.0371675 -0.0123449 0.000122121 0.8 0.8 0.8
vn 0.0246208 -0.0026302 -0.999693
v 0.0339152 -6.93357e-09 5.64039e-05 0.8 0.8 0.8
vn 0.0130325 9.19722e-05 -0.999915
v 0.033386 0.0110889 5.64039e-05 0.8 0.8 0.8
vn 0.0123896 0.00163121 -0.999922
v 0.0318012 0.017878 5.64039e-05 0.8 0.8 0.8
vn 0.0114513 0.00419804 -0.999926
v 0.0291664 0.0232345 5.64039e-05 0.8 0.8 0.8
vn 0.00976615 0.00672209 -0.99993
v 0.0254801 0.0274555 5.64039e-05 0.8 0.8 0.8
vn 0.0075946 0.00906229 -0.99993
v 0.0207078 0.0306148 5.64039e-05 0.8 0.8 0.8
vn 0.00514121 0.0110172 -0.999926
v 0.0147023 0.0327252 5.64039e-05 0.8 0.8 0.8
vn 0.00264366 0.0124545 -0.999919
v 0.00679715 0.0337829 5.64039e-05 0.8 0.8 0.8
vn 0.000537721 0.0133296 -0.999911
v -0.00679715 0.0337829 5.64039e-05 0.8 0.8 0.8
vn -0.000738924 0.0125735 -0.999921
v -0.0147023 0.0327252 5.64039e-05 0.8 0.8 0.8
vn -0.00293842 0.0120496 -0.999923
v -0.0207078 0.0306148 5.64039e-05 0.8 0.8 0.8
vn -0.00546878 0.0106813 -0.999928
v -0.0254801 0.0274555 5.64039e-05 0.8 0.8 0.8
vn -0.00792888 0.00872912 -0.99993
v -0.0291664 0.0232345 5.64039e-05 0.8 0.8 0.8
vn -0.0100984 0.00638903 -0.999929
v -0.0318012 0.017878 5.64039e-05 0.8 0.8 0.8
vn -0.0118037 0.00388221 -0.999923
v -0.033386 0.0110889 5.64039e-05 0.8 0.8 0.8
vn -0.0130821 0.00138346 -0.999913
v -0.0339152 -6.93341e-09 5.64039e-05 0.8 0.8 0.8
vn -0.0130325 -9.19722e-05 -0.999915
v -0.033386 -0.0110889 5.64039e-05 0.8 0.8 0.8
vn -0.0123896 -0.00163121 -0.999922
v -0.0318012 -0.0178781 5.64039e-05 0.8 0.8 0.8
vn -0.0114513 -0.00419804 -0.999926
v -0.0291664 -0.0232346 5.64039e-05 0.8 0.8 0.8
vn -0.00976615 -0.00672209 -0.99993
v -0.0254801 -0.0274556 5.64039e-05 0.8 0.8 0.8
vn -0.0075946 -0.00906229 -0.99993
v -0.0207078 -0.0306148 5.64039e-05 0.8 0.8 0.8
vn -0.00514121 -0.0110172 -0.999926
v -0.0147023 -0.0327253 5.64039e-05 0.8 0.8 0.8
vn -0.00264366 -0.0124545 -0.999919
v -0.00679715 -0.0337829 5.64039e-05 0.8 0.8 0.8
vn -0.000537721 -0.0133296 -0.999911
v 0.00679714 -0.0337829 5.64039e-05 0.8 0.8 0.8
vn 0.000738924 -0.0125735 -0.999921
v 0.0147023 -0.0327253 5.64039e-05 0.8 0.8 0.8
vn 0.00293842 -0.0120496 -0.999923
v 0.0207078 -0.0306148 5.64039e-05 0.8 0.8 0.8
vn 0.00546878 -0.0106813 -0.999928
v 0.0254801 -0.0274556 5.64039e-05 0.8 0.8 0.8
vn 0.00792888 -0.00872912 -0.99993
v 0.0291664 -0.0232346 5.64039e-05 0.8 0.8 0.8
vn 0.0100984 -0.00638903 -0.999929
v 0.0318012 -0.0178781 5.64039e-05 0.8 0.8 0.8
vn 0.0118037 -0.00388221 -0.999923
v 0.033386 -0.0110889 5.64039e-05 0.8 0.8 0.8
vn 0.0130821 -0.00138346 -0.999913
v 0.0301178 -6.93357e-09 2.37798e-05 0.8 0.8 0.8
vn 0.00636602 4.98655e-05 -0.99998
v 0.0296479 0.00984732 2.37798e-05 0.8 0.8 0.8
vn 0.00603182 0.000803405 -0.999981
v 0.0282405 0.0158763 2.37798e-05 0.8 0.8 0.8
vn 0.00558377 0.00205902 -0.999982
v 0.0259007 0.020633 2.37798e-05 0.8 0.8 0.8
vn 0.00476142 0.00329242 -0.999983
v 0.0226271 0.0243814 2.37798e-05 0.8 0.8 0.8
vn 0.00370077 0.00443561 -0.999983
v 0.0183892 0.027187 2.37798e-05 0.8 0.8 0.8
vn 0.00250264 0.00539074 -0.999982
v 0.0130561 0.0290611 2.37798e-05 0.8 0.8 0.8
vn 0.00128361 0.006095 -0.999981
v 0.00603609 0.0300003 2.37798e-05 0.8 0.8 0.8
vn 0.000257434 0.00653262 -0.999979
v -0.00603609 0.0300003 2.37798e-05 0.8 0.8 0.8
vn -0.000366372 0.00611957 -0.999981
v -0.0130561 0.0290611 2.37798e-05 0.8 0.8 0.8
vn -0.00144318 0.00587439 -0.999982
v -0.0183892 0.027187 2.37798e-05 0.8 0.8 0.8
vn -0.00268006 0.00520825 -0.999983
v -0.0226271 0.0243814 2.37798e-05 0.8 0.8 0.8
vn -0.00388196 0.00425492 -0.999983
v -0.0259007 0.020633 2.37798e-05 0.8 0.8 0.8
vn -0.00494178 0.00311197 -0.999983
v -0.0282406 0.0158763 2.37798e-05 0.8 0.8 0.8
vn -0.00577548 0.00188801 -0.999982
v -0.0296479 0.00984732 2.37798e-05 0.8 0.8 0.8
vn -0.00640984 0.000669381 -0.999979
v -0.0301178 -6.93343e-09 2.37798e-05 0.8 0.8 0.8
vn -0.00636602 -4.98655e-05 -0.99998
v -0.0296479 -0.00984734 2.37798e-05 0.8 0.8 0.8
vn -0.00603182 -0.000803405 -0.999981
v -0.0282406 -0.0158763 2.37798e-05 0.8 0.8 0.8
vn -0.00558377 -0.00205902 -0.999982
v -0.0259007 -0.0206331 2.37798e-05 0.8 0.8 0.8
vn -0.00476142 -0.00329242 -0.999983
v -0.0226271 -0.0243814 2.37798e-05 0.8 0.8 0.8
vn -0.00370077 -0.00443561 -0.999983
v -0.0183892 -0.027187 2.37798e-05 0.8 0.8 0.8
vn -0.00250264 -0.00539074 -0.999982
v -0.0130561 -0.0290611 2.37798e-05 0.8 0.8 0.8
vn -0.00128361 -0.006095 -0.999981
v -0.0060361 -0.0300003 2.37798e-05 0.8 0.8 0.8
vn -0.000257434 -0.00653262 -0.999979
v 0.00603609 -0.0300003 2.37798e-05 0.8 0.8 0.8
vn 0.000366372 -0.00611957 -0.999981
v 0.0130561 -0.0290611 2.37798e-05 0.8 0.8 0.8
vn 0.00144318 -0.00587439 -0.999982
v 0.0183892 -0.027187 2.37798e-05 0.8 0.8 0.8
vn 0.00268006 -0.00520825 -0.999983
v 0.0226271 -0.0243814 2.37798e-05 0.8 0.8 0.8
vn 0.00388196 -0.00425492 -0.999983
v 0.0259007 -0.0206331 2.37798e-05 0.8 0.8 0.8
vn 0.00494178 -0.00311197 -0.999983
v 0.0282405 -0.0158763 2.37798e-05 0.8 0.8 0.8
vn 0.00577548 -0.00188801 -0.999982
v 0.0296479 -0.00984734 2.37798e-05 0.8 0.8 0.8
vn 0.00640984 -0.000669381 -0.999979
v 0.0263415 -6.93357e-09 8.92788e-06 0.8 0.8 0.8
vn 0.00282659 2.48698e-05 -0.999996
v 0.0259305 0.00861263 8.92788e-06 0.8 0.8 0.8
vn 0.00266766 0.000360461 -0.999996
v 0.0246996 0.0138857 8.92788e-06 0.8 0.8 0.8
vn 0.00247399 0.000918934 -0.999997
v 0.0226532 0.018046 8.92788e-06 0.8 0.8 0.8
vn 0.00210918 0.00146682 -0.999997
v 0.0197901 0.0213244 8.92788e-06 0.8 0.8 0.8
vn 0.00163823 0.0019744 -0.999997
v 0.0160835 0.0237782 8.92788e-06 0.8 0.8 0.8
vn 0.00110636 0.00239852 -0.999997
v 0.0114191 0.0254173 8.92788e-06 0.8 0.8 0.8
vn 0.000565609 0.00271223 -0.999996
v 0.00527926 0.0262388 8.92788e-06 0.8 0.8 0.8
vn 0.00011139 0.00291159 -0.999996
v -0.00527927 0.0262388 8.92788e-06 0.8 0.8 0.8
vn -0.000165724 0.00270561 -0.999996
v -0.0114191 0.0254173 8.92788e-06 0.8 0.8 0.8
vn -0.000645193 0.00260221 -0.999996
v -0.0160835 0.0237782 8.92788e-06 0.8 0.8 0.8
vn -0.00119485 0.00230751 -0.999997
v -0.0197901 0.0213244 8.92788e-06 0.8 0.8 0.8
vn -0.00172859 0.00188428 -0.999997
v -0.0226532 0.018046 8.92788e-06 0.8 0.8 0.8
vn -0.00219913 0.00137682 -0.999997
v -0.0246996 0.0138857 8.92788e-06 0.8 0.8 0.8
vn -0.00256959 0.000833643 -0.999996
v -0.0259305 0.00861263 8.92788e-06 0.8 0.8 0.8
vn -0.00285618 0.000293615 -0.999996
v -0.0263415 -6.93345e-09 8.92788e-06 0.8 0.8 0.8
vn -0.00282659 -2.48698e-05 -0.999996
v -0.0259305 -0.00861264 8.92788e-06 0.8 0.8 0.8
vn -0.00266766 -0.000360461 -0.999996
v -0.0246996 -0.0138857 8.92788e-06 0.8 0.8 0.8
vn -0.00247399 -0.000918934 -0.999997
v -0.0226532 -0.018046 8.92788e-06 0.8 0.8 0.8
vn -0.00210918 -0.00146682 -0.999997
v -0.0197901 -0.0213244 8.92788e-06 0.8 0.8 0.8
vn -0.00163823 -0.0019744 -0.999997
v -0.0160835 -0.0237782 8.92788e-06 0.8 0.8 0.8
vn -0.00110636 -0.00239852 -0.999997
v -0.0114191 -0.0254173 8.92788e-06 0.8 0.8 0.8
vn -0.000565609 -0.00271223 -0.999996
v -0.00527927 -0.0262388 8.92788e-06 0.8 0.8 0.8
vn -0.00011139 -0.00291159 -0.999996
v 0.00527926 -0.0262388 8.92788e-06 0.8 0.8 0.8
vn 0.000165724 -0.00270561 -0.999996
v 0.0114191 -0.0254173 8.92788e-06 0.8 0.8 0.8
vn 0.000645193 -0.00260221 -0.999996
v 0.0160835 -0.0237782 8.92788e-06 0.8 0.8 0.8
vn 0.00119485 -0.00230751 -0.999997
v 0.0197901 -0.0213244 8.92788e-06 0.8 0.8 0.8
vn 0.00172859 -0.00188428 -0.999997
v 0.0226532 -0.018046 8.92788e-06 0.8 0.8 0.8
vn 0.00219913 -0.00137682 -0.999997
v 0.0246996 -0.0138857 8.92788e-06 0.8 0.8 0.8
vn 0.00256959 -0.000833643 -0.999996
v 0.0259305 -0.00861264 8.92788e-06 0.8 0.8 0.8
vn 0.00285618 -0.000293615 -0.999996
v 0.0225744 -6.93357e-09 2.87635e-06 0.8 0.8 0.8
vn 0.0011152 1.11682e-05 -0.999999
v 0.0222222 0.00738093 2.87635e-06 0.8 0.8 0.8
vn 0.00104746 0.000144109 -0.999999
v 0.0211673 0.0118999 2.87635e-06 0.8 0.8 0.8
vn 0.000973513 0.000364914 -0.999999
v 0.0194135 0.0154652 2.87635e-06 0.8 0.8 0.8
vn 0.000829709 0.000581186 -0.999999
v 0.0169599 0.0182748 2.87635e-06 0.8 0.8 0.8
vn 0.000643876 0.000781424 -0.999999
v 0.0137834 0.0203776 2.87635e-06 0.8 0.8 0.8
vn 0.000434082 0.000948746 -0.999999
v 0.00978605 0.0217824 2.87635e-06 0.8 0.8 0.8
vn 0.000220985 0.00107295 -0.999999
v 0.00452427 0.0224863 2.87635e-06 0.8 0.8 0.8
vn 4.24938e-05 0.00115393 -0.999999
v -0.00452428 0.0224863 2.87635e-06 0.8 0.8 0.8
vn -6.69215e-05 0.00106196 -0.999999
v -0.00978605 0.0217824 2.87635e-06 0.8 0.8 0.8
vn -0.000256767 0.00102373 -0.999999
v -0.0137834 0.0203776 2.87635e-06 0.8 0.8 0.8
vn -0.00047385 0.000907941 -0.999999
v -0.0169599 0.0182748 2.87635e-06 0.8 0.8 0.8
vn -0.000684464 0.000740966 -0.999999
v -0.0194135 0.0154652 2.87635e-06 0.8 0.8 0.8
vn -0.000870069 0.000540748 -0.999999
v -0.0211673 0.0118999 2.87635e-06 0.8 0.8 0.8
vn -0.00101634 0.000326573 -0.999999
v -0.0222222 0.00738093 2.87635e-06 0.8 0.8 0.8
vn -0.00113167 0.000114036 -0.999999
v -0.0225744 -6.93347e-09 2.87635e-06 0.8 0.8 0.8
vn -0.0011152 -1.11682e-05 -0.999999
v -0.0222222 -0.00738094 2.87635e-06 0.8 0.8 0.8
vn -0.00104746 -0.000144109 -0.999999
v -0.0211673 -0.0118999 2.87635e-06 0.8 0.8 0.8
vn -0.000973513 -0.000364914 -0.999999
v -0.0194136 -0.0154652 2.87635e-06 0.8 0.8 0.8
vn -0.000829709 -0.000581186 -0.999999
v -0.0169599 -0.0182748 2.87635e-06 0.8 0.8 0.8
vn -0.000643876 -0.000781424 -0.999999
v -0.0137834 -0.0203776 2.87635e-06 0.8 0.8 0.8
vn -0.000434082 -0.000948746 -0.999999
v -0.00978606 -0.0217824 2.87635e-06 0.8 0.8 0.8
vn -0.000220985 -0.00107295 -0.999999
v -0.00452428 -0.0224863 2.87635e-06 0.8 0.8 0.8
vn -4.24938e-05 -0.00115393 -0.999999
v 0.00452427 -0.0224863 2.87635e-06 0.8 0.8 0.8
vn 6.69215e-05 -0.00106196 -0.999999
v 0.00978605 -0.0217824 2.87635e-06 0.8 0.8 0.8
vn 0.000256767 -0.00102373 -0.999999
v 0.0137834 -0.0203776 2.87635e-06 0.8 0.8 0.8
vn 0.00047385 -0.000907941 -0.999999
v 0.0169599 -0.0182748 2.87635e-06 0.8 0.8 0.8
vn 0.000684464 -0.000740966 -0.999999
v 0.0194135 -0.0154652 2.87635e-06 0.8 0.8 0.8
vn 0.000870069 -0.000540748 -0.999999
v 0.0211673 -0.0118999 2.87635e-06 0.8 0.8 0.8
vn 0.00101634 -0.000326573 -0.999999
v 0.0222222 -0.00738094 2.87635e-06 0.8 0.8 0.8
vn 0.00113167 -0.000114036 -0.999999
v 0.0188108 -6.93357e-09 7.47529e-07 0.8 0.8 0.8
vn 0.000377479 4.36672e-06 -1
v 0.0185173 0.00615039 7.47529e-07 0.8 0.8 0.8
vn 0.000352459 4.96137e-05 -1
v 0.0176383 0.00991593 7.47529e-07 0.8 0.8 0.8
vn 0.000328433 0.000124549 -1
v 0.0161769 0.0128869 7.47529e-07 0.8 0.8 0.8
vn 0.000279796 0.000197797 -1
v 0.0141323 0.015228 7.47529e-07 0.8 0.8 0.8
vn 0.000216875 0.000265559 -1
v 0.0114854 0.0169803 7.47529e-07 0.8 0.8 0.8
vn 0.000145879 0.000322177 -1
v 0.00815453 0.0181508 7.47529e-07 0.8 0.8 0.8
vn 7.38554e-05 0.000364379 -1
v 0.00376999 0.0187374 7.47529e-07 0.8 0.8 0.8
vn 1.37534e-05 0.000392704 -1
v -0.00376999 0.0187374 7.47529e-07 0.8 0.8 0.8
vn -2.3327e-05 0.000357185 -1
v -0.00815453 0.0181508 7.47529e-07 0.8 0.8 0.8
vn -8.78813e-05 0.000345289 -1
v -0.0114854 0.0169803 7.47529e-07 0.8 0.8 0.8
vn -0.000161454 0.000306276 -1
v -0.0141323 0.015228 7.47529e-07 0.8 0.8 0.8
vn -0.000232752 0.000249748 -1
v -0.0161769 0.0128869 7.47529e-07 0.8 0.8 0.8
vn -0.000295549 0.000181968 -1
v -0.0176383 0.00991593 7.47529e-07 0.8 0.8 0.8
vn -0.000345086 0.000109526 -1
v -0.0185173 0.00615039 7.47529e-07 0.8 0.8 0.8
vn -0.000385021 3.78114e-05 -1
v -0.0188108 -6.93348e-09 7.47529e-07 0.8 0.8 0.8
vn -0.000377479 -4.36672e-06 -1
v -0.0185173 -0.0061504 7.47529e-07 0.8 0.8 0.8
vn -0.000352459 -4.96137e-05 -1
v -0.0176383 -0.00991594 7.47529e-07 0.8 0.8 0.8
vn -0.000328433 -0.000124549 -1
v -0.0161769 -0.0128869 7.47529e-07 0.8 0.8 0.8
vn -0.000279796 -0.000197797 -1
v -0.0141323 -0.015228 7.47529e-07 0.8 0.8 0.8
vn -0.000216875 -0.000265559 -1
v -0.0114854 -0.0169803 7.47529e-07 0.8 0.8 0.8
vn -0.000145879 -0.000322177 -1
v -0.00815453 -0.0181508 7.47529e-07 0.8 0.8 0.8
vn -7.38554e-05 -0.000364379 -1
v -0.00376999 -0.0187374 7.47529e-07 0.8 0.8 0.8
vn -1.37534e-05 -0.000392704 -1
v 0.00376999 -0.0187374 7.47529e-07 0.8 0.8 0.8
vn 2.3327e-05 -0.000357185 -1
v 0.00815453 -0.0181508 7.47529e-07 0.8 0.8 0.8
vn 8.78813e-05 -0.000345289 -1
v 0.0114854 -0.0169803 7.47529e-07 0.8 0.8 0.8
vn 0.000161454 -0.000306276 -1
v 0.0141323 -0.015228 7.47529e-07 0.8 0.8 0.8
vn 0.000232752 -0.000249748 -1
v 0.0161769 -0.0128869 7.47529e-07 0.8 0.8 0.8
vn 0.000295549 -0.000181968 -1
v 0.0176383 -0.00991594 7.47529e-07 0.8 0.8 0.8
vn 0.000345086 -0.000109526 -1
v 0.0185173 -0.0061504 7.47529e-07 0.8 0.8 0.8
vn 0.000385021 -3.78114e-05 -1
v 0.0150484 -6.93357e-09 1.36618e-07 0.8 0.8 0.8
vn 0.000103774 1.40849e-06 -1
v 0.0148136 0.00492022 1.36618e-07 0.8 0.8 0.8
vn 9.62006e-05 1.39446e-05 -1
v 0.0141104 0.0079326 1.36618e-07 0.8 0.8 0.8
vn 8.9917e-05 3.46111e-05 -1
v 0.0129413 0.0103093 1.36618e-07 0.8 0.8 0.8
vn 7.65511e-05 5.47607e-05 -1
v 0.0113057 0.0121822 1.36618e-07 0.8 0.8 0.8
vn 5.92419e-05 7.33793e-05 -1
v 0.00918818 0.013584 1.36618e-07 0.8 0.8 0.8
vn 3.97277e-05 8.89309e-05 -1
v 0.0065235 0.0145204 1.36618e-07 0.8 0.8 0.8
vn 1.99649e-05 0.000100574 -1
v 0.00301594 0.0149897 1.36618e-07 0.8 0.8 0.8
vn 3.55668e-06 0.000108639 -1
v -0.00301594 0.0149897 1.36618e-07 0.8 0.8 0.8
vn -6.6581e-06 9.74439e-05 -1
v -0.00652351 0.0145204 1.36618e-07 0.8 0.8 0.8
vn -2.45099e-05 9.45082e-05 -1
v -0.00918819 0.013584 1.36618e-07 0.8 0.8 0.8
vn -4.4767e-05 8.38339e-05 -1
v -0.0113057 0.0121822 1.36618e-07 0.8 0.8 0.8
vn -6.43671e-05 6.82841e-05 -1
v -0.0129413 0.0103093 1.36618e-07 0.8 0.8 0.8
vn -8.1616e-05 4.96443e-05 -1
v -0.0141104 0.0079326 1.36618e-07 0.8 0.8 0.8
vn -9.52339e-05 2.97466e-05 -1
v -0.0148136 0.00492022 1.36618e-07 0.8 0.8 0.8
vn -0.000106487 1.01116e-05 -1
v -0.0150484 -6.9335e-09 1.36618e-07 0.8 0.8 0.8
vn -0.000103774 -1.40849e-06 -1
v -0.0148136 -0.00492023 1.36618e-07 0.8 0.8 0.8
vn -9.62006e-05 -1.39446e-05 -1
v -0.0141104 -0.00793261 1.36618e-07 0.8 0.8 0.8
vn -8.9917e-05 -3.46111e-05 -1
v -0.0129413 -0.0103093 1.36618e-07 0.8 0.8 0.8
vn -7.65511e-05 -5.47607e-05 -1
v -0.0113057 -0.0121822 1.36618e-07 0.8 0.8 0.8
vn -5.92419e-05 -7.33793e-05 -1
v -0.00918819 -0.013584 1.36618e-07 0.8 0.8 0.8
vn -3.97277e-05 -8.89309e-05 -1
v -0.00652351 -0.0145204 1.36618e-07 0.8 0.8 0.8
vn -1.99649e-05 -0.000100574 -1
v -0.00301594 -0.0149897 1.36618e-07 0.8 0.8 0.8
vn -3.55668e-06 -0.000108639 -1
v 0.00301593 -0.0149897 1.36618e-07 0.8 0.8 0.8
vn 6.6581e-06 -9.74439e-05 -1
v 0.0065235 -0.0145204 1.36618e-07 0.8 0.8 0.8
vn 2.45099e-05 -9.45082e-05 -1
v 0.00918818 -0.013584 1.36618e-07 0.8 0.8 0.8
vn 4.4767e-05 -8.38339e-05 -1
v 0.0113057 -0.0121822 1.36618e-07 0.8 0.8 0.8
vn 6.43671e-05 -6.82841e-05 -1
v 0.0129413 -0.0103093 1.36618e-07 0.8 0.8 0.8
vn 8.1616e-05 -4.96443e-05 -1
v 0.0141104 -0.00793261 1.36618e-07 0.8 0.8 0.8
vn 9.52339e-05 -2.97466e-05 -1
v 0.0148136 -0.00492023 1.36618e-07 0.8 0.8 0.8
vn 0.000106487 -1.01116e-05 -1
v 0.0112863 -6.93357e-09 6.76192e-09 0.8 0.8 0.8
vn 2.11866e-05 3.42056e-07 -1
v 0.0111102 0.00369015 6.76192e-09 0.8 0.8 0.8
vn 1.94842e-05 2.93166e-06 -1
v 0.0105828 0.00594942 6.76192e-09 0.8 0.8 0.8
vn 1.82664e-05 7.16638e-06 -1
v 0.00970595 0.00773195 6.76192e-09 0.8 0.8 0.8
vn 1.55342e-05 1.12821e-05 -1
v 0.00847922 0.00913661 6.76192e-09 0.8 0.8 0.8
vn 1.19949e-05 1.50785e-05 -1
v 0.00689111 0.0101879 6.76192e-09 0.8 0.8 0.8
vn 8.01053e-06 1.82463e-05 -1
v 0.00489261 0.0108903 6.76192e-09 0.8 0.8 0.8
vn 3.98521e-06 2.0626e-05 -1
v 0.00226194 0.0112422 6.76192e-09 0.8 0.8 0.8
vn 6.66868e-07 2.2321e-05 -1
v -0.00226195 0.0112422 6.76192e-09 0.8 0.8 0.8
vn -1.42658e-06 1.97286e-05 -1
v -0.00489261 0.0108903 6.76192e-09 0.8 0.8 0.8
vn -5.09915e-06 1.91971e-05 -1
v -0.00689112 0.0101879 6.76192e-09 0.8 0.8 0.8
vn -9.2419e-06 1.70238e-05 -1
v -0.00847922 0.00913661 6.76192e-09 0.8 0.8 0.8
vn -1.32416e-05 1.38434e-05 -1
v -0.00970595 0.00773195 6.76192e-09 0.8 0.8 0.8
vn -1.67564e-05 1.00344e-05 -1
v -0.0105828 0.00594942 6.76192e-09 0.8 0.8 0.8
vn -1.95314e-05 5.97587e-06 -1
v -0.0111102 0.00369015 6.76192e-09 0.8 0.8 0.8
vn -2.18774e-05 1.9881e-06 -1
v -0.0112863 -6.93352e-09 6.76192e-09 0.8 0.8 0.8
vn -2.11866e-05 -3.42056e-07 -1
v -0.0111102 -0.00369016 6.76192e-09 0.8 0.8 0.8
vn -1.94842e-05 -2.93166e-06 -1
v -0.0105828 -0.00594944 6.76192e-09 0.8 0.8 0.8
vn -1.82664e-05 -7.16638e-06 -1
v -0.00970595 -0.00773196 6.76192e-09 0.8 0.8 0.8
vn -1.55342e-05 -1.12821e-05 -1
v -0.00847922 -0.00913662 6.76192e-09 0.8 0.8 0.8
vn -1.19949e-05 -1.50785e-05 -1
v -0.00689112 -0.010188 6.76192e-09 0.8 0.8 0.8
vn -8.01053e-06 -1.82463e-05 -1
v -0.00489261 -0.0108903 6.76192e-09 0.8 0.8 0.8
vn -3.98521e-06 -2.0626e-05 -1
v -0.00226195 -0.0112422 6.76192e-09 0.8 0.8 0.8
vn -6.66868e-07 -2.2321e-05 -1
v 0.00226194 -0.0112422 6.76192e-09 0.8 0.8 0.8
vn 1.42658e-06 -1.97286e-05 -1
v 0.00489261 -0.0108903 6.76192e-09 0.8 0.8 0.8
vn 5.09915e-06 -1.91971e-05 -1
v 0.00689111 -0.010188 6.76192e-09 0.8 0.8 0.8
vn 9.2419e-06 -1.70238e-05 -1
v 0.00847922 -0.00913662 6.76192e-09 0.8 0.8 0.8
vn 1.32416e-05 -1.38434e-05 -1
v 0.00970595 -0.00773196 6.76192e-09 0.8 0.8 0.8
vn 1.67564e-05 -1.00344e-05 -1
v 0.0105828 -0.00594944 6.76192e-09 0.8 0.8 0.8
vn 1.95314e-05 -5.97587e-06 -1
v 0.0111102 -0.00369016 6.76192e-09 0.8 0.8 0.8
vn 2.18774e-05 -1.9881e-06 -1
v 0.00752417 -6.93357e-09 -1.02578e-08 0.8 0.8 0.8
vn 2.74005e-06 5.30087e-08 -1
v 0.00740677 0.0024601 -1.02578e-08 0.8 0.8 0.8
vn 2.50594e-06 3.94788e-07 -1
v 0.00705517 0.00396628 -1.02578e-08 0.8 0.8 0.8
vn 2.35054e-06 9.44156e-07 -1
v 0.00647063 0.00515463 -1.02578e-08 0.8 0.8 0.8
vn 1.99466e-06 1.4762e-06 -1
v 0.00565281 0.00609107 -1.02578e-08 0.8 0.8 0.8
vn 1.535e-06 1.96547e-06 -1
v 0.00459407 0.00679196 -1.02578e-08 0.8 0.8 0.8
vn 1.01911e-06 2.37242e-06 -1
v 0.00326174 0.00726016 -1.02578e-08 0.8 0.8 0.8
vn 4.99904e-07 2.67721e-06 -1
v 0.00150796 0.0074948 -1.02578e-08 0.8 0.8 0.8
vn 7.64609e-08 2.89435e-06 -1
v -0.00150797 0.0074948 -1.02578e-08 0.8 0.8 0.8
vn -1.96579e-07 2.53834e-06 -1
v -0.00326174 0.00726016 -1.02578e-08 0.8 0.8 0.8
vn -6.76216e-07 2.47182e-06 -1
v -0.00459408 0.00679196 -1.02578e-08 0.8 0.8 0.8
vn -1.21267e-06 2.18857e-06 -1
v -0.00565281 0.00609107 -1.02578e-08 0.8 0.8 0.8
vn -1.72892e-06 1.77489e-06 -1
v -0.00647063 0.00515463 -1.02578e-08 0.8 0.8 0.8
vn -2.1812e-06 1.28095e-06 -1
v -0.00705518 0.00396628 -1.02578e-08 0.8 0.8 0.8
vn -2.53708e-06 7.56349e-07 -1
v -0.00740677 0.0024601 -1.02578e-08 0.8 0.8 0.8
vn -2.83886e-06 2.43944e-07 -1
v -0.00752417 -6.93354e-09 -1.02578e-08 0.8 0.8 0.8
vn -2.74005e-06 -5.30087e-08 -1
v -0.00740677 -0.00246011 -1.02578e-08 0.8 0.8 0.8
vn -2.50594e-06 -3.94788e-07 -1
v -0.00705518 -0.00396629 -1.02578e-08 0.8 0.8 0.8
vn -2.35054e-06 -9.44156e-07 -1
v -0.00647063 -0.00515464 -1.02578e-08 0.8 0.8 0.8
vn -1.99466e-06 -1.4762e-06 -1
v -0.00565281 -0.00609108 -1.02578e-08 0.8 0.8 0.8
vn -1.535e-06 -1.96547e-06 -1
v -0.00459408 -0.00679197 -1.02578e-08 0.8 0.8 0.8
vn -1.01911e-06 -2.37242e-06 -1
v -0.00326174 -0.00726018 -1.02578e-08 0.8 0.8 0.8
vn -4.99904e-07 -2.67721e-06 -1
v -0.00150797 -0.00749481 -1.02578e-08 0.8 0.8 0.8
vn -7.64609e-08 -2.89435e-06 -1
v 0.00150796 -0.00749481 -1.02578e-08 0.8 0.8 0.8
vn 1.96579e-07 -2.53834e-06 -1
v 0.00326174 -0.00726018 -1.02578e-08 0.8 0.8 0.8
vn 6.76216e-07 -2.47182e-06 -1
v 0.00459407 -0.00679197 -1.02578e-08 0.8 0.8 0.8
vn 1.21267e-06 -2.18857e-06 -1
v 0.00565281 -0.00609108 -1.02578e-08 0.8 0.8 0.8
vn 1.72892e-06 -1.77489e-06 -1
v 0.00647063 -0.00515464 -1.02578e-08 0.8 0.8 0.8
vn 2.1812e-06 -1.28095e-06 -1
v 0.00705517 -0.00396629 -1.02578e-08 0.8 0.8 0.8
vn 2.53708e-06 -7.56349e-07 -1
v 0.00740677 -0.00246011 -1.02578e-08 0.8 0.8 0.8
vn 2.83886e-06 -2.43944e-07 -1
v 0.00376208 -6.93357e-09 -1.11702e-08 0.8 0.8 0.8
vn 1.62192e-07 3.85797e-09 -1
v 0.00370338 0.00123004 -1.11702e-08 0.8 0.8 0.8
vn 1.5017e-07 2.51971e-08 -1
v 0.00352759 0.00198314 -1.11702e-08 0.8 0.8 0.8
vn 1.38888e-07 5.76255e-08 -1
v 0.00323531 0.00257731 -1.11702e-08 0.8 0.8 0.8
vn 1.171e-07 8.89509e-08 -1
v 0.0028264 0.00304553 -1.11702e-08 0.8 0.8 0.8
vn 8.94718e-08 1.17534e-07 -1
v 0.00229703 0.00339598 -1.11702e-08 0.8 0.8 0.8
vn 5.87533e-08 1.41006e-07 -1
v 0.00163087 0.00363008 -1.11702e-08 0.8 0.8 0.8
vn 2.81042e-08 1.57968e-07 -1
v 0.000753979 0.0037474 -1.11702e-08 0.8 0.8 0.8
vn 3.66963e-09 1.68344e-07 -1
v -0.000753984 0.0037474 -1.11702e-08 0.8 0.8 0.8
vn -1.29759e-08 1.52813e-07 -1
v -0.00163087 0.00363008 -1.11702e-08 0.8 0.8 0.8
vn -4.1776e-08 1.46656e-07 -1
v -0.00229704 0.00339598 -1.11702e-08 0.8 0.8 0.8
vn -7.34616e-08 1.28891e-07 -1
v -0.00282641 0.00304553 -1.11702e-08 0.8 0.8 0.8
vn -1.03748e-07 1.03851e-07 -1
v -0.00323532 0.00257731 -1.11702e-08 0.8 0.8 0.8
vn -1.3003e-07 7.43133e-08 -1
v -0.00352759 0.00198314 -1.11702e-08 0.8 0.8 0.8
vn -1.50311e-07 4.32037e-08 -1
v -0.00370339 0.00123004 -1.11702e-08 0.8 0.8 0.8
vn -1.65795e-07 1.31486e-08 -1
v -0.00376209 -6.93356e-09 -1.11702e-08 0.8 0.8 0.8
vn -1.62192e-07 -3.85797e-09 -1
v -0.00370339 -0.00123006 -1.11702e-08 0.8 0.8 0.8
vn -1.5017e-07 -2.51971e-08 -1
v -0.00352759 -0.00198315 -1.11702e-08 0.8 0.8 0.8
vn -1.38888e-07 -5.76255e-08 -1
v -0.00323532 -0.00257732 -1.11702e-08 0.8 0.8 0.8
vn -1.171e-07 -8.89509e-08 -1
v -0.00282641 -0.00304554 -1.11702e-08 0.8 0.8 0.8
vn -8.94718e-08 -1.17534e-07 -1
v -0.00229704 -0.00339599 -1.11702e-08 0.8 0.8 0.8
vn -5.87533e-08 -1.41006e-07 -1
v -0.00163087 -0.00363009 -1.11702e-08 0.8 0.8 0.8
vn -2.81042e-08 -1.57968e-07 -1
v -0.000753984 -0.00374741 -1.11702e-08 0.8 0.8 0.8
vn -3.66963e-09 -1.68344e-07 -1
v 0.000753978 -0.00374741 -1.11702e-08 0.8 0.8 0.8
vn 1.29759e-08 -1.52813e-07 -1
v 0.00163087 -0.00363009 -1.11702e-08 0.8 0.8 0.8
vn 4.1776e-08 -1.46656e-07 -1
v 0.00229703 -0.00339599 -1.11702e-08 0.8 0.8 0.8
vn 7.34616e-08 -1.28891e-07 -1
v 0.0028264 -0.00304554 -1.11702e-08 0.8 0.8 0.8
vn 1.03748e-07 -1.03851e-07 -1
v 0.00323531 -0.00257732 -1.11702e-08 0.8 0.8 0.8
vn 1.3003e-07 -7.43133e-08 -1
v 0.00352759 -0.00198315 -1.11702e-08 0.8 0.8 0.8
vn 1.50311e-07 -4.32037e-08 -1
v 0.00370338 -0.00123006 -1.11702e-08 0.8 0.8 0.8
vn 1.65795e-07 -1.31486e-08 -1
v -2.72913e-09 -6.93357e-09 -1.11759e-08 0.8 0.8 0.8
vn 1.51605e-09 7.23486e-11 -1
v -2.72913e-09 -6.93357e-09 -1.11759e-08 0.8 0.8 0.8
vn 1.42927e-09 3.33637e-10 -1
v -2.72913e-09 -6.93357e-09 -1.11759e-08 0.8 0.8 0.8
vn 1.26658e-09 6.23026e-10 -1
v -2.72913e-09 -6.93357e-09 -1.11759e-08 0.8 0.8 0.8
vn 1.03962e-09 9.07929e-10 -1
v -2.72913e-09 -6.93357e-09 -1.11759e-08 0.8 0.8 0.8
vn 7.67956e-10 1.16005e-09 -1
v -2.72913e-09 -6.93357e-09 -1.11759e-08 0.8 0.8 0.8
vn 4.76853e-10 1.35695e-09 -1
v -2.72913e-09 -6.93357e-09 -1.11759e-08 0.8 0.8 0.8
vn 1.98291e-10 1.4821e-09 -1
v -2.72913e-09 -6.93357e-09 -1.11759e-08 0.8 0.8 0.8
vn 4.25141e-17 1.52199e-09 -1
v -2.72913e-09 -6.93357e-09 -1.11759e-08 0.8 0.8 0.8
vn -1.98291e-10 1.4821e-09 -1
v -2.72913e-09 -6.93357e-09 -1.11759e-08 0.8 0.8 0.8
vn -4.76853e-10 1.35695e-09 -1
v -2.72913e-09 -6.93357e-09 -1.11759e-08 0.8 0.8 0.8
vn -7.67956e-10 1.16005e-09 -1
v -2.72913e-09 -6.93357e-09 -1.11759e-08 0.8 0.8 0.8
vn -1.03962e-09 9.07929e-10 -1
v -2.72913e-09 -6.93357e-09 -1.11759e-08 0.8 0.8 0.8
vn -1.26658e-09 6.23026e-10 -1
v -2.72913e-09 -6.93357e-09 -1.11759e-08 0.8 0.8 0.8
vn -1.42927e-09 3.33637e-10 -1
v -2.72913e-09 -6.93357e-09 -1.11759e-08 0.8 0.8 0.8
vn -1.51605e-09 7.23486e-11 -1
v -2.72913e-09 -6.93357e-09 -1.11759e-08 0.8 0.8 0.8
vn -1.51605e-09 -7.23486e-11 -1
v -2.72913e-09 -6.93357e-09 -1.11759e-08 0.8 0.8 0.8
vn -1.42927e-09 -3.33637e-10 -1
v -2.72913e-09 -6.93357e-09 -1.11759e-08 0.8 0.8 0.8
vn -1.26658e-09 -6.23026e-10 -1
v -2.72913e-09 -6.93357e-09 -1.11759e-08 0.8 0.8 0.8
vn -1.03962e-09 -9.07929e-10 -1
v -2.72913e-09 -6.93357e-09 -1.11759e-08 0.8 0.8 0.8
vn -7.67956e-10 -1.16005e-09 -1
v -2.72913e-09 -6.93357e-09 -1.11759e-08 0.8 0.8 0.8
vn -4.76853e-10 -1.35695e-09 -1
v -2.72913e-09 -6.93357e-09 -1.11759e-08 0.8 0.8 0.8
vn -1.98291e-10 -1.4821e-09 -1
v -2.72913e-09 -6.93357e-09 -1.11759e-08 0.8 0.8 0.8
vn -4.25141e-17 -1.52199e-09 -1
v -2.72913e-09 -6.93357e-09 -1.11759e-08 0.8 0.8 0.8
vn 1.98291e-10 -1.4821e-09 -1
v -2.72913e-09 -6.93357e-09 -1.11759e-08 0.8 0.8 0.8
vn 4.76853e-10 -1.35695e-09 -1
v -2.72913e-09 -6.93357e-09 -1.11759e-08 0.8 0.8 0.8
vn 7.67956e-10 -1.16005e-09 -1
v -2.72913e-09 -6.93357e-09 -1.11759e-08 0.8 0.8 0.8
vn 1.03962e-09 -9.07929e-10 -1
v -2.72913e-09 -6.93357e-09 -1.11759e-08 0.8 0.8 0.8
vn 1.26658e-09 -6.23026e-10 -1
v -2.72913e-09 -6.93357e-09 -1.11759e-08 0.8 0.8 0.8
vn 1.42927e-09 -3.33637e-10 -1
v -2.72913e-09 -6.93357e-09 -1.11759e-08 0.8 0.8 0.8
vn 1.51605e-09 -7.23486e-11 -1
f 2//2 31//31 1//1
f 32//32 31//31 2//2
f 3//3 32//32 2//2
f 33//33 32//32 3//3
f 4//4 33//33 3//3
f 34//34 33//33 4//4
f 5//5 34//34 4//4
f 35//35 34//34 5//5
f 6//6 35//35 5//5
f 36//36 35//35 6//6
f 7//7 36//36 6//6
f 37//37 36//36 7//7
f 8//8 37//37 7//7
f 38//38 37//37 8//8
f 9//9 38//38 8//8
f 39//39 38//38 9//9
f 10//10 39//39 9//9
f 40//40 39//39 10//10
f 11//11 40//40 10//10
f 41//41 40//40 11//11
f 12//12 41//41 11//11
f 42//42 41//41 12//12
f 13//13 42//42 12//12
f 43//43 42//42 13//13
f 14//14 43//43 13//13
f 44//44 43//43 14//14
f 15//15 44//44 14//14
f 45//45 44//44 15//15
f 16//16 45//45 15//15
f 46//46 45//45 16//16
f 17//17 46//46 16//16
f 47//47 46//46 17//17
f 18//18 47//47 17//17
f 48//48 47//47 18//18
f 19//19 48//48 18//18
f 49//49 48//48 19//19
f 20//20 49//49 19//19
f 50//50 49//49 20//20
f 21//21 50//50 20//20
f 51//51 50//50 21//21
f 22//22 51//51 21//21
f 52//52 51//51 22//22
f 23//23 52//52 22//22
f 53//53 52//52 23//23
f 24//24 53//53 23//23
f 54//54 53//53 24//24
f 25//25 54//54 24//24
f 55//55 54//54 25//25
f 26//26 55//55 25//25
f 56//56 55//55 26//26
f 27//27 56//56 26//26
f 57//57 56//56 27//27
f 28//28 57//57 27//27
f 58//58 57//57 28//28
f 29//29 58//58 28//28
f 59//59 58//58 29//29
f 30//30 59//59 29//29
f 60//60 59//59 30//30
f 1//1 60//60 30//30
f 31//31 60//60 1//1
f 32//32 61//61 31//31
f 62//62 61//61 32//32
f 33//33 62//62 32//32
f 63//63 62//62 33//33
f 34//34 63//63 33//33
f 64//64 63//63 34//34
f 35//35 64//64 34//34
f 65//65 64//64 35//35
f 36//36 65//65 35//35
f 66//66 65//65 36//36
f 37//37 66//66 36//36
f 67//67 66//66 37//37
f 38//38 67//67 37//37
f 68//68 67//67 38//38
f 39//39 68//68 38//38
f 69//69 68//68 39//39
f 40//40 69//69 39//39
f 70//70 69//69 40//40
f 41//41 70//70 40//40
f 71//71 70//70 41//41
f 42//42 71//71 41//41
f 72//72 71//71 42//42
f 43//43 72//72 42//42
f 73//73 72//72 43//43
f 44//44 73//73 43//43
f 74//74 73//73 44//44
f 45//45 74//74 44//44
f 75//75 74//74 45//45
f 46//46 75//75 45//45
f 76//76 75//75 46//46
f 47//47 76//76 46//46
f 77//77 76//76 47//47
f 48//48 77//77 47//47
f 78//78 77//77 48//48
f 49//49 78//78 48//48
f 79//79 78//78 49//49
f 50//50 79//79 49//49
f 80//80 79//79 50//50
f 51//51 80//80 50//50
f 81//81 80//80 51//51
f 52//52 81//81 51//51
f 82//82 81//81 52//52
f 53//53 82//82 52//52
f 83//83 82//82 53//53
f 54//54 83//83 53//53
f 84//84 83//83 54//54
f 55//55 84//84 54//54
f 85//85 84//84 55//55
f 56//56 85//85 55//55
f 86//86 85//85 56//56
f 57//57 86//86 56//56
f 87//87 86//86 57//57
f 58//58 87//87 57//57
f 88//88 87//87 58//58
f 59//59 88//88 58//58
f 89//89 88//88 59//59
f 60//60 89//89 59//59
f 90//90 89//89 60//60
f 31//31 90//90 60//60
f 61//61 90//90 31//31
f 62//62 91//91 61//61
f 92//92 91//91 62//62
f 63//63 92//92 62//62
f 93//93 92//92 63//63
f 64//64 93//93 63//63
f 94//94 93//93 64//64
f 65//65 94//94 64//64
f 95//95 94//94 65//65
f 66//66 95//95 65//65
f 96//96 95//95 66//66
f 67//67 96//96 66//66
f 97//97 96//96 67//67
f 68//68 97//97 67//67
f 98//98 97//97 68//68
f 69//69 98//98 68//68
f 99//99 98//98 69//69
f 70//70 99//99 69//69
f 100//100 99//99 70//70
f 71//71 100//100 70//70
f 101//101 100//100 71//71
f 72//72 101//101 71//71
f 102//102 101//101 72//72
f 73//73 102//102 72//72
f 103//103 102//102 73//73
f 74//74 103//103 73//73
f 104//104 103//103 74//74
f 75//75 104//104 74//74
f 105//105 104//104 75//75
f 76//76 105//105 75//75
f 106//106 105//105 76//76
f 77//77 106//106 76//76
f 107//107 106//106 77//77
f 78//78 107//107 77//77
f 108//108 107//107 78//78
f 79//79 108//108 78//78
f 109//109 108//108 79//79
f 80//80 109//109 79//79
f 110//110 109//109 80//80
f 81//81 110//110 80//80
f 111//111 110//110 81//81
f 82//82 111//111 81//81
f 112//112 111//111 82//82
f 83//83 112//112 82//82
f 113//113 112//112 83//83
f 84//84 113//113 83//83
f 114//114 113//113 84//84
f 85//85 114//114 84//84
f 115//115 114//114 85//85
f 86//86 115//115 85//85
f 116//116 115//115 86//86
f 87//87 116//116 86//86
f 117//117 116//116 87//87
f 88//88 117//117 87//87
f 118//118 117//117 88//88
f 89//89 118//118 88//88
f 119//119 118//118 89//89
f 90//90 119//119 89//89
f 120//120 119//119 90//90
f 61//61 120//120 90//90
f 91//91 120//120 61//61
f 92//92 121//121 91//91
f 122//122 121//121 92//92
f 93//93 122//122 92//92
f 123//123 122//122 93//93
f 94//94 123//123 93//93
f 124//124 123//123 94//94
f 95//95 124//124 94//94
f 125//125 124//124 95//95
f 96//96 125//125 95//95
f 126//126 125//125 96//96
f 97//97 126//126 96//96
f 127//127 126//126 97//97
f 98//98 127//127 97//97
f 128//128 127//127 98//98
f 99//99 128//128 98//98
f 129//129 128//128 99//99
f 100//100 129//129 99//99
f 130//130 129//129 100//100
f 101//101 130//130 100//100
f 131//131 130//130 101//101
f 102//102 131//131 101//101
f 132//132 131//131 102//102
f 103//103 132//132 102//102
f 133//133 132//132 103//103
f 104//104 133//133 103//103
f 134//134 133//133 104//104
f 105//105 134//134 104//104
f 135//135 134//134 105//105
f 106//106 135//135 105//105
f 136//136 135//135 106//106
f 107//107 136//136 106//106
f 137//137 136//136 107//107
f 108//108 137//137 107//107
f 138//138 137//137 108//108
f 109//109 138//138 108//108
f 139//139 138//138 109//109
f 110//110 139//139 109//109
f 140//140 139//139 110//110
f 111//111 140//140 110//110
f 141//141 140//140 111//111
f 112//112 141//141 111//111
f 142//142 141//141 112//112
f 113//113 142//142 112//112
f 143//143 142//142 113//113
f 114//114 143//143 113//113
f 144//144 143//143 114//114
f 115//115 144//144 114//114
f 145//145 144//144 115//115
f 116//116 145//145 115//115
f 146//146 145//145 116//116
f 117//117 146//146 116//116
f 147//147 146//146 117//117
f 118//118 147//147 117//117
f 148//148 147//147 118//118
f 119//119 148//148 118//118
f 149//149 148//148 119//119
f 120//120 149//149 119//119
f 150//150 149//149 120//120
f 91//91 150//150 120//120
f 121//121 150//150 91//91
f 122//122 151//151 121//121
f 152//152 151//151 122//122
f 123//123 152//152 122//122
f 153//153 152//152 123//123
f 124//124 153//153 123//123
f 154//154 153//153 124//124
f 125//125 154//154 124//124
f 155//155 154//154 125//125
f 126//126 155//155 125//125
f 156//156 155//155 126//126
f 127//127 156//156 126//126
f 157//157 156//156 127//127
f 128//128 157//157 127//127
f 158//158 157//157 128//128
f 129//129 158//158 128//128
f 159//159 158//158 129//129
f 130//130 159//159 129//129
f 160//160 159//159 130//130
f 131//131 160//160 130//130
f 161//161 160//160 131//131
f 132//132 161//161 131//131
f 162//162 161//161 132//132
f 133//133 162//162 132//132
f 163//163 162//162 133//133
f 134//134 163//163 133//133
f 164//164 163//163 134//134
f 135//135 164//164 134//134
f 165//165 164//164 135//135
f 136//136 165//165 135//135
f 166//166 165//165 136//136
f 137//137 166//166 136//136
f 167//167 166//166 137//137
f 138//138 167//167 137//137
f 168//168 167//167 138//138
f 139//139 168//168 138//138
f 169//169 168//168 139//139
f 140//140 169//169 139//139
f 170//170 169//169 140//140
f 141//141 170//170 140//140
f 171//171 170//170 141//141
f 142//142 171//171 141//141
f 172//172 171//171 142//142
f 143//143 172//172 142//142
f 173//173 172//172 143//143
f 144//144 173//173 143//143
f 174//174 173//173 144//144
f 145//145 174//174 144//144
f 175//175 174//174 145//145
f 146//146 175//175 145//145
f 176//176 175//175 146//146
f 147//147 176//176 146//146
f 177//177 176//176 147//147
f 148//148 177//177 147//147
f 178//178 177//177 148//148
f 149//149 178//178 148//148
f 179//179 178//178 149//149
f 150//150 179//179 149//149
f 180//180 179//179 150//150
f 121//121 180//180 150//150
f 151//151 180//180 121//121
f 152//152 181//181 151//151
f 182//182 181//181 152//152
f 153//153 182//182 152//152
f 183//183 182//182 153//153
f 154//154 183//183 153//153
f 184//184 183//183 154//154
f 155//155 184//184 154//154
f 185//185 184//184 155//155
f 156//156 185//185 155//155
f 186//186 185//185 156//156
f 157//157 186//186 156//156
f 187//187 186//186 157//157
f 158//158 187//187 157//157
f 188//188 187//187 158//158
f 159//159 188//188 158//158
f 189//189 188//188 159//159
f 160//160 189//189 159//159
f 190//190 189//189 160//160
f 161//161 190//190 160//160
f 191//191 190//190 161//161
f 162//162 191//191 161//161
f 192//192 191//191 162//162
f 163//163 192//192 162//162
f 193//193 192//192 163//163
f 164//164 193//193 163//163
f 194//194 193//193 164//164
f 165//165 194//194 164//164
f 195//195 194//194 165//165
f 166//166 195//195 165//165
f 196//196 195//195 166//166
f 167//167 196//196 166//166
f 197//197 196//196 167//167
f 168//168 197//197 167//167
f 198//198 197//197 168//168
f 169//169 198//198 168//168
f 199//199 198//198 169//169
f 170//170 199//199 169//169
f 200//200 199//199 170//170
f 171//171 200//200 170//170
f 201//201 200//200 171//171
f 172//172 201//201 171//171
f 202//202 201//201 172//172
f 173//173 202//202 172//172
f 203//203 202//202 173//173
f 174//174 203//203 173//173
f 204//204 203//203 174//174
f 175//175 204//204 174//174
f 205//205 204//204 175//175
f 176//176 205//205 175//175
f 206//206 205//205 176//176
f 177//177 206//206 176//176
f 207//207 206//206 177//177
f 178//178 207//207 177//177
f 208//208 207//207 178//178
f 179//179 208//208 178//178
f 209//209 208//208 179//179
f 180//180 209//209 179//179
f 210//210 209//209 180//180
f 151//151 210//210 180//180
f 181//181 210//210 151//151
f 182//182 211//211 181//181
f 212//212 211//211 182//182
f 183//183 212//212 182//182
f 213//213 212//212 183//183
f 184//184 213//213 183//183
f 214//214 213//213 184//184
f 185//185 214//214 184//184
f 215//215 214//214 185//185
f 186//186 215//215 185//185
f 216//216 215//215 186//186
f 187//187 216//216 186//186
f 217//217 216//216 187//187
f 188//188 217//217 187//187
f 218//218 217//217 188//188
f 189//189 218//218 188//188
f 219//219 218//218 189//189
f 190//190 219//219 189//189
f 220//220 219//219 190//190
f 191//191 220//220 190//190
f 221//221 220//220 191//191
f 192//192 221//221 191//191
f 222//222 221//221 192//192
f 193//193 222//222 192//192
f 223//223 222//222 193//193
f 194//194 223//223 193//193
f 224//224 223//223 194//194
f 195//195 224//224 194//194
f 225//225 224//224 195//195
f 196//196 225//225 195//195
f 226//226 225//225 196//196
f 197//197 226//226 196//196
f 227//227 226//226 197//197
f 198//198 227//227 197//197
f 228//228 227//227 198//198
f 199//199 228//228 198//198
f 229//229 228//228 199//199
f 200//200 229//229 199//199
f 230//230 229//229 200//200
f 201//201 230//230 200//200
f 231//231 230//230 201//201
f 202//202 231//231 201//201
f 232//232 231//231 202//202
f 203//203 232//232 202//202
f 233//233 232//232 203//203
f 204//204 233//233 203//203
f 234//234 233//233 204//204
f 205//205 234//234 204//204
f 235//235 234//234 205//205
f 206//206 235//235 205//205
f 236//236 235//235 206//206
f 207//207 236//236 206//206
f 237//237 236//236 207//207
f 208//208 237//237 207//207
f 238//238 237//237 208//208
f 209//209 238//238 208//208
f 239//239 238//238 209//209
f 210//210 239//239 209//209
f 240//240 239//239 210//210
f 181//181 240//240 210//210
f 211//211 240//240 181//181
f 212//212 241//241 211//211
f 242//242 241//241 212//212
f 213//213 242//242 212//212
f 243//243 242//242 213//213
f 214//214 243//243 213//213
f 244//244 243//243 214//214
f 215//215 244//244 214//214
f 245//245 244//244 215//215
f 216//216 245//245 215//215
f 246//246 245//245 216//216
f 217//217 246//246 216//216
f 247//247 246//246 217//217
f 218//218 247//247 217//217
f 248//248 247//247 218//218
f 219//219 248//248 218//218
f 249//249 248//248 219//219
f 220//220 249//249 219//219
f 250//250 249//249 220//220
f 221//221 250//250 220//220
f 251//251 250//250 221//221
f 222//222 251//251 221//221
f 252//252 251//251 222//222
f 223//223 252//252 222//222
f 253//253 252//252 223//223
f 224//224 253//253 223//223
f 254//254 253//253 224//224
f 225//225 254//254 224//224
f 255//255 254//254 225//225
f 226//226 255//255 225//225
f 256//256 255//255 226//226
f 227//227 256//256 226//226
f 257//257 256//256 227//227
f 228//228 257//257 227//227
f 258//258 257//257 228//228
f 229//229 258//258 228//228
f 259//259 258//258 229//229
f 230//230 259//259 229//229
f 260//260 259//259 230//230
f 231//231 260//260 230//230
f 261//261 260//260 231//231
f 232//232 261//261 231//231
f 262//262 261//261 232//232
f 233//233 262//262 232//232
f 263//263 262//262 233//233
f 234//234 263//263 233//233
f 264//264 263//263 234//234
f 235//235 264//264 234//234
f 265//265 264//264 235//235
f 236//236 265//265 235//235
f 266//266 265//265 236//236
f 237//237 266//266 236//236
f 267//267 266//266 237//237
f 238//238 267//267 237//237
f 268//268 267//267 238//238
f 239//239 268//268 238//238
f 269//269 268//268 239//239
f 240//240 269//269 239//239
f 270//270 269//269 240//240
f 211//211 270//270 240//240
f 241//241 270//270 211//211
f 242//242 271//271 241//241
f 272//272 271//271 242//242
f 243//243 272//272 242//242
f 273//273 272//272 243//243
f 244//244 273//273 243//243
f 274//274 273//273 244//244
f 245//245 274//274 244//244
f 275//275 274//274 245//245
f 246//246 275//275 245//245
f 276//276 275//275 246//246
f 247//247 276//276 246//246
f 277//277 276//276 247//247
f 248//248 277//277 247//247
f 278//278 277//277 248//248
f 249//249 278//278 248//248
f 279//279 278//278 249//249
f 250//250 279//279 249//249
f 280//280 279//279 250//250
f 251//251 280//280 250//250
f 281//281 280//280 251//251
f 252//252 281//281 251//251
f 282//282 281//281 252//252
f 253//253 282//282 252//252
f 283//283 282//282 253//253
f 254//254 283//283 253//253
f 284//284 283//283 254//254
f 255//255 284//284 254//254
f 285//285 284//284 255//255
f 256//256 285//285 255//255
f 286//286 285//285 256//256
f 257//257 286//286 256//256
f 287//287 286//286 257//257
f 258//258 287//287 257//257
f 288//288 287//287 258//258
f 259//259 288//288 258//258
f 289//289 288//288 259//259
f 260//260 289//289 259//259
f 290//290 289//289 260//260
f 261//261 290//290 260//260
f 291//291 290//290 261//261
f 262//262 291//291 261//261
f 292//292 291//291 262//262
f 263//263 292//292 262//262
f 293//293 292//292 263//263
f 264//264 293//293 263//263
f 294//294 293//293 264//264
f 265//265 294//294 264//264
f 295//295 294//294 265//265
f 266//266 295//295 265//265
f 296//296 295//295 266//266
f 267//267 296//296 266//266
f 297//297 296//296 267//267
f 268//268 297//297 267//267
f 298//298 297//297 268//268
f 269//269 298//298 268//268
f 299//299 298//298 269//269
f 270//270 299//299 269//269
f 300//300 299//299 270//270
f 241//241 300//300 270//270
f 271//271 300//300 241//241
f 272//272 301//301 271//271
f 302//302 301//301 272//272
f 273//273 302//302 272//272
f 303//303 302//302 273//273
f 274//274 303//303 273//273
f 304//304 303//303 274//274
f 275//275 304//304 274//274
f 305//305 304//304 275//275
f 276//276 305//305 275//275
f 306//306 305//305 276//276
f 277//277 306//306 276//276
f 307//307 306//306 277//277
f 278//278 307//307 277//277
f 308//308 307//307 278//278
f 279//279 308//308 278//278
f 309//309 308//308 279//279
f 280//280 309//309 279//279
f 310//310 309//309 280//280
f 281//281 310//310 280//280
f 311//311 310//310 281//281
f 282//282 311//311 281//281
f 312//312 311//311 282//282
f 283//283 312//312 282//282
f 313//313 312//312 283//283
f 284//284 313//313 283//283
f 314//314 313//313 284//284
f 285//285 314//314 284//284
f 315//315 314//314 285//285
f 286//286 315//315 285//285
f 316//316 315//315 286//286
f 287//287 316//316 286//286
f 317//317 316//316 287//287
f 288//288 317//317 287//287
f 318//318 317//317 288//288
f 289//289 318//318 288//288
f 319//319 318//318 289//289
f 290//290 319//319 289//289
f 320//320 319//319 290//290
f 291//291 320//320 290//290
f 321//321 320//320 291//291
f 292//292 321//321 291//291
f 322//322 321//321 292//292
f 293//293 322//322 292//292
f 323//323 322//322 293//293
f 294//294 323//323 293//293
f 324//324 323//323 294//294
f 295//295 324//324 294//294
f 325//325 324//324 295//295
f 296//296 325//325 295//295
f 326//326 325//325 296//296
f 297//297 326//326 296//296
f 327//327 326//326 297//297
f 298//298 327//327 297//297
f 328//328 327//327 298//298
f 299//299 328//328 298//298
f 329//329 328//328 299//299
f 300//300 329//329 299//299
f 330//330 329//329 300//300
f 271//271 330//330 300//300
f 301//301 330//330 271//271
f 302//302 331//331 301//301
f 332//332 331//331 302//302
f 303//303 332//332 302//302
f 333//333 332//332 303//303
f 304//304 333//333 303//303
f 334//334 333//333 304//304
f 305//305 334//334 304//304
f 335//335 334//334 305//305
f 306//306 335//335 305//305
f 336//336 335//335 306//306
f 307//307 336//336 306//306
f 337//337 336//336 307//307
f 308//308 337//337 307//307
f 338//338 337//337 308//308
f 309//309 338//338 308//308
f 339//339 338//338 309//309
f 310//310 339//339 309//309
f 340//340 339//339 310//310
f 311//311 340//340 310//310
f 341//341 340//340 311//311
f 312//312 341//341 311//311
f 342//342 341//341 312//312
f 313//313 342//342 312//312
f 343//343 342//342 313//313
f 314//314 343//343 313//313
f 344//344 343//343 314//314
f 315//315 344//344 314//314
f 345//345 344//344 315//315
f 316//316 345//345 315//315
f 346//346 345//345 316//316
f 317//317 346//346 316//316
f 347//347 346//346 317//317
f 318//318 347//347 317//317
f 348//348 347//347 318//318
f 319//319 348//348 318//318
f 349//349 348//348 319//319
f 320//320 349//349 319//319
f 350//350 349//349 320//320
f 321//321 350//350 320//320
f 351//351 350//350 321//321
f 322//322 351//351 321//321
f 352//352 351//351 322//322
f 323//323 352//352 322//322
f 353//353 352//352 323//323
f 324//324 353//353 323//323
f 354//354 353//353 324//324
f 325//325 354//354 324//324
f 355//355 354//354 325//325
f 326//326 355//355 325//325
f 356//356 355//355 326//326
f 327//327 356//356 326//326
f 357//357 356//356 327//327
f 328//328 357//357 327//327
f 358//358 357//357 328//328
f 329//329 358//358 328//328
f 359//359 358//358 329//329
f 330//330 359//359 329//329
f 360//360 359//359 330//330
f 301//301 360//360 330//330
f 331//331 360//360 301//301
f 332//332 361//361 331//331
f 362//362 361//361 332//332
f 333//333 362//362 332//332
f 363//363 362//362 333//333
f 334//334 363//363 333//333
f 364//364 363//363 334//334
f 335//335 364//364 334//334
f 365//365 364//364 335//335
f 336//336 365//365 335//335
f 366//366 365//365 336//336
f 337//337 366//366 336//336
f 367//367 366//366 337//337
f 338//338 367//367 337//337
f 368//368 367//367 338//338
f 339//339 368//368 338//338
f 369//369 368//368 339//339
f 340//340 369//369 339//339
f 370//370 369//369 340//340
f 341//341 370//370 340//340
f 371//371 370//370 341//341
f 342//342 371//371 341//341
f 372//372 371//371 342//342
f 343//343 372//372 342//342
f 373//373 372//372 343//343
f 344//344 373//373 343//343
f 374//374 373//373 344//344
f 345//345 374//374 344//344
f 375//375 374//374 345//345
f 346//346 375//375 345//345
f 376//376 375//375 346//346
f 347//347 376//376 346//346
f 377//377 376//376 347//347
f 348//348 377//377 347//347
f 378//378 377//377 348//348
f 349//349 378//378 348//348
f 379//379 378//378 349//349
f 350//350 379//379 349//349
f 380//380 379//379 350//350
f 351//351 380//380 350//350
f 381//381 380//380 351//351
f 352//352 381//381 351//351
f 382//382 381//381 352//352
f 353//353 382//382 352//352
f 383//383 382//382 353//353
f 354//354 383//383 353//353
f 384//384 383//383 354//354
f 355//355 384//384 354//354
f 385//385 384//384 355//355
f 356//356 385//385 355//355
f 386//386 385//385 356//356
f 357//357 386//386 356//356
f 387//387 386//386 357//357
f 358//358 387//387 357//357
f 388//388 387//387 358//358
f 359//359 388//388 358//358
f 389//389 388//388 359//359
f 360//360 389//389 359//359
f 390//390 389//389 360//360
f 331//331 390//390 360//360
f 361//361 390//390 331//331
f 362//362 391//391 361//361
f 392//392 391//391 362//362
f 363//363 392//392 362//362
f 393//393 392//392 363//363
f 364//364 393//393 363//363
f 394//394 393//393 364//364
f 365//365 394//394 364//364
f 395//395 394//394 365//365
f 366//366 395//395 365//365
f 396//396 395//395 366//366
f 367//367 396//396 366//366
f 397//397 396//396 367//367
f 368//368 397//397 367//367
f 398//398 397//397 368//368
f 369//369 398//398 368//368
f 399//399 398//398 369//369
f 370//370 399//399 369//369
f 400//400 399//399 370//370
f 371//371 400//400 370//370
f 401//401 400//400 371//371
f 372//372 401//401 371//371
f 402//402 401//401 372//372
f 373//373 402//402 372//372
f 403//403 402//402 373//373
f 374//374 403//403 373//373
f 404//404 403//403 374//374
f 375//375 404//404 374//374
f 405//405 404//404 375//375
f 376//376 405//405 375//375
f 406//406 405//405 376//376
f 377//377 406//406 376//376
f 407//407 406//406 377//377
f 378//378 407//407 377//377
f 408//408 407//407 378//378
f 379//379 408//408 378//378
f 409//409 408//408 379//379
f 380//380 409//409 379//379
f 410//410 409//409 380//380
f 381//381 410//410 380//380
f 411//411 410//410 381//381
f 382//382 411//411 381//381
f 412//412 411//411 382//382
f 383//383 412//412 382//382
f 413//413 412//412 383//383
f 384//384 413//413 383//383
f 414//414 413//413 384//384
f 385//385 414//414 384//384
f 415//415 414//414 385//385
f 386//386 415//415 385//385
f 416//416 415//415 386//386
f 387//387 416//416 386//386
f 417//417 416//416 387//387
f 388//388 417//417 387//387
f 418//418 417//417 388//388
f 389//389 418//418 388//388
f 419//419 418//418 389//389
f 390//390 419//419 389//389
f 420//420 419//419 390//390
f 361//361 420//420 390//390
f 391//391 420//420 361//361
f 392//392 421//421 391//391
f 422//422 421//421 392//392
f 393//393 422//422 392//392
f 423//423 422//422 393//393
f 394//394 423//423 393//393
f 424//424 423//423 394//394
f 395//395 424//424 394//394
f 425//425 424//424 395//395
f 396//396 425//425 395//395
f 426//426 425//425 396//396
f 397//397 426//426 396//396
f 427//427 426//426 397//397
f 398//398 427//427 397//397
f 428//428 427//427 398//398
f 399//399 428//428 398//398
f 429//429 428//428 399//399
f 400//400 429//429 399//399
f 430//430 429//429 400//400
f 401//401 430//430 400//400
f 431//431 430//430 401//401
f 402//402 431//431 401//401
f 432//432 431//431 402//402
f 403//403 432//432 402//402
f 433//433 432//432 403//403
f 404//404 433//433 403//403
f 434//434 433//433 404//404
f 405//405 434//434 404//404
f 435//435 434//434 405//405
f 406//406 435//435 405//405
f 436//436 435//435 406//406
f 407//407 436//436 406//406
f 437//437 436//436 407//407
f 408//408 437//437 407//407
f 438//438 437//437 408//408
f 409//409 438//438 408//408
f 439//439 438//438 409//409
f 410//410 439//439 409//409
f 440//440 439//439 410//410
f 411//411 440//440 410//410
f 441//441 440//440 411//411
f 412//412 441//441 411//411
f 442//442 441//441 412//412
f 413//413 442//442 412//412
f 443//443 442//442 413//413
f 414//414 443//443 413//413
f 444//444 443//443 414//414
f 415//415 444//444 414//414
f 445//445 444//444 415//415
f 416//416 445//445 415//415
f 446//446 445//445 416//416
f 417//417 446//446 416//416
f 447//447 446//446 417//417
f 418//418 447//447 417//417
f 448//448 447//447 418//418
f 419//419 448//448 418//418
f 449//449 448//448 419//419
f 420//420 449//449 419//419
f 450//450 449//449 420//420
f 391//391 450//450 420//420
f 421//421 450//450 391//391
f 422//422 451//451 421//421
f 452//452 451//451 422//422
f 423//423 452//452 422//422
f 453//453 452//452 423//423
f 424//424 453//453 423//423
f 454//454 453//453 424//424
f 425//425 454//454 424//424
f 455//455 454//454 425//425
f 426//426 455//455 425//425
f 456//456 455//455 426//426
f 427//427 456//456 426//426
f 457//457 456//456 427//427
f 428//428 457//457 427//427
f 458//458 457//457 428//428
f 429//429 458//458 428//428
f 459//459 458//458 429//429
f 430//430 459//459 429//429
f 460//460 459//459 430//430
f 431//431 460//460 430//430
f 461//461 460//460 431//431
f 432//432 461//461 431//431
f 462//462 461//461 432//432
f 433//433 462//462 432//432
f 463//463 462//462 433//433
f 434//434 463//463 433//433
f 464//464 463//463 434//434
f 435//435 464//464 434//434
f 465//465 464//464 435//435
f 436//436 465//465 435//435
f 466//466 465//465 436//436
f 437//437 466//466 436//436
f 467//467 466//466 437//437
f 438//438 467//467 437//437
f 468//468 467//467 438//438
f 439//439 468//468 438//438
f 469//469 468//468 439//439
f 440//440 469//469 439//439
f 470//470 469//469 440//440
f 441//441 470//470 440//440
f 471//471 470//470 441//441
f 442//442 471//471 441//441
f 472//472 471//471 442//442
f 443//443 472//472 442//442
f 473//473 472//472 443//443
f 444//444 473//473 443//443
f 474//474 473//473 444//444
f 445//445 474//474 444//444
f 475//475 474//474 445//445
f 446//446 475//475 445//445
f 476//476 475//475 446//446
f 447//447 476//476 446//446
f 477//477 476//476 447//447
f 448//448 477//477 447//447
f 478//478 477//477 448//448
f 449//449 478//478 448//448
f 479//479 478//478 449//449
f 450//450 479//479 449//449
f 480//480 479//479 450//450
f 421//421 480//480 450//450
f 451//451 480//480 421//421
f 452//452 481//481 451//451
f 482//482 481//481 452//452
f 453//453 482//482 452//452
f 483//483 482//482 453//453
f 454//454 483//483 453//453
f 484//484 483//483 454//454
f 455//455 484//484 454//454
f 485//485 484//484 455//455
f 456//456 485//485 455//455
f 486//486 485//485 456//456
f 457//457 486//486 456//456
f 487//487 486//486 457//457
f 458//458 487//487 457//457
f 488//488 487//487 458//458
f 459//459 488//488 458//458
f 489//489 488//488 459//459
f 460//460 489//489 459//459
f 490//490 489//489 460//460
f 461//461 490//490 460//460
f 491//491 490//490 461//461
f 462//462 491//491 461//461
f 492//492 491//491 462//462
f 463//463 492//492 462//462
f 493//493 492//492 463//463
f 464//464 493//493 463//463
f 494//494 493//493 464//464
f 465//465 494//494 464//464
f 495//495 494//494 465//465
f 466//466 495//495 465//465
f 496//496 495//495 466//466
f 467//467 496//496 466//466
f 497//497 496//496 467//467
f 468//468 497//497 467//467
f 498//498 497//497 468//468
f 469//469 498//498 468//468
f 499//499 498//498 469//469
f 470//470 499//499 469//469
f 500//500 499//499 470//470
f 471//471 500//500 470//470
f 501//501 500//500 471//471
f 472//472 501//501 471//471
f 502//502 501//501 472//472
f 473//473 502//502 472//472
f 503//503 502//502 473//473
f 474//474 503//503 473//473
f 504//504 503//503 474//474
f 475//475 504//504 474//474
f 505//505 504//504 475//475
f 476//476 505//505 475//475
f 506//506 505//505 476//476
f 477//477 506//506 476//476
f 507//507 506//506 477//477
f 478//478 507//507 477//477
f 508//508 507//507 478//478
f 479//479 508//508 478//478
f 509//509 508//508 479//479
f 480//480 509//509 479//479
f 510//510 509//509 480//480
f 451//451 510//510 480//480
f 481//481 510//510 451//451
f 482//482 511//511 481//481
f 512//512 511//511 482//482
f 483//483 512//512 482//482
f 513//513 512//512 483//483
f 484//484 513//513 483//483
f 514//514 513//513 484//484
f 485//485 514//514 484//484
f 515//515 514//514 485//485
f 486//486 515//515 485//485
f 516//516 515//515 486//486
f 487//487 516//516 486//486
f 517//517 516//516 487//487
f 488//488 517//517 487//487
f 518//518 517//517 488//488
f 489//489 518//518 488//488
f 519//519 518//518 489//489
f 490//490 519//519 489//489
f 520//520 519//519 490//490
f 491//491 520//520 490//490
f 521//521 520//520 491//491
f 492//492 521//521 491//491
f 522//522 521//521 492//492
f 493//493 522//522 492//492
f 523//523 522//522 493//493
f 494//494 523//523 493//493
f 524//524 523//523 494//494
f 495//495 524//524 494//494
f 525//525 524//524 495//495
f 496//496 525//525 495//495
f 526//526 525//525 496//496
f 497//497 526//526 496//496
f 527//527 526//526 497//497
f 498//498 527//527 497//497
f 528//528 527//527 498//498
f 499//499 528//528 498//498
f 529//529 528//528 499//499
f 500//500 529//529 499//499
f 530//530 529//529 500//500
f 501//501 530//530 500//500
f 531//531 530//530 501//501
f 502//502 531//531 501//501
f 532//532 531//531 502//502
f 503//503 532//532 502//502
f 533//533 532//532 503//503
f 504//504 533//533 503//503
f 534//534 533//533 504//504
f 505//505 534//534 504//504
f 535//535 534//534 505//505
f 506//506 535//535 505//505
f 536//536 535//535 506//506
f 507//507 536//536 506//506
f 537//537 536//536 507//507
f 508//508 537//537 507//507
f 538//538 537//537 508//508
f 509//509 538//538 508//508
f 539//539 538//538 509//509
f 510//510 539//539 509//509
f 540//540 539//539 510//510
f 481//481 540//540 510//510
f 511//511 540//540 481//481
f 512//512 541//541 511//511
f 542//542 541//541 512//512
f 513//513 542//542 512//512
f 543//543 542//542 513//513
f 514//514 543//543 513//513
f 544//544 543//543 514//514
f 515//515 544//544 514//514
f 545//545 544//544 515//515
f 516//516 545//545 515//515
f 546//546 545//545 516//516
f 517//517 546//546 516//516
f 547//547 546//546 517//517
f 518//518 547//547 517//517
f 548//548 547//547 518//518
f 519//519 548//548 518//518
f 549//549 548//548 519//519
f 520//520 549//549 519//519
f 550//550 549//549 520//520
f 521//521 550//550 520//520
f 551//551 550//550 521//521
f 522//522 551//551 521//521
f 552//552 551//551 522//522
f 523//523 552//552 522//522
f 553//553 552//552 523//523
f 524//524 553//553 523//523
f 554//554 553//553 524//524
f 525//525 554//554 524//524
f 555//555 554//554 525//525
f 526//526 555//555 525//525
f 556//556 555//555 526//526
f 527//527 556//556 526//526
f 557//557 556//556 527//527
f 528//528 557//557 527//527
f 558//558 557//557 528//528
f 529//529 558//558 528//528
f 559//559 558//558 529//529
f 530//530 559//559 529//529
f 560//560 559//559 530//530
f 531//531 560//560 530//530
f 561//561 560//560 531//531
f 532//532 561//561 531//531
f 562//562 561//561 532//532
f 533//533 562//562 532//532
f 563//563 562//562 533//533
f 534//534 563//563 533//533
f 564//564 563//563 534//534
f 535//535 564//564 534//534
f 565//565 564//564 535//535
f 536//536 565//565 535//535
f 566//566 565//565 536//536
f 537//537 566//566 536//536
f 567//567 566//566 537//537
f 538//538 567//567 537//537
f 568//568 567//567 538//538
f 539//539 568//568 538//538
f 569//569 568//568 539//539
f 540//540 569//569 539//539
f 570//570 569//569 540//540
f 511//511 570//570 540//540
f 541//541 570//570 511//511
f 542//542 571//571 541//541
f 572//572 571//571 542//542
f 543//543 572//572 542//542
f 573//573 572//572 543//543
f 544//544 573//573 543//543
f 574//574 573//573 544//544
f 545//545 574//574 544//544
f 575//575 574//574 545//545
f 546//546 575//575 545//545
f 576//576 575//575 546//546
f 547//547 576//576 546//546
f 577//577 576//576 547//547
f 548//548 577//577 547//547
f 578//578 577//577 548//548
f 549//549 578//578 548//548
f 579//579 578//578 549//549
f 550//550 579//579 549//549
f 580//580 579//579 550//550
f 551//551 580//580 550//550
f 581//581 580//580 551//551
f 552//552 581//581 551//551
f 582//582 581//581 552//552
f 553//553 582//582 552//552
f 583//583 582//582 553//553
f 554//554 583//583 553//553
f 584//584 583//583 554//554
f 555//555 584//584 554//554
f 585//585 584//584 555//555
f 556//556 585//585 555//555
f 586//586 585//585 556//556
f 557//557 586//586 556//556
f 587//587 586//586 557//557
f 558//558 587//587 557//557
f 588//588 587//587 558//558
f 559//559 588//588 558//558
f 589//589 588//588 559//559
f 560//560 589//589 559//559
f 590//590 589//589 560//560
f 561//561 590//590 560//560
f 591//591 590//590 561//561
f 562//562 591//591 561//561
f 592//592 591//591 562//562
f 563//563 592//592 562//562
f 593//593 592//592 563//563
f 564//564 593//593 563//563
f 594//594 593//593 564//564
f 565//565 594//594 564//564
f 595//595 594//594 565//565
f 566//566 595//595 565//565
f 596//596 595//595 566//566
f 567//567 596//596 566//566
f 597//597 596//596 567//567
f 568//568 597//597 567//567
f 598//598 597//597 568//568
f 569//569 598//598 568//568
f 599//599 598//598 569//569
f 570//570 599//599 569//569
f 600//600 599//599 570//570
f 541//541 600//600 570//570
f 571//571 600//600 541//541
f 572//572 601//601 571//571
f 602//602 601//601 572//572
f 573//573 602//602 572//572
f 603//603 602//602 573//573
f 574//574 603//603 573//573
f 604//604 603//603 574//574
f 575//575 604//604 574//574
f 605//605 604//604 575//575
f 576//576 605//605 575//575
f 606//606 605//605 576//576
f 577//577 606//606 576//576
f 607//607 606//606 577//577
f 578//578 607//607 577//577
f 608//608 607//607 578//578
f 579//579 608//608 578//578
f 609//609 608//608 579//579
f 580//580 609//609 579//579
f 610//610 609//609 580//580
f 581//581 610//610 580//580
f 611//611 610//610 581//581
f 582//582 611//611 581//581
f 612//612 611//611 582//582
f 583//583 612//612 582//582
f 613//613 612//612 583//583
f 584//584 613//613 583//583
f 614//614 613//613 584//584
f 585//585 614//614 584//584
f 615//615 614//614 585//585
f 586//586 615//615 585//585
f 616//616 615//615 586//586
f 587//587 616//616 586//586
f 617//617 616//616 587//587
f 588//588 617//617 587//587
f 618//618 617//617 588//588
f 589//589 618//618 588//588
f 619//619 618//618 589//589
f 590//590 619//619 589//589
f 620//620 619//619 590//590
f 591//591 620//620 590//590
f 621//621 620//620 591//591
f 592//592 621//621 591//591
f 622//622 621//621 592//592
f 593//593 622//622 592//592
f 623//623 622//622 593//593
f 594//594 623//623 593//593
f 624//624 623//623 594//594
f 595//595 624//624 594//594
f 625//625 624//624 595//595
f 596//596 625//625 595//595
f 626//626 625//625 596//596
f 597//597 626//626 596//596
f 627//627 626//626 597//597
f 598//598 627//627 597//597
f 628//628 627//627 598//598
f 599//599 628//628 598//598
f 629//629 628//628 599//599
f 600//600 629//629 599//599
f 630//630 629//629 600//600
f 571//571 630//630 600//600
f 601//601 630//630 571//571
f 661//661 632//632 631//631
f 661//661 662//662 632//632
f 662//662 633//633 632//632
f 662//662 663//663 633//633
f 663//663 634//634 633//633
f 663//663 664//664 634//634
f 664//664 635//635 634//634
f 664//664 665//665 635//635
f 665//665 636//636 635//635
f 665//665 666//666 636//636
f 666//666 637//637 636//636
f 666//666 667//667 637//637
f 667//667 638//638 637//637
f 667//667 668//668 638//638
f 668//668 639//639 638//638
f 668//668 669//669 639//639
f 669//669 640//640 639//639
f 669//669 670//670 640//640
f 670//670 641//641 640//640
f 670//670 671//671 641//641
f 671//671 642//642 641//641
f 671//671 672//672 642//642
f 672//672 643//643 642//642
f 672//672 673//673 643//643
f 673//673 644//644 643//643
f 673//673 674//674 644//644
f 674//674 645//645 644//644
f 674//674 675//675 645//645
f 675//675 646//646 645//645
f 675//675 676//676 646//646
f 676//676 647//647 646//646
f 676//676 677//677 647//647
f 677//677 648//648 647//647
f 677//677 678//678 648//648
f 678//678 649//649 648//648
f 678//678 679//679 649//649
f 679//679 650//650 649//649
f 679//679 680//680 650//650
f 680//680 651//651 650//650
f 680//680 681//681 651//651
f 681//681 652//652 651//651
f 681//681 682//682 652//652
f 682//682 653//653 652//652
f 682//682 683//683 653//653
f 683//683 654//654 653//653
f 683//683 684//684 654//654
f 684//684 655//655 654//654
f 684//684 685//685 655//655
f 685//685 656//656 655//655
f 685//685 686//686 656//656
f 686//686 657//657 656//656
f 686//686 687//687 657//657
f 687//687 658//658 657//657
f 687//687 688//688 658//658
f 688//688 659//659 658//658
f 688//688 689//689 659//659
f 689//689 660//660 659//659
f 689//689 690//690 660//660
f 690//690 631//631 660//660
f 690//690 661//661 631//631
f 691//691 662//662 661//661
f 691//691 692//692 662//662
f 692//692 663//663 662//662
f 692//692 693//693 663//663
f 693//693 664//664 663//663
f 693//693 694//694 664//664
f 694//694 665//665 664//664
f 694//694 695//695 665//665
f 695//695 666//666 665//665
f 695//695 696//696 666//666
f 696//696 667//667 666//666
f 696//696 697//697 667//667
f 697//697 668//668 667//667
f 697//697 698//698 668//668
f 698//698 669//669 668//668
f 698//698 699//699 669//669
f 699//699 670//670 669//669
f 699//699 700//700 670//670
f 700//700 671//671 670//670
f 700//700 701//701 671//671
f 701//701 672//672 671//671
f 701//701 702//702 672//672
f 702//702 673//673 672//672
f 702//702 703//703 673//673
f 703//703 674//674 673//673
f 703//703 704//704 674//674
f 704//704 675//675 674//674
f 704//704 705//705 675//675
f 705//705 676//676 675//675
f 705//705 706//706 676//676
f 706//706 677//677 676//676
f 706//706 707//707 677//677
f 707//707 678//678 677//677
f 707//707 708//708 678//678
f 708//708 679//679 678//678
f 708//708 709//709 679//679
f 709//709 680//680 679//679
f 709//709 710//710 680//680
f 710//710 681//681 680//680
f 710//710 711//711 681//681
f 711//711 682//682 681//681
f 711//711 712//712 682//682
f 712//712 683//683 682//682
f 712//712 713//713 683//683
f 713//713 684//684 683//683
f 713//713 714//714 684//684
f 714//714 685//685 684//684
f 714//714 715//715 685//685
f 715//715 686//686 685//685
f 715//715 716//716 686//686
f 716//716 687//687 686//686
f 716//716 717//717 687//687
f 717//717 688//688 687//687
f 717//717 718//718 688//688
f 718//718 689//689 688//688
f 718//718 719//719 689//689
f 719//719 690//690 689//689
f 719//719 720//720 690//690
f 720//720 661//661 690//690
f 720//720 691//691 661//661
f 721//721 692//692 691//691
f 721//721 722//722 692//692
f 722//722 693//693 692//692
f 722//722 723//723 693//693
f 723//723 694//694 693//693
f 723//723 724//724 694//694
f 724//724 695//695 694//694
f 724//724 725//725 695//695
f 725//725 696//696 695//695
f 725//725 726//726 696//696
f 726//726 697//697 696//696
f 726//726 727//727 697//697
f 727//727 698//698 697//697
f 727//727 728//728 698//698
f 728//728 699//699 698//698
f 728//728 729//729 699//699
f 729//729 700//700 699//699
f 729//729 730//730 700//700
f 730//730 701//701 700//700
f 730//730 731//731 701//701
f 731//731 702//702 701//701
f 731//731 732//732 702//702
f 732//732 703//703 702//702
f 732//732 733//733 703//703
f 733//733 704//704 703//703
f 733//733 734//734 704//704
f 734//734 705//705 704//704
f 734//734 735//735 705//705
f 735//735 706//706 705//705
f 735//735 736//736 706//706
f 736//736 707//707 706//706
f 736//736 737//737 707//707
f 737//737 708//708 707//707
f 737//737 738//738 708//708
f 738//738 709//709 708//708
f 738//738 739//739 709//709
f 739//739 710//710 709//709
f 739//739 740//740 710//710
f 740//740 711//711 710//710
f 740//740 741//741 711//711
f 741//741 712//712 711//711
f 741//741 742//742 712//712
f 742//742 713//713 712//712
f 742//742 743//743 713//713
f 743//743 714//714 713//713
f 743//743 744//744 714//714
f 744//744 715//715 714//714
f 744//744 745//745 715//715
f 745//745 716//716 715//715
f 745//745 746//746 716//716
f 746//746 717//717 716//716
f 746//746 747//747 717//717
f 747//747 718//718 717//717
f 747//747 748//748 718//718
f 748//748 719//719 718//718
f 748//748 749//749 719//719
f 749//749 720//720 719//719
f 749//749 750//750 720//720
f 750//750 691//691 720//720
f 750//750 721//721 691//691
f 751//751 722//722 721//721
f 751//751 752//752 722//722
f 752//752 723//723 722//722
f 752//752 753//753 723//723
f 753//753 724//724 723//723
f 753//753 754//754 724//724
f 754//754 725//725 724//724
f 754//754 755//755 725//725
f 755//755 726//726 725//725
f 755//755 756//756 726//726
f 756//756 727//727 726//726
f 756//756 757//757 727//727
f 757//757 728//728 727//727
f 757//757 758//758 728//728
f 758//758 729//729 728//728
f 758//758 759//759 729//729
f 759//759 730//730 729//729
f 759//759 760//760 730//730
f 760//760 731//731 730//730
f 760//760 761//761 731//731
f 761//761 732//732 731//731
f 761//761 762//762 732//732
f 762//762 733//733 732//732
f 762//762 763//763 733//733
f 763//763 734//734 733//733
f 763//763 764//764 734//734
f 764//764 735//735 734//734
f 764//764 765//765 735//735
f 765//765 736//736 735//735
f 765//765 766//766 736//736
f 766//766 737//737 736//736
f 766//766 767//767 737//737
f 767//767 738//738 737//737
f 767//767 768//768 738//738
f 768//768 739//739 738//738
f 768//768 769//769 739//739
f 769//769 740//740 739//739
f 769//769 770//770 740//740
f 770//770 741//741 740//740
f 770//770 771//771 741//741
f 771//771 742//742 741//741
f 771//771 772//772 742//742
f 772//772 743//743 742//742
f 772//772 773//773 743//743
f 773//773 744//744 743//743
f 773//773 774//774 744//744
f 774//774 745//745 744//744
f 774//774 775//775 745//745
f 775//775 746//746 745//745
f 775//775 776//776 746//746
f 776//776 747//747 746//746
f 776//776 777//777 747//747
f 777//777 748//748 747//747
f 777//777 778//778 748//748
f 778//778 749//749 748//748
f 778//778 779//779 749//749
f 779//779 750//750 749//749
f 779//779 780//780 750//750
f 780//780 721//721 750//750
f 780//780 751//751 721//721
f 781//781 752//752 751//751
f 781//781 782//782 752//752
f 782//782 753//753 752//752
f 782//782 783//783 753//753
f 783//783 754//754 753//753
f 783//783 784//784 754//754
f 784//784 755//755 754//754
f 784//784 785//785 755//755
f 785//785 756//756 755//755
f 785//785 786//786 756//756
f 786//786 757//757 756//756
f 786//786 787//787 757//757
f 787//787 758//758 757//757
f 787//787 788//788 758//758
f 788//788 759//759 758//758
f 788//788 789//789 759//759
f 789//789 760//760 759//759
f 789//789 790//790 760//760
f 790//790 761//761 760//760
f 790//790 791//791 761//761
f 791//791 762//762 761//761
f 791//791 792//792 762//762
f 792//792 763//763 762//762
f 792//792 793//793 763//763
f 793//793 764//764 763//763
f 793//793 794//794 764//764
f 794//794 765//765 764//764
f 794//794 795//795 765//765
f 795//795 766//766 765//765
f 795//795 796//796 766//766
f 796//796 767//767 766//766
f 796//796 797//797 767//767
f 797//797 768//768 767//767
f 797//797 798//798 768//768
f 798//798 769//769 768//768
f 798//798 799//799 769//769
f 799//799 770//770 769//769
f 799//799 800//800 770//770
f 800//800 771//771 770//770
f 800//800 801//801 771//771
f 801//801 772//772 771//771
f 801//801 802//802 772//772
f 802//802 773//773 772//772
f 802//802 803//803 773//773
f 803//803 774//774 773//773
f 803//803 804//804 774//774
f 804//804 775//775 774//774
f 804//804 805//805 775//775
f 805//805 776//776 775//775
f 805//805 806//806 776//776
f 806//806 777//777 776//776
f 806//806 807//807 777//777
f 807//807 778//778 777//777
f 807//807 808//808 778//778
f 808//808 779//779 778//778
f 808//808 809//809 779//779
f 809//809 780//780 779//779
f 809//809 810//810 780//780
f 810//810 751//751 780//780
f 810//810 781//781 751//751
f 811//811 782//782 781//781
f 811//811 812//812 782//782
f 812//812 783//783 782//782
f 812//812 813//813 783//783
f 813//813 784//784 783//783
f 813//813 814//814 784//784
f 814//814 785//785 784//784
f 814//814 815//815 785//785
f 815//815 786//786 785//785
f 815//815 816//816 786//786
f 816//816 787//787 786//786
f 816//816 817//817 787//787
f 817//817 788//788 787//787
f 817//817 818//818 788//788
f 818//818 789//789 788//788
f 818//818 819//819 789//789
f 819//819 790//790 789//789
f 819//819 820//820 790//790
f 820//820 791//791 790//790
f 820//820 821//821 791//791
f 821//821 792//792 791//791
f 821//821 822//822 792//792
f 822//822 793//793 792//792
f 822//822 823//823 793//793
f 823//823 794//794 793//793
f 823//823 824//824 794//794
f 824//824 795//795 794//794
f 824//824 825//825 795//795
f 825//825 796//796 795//795
f 825//825 826//826 796//796
f 826//826 797//797 796//796
f 826//826 827//827 797//797
f 827//827 798//798 797//797
f 827//827 828//828 798//798
f 828//828 799//799 798//798
f 828//828 829//829 799//799
f 829//829 800//800 799//799
f 829//829 830//830 800//800
f 830//830 801//801 800//800
f 830//830 831//831 801//801
f 831//831 802//802 801//801
f 831//831 832//832 802//802
f 832//832 803//803 802//802
f 832//832 833//833 803//803
f 833//833 804//804 803//803
f 833//833 834//834 804//804
f 834//834 805//805 804//804
f 834//834 835//835 805//805
f 835//835 806//806 805//805
f 835//835 836//836 806//806
f 836//836 807//807 806//806
f 836//836 837//837 807//807
f 837//837 808//808 807//807
f 837//837 838//838 808//808
f 838//838 809//809 808//808
f 838//838 839//839 809//809
f 839//839 810//810 809//809
f 839//839 840//840 810//810
f 840//840 781//781 810//810
f 840//840 811//811 781//781
f 841//841 812//812 811//811
f 841//841 842//842 812//812
f 842//842 813//813 812//812
f 842//842 843//843 813//813
f 843//843 814//814 813//813
f 843//843 844//844 814//814
f 844//844 815//815 814//814
f 844//844 845//845 815//815
f 845//845 816//816 815//815
f 845//845 846//846 816//816
f 846//846 817//817 816//816
f 846//846 847//847 817//817
f 847//847 818//818 817//817
f 847//847 848//848 818//818
f 848//848 819//819 818//818
f 848//848 849//849 819//819
f 849//849 820//820 819//819
f 849//849 850//850 820//820
f 850//850 821//821 820//820
f 850//850 851//851 821//821
f 851//851 822//822 821//821
f 851//851 852//852 822//822
f 852//852 823//823 822//822
f 852//852 853//853 823//823
f 853//853 824//824 823//823
f 853//853 854//854 824//824
f 854//854 825//825 824//824
f 854//854 855//855 825//825
f 855//855 826//826 825//825
f 855//855 856//856 826//826
f 856//856 827//827 826//826
f 856//856 857//857 827//827
f 857//857 828//828 827//827
f 857//857 858//858 828//828
f 858//858 829//829 828//828
f 858//858 859//859 829//829
f 859//859 830//830 829//829
f 859//859 860//860 830//830
f 860//860 831//831 830//830
f 860//860 861//861 831//831
f 861//861 832//832 831//831
f 861//861 862//862 832//832
f 862//862 833//833 832//832
f 862//862 863//863 833//833
f 863//863 834//834 833//833
f 863//863 864//864 834//834
f 864//864 835//835 834//834
f 864//864 865//865 835//835
f 865//865 836//836 835//835
f 865//865 866//866 836//836
f 866//866 837//837 836//836
f 866//866 867//867 837//837
f 867//867 838//838 837//837
f 867//867 868//868 838//838
f 868//868 839//839 838//838
f 868//868 869//869 839//839
f 869//869 840//840 839//839
f 869//869 870//870 840//840
f 870//870 811//811 840//840
f 870//870 841//841 811//811
f 871//871 842//842 841//841
f 871//871 872//872 842//842
f 872//872 843//843 842//842
f 872//872 873//873 843//843
f 873//873 844//844 843//843
f 873//873 874//874 844//844
f 874//874 845//845 844//844
f 874//874 875//875 845//845
f 875//875 846//846 845//845
f 875//875 876//876 846//846
f 876//876 847//847 846//846
f 876//876 877//877 847//847
f 877//877 848//848 847//847
f 877//877 878//878 848//848
f 878//878 849//849 848//848
f 878//878 879//879 849//849
f 879//879 850//850 849//849
f 879//879 880//880 850//850
f 880//880 851//851 850//850
f 880//880 881//881 851//851
f 881//881 852//852 851//851
f 881//881 882//882 852//852
f 882//882 853//853 852//852
f 882//882 883//883 853//853
f 883//883 854//854 853//853
f 883//883 884//884 854//854
f 884//884 855//855 854//854
f 884//884 885//885 855//855
f 885//885 856//856 855//855
f 885//885 886//886 856//856
f 886//886 857//857 856//856
f 886//886 887//887 857//857
f 887//887 858//858 857//857
f 887//887 888//888 858//858
f 888//888 859//859 858//858
f 888//888 889//889 859//859
f 889//889 860//860 859//859
f 889//889 890//890 860//860
f 890//890 861//861 860//860
f 890//890 891//891 861//861
f 891//891 862//862 861//861
f 891//891 892//892 862//862
f 892//892 863//863 862//862
f 892//892 893//893 863//863
f 893//893 864//864 863//863
f 893//893 894//894 864//864
f 894//894 865//865 864//864
f 894//894 895//895 865//865
f 895//895 866//866 865//865
f 895//895 896//896 866//866
f 896//896 867//867 866//866
f 896//896 897//897 867//867
f 897//897 868//868 867//867
f 897//897 898//898 868//868
f 898//898 869//869 868//868
f 898//898 899//899 869//869
f 899//899 870//870 869//869
f 899//899 900//900 870//870
f 900//900 841//841 870//870
f 900//900 871//871 841//841
f 901//901 872//872 871//871
f 901//901 902//902 872//872
f 902//902 873//873 872//872
f 902//902 903//903 873//873
f 903//903 874//874 873//873
f 903//903 904//904 874//874
f 904//904 875//875 874//874
f 904//904 905//905 875//875
f 905//905 876//876 875//875
f 905//905 906//906 876//876
f 906//906 877//877 876//876
f 906//906 907//907 877//877
f 907//907 878//878 877//877
f 907//907 908//908 878//878
f 908//908 879//879 878//878
f 908//908 909//909 879//879
f 909//909 880//880 879//879
f 909//909 910//910 880//880
f 910//910 881//881 880//880
f 910//910 911//911 881//881
f 911//911 882//882 881//881
f 911//911 912//912 882//882
f 912//912 883//883 882//882
f 912//912 913//913 883//883
f 913//913 884//884 883//883
f 913//913 914//914 884//884
f 914//914 885//885 884//884
f 914//914 915//915 885//885
f 915//915 886//886 885//885
f 915//915 916//916 886//886
f 916//916 887//887 886//886
f 916//916 917//917 887//887
f 917//917 888//888 887//887
f 917//917 918//918 888//888
f 918//918 889//889 888//888
f 918//918 919//919 889//889
f 919//919 890//890 889//889
f 919//919 920//920 890//890
f 920//920 891//891 890//890
f 920//920 921//921 891//891
f 921//921 892//892 891//891
f 921//921 922//922 892//892
f 922//922 893//893 892//892
f 922//922 923//923 893//893
f 923//923 894//894 893//893
f 923//923 924//924 894//894
f 924//924 895//895 894//894
f 924//924 925//925 895//895
f 925//925 896//896 895//895
f 925//925 926//926 896//896
f 926//926 897//897 896//896
f 926//926 927//927 897//897
f 927//927 898//898 897//897
f 927//927 928//928 898//898
f 928//928 899//899 898//898
f 928//928 929//929 899//899
f 929//929 900//900 899//899
f 929//929 930//930 900//900
f 930//930 871//871 900//900
f 930//930 901//901 871//871
f 931//931 902//902 901//901
f 931//931 932//932 902//902
f 932//932 903//903 902//902
f 932//932 933//933 903//903
f 933//933 904//904 903//903
f 933//933 934//934 904//904
f 934//934 905//905 904//904
f 934//934 935//935 905//905
f 935//935 906//906 905//905
f 935//935 936//936 906//906
f 936//936 907//907 906//906
f 936//936 937//937 907//907
f 937//937 908//908 907//907
f 937//937 938//938 908//908
f 938//938 909//909 908//908
f 938//938 939//939 909//909
f 939//939 910//910 909//909
f 939//939 940//940 910//910
f 940//940 911//911 910//910
f 940//940 941//941 911//911
f 941//941 912//912 911//911
f 941//941 942//942 912//912
f 942//942 913//913 912//912
f 942//942 943//943 913//913
f 943//943 914//914 913//913
f 943//943 944//944 914//914
f 944//944 915//915 914//914
f 944//944 945//945 915//915
f 945//945 916//916 915//915
f 945//945 946//946 916//916
f 946//946 917//917 916//916
f 946//946 947//947 917//917
f 947//947 918//918 917//917
f 947//947 948//948 918//918
f 948//948 919//919 918//918
f 948//948 949//949 919//919
f 949//949 920//920 919//919
f 949//949 950//950 920//920
f 950//950 921//921 920//920
f 950//950 951//951 921//921
f 951//951 922//922 921//921
f 951//951 952//952 922//922
f 952//952 923//923 922//922
f 952//952 953//953 923//923
f 953//953 924//924 923//923
f 953//953 954//954 924//924
f 954//954 925//925 924//924
f 954//954 955//955 925//925
f 955//955 926//926 925//925
f 955//955 956//956 926//926
f 956//956 927//927 926//926
f 956//956 957//957 927//927
f 957//957 928//928 927//927
f 957//957 958//958 928//928
f 958//958 929//929 928//928
f 958//958 959//959 929//929
f 959//959 930//930 929//929
f 959//959 960//960 930//930
f 960//960 901//901 930//930
f 960//960 931//931 901//901
f 961//961 932//932 931//931
f 961//961 962//962 932//932
f 962//962 933//933 932//932
f 962//962 963//963 933//933
f 963//963 934//934 933//933
f 963//963 964//964 934//934
f 964//964 935//935 934//934
f 964//964 965//965 935//935
f 965//965 936//936 935//935
f 965//965 966//966 936//936
f 966//966 937//937 936//936
f 966//966 967//967 937//937
f 967//967 938//938 937//937
f 967//967 968//968 938//938
f 968//968 939//939 938//938
f 968//968 969//969 939//939
f 969//969 940//940 939//939
f 969//969 970//970 940//940
f 970//970 941//941 940//940
f 970//970 971//971 941//941
f 971//971 942//942 941//941
f 971//971 972//972 942//942
f 972//972 943//943 942//942
f 972//972 973//973 943//943
f 973//973 944//944 943//943
f 973//973 974//974 944//944
f 974//974 945//945 944//944
f 974//974 975//975 945//945
f 975//975 946//946 945//945
f 975//975 976//976 946//946
f 976//976 947//947 946//946
f 976//976 977//977 947//947
f 977//977 948//948 947//947
f 977//977 978//978 948//948
f 978//978 949//949 948//948
f 978//978 979//979 949//949
f 979//979 950//950 949//949
f 979//979 980//980 950//950
f 980//980 951//951 950//950
f 980//980 981//981 951//951
f 981//981 952//952 951//951
f 981//981 982//982 952//952
f 982//982 953//953 952//952
f 982//982 983//983 953//953
f 983//983 954//954 953//953
f 983//983 984//984 954//954
f 984//984 955//955 954//954
f 984//984 985//985 955//955
f 985//985 956//956 955//955
f 985//985 986//986 956//956
f 986//986 957//957 956//956
f 986//986 987//987 957//957
f 987//987 958//958 957//957
f 987//987 988//988 958//958
f 988//988 959//959 958//958
f 988//988 989//989 959//959
f 989//989 960//960 959//959
f 989//989 990//990 960//960
f 990//990 931//931 960//960
f 990//990 961//961 931//931
f 991//991 962//962 961//961
f 991//991 992//992 962//962
f 992//992 963//963 962//962
f 992//992 993//993 963//963
f 993//993 964//964 963//963
f 993//993 994//994 964//964
f 994//994 965//965 964//964
f 994//994 995//995 965//965
f 995//995 966//966 965//965
f 995//995 996//996 966//966
f 996//996 967//967 966//966
f 996//996 997//997 967//967
f 997//997 968//968 967//967
f 997//997 998//998 968//968
f 998//998 969//969 968//968
f 998//998 999//999 969//969
f 999//999 970//970 969//969
f 999//999 1000//1000 970//970
f 1000//1000 971//971 970//970
f 1000//1000 1001//1001 971//971
f 1001//1001 972//972 971//971
f 1001//1001 1002//1002 972//972
f 1002//1002 973//973 972//972
f 1002//1002 1003//1003 973//973
f 1003//1003 974//974 973//973
f 1003//1003 1004//1004 974//974
f 1004//1004 975//975 974//974
f 1004//1004 1005//1005 975//975
f 1005//1005 976//976 975//975
f 1005//1005 1006//1006 976//976
f 1006//1006 977//977 976//976
f 1006//1006 1007//1007 977//977
f 1007//1007 978//978 977//977
f 1007//1007 1008//1008 978//978
f 1008//1008 979//979 978//978
f 1008//1008 1009//1009 979//979
f 1009//1009 980//980 979//979
f 1009//1009 1010//1010 980//980
f 1010//1010 981//981 980//980
f 1010//1010 1011//1011 981//981
f 1011//1011 982//982 981//981
f 1011//1011 1012//1012 982//982
f 1012//1012 983//983 982//982
f 1012//1012 1013//1013 983//983
f 1013//1013 984//984 983//983
f 1013//1013 1014//1014 984//984
f 1014//1014 985//985 984//984
f 1014//1014 1015//1015 985//985
f 1015//1015 986//986 985//985
f 1015//1015 1016//1016 986//986
f 1016//1016 987//987 986//986
f 1016//1016 1017//1017 987//987
f 1017//1017 988//988 987//987
f 1017//1017 1018//1018 988//988
f 1018//1018 989//989 988//988
f 1018//1018 1019//1019 989//989
f 1019//1019 990//990 989//989
f 1019//1019 1020//1020 990//990
f 1020//1020 961//961 990//990
f 1020//1020 991//991 961//961
f 1021//1021 992//992 991//991
f 1021//1021 1022//1022 992//992
f 1022//1022 993//993 992//992
f 1022//1022 1023//1023 993//993
f 1023//1023 994//994 993//993
f 1023//1023 1024//1024 994//994
f 1024//1024 995//995 994//994
f 1024//1024 1025//1025 995//995
f 1025//1025 996//996 995//995
f 1025//1025 1026//1026 996//996
f 1026//1026 997//997 996//996
f 1026//1026 1027//1027 997//997
f 1027//1027 998//998 997//997
f 1027//1027 1028//1028 998//998
f 1028//1028 999//999 998//998
f 1028//1028 1029//1029 999//999
f 1029//1029 1000//1000 999//999
f 1029//1029 1030//1030 1000//1000
f 1030//1030 1001//1001 1000//1000
f 1030//1030 1031//1031 1001//1001
f 1031//1031 1002//1002 1001//1001
f 1031//1031 1032//1032 1002//1002
f 1032//1032 1003//1003 1002//1002
f 1032//1032 1033//1033 1003//1003
f 1033//1033 1004//1004 1003//1003
f 1033//1033 1034//1034 1004//1004
f 1034//1034 1005//1005 1004//1004
f 1034//1034 1035//1035 1005//1005
f 1035//1035 1006//1006 1005//1005
f 1035//1035 1036//1036 1006//1006
f 1036//1036 1007//1007 1006//1006
f 1036//1036 1037//1037 1007//1007
f 1037//1037 1008//1008 1007//1007
f 1037//1037 1038//1038 1008//1008
f 1038//1038 1009//1009 1008//1008
f 1038//1038 1039//1039 1009//1009
f 1039//1039 1010//1010 1009//1009
f 1039//1039 1040//1040 1010//1010
f 1040//1040 1011//1011 1010//1010
f 1040//1040 1041//1041 1011//1011
f 1041//1041 1012//1012 1011//1011
f 1041//1041 1042//1042 1012//1012
f 1042//1042 1013//1013 1012//1012
f 1042//1042 1043//1043 1013//1013
f 1043//1043 1014//1014 1013//1013
f 1043//1043 1044//1044 1014//1014
f 1044//1044 1015//1015 1014//1014
f 1044//1044 1045//1045 1015//1015
f 1045//1045 1016//1016 1015//1015
f 1045//1045 1046//1046 1016//1016
f 1046//1046 1017//1017 1016//1016
f 1046//1046 1047//1047 1017//1017
f 1047//1047 1018//1018 1017//1017
f 1047//1047 1048//1048 1018//1018
f 1048//1048 1019//1019 1018//1018
f 1048//1048 1049//1049 1019//1019
f 1049//1049 1020//1020 1019//1019
f 1049//1049 1050//1050 1020//1020
f 1050//1050 991//991 1020//1020
f 1050//1050 1021//1021 991//991
f 1051//1051 1022//1022 1021//1021
f 1051//1051 1052//1052 1022//1022
f 1052//1052 1023//1023 1022//1022
f 1052//1052 1053//1053 1023//1023
f 1053//1053 1024//1024 1023//1023
f 1053//1053 1054//1054 1024//1024
f 1054//1054 1025//1025 1024//1024
f 1054//1054 1055//1055 1025//1025
f 1055//1055 1026//1026 1025//1025
f 1055//1055 1056//1056 1026//1026
f 1056//1056 1027//1027 1026//1026
f 1056//1056 1057//1057 1027//1027
f 1057//1057 1028//1028 1027//1027
f 1057//1057 1058//1058 1028//1028
f 1058//1058 1029//1029 1028//1028
f 1058//1058 1059//1059 1029//1029
f 1059//1059 1030//1030 1029//1029
f 1059//1059 1060//1060 1030//1030
f 1060//1060 1031//1031 1030//1030
f 1060//1060 1061//1061 1031//1031
f 1061//1061 1032//1032 1031//1031
f 1061//1061 1062//1062 1032//1032
f 1062//1062 1033//1033 1032//1032
f 1062//1062 1063//1063 1033//1033
f 1063//1063 1034//1034 1033//1033
f 1063//1063 1064//1064 1034//1034
f 1064//1064 1035//1035 1034//1034
f 1064//1064 1065//1065 1035//1035
f 1065//1065 1036//1036 1035//1035
f 1065//1065 1066//1066 1036//1036
f 1066//1066 1037//1037 1036//1036
f 1066//1066 1067//1067 1037//1037
f 1067//1067 1038//1038 1037//1037
f 1067//1067 1068//1068 1038//1038
f 1068//1068 1039//1039 1038//1038
f 1068//1068 1069//1069 1039//1039
f 1069//1069 1040//1040 1039//1039
f 1069//1069 1070//1070 1040//1040
f 1070//1070 1041//1041 1040//1040
f 1070//1070 1071//1071 1041//1041
f 1071//1071 1042//1042 1041//1041
f 1071//1071 1072//1072 1042//1042
f 1072//1072 1043//1043 1042//1042
f 1072//1072 1073//1073 1043//1043
f 1073//1073 1044//1044 1043//1043
f 1073//1073 1074//1074 1044//1044
f 1074//1074 1045//1045 1044//1044
f 1074//1074 1075//1075 1045//1045
f 1075//1075 1046//1046 1045//1045
f 1075//1075 1076//1076 1046//1046
f 1076//1076 1047//1047 1046//1046
f 1076//1076 1077//1077 1047//1047
f 1077//1077 1048//1048 1047//1047
f 1077//1077 1078//1078 1048//1048
f 1078//1078 1049//1049 1048//1048
f 1078//1078 1079//1079 1049//1049
f 1079//1079 1050//1050 1049//1049
f 1079//1079 1080//1080 1050//1050
f 1080//1080 1021//1021 1050//1050
f 1080//1080 1051//1051 1021//1021
f 1081//1081 1052//1052 1051//1051
f 1081//1081 1082//1082 1052//1052
f 1082//1082 1053//1053 1052//1052
f 1082//1082 1083//1083 1053//1053
f 1083//1083 1054//1054 1053//1053
f 1083//1083 1084//1084 1054//1054
f 1084//1084 1055//1055 1054//1054
f 1084//1084 1085//1085 1055//1055
f 1085//1085 1056//1056 1055//1055
f 1085//1085 1086//1086 1056//1056
f 1086//1086 1057//1057 1056//1056
f 1086//1086 1087//1087 1057//1057
f 1087//1087 1058//1058 1057//1057
f 1087//1087 1088//1088 1058//1058
f 1088//1088 1059//1059 1058//1058
f 1088//1088 1089//1089 1059//1059
f 1089//1089 1060//1060 1059//1059
f 1089//1089 1090//1090 1060//1060
f 1090//1090 1061//1061 1060//1060
f 1090//1090 1091//1091 1061//1061
f 1091//1091 1062//1062 1061//1061
f 1091//1091 1092//1092 1062//1062
f 1092//1092 1063//1063 1062//1062
f 1092//1092 1093//1093 1063//1063
f 1093//1093 1064//1064 1063//1063
f 1093//1093 1094//1094 1064//1064
f 1094//1094 1065//1065 1064//1064
f 1094//1094 1095//1095 1065//1065
f 1095//1095 1066//1066 1065//1065
f 1095//1095 1096//1096 1066//1066
f 1096//1096 1067//1067 1066//1066
f 1096//1096 1097//1097 1067//1067
f 1097//1097 1068//1068 1067//1067
f 1097//1097 1098//1098 1068//1068
f 1098//1098 1069//1069 1068//1068
f 1098//1098 1099//1099 1069//1069
f 1099//1099 1070//1070 1069//1069
f 1099//1099 1100//1100 1070//1070
f 1100//1100 1071//1071 1070//1070
f 1100//1100 1101//1101 1071//1071
f 1101//1101 1072//1072 1071//1071
f 1101//1101 1102//1102 1072//1072
f 1102//1102 1073//1073 1072//1072
f 1102//1102 1103//1103 1073//1073
f 1103//1103 1074//1074 1073//1073
f 1103//1103 1104//1104 1074//1074
f 1104//1104 1075//1075 1074//1074
f 1104//1104 1105//1105 1075//1075
f 1105//1105 1076//1076 1075//1075
f 1105//1105 1106//1106 1076//1076
f 1106//1106 1077//1077 1076//1076
f 1106//1106 1107//1107 1077//1077
f 1107//1107 1078//1078 1077//1077
f 1107//1107 1108//1108 1078//1078
f 1108//1108 1079//1079 1078//1078
f 1108//1108 1109//1109 1079//1079
f 1109//1109 1080//1080 1079//1079
f 1109//1109 1110//1110 1080//1080
f 1110//1110 1051//1051 1080//1080
f 1110//1110 1081//1081 1051//1051
f 1111//1111 1082//1082 1081//1081
f 1111//1111 1112//1112 1082//1082
f 1112//1112 1083//1083 1082//1082
f 1112//1112 1113//1113 1083//1083
f 1113//1113 1084//1084 1083//1083
f 1113//1113 1114//1114 1084//1084
f 1114//1114 1085//1085 1084//1084
f 1114//1114 1115//1115 1085//1085
f 1115//1115 1086//1086 1085//1085
f 1115//1115 1116//1116 1086//1086
f 1116//1116 1087//1087 1086//1086
f 1116//1116 1117//1117 1087//1087
f 1117//1117 1088//1088 1087//1087
f 1117//1117 1118//1118 1088//1088
f 1118//1118 1089//1089 1088//1088
f 1118//1118 1119//1119 1089//1089
f 1119//1119 1090//1090 1089//1089
f 1119//1119 1120//1120 1090//1090
f 1120//1120 1091//1091 1090//1090
f 1120//1120 1121//1121 1091//1091
f 1121//1121 1092//1092 1091//1091
f 1121//1121 1122//1122 1092//1092
f 1122//1122 1093//1093 1092//1092
f 1122//1122 1123//1123 1093//1093
f 1123//1123 1094//1094 1093//1093
f 1123//1123 1124//1124 1094//1094
f 1124//1124 1095//1095 1094//1094
f 1124//1124 1125//1125 1095//1095
f 1125//1125 1096//1096 1095//1095
f 1125//1125 1126//1126 1096//1096
f 1126//1126 1097//1097 1096//1096
f 1126//1126 1127//1127 1097//1097
f 1127//1127 1098//1098 1097//1097
f 1127//1127 1128//1128 1098//1098
f 1128//1128 1099//1099 1098//1098
f 1128//1128 1129//1129 1099//1099
f 1129//1129 1100//1100 1099//1099
f 1129//1129 1130//1130 1100//1100
f 1130//1130 1101//1101 1100//1100
f 1130//1130 1131//1131 1101//1101
f 1131//1131 1102//1102 1101//1101
f 1131//1131 1132//1132 1102//1102
f 1132//1132 1103//1103 1102//1102
f 1132//1132 1133//1133 1103//1103
f 1133//1133 1104//1104 1103//1103
f 1133//1133 1134//1134 1104//1104
f 1134//1134 1105//1105 1104//1104
f 1134//1134 1135//1135 1105//1105
f 1135//1135 1106//1106 1105//1105
f 1135//1135 1136//1136 1106//1106
f 1136//1136 1107//1107 1106//1106
f 1136//1136 1137//1137 1107//1107
f 1137//1137 1108//1108 1107//1107
f 1137//1137 1138//1138 1108//1108
f 1138//1138 1109//1109 1108//1108
f 1138//1138 1139//1139 1109//1109
f 1139//1139 1110//1110 1109//1109
f 1139//1139 1140//1140 1110//1110
f 1140//1140 1081//1081 1110//1110
f 1140//1140 1111//1111 1081//1081
f 1141//1141 1112//1112 1111//1111
f 1141//1141 1142//1142 1112//1112
f 1142//1142 1113//1113 1112//1112
f 1142//1142 1143//1143 1113//1113
f 1143//1143 1114//1114 1113//1113
f 1143//1143 1144//1144 1114//1114
f 1144//1144 1115//1115 1114//1114
f 1144//1144 1145//1145 1115//1115
f 1145//1145 1116//1116 1115//1115
f 1145//1145 1146//1146 1116//1116
f 1146//1146 1117//1117 1116//1116
f 1146//1146 1147//1147 1117//1117
f 1147//1147 1118//1118 1117//1117
f 1147//1147 1148//1148 1118//1118
f 1148//1148 1119//1119 1118//1118
f 1148//1148 1149//1149 1119//1119
f 1149//1149 1120//1120 1119//1119
f 1149//1149 1150//1150 1120//1120
f 1150//1150 1121//1121 1120//1120
f 1150//1150 1151//1151 1121//1121
f 1151//1151 1122//1122 1121//1121
f 1151//1151 1152//1152 1122//1122
f 1152//1152 1123//1123 1122//1122
f 1152//1152 1153//1153 1123//1123
f 1153//1153 1124//1124 1123//1123
f 1153//1153 1154//1154 1124//1124
f 1154//1154 1125//1125 1124//1124
f 1154//1154 1155//1155 1125//1125
f 1155//1155 1126//1126 1125//1125
f 1155//1155 1156//1156 1126//1126
f 1156//1156 1127//1127 1126//1126
f 1156//1156 1157//1157 1127//1127
f 1157//1157 1128//1128 1127//1127
f 1157//1157 1158//1158 1128//1128
f 1158//1158 1129//1129 1128//1128
f 1158//1158 1159//1159 1129//1129
f 1159//1159 1130//1130 1129//1129
f 1159//1159 1160//1160 1130//1130
f 1160//1160 1131//1131 1130//1130
f 1160//1160 1161//1161 1131//1131
f 1161//1161 1132//1132 1131//1131
f 1161//1161 1162//1162 1132//1132
f 1162//1162 1133//1133 1132//1132
f 1162//1162 1163//1163 1133//1133
f 1163//1163 1134//1134 1133//1133
f 1163//1163 1164//1164 1134//1134
f 1164//1164 1135//1135 1134//1134
f 1164//1164 1165//1165 1135//1135
f 1165//1165 1136//1136 1135//1135
f 1165//1165 1166//1166 1136//1136
f 1166//1166 1137//1137 1136//1136
f 1166//1166 1167//1167 1137//1137
f 1167//1167 1138//1138 1137//1137
f 1167//1167 1168//1168 1138//1138
f 1168//1168 1139//1139 1138//1138
f 1168//1168 1169//1169 1139//1139
f 1169//1169 1140//1140 1139//1139
f 1169//1169 1170//1170 1140//1140
f 1170//1170 1111//1111 1140//1140
f 1170//1170 1141//1141 1111//1111
f 1171//1171 1142//1142 1141//1141
f 1171//1171 1172//1172 1142//1142
f 1172//1172 1143//1143 1142//1142
f 1172//1172 1173//1173 1143//1143
f 1173//1173 1144//1144 1143//1143
f 1173//1173 1174//1174 1144//1144
f 1174//1174 1145//1145 1144//1144
f 1174//1174 1175//1175 1145//1145
f 1175//1175 1146//1146 1145//1145
f 1175//1175 1176//1176 1146//1146
f 1176//1176 1147//1147 1146//1146
f 1176//1176 1177//1177 1147//1147
f 1177//1177 1148//1148 1147//1147
f 1177//1177 1178//1178 1148//1148
f 1178//1178 1149//1149 1148//1148
f 1178//1178 1179//1179 1149//1149
f 1179//1179 1150//1150 1149//1149
f 1179//1179 1180//1180 1150//1150
f 1180//1180 1151//1151 1150//1150
f 1180//1180 1181//1181 1151//1151
f 1181//1181 1152//1152 1151//1151
f 1181//1181 1182//1182 1152//1152
f 1182//1182 1153//1153 1152//1152
f 1182//1182 1183//1183 1153//1153
f 1183//1183 1154//1154 1153//1153
f 1183//1183 1184//1184 1154//1154
f 1184//1184 1155//1155 1154//1154
f 1184//1184 1185//1185 1155//1155
f 1185//1185 1156//1156 1155//1155
f 1185//1185 1186//1186 1156//1156
f 1186//1186 1157//1157 1156//1156
f 1186//1186 1187//1187 1157//1157
f 1187//1187 1158//1158 1157//1157
f 1187//1187 1188//1188 1158//1158
f 1188//1188 1159//1159 1158//1158
f 1188//1188 1189//1189 1159//1159
f 1189//1189 1160//1160 1159//1159
f 1189//1189 1190//1190 1160//1160
f 1190//1190 1161//1161 1160//1160
f 1190//1190 1191//1191 1161//1161
f 1191//1191 1162//1162 1161//1161
f 1191//1191 1192//1192 1162//1162
f 1192//1192 1163//1163 1162//1162
f 1192//1192 1193//1193 1163//1163
f 1193//1193 1164//1164 1163//1163
f 1193//1193 1194//1194 1164//1164
f 1194//1194 1165//1165 1164//1164
f 1194//1194 1195//1195 1165//1165
f 1195//1195 1166//1166 1165//1165
f 1195//1195 1196//1196 1166//1166
f 1196//1196 1167//1167 1166//1166
f 1196//1196 1197//1197 1167//1167
f 1197//1197 1168//1168 1167//1167
f 1197//1197 1198//1198 1168//1168
f 1198//1198 1169//1169 1168//1168
f 1198//1198 1199//1199 1169//1169
f 1199//1199 1170//1170 1169//1169
f 1199//1199 1200//1200 1170//1170
f 1200//1200 1141//1141 1170//1170
f 1200//1200 1171//1171 1141//1141
f 1201//1201 1172//1172 1171//1171
f 1201//1201 1202//1202 1172//1172
f 1202//1202 1173//1173 1172//1172
f 1202//1202 1203//1203 1173//1173
f 1203//1203 1174//1174 1173//1173
f 1203//1203 1204//1204 1174//1174
f 1204//1204 1175//1175 1174//1174
f 1204//1204 1205//1205 1175//1175
f 1205//1205 1176//1176 1175//1175
f 1205//1205 1206//1206 1176//1176
f 1206//1206 1177//1177 1176//1176
f 1206//1206 1207//1207 1177//1177
f 1207//1207 1178//1178 1177//1177
f 1207//1207 1208//1208 1178//1178
f 1208//1208 1179//1179 1178//1178
f 1208//1208 1209//1209 1179//1179
f 1209//1209 1180//1180 1179//1179
f 1209//1209 1210//1210 1180//1180
f 1210//1210 1181//1181 1180//1180
f 1210//1210 1211//1211 1181//1181
f 1211//1211 1182//1182 1181//1181
f 1211//1211 1212//1212 1182//1182
f 1212//1212 1183//1183 1182//1182
f 1212//1212 1213//1213 1183//1183
f 1213//1213 1184//1184 1183//1183
f 1213//1213 1214//1214 1184//1184
f 1214//1214 1185//1185 1184//1184
f 1214//1214 1215//1215 1185//1185
f 1215//1215 1186//1186 1185//1185
f 1215//1215 1216//1216 1186//1186
f 1216//1216 1187//1187 1186//1186
f 1216//1216 1217//1217 1187//1187
f 1217//1217 1188//1188 1187//1187
f 1217//1217 1218//1218 1188//1188
f 1218//1218 1189//1189 1188//1188
f 1218//1218 1219//1219 1189//1189
f 1219//1219 1190//1190 1189//1189
f 1219//1219 1220//1220 1190//1190
f 1220//1220 1191//1191 1190//1190
f 1220//1220 1221//1221 1191//1191
f 1221//1221 1192//1192 1191//1191
f 1221//1221 1222//1222 1192//1192
f 1222//1222 1193//1193 1192//1192
f 1222//1222 1223//1223 1193//1193
f 1223//1223 1194//1194 1193//1193
f 1223//1223 1224//1224 1194//1194
f 1224//1224 1195//1195 1194//1194
f 1224//1224 1225//1225 1195//1195
f 1225//1225 1196//1196 1195//1195
f 1225//1225 1226//1226 1196//1196
f 1226//1226 1197//1197 1196//1196
f 1226//1226 1227//1227 1197//1197
f 1227//1227 1198//1198 1197//1197
f 1227//1227 1228//1228 1198//1198
f 1228//1228 1199//1199 1198//1198
f 1228//1228 1229//1229 1199//1199
f 1229//1229 1200//1200 1199//1199
f 1229//1229 1230//1230 1200//1200
f 1230//1230 1171//1171 1200//1200
f 1230//1230 1201//1201 1171//1171
f 1231//1231 1202//1202 1201//1201
f 1231//1231 1232//1232 1202//1202
f 1232//1232 1203//1203 1202//1202
f 1232//1232 1233//1233 1203//1203
f 1233//1233 1204//1204 1203//1203
f 1233//1233 1234//1234 1204//1204
f 1234//1234 1205//1205 1204//1204
f 1234//1234 1235//1235 1205//1205
f 1235//1235 1206//1206 1205//1205
f 1235//1235 1236//1236 1206//1206
f 1236//1236 1207//1207 1206//1206
f 1236//1236 1237//1237 1207//1207
f 1237//1237 1208//1208 1207//1207
f 1237//1237 1238//1238 1208//1208
f 1238//1238 1209//1209 1208//1208
f 1238//1238 1239//1239 1209//1209
f 1239//1239 1210//1210 1209//1209
f 1239//1239 1240//1240 1210//1210
f 1240//1240 1211//1211 1210//1210
f 1240//1240 1241//1241 1211//1211
f 1241//1241 1212//1212 1211//1211
f 1241//1241 1242//1242 1212//1212
f 1242//1242 1213//1213 1212//1212
f 1242//1242 1243//1243 1213//1213
f 1243//1243 1214//1214 1213//1213
f 1243//1243 1244//1244 1214//1214
f 1244//1244 1215//1215 1214//1214
f 1244//1244 1245//1245 1215//1215
f 1245//1245 1216//1216 1215//1215
f 1245//1245 1246//1246 1216//1216
f 1246//1246 1217//1217 1216//1216
f 1246//1246 1247//1247 1217//1217
f 1247//1247 1218//1218 1217//1217
f 1247//1247 1248//1248 1218//1218
f 1248//1248 1219//1219 1218//1218
f 1248//1248 1249//1249 1219//1219
f 1249//1249 1220//1220 1219//1219
f 1249//1249 1250//1250 1220//1220
f 1250//1250 1221//1221 1220//1220
f 1250//1250 1251//1251 1221//1221
f 1251//1251 1222//1222 1221//1221
f 1251//1251 1252//1252 1222//1222
f 1252//1252 1223//1223 1222//1222
f 1252//1252 1253//1253 1223//1223
f 1253//1253 1224//1224 1223//1223
f 1253//1253 1254//1254 1224//1224
f 1254//1254 1225//1225 1224//1224
f 1254//1254 1255//1255 1225//1225
f 1255//1255 1226//1226 1225//1225
f 1255//1255 1256//1256 1226//1226
f 1256//1256 1227//1227 1226//1226
f 1256//1256 1257//1257 1227//1227
f 1257//1257 1228//1228 1227//1227
f 1257//1257 1258//1258 1228//1228
f 1258//1258 1229//1229 1228//1228
f 1258//1258 1259//1259 1229//1229
f 1259//1259 1230//1230 1229//1229
f 1259//1259 1260//1260 1230//1230
f 1260//1260 1201//1201 1230//1230
f 1260//1260 1231//1231 1201//1201
f 2//2 1//1 632//632
f 3//3 2//2 633//633
f 4//4 3//3 634//634
f 5//5 4//4 635//635
f 6//6 5//5 636//636
f 7//7 6//6 637//637
f 8//8 7//7 638//638
f 9//9 8//8 639//639
f 10//10 9//9 640//640
f 11//11 10//10 641//641
f 12//12 11//11 642//642
f 13//13 12//12 643//643
f 14//14 13//13 644//644
f 15//15 14//14 645//645
f 16//16 15//15 646//646
f 17//17 16//16 647//647
f 18//18 17//17 648//648
f 19//19 18//18 649//649
f 20//20 19//19 650//650
f 21//21 20//20 651//651
f 22//22 21//21 652//652
f 23//23 22//22 653//653
f 24//24 23//23 654//654
f 25//25 24//24 655//655
f 26//26 25//25 656//656
f 27//27 26//26 657//657
f 28//28 27//27 658//658
f 29//29 28//28 659//659
f 30//30 29//29 660//660
f 1//1 30//30 631//631
f 1//1 631//631 632//632
f 2//2 632//632 633//633
f 3//3 633//633 634//634
f 4//4 634//634 635//635
f 5//5 635//635 636//636
f 6//6 636//636 637//637
f 7//7 637//637 638//638
f 8//8 638//638 639//639
f 9//9 639//639 640//640
f 10//10 640//640 641//641
f 11//11 641//641 642//642
f 12//12 642//642 643//643
f 13//13 643//643 644//644
f 14//14 644//644 645//645
f 15//15 645//645 646//646
f 16//16 646//646 647//647
f 17//17 647//647 648//648
f 18//18 648//648 649//649
f 19//19 649//649 650//650
f 20//20 650//650 651//651
f 21//21 651//651 652//652
f 22//22 652//652 653//653
f 23//23 653//653 654//654
f 24//24 654//654 655//655
f 25//25 655//655 656//656
f 26//26 656//656 657//657
f 27//27 657//657 658//658
f 28//28 658//658 659//659
f 29//29 659//659 660//660
f 30//30 660//660 631//631
