# Created by Open3D 
# object name: temp_object_899464305
# number of vertices: 1260
# number of triangles: 2460
v 0.0825452 1.54634e-08 0.086157 0.8 0.8 0.8
vn -0.87989 0.0352741 0.473867
v 0.0809103 0.0123126 0.086157 0.8 0.8 0.8
vn -0.862481 -0.204967 0.462725
v 0.0760562 0.0226064 0.086157 0.8 0.8 0.8
vn -0.766407 -0.46233 0.44595
v 0.068132 0.0315514 0.086157 0.8 0.8 0.8
vn -0.625564 -0.661618 0.413439
v 0.0573719 0.0390161 0.086157 0.8 0.8 0.8
vn -0.470734 -0.796615 0.379229
v 0.0440678 0.0448145 0.086157 0.8 0.8 0.8
vn -0.321889 -0.879344 0.350915
v 0.028503 0.0487808 0.086157 0.8 0.8 0.8
vn -0.185786 -0.924833 0.331914
v 0.0106819 0.0507951 0.086157 0.8 0.8 0.8
vn -0.0649167 -0.943513 0.324915
v -0.0106819 0.0507951 0.086157 0.8 0.8 0.8
vn 0.0331933 -0.950201 0.309864
v -0.028503 0.0487808 0.086157 0.8 0.8 0.8
vn 0.147976 -0.935045 0.322171
v -0.0440678 0.0448145 0.086157 0.8 0.8 0.8
vn 0.279696 -0.897285 0.341541
v -0.0573718 0.0390161 0.086157 0.8 0.8 0.8
vn 0.424756 -0.826617 0.369171
v -0.068132 0.0315514 0.086157 0.8 0.8 0.8
vn 0.578746 -0.708457 0.403909
v -0.0760562 0.0226064 0.086157 0.8 0.8 0.8
vn 0.725835 -0.528241 0.440595
v -0.0809102 0.0123126 0.086157 0.8 0.8 0.8
vn 0.834608 -0.28308 0.472541
v -0.0825452 1.54634e-08 0.086157 0.8 0.8 0.8
vn 0.87989 -0.0352741 0.473867
v -0.0809102 -0.0123125 0.086157 0.8 0.8 0.8
vn 0.862481 0.204967 0.462725
v -0.0760562 -0.0226063 0.086157 0.8 0.8 0.8
vn 0.766407 0.46233 0.44595
v -0.068132 -0.0315514 0.086157 0.8 0.8 0.8
vn 0.625564 0.661618 0.413439
v -0.0573718 -0.0390161 0.086157 0.8 0.8 0.8
vn 0.470734 0.796615 0.379229
v -0.0440678 -0.0448145 0.086157 0.8 0.8 0.8
vn 0.321889 0.879344 0.350915
v -0.028503 -0.0487807 0.086157 0.8 0.8 0.8
vn 0.185786 0.924833 0.331914
v -0.0106819 -0.0507951 0.086157 0.8 0.8 0.8
vn 0.0649167 0.943513 0.324915
v 0.0106819 -0.0507951 0.086157 0.8 0.8 0.8
vn -0.0331933 0.950201 0.309864
v 0.028503 -0.0487807 0.086157 0.8 0.8 0.8
vn -0.147976 0.935045 0.322171
v 0.0440678 -0.0448145 0.086157 0.8 0.8 0.8
vn -0.279696 0.897285 0.341541
v 0.0573719 -0.0390161 0.086157 0.8 0.8 0.8
vn -0.424756 0.826617 0.369171
v 0.068132 -0.0315514 0.086157 0.8 0.8 0.8
vn -0.578746 0.708457 0.403909
v 0.0760562 -0.0226063 0.086157 0.8 0.8 0.8
vn -0.725835 0.528241 0.440595
v 0.0809103 -0.0123125 0.086157 0.8 0.8 0.8
vn -0.834608 0.28308 0.472541
v 0.071395 1.54634e-08 0.0479654 0.8 0.8 0.8
vn -0.954999 -0.0167847 0.296135
v 0.0699809 0.0106494 0.0479654 0.8 0.8 0.8
vn -0.91384 -0.282879 0.291334
v 0.0657825 0.0195527 0.0479654 0.8 0.8 0.8
vn -0.791248 -0.54733 0.272684
v 0.0589287 0.0272894 0.0479654 0.8 0.8 0.8
vn -0.627685 -0.737857 0.248151
v 0.0496221 0.0337458 0.0479654 0.8 0.8 0.8
vn -0.459316 -0.859323 0.22493
v 0.0381151 0.0387609 0.0479654 0.8 0.8 0.8
vn -0.303633 -0.93008 0.20678
v 0.0246528 0.0421914 0.0479654 0.8 0.8 0.8
vn -0.164275 -0.96702 0.194645
v 0.00923897 0.0439337 0.0479654 0.8 0.8 0.8
vn -0.0432419 -0.981108 0.188567
v -0.00923895 0.0439337 0.0479654 0.8 0.8 0.8
vn 0.0577445 -0.980136 0.189732
v -0.0246528 0.0421914 0.0479654 0.8 0.8 0.8
vn 0.181695 -0.963586 0.196186
v -0.0381151 0.0387609 0.0479654 0.8 0.8 0.8
vn 0.323281 -0.922944 0.20896
v -0.049622 0.0337458 0.0479654 0.8 0.8 0.8
vn 0.48108 -0.84657 0.227777
v -0.0589287 0.0272894 0.0479654 0.8 0.8 0.8
vn 0.650243 -0.71694 0.251359
v -0.0657825 0.0195527 0.0479654 0.8 0.8 0.8
vn 0.810751 -0.516575 0.275377
v -0.0699808 0.0106494 0.0479654 0.8 0.8 0.8
vn 0.924534 -0.245061 0.29186
v -0.071395 1.54634e-08 0.0479654 0.8 0.8 0.8
vn 0.954999 0.0167847 0.296135
v -0.0699808 -0.0106493 0.0479654 0.8 0.8 0.8
vn 0.91384 0.282879 0.291334
v -0.0657825 -0.0195527 0.0479654 0.8 0.8 0.8
vn 0.791248 0.54733 0.272684
v -0.0589287 -0.0272894 0.0479654 0.8 0.8 0.8
vn 0.627685 0.737857 0.248151
v -0.049622 -0.0337458 0.0479654 0.8 0.8 0.8
vn 0.459316 0.859323 0.22493
v -0.0381151 -0.0387609 0.0479654 0.8 0.8 0.8
vn 0.303633 0.93008 0.20678
v -0.0246528 -0.0421914 0.0479654 0.8 0.8 0.8
vn 0.164275 0.96702 0.194645
v -0.00923895 -0.0439336 0.0479654 0.8 0.8 0.8
vn 0.0432419 0.981108 0.188567
v 0.00923897 -0.0439336 0.0479654 0.8 0.8 0.8
vn -0.0577445 0.980136 0.189732
v 0.0246528 -0.0421914 0.0479654 0.8 0.8 0.8
vn -0.181695 0.963586 0.196186
v 0.0381151 -0.0387609 0.0479654 0.8 0.8 0.8
vn -0.323281 0.922944 0.20896
v 0.0496221 -0.0337458 0.0479654 0.8 0.8 0.8
vn -0.48108 0.84657 0.227777
v 0.0589287 -0.0272894 0.0479654 0.8 0.8 0.8
vn -0.650243 0.71694 0.251359
v 0.0657825 -0.0195527 0.0479654 0.8 0.8 0.8
vn -0.810751 0.516575 0.275377
v 0.0699809 -0.0106493 0.0479654 0.8 0.8 0.8
vn -0.924534 0.245061 0.29186
v 0.0637882 1.54634e-08 0.0258708 0.8 0.8 0.8
vn -0.934438 -0.0158466 0.355774
v 0.0625248 0.00951475 0.0258708 0.8 0.8 0.8
vn -0.894843 -0.276283 0.350605
v 0.0587737 0.0174695 0.0258708 0.8 0.8 0.8
vn -0.777037 -0.536741 0.328819
v 0.0526502 0.0243819 0.0258708 0.8 0.8 0.8
vn -0.61848 -0.726225 0.300132
v 0.0443351 0.0301504 0.0258708 0.8 0.8 0.8
vn -0.453904 -0.848281 0.272746
v 0.0340541 0.0346312 0.0258708 0.8 0.8 0.8
vn -0.300732 -0.920039 0.251177
v 0.0220262 0.0376962 0.0258708 0.8 0.8 0.8
vn -0.163022 -0.957823 0.23664
v 0.00825461 0.0392528 0.0258708 0.8 0.8 0.8
vn -0.0431067 -0.972425 0.229196
v -0.00825459 0.0392528 0.0258708 0.8 0.8 0.8
vn 0.056962 -0.971253 0.231135
v -0.0220262 0.0376962 0.0258708 0.8 0.8 0.8
vn 0.179634 -0.954347 0.238649
v -0.0340541 0.0346312 0.0258708 0.8 0.8 0.8
vn 0.31941 -0.913004 0.253774
v -0.0443351 0.0301504 0.0258708 0.8 0.8 0.8
vn 0.47449 -0.835869 0.27601
v -0.0526502 0.0243819 0.0258708 0.8 0.8 0.8
vn 0.639683 -0.706098 0.303696
v -0.0587737 0.0174695 0.0258708 0.8 0.8 0.8
vn 0.79529 -0.507472 0.331642
v -0.0625248 0.00951475 0.0258708 0.8 0.8 0.8
vn 0.905129 -0.240608 0.3505
v -0.0637882 1.54634e-08 0.0258708 0.8 0.8 0.8
vn 0.934438 0.0158466 0.355774
v -0.0625248 -0.00951472 0.0258708 0.8 0.8 0.8
vn 0.894843 0.276283 0.350605
v -0.0587737 -0.0174694 0.0258708 0.8 0.8 0.8
vn 0.777037 0.536741 0.328819
v -0.0526502 -0.0243819 0.0258708 0.8 0.8 0.8
vn 0.61848 0.726225 0.300132
v -0.0443351 -0.0301503 0.0258708 0.8 0.8 0.8
vn 0.453904 0.848281 0.272746
v -0.0340541 -0.0346311 0.0258708 0.8 0.8 0.8
vn 0.300732 0.920039 0.251177
v -0.0220262 -0.0376961 0.0258708 0.8 0.8 0.8
vn 0.163022 0.957823 0.23664
v -0.00825459 -0.0392528 0.0258708 0.8 0.8 0.8
vn 0.0431067 0.972425 0.229196
v 0.00825461 -0.0392528 0.0258708 0.8 0.8 0.8
vn -0.056962 0.971253 0.231135
v 0.0220262 -0.0376961 0.0258708 0.8 0.8 0.8
vn -0.179634 0.954347 0.238649
v 0.0340541 -0.0346311 0.0258708 0.8 0.8 0.8
vn -0.31941 0.913004 0.253774
v 0.0443351 -0.0301503 0.0258708 0.8 0.8 0.8
vn -0.47449 0.835869 0.27601
v 0.0526502 -0.0243819 0.0258708 0.8 0.8 0.8
vn -0.639683 0.706098 0.303696
v 0.0587737 -0.0174694 0.0258708 0.8 0.8 0.8
vn -0.79529 0.507472 0.331642
v 0.0625248 -0.00951472 0.0258708 0.8 0.8 0.8
vn -0.905129 0.240608 0.3505
v 0.0582041 1.54634e-08 0.0134698 0.8 0.8 0.8
vn -0.886178 -0.0149533 0.463104
v 0.0570512 0.00868181 0.0134698 0.8 0.8 0.8
vn -0.849664 -0.262241 0.457493
v 0.0536286 0.0159401 0.0134698 0.8 0.8 0.8
vn -0.742364 -0.512691 0.431328
v 0.0480411 0.0222475 0.0134698 0.8 0.8 0.8
vn -0.595274 -0.698869 0.396524
v 0.0404539 0.027511 0.0134698 0.8 0.8 0.8
vn -0.439729 -0.821669 0.362627
v 0.031073 0.0315995 0.0134698 0.8 0.8 0.8
vn -0.292733 -0.895415 0.335468
v 0.020098 0.0343962 0.0134698 0.8 0.8 0.8
vn -0.15918 -0.935008 0.316893
v 0.00753199 0.0358165 0.0134698 0.8 0.8 0.8
vn -0.0421784 -0.950737 0.307115
v -0.00753196 0.0358165 0.0134698 0.8 0.8 0.8
vn 0.0556203 -0.948966 0.310434
v -0.020098 0.0343962 0.0134698 0.8 0.8 0.8
vn 0.175225 -0.931149 0.319777
v -0.0310729 0.0315995 0.0134698 0.8 0.8 0.8
vn 0.310636 -0.888072 0.338872
v -0.0404539 0.027511 0.0134698 0.8 0.8 0.8
vn 0.459227 -0.8091 0.3667
v -0.0480411 0.0222475 0.0134698 0.8 0.8 0.8
vn 0.615064 -0.679028 0.400771
v -0.0536285 0.0159401 0.0134698 0.8 0.8 0.8
vn 0.75925 -0.484572 0.43443
v -0.0570512 0.00868181 0.0134698 0.8 0.8 0.8
vn 0.859855 -0.228663 0.456467
v -0.0582041 1.54634e-08 0.0134698 0.8 0.8 0.8
vn 0.886178 0.0149533 0.463104
v -0.0570512 -0.00868178 0.0134698 0.8 0.8 0.8
vn 0.849664 0.262241 0.457493
v -0.0536285 -0.0159401 0.0134698 0.8 0.8 0.8
vn 0.742364 0.512691 0.431328
v -0.0480411 -0.0222474 0.0134698 0.8 0.8 0.8
vn 0.595274 0.698869 0.396524
v -0.0404539 -0.0275109 0.0134698 0.8 0.8 0.8
vn 0.439729 0.821669 0.362627
v -0.0310729 -0.0315995 0.0134698 0.8 0.8 0.8
vn 0.292733 0.895415 0.335468
v -0.020098 -0.0343962 0.0134698 0.8 0.8 0.8
vn 0.15918 0.935008 0.316893
v -0.00753196 -0.0358165 0.0134698 0.8 0.8 0.8
vn 0.0421784 0.950737 0.307115
v 0.00753199 -0.0358165 0.0134698 0.8 0.8 0.8
vn -0.0556203 0.948966 0.310434
v 0.020098 -0.0343962 0.0134698 0.8 0.8 0.8
vn -0.175225 0.931149 0.319777
v 0.031073 -0.0315995 0.0134698 0.8 0.8 0.8
vn -0.310636 0.888072 0.338872
v 0.0404539 -0.0275109 0.0134698 0.8 0.8 0.8
vn -0.459227 0.8091 0.3667
v 0.0480411 -0.0222474 0.0134698 0.8 0.8 0.8
vn -0.615064 0.679028 0.400771
v 0.0536286 -0.0159401 0.0134698 0.8 0.8 0.8
vn -0.75925 0.484572 0.43443
v 0.0570512 -0.00868178 0.0134698 0.8 0.8 0.8
vn -0.859855 0.228663 0.456467
v 0.0537383 1.54634e-08 0.00674103 0.8 0.8 0.8
vn -0.777528 -0.0133933 0.628705
v 0.0526739 0.00801569 0.00674103 0.8 0.8 0.8
vn -0.747136 -0.230937 0.623262
v 0.0495139 0.0147171 0.00674103 0.8 0.8 0.8
vn -0.661289 -0.457067 0.594799
v 0.0443551 0.0205405 0.00674103 0.8 0.8 0.8
vn -0.538917 -0.633107 0.555648
v 0.0373501 0.0254002 0.00674103 0.8 0.8 0.8
vn -0.40406 -0.755483 0.515734
v 0.0286889 0.029175 0.00674103 0.8 0.8 0.8
vn -0.272006 -0.832609 0.482468
v 0.018556 0.0317571 0.00674103 0.8 0.8 0.8
vn -0.148949 -0.875859 0.459004
v 0.00695409 0.0330685 0.00674103 0.8 0.8 0.8
vn -0.0395344 -0.89406 0.446199
v -0.00695407 0.0330685 0.00674103 0.8 0.8 0.8
vn 0.0523415 -0.890717 0.451535
v -0.0185559 0.0317571 0.00674103 0.8 0.8 0.8
vn 0.164067 -0.870975 0.463124
v -0.0286889 0.029175 0.00674103 0.8 0.8 0.8
vn 0.288563 -0.824394 0.486935
v -0.03735 0.0254002 0.00674103 0.8 0.8 0.8
vn 0.421596 -0.742347 0.520748
v -0.0443551 0.0205405 0.00674103 0.8 0.8 0.8
vn 0.556155 -0.613597 0.560527
v -0.0495139 0.0147171 0.00674103 0.8 0.8 0.8
vn 0.675783 -0.43094 0.598003
v -0.0526739 0.00801569 0.00674103 0.8 0.8 0.8
vn 0.757342 -0.201072 0.621292
v -0.0537383 1.54634e-08 0.00674103 0.8 0.8 0.8
vn 0.777528 0.0133933 0.628705
v -0.0526739 -0.00801566 0.00674103 0.8 0.8 0.8
vn 0.747136 0.230937 0.623262
v -0.0495139 -0.0147171 0.00674103 0.8 0.8 0.8
vn 0.661289 0.457067 0.594799
v -0.0443551 -0.0205405 0.00674103 0.8 0.8 0.8
vn 0.538917 0.633107 0.555648
v -0.03735 -0.0254001 0.00674103 0.8 0.8 0.8
vn 0.40406 0.755483 0.515734
v -0.0286889 -0.029175 0.00674103 0.8 0.8 0.8
vn 0.272006 0.832609 0.482468
v -0.0185559 -0.0317571 0.00674103 0.8 0.8 0.8
vn 0.148949 0.875859 0.459004
v -0.00695407 -0.0330684 0.00674103 0.8 0.8 0.8
vn 0.0395344 0.89406 0.446199
v 0.00695409 -0.0330684 0.00674103 0.8 0.8 0.8
vn -0.0523415 0.890717 0.451535
v 0.018556 -0.0317571 0.00674103 0.8 0.8 0.8
vn -0.164067 0.870975 0.463124
v 0.0286889 -0.029175 0.00674103 0.8 0.8 0.8
vn -0.288563 0.824394 0.486935
v 0.0373501 -0.0254001 0.00674103 0.8 0.8 0.8
vn -0.421596 0.742347 0.520748
v 0.0443551 -0.0205405 0.00674103 0.8 0.8 0.8
vn -0.556155 0.613597 0.560527
v 0.0495139 -0.0147171 0.00674103 0.8 0.8 0.8
vn -0.675783 0.43094 0.598003
v 0.0526739 -0.00801566 0.00674103 0.8 0.8 0.8
vn -0.757342 0.201072 0.621292
v 0.0498694 1.54634e-08 0.00322613 0.8 0.8 0.8
vn -0.581447 -0.0104178 0.813517
v 0.0488817 0.0074386 0.00322613 0.8 0.8 0.8
vn -0.560369 -0.17371 0.809822
v 0.0459491 0.0136576 0.00322613 0.8 0.8 0.8
vn -0.506095 -0.350354 0.788112
v 0.0411617 0.0190617 0.00322613 0.8 0.8 0.8
vn -0.42372 -0.498399 0.756346
v 0.034661 0.0235715 0.00322613 0.8 0.8 0.8
vn -0.326368 -0.610957 0.72126
v 0.0266234 0.0270745 0.00322613 0.8 0.8 0.8
vn -0.224552 -0.688319 0.689778
v 0.01722 0.0294707 0.00322613 0.8 0.8 0.8
vn -0.124768 -0.735226 0.66624
v 0.00645343 0.0306877 0.00322613 0.8 0.8 0.8
vn -0.0332522 -0.756869 0.65272
v -0.0064534 0.0306877 0.00322613 0.8 0.8 0.8
vn 0.0443316 -0.75059 0.659279
v -0.01722 0.0294707 0.00322613 0.8 0.8 0.8
vn 0.137536 -0.728683 0.670899
v -0.0266234 0.0270745 0.00322613 0.8 0.8 0.8
vn 0.238021 -0.679074 0.694409
v -0.034661 0.0235715 0.00322613 0.8 0.8 0.8
vn 0.339909 -0.597792 0.726021
v -0.0411617 0.0190617 0.00322613 0.8 0.8 0.8
vn 0.436348 -0.480803 0.760545
v -0.0459491 0.0136576 0.00322613 0.8 0.8 0.8
vn 0.516599 -0.328885 0.790545
v -0.0488816 0.0074386 0.00322613 0.8 0.8 0.8
vn 0.569783 -0.150789 0.807843
v -0.0498694 1.54634e-08 0.00322613 0.8 0.8 0.8
vn 0.581447 0.0104178 0.813517
v -0.0488816 -0.00743857 0.00322613 0.8 0.8 0.8
vn 0.560369 0.17371 0.809822
v -0.0459491 -0.0136575 0.00322613 0.8 0.8 0.8
vn 0.506095 0.350354 0.788112
v -0.0411617 -0.0190616 0.00322613 0.8 0.8 0.8
vn 0.42372 0.498399 0.756346
v -0.034661 -0.0235714 0.00322613 0.8 0.8 0.8
vn 0.326368 0.610957 0.72126
v -0.0266234 -0.0270745 0.00322613 0.8 0.8 0.8
vn 0.224552 0.688319 0.689778
v -0.01722 -0.0294707 0.00322613 0.8 0.8 0.8
vn 0.124768 0.735226 0.66624
v -0.0064534 -0.0306877 0.00322613 0.8 0.8 0.8
vn 0.0332522 0.756869 0.65272
v 0.00645343 -0.0306877 0.00322613 0.8 0.8 0.8
vn -0.0443316 0.75059 0.659279
v 0.01722 -0.0294707 0.00322613 0.8 0.8 0.8
vn -0.137536 0.728683 0.670899
v 0.0266234 -0.0270745 0.00322613 0.8 0.8 0.8
vn -0.238021 0.679074 0.694409
v 0.034661 -0.0235714 0.00322613 0.8 0.8 0.8
vn -0.339909 0.597792 0.726021
v 0.0411617 -0.0190616 0.00322613 0.8 0.8 0.8
vn -0.436348 0.480803 0.760545
v 0.0459491 -0.0136575 0.00322613 0.8 0.8 0.8
vn -0.516599 0.328885 0.790545
v 0.0488817 -0.00743857 0.00322613 0.8 0.8 0.8
vn -0.569783 0.150789 0.807843
v 0.0463065 1.54634e-08 0.0014674 0.8 0.8 0.8
vn -0.351383 -0.00663406 0.936208
v 0.0453893 0.00690715 0.0014674 0.8 0.8 0.8
vn -0.339293 -0.105602 0.934734
v 0.0426663 0.0126818 0.0014674 0.8 0.8 0.8
vn -0.311794 -0.216321 0.925197
v 0.0382209 0.0176998 0.0014674 0.8 0.8 0.8
vn -0.267651 -0.315372 0.910442
v 0.0321847 0.0218874 0.0014674 0.8 0.8 0.8
vn -0.211955 -0.397445 0.892812
v 0.0247213 0.0251402 0.0014674 0.8 0.8 0.8
vn -0.149501 -0.459163 0.875682
v 0.0159897 0.0273652 0.0014674 0.8 0.8 0.8
vn -0.0845736 -0.499852 0.861972
v 0.00599237 0.0284952 0.0014674 0.8 0.8 0.8
vn -0.0226562 -0.520384 0.853632
v -0.00599234 0.0284952 0.0014674 0.8 0.8 0.8
vn 0.0304811 -0.512466 0.858166
v -0.0159897 0.0273652 0.0014674 0.8 0.8 0.8
vn 0.0933126 -0.49302 0.864999
v -0.0247213 0.0251402 0.0014674 0.8 0.8 0.8
vn 0.158318 -0.450824 0.878461
v -0.0321846 0.0218874 0.0014674 0.8 0.8 0.8
vn 0.220339 -0.386858 0.895428
v -0.0382209 0.0176998 0.0014674 0.8 0.8 0.8
vn 0.275121 -0.302614 0.912542
v -0.0426662 0.0126818 0.0014674 0.8 0.8 0.8
vn 0.318061 -0.202023 0.926296
v -0.0453893 0.00690715 0.0014674 0.8 0.8 0.8
vn 0.346192 -0.0912056 0.93372
v -0.0463065 1.54634e-08 0.0014674 0.8 0.8 0.8
vn 0.351383 0.00663406 0.936208
v -0.0453893 -0.00690712 0.0014674 0.8 0.8 0.8
vn 0.339293 0.105602 0.934734
v -0.0426662 -0.0126818 0.0014674 0.8 0.8 0.8
vn 0.311794 0.216321 0.925197
v -0.0382209 -0.0176998 0.0014674 0.8 0.8 0.8
vn 0.267651 0.315372 0.910442
v -0.0321846 -0.0218874 0.0014674 0.8 0.8 0.8
vn 0.211955 0.397445 0.892812
v -0.0247213 -0.0251402 0.0014674 0.8 0.8 0.8
vn 0.149501 0.459163 0.875682
v -0.0159897 -0.0273652 0.0014674 0.8 0.8 0.8
vn 0.0845736 0.499852 0.861972
v -0.00599234 -0.0284952 0.0014674 0.8 0.8 0.8
vn 0.0226562 0.520384 0.853632
v 0.00599237 -0.0284952 0.0014674 0.8 0.8 0.8
vn -0.0304811 0.512466 0.858166
v 0.0159897 -0.0273652 0.0014674 0.8 0.8 0.8
vn -0.0933126 0.49302 0.864999
v 0.0247213 -0.0251402 0.0014674 0.8 0.8 0.8
vn -0.158318 0.450824 0.878461
v 0.0321847 -0.0218874 0.0014674 0.8 0.8 0.8
vn -0.220339 0.386858 0.895428
v 0.0382209 -0.0176998 0.0014674 0.8 0.8 0.8
vn -0.275121 0.302614 0.912542
v 0.0426663 -0.0126818 0.0014674 0.8 0.8 0.8
vn -0.318061 0.202023 0.926296
v 0.0453893 -0.00690712 0.0014674 0.8 0.8 0.8
vn -0.346192 0.0912056 0.93372
v 0.0428935 1.54634e-08 0.000629575 0.8 0.8 0.8
vn -0.178647 -0.00358668 0.983907
v 0.0420439 0.00639806 0.000629575 0.8 0.8 0.8
vn -0.172536 -0.0539686 0.983524
v 0.0395215 0.0117471 0.000629575 0.8 0.8 0.8
vn -0.159801 -0.111172 0.980869
v 0.0354039 0.0163952 0.000629575 0.8 0.8 0.8
vn -0.138782 -0.16388 0.976669
v 0.0298125 0.0202742 0.000629575 0.8 0.8 0.8
vn -0.11144 -0.209404 0.971458
v 0.0228992 0.0232872 0.000629575 0.8 0.8 0.8
vn -0.0796611 -0.245261 0.966179
v 0.0148112 0.0253482 0.000629575 0.8 0.8 0.8
vn -0.045514 -0.269995 0.961785
v 0.0055507 0.026395 0.000629575 0.8 0.8 0.8
vn -0.0121863 -0.283105 0.959011
v -0.00555067 0.026395 0.000629575 0.8 0.8 0.8
vn 0.0166336 -0.277236 0.960658
v -0.0148112 0.0253482 0.000629575 0.8 0.8 0.8
vn 0.050385 -0.265301 0.962848
v -0.0228992 0.0232872 0.000629575 0.8 0.8 0.8
vn 0.0844538 -0.239922 0.967112
v -0.0298125 0.0202742 0.000629575 0.8 0.8 0.8
vn 0.115871 -0.203016 0.972295
v -0.0354038 0.0163952 0.000629575 0.8 0.8 0.8
vn 0.142657 -0.156568 0.97731
v -0.0395215 0.0117471 0.000629575 0.8 0.8 0.8
vn 0.163095 -0.103296 0.981188
v -0.0420439 0.00639806 0.000629575 0.8 0.8 0.8
vn 0.176522 -0.0462447 0.98321
v -0.0428934 1.54634e-08 0.000629575 0.8 0.8 0.8
vn 0.178647 0.00358668 0.983907
v -0.0420439 -0.00639803 0.000629575 0.8 0.8 0.8
vn 0.172536 0.0539686 0.983524
v -0.0395215 -0.0117471 0.000629575 0.8 0.8 0.8
vn 0.159801 0.111172 0.980869
v -0.0354038 -0.0163952 0.000629575 0.8 0.8 0.8
vn 0.138782 0.16388 0.976669
v -0.0298125 -0.0202742 0.000629575 0.8 0.8 0.8
vn 0.11144 0.209404 0.971458
v -0.0228992 -0.0232872 0.000629575 0.8 0.8 0.8
vn 0.0796611 0.245261 0.966179
v -0.0148112 -0.0253482 0.000629575 0.8 0.8 0.8
vn 0.045514 0.269995 0.961785
v -0.00555067 -0.0263949 0.000629575 0.8 0.8 0.8
vn 0.0121863 0.283105 0.959011
v 0.0055507 -0.0263949 0.000629575 0.8 0.8 0.8
vn -0.0166336 0.277236 0.960658
v 0.0148112 -0.0253482 0.000629575 0.8 0.8 0.8
vn -0.050385 0.265301 0.962848
v 0.0228992 -0.0232872 0.000629575 0.8 0.8 0.8
vn -0.0844538 0.239922 0.967112
v 0.0298125 -0.0202742 0.000629575 0.8 0.8 0.8
vn -0.115871 0.203016 0.972295
v 0.0354039 -0.0163952 0.000629575 0.8 0.8 0.8
vn -0.142657 0.156568 0.97731
v 0.0395215 -0.0117471 0.000629575 0.8 0.8 0.8
vn -0.163095 0.103296 0.981188
v 0.0420439 -0.00639803 0.000629575 0.8 0.8 0.8
vn -0.176522 0.0462447 0.98321
v 0.0395502 1.54634e-08 0.000252416 0.8 0.8 0.8
vn -0.081185 -0.00174539 0.996698
v 0.0387668 0.00589937 0.000252416 0.8 0.8 0.8
vn -0.0783558 -0.0246545 0.996621
v 0.0364411 0.0108315 0.000252416 0.8 0.8 0.8
vn -0.0727435 -0.0507711 0.996058
v 0.0326443 0.0151173 0.000252416 0.8 0.8 0.8
vn -0.0633761 -0.0750298 0.995165
v 0.0274888 0.0186939 0.000252416 0.8 0.8 0.8
vn -0.0510858 -0.0962328 0.994047
v 0.0211144 0.0214721 0.000252416 0.8 0.8 0.8
vn -0.0366494 -0.113164 0.9929
v 0.0136568 0.0233725 0.000252416 0.8 0.8 0.8
vn -0.0209808 -0.12501 0.991934
v 0.00511806 0.0243376 0.000252416 0.8 0.8 0.8
vn -0.00557983 -0.131409 0.991313
v -0.00511803 0.0243376 0.000252416 0.8 0.8 0.8
vn 0.00777485 -0.128264 0.99171
v -0.0136567 0.0233725 0.000252416 0.8 0.8 0.8
vn 0.0233696 -0.122554 0.992187
v -0.0211143 0.0214721 0.000252416 0.8 0.8 0.8
vn 0.0389818 -0.110433 0.993119
v -0.0274887 0.0186939 0.000252416 0.8 0.8 0.8
vn 0.0532243 -0.093024 0.99424
v -0.0326443 0.0151173 0.000252416 0.8 0.8 0.8
vn 0.0652386 -0.071413 0.995311
v -0.036441 0.0108315 0.000252416 0.8 0.8 0.8
vn 0.0743358 -0.0469199 0.996129
v -0.0387668 0.00589937 0.000252416 0.8 0.8 0.8
vn 0.0803404 -0.0209068 0.996548
v -0.0395501 1.54634e-08 0.000252416 0.8 0.8 0.8
vn 0.081185 0.00174539 0.996698
v -0.0387668 -0.00589934 0.000252416 0.8 0.8 0.8
vn 0.0783558 0.0246545 0.996621
v -0.036441 -0.0108314 0.000252416 0.8 0.8 0.8
vn 0.0727435 0.0507711 0.996058
v -0.0326443 -0.0151173 0.000252416 0.8 0.8 0.8
vn 0.0633761 0.0750298 0.995165
v -0.0274887 -0.0186939 0.000252416 0.8 0.8 0.8
vn 0.0510858 0.0962328 0.994047
v -0.0211143 -0.0214721 0.000252416 0.8 0.8 0.8
vn 0.0366494 0.113164 0.9929
v -0.0136567 -0.0233725 0.000252416 0.8 0.8 0.8
vn 0.0209808 0.12501 0.991934
v -0.00511803 -0.0243376 0.000252416 0.8 0.8 0.8
vn 0.00557983 0.131409 0.991313
v 0.00511806 -0.0243376 0.000252416 0.8 0.8 0.8
vn -0.00777485 0.128264 0.99171
v 0.0136568 -0.0233725 0.000252416 0.8 0.8 0.8
vn -0.0233696 0.122554 0.992187
v 0.0211144 -0.0214721 0.000252416 0.8 0.8 0.8
vn -0.0389818 0.110433 0.993119
v 0.0274888 -0.0186939 0.000252416 0.8 0.8 0.8
vn -0.0532243 0.093024 0.99424
v 0.0326443 -0.0151173 0.000252416 0.8 0.8 0.8
vn -0.0652386 0.071413 0.995311
v 0.0364411 -0.0108314 0.000252416 0.8 0.8 0.8
vn -0.0743358 0.0469199 0.996129
v 0.0387668 -0.00589934 0.000252416 0.8 0.8 0.8
vn -0.0803404 0.0209068 0.996548
v 0.0362374 1.54634e-08 9.34608e-05 0.8 0.8 0.8
vn -0.0338341 -0.000783566 0.999427
v 0.0355196 0.00540523 9.34608e-05 0.8 0.8 0.8
vn -0.0326233 -0.0103355 0.999414
v 0.0333887 0.00992421 9.34608e-05 0.8 0.8 0.8
vn -0.0303061 -0.0212321 0.999315
v 0.02991 0.0138511 9.34608e-05 0.8 0.8 0.8
vn -0.0264157 -0.0313669 0.999159
v 0.0251863 0.0171281 9.34608e-05 0.8 0.8 0.8
vn -0.0213027 -0.0402457 0.998963
v 0.0193458 0.0196736 9.34608e-05 0.8 0.8 0.8
vn -0.0152846 -0.0473552 0.998761
v 0.0125129 0.0214148 9.34608e-05 0.8 0.8 0.8
vn -0.00874027 -0.052346 0.998591
v 0.00468936 0.0222991 9.34608e-05 0.8 0.8 0.8
vn -0.00230072 -0.0550653 0.99848
v -0.00468933 0.0222991 9.34608e-05 0.8 0.8 0.8
vn 0.00328904 -0.0536213 0.998556
v -0.0125128 0.0214148 9.34608e-05 0.8 0.8 0.8
vn 0.00981424 -0.0512249 0.998639
v -0.0193458 0.0196736 9.34608e-05 0.8 0.8 0.8
vn 0.0163315 -0.0461152 0.998803
v -0.0251863 0.0171281 9.34608e-05 0.8 0.8 0.8
vn 0.022261 -0.0387951 0.998999
v -0.02991 0.0138511 9.34608e-05 0.8 0.8 0.8
vn 0.0272497 -0.0297376 0.999186
v -0.0333887 0.00992421 9.34608e-05 0.8 0.8 0.8
vn 0.0310203 -0.0195016 0.999328
v -0.0355196 0.00540523 9.34608e-05 0.8 0.8 0.8
vn 0.0335199 -0.00865446 0.999401
v -0.0362374 1.54634e-08 9.34608e-05 0.8 0.8 0.8
vn 0.0338341 0.000783566 0.999427
v -0.0355196 -0.0054052 9.34608e-05 0.8 0.8 0.8
vn 0.0326233 0.0103355 0.999414
v -0.0333887 -0.00992418 9.34608e-05 0.8 0.8 0.8
vn 0.0303061 0.0212321 0.999315
v -0.02991 -0.0138511 9.34608e-05 0.8 0.8 0.8
vn 0.0264157 0.0313669 0.999159
v -0.0251863 -0.0171281 9.34608e-05 0.8 0.8 0.8
vn 0.0213027 0.0402457 0.998963
v -0.0193458 -0.0196736 9.34608e-05 0.8 0.8 0.8
vn 0.0152846 0.0473552 0.998761
v -0.0125128 -0.0214148 9.34608e-05 0.8 0.8 0.8
vn 0.00874027 0.052346 0.998591
v -0.00468933 -0.0222991 9.34608e-05 0.8 0.8 0.8
vn 0.00230072 0.0550653 0.99848
v 0.00468936 -0.0222991 9.34608e-05 0.8 0.8 0.8
vn -0.00328904 0.0536213 0.998556
v 0.0125129 -0.0214148 9.34608e-05 0.8 0.8 0.8
vn -0.00981424 0.0512249 0.998639
v 0.0193458 -0.0196736 9.34608e-05 0.8 0.8 0.8
vn -0.0163315 0.0461152 0.998803
v 0.0251863 -0.0171281 9.34608e-05 0.8 0.8 0.8
vn -0.022261 0.0387951 0.998999
v 0.02991 -0.0138511 9.34608e-05 0.8 0.8 0.8
vn -0.0272497 0.0297376 0.999186
v 0.0333887 -0.00992418 9.34608e-05 0.8 0.8 0.8
vn -0.0310203 0.0195016 0.999328
v 0.0355196 -0.0054052 9.34608e-05 0.8 0.8 0.8
vn -0.0335199 0.00865446 0.999401
v 0.0329371 1.54634e-08 3.14766e-05 0.8 0.8 0.8
vn -0.0129373 -0.000324579 0.999916
v 0.0322847 0.00491295 3.14766e-05 0.8 0.8 0.8
vn -0.0124601 -0.00397895 0.999914
v 0.0303479 0.00902037 3.14766e-05 0.8 0.8 0.8
vn -0.011578 -0.00814698 0.9999
v 0.027186 0.0125896 3.14766e-05 0.8 0.8 0.8
vn -0.0100897 -0.0120227 0.999877
v 0.0228925 0.0155682 3.14766e-05 0.8 0.8 0.8
vn -0.00813361 -0.0154182 0.999848
v 0.0175839 0.0178818 3.14766e-05 0.8 0.8 0.8
vn -0.00583112 -0.0181375 0.999818
v 0.0113733 0.0194644 3.14766e-05 0.8 0.8 0.8
vn -0.00332737 -0.020048 0.999793
v 0.00426228 0.0202682 3.14766e-05 0.8 0.8 0.8
vn -0.000864778 -0.0210956 0.999777
v -0.00426225 0.0202682 3.14766e-05 0.8 0.8 0.8
vn 0.00127442 -0.0204955 0.999789
v -0.0113732 0.0194644 3.14766e-05 0.8 0.8 0.8
vn 0.00377239 -0.0195824 0.999801
v -0.0175838 0.0178818 3.14766e-05 0.8 0.8 0.8
vn 0.00626479 -0.0176229 0.999825
v -0.0228924 0.0155682 3.14766e-05 0.8 0.8 0.8
vn 0.00853042 -0.0148166 0.999854
v -0.0271859 0.0125896 3.14766e-05 0.8 0.8 0.8
vn 0.010435 -0.0113473 0.999881
v -0.0303478 0.00902037 3.14766e-05 0.8 0.8 0.8
vn 0.0118737 -0.00743 0.999902
v -0.0322847 0.00491295 3.14766e-05 0.8 0.8 0.8
vn 0.0128317 -0.00328266 0.999912
v -0.0329371 1.54634e-08 3.14766e-05 0.8 0.8 0.8
vn 0.0129373 0.000324579 0.999916
v -0.0322847 -0.00491292 3.14766e-05 0.8 0.8 0.8
vn 0.0124601 0.00397895 0.999914
v -0.0303478 -0.00902034 3.14766e-05 0.8 0.8 0.8
vn 0.011578 0.00814698 0.9999
v -0.0271859 -0.0125896 3.14766e-05 0.8 0.8 0.8
vn 0.0100897 0.0120227 0.999877
v -0.0228924 -0.0155681 3.14766e-05 0.8 0.8 0.8
vn 0.00813361 0.0154182 0.999848
v -0.0175838 -0.0178818 3.14766e-05 0.8 0.8 0.8
vn 0.00583112 0.0181375 0.999818
v -0.0113732 -0.0194644 3.14766e-05 0.8 0.8 0.8
vn 0.00332737 0.020048 0.999793
v -0.00426225 -0.0202682 3.14766e-05 0.8 0.8 0.8
vn 0.000864778 0.0210956 0.999777
v 0.00426228 -0.0202682 3.14766e-05 0.8 0.8 0.8
vn -0.00127442 0.0204955 0.999789
v 0.0113733 -0.0194644 3.14766e-05 0.8 0.8 0.8
vn -0.00377239 0.0195824 0.999801
v 0.0175839 -0.0178818 3.14766e-05 0.8 0.8 0.8
vn -0.00626479 0.0176229 0.999825
v 0.0228925 -0.0155681 3.14766e-05 0.8 0.8 0.8
vn -0.00853042 0.0148166 0.999854
v 0.027186 -0.0125896 3.14766e-05 0.8 0.8 0.8
vn -0.010435 0.0113473 0.999881
v 0.0303479 -0.00902034 3.14766e-05 0.8 0.8 0.8
vn -0.0118737 0.00743 0.999902
v 0.0322847 -0.00491292 3.14766e-05 0.8 0.8 0.8
vn -0.0128317 0.00328266 0.999912
v 0.0296415 1.54634e-08 9.45165e-06 0.8 0.8 0.8
vn -0.00448739 -0.000122661 0.99999
v 0.0290544 0.00442137 9.45165e-06 0.8 0.8 0.8
vn -0.00431622 -0.00139103 0.99999
v 0.0273113 0.00811781 9.45165e-06 0.8 0.8 0.8
vn -0.00401141 -0.00283705 0.999988
v 0.0244658 0.0113299 9.45165e-06 0.8 0.8 0.8
vn -0.00349447 -0.00418079 0.999985
v 0.0206019 0.0140104 9.45165e-06 0.8 0.8 0.8
vn -0.0028152 -0.00535755 0.999982
v 0.0158245 0.0160926 9.45165e-06 0.8 0.8 0.8
vn -0.002016 -0.00629961 0.999978
v 0.0102353 0.0175169 9.45165e-06 0.8 0.8 0.8
vn -0.00114733 -0.00696163 0.999975
v 0.00383581 0.0182402 9.45165e-06 0.8 0.8 0.8
vn -0.000293654 -0.00732702 0.999973
v -0.00383578 0.0182402 9.45165e-06 0.8 0.8 0.8
vn 0.000448503 -0.00710071 0.999975
v -0.0102352 0.0175169 9.45165e-06 0.8 0.8 0.8
vn 0.00131556 -0.00678582 0.999976
v -0.0158244 0.0160926 9.45165e-06 0.8 0.8 0.8
vn 0.00217991 -0.00610515 0.999979
v -0.0206018 0.0140104 9.45165e-06 0.8 0.8 0.8
vn 0.00296516 -0.00513017 0.999982
v -0.0244658 0.0113299 9.45165e-06 0.8 0.8 0.8
vn 0.00362491 -0.00392551 0.999986
v -0.0273113 0.00811781 9.45165e-06 0.8 0.8 0.8
vn 0.00412308 -0.00256604 0.999988
v -0.0290543 0.00442137 9.45165e-06 0.8 0.8 0.8
vn 0.00445638 -0.00112782 0.999989
v -0.0296414 1.54634e-08 9.45165e-06 0.8 0.8 0.8
vn 0.00448739 0.000122661 0.99999
v -0.0290543 -0.00442134 9.45165e-06 0.8 0.8 0.8
vn 0.00431622 0.00139103 0.99999
v -0.0273113 -0.00811778 9.45165e-06 0.8 0.8 0.8
vn 0.00401141 0.00283705 0.999988
v -0.0244658 -0.0113299 9.45165e-06 0.8 0.8 0.8
vn 0.00349447 0.00418079 0.999985
v -0.0206018 -0.0140104 9.45165e-06 0.8 0.8 0.8
vn 0.0028152 0.00535755 0.999982
v -0.0158244 -0.0160926 9.45165e-06 0.8 0.8 0.8
vn 0.002016 0.00629961 0.999978
v -0.0102352 -0.0175168 9.45165e-06 0.8 0.8 0.8
vn 0.00114733 0.00696163 0.999975
v -0.00383578 -0.0182402 9.45165e-06 0.8 0.8 0.8
vn 0.000293654 0.00732702 0.999973
v 0.00383581 -0.0182402 9.45165e-06 0.8 0.8 0.8
vn -0.000448503 0.00710071 0.999975
v 0.0102353 -0.0175168 9.45165e-06 0.8 0.8 0.8
vn -0.00131556 0.00678582 0.999976
v 0.0158245 -0.0160926 9.45165e-06 0.8 0.8 0.8
vn -0.00217991 0.00610515 0.999979
v 0.0206019 -0.0140104 9.45165e-06 0.8 0.8 0.8
vn -0.00296516 0.00513017 0.999982
v 0.0244658 -0.0113299 9.45165e-06 0.8 0.8 0.8
vn -0.00362491 0.00392551 0.999986
v 0.0273113 -0.00811778 9.45165e-06 0.8 0.8 0.8
vn -0.00412308 0.00256604 0.999988
v 0.0290544 -0.00442134 9.45165e-06 0.8 0.8 0.8
vn -0.00445638 0.00112782 0.999989
v 0.0263474 1.54634e-08 2.46277e-06 0.8 0.8 0.8
vn -0.0013854 -4.15029e-05 0.999999
v 0.0258256 0.00393003 2.46277e-06 0.8 0.8 0.8
vn -0.00133055 -0.000433403 0.999999
v 0.0242762 0.00721568 2.46277e-06 0.8 0.8 0.8
vn -0.00123682 -0.000879927 0.999999
v 0.0217469 0.0100708 2.46277e-06 0.8 0.8 0.8
vn -0.00107693 -0.00129454 0.999999
v 0.0183124 0.0124535 2.46277e-06 0.8 0.8 0.8
vn -0.000866927 -0.00165742 0.999998
v 0.0140659 0.0143042 2.46277e-06 0.8 0.8 0.8
vn -0.000619977 -0.00194776 0.999998
v 0.00909783 0.0155702 2.46277e-06 0.8 0.8 0.8
vn -0.000351727 -0.00215184 0.999998
v 0.00340954 0.0162132 2.46277e-06 0.8 0.8 0.8
vn -8.83752e-05 -0.00226527 0.999997
v -0.00340951 0.0162132 2.46277e-06 0.8 0.8 0.8
vn 0.000140788 -0.00218904 0.999998
v -0.0090978 0.0155702 2.46277e-06 0.8 0.8 0.8
vn 0.000408669 -0.00209248 0.999998
v -0.0140659 0.0143042 2.46277e-06 0.8 0.8 0.8
vn 0.000675453 -0.00188201 0.999998
v -0.0183124 0.0124535 2.46277e-06 0.8 0.8 0.8
vn 0.00091767 -0.00158049 0.999998
v -0.0217469 0.0100708 2.46277e-06 0.8 0.8 0.8
vn 0.00112105 -0.00120815 0.999999
v -0.0242762 0.00721568 2.46277e-06 0.8 0.8 0.8
vn 0.00127456 -0.000788196 0.999999
v -0.0258255 0.00393003 2.46277e-06 0.8 0.8 0.8
vn 0.0013778 -0.000344293 0.999999
v -0.0263474 1.54634e-08 2.46277e-06 0.8 0.8 0.8
vn 0.0013854 4.15029e-05 0.999999
v -0.0258255 -0.00393 2.46277e-06 0.8 0.8 0.8
vn 0.00133055 0.000433403 0.999999
v -0.0242762 -0.00721565 2.46277e-06 0.8 0.8 0.8
vn 0.00123682 0.000879927 0.999999
v -0.0217469 -0.0100708 2.46277e-06 0.8 0.8 0.8
vn 0.00107693 0.00129454 0.999999
v -0.0183124 -0.0124534 2.46277e-06 0.8 0.8 0.8
vn 0.000866927 0.00165742 0.999998
v -0.0140659 -0.0143042 2.46277e-06 0.8 0.8 0.8
vn 0.000619977 0.00194776 0.999998
v -0.0090978 -0.0155702 2.46277e-06 0.8 0.8 0.8
vn 0.000351727 0.00215184 0.999998
v -0.00340951 -0.0162132 2.46277e-06 0.8 0.8 0.8
vn 8.83752e-05 0.00226527 0.999997
v 0.00340954 -0.0162132 2.46277e-06 0.8 0.8 0.8
vn -0.000140788 0.00218904 0.999998
v 0.00909783 -0.0155702 2.46277e-06 0.8 0.8 0.8
vn -0.000408669 0.00209248 0.999998
v 0.0140659 -0.0143042 2.46277e-06 0.8 0.8 0.8
vn -0.000675453 0.00188201 0.999998
v 0.0183124 -0.0124534 2.46277e-06 0.8 0.8 0.8
vn -0.00091767 0.00158049 0.999998
v 0.0217469 -0.0100708 2.46277e-06 0.8 0.8 0.8
vn -0.00112105 0.00120815 0.999999
v 0.0242762 -0.00721565 2.46277e-06 0.8 0.8 0.8
vn -0.00127456 0.000788196 0.999999
v 0.0258256 -0.00393 2.46277e-06 0.8 0.8 0.8
vn -0.0013778 0.000344293 0.999999
v 0.0230539 1.54634e-08 5.36099e-07 0.8 0.8 0.8
vn -0.000370604 -1.22398e-05 1
v 0.0225972 0.00343876 5.36099e-07 0.8 0.8 0.8
vn -0.000355319 -0.000117179 1
v 0.0212416 0.00631369 5.36099e-07 0.8 0.8 0.8
vn -0.000330349 -0.000236652 1
v 0.0190284 0.00881193 5.36099e-07 0.8 0.8 0.8
vn -0.000287484 -0.000347486 1
v 0.0160233 0.0108967 5.36099e-07 0.8 0.8 0.8
vn -0.000231212 -0.000444424 1
v 0.0123076 0.0125161 5.36099e-07 0.8 0.8 0.8
vn -0.000165085 -0.000521929 1
v 0.00796056 0.0136239 5.36099e-07 0.8 0.8 0.8
vn -9.33062e-05 -0.000576414 1
v 0.00298333 0.0141865 5.36099e-07 0.8 0.8 0.8
vn -2.29246e-05 -0.000606934 1
v -0.0029833 0.0141865 5.36099e-07 0.8 0.8 0.8
vn 3.83899e-05 -0.000584609 1
v -0.00796053 0.0136239 5.36099e-07 0.8 0.8 0.8
vn 0.00011011 -0.000558964 1
v -0.0123076 0.0125161 5.36099e-07 0.8 0.8 0.8
vn 0.000181453 -0.000502558 1
v -0.0160232 0.0108967 5.36099e-07 0.8 0.8 0.8
vn 0.000246179 -0.000421739 1
v -0.0190284 0.00881193 5.36099e-07 0.8 0.8 0.8
vn 0.00030049 -0.000322001 1
v -0.0212415 0.00631369 5.36099e-07 0.8 0.8 0.8
vn 0.000341458 -0.000209586 1
v -0.0225972 0.00343876 5.36099e-07 0.8 0.8 0.8
vn 0.000369175 -9.08764e-05 1
v -0.0230538 1.54634e-08 5.36099e-07 0.8 0.8 0.8
vn 0.000370604 1.22398e-05 1
v -0.0225972 -0.00343873 5.36099e-07 0.8 0.8 0.8
vn 0.000355319 0.000117179 1
v -0.0212415 -0.00631366 5.36099e-07 0.8 0.8 0.8
vn 0.000330349 0.000236652 1
v -0.0190284 -0.0088119 5.36099e-07 0.8 0.8 0.8
vn 0.000287484 0.000347486 1
v -0.0160232 -0.0108967 5.36099e-07 0.8 0.8 0.8
vn 0.000231212 0.000444424 1
v -0.0123076 -0.0125161 5.36099e-07 0.8 0.8 0.8
vn 0.000165085 0.000521929 1
v -0.00796053 -0.0136238 5.36099e-07 0.8 0.8 0.8
vn 9.33062e-05 0.000576414 1
v -0.0029833 -0.0141864 5.36099e-07 0.8 0.8 0.8
vn 2.29246e-05 0.000606934 1
v 0.00298333 -0.0141864 5.36099e-07 0.8 0.8 0.8
vn -3.83899e-05 0.000584609 1
v 0.00796056 -0.0136238 5.36099e-07 0.8 0.8 0.8
vn -0.00011011 0.000558964 1
v 0.0123076 -0.0125161 5.36099e-07 0.8 0.8 0.8
vn -0.000181453 0.000502558 1
v 0.0160233 -0.0108967 5.36099e-07 0.8 0.8 0.8
vn -0.000246179 0.000421739 1
v 0.0190284 -0.0088119 5.36099e-07 0.8 0.8 0.8
vn -0.00030049 0.000322001 1
v 0.0212416 -0.00631366 5.36099e-07 0.8 0.8 0.8
vn -0.000341458 0.000209586 1
v 0.0225972 -0.00343873 5.36099e-07 0.8 0.8 0.8
vn -0.000369175 9.08764e-05 1
v 0.0197604 1.54634e-08 9.22178e-08 0.8 0.8 0.8
vn -8.27065e-05 -3.02799e-06 1
v 0.019369 0.00294751 9.22178e-08 0.8 0.8 0.8
vn -7.91408e-05 -2.64758e-05 1
v 0.018207 0.00541173 9.22178e-08 0.8 0.8 0.8
vn -7.35922e-05 -5.31443e-05 1
v 0.0163101 0.00755307 9.22178e-08 0.8 0.8 0.8
vn -6.40006e-05 -7.78578e-05 1
v 0.0137342 0.00934005 9.22178e-08 0.8 0.8 0.8
vn -5.14175e-05 -9.94548e-05 1
v 0.0105494 0.0107281 9.22178e-08 0.8 0.8 0.8
vn -3.66424e-05 -0.000116708 1
v 0.00682333 0.0116776 9.22178e-08 0.8 0.8 0.8
vn -2.06183e-05 -0.000128837 1
v 0.00255714 0.0121598 9.22178e-08 0.8 0.8 0.8
vn -4.92913e-06 -0.000135687 1
v -0.00255711 0.0121598 9.22178e-08 0.8 0.8 0.8
vn 8.75807e-06 -0.000130221 1
v -0.0068233 0.0116776 9.22178e-08 0.8 0.8 0.8
vn 2.4779e-05 -0.000124541 1
v -0.0105493 0.0107281 9.22178e-08 0.8 0.8 0.8
vn 4.06941e-05 -0.000111923 1
v -0.0137342 0.00934005 9.22178e-08 0.8 0.8 0.8
vn 5.51206e-05 -9.3844e-05 1
v -0.01631 0.00755307 9.22178e-08 0.8 0.8 0.8
vn 6.72156e-05 -7.15502e-05 1
v -0.018207 0.00541173 9.22178e-08 0.8 0.8 0.8
vn 7.63324e-05 -4.6443e-05 1
v -0.019369 0.00294751 9.22178e-08 0.8 0.8 0.8
vn 8.25397e-05 -1.99606e-05 1
v -0.0197604 1.54634e-08 9.22178e-08 0.8 0.8 0.8
vn 8.27065e-05 3.02799e-06 1
v -0.019369 -0.00294748 9.22178e-08 0.8 0.8 0.8
vn 7.91408e-05 2.64758e-05 1
v -0.018207 -0.0054117 9.22178e-08 0.8 0.8 0.8
vn 7.35922e-05 5.31443e-05 1
v -0.01631 -0.00755304 9.22178e-08 0.8 0.8 0.8
vn 6.40006e-05 7.78578e-05 1
v -0.0137342 -0.00934002 9.22178e-08 0.8 0.8 0.8
vn 5.14175e-05 9.94548e-05 1
v -0.0105493 -0.0107281 9.22178e-08 0.8 0.8 0.8
vn 3.66424e-05 0.000116708 1
v -0.0068233 -0.0116776 9.22178e-08 0.8 0.8 0.8
vn 2.06183e-05 0.000128837 1
v -0.00255711 -0.0121598 9.22178e-08 0.8 0.8 0.8
vn 4.92913e-06 0.000135687 1
v 0.00255714 -0.0121598 9.22178e-08 0.8 0.8 0.8
vn -8.75807e-06 0.000130221 1
v 0.00682333 -0.0116776 9.22178e-08 0.8 0.8 0.8
vn -2.4779e-05 0.000124541 1
v 0.0105494 -0.0107281 9.22178e-08 0.8 0.8 0.8
vn -4.06941e-05 0.000111923 1
v 0.0137342 -0.00934002 9.22178e-08 0.8 0.8 0.8
vn -5.51206e-05 9.3844e-05 1
v 0.0163101 -0.00755304 9.22178e-08 0.8 0.8 0.8
vn -6.72156e-05 7.15502e-05 1
v 0.018207 -0.0054117 9.22178e-08 0.8 0.8 0.8
vn -7.63324e-05 4.6443e-05 1
v 0.019369 -0.00294748 9.22178e-08 0.8 0.8 0.8
vn -8.25397e-05 1.99606e-05 1
v 0.016467 1.54634e-08 1.14997e-08 0.8 0.8 0.8
vn -1.45735e-05 -5.93924e-07 1
v 0.0161409 0.00245626 1.14997e-08 0.8 0.8 0.8
vn -1.39154e-05 -4.73215e-06 1
v 0.0151725 0.00450978 1.14997e-08 0.8 0.8 0.8
vn -1.29413e-05 -9.4322e-06 1
v 0.0135917 0.00629423 1.14997e-08 0.8 0.8 0.8
vn -1.12456e-05 -1.37824e-05 1
v 0.0114452 0.00778337 1.14997e-08 0.8 0.8 0.8
vn -9.02311e-06 -1.75804e-05 1
v 0.00879113 0.00894009 1.14997e-08 0.8 0.8 0.8
vn -6.41593e-06 -2.06112e-05 1
v 0.00568611 0.00973133 1.14997e-08 0.8 0.8 0.8
vn -3.59123e-06 -2.27412e-05 1
v 0.00213095 0.0101332 1.14997e-08 0.8 0.8 0.8
vn -8.30414e-07 -2.39538e-05 1
v -0.00213092 0.0101332 1.14997e-08 0.8 0.8 0.8
vn 1.58236e-06 -2.28996e-05 1
v -0.00568608 0.00973133 1.14997e-08 0.8 0.8 0.8
vn 4.40851e-06 -2.19052e-05 1
v -0.0087911 0.00894009 1.14997e-08 0.8 0.8 0.8
vn 7.21144e-06 -1.9675e-05 1
v -0.0114451 0.00778337 1.14997e-08 0.8 0.8 0.8
vn 9.74966e-06 -1.64802e-05 1
v -0.0135917 0.00629423 1.14997e-08 0.8 0.8 0.8
vn 1.18755e-05 -1.25444e-05 1
v -0.0151725 0.00450978 1.14997e-08 0.8 0.8 0.8
vn 1.34763e-05 -8.11618e-06 1
v -0.0161408 0.00245626 1.14997e-08 0.8 0.8 0.8
vn 1.45732e-05 -3.45166e-06 1
v -0.016467 1.54634e-08 1.14997e-08 0.8 0.8 0.8
vn 1.45735e-05 5.93924e-07 1
v -0.0161408 -0.00245623 1.14997e-08 0.8 0.8 0.8
vn 1.39154e-05 4.73215e-06 1
v -0.0151725 -0.00450975 1.14997e-08 0.8 0.8 0.8
vn 1.29413e-05 9.4322e-06 1
v -0.0135917 -0.0062942 1.14997e-08 0.8 0.8 0.8
vn 1.12456e-05 1.37824e-05 1
v -0.0114451 -0.00778334 1.14997e-08 0.8 0.8 0.8
vn 9.02311e-06 1.75804e-05 1
v -0.0087911 -0.00894006 1.14997e-08 0.8 0.8 0.8
vn 6.41593e-06 2.06112e-05 1
v -0.00568608 -0.0097313 1.14997e-08 0.8 0.8 0.8
vn 3.59123e-06 2.27412e-05 1
v -0.00213092 -0.0101331 1.14997e-08 0.8 0.8 0.8
vn 8.30414e-07 2.39538e-05 1
v 0.00213095 -0.0101331 1.14997e-08 0.8 0.8 0.8
vn -1.58236e-06 2.28996e-05 1
v 0.00568611 -0.0097313 1.14997e-08 0.8 0.8 0.8
vn -4.40851e-06 2.19052e-05 1
v 0.00879113 -0.00894006 1.14997e-08 0.8 0.8 0.8
vn -7.21144e-06 1.9675e-05 1
v 0.0114452 -0.00778334 1.14997e-08 0.8 0.8 0.8
vn -9.74966e-06 1.64802e-05 1
v 0.0135917 -0.0062942 1.14997e-08 0.8 0.8 0.8
vn -1.18755e-05 1.25444e-05 1
v 0.0151725 -0.00450975 1.14997e-08 0.8 0.8 0.8
vn -1.34763e-05 8.11618e-06 1
v 0.0161409 -0.00245623 1.14997e-08 0.8 0.8 0.8
vn -1.45732e-05 3.45166e-06 1
v 0.0131736 1.54634e-08 8.9975e-10 0.8 0.8 0.8
vn -1.8639e-06 -8.46744e-08 1
v 0.0129127 0.00196501 8.9975e-10 0.8 0.8 0.8
vn -1.77591e-06 -6.15068e-07 1
v 0.012138 0.00360782 8.9975e-10 0.8 0.8 0.8
vn -1.65149e-06 -1.21624e-06 1
v 0.0108734 0.00503539 8.9975e-10 0.8 0.8 0.8
vn -1.43374e-06 -1.77193e-06 1
v 0.00915614 0.0062267 8.9975e-10 0.8 0.8 0.8
vn -1.14868e-06 -2.2565e-06 1
v 0.00703291 0.00715208 8.9975e-10 0.8 0.8 0.8
vn -8.14665e-07 -2.64268e-06 1
v 0.00454889 0.00778507 8.9975e-10 0.8 0.8 0.8
vn -4.53214e-07 -2.91385e-06 1
v 0.00170476 0.00810654 8.9975e-10 0.8 0.8 0.8
vn -1.00681e-07 -3.0691e-06 1
v -0.00170473 0.00810654 8.9975e-10 0.8 0.8 0.8
vn 2.08105e-07 -2.92306e-06 1
v -0.00454886 0.00778507 8.9975e-10 0.8 0.8 0.8
vn 5.70012e-07 -2.79621e-06 1
v -0.00703288 0.00715208 8.9975e-10 0.8 0.8 0.8
vn 9.28266e-07 -2.50977e-06 1
v -0.00915611 0.0062267 8.9975e-10 0.8 0.8 0.8
vn 1.25231e-06 -2.09973e-06 1
v -0.0108734 0.00503539 8.9975e-10 0.8 0.8 0.8
vn 1.52336e-06 -1.59522e-06 1
v -0.012138 0.00360782 8.9975e-10 0.8 0.8 0.8
vn 1.7272e-06 -1.02823e-06 1
v -0.0129127 0.00196501 8.9975e-10 0.8 0.8 0.8
vn 1.86756e-06 -4.31898e-07 1
v -0.0131736 1.54634e-08 8.9975e-10 0.8 0.8 0.8
vn 1.8639e-06 8.46744e-08 1
v -0.0129127 -0.00196498 8.9975e-10 0.8 0.8 0.8
vn 1.77591e-06 6.15068e-07 1
v -0.012138 -0.00360779 8.9975e-10 0.8 0.8 0.8
vn 1.65149e-06 1.21624e-06 1
v -0.0108734 -0.00503536 8.9975e-10 0.8 0.8 0.8
vn 1.43374e-06 1.77193e-06 1
v -0.00915611 -0.00622667 8.9975e-10 0.8 0.8 0.8
vn 1.14868e-06 2.2565e-06 1
v -0.00703288 -0.00715205 8.9975e-10 0.8 0.8 0.8
vn 8.14665e-07 2.64268e-06 1
v -0.00454886 -0.00778504 8.9975e-10 0.8 0.8 0.8
vn 4.53214e-07 2.91385e-06 1
v -0.00170473 -0.00810651 8.9975e-10 0.8 0.8 0.8
vn 1.00681e-07 3.0691e-06 1
v 0.00170476 -0.00810651 8.9975e-10 0.8 0.8 0.8
vn -2.08105e-07 2.92306e-06 1
v 0.00454889 -0.00778504 8.9975e-10 0.8 0.8 0.8
vn -5.70012e-07 2.79621e-06 1
v 0.00703291 -0.00715205 8.9975e-10 0.8 0.8 0.8
vn -9.28266e-07 2.50977e-06 1
v 0.00915614 -0.00622667 8.9975e-10 0.8 0.8 0.8
vn -1.25231e-06 2.09973e-06 1
v 0.0108734 -0.00503536 8.9975e-10 0.8 0.8 0.8
vn -1.52336e-06 1.59522e-06 1
v 0.012138 -0.00360779 8.9975e-10 0.8 0.8 0.8
vn -1.7272e-06 1.02823e-06 1
v 0.0129127 -0.00196498 8.9975e-10 0.8 0.8 0.8
vn -1.86756e-06 4.31898e-07 1
v 0.00988023 1.54634e-08 3.36909e-11 0.8 0.8 0.8
vn -1.50596e-07 -7.61042e-09 1
v 0.00968453 0.00147376 3.36909e-11 0.8 0.8 0.8
vn -1.43237e-07 -5.0597e-08 1
v 0.00910353 0.00270587 3.36909e-11 0.8 0.8 0.8
vn -1.33135e-07 -9.91582e-08 1
v 0.00815504 0.00377654 3.36909e-11 0.8 0.8 0.8
vn -1.15447e-07 -1.43986e-07 1
v 0.00686711 0.00467003 3.36909e-11 0.8 0.8 0.8
vn -9.23344e-08 -1.8302e-07 1
v 0.00527469 0.00536406 3.36909e-11 0.8 0.8 0.8
vn -6.52924e-08 -2.14073e-07 1
v 0.00341167 0.00583881 3.36909e-11 0.8 0.8 0.8
vn -3.60702e-08 -2.35827e-07 1
v 0.00127858 0.00607991 3.36909e-11 0.8 0.8 0.8
vn -7.64251e-09 -2.48268e-07 1
v -0.00127855 0.00607991 3.36909e-11 0.8 0.8 0.8
vn 1.7334e-08 -2.35843e-07 1
v -0.00341164 0.00583881 3.36909e-11 0.8 0.8 0.8
vn 4.66139e-08 -2.25511e-07 1
v -0.00527466 0.00536406 3.36909e-11 0.8 0.8 0.8
vn 7.55337e-08 -2.02218e-07 1
v -0.00686708 0.00467003 3.36909e-11 0.8 0.8 0.8
vn 1.01656e-07 -1.68944e-07 1
v -0.00815501 0.00377654 3.36909e-11 0.8 0.8 0.8
vn 1.23473e-07 -1.2807e-07 1
v -0.0091035 0.00270587 3.36909e-11 0.8 0.8 0.8
vn 1.39845e-07 -8.21973e-08 1
v -0.0096845 0.00147376 3.36909e-11 0.8 0.8 0.8
vn 1.51123e-07 -3.40328e-08 1
v -0.0098802 1.54634e-08 3.36909e-11 0.8 0.8 0.8
vn 1.50596e-07 7.61042e-09 1
v -0.0096845 -0.00147373 3.36909e-11 0.8 0.8 0.8
vn 1.43237e-07 5.0597e-08 1
v -0.0091035 -0.00270584 3.36909e-11 0.8 0.8 0.8
vn 1.33135e-07 9.91582e-08 1
v -0.00815501 -0.00377651 3.36909e-11 0.8 0.8 0.8
vn 1.15447e-07 1.43986e-07 1
v -0.00686708 -0.00467 3.36909e-11 0.8 0.8 0.8
vn 9.23344e-08 1.8302e-07 1
v -0.00527466 -0.00536403 3.36909e-11 0.8 0.8 0.8
vn 6.52924e-08 2.14073e-07 1
v -0.00341164 -0.00583877 3.36909e-11 0.8 0.8 0.8
vn 3.60702e-08 2.35827e-07 1
v -0.00127855 -0.00607988 3.36909e-11 0.8 0.8 0.8
vn 7.64251e-09 2.48268e-07 1
v 0.00127858 -0.00607988 3.36909e-11 0.8 0.8 0.8
vn -1.7334e-08 2.35843e-07 1
v 0.00341167 -0.00583877 3.36909e-11 0.8 0.8 0.8
vn -4.66139e-08 2.25511e-07 1
v 0.00527469 -0.00536403 3.36909e-11 0.8 0.8 0.8
vn -7.55337e-08 2.02218e-07 1
v 0.00686711 -0.00467 3.36909e-11 0.8 0.8 0.8
vn -1.01656e-07 1.68944e-07 1
v 0.00815504 -0.00377651 3.36909e-11 0.8 0.8 0.8
vn -1.23473e-07 1.2807e-07 1
v 0.00910353 -0.00270584 3.36909e-11 0.8 0.8 0.8
vn -1.39845e-07 8.21973e-08 1
v 0.00968453 -0.00147373 3.36909e-11 0.8 0.8 0.8
vn -1.51123e-07 3.40328e-08 1
v 0.00658682 1.54634e-08 3.28737e-13 0.8 0.8 0.8
vn -5.95074e-09 -3.35186e-10 1
v 0.00645636 0.000982512 3.28737e-13 0.8 0.8 0.8
vn -5.65766e-09 -2.04312e-09 1
v 0.00606902 0.00180392 3.28737e-13 0.8 0.8 0.8
vn -5.24982e-09 -3.96e-09 1
v 0.0054367 0.0025177 3.28737e-13 0.8 0.8 0.8
vn -4.54497e-09 -5.72729e-09 1
v 0.00457808 0.00311336 3.28737e-13 0.8 0.8 0.8
vn -3.62714e-09 -7.26318e-09 1
v 0.00351646 0.00357605 3.28737e-13 0.8 0.8 0.8
vn -2.55559e-09 -8.48148e-09 1
v 0.00227445 0.00389254 3.28737e-13 0.8 0.8 0.8
vn -1.39979e-09 -9.32981e-09 1
v 0.000852389 0.00405328 3.28737e-13 0.8 0.8 0.8
vn -2.79517e-10 -9.8051e-09 1
v -0.00085236 0.00405328 3.28737e-13 0.8 0.8 0.8
vn 7.09719e-10 -9.32238e-09 1
v -0.00227442 0.00389254 3.28737e-13 0.8 0.8 0.8
vn 1.86841e-09 -8.89907e-09 1
v -0.00351643 0.00357605 3.28737e-13 0.8 0.8 0.8
vn 3.00949e-09 -7.96777e-09 1
v -0.00457805 0.00311336 3.28737e-13 0.8 0.8 0.8
vn 4.0384e-09 -6.64451e-09 1
v -0.00543667 0.0025177 3.28737e-13 0.8 0.8 0.8
vn 4.89575e-09 -5.02324e-09 1
v -0.00606899 0.00180392 3.28737e-13 0.8 0.8 0.8
vn 5.53657e-09 -3.20718e-09 1
v -0.00645633 0.000982512 3.28737e-13 0.8 0.8 0.8
vn 5.97274e-09 -1.30427e-09 1
v -0.00658679 1.54634e-08 3.28737e-13 0.8 0.8 0.8
vn 5.95074e-09 3.35186e-10 1
v -0.00645633 -0.000982481 3.28737e-13 0.8 0.8 0.8
vn 5.65766e-09 2.04312e-09 1
v -0.00606899 -0.00180389 3.28737e-13 0.8 0.8 0.8
vn 5.24982e-09 3.96e-09 1
v -0.00543667 -0.00251767 3.28737e-13 0.8 0.8 0.8
vn 4.54497e-09 5.72729e-09 1
v -0.00457805 -0.00311333 3.28737e-13 0.8 0.8 0.8
vn 3.62714e-09 7.26318e-09 1
v -0.00351643 -0.00357602 3.28737e-13 0.8 0.8 0.8
vn 2.55559e-09 8.48148e-09 1
v -0.00227442 -0.00389251 3.28737e-13 0.8 0.8 0.8
vn 1.39979e-09 9.32981e-09 1
v -0.00085236 -0.00405325 3.28737e-13 0.8 0.8 0.8
vn 2.79517e-10 9.8051e-09 1
v 0.000852389 -0.00405325 3.28737e-13 0.8 0.8 0.8
vn -7.09719e-10 9.32238e-09 1
v 0.00227445 -0.00389251 3.28737e-13 0.8 0.8 0.8
vn -1.86841e-09 8.89907e-09 1
v 0.00351646 -0.00357602 3.28737e-13 0.8 0.8 0.8
vn -3.00949e-09 7.96777e-09 1
v 0.00457808 -0.00311333 3.28737e-13 0.8 0.8 0.8
vn -4.0384e-09 6.64451e-09 1
v 0.0054367 -0.00251767 3.28737e-13 0.8 0.8 0.8
vn -4.89575e-09 5.02324e-09 1
v 0.00606902 -0.00180389 3.28737e-13 0.8 0.8 0.8
vn -5.53657e-09 3.20718e-09 1
v 0.00645636 -0.000982481 3.28737e-13 0.8 0.8 0.8
vn -5.97274e-09 1.30427e-09 1
v 0.00329342 1.54634e-08 1.11022e-16 0.8 0.8 0.8
vn -6.65263e-11 -4.41617e-12 1
v 0.00322819 0.000491264 1.11022e-16 0.8 0.8 0.8
vn -6.34986e-11 -2.38099e-11 1
v 0.00303452 0.000901968 1.11022e-16 0.8 0.8 0.8
vn -5.85546e-11 -4.51447e-11 1
v 0.00271836 0.00125886 1.11022e-16 0.8 0.8 0.8
vn -5.05057e-11 -6.47916e-11 1
v 0.00228905 0.00155669 1.11022e-16 0.8 0.8 0.8
vn -4.01277e-11 -8.17916e-11 1
v 0.00175824 0.00178803 1.11022e-16 0.8 0.8 0.8
vn -2.80734e-11 -9.51739e-11 1
v 0.00113723 0.00194628 1.11022e-16 0.8 0.8 0.8
vn -1.51242e-11 -1.04298e-10 1
v 0.000426202 0.00202665 1.11022e-16 0.8 0.8 0.8
vn -2.67921e-12 -1.08928e-10 1
v -0.000426173 0.00202665 1.11022e-16 0.8 0.8 0.8
vn 8.4688e-12 -1.04872e-10 1
v -0.0011372 0.00194628 1.11022e-16 0.8 0.8 0.8
vn 2.145e-11 -9.9467e-11 1
v -0.00175821 0.00178803 1.11022e-16 0.8 0.8 0.8
vn 3.41554e-11 -8.8706e-11 1
v -0.00228902 0.00155669 1.11022e-16 0.8 0.8 0.8
vn 4.55714e-11 -7.36861e-11 1
v -0.00271833 0.00125886 1.11022e-16 0.8 0.8 0.8
vn 5.5031e-11 -5.5406e-11 1
v -0.00303449 0.000901968 1.11022e-16 0.8 0.8 0.8
vn 6.202e-11 -3.50181e-11 1
v -0.00322816 0.000491264 1.11022e-16 0.8 0.8 0.8
vn 6.64967e-11 -1.37405e-11 1
v -0.00329339 1.54634e-08 1.11022e-16 0.8 0.8 0.8
vn 6.65263e-11 4.41617e-12 1
v -0.00322816 -0.000491233 1.11022e-16 0.8 0.8 0.8
vn 6.34986e-11 2.38099e-11 1
v -0.00303449 -0.000901937 1.11022e-16 0.8 0.8 0.8
vn 5.85546e-11 4.51447e-11 1
v -0.00271833 -0.00125883 1.11022e-16 0.8 0.8 0.8
vn 5.05057e-11 6.47916e-11 1
v -0.00228902 -0.00155666 1.11022e-16 0.8 0.8 0.8
vn 4.01277e-11 8.17916e-11 1
v -0.00175821 -0.001788 1.11022e-16 0.8 0.8 0.8
vn 2.80734e-11 9.51739e-11 1
v -0.0011372 -0.00194625 1.11022e-16 0.8 0.8 0.8
vn 1.51242e-11 1.04298e-10 1
v -0.000426173 -0.00202662 1.11022e-16 0.8 0.8 0.8
vn 2.67921e-12 1.08928e-10 1
v 0.000426202 -0.00202662 1.11022e-16 0.8 0.8 0.8
vn -8.4688e-12 1.04872e-10 1
v 0.00113723 -0.00194625 1.11022e-16 0.8 0.8 0.8
vn -2.145e-11 9.9467e-11 1
v 0.00175824 -0.001788 1.11022e-16 0.8 0.8 0.8
vn -3.41554e-11 8.8706e-11 1
v 0.00228905 -0.00155666 1.11022e-16 0.8 0.8 0.8
vn -4.55714e-11 7.36861e-11 1
v 0.00271836 -0.00125883 1.11022e-16 0.8 0.8 0.8
vn -5.5031e-11 5.5406e-11 1
v 0.00303452 -0.000901937 1.11022e-16 0.8 0.8 0.8
vn -6.202e-11 3.50181e-11 1
v 0.00322819 -0.000491233 1.11022e-16 0.8 0.8 0.8
vn -6.64967e-11 1.37405e-11 1
v 1.47437e-08 1.54634e-08 0 0.8 0.8 0.8
vn -3.79243e-14 -5.03596e-15 1
v 1.47437e-08 1.54634e-08 0 0.8 0.8 0.8
vn -3.61002e-14 -1.7023e-14 1
v 1.47437e-08 1.54634e-08 0 0.8 0.8 0.8
vn -3.2581e-14 -2.88628e-14 1
v 1.47437e-08 1.54634e-08 0 0.8 0.8 0.8
vn -2.7554e-14 -3.97182e-14 1
v 1.47437e-08 1.54634e-08 0 0.8 0.8 0.8
vn -2.13113e-14 -4.88978e-14 1
v 1.47437e-08 1.54634e-08 0 0.8 0.8 0.8
vn -1.42338e-14 -5.58573e-14 1
v 1.47437e-08 1.54634e-08 0 0.8 0.8 0.8
vn -6.80427e-15 -6.01985e-14 1
v 1.47437e-08 1.54634e-08 0 0.8 0.8 0.8
vn 3.15544e-30 -6.16294e-14 1
v 1.47437e-08 1.54634e-08 0 0.8 0.8 0.8
vn 6.80427e-15 -6.01985e-14 1
v 1.47437e-08 1.54634e-08 0 0.8 0.8 0.8
vn 1.42338e-14 -5.58573e-14 1
v 1.47437e-08 1.54634e-08 0 0.8 0.8 0.8
vn 2.13113e-14 -4.88978e-14 1
v 1.47437e-08 1.54634e-08 0 0.8 0.8 0.8
vn 2.7554e-14 -3.97182e-14 1
v 1.47437e-08 1.54634e-08 0 0.8 0.8 0.8
vn 3.2581e-14 -2.88628e-14 1
v 1.47437e-08 1.54634e-08 0 0.8 0.8 0.8
vn 3.61002e-14 -1.7023e-14 1
v 1.47437e-08 1.54634e-08 0 0.8 0.8 0.8
vn 3.79243e-14 -5.03596e-15 1
v 1.47437e-08 1.54634e-08 0 0.8 0.8 0.8
vn 3.79243e-14 5.03596e-15 1
v 1.47437e-08 1.54634e-08 0 0.8 0.8 0.8
vn 3.61002e-14 1.7023e-14 1
v 1.47437e-08 1.54634e-08 0 0.8 0.8 0.8
vn 3.2581e-14 2.88628e-14 1
v 1.47437e-08 1.54634e-08 0 0.8 0.8 0.8
vn 2.7554e-14 3.97182e-14 1
v 1.47437e-08 1.54634e-08 0 0.8 0.8 0.8
vn 2.13113e-14 4.88978e-14 1
v 1.47437e-08 1.54634e-08 0 0.8 0.8 0.8
vn 1.42338e-14 5.58573e-14 1
v 1.47437e-08 1.54634e-08 0 0.8 0.8 0.8
vn 6.80427e-15 6.01985e-14 1
v 1.47437e-08 1.54634e-08 0 0.8 0.8 0.8
vn -3.15544e-30 6.16294e-14 1
v 1.47437e-08 1.54634e-08 0 0.8 0.8 0.8
vn -6.80427e-15 6.01985e-14 1
v 1.47437e-08 1.54634e-08 0 0.8 0.8 0.8
vn -1.42338e-14 5.58573e-14 1
v 1.47437e-08 1.54634e-08 0 0.8 0.8 0.8
vn -2.13113e-14 4.88978e-14 1
v 1.47437e-08 1.54634e-08 0 0.8 0.8 0.8
vn -2.7554e-14 3.97182e-14 1
v 1.47437e-08 1.54634e-08 0 0.8 0.8 0.8
vn -3.2581e-14 2.88628e-14 1
v 1.47437e-08 1.54634e-08 0 0.8 0.8 0.8
vn -3.61002e-14 1.7023e-14 1
v 1.47437e-08 1.54634e-08 0 0.8 0.8 0.8
vn -3.79243e-14 5.03596e-15 1
v 0.0912342 1.54634e-08 0.086157 0.8 0.8 0.8
vn 0.995001 -0.0398888 -0.0915541
v 0.0894271 0.0136086 0.086157 0.8 0.8 0.8
vn 0.96892 0.230262 -0.0904106
v 0.0840621 0.024986 0.086157 0.8 0.8 0.8
vn 0.853147 0.514656 -0.085261
v 0.0753038 0.0348726 0.086157 0.8 0.8 0.8
vn 0.684966 0.724443 -0.0774883
v 0.063411 0.0431231 0.086157 0.8 0.8 0.8
vn 0.507494 0.858823 -0.0698111
v 0.0487065 0.0495318 0.086157 0.8 0.8 0.8
vn 0.343051 0.937155 -0.0636857
v 0.0315034 0.0539156 0.086157 0.8 0.8 0.8
vn 0.196602 0.978676 -0.0595071
v 0.0118063 0.056142 0.086157 0.8 0.8 0.8
vn 0.0685281 0.996001 -0.0573222
v -0.0118063 0.056142 0.086157 0.8 0.8 0.8
vn -0.0348553 0.997777 -0.0568059
v -0.0315033 0.0539156 0.086157 0.8 0.8 0.8
vn -0.156043 0.986015 -0.0585317
v -0.0487065 0.0495318 0.086157 0.8 0.8 0.8
vn -0.297015 0.952847 -0.0621721
v -0.063411 0.0431231 0.086157 0.8 0.8 0.8
vn -0.45599 0.887402 -0.0677531
v -0.0753038 0.0348726 0.086157 0.8 0.8 0.8
vn -0.630862 0.772254 -0.0750851
v -0.0840621 0.024986 0.086157 0.8 0.8 0.8
vn -0.805746 0.586398 -0.0831267
v -0.0894271 0.0136086 0.086157 0.8 0.8 0.8
vn -0.943201 0.319913 -0.0896015
v -0.0912342 1.54634e-08 0.086157 0.8 0.8 0.8
vn -0.995001 0.0398888 -0.0915541
v -0.0894271 -0.0136086 0.086157 0.8 0.8 0.8
vn -0.96892 -0.230262 -0.0904106
v -0.0840621 -0.024986 0.086157 0.8 0.8 0.8
vn -0.853147 -0.514656 -0.085261
v -0.0753038 -0.0348726 0.086157 0.8 0.8 0.8
vn -0.684966 -0.724443 -0.0774883
v -0.063411 -0.0431231 0.086157 0.8 0.8 0.8
vn -0.507494 -0.858823 -0.0698111
v -0.0487065 -0.0495318 0.086157 0.8 0.8 0.8
vn -0.343051 -0.937155 -0.0636857
v -0.0315033 -0.0539156 0.086157 0.8 0.8 0.8
vn -0.196602 -0.978676 -0.0595071
v -0.0118063 -0.0561419 0.086157 0.8 0.8 0.8
vn -0.0685281 -0.996001 -0.0573222
v 0.0118063 -0.0561419 0.086157 0.8 0.8 0.8
vn 0.0348553 -0.997777 -0.0568059
v 0.0315034 -0.0539156 0.086157 0.8 0.8 0.8
vn 0.156043 -0.986015 -0.0585317
v 0.0487065 -0.0495318 0.086157 0.8 0.8 0.8
vn 0.297015 -0.952847 -0.0621721
v 0.063411 -0.0431231 0.086157 0.8 0.8 0.8
vn 0.45599 -0.887402 -0.0677531
v 0.0753038 -0.0348726 0.086157 0.8 0.8 0.8
vn 0.630862 -0.772254 -0.0750851
v 0.0840621 -0.024986 0.086157 0.8 0.8 0.8
vn 0.805746 -0.586398 -0.0831267
v 0.0894271 -0.0136086 0.086157 0.8 0.8 0.8
vn 0.943201 -0.319913 -0.0896015
v 0.0789102 1.54634e-08 0.0479654 0.8 0.8 0.8
vn 0.945852 0.0166239 -0.324172
v 0.0773473 0.0117704 0.0479654 0.8 0.8 0.8
vn 0.905365 0.280256 -0.319015
v 0.072707 0.0216109 0.0479654 0.8 0.8 0.8
vn 0.784809 0.542875 -0.298935
v 0.0651317 0.030162 0.0479654 0.8 0.8 0.8
vn 0.623445 0.732873 -0.272419
v 0.0548454 0.037298 0.0479654 0.8 0.8 0.8
vn 0.456763 0.854545 -0.247225
v 0.0421272 0.042841 0.0479654 0.8 0.8 0.8
vn 0.302204 0.925705 -0.227472
v 0.0272479 0.0466326 0.0479654 0.8 0.8 0.8
vn 0.16359 0.962986 -0.214236
v 0.0102115 0.0485583 0.0479654 0.8 0.8 0.8
vn 0.0430725 0.977265 -0.2076
v -0.0102115 0.0485583 0.0479654 0.8 0.8 0.8
vn -0.0575155 0.97625 -0.208873
v -0.0272478 0.0466326 0.0479654 0.8 0.8 0.8
vn -0.180925 0.959503 -0.215918
v -0.0421272 0.042841 0.0479654 0.8 0.8 0.8
vn -0.321729 0.91851 -0.229846
v -0.0548454 0.037298 0.0479654 0.8 0.8 0.8
vn -0.478338 0.841744 -0.250318
v -0.0651317 0.030162 0.0479654 0.8 0.8 0.8
vn -0.645738 0.711973 -0.275893
v -0.0727069 0.0216109 0.0479654 0.8 0.8 0.8
vn -0.804024 0.512288 -0.301838
v -0.0773472 0.0117704 0.0479654 0.8 0.8 0.8
vn -0.915929 0.24278 -0.31958
v -0.0789102 1.54634e-08 0.0479654 0.8 0.8 0.8
vn -0.945852 -0.0166239 -0.324172
v -0.0773472 -0.0117703 0.0479654 0.8 0.8 0.8
vn -0.905365 -0.280256 -0.319015
v -0.0727069 -0.0216108 0.0479654 0.8 0.8 0.8
vn -0.784809 -0.542875 -0.298935
v -0.0651317 -0.030162 0.0479654 0.8 0.8 0.8
vn -0.623445 -0.732873 -0.272419
v -0.0548454 -0.037298 0.0479654 0.8 0.8 0.8
vn -0.456763 -0.854545 -0.247225
v -0.0421272 -0.042841 0.0479654 0.8 0.8 0.8
vn -0.302204 -0.925705 -0.227472
v -0.0272478 -0.0466326 0.0479654 0.8 0.8 0.8
vn -0.16359 -0.962986 -0.214236
v -0.0102115 -0.0485582 0.0479654 0.8 0.8 0.8
vn -0.0430725 -0.977265 -0.2076
v 0.0102115 -0.0485582 0.0479654 0.8 0.8 0.8
vn 0.0575155 -0.97625 -0.208873
v 0.0272479 -0.0466326 0.0479654 0.8 0.8 0.8
vn 0.180925 -0.959503 -0.215918
v 0.0421272 -0.042841 0.0479654 0.8 0.8 0.8
vn 0.321729 -0.91851 -0.229846
v 0.0548454 -0.037298 0.0479654 0.8 0.8 0.8
vn 0.478338 -0.841744 -0.250318
v 0.0651317 -0.030162 0.0479654 0.8 0.8 0.8
vn 0.645738 -0.711973 -0.275893
v 0.072707 -0.0216108 0.0479654 0.8 0.8 0.8
vn 0.804024 -0.512288 -0.301838
v 0.0773473 -0.0117703 0.0479654 0.8 0.8 0.8
vn 0.915929 -0.24278 -0.31958
v 0.0705028 1.54634e-08 0.0258708 0.8 0.8 0.8
vn 0.921602 0.0156289 -0.387822
v 0.0691063 0.0105163 0.0258708 0.8 0.8 0.8
vn 0.882898 0.272595 -0.382339
v 0.0649605 0.0193083 0.0258708 0.8 0.8 0.8
vn 0.767892 0.530424 -0.359154
v 0.0581923 0.0269484 0.0258708 0.8 0.8 0.8
vn 0.612398 0.719084 -0.328463
v 0.0490019 0.0333241 0.0258708 0.8 0.8 0.8
vn 0.450208 0.841374 -0.299002
v 0.0376388 0.0382766 0.0258708 0.8 0.8 0.8
vn 0.298651 0.913674 -0.275696
v 0.0243448 0.0416642 0.0258708 0.8 0.8 0.8
vn 0.16202 0.951935 -0.259941
v 0.00912352 0.0433847 0.0258708 0.8 0.8 0.8
vn 0.042858 0.966814 -0.25186
v -0.00912349 0.0433847 0.0258708 0.8 0.8 0.8
vn -0.0566278 0.965554 -0.253966
v -0.0243447 0.0416642 0.0258708 0.8 0.8 0.8
vn -0.178511 0.948381 -0.262121
v -0.0376388 0.0382766 0.0258708 0.8 0.8 0.8
vn -0.317155 0.906558 -0.278506
v -0.0490019 0.0333241 0.0258708 0.8 0.8 0.8
vn -0.470535 0.828902 -0.302521
v -0.0581923 0.0269484 0.0258708 0.8 0.8 0.8
vn -0.633244 0.69899 -0.332286
v -0.0649604 0.0193083 0.0258708 0.8 0.8 0.8
vn -0.785772 0.501398 -0.362164
v -0.0691063 0.0105163 0.0258708 0.8 0.8 0.8
vn -0.893054 0.237398 -0.382226
v -0.0705028 1.54634e-08 0.0258708 0.8 0.8 0.8
vn -0.921602 -0.0156289 -0.387822
v -0.0691063 -0.0105163 0.0258708 0.8 0.8 0.8
vn -0.882898 -0.272595 -0.382339
v -0.0649604 -0.0193083 0.0258708 0.8 0.8 0.8
vn -0.767892 -0.530424 -0.359154
v -0.0581923 -0.0269484 0.0258708 0.8 0.8 0.8
vn -0.612398 -0.719084 -0.328463
v -0.0490019 -0.0333241 0.0258708 0.8 0.8 0.8
vn -0.450208 -0.841374 -0.299002
v -0.0376388 -0.0382765 0.0258708 0.8 0.8 0.8
vn -0.298651 -0.913674 -0.275696
v -0.0243447 -0.0416642 0.0258708 0.8 0.8 0.8
vn -0.16202 -0.951935 -0.259941
v -0.00912349 -0.0433846 0.0258708 0.8 0.8 0.8
vn -0.042858 -0.966814 -0.25186
v 0.00912352 -0.0433846 0.0258708 0.8 0.8 0.8
vn 0.0566278 -0.965554 -0.253966
v 0.0243448 -0.0416642 0.0258708 0.8 0.8 0.8
vn 0.178511 -0.948381 -0.262121
v 0.0376388 -0.0382765 0.0258708 0.8 0.8 0.8
vn 0.317155 -0.906558 -0.278506
v 0.0490019 -0.0333241 0.0258708 0.8 0.8 0.8
vn 0.470535 -0.828902 -0.302521
v 0.0581923 -0.0269484 0.0258708 0.8 0.8 0.8
vn 0.633244 -0.69899 -0.332286
v 0.0649605 -0.0193083 0.0258708 0.8 0.8 0.8
vn 0.785772 -0.501398 -0.362164
v 0.0691063 -0.0105163 0.0258708 0.8 0.8 0.8
vn 0.893054 -0.237398 -0.382226
v 0.0643308 1.54634e-08 0.0134698 0.8 0.8 0.8
vn 0.865841 0.0146101 -0.500105
v 0.0630566 0.00959568 0.0134698 0.8 0.8 0.8
vn 0.83062 0.256363 -0.494317
v 0.0592737 0.0176181 0.0134698 0.8 0.8 0.8
vn 0.727518 0.502438 -0.467197
v 0.053098 0.0245893 0.0134698 0.8 0.8 0.8
vn 0.585166 0.687003 -0.430822
v 0.0447122 0.0304068 0.0134698 0.8 0.8 0.8
vn 0.433458 0.809953 -0.395083
v 0.0343438 0.0349257 0.0134698 0.8 0.8 0.8
vn 0.28915 0.884454 -0.366242
v 0.0222136 0.0380168 0.0134698 0.8 0.8 0.8
vn 0.157438 0.924775 -0.346417
v 0.00832483 0.0395867 0.0134698 0.8 0.8 0.8
vn 0.0417444 0.940954 -0.33595
v -0.0083248 0.0395867 0.0134698 0.8 0.8 0.8
vn -0.0550357 0.938993 -0.339505
v -0.0222135 0.0380168 0.0134698 0.8 0.8 0.8
vn -0.173273 0.920775 -0.3495
v -0.0343438 0.0349257 0.0134698 0.8 0.8 0.8
vn -0.306757 0.876983 -0.369866
v -0.0447122 0.0304068 0.0134698 0.8 0.8 0.8
vn -0.452533 0.797307 -0.399393
v -0.053098 0.0245893 0.0134698 0.8 0.8 0.8
vn -0.604401 0.667257 -0.435279
v -0.0592737 0.0176181 0.0134698 0.8 0.8 0.8
vn -0.743854 0.474746 -0.470423
v -0.0630566 0.00959568 0.0134698 0.8 0.8 0.8
vn -0.840665 0.22356 -0.493257
v -0.0643308 1.54634e-08 0.0134698 0.8 0.8 0.8
vn -0.865841 -0.0146101 -0.500105
v -0.0630566 -0.00959565 0.0134698 0.8 0.8 0.8
vn -0.83062 -0.256363 -0.494317
v -0.0592737 -0.017618 0.0134698 0.8 0.8 0.8
vn -0.727518 -0.502438 -0.467197
v -0.053098 -0.0245893 0.0134698 0.8 0.8 0.8
vn -0.585166 -0.687003 -0.430822
v -0.0447122 -0.0304068 0.0134698 0.8 0.8 0.8
vn -0.433458 -0.809953 -0.395083
v -0.0343438 -0.0349257 0.0134698 0.8 0.8 0.8
vn -0.28915 -0.884454 -0.366242
v -0.0222135 -0.0380168 0.0134698 0.8 0.8 0.8
vn -0.157438 -0.924775 -0.346417
v -0.0083248 -0.0395867 0.0134698 0.8 0.8 0.8
vn -0.0417444 -0.940954 -0.33595
v 0.00832483 -0.0395867 0.0134698 0.8 0.8 0.8
vn 0.0550357 -0.938993 -0.339505
v 0.0222136 -0.0380168 0.0134698 0.8 0.8 0.8
vn 0.173273 -0.920775 -0.3495
v 0.0343438 -0.0349257 0.0134698 0.8 0.8 0.8
vn 0.306757 -0.876983 -0.369866
v 0.0447122 -0.0304068 0.0134698 0.8 0.8 0.8
vn 0.452533 -0.797307 -0.399393
v 0.053098 -0.0245893 0.0134698 0.8 0.8 0.8
vn 0.604401 -0.667257 -0.435279
v 0.0592737 -0.017618 0.0134698 0.8 0.8 0.8
vn 0.743854 -0.474746 -0.470423
v 0.0630566 -0.00959565 0.0134698 0.8 0.8 0.8
vn 0.840665 -0.22356 -0.493257
v 0.059395 1.54634e-08 0.00674103 0.8 0.8 0.8
vn 0.74556 0.0128426 -0.666315
v 0.0582186 0.00885945 0.00674103 0.8 0.8 0.8
vn 0.716916 0.221596 -0.661005
v 0.0547259 0.0162663 0.00674103 0.8 0.8 0.8
vn 0.636798 0.440139 -0.633061
v 0.0490241 0.0227027 0.00674103 0.8 0.8 0.8
vn 0.521376 0.6125 -0.594147
v 0.0412816 0.0280739 0.00674103 0.8 0.8 0.8
vn 0.392653 0.734156 -0.55393
v 0.0317088 0.032246 0.00674103 0.8 0.8 0.8
vn 0.265251 0.811931 -0.52001
v 0.0205092 0.0351 0.00674103 0.8 0.8 0.8
vn 0.145589 0.856102 -0.495876
v 0.0076861 0.0365494 0.00674103 0.8 0.8 0.8
vn 0.0386901 0.874966 -0.482635
v -0.00768607 0.0365494 0.00674103 0.8 0.8 0.8
vn -0.0511977 0.871252 -0.488159
v -0.0205092 0.0351 0.00674103 0.8 0.8 0.8
vn -0.160302 0.850986 -0.500126
v -0.0317087 0.032246 0.00674103 0.8 0.8 0.8
vn -0.281268 0.803554 -0.524586
v -0.0412816 0.0280739 0.00674103 0.8 0.8 0.8
vn -0.409472 0.720998 -0.559011
v -0.049024 0.0227027 0.00674103 0.8 0.8 0.8
vn -0.537749 0.59329 -0.599027
v -0.0547258 0.0162663 0.00674103 0.8 0.8 0.8
vn -0.650499 0.414816 -0.636222
v -0.0582185 0.00885945 0.00674103 0.8 0.8 0.8
vn -0.72689 0.192987 -0.65908
v -0.059395 1.54634e-08 0.00674103 0.8 0.8 0.8
vn -0.74556 -0.0128426 -0.666315
v -0.0582185 -0.00885942 0.00674103 0.8 0.8 0.8
vn -0.716916 -0.221596 -0.661005
v -0.0547258 -0.0162663 0.00674103 0.8 0.8 0.8
vn -0.636798 -0.440139 -0.633061
v -0.049024 -0.0227026 0.00674103 0.8 0.8 0.8
vn -0.521376 -0.6125 -0.594147
v -0.0412816 -0.0280738 0.00674103 0.8 0.8 0.8
vn -0.392653 -0.734156 -0.55393
v -0.0317087 -0.032246 0.00674103 0.8 0.8 0.8
vn -0.265251 -0.811931 -0.52001
v -0.0205092 -0.0350999 0.00674103 0.8 0.8 0.8
vn -0.145589 -0.856102 -0.495876
v -0.00768607 -0.0365493 0.00674103 0.8 0.8 0.8
vn -0.0386901 -0.874966 -0.482635
v 0.0076861 -0.0365493 0.00674103 0.8 0.8 0.8
vn 0.0511977 -0.871252 -0.488159
v 0.0205092 -0.0350999 0.00674103 0.8 0.8 0.8
vn 0.160302 -0.850986 -0.500126
v 0.0317088 -0.032246 0.00674103 0.8 0.8 0.8
vn 0.281268 -0.803554 -0.524586
v 0.0412816 -0.0280738 0.00674103 0.8 0.8 0.8
vn 0.409472 -0.720998 -0.559011
v 0.0490241 -0.0227026 0.00674103 0.8 0.8 0.8
vn 0.537749 -0.59329 -0.599027
v 0.0547259 -0.0162663 0.00674103 0.8 0.8 0.8
vn 0.650499 -0.414816 -0.636222
v 0.0582186 -0.00885942 0.00674103 0.8 0.8 0.8
vn 0.72689 -0.192987 -0.65908
v 0.0551188 1.54634e-08 0.00322613 0.8 0.8 0.8
vn 0.542991 0.00972878 -0.839682
v 0.0540271 0.00822161 0.00322613 0.8 0.8 0.8
vn 0.523611 0.162315 -0.836352
v 0.0507859 0.0150952 0.00322613 0.8 0.8 0.8
vn 0.474492 0.328476 -0.816677
v 0.0454945 0.0210682 0.00322613 0.8 0.8 0.8
vn 0.399172 0.469525 -0.787532
v 0.0383096 0.0260527 0.00322613 0.8 0.8 0.8
vn 0.30904 0.57852 -0.754857
v 0.0294259 0.0299245 0.00322613 0.8 0.8 0.8
vn 0.213574 0.65467 -0.725116
v 0.0190327 0.0325729 0.00322613 0.8 0.8 0.8
vn 0.11905 0.701532 -0.702624
v 0.00713274 0.033918 0.00322613 0.8 0.8 0.8
vn 0.0317855 0.723486 -0.689607
v -0.00713271 0.033918 0.00322613 0.8 0.8 0.8
vn -0.0423394 0.716859 -0.695931
v -0.0190326 0.0325729 0.00322613 0.8 0.8 0.8
vn -0.131151 0.694852 -0.707093
v -0.0294258 0.0299245 0.00322613 0.8 0.8 0.8
vn -0.22624 0.645462 -0.729516
v -0.0383095 0.0260527 0.00322613 0.8 0.8 0.8
vn -0.321642 0.565667 -0.759321
v -0.0454945 0.0210682 0.00322613 0.8 0.8 0.8
vn -0.410812 0.452666 -0.791409
v -0.0507858 0.0150952 0.00322613 0.8 0.8 0.8
vn -0.484158 0.308232 -0.818892
v -0.0540271 0.00822161 0.00322613 0.8 0.8 0.8
vn -0.532572 0.140941 -0.834567
v -0.0551188 1.54634e-08 0.00322613 0.8 0.8 0.8
vn -0.542991 -0.00972878 -0.839682
v -0.0540271 -0.00822158 0.00322613 0.8 0.8 0.8
vn -0.523611 -0.162315 -0.836352
v -0.0507858 -0.0150952 0.00322613 0.8 0.8 0.8
vn -0.474492 -0.328476 -0.816677
v -0.0454945 -0.0210681 0.00322613 0.8 0.8 0.8
vn -0.399172 -0.469525 -0.787532
v -0.0383095 -0.0260526 0.00322613 0.8 0.8 0.8
vn -0.30904 -0.57852 -0.754857
v -0.0294258 -0.0299244 0.00322613 0.8 0.8 0.8
vn -0.213574 -0.65467 -0.725116
v -0.0190326 -0.0325729 0.00322613 0.8 0.8 0.8
vn -0.11905 -0.701532 -0.702624
v -0.00713271 -0.0339179 0.00322613 0.8 0.8 0.8
vn -0.0317855 -0.723486 -0.689607
v 0.00713274 -0.0339179 0.00322613 0.8 0.8 0.8
vn 0.0423394 -0.716859 -0.695931
v 0.0190327 -0.0325729 0.00322613 0.8 0.8 0.8
vn 0.131151 -0.694852 -0.707093
v 0.0294259 -0.0299244 0.00322613 0.8 0.8 0.8
vn 0.22624 -0.645462 -0.729516
v 0.0383096 -0.0260526 0.00322613 0.8 0.8 0.8
vn 0.321642 -0.565667 -0.759321
v 0.0454945 -0.0210681 0.00322613 0.8 0.8 0.8
vn 0.410812 -0.452666 -0.791409
v 0.0507859 -0.0150952 0.00322613 0.8 0.8 0.8
vn 0.484158 -0.308232 -0.818892
v 0.0540271 -0.00822158 0.00322613 0.8 0.8 0.8
vn 0.532572 -0.140941 -0.834567
v 0.0511809 1.54634e-08 0.0014674 0.8 0.8 0.8
vn 0.32154 0.00607064 -0.946876
v 0.0501671 0.00763422 0.0014674 0.8 0.8 0.8
vn 0.310557 0.0966583 -0.945627
v 0.0471574 0.0140167 0.0014674 0.8 0.8 0.8
vn 0.285858 0.198327 -0.937524
v 0.0422442 0.0195629 0.0014674 0.8 0.8 0.8
vn 0.246008 0.28987 -0.924908
v 0.0355725 0.0241913 0.0014674 0.8 0.8 0.8
vn 0.195398 0.366399 -0.909709
v 0.0273235 0.0277865 0.0014674 0.8 0.8 0.8
vn 0.138218 0.424509 -0.894812
v 0.0176729 0.0302457 0.0014674 0.8 0.8 0.8
vn 0.0783676 0.463173 -0.882797
v 0.00662314 0.0314947 0.0014674 0.8 0.8 0.8
vn 0.0210223 0.482856 -0.875447
v -0.00662311 0.0314947 0.0014674 0.8 0.8 0.8
vn -0.028262 0.475158 -0.879447
v -0.0176728 0.0302457 0.0014674 0.8 0.8 0.8
vn -0.0864224 0.456615 -0.885457
v -0.0273235 0.0277865 0.0014674 0.8 0.8 0.8
vn -0.146302 0.416606 -0.897237
v -0.0355725 0.0241913 0.0014674 0.8 0.8 0.8
vn -0.203038 0.356482 -0.911974
v -0.0422441 0.0195629 0.0014674 0.8 0.8 0.8
vn -0.252784 0.278045 -0.92671
v -0.0471574 0.0140167 0.0014674 0.8 0.8 0.8
vn -0.291549 0.185183 -0.93846
v -0.0501671 0.00763422 0.0014674 0.8 0.8 0.8
vn -0.316928 0.0834957 -0.944767
v -0.0511808 1.54634e-08 0.0014674 0.8 0.8 0.8
vn -0.32154 -0.00607064 -0.946876
v -0.0501671 -0.00763419 0.0014674 0.8 0.8 0.8
vn -0.310557 -0.0966583 -0.945627
v -0.0471574 -0.0140167 0.0014674 0.8 0.8 0.8
vn -0.285858 -0.198327 -0.937524
v -0.0422441 -0.0195629 0.0014674 0.8 0.8 0.8
vn -0.246008 -0.28987 -0.924908
v -0.0355725 -0.0241913 0.0014674 0.8 0.8 0.8
vn -0.195398 -0.366399 -0.909709
v -0.0273235 -0.0277865 0.0014674 0.8 0.8 0.8
vn -0.138218 -0.424509 -0.894812
v -0.0176728 -0.0302457 0.0014674 0.8 0.8 0.8
vn -0.0783676 -0.463173 -0.882797
v -0.00662311 -0.0314947 0.0014674 0.8 0.8 0.8
vn -0.0210223 -0.482856 -0.875447
v 0.00662314 -0.0314947 0.0014674 0.8 0.8 0.8
vn 0.028262 -0.475158 -0.879447
v 0.0176729 -0.0302457 0.0014674 0.8 0.8 0.8
vn 0.0864224 -0.456615 -0.885457
v 0.0273235 -0.0277865 0.0014674 0.8 0.8 0.8
vn 0.146302 -0.416606 -0.897237
v 0.0355725 -0.0241913 0.0014674 0.8 0.8 0.8
vn 0.203038 -0.356482 -0.911974
v 0.0422442 -0.0195629 0.0014674 0.8 0.8 0.8
vn 0.252784 -0.278045 -0.92671
v 0.0471574 -0.0140167 0.0014674 0.8 0.8 0.8
vn 0.291549 -0.185183 -0.93846
v 0.0501671 -0.00763419 0.0014674 0.8 0.8 0.8
vn 0.316928 -0.0834957 -0.944767
v 0.0474086 1.54634e-08 0.000629575 0.8 0.8 0.8
vn 0.162103 0.00325453 -0.986768
v 0.0464695 0.00707154 0.000629575 0.8 0.8 0.8
vn 0.156569 0.0489741 -0.986452
v 0.0436817 0.0129836 0.000629575 0.8 0.8 0.8
vn 0.145082 0.100932 -0.984258
v 0.0391306 0.0181211 0.000629575 0.8 0.8 0.8
vn 0.126093 0.148896 -0.980781
v 0.0329506 0.0224083 0.000629575 0.8 0.8 0.8
vn 0.101345 0.190435 -0.976455
v 0.0253097 0.0257385 0.000629575 0.8 0.8 0.8
vn 0.072513 0.223253 -0.97206
v 0.0163703 0.0280165 0.000629575 0.8 0.8 0.8
vn 0.0414623 0.245959 -0.968393
v 0.00613498 0.0291734 0.000629575 0.8 0.8 0.8
vn 0.0111069 0.258029 -0.966073
v -0.00613495 0.0291734 0.000629575 0.8 0.8 0.8
vn -0.0151559 0.252606 -0.967451
v -0.0163703 0.0280165 0.000629575 0.8 0.8 0.8
vn -0.045891 0.241638 -0.969281
v -0.0253096 0.0257385 0.000629575 0.8 0.8 0.8
vn -0.076863 0.218358 -0.972837
v -0.0329506 0.0224083 0.000629575 0.8 0.8 0.8
vn -0.105359 0.184598 -0.97715
v -0.0391305 0.0181211 0.000629575 0.8 0.8 0.8
vn -0.129599 0.142237 -0.981312
v -0.0436817 0.0129836 0.000629575 0.8 0.8 0.8
vn -0.148063 0.0937757 -0.984522
v -0.0464695 0.00707154 0.000629575 0.8 0.8 0.8
vn -0.160195 0.0419674 -0.986193
v -0.0474085 1.54634e-08 0.000629575 0.8 0.8 0.8
vn -0.162103 -0.00325453 -0.986768
v -0.0464695 -0.00707151 0.000629575 0.8 0.8 0.8
vn -0.156569 -0.0489741 -0.986452
v -0.0436817 -0.0129836 0.000629575 0.8 0.8 0.8
vn -0.145082 -0.100932 -0.984258
v -0.0391305 -0.018121 0.000629575 0.8 0.8 0.8
vn -0.126093 -0.148896 -0.980781
v -0.0329506 -0.0224083 0.000629575 0.8 0.8 0.8
vn -0.101345 -0.190435 -0.976455
v -0.0253096 -0.0257385 0.000629575 0.8 0.8 0.8
vn -0.072513 -0.223253 -0.97206
v -0.0163703 -0.0280165 0.000629575 0.8 0.8 0.8
vn -0.0414623 -0.245959 -0.968393
v -0.00613495 -0.0291734 0.000629575 0.8 0.8 0.8
vn -0.0111069 -0.258029 -0.966073
v 0.00613498 -0.0291734 0.000629575 0.8 0.8 0.8
vn 0.0151559 -0.252606 -0.967451
v 0.0163703 -0.0280165 0.000629575 0.8 0.8 0.8
vn 0.045891 -0.241638 -0.969281
v 0.0253097 -0.0257385 0.000629575 0.8 0.8 0.8
vn 0.076863 -0.218358 -0.972837
v 0.0329506 -0.0224083 0.000629575 0.8 0.8 0.8
vn 0.105359 -0.184598 -0.97715
v 0.0391306 -0.018121 0.000629575 0.8 0.8 0.8
vn 0.129599 -0.142237 -0.981312
v 0.0436817 -0.0129836 0.000629575 0.8 0.8 0.8
vn 0.148063 -0.0937757 -0.984522
v 0.0464695 -0.00707151 0.000629575 0.8 0.8 0.8
vn 0.160195 -0.0419674 -0.986193
v 0.0437133 1.54634e-08 0.000252416 0.8 0.8 0.8
vn 0.0734971 0.00158011 -0.997294
v 0.0428475 0.00652035 0.000252416 0.8 0.8 0.8
vn 0.0709368 0.0223201 -0.997231
v 0.040277 0.0119716 0.000252416 0.8 0.8 0.8
vn 0.0658626 0.0459686 -0.996769
v 0.0360806 0.0167086 0.000252416 0.8 0.8 0.8
vn 0.0573905 0.0679436 -0.996037
v 0.0303823 0.0206617 0.000252416 0.8 0.8 0.8
vn 0.0462703 0.0871616 -0.995119
v 0.0233369 0.0237323 0.000252416 0.8 0.8 0.8
vn 0.0332017 0.102518 -0.994177
v 0.0150943 0.0258328 0.000252416 0.8 0.8 0.8
vn 0.0190104 0.113269 -0.993382
v 0.0056568 0.0268995 0.000252416 0.8 0.8 0.8
vn 0.00505636 0.119081 -0.992872
v -0.00565677 0.0268995 0.000252416 0.8 0.8 0.8
vn -0.00704495 0.116223 -0.993198
v -0.0150943 0.0258328 0.000252416 0.8 0.8 0.8
vn -0.0211738 0.111039 -0.99359
v -0.0233369 0.0237323 0.000252416 0.8 0.8 0.8
vn -0.0353132 0.10004 -0.994357
v -0.0303823 0.0206617 0.000252416 0.8 0.8 0.8
vn -0.0482056 0.0842524 -0.995278
v -0.0360805 0.0167086 0.000252416 0.8 0.8 0.8
vn -0.0590755 0.0646667 -0.996157
v -0.0402769 0.0119716 0.000252416 0.8 0.8 0.8
vn -0.0673034 0.0424811 -0.996828
v -0.0428475 0.00652035 0.000252416 0.8 0.8 0.8
vn -0.0727344 0.0189275 -0.997172
v -0.0437133 1.54634e-08 0.000252416 0.8 0.8 0.8
vn -0.0734971 -0.00158011 -0.997294
v -0.0428475 -0.00652032 0.000252416 0.8 0.8 0.8
vn -0.0709368 -0.0223201 -0.997231
v -0.0402769 -0.0119716 0.000252416 0.8 0.8 0.8
vn -0.0658626 -0.0459686 -0.996769
v -0.0360805 -0.0167086 0.000252416 0.8 0.8 0.8
vn -0.0573905 -0.0679436 -0.996037
v -0.0303823 -0.0206617 0.000252416 0.8 0.8 0.8
vn -0.0462703 -0.0871616 -0.995119
v -0.0233369 -0.0237323 0.000252416 0.8 0.8 0.8
vn -0.0332017 -0.102518 -0.994177
v -0.0150943 -0.0258327 0.000252416 0.8 0.8 0.8
vn -0.0190104 -0.113269 -0.993382
v -0.00565677 -0.0268995 0.000252416 0.8 0.8 0.8
vn -0.00505636 -0.119081 -0.992872
v 0.0056568 -0.0268995 0.000252416 0.8 0.8 0.8
vn 0.00704495 -0.116223 -0.993198
v 0.0150943 -0.0258327 0.000252416 0.8 0.8 0.8
vn 0.0211738 -0.111039 -0.99359
v 0.0233369 -0.0237323 0.000252416 0.8 0.8 0.8
vn 0.0353132 -0.10004 -0.994357
v 0.0303823 -0.0206617 0.000252416 0.8 0.8 0.8
vn 0.0482056 -0.0842524 -0.995278
v 0.0360806 -0.0167086 0.000252416 0.8 0.8 0.8
vn 0.0590755 -0.0646667 -0.996157
v 0.040277 -0.0119716 0.000252416 0.8 0.8 0.8
vn 0.0673034 -0.0424811 -0.996828
v 0.0428475 -0.00652032 0.000252416 0.8 0.8 0.8
vn 0.0727344 -0.0189275 -0.997172
v 0.0400519 1.54634e-08 9.34608e-05 0.8 0.8 0.8
vn 0.030615 0.000709014 -0.999531
v 0.0392586 0.0059742 9.34608e-05 0.8 0.8 0.8
vn 0.0295194 0.00935212 -0.99952
v 0.0369033 0.0109689 9.34608e-05 0.8 0.8 0.8
vn 0.0274232 0.0192123 -0.999439
v 0.0330584 0.0153091 9.34608e-05 0.8 0.8 0.8
vn 0.0239036 0.0283839 -0.999311
v 0.0278375 0.0189311 9.34608e-05 0.8 0.8 0.8
vn 0.0192775 0.0364196 -0.999151
v 0.0213822 0.0217445 9.34608e-05 0.8 0.8 0.8
vn 0.0138321 0.0428548 -0.998986
v 0.01383 0.023669 9.34608e-05 0.8 0.8 0.8
vn 0.00790988 0.0473728 -0.998846
v 0.00518298 0.0246464 9.34608e-05 0.8 0.8 0.8
vn 0.00208218 0.0498347 -0.998755
v -0.00518295 0.0246464 9.34608e-05 0.8 0.8 0.8
vn -0.00297658 0.0485272 -0.998817
v -0.01383 0.023669 9.34608e-05 0.8 0.8 0.8
vn -0.00888174 0.0463578 -0.998885
v -0.0213822 0.0217445 9.34608e-05 0.8 0.8 0.8
vn -0.0147794 0.0417323 -0.99902
v -0.0278374 0.0189311 9.34608e-05 0.8 0.8 0.8
vn -0.0201446 0.0351067 -0.999181
v -0.0330584 0.0153091 9.34608e-05 0.8 0.8 0.8
vn -0.0246581 0.0269094 -0.999334
v -0.0369033 0.0109689 9.34608e-05 0.8 0.8 0.8
vn -0.0280694 0.0176464 -0.99945
v -0.0392585 0.0059742 9.34608e-05 0.8 0.8 0.8
vn -0.0303309 0.00783108 -0.999509
v -0.0400518 1.54634e-08 9.34608e-05 0.8 0.8 0.8
vn -0.030615 -0.000709014 -0.999531
v -0.0392585 -0.00597417 9.34608e-05 0.8 0.8 0.8
vn -0.0295194 -0.00935212 -0.99952
v -0.0369033 -0.0109688 9.34608e-05 0.8 0.8 0.8
vn -0.0274232 -0.0192123 -0.999439
v -0.0330584 -0.0153091 9.34608e-05 0.8 0.8 0.8
vn -0.0239036 -0.0283839 -0.999311
v -0.0278374 -0.018931 9.34608e-05 0.8 0.8 0.8
vn -0.0192775 -0.0364196 -0.999151
v -0.0213822 -0.0217445 9.34608e-05 0.8 0.8 0.8
vn -0.0138321 -0.0428548 -0.998986
v -0.01383 -0.0236689 9.34608e-05 0.8 0.8 0.8
vn -0.00790988 -0.0473728 -0.998846
v -0.00518295 -0.0246463 9.34608e-05 0.8 0.8 0.8
vn -0.00208218 -0.0498347 -0.998755
v 0.00518298 -0.0246463 9.34608e-05 0.8 0.8 0.8
vn 0.00297658 -0.0485272 -0.998817
v 0.01383 -0.0236689 9.34608e-05 0.8 0.8 0.8
vn 0.00888174 -0.0463578 -0.998885
v 0.0213822 -0.0217445 9.34608e-05 0.8 0.8 0.8
vn 0.0147794 -0.0417323 -0.99902
v 0.0278375 -0.018931 9.34608e-05 0.8 0.8 0.8
vn 0.0201446 -0.0351067 -0.999181
v 0.0330584 -0.0153091 9.34608e-05 0.8 0.8 0.8
vn 0.0246581 -0.0269094 -0.999334
v 0.0369033 -0.0109688 9.34608e-05 0.8 0.8 0.8
vn 0.0280694 -0.0176464 -0.99945
v 0.0392586 -0.00597417 9.34608e-05 0.8 0.8 0.8
vn 0.0303309 -0.00783108 -0.999509
v 0.0364042 1.54634e-08 3.14766e-05 0.8 0.8 0.8
vn 0.0117054 0.000293671 -0.999931
v 0.0356831 0.0054301 3.14766e-05 0.8 0.8 0.8
vn 0.0112736 0.00360005 -0.99993
v 0.0335424 0.00996988 3.14766e-05 0.8 0.8 0.8
vn 0.0104755 0.00737121 -0.999918
v 0.0300476 0.0139148 3.14766e-05 0.8 0.8 0.8
vn 0.00912901 0.0108779 -0.999899
v 0.0253022 0.0172069 3.14766e-05 0.8 0.8 0.8
vn 0.00735918 0.0139502 -0.999876
v 0.0194348 0.0197641 3.14766e-05 0.8 0.8 0.8
vn 0.00527595 0.0164107 -0.999851
v 0.0125704 0.0215133 3.14766e-05 0.8 0.8 0.8
vn 0.00301059 0.0181393 -0.999831
v 0.00471094 0.0224017 3.14766e-05 0.8 0.8 0.8
vn 0.00078245 0.0190873 -0.999818
v -0.00471091 0.0224017 3.14766e-05 0.8 0.8 0.8
vn -0.00115309 0.0185442 -0.999827
v -0.0125704 0.0215133 3.14766e-05 0.8 0.8 0.8
vn -0.00341324 0.017718 -0.999837
v -0.0194348 0.0197641 3.14766e-05 0.8 0.8 0.8
vn -0.00566832 0.015945 -0.999857
v -0.0253022 0.0172069 3.14766e-05 0.8 0.8 0.8
vn -0.0077182 0.0134058 -0.99988
v -0.0300476 0.0139148 3.14766e-05 0.8 0.8 0.8
vn -0.0094414 0.0102668 -0.999903
v -0.0335423 0.00996988 3.14766e-05 0.8 0.8 0.8
vn -0.0107431 0.0067225 -0.99992
v -0.0356831 0.0054301 3.14766e-05 0.8 0.8 0.8
vn -0.0116098 0.00297007 -0.999928
v -0.0364041 1.54634e-08 3.14766e-05 0.8 0.8 0.8
vn -0.0117054 -0.000293671 -0.999931
v -0.0356831 -0.00543007 3.14766e-05 0.8 0.8 0.8
vn -0.0112736 -0.00360005 -0.99993
v -0.0335423 -0.00996985 3.14766e-05 0.8 0.8 0.8
vn -0.0104755 -0.00737121 -0.999918
v -0.0300476 -0.0139148 3.14766e-05 0.8 0.8 0.8
vn -0.00912901 -0.0108779 -0.999899
v -0.0253022 -0.0172069 3.14766e-05 0.8 0.8 0.8
vn -0.00735918 -0.0139502 -0.999876
v -0.0194348 -0.0197641 3.14766e-05 0.8 0.8 0.8
vn -0.00527595 -0.0164107 -0.999851
v -0.0125704 -0.0215133 3.14766e-05 0.8 0.8 0.8
vn -0.00301059 -0.0181393 -0.999831
v -0.00471091 -0.0224017 3.14766e-05 0.8 0.8 0.8
vn -0.00078245 -0.0190873 -0.999818
v 0.00471094 -0.0224017 3.14766e-05 0.8 0.8 0.8
vn 0.00115309 -0.0185442 -0.999827
v 0.0125704 -0.0215133 3.14766e-05 0.8 0.8 0.8
vn 0.00341324 -0.017718 -0.999837
v 0.0194348 -0.0197641 3.14766e-05 0.8 0.8 0.8
vn 0.00566832 -0.015945 -0.999857
v 0.0253022 -0.0172069 3.14766e-05 0.8 0.8 0.8
vn 0.0077182 -0.0134058 -0.99988
v 0.0300476 -0.0139148 3.14766e-05 0.8 0.8 0.8
vn 0.0094414 -0.0102668 -0.999903
v 0.0335424 -0.00996985 3.14766e-05 0.8 0.8 0.8
vn 0.0107431 -0.0067225 -0.99992
v 0.0356831 -0.00543007 3.14766e-05 0.8 0.8 0.8
vn 0.0116098 -0.00297007 -0.999928
v 0.0327616 1.54634e-08 9.45165e-06 0.8 0.8 0.8
vn 0.00406003 0.000110979 -0.999992
v 0.0321127 0.00488678 9.45165e-06 0.8 0.8 0.8
vn 0.00390516 0.00125856 -0.999992
v 0.0301862 0.00897231 9.45165e-06 0.8 0.8 0.8
vn 0.00362938 0.00256686 -0.99999
v 0.0270411 0.0125225 9.45165e-06 0.8 0.8 0.8
vn 0.00316167 0.00378263 -0.999988
v 0.0227705 0.0154852 9.45165e-06 0.8 0.8 0.8
vn 0.0025471 0.00484732 -0.999985
v 0.0174902 0.0177866 9.45165e-06 0.8 0.8 0.8
vn 0.00182401 0.00569967 -0.999982
v 0.0113127 0.0193608 9.45165e-06 0.8 0.8 0.8
vn 0.00103807 0.00629865 -0.99998
v 0.00423957 0.0201602 9.45165e-06 0.8 0.8 0.8
vn 0.000265688 0.00662924 -0.999978
v -0.00423954 0.0201602 9.45165e-06 0.8 0.8 0.8
vn -0.00040579 0.00642448 -0.999979
v -0.0113126 0.0193608 9.45165e-06 0.8 0.8 0.8
vn -0.00119027 0.00613958 -0.99998
v -0.0174902 0.0177866 9.45165e-06 0.8 0.8 0.8
vn -0.00197231 0.00552373 -0.999983
v -0.0227705 0.0154852 9.45165e-06 0.8 0.8 0.8
vn -0.00268277 0.00464159 -0.999986
v -0.0270411 0.0125225 9.45165e-06 0.8 0.8 0.8
vn -0.00327969 0.00355166 -0.999988
v -0.0301861 0.00897231 9.45165e-06 0.8 0.8 0.8
vn -0.00373042 0.00232166 -0.99999
v -0.0321127 0.00488678 9.45165e-06 0.8 0.8 0.8
vn -0.00403197 0.00102041 -0.999991
v -0.0327616 1.54634e-08 9.45165e-06 0.8 0.8 0.8
vn -0.00406003 -0.000110979 -0.999992
v -0.0321127 -0.00488675 9.45165e-06 0.8 0.8 0.8
vn -0.00390516 -0.00125856 -0.999992
v -0.0301861 -0.00897228 9.45165e-06 0.8 0.8 0.8
vn -0.00362938 -0.00256686 -0.99999
v -0.0270411 -0.0125225 9.45165e-06 0.8 0.8 0.8
vn -0.00316167 -0.00378263 -0.999988
v -0.0227705 -0.0154852 9.45165e-06 0.8 0.8 0.8
vn -0.0025471 -0.00484732 -0.999985
v -0.0174902 -0.0177865 9.45165e-06 0.8 0.8 0.8
vn -0.00182401 -0.00569967 -0.999982
v -0.0113126 -0.0193607 9.45165e-06 0.8 0.8 0.8
vn -0.00103807 -0.00629865 -0.99998
v -0.00423954 -0.0201602 9.45165e-06 0.8 0.8 0.8
vn -0.000265688 -0.00662924 -0.999978
v 0.00423957 -0.0201602 9.45165e-06 0.8 0.8 0.8
vn 0.00040579 -0.00642448 -0.999979
v 0.0113127 -0.0193607 9.45165e-06 0.8 0.8 0.8
vn 0.00119027 -0.00613958 -0.99998
v 0.0174902 -0.0177865 9.45165e-06 0.8 0.8 0.8
vn 0.00197231 -0.00552373 -0.999983
v 0.0227705 -0.0154852 9.45165e-06 0.8 0.8 0.8
vn 0.00268277 -0.00464159 -0.999986
v 0.0270411 -0.0125225 9.45165e-06 0.8 0.8 0.8
vn 0.00327969 -0.00355166 -0.999988
v 0.0301862 -0.00897228 9.45165e-06 0.8 0.8 0.8
vn 0.00373042 -0.00232166 -0.99999
v 0.0321127 -0.00488675 9.45165e-06 0.8 0.8 0.8
vn 0.00403197 -0.00102041 -0.999991
v 0.0291208 1.54634e-08 2.46277e-06 0.8 0.8 0.8
vn 0.00125346 3.75503e-05 -0.999999
v 0.028544 0.00434372 2.46277e-06 0.8 0.8 0.8
vn 0.00120384 0.000392126 -0.999999
v 0.0268316 0.00797523 2.46277e-06 0.8 0.8 0.8
vn 0.00111903 0.000796124 -0.999999
v 0.0240361 0.0111309 2.46277e-06 0.8 0.8 0.8
vn 0.000974367 0.00117125 -0.999999
v 0.02024 0.0137644 2.46277e-06 0.8 0.8 0.8
vn 0.000784363 0.00149957 -0.999999
v 0.0155465 0.01581 2.46277e-06 0.8 0.8 0.8
vn 0.000560932 0.00176226 -0.999998
v 0.0100555 0.0172092 2.46277e-06 0.8 0.8 0.8
vn 0.000318229 0.0019469 -0.999998
v 0.00376843 0.0179198 2.46277e-06 0.8 0.8 0.8
vn 7.99585e-05 0.00204953 -0.999998
v -0.00376841 0.0179198 2.46277e-06 0.8 0.8 0.8
vn -0.00012738 0.00198057 -0.999998
v -0.0100555 0.0172092 2.46277e-06 0.8 0.8 0.8
vn -0.000369749 0.0018932 -0.999998
v -0.0155465 0.01581 2.46277e-06 0.8 0.8 0.8
vn -0.000611125 0.00170277 -0.999998
v -0.02024 0.0137644 2.46277e-06 0.8 0.8 0.8
vn -0.000830273 0.00142997 -0.999999
v -0.024036 0.0111309 2.46277e-06 0.8 0.8 0.8
vn -0.00101429 0.00109309 -0.999999
v -0.0268316 0.00797523 2.46277e-06 0.8 0.8 0.8
vn -0.00115317 0.000713129 -0.999999
v -0.028544 0.00434372 2.46277e-06 0.8 0.8 0.8
vn -0.00124658 0.000311503 -0.999999
v -0.0291208 1.54634e-08 2.46277e-06 0.8 0.8 0.8
vn -0.00125346 -3.75503e-05 -0.999999
v -0.028544 -0.00434369 2.46277e-06 0.8 0.8 0.8
vn -0.00120384 -0.000392126 -0.999999
v -0.0268316 -0.0079752 2.46277e-06 0.8 0.8 0.8
vn -0.00111903 -0.000796124 -0.999999
v -0.024036 -0.0111309 2.46277e-06 0.8 0.8 0.8
vn -0.000974367 -0.00117125 -0.999999
v -0.02024 -0.0137643 2.46277e-06 0.8 0.8 0.8
vn -0.000784363 -0.00149957 -0.999999
v -0.0155465 -0.0158099 2.46277e-06 0.8 0.8 0.8
vn -0.000560932 -0.00176226 -0.999998
v -0.0100555 -0.0172092 2.46277e-06 0.8 0.8 0.8
vn -0.000318229 -0.0019469 -0.999998
v -0.00376841 -0.0179198 2.46277e-06 0.8 0.8 0.8
vn -7.99585e-05 -0.00204953 -0.999998
v 0.00376843 -0.0179198 2.46277e-06 0.8 0.8 0.8
vn 0.00012738 -0.00198057 -0.999998
v 0.0100555 -0.0172092 2.46277e-06 0.8 0.8 0.8
vn 0.000369749 -0.0018932 -0.999998
v 0.0155465 -0.0158099 2.46277e-06 0.8 0.8 0.8
vn 0.000611125 -0.00170277 -0.999998
v 0.02024 -0.0137643 2.46277e-06 0.8 0.8 0.8
vn 0.000830273 -0.00142997 -0.999999
v 0.0240361 -0.0111309 2.46277e-06 0.8 0.8 0.8
vn 0.00101429 -0.00109309 -0.999999
v 0.0268316 -0.0079752 2.46277e-06 0.8 0.8 0.8
vn 0.00115317 -0.000713129 -0.999999
v 0.028544 -0.00434369 2.46277e-06 0.8 0.8 0.8
vn 0.00124658 -0.000311503 -0.999999
v 0.0254806 1.54634e-08 5.36099e-07 0.8 0.8 0.8
vn 0.000335308 1.10741e-05 -1
v 0.0249759 0.00380073 5.36099e-07 0.8 0.8 0.8
vn 0.000321479 0.000106019 -1
v 0.0234775 0.00697829 5.36099e-07 0.8 0.8 0.8
vn 0.000298888 0.000214114 -1
v 0.0210314 0.0097395 5.36099e-07 0.8 0.8 0.8
vn 0.000260105 0.000314392 -1
v 0.0177099 0.0120438 5.36099e-07 0.8 0.8 0.8
vn 0.000209192 0.000402098 -1
v 0.0136031 0.0138336 5.36099e-07 0.8 0.8 0.8
vn 0.000149363 0.000472222 -1
v 0.00879851 0.015058 5.36099e-07 0.8 0.8 0.8
vn 8.44199e-05 0.000521517 -1
v 0.00329736 0.0156798 5.36099e-07 0.8 0.8 0.8
vn 2.07413e-05 0.000549131 -1
v -0.00329733 0.0156798 5.36099e-07 0.8 0.8 0.8
vn -3.47338e-05 0.000528932 -1
v -0.00879848 0.015058 5.36099e-07 0.8 0.8 0.8
vn -9.9623e-05 0.00050573 -1
v -0.0136031 0.0138336 5.36099e-07 0.8 0.8 0.8
vn -0.000164171 0.000454696 -1
v -0.0177099 0.0120438 5.36099e-07 0.8 0.8 0.8
vn -0.000222733 0.000381573 -1
v -0.0210314 0.0097395 5.36099e-07 0.8 0.8 0.8
vn -0.000271872 0.000291334 -1
v -0.0234775 0.00697829 5.36099e-07 0.8 0.8 0.8
vn -0.000308938 0.000189625 -1
v -0.0249759 0.00380073 5.36099e-07 0.8 0.8 0.8
vn -0.000334015 8.22215e-05 -1
v -0.0254806 1.54634e-08 5.36099e-07 0.8 0.8 0.8
vn -0.000335308 -1.10741e-05 -1
v -0.0249759 -0.0038007 5.36099e-07 0.8 0.8 0.8
vn -0.000321479 -0.000106019 -1
v -0.0234775 -0.00697826 5.36099e-07 0.8 0.8 0.8
vn -0.000298888 -0.000214114 -1
v -0.0210314 -0.00973947 5.36099e-07 0.8 0.8 0.8
vn -0.000260105 -0.000314392 -1
v -0.0177099 -0.0120437 5.36099e-07 0.8 0.8 0.8
vn -0.000209192 -0.000402098 -1
v -0.0136031 -0.0138336 5.36099e-07 0.8 0.8 0.8
vn -0.000149363 -0.000472222 -1
v -0.00879848 -0.0150579 5.36099e-07 0.8 0.8 0.8
vn -8.44199e-05 -0.000521517 -1
v -0.00329733 -0.0156797 5.36099e-07 0.8 0.8 0.8
vn -2.07413e-05 -0.000549131 -1
v 0.00329736 -0.0156797 5.36099e-07 0.8 0.8 0.8
vn 3.47338e-05 -0.000528932 -1
v 0.00879851 -0.0150579 5.36099e-07 0.8 0.8 0.8
vn 9.9623e-05 -0.00050573 -1
v 0.0136031 -0.0138336 5.36099e-07 0.8 0.8 0.8
vn 0.000164171 -0.000454696 -1
v 0.0177099 -0.0120437 5.36099e-07 0.8 0.8 0.8
vn 0.000222733 -0.000381573 -1
v 0.0210314 -0.00973947 5.36099e-07 0.8 0.8 0.8
vn 0.000271872 -0.000291334 -1
v 0.0234775 -0.00697826 5.36099e-07 0.8 0.8 0.8
vn 0.000308938 -0.000189625 -1
v 0.0249759 -0.0038007 5.36099e-07 0.8 0.8 0.8
vn 0.000334015 -8.22215e-05 -1
v 0.0218405 1.54634e-08 9.22178e-08 0.8 0.8 0.8
vn 7.48297e-05 2.73961e-06 -1
v 0.0214079 0.00325777 9.22178e-08 0.8 0.8 0.8
vn 7.16035e-05 2.39543e-05 -1
v 0.0201236 0.00598138 9.22178e-08 0.8 0.8 0.8
vn 6.65834e-05 4.80829e-05 -1
v 0.0180269 0.00834813 9.22178e-08 0.8 0.8 0.8
vn 5.79053e-05 7.04427e-05 -1
v 0.0151799 0.0103232 9.22178e-08 0.8 0.8 0.8
vn 4.65206e-05 8.99829e-05 -1
v 0.0116598 0.0118574 9.22178e-08 0.8 0.8 0.8
vn 3.31526e-05 0.000105593 -1
v 0.00754157 0.0129068 9.22178e-08 0.8 0.8 0.8
vn 1.86546e-05 0.000116566 -1
v 0.00282631 0.0134398 9.22178e-08 0.8 0.8 0.8
vn 4.45969e-06 0.000122764 -1
v -0.00282628 0.0134398 9.22178e-08 0.8 0.8 0.8
vn -7.92397e-06 0.000117819 -1
v -0.00754154 0.0129068 9.22178e-08 0.8 0.8 0.8
vn -2.24191e-05 0.00011268 -1
v -0.0116598 0.0118574 9.22178e-08 0.8 0.8 0.8
vn -3.68184e-05 0.000101264 -1
v -0.0151799 0.0103232 9.22178e-08 0.8 0.8 0.8
vn -4.9871e-05 8.49064e-05 -1
v -0.0180269 0.00834813 9.22178e-08 0.8 0.8 0.8
vn -6.08141e-05 6.47359e-05 -1
v -0.0201235 0.00598138 9.22178e-08 0.8 0.8 0.8
vn -6.90626e-05 4.20199e-05 -1
v -0.0214079 0.00325777 9.22178e-08 0.8 0.8 0.8
vn -7.46788e-05 1.80596e-05 -1
v -0.0218405 1.54634e-08 9.22178e-08 0.8 0.8 0.8
vn -7.48297e-05 -2.73961e-06 -1
v -0.0214079 -0.00325774 9.22178e-08 0.8 0.8 0.8
vn -7.16035e-05 -2.39543e-05 -1
v -0.0201235 -0.00598135 9.22178e-08 0.8 0.8 0.8
vn -6.65834e-05 -4.80829e-05 -1
v -0.0180269 -0.0083481 9.22178e-08 0.8 0.8 0.8
vn -5.79053e-05 -7.04427e-05 -1
v -0.0151799 -0.0103232 9.22178e-08 0.8 0.8 0.8
vn -4.65206e-05 -8.99829e-05 -1
v -0.0116598 -0.0118574 9.22178e-08 0.8 0.8 0.8
vn -3.31526e-05 -0.000105593 -1
v -0.00754154 -0.0129068 9.22178e-08 0.8 0.8 0.8
vn -1.86546e-05 -0.000116566 -1
v -0.00282628 -0.0134398 9.22178e-08 0.8 0.8 0.8
vn -4.45969e-06 -0.000122764 -1
v 0.00282631 -0.0134398 9.22178e-08 0.8 0.8 0.8
vn 7.92397e-06 -0.000117819 -1
v 0.00754157 -0.0129068 9.22178e-08 0.8 0.8 0.8
vn 2.24191e-05 -0.00011268 -1
v 0.0116598 -0.0118574 9.22178e-08 0.8 0.8 0.8
vn 3.68184e-05 -0.000101264 -1
v 0.0151799 -0.0103232 9.22178e-08 0.8 0.8 0.8
vn 4.9871e-05 -8.49064e-05 -1
v 0.0180269 -0.0083481 9.22178e-08 0.8 0.8 0.8
vn 6.08141e-05 -6.47359e-05 -1
v 0.0201236 -0.00598135 9.22178e-08 0.8 0.8 0.8
vn 6.90626e-05 -4.20199e-05 -1
v 0.0214079 -0.00325774 9.22178e-08 0.8 0.8 0.8
vn 7.46788e-05 -1.80596e-05 -1
v 0.0182004 1.54634e-08 1.14997e-08 0.8 0.8 0.8
vn 1.31855e-05 5.3736e-07 -1
v 0.0178399 0.00271481 1.14997e-08 0.8 0.8 0.8
vn 1.25901e-05 4.28147e-06 -1
v 0.0167696 0.00498449 1.14997e-08 0.8 0.8 0.8
vn 1.17088e-05 8.53389e-06 -1
v 0.0150224 0.00695678 1.14997e-08 0.8 0.8 0.8
vn 1.01746e-05 1.24698e-05 -1
v 0.0126499 0.00860267 1.14997e-08 0.8 0.8 0.8
vn 8.16377e-06 1.5906e-05 -1
v 0.00971651 0.00988116 1.14997e-08 0.8 0.8 0.8
vn 5.80489e-06 1.86482e-05 -1
v 0.00628465 0.0107557 1.14997e-08 0.8 0.8 0.8
vn 3.2492e-06 2.05754e-05 -1
v 0.00235526 0.0111998 1.14997e-08 0.8 0.8 0.8
vn 7.51327e-07 2.16725e-05 -1
v -0.00235523 0.0111998 1.14997e-08 0.8 0.8 0.8
vn -1.43166e-06 2.07187e-05 -1
v -0.00628462 0.0107557 1.14997e-08 0.8 0.8 0.8
vn -3.98865e-06 1.9819e-05 -1
v -0.00971649 0.00988116 1.14997e-08 0.8 0.8 0.8
vn -6.52464e-06 1.78012e-05 -1
v -0.0126499 0.00860267 1.14997e-08 0.8 0.8 0.8
vn -8.82112e-06 1.49106e-05 -1
v -0.0150224 0.00695678 1.14997e-08 0.8 0.8 0.8
vn -1.07445e-05 1.13497e-05 -1
v -0.0167696 0.00498449 1.14997e-08 0.8 0.8 0.8
vn -1.21929e-05 7.34321e-06 -1
v -0.0178399 0.00271481 1.14997e-08 0.8 0.8 0.8
vn -1.31852e-05 3.12293e-06 -1
v -0.0182004 1.54634e-08 1.14997e-08 0.8 0.8 0.8
vn -1.31855e-05 -5.3736e-07 -1
v -0.0178399 -0.00271478 1.14997e-08 0.8 0.8 0.8
vn -1.25901e-05 -4.28147e-06 -1
v -0.0167696 -0.00498446 1.14997e-08 0.8 0.8 0.8
vn -1.17088e-05 -8.53389e-06 -1
v -0.0150224 -0.00695675 1.14997e-08 0.8 0.8 0.8
vn -1.01746e-05 -1.24698e-05 -1
v -0.0126499 -0.00860264 1.14997e-08 0.8 0.8 0.8
vn -8.16377e-06 -1.5906e-05 -1
v -0.00971649 -0.00988112 1.14997e-08 0.8 0.8 0.8
vn -5.80489e-06 -1.86482e-05 -1
v -0.00628462 -0.0107557 1.14997e-08 0.8 0.8 0.8
vn -3.2492e-06 -2.05754e-05 -1
v -0.00235523 -0.0111998 1.14997e-08 0.8 0.8 0.8
vn -7.51327e-07 -2.16725e-05 -1
v 0.00235526 -0.0111998 1.14997e-08 0.8 0.8 0.8
vn 1.43166e-06 -2.07187e-05 -1
v 0.00628465 -0.0107557 1.14997e-08 0.8 0.8 0.8
vn 3.98865e-06 -1.9819e-05 -1
v 0.00971651 -0.00988112 1.14997e-08 0.8 0.8 0.8
vn 6.52464e-06 -1.78012e-05 -1
v 0.0126499 -0.00860264 1.14997e-08 0.8 0.8 0.8
vn 8.82112e-06 -1.49106e-05 -1
v 0.0150224 -0.00695675 1.14997e-08 0.8 0.8 0.8
vn 1.07445e-05 -1.13497e-05 -1
v 0.0167696 -0.00498446 1.14997e-08 0.8 0.8 0.8
vn 1.21929e-05 -7.34321e-06 -1
v 0.0178399 -0.00271478 1.14997e-08 0.8 0.8 0.8
vn 1.31852e-05 -3.12293e-06 -1
v 0.0145603 1.54634e-08 8.9975e-10 0.8 0.8 0.8
vn 1.68639e-06 7.66102e-08 -1
v 0.0142719 0.00217185 8.9975e-10 0.8 0.8 0.8
vn 1.60677e-06 5.5649e-07 -1
v 0.0134157 0.00398759 8.9975e-10 0.8 0.8 0.8
vn 1.49421e-06 1.1004e-06 -1
v 0.012018 0.00556543 8.9975e-10 0.8 0.8 0.8
vn 1.2972e-06 1.60317e-06 -1
v 0.0101199 0.00688214 8.9975e-10 0.8 0.8 0.8
vn 1.03928e-06 2.04159e-06 -1
v 0.00777321 0.00790493 8.9975e-10 0.8 0.8 0.8
vn 7.37078e-07 2.391e-06 -1
v 0.00502772 0.00860455 8.9975e-10 0.8 0.8 0.8
vn 4.10051e-07 2.63634e-06 -1
v 0.00188421 0.00895986 8.9975e-10 0.8 0.8 0.8
vn 9.10927e-08 2.77681e-06 -1
v -0.00188418 0.00895986 8.9975e-10 0.8 0.8 0.8
vn -1.88286e-07 2.64468e-06 -1
v -0.00502769 0.00860455 8.9975e-10 0.8 0.8 0.8
vn -5.15725e-07 2.52991e-06 -1
v -0.00777319 0.00790493 8.9975e-10 0.8 0.8 0.8
vn -8.3986e-07 2.27074e-06 -1
v -0.0101199 0.00688214 8.9975e-10 0.8 0.8 0.8
vn -1.13304e-06 1.89976e-06 -1
v -0.0120179 0.00556543 8.9975e-10 0.8 0.8 0.8
vn -1.37828e-06 1.4433e-06 -1
v -0.0134157 0.00398759 8.9975e-10 0.8 0.8 0.8
vn -1.5627e-06 9.30305e-07 -1
v -0.0142719 0.00217185 8.9975e-10 0.8 0.8 0.8
vn -1.68969e-06 3.90765e-07 -1
v -0.0145603 1.54634e-08 8.9975e-10 0.8 0.8 0.8
vn -1.68639e-06 -7.66102e-08 -1
v -0.0142719 -0.00217182 8.9975e-10 0.8 0.8 0.8
vn -1.60677e-06 -5.5649e-07 -1
v -0.0134157 -0.00398756 8.9975e-10 0.8 0.8 0.8
vn -1.49421e-06 -1.1004e-06 -1
v -0.0120179 -0.00556539 8.9975e-10 0.8 0.8 0.8
vn -1.2972e-06 -1.60317e-06 -1
v -0.0101199 -0.00688211 8.9975e-10 0.8 0.8 0.8
vn -1.03928e-06 -2.04159e-06 -1
v -0.00777319 -0.0079049 8.9975e-10 0.8 0.8 0.8
vn -7.37078e-07 -2.391e-06 -1
v -0.00502769 -0.00860452 8.9975e-10 0.8 0.8 0.8
vn -4.10051e-07 -2.63634e-06 -1
v -0.00188418 -0.00895983 8.9975e-10 0.8 0.8 0.8
vn -9.10927e-08 -2.77681e-06 -1
v 0.00188421 -0.00895983 8.9975e-10 0.8 0.8 0.8
vn 1.88286e-07 -2.64468e-06 -1
v 0.00502772 -0.00860452 8.9975e-10 0.8 0.8 0.8
vn 5.15725e-07 -2.52991e-06 -1
v 0.00777321 -0.0079049 8.9975e-10 0.8 0.8 0.8
vn 8.3986e-07 -2.27074e-06 -1
v 0.0101199 -0.00688211 8.9975e-10 0.8 0.8 0.8
vn 1.13304e-06 -1.89976e-06 -1
v 0.012018 -0.00556539 8.9975e-10 0.8 0.8 0.8
vn 1.37828e-06 -1.4433e-06 -1
v 0.0134157 -0.00398756 8.9975e-10 0.8 0.8 0.8
vn 1.5627e-06 -9.30305e-07 -1
v 0.0142719 -0.00217182 8.9975e-10 0.8 0.8 0.8
vn 1.68969e-06 -3.90765e-07 -1
v 0.0109202 1.54634e-08 3.36909e-11 0.8 0.8 0.8
vn 1.36253e-07 6.88561e-09 -1
v 0.0107039 0.00162889 3.36909e-11 0.8 0.8 0.8
vn 1.29595e-07 4.57783e-08 -1
v 0.0100618 0.0029907 3.36909e-11 0.8 0.8 0.8
vn 1.20456e-07 8.97146e-08 -1
v 0.00901347 0.00417407 3.36909e-11 0.8 0.8 0.8
vn 1.04452e-07 1.30273e-07 -1
v 0.00758996 0.00516161 3.36909e-11 0.8 0.8 0.8
vn 8.35407e-08 1.6559e-07 -1
v 0.00582991 0.0059287 3.36909e-11 0.8 0.8 0.8
vn 5.90741e-08 1.93685e-07 -1
v 0.00377079 0.00645341 3.36909e-11 0.8 0.8 0.8
vn 3.26349e-08 2.13368e-07 -1
v 0.00141316 0.0067199 3.36909e-11 0.8 0.8 0.8
vn 6.91465e-09 2.24623e-07 -1
v -0.00141313 0.0067199 3.36909e-11 0.8 0.8 0.8
vn -1.56832e-08 2.13382e-07 -1
v -0.00377076 0.00645341 3.36909e-11 0.8 0.8 0.8
vn -4.21745e-08 2.04034e-07 -1
v -0.00582989 0.0059287 3.36909e-11 0.8 0.8 0.8
vn -6.834e-08 1.8296e-07 -1
v -0.00758993 0.00516161 3.36909e-11 0.8 0.8 0.8
vn -9.19745e-08 1.52854e-07 -1
v -0.00901344 0.00417407 3.36909e-11 0.8 0.8 0.8
vn -1.11714e-07 1.15873e-07 -1
v -0.0100618 0.0029907 3.36909e-11 0.8 0.8 0.8
vn -1.26526e-07 7.4369e-08 -1
v -0.0107039 0.00162889 3.36909e-11 0.8 0.8 0.8
vn -1.36731e-07 3.07916e-08 -1
v -0.0109202 1.54634e-08 3.36909e-11 0.8 0.8 0.8
vn -1.36253e-07 -6.88561e-09 -1
v -0.0107039 -0.00162886 3.36909e-11 0.8 0.8 0.8
vn -1.29595e-07 -4.57783e-08 -1
v -0.0100618 -0.00299067 3.36909e-11 0.8 0.8 0.8
vn -1.20456e-07 -8.97146e-08 -1
v -0.00901344 -0.00417404 3.36909e-11 0.8 0.8 0.8
vn -1.04452e-07 -1.30273e-07 -1
v -0.00758993 -0.00516158 3.36909e-11 0.8 0.8 0.8
vn -8.35407e-08 -1.6559e-07 -1
v -0.00582989 -0.00592867 3.36909e-11 0.8 0.8 0.8
vn -5.90741e-08 -1.93685e-07 -1
v -0.00377076 -0.00645338 3.36909e-11 0.8 0.8 0.8
vn -3.26349e-08 -2.13368e-07 -1
v -0.00141313 -0.00671987 3.36909e-11 0.8 0.8 0.8
vn -6.91465e-09 -2.24623e-07 -1
v 0.00141316 -0.00671987 3.36909e-11 0.8 0.8 0.8
vn 1.56832e-08 -2.13382e-07 -1
v 0.00377079 -0.00645338 3.36909e-11 0.8 0.8 0.8
vn 4.21745e-08 -2.04034e-07 -1
v 0.00582991 -0.00592867 3.36909e-11 0.8 0.8 0.8
vn 6.834e-08 -1.8296e-07 -1
v 0.00758996 -0.00516158 3.36909e-11 0.8 0.8 0.8
vn 9.19745e-08 -1.52854e-07 -1
v 0.00901347 -0.00417404 3.36909e-11 0.8 0.8 0.8
vn 1.11714e-07 -1.15873e-07 -1
v 0.0100618 -0.00299067 3.36909e-11 0.8 0.8 0.8
vn 1.26526e-07 -7.4369e-08 -1
v 0.0107039 -0.00162886 3.36909e-11 0.8 0.8 0.8
vn 1.36731e-07 -3.07916e-08 -1
v 0.00728017 1.54634e-08 3.28737e-13 0.8 0.8 0.8
vn 5.384e-09 3.03264e-10 -1
v 0.00713597 0.00108593 3.28737e-13 0.8 0.8 0.8
vn 5.11884e-09 1.84854e-09 -1
v 0.00670787 0.0019938 3.28737e-13 0.8 0.8 0.8
vn 4.74984e-09 3.58286e-09 -1
v 0.00600898 0.00278272 3.28737e-13 0.8 0.8 0.8
vn 4.11211e-09 5.18183e-09 -1
v 0.00505998 0.00344108 3.28737e-13 0.8 0.8 0.8
vn 3.2817e-09 6.57145e-09 -1
v 0.00388661 0.00395247 3.28737e-13 0.8 0.8 0.8
vn 2.3122e-09 7.67372e-09 -1
v 0.00251387 0.00430228 3.28737e-13 0.8 0.8 0.8
vn 1.26648e-09 8.44125e-09 -1
v 0.000942113 0.00447994 3.28737e-13 0.8 0.8 0.8
vn 2.52896e-10 8.87129e-09 -1
v -0.000942083 0.00447994 3.28737e-13 0.8 0.8 0.8
vn -6.42127e-10 8.43453e-09 -1
v -0.00251384 0.00430228 3.28737e-13 0.8 0.8 0.8
vn -1.69046e-09 8.05154e-09 -1
v -0.00388659 0.00395247 3.28737e-13 0.8 0.8 0.8
vn -2.72287e-09 7.20893e-09 -1
v -0.00505995 0.00344108 3.28737e-13 0.8 0.8 0.8
vn -3.65379e-09 6.0117e-09 -1
v -0.00600895 0.00278272 3.28737e-13 0.8 0.8 0.8
vn -4.42948e-09 4.54484e-09 -1
v -0.00670784 0.0019938 3.28737e-13 0.8 0.8 0.8
vn -5.00928e-09 2.90173e-09 -1
v -0.00713594 0.00108593 3.28737e-13 0.8 0.8 0.8
vn -5.4039e-09 1.18005e-09 -1
v -0.00728014 1.54634e-08 3.28737e-13 0.8 0.8 0.8
vn -5.384e-09 -3.03264e-10 -1
v -0.00713594 -0.0010859 3.28737e-13 0.8 0.8 0.8
vn -5.11884e-09 -1.84854e-09 -1
v -0.00670784 -0.00199377 3.28737e-13 0.8 0.8 0.8
vn -4.74984e-09 -3.58286e-09 -1
v -0.00600895 -0.00278269 3.28737e-13 0.8 0.8 0.8
vn -4.11211e-09 -5.18183e-09 -1
v -0.00505995 -0.00344105 3.28737e-13 0.8 0.8 0.8
vn -3.2817e-09 -6.57145e-09 -1
v -0.00388659 -0.00395244 3.28737e-13 0.8 0.8 0.8
vn -2.3122e-09 -7.67372e-09 -1
v -0.00251384 -0.00430225 3.28737e-13 0.8 0.8 0.8
vn -1.26648e-09 -8.44125e-09 -1
v -0.000942083 -0.00447991 3.28737e-13 0.8 0.8 0.8
vn -2.52896e-10 -8.87129e-09 -1
v 0.000942113 -0.00447991 3.28737e-13 0.8 0.8 0.8
vn 6.42127e-10 -8.43453e-09 -1
v 0.00251387 -0.00430225 3.28737e-13 0.8 0.8 0.8
vn 1.69046e-09 -8.05154e-09 -1
v 0.00388661 -0.00395244 3.28737e-13 0.8 0.8 0.8
vn 2.72287e-09 -7.20893e-09 -1
v 0.00505998 -0.00344105 3.28737e-13 0.8 0.8 0.8
vn 3.65379e-09 -6.0117e-09 -1
v 0.00600898 -0.00278269 3.28737e-13 0.8 0.8 0.8
vn 4.42948e-09 -4.54484e-09 -1
v 0.00670787 -0.00199377 3.28737e-13 0.8 0.8 0.8
vn 5.00928e-09 -2.90173e-09 -1
v 0.00713597 -0.0010859 3.28737e-13 0.8 0.8 0.8
vn 5.4039e-09 -1.18005e-09 -1
v 0.00364009 1.54634e-08 1.11022e-16 0.8 0.8 0.8
vn 6.01904e-11 3.99558e-12 -1
v 0.00356799 0.000542974 1.11022e-16 0.8 0.8 0.8
vn 5.74511e-11 2.15423e-11 -1
v 0.00335394 0.00099691 1.11022e-16 0.8 0.8 0.8
vn 5.2978e-11 4.08452e-11 -1
v 0.0030045 0.00139137 1.11022e-16 0.8 0.8 0.8
vn 4.56956e-11 5.8621e-11 -1
v 0.00253 0.00172055 1.11022e-16 0.8 0.8 0.8
vn 3.6306e-11 7.40019e-11 -1
v 0.00194331 0.00197624 1.11022e-16 0.8 0.8 0.8
vn 2.53998e-11 8.61097e-11 -1
v 0.00125694 0.00215115 1.11022e-16 0.8 0.8 0.8
vn 1.36838e-11 9.4365e-11 -1
v 0.000471064 0.00223998 1.11022e-16 0.8 0.8 0.8
vn 2.42404e-12 9.85537e-11 -1
v -0.000471034 0.00223998 1.11022e-16 0.8 0.8 0.8
vn -7.66225e-12 9.48844e-11 -1
v -0.00125691 0.00215115 1.11022e-16 0.8 0.8 0.8
vn -1.94072e-11 8.9994e-11 -1
v -0.00194329 0.00197624 1.11022e-16 0.8 0.8 0.8
vn -3.09025e-11 8.02579e-11 -1
v -0.00252997 0.00172055 1.11022e-16 0.8 0.8 0.8
vn -4.12313e-11 6.66683e-11 -1
v -0.00300447 0.00139137 1.11022e-16 0.8 0.8 0.8
vn -4.979e-11 5.01292e-11 -1
v -0.00335391 0.00099691 1.11022e-16 0.8 0.8 0.8
vn -5.61133e-11 3.1683e-11 -1
v -0.00356796 0.000542974 1.11022e-16 0.8 0.8 0.8
vn -6.01637e-11 1.24319e-11 -1
v -0.00364006 1.54634e-08 1.11022e-16 0.8 0.8 0.8
vn -6.01904e-11 -3.99558e-12 -1
v -0.00356796 -0.000542943 1.11022e-16 0.8 0.8 0.8
vn -5.74511e-11 -2.15423e-11 -1
v -0.00335391 -0.000996879 1.11022e-16 0.8 0.8 0.8
vn -5.2978e-11 -4.08452e-11 -1
v -0.00300447 -0.00139134 1.11022e-16 0.8 0.8 0.8
vn -4.56956e-11 -5.8621e-11 -1
v -0.00252997 -0.00172052 1.11022e-16 0.8 0.8 0.8
vn -3.6306e-11 -7.40019e-11 -1
v -0.00194329 -0.00197621 1.11022e-16 0.8 0.8 0.8
vn -2.53998e-11 -8.61097e-11 -1
v -0.00125691 -0.00215112 1.11022e-16 0.8 0.8 0.8
vn -1.36838e-11 -9.4365e-11 -1
v -0.000471034 -0.00223995 1.11022e-16 0.8 0.8 0.8
vn -2.42404e-12 -9.85537e-11 -1
v 0.000471064 -0.00223995 1.11022e-16 0.8 0.8 0.8
vn 7.66225e-12 -9.48844e-11 -1
v 0.00125694 -0.00215112 1.11022e-16 0.8 0.8 0.8
vn 1.94072e-11 -8.9994e-11 -1
v 0.00194331 -0.00197621 1.11022e-16 0.8 0.8 0.8
vn 3.09025e-11 -8.02579e-11 -1
v 0.00253 -0.00172052 1.11022e-16 0.8 0.8 0.8
vn 4.12313e-11 -6.66683e-11 -1
v 0.0030045 -0.00139134 1.11022e-16 0.8 0.8 0.8
vn 4.979e-11 -5.01292e-11 -1
v 0.00335394 -0.000996879 1.11022e-16 0.8 0.8 0.8
vn 5.61133e-11 -3.1683e-11 -1
v 0.00356799 -0.000542943 1.11022e-16 0.8 0.8 0.8
vn 6.01637e-11 -1.24319e-11 -1
v 1.47437e-08 1.54634e-08 0 0.8 0.8 0.8
vn 3.43125e-14 4.55635e-15 -1
v 1.47437e-08 1.54634e-08 0 0.8 0.8 0.8
vn 3.26621e-14 1.54018e-14 -1
v 1.47437e-08 1.54634e-08 0 0.8 0.8 0.8
vn 2.94781e-14 2.61139e-14 -1
v 1.47437e-08 1.54634e-08 0 0.8 0.8 0.8
vn 2.49298e-14 3.59355e-14 -1
v 1.47437e-08 1.54634e-08 0 0.8 0.8 0.8
vn 1.92817e-14 4.42409e-14 -1
v 1.47437e-08 1.54634e-08 0 0.8 0.8 0.8
vn 1.28782e-14 5.05376e-14 -1
v 1.47437e-08 1.54634e-08 0 0.8 0.8 0.8
vn 6.15624e-15 5.44653e-14 -1
v 1.47437e-08 1.54634e-08 0 0.8 0.8 0.8
vn -3.15544e-30 5.57599e-14 -1
v 1.47437e-08 1.54634e-08 0 0.8 0.8 0.8
vn -6.15624e-15 5.44653e-14 -1
v 1.47437e-08 1.54634e-08 0 0.8 0.8 0.8
vn -1.28782e-14 5.05376e-14 -1
v 1.47437e-08 1.54634e-08 0 0.8 0.8 0.8
vn -1.92817e-14 4.42409e-14 -1
v 1.47437e-08 1.54634e-08 0 0.8 0.8 0.8
vn -2.49298e-14 3.59355e-14 -1
v 1.47437e-08 1.54634e-08 0 0.8 0.8 0.8
vn -2.94781e-14 2.61139e-14 -1
v 1.47437e-08 1.54634e-08 0 0.8 0.8 0.8
vn -3.26621e-14 1.54018e-14 -1
v 1.47437e-08 1.54634e-08 0 0.8 0.8 0.8
vn -3.43125e-14 4.55635e-15 -1
v 1.47437e-08 1.54634e-08 0 0.8 0.8 0.8
vn -3.43125e-14 -4.55635e-15 -1
v 1.47437e-08 1.54634e-08 0 0.8 0.8 0.8
vn -3.26621e-14 -1.54018e-14 -1
v 1.47437e-08 1.54634e-08 0 0.8 0.8 0.8
vn -2.94781e-14 -2.61139e-14 -1
v 1.47437e-08 1.54634e-08 0 0.8 0.8 0.8
vn -2.49298e-14 -3.59355e-14 -1
v 1.47437e-08 1.54634e-08 0 0.8 0.8 0.8
vn -1.92817e-14 -4.42409e-14 -1
v 1.47437e-08 1.54634e-08 0 0.8 0.8 0.8
vn -1.28782e-14 -5.05376e-14 -1
v 1.47437e-08 1.54634e-08 0 0.8 0.8 0.8
vn -6.15624e-15 -5.44653e-14 -1
v 1.47437e-08 1.54634e-08 0 0.8 0.8 0.8
vn 5.04871e-29 -5.57599e-14 -1
v 1.47437e-08 1.54634e-08 0 0.8 0.8 0.8
vn 6.15624e-15 -5.44653e-14 -1
v 1.47437e-08 1.54634e-08 0 0.8 0.8 0.8
vn 1.28782e-14 -5.05376e-14 -1
v 1.47437e-08 1.54634e-08 0 0.8 0.8 0.8
vn 1.92817e-14 -4.42409e-14 -1
v 1.47437e-08 1.54634e-08 0 0.8 0.8 0.8
vn 2.49298e-14 -3.59355e-14 -1
v 1.47437e-08 1.54634e-08 0 0.8 0.8 0.8
vn 2.94781e-14 -2.61139e-14 -1
v 1.47437e-08 1.54634e-08 0 0.8 0.8 0.8
vn 3.26621e-14 -1.54018e-14 -1
v 1.47437e-08 1.54634e-08 0 0.8 0.8 0.8
vn 3.43125e-14 -4.55635e-15 -1
f 2//2 31//31 1//1
f 32//32 31//31 2//2
f 3//3 32//32 2//2
f 33//33 32//32 3//3
f 4//4 33//33 3//3
f 34//34 33//33 4//4
f 5//5 34//34 4//4
f 35//35 34//34 5//5
f 6//6 35//35 5//5
f 36//36 35//35 6//6
f 7//7 36//36 6//6
f 37//37 36//36 7//7
f 8//8 37//37 7//7
f 38//38 37//37 8//8
f 9//9 38//38 8//8
f 39//39 38//38 9//9
f 10//10 39//39 9//9
f 40//40 39//39 10//10
f 11//11 40//40 10//10
f 41//41 40//40 11//11
f 12//12 41//41 11//11
f 42//42 41//41 12//12
f 13//13 42//42 12//12
f 43//43 42//42 13//13
f 14//14 43//43 13//13
f 44//44 43//43 14//14
f 15//15 44//44 14//14
f 45//45 44//44 15//15
f 16//16 45//45 15//15
f 46//46 45//45 16//16
f 17//17 46//46 16//16
f 47//47 46//46 17//17
f 18//18 47//47 17//17
f 48//48 47//47 18//18
f 19//19 48//48 18//18
f 49//49 48//48 19//19
f 20//20 49//49 19//19
f 50//50 49//49 20//20
f 21//21 50//50 20//20
f 51//51 50//50 21//21
f 22//22 51//51 21//21
f 52//52 51//51 22//22
f 23//23 52//52 22//22
f 53//53 52//52 23//23
f 24//24 53//53 23//23
f 54//54 53//53 24//24
f 25//25 54//54 24//24
f 55//55 54//54 25//25
f 26//26 55//55 25//25
f 56//56 55//55 26//26
f 27//27 56//56 26//26
f 57//57 56//56 27//27
f 28//28 57//57 27//27
f 58//58 57//57 28//28
f 29//29 58//58 28//28
f 59//59 58//58 29//29
f 30//30 59//59 29//29
f 60//60 59//59 30//30
f 1//1 60//60 30//30
f 31//31 60//60 1//1
f 32//32 61//61 31//31
f 62//62 61//61 32//32
f 33//33 62//62 32//32
f 63//63 62//62 33//33
f 34//34 63//63 33//33
f 64//64 63//63 34//34
f 35//35 64//64 34//34
f 65//65 64//64 35//35
f 36//36 65//65 35//35
f 66//66 65//65 36//36
f 37//37 66//66 36//36
f 67//67 66//66 37//37
f 38//38 67//67 37//37
f 68//68 67//67 38//38
f 39//39 68//68 38//38
f 69//69 68//68 39//39
f 40//40 69//69 39//39
f 70//70 69//69 40//40
f 41//41 70//70 40//40
f 71//71 70//70 41//41
f 42//42 71//71 41//41
f 72//72 71//71 42//42
f 43//43 72//72 42//42
f 73//73 72//72 43//43
f 44//44 73//73 43//43
f 74//74 73//73 44//44
f 45//45 74//74 44//44
f 75//75 74//74 45//45
f 46//46 75//75 45//45
f 76//76 75//75 46//46
f 47//47 76//76 46//46
f 77//77 76//76 47//47
f 48//48 77//77 47//47
f 78//78 77//77 48//48
f 49//49 78//78 48//48
f 79//79 78//78 49//49
f 50//50 79//79 49//49
f 80//80 79//79 50//50
f 51//51 80//80 50//50
f 81//81 80//80 51//51
f 52//52 81//81 51//51
f 82//82 81//81 52//52
f 53//53 82//82 52//52
f 83//83 82//82 53//53
f 54//54 83//83 53//53
f 84//84 83//83 54//54
f 55//55 84//84 54//54
f 85//85 84//84 55//55
f 56//56 85//85 55//55
f 86//86 85//85 56//56
f 57//57 86//86 56//56
f 87//87 86//86 57//57
f 58//58 87//87 57//57
f 88//88 87//87 58//58
f 59//59 88//88 58//58
f 89//89 88//88 59//59
f 60//60 89//89 59//59
f 90//90 89//89 60//60
f 31//31 90//90 60//60
f 61//61 90//90 31//31
f 62//62 91//91 61//61
f 92//92 91//91 62//62
f 63//63 92//92 62//62
f 93//93 92//92 63//63
f 64//64 93//93 63//63
f 94//94 93//93 64//64
f 65//65 94//94 64//64
f 95//95 94//94 65//65
f 66//66 95//95 65//65
f 96//96 95//95 66//66
f 67//67 96//96 66//66
f 97//97 96//96 67//67
f 68//68 97//97 67//67
f 98//98 97//97 68//68
f 69//69 98//98 68//68
f 99//99 98//98 69//69
f 70//70 99//99 69//69
f 100//100 99//99 70//70
f 71//71 100//100 70//70
f 101//101 100//100 71//71
f 72//72 101//101 71//71
f 102//102 101//101 72//72
f 73//73 102//102 72//72
f 103//103 102//102 73//73
f 74//74 103//103 73//73
f 104//104 103//103 74//74
f 75//75 104//104 74//74
f 105//105 104//104 75//75
f 76//76 105//105 75//75
f 106//106 105//105 76//76
f 77//77 106//106 76//76
f 107//107 106//106 77//77
f 78//78 107//107 77//77
f 108//108 107//107 78//78
f 79//79 108//108 78//78
f 109//109 108//108 79//79
f 80//80 109//109 79//79
f 110//110 109//109 80//80
f 81//81 110//110 80//80
f 111//111 110//110 81//81
f 82//82 111//111 81//81
f 112//112 111//111 82//82
f 83//83 112//112 82//82
f 113//113 112//112 83//83
f 84//84 113//113 83//83
f 114//114 113//113 84//84
f 85//85 114//114 84//84
f 115//115 114//114 85//85
f 86//86 115//115 85//85
f 116//116 115//115 86//86
f 87//87 116//116 86//86
f 117//117 116//116 87//87
f 88//88 117//117 87//87
f 118//118 117//117 88//88
f 89//89 118//118 88//88
f 119//119 118//118 89//89
f 90//90 119//119 89//89
f 120//120 119//119 90//90
f 61//61 120//120 90//90
f 91//91 120//120 61//61
f 92//92 121//121 91//91
f 122//122 121//121 92//92
f 93//93 122//122 92//92
f 123//123 122//122 93//93
f 94//94 123//123 93//93
f 124//124 123//123 94//94
f 95//95 124//124 94//94
f 125//125 124//124 95//95
f 96//96 125//125 95//95
f 126//126 125//125 96//96
f 97//97 126//126 96//96
f 127//127 126//126 97//97
f 98//98 127//127 97//97
f 128//128 127//127 98//98
f 99//99 128//128 98//98
f 129//129 128//128 99//99
f 100//100 129//129 99//99
f 130//130 129//129 100//100
f 101//101 130//130 100//100
f 131//131 130//130 101//101
f 102//102 131//131 101//101
f 132//132 131//131 102//102
f 103//103 132//132 102//102
f 133//133 132//132 103//103
f 104//104 133//133 103//103
f 134//134 133//133 104//104
f 105//105 134//134 104//104
f 135//135 134//134 105//105
f 106//106 135//135 105//105
f 136//136 135//135 106//106
f 107//107 136//136 106//106
f 137//137 136//136 107//107
f 108//108 137//137 107//107
f 138//138 137//137 108//108
f 109//109 138//138 108//108
f 139//139 138//138 109//109
f 110//110 139//139 109//109
f 140//140 139//139 110//110
f 111//111 140//140 110//110
f 141//141 140//140 111//111
f 112//112 141//141 111//111
f 142//142 141//141 112//112
f 113//113 142//142 112//112
f 143//143 142//142 113//113
f 114//114 143//143 113//113
f 144//144 143//143 114//114
f 115//115 144//144 114//114
f 145//145 144//144 115//115
f 116//116 145//145 115//115
f 146//146 145//145 116//116
f 117//117 146//146 116//116
f 147//147 146//146 117//117
f 118//118 147//147 117//117
f 148//148 147//147 118//118
f 119//119 148//148 118//118
f 149//149 148//148 119//119
f 120//120 149//149 119//119
f 150//150 149//149 120//120
f 91//91 150//150 120//120
f 121//121 150//150 91//91
f 122//122 151//151 121//121
f 152//152 151//151 122//122
f 123//123 152//152 122//122
f 153//153 152//152 123//123
f 124//124 153//153 123//123
f 154//154 153//153 124//124
f 125//125 154//154 124//124
f 155//155 154//154 125//125
f 126//126 155//155 125//125
f 156//156 155//155 126//126
f 127//127 156//156 126//126
f 157//157 156//156 127//127
f 128//128 157//157 127//127
f 158//158 157//157 128//128
f 129//129 158//158 128//128
f 159//159 158//158 129//129
f 130//130 159//159 129//129
f 160//160 159//159 130//130
f 131//131 160//160 130//130
f 161//161 160//160 131//131
f 132//132 161//161 131//131
f 162//162 161//161 132//132
f 133//133 162//162 132//132
f 163//163 162//162 133//133
f 134//134 163//163 133//133
f 164//164 163//163 134//134
f 135//135 164//164 134//134
f 165//165 164//164 135//135
f 136//136 165//165 135//135
f 166//166 165//165 136//136
f 137//137 166//166 136//136
f 167//167 166//166 137//137
f 138//138 167//167 137//137
f 168//168 167//167 138//138
f 139//139 168//168 138//138
f 169//169 168//168 139//139
f 140//140 169//169 139//139
f 170//170 169//169 140//140
f 141//141 170//170 140//140
f 171//171 170//170 141//141
f 142//142 171//171 141//141
f 172//172 171//171 142//142
f 143//143 172//172 142//142
f 173//173 172//172 143//143
f 144//144 173//173 143//143
f 174//174 173//173 144//144
f 145//145 174//174 144//144
f 175//175 174//174 145//145
f 146//146 175//175 145//145
f 176//176 175//175 146//146
f 147//147 176//176 146//146
f 177//177 176//176 147//147
f 148//148 177//177 147//147
f 178//178 177//177 148//148
f 149//149 178//178 148//148
f 179//179 178//178 149//149
f 150//150 179//179 149//149
f 180//180 179//179 150//150
f 121//121 180//180 150//150
f 151//151 180//180 121//121
f 152//152 181//181 151//151
f 182//182 181//181 152//152
f 153//153 182//182 152//152
f 183//183 182//182 153//153
f 154//154 183//183 153//153
f 184//184 183//183 154//154
f 155//155 184//184 154//154
f 185//185 184//184 155//155
f 156//156 185//185 155//155
f 186//186 185//185 156//156
f 157//157 186//186 156//156
f 187//187 186//186 157//157
f 158//158 187//187 157//157
f 188//188 187//187 158//158
f 159//159 188//188 158//158
f 189//189 188//188 159//159
f 160//160 189//189 159//159
f 190//190 189//189 160//160
f 161//161 190//190 160//160
f 191//191 190//190 161//161
f 162//162 191//191 161//161
f 192//192 191//191 162//162
f 163//163 192//192 162//162
f 193//193 192//192 163//163
f 164//164 193//193 163//163
f 194//194 193//193 164//164
f 165//165 194//194 164//164
f 195//195 194//194 165//165
f 166//166 195//195 165//165
f 196//196 195//195 166//166
f 167//167 196//196 166//166
f 197//197 196//196 167//167
f 168//168 197//197 167//167
f 198//198 197//197 168//168
f 169//169 198//198 168//168
f 199//199 198//198 169//169
f 170//170 199//199 169//169
f 200//200 199//199 170//170
f 171//171 200//200 170//170
f 201//201 200//200 171//171
f 172//172 201//201 171//171
f 202//202 201//201 172//172
f 173//173 202//202 172//172
f 203//203 202//202 173//173
f 174//174 203//203 173//173
f 204//204 203//203 174//174
f 175//175 204//204 174//174
f 205//205 204//204 175//175
f 176//176 205//205 175//175
f 206//206 205//205 176//176
f 177//177 206//206 176//176
f 207//207 206//206 177//177
f 178//178 207//207 177//177
f 208//208 207//207 178//178
f 179//179 208//208 178//178
f 209//209 208//208 179//179
f 180//180 209//209 179//179
f 210//210 209//209 180//180
f 151//151 210//210 180//180
f 181//181 210//210 151//151
f 182//182 211//211 181//181
f 212//212 211//211 182//182
f 183//183 212//212 182//182
f 213//213 212//212 183//183
f 184//184 213//213 183//183
f 214//214 213//213 184//184
f 185//185 214//214 184//184
f 215//215 214//214 185//185
f 186//186 215//215 185//185
f 216//216 215//215 186//186
f 187//187 216//216 186//186
f 217//217 216//216 187//187
f 188//188 217//217 187//187
f 218//218 217//217 188//188
f 189//189 218//218 188//188
f 219//219 218//218 189//189
f 190//190 219//219 189//189
f 220//220 219//219 190//190
f 191//191 220//220 190//190
f 221//221 220//220 191//191
f 192//192 221//221 191//191
f 222//222 221//221 192//192
f 193//193 222//222 192//192
f 223//223 222//222 193//193
f 194//194 223//223 193//193
f 224//224 223//223 194//194
f 195//195 224//224 194//194
f 225//225 224//224 195//195
f 196//196 225//225 195//195
f 226//226 225//225 196//196
f 197//197 226//226 196//196
f 227//227 226//226 197//197
f 198//198 227//227 197//197
f 228//228 227//227 198//198
f 199//199 228//228 198//198
f 229//229 228//228 199//199
f 200//200 229//229 199//199
f 230//230 229//229 200//200
f 201//201 230//230 200//200
f 231//231 230//230 201//201
f 202//202 231//231 201//201
f 232//232 231//231 202//202
f 203//203 232//232 202//202
f 233//233 232//232 203//203
f 204//204 233//233 203//203
f 234//234 233//233 204//204
f 205//205 234//234 204//204
f 235//235 234//234 205//205
f 206//206 235//235 205//205
f 236//236 235//235 206//206
f 207//207 236//236 206//206
f 237//237 236//236 207//207
f 208//208 237//237 207//207
f 238//238 237//237 208//208
f 209//209 238//238 208//208
f 239//239 238//238 209//209
f 210//210 239//239 209//209
f 240//240 239//239 210//210
f 181//181 240//240 210//210
f 211//211 240//240 181//181
f 212//212 241//241 211//211
f 242//242 241//241 212//212
f 213//213 242//242 212//212
f 243//243 242//242 213//213
f 214//214 243//243 213//213
f 244//244 243//243 214//214
f 215//215 244//244 214//214
f 245//245 244//244 215//215
f 216//216 245//245 215//215
f 246//246 245//245 216//216
f 217//217 246//246 216//216
f 247//247 246//246 217//217
f 218//218 247//247 217//217
f 248//248 247//247 218//218
f 219//219 248//248 218//218
f 249//249 248//248 219//219
f 220//220 249//249 219//219
f 250//250 249//249 220//220
f 221//221 250//250 220//220
f 251//251 250//250 221//221
f 222//222 251//251 221//221
f 252//252 251//251 222//222
f 223//223 252//252 222//222
f 253//253 252//252 223//223
f 224//224 253//253 223//223
f 254//254 253//253 224//224
f 225//225 254//254 224//224
f 255//255 254//254 225//225
f 226//226 255//255 225//225
f 256//256 255//255 226//226
f 227//227 256//256 226//226
f 257//257 256//256 227//227
f 228//228 257//257 227//227
f 258//258 257//257 228//228
f 229//229 258//258 228//228
f 259//259 258//258 229//229
f 230//230 259//259 229//229
f 260//260 259//259 230//230
f 231//231 260//260 230//230
f 261//261 260//260 231//231
f 232//232 261//261 231//231
f 262//262 261//261 232//232
f 233//233 262//262 232//232
f 263//263 262//262 233//233
f 234//234 263//263 233//233
f 264//264 263//263 234//234
f 235//235 264//264 234//234
f 265//265 264//264 235//235
f 236//236 265//265 235//235
f 266//266 265//265 236//236
f 237//237 266//266 236//236
f 267//267 266//266 237//237
f 238//238 267//267 237//237
f 268//268 267//267 238//238
f 239//239 268//268 238//238
f 269//269 268//268 239//239
f 240//240 269//269 239//239
f 270//270 269//269 240//240
f 211//211 270//270 240//240
f 241//241 270//270 211//211
f 242//242 271//271 241//241
f 272//272 271//271 242//242
f 243//243 272//272 242//242
f 273//273 272//272 243//243
f 244//244 273//273 243//243
f 274//274 273//273 244//244
f 245//245 274//274 244//244
f 275//275 274//274 245//245
f 246//246 275//275 245//245
f 276//276 275//275 246//246
f 247//247 276//276 246//246
f 277//277 276//276 247//247
f 248//248 277//277 247//247
f 278//278 277//277 248//248
f 249//249 278//278 248//248
f 279//279 278//278 249//249
f 250//250 279//279 249//249
f 280//280 279//279 250//250
f 251//251 280//280 250//250
f 281//281 280//280 251//251
f 252//252 281//281 251//251
f 282//282 281//281 252//252
f 253//253 282//282 252//252
f 283//283 282//282 253//253
f 254//254 283//283 253//253
f 284//284 283//283 254//254
f 255//255 284//284 254//254
f 285//285 284//284 255//255
f 256//256 285//285 255//255
f 286//286 285//285 256//256
f 257//257 286//286 256//256
f 287//287 286//286 257//257
f 258//258 287//287 257//257
f 288//288 287//287 258//258
f 259//259 288//288 258//258
f 289//289 288//288 259//259
f 260//260 289//289 259//259
f 290//290 289//289 260//260
f 261//261 290//290 260//260
f 291//291 290//290 261//261
f 262//262 291//291 261//261
f 292//292 291//291 262//262
f 263//263 292//292 262//262
f 293//293 292//292 263//263
f 264//264 293//293 263//263
f 294//294 293//293 264//264
f 265//265 294//294 264//264
f 295//295 294//294 265//265
f 266//266 295//295 265//265
f 296//296 295//295 266//266
f 267//267 296//296 266//266
f 297//297 296//296 267//267
f 268//268 297//297 267//267
f 298//298 297//297 268//268
f 269//269 298//298 268//268
f 299//299 298//298 269//269
f 270//270 299//299 269//269
f 300//300 299//299 270//270
f 241//241 300//300 270//270
f 271//271 300//300 241//241
f 272//272 301//301 271//271
f 302//302 301//301 272//272
f 273//273 302//302 272//272
f 303//303 302//302 273//273
f 274//274 303//303 273//273
f 304//304 303//303 274//274
f 275//275 304//304 274//274
f 305//305 304//304 275//275
f 276//276 305//305 275//275
f 306//306 305//305 276//276
f 277//277 306//306 276//276
f 307//307 306//306 277//277
f 278//278 307//307 277//277
f 308//308 307//307 278//278
f 279//279 308//308 278//278
f 309//309 308//308 279//279
f 280//280 309//309 279//279
f 310//310 309//309 280//280
f 281//281 310//310 280//280
f 311//311 310//310 281//281
f 282//282 311//311 281//281
f 312//312 311//311 282//282
f 283//283 312//312 282//282
f 313//313 312//312 283//283
f 284//284 313//313 283//283
f 314//314 313//313 284//284
f 285//285 314//314 284//284
f 315//315 314//314 285//285
f 286//286 315//315 285//285
f 316//316 315//315 286//286
f 287//287 316//316 286//286
f 317//317 316//316 287//287
f 288//288 317//317 287//287
f 318//318 317//317 288//288
f 289//289 318//318 288//288
f 319//319 318//318 289//289
f 290//290 319//319 289//289
f 320//320 319//319 290//290
f 291//291 320//320 290//290
f 321//321 320//320 291//291
f 292//292 321//321 291//291
f 322//322 321//321 292//292
f 293//293 322//322 292//292
f 323//323 322//322 293//293
f 294//294 323//323 293//293
f 324//324 323//323 294//294
f 295//295 324//324 294//294
f 325//325 324//324 295//295
f 296//296 325//325 295//295
f 326//326 325//325 296//296
f 297//297 326//326 296//296
f 327//327 326//326 297//297
f 298//298 327//327 297//297
f 328//328 327//327 298//298
f 299//299 328//328 298//298
f 329//329 328//328 299//299
f 300//300 329//329 299//299
f 330//330 329//329 300//300
f 271//271 330//330 300//300
f 301//301 330//330 271//271
f 302//302 331//331 301//301
f 332//332 331//331 302//302
f 303//303 332//332 302//302
f 333//333 332//332 303//303
f 304//304 333//333 303//303
f 334//334 333//333 304//304
f 305//305 334//334 304//304
f 335//335 334//334 305//305
f 306//306 335//335 305//305
f 336//336 335//335 306//306
f 307//307 336//336 306//306
f 337//337 336//336 307//307
f 308//308 337//337 307//307
f 338//338 337//337 308//308
f 309//309 338//338 308//308
f 339//339 338//338 309//309
f 310//310 339//339 309//309
f 340//340 339//339 310//310
f 311//311 340//340 310//310
f 341//341 340//340 311//311
f 312//312 341//341 311//311
f 342//342 341//341 312//312
f 313//313 342//342 312//312
f 343//343 342//342 313//313
f 314//314 343//343 313//313
f 344//344 343//343 314//314
f 315//315 344//344 314//314
f 345//345 344//344 315//315
f 316//316 345//345 315//315
f 346//346 345//345 316//316
f 317//317 346//346 316//316
f 347//347 346//346 317//317
f 318//318 347//347 317//317
f 348//348 347//347 318//318
f 319//319 348//348 318//318
f 349//349 348//348 319//319
f 320//320 349//349 319//319
f 350//350 349//349 320//320
f 321//321 350//350 320//320
f 351//351 350//350 321//321
f 322//322 351//351 321//321
f 352//352 351//351 322//322
f 323//323 352//352 322//322
f 353//353 352//352 323//323
f 324//324 353//353 323//323
f 354//354 353//353 324//324
f 325//325 354//354 324//324
f 355//355 354//354 325//325
f 326//326 355//355 325//325
f 356//356 355//355 326//326
f 327//327 356//356 326//326
f 357//357 356//356 327//327
f 328//328 357//357 327//327
f 358//358 357//357 328//328
f 329//329 358//358 328//328
f 359//359 358//358 329//329
f 330//330 359//359 329//329
f 360//360 359//359 330//330
f 301//301 360//360 330//330
f 331//331 360//360 301//301
f 332//332 361//361 331//331
f 362//362 361//361 332//332
f 333//333 362//362 332//332
f 363//363 362//362 333//333
f 334//334 363//363 333//333
f 364//364 363//363 334//334
f 335//335 364//364 334//334
f 365//365 364//364 335//335
f 336//336 365//365 335//335
f 366//366 365//365 336//336
f 337//337 366//366 336//336
f 367//367 366//366 337//337
f 338//338 367//367 337//337
f 368//368 367//367 338//338
f 339//339 368//368 338//338
f 369//369 368//368 339//339
f 340//340 369//369 339//339
f 370//370 369//369 340//340
f 341//341 370//370 340//340
f 371//371 370//370 341//341
f 342//342 371//371 341//341
f 372//372 371//371 342//342
f 343//343 372//372 342//342
f 373//373 372//372 343//343
f 344//344 373//373 343//343
f 374//374 373//373 344//344
f 345//345 374//374 344//344
f 375//375 374//374 345//345
f 346//346 375//375 345//345
f 376//376 375//375 346//346
f 347//347 376//376 346//346
f 377//377 376//376 347//347
f 348//348 377//377 347//347
f 378//378 377//377 348//348
f 349//349 378//378 348//348
f 379//379 378//378 349//349
f 350//350 379//379 349//349
f 380//380 379//379 350//350
f 351//351 380//380 350//350
f 381//381 380//380 351//351
f 352//352 381//381 351//351
f 382//382 381//381 352//352
f 353//353 382//382 352//352
f 383//383 382//382 353//353
f 354//354 383//383 353//353
f 384//384 383//383 354//354
f 355//355 384//384 354//354
f 385//385 384//384 355//355
f 356//356 385//385 355//355
f 386//386 385//385 356//356
f 357//357 386//386 356//356
f 387//387 386//386 357//357
f 358//358 387//387 357//357
f 388//388 387//387 358//358
f 359//359 388//388 358//358
f 389//389 388//388 359//359
f 360//360 389//389 359//359
f 390//390 389//389 360//360
f 331//331 390//390 360//360
f 361//361 390//390 331//331
f 362//362 391//391 361//361
f 392//392 391//391 362//362
f 363//363 392//392 362//362
f 393//393 392//392 363//363
f 364//364 393//393 363//363
f 394//394 393//393 364//364
f 365//365 394//394 364//364
f 395//395 394//394 365//365
f 366//366 395//395 365//365
f 396//396 395//395 366//366
f 367//367 396//396 366//366
f 397//397 396//396 367//367
f 368//368 397//397 367//367
f 398//398 397//397 368//368
f 369//369 398//398 368//368
f 399//399 398//398 369//369
f 370//370 399//399 369//369
f 400//400 399//399 370//370
f 371//371 400//400 370//370
f 401//401 400//400 371//371
f 372//372 401//401 371//371
f 402//402 401//401 372//372
f 373//373 402//402 372//372
f 403//403 402//402 373//373
f 374//374 403//403 373//373
f 404//404 403//403 374//374
f 375//375 404//404 374//374
f 405//405 404//404 375//375
f 376//376 405//405 375//375
f 406//406 405//405 376//376
f 377//377 406//406 376//376
f 407//407 406//406 377//377
f 378//378 407//407 377//377
f 408//408 407//407 378//378
f 379//379 408//408 378//378
f 409//409 408//408 379//379
f 380//380 409//409 379//379
f 410//410 409//409 380//380
f 381//381 410//410 380//380
f 411//411 410//410 381//381
f 382//382 411//411 381//381
f 412//412 411//411 382//382
f 383//383 412//412 382//382
f 413//413 412//412 383//383
f 384//384 413//413 383//383
f 414//414 413//413 384//384
f 385//385 414//414 384//384
f 415//415 414//414 385//385
f 386//386 415//415 385//385
f 416//416 415//415 386//386
f 387//387 416//416 386//386
f 417//417 416//416 387//387
f 388//388 417//417 387//387
f 418//418 417//417 388//388
f 389//389 418//418 388//388
f 419//419 418//418 389//389
f 390//390 419//419 389//389
f 420//420 419//419 390//390
f 361//361 420//420 390//390
f 391//391 420//420 361//361
f 392//392 421//421 391//391
f 422//422 421//421 392//392
f 393//393 422//422 392//392
f 423//423 422//422 393//393
f 394//394 423//423 393//393
f 424//424 423//423 394//394
f 395//395 424//424 394//394
f 425//425 424//424 395//395
f 396//396 425//425 395//395
f 426//426 425//425 396//396
f 397//397 426//426 396//396
f 427//427 426//426 397//397
f 398//398 427//427 397//397
f 428//428 427//427 398//398
f 399//399 428//428 398//398
f 429//429 428//428 399//399
f 400//400 429//429 399//399
f 430//430 429//429 400//400
f 401//401 430//430 400//400
f 431//431 430//430 401//401
f 402//402 431//431 401//401
f 432//432 431//431 402//402
f 403//403 432//432 402//402
f 433//433 432//432 403//403
f 404//404 433//433 403//403
f 434//434 433//433 404//404
f 405//405 434//434 404//404
f 435//435 434//434 405//405
f 406//406 435//435 405//405
f 436//436 435//435 406//406
f 407//407 436//436 406//406
f 437//437 436//436 407//407
f 408//408 437//437 407//407
f 438//438 437//437 408//408
f 409//409 438//438 408//408
f 439//439 438//438 409//409
f 410//410 439//439 409//409
f 440//440 439//439 410//410
f 411//411 440//440 410//410
f 441//441 440//440 411//411
f 412//412 441//441 411//411
f 442//442 441//441 412//412
f 413//413 442//442 412//412
f 443//443 442//442 413//413
f 414//414 443//443 413//413
f 444//444 443//443 414//414
f 415//415 444//444 414//414
f 445//445 444//444 415//415
f 416//416 445//445 415//415
f 446//446 445//445 416//416
f 417//417 446//446 416//416
f 447//447 446//446 417//417
f 418//418 447//447 417//417
f 448//448 447//447 418//418
f 419//419 448//448 418//418
f 449//449 448//448 419//419
f 420//420 449//449 419//419
f 450//450 449//449 420//420
f 391//391 450//450 420//420
f 421//421 450//450 391//391
f 422//422 451//451 421//421
f 452//452 451//451 422//422
f 423//423 452//452 422//422
f 453//453 452//452 423//423
f 424//424 453//453 423//423
f 454//454 453//453 424//424
f 425//425 454//454 424//424
f 455//455 454//454 425//425
f 426//426 455//455 425//425
f 456//456 455//455 426//426
f 427//427 456//456 426//426
f 457//457 456//456 427//427
f 428//428 457//457 427//427
f 458//458 457//457 428//428
f 429//429 458//458 428//428
f 459//459 458//458 429//429
f 430//430 459//459 429//429
f 460//460 459//459 430//430
f 431//431 460//460 430//430
f 461//461 460//460 431//431
f 432//432 461//461 431//431
f 462//462 461//461 432//432
f 433//433 462//462 432//432
f 463//463 462//462 433//433
f 434//434 463//463 433//433
f 464//464 463//463 434//434
f 435//435 464//464 434//434
f 465//465 464//464 435//435
f 436//436 465//465 435//435
f 466//466 465//465 436//436
f 437//437 466//466 436//436
f 467//467 466//466 437//437
f 438//438 467//467 437//437
f 468//468 467//467 438//438
f 439//439 468//468 438//438
f 469//469 468//468 439//439
f 440//440 469//469 439//439
f 470//470 469//469 440//440
f 441//441 470//470 440//440
f 471//471 470//470 441//441
f 442//442 471//471 441//441
f 472//472 471//471 442//442
f 443//443 472//472 442//442
f 473//473 472//472 443//443
f 444//444 473//473 443//443
f 474//474 473//473 444//444
f 445//445 474//474 444//444
f 475//475 474//474 445//445
f 446//446 475//475 445//445
f 476//476 475//475 446//446
f 447//447 476//476 446//446
f 477//477 476//476 447//447
f 448//448 477//477 447//447
f 478//478 477//477 448//448
f 449//449 478//478 448//448
f 479//479 478//478 449//449
f 450//450 479//479 449//449
f 480//480 479//479 450//450
f 421//421 480//480 450//450
f 451//451 480//480 421//421
f 452//452 481//481 451//451
f 482//482 481//481 452//452
f 453//453 482//482 452//452
f 483//483 482//482 453//453
f 454//454 483//483 453//453
f 484//484 483//483 454//454
f 455//455 484//484 454//454
f 485//485 484//484 455//455
f 456//456 485//485 455//455
f 486//486 485//485 456//456
f 457//457 486//486 456//456
f 487//487 486//486 457//457
f 458//458 487//487 457//457
f 488//488 487//487 458//458
f 459//459 488//488 458//458
f 489//489 488//488 459//459
f 460//460 489//489 459//459
f 490//490 489//489 460//460
f 461//461 490//490 460//460
f 491//491 490//490 461//461
f 462//462 491//491 461//461
f 492//492 491//491 462//462
f 463//463 492//492 462//462
f 493//493 492//492 463//463
f 464//464 493//493 463//463
f 494//494 493//493 464//464
f 465//465 494//494 464//464
f 495//495 494//494 465//465
f 466//466 495//495 465//465
f 496//496 495//495 466//466
f 467//467 496//496 466//466
f 497//497 496//496 467//467
f 468//468 497//497 467//467
f 498//498 497//497 468//468
f 469//469 498//498 468//468
f 499//499 498//498 469//469
f 470//470 499//499 469//469
f 500//500 499//499 470//470
f 471//471 500//500 470//470
f 501//501 500//500 471//471
f 472//472 501//501 471//471
f 502//502 501//501 472//472
f 473//473 502//502 472//472
f 503//503 502//502 473//473
f 474//474 503//503 473//473
f 504//504 503//503 474//474
f 475//475 504//504 474//474
f 505//505 504//504 475//475
f 476//476 505//505 475//475
f 506//506 505//505 476//476
f 477//477 506//506 476//476
f 507//507 506//506 477//477
f 478//478 507//507 477//477
f 508//508 507//507 478//478
f 479//479 508//508 478//478
f 509//509 508//508 479//479
f 480//480 509//509 479//479
f 510//510 509//509 480//480
f 451//451 510//510 480//480
f 481//481 510//510 451//451
f 482//482 511//511 481//481
f 512//512 511//511 482//482
f 483//483 512//512 482//482
f 513//513 512//512 483//483
f 484//484 513//513 483//483
f 514//514 513//513 484//484
f 485//485 514//514 484//484
f 515//515 514//514 485//485
f 486//486 515//515 485//485
f 516//516 515//515 486//486
f 487//487 516//516 486//486
f 517//517 516//516 487//487
f 488//488 517//517 487//487
f 518//518 517//517 488//488
f 489//489 518//518 488//488
f 519//519 518//518 489//489
f 490//490 519//519 489//489
f 520//520 519//519 490//490
f 491//491 520//520 490//490
f 521//521 520//520 491//491
f 492//492 521//521 491//491
f 522//522 521//521 492//492
f 493//493 522//522 492//492
f 523//523 522//522 493//493
f 494//494 523//523 493//493
f 524//524 523//523 494//494
f 495//495 524//524 494//494
f 525//525 524//524 495//495
f 496//496 525//525 495//495
f 526//526 525//525 496//496
f 497//497 526//526 496//496
f 527//527 526//526 497//497
f 498//498 527//527 497//497
f 528//528 527//527 498//498
f 499//499 528//528 498//498
f 529//529 528//528 499//499
f 500//500 529//529 499//499
f 530//530 529//529 500//500
f 501//501 530//530 500//500
f 531//531 530//530 501//501
f 502//502 531//531 501//501
f 532//532 531//531 502//502
f 503//503 532//532 502//502
f 533//533 532//532 503//503
f 504//504 533//533 503//503
f 534//534 533//533 504//504
f 505//505 534//534 504//504
f 535//535 534//534 505//505
f 506//506 535//535 505//505
f 536//536 535//535 506//506
f 507//507 536//536 506//506
f 537//537 536//536 507//507
f 508//508 537//537 507//507
f 538//538 537//537 508//508
f 509//509 538//538 508//508
f 539//539 538//538 509//509
f 510//510 539//539 509//509
f 540//540 539//539 510//510
f 481//481 540//540 510//510
f 511//511 540//540 481//481
f 512//512 541//541 511//511
f 542//542 541//541 512//512
f 513//513 542//542 512//512
f 543//543 542//542 513//513
f 514//514 543//543 513//513
f 544//544 543//543 514//514
f 515//515 544//544 514//514
f 545//545 544//544 515//515
f 516//516 545//545 515//515
f 546//546 545//545 516//516
f 517//517 546//546 516//516
f 547//547 546//546 517//517
f 518//518 547//547 517//517
f 548//548 547//547 518//518
f 519//519 548//548 518//518
f 549//549 548//548 519//519
f 520//520 549//549 519//519
f 550//550 549//549 520//520
f 521//521 550//550 520//520
f 551//551 550//550 521//521
f 522//522 551//551 521//521
f 552//552 551//551 522//522
f 523//523 552//552 522//522
f 553//553 552//552 523//523
f 524//524 553//553 523//523
f 554//554 553//553 524//524
f 525//525 554//554 524//524
f 555//555 554//554 525//525
f 526//526 555//555 525//525
f 556//556 555//555 526//526
f 527//527 556//556 526//526
f 557//557 556//556 527//527
f 528//528 557//557 527//527
f 558//558 557//557 528//528
f 529//529 558//558 528//528
f 559//559 558//558 529//529
f 530//530 559//559 529//529
f 560//560 559//559 530//530
f 531//531 560//560 530//530
f 561//561 560//560 531//531
f 532//532 561//561 531//531
f 562//562 561//561 532//532
f 533//533 562//562 532//532
f 563//563 562//562 533//533
f 534//534 563//563 533//533
f 564//564 563//563 534//534
f 535//535 564//564 534//534
f 565//565 564//564 535//535
f 536//536 565//565 535//535
f 566//566 565//565 536//536
f 537//537 566//566 536//536
f 567//567 566//566 537//537
f 538//538 567//567 537//537
f 568//568 567//567 538//538
f 539//539 568//568 538//538
f 569//569 568//568 539//539
f 540//540 569//569 539//539
f 570//570 569//569 540//540
f 511//511 570//570 540//540
f 541//541 570//570 511//511
f 542//542 571//571 541//541
f 572//572 571//571 542//542
f 543//543 572//572 542//542
f 573//573 572//572 543//543
f 544//544 573//573 543//543
f 574//574 573//573 544//544
f 545//545 574//574 544//544
f 575//575 574//574 545//545
f 546//546 575//575 545//545
f 576//576 575//575 546//546
f 547//547 576//576 546//546
f 577//577 576//576 547//547
f 548//548 577//577 547//547
f 578//578 577//577 548//548
f 549//549 578//578 548//548
f 579//579 578//578 549//549
f 550//550 579//579 549//549
f 580//580 579//579 550//550
f 551//551 580//580 550//550
f 581//581 580//580 551//551
f 552//552 581//581 551//551
f 582//582 581//581 552//552
f 553//553 582//582 552//552
f 583//583 582//582 553//553
f 554//554 583//583 553//553
f 584//584 583//583 554//554
f 555//555 584//584 554//554
f 585//585 584//584 555//555
f 556//556 585//585 555//555
f 586//586 585//585 556//556
f 557//557 586//586 556//556
f 587//587 586//586 557//557
f 558//558 587//587 557//557
f 588//588 587//587 558//558
f 559//559 588//588 558//558
f 589//589 588//588 559//559
f 560//560 589//589 559//559
f 590//590 589//589 560//560
f 561//561 590//590 560//560
f 591//591 590//590 561//561
f 562//562 591//591 561//561
f 592//592 591//591 562//562
f 563//563 592//592 562//562
f 593//593 592//592 563//563
f 564//564 593//593 563//563
f 594//594 593//593 564//564
f 565//565 594//594 564//564
f 595//595 594//594 565//565
f 566//566 595//595 565//565
f 596//596 595//595 566//566
f 567//567 596//596 566//566
f 597//597 596//596 567//567
f 568//568 597//597 567//567
f 598//598 597//597 568//568
f 569//569 598//598 568//568
f 599//599 598//598 569//569
f 570//570 599//599 569//569
f 600//600 599//599 570//570
f 541//541 600//600 570//570
f 571//571 600//600 541//541
f 572//572 601//601 571//571
f 602//602 601//601 572//572
f 573//573 602//602 572//572
f 603//603 602//602 573//573
f 574//574 603//603 573//573
f 604//604 603//603 574//574
f 575//575 604//604 574//574
f 605//605 604//604 575//575
f 576//576 605//605 575//575
f 606//606 605//605 576//576
f 577//577 606//606 576//576
f 607//607 606//606 577//577
f 578//578 607//607 577//577
f 608//608 607//607 578//578
f 579//579 608//608 578//578
f 609//609 608//608 579//579
f 580//580 609//609 579//579
f 610//610 609//609 580//580
f 581//581 610//610 580//580
f 611//611 610//610 581//581
f 582//582 611//611 581//581
f 612//612 611//611 582//582
f 583//583 612//612 582//582
f 613//613 612//612 583//583
f 584//584 613//613 583//583
f 614//614 613//613 584//584
f 585//585 614//614 584//584
f 615//615 614//614 585//585
f 586//586 615//615 585//585
f 616//616 615//615 586//586
f 587//587 616//616 586//586
f 617//617 616//616 587//587
f 588//588 617//617 587//587
f 618//618 617//617 588//588
f 589//589 618//618 588//588
f 619//619 618//618 589//589
f 590//590 619//619 589//589
f 620//620 619//619 590//590
f 591//591 620//620 590//590
f 621//621 620//620 591//591
f 592//592 621//621 591//591
f 622//622 621//621 592//592
f 593//593 622//622 592//592
f 623//623 622//622 593//593
f 594//594 623//623 593//593
f 624//624 623//623 594//594
f 595//595 624//624 594//594
f 625//625 624//624 595//595
f 596//596 625//625 595//595
f 626//626 625//625 596//596
f 597//597 626//626 596//596
f 627//627 626//626 597//597
f 598//598 627//627 597//597
f 628//628 627//627 598//598
f 599//599 628//628 598//598
f 629//629 628//628 599//599
f 600//600 629//629 599//599
f 630//630 629//629 600//600
f 571//571 630//630 600//600
f 601//601 630//630 571//571
f 661//661 632//632 631//631
f 661//661 662//662 632//632
f 662//662 633//633 632//632
f 662//662 663//663 633//633
f 663//663 634//634 633//633
f 663//663 664//664 634//634
f 664//664 635//635 634//634
f 664//664 665//665 635//635
f 665//665 636//636 635//635
f 665//665 666//666 636//636
f 666//666 637//637 636//636
f 666//666 667//667 637//637
f 667//667 638//638 637//637
f 667//667 668//668 638//638
f 668//668 639//639 638//638
f 668//668 669//669 639//639
f 669//669 640//640 639//639
f 669//669 670//670 640//640
f 670//670 641//641 640//640
f 670//670 671//671 641//641
f 671//671 642//642 641//641
f 671//671 672//672 642//642
f 672//672 643//643 642//642
f 672//672 673//673 643//643
f 673//673 644//644 643//643
f 673//673 674//674 644//644
f 674//674 645//645 644//644
f 674//674 675//675 645//645
f 675//675 646//646 645//645
f 675//675 676//676 646//646
f 676//676 647//647 646//646
f 676//676 677//677 647//647
f 677//677 648//648 647//647
f 677//677 678//678 648//648
f 678//678 649//649 648//648
f 678//678 679//679 649//649
f 679//679 650//650 649//649
f 679//679 680//680 650//650
f 680//680 651//651 650//650
f 680//680 681//681 651//651
f 681//681 652//652 651//651
f 681//681 682//682 652//652
f 682//682 653//653 652//652
f 682//682 683//683 653//653
f 683//683 654//654 653//653
f 683//683 684//684 654//654
f 684//684 655//655 654//654
f 684//684 685//685 655//655
f 685//685 656//656 655//655
f 685//685 686//686 656//656
f 686//686 657//657 656//656
f 686//686 687//687 657//657
f 687//687 658//658 657//657
f 687//687 688//688 658//658
f 688//688 659//659 658//658
f 688//688 689//689 659//659
f 689//689 660//660 659//659
f 689//689 690//690 660//660
f 690//690 631//631 660//660
f 690//690 661//661 631//631
f 691//691 662//662 661//661
f 691//691 692//692 662//662
f 692//692 663//663 662//662
f 692//692 693//693 663//663
f 693//693 664//664 663//663
f 693//693 694//694 664//664
f 694//694 665//665 664//664
f 694//694 695//695 665//665
f 695//695 666//666 665//665
f 695//695 696//696 666//666
f 696//696 667//667 666//666
f 696//696 697//697 667//667
f 697//697 668//668 667//667
f 697//697 698//698 668//668
f 698//698 669//669 668//668
f 698//698 699//699 669//669
f 699//699 670//670 669//669
f 699//699 700//700 670//670
f 700//700 671//671 670//670
f 700//700 701//701 671//671
f 701//701 672//672 671//671
f 701//701 702//702 672//672
f 702//702 673//673 672//672
f 702//702 703//703 673//673
f 703//703 674//674 673//673
f 703//703 704//704 674//674
f 704//704 675//675 674//674
f 704//704 705//705 675//675
f 705//705 676//676 675//675
f 705//705 706//706 676//676
f 706//706 677//677 676//676
f 706//706 707//707 677//677
f 707//707 678//678 677//677
f 707//707 708//708 678//678
f 708//708 679//679 678//678
f 708//708 709//709 679//679
f 709//709 680//680 679//679
f 709//709 710//710 680//680
f 710//710 681//681 680//680
f 710//710 711//711 681//681
f 711//711 682//682 681//681
f 711//711 712//712 682//682
f 712//712 683//683 682//682
f 712//712 713//713 683//683
f 713//713 684//684 683//683
f 713//713 714//714 684//684
f 714//714 685//685 684//684
f 714//714 715//715 685//685
f 715//715 686//686 685//685
f 715//715 716//716 686//686
f 716//716 687//687 686//686
f 716//716 717//717 687//687
f 717//717 688//688 687//687
f 717//717 718//718 688//688
f 718//718 689//689 688//688
f 718//718 719//719 689//689
f 719//719 690//690 689//689
f 719//719 720//720 690//690
f 720//720 661//661 690//690
f 720//720 691//691 661//661
f 721//721 692//692 691//691
f 721//721 722//722 692//692
f 722//722 693//693 692//692
f 722//722 723//723 693//693
f 723//723 694//694 693//693
f 723//723 724//724 694//694
f 724//724 695//695 694//694
f 724//724 725//725 695//695
f 725//725 696//696 695//695
f 725//725 726//726 696//696
f 726//726 697//697 696//696
f 726//726 727//727 697//697
f 727//727 698//698 697//697
f 727//727 728//728 698//698
f 728//728 699//699 698//698
f 728//728 729//729 699//699
f 729//729 700//700 699//699
f 729//729 730//730 700//700
f 730//730 701//701 700//700
f 730//730 731//731 701//701
f 731//731 702//702 701//701
f 731//731 732//732 702//702
f 732//732 703//703 702//702
f 732//732 733//733 703//703
f 733//733 704//704 703//703
f 733//733 734//734 704//704
f 734//734 705//705 704//704
f 734//734 735//735 705//705
f 735//735 706//706 705//705
f 735//735 736//736 706//706
f 736//736 707//707 706//706
f 736//736 737//737 707//707
f 737//737 708//708 707//707
f 737//737 738//738 708//708
f 738//738 709//709 708//708
f 738//738 739//739 709//709
f 739//739 710//710 709//709
f 739//739 740//740 710//710
f 740//740 711//711 710//710
f 740//740 741//741 711//711
f 741//741 712//712 711//711
f 741//741 742//742 712//712
f 742//742 713//713 712//712
f 742//742 743//743 713//713
f 743//743 714//714 713//713
f 743//743 744//744 714//714
f 744//744 715//715 714//714
f 744//744 745//745 715//715
f 745//745 716//716 715//715
f 745//745 746//746 716//716
f 746//746 717//717 716//716
f 746//746 747//747 717//717
f 747//747 718//718 717//717
f 747//747 748//748 718//718
f 748//748 719//719 718//718
f 748//748 749//749 719//719
f 749//749 720//720 719//719
f 749//749 750//750 720//720
f 750//750 691//691 720//720
f 750//750 721//721 691//691
f 751//751 722//722 721//721
f 751//751 752//752 722//722
f 752//752 723//723 722//722
f 752//752 753//753 723//723
f 753//753 724//724 723//723
f 753//753 754//754 724//724
f 754//754 725//725 724//724
f 754//754 755//755 725//725
f 755//755 726//726 725//725
f 755//755 756//756 726//726
f 756//756 727//727 726//726
f 756//756 757//757 727//727
f 757//757 728//728 727//727
f 757//757 758//758 728//728
f 758//758 729//729 728//728
f 758//758 759//759 729//729
f 759//759 730//730 729//729
f 759//759 760//760 730//730
f 760//760 731//731 730//730
f 760//760 761//761 731//731
f 761//761 732//732 731//731
f 761//761 762//762 732//732
f 762//762 733//733 732//732
f 762//762 763//763 733//733
f 763//763 734//734 733//733
f 763//763 764//764 734//734
f 764//764 735//735 734//734
f 764//764 765//765 735//735
f 765//765 736//736 735//735
f 765//765 766//766 736//736
f 766//766 737//737 736//736
f 766//766 767//767 737//737
f 767//767 738//738 737//737
f 767//767 768//768 738//738
f 768//768 739//739 738//738
f 768//768 769//769 739//739
f 769//769 740//740 739//739
f 769//769 770//770 740//740
f 770//770 741//741 740//740
f 770//770 771//771 741//741
f 771//771 742//742 741//741
f 771//771 772//772 742//742
f 772//772 743//743 742//742
f 772//772 773//773 743//743
f 773//773 744//744 743//743
f 773//773 774//774 744//744
f 774//774 745//745 744//744
f 774//774 775//775 745//745
f 775//775 746//746 745//745
f 775//775 776//776 746//746
f 776//776 747//747 746//746
f 776//776 777//777 747//747
f 777//777 748//748 747//747
f 777//777 778//778 748//748
f 778//778 749//749 748//748
f 778//778 779//779 749//749
f 779//779 750//750 749//749
f 779//779 780//780 750//750
f 780//780 721//721 750//750
f 780//780 751//751 721//721
f 781//781 752//752 751//751
f 781//781 782//782 752//752
f 782//782 753//753 752//752
f 782//782 783//783 753//753
f 783//783 754//754 753//753
f 783//783 784//784 754//754
f 784//784 755//755 754//754
f 784//784 785//785 755//755
f 785//785 756//756 755//755
f 785//785 786//786 756//756
f 786//786 757//757 756//756
f 786//786 787//787 757//757
f 787//787 758//758 757//757
f 787//787 788//788 758//758
f 788//788 759//759 758//758
f 788//788 789//789 759//759
f 789//789 760//760 759//759
f 789//789 790//790 760//760
f 790//790 761//761 760//760
f 790//790 791//791 761//761
f 791//791 762//762 761//761
f 791//791 792//792 762//762
f 792//792 763//763 762//762
f 792//792 793//793 763//763
f 793//793 764//764 763//763
f 793//793 794//794 764//764
f 794//794 765//765 764//764
f 794//794 795//795 765//765
f 795//795 766//766 765//765
f 795//795 796//796 766//766
f 796//796 767//767 766//766
f 796//796 797//797 767//767
f 797//797 768//768 767//767
f 797//797 798//798 768//768
f 798//798 769//769 768//768
f 798//798 799//799 769//769
f 799//799 770//770 769//769
f 799//799 800//800 770//770
f 800//800 771//771 770//770
f 800//800 801//801 771//771
f 801//801 772//772 771//771
f 801//801 802//802 772//772
f 802//802 773//773 772//772
f 802//802 803//803 773//773
f 803//803 774//774 773//773
f 803//803 804//804 774//774
f 804//804 775//775 774//774
f 804//804 805//805 775//775
f 805//805 776//776 775//775
f 805//805 806//806 776//776
f 806//806 777//777 776//776
f 806//806 807//807 777//777
f 807//807 778//778 777//777
f 807//807 808//808 778//778
f 808//808 779//779 778//778
f 808//808 809//809 779//779
f 809//809 780//780 779//779
f 809//809 810//810 780//780
f 810//810 751//751 780//780
f 810//810 781//781 751//751
f 811//811 782//782 781//781
f 811//811 812//812 782//782
f 812//812 783//783 782//782
f 812//812 813//813 783//783
f 813//813 784//784 783//783
f 813//813 814//814 784//784
f 814//814 785//785 784//784
f 814//814 815//815 785//785
f 815//815 786//786 785//785
f 815//815 816//816 786//786
f 816//816 787//787 786//786
f 816//816 817//817 787//787
f 817//817 788//788 787//787
f 817//817 818//818 788//788
f 818//818 789//789 788//788
f 818//818 819//819 789//789
f 819//819 790//790 789//789
f 819//819 820//820 790//790
f 820//820 791//791 790//790
f 820//820 821//821 791//791
f 821//821 792//792 791//791
f 821//821 822//822 792//792
f 822//822 793//793 792//792
f 822//822 823//823 793//793
f 823//823 794//794 793//793
f 823//823 824//824 794//794
f 824//824 795//795 794//794
f 824//824 825//825 795//795
f 825//825 796//796 795//795
f 825//825 826//826 796//796
f 826//826 797//797 796//796
f 826//826 827//827 797//797
f 827//827 798//798 797//797
f 827//827 828//828 798//798
f 828//828 799//799 798//798
f 828//828 829//829 799//799
f 829//829 800//800 799//799
f 829//829 830//830 800//800
f 830//830 801//801 800//800
f 830//830 831//831 801//801
f 831//831 802//802 801//801
f 831//831 832//832 802//802
f 832//832 803//803 802//802
f 832//832 833//833 803//803
f 833//833 804//804 803//803
f 833//833 834//834 804//804
f 834//834 805//805 804//804
f 834//834 835//835 805//805
f 835//835 806//806 805//805
f 835//835 836//836 806//806
f 836//836 807//807 806//806
f 836//836 837//837 807//807
f 837//837 808//808 807//807
f 837//837 838//838 808//808
f 838//838 809//809 808//808
f 838//838 839//839 809//809
f 839//839 810//810 809//809
f 839//839 840//840 810//810
f 840//840 781//781 810//810
f 840//840 811//811 781//781
f 841//841 812//812 811//811
f 841//841 842//842 812//812
f 842//842 813//813 812//812
f 842//842 843//843 813//813
f 843//843 814//814 813//813
f 843//843 844//844 814//814
f 844//844 815//815 814//814
f 844//844 845//845 815//815
f 845//845 816//816 815//815
f 845//845 846//846 816//816
f 846//846 817//817 816//816
f 846//846 847//847 817//817
f 847//847 818//818 817//817
f 847//847 848//848 818//818
f 848//848 819//819 818//818
f 848//848 849//849 819//819
f 849//849 820//820 819//819
f 849//849 850//850 820//820
f 850//850 821//821 820//820
f 850//850 851//851 821//821
f 851//851 822//822 821//821
f 851//851 852//852 822//822
f 852//852 823//823 822//822
f 852//852 853//853 823//823
f 853//853 824//824 823//823
f 853//853 854//854 824//824
f 854//854 825//825 824//824
f 854//854 855//855 825//825
f 855//855 826//826 825//825
f 855//855 856//856 826//826
f 856//856 827//827 826//826
f 856//856 857//857 827//827
f 857//857 828//828 827//827
f 857//857 858//858 828//828
f 858//858 829//829 828//828
f 858//858 859//859 829//829
f 859//859 830//830 829//829
f 859//859 860//860 830//830
f 860//860 831//831 830//830
f 860//860 861//861 831//831
f 861//861 832//832 831//831
f 861//861 862//862 832//832
f 862//862 833//833 832//832
f 862//862 863//863 833//833
f 863//863 834//834 833//833
f 863//863 864//864 834//834
f 864//864 835//835 834//834
f 864//864 865//865 835//835
f 865//865 836//836 835//835
f 865//865 866//866 836//836
f 866//866 837//837 836//836
f 866//866 867//867 837//837
f 867//867 838//838 837//837
f 867//867 868//868 838//838
f 868//868 839//839 838//838
f 868//868 869//869 839//839
f 869//869 840//840 839//839
f 869//869 870//870 840//840
f 870//870 811//811 840//840
f 870//870 841//841 811//811
f 871//871 842//842 841//841
f 871//871 872//872 842//842
f 872//872 843//843 842//842
f 872//872 873//873 843//843
f 873//873 844//844 843//843
f 873//873 874//874 844//844
f 874//874 845//845 844//844
f 874//874 875//875 845//845
f 875//875 846//846 845//845
f 875//875 876//876 846//846
f 876//876 847//847 846//846
f 876//876 877//877 847//847
f 877//877 848//848 847//847
f 877//877 878//878 848//848
f 878//878 849//849 848//848
f 878//878 879//879 849//849
f 879//879 850//850 849//849
f 879//879 880//880 850//850
f 880//880 851//851 850//850
f 880//880 881//881 851//851
f 881//881 852//852 851//851
f 881//881 882//882 852//852
f 882//882 853//853 852//852
f 882//882 883//883 853//853
f 883//883 854//854 853//853
f 883//883 884//884 854//854
f 884//884 855//855 854//854
f 884//884 885//885 855//855
f 885//885 856//856 855//855
f 885//885 886//886 856//856
f 886//886 857//857 856//856
f 886//886 887//887 857//857
f 887//887 858//858 857//857
f 887//887 888//888 858//858
f 888//888 859//859 858//858
f 888//888 889//889 859//859
f 889//889 860//860 859//859
f 889//889 890//890 860//860
f 890//890 861//861 860//860
f 890//890 891//891 861//861
f 891//891 862//862 861//861
f 891//891 892//892 862//862
f 892//892 863//863 862//862
f 892//892 893//893 863//863
f 893//893 864//864 863//863
f 893//893 894//894 864//864
f 894//894 865//865 864//864
f 894//894 895//895 865//865
f 895//895 866//866 865//865
f 895//895 896//896 866//866
f 896//896 867//867 866//866
f 896//896 897//897 867//867
f 897//897 868//868 867//867
f 897//897 898//898 868//868
f 898//898 869//869 868//868
f 898//898 899//899 869//869
f 899//899 870//870 869//869
f 899//899 900//900 870//870
f 900//900 841//841 870//870
f 900//900 871//871 841//841
f 901//901 872//872 871//871
f 901//901 902//902 872//872
f 902//902 873//873 872//872
f 902//902 903//903 873//873
f 903//903 874//874 873//873
f 903//903 904//904 874//874
f 904//904 875//875 874//874
f 904//904 905//905 875//875
f 905//905 876//876 875//875
f 905//905 906//906 876//876
f 906//906 877//877 876//876
f 906//906 907//907 877//877
f 907//907 878//878 877//877
f 907//907 908//908 878//878
f 908//908 879//879 878//878
f 908//908 909//909 879//879
f 909//909 880//880 879//879
f 909//909 910//910 880//880
f 910//910 881//881 880//880
f 910//910 911//911 881//881
f 911//911 882//882 881//881
f 911//911 912//912 882//882
f 912//912 883//883 882//882
f 912//912 913//913 883//883
f 913//913 884//884 883//883
f 913//913 914//914 884//884
f 914//914 885//885 884//884
f 914//914 915//915 885//885
f 915//915 886//886 885//885
f 915//915 916//916 886//886
f 916//916 887//887 886//886
f 916//916 917//917 887//887
f 917//917 888//888 887//887
f 917//917 918//918 888//888
f 918//918 889//889 888//888
f 918//918 919//919 889//889
f 919//919 890//890 889//889
f 919//919 920//920 890//890
f 920//920 891//891 890//890
f 920//920 921//921 891//891
f 921//921 892//892 891//891
f 921//921 922//922 892//892
f 922//922 893//893 892//892
f 922//922 923//923 893//893
f 923//923 894//894 893//893
f 923//923 924//924 894//894
f 924//924 895//895 894//894
f 924//924 925//925 895//895
f 925//925 896//896 895//895
f 925//925 926//926 896//896
f 926//926 897//897 896//896
f 926//926 927//927 897//897
f 927//927 898//898 897//897
f 927//927 928//928 898//898
f 928//928 899//899 898//898
f 928//928 929//929 899//899
f 929//929 900//900 899//899
f 929//929 930//930 900//900
f 930//930 871//871 900//900
f 930//930 901//901 871//871
f 931//931 902//902 901//901
f 931//931 932//932 902//902
f 932//932 903//903 902//902
f 932//932 933//933 903//903
f 933//933 904//904 903//903
f 933//933 934//934 904//904
f 934//934 905//905 904//904
f 934//934 935//935 905//905
f 935//935 906//906 905//905
f 935//935 936//936 906//906
f 936//936 907//907 906//906
f 936//936 937//937 907//907
f 937//937 908//908 907//907
f 937//937 938//938 908//908
f 938//938 909//909 908//908
f 938//938 939//939 909//909
f 939//939 910//910 909//909
f 939//939 940//940 910//910
f 940//940 911//911 910//910
f 940//940 941//941 911//911
f 941//941 912//912 911//911
f 941//941 942//942 912//912
f 942//942 913//913 912//912
f 942//942 943//943 913//913
f 943//943 914//914 913//913
f 943//943 944//944 914//914
f 944//944 915//915 914//914
f 944//944 945//945 915//915
f 945//945 916//916 915//915
f 945//945 946//946 916//916
f 946//946 917//917 916//916
f 946//946 947//947 917//917
f 947//947 918//918 917//917
f 947//947 948//948 918//918
f 948//948 919//919 918//918
f 948//948 949//949 919//919
f 949//949 920//920 919//919
f 949//949 950//950 920//920
f 950//950 921//921 920//920
f 950//950 951//951 921//921
f 951//951 922//922 921//921
f 951//951 952//952 922//922
f 952//952 923//923 922//922
f 952//952 953//953 923//923
f 953//953 924//924 923//923
f 953//953 954//954 924//924
f 954//954 925//925 924//924
f 954//954 955//955 925//925
f 955//955 926//926 925//925
f 955//955 956//956 926//926
f 956//956 927//927 926//926
f 956//956 957//957 927//927
f 957//957 928//928 927//927
f 957//957 958//958 928//928
f 958//958 929//929 928//928
f 958//958 959//959 929//929
f 959//959 930//930 929//929
f 959//959 960//960 930//930
f 960//960 901//901 930//930
f 960//960 931//931 901//901
f 961//961 932//932 931//931
f 961//961 962//962 932//932
f 962//962 933//933 932//932
f 962//962 963//963 933//933
f 963//963 934//934 933//933
f 963//963 964//964 934//934
f 964//964 935//935 934//934
f 964//964 965//965 935//935
f 965//965 936//936 935//935
f 965//965 966//966 936//936
f 966//966 937//937 936//936
f 966//966 967//967 937//937
f 967//967 938//938 937//937
f 967//967 968//968 938//938
f 968//968 939//939 938//938
f 968//968 969//969 939//939
f 969//969 940//940 939//939
f 969//969 970//970 940//940
f 970//970 941//941 940//940
f 970//970 971//971 941//941
f 971//971 942//942 941//941
f 971//971 972//972 942//942
f 972//972 943//943 942//942
f 972//972 973//973 943//943
f 973//973 944//944 943//943
f 973//973 974//974 944//944
f 974//974 945//945 944//944
f 974//974 975//975 945//945
f 975//975 946//946 945//945
f 975//975 976//976 946//946
f 976//976 947//947 946//946
f 976//976 977//977 947//947
f 977//977 948//948 947//947
f 977//977 978//978 948//948
f 978//978 949//949 948//948
f 978//978 979//979 949//949
f 979//979 950//950 949//949
f 979//979 980//980 950//950
f 980//980 951//951 950//950
f 980//980 981//981 951//951
f 981//981 952//952 951//951
f 981//981 982//982 952//952
f 982//982 953//953 952//952
f 982//982 983//983 953//953
f 983//983 954//954 953//953
f 983//983 984//984 954//954
f 984//984 955//955 954//954
f 984//984 985//985 955//955
f 985//985 956//956 955//955
f 985//985 986//986 956//956
f 986//986 957//957 956//956
f 986//986 987//987 957//957
f 987//987 958//958 957//957
f 987//987 988//988 958//958
f 988//988 959//959 958//958
f 988//988 989//989 959//959
f 989//989 960//960 959//959
f 989//989 990//990 960//960
f 990//990 931//931 960//960
f 990//990 961//961 931//931
f 991//991 962//962 961//961
f 991//991 992//992 962//962
f 992//992 963//963 962//962
f 992//992 993//993 963//963
f 993//993 964//964 963//963
f 993//993 994//994 964//964
f 994//994 965//965 964//964
f 994//994 995//995 965//965
f 995//995 966//966 965//965
f 995//995 996//996 966//966
f 996//996 967//967 966//966
f 996//996 997//997 967//967
f 997//997 968//968 967//967
f 997//997 998//998 968//968
f 998//998 969//969 968//968
f 998//998 999//999 969//969
f 999//999 970//970 969//969
f 999//999 1000//1000 970//970
f 1000//1000 971//971 970//970
f 1000//1000 1001//1001 971//971
f 1001//1001 972//972 971//971
f 1001//1001 1002//1002 972//972
f 1002//1002 973//973 972//972
f 1002//1002 1003//1003 973//973
f 1003//1003 974//974 973//973
f 1003//1003 1004//1004 974//974
f 1004//1004 975//975 974//974
f 1004//1004 1005//1005 975//975
f 1005//1005 976//976 975//975
f 1005//1005 1006//1006 976//976
f 1006//1006 977//977 976//976
f 1006//1006 1007//1007 977//977
f 1007//1007 978//978 977//977
f 1007//1007 1008//1008 978//978
f 1008//1008 979//979 978//978
f 1008//1008 1009//1009 979//979
f 1009//1009 980//980 979//979
f 1009//1009 1010//1010 980//980
f 1010//1010 981//981 980//980
f 1010//1010 1011//1011 981//981
f 1011//1011 982//982 981//981
f 1011//1011 1012//1012 982//982
f 1012//1012 983//983 982//982
f 1012//1012 1013//1013 983//983
f 1013//1013 984//984 983//983
f 1013//1013 1014//1014 984//984
f 1014//1014 985//985 984//984
f 1014//1014 1015//1015 985//985
f 1015//1015 986//986 985//985
f 1015//1015 1016//1016 986//986
f 1016//1016 987//987 986//986
f 1016//1016 1017//1017 987//987
f 1017//1017 988//988 987//987
f 1017//1017 1018//1018 988//988
f 1018//1018 989//989 988//988
f 1018//1018 1019//1019 989//989
f 1019//1019 990//990 989//989
f 1019//1019 1020//1020 990//990
f 1020//1020 961//961 990//990
f 1020//1020 991//991 961//961
f 1021//1021 992//992 991//991
f 1021//1021 1022//1022 992//992
f 1022//1022 993//993 992//992
f 1022//1022 1023//1023 993//993
f 1023//1023 994//994 993//993
f 1023//1023 1024//1024 994//994
f 1024//1024 995//995 994//994
f 1024//1024 1025//1025 995//995
f 1025//1025 996//996 995//995
f 1025//1025 1026//1026 996//996
f 1026//1026 997//997 996//996
f 1026//1026 1027//1027 997//997
f 1027//1027 998//998 997//997
f 1027//1027 1028//1028 998//998
f 1028//1028 999//999 998//998
f 1028//1028 1029//1029 999//999
f 1029//1029 1000//1000 999//999
f 1029//1029 1030//1030 1000//1000
f 1030//1030 1001//1001 1000//1000
f 1030//1030 1031//1031 1001//1001
f 1031//1031 1002//1002 1001//1001
f 1031//1031 1032//1032 1002//1002
f 1032//1032 1003//1003 1002//1002
f 1032//1032 1033//1033 1003//1003
f 1033//1033 1004//1004 1003//1003
f 1033//1033 1034//1034 1004//1004
f 1034//1034 1005//1005 1004//1004
f 1034//1034 1035//1035 1005//1005
f 1035//1035 1006//1006 1005//1005
f 1035//1035 1036//1036 1006//1006
f 1036//1036 1007//1007 1006//1006
f 1036//1036 1037//1037 1007//1007
f 1037//1037 1008//1008 1007//1007
f 1037//1037 1038//1038 1008//1008
f 1038//1038 1009//1009 1008//1008
f 1038//1038 1039//1039 1009//1009
f 1039//1039 1010//1010 1009//1009
f 1039//1039 1040//1040 1010//1010
f 1040//1040 1011//1011 1010//1010
f 1040//1040 1041//1041 1011//1011
f 1041//1041 1012//1012 1011//1011
f 1041//1041 1042//1042 1012//1012
f 1042//1042 1013//1013 1012//1012
f 1042//1042 1043//1043 1013//1013
f 1043//1043 1014//1014 1013//1013
f 1043//1043 1044//1044 1014//1014
f 1044//1044 1015//1015 1014//1014
f 1044//1044 1045//1045 1015//1015
f 1045//1045 1016//1016 1015//1015
f 1045//1045 1046//1046 1016//1016
f 1046//1046 1017//1017 1016//1016
f 1046//1046 1047//1047 1017//1017
f 1047//1047 1018//1018 1017//1017
f 1047//1047 1048//1048 1018//1018
f 1048//1048 1019//1019 1018//1018
f 1048//1048 1049//1049 1019//1019
f 1049//1049 1020//1020 1019//1019
f 1049//1049 1050//1050 1020//1020
f 1050//1050 991//991 1020//1020
f 1050//1050 1021//1021 991//991
f 1051//1051 1022//1022 1021//1021
f 1051//1051 1052//1052 1022//1022
f 1052//1052 1023//1023 1022//1022
f 1052//1052 1053//1053 1023//1023
f 1053//1053 1024//1024 1023//1023
f 1053//1053 1054//1054 1024//1024
f 1054//1054 1025//1025 1024//1024
f 1054//1054 1055//1055 1025//1025
f 1055//1055 1026//1026 1025//1025
f 1055//1055 1056//1056 1026//1026
f 1056//1056 1027//1027 1026//1026
f 1056//1056 1057//1057 1027//1027
f 1057//1057 1028//1028 1027//1027
f 1057//1057 1058//1058 1028//1028
f 1058//1058 1029//1029 1028//1028
f 1058//1058 1059//1059 1029//1029
f 1059//1059 1030//1030 1029//1029
f 1059//1059 1060//1060 1030//1030
f 1060//1060 1031//1031 1030//1030
f 1060//1060 1061//1061 1031//1031
f 1061//1061 1032//1032 1031//1031
f 1061//1061 1062//1062 1032//1032
f 1062//1062 1033//1033 1032//1032
f 1062//1062 1063//1063 1033//1033
f 1063//1063 1034//1034 1033//1033
f 1063//1063 1064//1064 1034//1034
f 1064//1064 1035//1035 1034//1034
f 1064//1064 1065//1065 1035//1035
f 1065//1065 1036//1036 1035//1035
f 1065//1065 1066//1066 1036//1036
f 1066//1066 1037//1037 1036//1036
f 1066//1066 1067//1067 1037//1037
f 1067//1067 1038//1038 1037//1037
f 1067//1067 1068//1068 1038//1038
f 1068//1068 1039//1039 1038//1038
f 1068//1068 1069//1069 1039//1039
f 1069//1069 1040//1040 1039//1039
f 1069//1069 1070//1070 1040//1040
f 1070//1070 1041//1041 1040//1040
f 1070//1070 1071//1071 1041//1041
f 1071//1071 1042//1042 1041//1041
f 1071//1071 1072//1072 1042//1042
f 1072//1072 1043//1043 1042//1042
f 1072//1072 1073//1073 1043//1043
f 1073//1073 1044//1044 1043//1043
f 1073//1073 1074//1074 1044//1044
f 1074//1074 1045//1045 1044//1044
f 1074//1074 1075//1075 1045//1045
f 1075//1075 1046//1046 1045//1045
f 1075//1075 1076//1076 1046//1046
f 1076//1076 1047//1047 1046//1046
f 1076//1076 1077//1077 1047//1047
f 1077//1077 1048//1048 1047//1047
f 1077//1077 1078//1078 1048//1048
f 1078//1078 1049//1049 1048//1048
f 1078//1078 1079//1079 1049//1049
f 1079//1079 1050//1050 1049//1049
f 1079//1079 1080//1080 1050//1050
f 1080//1080 1021//1021 1050//1050
f 1080//1080 1051//1051 1021//1021
f 1081//1081 1052//1052 1051//1051
f 1081//1081 1082//1082 1052//1052
f 1082//1082 1053//1053 1052//1052
f 1082//1082 1083//1083 1053//1053
f 1083//1083 1054//1054 1053//1053
f 1083//1083 1084//1084 1054//1054
f 1084//1084 1055//1055 1054//1054
f 1084//1084 1085//1085 1055//1055
f 1085//1085 1056//1056 1055//1055
f 1085//1085 1086//1086 1056//1056
f 1086//1086 1057//1057 1056//1056
f 1086//1086 1087//1087 1057//1057
f 1087//1087 1058//1058 1057//1057
f 1087//1087 1088//1088 1058//1058
f 1088//1088 1059//1059 1058//1058
f 1088//1088 1089//1089 1059//1059
f 1089//1089 1060//1060 1059//1059
f 1089//1089 1090//1090 1060//1060
f 1090//1090 1061//1061 1060//1060
f 1090//1090 1091//1091 1061//1061
f 1091//1091 1062//1062 1061//1061
f 1091//1091 1092//1092 1062//1062
f 1092//1092 1063//1063 1062//1062
f 1092//1092 1093//1093 1063//1063
f 1093//1093 1064//1064 1063//1063
f 1093//1093 1094//1094 1064//1064
f 1094//1094 1065//1065 1064//1064
f 1094//1094 1095//1095 1065//1065
f 1095//1095 1066//1066 1065//1065
f 1095//1095 1096//1096 1066//1066
f 1096//1096 1067//1067 1066//1066
f 1096//1096 1097//1097 1067//1067
f 1097//1097 1068//1068 1067//1067
f 1097//1097 1098//1098 1068//1068
f 1098//1098 1069//1069 1068//1068
f 1098//1098 1099//1099 1069//1069
f 1099//1099 1070//1070 1069//1069
f 1099//1099 1100//1100 1070//1070
f 1100//1100 1071//1071 1070//1070
f 1100//1100 1101//1101 1071//1071
f 1101//1101 1072//1072 1071//1071
f 1101//1101 1102//1102 1072//1072
f 1102//1102 1073//1073 1072//1072
f 1102//1102 1103//1103 1073//1073
f 1103//1103 1074//1074 1073//1073
f 1103//1103 1104//1104 1074//1074
f 1104//1104 1075//1075 1074//1074
f 1104//1104 1105//1105 1075//1075
f 1105//1105 1076//1076 1075//1075
f 1105//1105 1106//1106 1076//1076
f 1106//1106 1077//1077 1076//1076
f 1106//1106 1107//1107 1077//1077
f 1107//1107 1078//1078 1077//1077
f 1107//1107 1108//1108 1078//1078
f 1108//1108 1079//1079 1078//1078
f 1108//1108 1109//1109 1079//1079
f 1109//1109 1080//1080 1079//1079
f 1109//1109 1110//1110 1080//1080
f 1110//1110 1051//1051 1080//1080
f 1110//1110 1081//1081 1051//1051
f 1111//1111 1082//1082 1081//1081
f 1111//1111 1112//1112 1082//1082
f 1112//1112 1083//1083 1082//1082
f 1112//1112 1113//1113 1083//1083
f 1113//1113 1084//1084 1083//1083
f 1113//1113 1114//1114 1084//1084
f 1114//1114 1085//1085 1084//1084
f 1114//1114 1115//1115 1085//1085
f 1115//1115 1086//1086 1085//1085
f 1115//1115 1116//1116 1086//1086
f 1116//1116 1087//1087 1086//1086
f 1116//1116 1117//1117 1087//1087
f 1117//1117 1088//1088 1087//1087
f 1117//1117 1118//1118 1088//1088
f 1118//1118 1089//1089 1088//1088
f 1118//1118 1119//1119 1089//1089
f 1119//1119 1090//1090 1089//1089
f 1119//1119 1120//1120 1090//1090
f 1120//1120 1091//1091 1090//1090
f 1120//1120 1121//1121 1091//1091
f 1121//1121 1092//1092 1091//1091
f 1121//1121 1122//1122 1092//1092
f 1122//1122 1093//1093 1092//1092
f 1122//1122 1123//1123 1093//1093
f 1123//1123 1094//1094 1093//1093
f 1123//1123 1124//1124 1094//1094
f 1124//1124 1095//1095 1094//1094
f 1124//1124 1125//1125 1095//1095
f 1125//1125 1096//1096 1095//1095
f 1125//1125 1126//1126 1096//1096
f 1126//1126 1097//1097 1096//1096
f 1126//1126 1127//1127 1097//1097
f 1127//1127 1098//1098 1097//1097
f 1127//1127 1128//1128 1098//1098
f 1128//1128 1099//1099 1098//1098
f 1128//1128 1129//1129 1099//1099
f 1129//1129 1100//1100 1099//1099
f 1129//1129 1130//1130 1100//1100
f 1130//1130 1101//1101 1100//1100
f 1130//1130 1131//1131 1101//1101
f 1131//1131 1102//1102 1101//1101
f 1131//1131 1132//1132 1102//1102
f 1132//1132 1103//1103 1102//1102
f 1132//1132 1133//1133 1103//1103
f 1133//1133 1104//1104 1103//1103
f 1133//1133 1134//1134 1104//1104
f 1134//1134 1105//1105 1104//1104
f 1134//1134 1135//1135 1105//1105
f 1135//1135 1106//1106 1105//1105
f 1135//1135 1136//1136 1106//1106
f 1136//1136 1107//1107 1106//1106
f 1136//1136 1137//1137 1107//1107
f 1137//1137 1108//1108 1107//1107
f 1137//1137 1138//1138 1108//1108
f 1138//1138 1109//1109 1108//1108
f 1138//1138 1139//1139 1109//1109
f 1139//1139 1110//1110 1109//1109
f 1139//1139 1140//1140 1110//1110
f 1140//1140 1081//1081 1110//1110
f 1140//1140 1111//1111 1081//1081
f 1141//1141 1112//1112 1111//1111
f 1141//1141 1142//1142 1112//1112
f 1142//1142 1113//1113 1112//1112
f 1142//1142 1143//1143 1113//1113
f 1143//1143 1114//1114 1113//1113
f 1143//1143 1144//1144 1114//1114
f 1144//1144 1115//1115 1114//1114
f 1144//1144 1145//1145 1115//1115
f 1145//1145 1116//1116 1115//1115
f 1145//1145 1146//1146 1116//1116
f 1146//1146 1117//1117 1116//1116
f 1146//1146 1147//1147 1117//1117
f 1147//1147 1118//1118 1117//1117
f 1147//1147 1148//1148 1118//1118
f 1148//1148 1119//1119 1118//1118
f 1148//1148 1149//1149 1119//1119
f 1149//1149 1120//1120 1119//1119
f 1149//1149 1150//1150 1120//1120
f 1150//1150 1121//1121 1120//1120
f 1150//1150 1151//1151 1121//1121
f 1151//1151 1122//1122 1121//1121
f 1151//1151 1152//1152 1122//1122
f 1152//1152 1123//1123 1122//1122
f 1152//1152 1153//1153 1123//1123
f 1153//1153 1124//1124 1123//1123
f 1153//1153 1154//1154 1124//1124
f 1154//1154 1125//1125 1124//1124
f 1154//1154 1155//1155 1125//1125
f 1155//1155 1126//1126 1125//1125
f 1155//1155 1156//1156 1126//1126
f 1156//1156 1127//1127 1126//1126
f 1156//1156 1157//1157 1127//1127
f 1157//1157 1128//1128 1127//1127
f 1157//1157 1158//1158 1128//1128
f 1158//1158 1129//1129 1128//1128
f 1158//1158 1159//1159 1129//1129
f 1159//1159 1130//1130 1129//1129
f 1159//1159 1160//1160 1130//1130
f 1160//1160 1131//1131 1130//1130
f 1160//1160 1161//1161 1131//1131
f 1161//1161 1132//1132 1131//1131
f 1161//1161 1162//1162 1132//1132
f 1162//1162 1133//1133 1132//1132
f 1162//1162 1163//1163 1133//1133
f 1163//1163 1134//1134 1133//1133
f 1163//1163 1164//1164 1134//1134
f 1164//1164 1135//1135 1134//1134
f 1164//1164 1165//1165 1135//1135
f 1165//1165 1136//1136 1135//1135
f 1165//1165 1166//1166 1136//1136
f 1166//1166 1137//1137 1136//1136
f 1166//1166 1167//1167 1137//1137
f 1167//1167 1138//1138 1137//1137
f 1167//1167 1168//1168 1138//1138
f 1168//1168 1139//1139 1138//1138
f 1168//1168 1169//1169 1139//1139
f 1169//1169 1140//1140 1139//1139
f 1169//1169 1170//1170 1140//1140
f 1170//1170 1111//1111 1140//1140
f 1170//1170 1141//1141 1111//1111
f 1171//1171 1142//1142 1141//1141
f 1171//1171 1172//1172 1142//1142
f 1172//1172 1143//1143 1142//1142
f 1172//1172 1173//1173 1143//1143
f 1173//1173 1144//1144 1143//1143
f 1173//1173 1174//1174 1144//1144
f 1174//1174 1145//1145 1144//1144
f 1174//1174 1175//1175 1145//1145
f 1175//1175 1146//1146 1145//1145
f 1175//1175 1176//1176 1146//1146
f 1176//1176 1147//1147 1146//1146
f 1176//1176 1177//1177 1147//1147
f 1177//1177 1148//1148 1147//1147
f 1177//1177 1178//1178 1148//1148
f 1178//1178 1149//1149 1148//1148
f 1178//1178 1179//1179 1149//1149
f 1179//1179 1150//1150 1149//1149
f 1179//1179 1180//1180 1150//1150
f 1180//1180 1151//1151 1150//1150
f 1180//1180 1181//1181 1151//1151
f 1181//1181 1152//1152 1151//1151
f 1181//1181 1182//1182 1152//1152
f 1182//1182 1153//1153 1152//1152
f 1182//1182 1183//1183 1153//1153
f 1183//1183 1154//1154 1153//1153
f 1183//1183 1184//1184 1154//1154
f 1184//1184 1155//1155 1154//1154
f 1184//1184 1185//1185 1155//1155
f 1185//1185 1156//1156 1155//1155
f 1185//1185 1186//1186 1156//1156
f 1186//1186 1157//1157 1156//1156
f 1186//1186 1187//1187 1157//1157
f 1187//1187 1158//1158 1157//1157
f 1187//1187 1188//1188 1158//1158
f 1188//1188 1159//1159 1158//1158
f 1188//1188 1189//1189 1159//1159
f 1189//1189 1160//1160 1159//1159
f 1189//1189 1190//1190 1160//1160
f 1190//1190 1161//1161 1160//1160
f 1190//1190 1191//1191 1161//1161
f 1191//1191 1162//1162 1161//1161
f 1191//1191 1192//1192 1162//1162
f 1192//1192 1163//1163 1162//1162
f 1192//1192 1193//1193 1163//1163
f 1193//1193 1164//1164 1163//1163
f 1193//1193 1194//1194 1164//1164
f 1194//1194 1165//1165 1164//1164
f 1194//1194 1195//1195 1165//1165
f 1195//1195 1166//1166 1165//1165
f 1195//1195 1196//1196 1166//1166
f 1196//1196 1167//1167 1166//1166
f 1196//1196 1197//1197 1167//1167
f 1197//1197 1168//1168 1167//1167
f 1197//1197 1198//1198 1168//1168
f 1198//1198 1169//1169 1168//1168
f 1198//1198 1199//1199 1169//1169
f 1199//1199 1170//1170 1169//1169
f 1199//1199 1200//1200 1170//1170
f 1200//1200 1141//1141 1170//1170
f 1200//1200 1171//1171 1141//1141
f 1201//1201 1172//1172 1171//1171
f 1201//1201 1202//1202 1172//1172
f 1202//1202 1173//1173 1172//1172
f 1202//1202 1203//1203 1173//1173
f 1203//1203 1174//1174 1173//1173
f 1203//1203 1204//1204 1174//1174
f 1204//1204 1175//1175 1174//1174
f 1204//1204 1205//1205 1175//1175
f 1205//1205 1176//1176 1175//1175
f 1205//1205 1206//1206 1176//1176
f 1206//1206 1177//1177 1176//1176
f 1206//1206 1207//1207 1177//1177
f 1207//1207 1178//1178 1177//1177
f 1207//1207 1208//1208 1178//1178
f 1208//1208 1179//1179 1178//1178
f 1208//1208 1209//1209 1179//1179
f 1209//1209 1180//1180 1179//1179
f 1209//1209 1210//1210 1180//1180
f 1210//1210 1181//1181 1180//1180
f 1210//1210 1211//1211 1181//1181
f 1211//1211 1182//1182 1181//1181
f 1211//1211 1212//1212 1182//1182
f 1212//1212 1183//1183 1182//1182
f 1212//1212 1213//1213 1183//1183
f 1213//1213 1184//1184 1183//1183
f 1213//1213 1214//1214 1184//1184
f 1214//1214 1185//1185 1184//1184
f 1214//1214 1215//1215 1185//1185
f 1215//1215 1186//1186 1185//1185
f 1215//1215 1216//1216 1186//1186
f 1216//1216 1187//1187 1186//1186
f 1216//1216 1217//1217 1187//1187
f 1217//1217 1188//1188 1187//1187
f 1217//1217 1218//1218 1188//1188
f 1218//1218 1189//1189 1188//1188
f 1218//1218 1219//1219 1189//1189
f 1219//1219 1190//1190 1189//1189
f 1219//1219 1220//1220 1190//1190
f 1220//1220 1191//1191 1190//1190
f 1220//1220 1221//1221 1191//1191
f 1221//1221 1192//1192 1191//1191
f 1221//1221 1222//1222 1192//1192
f 1222//1222 1193//1193 1192//1192
f 1222//1222 1223//1223 1193//1193
f 1223//1223 1194//1194 1193//1193
f 1223//1223 1224//1224 1194//1194
f 1224//1224 1195//1195 1194//1194
f 1224//1224 1225//1225 1195//1195
f 1225//1225 1196//1196 1195//1195
f 1225//1225 1226//1226 1196//1196
f 1226//1226 1197//1197 1196//1196
f 1226//1226 1227//1227 1197//1197
f 1227//1227 1198//1198 1197//1197
f 1227//1227 1228//1228 1198//1198
f 1228//1228 1199//1199 1198//1198
f 1228//1228 1229//1229 1199//1199
f 1229//1229 1200//1200 1199//1199
f 1229//1229 1230//1230 1200//1200
f 1230//1230 1171//1171 1200//1200
f 1230//1230 1201//1201 1171//1171
f 1231//1231 1202//1202 1201//1201
f 1231//1231 1232//1232 1202//1202
f 1232//1232 1203//1203 1202//1202
f 1232//1232 1233//1233 1203//1203
f 1233//1233 1204//1204 1203//1203
f 1233//1233 1234//1234 1204//1204
f 1234//1234 1205//1205 1204//1204
f 1234//1234 1235//1235 1205//1205
f 1235//1235 1206//1206 1205//1205
f 1235//1235 1236//1236 1206//1206
f 1236//1236 1207//1207 1206//1206
f 1236//1236 1237//1237 1207//1207
f 1237//1237 1208//1208 1207//1207
f 1237//1237 1238//1238 1208//1208
f 1238//1238 1209//1209 1208//1208
f 1238//1238 1239//1239 1209//1209
f 1239//1239 1210//1210 1209//1209
f 1239//1239 1240//1240 1210//1210
f 1240//1240 1211//1211 1210//1210
f 1240//1240 1241//1241 1211//1211
f 1241//1241 1212//1212 1211//1211
f 1241//1241 1242//1242 1212//1212
f 1242//1242 1213//1213 1212//1212
f 1242//1242 1243//1243 1213//1213
f 1243//1243 1214//1214 1213//1213
f 1243//1243 1244//1244 1214//1214
f 1244//1244 1215//1215 1214//1214
f 1244//1244 1245//1245 1215//1215
f 1245//1245 1216//1216 1215//1215
f 1245//1245 1246//1246 1216//1216
f 1246//1246 1217//1217 1216//1216
f 1246//1246 1247//1247 1217//1217
f 1247//1247 1218//1218 1217//1217
f 1247//1247 1248//1248 1218//1218
f 1248//1248 1219//1219 1218//1218
f 1248//1248 1249//1249 1219//1219
f 1249//1249 1220//1220 1219//1219
f 1249//1249 1250//1250 1220//1220
f 1250//1250 1221//1221 1220//1220
f 1250//1250 1251//1251 1221//1221
f 1251//1251 1222//1222 1221//1221
f 1251//1251 1252//1252 1222//1222
f 1252//1252 1223//1223 1222//1222
f 1252//1252 1253//1253 1223//1223
f 1253//1253 1224//1224 1223//1223
f 1253//1253 1254//1254 1224//1224
f 1254//1254 1225//1225 1224//1224
f 1254//1254 1255//1255 1225//1225
f 1255//1255 1226//1226 1225//1225
f 1255//1255 1256//1256 1226//1226
f 1256//1256 1227//1227 1226//1226
f 1256//1256 1257//1257 1227//1227
f 1257//1257 1228//1228 1227//1227
f 1257//1257 1258//1258 1228//1228
f 1258//1258 1229//1229 1228//1228
f 1258//1258 1259//1259 1229//1229
f 1259//1259 1230//1230 1229//1229
f 1259//1259 1260//1260 1230//1230
f 1260//1260 1201//1201 1230//1230
f 1260//1260 1231//1231 1201//1201
f 2//2 1//1 632//632
f 3//3 2//2 633//633
f 4//4 3//3 634//634
f 5//5 4//4 635//635
f 6//6 5//5 636//636
f 7//7 6//6 637//637
f 8//8 7//7 638//638
f 9//9 8//8 639//639
f 10//10 9//9 640//640
f 11//11 10//10 641//641
f 12//12 11//11 642//642
f 13//13 12//12 643//643
f 14//14 13//13 644//644
f 15//15 14//14 645//645
f 16//16 15//15 646//646
f 17//17 16//16 647//647
f 18//18 17//17 648//648
f 19//19 18//18 649//649
f 20//20 19//19 650//650
f 21//21 20//20 651//651
f 22//22 21//21 652//652
f 23//23 22//22 653//653
f 24//24 23//23 654//654
f 25//25 24//24 655//655
f 26//26 25//25 656//656
f 27//27 26//26 657//657
f 28//28 27//27 658//658
f 29//29 28//28 659//659
f 30//30 29//29 660//660
f 1//1 30//30 631//631
f 1//1 631//631 632//632
f 2//2 632//632 633//633
f 3//3 633//633 634//634
f 4//4 634//634 635//635
f 5//5 635//635 636//636
f 6//6 636//636 637//637
f 7//7 637//637 638//638
f 8//8 638//638 639//639
f 9//9 639//639 640//640
f 10//10 640//640 641//641
f 11//11 641//641 642//642
f 12//12 642//642 643//643
f 13//13 643//643 644//644
f 14//14 644//644 645//645
f 15//15 645//645 646//646
f 16//16 646//646 647//647
f 17//17 647//647 648//648
f 18//18 648//648 649//649
f 19//19 649//649 650//650
f 20//20 650//650 651//651
f 21//21 651//651 652//652
f 22//22 652//652 653//653
f 23//23 653//653 654//654
f 24//24 654//654 655//655
f 25//25 655//655 656//656
f 26//26 656//656 657//657
f 27//27 657//657 658//658
f 28//28 658//658 659//659
f 29//29 659//659 660//660
f 30//30 660//660 631//631
