# Created by Open3D 
# object name: temp_object_776790588
# number of vertices: 1260
# number of triangles: 2460
v 0.108767 -2.88786e-09 0.0264732 0.8 0.8 0.8
vn -0.267389 0.00699843 0.963563
v 0.106492 0.0242122 0.0264732 0.8 0.8 0.8
vn -0.264738 -0.0440598 0.963313
v 0.099755 0.0460042 0.0264732 0.8 0.8 0.8
vn -0.247271 -0.0974988 0.964028
v 0.0888089 0.0654259 0.0264732 0.8 0.8 0.8
vn -0.219471 -0.147306 0.964434
v 0.0740618 0.0818797 0.0264732 0.8 0.8 0.8
vn -0.181929 -0.190938 0.964595
v 0.0560474 0.0947859 0.0264732 0.8 0.8 0.8
vn -0.136479 -0.226063 0.964504
v 0.0353716 0.103669 0.0264732 0.8 0.8 0.8
vn -0.0854669 -0.250738 0.964275
v 0.0125422 0.108197 0.0264732 0.8 0.8 0.8
vn -0.032217 -0.263159 0.964214
v -0.0125422 0.108197 0.0264732 0.8 0.8 0.8
vn 0.018075 -0.268639 0.963071
v -0.0353716 0.103669 0.0264732 0.8 0.8 0.8
vn 0.0711202 -0.257167 0.963746
v -0.0560474 0.0947859 0.0264732 0.8 0.8 0.8
vn 0.123012 -0.234678 0.964259
v -0.0740619 0.0818797 0.0264732 0.8 0.8 0.8
vn 0.17005 -0.201818 0.964548
v -0.0888089 0.0654259 0.0264732 0.8 0.8 0.8
vn 0.209693 -0.160056 0.964578
v -0.099755 0.0460042 0.0264732 0.8 0.8 0.8
vn 0.239821 -0.111509 0.964392
v -0.106492 0.0242122 0.0264732 0.8 0.8 0.8
vn 0.258289 -0.0584348 0.964299
v -0.108767 -2.88786e-09 0.0264732 0.8 0.8 0.8
vn 0.267389 -0.00699843 0.963563
v -0.106492 -0.0242122 0.0264732 0.8 0.8 0.8
vn 0.264738 0.0440598 0.963313
v -0.099755 -0.0460042 0.0264732 0.8 0.8 0.8
vn 0.247271 0.0974988 0.964028
v -0.0888089 -0.0654259 0.0264732 0.8 0.8 0.8
vn 0.219471 0.147306 0.964434
v -0.0740619 -0.0818797 0.0264732 0.8 0.8 0.8
vn 0.181929 0.190938 0.964595
v -0.0560474 -0.0947859 0.0264732 0.8 0.8 0.8
vn 0.136479 0.226063 0.964504
v -0.0353716 -0.103669 0.0264732 0.8 0.8 0.8
vn 0.0854669 0.250738 0.964275
v -0.0125422 -0.108197 0.0264732 0.8 0.8 0.8
vn 0.032217 0.263159 0.964214
v 0.0125422 -0.108197 0.0264732 0.8 0.8 0.8
vn -0.018075 0.268639 0.963071
v 0.0353716 -0.103669 0.0264732 0.8 0.8 0.8
vn -0.0711202 0.257167 0.963746
v 0.0560474 -0.0947859 0.0264732 0.8 0.8 0.8
vn -0.123012 0.234678 0.964259
v 0.0740618 -0.0818797 0.0264732 0.8 0.8 0.8
vn -0.17005 0.201818 0.964548
v 0.0888089 -0.0654259 0.0264732 0.8 0.8 0.8
vn -0.209693 0.160056 0.964578
v 0.099755 -0.0460042 0.0264732 0.8 0.8 0.8
vn -0.239821 0.111509 0.964392
v 0.106492 -0.0242122 0.0264732 0.8 0.8 0.8
vn -0.258289 0.0584348 0.964299
v 0.0840133 -2.88786e-09 0.0160455 0.8 0.8 0.8
vn -0.385654 -0.00560169 0.922626
v 0.0822564 0.0187019 0.0160455 0.8 0.8 0.8
vn -0.375923 -0.0799301 0.923197
v 0.0770523 0.0355343 0.0160455 0.8 0.8 0.8
vn -0.348886 -0.156597 0.923989
v 0.0685974 0.050536 0.0160455 0.8 0.8 0.8
vn -0.306014 -0.227077 0.924549
v 0.0572065 0.0632452 0.0160455 0.8 0.8 0.8
vn -0.249332 -0.287887 0.924638
v 0.0432919 0.0732141 0.0160455 0.8 0.8 0.8
vn -0.181794 -0.335815 0.924218
v 0.0273216 0.0800759 0.0160455 0.8 0.8 0.8
vn -0.107062 -0.36847 0.923454
v 0.00968781 0.0835731 0.0160455 0.8 0.8 0.8
vn -0.0304725 -0.384244 0.922729
v -0.00968782 0.0835731 0.0160455 0.8 0.8 0.8
vn 0.0420766 -0.382855 0.92285
v -0.0273216 0.0800759 0.0160455 0.8 0.8 0.8
vn 0.118901 -0.364456 0.923599
v -0.0432919 0.0732141 0.0160455 0.8 0.8 0.8
vn 0.192818 -0.329328 0.924318
v -0.0572066 0.0632452 0.0160455 0.8 0.8 0.8
vn 0.258909 -0.279233 0.92466
v -0.0685974 0.050536 0.0160455 0.8 0.8 0.8
vn 0.313632 -0.216705 0.924486
v -0.0770523 0.0355343 0.0160455 0.8 0.8 0.8
vn 0.354164 -0.145078 0.923861
v -0.0822564 0.0187019 0.0160455 0.8 0.8 0.8
vn 0.378659 -0.0679451 0.923039
v -0.0840133 -2.88786e-09 0.0160455 0.8 0.8 0.8
vn 0.385654 0.00560169 0.922626
v -0.0822564 -0.0187019 0.0160455 0.8 0.8 0.8
vn 0.375923 0.0799301 0.923197
v -0.0770523 -0.0355343 0.0160455 0.8 0.8 0.8
vn 0.348886 0.156597 0.923989
v -0.0685974 -0.050536 0.0160455 0.8 0.8 0.8
vn 0.306014 0.227077 0.924549
v -0.0572066 -0.0632452 0.0160455 0.8 0.8 0.8
vn 0.249332 0.287887 0.924638
v -0.0432919 -0.0732141 0.0160455 0.8 0.8 0.8
vn 0.181794 0.335815 0.924218
v -0.0273216 -0.080076 0.0160455 0.8 0.8 0.8
vn 0.107062 0.36847 0.923454
v -0.00968782 -0.0835731 0.0160455 0.8 0.8 0.8
vn 0.0304725 0.384244 0.922729
v 0.00968781 -0.0835731 0.0160455 0.8 0.8 0.8
vn -0.0420766 0.382855 0.92285
v 0.0273216 -0.080076 0.0160455 0.8 0.8 0.8
vn -0.118901 0.364456 0.923599
v 0.0432919 -0.0732141 0.0160455 0.8 0.8 0.8
vn -0.192818 0.329328 0.924318
v 0.0572065 -0.0632452 0.0160455 0.8 0.8 0.8
vn -0.258909 0.279233 0.92466
v 0.0685974 -0.050536 0.0160455 0.8 0.8 0.8
vn -0.313632 0.216705 0.924486
v 0.0770523 -0.0355343 0.0160455 0.8 0.8 0.8
vn -0.354164 0.145078 0.923861
v 0.0822564 -0.0187019 0.0160455 0.8 0.8 0.8
vn -0.378659 0.0679451 0.923039
v 0.0680448 -2.88786e-09 0.00946543 0.8 0.8 0.8
vn -0.373374 -0.00502616 0.927667
v 0.0666218 0.0151472 0.00946543 0.8 0.8 0.8
vn -0.363971 -0.0769396 0.928227
v 0.0624069 0.0287803 0.00946543 0.8 0.8 0.8
vn -0.337914 -0.151179 0.928956
v 0.055559 0.0409306 0.00946543 0.8 0.8 0.8
vn -0.296495 -0.219445 0.929481
v 0.0463332 0.051224 0.00946543 0.8 0.8 0.8
vn -0.2417 -0.278376 0.929563
v 0.0350633 0.0592982 0.00946543 0.8 0.8 0.8
vn -0.176382 -0.324867 0.929167
v 0.0221285 0.0648558 0.00946543 0.8 0.8 0.8
vn -0.104074 -0.356605 0.92844
v 0.00784643 0.0676882 0.00946543 0.8 0.8 0.8
vn -0.0299154 -0.372037 0.927736
v -0.00784644 0.0676882 0.00946543 0.8 0.8 0.8
vn 0.0403116 -0.370626 0.927907
v -0.0221285 0.0648558 0.00946543 0.8 0.8 0.8
vn 0.114676 -0.35294 0.928592
v -0.0350634 0.0592982 0.00946543 0.8 0.8 0.8
vn 0.186259 -0.319024 0.929264
v -0.0463332 0.051224 0.00946543 0.8 0.8 0.8
vn 0.250288 -0.270609 0.929584
v -0.055559 0.0409306 0.00946543 0.8 0.8 0.8
vn 0.303342 -0.210149 0.92942
v -0.0624069 0.0287803 0.00946543 0.8 0.8 0.8
vn 0.342689 -0.140861 0.928828
v -0.0666218 0.0151472 0.00946543 0.8 0.8 0.8
vn 0.366559 -0.0662125 0.928036
v -0.0680448 -2.88786e-09 0.00946543 0.8 0.8 0.8
vn 0.373374 0.00502616 0.927667
v -0.0666218 -0.0151472 0.00946543 0.8 0.8 0.8
vn 0.363971 0.0769396 0.928227
v -0.0624069 -0.0287803 0.00946543 0.8 0.8 0.8
vn 0.337914 0.151179 0.928956
v -0.055559 -0.0409306 0.00946543 0.8 0.8 0.8
vn 0.296495 0.219445 0.929481
v -0.0463332 -0.051224 0.00946543 0.8 0.8 0.8
vn 0.2417 0.278376 0.929563
v -0.0350634 -0.0592982 0.00946543 0.8 0.8 0.8
vn 0.176382 0.324867 0.929167
v -0.0221285 -0.0648558 0.00946543 0.8 0.8 0.8
vn 0.104074 0.356605 0.92844
v -0.00784644 -0.0676882 0.00946543 0.8 0.8 0.8
vn 0.0299154 0.372037 0.927736
v 0.00784643 -0.0676882 0.00946543 0.8 0.8 0.8
vn -0.0403116 0.370626 0.927907
v 0.0221285 -0.0648558 0.00946543 0.8 0.8 0.8
vn -0.114676 0.35294 0.928592
v 0.0350633 -0.0592982 0.00946543 0.8 0.8 0.8
vn -0.186259 0.319024 0.929264
v 0.0463332 -0.051224 0.00946543 0.8 0.8 0.8
vn -0.250288 0.270609 0.929584
v 0.055559 -0.0409306 0.00946543 0.8 0.8 0.8
vn -0.303342 0.210149 0.92942
v 0.0624069 -0.0287803 0.00946543 0.8 0.8 0.8
vn -0.342689 0.140861 0.928828
v 0.0666218 -0.0151472 0.00946543 0.8 0.8 0.8
vn -0.366559 0.0662125 0.928036
v 0.0575563 -2.88786e-09 0.0054178 0.8 0.8 0.8
vn -0.345038 -0.00435635 0.938579
v 0.0563526 0.0128124 0.0054178 0.8 0.8 0.8
vn -0.336297 -0.0707638 0.939094
v 0.0527874 0.024344 0.0054178 0.8 0.8 0.8
vn -0.312317 -0.139369 0.939699
v 0.0469951 0.0346215 0.0054178 0.8 0.8 0.8
vn -0.274104 -0.202461 0.940147
v 0.0391913 0.0433283 0.0054178 0.8 0.8 0.8
vn -0.223539 -0.256953 0.940216
v 0.0296586 0.0501579 0.0054178 0.8 0.8 0.8
vn -0.16325 -0.299991 0.93987
v 0.0187176 0.0548588 0.0054178 0.8 0.8 0.8
vn -0.0964798 -0.329442 0.939233
v 0.00663697 0.0572546 0.0054178 0.8 0.8 0.8
vn -0.0279501 -0.34388 0.938598
v -0.00663698 0.0572546 0.0054178 0.8 0.8 0.8
vn 0.0369368 -0.342406 0.938826
v -0.0187176 0.0548588 0.0054178 0.8 0.8 0.8
vn 0.105638 -0.326169 0.93939
v -0.0296586 0.0501579 0.0054178 0.8 0.8 0.8
vn 0.171787 -0.294891 0.939962
v -0.0391914 0.0433283 0.0054178 0.8 0.8 0.8
vn 0.230975 -0.250217 0.940235
v -0.0469951 0.0346215 0.0054178 0.8 0.8 0.8
vn 0.280056 -0.19442 0.94009
v -0.0527874 0.024344 0.0054178 0.8 0.8 0.8
vn 0.316515 -0.130454 0.939574
v -0.0563526 0.0128124 0.0054178 0.8 0.8 0.8
vn 0.338745 -0.061507 0.938866
v -0.0575563 -2.88786e-09 0.0054178 0.8 0.8 0.8
vn 0.345038 0.00435635 0.938579
v -0.0563526 -0.0128124 0.0054178 0.8 0.8 0.8
vn 0.336297 0.0707638 0.939094
v -0.0527874 -0.024344 0.0054178 0.8 0.8 0.8
vn 0.312317 0.139369 0.939699
v -0.0469951 -0.0346215 0.0054178 0.8 0.8 0.8
vn 0.274104 0.202461 0.940147
v -0.0391914 -0.0433283 0.0054178 0.8 0.8 0.8
vn 0.223539 0.256953 0.940216
v -0.0296586 -0.0501579 0.0054178 0.8 0.8 0.8
vn 0.16325 0.299991 0.93987
v -0.0187176 -0.0548588 0.0054178 0.8 0.8 0.8
vn 0.0964798 0.329442 0.939233
v -0.00663698 -0.0572546 0.0054178 0.8 0.8 0.8
vn 0.0279501 0.34388 0.938598
v 0.00663697 -0.0572546 0.0054178 0.8 0.8 0.8
vn -0.0369368 0.342406 0.938826
v 0.0187176 -0.0548588 0.0054178 0.8 0.8 0.8
vn -0.105638 0.326169 0.93939
v 0.0296586 -0.0501579 0.0054178 0.8 0.8 0.8
vn -0.171787 0.294891 0.939962
v 0.0391913 -0.0433283 0.0054178 0.8 0.8 0.8
vn -0.230975 0.250217 0.940235
v 0.0469951 -0.0346215 0.0054178 0.8 0.8 0.8
vn -0.280056 0.19442 0.94009
v 0.0527874 -0.024344 0.0054178 0.8 0.8 0.8
vn -0.316515 0.130454 0.939574
v 0.0563526 -0.0128124 0.0054178 0.8 0.8 0.8
vn -0.338745 0.061507 0.938866
v 0.0503959 -2.88786e-09 0.00299786 0.8 0.8 0.8
vn -0.296551 -0.00360003 0.95501
v 0.049342 0.0112184 0.00299786 0.8 0.8 0.8
vn -0.288917 -0.0606315 0.955432
v 0.0462203 0.0213155 0.00299786 0.8 0.8 0.8
vn -0.268381 -0.119584 0.955861
v 0.0411486 0.0303143 0.00299786 0.8 0.8 0.8
vn -0.235571 -0.173793 0.956192
v 0.0343157 0.037938 0.00299786 0.8 0.8 0.8
vn -0.192164 -0.220636 0.956239
v 0.0259689 0.0439179 0.00299786 0.8 0.8 0.8
vn -0.14041 -0.257678 0.955974
v 0.016389 0.048034 0.00299786 0.8 0.8 0.8
vn -0.0830742 -0.283097 0.955487
v 0.00581129 0.0501318 0.00299786 0.8 0.8 0.8
vn -0.0241819 -0.29568 0.954981
v -0.0058113 0.0501318 0.00299786 0.8 0.8 0.8
vn 0.0315781 -0.294144 0.955239
v -0.016389 0.048034 0.00299786 0.8 0.8 0.8
vn 0.0906028 -0.28027 0.955636
v -0.0259689 0.0439179 0.00299786 0.8 0.8 0.8
vn 0.147437 -0.253419 0.956055
v -0.0343157 0.037938 0.00299786 0.8 0.8 0.8
vn 0.1983 -0.215065 0.956255
v -0.0411486 0.0303143 0.00299786 0.8 0.8 0.8
vn 0.240512 -0.167169 0.956143
v -0.0462203 0.0213155 0.00299786 0.8 0.8 0.8
vn 0.271925 -0.112252 0.955749
v -0.049342 0.0112184 0.00299786 0.8 0.8 0.8
vn 0.2912 -0.0530336 0.955191
v -0.0503959 -2.88786e-09 0.00299786 0.8 0.8 0.8
vn 0.296551 0.00360003 0.95501
v -0.049342 -0.0112184 0.00299786 0.8 0.8 0.8
vn 0.288917 0.0606315 0.955432
v -0.0462203 -0.0213155 0.00299786 0.8 0.8 0.8
vn 0.268381 0.119584 0.955861
v -0.0411486 -0.0303143 0.00299786 0.8 0.8 0.8
vn 0.235571 0.173793 0.956192
v -0.0343157 -0.037938 0.00299786 0.8 0.8 0.8
vn 0.192164 0.220636 0.956239
v -0.0259689 -0.0439179 0.00299786 0.8 0.8 0.8
vn 0.14041 0.257678 0.955974
v -0.016389 -0.048034 0.00299786 0.8 0.8 0.8
vn 0.0830742 0.283097 0.955487
v -0.0058113 -0.0501318 0.00299786 0.8 0.8 0.8
vn 0.0241819 0.29568 0.954981
v 0.00581129 -0.0501318 0.00299786 0.8 0.8 0.8
vn -0.0315781 0.294144 0.955239
v 0.016389 -0.048034 0.00299786 0.8 0.8 0.8
vn -0.0906028 0.28027 0.955636
v 0.0259689 -0.0439179 0.00299786 0.8 0.8 0.8
vn -0.147437 0.253419 0.956055
v 0.0343157 -0.037938 0.00299786 0.8 0.8 0.8
vn -0.1983 0.215065 0.956255
v 0.0411486 -0.0303143 0.00299786 0.8 0.8 0.8
vn -0.240512 0.167169 0.956143
v 0.0462203 -0.0213155 0.00299786 0.8 0.8 0.8
vn -0.271925 0.112252 0.955749
v 0.049342 -0.0112184 0.00299786 0.8 0.8 0.8
vn -0.2912 0.0530336 0.955191
v 0.0451971 -2.88786e-09 0.00159664 0.8 0.8 0.8
vn -0.230255 -0.00277027 0.973126
v 0.0442519 0.0100611 0.00159664 0.8 0.8 0.8
vn -0.224181 -0.047018 0.973413
v 0.0414522 0.0191166 0.00159664 0.8 0.8 0.8
vn -0.20829 -0.0927777 0.973657
v 0.0369037 0.0271871 0.00159664 0.8 0.8 0.8
vn -0.182825 -0.134844 0.973854
v 0.0307757 0.0340243 0.00159664 0.8 0.8 0.8
vn -0.149152 -0.171207 0.97388
v 0.02329 0.0393874 0.00159664 0.8 0.8 0.8
vn -0.109012 -0.199996 0.973713
v 0.0146983 0.0430789 0.00159664 0.8 0.8 0.8
vn -0.0645313 -0.219809 0.973406
v 0.0052118 0.0449602 0.00159664 0.8 0.8 0.8
vn -0.0188133 -0.229719 0.973075
v -0.00521181 0.0449602 0.00159664 0.8 0.8 0.8
vn 0.0244751 -0.228226 0.9733
v -0.0146983 0.0430789 0.00159664 0.8 0.8 0.8
vn 0.0702863 -0.217513 0.973523
v -0.02329 0.0393874 0.00159664 0.8 0.8 0.8
vn 0.114391 -0.196675 0.973773
v -0.0307757 0.0340243 0.00159664 0.8 0.8 0.8
vn 0.153865 -0.166915 0.973892
v -0.0369037 0.0271871 0.00159664 0.8 0.8 0.8
vn 0.186649 -0.129766 0.973819
v -0.0414523 0.0191166 0.00159664 0.8 0.8 0.8
vn 0.211089 -0.0871689 0.973572
v -0.0442519 0.0100611 0.00159664 0.8 0.8 0.8
vn 0.226191 -0.0412217 0.97321
v -0.0451971 -2.88786e-09 0.00159664 0.8 0.8 0.8
vn 0.230255 0.00277027 0.973126
v -0.0442519 -0.0100612 0.00159664 0.8 0.8 0.8
vn 0.224181 0.047018 0.973413
v -0.0414523 -0.0191166 0.00159664 0.8 0.8 0.8
vn 0.20829 0.0927777 0.973657
v -0.0369037 -0.0271871 0.00159664 0.8 0.8 0.8
vn 0.182825 0.134844 0.973854
v -0.0307757 -0.0340243 0.00159664 0.8 0.8 0.8
vn 0.149152 0.171207 0.97388
v -0.02329 -0.0393874 0.00159664 0.8 0.8 0.8
vn 0.109012 0.199996 0.973713
v -0.0146983 -0.0430789 0.00159664 0.8 0.8 0.8
vn 0.0645313 0.219809 0.973406
v -0.00521181 -0.0449602 0.00159664 0.8 0.8 0.8
vn 0.0188133 0.229719 0.973075
v 0.0052118 -0.0449602 0.00159664 0.8 0.8 0.8
vn -0.0244751 0.228226 0.9733
v 0.0146983 -0.0430789 0.00159664 0.8 0.8 0.8
vn -0.0702863 0.217513 0.973523
v 0.02329 -0.0393874 0.00159664 0.8 0.8 0.8
vn -0.114391 0.196675 0.973773
v 0.0307757 -0.0340243 0.00159664 0.8 0.8 0.8
vn -0.153865 0.166915 0.973892
v 0.0369037 -0.0271871 0.00159664 0.8 0.8 0.8
vn -0.186649 0.129766 0.973819
v 0.0414522 -0.0191166 0.00159664 0.8 0.8 0.8
vn -0.211089 0.0871689 0.973572
v 0.0442519 -0.0100612 0.00159664 0.8 0.8 0.8
vn -0.226191 0.0412217 0.97321
v 0.041116 -2.88786e-09 0.00081418 0.8 0.8 0.8
vn -0.158231 -0.00194101 0.9874
v 0.0402562 0.00915267 0.00081418 0.8 0.8 0.8
vn -0.15394 -0.0323281 0.987551
v 0.0377093 0.0173905 0.00081418 0.8 0.8 0.8
vn -0.143054 -0.0637664 0.987658
v 0.0335715 0.0247323 0.00081418 0.8 0.8 0.8
vn -0.125555 -0.0926572 0.98775
v 0.0279968 0.0309521 0.00081418 0.8 0.8 0.8
vn -0.102425 -0.117636 0.98776
v 0.021187 0.0358309 0.00081418 0.8 0.8 0.8
vn -0.07486 -0.137429 0.987679
v 0.0133711 0.0391891 0.00081418 0.8 0.8 0.8
vn -0.0443114 -0.151082 0.987528
v 0.0047412 0.0409005 0.00081418 0.8 0.8 0.8
vn -0.0128991 -0.157977 0.987359
v -0.00474121 0.0409005 0.00081418 0.8 0.8 0.8
vn 0.0168453 -0.156713 0.987501
v -0.0133712 0.0391891 0.00081418 0.8 0.8 0.8
vn 0.0483172 -0.149391 0.987597
v -0.021187 0.0358309 0.00081418 0.8 0.8 0.8
vn 0.0786107 -0.135072 0.987712
v -0.0279968 0.0309521 0.00081418 0.8 0.8 0.8
vn 0.105722 -0.114626 0.987767
v -0.0335715 0.0247323 0.00081418 0.8 0.8 0.8
vn 0.128249 -0.089112 0.98773
v -0.0377093 0.0173905 0.00081418 0.8 0.8 0.8
vn 0.145067 -0.0598595 0.987609
v -0.0402562 0.00915267 0.00081418 0.8 0.8 0.8
vn 0.155525 -0.028302 0.987426
v -0.041116 -2.88786e-09 0.00081418 0.8 0.8 0.8
vn 0.158231 0.00194101 0.9874
v -0.0402562 -0.00915268 0.00081418 0.8 0.8 0.8
vn 0.15394 0.0323281 0.987551
v -0.0377093 -0.0173905 0.00081418 0.8 0.8 0.8
vn 0.143054 0.0637664 0.987658
v -0.0335715 -0.0247323 0.00081418 0.8 0.8 0.8
vn 0.125555 0.0926572 0.98775
v -0.0279968 -0.0309521 0.00081418 0.8 0.8 0.8
vn 0.102425 0.117636 0.98776
v -0.021187 -0.0358309 0.00081418 0.8 0.8 0.8
vn 0.07486 0.137429 0.987679
v -0.0133712 -0.0391891 0.00081418 0.8 0.8 0.8
vn 0.0443114 0.151082 0.987528
v -0.00474121 -0.0409005 0.00081418 0.8 0.8 0.8
vn 0.0128991 0.157977 0.987359
v 0.0047412 -0.0409005 0.00081418 0.8 0.8 0.8
vn -0.0168453 0.156713 0.987501
v 0.0133711 -0.0391891 0.00081418 0.8 0.8 0.8
vn -0.0483172 0.149391 0.987597
v 0.021187 -0.0358309 0.00081418 0.8 0.8 0.8
vn -0.0786107 0.135072 0.987712
v 0.0279968 -0.0309521 0.00081418 0.8 0.8 0.8
vn -0.105722 0.114626 0.987767
v 0.0335715 -0.0247323 0.00081418 0.8 0.8 0.8
vn -0.128249 0.089112 0.98773
v 0.0377093 -0.0173905 0.00081418 0.8 0.8 0.8
vn -0.145067 0.0598595 0.987609
v 0.0402562 -0.00915268 0.00081418 0.8 0.8 0.8
vn -0.155525 0.028302 0.987426
v 0.0376478 -2.88786e-09 0.00039496 0.8 0.8 0.8
vn -0.0960744 -0.00122917 0.995373
v 0.0368605 0.00838064 0.00039496 0.8 0.8 0.8
vn -0.0933991 -0.0196713 0.995434
v 0.0345285 0.0159236 0.00039496 0.8 0.8 0.8
vn -0.0868077 -0.0387572 0.995471
v 0.0307397 0.0226461 0.00039496 0.8 0.8 0.8
vn -0.0761785 -0.0562905 0.995504
v 0.0256353 0.0283413 0.00039496 0.8 0.8 0.8
vn -0.062134 -0.07145 0.995507
v 0.0193999 0.0328085 0.00039496 0.8 0.8 0.8
vn -0.0453999 -0.0834664 0.995476
v 0.0122433 0.0358834 0.00039496 0.8 0.8 0.8
vn -0.0268559 -0.0917667 0.995418
v 0.00434128 0.0374505 0.00039496 0.8 0.8 0.8
vn -0.00778503 -0.0959886 0.995352
v -0.00434129 0.0374505 0.00039496 0.8 0.8 0.8
vn 0.0102738 -0.0950801 0.995417
v -0.0122433 0.0358834 0.00039496 0.8 0.8 0.8
vn 0.0293798 -0.0906547 0.995449
v -0.0193999 0.0328085 0.00039496 0.8 0.8 0.8
vn 0.0477662 -0.0819591 0.99549
v -0.0256353 0.0283413 0.00039496 0.8 0.8 0.8
vn 0.064219 -0.0695415 0.99551
v -0.0307397 0.0226461 0.00039496 0.8 0.8 0.8
vn 0.0778923 -0.0540515 0.995495
v -0.0345285 0.0159236 0.00039496 0.8 0.8 0.8
vn 0.0881067 -0.0362941 0.99545
v -0.0368606 0.00838064 0.00039496 0.8 0.8 0.8
vn 0.0944903 -0.017139 0.995378
v -0.0376479 -2.88786e-09 0.00039496 0.8 0.8 0.8
vn 0.0960744 0.00122917 0.995373
v -0.0368606 -0.00838065 0.00039496 0.8 0.8 0.8
vn 0.0933991 0.0196713 0.995434
v -0.0345285 -0.0159236 0.00039496 0.8 0.8 0.8
vn 0.0868077 0.0387572 0.995471
v -0.0307397 -0.0226461 0.00039496 0.8 0.8 0.8
vn 0.0761785 0.0562905 0.995504
v -0.0256353 -0.0283413 0.00039496 0.8 0.8 0.8
vn 0.062134 0.07145 0.995507
v -0.0193999 -0.0328085 0.00039496 0.8 0.8 0.8
vn 0.0453999 0.0834664 0.995476
v -0.0122433 -0.0358834 0.00039496 0.8 0.8 0.8
vn 0.0268559 0.0917667 0.995418
v -0.00434129 -0.0374506 0.00039496 0.8 0.8 0.8
vn 0.00778503 0.0959886 0.995352
v 0.00434128 -0.0374506 0.00039496 0.8 0.8 0.8
vn -0.0102738 0.0950801 0.995417
v 0.0122433 -0.0358834 0.00039496 0.8 0.8 0.8
vn -0.0293798 0.0906547 0.995449
v 0.0193999 -0.0328085 0.00039496 0.8 0.8 0.8
vn -0.0477662 0.0819591 0.99549
v 0.0256353 -0.0283413 0.00039496 0.8 0.8 0.8
vn -0.064219 0.0695415 0.99551
v 0.0307397 -0.0226461 0.00039496 0.8 0.8 0.8
vn -0.0778923 0.0540515 0.995495
v 0.0345285 -0.0159236 0.00039496 0.8 0.8 0.8
vn -0.0881067 0.0362941 0.99545
v 0.0368605 -0.00838065 0.00039496 0.8 0.8 0.8
vn -0.0944903 0.017139 0.995378
v 0.0345013 -2.88786e-09 0.000180814 0.8 0.8 0.8
vn -0.0522148 -0.000708484 0.998636
v 0.0337798 0.00768021 0.000180814 0.8 0.8 0.8
vn -0.0507259 -0.0107292 0.998655
v 0.0316427 0.0145927 0.000180814 0.8 0.8 0.8
vn -0.0471498 -0.0211012 0.998665
v 0.0281706 0.0207534 0.000180814 0.8 0.8 0.8
vn -0.0413684 -0.030626 0.998674
v 0.0234927 0.0259726 0.000180814 0.8 0.8 0.8
vn -0.0337316 -0.03886 0.998675
v 0.0177785 0.0300665 0.000180814 0.8 0.8 0.8
vn -0.0246347 -0.0453866 0.998666
v 0.01122 0.0328844 0.000180814 0.8 0.8 0.8
vn -0.0145558 -0.0498972 0.998648
v 0.00397844 0.0343205 0.000180814 0.8 0.8 0.8
vn -0.00419176 -0.0522023 0.998628
v -0.00397845 0.0343205 0.000180814 0.8 0.8 0.8
vn 0.00562254 -0.0516396 0.99865
v -0.01122 0.0328844 0.000180814 0.8 0.8 0.8
vn 0.0160059 -0.0492416 0.998659
v -0.0177785 0.0300665 0.000180814 0.8 0.8 0.8
vn 0.0259955 -0.0445125 0.998671
v -0.0234927 0.0259726 0.000180814 0.8 0.8 0.8
vn 0.0349325 -0.0377592 0.998676
v -0.0281706 0.0207534 0.000180814 0.8 0.8 0.8
vn 0.042359 -0.0293376 0.998672
v -0.0316427 0.0145927 0.000180814 0.8 0.8 0.8
vn 0.0479074 -0.0196854 0.998658
v -0.0337798 0.00768021 0.000180814 0.8 0.8 0.8
vn 0.0513865 -0.00927585 0.998636
v -0.0345013 -2.88786e-09 0.000180814 0.8 0.8 0.8
vn 0.0522148 0.000708484 0.998636
v -0.0337798 -0.00768021 0.000180814 0.8 0.8 0.8
vn 0.0507259 0.0107292 0.998655
v -0.0316427 -0.0145927 0.000180814 0.8 0.8 0.8
vn 0.0471498 0.0211012 0.998665
v -0.0281706 -0.0207534 0.000180814 0.8 0.8 0.8
vn 0.0413684 0.030626 0.998674
v -0.0234927 -0.0259726 0.000180814 0.8 0.8 0.8
vn 0.0337316 0.03886 0.998675
v -0.0177785 -0.0300665 0.000180814 0.8 0.8 0.8
vn 0.0246347 0.0453866 0.998666
v -0.01122 -0.0328844 0.000180814 0.8 0.8 0.8
vn 0.0145558 0.0498972 0.998648
v -0.00397845 -0.0343205 0.000180814 0.8 0.8 0.8
vn 0.00419176 0.0522023 0.998628
v 0.00397844 -0.0343205 0.000180814 0.8 0.8 0.8
vn -0.00562254 0.0516396 0.99865
v 0.01122 -0.0328844 0.000180814 0.8 0.8 0.8
vn -0.0160059 0.0492416 0.998659
v 0.0177785 -0.0300665 0.000180814 0.8 0.8 0.8
vn -0.0259955 0.0445125 0.998671
v 0.0234927 -0.0259726 0.000180814 0.8 0.8 0.8
vn -0.0349325 0.0377592 0.998676
v 0.0281706 -0.0207534 0.000180814 0.8 0.8 0.8
vn -0.042359 0.0293376 0.998672
v 0.0316427 -0.0145927 0.000180814 0.8 0.8 0.8
vn -0.0479074 0.0196854 0.998658
v 0.0337798 -0.00768021 0.000180814 0.8 0.8 0.8
vn -0.0513865 0.00927585 0.998636
v 0.0315153 -2.88786e-09 7.73378e-05 0.8 0.8 0.8
vn -0.0257701 -0.000375434 0.999668
v 0.0308562 0.00701549 7.73378e-05 0.8 0.8 0.8
vn -0.0250187 -0.00532083 0.999673
v 0.028904 0.0133297 7.73378e-05 0.8 0.8 0.8
vn -0.0232549 -0.0104393 0.999675
v 0.0257324 0.0189572 7.73378e-05 0.8 0.8 0.8
vn -0.020398 -0.0151379 0.999677
v 0.0214594 0.0237247 7.73378e-05 0.8 0.8 0.8
vn -0.0166257 -0.0191985 0.999677
v 0.0162398 0.0274642 7.73378e-05 0.8 0.8 0.8
vn -0.0121336 -0.0224162 0.999675
v 0.0102489 0.0300383 7.73378e-05 0.8 0.8 0.8
vn -0.00715803 -0.0246399 0.999671
v 0.00363411 0.0313501 7.73378e-05 0.8 0.8 0.8
vn -0.00204329 -0.0257796 0.999666
v -0.00363412 0.0313501 7.73378e-05 0.8 0.8 0.8
vn 0.00280044 -0.0254705 0.999672
v -0.0102489 0.0300383 7.73378e-05 0.8 0.8 0.8
vn 0.00792522 -0.0242884 0.999674
v -0.0162398 0.0274642 7.73378e-05 0.8 0.8 0.8
vn 0.0128539 -0.0219515 0.999676
v -0.0214594 0.0237247 7.73378e-05 0.8 0.8 0.8
vn 0.0172618 -0.018615 0.999678
v -0.0257324 0.0189572 7.73378e-05 0.8 0.8 0.8
vn 0.0209237 -0.0144557 0.999677
v -0.028904 0.0133297 7.73378e-05 0.8 0.8 0.8
vn 0.0236588 -0.00969013 0.999673
v -0.0308562 0.00701549 7.73378e-05 0.8 0.8 0.8
vn 0.0253775 -0.0045524 0.999668
v -0.0315153 -2.88786e-09 7.73378e-05 0.8 0.8 0.8
vn 0.0257701 0.000375434 0.999668
v -0.0308562 -0.00701549 7.73378e-05 0.8 0.8 0.8
vn 0.0250187 0.00532083 0.999673
v -0.028904 -0.0133297 7.73378e-05 0.8 0.8 0.8
vn 0.0232549 0.0104393 0.999675
v -0.0257324 -0.0189572 7.73378e-05 0.8 0.8 0.8
vn 0.020398 0.0151379 0.999677
v -0.0214594 -0.0237247 7.73378e-05 0.8 0.8 0.8
vn 0.0166257 0.0191985 0.999677
v -0.0162398 -0.0274642 7.73378e-05 0.8 0.8 0.8
vn 0.0121336 0.0224162 0.999675
v -0.0102489 -0.0300383 7.73378e-05 0.8 0.8 0.8
vn 0.00715803 0.0246399 0.999671
v -0.00363412 -0.0313501 7.73378e-05 0.8 0.8 0.8
vn 0.00204329 0.0257796 0.999666
v 0.00363411 -0.0313501 7.73378e-05 0.8 0.8 0.8
vn -0.00280044 0.0254705 0.999672
v 0.0102489 -0.0300383 7.73378e-05 0.8 0.8 0.8
vn -0.00792522 0.0242884 0.999674
v 0.0162398 -0.0274642 7.73378e-05 0.8 0.8 0.8
vn -0.0128539 0.0219515 0.999676
v 0.0214594 -0.0237247 7.73378e-05 0.8 0.8 0.8
vn -0.0172618 0.018615 0.999678
v 0.0257324 -0.0189572 7.73378e-05 0.8 0.8 0.8
vn -0.0209237 0.0144557 0.999677
v 0.028904 -0.0133297 7.73378e-05 0.8 0.8 0.8
vn -0.0236588 0.00969013 0.999673
v 0.0308562 -0.00701549 7.73378e-05 0.8 0.8 0.8
vn -0.0253775 0.0045524 0.999668
v 0.0286046 -2.88786e-09 3.05091e-05 0.8 0.8 0.8
vn -0.0116308 -0.000183699 0.999932
v 0.0280064 0.00636755 3.05091e-05 0.8 0.8 0.8
vn -0.0112839 -0.00241587 0.999933
v 0.0262345 0.0120986 3.05091e-05 0.8 0.8 0.8
vn -0.0104876 -0.00472565 0.999934
v 0.0233558 0.0172063 3.05091e-05 0.8 0.8 0.8
vn -0.00919611 -0.00684504 0.999934
v 0.0194775 0.0215335 3.05091e-05 0.8 0.8 0.8
vn -0.00749155 -0.0086759 0.999934
v 0.0147399 0.0249277 3.05091e-05 0.8 0.8 0.8
vn -0.00546265 -0.010126 0.999934
v 0.00930236 0.027264 3.05091e-05 0.8 0.8 0.8
vn -0.0032162 -0.0111278 0.999933
v 0.00329847 0.0284547 3.05091e-05 0.8 0.8 0.8
vn -0.000907954 -0.0116421 0.999932
v -0.00329848 0.0284547 3.05091e-05 0.8 0.8 0.8
vn 0.00127821 -0.0114885 0.999933
v -0.00930237 0.027264 3.05091e-05 0.8 0.8 0.8
vn 0.00359131 -0.0109549 0.999934
v -0.0147399 0.0249277 3.05091e-05 0.8 0.8 0.8
vn 0.00581488 -0.00989835 0.999934
v -0.0194775 0.0215335 3.05091e-05 0.8 0.8 0.8
vn 0.00780278 -0.00839035 0.999934
v -0.0233558 0.0172063 3.05091e-05 0.8 0.8 0.8
vn 0.00945348 -0.00651138 0.999934
v -0.0262345 0.0120986 3.05091e-05 0.8 0.8 0.8
vn 0.0106858 -0.00435932 0.999933
v -0.0280064 0.00636755 3.05091e-05 0.8 0.8 0.8
vn 0.0114614 -0.00204025 0.999932
v -0.0286046 -2.88786e-09 3.05091e-05 0.8 0.8 0.8
vn 0.0116308 0.000183699 0.999932
v -0.0280064 -0.00636756 3.05091e-05 0.8 0.8 0.8
vn 0.0112839 0.00241587 0.999933
v -0.0262345 -0.0120986 3.05091e-05 0.8 0.8 0.8
vn 0.0104876 0.00472565 0.999934
v -0.0233558 -0.0172063 3.05091e-05 0.8 0.8 0.8
vn 0.00919611 0.00684504 0.999934
v -0.0194775 -0.0215335 3.05091e-05 0.8 0.8 0.8
vn 0.00749155 0.0086759 0.999934
v -0.0147399 -0.0249277 3.05091e-05 0.8 0.8 0.8
vn 0.00546265 0.010126 0.999934
v -0.00930237 -0.027264 3.05091e-05 0.8 0.8 0.8
vn 0.0032162 0.0111278 0.999933
v -0.00329848 -0.0284547 3.05091e-05 0.8 0.8 0.8
vn 0.000907954 0.0116421 0.999932
v 0.00329847 -0.0284547 3.05091e-05 0.8 0.8 0.8
vn -0.00127821 0.0114885 0.999933
v 0.00930236 -0.027264 3.05091e-05 0.8 0.8 0.8
vn -0.00359131 0.0109549 0.999934
v 0.0147399 -0.0249277 3.05091e-05 0.8 0.8 0.8
vn -0.00581488 0.00989835 0.999934
v 0.0194775 -0.0215335 3.05091e-05 0.8 0.8 0.8
vn -0.00780278 0.00839035 0.999934
v 0.0233558 -0.0172063 3.05091e-05 0.8 0.8 0.8
vn -0.00945348 0.00651138 0.999934
v 0.0262345 -0.0120986 3.05091e-05 0.8 0.8 0.8
vn -0.0106858 0.00435932 0.999933
v 0.0280064 -0.00636756 3.05091e-05 0.8 0.8 0.8
vn -0.0114614 0.00204025 0.999932
v 0.0257269 -2.88786e-09 1.09156e-05 0.8 0.8 0.8
vn -0.00478809 -8.26812e-05 0.999989
v 0.0251889 0.00572697 1.09156e-05 0.8 0.8 0.8
vn -0.00464172 -0.00100175 0.999989
v 0.0235953 0.0108815 1.09156e-05 0.8 0.8 0.8
vn -0.00431362 -0.00195244 0.999989
v 0.0210062 0.0154754 1.09156e-05 0.8 0.8 0.8
vn -0.00378082 -0.00282431 0.999989
v 0.017518 0.0193672 1.09156e-05 0.8 0.8 0.8
vn -0.00307808 -0.00357711 0.999989
v 0.013257 0.02242 1.09156e-05 0.8 0.8 0.8
vn -0.00224207 -0.00417299 0.999989
v 0.00836653 0.0245212 1.09156e-05 0.8 0.8 0.8
vn -0.00131684 -0.00458439 0.999989
v 0.00296664 0.0255921 1.09156e-05 0.8 0.8 0.8
vn -0.000366699 -0.00479585 0.999988
v -0.00296665 0.0255921 1.09156e-05 0.8 0.8 0.8
vn 0.000533314 -0.00472638 0.999989
v -0.00836654 0.0245212 1.09156e-05 0.8 0.8 0.8
vn 0.00148564 -0.00450646 0.999989
v -0.013257 0.02242 1.09156e-05 0.8 0.8 0.8
vn 0.00240058 -0.00407047 0.999989
v -0.017518 0.0193672 1.09156e-05 0.8 0.8 0.8
vn 0.00321816 -0.00344858 0.999989
v -0.0210062 0.0154754 1.09156e-05 0.8 0.8 0.8
vn 0.00389668 -0.00267415 0.999989
v -0.0235953 0.0108815 1.09156e-05 0.8 0.8 0.8
vn 0.00440289 -0.00178759 0.999989
v -0.0251889 0.00572697 1.09156e-05 0.8 0.8 0.8
vn 0.00472187 -0.000832738 0.999989
v -0.0257269 -2.88786e-09 1.09156e-05 0.8 0.8 0.8
vn 0.00478809 8.26812e-05 0.999989
v -0.0251889 -0.00572698 1.09156e-05 0.8 0.8 0.8
vn 0.00464172 0.00100175 0.999989
v -0.0235953 -0.0108815 1.09156e-05 0.8 0.8 0.8
vn 0.00431362 0.00195244 0.999989
v -0.0210062 -0.0154754 1.09156e-05 0.8 0.8 0.8
vn 0.00378082 0.00282431 0.999989
v -0.017518 -0.0193672 1.09156e-05 0.8 0.8 0.8
vn 0.00307808 0.00357711 0.999989
v -0.013257 -0.02242 1.09156e-05 0.8 0.8 0.8
vn 0.00224207 0.00417299 0.999989
v -0.00836654 -0.0245212 1.09156e-05 0.8 0.8 0.8
vn 0.00131684 0.00458439 0.999989
v -0.00296665 -0.0255921 1.09156e-05 0.8 0.8 0.8
vn 0.000366699 0.00479585 0.999988
v 0.00296664 -0.0255921 1.09156e-05 0.8 0.8 0.8
vn -0.000533314 0.00472638 0.999989
v 0.00836653 -0.0245212 1.09156e-05 0.8 0.8 0.8
vn -0.00148564 0.00450646 0.999989
v 0.013257 -0.02242 1.09156e-05 0.8 0.8 0.8
vn -0.00240058 0.00407047 0.999989
v 0.017518 -0.0193672 1.09156e-05 0.8 0.8 0.8
vn -0.00321816 0.00344858 0.999989
v 0.0210062 -0.0154754 1.09156e-05 0.8 0.8 0.8
vn -0.00389668 0.00267415 0.999989
v 0.0235953 -0.0108815 1.09156e-05 0.8 0.8 0.8
vn -0.00440289 0.00178759 0.999989
v 0.0251889 -0.00572698 1.09156e-05 0.8 0.8 0.8
vn -0.00472187 0.000832738 0.999989
v 0.0228626 -2.88786e-09 3.46478e-06 0.8 0.8 0.8
vn -0.00177712 -3.38252e-05 0.999998
v 0.0223845 0.00508935 3.46478e-06 0.8 0.8 0.8
vn -0.00172127 -0.000375018 0.999998
v 0.0209683 0.00966997 3.46478e-06 0.8 0.8 0.8
vn -0.00159932 -0.000727788 0.999998
v 0.0186674 0.0137524 3.46478e-06 0.8 0.8 0.8
vn -0.00140107 -0.0010511 0.999998
v 0.0155676 0.0172109 3.46478e-06 0.8 0.8 0.8
vn -0.00113978 -0.0013301 0.999998
v 0.011781 0.0199238 3.46478e-06 0.8 0.8 0.8
vn -0.000829144 -0.00155076 0.999998
v 0.00743503 0.0217911 3.46478e-06 0.8 0.8 0.8
vn -0.00048555 -0.00170299 0.999998
v 0.00263634 0.0227428 3.46478e-06 0.8 0.8 0.8
vn -0.000132948 -0.0017813 0.999998
v -0.00263635 0.0227428 3.46478e-06 0.8 0.8 0.8
vn 0.000201113 -0.0017529 0.999998
v -0.00743504 0.0217911 3.46478e-06 0.8 0.8 0.8
vn 0.000554607 -0.00167111 0.999998
v -0.011781 0.0199238 3.46478e-06 0.8 0.8 0.8
vn 0.000893993 -0.00150883 0.999998
v -0.0155676 0.0172109 3.46478e-06 0.8 0.8 0.8
vn 0.00119709 -0.00127751 0.999998
v -0.0186674 0.0137524 3.46478e-06 0.8 0.8 0.8
vn 0.00144847 -0.000989671 0.999998
v -0.0209683 0.00966997 3.46478e-06 0.8 0.8 0.8
vn 0.00163584 -0.000660345 0.999998
v -0.0223845 0.00508935 3.46478e-06 0.8 0.8 0.8
vn 0.00175405 -0.000305873 0.999998
v -0.0228626 -2.88786e-09 3.46478e-06 0.8 0.8 0.8
vn 0.00177712 3.38252e-05 0.999998
v -0.0223845 -0.00508935 3.46478e-06 0.8 0.8 0.8
vn 0.00172127 0.000375018 0.999998
v -0.0209683 -0.00966998 3.46478e-06 0.8 0.8 0.8
vn 0.00159932 0.000727788 0.999998
v -0.0186674 -0.0137524 3.46478e-06 0.8 0.8 0.8
vn 0.00140107 0.0010511 0.999998
v -0.0155676 -0.0172109 3.46478e-06 0.8 0.8 0.8
vn 0.00113978 0.0013301 0.999998
v -0.011781 -0.0199238 3.46478e-06 0.8 0.8 0.8
vn 0.000829144 0.00155076 0.999998
v -0.00743504 -0.0217911 3.46478e-06 0.8 0.8 0.8
vn 0.00048555 0.00170299 0.999998
v -0.00263635 -0.0227428 3.46478e-06 0.8 0.8 0.8
vn 0.000132948 0.0017813 0.999998
v 0.00263634 -0.0227428 3.46478e-06 0.8 0.8 0.8
vn -0.000201113 0.0017529 0.999998
v 0.00743503 -0.0217911 3.46478e-06 0.8 0.8 0.8
vn -0.000554607 0.00167111 0.999998
v 0.011781 -0.0199238 3.46478e-06 0.8 0.8 0.8
vn -0.000893993 0.00150883 0.999998
v 0.0155676 -0.0172109 3.46478e-06 0.8 0.8 0.8
vn -0.00119709 0.00127751 0.999998
v 0.0186674 -0.0137524 3.46478e-06 0.8 0.8 0.8
vn -0.00144847 0.000989671 0.999998
v 0.0209683 -0.00966998 3.46478e-06 0.8 0.8 0.8
vn -0.00163584 0.000660345 0.999998
v 0.0223845 -0.00508935 3.46478e-06 0.8 0.8 0.8
vn -0.00175405 0.000305873 0.999998
v 0.020003 -2.88786e-09 9.49122e-07 0.8 0.8 0.8
vn -0.00058248 -1.2322e-05 1
v 0.0195847 0.0044528 9.49122e-07 0.8 0.8 0.8
vn -0.000563593 -0.000124188 1
v 0.0183457 0.0084605 9.49122e-07 0.8 0.8 0.8
vn -0.000523542 -0.000239779 1
v 0.0163326 0.0120323 9.49122e-07 0.8 0.8 0.8
vn -0.000458359 -0.00034564 1
v 0.0136205 0.0150583 9.49122e-07 0.8 0.8 0.8
vn -0.000372536 -0.000436921 1
v 0.0103075 0.0174318 9.49122e-07 0.8 0.8 0.8
vn -0.000270581 -0.000509051 1
v 0.00650509 0.0190656 9.49122e-07 0.8 0.8 0.8
vn -0.000157885 -0.000558755 1
v 0.0023066 0.0198982 9.49122e-07 0.8 0.8 0.8
vn -4.23338e-05 -0.000584346 1
v -0.00230661 0.0198982 9.49122e-07 0.8 0.8 0.8
vn 6.71692e-05 -0.000574044 1
v -0.0065051 0.0190656 9.49122e-07 0.8 0.8 0.8
vn 0.000183047 -0.00054716 1
v -0.0103075 0.0174318 9.49122e-07 0.8 0.8 0.8
vn 0.000294207 -0.000493779 1
v -0.0136205 0.0150583 9.49122e-07 0.8 0.8 0.8
vn 0.000393413 -0.000417766 1
v -0.0163326 0.0120323 9.49122e-07 0.8 0.8 0.8
vn 0.000475622 -0.000323259 1
v -0.0183457 0.0084605 9.49122e-07 0.8 0.8 0.8
vn 0.000536834 -0.000215207 1
v -0.0195847 0.0044528 9.49122e-07 0.8 0.8 0.8
vn 0.000575498 -9.89926e-05 1
v -0.020003 -2.88786e-09 9.49122e-07 0.8 0.8 0.8
vn 0.00058248 1.2322e-05 1
v -0.0195847 -0.0044528 9.49122e-07 0.8 0.8 0.8
vn 0.000563593 0.000124188 1
v -0.0183457 -0.0084605 9.49122e-07 0.8 0.8 0.8
vn 0.000523542 0.000239779 1
v -0.0163326 -0.0120323 9.49122e-07 0.8 0.8 0.8
vn 0.000458359 0.00034564 1
v -0.0136205 -0.0150583 9.49122e-07 0.8 0.8 0.8
vn 0.000372536 0.000436921 1
v -0.0103075 -0.0174318 9.49122e-07 0.8 0.8 0.8
vn 0.000270581 0.000509051 1
v -0.0065051 -0.0190656 9.49122e-07 0.8 0.8 0.8
vn 0.000157885 0.000558755 1
v -0.00230661 -0.0198982 9.49122e-07 0.8 0.8 0.8
vn 4.23338e-05 0.000584346 1
v 0.0023066 -0.0198982 9.49122e-07 0.8 0.8 0.8
vn -6.71692e-05 0.000574044 1
v 0.00650509 -0.0190656 9.49122e-07 0.8 0.8 0.8
vn -0.000183047 0.00054716 1
v 0.0103075 -0.0174318 9.49122e-07 0.8 0.8 0.8
vn -0.000294207 0.000493779 1
v 0.0136205 -0.0150583 9.49122e-07 0.8 0.8 0.8
vn -0.000393413 0.000417766 1
v 0.0163326 -0.0120323 9.49122e-07 0.8 0.8 0.8
vn -0.000475622 0.000323259 1
v 0.0183457 -0.0084605 9.49122e-07 0.8 0.8 0.8
vn -0.000536834 0.000215207 1
v 0.0195847 -0.0044528 9.49122e-07 0.8 0.8 0.8
vn -0.000575498 9.89926e-05 1
v 0.017145 -2.88786e-09 2.19466e-07 0.8 0.8 0.8
vn -0.000163365 -3.87339e-06 1
v 0.0167865 0.00381659 2.19466e-07 0.8 0.8 0.8
vn -0.000157875 -3.52606e-05 1
v 0.0157245 0.00725167 2.19466e-07 0.8 0.8 0.8
vn -0.000146612 -6.76674e-05 1
v 0.013999 0.0103131 2.19466e-07 0.8 0.8 0.8
vn -0.000128262 -9.73196e-05 1
v 0.0116744 0.0129068 2.19466e-07 0.8 0.8 0.8
vn -0.000104129 -0.000122865 1
v 0.0088348 0.0149412 2.19466e-07 0.8 0.8 0.8
vn -7.54874e-05 -0.000143028 1
v 0.00557565 0.0163415 2.19466e-07 0.8 0.8 0.8
vn -4.38543e-05 -0.000156903 1
v 0.00197704 0.0170552 2.19466e-07 0.8 0.8 0.8
vn -1.1453e-05 -0.00016405 1
v -0.00197705 0.0170552 2.19466e-07 0.8 0.8 0.8
vn 1.92623e-05 -0.000160836 1
v -0.00557566 0.0163415 2.19466e-07 0.8 0.8 0.8
vn 5.17665e-05 -0.000153267 1
v -0.00883481 0.0149412 2.19466e-07 0.8 0.8 0.8
vn 8.29162e-05 -0.00013823 1
v -0.0116744 0.0129068 2.19466e-07 0.8 0.8 0.8
vn 0.000110692 -0.000116844 1
v -0.013999 0.0103131 2.19466e-07 0.8 0.8 0.8
vn 0.000133687 -9.0283e-05 1
v -0.0157245 0.00725167 2.19466e-07 0.8 0.8 0.8
vn 0.000150785 -5.99408e-05 1
v -0.0167865 0.00381659 2.19466e-07 0.8 0.8 0.8
vn 0.000161598 -2.73367e-05 1
v -0.017145 -2.88786e-09 2.19466e-07 0.8 0.8 0.8
vn 0.000163365 3.87339e-06 1
v -0.0167865 -0.00381659 2.19466e-07 0.8 0.8 0.8
vn 0.000157875 3.52606e-05 1
v -0.0157245 -0.00725168 2.19466e-07 0.8 0.8 0.8
vn 0.000146612 6.76674e-05 1
v -0.013999 -0.0103131 2.19466e-07 0.8 0.8 0.8
vn 0.000128262 9.73196e-05 1
v -0.0116744 -0.0129068 2.19466e-07 0.8 0.8 0.8
vn 0.000104129 0.000122865 1
v -0.00883481 -0.0149412 2.19466e-07 0.8 0.8 0.8
vn 7.54874e-05 0.000143028 1
v -0.00557566 -0.0163415 2.19466e-07 0.8 0.8 0.8
vn 4.38543e-05 0.000156903 1
v -0.00197705 -0.0170552 2.19466e-07 0.8 0.8 0.8
vn 1.1453e-05 0.00016405 1
v 0.00197704 -0.0170552 2.19466e-07 0.8 0.8 0.8
vn -1.92623e-05 0.000160836 1
v 0.00557565 -0.0163415 2.19466e-07 0.8 0.8 0.8
vn -5.17665e-05 0.000153267 1
v 0.0088348 -0.0149412 2.19466e-07 0.8 0.8 0.8
vn -8.29162e-05 0.00013823 1
v 0.0116744 -0.0129068 2.19466e-07 0.8 0.8 0.8
vn -0.000110692 0.000116844 1
v 0.013999 -0.0103131 2.19466e-07 0.8 0.8 0.8
vn -0.000133687 9.0283e-05 1
v 0.0157245 -0.00725168 2.19466e-07 0.8 0.8 0.8
vn -0.000150785 5.99408e-05 1
v 0.0167865 -0.00381659 2.19466e-07 0.8 0.8 0.8
vn -0.000161598 2.73367e-05 1
v 0.0142874 -2.88786e-09 4.63103e-08 0.8 0.8 0.8
vn -3.7406e-05 -1.00195e-06 1
v 0.0139887 0.00318047 4.63103e-08 0.8 0.8 0.8
vn -3.60976e-05 -8.19271e-06 1
v 0.0131036 0.00604303 4.63103e-08 0.8 0.8 0.8
vn -3.35092e-05 -1.56093e-05 1
v 0.0116658 0.00859424 4.63103e-08 0.8 0.8 0.8
vn -2.92881e-05 -2.23883e-05 1
v 0.00972863 0.0107556 4.63103e-08 0.8 0.8 0.8
vn -2.37452e-05 -2.82219e-05 1
v 0.00736229 0.0124509 4.63103e-08 0.8 0.8 0.8
vn -1.71739e-05 -3.28198e-05 1
v 0.00464635 0.0136178 4.63103e-08 0.8 0.8 0.8
vn -9.92356e-06 -3.59783e-05 1
v 0.00164752 0.0142126 4.63103e-08 0.8 0.8 0.8
vn -2.50659e-06 -3.76052e-05 1
v -0.00164753 0.0142126 4.63103e-08 0.8 0.8 0.8
vn 4.52763e-06 -3.67841e-05 1
v -0.00464636 0.0136178 4.63103e-08 0.8 0.8 0.8
vn 1.19714e-05 -3.50416e-05 1
v -0.0073623 0.0124509 4.63103e-08 0.8 0.8 0.8
vn 1.90963e-05 -3.15803e-05 1
v -0.00972864 0.0107556 4.63103e-08 0.8 0.8 0.8
vn 2.5443e-05 -2.66648e-05 1
v -0.0116658 0.00859424 4.63103e-08 0.8 0.8 0.8
vn 3.06907e-05 -2.05676e-05 1
v -0.0131036 0.00604303 4.63103e-08 0.8 0.8 0.8
vn 3.45863e-05 -1.36097e-05 1
v -0.0139887 0.00318047 4.63103e-08 0.8 0.8 0.8
vn 3.70523e-05 -6.14135e-06 1
v -0.0142874 -2.88786e-09 4.63103e-08 0.8 0.8 0.8
vn 3.7406e-05 1.00195e-06 1
v -0.0139887 -0.00318048 4.63103e-08 0.8 0.8 0.8
vn 3.60976e-05 8.19271e-06 1
v -0.0131036 -0.00604303 4.63103e-08 0.8 0.8 0.8
vn 3.35092e-05 1.56093e-05 1
v -0.0116658 -0.00859424 4.63103e-08 0.8 0.8 0.8
vn 2.92881e-05 2.23883e-05 1
v -0.00972864 -0.0107556 4.63103e-08 0.8 0.8 0.8
vn 2.37452e-05 2.82219e-05 1
v -0.0073623 -0.0124509 4.63103e-08 0.8 0.8 0.8
vn 1.71739e-05 3.28198e-05 1
v -0.00464636 -0.0136178 4.63103e-08 0.8 0.8 0.8
vn 9.92356e-06 3.59783e-05 1
v -0.00164753 -0.0142126 4.63103e-08 0.8 0.8 0.8
vn 2.50659e-06 3.76052e-05 1
v 0.00164752 -0.0142126 4.63103e-08 0.8 0.8 0.8
vn -4.52763e-06 3.67841e-05 1
v 0.00464635 -0.0136178 4.63103e-08 0.8 0.8 0.8
vn -1.19714e-05 3.50416e-05 1
v 0.00736229 -0.0124509 4.63103e-08 0.8 0.8 0.8
vn -1.90963e-05 3.15803e-05 1
v 0.00972863 -0.0107556 4.63103e-08 0.8 0.8 0.8
vn -2.5443e-05 2.66648e-05 1
v 0.0116658 -0.00859424 4.63103e-08 0.8 0.8 0.8
vn -3.06907e-05 2.05676e-05 1
v 0.0131036 -0.00604303 4.63103e-08 0.8 0.8 0.8
vn -3.45863e-05 1.36097e-05 1
v 0.0139887 -0.00318048 4.63103e-08 0.8 0.8 0.8
vn -3.70523e-05 6.14135e-06 1
v 0.0114299 -2.88786e-09 1.51545e-08 0.8 0.8 0.8
vn -6.50557e-06 -1.98027e-07 1
v 0.0111909 0.00254437 1.51545e-08 0.8 0.8 0.8
vn -6.26805e-06 -1.44962e-06 1
v 0.0104829 0.00483441 1.51545e-08 0.8 0.8 0.8
vn -5.81544e-06 -2.73867e-06 1
v 0.00933262 0.00687538 1.51545e-08 0.8 0.8 0.8
vn -5.07719e-06 -3.91542e-06 1
v 0.0077829 0.00860445 1.51545e-08 0.8 0.8 0.8
vn -4.10954e-06 -4.92673e-06 1
v 0.00588982 0.00996072 1.51545e-08 0.8 0.8 0.8
vn -2.96394e-06 -5.72241e-06 1
v 0.00371707 0.0108943 1.51545e-08 0.8 0.8 0.8
vn -1.70146e-06 -6.2677e-06 1
v 0.00131801 0.01137 1.51545e-08 0.8 0.8 0.8
vn -4.11978e-07 -6.54815e-06 1
v -0.00131802 0.01137 1.51545e-08 0.8 0.8 0.8
vn 8.11751e-07 -6.38935e-06 1
v -0.00371708 0.0108943 1.51545e-08 0.8 0.8 0.8
vn 2.10661e-06 -6.08387e-06 1
v -0.00588983 0.00996072 1.51545e-08 0.8 0.8 0.8
vn 3.34415e-06 -5.47789e-06 1
v -0.00778291 0.00860445 1.51545e-08 0.8 0.8 0.8
vn 4.44517e-06 -4.61904e-06 1
v -0.00933263 0.00687538 1.51545e-08 0.8 0.8 0.8
vn 5.35417e-06 -3.5554e-06 1
v -0.0104829 0.00483441 1.51545e-08 0.8 0.8 0.8
vn 6.02755e-06 -2.34312e-06 1
v -0.0111909 0.00254437 1.51545e-08 0.8 0.8 0.8
vn 6.45391e-06 -1.04363e-06 1
v -0.0114299 -2.88786e-09 1.51545e-08 0.8 0.8 0.8
vn 6.50557e-06 1.98027e-07 1
v -0.0111909 -0.00254438 1.51545e-08 0.8 0.8 0.8
vn 6.26805e-06 1.44962e-06 1
v -0.0104829 -0.00483442 1.51545e-08 0.8 0.8 0.8
vn 5.81544e-06 2.73867e-06 1
v -0.00933263 -0.00687539 1.51545e-08 0.8 0.8 0.8
vn 5.07719e-06 3.91542e-06 1
v -0.00778291 -0.00860445 1.51545e-08 0.8 0.8 0.8
vn 4.10954e-06 4.92673e-06 1
v -0.00588983 -0.00996072 1.51545e-08 0.8 0.8 0.8
vn 2.96394e-06 5.72241e-06 1
v -0.00371708 -0.0108943 1.51545e-08 0.8 0.8 0.8
vn 1.70146e-06 6.2677e-06 1
v -0.00131802 -0.01137 1.51545e-08 0.8 0.8 0.8
vn 4.11978e-07 6.54815e-06 1
v 0.00131801 -0.01137 1.51545e-08 0.8 0.8 0.8
vn -8.11751e-07 6.38935e-06 1
v 0.00371707 -0.0108943 1.51545e-08 0.8 0.8 0.8
vn -2.10661e-06 6.08387e-06 1
v 0.00588982 -0.00996072 1.51545e-08 0.8 0.8 0.8
vn -3.34415e-06 5.47789e-06 1
v 0.0077829 -0.00860445 1.51545e-08 0.8 0.8 0.8
vn -4.44517e-06 4.61904e-06 1
v 0.00933262 -0.00687539 1.51545e-08 0.8 0.8 0.8
vn -5.35417e-06 3.5554e-06 1
v 0.0104829 -0.00483442 1.51545e-08 0.8 0.8 0.8
vn -6.02755e-06 2.34312e-06 1
v 0.0111909 -0.00254438 1.51545e-08 0.8 0.8 0.8
vn -6.45391e-06 1.04363e-06 1
v 0.00857245 -2.88786e-09 1.14158e-08 0.8 0.8 0.8
vn -7.6349e-07 -2.64543e-08 1
v 0.00839318 0.00190828 1.14158e-08 0.8 0.8 0.8
vn -7.34448e-07 -1.7352e-07 1
v 0.00786217 0.00362581 1.14158e-08 0.8 0.8 0.8
vn -6.80869e-07 -3.2467e-07 1
v 0.00699946 0.00515653 1.14158e-08 0.8 0.8 0.8
vn -5.93637e-07 -4.62457e-07 1
v 0.00583717 0.00645333 1.14158e-08 0.8 0.8 0.8
vn -4.79563e-07 -5.80686e-07 1
v 0.00441737 0.00747054 1.14158e-08 0.8 0.8 0.8
vn -3.44733e-07 -6.73501e-07 1
v 0.0027878 0.00817069 1.14158e-08 0.8 0.8 0.8
vn -1.96359e-07 -7.36895e-07 1
v 0.000988509 0.00852753 1.14158e-08 0.8 0.8 0.8
vn -4.50998e-08 -7.69322e-07 1
v -0.000988519 0.00852753 1.14158e-08 0.8 0.8 0.8
vn 9.8589e-08 -7.4899e-07 1
v -0.00278781 0.00817069 1.14158e-08 0.8 0.8 0.8
vn 2.50582e-07 -7.12665e-07 1
v -0.00441738 0.00747054 1.14158e-08 0.8 0.8 0.8
vn 3.95591e-07 -6.40953e-07 1
v -0.00583718 0.00645333 1.14158e-08 0.8 0.8 0.8
vn 5.24415e-07 -5.39599e-07 1
v -0.00699947 0.00515653 1.14158e-08 0.8 0.8 0.8
vn 6.30577e-07 -4.14319e-07 1
v -0.00786218 0.00362581 1.14158e-08 0.8 0.8 0.8
vn 7.09008e-07 -2.71744e-07 1
v -0.00839319 0.00190828 1.14158e-08 0.8 0.8 0.8
vn 7.58568e-07 -1.19146e-07 1
v -0.00857246 -2.88786e-09 1.14158e-08 0.8 0.8 0.8
vn 7.6349e-07 2.64543e-08 1
v -0.00839319 -0.00190828 1.14158e-08 0.8 0.8 0.8
vn 7.34448e-07 1.7352e-07 1
v -0.00786218 -0.00362582 1.14158e-08 0.8 0.8 0.8
vn 6.80869e-07 3.2467e-07 1
v -0.00699947 -0.00515654 1.14158e-08 0.8 0.8 0.8
vn 5.93637e-07 4.62457e-07 1
v -0.00583718 -0.00645334 1.14158e-08 0.8 0.8 0.8
vn 4.79563e-07 5.80686e-07 1
v -0.00441738 -0.00747054 1.14158e-08 0.8 0.8 0.8
vn 3.44733e-07 6.73501e-07 1
v -0.00278781 -0.0081707 1.14158e-08 0.8 0.8 0.8
vn 1.96359e-07 7.36895e-07 1
v -0.000988519 -0.00852753 1.14158e-08 0.8 0.8 0.8
vn 4.50998e-08 7.69322e-07 1
v 0.000988509 -0.00852753 1.14158e-08 0.8 0.8 0.8
vn -9.8589e-08 7.4899e-07 1
v 0.0027878 -0.0081707 1.14158e-08 0.8 0.8 0.8
vn -2.50582e-07 7.12665e-07 1
v 0.00441737 -0.00747054 1.14158e-08 0.8 0.8 0.8
vn -3.95591e-07 6.40953e-07 1
v 0.00583717 -0.00645334 1.14158e-08 0.8 0.8 0.8
vn -5.24415e-07 5.39599e-07 1
v 0.00699946 -0.00515654 1.14158e-08 0.8 0.8 0.8
vn -6.30577e-07 4.14319e-07 1
v 0.00786217 -0.00362582 1.14158e-08 0.8 0.8 0.8
vn -7.09008e-07 2.71744e-07 1
v 0.00839318 -0.00190828 1.14158e-08 0.8 0.8 0.8
vn -7.58568e-07 1.19146e-07 1
v 0.00571496 -2.88786e-09 1.11805e-08 0.8 0.8 0.8
vn -4.87172e-08 -1.922e-09 1
v 0.00559545 0.00127218 1.11805e-08 0.8 0.8 0.8
vn -4.68118e-08 -1.13276e-08 1
v 0.00524145 0.00241721 1.11805e-08 0.8 0.8 0.8
vn -4.33357e-08 -2.09586e-08 1
v 0.0046663 0.00343769 1.11805e-08 0.8 0.8 0.8
vn -3.77203e-08 -2.97254e-08 1
v 0.00389145 0.00430222 1.11805e-08 0.8 0.8 0.8
vn -3.04007e-08 -3.72329e-08 1
v 0.00294491 0.00498036 1.11805e-08 0.8 0.8 0.8
vn -2.17675e-08 -4.31094e-08 1
v 0.00185853 0.00544713 1.11805e-08 0.8 0.8 0.8
vn -1.22835e-08 -4.71008e-08 1
v 0.000659005 0.00568502 1.11805e-08 0.8 0.8 0.8
vn -2.63944e-09 -4.91084e-08 1
v -0.000659014 0.00568502 1.11805e-08 0.8 0.8 0.8
vn 6.5388e-09 -4.77701e-08 1
v -0.00185854 0.00544713 1.11805e-08 0.8 0.8 0.8
vn 1.62389e-08 -4.53919e-08 1
v -0.00294492 0.00498036 1.11805e-08 0.8 0.8 0.8
vn 2.54729e-08 -4.07631e-08 1
v -0.00389146 0.00430222 1.11805e-08 0.8 0.8 0.8
vn 3.36619e-08 -3.42507e-08 1
v -0.00466631 0.00343769 1.11805e-08 0.8 0.8 0.8
vn 4.03945e-08 -2.62211e-08 1
v -0.00524146 0.00241721 1.11805e-08 0.8 0.8 0.8
vn 4.53491e-08 -1.71e-08 1
v -0.00559546 0.00127218 1.11805e-08 0.8 0.8 0.8
vn 4.84523e-08 -7.35512e-09 1
v -0.00571497 -2.88786e-09 1.11805e-08 0.8 0.8 0.8
vn 4.87172e-08 1.922e-09 1
v -0.00559546 -0.00127219 1.11805e-08 0.8 0.8 0.8
vn 4.68118e-08 1.13276e-08 1
v -0.00524146 -0.00241721 1.11805e-08 0.8 0.8 0.8
vn 4.33357e-08 2.09586e-08 1
v -0.00466631 -0.00343769 1.11805e-08 0.8 0.8 0.8
vn 3.77203e-08 2.97254e-08 1
v -0.00389146 -0.00430223 1.11805e-08 0.8 0.8 0.8
vn 3.04007e-08 3.72329e-08 1
v -0.00294492 -0.00498036 1.11805e-08 0.8 0.8 0.8
vn 2.17675e-08 4.31094e-08 1
v -0.00185854 -0.00544713 1.11805e-08 0.8 0.8 0.8
vn 1.22835e-08 4.71008e-08 1
v -0.000659014 -0.00568502 1.11805e-08 0.8 0.8 0.8
vn 2.63944e-09 4.91084e-08 1
v 0.000659005 -0.00568502 1.11805e-08 0.8 0.8 0.8
vn -6.5388e-09 4.77701e-08 1
v 0.00185853 -0.00544713 1.11805e-08 0.8 0.8 0.8
vn -1.62389e-08 4.53919e-08 1
v 0.00294491 -0.00498036 1.11805e-08 0.8 0.8 0.8
vn -2.54729e-08 4.07631e-08 1
v 0.00389145 -0.00430223 1.11805e-08 0.8 0.8 0.8
vn -3.36619e-08 3.42507e-08 1
v 0.0046663 -0.00343769 1.11805e-08 0.8 0.8 0.8
vn -4.03945e-08 2.62211e-08 1
v 0.00524145 -0.00241721 1.11805e-08 0.8 0.8 0.8
vn -4.53491e-08 1.71e-08 1
v 0.00559545 -0.00127219 1.11805e-08 0.8 0.8 0.8
vn -4.84523e-08 7.35512e-09 1
v 0.00285748 -2.88786e-09 1.11759e-08 0.8 0.8 0.8
vn -1.06874e-09 -5.01716e-11 1
v 0.00279772 0.000636091 1.11759e-08 0.8 0.8 0.8
vn -1.02757e-09 -2.5789e-10 1
v 0.00262072 0.0012086 1.11759e-08 0.8 0.8 0.8
vn -9.47593e-10 -4.68398e-10 1
v 0.00233315 0.00171884 1.11759e-08 0.8 0.8 0.8
vn -8.2226e-10 -6.59689e-10 1
v 0.00194572 0.00215111 1.11759e-08 0.8 0.8 0.8
vn -6.60043e-10 -8.22905e-10 1
v 0.00147245 0.00249018 1.11759e-08 0.8 0.8 0.8
vn -4.69478e-10 -9.49897e-10 1
v 0.000929264 0.00272356 1.11759e-08 0.8 0.8 0.8
vn -2.60788e-10 -1.03489e-09 1
v 0.0003295 0.00284251 1.11759e-08 0.8 0.8 0.8
vn -4.96479e-11 -1.07493e-09 1
v -0.00032951 0.00284251 1.11759e-08 0.8 0.8 0.8
vn 1.52416e-10 -1.05024e-09 1
v -0.000929274 0.00272356 1.11759e-08 0.8 0.8 0.8
vn 3.65213e-10 -9.94085e-10 1
v -0.00147246 0.00249018 1.11759e-08 0.8 0.8 0.8
vn 5.66972e-10 -8.90011e-10 1
v -0.00194573 0.00215111 1.11759e-08 0.8 0.8 0.8
vn 7.45361e-10 -7.45266e-10 1
v -0.00233316 0.00171884 1.11759e-08 0.8 0.8 0.8
vn 8.91358e-10 -5.67706e-10 1
v -0.00262073 0.0012086 1.11759e-08 0.8 0.8 0.8
vn 9.97868e-10 -3.66694e-10 1
v -0.00279773 0.000636091 1.11759e-08 0.8 0.8 0.8
vn 1.06214e-09 -1.52568e-10 1
v -0.00285749 -2.88786e-09 1.11759e-08 0.8 0.8 0.8
vn 1.06874e-09 5.01716e-11 1
v -0.00279773 -0.000636097 1.11759e-08 0.8 0.8 0.8
vn 1.02757e-09 2.5789e-10 1
v -0.00262073 -0.00120861 1.11759e-08 0.8 0.8 0.8
vn 9.47593e-10 4.68398e-10 1
v -0.00233316 -0.00171885 1.11759e-08 0.8 0.8 0.8
vn 8.2226e-10 6.59689e-10 1
v -0.00194573 -0.00215112 1.11759e-08 0.8 0.8 0.8
vn 6.60043e-10 8.22905e-10 1
v -0.00147246 -0.00249018 1.11759e-08 0.8 0.8 0.8
vn 4.69478e-10 9.49897e-10 1
v -0.000929274 -0.00272357 1.11759e-08 0.8 0.8 0.8
vn 2.60788e-10 1.03489e-09 1
v -0.00032951 -0.00284251 1.11759e-08 0.8 0.8 0.8
vn 4.96479e-11 1.07493e-09 1
v 0.0003295 -0.00284251 1.11759e-08 0.8 0.8 0.8
vn -1.52416e-10 1.05024e-09 1
v 0.000929264 -0.00272357 1.11759e-08 0.8 0.8 0.8
vn -3.65213e-10 9.94085e-10 1
v 0.00147245 -0.00249018 1.11759e-08 0.8 0.8 0.8
vn -5.66972e-10 8.90011e-10 1
v 0.00194572 -0.00215112 1.11759e-08 0.8 0.8 0.8
vn -7.45361e-10 7.45266e-10 1
v 0.00233315 -0.00171885 1.11759e-08 0.8 0.8 0.8
vn -8.91358e-10 5.67706e-10 1
v 0.00262072 -0.00120861 1.11759e-08 0.8 0.8 0.8
vn -9.97868e-10 3.66694e-10 1
v 0.00279772 -0.000636097 1.11759e-08 0.8 0.8 0.8
vn -1.06214e-09 1.52568e-10 1
v -4.94008e-09 -2.88786e-09 1.11759e-08 0.8 0.8 0.8
vn -1.84795e-12 -1.73602e-13 1
v -4.94008e-09 -2.88786e-09 1.11759e-08 0.8 0.8 0.8
vn -1.76346e-12 -5.4521e-13 1
v -4.94008e-09 -2.88786e-09 1.11759e-08 0.8 0.8 0.8
vn -1.59923e-12 -9.01324e-13 1
v -4.94008e-09 -2.88786e-09 1.11759e-08 0.8 0.8 0.8
vn -1.36316e-12 -1.22177e-12 1
v -4.94008e-09 -2.88786e-09 1.11759e-08 0.8 0.8 0.8
vn -1.06715e-12 -1.48952e-12 1
v -4.94008e-09 -2.88786e-09 1.11759e-08 0.8 0.8 0.8
vn -7.26525e-13 -1.69093e-12 1
v -4.94008e-09 -2.88786e-09 1.11759e-08 0.8 0.8 0.8
vn -3.60135e-13 -1.81594e-12 1
v -4.94008e-09 -2.88786e-09 1.11759e-08 0.8 0.8 0.8
vn 1.00974e-28 -1.85769e-12 1
v -4.94008e-09 -2.88786e-09 1.11759e-08 0.8 0.8 0.8
vn 3.60135e-13 -1.81594e-12 1
v -4.94008e-09 -2.88786e-09 1.11759e-08 0.8 0.8 0.8
vn 7.26525e-13 -1.69093e-12 1
v -4.94008e-09 -2.88786e-09 1.11759e-08 0.8 0.8 0.8
vn 1.06715e-12 -1.48952e-12 1
v -4.94008e-09 -2.88786e-09 1.11759e-08 0.8 0.8 0.8
vn 1.36316e-12 -1.22177e-12 1
v -4.94008e-09 -2.88786e-09 1.11759e-08 0.8 0.8 0.8
vn 1.59923e-12 -9.01324e-13 1
v -4.94008e-09 -2.88786e-09 1.11759e-08 0.8 0.8 0.8
vn 1.76346e-12 -5.4521e-13 1
v -4.94008e-09 -2.88786e-09 1.11759e-08 0.8 0.8 0.8
vn 1.84795e-12 -1.73602e-13 1
v -4.94008e-09 -2.88786e-09 1.11759e-08 0.8 0.8 0.8
vn 1.84795e-12 1.73602e-13 1
v -4.94008e-09 -2.88786e-09 1.11759e-08 0.8 0.8 0.8
vn 1.76346e-12 5.4521e-13 1
v -4.94008e-09 -2.88786e-09 1.11759e-08 0.8 0.8 0.8
vn 1.59923e-12 9.01324e-13 1
v -4.94008e-09 -2.88786e-09 1.11759e-08 0.8 0.8 0.8
vn 1.36316e-12 1.22177e-12 1
v -4.94008e-09 -2.88786e-09 1.11759e-08 0.8 0.8 0.8
vn 1.06715e-12 1.48952e-12 1
v -4.94008e-09 -2.88786e-09 1.11759e-08 0.8 0.8 0.8
vn 7.26525e-13 1.69093e-12 1
v -4.94008e-09 -2.88786e-09 1.11759e-08 0.8 0.8 0.8
vn 3.60135e-13 1.81594e-12 1
v -4.94008e-09 -2.88786e-09 1.11759e-08 0.8 0.8 0.8
vn 0 1.85769e-12 1
v -4.94008e-09 -2.88786e-09 1.11759e-08 0.8 0.8 0.8
vn -3.60135e-13 1.81594e-12 1
v -4.94008e-09 -2.88786e-09 1.11759e-08 0.8 0.8 0.8
vn -7.26525e-13 1.69093e-12 1
v -4.94008e-09 -2.88786e-09 1.11759e-08 0.8 0.8 0.8
vn -1.06715e-12 1.48952e-12 1
v -4.94008e-09 -2.88786e-09 1.11759e-08 0.8 0.8 0.8
vn -1.36316e-12 1.22177e-12 1
v -4.94008e-09 -2.88786e-09 1.11759e-08 0.8 0.8 0.8
vn -1.59923e-12 9.01324e-13 1
v -4.94008e-09 -2.88786e-09 1.11759e-08 0.8 0.8 0.8
vn -1.76346e-12 5.4521e-13 1
v -4.94008e-09 -2.88786e-09 1.11759e-08 0.8 0.8 0.8
vn -1.84795e-12 1.73602e-13 1
v 0.120216 -2.88786e-09 0.0264732 0.8 0.8 0.8
vn 0.56153 -0.0146971 -0.827326
v 0.117702 0.0267608 0.0264732 0.8 0.8 0.8
vn 0.553364 0.0920952 -0.827832
v 0.110255 0.0508467 0.0264732 0.8 0.8 0.8
vn 0.519547 0.204857 -0.829521
v 0.0981572 0.0723129 0.0264732 0.8 0.8 0.8
vn 0.462143 0.310184 -0.830789
v 0.0818578 0.0904986 0.0264732 0.8 0.8 0.8
vn 0.383515 0.402507 -0.831207
v 0.0619471 0.104763 0.0264732 0.8 0.8 0.8
vn 0.287782 0.476679 -0.830638
v 0.0390949 0.114582 0.0264732 0.8 0.8 0.8
vn 0.180268 0.52886 -0.829343
v 0.0138625 0.119586 0.0264732 0.8 0.8 0.8
vn 0.0681341 0.556542 -0.828021
v -0.0138625 0.119586 0.0264732 0.8 0.8 0.8
vn -0.0377175 0.560574 -0.827245
v -0.0390949 0.114582 0.0264732 0.8 0.8 0.8
vn -0.149182 0.539434 -0.828707
v -0.0619471 0.104763 0.0264732 0.8 0.8 0.8
vn -0.258782 0.493697 -0.830238
v -0.0818578 0.0904986 0.0264732 0.8 0.8 0.8
vn -0.358319 0.425258 -0.831122
v -0.0981572 0.0723129 0.0264732 0.8 0.8 0.8
vn -0.442136 0.337476 -0.831039
v -0.110256 0.0508467 0.0264732 0.8 0.8 0.8
vn -0.5057 0.235134 -0.830048
v -0.117702 0.0267608 0.0264732 0.8 0.8 0.8
vn -0.54594 0.123513 -0.82867
v -0.120216 -2.88786e-09 0.0264732 0.8 0.8 0.8
vn -0.56153 0.0146971 -0.827326
v -0.117702 -0.0267608 0.0264732 0.8 0.8 0.8
vn -0.553364 -0.0920952 -0.827832
v -0.110256 -0.0508467 0.0264732 0.8 0.8 0.8
vn -0.519547 -0.204857 -0.829521
v -0.0981572 -0.0723129 0.0264732 0.8 0.8 0.8
vn -0.462143 -0.310184 -0.830789
v -0.0818578 -0.0904986 0.0264732 0.8 0.8 0.8
vn -0.383515 -0.402507 -0.831207
v -0.0619471 -0.104763 0.0264732 0.8 0.8 0.8
vn -0.287782 -0.476679 -0.830638
v -0.0390949 -0.114582 0.0264732 0.8 0.8 0.8
vn -0.180268 -0.52886 -0.829343
v -0.0138625 -0.119586 0.0264732 0.8 0.8 0.8
vn -0.0681341 -0.556542 -0.828021
v 0.0138625 -0.119586 0.0264732 0.8 0.8 0.8
vn 0.0377175 -0.560574 -0.827245
v 0.0390949 -0.114582 0.0264732 0.8 0.8 0.8
vn 0.149182 -0.539434 -0.828707
v 0.0619471 -0.104763 0.0264732 0.8 0.8 0.8
vn 0.258782 -0.493697 -0.830238
v 0.0818578 -0.0904986 0.0264732 0.8 0.8 0.8
vn 0.358319 -0.425258 -0.831122
v 0.0981572 -0.0723129 0.0264732 0.8 0.8 0.8
vn 0.442136 -0.337476 -0.831039
v 0.110255 -0.0508467 0.0264732 0.8 0.8 0.8
vn 0.5057 -0.235134 -0.830048
v 0.117702 -0.0267608 0.0264732 0.8 0.8 0.8
vn 0.54594 -0.123513 -0.82867
v 0.0928568 -2.88786e-09 0.0160455 0.8 0.8 0.8
vn 0.353731 0.005138 -0.935333
v 0.090915 0.0206705 0.0160455 0.8 0.8 0.8
vn 0.344771 0.0733065 -0.93582
v 0.0851631 0.0392748 0.0160455 0.8 0.8 0.8
vn 0.319931 0.1436 -0.936495
v 0.0758182 0.0558556 0.0160455 0.8 0.8 0.8
vn 0.28059 0.208211 -0.936973
v 0.0632283 0.0699025 0.0160455 0.8 0.8 0.8
vn 0.228614 0.263965 -0.937048
v 0.047849 0.0809209 0.0160455 0.8 0.8 0.8
vn 0.1667 0.307933 -0.93669
v 0.0301975 0.088505 0.0160455 0.8 0.8 0.8
vn 0.0981858 0.337921 -0.936039
v 0.0107076 0.0923702 0.0160455 0.8 0.8 0.8
vn 0.0279496 0.352431 -0.93542
v -0.0107076 0.0923702 0.0160455 0.8 0.8 0.8
vn -0.0385921 0.35115 -0.935524
v -0.0301975 0.088505 0.0160455 0.8 0.8 0.8
vn -0.10904 0.334231 -0.936162
v -0.047849 0.0809209 0.0160455 0.8 0.8 0.8
vn -0.176805 0.301979 -0.936776
v -0.0632283 0.0699025 0.0160455 0.8 0.8 0.8
vn -0.237394 0.256029 -0.937066
v -0.0758182 0.0558556 0.0160455 0.8 0.8 0.8
vn -0.287578 0.198703 -0.936918
v -0.0851631 0.0392748 0.0160455 0.8 0.8 0.8
vn -0.324778 0.133041 -0.936386
v -0.090915 0.0206705 0.0160455 0.8 0.8 0.8
vn -0.34729 0.0623163 -0.935685
v -0.0928568 -2.88786e-09 0.0160455 0.8 0.8 0.8
vn -0.353731 -0.005138 -0.935333
v -0.090915 -0.0206705 0.0160455 0.8 0.8 0.8
vn -0.344771 -0.0733065 -0.93582
v -0.0851631 -0.0392748 0.0160455 0.8 0.8 0.8
vn -0.319931 -0.1436 -0.936495
v -0.0758182 -0.0558556 0.0160455 0.8 0.8 0.8
vn -0.28059 -0.208211 -0.936973
v -0.0632283 -0.0699026 0.0160455 0.8 0.8 0.8
vn -0.228614 -0.263965 -0.937048
v -0.047849 -0.0809209 0.0160455 0.8 0.8 0.8
vn -0.1667 -0.307933 -0.93669
v -0.0301975 -0.088505 0.0160455 0.8 0.8 0.8
vn -0.0981858 -0.337921 -0.936039
v -0.0107076 -0.0923702 0.0160455 0.8 0.8 0.8
vn -0.0279496 -0.352431 -0.93542
v 0.0107076 -0.0923702 0.0160455 0.8 0.8 0.8
vn 0.0385921 -0.35115 -0.935524
v 0.0301975 -0.088505 0.0160455 0.8 0.8 0.8
vn 0.10904 -0.334231 -0.936162
v 0.047849 -0.0809209 0.0160455 0.8 0.8 0.8
vn 0.176805 -0.301979 -0.936776
v 0.0632283 -0.0699026 0.0160455 0.8 0.8 0.8
vn 0.237394 -0.256029 -0.937066
v 0.0758182 -0.0558556 0.0160455 0.8 0.8 0.8
vn 0.287578 -0.198703 -0.936918
v 0.0851631 -0.0392748 0.0160455 0.8 0.8 0.8
vn 0.324778 -0.133041 -0.936386
v 0.090915 -0.0206705 0.0160455 0.8 0.8 0.8
vn 0.34729 -0.0623163 -0.935685
v 0.0752074 -2.88786e-09 0.00946543 0.8 0.8 0.8
vn 0.342169 0.00460611 -0.939627
v 0.0736346 0.0167416 0.00946543 0.8 0.8 0.8
vn 0.33352 0.0705026 -0.940103
v 0.068976 0.0318098 0.00946543 0.8 0.8 0.8
vn 0.309605 0.138513 -0.940723
v 0.0614073 0.045239 0.00946543 0.8 0.8 0.8
vn 0.271631 0.201042 -0.941169
v 0.0512104 0.056616 0.00946543 0.8 0.8 0.8
vn 0.221428 0.255028 -0.941239
v 0.0387542 0.0655401 0.00946543 0.8 0.8 0.8
vn 0.161599 0.29764 -0.940902
v 0.0244578 0.0716827 0.00946543 0.8 0.8 0.8
vn 0.095363 0.326759 -0.940284
v 0.00867237 0.0748132 0.00946543 0.8 0.8 0.8
vn 0.027415 0.34094 -0.939685
v -0.00867238 0.0748132 0.00946543 0.8 0.8 0.8
vn -0.0369411 0.339638 -0.939831
v -0.0244578 0.0716827 0.00946543 0.8 0.8 0.8
vn -0.105075 0.323392 -0.940413
v -0.0387542 0.0655401 0.00946543 0.8 0.8 0.8
vn -0.170645 0.292281 -0.940984
v -0.0512104 0.056616 0.00946543 0.8 0.8 0.8
vn -0.229295 0.247911 -0.941257
v -0.0614073 0.045239 0.00946543 0.8 0.8 0.8
vn -0.277906 0.192528 -0.941117
v -0.068976 0.0318098 0.00946543 0.8 0.8 0.8
vn -0.313986 0.129063 -0.940614
v -0.0736346 0.0167416 0.00946543 0.8 0.8 0.8
vn -0.335903 0.060675 -0.93994
v -0.0752074 -2.88786e-09 0.00946543 0.8 0.8 0.8
vn -0.342169 -0.00460611 -0.939627
v -0.0736346 -0.0167416 0.00946543 0.8 0.8 0.8
vn -0.33352 -0.0705026 -0.940103
v -0.068976 -0.0318098 0.00946543 0.8 0.8 0.8
vn -0.309605 -0.138513 -0.940723
v -0.0614073 -0.045239 0.00946543 0.8 0.8 0.8
vn -0.271631 -0.201042 -0.941169
v -0.0512104 -0.0566161 0.00946543 0.8 0.8 0.8
vn -0.221428 -0.255028 -0.941239
v -0.0387542 -0.0655401 0.00946543 0.8 0.8 0.8
vn -0.161599 -0.29764 -0.940902
v -0.0244578 -0.0716827 0.00946543 0.8 0.8 0.8
vn -0.095363 -0.326759 -0.940284
v -0.00867238 -0.0748133 0.00946543 0.8 0.8 0.8
vn -0.027415 -0.34094 -0.939685
v 0.00867237 -0.0748133 0.00946543 0.8 0.8 0.8
vn 0.0369411 -0.339638 -0.939831
v 0.0244578 -0.0716827 0.00946543 0.8 0.8 0.8
vn 0.105075 -0.323392 -0.940413
v 0.0387542 -0.0655401 0.00946543 0.8 0.8 0.8
vn 0.170645 -0.292281 -0.940984
v 0.0512104 -0.0566161 0.00946543 0.8 0.8 0.8
vn 0.229295 -0.247911 -0.941257
v 0.0614073 -0.045239 0.00946543 0.8 0.8 0.8
vn 0.277906 -0.192528 -0.941117
v 0.068976 -0.0318098 0.00946543 0.8 0.8 0.8
vn 0.313986 -0.129063 -0.940614
v 0.0736346 -0.0167416 0.00946543 0.8 0.8 0.8
vn 0.335903 -0.060675 -0.93994
v 0.0636148 -2.88786e-09 0.0054178 0.8 0.8 0.8
vn 0.315604 0.00398473 -0.948882
v 0.0622845 0.014161 0.0054178 0.8 0.8 0.8
vn 0.307581 0.0647214 -0.949318
v 0.058344 0.0269066 0.0054178 0.8 0.8 0.8
vn 0.285619 0.127455 -0.94983
v 0.0519419 0.0382658 0.0054178 0.8 0.8 0.8
vn 0.250653 0.185139 -0.950209
v 0.0433167 0.0478892 0.0054178 0.8 0.8 0.8
vn 0.204412 0.234967 -0.950267
v 0.0327806 0.0554377 0.0054178 0.8 0.8 0.8
vn 0.14929 0.274339 -0.949974
v 0.0206879 0.0606334 0.0054178 0.8 0.8 0.8
vn 0.0882395 0.301305 -0.949436
v 0.0073356 0.0632814 0.0054178 0.8 0.8 0.8
vn 0.0255657 0.314544 -0.948899
v -0.00733561 0.0632814 0.0054178 0.8 0.8 0.8
vn -0.0337845 0.313184 -0.949091
v -0.0206879 0.0606334 0.0054178 0.8 0.8 0.8
vn -0.0966128 0.298303 -0.949569
v -0.0327806 0.0554377 0.0054178 0.8 0.8 0.8
vn -0.157095 0.26967 -0.950052
v -0.0433168 0.0478892 0.0054178 0.8 0.8 0.8
vn -0.211211 0.228807 -0.950283
v -0.0519419 0.0382658 0.0054178 0.8 0.8 0.8
vn -0.256098 0.177788 -0.950161
v -0.058344 0.0269066 0.0054178 0.8 0.8 0.8
vn -0.289464 0.119305 -0.949725
v -0.0622845 0.014161 0.0054178 0.8 0.8 0.8
vn -0.309833 0.0562573 -0.949125
v -0.0636148 -2.88786e-09 0.0054178 0.8 0.8 0.8
vn -0.315604 -0.00398473 -0.948882
v -0.0622845 -0.0141611 0.0054178 0.8 0.8 0.8
vn -0.307581 -0.0647214 -0.949318
v -0.058344 -0.0269066 0.0054178 0.8 0.8 0.8
vn -0.285619 -0.127455 -0.94983
v -0.0519419 -0.0382658 0.0054178 0.8 0.8 0.8
vn -0.250653 -0.185139 -0.950209
v -0.0433168 -0.0478892 0.0054178 0.8 0.8 0.8
vn -0.204412 -0.234967 -0.950267
v -0.0327806 -0.0554377 0.0054178 0.8 0.8 0.8
vn -0.14929 -0.274339 -0.949974
v -0.0206879 -0.0606334 0.0054178 0.8 0.8 0.8
vn -0.0882395 -0.301305 -0.949436
v -0.00733561 -0.0632814 0.0054178 0.8 0.8 0.8
vn -0.0255657 -0.314544 -0.948899
v 0.0073356 -0.0632814 0.0054178 0.8 0.8 0.8
vn 0.0337845 -0.313184 -0.949091
v 0.0206879 -0.0606334 0.0054178 0.8 0.8 0.8
vn 0.0966128 -0.298303 -0.949569
v 0.0327806 -0.0554377 0.0054178 0.8 0.8 0.8
vn 0.157095 -0.26967 -0.950052
v 0.0433167 -0.0478892 0.0054178 0.8 0.8 0.8
vn 0.211211 -0.228807 -0.950283
v 0.0519419 -0.0382658 0.0054178 0.8 0.8 0.8
vn 0.256098 -0.177788 -0.950161
v 0.058344 -0.0269066 0.0054178 0.8 0.8 0.8
vn 0.289464 -0.119305 -0.949725
v 0.0622845 -0.0141611 0.0054178 0.8 0.8 0.8
vn 0.309833 -0.0562573 -0.949125
v 0.0557007 -2.88786e-09 0.00299786 0.8 0.8 0.8
vn 0.270475 0.00328347 -0.962721
v 0.0545359 0.0123993 0.00299786 0.8 0.8 0.8
vn 0.263493 0.0552959 -0.963075
v 0.0510856 0.0235592 0.00299786 0.8 0.8 0.8
vn 0.244745 0.109052 -0.963435
v 0.04548 0.0335053 0.00299786 0.8 0.8 0.8
vn 0.214812 0.158478 -0.963712
v 0.0379279 0.0419315 0.00299786 0.8 0.8 0.8
vn 0.175229 0.201191 -0.963751
v 0.0287025 0.0485409 0.00299786 0.8 0.8 0.8
vn 0.128042 0.23498 -0.96353
v 0.0181142 0.0530902 0.00299786 0.8 0.8 0.8
vn 0.0757629 0.258182 -0.963121
v 0.006423 0.0554088 0.00299786 0.8 0.8 0.8
vn 0.0220557 0.269681 -0.962697
v -0.00642301 0.0554088 0.00299786 0.8 0.8 0.8
vn -0.0288002 0.268268 -0.962914
v -0.0181142 0.0530902 0.00299786 0.8 0.8 0.8
vn -0.0826267 0.255597 -0.963246
v -0.0287025 0.0485409 0.00299786 0.8 0.8 0.8
vn -0.134448 0.231092 -0.963597
v -0.0379279 0.0419315 0.00299786 0.8 0.8 0.8
vn -0.180824 0.196111 -0.963765
v -0.04548 0.0335053 0.00299786 0.8 0.8 0.8
vn -0.219319 0.152439 -0.963671
v -0.0510856 0.0235592 0.00299786 0.8 0.8 0.8
vn -0.247982 0.102368 -0.963341
v -0.0545359 0.0123993 0.00299786 0.8 0.8 0.8
vn -0.265586 0.0483687 -0.962873
v -0.0557007 -2.88786e-09 0.00299786 0.8 0.8 0.8
vn -0.270475 -0.00328347 -0.962721
v -0.0545359 -0.0123993 0.00299786 0.8 0.8 0.8
vn -0.263493 -0.0552959 -0.963075
v -0.0510856 -0.0235592 0.00299786 0.8 0.8 0.8
vn -0.244745 -0.109052 -0.963435
v -0.04548 -0.0335053 0.00299786 0.8 0.8 0.8
vn -0.214812 -0.158478 -0.963712
v -0.0379279 -0.0419315 0.00299786 0.8 0.8 0.8
vn -0.175229 -0.201191 -0.963751
v -0.0287025 -0.0485409 0.00299786 0.8 0.8 0.8
vn -0.128042 -0.23498 -0.96353
v -0.0181142 -0.0530903 0.00299786 0.8 0.8 0.8
vn -0.0757629 -0.258182 -0.963121
v -0.00642301 -0.0554088 0.00299786 0.8 0.8 0.8
vn -0.0220557 -0.269681 -0.962697
v 0.006423 -0.0554088 0.00299786 0.8 0.8 0.8
vn 0.0288002 -0.268268 -0.962914
v 0.0181142 -0.0530903 0.00299786 0.8 0.8 0.8
vn 0.0826267 -0.255597 -0.963246
v 0.0287025 -0.0485409 0.00299786 0.8 0.8 0.8
vn 0.134448 -0.231092 -0.963597
v 0.0379279 -0.0419315 0.00299786 0.8 0.8 0.8
vn 0.180824 -0.196111 -0.963765
v 0.04548 -0.0335053 0.00299786 0.8 0.8 0.8
vn 0.219319 -0.152439 -0.963671
v 0.0510856 -0.0235592 0.00299786 0.8 0.8 0.8
vn 0.247982 -0.102368 -0.963341
v 0.0545359 -0.0123993 0.00299786 0.8 0.8 0.8
vn 0.265586 -0.0483687 -0.962873
v 0.0499547 -2.88786e-09 0.00159664 0.8 0.8 0.8
vn 0.209335 0.00251858 -0.977841
v 0.04891 0.0111202 0.00159664 0.8 0.8 0.8
vn 0.203803 0.042744 -0.978078
v 0.0458156 0.0211289 0.00159664 0.8 0.8 0.8
vn 0.189347 0.0843404 -0.978281
v 0.0407883 0.0300489 0.00159664 0.8 0.8 0.8
vn 0.166193 0.122577 -0.978445
v 0.0340153 0.0376058 0.00159664 0.8 0.8 0.8
vn 0.135583 0.155631 -0.978466
v 0.0257416 0.0435334 0.00159664 0.8 0.8 0.8
vn 0.099097 0.181807 -0.978328
v 0.0162455 0.0476135 0.00159664 0.8 0.8 0.8
vn 0.0586653 0.199828 -0.978073
v 0.00576041 0.0496929 0.00159664 0.8 0.8 0.8
vn 0.0171042 0.20885 -0.977798
v -0.00576042 0.0496929 0.00159664 0.8 0.8 0.8
vn -0.0222507 0.207484 -0.977985
v -0.0162455 0.0476135 0.00159664 0.8 0.8 0.8
vn -0.0638959 0.197737 -0.97817
v -0.0257416 0.0435334 0.00159664 0.8 0.8 0.8
vn -0.103986 0.178786 -0.978377
v -0.0340153 0.0376058 0.00159664 0.8 0.8 0.8
vn -0.139867 0.15173 -0.978476
v -0.0407883 0.0300489 0.00159664 0.8 0.8 0.8
vn -0.16967 0.117961 -0.978416
v -0.0458156 0.0211289 0.00159664 0.8 0.8 0.8
vn -0.191896 0.0792429 -0.978211
v -0.04891 0.0111202 0.00159664 0.8 0.8 0.8
vn -0.205637 0.0374759 -0.97791
v -0.0499547 -2.88786e-09 0.00159664 0.8 0.8 0.8
vn -0.209335 -0.00251858 -0.977841
v -0.04891 -0.0111202 0.00159664 0.8 0.8 0.8
vn -0.203803 -0.042744 -0.978078
v -0.0458156 -0.0211289 0.00159664 0.8 0.8 0.8
vn -0.189347 -0.0843404 -0.978281
v -0.0407883 -0.0300489 0.00159664 0.8 0.8 0.8
vn -0.166193 -0.122577 -0.978445
v -0.0340153 -0.0376058 0.00159664 0.8 0.8 0.8
vn -0.135583 -0.155631 -0.978466
v -0.0257416 -0.0435334 0.00159664 0.8 0.8 0.8
vn -0.099097 -0.181807 -0.978328
v -0.0162455 -0.0476135 0.00159664 0.8 0.8 0.8
vn -0.0586653 -0.199828 -0.978073
v -0.00576042 -0.0496929 0.00159664 0.8 0.8 0.8
vn -0.0171042 -0.20885 -0.977798
v 0.00576041 -0.0496929 0.00159664 0.8 0.8 0.8
vn 0.0222507 -0.207484 -0.977985
v 0.0162455 -0.0476135 0.00159664 0.8 0.8 0.8
vn 0.0638959 -0.197737 -0.97817
v 0.0257416 -0.0435334 0.00159664 0.8 0.8 0.8
vn 0.103986 -0.178786 -0.978377
v 0.0340153 -0.0376058 0.00159664 0.8 0.8 0.8
vn 0.139867 -0.15173 -0.978476
v 0.0407883 -0.0300489 0.00159664 0.8 0.8 0.8
vn 0.16967 -0.117961 -0.978416
v 0.0458156 -0.0211289 0.00159664 0.8 0.8 0.8
vn 0.191896 -0.0792429 -0.978211
v 0.04891 -0.0111202 0.00159664 0.8 0.8 0.8
vn 0.205637 -0.0374759 -0.97791
v 0.045444 -2.88786e-09 0.00081418 0.8 0.8 0.8
vn 0.143488 0.00176016 -0.989651
v 0.0444937 0.0101161 0.00081418 0.8 0.8 0.8
vn 0.139592 0.0293151 -0.989775
v 0.0416787 0.019221 0.00081418 0.8 0.8 0.8
vn 0.129719 0.0578222 -0.989863
v 0.0371053 0.0273357 0.00081418 0.8 0.8 0.8
vn 0.113849 0.0840185 -0.989939
v 0.0309438 0.0342102 0.00081418 0.8 0.8 0.8
vn 0.0928758 0.106669 -0.989947
v 0.0234172 0.0396026 0.00081418 0.8 0.8 0.8
vn 0.0678815 0.124618 -0.98988
v 0.0147786 0.0433142 0.00081418 0.8 0.8 0.8
vn 0.0401817 0.137002 -0.989755
v 0.00524027 0.0452059 0.00081418 0.8 0.8 0.8
vn 0.0116973 0.143258 -0.989616
v -0.00524028 0.0452059 0.00081418 0.8 0.8 0.8
vn -0.0152754 0.142108 -0.989733
v -0.0147786 0.0433142 0.00081418 0.8 0.8 0.8
vn -0.0438136 0.135466 -0.989813
v -0.0234172 0.0396026 0.00081418 0.8 0.8 0.8
vn -0.0712821 0.12248 -0.989908
v -0.0309438 0.0342102 0.00081418 0.8 0.8 0.8
vn -0.0958649 0.103938 -0.989953
v -0.0371053 0.0273357 0.00081418 0.8 0.8 0.8
vn -0.116293 0.0808041 -0.989923
v -0.0416787 0.019221 0.00081418 0.8 0.8 0.8
vn -0.131545 0.05428 -0.989823
v -0.0444937 0.0101161 0.00081418 0.8 0.8 0.8
vn -0.141033 0.0256648 -0.989672
v -0.045444 -2.88786e-09 0.00081418 0.8 0.8 0.8
vn -0.143488 -0.00176016 -0.989651
v -0.0444937 -0.0101161 0.00081418 0.8 0.8 0.8
vn -0.139592 -0.0293151 -0.989775
v -0.0416787 -0.019221 0.00081418 0.8 0.8 0.8
vn -0.129719 -0.0578222 -0.989863
v -0.0371053 -0.0273357 0.00081418 0.8 0.8 0.8
vn -0.113849 -0.0840185 -0.989939
v -0.0309438 -0.0342102 0.00081418 0.8 0.8 0.8
vn -0.0928758 -0.106669 -0.989947
v -0.0234172 -0.0396026 0.00081418 0.8 0.8 0.8
vn -0.0678815 -0.124618 -0.98988
v -0.0147786 -0.0433142 0.00081418 0.8 0.8 0.8
vn -0.0401817 -0.137002 -0.989755
v -0.00524028 -0.0452059 0.00081418 0.8 0.8 0.8
vn -0.0116973 -0.143258 -0.989616
v 0.00524027 -0.0452059 0.00081418 0.8 0.8 0.8
vn 0.0152754 -0.142108 -0.989733
v 0.0147786 -0.0433142 0.00081418 0.8 0.8 0.8
vn 0.0438136 -0.135466 -0.989813
v 0.0234172 -0.0396026 0.00081418 0.8 0.8 0.8
vn 0.0712821 -0.12248 -0.989908
v 0.0309438 -0.0342102 0.00081418 0.8 0.8 0.8
vn 0.0958649 -0.103938 -0.989953
v 0.0371053 -0.0273357 0.00081418 0.8 0.8 0.8
vn 0.116293 -0.0808041 -0.989923
v 0.0416787 -0.019221 0.00081418 0.8 0.8 0.8
vn 0.131545 -0.05428 -0.989823
v 0.0444937 -0.0101161 0.00081418 0.8 0.8 0.8
vn 0.141033 -0.0256648 -0.989672
v 0.0416108 -2.88786e-09 0.00039496 0.8 0.8 0.8
vn 0.0869973 0.00111303 -0.996208
v 0.0407406 0.00926281 0.00039496 0.8 0.8 0.8
vn 0.0845739 0.0178126 -0.996258
v 0.0381631 0.0175997 0.00039496 0.8 0.8 0.8
vn 0.0786047 0.0350948 -0.996288
v 0.0339755 0.0250299 0.00039496 0.8 0.8 0.8
vn 0.0689795 0.050971 -0.996315
v 0.0283337 0.0313246 0.00039496 0.8 0.8 0.8
vn 0.0562622 0.0646978 -0.996318
v 0.021442 0.0362621 0.00039496 0.8 0.8 0.8
vn 0.0411098 0.0755792 -0.996292
v 0.013532 0.0396606 0.00039496 0.8 0.8 0.8
vn 0.0243184 0.0830959 -0.996245
v 0.00479825 0.0413927 0.00039496 0.8 0.8 0.8
vn 0.00704953 0.0869199 -0.99619
v -0.00479826 0.0413927 0.00039496 0.8 0.8 0.8
vn -0.00930302 0.0860963 -0.996243
v -0.0135321 0.0396606 0.00039496 0.8 0.8 0.8
vn -0.0266036 0.0820886 -0.99627
v -0.021442 0.0362621 0.00039496 0.8 0.8 0.8
vn -0.0432524 0.0742141 -0.996304
v -0.0283337 0.0313246 0.00039496 0.8 0.8 0.8
vn -0.0581502 0.0629697 -0.99632
v -0.0339755 0.0250299 0.00039496 0.8 0.8 0.8
vn -0.0705315 0.0489437 -0.996308
v -0.0381631 0.0175997 0.00039496 0.8 0.8 0.8
vn -0.0797813 0.0328646 -0.99627
v -0.0407406 0.00926281 0.00039496 0.8 0.8 0.8
vn -0.0855628 0.0155197 -0.996212
v -0.0416108 -2.88786e-09 0.00039496 0.8 0.8 0.8
vn -0.0869973 -0.00111303 -0.996208
v -0.0407406 -0.00926282 0.00039496 0.8 0.8 0.8
vn -0.0845739 -0.0178126 -0.996258
v -0.0381631 -0.0175997 0.00039496 0.8 0.8 0.8
vn -0.0786047 -0.0350948 -0.996288
v -0.0339755 -0.0250299 0.00039496 0.8 0.8 0.8
vn -0.0689795 -0.050971 -0.996315
v -0.0283337 -0.0313246 0.00039496 0.8 0.8 0.8
vn -0.0562622 -0.0646978 -0.996318
v -0.021442 -0.0362621 0.00039496 0.8 0.8 0.8
vn -0.0411098 -0.0755792 -0.996292
v -0.0135321 -0.0396606 0.00039496 0.8 0.8 0.8
vn -0.0243184 -0.0830959 -0.996245
v -0.00479826 -0.0413927 0.00039496 0.8 0.8 0.8
vn -0.00704953 -0.0869199 -0.99619
v 0.00479825 -0.0413927 0.00039496 0.8 0.8 0.8
vn 0.00930302 -0.0860963 -0.996243
v 0.013532 -0.0396606 0.00039496 0.8 0.8 0.8
vn 0.0266036 -0.0820886 -0.99627
v 0.021442 -0.0362621 0.00039496 0.8 0.8 0.8
vn 0.0432524 -0.0742141 -0.996304
v 0.0283337 -0.0313246 0.00039496 0.8 0.8 0.8
vn 0.0581502 -0.0629697 -0.99632
v 0.0339755 -0.0250299 0.00039496 0.8 0.8 0.8
vn 0.0705315 -0.0489437 -0.996308
v 0.0381631 -0.0175997 0.00039496 0.8 0.8 0.8
vn 0.0797813 -0.0328646 -0.99627
v 0.0407406 -0.00926282 0.00039496 0.8 0.8 0.8
vn 0.0855628 -0.0155197 -0.996212
v 0.0381331 -2.88786e-09 0.000180814 0.8 0.8 0.8
vn 0.0472536 0.000641168 -0.998883
v 0.0373356 0.00848865 0.000180814 0.8 0.8 0.8
vn 0.0459061 0.00970977 -0.998899
v 0.0349735 0.0161288 0.000180814 0.8 0.8 0.8
vn 0.0426697 0.0190961 -0.998907
v 0.0311359 0.0229379 0.000180814 0.8 0.8 0.8
vn 0.0374376 0.0277159 -0.998915
v 0.0259656 0.0287065 0.000180814 0.8 0.8 0.8
vn 0.0305264 0.0351675 -0.998915
v 0.0196499 0.0332314 0.000180814 0.8 0.8 0.8
vn 0.022294 0.041074 -0.998907
v 0.0124011 0.0363459 0.000180814 0.8 0.8 0.8
vn 0.0131728 0.0451561 -0.998893
v 0.00439723 0.0379332 0.000180814 0.8 0.8 0.8
vn 0.00379349 0.0472424 -0.998876
v -0.00439724 0.0379332 0.000180814 0.8 0.8 0.8
vn -0.00508831 0.046733 -0.998894
v -0.0124011 0.0363459 0.000180814 0.8 0.8 0.8
vn -0.0144851 0.0445628 -0.998902
v -0.0196499 0.0332314 0.000180814 0.8 0.8 0.8
vn -0.0235254 0.0402829 -0.998911
v -0.0259657 0.0287065 0.000180814 0.8 0.8 0.8
vn -0.0316132 0.0341713 -0.998916
v -0.0311359 0.0229379 0.000180814 0.8 0.8 0.8
vn -0.038334 0.02655 -0.998912
v -0.0349735 0.0161288 0.000180814 0.8 0.8 0.8
vn -0.0433553 0.0178149 -0.998901
v -0.0373356 0.00848865 0.000180814 0.8 0.8 0.8
vn -0.046504 0.00839452 -0.998883
v -0.0381331 -2.88786e-09 0.000180814 0.8 0.8 0.8
vn -0.0472536 -0.000641168 -0.998883
v -0.0373356 -0.00848866 0.000180814 0.8 0.8 0.8
vn -0.0459061 -0.00970977 -0.998899
v -0.0349735 -0.0161288 0.000180814 0.8 0.8 0.8
vn -0.0426697 -0.0190961 -0.998907
v -0.0311359 -0.0229379 0.000180814 0.8 0.8 0.8
vn -0.0374376 -0.0277159 -0.998915
v -0.0259657 -0.0287065 0.000180814 0.8 0.8 0.8
vn -0.0305264 -0.0351675 -0.998915
v -0.0196499 -0.0332314 0.000180814 0.8 0.8 0.8
vn -0.022294 -0.041074 -0.998907
v -0.0124011 -0.0363459 0.000180814 0.8 0.8 0.8
vn -0.0131728 -0.0451561 -0.998893
v -0.00439724 -0.0379332 0.000180814 0.8 0.8 0.8
vn -0.00379349 -0.0472424 -0.998876
v 0.00439723 -0.0379332 0.000180814 0.8 0.8 0.8
vn 0.00508831 -0.046733 -0.998894
v 0.0124011 -0.0363459 0.000180814 0.8 0.8 0.8
vn 0.0144851 -0.0445628 -0.998902
v 0.0196499 -0.0332314 0.000180814 0.8 0.8 0.8
vn 0.0235254 -0.0402829 -0.998911
v 0.0259656 -0.0287065 0.000180814 0.8 0.8 0.8
vn 0.0316132 -0.0341713 -0.998916
v 0.0311359 -0.0229379 0.000180814 0.8 0.8 0.8
vn 0.038334 -0.02655 -0.998912
v 0.0349735 -0.0161288 0.000180814 0.8 0.8 0.8
vn 0.0433553 -0.0178149 -0.998901
v 0.0373356 -0.00848866 0.000180814 0.8 0.8 0.8
vn 0.046504 -0.00839452 -0.998883
v 0.0348326 -2.88786e-09 7.73378e-05 0.8 0.8 0.8
vn 0.0233172 0.000339699 -0.999728
v 0.0341042 0.00775396 7.73378e-05 0.8 0.8 0.8
vn 0.0226373 0.00481437 -0.999732
v 0.0319466 0.0147328 7.73378e-05 0.8 0.8 0.8
vn 0.0210414 0.00944563 -0.999734
v 0.0284411 0.0209527 7.73378e-05 0.8 0.8 0.8
vn 0.0184564 0.013697 -0.999736
v 0.0237183 0.026222 7.73378e-05 0.8 0.8 0.8
vn 0.0150432 0.0173711 -0.999736
v 0.0179492 0.0303552 7.73378e-05 0.8 0.8 0.8
vn 0.0109787 0.0202825 -0.999734
v 0.0113278 0.0332002 7.73378e-05 0.8 0.8 0.8
vn 0.0064767 0.0222946 -0.99973
v 0.00401665 0.0346501 7.73378e-05 0.8 0.8 0.8
vn 0.0018488 0.0233258 -0.999726
v -0.00401666 0.0346501 7.73378e-05 0.8 0.8 0.8
vn -0.00253389 0.0230461 -0.999731
v -0.0113278 0.0332002 7.73378e-05 0.8 0.8 0.8
vn -0.00717086 0.0219766 -0.999733
v -0.0179492 0.0303552 7.73378e-05 0.8 0.8 0.8
vn -0.0116304 0.0198621 -0.999735
v -0.0237183 0.026222 7.73378e-05 0.8 0.8 0.8
vn -0.0156188 0.0168431 -0.999736
v -0.0284411 0.0209527 7.73378e-05 0.8 0.8 0.8
vn -0.0189321 0.0130798 -0.999735
v -0.0319466 0.0147328 7.73378e-05 0.8 0.8 0.8
vn -0.0214068 0.00876778 -0.999732
v -0.0341042 0.00775396 7.73378e-05 0.8 0.8 0.8
vn -0.022962 0.00411909 -0.999728
v -0.0348327 -2.88786e-09 7.73378e-05 0.8 0.8 0.8
vn -0.0233172 -0.000339699 -0.999728
v -0.0341042 -0.00775397 7.73378e-05 0.8 0.8 0.8
vn -0.0226373 -0.00481437 -0.999732
v -0.0319466 -0.0147329 7.73378e-05 0.8 0.8 0.8
vn -0.0210414 -0.00944563 -0.999734
v -0.0284411 -0.0209527 7.73378e-05 0.8 0.8 0.8
vn -0.0184564 -0.013697 -0.999736
v -0.0237183 -0.026222 7.73378e-05 0.8 0.8 0.8
vn -0.0150432 -0.0173711 -0.999736
v -0.0179492 -0.0303552 7.73378e-05 0.8 0.8 0.8
vn -0.0109787 -0.0202825 -0.999734
v -0.0113278 -0.0332002 7.73378e-05 0.8 0.8 0.8
vn -0.0064767 -0.0222946 -0.99973
v -0.00401666 -0.0346501 7.73378e-05 0.8 0.8 0.8
vn -0.0018488 -0.0233258 -0.999726
v 0.00401665 -0.0346501 7.73378e-05 0.8 0.8 0.8
vn 0.00253389 -0.0230461 -0.999731
v 0.0113278 -0.0332002 7.73378e-05 0.8 0.8 0.8
vn 0.00717086 -0.0219766 -0.999733
v 0.0179492 -0.0303552 7.73378e-05 0.8 0.8 0.8
vn 0.0116304 -0.0198621 -0.999735
v 0.0237183 -0.026222 7.73378e-05 0.8 0.8 0.8
vn 0.0156188 -0.0168431 -0.999736
v 0.0284411 -0.0209527 7.73378e-05 0.8 0.8 0.8
vn 0.0189321 -0.0130798 -0.999735
v 0.0319466 -0.0147329 7.73378e-05 0.8 0.8 0.8
vn 0.0214068 -0.00876778 -0.999732
v 0.0341042 -0.00775397 7.73378e-05 0.8 0.8 0.8
vn 0.022962 -0.00411909 -0.999728
v 0.0316156 -2.88786e-09 3.05091e-05 0.8 0.8 0.8
vn 0.0105233 0.000166206 -0.999945
v 0.0309544 0.00703782 3.05091e-05 0.8 0.8 0.8
vn 0.0102094 0.00218581 -0.999945
v 0.028996 0.0133722 3.05091e-05 0.8 0.8 0.8
vn 0.00948893 0.00427564 -0.999946
v 0.0258143 0.0190175 3.05091e-05 0.8 0.8 0.8
vn 0.00832039 0.0061932 -0.999946
v 0.0215278 0.0238002 3.05091e-05 0.8 0.8 0.8
vn 0.00677815 0.00784972 -0.999946
v 0.0162915 0.0275517 3.05091e-05 0.8 0.8 0.8
vn 0.00494246 0.00916174 -0.999946
v 0.0102816 0.0301339 3.05091e-05 0.8 0.8 0.8
vn 0.00290993 0.0100681 -0.999945
v 0.00364568 0.0314499 3.05091e-05 0.8 0.8 0.8
vn 0.000821492 0.0105335 -0.999944
v -0.00364569 0.0314499 3.05091e-05 0.8 0.8 0.8
vn -0.00115649 0.0103945 -0.999945
v -0.0102816 0.0301339 3.05091e-05 0.8 0.8 0.8
vn -0.00324932 0.00991174 -0.999946
v -0.0162915 0.0275517 3.05091e-05 0.8 0.8 0.8
vn -0.00526115 0.00895576 -0.999946
v -0.0215278 0.0238002 3.05091e-05 0.8 0.8 0.8
vn -0.00705974 0.00759136 -0.999946
v -0.0258143 0.0190175 3.05091e-05 0.8 0.8 0.8
vn -0.00855325 0.00589132 -0.999946
v -0.0289961 0.0133722 3.05091e-05 0.8 0.8 0.8
vn -0.00966822 0.0039442 -0.999945
v -0.0309544 0.00703782 3.05091e-05 0.8 0.8 0.8
vn -0.0103699 0.00184596 -0.999945
v -0.0316156 -2.88786e-09 3.05091e-05 0.8 0.8 0.8
vn -0.0105233 -0.000166206 -0.999945
v -0.0309544 -0.00703783 3.05091e-05 0.8 0.8 0.8
vn -0.0102094 -0.00218581 -0.999945
v -0.0289961 -0.0133722 3.05091e-05 0.8 0.8 0.8
vn -0.00948893 -0.00427564 -0.999946
v -0.0258143 -0.0190175 3.05091e-05 0.8 0.8 0.8
vn -0.00832039 -0.0061932 -0.999946
v -0.0215278 -0.0238002 3.05091e-05 0.8 0.8 0.8
vn -0.00677815 -0.00784972 -0.999946
v -0.0162915 -0.0275517 3.05091e-05 0.8 0.8 0.8
vn -0.00494246 -0.00916174 -0.999946
v -0.0102816 -0.0301339 3.05091e-05 0.8 0.8 0.8
vn -0.00290993 -0.0100681 -0.999945
v -0.00364569 -0.0314499 3.05091e-05 0.8 0.8 0.8
vn -0.000821492 -0.0105335 -0.999944
v 0.00364568 -0.0314499 3.05091e-05 0.8 0.8 0.8
vn 0.00115649 -0.0103945 -0.999945
v 0.0102816 -0.0301339 3.05091e-05 0.8 0.8 0.8
vn 0.00324932 -0.00991174 -0.999946
v 0.0162915 -0.0275517 3.05091e-05 0.8 0.8 0.8
vn 0.00526115 -0.00895576 -0.999946
v 0.0215278 -0.0238002 3.05091e-05 0.8 0.8 0.8
vn 0.00705974 -0.00759136 -0.999946
v 0.0258143 -0.0190175 3.05091e-05 0.8 0.8 0.8
vn 0.00855325 -0.00589132 -0.999946
v 0.028996 -0.0133722 3.05091e-05 0.8 0.8 0.8
vn 0.00966822 -0.0039442 -0.999945
v 0.0309544 -0.00703783 3.05091e-05 0.8 0.8 0.8
vn 0.0103699 -0.00184596 -0.999945
v 0.028435 -2.88786e-09 1.09156e-05 0.8 0.8 0.8
vn 0.00433209 7.4807e-05 -0.999991
v 0.0278404 0.00632981 1.09156e-05 0.8 0.8 0.8
vn 0.00419966 0.000906344 -0.999991
v 0.026079 0.0120269 1.09156e-05 0.8 0.8 0.8
vn 0.00390281 0.0017665 -0.999991
v 0.0232174 0.0171043 1.09156e-05 0.8 0.8 0.8
vn 0.00342075 0.00255533 -0.999991
v 0.019362 0.0214059 1.09156e-05 0.8 0.8 0.8
vn 0.00278494 0.00323644 -0.999991
v 0.0146525 0.0247799 1.09156e-05 0.8 0.8 0.8
vn 0.00202854 0.00377557 -0.999991
v 0.00924722 0.0271024 1.09156e-05 0.8 0.8 0.8
vn 0.00119143 0.00414779 -0.999991
v 0.00327892 0.028286 1.09156e-05 0.8 0.8 0.8
vn 0.000331776 0.00433911 -0.999991
v -0.00327893 0.028286 1.09156e-05 0.8 0.8 0.8
vn -0.000482523 0.00427626 -0.999991
v -0.00924723 0.0271024 1.09156e-05 0.8 0.8 0.8
vn -0.00134415 0.00407728 -0.999991
v -0.0146525 0.0247799 1.09156e-05 0.8 0.8 0.8
vn -0.00217196 0.00368282 -0.999991
v -0.0193621 0.0214059 1.09156e-05 0.8 0.8 0.8
vn -0.00291167 0.00312015 -0.999991
v -0.0232174 0.0171043 1.09156e-05 0.8 0.8 0.8
vn -0.00352558 0.00241947 -0.999991
v -0.026079 0.0120269 1.09156e-05 0.8 0.8 0.8
vn -0.00398357 0.00161735 -0.999991
v -0.0278404 0.00632981 1.09156e-05 0.8 0.8 0.8
vn -0.00427218 0.000753431 -0.999991
v -0.028435 -2.88786e-09 1.09156e-05 0.8 0.8 0.8
vn -0.00433209 -7.4807e-05 -0.999991
v -0.0278404 -0.00632982 1.09156e-05 0.8 0.8 0.8
vn -0.00419966 -0.000906344 -0.999991
v -0.026079 -0.0120269 1.09156e-05 0.8 0.8 0.8
vn -0.00390281 -0.0017665 -0.999991
v -0.0232174 -0.0171044 1.09156e-05 0.8 0.8 0.8
vn -0.00342075 -0.00255533 -0.999991
v -0.0193621 -0.0214059 1.09156e-05 0.8 0.8 0.8
vn -0.00278494 -0.00323644 -0.999991
v -0.0146525 -0.02478 1.09156e-05 0.8 0.8 0.8
vn -0.00202854 -0.00377557 -0.999991
v -0.00924723 -0.0271024 1.09156e-05 0.8 0.8 0.8
vn -0.00119143 -0.00414779 -0.999991
v -0.00327893 -0.028286 1.09156e-05 0.8 0.8 0.8
vn -0.000331776 -0.00433911 -0.999991
v 0.00327892 -0.028286 1.09156e-05 0.8 0.8 0.8
vn 0.000482523 -0.00427626 -0.999991
v 0.00924722 -0.0271024 1.09156e-05 0.8 0.8 0.8
vn 0.00134415 -0.00407728 -0.999991
v 0.0146525 -0.02478 1.09156e-05 0.8 0.8 0.8
vn 0.00217196 -0.00368282 -0.999991
v 0.019362 -0.0214059 1.09156e-05 0.8 0.8 0.8
vn 0.00291167 -0.00312015 -0.999991
v 0.0232174 -0.0171044 1.09156e-05 0.8 0.8 0.8
vn 0.00352558 -0.00241947 -0.999991
v 0.026079 -0.0120269 1.09156e-05 0.8 0.8 0.8
vn 0.00398357 -0.00161735 -0.999991
v 0.0278404 -0.00632982 1.09156e-05 0.8 0.8 0.8
vn 0.00427218 -0.000753431 -0.999991
v 0.0252692 -2.88786e-09 3.46478e-06 0.8 0.8 0.8
vn 0.00160787 3.06038e-05 -0.999999
v 0.0247407 0.00562507 3.46478e-06 0.8 0.8 0.8
vn 0.00155734 0.000339302 -0.999999
v 0.0231755 0.0106879 3.46478e-06 0.8 0.8 0.8
vn 0.00144701 0.000658475 -0.999999
v 0.0206324 0.0152 3.46478e-06 0.8 0.8 0.8
vn 0.00126763 0.000950999 -0.999999
v 0.0172063 0.0190226 3.46478e-06 0.8 0.8 0.8
vn 0.00103123 0.00120342 -0.999999
v 0.0130211 0.022021 3.46478e-06 0.8 0.8 0.8
vn 0.000750178 0.00140307 -0.999999
v 0.00821766 0.0240849 3.46478e-06 0.8 0.8 0.8
vn 0.000439307 0.0015408 -0.999999
v 0.00291385 0.0251367 3.46478e-06 0.8 0.8 0.8
vn 0.000120287 0.00161166 -0.999999
v -0.00291386 0.0251367 3.46478e-06 0.8 0.8 0.8
vn -0.00018196 0.00158596 -0.999999
v -0.00821767 0.0240849 3.46478e-06 0.8 0.8 0.8
vn -0.000501787 0.00151196 -0.999999
v -0.0130212 0.022021 3.46478e-06 0.8 0.8 0.8
vn -0.000808851 0.00136513 -0.999999
v -0.0172063 0.0190226 3.46478e-06 0.8 0.8 0.8
vn -0.00108308 0.00115585 -0.999999
v -0.0206324 0.0152 3.46478e-06 0.8 0.8 0.8
vn -0.00131052 0.000895417 -0.999999
v -0.0231755 0.0106879 3.46478e-06 0.8 0.8 0.8
vn -0.00148004 0.000597455 -0.999999
v -0.0247407 0.00562507 3.46478e-06 0.8 0.8 0.8
vn -0.001587 0.000276742 -0.999999
v -0.0252692 -2.88786e-09 3.46478e-06 0.8 0.8 0.8
vn -0.00160787 -3.06038e-05 -0.999999
v -0.0247407 -0.00562507 3.46478e-06 0.8 0.8 0.8
vn -0.00155734 -0.000339302 -0.999999
v -0.0231755 -0.0106879 3.46478e-06 0.8 0.8 0.8
vn -0.00144701 -0.000658475 -0.999999
v -0.0206324 -0.0152 3.46478e-06 0.8 0.8 0.8
vn -0.00126763 -0.000950999 -0.999999
v -0.0172063 -0.0190226 3.46478e-06 0.8 0.8 0.8
vn -0.00103123 -0.00120342 -0.999999
v -0.0130212 -0.022021 3.46478e-06 0.8 0.8 0.8
vn -0.000750178 -0.00140307 -0.999999
v -0.00821767 -0.0240849 3.46478e-06 0.8 0.8 0.8
vn -0.000439307 -0.0015408 -0.999999
v -0.00291386 -0.0251367 3.46478e-06 0.8 0.8 0.8
vn -0.000120287 -0.00161166 -0.999999
v 0.00291385 -0.0251367 3.46478e-06 0.8 0.8 0.8
vn 0.00018196 -0.00158596 -0.999999
v 0.00821766 -0.0240849 3.46478e-06 0.8 0.8 0.8
vn 0.000501787 -0.00151196 -0.999999
v 0.0130211 -0.022021 3.46478e-06 0.8 0.8 0.8
vn 0.000808851 -0.00136513 -0.999999
v 0.0172063 -0.0190226 3.46478e-06 0.8 0.8 0.8
vn 0.00108308 -0.00115585 -0.999999
v 0.0206324 -0.0152 3.46478e-06 0.8 0.8 0.8
vn 0.00131052 -0.000895417 -0.999999
v 0.0231755 -0.0106879 3.46478e-06 0.8 0.8 0.8
vn 0.00148004 -0.000597455 -0.999999
v 0.0247407 -0.00562507 3.46478e-06 0.8 0.8 0.8
vn 0.001587 -0.000276742 -0.999999
v 0.0221086 -2.88786e-09 9.49122e-07 0.8 0.8 0.8
vn 0.000527006 1.11485e-05 -1
v 0.0216463 0.00492151 9.49122e-07 0.8 0.8 0.8
vn 0.000509918 0.000112361 -1
v 0.0202768 0.00935108 9.49122e-07 0.8 0.8 0.8
vn 0.000473681 0.000216943 -1
v 0.0180518 0.0132989 9.49122e-07 0.8 0.8 0.8
vn 0.000414705 0.000312721 -1
v 0.0150542 0.0166433 9.49122e-07 0.8 0.8 0.8
vn 0.000337057 0.000395309 -1
v 0.0113925 0.0192667 9.49122e-07 0.8 0.8 0.8
vn 0.000244811 0.00046057 -1
v 0.00718983 0.0210725 9.49122e-07 0.8 0.8 0.8
vn 0.000142849 0.00050554 -1
v 0.0025494 0.0219928 9.49122e-07 0.8 0.8 0.8
vn 3.8302e-05 0.000528694 -1
v -0.00254941 0.0219928 9.49122e-07 0.8 0.8 0.8
vn -6.07722e-05 0.000519373 -1
v -0.00718984 0.0210725 9.49122e-07 0.8 0.8 0.8
vn -0.000165614 0.000495049 -1
v -0.0113925 0.0192667 9.49122e-07 0.8 0.8 0.8
vn -0.000266188 0.000446753 -1
v -0.0150543 0.0166433 9.49122e-07 0.8 0.8 0.8
vn -0.000355945 0.000377979 -1
v -0.0180518 0.0132989 9.49122e-07 0.8 0.8 0.8
vn -0.000430325 0.000292472 -1
v -0.0202768 0.00935108 9.49122e-07 0.8 0.8 0.8
vn -0.000485707 0.000194711 -1
v -0.0216463 0.00492151 9.49122e-07 0.8 0.8 0.8
vn -0.000520688 8.95647e-05 -1
v -0.0221086 -2.88786e-09 9.49122e-07 0.8 0.8 0.8
vn -0.000527006 -1.11485e-05 -1
v -0.0216463 -0.00492152 9.49122e-07 0.8 0.8 0.8
vn -0.000509918 -0.000112361 -1
v -0.0202768 -0.00935108 9.49122e-07 0.8 0.8 0.8
vn -0.000473681 -0.000216943 -1
v -0.0180518 -0.0132989 9.49122e-07 0.8 0.8 0.8
vn -0.000414705 -0.000312721 -1
v -0.0150543 -0.0166434 9.49122e-07 0.8 0.8 0.8
vn -0.000337057 -0.000395309 -1
v -0.0113925 -0.0192667 9.49122e-07 0.8 0.8 0.8
vn -0.000244811 -0.00046057 -1
v -0.00718984 -0.0210725 9.49122e-07 0.8 0.8 0.8
vn -0.000142849 -0.00050554 -1
v -0.00254941 -0.0219928 9.49122e-07 0.8 0.8 0.8
vn -3.8302e-05 -0.000528694 -1
v 0.0025494 -0.0219928 9.49122e-07 0.8 0.8 0.8
vn 6.07722e-05 -0.000519373 -1
v 0.00718983 -0.0210725 9.49122e-07 0.8 0.8 0.8
vn 0.000165614 -0.000495049 -1
v 0.0113925 -0.0192667 9.49122e-07 0.8 0.8 0.8
vn 0.000266188 -0.000446753 -1
v 0.0150542 -0.0166434 9.49122e-07 0.8 0.8 0.8
vn 0.000355945 -0.000377979 -1
v 0.0180518 -0.0132989 9.49122e-07 0.8 0.8 0.8
vn 0.000430325 -0.000292472 -1
v 0.0202768 -0.00935108 9.49122e-07 0.8 0.8 0.8
vn 0.000485707 -0.000194711 -1
v 0.0216463 -0.00492152 9.49122e-07 0.8 0.8 0.8
vn 0.000520688 -8.95647e-05 -1
v 0.0189498 -2.88786e-09 2.19466e-07 0.8 0.8 0.8
vn 0.000147806 3.5045e-06 -1
v 0.0185535 0.00421833 2.19466e-07 0.8 0.8 0.8
vn 0.00014284 3.19024e-05 -1
v 0.0173797 0.00801501 2.19466e-07 0.8 0.8 0.8
vn 0.000132649 6.12229e-05 -1
v 0.0154726 0.0113987 2.19466e-07 0.8 0.8 0.8
vn 0.000116046 8.8051e-05 -1
v 0.0129033 0.0142654 2.19466e-07 0.8 0.8 0.8
vn 9.42123e-05 0.000111164 -1
v 0.00976478 0.0165139 2.19466e-07 0.8 0.8 0.8
vn 6.82981e-05 0.000129406 -1
v 0.00616256 0.0180617 2.19466e-07 0.8 0.8 0.8
vn 3.96777e-05 0.000141959 -1
v 0.00218515 0.0188505 2.19466e-07 0.8 0.8 0.8
vn 1.03623e-05 0.000148426 -1
v -0.00218516 0.0188505 2.19466e-07 0.8 0.8 0.8
vn -1.74278e-05 0.000145518 -1
v -0.00616257 0.0180617 2.19466e-07 0.8 0.8 0.8
vn -4.68363e-05 0.00013867 -1
v -0.00976479 0.0165139 2.19466e-07 0.8 0.8 0.8
vn -7.50194e-05 0.000125066 -1
v -0.0129033 0.0142654 2.19466e-07 0.8 0.8 0.8
vn -0.00010015 0.000105716 -1
v -0.0154726 0.0113987 2.19466e-07 0.8 0.8 0.8
vn -0.000120955 8.16846e-05 -1
v -0.0173797 0.00801501 2.19466e-07 0.8 0.8 0.8
vn -0.000136425 5.42321e-05 -1
v -0.0185535 0.00421833 2.19466e-07 0.8 0.8 0.8
vn -0.000146208 2.47332e-05 -1
v -0.0189498 -2.88786e-09 2.19466e-07 0.8 0.8 0.8
vn -0.000147806 -3.5045e-06 -1
v -0.0185535 -0.00421834 2.19466e-07 0.8 0.8 0.8
vn -0.00014284 -3.19024e-05 -1
v -0.0173797 -0.00801501 2.19466e-07 0.8 0.8 0.8
vn -0.000132649 -6.12229e-05 -1
v -0.0154726 -0.0113987 2.19466e-07 0.8 0.8 0.8
vn -0.000116046 -8.8051e-05 -1
v -0.0129033 -0.0142654 2.19466e-07 0.8 0.8 0.8
vn -9.42123e-05 -0.000111164 -1
v -0.00976479 -0.0165139 2.19466e-07 0.8 0.8 0.8
vn -6.82981e-05 -0.000129406 -1
v -0.00616257 -0.0180617 2.19466e-07 0.8 0.8 0.8
vn -3.96777e-05 -0.000141959 -1
v -0.00218516 -0.0188505 2.19466e-07 0.8 0.8 0.8
vn -1.03623e-05 -0.000148426 -1
v 0.00218515 -0.0188505 2.19466e-07 0.8 0.8 0.8
vn 1.74278e-05 -0.000145518 -1
v 0.00616256 -0.0180617 2.19466e-07 0.8 0.8 0.8
vn 4.68363e-05 -0.00013867 -1
v 0.00976478 -0.0165139 2.19466e-07 0.8 0.8 0.8
vn 7.50194e-05 -0.000125066 -1
v 0.0129033 -0.0142654 2.19466e-07 0.8 0.8 0.8
vn 0.00010015 -0.000105716 -1
v 0.0154726 -0.0113987 2.19466e-07 0.8 0.8 0.8
vn 0.000120955 -8.16846e-05 -1
v 0.0173797 -0.00801501 2.19466e-07 0.8 0.8 0.8
vn 0.000136425 -5.42321e-05 -1
v 0.0185535 -0.00421834 2.19466e-07 0.8 0.8 0.8
vn 0.000146208 -2.47332e-05 -1
v 0.0157914 -2.88786e-09 4.63103e-08 0.8 0.8 0.8
vn 3.38435e-05 9.06528e-07 -1
v 0.0154611 0.00351526 4.63103e-08 0.8 0.8 0.8
vn 3.26598e-05 7.41245e-06 -1
v 0.014483 0.00667913 4.63103e-08 0.8 0.8 0.8
vn 3.03178e-05 1.41227e-05 -1
v 0.0128938 0.00949889 4.63103e-08 0.8 0.8 0.8
vn 2.64987e-05 2.0256e-05 -1
v 0.0107527 0.0118877 4.63103e-08 0.8 0.8 0.8
vn 2.14837e-05 2.55341e-05 -1
v 0.00813727 0.0137615 4.63103e-08 0.8 0.8 0.8
vn 1.55383e-05 2.96941e-05 -1
v 0.00513544 0.0150513 4.63103e-08 0.8 0.8 0.8
vn 8.97846e-06 3.25518e-05 -1
v 0.00182094 0.0157086 4.63103e-08 0.8 0.8 0.8
vn 2.26786e-06 3.40238e-05 -1
v -0.00182095 0.0157086 4.63103e-08 0.8 0.8 0.8
vn -4.09642e-06 3.32808e-05 -1
v -0.00513545 0.0150513 4.63103e-08 0.8 0.8 0.8
vn -1.08313e-05 3.17043e-05 -1
v -0.00813728 0.0137615 4.63103e-08 0.8 0.8 0.8
vn -1.72776e-05 2.85726e-05 -1
v -0.0107527 0.0118877 4.63103e-08 0.8 0.8 0.8
vn -2.30199e-05 2.41253e-05 -1
v -0.0128938 0.00949889 4.63103e-08 0.8 0.8 0.8
vn -2.77677e-05 1.86087e-05 -1
v -0.014483 0.00667913 4.63103e-08 0.8 0.8 0.8
vn -3.12924e-05 1.23135e-05 -1
v -0.0154612 0.00351526 4.63103e-08 0.8 0.8 0.8
vn -3.35235e-05 5.55646e-06 -1
v -0.0157914 -2.88786e-09 4.63103e-08 0.8 0.8 0.8
vn -3.38435e-05 -9.06528e-07 -1
v -0.0154612 -0.00351526 4.63103e-08 0.8 0.8 0.8
vn -3.26598e-05 -7.41245e-06 -1
v -0.014483 -0.00667914 4.63103e-08 0.8 0.8 0.8
vn -3.03178e-05 -1.41227e-05 -1
v -0.0128938 -0.0094989 4.63103e-08 0.8 0.8 0.8
vn -2.64987e-05 -2.0256e-05 -1
v -0.0107527 -0.0118877 4.63103e-08 0.8 0.8 0.8
vn -2.14837e-05 -2.55341e-05 -1
v -0.00813728 -0.0137615 4.63103e-08 0.8 0.8 0.8
vn -1.55383e-05 -2.96941e-05 -1
v -0.00513545 -0.0150513 4.63103e-08 0.8 0.8 0.8
vn -8.97846e-06 -3.25518e-05 -1
v -0.00182095 -0.0157086 4.63103e-08 0.8 0.8 0.8
vn -2.26786e-06 -3.40238e-05 -1
v 0.00182094 -0.0157086 4.63103e-08 0.8 0.8 0.8
vn 4.09642e-06 -3.32808e-05 -1
v 0.00513544 -0.0150513 4.63103e-08 0.8 0.8 0.8
vn 1.08313e-05 -3.17043e-05 -1
v 0.00813727 -0.0137615 4.63103e-08 0.8 0.8 0.8
vn 1.72776e-05 -2.85726e-05 -1
v 0.0107527 -0.0118877 4.63103e-08 0.8 0.8 0.8
vn 2.30199e-05 -2.41253e-05 -1
v 0.0128938 -0.0094989 4.63103e-08 0.8 0.8 0.8
vn 2.77677e-05 -1.86087e-05 -1
v 0.014483 -0.00667914 4.63103e-08 0.8 0.8 0.8
vn 3.12924e-05 -1.23135e-05 -1
v 0.0154611 -0.00351526 4.63103e-08 0.8 0.8 0.8
vn 3.35235e-05 -5.55646e-06 -1
v 0.0126331 -2.88786e-09 1.51545e-08 0.8 0.8 0.8
vn 5.886e-06 1.79168e-07 -1
v 0.0123689 0.0028122 1.51545e-08 0.8 0.8 0.8
vn 5.67109e-06 1.31156e-06 -1
v 0.0115864 0.0053433 1.51545e-08 0.8 0.8 0.8
vn 5.26159e-06 2.47785e-06 -1
v 0.010315 0.00759911 1.51545e-08 0.8 0.8 0.8
vn 4.59365e-06 3.54252e-06 -1
v 0.00860215 0.00951018 1.51545e-08 0.8 0.8 0.8
vn 3.71816e-06 4.45752e-06 -1
v 0.00650981 0.0110092 1.51545e-08 0.8 0.8 0.8
vn 2.68166e-06 5.17742e-06 -1
v 0.00410834 0.012041 1.51545e-08 0.8 0.8 0.8
vn 1.53942e-06 5.67077e-06 -1
v 0.00145675 0.0125669 1.51545e-08 0.8 0.8 0.8
vn 3.72742e-07 5.92452e-06 -1
v -0.00145676 0.0125669 1.51545e-08 0.8 0.8 0.8
vn -7.34442e-07 5.78084e-06 -1
v -0.00410835 0.012041 1.51545e-08 0.8 0.8 0.8
vn -1.90598e-06 5.50445e-06 -1
v -0.00650981 0.0110092 1.51545e-08 0.8 0.8 0.8
vn -3.02566e-06 4.95618e-06 -1
v -0.00860216 0.00951018 1.51545e-08 0.8 0.8 0.8
vn -4.02182e-06 4.17913e-06 -1
v -0.010315 0.00759911 1.51545e-08 0.8 0.8 0.8
vn -4.84424e-06 3.21679e-06 -1
v -0.0115864 0.0053433 1.51545e-08 0.8 0.8 0.8
vn -5.4535e-06 2.11997e-06 -1
v -0.0123689 0.0028122 1.51545e-08 0.8 0.8 0.8
vn -5.83925e-06 9.44237e-07 -1
v -0.0126331 -2.88786e-09 1.51545e-08 0.8 0.8 0.8
vn -5.886e-06 -1.79168e-07 -1
v -0.0123689 -0.00281221 1.51545e-08 0.8 0.8 0.8
vn -5.67109e-06 -1.31156e-06 -1
v -0.0115864 -0.00534331 1.51545e-08 0.8 0.8 0.8
vn -5.26159e-06 -2.47785e-06 -1
v -0.010315 -0.00759911 1.51545e-08 0.8 0.8 0.8
vn -4.59365e-06 -3.54252e-06 -1
v -0.00860216 -0.00951018 1.51545e-08 0.8 0.8 0.8
vn -3.71816e-06 -4.45752e-06 -1
v -0.00650981 -0.0110092 1.51545e-08 0.8 0.8 0.8
vn -2.68166e-06 -5.17742e-06 -1
v -0.00410835 -0.012041 1.51545e-08 0.8 0.8 0.8
vn -1.53942e-06 -5.67077e-06 -1
v -0.00145676 -0.0125669 1.51545e-08 0.8 0.8 0.8
vn -3.72742e-07 -5.92452e-06 -1
v 0.00145675 -0.0125669 1.51545e-08 0.8 0.8 0.8
vn 7.34442e-07 -5.78084e-06 -1
v 0.00410834 -0.012041 1.51545e-08 0.8 0.8 0.8
vn 1.90598e-06 -5.50445e-06 -1
v 0.00650981 -0.0110092 1.51545e-08 0.8 0.8 0.8
vn 3.02566e-06 -4.95618e-06 -1
v 0.00860215 -0.00951018 1.51545e-08 0.8 0.8 0.8
vn 4.02182e-06 -4.17913e-06 -1
v 0.010315 -0.00759911 1.51545e-08 0.8 0.8 0.8
vn 4.84424e-06 -3.21679e-06 -1
v 0.0115864 -0.00534331 1.51545e-08 0.8 0.8 0.8
vn 5.4535e-06 -2.11997e-06 -1
v 0.0123689 -0.00281221 1.51545e-08 0.8 0.8 0.8
vn 5.83925e-06 -9.44237e-07 -1
v 0.00947481 -2.88786e-09 1.14158e-08 0.8 0.8 0.8
vn 6.90777e-07 2.39349e-08 -1
v 0.00927667 0.00210915 1.14158e-08 0.8 0.8 0.8
vn 6.64501e-07 1.56995e-07 -1
v 0.00868977 0.00400747 1.14158e-08 0.8 0.8 0.8
vn 6.16024e-07 2.93749e-07 -1
v 0.00773624 0.00569933 1.14158e-08 0.8 0.8 0.8
vn 5.371e-07 4.18414e-07 -1
v 0.00645161 0.00713263 1.14158e-08 0.8 0.8 0.8
vn 4.3389e-07 5.25382e-07 -1
v 0.00488235 0.00825691 1.14158e-08 0.8 0.8 0.8
vn 3.11901e-07 6.09358e-07 -1
v 0.00308126 0.00903077 1.14158e-08 0.8 0.8 0.8
vn 1.77658e-07 6.66715e-07 -1
v 0.00109256 0.00942516 1.14158e-08 0.8 0.8 0.8
vn 4.08046e-08 6.96054e-07 -1
v -0.00109257 0.00942516 1.14158e-08 0.8 0.8 0.8
vn -8.91995e-08 6.77658e-07 -1
v -0.00308127 0.00903077 1.14158e-08 0.8 0.8 0.8
vn -2.26717e-07 6.44792e-07 -1
v -0.00488236 0.00825691 1.14158e-08 0.8 0.8 0.8
vn -3.57916e-07 5.79909e-07 -1
v -0.00645162 0.00713263 1.14158e-08 0.8 0.8 0.8
vn -4.74471e-07 4.88209e-07 -1
v -0.00773625 0.00569933 1.14158e-08 0.8 0.8 0.8
vn -5.70522e-07 3.7486e-07 -1
v -0.00868978 0.00400747 1.14158e-08 0.8 0.8 0.8
vn -6.41484e-07 2.45864e-07 -1
v -0.00927668 0.00210915 1.14158e-08 0.8 0.8 0.8
vn -6.86323e-07 1.07799e-07 -1
v -0.00947482 -2.88786e-09 1.14158e-08 0.8 0.8 0.8
vn -6.90777e-07 -2.39349e-08 -1
v -0.00927668 -0.00210916 1.14158e-08 0.8 0.8 0.8
vn -6.64501e-07 -1.56995e-07 -1
v -0.00868978 -0.00400748 1.14158e-08 0.8 0.8 0.8
vn -6.16024e-07 -2.93749e-07 -1
v -0.00773625 -0.00569933 1.14158e-08 0.8 0.8 0.8
vn -5.371e-07 -4.18414e-07 -1
v -0.00645162 -0.00713264 1.14158e-08 0.8 0.8 0.8
vn -4.3389e-07 -5.25382e-07 -1
v -0.00488236 -0.00825691 1.14158e-08 0.8 0.8 0.8
vn -3.11901e-07 -6.09358e-07 -1
v -0.00308127 -0.00903077 1.14158e-08 0.8 0.8 0.8
vn -1.77658e-07 -6.66715e-07 -1
v -0.00109257 -0.00942517 1.14158e-08 0.8 0.8 0.8
vn -4.08046e-08 -6.96054e-07 -1
v 0.00109256 -0.00942517 1.14158e-08 0.8 0.8 0.8
vn 8.91995e-08 -6.77658e-07 -1
v 0.00308126 -0.00903077 1.14158e-08 0.8 0.8 0.8
vn 2.26717e-07 -6.44792e-07 -1
v 0.00488235 -0.00825691 1.14158e-08 0.8 0.8 0.8
vn 3.57916e-07 -5.79909e-07 -1
v 0.00645161 -0.00713264 1.14158e-08 0.8 0.8 0.8
vn 4.74471e-07 -4.88209e-07 -1
v 0.00773624 -0.00569933 1.14158e-08 0.8 0.8 0.8
vn 5.70522e-07 -3.7486e-07 -1
v 0.00868977 -0.00400748 1.14158e-08 0.8 0.8 0.8
vn 6.41484e-07 -2.45864e-07 -1
v 0.00927667 -0.00210916 1.14158e-08 0.8 0.8 0.8
vn 6.86323e-07 -1.07799e-07 -1
v 0.00631654 -2.88786e-09 1.11805e-08 0.8 0.8 0.8
vn 4.40775e-08 1.73895e-09 -1
v 0.00618445 0.0014061 1.11805e-08 0.8 0.8 0.8
vn 4.23536e-08 1.02488e-08 -1
v 0.00579318 0.00267165 1.11805e-08 0.8 0.8 0.8
vn 3.92085e-08 1.89625e-08 -1
v 0.00515749 0.00379955 1.11805e-08 0.8 0.8 0.8
vn 3.41279e-08 2.68944e-08 -1
v 0.00430107 0.00475509 1.11805e-08 0.8 0.8 0.8
vn 2.75054e-08 3.36869e-08 -1
v 0.0032549 0.00550461 1.11805e-08 0.8 0.8 0.8
vn 1.96944e-08 3.90037e-08 -1
v 0.00205417 0.00602051 1.11805e-08 0.8 0.8 0.8
vn 1.11137e-08 4.2615e-08 -1
v 0.000728374 0.00628344 1.11805e-08 0.8 0.8 0.8
vn 2.38806e-09 4.44314e-08 -1
v -0.000728384 0.00628344 1.11805e-08 0.8 0.8 0.8
vn -5.91606e-09 4.32206e-08 -1
v -0.00205418 0.00602051 1.11805e-08 0.8 0.8 0.8
vn -1.46924e-08 4.10689e-08 -1
v -0.00325491 0.00550461 1.11805e-08 0.8 0.8 0.8
vn -2.30469e-08 3.68809e-08 -1
v -0.00430108 0.00475509 1.11805e-08 0.8 0.8 0.8
vn -3.0456e-08 3.09887e-08 -1
v -0.0051575 0.00379955 1.11805e-08 0.8 0.8 0.8
vn -3.65474e-08 2.37239e-08 -1
v -0.00579319 0.00267165 1.11805e-08 0.8 0.8 0.8
vn -4.10302e-08 1.54715e-08 -1
v -0.00618446 0.0014061 1.11805e-08 0.8 0.8 0.8
vn -4.38378e-08 6.65463e-09 -1
v -0.00631655 -2.88786e-09 1.11805e-08 0.8 0.8 0.8
vn -4.40775e-08 -1.73895e-09 -1
v -0.00618446 -0.0014061 1.11805e-08 0.8 0.8 0.8
vn -4.23536e-08 -1.02488e-08 -1
v -0.00579319 -0.00267165 1.11805e-08 0.8 0.8 0.8
vn -3.92085e-08 -1.89625e-08 -1
v -0.0051575 -0.00379956 1.11805e-08 0.8 0.8 0.8
vn -3.41279e-08 -2.68944e-08 -1
v -0.00430108 -0.00475509 1.11805e-08 0.8 0.8 0.8
vn -2.75054e-08 -3.36869e-08 -1
v -0.00325491 -0.00550461 1.11805e-08 0.8 0.8 0.8
vn -1.96944e-08 -3.90037e-08 -1
v -0.00205418 -0.00602052 1.11805e-08 0.8 0.8 0.8
vn -1.11137e-08 -4.2615e-08 -1
v -0.000728384 -0.00628345 1.11805e-08 0.8 0.8 0.8
vn -2.38806e-09 -4.44314e-08 -1
v 0.000728374 -0.00628345 1.11805e-08 0.8 0.8 0.8
vn 5.91606e-09 -4.32206e-08 -1
v 0.00205417 -0.00602052 1.11805e-08 0.8 0.8 0.8
vn 1.46924e-08 -4.10689e-08 -1
v 0.0032549 -0.00550461 1.11805e-08 0.8 0.8 0.8
vn 2.30469e-08 -3.68809e-08 -1
v 0.00430107 -0.00475509 1.11805e-08 0.8 0.8 0.8
vn 3.0456e-08 -3.09887e-08 -1
v 0.00515749 -0.00379956 1.11805e-08 0.8 0.8 0.8
vn 3.65474e-08 -2.37239e-08 -1
v 0.00579318 -0.00267165 1.11805e-08 0.8 0.8 0.8
vn 4.10302e-08 -1.54715e-08 -1
v 0.00618445 -0.0014061 1.11805e-08 0.8 0.8 0.8
vn 4.38378e-08 -6.65463e-09 -1
v 0.00315827 -2.88786e-09 1.11759e-08 0.8 0.8 0.8
vn 9.66959e-10 4.53933e-11 -1
v 0.00309222 0.000703048 1.11759e-08 0.8 0.8 0.8
vn 9.29709e-10 2.33329e-10 -1
v 0.00289659 0.00133582 1.11759e-08 0.8 0.8 0.8
vn 8.57346e-10 4.23788e-10 -1
v 0.00257875 0.00189977 1.11759e-08 0.8 0.8 0.8
vn 7.4395e-10 5.96861e-10 -1
v 0.00215053 0.00237754 1.11759e-08 0.8 0.8 0.8
vn 5.97181e-10 7.44533e-10 -1
v 0.00162745 0.0027523 1.11759e-08 0.8 0.8 0.8
vn 4.24766e-10 8.59431e-10 -1
v 0.00102708 0.00301025 1.11759e-08 0.8 0.8 0.8
vn 2.35951e-10 9.36331e-10 -1
v 0.000364184 0.00314172 1.11759e-08 0.8 0.8 0.8
vn 4.49195e-11 9.72555e-10 -1
v -0.000364194 0.00314172 1.11759e-08 0.8 0.8 0.8
vn -1.379e-10 9.50221e-10 -1
v -0.00102709 0.00301025 1.11759e-08 0.8 0.8 0.8
vn -3.30431e-10 8.9941e-10 -1
v -0.00162746 0.0027523 1.11759e-08 0.8 0.8 0.8
vn -5.12974e-10 8.05248e-10 -1
v -0.00215054 0.00237754 1.11759e-08 0.8 0.8 0.8
vn -6.74374e-10 6.74289e-10 -1
v -0.00257875 0.00189977 1.11759e-08 0.8 0.8 0.8
vn -8.06467e-10 5.13638e-10 -1
v -0.0028966 0.00133582 1.11759e-08 0.8 0.8 0.8
vn -9.02833e-10 3.31771e-10 -1
v -0.00309223 0.000703048 1.11759e-08 0.8 0.8 0.8
vn -9.60988e-10 1.38038e-10 -1
v -0.00315828 -2.88786e-09 1.11759e-08 0.8 0.8 0.8
vn -9.66959e-10 -4.53933e-11 -1
v -0.00309223 -0.000703054 1.11759e-08 0.8 0.8 0.8
vn -9.29709e-10 -2.33329e-10 -1
v -0.0028966 -0.00133583 1.11759e-08 0.8 0.8 0.8
vn -8.57346e-10 -4.23788e-10 -1
v -0.00257875 -0.00189978 1.11759e-08 0.8 0.8 0.8
vn -7.4395e-10 -5.96861e-10 -1
v -0.00215054 -0.00237755 1.11759e-08 0.8 0.8 0.8
vn -5.97181e-10 -7.44533e-10 -1
v -0.00162746 -0.00275231 1.11759e-08 0.8 0.8 0.8
vn -4.24766e-10 -8.59431e-10 -1
v -0.00102709 -0.00301026 1.11759e-08 0.8 0.8 0.8
vn -2.35951e-10 -9.36331e-10 -1
v -0.000364194 -0.00314172 1.11759e-08 0.8 0.8 0.8
vn -4.49195e-11 -9.72555e-10 -1
v 0.000364184 -0.00314172 1.11759e-08 0.8 0.8 0.8
vn 1.379e-10 -9.50221e-10 -1
v 0.00102708 -0.00301026 1.11759e-08 0.8 0.8 0.8
vn 3.30431e-10 -8.9941e-10 -1
v 0.00162745 -0.00275231 1.11759e-08 0.8 0.8 0.8
vn 5.12974e-10 -8.05248e-10 -1
v 0.00215053 -0.00237755 1.11759e-08 0.8 0.8 0.8
vn 6.74374e-10 -6.74289e-10 -1
v 0.00257875 -0.00189978 1.11759e-08 0.8 0.8 0.8
vn 8.06467e-10 -5.13638e-10 -1
v 0.00289659 -0.00133583 1.11759e-08 0.8 0.8 0.8
vn 9.02833e-10 -3.31771e-10 -1
v 0.00309222 -0.000703054 1.11759e-08 0.8 0.8 0.8
vn 9.60988e-10 -1.38038e-10 -1
v -4.94008e-09 -2.88786e-09 1.11759e-08 0.8 0.8 0.8
vn 1.67196e-12 1.57069e-13 -1
v -4.94008e-09 -2.88786e-09 1.11759e-08 0.8 0.8 0.8
vn 1.59552e-12 4.93285e-13 -1
v -4.94008e-09 -2.88786e-09 1.11759e-08 0.8 0.8 0.8
vn 1.44693e-12 8.15484e-13 -1
v -4.94008e-09 -2.88786e-09 1.11759e-08 0.8 0.8 0.8
vn 1.23334e-12 1.10541e-12 -1
v -4.94008e-09 -2.88786e-09 1.11759e-08 0.8 0.8 0.8
vn 9.65515e-13 1.34766e-12 -1
v -4.94008e-09 -2.88786e-09 1.11759e-08 0.8 0.8 0.8
vn 6.57332e-13 1.52989e-12 -1
v -4.94008e-09 -2.88786e-09 1.11759e-08 0.8 0.8 0.8
vn 3.25836e-13 1.64299e-12 -1
v -4.94008e-09 -2.88786e-09 1.11759e-08 0.8 0.8 0.8
vn 0 1.68077e-12 -1
v -4.94008e-09 -2.88786e-09 1.11759e-08 0.8 0.8 0.8
vn -3.25836e-13 1.64299e-12 -1
v -4.94008e-09 -2.88786e-09 1.11759e-08 0.8 0.8 0.8
vn -6.57332e-13 1.52989e-12 -1
v -4.94008e-09 -2.88786e-09 1.11759e-08 0.8 0.8 0.8
vn -9.65515e-13 1.34766e-12 -1
v -4.94008e-09 -2.88786e-09 1.11759e-08 0.8 0.8 0.8
vn -1.23334e-12 1.10541e-12 -1
v -4.94008e-09 -2.88786e-09 1.11759e-08 0.8 0.8 0.8
vn -1.44693e-12 8.15484e-13 -1
v -4.94008e-09 -2.88786e-09 1.11759e-08 0.8 0.8 0.8
vn -1.59552e-12 4.93285e-13 -1
v -4.94008e-09 -2.88786e-09 1.11759e-08 0.8 0.8 0.8
vn -1.67196e-12 1.57069e-13 -1
v -4.94008e-09 -2.88786e-09 1.11759e-08 0.8 0.8 0.8
vn -1.67196e-12 -1.57069e-13 -1
v -4.94008e-09 -2.88786e-09 1.11759e-08 0.8 0.8 0.8
vn -1.59552e-12 -4.93285e-13 -1
v -4.94008e-09 -2.88786e-09 1.11759e-08 0.8 0.8 0.8
vn -1.44693e-12 -8.15484e-13 -1
v -4.94008e-09 -2.88786e-09 1.11759e-08 0.8 0.8 0.8
vn -1.23334e-12 -1.10541e-12 -1
v -4.94008e-09 -2.88786e-09 1.11759e-08 0.8 0.8 0.8
vn -9.65515e-13 -1.34766e-12 -1
v -4.94008e-09 -2.88786e-09 1.11759e-08 0.8 0.8 0.8
vn -6.57332e-13 -1.52989e-12 -1
v -4.94008e-09 -2.88786e-09 1.11759e-08 0.8 0.8 0.8
vn -3.25836e-13 -1.64299e-12 -1
v -4.94008e-09 -2.88786e-09 1.11759e-08 0.8 0.8 0.8
vn 0 -1.68077e-12 -1
v -4.94008e-09 -2.88786e-09 1.11759e-08 0.8 0.8 0.8
vn 3.25836e-13 -1.64299e-12 -1
v -4.94008e-09 -2.88786e-09 1.11759e-08 0.8 0.8 0.8
vn 6.57332e-13 -1.52989e-12 -1
v -4.94008e-09 -2.88786e-09 1.11759e-08 0.8 0.8 0.8
vn 9.65515e-13 -1.34766e-12 -1
v -4.94008e-09 -2.88786e-09 1.11759e-08 0.8 0.8 0.8
vn 1.23334e-12 -1.10541e-12 -1
v -4.94008e-09 -2.88786e-09 1.11759e-08 0.8 0.8 0.8
vn 1.44693e-12 -8.15484e-13 -1
v -4.94008e-09 -2.88786e-09 1.11759e-08 0.8 0.8 0.8
vn 1.59552e-12 -4.93285e-13 -1
v -4.94008e-09 -2.88786e-09 1.11759e-08 0.8 0.8 0.8
vn 1.67196e-12 -1.57069e-13 -1
f 2//2 31//31 1//1
f 32//32 31//31 2//2
f 3//3 32//32 2//2
f 33//33 32//32 3//3
f 4//4 33//33 3//3
f 34//34 33//33 4//4
f 5//5 34//34 4//4
f 35//35 34//34 5//5
f 6//6 35//35 5//5
f 36//36 35//35 6//6
f 7//7 36//36 6//6
f 37//37 36//36 7//7
f 8//8 37//37 7//7
f 38//38 37//37 8//8
f 9//9 38//38 8//8
f 39//39 38//38 9//9
f 10//10 39//39 9//9
f 40//40 39//39 10//10
f 11//11 40//40 10//10
f 41//41 40//40 11//11
f 12//12 41//41 11//11
f 42//42 41//41 12//12
f 13//13 42//42 12//12
f 43//43 42//42 13//13
f 14//14 43//43 13//13
f 44//44 43//43 14//14
f 15//15 44//44 14//14
f 45//45 44//44 15//15
f 16//16 45//45 15//15
f 46//46 45//45 16//16
f 17//17 46//46 16//16
f 47//47 46//46 17//17
f 18//18 47//47 17//17
f 48//48 47//47 18//18
f 19//19 48//48 18//18
f 49//49 48//48 19//19
f 20//20 49//49 19//19
f 50//50 49//49 20//20
f 21//21 50//50 20//20
f 51//51 50//50 21//21
f 22//22 51//51 21//21
f 52//52 51//51 22//22
f 23//23 52//52 22//22
f 53//53 52//52 23//23
f 24//24 53//53 23//23
f 54//54 53//53 24//24
f 25//25 54//54 24//24
f 55//55 54//54 25//25
f 26//26 55//55 25//25
f 56//56 55//55 26//26
f 27//27 56//56 26//26
f 57//57 56//56 27//27
f 28//28 57//57 27//27
f 58//58 57//57 28//28
f 29//29 58//58 28//28
f 59//59 58//58 29//29
f 30//30 59//59 29//29
f 60//60 59//59 30//30
f 1//1 60//60 30//30
f 31//31 60//60 1//1
f 32//32 61//61 31//31
f 62//62 61//61 32//32
f 33//33 62//62 32//32
f 63//63 62//62 33//33
f 34//34 63//63 33//33
f 64//64 63//63 34//34
f 35//35 64//64 34//34
f 65//65 64//64 35//35
f 36//36 65//65 35//35
f 66//66 65//65 36//36
f 37//37 66//66 36//36
f 67//67 66//66 37//37
f 38//38 67//67 37//37
f 68//68 67//67 38//38
f 39//39 68//68 38//38
f 69//69 68//68 39//39
f 40//40 69//69 39//39
f 70//70 69//69 40//40
f 41//41 70//70 40//40
f 71//71 70//70 41//41
f 42//42 71//71 41//41
f 72//72 71//71 42//42
f 43//43 72//72 42//42
f 73//73 72//72 43//43
f 44//44 73//73 43//43
f 74//74 73//73 44//44
f 45//45 74//74 44//44
f 75//75 74//74 45//45
f 46//46 75//75 45//45
f 76//76 75//75 46//46
f 47//47 76//76 46//46
f 77//77 76//76 47//47
f 48//48 77//77 47//47
f 78//78 77//77 48//48
f 49//49 78//78 48//48
f 79//79 78//78 49//49
f 50//50 79//79 49//49
f 80//80 79//79 50//50
f 51//51 80//80 50//50
f 81//81 80//80 51//51
f 52//52 81//81 51//51
f 82//82 81//81 52//52
f 53//53 82//82 52//52
f 83//83 82//82 53//53
f 54//54 83//83 53//53
f 84//84 83//83 54//54
f 55//55 84//84 54//54
f 85//85 84//84 55//55
f 56//56 85//85 55//55
f 86//86 85//85 56//56
f 57//57 86//86 56//56
f 87//87 86//86 57//57
f 58//58 87//87 57//57
f 88//88 87//87 58//58
f 59//59 88//88 58//58
f 89//89 88//88 59//59
f 60//60 89//89 59//59
f 90//90 89//89 60//60
f 31//31 90//90 60//60
f 61//61 90//90 31//31
f 62//62 91//91 61//61
f 92//92 91//91 62//62
f 63//63 92//92 62//62
f 93//93 92//92 63//63
f 64//64 93//93 63//63
f 94//94 93//93 64//64
f 65//65 94//94 64//64
f 95//95 94//94 65//65
f 66//66 95//95 65//65
f 96//96 95//95 66//66
f 67//67 96//96 66//66
f 97//97 96//96 67//67
f 68//68 97//97 67//67
f 98//98 97//97 68//68
f 69//69 98//98 68//68
f 99//99 98//98 69//69
f 70//70 99//99 69//69
f 100//100 99//99 70//70
f 71//71 100//100 70//70
f 101//101 100//100 71//71
f 72//72 101//101 71//71
f 102//102 101//101 72//72
f 73//73 102//102 72//72
f 103//103 102//102 73//73
f 74//74 103//103 73//73
f 104//104 103//103 74//74
f 75//75 104//104 74//74
f 105//105 104//104 75//75
f 76//76 105//105 75//75
f 106//106 105//105 76//76
f 77//77 106//106 76//76
f 107//107 106//106 77//77
f 78//78 107//107 77//77
f 108//108 107//107 78//78
f 79//79 108//108 78//78
f 109//109 108//108 79//79
f 80//80 109//109 79//79
f 110//110 109//109 80//80
f 81//81 110//110 80//80
f 111//111 110//110 81//81
f 82//82 111//111 81//81
f 112//112 111//111 82//82
f 83//83 112//112 82//82
f 113//113 112//112 83//83
f 84//84 113//113 83//83
f 114//114 113//113 84//84
f 85//85 114//114 84//84
f 115//115 114//114 85//85
f 86//86 115//115 85//85
f 116//116 115//115 86//86
f 87//87 116//116 86//86
f 117//117 116//116 87//87
f 88//88 117//117 87//87
f 118//118 117//117 88//88
f 89//89 118//118 88//88
f 119//119 118//118 89//89
f 90//90 119//119 89//89
f 120//120 119//119 90//90
f 61//61 120//120 90//90
f 91//91 120//120 61//61
f 92//92 121//121 91//91
f 122//122 121//121 92//92
f 93//93 122//122 92//92
f 123//123 122//122 93//93
f 94//94 123//123 93//93
f 124//124 123//123 94//94
f 95//95 124//124 94//94
f 125//125 124//124 95//95
f 96//96 125//125 95//95
f 126//126 125//125 96//96
f 97//97 126//126 96//96
f 127//127 126//126 97//97
f 98//98 127//127 97//97
f 128//128 127//127 98//98
f 99//99 128//128 98//98
f 129//129 128//128 99//99
f 100//100 129//129 99//99
f 130//130 129//129 100//100
f 101//101 130//130 100//100
f 131//131 130//130 101//101
f 102//102 131//131 101//101
f 132//132 131//131 102//102
f 103//103 132//132 102//102
f 133//133 132//132 103//103
f 104//104 133//133 103//103
f 134//134 133//133 104//104
f 105//105 134//134 104//104
f 135//135 134//134 105//105
f 106//106 135//135 105//105
f 136//136 135//135 106//106
f 107//107 136//136 106//106
f 137//137 136//136 107//107
f 108//108 137//137 107//107
f 138//138 137//137 108//108
f 109//109 138//138 108//108
f 139//139 138//138 109//109
f 110//110 139//139 109//109
f 140//140 139//139 110//110
f 111//111 140//140 110//110
f 141//141 140//140 111//111
f 112//112 141//141 111//111
f 142//142 141//141 112//112
f 113//113 142//142 112//112
f 143//143 142//142 113//113
f 114//114 143//143 113//113
f 144//144 143//143 114//114
f 115//115 144//144 114//114
f 145//145 144//144 115//115
f 116//116 145//145 115//115
f 146//146 145//145 116//116
f 117//117 146//146 116//116
f 147//147 146//146 117//117
f 118//118 147//147 117//117
f 148//148 147//147 118//118
f 119//119 148//148 118//118
f 149//149 148//148 119//119
f 120//120 149//149 119//119
f 150//150 149//149 120//120
f 91//91 150//150 120//120
f 121//121 150//150 91//91
f 122//122 151//151 121//121
f 152//152 151//151 122//122
f 123//123 152//152 122//122
f 153//153 152//152 123//123
f 124//124 153//153 123//123
f 154//154 153//153 124//124
f 125//125 154//154 124//124
f 155//155 154//154 125//125
f 126//126 155//155 125//125
f 156//156 155//155 126//126
f 127//127 156//156 126//126
f 157//157 156//156 127//127
f 128//128 157//157 127//127
f 158//158 157//157 128//128
f 129//129 158//158 128//128
f 159//159 158//158 129//129
f 130//130 159//159 129//129
f 160//160 159//159 130//130
f 131//131 160//160 130//130
f 161//161 160//160 131//131
f 132//132 161//161 131//131
f 162//162 161//161 132//132
f 133//133 162//162 132//132
f 163//163 162//162 133//133
f 134//134 163//163 133//133
f 164//164 163//163 134//134
f 135//135 164//164 134//134
f 165//165 164//164 135//135
f 136//136 165//165 135//135
f 166//166 165//165 136//136
f 137//137 166//166 136//136
f 167//167 166//166 137//137
f 138//138 167//167 137//137
f 168//168 167//167 138//138
f 139//139 168//168 138//138
f 169//169 168//168 139//139
f 140//140 169//169 139//139
f 170//170 169//169 140//140
f 141//141 170//170 140//140
f 171//171 170//170 141//141
f 142//142 171//171 141//141
f 172//172 171//171 142//142
f 143//143 172//172 142//142
f 173//173 172//172 143//143
f 144//144 173//173 143//143
f 174//174 173//173 144//144
f 145//145 174//174 144//144
f 175//175 174//174 145//145
f 146//146 175//175 145//145
f 176//176 175//175 146//146
f 147//147 176//176 146//146
f 177//177 176//176 147//147
f 148//148 177//177 147//147
f 178//178 177//177 148//148
f 149//149 178//178 148//148
f 179//179 178//178 149//149
f 150//150 179//179 149//149
f 180//180 179//179 150//150
f 121//121 180//180 150//150
f 151//151 180//180 121//121
f 152//152 181//181 151//151
f 182//182 181//181 152//152
f 153//153 182//182 152//152
f 183//183 182//182 153//153
f 154//154 183//183 153//153
f 184//184 183//183 154//154
f 155//155 184//184 154//154
f 185//185 184//184 155//155
f 156//156 185//185 155//155
f 186//186 185//185 156//156
f 157//157 186//186 156//156
f 187//187 186//186 157//157
f 158//158 187//187 157//157
f 188//188 187//187 158//158
f 159//159 188//188 158//158
f 189//189 188//188 159//159
f 160//160 189//189 159//159
f 190//190 189//189 160//160
f 161//161 190//190 160//160
f 191//191 190//190 161//161
f 162//162 191//191 161//161
f 192//192 191//191 162//162
f 163//163 192//192 162//162
f 193//193 192//192 163//163
f 164//164 193//193 163//163
f 194//194 193//193 164//164
f 165//165 194//194 164//164
f 195//195 194//194 165//165
f 166//166 195//195 165//165
f 196//196 195//195 166//166
f 167//167 196//196 166//166
f 197//197 196//196 167//167
f 168//168 197//197 167//167
f 198//198 197//197 168//168
f 169//169 198//198 168//168
f 199//199 198//198 169//169
f 170//170 199//199 169//169
f 200//200 199//199 170//170
f 171//171 200//200 170//170
f 201//201 200//200 171//171
f 172//172 201//201 171//171
f 202//202 201//201 172//172
f 173//173 202//202 172//172
f 203//203 202//202 173//173
f 174//174 203//203 173//173
f 204//204 203//203 174//174
f 175//175 204//204 174//174
f 205//205 204//204 175//175
f 176//176 205//205 175//175
f 206//206 205//205 176//176
f 177//177 206//206 176//176
f 207//207 206//206 177//177
f 178//178 207//207 177//177
f 208//208 207//207 178//178
f 179//179 208//208 178//178
f 209//209 208//208 179//179
f 180//180 209//209 179//179
f 210//210 209//209 180//180
f 151//151 210//210 180//180
f 181//181 210//210 151//151
f 182//182 211//211 181//181
f 212//212 211//211 182//182
f 183//183 212//212 182//182
f 213//213 212//212 183//183
f 184//184 213//213 183//183
f 214//214 213//213 184//184
f 185//185 214//214 184//184
f 215//215 214//214 185//185
f 186//186 215//215 185//185
f 216//216 215//215 186//186
f 187//187 216//216 186//186
f 217//217 216//216 187//187
f 188//188 217//217 187//187
f 218//218 217//217 188//188
f 189//189 218//218 188//188
f 219//219 218//218 189//189
f 190//190 219//219 189//189
f 220//220 219//219 190//190
f 191//191 220//220 190//190
f 221//221 220//220 191//191
f 192//192 221//221 191//191
f 222//222 221//221 192//192
f 193//193 222//222 192//192
f 223//223 222//222 193//193
f 194//194 223//223 193//193
f 224//224 223//223 194//194
f 195//195 224//224 194//194
f 225//225 224//224 195//195
f 196//196 225//225 195//195
f 226//226 225//225 196//196
f 197//197 226//226 196//196
f 227//227 226//226 197//197
f 198//198 227//227 197//197
f 228//228 227//227 198//198
f 199//199 228//228 198//198
f 229//229 228//228 199//199
f 200//200 229//229 199//199
f 230//230 229//229 200//200
f 201//201 230//230 200//200
f 231//231 230//230 201//201
f 202//202 231//231 201//201
f 232//232 231//231 202//202
f 203//203 232//232 202//202
f 233//233 232//232 203//203
f 204//204 233//233 203//203
f 234//234 233//233 204//204
f 205//205 234//234 204//204
f 235//235 234//234 205//205
f 206//206 235//235 205//205
f 236//236 235//235 206//206
f 207//207 236//236 206//206
f 237//237 236//236 207//207
f 208//208 237//237 207//207
f 238//238 237//237 208//208
f 209//209 238//238 208//208
f 239//239 238//238 209//209
f 210//210 239//239 209//209
f 240//240 239//239 210//210
f 181//181 240//240 210//210
f 211//211 240//240 181//181
f 212//212 241//241 211//211
f 242//242 241//241 212//212
f 213//213 242//242 212//212
f 243//243 242//242 213//213
f 214//214 243//243 213//213
f 244//244 243//243 214//214
f 215//215 244//244 214//214
f 245//245 244//244 215//215
f 216//216 245//245 215//215
f 246//246 245//245 216//216
f 217//217 246//246 216//216
f 247//247 246//246 217//217
f 218//218 247//247 217//217
f 248//248 247//247 218//218
f 219//219 248//248 218//218
f 249//249 248//248 219//219
f 220//220 249//249 219//219
f 250//250 249//249 220//220
f 221//221 250//250 220//220
f 251//251 250//250 221//221
f 222//222 251//251 221//221
f 252//252 251//251 222//222
f 223//223 252//252 222//222
f 253//253 252//252 223//223
f 224//224 253//253 223//223
f 254//254 253//253 224//224
f 225//225 254//254 224//224
f 255//255 254//254 225//225
f 226//226 255//255 225//225
f 256//256 255//255 226//226
f 227//227 256//256 226//226
f 257//257 256//256 227//227
f 228//228 257//257 227//227
f 258//258 257//257 228//228
f 229//229 258//258 228//228
f 259//259 258//258 229//229
f 230//230 259//259 229//229
f 260//260 259//259 230//230
f 231//231 260//260 230//230
f 261//261 260//260 231//231
f 232//232 261//261 231//231
f 262//262 261//261 232//232
f 233//233 262//262 232//232
f 263//263 262//262 233//233
f 234//234 263//263 233//233
f 264//264 263//263 234//234
f 235//235 264//264 234//234
f 265//265 264//264 235//235
f 236//236 265//265 235//235
f 266//266 265//265 236//236
f 237//237 266//266 236//236
f 267//267 266//266 237//237
f 238//238 267//267 237//237
f 268//268 267//267 238//238
f 239//239 268//268 238//238
f 269//269 268//268 239//239
f 240//240 269//269 239//239
f 270//270 269//269 240//240
f 211//211 270//270 240//240
f 241//241 270//270 211//211
f 242//242 271//271 241//241
f 272//272 271//271 242//242
f 243//243 272//272 242//242
f 273//273 272//272 243//243
f 244//244 273//273 243//243
f 274//274 273//273 244//244
f 245//245 274//274 244//244
f 275//275 274//274 245//245
f 246//246 275//275 245//245
f 276//276 275//275 246//246
f 247//247 276//276 246//246
f 277//277 276//276 247//247
f 248//248 277//277 247//247
f 278//278 277//277 248//248
f 249//249 278//278 248//248
f 279//279 278//278 249//249
f 250//250 279//279 249//249
f 280//280 279//279 250//250
f 251//251 280//280 250//250
f 281//281 280//280 251//251
f 252//252 281//281 251//251
f 282//282 281//281 252//252
f 253//253 282//282 252//252
f 283//283 282//282 253//253
f 254//254 283//283 253//253
f 284//284 283//283 254//254
f 255//255 284//284 254//254
f 285//285 284//284 255//255
f 256//256 285//285 255//255
f 286//286 285//285 256//256
f 257//257 286//286 256//256
f 287//287 286//286 257//257
f 258//258 287//287 257//257
f 288//288 287//287 258//258
f 259//259 288//288 258//258
f 289//289 288//288 259//259
f 260//260 289//289 259//259
f 290//290 289//289 260//260
f 261//261 290//290 260//260
f 291//291 290//290 261//261
f 262//262 291//291 261//261
f 292//292 291//291 262//262
f 263//263 292//292 262//262
f 293//293 292//292 263//263
f 264//264 293//293 263//263
f 294//294 293//293 264//264
f 265//265 294//294 264//264
f 295//295 294//294 265//265
f 266//266 295//295 265//265
f 296//296 295//295 266//266
f 267//267 296//296 266//266
f 297//297 296//296 267//267
f 268//268 297//297 267//267
f 298//298 297//297 268//268
f 269//269 298//298 268//268
f 299//299 298//298 269//269
f 270//270 299//299 269//269
f 300//300 299//299 270//270
f 241//241 300//300 270//270
f 271//271 300//300 241//241
f 272//272 301//301 271//271
f 302//302 301//301 272//272
f 273//273 302//302 272//272
f 303//303 302//302 273//273
f 274//274 303//303 273//273
f 304//304 303//303 274//274
f 275//275 304//304 274//274
f 305//305 304//304 275//275
f 276//276 305//305 275//275
f 306//306 305//305 276//276
f 277//277 306//306 276//276
f 307//307 306//306 277//277
f 278//278 307//307 277//277
f 308//308 307//307 278//278
f 279//279 308//308 278//278
f 309//309 308//308 279//279
f 280//280 309//309 279//279
f 310//310 309//309 280//280
f 281//281 310//310 280//280
f 311//311 310//310 281//281
f 282//282 311//311 281//281
f 312//312 311//311 282//282
f 283//283 312//312 282//282
f 313//313 312//312 283//283
f 284//284 313//313 283//283
f 314//314 313//313 284//284
f 285//285 314//314 284//284
f 315//315 314//314 285//285
f 286//286 315//315 285//285
f 316//316 315//315 286//286
f 287//287 316//316 286//286
f 317//317 316//316 287//287
f 288//288 317//317 287//287
f 318//318 317//317 288//288
f 289//289 318//318 288//288
f 319//319 318//318 289//289
f 290//290 319//319 289//289
f 320//320 319//319 290//290
f 291//291 320//320 290//290
f 321//321 320//320 291//291
f 292//292 321//321 291//291
f 322//322 321//321 292//292
f 293//293 322//322 292//292
f 323//323 322//322 293//293
f 294//294 323//323 293//293
f 324//324 323//323 294//294
f 295//295 324//324 294//294
f 325//325 324//324 295//295
f 296//296 325//325 295//295
f 326//326 325//325 296//296
f 297//297 326//326 296//296
f 327//327 326//326 297//297
f 298//298 327//327 297//297
f 328//328 327//327 298//298
f 299//299 328//328 298//298
f 329//329 328//328 299//299
f 300//300 329//329 299//299
f 330//330 329//329 300//300
f 271//271 330//330 300//300
f 301//301 330//330 271//271
f 302//302 331//331 301//301
f 332//332 331//331 302//302
f 303//303 332//332 302//302
f 333//333 332//332 303//303
f 304//304 333//333 303//303
f 334//334 333//333 304//304
f 305//305 334//334 304//304
f 335//335 334//334 305//305
f 306//306 335//335 305//305
f 336//336 335//335 306//306
f 307//307 336//336 306//306
f 337//337 336//336 307//307
f 308//308 337//337 307//307
f 338//338 337//337 308//308
f 309//309 338//338 308//308
f 339//339 338//338 309//309
f 310//310 339//339 309//309
f 340//340 339//339 310//310
f 311//311 340//340 310//310
f 341//341 340//340 311//311
f 312//312 341//341 311//311
f 342//342 341//341 312//312
f 313//313 342//342 312//312
f 343//343 342//342 313//313
f 314//314 343//343 313//313
f 344//344 343//343 314//314
f 315//315 344//344 314//314
f 345//345 344//344 315//315
f 316//316 345//345 315//315
f 346//346 345//345 316//316
f 317//317 346//346 316//316
f 347//347 346//346 317//317
f 318//318 347//347 317//317
f 348//348 347//347 318//318
f 319//319 348//348 318//318
f 349//349 348//348 319//319
f 320//320 349//349 319//319
f 350//350 349//349 320//320
f 321//321 350//350 320//320
f 351//351 350//350 321//321
f 322//322 351//351 321//321
f 352//352 351//351 322//322
f 323//323 352//352 322//322
f 353//353 352//352 323//323
f 324//324 353//353 323//323
f 354//354 353//353 324//324
f 325//325 354//354 324//324
f 355//355 354//354 325//325
f 326//326 355//355 325//325
f 356//356 355//355 326//326
f 327//327 356//356 326//326
f 357//357 356//356 327//327
f 328//328 357//357 327//327
f 358//358 357//357 328//328
f 329//329 358//358 328//328
f 359//359 358//358 329//329
f 330//330 359//359 329//329
f 360//360 359//359 330//330
f 301//301 360//360 330//330
f 331//331 360//360 301//301
f 332//332 361//361 331//331
f 362//362 361//361 332//332
f 333//333 362//362 332//332
f 363//363 362//362 333//333
f 334//334 363//363 333//333
f 364//364 363//363 334//334
f 335//335 364//364 334//334
f 365//365 364//364 335//335
f 336//336 365//365 335//335
f 366//366 365//365 336//336
f 337//337 366//366 336//336
f 367//367 366//366 337//337
f 338//338 367//367 337//337
f 368//368 367//367 338//338
f 339//339 368//368 338//338
f 369//369 368//368 339//339
f 340//340 369//369 339//339
f 370//370 369//369 340//340
f 341//341 370//370 340//340
f 371//371 370//370 341//341
f 342//342 371//371 341//341
f 372//372 371//371 342//342
f 343//343 372//372 342//342
f 373//373 372//372 343//343
f 344//344 373//373 343//343
f 374//374 373//373 344//344
f 345//345 374//374 344//344
f 375//375 374//374 345//345
f 346//346 375//375 345//345
f 376//376 375//375 346//346
f 347//347 376//376 346//346
f 377//377 376//376 347//347
f 348//348 377//377 347//347
f 378//378 377//377 348//348
f 349//349 378//378 348//348
f 379//379 378//378 349//349
f 350//350 379//379 349//349
f 380//380 379//379 350//350
f 351//351 380//380 350//350
f 381//381 380//380 351//351
f 352//352 381//381 351//351
f 382//382 381//381 352//352
f 353//353 382//382 352//352
f 383//383 382//382 353//353
f 354//354 383//383 353//353
f 384//384 383//383 354//354
f 355//355 384//384 354//354
f 385//385 384//384 355//355
f 356//356 385//385 355//355
f 386//386 385//385 356//356
f 357//357 386//386 356//356
f 387//387 386//386 357//357
f 358//358 387//387 357//357
f 388//388 387//387 358//358
f 359//359 388//388 358//358
f 389//389 388//388 359//359
f 360//360 389//389 359//359
f 390//390 389//389 360//360
f 331//331 390//390 360//360
f 361//361 390//390 331//331
f 362//362 391//391 361//361
f 392//392 391//391 362//362
f 363//363 392//392 362//362
f 393//393 392//392 363//363
f 364//364 393//393 363//363
f 394//394 393//393 364//364
f 365//365 394//394 364//364
f 395//395 394//394 365//365
f 366//366 395//395 365//365
f 396//396 395//395 366//366
f 367//367 396//396 366//366
f 397//397 396//396 367//367
f 368//368 397//397 367//367
f 398//398 397//397 368//368
f 369//369 398//398 368//368
f 399//399 398//398 369//369
f 370//370 399//399 369//369
f 400//400 399//399 370//370
f 371//371 400//400 370//370
f 401//401 400//400 371//371
f 372//372 401//401 371//371
f 402//402 401//401 372//372
f 373//373 402//402 372//372
f 403//403 402//402 373//373
f 374//374 403//403 373//373
f 404//404 403//403 374//374
f 375//375 404//404 374//374
f 405//405 404//404 375//375
f 376//376 405//405 375//375
f 406//406 405//405 376//376
f 377//377 406//406 376//376
f 407//407 406//406 377//377
f 378//378 407//407 377//377
f 408//408 407//407 378//378
f 379//379 408//408 378//378
f 409//409 408//408 379//379
f 380//380 409//409 379//379
f 410//410 409//409 380//380
f 381//381 410//410 380//380
f 411//411 410//410 381//381
f 382//382 411//411 381//381
f 412//412 411//411 382//382
f 383//383 412//412 382//382
f 413//413 412//412 383//383
f 384//384 413//413 383//383
f 414//414 413//413 384//384
f 385//385 414//414 384//384
f 415//415 414//414 385//385
f 386//386 415//415 385//385
f 416//416 415//415 386//386
f 387//387 416//416 386//386
f 417//417 416//416 387//387
f 388//388 417//417 387//387
f 418//418 417//417 388//388
f 389//389 418//418 388//388
f 419//419 418//418 389//389
f 390//390 419//419 389//389
f 420//420 419//419 390//390
f 361//361 420//420 390//390
f 391//391 420//420 361//361
f 392//392 421//421 391//391
f 422//422 421//421 392//392
f 393//393 422//422 392//392
f 423//423 422//422 393//393
f 394//394 423//423 393//393
f 424//424 423//423 394//394
f 395//395 424//424 394//394
f 425//425 424//424 395//395
f 396//396 425//425 395//395
f 426//426 425//425 396//396
f 397//397 426//426 396//396
f 427//427 426//426 397//397
f 398//398 427//427 397//397
f 428//428 427//427 398//398
f 399//399 428//428 398//398
f 429//429 428//428 399//399
f 400//400 429//429 399//399
f 430//430 429//429 400//400
f 401//401 430//430 400//400
f 431//431 430//430 401//401
f 402//402 431//431 401//401
f 432//432 431//431 402//402
f 403//403 432//432 402//402
f 433//433 432//432 403//403
f 404//404 433//433 403//403
f 434//434 433//433 404//404
f 405//405 434//434 404//404
f 435//435 434//434 405//405
f 406//406 435//435 405//405
f 436//436 435//435 406//406
f 407//407 436//436 406//406
f 437//437 436//436 407//407
f 408//408 437//437 407//407
f 438//438 437//437 408//408
f 409//409 438//438 408//408
f 439//439 438//438 409//409
f 410//410 439//439 409//409
f 440//440 439//439 410//410
f 411//411 440//440 410//410
f 441//441 440//440 411//411
f 412//412 441//441 411//411
f 442//442 441//441 412//412
f 413//413 442//442 412//412
f 443//443 442//442 413//413
f 414//414 443//443 413//413
f 444//444 443//443 414//414
f 415//415 444//444 414//414
f 445//445 444//444 415//415
f 416//416 445//445 415//415
f 446//446 445//445 416//416
f 417//417 446//446 416//416
f 447//447 446//446 417//417
f 418//418 447//447 417//417
f 448//448 447//447 418//418
f 419//419 448//448 418//418
f 449//449 448//448 419//419
f 420//420 449//449 419//419
f 450//450 449//449 420//420
f 391//391 450//450 420//420
f 421//421 450//450 391//391
f 422//422 451//451 421//421
f 452//452 451//451 422//422
f 423//423 452//452 422//422
f 453//453 452//452 423//423
f 424//424 453//453 423//423
f 454//454 453//453 424//424
f 425//425 454//454 424//424
f 455//455 454//454 425//425
f 426//426 455//455 425//425
f 456//456 455//455 426//426
f 427//427 456//456 426//426
f 457//457 456//456 427//427
f 428//428 457//457 427//427
f 458//458 457//457 428//428
f 429//429 458//458 428//428
f 459//459 458//458 429//429
f 430//430 459//459 429//429
f 460//460 459//459 430//430
f 431//431 460//460 430//430
f 461//461 460//460 431//431
f 432//432 461//461 431//431
f 462//462 461//461 432//432
f 433//433 462//462 432//432
f 463//463 462//462 433//433
f 434//434 463//463 433//433
f 464//464 463//463 434//434
f 435//435 464//464 434//434
f 465//465 464//464 435//435
f 436//436 465//465 435//435
f 466//466 465//465 436//436
f 437//437 466//466 436//436
f 467//467 466//466 437//437
f 438//438 467//467 437//437
f 468//468 467//467 438//438
f 439//439 468//468 438//438
f 469//469 468//468 439//439
f 440//440 469//469 439//439
f 470//470 469//469 440//440
f 441//441 470//470 440//440
f 471//471 470//470 441//441
f 442//442 471//471 441//441
f 472//472 471//471 442//442
f 443//443 472//472 442//442
f 473//473 472//472 443//443
f 444//444 473//473 443//443
f 474//474 473//473 444//444
f 445//445 474//474 444//444
f 475//475 474//474 445//445
f 446//446 475//475 445//445
f 476//476 475//475 446//446
f 447//447 476//476 446//446
f 477//477 476//476 447//447
f 448//448 477//477 447//447
f 478//478 477//477 448//448
f 449//449 478//478 448//448
f 479//479 478//478 449//449
f 450//450 479//479 449//449
f 480//480 479//479 450//450
f 421//421 480//480 450//450
f 451//451 480//480 421//421
f 452//452 481//481 451//451
f 482//482 481//481 452//452
f 453//453 482//482 452//452
f 483//483 482//482 453//453
f 454//454 483//483 453//453
f 484//484 483//483 454//454
f 455//455 484//484 454//454
f 485//485 484//484 455//455
f 456//456 485//485 455//455
f 486//486 485//485 456//456
f 457//457 486//486 456//456
f 487//487 486//486 457//457
f 458//458 487//487 457//457
f 488//488 487//487 458//458
f 459//459 488//488 458//458
f 489//489 488//488 459//459
f 460//460 489//489 459//459
f 490//490 489//489 460//460
f 461//461 490//490 460//460
f 491//491 490//490 461//461
f 462//462 491//491 461//461
f 492//492 491//491 462//462
f 463//463 492//492 462//462
f 493//493 492//492 463//463
f 464//464 493//493 463//463
f 494//494 493//493 464//464
f 465//465 494//494 464//464
f 495//495 494//494 465//465
f 466//466 495//495 465//465
f 496//496 495//495 466//466
f 467//467 496//496 466//466
f 497//497 496//496 467//467
f 468//468 497//497 467//467
f 498//498 497//497 468//468
f 469//469 498//498 468//468
f 499//499 498//498 469//469
f 470//470 499//499 469//469
f 500//500 499//499 470//470
f 471//471 500//500 470//470
f 501//501 500//500 471//471
f 472//472 501//501 471//471
f 502//502 501//501 472//472
f 473//473 502//502 472//472
f 503//503 502//502 473//473
f 474//474 503//503 473//473
f 504//504 503//503 474//474
f 475//475 504//504 474//474
f 505//505 504//504 475//475
f 476//476 505//505 475//475
f 506//506 505//505 476//476
f 477//477 506//506 476//476
f 507//507 506//506 477//477
f 478//478 507//507 477//477
f 508//508 507//507 478//478
f 479//479 508//508 478//478
f 509//509 508//508 479//479
f 480//480 509//509 479//479
f 510//510 509//509 480//480
f 451//451 510//510 480//480
f 481//481 510//510 451//451
f 482//482 511//511 481//481
f 512//512 511//511 482//482
f 483//483 512//512 482//482
f 513//513 512//512 483//483
f 484//484 513//513 483//483
f 514//514 513//513 484//484
f 485//485 514//514 484//484
f 515//515 514//514 485//485
f 486//486 515//515 485//485
f 516//516 515//515 486//486
f 487//487 516//516 486//486
f 517//517 516//516 487//487
f 488//488 517//517 487//487
f 518//518 517//517 488//488
f 489//489 518//518 488//488
f 519//519 518//518 489//489
f 490//490 519//519 489//489
f 520//520 519//519 490//490
f 491//491 520//520 490//490
f 521//521 520//520 491//491
f 492//492 521//521 491//491
f 522//522 521//521 492//492
f 493//493 522//522 492//492
f 523//523 522//522 493//493
f 494//494 523//523 493//493
f 524//524 523//523 494//494
f 495//495 524//524 494//494
f 525//525 524//524 495//495
f 496//496 525//525 495//495
f 526//526 525//525 496//496
f 497//497 526//526 496//496
f 527//527 526//526 497//497
f 498//498 527//527 497//497
f 528//528 527//527 498//498
f 499//499 528//528 498//498
f 529//529 528//528 499//499
f 500//500 529//529 499//499
f 530//530 529//529 500//500
f 501//501 530//530 500//500
f 531//531 530//530 501//501
f 502//502 531//531 501//501
f 532//532 531//531 502//502
f 503//503 532//532 502//502
f 533//533 532//532 503//503
f 504//504 533//533 503//503
f 534//534 533//533 504//504
f 505//505 534//534 504//504
f 535//535 534//534 505//505
f 506//506 535//535 505//505
f 536//536 535//535 506//506
f 507//507 536//536 506//506
f 537//537 536//536 507//507
f 508//508 537//537 507//507
f 538//538 537//537 508//508
f 509//509 538//538 508//508
f 539//539 538//538 509//509
f 510//510 539//539 509//509
f 540//540 539//539 510//510
f 481//481 540//540 510//510
f 511//511 540//540 481//481
f 512//512 541//541 511//511
f 542//542 541//541 512//512
f 513//513 542//542 512//512
f 543//543 542//542 513//513
f 514//514 543//543 513//513
f 544//544 543//543 514//514
f 515//515 544//544 514//514
f 545//545 544//544 515//515
f 516//516 545//545 515//515
f 546//546 545//545 516//516
f 517//517 546//546 516//516
f 547//547 546//546 517//517
f 518//518 547//547 517//517
f 548//548 547//547 518//518
f 519//519 548//548 518//518
f 549//549 548//548 519//519
f 520//520 549//549 519//519
f 550//550 549//549 520//520
f 521//521 550//550 520//520
f 551//551 550//550 521//521
f 522//522 551//551 521//521
f 552//552 551//551 522//522
f 523//523 552//552 522//522
f 553//553 552//552 523//523
f 524//524 553//553 523//523
f 554//554 553//553 524//524
f 525//525 554//554 524//524
f 555//555 554//554 525//525
f 526//526 555//555 525//525
f 556//556 555//555 526//526
f 527//527 556//556 526//526
f 557//557 556//556 527//527
f 528//528 557//557 527//527
f 558//558 557//557 528//528
f 529//529 558//558 528//528
f 559//559 558//558 529//529
f 530//530 559//559 529//529
f 560//560 559//559 530//530
f 531//531 560//560 530//530
f 561//561 560//560 531//531
f 532//532 561//561 531//531
f 562//562 561//561 532//532
f 533//533 562//562 532//532
f 563//563 562//562 533//533
f 534//534 563//563 533//533
f 564//564 563//563 534//534
f 535//535 564//564 534//534
f 565//565 564//564 535//535
f 536//536 565//565 535//535
f 566//566 565//565 536//536
f 537//537 566//566 536//536
f 567//567 566//566 537//537
f 538//538 567//567 537//537
f 568//568 567//567 538//538
f 539//539 568//568 538//538
f 569//569 568//568 539//539
f 540//540 569//569 539//539
f 570//570 569//569 540//540
f 511//511 570//570 540//540
f 541//541 570//570 511//511
f 542//542 571//571 541//541
f 572//572 571//571 542//542
f 543//543 572//572 542//542
f 573//573 572//572 543//543
f 544//544 573//573 543//543
f 574//574 573//573 544//544
f 545//545 574//574 544//544
f 575//575 574//574 545//545
f 546//546 575//575 545//545
f 576//576 575//575 546//546
f 547//547 576//576 546//546
f 577//577 576//576 547//547
f 548//548 577//577 547//547
f 578//578 577//577 548//548
f 549//549 578//578 548//548
f 579//579 578//578 549//549
f 550//550 579//579 549//549
f 580//580 579//579 550//550
f 551//551 580//580 550//550
f 581//581 580//580 551//551
f 552//552 581//581 551//551
f 582//582 581//581 552//552
f 553//553 582//582 552//552
f 583//583 582//582 553//553
f 554//554 583//583 553//553
f 584//584 583//583 554//554
f 555//555 584//584 554//554
f 585//585 584//584 555//555
f 556//556 585//585 555//555
f 586//586 585//585 556//556
f 557//557 586//586 556//556
f 587//587 586//586 557//557
f 558//558 587//587 557//557
f 588//588 587//587 558//558
f 559//559 588//588 558//558
f 589//589 588//588 559//559
f 560//560 589//589 559//559
f 590//590 589//589 560//560
f 561//561 590//590 560//560
f 591//591 590//590 561//561
f 562//562 591//591 561//561
f 592//592 591//591 562//562
f 563//563 592//592 562//562
f 593//593 592//592 563//563
f 564//564 593//593 563//563
f 594//594 593//593 564//564
f 565//565 594//594 564//564
f 595//595 594//594 565//565
f 566//566 595//595 565//565
f 596//596 595//595 566//566
f 567//567 596//596 566//566
f 597//597 596//596 567//567
f 568//568 597//597 567//567
f 598//598 597//597 568//568
f 569//569 598//598 568//568
f 599//599 598//598 569//569
f 570//570 599//599 569//569
f 600//600 599//599 570//570
f 541//541 600//600 570//570
f 571//571 600//600 541//541
f 572//572 601//601 571//571
f 602//602 601//601 572//572
f 573//573 602//602 572//572
f 603//603 602//602 573//573
f 574//574 603//603 573//573
f 604//604 603//603 574//574
f 575//575 604//604 574//574
f 605//605 604//604 575//575
f 576//576 605//605 575//575
f 606//606 605//605 576//576
f 577//577 606//606 576//576
f 607//607 606//606 577//577
f 578//578 607//607 577//577
f 608//608 607//607 578//578
f 579//579 608//608 578//578
f 609//609 608//608 579//579
f 580//580 609//609 579//579
f 610//610 609//609 580//580
f 581//581 610//610 580//580
f 611//611 610//610 581//581
f 582//582 611//611 581//581
f 612//612 611//611 582//582
f 583//583 612//612 582//582
f 613//613 612//612 583//583
f 584//584 613//613 583//583
f 614//614 613//613 584//584
f 585//585 614//614 584//584
f 615//615 614//614 585//585
f 586//586 615//615 585//585
f 616//616 615//615 586//586
f 587//587 616//616 586//586
f 617//617 616//616 587//587
f 588//588 617//617 587//587
f 618//618 617//617 588//588
f 589//589 618//618 588//588
f 619//619 618//618 589//589
f 590//590 619//619 589//589
f 620//620 619//619 590//590
f 591//591 620//620 590//590
f 621//621 620//620 591//591
f 592//592 621//621 591//591
f 622//622 621//621 592//592
f 593//593 622//622 592//592
f 623//623 622//622 593//593
f 594//594 623//623 593//593
f 624//624 623//623 594//594
f 595//595 624//624 594//594
f 625//625 624//624 595//595
f 596//596 625//625 595//595
f 626//626 625//625 596//596
f 597//597 626//626 596//596
f 627//627 626//626 597//597
f 598//598 627//627 597//597
f 628//628 627//627 598//598
f 599//599 628//628 598//598
f 629//629 628//628 599//599
f 600//600 629//629 599//599
f 630//630 629//629 600//600
f 571//571 630//630 600//600
f 601//601 630//630 571//571
f 661//661 632//632 631//631
f 661//661 662//662 632//632
f 662//662 633//633 632//632
f 662//662 663//663 633//633
f 663//663 634//634 633//633
f 663//663 664//664 634//634
f 664//664 635//635 634//634
f 664//664 665//665 635//635
f 665//665 636//636 635//635
f 665//665 666//666 636//636
f 666//666 637//637 636//636
f 666//666 667//667 637//637
f 667//667 638//638 637//637
f 667//667 668//668 638//638
f 668//668 639//639 638//638
f 668//668 669//669 639//639
f 669//669 640//640 639//639
f 669//669 670//670 640//640
f 670//670 641//641 640//640
f 670//670 671//671 641//641
f 671//671 642//642 641//641
f 671//671 672//672 642//642
f 672//672 643//643 642//642
f 672//672 673//673 643//643
f 673//673 644//644 643//643
f 673//673 674//674 644//644
f 674//674 645//645 644//644
f 674//674 675//675 645//645
f 675//675 646//646 645//645
f 675//675 676//676 646//646
f 676//676 647//647 646//646
f 676//676 677//677 647//647
f 677//677 648//648 647//647
f 677//677 678//678 648//648
f 678//678 649//649 648//648
f 678//678 679//679 649//649
f 679//679 650//650 649//649
f 679//679 680//680 650//650
f 680//680 651//651 650//650
f 680//680 681//681 651//651
f 681//681 652//652 651//651
f 681//681 682//682 652//652
f 682//682 653//653 652//652
f 682//682 683//683 653//653
f 683//683 654//654 653//653
f 683//683 684//684 654//654
f 684//684 655//655 654//654
f 684//684 685//685 655//655
f 685//685 656//656 655//655
f 685//685 686//686 656//656
f 686//686 657//657 656//656
f 686//686 687//687 657//657
f 687//687 658//658 657//657
f 687//687 688//688 658//658
f 688//688 659//659 658//658
f 688//688 689//689 659//659
f 689//689 660//660 659//659
f 689//689 690//690 660//660
f 690//690 631//631 660//660
f 690//690 661//661 631//631
f 691//691 662//662 661//661
f 691//691 692//692 662//662
f 692//692 663//663 662//662
f 692//692 693//693 663//663
f 693//693 664//664 663//663
f 693//693 694//694 664//664
f 694//694 665//665 664//664
f 694//694 695//695 665//665
f 695//695 666//666 665//665
f 695//695 696//696 666//666
f 696//696 667//667 666//666
f 696//696 697//697 667//667
f 697//697 668//668 667//667
f 697//697 698//698 668//668
f 698//698 669//669 668//668
f 698//698 699//699 669//669
f 699//699 670//670 669//669
f 699//699 700//700 670//670
f 700//700 671//671 670//670
f 700//700 701//701 671//671
f 701//701 672//672 671//671
f 701//701 702//702 672//672
f 702//702 673//673 672//672
f 702//702 703//703 673//673
f 703//703 674//674 673//673
f 703//703 704//704 674//674
f 704//704 675//675 674//674
f 704//704 705//705 675//675
f 705//705 676//676 675//675
f 705//705 706//706 676//676
f 706//706 677//677 676//676
f 706//706 707//707 677//677
f 707//707 678//678 677//677
f 707//707 708//708 678//678
f 708//708 679//679 678//678
f 708//708 709//709 679//679
f 709//709 680//680 679//679
f 709//709 710//710 680//680
f 710//710 681//681 680//680
f 710//710 711//711 681//681
f 711//711 682//682 681//681
f 711//711 712//712 682//682
f 712//712 683//683 682//682
f 712//712 713//713 683//683
f 713//713 684//684 683//683
f 713//713 714//714 684//684
f 714//714 685//685 684//684
f 714//714 715//715 685//685
f 715//715 686//686 685//685
f 715//715 716//716 686//686
f 716//716 687//687 686//686
f 716//716 717//717 687//687
f 717//717 688//688 687//687
f 717//717 718//718 688//688
f 718//718 689//689 688//688
f 718//718 719//719 689//689
f 719//719 690//690 689//689
f 719//719 720//720 690//690
f 720//720 661//661 690//690
f 720//720 691//691 661//661
f 721//721 692//692 691//691
f 721//721 722//722 692//692
f 722//722 693//693 692//692
f 722//722 723//723 693//693
f 723//723 694//694 693//693
f 723//723 724//724 694//694
f 724//724 695//695 694//694
f 724//724 725//725 695//695
f 725//725 696//696 695//695
f 725//725 726//726 696//696
f 726//726 697//697 696//696
f 726//726 727//727 697//697
f 727//727 698//698 697//697
f 727//727 728//728 698//698
f 728//728 699//699 698//698
f 728//728 729//729 699//699
f 729//729 700//700 699//699
f 729//729 730//730 700//700
f 730//730 701//701 700//700
f 730//730 731//731 701//701
f 731//731 702//702 701//701
f 731//731 732//732 702//702
f 732//732 703//703 702//702
f 732//732 733//733 703//703
f 733//733 704//704 703//703
f 733//733 734//734 704//704
f 734//734 705//705 704//704
f 734//734 735//735 705//705
f 735//735 706//706 705//705
f 735//735 736//736 706//706
f 736//736 707//707 706//706
f 736//736 737//737 707//707
f 737//737 708//708 707//707
f 737//737 738//738 708//708
f 738//738 709//709 708//708
f 738//738 739//739 709//709
f 739//739 710//710 709//709
f 739//739 740//740 710//710
f 740//740 711//711 710//710
f 740//740 741//741 711//711
f 741//741 712//712 711//711
f 741//741 742//742 712//712
f 742//742 713//713 712//712
f 742//742 743//743 713//713
f 743//743 714//714 713//713
f 743//743 744//744 714//714
f 744//744 715//715 714//714
f 744//744 745//745 715//715
f 745//745 716//716 715//715
f 745//745 746//746 716//716
f 746//746 717//717 716//716
f 746//746 747//747 717//717
f 747//747 718//718 717//717
f 747//747 748//748 718//718
f 748//748 719//719 718//718
f 748//748 749//749 719//719
f 749//749 720//720 719//719
f 749//749 750//750 720//720
f 750//750 691//691 720//720
f 750//750 721//721 691//691
f 751//751 722//722 721//721
f 751//751 752//752 722//722
f 752//752 723//723 722//722
f 752//752 753//753 723//723
f 753//753 724//724 723//723
f 753//753 754//754 724//724
f 754//754 725//725 724//724
f 754//754 755//755 725//725
f 755//755 726//726 725//725
f 755//755 756//756 726//726
f 756//756 727//727 726//726
f 756//756 757//757 727//727
f 757//757 728//728 727//727
f 757//757 758//758 728//728
f 758//758 729//729 728//728
f 758//758 759//759 729//729
f 759//759 730//730 729//729
f 759//759 760//760 730//730
f 760//760 731//731 730//730
f 760//760 761//761 731//731
f 761//761 732//732 731//731
f 761//761 762//762 732//732
f 762//762 733//733 732//732
f 762//762 763//763 733//733
f 763//763 734//734 733//733
f 763//763 764//764 734//734
f 764//764 735//735 734//734
f 764//764 765//765 735//735
f 765//765 736//736 735//735
f 765//765 766//766 736//736
f 766//766 737//737 736//736
f 766//766 767//767 737//737
f 767//767 738//738 737//737
f 767//767 768//768 738//738
f 768//768 739//739 738//738
f 768//768 769//769 739//739
f 769//769 740//740 739//739
f 769//769 770//770 740//740
f 770//770 741//741 740//740
f 770//770 771//771 741//741
f 771//771 742//742 741//741
f 771//771 772//772 742//742
f 772//772 743//743 742//742
f 772//772 773//773 743//743
f 773//773 744//744 743//743
f 773//773 774//774 744//744
f 774//774 745//745 744//744
f 774//774 775//775 745//745
f 775//775 746//746 745//745
f 775//775 776//776 746//746
f 776//776 747//747 746//746
f 776//776 777//777 747//747
f 777//777 748//748 747//747
f 777//777 778//778 748//748
f 778//778 749//749 748//748
f 778//778 779//779 749//749
f 779//779 750//750 749//749
f 779//779 780//780 750//750
f 780//780 721//721 750//750
f 780//780 751//751 721//721
f 781//781 752//752 751//751
f 781//781 782//782 752//752
f 782//782 753//753 752//752
f 782//782 783//783 753//753
f 783//783 754//754 753//753
f 783//783 784//784 754//754
f 784//784 755//755 754//754
f 784//784 785//785 755//755
f 785//785 756//756 755//755
f 785//785 786//786 756//756
f 786//786 757//757 756//756
f 786//786 787//787 757//757
f 787//787 758//758 757//757
f 787//787 788//788 758//758
f 788//788 759//759 758//758
f 788//788 789//789 759//759
f 789//789 760//760 759//759
f 789//789 790//790 760//760
f 790//790 761//761 760//760
f 790//790 791//791 761//761
f 791//791 762//762 761//761
f 791//791 792//792 762//762
f 792//792 763//763 762//762
f 792//792 793//793 763//763
f 793//793 764//764 763//763
f 793//793 794//794 764//764
f 794//794 765//765 764//764
f 794//794 795//795 765//765
f 795//795 766//766 765//765
f 795//795 796//796 766//766
f 796//796 767//767 766//766
f 796//796 797//797 767//767
f 797//797 768//768 767//767
f 797//797 798//798 768//768
f 798//798 769//769 768//768
f 798//798 799//799 769//769
f 799//799 770//770 769//769
f 799//799 800//800 770//770
f 800//800 771//771 770//770
f 800//800 801//801 771//771
f 801//801 772//772 771//771
f 801//801 802//802 772//772
f 802//802 773//773 772//772
f 802//802 803//803 773//773
f 803//803 774//774 773//773
f 803//803 804//804 774//774
f 804//804 775//775 774//774
f 804//804 805//805 775//775
f 805//805 776//776 775//775
f 805//805 806//806 776//776
f 806//806 777//777 776//776
f 806//806 807//807 777//777
f 807//807 778//778 777//777
f 807//807 808//808 778//778
f 808//808 779//779 778//778
f 808//808 809//809 779//779
f 809//809 780//780 779//779
f 809//809 810//810 780//780
f 810//810 751//751 780//780
f 810//810 781//781 751//751
f 811//811 782//782 781//781
f 811//811 812//812 782//782
f 812//812 783//783 782//782
f 812//812 813//813 783//783
f 813//813 784//784 783//783
f 813//813 814//814 784//784
f 814//814 785//785 784//784
f 814//814 815//815 785//785
f 815//815 786//786 785//785
f 815//815 816//816 786//786
f 816//816 787//787 786//786
f 816//816 817//817 787//787
f 817//817 788//788 787//787
f 817//817 818//818 788//788
f 818//818 789//789 788//788
f 818//818 819//819 789//789
f 819//819 790//790 789//789
f 819//819 820//820 790//790
f 820//820 791//791 790//790
f 820//820 821//821 791//791
f 821//821 792//792 791//791
f 821//821 822//822 792//792
f 822//822 793//793 792//792
f 822//822 823//823 793//793
f 823//823 794//794 793//793
f 823//823 824//824 794//794
f 824//824 795//795 794//794
f 824//824 825//825 795//795
f 825//825 796//796 795//795
f 825//825 826//826 796//796
f 826//826 797//797 796//796
f 826//826 827//827 797//797
f 827//827 798//798 797//797
f 827//827 828//828 798//798
f 828//828 799//799 798//798
f 828//828 829//829 799//799
f 829//829 800//800 799//799
f 829//829 830//830 800//800
f 830//830 801//801 800//800
f 830//830 831//831 801//801
f 831//831 802//802 801//801
f 831//831 832//832 802//802
f 832//832 803//803 802//802
f 832//832 833//833 803//803
f 833//833 804//804 803//803
f 833//833 834//834 804//804
f 834//834 805//805 804//804
f 834//834 835//835 805//805
f 835//835 806//806 805//805
f 835//835 836//836 806//806
f 836//836 807//807 806//806
f 836//836 837//837 807//807
f 837//837 808//808 807//807
f 837//837 838//838 808//808
f 838//838 809//809 808//808
f 838//838 839//839 809//809
f 839//839 810//810 809//809
f 839//839 840//840 810//810
f 840//840 781//781 810//810
f 840//840 811//811 781//781
f 841//841 812//812 811//811
f 841//841 842//842 812//812
f 842//842 813//813 812//812
f 842//842 843//843 813//813
f 843//843 814//814 813//813
f 843//843 844//844 814//814
f 844//844 815//815 814//814
f 844//844 845//845 815//815
f 845//845 816//816 815//815
f 845//845 846//846 816//816
f 846//846 817//817 816//816
f 846//846 847//847 817//817
f 847//847 818//818 817//817
f 847//847 848//848 818//818
f 848//848 819//819 818//818
f 848//848 849//849 819//819
f 849//849 820//820 819//819
f 849//849 850//850 820//820
f 850//850 821//821 820//820
f 850//850 851//851 821//821
f 851//851 822//822 821//821
f 851//851 852//852 822//822
f 852//852 823//823 822//822
f 852//852 853//853 823//823
f 853//853 824//824 823//823
f 853//853 854//854 824//824
f 854//854 825//825 824//824
f 854//854 855//855 825//825
f 855//855 826//826 825//825
f 855//855 856//856 826//826
f 856//856 827//827 826//826
f 856//856 857//857 827//827
f 857//857 828//828 827//827
f 857//857 858//858 828//828
f 858//858 829//829 828//828
f 858//858 859//859 829//829
f 859//859 830//830 829//829
f 859//859 860//860 830//830
f 860//860 831//831 830//830
f 860//860 861//861 831//831
f 861//861 832//832 831//831
f 861//861 862//862 832//832
f 862//862 833//833 832//832
f 862//862 863//863 833//833
f 863//863 834//834 833//833
f 863//863 864//864 834//834
f 864//864 835//835 834//834
f 864//864 865//865 835//835
f 865//865 836//836 835//835
f 865//865 866//866 836//836
f 866//866 837//837 836//836
f 866//866 867//867 837//837
f 867//867 838//838 837//837
f 867//867 868//868 838//838
f 868//868 839//839 838//838
f 868//868 869//869 839//839
f 869//869 840//840 839//839
f 869//869 870//870 840//840
f 870//870 811//811 840//840
f 870//870 841//841 811//811
f 871//871 842//842 841//841
f 871//871 872//872 842//842
f 872//872 843//843 842//842
f 872//872 873//873 843//843
f 873//873 844//844 843//843
f 873//873 874//874 844//844
f 874//874 845//845 844//844
f 874//874 875//875 845//845
f 875//875 846//846 845//845
f 875//875 876//876 846//846
f 876//876 847//847 846//846
f 876//876 877//877 847//847
f 877//877 848//848 847//847
f 877//877 878//878 848//848
f 878//878 849//849 848//848
f 878//878 879//879 849//849
f 879//879 850//850 849//849
f 879//879 880//880 850//850
f 880//880 851//851 850//850
f 880//880 881//881 851//851
f 881//881 852//852 851//851
f 881//881 882//882 852//852
f 882//882 853//853 852//852
f 882//882 883//883 853//853
f 883//883 854//854 853//853
f 883//883 884//884 854//854
f 884//884 855//855 854//854
f 884//884 885//885 855//855
f 885//885 856//856 855//855
f 885//885 886//886 856//856
f 886//886 857//857 856//856
f 886//886 887//887 857//857
f 887//887 858//858 857//857
f 887//887 888//888 858//858
f 888//888 859//859 858//858
f 888//888 889//889 859//859
f 889//889 860//860 859//859
f 889//889 890//890 860//860
f 890//890 861//861 860//860
f 890//890 891//891 861//861
f 891//891 862//862 861//861
f 891//891 892//892 862//862
f 892//892 863//863 862//862
f 892//892 893//893 863//863
f 893//893 864//864 863//863
f 893//893 894//894 864//864
f 894//894 865//865 864//864
f 894//894 895//895 865//865
f 895//895 866//866 865//865
f 895//895 896//896 866//866
f 896//896 867//867 866//866
f 896//896 897//897 867//867
f 897//897 868//868 867//867
f 897//897 898//898 868//868
f 898//898 869//869 868//868
f 898//898 899//899 869//869
f 899//899 870//870 869//869
f 899//899 900//900 870//870
f 900//900 841//841 870//870
f 900//900 871//871 841//841
f 901//901 872//872 871//871
f 901//901 902//902 872//872
f 902//902 873//873 872//872
f 902//902 903//903 873//873
f 903//903 874//874 873//873
f 903//903 904//904 874//874
f 904//904 875//875 874//874
f 904//904 905//905 875//875
f 905//905 876//876 875//875
f 905//905 906//906 876//876
f 906//906 877//877 876//876
f 906//906 907//907 877//877
f 907//907 878//878 877//877
f 907//907 908//908 878//878
f 908//908 879//879 878//878
f 908//908 909//909 879//879
f 909//909 880//880 879//879
f 909//909 910//910 880//880
f 910//910 881//881 880//880
f 910//910 911//911 881//881
f 911//911 882//882 881//881
f 911//911 912//912 882//882
f 912//912 883//883 882//882
f 912//912 913//913 883//883
f 913//913 884//884 883//883
f 913//913 914//914 884//884
f 914//914 885//885 884//884
f 914//914 915//915 885//885
f 915//915 886//886 885//885
f 915//915 916//916 886//886
f 916//916 887//887 886//886
f 916//916 917//917 887//887
f 917//917 888//888 887//887
f 917//917 918//918 888//888
f 918//918 889//889 888//888
f 918//918 919//919 889//889
f 919//919 890//890 889//889
f 919//919 920//920 890//890
f 920//920 891//891 890//890
f 920//920 921//921 891//891
f 921//921 892//892 891//891
f 921//921 922//922 892//892
f 922//922 893//893 892//892
f 922//922 923//923 893//893
f 923//923 894//894 893//893
f 923//923 924//924 894//894
f 924//924 895//895 894//894
f 924//924 925//925 895//895
f 925//925 896//896 895//895
f 925//925 926//926 896//896
f 926//926 897//897 896//896
f 926//926 927//927 897//897
f 927//927 898//898 897//897
f 927//927 928//928 898//898
f 928//928 899//899 898//898
f 928//928 929//929 899//899
f 929//929 900//900 899//899
f 929//929 930//930 900//900
f 930//930 871//871 900//900
f 930//930 901//901 871//871
f 931//931 902//902 901//901
f 931//931 932//932 902//902
f 932//932 903//903 902//902
f 932//932 933//933 903//903
f 933//933 904//904 903//903
f 933//933 934//934 904//904
f 934//934 905//905 904//904
f 934//934 935//935 905//905
f 935//935 906//906 905//905
f 935//935 936//936 906//906
f 936//936 907//907 906//906
f 936//936 937//937 907//907
f 937//937 908//908 907//907
f 937//937 938//938 908//908
f 938//938 909//909 908//908
f 938//938 939//939 909//909
f 939//939 910//910 909//909
f 939//939 940//940 910//910
f 940//940 911//911 910//910
f 940//940 941//941 911//911
f 941//941 912//912 911//911
f 941//941 942//942 912//912
f 942//942 913//913 912//912
f 942//942 943//943 913//913
f 943//943 914//914 913//913
f 943//943 944//944 914//914
f 944//944 915//915 914//914
f 944//944 945//945 915//915
f 945//945 916//916 915//915
f 945//945 946//946 916//916
f 946//946 917//917 916//916
f 946//946 947//947 917//917
f 947//947 918//918 917//917
f 947//947 948//948 918//918
f 948//948 919//919 918//918
f 948//948 949//949 919//919
f 949//949 920//920 919//919
f 949//949 950//950 920//920
f 950//950 921//921 920//920
f 950//950 951//951 921//921
f 951//951 922//922 921//921
f 951//951 952//952 922//922
f 952//952 923//923 922//922
f 952//952 953//953 923//923
f 953//953 924//924 923//923
f 953//953 954//954 924//924
f 954//954 925//925 924//924
f 954//954 955//955 925//925
f 955//955 926//926 925//925
f 955//955 956//956 926//926
f 956//956 927//927 926//926
f 956//956 957//957 927//927
f 957//957 928//928 927//927
f 957//957 958//958 928//928
f 958//958 929//929 928//928
f 958//958 959//959 929//929
f 959//959 930//930 929//929
f 959//959 960//960 930//930
f 960//960 901//901 930//930
f 960//960 931//931 901//901
f 961//961 932//932 931//931
f 961//961 962//962 932//932
f 962//962 933//933 932//932
f 962//962 963//963 933//933
f 963//963 934//934 933//933
f 963//963 964//964 934//934
f 964//964 935//935 934//934
f 964//964 965//965 935//935
f 965//965 936//936 935//935
f 965//965 966//966 936//936
f 966//966 937//937 936//936
f 966//966 967//967 937//937
f 967//967 938//938 937//937
f 967//967 968//968 938//938
f 968//968 939//939 938//938
f 968//968 969//969 939//939
f 969//969 940//940 939//939
f 969//969 970//970 940//940
f 970//970 941//941 940//940
f 970//970 971//971 941//941
f 971//971 942//942 941//941
f 971//971 972//972 942//942
f 972//972 943//943 942//942
f 972//972 973//973 943//943
f 973//973 944//944 943//943
f 973//973 974//974 944//944
f 974//974 945//945 944//944
f 974//974 975//975 945//945
f 975//975 946//946 945//945
f 975//975 976//976 946//946
f 976//976 947//947 946//946
f 976//976 977//977 947//947
f 977//977 948//948 947//947
f 977//977 978//978 948//948
f 978//978 949//949 948//948
f 978//978 979//979 949//949
f 979//979 950//950 949//949
f 979//979 980//980 950//950
f 980//980 951//951 950//950
f 980//980 981//981 951//951
f 981//981 952//952 951//951
f 981//981 982//982 952//952
f 982//982 953//953 952//952
f 982//982 983//983 953//953
f 983//983 954//954 953//953
f 983//983 984//984 954//954
f 984//984 955//955 954//954
f 984//984 985//985 955//955
f 985//985 956//956 955//955
f 985//985 986//986 956//956
f 986//986 957//957 956//956
f 986//986 987//987 957//957
f 987//987 958//958 957//957
f 987//987 988//988 958//958
f 988//988 959//959 958//958
f 988//988 989//989 959//959
f 989//989 960//960 959//959
f 989//989 990//990 960//960
f 990//990 931//931 960//960
f 990//990 961//961 931//931
f 991//991 962//962 961//961
f 991//991 992//992 962//962
f 992//992 963//963 962//962
f 992//992 993//993 963//963
f 993//993 964//964 963//963
f 993//993 994//994 964//964
f 994//994 965//965 964//964
f 994//994 995//995 965//965
f 995//995 966//966 965//965
f 995//995 996//996 966//966
f 996//996 967//967 966//966
f 996//996 997//997 967//967
f 997//997 968//968 967//967
f 997//997 998//998 968//968
f 998//998 969//969 968//968
f 998//998 999//999 969//969
f 999//999 970//970 969//969
f 999//999 1000//1000 970//970
f 1000//1000 971//971 970//970
f 1000//1000 1001//1001 971//971
f 1001//1001 972//972 971//971
f 1001//1001 1002//1002 972//972
f 1002//1002 973//973 972//972
f 1002//1002 1003//1003 973//973
f 1003//1003 974//974 973//973
f 1003//1003 1004//1004 974//974
f 1004//1004 975//975 974//974
f 1004//1004 1005//1005 975//975
f 1005//1005 976//976 975//975
f 1005//1005 1006//1006 976//976
f 1006//1006 977//977 976//976
f 1006//1006 1007//1007 977//977
f 1007//1007 978//978 977//977
f 1007//1007 1008//1008 978//978
f 1008//1008 979//979 978//978
f 1008//1008 1009//1009 979//979
f 1009//1009 980//980 979//979
f 1009//1009 1010//1010 980//980
f 1010//1010 981//981 980//980
f 1010//1010 1011//1011 981//981
f 1011//1011 982//982 981//981
f 1011//1011 1012//1012 982//982
f 1012//1012 983//983 982//982
f 1012//1012 1013//1013 983//983
f 1013//1013 984//984 983//983
f 1013//1013 1014//1014 984//984
f 1014//1014 985//985 984//984
f 1014//1014 1015//1015 985//985
f 1015//1015 986//986 985//985
f 1015//1015 1016//1016 986//986
f 1016//1016 987//987 986//986
f 1016//1016 1017//1017 987//987
f 1017//1017 988//988 987//987
f 1017//1017 1018//1018 988//988
f 1018//1018 989//989 988//988
f 1018//1018 1019//1019 989//989
f 1019//1019 990//990 989//989
f 1019//1019 1020//1020 990//990
f 1020//1020 961//961 990//990
f 1020//1020 991//991 961//961
f 1021//1021 992//992 991//991
f 1021//1021 1022//1022 992//992
f 1022//1022 993//993 992//992
f 1022//1022 1023//1023 993//993
f 1023//1023 994//994 993//993
f 1023//1023 1024//1024 994//994
f 1024//1024 995//995 994//994
f 1024//1024 1025//1025 995//995
f 1025//1025 996//996 995//995
f 1025//1025 1026//1026 996//996
f 1026//1026 997//997 996//996
f 1026//1026 1027//1027 997//997
f 1027//1027 998//998 997//997
f 1027//1027 1028//1028 998//998
f 1028//1028 999//999 998//998
f 1028//1028 1029//1029 999//999
f 1029//1029 1000//1000 999//999
f 1029//1029 1030//1030 1000//1000
f 1030//1030 1001//1001 1000//1000
f 1030//1030 1031//1031 1001//1001
f 1031//1031 1002//1002 1001//1001
f 1031//1031 1032//1032 1002//1002
f 1032//1032 1003//1003 1002//1002
f 1032//1032 1033//1033 1003//1003
f 1033//1033 1004//1004 1003//1003
f 1033//1033 1034//1034 1004//1004
f 1034//1034 1005//1005 1004//1004
f 1034//1034 1035//1035 1005//1005
f 1035//1035 1006//1006 1005//1005
f 1035//1035 1036//1036 1006//1006
f 1036//1036 1007//1007 1006//1006
f 1036//1036 1037//1037 1007//1007
f 1037//1037 1008//1008 1007//1007
f 1037//1037 1038//1038 1008//1008
f 1038//1038 1009//1009 1008//1008
f 1038//1038 1039//1039 1009//1009
f 1039//1039 1010//1010 1009//1009
f 1039//1039 1040//1040 1010//1010
f 1040//1040 1011//1011 1010//1010
f 1040//1040 1041//1041 1011//1011
f 1041//1041 1012//1012 1011//1011
f 1041//1041 1042//1042 1012//1012
f 1042//1042 1013//1013 1012//1012
f 1042//1042 1043//1043 1013//1013
f 1043//1043 1014//1014 1013//1013
f 1043//1043 1044//1044 1014//1014
f 1044//1044 1015//1015 1014//1014
f 1044//1044 1045//1045 1015//1015
f 1045//1045 1016//1016 1015//1015
f 1045//1045 1046//1046 1016//1016
f 1046//1046 1017//1017 1016//1016
f 1046//1046 1047//1047 1017//1017
f 1047//1047 1018//1018 1017//1017
f 1047//1047 1048//1048 1018//1018
f 1048//1048 1019//1019 1018//1018
f 1048//1048 1049//1049 1019//1019
f 1049//1049 1020//1020 1019//1019
f 1049//1049 1050//1050 1020//1020
f 1050//1050 991//991 1020//1020
f 1050//1050 1021//1021 991//991
f 1051//1051 1022//1022 1021//1021
f 1051//1051 1052//1052 1022//1022
f 1052//1052 1023//1023 1022//1022
f 1052//1052 1053//1053 1023//1023
f 1053//1053 1024//1024 1023//1023
f 1053//1053 1054//1054 1024//1024
f 1054//1054 1025//1025 1024//1024
f 1054//1054 1055//1055 1025//1025
f 1055//1055 1026//1026 1025//1025
f 1055//1055 1056//1056 1026//1026
f 1056//1056 1027//1027 1026//1026
f 1056//1056 1057//1057 1027//1027
f 1057//1057 1028//1028 1027//1027
f 1057//1057 1058//1058 1028//1028
f 1058//1058 1029//1029 1028//1028
f 1058//1058 1059//1059 1029//1029
f 1059//1059 1030//1030 1029//1029
f 1059//1059 1060//1060 1030//1030
f 1060//1060 1031//1031 1030//1030
f 1060//1060 1061//1061 1031//1031
f 1061//1061 1032//1032 1031//1031
f 1061//1061 1062//1062 1032//1032
f 1062//1062 1033//1033 1032//1032
f 1062//1062 1063//1063 1033//1033
f 1063//1063 1034//1034 1033//1033
f 1063//1063 1064//1064 1034//1034
f 1064//1064 1035//1035 1034//1034
f 1064//1064 1065//1065 1035//1035
f 1065//1065 1036//1036 1035//1035
f 1065//1065 1066//1066 1036//1036
f 1066//1066 1037//1037 1036//1036
f 1066//1066 1067//1067 1037//1037
f 1067//1067 1038//1038 1037//1037
f 1067//1067 1068//1068 1038//1038
f 1068//1068 1039//1039 1038//1038
f 1068//1068 1069//1069 1039//1039
f 1069//1069 1040//1040 1039//1039
f 1069//1069 1070//1070 1040//1040
f 1070//1070 1041//1041 1040//1040
f 1070//1070 1071//1071 1041//1041
f 1071//1071 1042//1042 1041//1041
f 1071//1071 1072//1072 1042//1042
f 1072//1072 1043//1043 1042//1042
f 1072//1072 1073//1073 1043//1043
f 1073//1073 1044//1044 1043//1043
f 1073//1073 1074//1074 1044//1044
f 1074//1074 1045//1045 1044//1044
f 1074//1074 1075//1075 1045//1045
f 1075//1075 1046//1046 1045//1045
f 1075//1075 1076//1076 1046//1046
f 1076//1076 1047//1047 1046//1046
f 1076//1076 1077//1077 1047//1047
f 1077//1077 1048//1048 1047//1047
f 1077//1077 1078//1078 1048//1048
f 1078//1078 1049//1049 1048//1048
f 1078//1078 1079//1079 1049//1049
f 1079//1079 1050//1050 1049//1049
f 1079//1079 1080//1080 1050//1050
f 1080//1080 1021//1021 1050//1050
f 1080//1080 1051//1051 1021//1021
f 1081//1081 1052//1052 1051//1051
f 1081//1081 1082//1082 1052//1052
f 1082//1082 1053//1053 1052//1052
f 1082//1082 1083//1083 1053//1053
f 1083//1083 1054//1054 1053//1053
f 1083//1083 1084//1084 1054//1054
f 1084//1084 1055//1055 1054//1054
f 1084//1084 1085//1085 1055//1055
f 1085//1085 1056//1056 1055//1055
f 1085//1085 1086//1086 1056//1056
f 1086//1086 1057//1057 1056//1056
f 1086//1086 1087//1087 1057//1057
f 1087//1087 1058//1058 1057//1057
f 1087//1087 1088//1088 1058//1058
f 1088//1088 1059//1059 1058//1058
f 1088//1088 1089//1089 1059//1059
f 1089//1089 1060//1060 1059//1059
f 1089//1089 1090//1090 1060//1060
f 1090//1090 1061//1061 1060//1060
f 1090//1090 1091//1091 1061//1061
f 1091//1091 1062//1062 1061//1061
f 1091//1091 1092//1092 1062//1062
f 1092//1092 1063//1063 1062//1062
f 1092//1092 1093//1093 1063//1063
f 1093//1093 1064//1064 1063//1063
f 1093//1093 1094//1094 1064//1064
f 1094//1094 1065//1065 1064//1064
f 1094//1094 1095//1095 1065//1065
f 1095//1095 1066//1066 1065//1065
f 1095//1095 1096//1096 1066//1066
f 1096//1096 1067//1067 1066//1066
f 1096//1096 1097//1097 1067//1067
f 1097//1097 1068//1068 1067//1067
f 1097//1097 1098//1098 1068//1068
f 1098//1098 1069//1069 1068//1068
f 1098//1098 1099//1099 1069//1069
f 1099//1099 1070//1070 1069//1069
f 1099//1099 1100//1100 1070//1070
f 1100//1100 1071//1071 1070//1070
f 1100//1100 1101//1101 1071//1071
f 1101//1101 1072//1072 1071//1071
f 1101//1101 1102//1102 1072//1072
f 1102//1102 1073//1073 1072//1072
f 1102//1102 1103//1103 1073//1073
f 1103//1103 1074//1074 1073//1073
f 1103//1103 1104//1104 1074//1074
f 1104//1104 1075//1075 1074//1074
f 1104//1104 1105//1105 1075//1075
f 1105//1105 1076//1076 1075//1075
f 1105//1105 1106//1106 1076//1076
f 1106//1106 1077//1077 1076//1076
f 1106//1106 1107//1107 1077//1077
f 1107//1107 1078//1078 1077//1077
f 1107//1107 1108//1108 1078//1078
f 1108//1108 1079//1079 1078//1078
f 1108//1108 1109//1109 1079//1079
f 1109//1109 1080//1080 1079//1079
f 1109//1109 1110//1110 1080//1080
f 1110//1110 1051//1051 1080//1080
f 1110//1110 1081//1081 1051//1051
f 1111//1111 1082//1082 1081//1081
f 1111//1111 1112//1112 1082//1082
f 1112//1112 1083//1083 1082//1082
f 1112//1112 1113//1113 1083//1083
f 1113//1113 1084//1084 1083//1083
f 1113//1113 1114//1114 1084//1084
f 1114//1114 1085//1085 1084//1084
f 1114//1114 1115//1115 1085//1085
f 1115//1115 1086//1086 1085//1085
f 1115//1115 1116//1116 1086//1086
f 1116//1116 1087//1087 1086//1086
f 1116//1116 1117//1117 1087//1087
f 1117//1117 1088//1088 1087//1087
f 1117//1117 1118//1118 1088//1088
f 1118//1118 1089//1089 1088//1088
f 1118//1118 1119//1119 1089//1089
f 1119//1119 1090//1090 1089//1089
f 1119//1119 1120//1120 1090//1090
f 1120//1120 1091//1091 1090//1090
f 1120//1120 1121//1121 1091//1091
f 1121//1121 1092//1092 1091//1091
f 1121//1121 1122//1122 1092//1092
f 1122//1122 1093//1093 1092//1092
f 1122//1122 1123//1123 1093//1093
f 1123//1123 1094//1094 1093//1093
f 1123//1123 1124//1124 1094//1094
f 1124//1124 1095//1095 1094//1094
f 1124//1124 1125//1125 1095//1095
f 1125//1125 1096//1096 1095//1095
f 1125//1125 1126//1126 1096//1096
f 1126//1126 1097//1097 1096//1096
f 1126//1126 1127//1127 1097//1097
f 1127//1127 1098//1098 1097//1097
f 1127//1127 1128//1128 1098//1098
f 1128//1128 1099//1099 1098//1098
f 1128//1128 1129//1129 1099//1099
f 1129//1129 1100//1100 1099//1099
f 1129//1129 1130//1130 1100//1100
f 1130//1130 1101//1101 1100//1100
f 1130//1130 1131//1131 1101//1101
f 1131//1131 1102//1102 1101//1101
f 1131//1131 1132//1132 1102//1102
f 1132//1132 1103//1103 1102//1102
f 1132//1132 1133//1133 1103//1103
f 1133//1133 1104//1104 1103//1103
f 1133//1133 1134//1134 1104//1104
f 1134//1134 1105//1105 1104//1104
f 1134//1134 1135//1135 1105//1105
f 1135//1135 1106//1106 1105//1105
f 1135//1135 1136//1136 1106//1106
f 1136//1136 1107//1107 1106//1106
f 1136//1136 1137//1137 1107//1107
f 1137//1137 1108//1108 1107//1107
f 1137//1137 1138//1138 1108//1108
f 1138//1138 1109//1109 1108//1108
f 1138//1138 1139//1139 1109//1109
f 1139//1139 1110//1110 1109//1109
f 1139//1139 1140//1140 1110//1110
f 1140//1140 1081//1081 1110//1110
f 1140//1140 1111//1111 1081//1081
f 1141//1141 1112//1112 1111//1111
f 1141//1141 1142//1142 1112//1112
f 1142//1142 1113//1113 1112//1112
f 1142//1142 1143//1143 1113//1113
f 1143//1143 1114//1114 1113//1113
f 1143//1143 1144//1144 1114//1114
f 1144//1144 1115//1115 1114//1114
f 1144//1144 1145//1145 1115//1115
f 1145//1145 1116//1116 1115//1115
f 1145//1145 1146//1146 1116//1116
f 1146//1146 1117//1117 1116//1116
f 1146//1146 1147//1147 1117//1117
f 1147//1147 1118//1118 1117//1117
f 1147//1147 1148//1148 1118//1118
f 1148//1148 1119//1119 1118//1118
f 1148//1148 1149//1149 1119//1119
f 1149//1149 1120//1120 1119//1119
f 1149//1149 1150//1150 1120//1120
f 1150//1150 1121//1121 1120//1120
f 1150//1150 1151//1151 1121//1121
f 1151//1151 1122//1122 1121//1121
f 1151//1151 1152//1152 1122//1122
f 1152//1152 1123//1123 1122//1122
f 1152//1152 1153//1153 1123//1123
f 1153//1153 1124//1124 1123//1123
f 1153//1153 1154//1154 1124//1124
f 1154//1154 1125//1125 1124//1124
f 1154//1154 1155//1155 1125//1125
f 1155//1155 1126//1126 1125//1125
f 1155//1155 1156//1156 1126//1126
f 1156//1156 1127//1127 1126//1126
f 1156//1156 1157//1157 1127//1127
f 1157//1157 1128//1128 1127//1127
f 1157//1157 1158//1158 1128//1128
f 1158//1158 1129//1129 1128//1128
f 1158//1158 1159//1159 1129//1129
f 1159//1159 1130//1130 1129//1129
f 1159//1159 1160//1160 1130//1130
f 1160//1160 1131//1131 1130//1130
f 1160//1160 1161//1161 1131//1131
f 1161//1161 1132//1132 1131//1131
f 1161//1161 1162//1162 1132//1132
f 1162//1162 1133//1133 1132//1132
f 1162//1162 1163//1163 1133//1133
f 1163//1163 1134//1134 1133//1133
f 1163//1163 1164//1164 1134//1134
f 1164//1164 1135//1135 1134//1134
f 1164//1164 1165//1165 1135//1135
f 1165//1165 1136//1136 1135//1135
f 1165//1165 1166//1166 1136//1136
f 1166//1166 1137//1137 1136//1136
f 1166//1166 1167//1167 1137//1137
f 1167//1167 1138//1138 1137//1137
f 1167//1167 1168//1168 1138//1138
f 1168//1168 1139//1139 1138//1138
f 1168//1168 1169//1169 1139//1139
f 1169//1169 1140//1140 1139//1139
f 1169//1169 1170//1170 1140//1140
f 1170//1170 1111//1111 1140//1140
f 1170//1170 1141//1141 1111//1111
f 1171//1171 1142//1142 1141//1141
f 1171//1171 1172//1172 1142//1142
f 1172//1172 1143//1143 1142//1142
f 1172//1172 1173//1173 1143//1143
f 1173//1173 1144//1144 1143//1143
f 1173//1173 1174//1174 1144//1144
f 1174//1174 1145//1145 1144//1144
f 1174//1174 1175//1175 1145//1145
f 1175//1175 1146//1146 1145//1145
f 1175//1175 1176//1176 1146//1146
f 1176//1176 1147//1147 1146//1146
f 1176//1176 1177//1177 1147//1147
f 1177//1177 1148//1148 1147//1147
f 1177//1177 1178//1178 1148//1148
f 1178//1178 1149//1149 1148//1148
f 1178//1178 1179//1179 1149//1149
f 1179//1179 1150//1150 1149//1149
f 1179//1179 1180//1180 1150//1150
f 1180//1180 1151//1151 1150//1150
f 1180//1180 1181//1181 1151//1151
f 1181//1181 1152//1152 1151//1151
f 1181//1181 1182//1182 1152//1152
f 1182//1182 1153//1153 1152//1152
f 1182//1182 1183//1183 1153//1153
f 1183//1183 1154//1154 1153//1153
f 1183//1183 1184//1184 1154//1154
f 1184//1184 1155//1155 1154//1154
f 1184//1184 1185//1185 1155//1155
f 1185//1185 1156//1156 1155//1155
f 1185//1185 1186//1186 1156//1156
f 1186//1186 1157//1157 1156//1156
f 1186//1186 1187//1187 1157//1157
f 1187//1187 1158//1158 1157//1157
f 1187//1187 1188//1188 1158//1158
f 1188//1188 1159//1159 1158//1158
f 1188//1188 1189//1189 1159//1159
f 1189//1189 1160//1160 1159//1159
f 1189//1189 1190//1190 1160//1160
f 1190//1190 1161//1161 1160//1160
f 1190//1190 1191//1191 1161//1161
f 1191//1191 1162//1162 1161//1161
f 1191//1191 1192//1192 1162//1162
f 1192//1192 1163//1163 1162//1162
f 1192//1192 1193//1193 1163//1163
f 1193//1193 1164//1164 1163//1163
f 1193//1193 1194//1194 1164//1164
f 1194//1194 1165//1165 1164//1164
f 1194//1194 1195//1195 1165//1165
f 1195//1195 1166//1166 1165//1165
f 1195//1195 1196//1196 1166//1166
f 1196//1196 1167//1167 1166//1166
f 1196//1196 1197//1197 1167//1167
f 1197//1197 1168//1168 1167//1167
f 1197//1197 1198//1198 1168//1168
f 1198//1198 1169//1169 1168//1168
f 1198//1198 1199//1199 1169//1169
f 1199//1199 1170//1170 1169//1169
f 1199//1199 1200//1200 1170//1170
f 1200//1200 1141//1141 1170//1170
f 1200//1200 1171//1171 1141//1141
f 1201//1201 1172//1172 1171//1171
f 1201//1201 1202//1202 1172//1172
f 1202//1202 1173//1173 1172//1172
f 1202//1202 1203//1203 1173//1173
f 1203//1203 1174//1174 1173//1173
f 1203//1203 1204//1204 1174//1174
f 1204//1204 1175//1175 1174//1174
f 1204//1204 1205//1205 1175//1175
f 1205//1205 1176//1176 1175//1175
f 1205//1205 1206//1206 1176//1176
f 1206//1206 1177//1177 1176//1176
f 1206//1206 1207//1207 1177//1177
f 1207//1207 1178//1178 1177//1177
f 1207//1207 1208//1208 1178//1178
f 1208//1208 1179//1179 1178//1178
f 1208//1208 1209//1209 1179//1179
f 1209//1209 1180//1180 1179//1179
f 1209//1209 1210//1210 1180//1180
f 1210//1210 1181//1181 1180//1180
f 1210//1210 1211//1211 1181//1181
f 1211//1211 1182//1182 1181//1181
f 1211//1211 1212//1212 1182//1182
f 1212//1212 1183//1183 1182//1182
f 1212//1212 1213//1213 1183//1183
f 1213//1213 1184//1184 1183//1183
f 1213//1213 1214//1214 1184//1184
f 1214//1214 1185//1185 1184//1184
f 1214//1214 1215//1215 1185//1185
f 1215//1215 1186//1186 1185//1185
f 1215//1215 1216//1216 1186//1186
f 1216//1216 1187//1187 1186//1186
f 1216//1216 1217//1217 1187//1187
f 1217//1217 1188//1188 1187//1187
f 1217//1217 1218//1218 1188//1188
f 1218//1218 1189//1189 1188//1188
f 1218//1218 1219//1219 1189//1189
f 1219//1219 1190//1190 1189//1189
f 1219//1219 1220//1220 1190//1190
f 1220//1220 1191//1191 1190//1190
f 1220//1220 1221//1221 1191//1191
f 1221//1221 1192//1192 1191//1191
f 1221//1221 1222//1222 1192//1192
f 1222//1222 1193//1193 1192//1192
f 1222//1222 1223//1223 1193//1193
f 1223//1223 1194//1194 1193//1193
f 1223//1223 1224//1224 1194//1194
f 1224//1224 1195//1195 1194//1194
f 1224//1224 1225//1225 1195//1195
f 1225//1225 1196//1196 1195//1195
f 1225//1225 1226//1226 1196//1196
f 1226//1226 1197//1197 1196//1196
f 1226//1226 1227//1227 1197//1197
f 1227//1227 1198//1198 1197//1197
f 1227//1227 1228//1228 1198//1198
f 1228//1228 1199//1199 1198//1198
f 1228//1228 1229//1229 1199//1199
f 1229//1229 1200//1200 1199//1199
f 1229//1229 1230//1230 1200//1200
f 1230//1230 1171//1171 1200//1200
f 1230//1230 1201//1201 1171//1171
f 1231//1231 1202//1202 1201//1201
f 1231//1231 1232//1232 1202//1202
f 1232//1232 1203//1203 1202//1202
f 1232//1232 1233//1233 1203//1203
f 1233//1233 1204//1204 1203//1203
f 1233//1233 1234//1234 1204//1204
f 1234//1234 1205//1205 1204//1204
f 1234//1234 1235//1235 1205//1205
f 1235//1235 1206//1206 1205//1205
f 1235//1235 1236//1236 1206//1206
f 1236//1236 1207//1207 1206//1206
f 1236//1236 1237//1237 1207//1207
f 1237//1237 1208//1208 1207//1207
f 1237//1237 1238//1238 1208//1208
f 1238//1238 1209//1209 1208//1208
f 1238//1238 1239//1239 1209//1209
f 1239//1239 1210//1210 1209//1209
f 1239//1239 1240//1240 1210//1210
f 1240//1240 1211//1211 1210//1210
f 1240//1240 1241//1241 1211//1211
f 1241//1241 1212//1212 1211//1211
f 1241//1241 1242//1242 1212//1212
f 1242//1242 1213//1213 1212//1212
f 1242//1242 1243//1243 1213//1213
f 1243//1243 1214//1214 1213//1213
f 1243//1243 1244//1244 1214//1214
f 1244//1244 1215//1215 1214//1214
f 1244//1244 1245//1245 1215//1215
f 1245//1245 1216//1216 1215//1215
f 1245//1245 1246//1246 1216//1216
f 1246//1246 1217//1217 1216//1216
f 1246//1246 1247//1247 1217//1217
f 1247//1247 1218//1218 1217//1217
f 1247//1247 1248//1248 1218//1218
f 1248//1248 1219//1219 1218//1218
f 1248//1248 1249//1249 1219//1219
f 1249//1249 1220//1220 1219//1219
f 1249//1249 1250//1250 1220//1220
f 1250//1250 1221//1221 1220//1220
f 1250//1250 1251//1251 1221//1221
f 1251//1251 1222//1222 1221//1221
f 1251//1251 1252//1252 1222//1222
f 1252//1252 1223//1223 1222//1222
f 1252//1252 1253//1253 1223//1223
f 1253//1253 1224//1224 1223//1223
f 1253//1253 1254//1254 1224//1224
f 1254//1254 1225//1225 1224//1224
f 1254//1254 1255//1255 1225//1225
f 1255//1255 1226//1226 1225//1225
f 1255//1255 1256//1256 1226//1226
f 1256//1256 1227//1227 1226//1226
f 1256//1256 1257//1257 1227//1227
f 1257//1257 1228//1228 1227//1227
f 1257//1257 1258//1258 1228//1228
f 1258//1258 1229//1229 1228//1228
f 1258//1258 1259//1259 1229//1229
f 1259//1259 1230//1230 1229//1229
f 1259//1259 1260//1260 1230//1230
f 1260//1260 1201//1201 1230//1230
f 1260//1260 1231//1231 1201//1201
f 2//2 1//1 632//632
f 3//3 2//2 633//633
f 4//4 3//3 634//634
f 5//5 4//4 635//635
f 6//6 5//5 636//636
f 7//7 6//6 637//637
f 8//8 7//7 638//638
f 9//9 8//8 639//639
f 10//10 9//9 640//640
f 11//11 10//10 641//641
f 12//12 11//11 642//642
f 13//13 12//12 643//643
f 14//14 13//13 644//644
f 15//15 14//14 645//645
f 16//16 15//15 646//646
f 17//17 16//16 647//647
f 18//18 17//17 648//648
f 19//19 18//18 649//649
f 20//20 19//19 650//650
f 21//21 20//20 651//651
f 22//22 21//21 652//652
f 23//23 22//22 653//653
f 24//24 23//23 654//654
f 25//25 24//24 655//655
f 26//26 25//25 656//656
f 27//27 26//26 657//657
f 28//28 27//27 658//658
f 29//29 28//28 659//659
f 30//30 29//29 660//660
f 1//1 30//30 631//631
f 1//1 631//631 632//632
f 2//2 632//632 633//633
f 3//3 633//633 634//634
f 4//4 634//634 635//635
f 5//5 635//635 636//636
f 6//6 636//636 637//637
f 7//7 637//637 638//638
f 8//8 638//638 639//639
f 9//9 639//639 640//640
f 10//10 640//640 641//641
f 11//11 641//641 642//642
f 12//12 642//642 643//643
f 13//13 643//643 644//644
f 14//14 644//644 645//645
f 15//15 645//645 646//646
f 16//16 646//646 647//647
f 17//17 647//647 648//648
f 18//18 648//648 649//649
f 19//19 649//649 650//650
f 20//20 650//650 651//651
f 21//21 651//651 652//652
f 22//22 652//652 653//653
f 23//23 653//653 654//654
f 24//24 654//654 655//655
f 25//25 655//655 656//656
f 26//26 656//656 657//657
f 27//27 657//657 658//658
f 28//28 658//658 659//659
f 29//29 659//659 660//660
f 30//30 660//660 631//631
