# Created by Open3D 
# object name: temp_object_974515228
# number of vertices: 1260
# number of triangles: 2460
v 0.0449108 3.85979e-08 0.160987 0.8 0.8 0.8
vn -0.99033 0.0325762 0.134855
v 0.0439294 0.00933752 0.160987 0.8 0.8 0.8
vn -0.975462 -0.174037 0.134855
v 0.041028 0.0182669 0.160987 0.8 0.8 0.8
vn -0.917961 -0.373044 0.134855
v 0.0363336 0.0263979 0.160987 0.8 0.8 0.8
vn -0.820341 -0.555746 0.134855
v 0.0300512 0.0333753 0.160987 0.8 0.8 0.8
vn -0.686869 -0.714161 0.134855
v 0.0224554 0.0388939 0.160987 0.8 0.8 0.8
vn -0.523377 -0.841363 0.134855
v 0.0138782 0.0427127 0.160987 0.8 0.8 0.8
vn -0.337011 -0.931793 0.134855
v 0.00469443 0.0446648 0.160987 0.8 0.8 0.8
vn -0.135915 -0.981499 0.134855
v -0.00469448 0.0446648 0.160987 0.8 0.8 0.8
vn 0.0711199 -0.98831 0.134855
v -0.0138782 0.0427127 0.160987 0.8 0.8 0.8
vn 0.275047 -0.951926 0.134855
v -0.0224554 0.0388939 0.160987 0.8 0.8 0.8
vn 0.466953 -0.873939 0.134855
v -0.0300512 0.0333753 0.160987 0.8 0.8 0.8
vn 0.638451 -0.757756 0.134855
v -0.0363336 0.0263979 0.160987 0.8 0.8 0.8
vn 0.782046 -0.608456 0.134855
v -0.0410281 0.0182669 0.160987 0.8 0.8 0.8
vn 0.891461 -0.432563 0.134855
v -0.0439294 0.00933752 0.160987 0.8 0.8 0.8
vn 0.961916 -0.237765 0.134855
v -0.0449108 3.85979e-08 0.160987 0.8 0.8 0.8
vn 0.99033 -0.0325762 0.134855
v -0.0439294 -0.00933744 0.160987 0.8 0.8 0.8
vn 0.975462 0.174037 0.134855
v -0.0410281 -0.0182668 0.160987 0.8 0.8 0.8
vn 0.917961 0.373044 0.134855
v -0.0363336 -0.0263979 0.160987 0.8 0.8 0.8
vn 0.820341 0.555746 0.134855
v -0.0300512 -0.0333752 0.160987 0.8 0.8 0.8
vn 0.686869 0.714161 0.134855
v -0.0224554 -0.0388938 0.160987 0.8 0.8 0.8
vn 0.523377 0.841363 0.134855
v -0.0138782 -0.0427127 0.160987 0.8 0.8 0.8
vn 0.337011 0.931793 0.134855
v -0.00469448 -0.0446647 0.160987 0.8 0.8 0.8
vn 0.135915 0.981499 0.134855
v 0.00469443 -0.0446647 0.160987 0.8 0.8 0.8
vn -0.0711199 0.98831 0.134855
v 0.0138782 -0.0427127 0.160987 0.8 0.8 0.8
vn -0.275047 0.951926 0.134855
v 0.0224554 -0.0388938 0.160987 0.8 0.8 0.8
vn -0.466953 0.873939 0.134855
v 0.0300512 -0.0333752 0.160987 0.8 0.8 0.8
vn -0.638451 0.757756 0.134855
v 0.0363336 -0.0263979 0.160987 0.8 0.8 0.8
vn -0.782046 0.608456 0.134855
v 0.041028 -0.0182668 0.160987 0.8 0.8 0.8
vn -0.891461 0.432563 0.134855
v 0.0439294 -0.00933744 0.160987 0.8 0.8 0.8
vn -0.961916 0.237765 0.134855
v 0.0409171 3.85979e-08 0.0946263 0.8 0.8 0.8
vn -0.997717 -0.0114505 0.0665568
v 0.0400229 0.00850718 0.0946263 0.8 0.8 0.8
vn -0.973534 -0.218637 0.0665568
v 0.0373796 0.0166425 0.0946263 0.8 0.8 0.8
vn -0.906802 -0.416269 0.0665568
v 0.0331026 0.0240505 0.0946263 0.8 0.8 0.8
vn -0.80044 -0.595707 0.0665568
v 0.0273789 0.0304074 0.0946263 0.8 0.8 0.8
vn -0.659094 -0.74911 0.0665568
v 0.0204585 0.0354353 0.0946263 0.8 0.8 0.8
vn -0.488942 -0.869773 0.0665568
v 0.0126441 0.0389145 0.0946263 0.8 0.8 0.8
vn -0.297421 -0.952424 0.0665568
v 0.00427698 0.040693 0.0946263 0.8 0.8 0.8
vn -0.0929021 -0.993448 0.0665568
v -0.00427702 0.040693 0.0946263 0.8 0.8 0.8
vn 0.115678 -0.991054 0.0665568
v -0.0126441 0.0389145 0.0946263 0.8 0.8 0.8
vn 0.319202 -0.945347 0.0665568
v -0.0204586 0.0354353 0.0946263 0.8 0.8 0.8
vn 0.508775 -0.858323 0.0665568
v -0.0273789 0.0304074 0.0946263 0.8 0.8 0.8
vn 0.676112 -0.733786 0.0665568
v -0.0331026 0.0240505 0.0946263 0.8 0.8 0.8
vn 0.8139 -0.57718 0.0665568
v -0.0373796 0.0166425 0.0946263 0.8 0.8 0.8
vn 0.916117 -0.395347 0.0665568
v -0.040023 0.00850718 0.0946263 0.8 0.8 0.8
vn 0.978295 -0.196237 0.0665568
v -0.0409171 3.85979e-08 0.0946263 0.8 0.8 0.8
vn 0.997717 0.0114505 0.0665568
v -0.040023 -0.0085071 0.0946263 0.8 0.8 0.8
vn 0.973534 0.218637 0.0665568
v -0.0373796 -0.0166424 0.0946263 0.8 0.8 0.8
vn 0.906802 0.416269 0.0665568
v -0.0331026 -0.0240504 0.0946263 0.8 0.8 0.8
vn 0.80044 0.595707 0.0665568
v -0.0273789 -0.0304073 0.0946263 0.8 0.8 0.8
vn 0.659094 0.74911 0.0665568
v -0.0204586 -0.0354352 0.0946263 0.8 0.8 0.8
vn 0.488942 0.869773 0.0665568
v -0.0126441 -0.0389144 0.0946263 0.8 0.8 0.8
vn 0.297421 0.952424 0.0665568
v -0.00427702 -0.0406929 0.0946263 0.8 0.8 0.8
vn 0.0929021 0.993448 0.0665568
v 0.00427698 -0.0406929 0.0946263 0.8 0.8 0.8
vn -0.115678 0.991054 0.0665568
v 0.0126441 -0.0389144 0.0946263 0.8 0.8 0.8
vn -0.319202 0.945347 0.0665568
v 0.0204585 -0.0354352 0.0946263 0.8 0.8 0.8
vn -0.508775 0.858323 0.0665568
v 0.0273789 -0.0304073 0.0946263 0.8 0.8 0.8
vn -0.676112 0.733786 0.0665568
v 0.0331026 -0.0240504 0.0946263 0.8 0.8 0.8
vn -0.8139 0.57718 0.0665568
v 0.0373796 -0.0166424 0.0946263 0.8 0.8 0.8
vn -0.916117 0.395347 0.0665568
v 0.0400229 -0.0085071 0.0946263 0.8 0.8 0.8
vn -0.978295 0.196237 0.0665568
v 0.0377508 3.85979e-08 0.0540445 0.8 0.8 0.8
vn -0.995933 -0.0115104 0.0893549
v 0.0369258 0.00784887 0.0540445 0.8 0.8 0.8
vn -0.971777 -0.218325 0.0893549
v 0.034487 0.0153547 0.0540445 0.8 0.8 0.8
vn -0.905149 -0.415598 0.0893549
v 0.030541 0.0221894 0.0540445 0.8 0.8 0.8
vn -0.798961 -0.594707 0.0893549
v 0.0252602 0.0280543 0.0540445 0.8 0.8 0.8
vn -0.657856 -0.747825 0.0893549
v 0.0188754 0.0326932 0.0540445 0.8 0.8 0.8
vn -0.487998 -0.868259 0.0893549
v 0.0116656 0.0359032 0.0540445 0.8 0.8 0.8
vn -0.296813 -0.950746 0.0893549
v 0.00394601 0.037544 0.0540445 0.8 0.8 0.8
vn -0.092656 -0.991681 0.0893549
v -0.00394605 0.037544 0.0540445 0.8 0.8 0.8
vn 0.115551 -0.989274 0.0893549
v -0.0116657 0.0359032 0.0540445 0.8 0.8 0.8
vn 0.318707 -0.943632 0.0893549
v -0.0188754 0.0326932 0.0540445 0.8 0.8 0.8
vn 0.507935 -0.856748 0.0893549
v -0.0252602 0.0280543 0.0540445 0.8 0.8 0.8
vn 0.674963 -0.732421 0.0893549
v -0.030541 0.0221894 0.0540445 0.8 0.8 0.8
vn 0.812493 -0.576083 0.0893549
v -0.0344871 0.0153547 0.0540445 0.8 0.8 0.8
vn 0.914512 -0.394567 0.0893549
v -0.0369259 0.00784887 0.0540445 0.8 0.8 0.8
vn 0.976563 -0.195807 0.0893549
v -0.0377508 3.85979e-08 0.0540445 0.8 0.8 0.8
vn 0.995933 0.0115104 0.0893549
v -0.0369259 -0.00784879 0.0540445 0.8 0.8 0.8
vn 0.971777 0.218325 0.0893549
v -0.0344871 -0.0153546 0.0540445 0.8 0.8 0.8
vn 0.905149 0.415598 0.0893549
v -0.030541 -0.0221893 0.0540445 0.8 0.8 0.8
vn 0.798961 0.594707 0.0893549
v -0.0252602 -0.0280543 0.0540445 0.8 0.8 0.8
vn 0.657856 0.747825 0.0893549
v -0.0188754 -0.0326931 0.0540445 0.8 0.8 0.8
vn 0.487998 0.868259 0.0893549
v -0.0116657 -0.0359031 0.0540445 0.8 0.8 0.8
vn 0.296813 0.950746 0.0893549
v -0.00394605 -0.0375439 0.0540445 0.8 0.8 0.8
vn 0.092656 0.991681 0.0893549
v 0.00394601 -0.0375439 0.0540445 0.8 0.8 0.8
vn -0.115551 0.989274 0.0893549
v 0.0116656 -0.0359031 0.0540445 0.8 0.8 0.8
vn -0.318707 0.943632 0.0893549
v 0.0188754 -0.0326931 0.0540445 0.8 0.8 0.8
vn -0.507935 0.856748 0.0893549
v 0.0252602 -0.0280543 0.0540445 0.8 0.8 0.8
vn -0.674963 0.732421 0.0893549
v 0.030541 -0.0221893 0.0540445 0.8 0.8 0.8
vn -0.812493 0.576083 0.0893549
v 0.034487 -0.0153546 0.0540445 0.8 0.8 0.8
vn -0.914512 0.394567 0.0893549
v 0.0369258 -0.00784879 0.0540445 0.8 0.8 0.8
vn -0.976563 0.195807 0.0893549
v 0.0350843 3.85979e-08 0.029894 0.8 0.8 0.8
vn -0.991378 -0.0117501 0.130504
v 0.0343176 0.00729447 0.029894 0.8 0.8 0.8
vn -0.967271 -0.217612 0.130504
v 0.0320511 0.0142701 0.029894 0.8 0.8 0.8
vn -0.90089 -0.413964 0.130504
v 0.0283838 0.0206221 0.029894 0.8 0.8 0.8
vn -0.795135 -0.592223 0.130504
v 0.0234759 0.0260727 0.029894 0.8 0.8 0.8
vn -0.654629 -0.7446 0.130504
v 0.0175421 0.0303839 0.029894 0.8 0.8 0.8
vn -0.485513 -0.864434 0.130504
v 0.0108416 0.0333672 0.029894 0.8 0.8 0.8
vn -0.295178 -0.946488 0.130504
v 0.00366728 0.0348921 0.029894 0.8 0.8 0.8
vn -0.0919415 -0.987175 0.130504
v -0.00366733 0.0348921 0.029894 0.8 0.8 0.8
vn 0.115313 -0.984719 0.130504
v -0.0108417 0.0333672 0.029894 0.8 0.8 0.8
vn 0.317528 -0.939226 0.130504
v -0.0175422 0.0303839 0.029894 0.8 0.8 0.8
vn 0.505865 -0.852684 0.130504
v -0.023476 0.0260727 0.029894 0.8 0.8 0.8
vn 0.672093 -0.728875 0.130504
v -0.0283838 0.0206221 0.029894 0.8 0.8 0.8
vn 0.808948 -0.573211 0.130504
v -0.0320511 0.0142701 0.029894 0.8 0.8 0.8
vn 0.910448 -0.392496 0.130504
v -0.0343176 0.00729447 0.029894 0.8 0.8 0.8
vn 0.972157 -0.194626 0.130504
v -0.0350843 3.85979e-08 0.029894 0.8 0.8 0.8
vn 0.991378 0.0117501 0.130504
v -0.0343176 -0.00729439 0.029894 0.8 0.8 0.8
vn 0.967271 0.217612 0.130504
v -0.0320511 -0.01427 0.029894 0.8 0.8 0.8
vn 0.90089 0.413964 0.130504
v -0.0283838 -0.020622 0.029894 0.8 0.8 0.8
vn 0.795135 0.592223 0.130504
v -0.023476 -0.0260727 0.029894 0.8 0.8 0.8
vn 0.654629 0.7446 0.130504
v -0.0175422 -0.0303838 0.029894 0.8 0.8 0.8
vn 0.485513 0.864434 0.130504
v -0.0108417 -0.0333671 0.029894 0.8 0.8 0.8
vn 0.295178 0.946488 0.130504
v -0.00366733 -0.0348921 0.029894 0.8 0.8 0.8
vn 0.0919415 0.987175 0.130504
v 0.00366728 -0.0348921 0.029894 0.8 0.8 0.8
vn -0.115313 0.984719 0.130504
v 0.0108416 -0.0333671 0.029894 0.8 0.8 0.8
vn -0.317528 0.939226 0.130504
v 0.0175421 -0.0303838 0.029894 0.8 0.8 0.8
vn -0.505865 0.852684 0.130504
v 0.0234759 -0.0260727 0.029894 0.8 0.8 0.8
vn -0.672093 0.728875 0.130504
v 0.0283838 -0.020622 0.029894 0.8 0.8 0.8
vn -0.808948 0.573211 0.130504
v 0.0320511 -0.01427 0.029894 0.8 0.8 0.8
vn -0.910448 0.392496 0.130504
v 0.0343176 -0.00729439 0.029894 0.8 0.8 0.8
vn -0.972157 0.194626 0.130504
v 0.0327112 3.85979e-08 0.0159522 0.8 0.8 0.8
vn -0.978656 -0.0120649 0.205152
v 0.0319964 0.00680108 0.0159522 0.8 0.8 0.8
vn -0.954761 -0.215275 0.205152
v 0.0298832 0.0133049 0.0159522 0.8 0.8 0.8
vn -0.889139 -0.409077 0.205152
v 0.0264639 0.0192272 0.0159522 0.8 0.8 0.8
vn -0.784658 -0.585 0.205152
v 0.0218881 0.0243092 0.0159522 0.8 0.8 0.8
vn -0.645883 -0.735356 0.205152
v 0.0163556 0.0283288 0.0159522 0.8 0.8 0.8
vn -0.478879 -0.853573 0.205152
v 0.0101083 0.0311103 0.0159522 0.8 0.8 0.8
vn -0.290947 -0.934485 0.205152
v 0.00341923 0.0325321 0.0159522 0.8 0.8 0.8
vn -0.0902986 -0.974556 0.205152
v -0.00341928 0.0325321 0.0159522 0.8 0.8 0.8
vn 0.114296 -0.972033 0.205152
v -0.0101083 0.0311103 0.0159522 0.8 0.8 0.8
vn 0.313896 -0.927029 0.205152
v -0.0163556 0.0283288 0.0159522 0.8 0.8 0.8
vn 0.499776 -0.841508 0.205152
v -0.0218881 0.0243092 0.0159522 0.8 0.8 0.8
vn 0.663814 -0.71921 0.205152
v -0.026464 0.0192272 0.0159522 0.8 0.8 0.8
vn 0.798841 -0.565479 0.205152
v -0.0298832 0.0133049 0.0159522 0.8 0.8 0.8
vn 0.898954 -0.387033 0.205152
v -0.0319964 0.00680108 0.0159522 0.8 0.8 0.8
vn 0.959778 -0.191673 0.205152
v -0.0327112 3.85979e-08 0.0159522 0.8 0.8 0.8
vn 0.978656 0.0120649 0.205152
v -0.0319964 -0.00680101 0.0159522 0.8 0.8 0.8
vn 0.954761 0.215275 0.205152
v -0.0298832 -0.0133048 0.0159522 0.8 0.8 0.8
vn 0.889139 0.409077 0.205152
v -0.026464 -0.0192271 0.0159522 0.8 0.8 0.8
vn 0.784658 0.585 0.205152
v -0.0218881 -0.0243091 0.0159522 0.8 0.8 0.8
vn 0.645883 0.735356 0.205152
v -0.0163556 -0.0283287 0.0159522 0.8 0.8 0.8
vn 0.478879 0.853573 0.205152
v -0.0101083 -0.0311102 0.0159522 0.8 0.8 0.8
vn 0.290947 0.934485 0.205152
v -0.00341928 -0.032532 0.0159522 0.8 0.8 0.8
vn 0.0902986 0.974556 0.205152
v 0.00341923 -0.032532 0.0159522 0.8 0.8 0.8
vn -0.114296 0.972033 0.205152
v 0.0101083 -0.0311102 0.0159522 0.8 0.8 0.8
vn -0.313896 0.927029 0.205152
v 0.0163556 -0.0283287 0.0159522 0.8 0.8 0.8
vn -0.499776 0.841508 0.205152
v 0.0218881 -0.0243091 0.0159522 0.8 0.8 0.8
vn -0.663814 0.71921 0.205152
v 0.0264639 -0.0192271 0.0159522 0.8 0.8 0.8
vn -0.798841 0.565479 0.205152
v 0.0298832 -0.0133048 0.0159522 0.8 0.8 0.8
vn -0.898954 0.387033 0.205152
v 0.0319964 -0.00680101 0.0159522 0.8 0.8 0.8
vn -0.959778 0.191673 0.205152
v 0.030505 3.85979e-08 0.00817424 0.8 0.8 0.8
vn -0.941077 -0.0121971 0.337973
v 0.0298384 0.00634239 0.00817424 0.8 0.8 0.8
vn -0.917976 -0.207591 0.337973
v 0.0278677 0.0124075 0.00817424 0.8 0.8 0.8
vn -0.854755 -0.393913 0.337973
v 0.0246791 0.0179304 0.00817424 0.8 0.8 0.8
vn -0.754178 -0.563019 0.337973
v 0.0204118 0.0226697 0.00817424 0.8 0.8 0.8
vn -0.620639 -0.707518 0.337973
v 0.0152525 0.0264182 0.00817424 0.8 0.8 0.8
vn -0.459975 -0.821095 0.337973
v 0.00942654 0.029012 0.00817424 0.8 0.8 0.8
vn -0.279209 -0.898786 0.337973
v 0.00318862 0.0303379 0.00817424 0.8 0.8 0.8
vn -0.086239 -0.937196 0.337973
v -0.00318867 0.0303379 0.00817424 0.8 0.8 0.8
vn 0.1105 -0.934646 0.337973
v -0.00942659 0.029012 0.00817424 0.8 0.8 0.8
vn 0.302409 -0.891248 0.337973
v -0.0152525 0.0264182 0.00817424 0.8 0.8 0.8
vn 0.481101 -0.808898 0.337973
v -0.0204119 0.0226697 0.00817424 0.8 0.8 0.8
vn 0.638767 -0.691195 0.337973
v -0.0246791 0.0179304 0.00817424 0.8 0.8 0.8
vn 0.768516 -0.543283 0.337973
v -0.0278677 0.0124075 0.00817424 0.8 0.8 0.8
vn 0.864677 -0.371628 0.337973
v -0.0298384 0.00634239 0.00817424 0.8 0.8 0.8
vn 0.923048 -0.18373 0.337973
v -0.030505 3.85979e-08 0.00817424 0.8 0.8 0.8
vn 0.941077 0.0121971 0.337973
v -0.0298384 -0.00634231 0.00817424 0.8 0.8 0.8
vn 0.917976 0.207591 0.337973
v -0.0278677 -0.0124075 0.00817424 0.8 0.8 0.8
vn 0.854755 0.393913 0.337973
v -0.0246791 -0.0179304 0.00817424 0.8 0.8 0.8
vn 0.754178 0.563019 0.337973
v -0.0204119 -0.0226696 0.00817424 0.8 0.8 0.8
vn 0.620639 0.707518 0.337973
v -0.0152525 -0.0264181 0.00817424 0.8 0.8 0.8
vn 0.459975 0.821095 0.337973
v -0.00942659 -0.029012 0.00817424 0.8 0.8 0.8
vn 0.279209 0.898786 0.337973
v -0.00318867 -0.0303379 0.00817424 0.8 0.8 0.8
vn 0.086239 0.937196 0.337973
v 0.00318862 -0.0303379 0.00817424 0.8 0.8 0.8
vn -0.1105 0.934646 0.337973
v 0.00942654 -0.029012 0.00817424 0.8 0.8 0.8
vn -0.302409 0.891248 0.337973
v 0.0152525 -0.0264181 0.00817424 0.8 0.8 0.8
vn -0.481101 0.808898 0.337973
v 0.0204118 -0.0226696 0.00817424 0.8 0.8 0.8
vn -0.638767 0.691195 0.337973
v 0.0246791 -0.0179304 0.00817424 0.8 0.8 0.8
vn -0.768516 0.543283 0.337973
v 0.0278677 -0.0124075 0.00817424 0.8 0.8 0.8
vn -0.864677 0.371628 0.337973
v 0.0298384 -0.00634231 0.00817424 0.8 0.8 0.8
vn -0.923048 0.18373 0.337973
v 0.0283903 3.85979e-08 0.00399975 0.8 0.8 0.8
vn -0.835787 -0.0114824 0.548934
v 0.0277699 0.00590272 0.00399975 0.8 0.8 0.8
vn -0.815135 -0.185001 0.548934
v 0.0259358 0.0115474 0.00399975 0.8 0.8 0.8
vn -0.758859 -0.350435 0.548934
v 0.0229682 0.0166874 0.00399975 0.8 0.8 0.8
vn -0.669416 -0.500552 0.548934
v 0.0189968 0.0210982 0.00399975 0.8 0.8 0.8
vn -0.550717 -0.628794 0.548934
v 0.0141951 0.0245868 0.00399975 0.8 0.8 0.8
vn -0.407949 -0.729554 0.548934
v 0.00877307 0.0270008 0.00399975 0.8 0.8 0.8
vn -0.247352 -0.798429 0.548934
v 0.00296757 0.0282348 0.00399975 0.8 0.8 0.8
vn -0.075944 -0.832408 0.548934
v -0.00296762 0.0282348 0.00399975 0.8 0.8 0.8
vn 0.098783 -0.830008 0.548934
v -0.00877311 0.0270008 0.00399975 0.8 0.8 0.8
vn 0.269193 -0.791332 0.548934
v -0.0141952 0.0245868 0.00399975 0.8 0.8 0.8
vn 0.427837 -0.718071 0.548934
v -0.0189969 0.0210982 0.00399975 0.8 0.8 0.8
vn 0.567783 -0.613427 0.548934
v -0.0229683 0.0166874 0.00399975 0.8 0.8 0.8
vn 0.682915 -0.481974 0.548934
v -0.0259359 0.0115474 0.00399975 0.8 0.8 0.8
vn 0.768199 -0.329455 0.548934
v -0.0277699 0.00590272 0.00399975 0.8 0.8 0.8
vn 0.81991 -0.162538 0.548934
v -0.0283903 3.85979e-08 0.00399975 0.8 0.8 0.8
vn 0.835787 0.0114824 0.548934
v -0.0277699 -0.00590264 0.00399975 0.8 0.8 0.8
vn 0.815135 0.185001 0.548934
v -0.0259359 -0.0115473 0.00399975 0.8 0.8 0.8
vn 0.758859 0.350435 0.548934
v -0.0229683 -0.0166874 0.00399975 0.8 0.8 0.8
vn 0.669416 0.500552 0.548934
v -0.0189969 -0.0210981 0.00399975 0.8 0.8 0.8
vn 0.550717 0.628794 0.548934
v -0.0141952 -0.0245867 0.00399975 0.8 0.8 0.8
vn 0.407949 0.729554 0.548934
v -0.00877311 -0.0270008 0.00399975 0.8 0.8 0.8
vn 0.247352 0.798429 0.548934
v -0.00296762 -0.0282348 0.00399975 0.8 0.8 0.8
vn 0.075944 0.832408 0.548934
v 0.00296757 -0.0282348 0.00399975 0.8 0.8 0.8
vn -0.098783 0.830008 0.548934
v 0.00877307 -0.0270008 0.00399975 0.8 0.8 0.8
vn -0.269193 0.791332 0.548934
v 0.0141951 -0.0245867 0.00399975 0.8 0.8 0.8
vn -0.427837 0.718071 0.548934
v 0.0189968 -0.0210981 0.00399975 0.8 0.8 0.8
vn -0.567783 0.613427 0.548934
v 0.0229682 -0.0166874 0.00399975 0.8 0.8 0.8
vn -0.682915 0.481974 0.548934
v 0.0259358 -0.0115473 0.00399975 0.8 0.8 0.8
vn -0.768199 0.329455 0.548934
v 0.0277699 -0.00590264 0.00399975 0.8 0.8 0.8
vn -0.81991 0.162538 0.548934
v 0.0263238 3.85979e-08 0.00185612 0.8 0.8 0.8
vn -0.616547 -0.00903901 0.787266
v 0.0257485 0.00547306 0.00185612 0.8 0.8 0.8
vn -0.601194 -0.137029 0.787266
v 0.024048 0.0107069 0.00185612 0.8 0.8 0.8
vn -0.559567 -0.25903 0.787266
v 0.0212964 0.0154728 0.00185612 0.8 0.8 0.8
vn -0.493484 -0.36971 0.787266
v 0.017614 0.0195624 0.00185612 0.8 0.8 0.8
vn -0.405833 -0.464232 0.787266
v 0.0131619 0.0227971 0.00185612 0.8 0.8 0.8
vn -0.300445 -0.538465 0.787266
v 0.00813448 0.0250355 0.00185612 0.8 0.8 0.8
vn -0.181927 -0.589164 0.787266
v 0.00275156 0.0261796 0.00185612 0.8 0.8 0.8
vn -0.0554572 -0.614114 0.787266
v -0.00275161 0.0261796 0.00185612 0.8 0.8 0.8
vn 0.0734362 -0.612224 0.787266
v -0.00813452 0.0250355 0.00185612 0.8 0.8 0.8
vn 0.19912 -0.583578 0.787266
v -0.0131619 0.0227971 0.00185612 0.8 0.8 0.8
vn 0.316101 -0.529426 0.787266
v -0.0176141 0.0195624 0.00185612 0.8 0.8 0.8
vn 0.419268 -0.452135 0.787266
v -0.0212964 0.0154728 0.00185612 0.8 0.8 0.8
vn 0.50411 -0.355084 0.787266
v -0.024048 0.0107069 0.00185612 0.8 0.8 0.8
vn 0.56692 -0.242515 0.787266
v -0.0257486 0.00547306 0.00185612 0.8 0.8 0.8
vn 0.604953 -0.119346 0.787266
v -0.0263238 3.85979e-08 0.00185612 0.8 0.8 0.8
vn 0.616547 0.00903901 0.787266
v -0.0257486 -0.00547299 0.00185612 0.8 0.8 0.8
vn 0.601194 0.137029 0.787266
v -0.024048 -0.0107068 0.00185612 0.8 0.8 0.8
vn 0.559567 0.25903 0.787266
v -0.0212964 -0.0154727 0.00185612 0.8 0.8 0.8
vn 0.493484 0.36971 0.787266
v -0.0176141 -0.0195624 0.00185612 0.8 0.8 0.8
vn 0.405833 0.464232 0.787266
v -0.0131619 -0.022797 0.00185612 0.8 0.8 0.8
vn 0.300445 0.538465 0.787266
v -0.00813452 -0.0250354 0.00185612 0.8 0.8 0.8
vn 0.181927 0.589164 0.787266
v -0.00275161 -0.0261796 0.00185612 0.8 0.8 0.8
vn 0.0554572 0.614114 0.787266
v 0.00275156 -0.0261796 0.00185612 0.8 0.8 0.8
vn -0.0734362 0.612224 0.787266
v 0.00813448 -0.0250354 0.00185612 0.8 0.8 0.8
vn -0.19912 0.583578 0.787266
v 0.0131619 -0.022797 0.00185612 0.8 0.8 0.8
vn -0.316101 0.529426 0.787266
v 0.017614 -0.0195624 0.00185612 0.8 0.8 0.8
vn -0.419268 0.452135 0.787266
v 0.0212964 -0.0154727 0.00185612 0.8 0.8 0.8
vn -0.50411 0.355084 0.787266
v 0.024048 -0.0107068 0.00185612 0.8 0.8 0.8
vn -0.56692 0.242515 0.787266
v 0.0257485 -0.00547299 0.00185612 0.8 0.8 0.8
vn -0.604953 0.119346 0.787266
v 0.0242815 3.85979e-08 0.000809983 0.8 0.8 0.8
vn -0.354242 -0.00557514 0.935137
v 0.0237509 0.00504844 0.000809983 0.8 0.8 0.8
vn -0.345341 -0.0791043 0.935137
v 0.0221822 0.00987621 0.000809983 0.8 0.8 0.8
vn -0.321348 -0.149176 0.935137
v 0.0196441 0.0142723 0.000809983 0.8 0.8 0.8
vn -0.28331 -0.212728 0.935137
v 0.0162475 0.0180447 0.000809983 0.8 0.8 0.8
vn -0.232891 -0.266983 0.935137
v 0.0121407 0.0210284 0.000809983 0.8 0.8 0.8
vn -0.172293 -0.30957 0.935137
v 0.00750337 0.0230931 0.000809983 0.8 0.8 0.8
vn -0.104164 -0.338627 0.935137
v 0.00253808 0.0241485 0.000809983 0.8 0.8 0.8
vn -0.0314837 -0.352884 0.935137
v -0.00253813 0.0241485 0.000809983 0.8 0.8 0.8
vn 0.0425729 -0.351718 0.935137
v -0.00750341 0.0230931 0.000809983 0.8 0.8 0.8
vn 0.114769 -0.335181 0.935137
v -0.0121408 0.0210284 0.000809983 0.8 0.8 0.8
vn 0.181949 -0.303995 0.935137
v -0.0162475 0.0180447 0.000809983 0.8 0.8 0.8
vn 0.241177 -0.259522 0.935137
v -0.0196442 0.0142723 0.000809983 0.8 0.8 0.8
vn 0.289864 -0.203708 0.935137
v -0.0221823 0.00987621 0.000809983 0.8 0.8 0.8
vn 0.325883 -0.13899 0.935137
v -0.0237509 0.00504844 0.000809983 0.8 0.8 0.8
vn 0.34766 -0.0681977 0.935137
v -0.0242815 3.85979e-08 0.000809983 0.8 0.8 0.8
vn 0.354242 0.00557514 0.935137
v -0.0237509 -0.00504837 0.000809983 0.8 0.8 0.8
vn 0.345341 0.0791043 0.935137
v -0.0221823 -0.00987613 0.000809983 0.8 0.8 0.8
vn 0.321348 0.149176 0.935137
v -0.0196442 -0.0142723 0.000809983 0.8 0.8 0.8
vn 0.28331 0.212728 0.935137
v -0.0162475 -0.0180446 0.000809983 0.8 0.8 0.8
vn 0.232891 0.266983 0.935137
v -0.0121408 -0.0210283 0.000809983 0.8 0.8 0.8
vn 0.172293 0.30957 0.935137
v -0.00750341 -0.023093 0.000809983 0.8 0.8 0.8
vn 0.104164 0.338627 0.935137
v -0.00253813 -0.0241484 0.000809983 0.8 0.8 0.8
vn 0.0314837 0.352884 0.935137
v 0.00253808 -0.0241484 0.000809983 0.8 0.8 0.8
vn -0.0425729 0.351718 0.935137
v 0.00750337 -0.023093 0.000809983 0.8 0.8 0.8
vn -0.114769 0.335181 0.935137
v 0.0121407 -0.0210283 0.000809983 0.8 0.8 0.8
vn -0.181949 0.303995 0.935137
v 0.0162475 -0.0180446 0.000809983 0.8 0.8 0.8
vn -0.241177 0.259522 0.935137
v 0.0196441 -0.0142723 0.000809983 0.8 0.8 0.8
vn -0.289864 0.203708 0.935137
v 0.0221822 -0.00987613 0.000809983 0.8 0.8 0.8
vn -0.325883 0.13899 0.935137
v 0.0237509 -0.00504837 0.000809983 0.8 0.8 0.8
vn -0.34766 0.0681977 0.935137
v 0.0222507 3.85979e-08 0.000328846 0.8 0.8 0.8
vn -0.169059 -0.00287271 0.985602
v 0.0217644 0.00462622 0.000328846 0.8 0.8 0.8
vn -0.164767 -0.0379592 0.985602
v 0.020327 0.00905021 0.000328846 0.8 0.8 0.8
vn -0.153274 -0.0713867 0.985602
v 0.0180012 0.0130787 0.000328846 0.8 0.8 0.8
vn -0.135083 -0.101694 0.985602
v 0.0148886 0.0165355 0.000328846 0.8 0.8 0.8
vn -0.110987 -0.127557 0.985602
v 0.0111253 0.0192697 0.000328846 0.8 0.8 0.8
vn -0.0820414 -0.147845 0.985602
v 0.00687582 0.0211617 0.000328846 0.8 0.8 0.8
vn -0.0495099 -0.161672 0.985602
v 0.00232581 0.0221288 0.000328846 0.8 0.8 0.8
vn -0.0148145 -0.168433 0.985602
v -0.00232585 0.0221288 0.000328846 0.8 0.8 0.8
vn 0.0205284 -0.167832 0.985602
v -0.00687586 0.0211617 0.000328846 0.8 0.8 0.8
vn 0.0549741 -0.159897 0.985602
v -0.0111254 0.0192697 0.000328846 0.8 0.8 0.8
vn 0.0870171 -0.144973 0.985602
v -0.0148886 0.0165355 0.000328846 0.8 0.8 0.8
vn 0.115257 -0.123713 0.985602
v -0.0180012 0.0130787 0.000328846 0.8 0.8 0.8
vn 0.13846 -0.0970461 0.985602
v -0.020327 0.00905021 0.000328846 0.8 0.8 0.8
vn 0.155611 -0.066138 0.985602
v -0.0217645 0.00462622 0.000328846 0.8 0.8 0.8
vn 0.165962 -0.0323393 0.985602
v -0.0222507 3.85979e-08 0.000328846 0.8 0.8 0.8
vn 0.169059 0.00287271 0.985602
v -0.0217645 -0.00462614 0.000328846 0.8 0.8 0.8
vn 0.164767 0.0379592 0.985602
v -0.020327 -0.00905013 0.000328846 0.8 0.8 0.8
vn 0.153274 0.0713867 0.985602
v -0.0180012 -0.0130786 0.000328846 0.8 0.8 0.8
vn 0.135083 0.101694 0.985602
v -0.0148886 -0.0165354 0.000328846 0.8 0.8 0.8
vn 0.110987 0.127557 0.985602
v -0.0111254 -0.0192696 0.000328846 0.8 0.8 0.8
vn 0.0820414 0.147845 0.985602
v -0.00687586 -0.0211616 0.000328846 0.8 0.8 0.8
vn 0.0495099 0.161672 0.985602
v -0.00232585 -0.0221288 0.000328846 0.8 0.8 0.8
vn 0.0148145 0.168433 0.985602
v 0.00232581 -0.0221288 0.000328846 0.8 0.8 0.8
vn -0.0205284 0.167832 0.985602
v 0.00687582 -0.0211616 0.000328846 0.8 0.8 0.8
vn -0.0549741 0.159897 0.985602
v 0.0111253 -0.0192696 0.000328846 0.8 0.8 0.8
vn -0.0870171 0.144973 0.985602
v 0.0148886 -0.0165354 0.000328846 0.8 0.8 0.8
vn -0.115257 0.123713 0.985602
v 0.0180012 -0.0130786 0.000328846 0.8 0.8 0.8
vn -0.13846 0.0970461 0.985602
v 0.020327 -0.00905013 0.000328846 0.8 0.8 0.8
vn -0.155611 0.066138 0.985602
v 0.0217644 -0.00462614 0.000328846 0.8 0.8 0.8
vn -0.165962 0.0323393 0.985602
v 0.020225 3.85979e-08 0.00012251 0.8 0.8 0.8
vn -0.071898 -0.0013269 0.997411
v 0.0197831 0.00420506 0.00012251 0.8 0.8 0.8
vn -0.0700509 -0.0162463 0.997411
v 0.0184765 0.0082263 0.00012251 0.8 0.8 0.8
vn -0.0651424 -0.0304557 0.997411
v 0.0163624 0.011888 0.00012251 0.8 0.8 0.8
vn -0.0573867 -0.043334 0.997411
v 0.0135332 0.0150302 0.00012251 0.8 0.8 0.8
vn -0.047123 -0.0543185 0.997411
v 0.0101125 0.0175154 0.00012251 0.8 0.8 0.8
vn -0.0347998 -0.0629289 0.997411
v 0.00624986 0.0192352 0.00012251 0.8 0.8 0.8
vn -0.0209557 -0.0687891 0.997411
v 0.00211407 0.0201143 0.00012251 0.8 0.8 0.8
vn -0.00619575 -0.0716428 0.997411
v -0.00211412 0.0201143 0.00012251 0.8 0.8 0.8
vn 0.00883502 -0.0713654 0.997411
v -0.0062499 0.0192352 0.00012251 0.8 0.8 0.8
vn 0.0234797 -0.067969 0.997411
v -0.0101125 0.0175154 0.00012251 0.8 0.8 0.8
vn 0.0370981 -0.061602 0.997411
v -0.0135332 0.0150302 0.00012251 0.8 0.8 0.8
vn 0.0490952 -0.0525427 0.997411
v -0.0163624 0.011888 0.00012251 0.8 0.8 0.8
vn 0.0589466 -0.0411871 0.997411
v -0.0184765 0.0082263 0.00012251 0.8 0.8 0.8
vn 0.0662218 -0.0280313 0.997411
v -0.0197831 0.00420506 0.00012251 0.8 0.8 0.8
vn 0.0706027 -0.0136505 0.997411
v -0.0202251 3.85979e-08 0.00012251 0.8 0.8 0.8
vn 0.071898 0.0013269 0.997411
v -0.0197831 -0.00420498 0.00012251 0.8 0.8 0.8
vn 0.0700509 0.0162463 0.997411
v -0.0184765 -0.00822623 0.00012251 0.8 0.8 0.8
vn 0.0651424 0.0304557 0.997411
v -0.0163624 -0.0118879 0.00012251 0.8 0.8 0.8
vn 0.0573867 0.043334 0.997411
v -0.0135332 -0.0150301 0.00012251 0.8 0.8 0.8
vn 0.047123 0.0543185 0.997411
v -0.0101125 -0.0175154 0.00012251 0.8 0.8 0.8
vn 0.0347998 0.0629289 0.997411
v -0.0062499 -0.0192351 0.00012251 0.8 0.8 0.8
vn 0.0209557 0.0687891 0.997411
v -0.00211412 -0.0201142 0.00012251 0.8 0.8 0.8
vn 0.00619575 0.0716428 0.997411
v 0.00211407 -0.0201142 0.00012251 0.8 0.8 0.8
vn -0.00883502 0.0713654 0.997411
v 0.00624986 -0.0192351 0.00012251 0.8 0.8 0.8
vn -0.0234797 0.067969 0.997411
v 0.0101125 -0.0175154 0.00012251 0.8 0.8 0.8
vn -0.0370981 0.061602 0.997411
v 0.0135332 -0.0150301 0.00012251 0.8 0.8 0.8
vn -0.0490952 0.0525427 0.997411
v 0.0163624 -0.0118879 0.00012251 0.8 0.8 0.8
vn -0.0589466 0.0411871 0.997411
v 0.0184765 -0.00822623 0.00012251 0.8 0.8 0.8
vn -0.0662218 0.0280313 0.997411
v 0.0197831 -0.00420498 0.00012251 0.8 0.8 0.8
vn -0.0706027 0.0136505 0.997411
v 0.0182015 3.85979e-08 4.11274e-05 0.8 0.8 0.8
vn -0.0277462 -0.000559672 0.999615
v 0.0178038 0.00378435 4.11274e-05 0.8 0.8 0.8
vn -0.0270235 -0.0063162 0.999615
v 0.0166279 0.00740326 4.11274e-05 0.8 0.8 0.8
vn -0.0251198 -0.0117967 0.999615
v 0.0147253 0.0106986 4.11274e-05 0.8 0.8 0.8
vn -0.0221182 -0.0167616 0.999615
v 0.0121792 0.0135264 4.11274e-05 0.8 0.8 0.8
vn -0.0181499 -0.0209939 0.999615
v 0.00910074 0.015763 4.11274e-05 0.8 0.8 0.8
vn -0.0133884 -0.0243087 0.999615
v 0.00562456 0.0173107 4.11274e-05 0.8 0.8 0.8
vn -0.00804177 -0.0265611 0.999615
v 0.00190255 0.0181018 4.11274e-05 0.8 0.8 0.8
vn -0.00234366 -0.0276527 0.999615
v -0.0019026 0.0181018 4.11274e-05 0.8 0.8 0.8
vn 0.00345687 -0.0275357 0.999615
v -0.0056246 0.0173107 4.11274e-05 0.8 0.8 0.8
vn 0.00910633 -0.0262153 0.999615
v -0.00910078 0.015763 4.11274e-05 0.8 0.8 0.8
vn 0.0143578 -0.0237491 0.999615
v -0.0121792 0.0135264 4.11274e-05 0.8 0.8 0.8
vn 0.0189817 -0.0202449 0.999615
v -0.0147254 0.0106986 4.11274e-05 0.8 0.8 0.8
vn 0.0227761 -0.015856 0.999615
v -0.0166279 0.00740326 4.11274e-05 0.8 0.8 0.8
vn 0.025575 -0.0107741 0.999615
v -0.0178038 0.00378435 4.11274e-05 0.8 0.8 0.8
vn 0.0272562 -0.00522132 0.999615
v -0.0182015 3.85979e-08 4.11274e-05 0.8 0.8 0.8
vn 0.0277462 0.000559672 0.999615
v -0.0178038 -0.00378427 4.11274e-05 0.8 0.8 0.8
vn 0.0270235 0.0063162 0.999615
v -0.0166279 -0.00740319 4.11274e-05 0.8 0.8 0.8
vn 0.0251198 0.0117967 0.999615
v -0.0147254 -0.0106985 4.11274e-05 0.8 0.8 0.8
vn 0.0221182 0.0167616 0.999615
v -0.0121792 -0.0135263 4.11274e-05 0.8 0.8 0.8
vn 0.0181499 0.0209939 0.999615
v -0.00910078 -0.0157629 4.11274e-05 0.8 0.8 0.8
vn 0.0133884 0.0243087 0.999615
v -0.0056246 -0.0173106 4.11274e-05 0.8 0.8 0.8
vn 0.00804177 0.0265611 0.999615
v -0.0019026 -0.0181018 4.11274e-05 0.8 0.8 0.8
vn 0.00234366 0.0276527 0.999615
v 0.00190255 -0.0181018 4.11274e-05 0.8 0.8 0.8
vn -0.00345687 0.0275357 0.999615
v 0.00562456 -0.0173106 4.11274e-05 0.8 0.8 0.8
vn -0.00910633 0.0262153 0.999615
v 0.00910074 -0.0157629 4.11274e-05 0.8 0.8 0.8
vn -0.0143578 0.0237491 0.999615
v 0.0121792 -0.0135263 4.11274e-05 0.8 0.8 0.8
vn -0.0189817 0.0202449 0.999615
v 0.0147253 -0.0106985 4.11274e-05 0.8 0.8 0.8
vn -0.0227761 0.015856 0.999615
v 0.0166279 -0.00740319 4.11274e-05 0.8 0.8 0.8
vn -0.025575 0.0107741 0.999615
v 0.0178038 -0.00378427 4.11274e-05 0.8 0.8 0.8
vn -0.0272562 0.00522132 0.999615
v 0.0161788 3.85979e-08 1.21395e-05 0.8 0.8 0.8
vn -0.00961908 -0.00021351 0.999954
v 0.0158252 0.0033638 1.21395e-05 0.8 0.8 0.8
vn -0.00936449 -0.00220876 0.999954
v 0.0147801 0.00658055 1.21395e-05 0.8 0.8 0.8
vn -0.00870062 -0.00410748 0.999954
v 0.0130889 0.0095097 1.21395e-05 0.8 0.8 0.8
vn -0.0076565 -0.00582669 0.999954
v 0.0108257 0.0120232 1.21395e-05 0.8 0.8 0.8
vn -0.00627775 -0.00729123 0.999954
v 0.00808938 0.0140113 1.21395e-05 0.8 0.8 0.8
vn -0.00462463 -0.00843712 0.999954
v 0.0049995 0.015387 1.21395e-05 0.8 0.8 0.8
vn -0.0027694 -0.00921427 0.999954
v 0.00169112 0.0160902 1.21395e-05 0.8 0.8 0.8
vn -0.000793127 -0.0095887 0.999954
v -0.00169117 0.0160902 1.21395e-05 0.8 0.8 0.8
vn 0.00121781 -0.00954407 0.999954
v -0.00499955 0.015387 1.21395e-05 0.8 0.8 0.8
vn 0.00317552 -0.00908231 0.999954
v -0.00808943 0.0140113 1.21395e-05 0.8 0.8 0.8
vn 0.00499444 -0.00822361 0.999954
v -0.0108258 0.0120232 1.21395e-05 0.8 0.8 0.8
vn 0.00659509 -0.0070055 0.999954
v -0.013089 0.0095097 1.21395e-05 0.8 0.8 0.8
vn 0.0079075 -0.00548122 0.999954
v -0.0147801 0.00658055 1.21395e-05 0.8 0.8 0.8
vn 0.00887431 -0.00371738 0.999954
v -0.0158253 0.0033638 1.21395e-05 0.8 0.8 0.8
vn 0.00945327 -0.00179107 0.999954
v -0.0161788 3.85979e-08 1.21395e-05 0.8 0.8 0.8
vn 0.00961908 0.00021351 0.999954
v -0.0158253 -0.00336372 1.21395e-05 0.8 0.8 0.8
vn 0.00936449 0.00220876 0.999954
v -0.0147801 -0.00658048 1.21395e-05 0.8 0.8 0.8
vn 0.00870062 0.00410748 0.999954
v -0.013089 -0.00950963 1.21395e-05 0.8 0.8 0.8
vn 0.0076565 0.00582669 0.999954
v -0.0108258 -0.0120232 1.21395e-05 0.8 0.8 0.8
vn 0.00627775 0.00729123 0.999954
v -0.00808943 -0.0140112 1.21395e-05 0.8 0.8 0.8
vn 0.00462463 0.00843712 0.999954
v -0.00499955 -0.0153869 1.21395e-05 0.8 0.8 0.8
vn 0.0027694 0.00921427 0.999954
v -0.00169117 -0.0160901 1.21395e-05 0.8 0.8 0.8
vn 0.000793127 0.0095887 0.999954
v 0.00169112 -0.0160901 1.21395e-05 0.8 0.8 0.8
vn -0.00121781 0.00954407 0.999954
v 0.0049995 -0.0153869 1.21395e-05 0.8 0.8 0.8
vn -0.00317552 0.00908231 0.999954
v 0.00808938 -0.0140112 1.21395e-05 0.8 0.8 0.8
vn -0.00499444 0.00822361 0.999954
v 0.0108257 -0.0120232 1.21395e-05 0.8 0.8 0.8
vn -0.00659509 0.0070055 0.999954
v 0.0130889 -0.00950963 1.21395e-05 0.8 0.8 0.8
vn -0.0079075 0.00548122 0.999954
v 0.0147801 -0.00658048 1.21395e-05 0.8 0.8 0.8
vn -0.00887431 0.00371738 0.999954
v 0.0158252 -0.00336372 1.21395e-05 0.8 0.8 0.8
vn -0.00945327 0.00179107 0.999954
v 0.0141563 3.85979e-08 3.04377e-06 0.8 0.8 0.8
vn -0.00292736 -7.20173e-05 0.999996
v 0.013847 0.00294331 3.04377e-06 0.8 0.8 0.8
vn -0.00284841 -0.000679075 0.999996
v 0.0129325 0.00575795 3.04377e-06 0.8 0.8 0.8
vn -0.00264498 -0.00125645 0.999996
v 0.0114527 0.00832094 3.04377e-06 0.8 0.8 0.8
vn -0.00232595 -0.00177892 0.999996
v 0.00947244 0.0105203 3.04377e-06 0.8 0.8 0.8
vn -0.00190526 -0.00222364 0.999996
v 0.00707816 0.0122598 3.04377e-06 0.8 0.8 0.8
vn -0.00140131 -0.00257117 0.999996
v 0.00437454 0.0134635 3.04377e-06 0.8 0.8 0.8
vn -0.00083611 -0.00280633 0.999996
v 0.00147972 0.0140789 3.04377e-06 0.8 0.8 0.8
vn -0.000234369 -0.00291885 0.999996
v -0.00147977 0.0140789 3.04377e-06 0.8 0.8 0.8
vn 0.000377615 -0.00290379 0.999996
v -0.00437458 0.0134635 3.04377e-06 0.8 0.8 0.8
vn 0.000973095 -0.00276183 0.999996
v -0.00707821 0.0122598 3.04377e-06 0.8 0.8 0.8
vn 0.00152605 -0.00249916 0.999996
v -0.00947248 0.0105203 3.04377e-06 0.8 0.8 0.8
vn 0.0020123 -0.00212726 0.999996
v -0.0114528 0.00832094 3.04377e-06 0.8 0.8 0.8
vn 0.00241061 -0.00166239 0.999996
v -0.0129325 0.00575795 3.04377e-06 0.8 0.8 0.8
vn 0.00270356 -0.00112487 0.999996
v -0.013847 0.00294331 3.04377e-06 0.8 0.8 0.8
vn 0.00287836 -0.000538188 0.999996
v -0.0141564 3.85979e-08 3.04377e-06 0.8 0.8 0.8
vn 0.00292736 7.20173e-05 0.999996
v -0.013847 -0.00294324 3.04377e-06 0.8 0.8 0.8
vn 0.00284841 0.000679075 0.999996
v -0.0129325 -0.00575788 3.04377e-06 0.8 0.8 0.8
vn 0.00264498 0.00125645 0.999996
v -0.0114528 -0.00832087 3.04377e-06 0.8 0.8 0.8
vn 0.00232595 0.00177892 0.999996
v -0.00947248 -0.0105202 3.04377e-06 0.8 0.8 0.8
vn 0.00190526 0.00222364 0.999996
v -0.00707821 -0.0122597 3.04377e-06 0.8 0.8 0.8
vn 0.00140131 0.00257117 0.999996
v -0.00437458 -0.0134635 3.04377e-06 0.8 0.8 0.8
vn 0.00083611 0.00280633 0.999996
v -0.00147977 -0.0140788 3.04377e-06 0.8 0.8 0.8
vn 0.000234369 0.00291885 0.999996
v 0.00147972 -0.0140788 3.04377e-06 0.8 0.8 0.8
vn -0.000377615 0.00290379 0.999996
v 0.00437454 -0.0134635 3.04377e-06 0.8 0.8 0.8
vn -0.000973095 0.00276183 0.999996
v 0.00707816 -0.0122597 3.04377e-06 0.8 0.8 0.8
vn -0.00152605 0.00249916 0.999996
v 0.00947244 -0.0105202 3.04377e-06 0.8 0.8 0.8
vn -0.0020123 0.00212726 0.999996
v 0.0114527 -0.00832087 3.04377e-06 0.8 0.8 0.8
vn -0.00241061 0.00166239 0.999996
v 0.0129325 -0.00575788 3.04377e-06 0.8 0.8 0.8
vn -0.00270356 0.00112487 0.999996
v 0.013847 -0.00294324 3.04377e-06 0.8 0.8 0.8
vn -0.00287836 0.000538188 0.999996
v 0.012134 3.85979e-08 6.16389e-07 0.8 0.8 0.8
vn -0.00075564 -2.07538e-05 1
v 0.0118688 0.00252284 6.16389e-07 0.8 0.8 0.8
vn -0.000734813 -0.000177407 1
v 0.0110849 0.00493539 6.16389e-07 0.8 0.8 0.8
vn -0.00068187 -0.000326306 1
v 0.0098166 0.00713223 6.16389e-07 0.8 0.8 0.8
vn -0.000599127 -0.000460944 1
v 0.00811921 0.00901737 6.16389e-07 0.8 0.8 0.8
vn -0.000490199 -0.000575437 1
v 0.00606698 0.0105084 6.16389e-07 0.8 0.8 0.8
vn -0.000359847 -0.00066478 1
v 0.00374959 0.0115402 6.16389e-07 0.8 0.8 0.8
vn -0.000213768 -0.00072507 1
v 0.00126833 0.0120676 6.16389e-07 0.8 0.8 0.8
vn -5.83458e-05 -0.00075367 1
v -0.00126837 0.0120676 6.16389e-07 0.8 0.8 0.8
vn 9.9626e-05 -0.000749331 1
v -0.00374964 0.0115402 6.16389e-07 0.8 0.8 0.8
vn 0.000253244 -0.000712243 1
v -0.00606703 0.0105084 6.16389e-07 0.8 0.8 0.8
vn 0.000395793 -0.000644027 1
v -0.00811926 0.00901737 6.16389e-07 0.8 0.8 0.8
vn 0.000521045 -0.000547663 1
v -0.00981664 0.00713223 6.16389e-07 0.8 0.8 0.8
vn 0.000623524 -0.000427364 1
v -0.011085 0.00493539 6.16389e-07 0.8 0.8 0.8
vn 0.000698753 -0.000288387 1
v -0.0118689 0.00252284 6.16389e-07 0.8 0.8 0.8
vn 0.000743443 -0.000136806 1
v -0.012134 3.85979e-08 6.16389e-07 0.8 0.8 0.8
vn 0.00075564 2.07538e-05 1
v -0.0118689 -0.00252276 6.16389e-07 0.8 0.8 0.8
vn 0.000734813 0.000177407 1
v -0.011085 -0.00493531 6.16389e-07 0.8 0.8 0.8
vn 0.00068187 0.000326306 1
v -0.00981664 -0.00713215 6.16389e-07 0.8 0.8 0.8
vn 0.000599127 0.000460944 1
v -0.00811926 -0.00901729 6.16389e-07 0.8 0.8 0.8
vn 0.000490199 0.000575437 1
v -0.00606703 -0.0105083 6.16389e-07 0.8 0.8 0.8
vn 0.000359847 0.00066478 1
v -0.00374964 -0.0115401 6.16389e-07 0.8 0.8 0.8
vn 0.000213768 0.00072507 1
v -0.00126837 -0.0120675 6.16389e-07 0.8 0.8 0.8
vn 5.83458e-05 0.00075367 1
v 0.00126833 -0.0120675 6.16389e-07 0.8 0.8 0.8
vn -9.9626e-05 0.000749331 1
v 0.00374959 -0.0115401 6.16389e-07 0.8 0.8 0.8
vn -0.000253244 0.000712243 1
v 0.00606698 -0.0105083 6.16389e-07 0.8 0.8 0.8
vn -0.000395793 0.000644027 1
v 0.00811921 -0.00901729 6.16389e-07 0.8 0.8 0.8
vn -0.000521045 0.000547663 1
v 0.0098166 -0.00713215 6.16389e-07 0.8 0.8 0.8
vn -0.000623524 0.000427364 1
v 0.0110849 -0.00493531 6.16389e-07 0.8 0.8 0.8
vn -0.000698753 0.000288387 1
v 0.0118688 -0.00252276 6.16389e-07 0.8 0.8 0.8
vn -0.000743443 0.000136806 1
v 0.0101116 3.85979e-08 9.32289e-08 0.8 0.8 0.8
vn -0.00015735 -4.85589e-06 1
v 0.00989068 0.00210237 9.32289e-08 0.8 0.8 0.8
vn -0.000152902 -3.74647e-05 1
v 0.00923745 0.00411283 9.32289e-08 0.8 0.8 0.8
vn -0.000141771 -6.8436e-05 1
v 0.00818049 0.00594353 9.32289e-08 0.8 0.8 0.8
vn -0.000124445 -9.64165e-05 1
v 0.00676601 0.00751447 9.32289e-08 0.8 0.8 0.8
vn -0.000101679 -0.000120183 1
v 0.00505581 0.008757 9.32289e-08 0.8 0.8 0.8
vn -7.44696e-05 -0.000138697 1
v 0.00312466 0.00961681 9.32289e-08 0.8 0.8 0.8
vn -4.40056e-05 -0.000151149 1
v 0.00105693 0.0100563 9.32289e-08 0.8 0.8 0.8
vn -1.16183e-05 -0.000156996 1
v -0.00105698 0.0100563 9.32289e-08 0.8 0.8 0.8
vn 2.12768e-05 -0.00015598 1
v -0.0031247 0.00961681 9.32289e-08 0.8 0.8 0.8
vn 5.3242e-05 -0.000148148 1
v -0.00505586 0.008757 9.32289e-08 0.8 0.8 0.8
vn 8.28803e-05 -0.000133841 1
v -0.00676605 0.00751447 9.32289e-08 0.8 0.8 0.8
vn 0.000108896 -0.000113685 1
v -0.00818054 0.00594353 9.32289e-08 0.8 0.8 0.8
vn 0.000130153 -8.85595e-05 1
v -0.00923749 0.00411283 9.32289e-08 0.8 0.8 0.8
vn 0.000145721 -5.95639e-05 1
v -0.00989073 0.00210237 9.32289e-08 0.8 0.8 0.8
vn 0.000154921 -2.79651e-05 1
v -0.0101117 3.85979e-08 9.32289e-08 0.8 0.8 0.8
vn 0.00015735 4.85589e-06 1
v -0.00989073 -0.0021023 9.32289e-08 0.8 0.8 0.8
vn 0.000152902 3.74647e-05 1
v -0.00923749 -0.00411275 9.32289e-08 0.8 0.8 0.8
vn 0.000141771 6.8436e-05 1
v -0.00818054 -0.00594345 9.32289e-08 0.8 0.8 0.8
vn 0.000124445 9.64165e-05 1
v -0.00676605 -0.0075144 9.32289e-08 0.8 0.8 0.8
vn 0.000101679 0.000120183 1
v -0.00505586 -0.00875693 9.32289e-08 0.8 0.8 0.8
vn 7.44696e-05 0.000138697 1
v -0.0031247 -0.00961673 9.32289e-08 0.8 0.8 0.8
vn 4.40056e-05 0.000151149 1
v -0.00105698 -0.0100562 9.32289e-08 0.8 0.8 0.8
vn 1.16183e-05 0.000156996 1
v 0.00105693 -0.0100562 9.32289e-08 0.8 0.8 0.8
vn -2.12768e-05 0.00015598 1
v 0.00312466 -0.00961673 9.32289e-08 0.8 0.8 0.8
vn -5.3242e-05 0.000148148 1
v 0.00505581 -0.00875693 9.32289e-08 0.8 0.8 0.8
vn -8.28803e-05 0.000133841 1
v 0.00676601 -0.0075144 9.32289e-08 0.8 0.8 0.8
vn -0.000108896 0.000113685 1
v 0.00818049 -0.00594345 9.32289e-08 0.8 0.8 0.8
vn -0.000130153 8.85595e-05 1
v 0.00923745 -0.00411275 9.32289e-08 0.8 0.8 0.8
vn -0.000145721 5.95639e-05 1
v 0.00989068 -0.0021023 9.32289e-08 0.8 0.8 0.8
vn -0.000154921 2.79651e-05 1
v 0.00808931 3.85979e-08 9.23802e-09 0.8 0.8 0.8
vn -2.44837e-05 -8.52439e-07 1
v 0.00791254 0.00168191 9.23802e-09 0.8 0.8 0.8
vn -2.37714e-05 -5.92425e-06 1
v 0.00738995 0.00329027 9.23802e-09 0.8 0.8 0.8
vn -2.20202e-05 -1.07371e-05 1
v 0.00654439 0.00475483 9.23802e-09 0.8 0.8 0.8
vn -1.93066e-05 -1.50808e-05 1
v 0.0054128 0.00601159 9.23802e-09 0.8 0.8 0.8
vn -1.57493e-05 -1.87653e-05 1
v 0.00404465 0.00700561 9.23802e-09 0.8 0.8 0.8
vn -1.15036e-05 -2.16297e-05 1
v 0.00249972 0.00769346 9.23802e-09 0.8 0.8 0.8
vn -6.75515e-06 -2.35488e-05 1
v 0.000845543 0.00804506 9.23802e-09 0.8 0.8 0.8
vn -1.71147e-06 -2.44386e-05 1
v -0.000845589 0.00804506 9.23802e-09 0.8 0.8 0.8
vn 3.40701e-06 -2.42604e-05 1
v -0.00249977 0.00769346 9.23802e-09 0.8 0.8 0.8
vn 8.37658e-06 -2.30219e-05 1
v -0.00404469 0.00700561 9.23802e-09 0.8 0.8 0.8
vn 1.29801e-05 -2.07772e-05 1
v -0.00541285 0.00601159 9.23802e-09 0.8 0.8 0.8
vn 1.70163e-05 -1.76245e-05 1
v -0.00654443 0.00475483 9.23802e-09 0.8 0.8 0.8
vn 2.03087e-05 -1.37015e-05 1
v -0.00739 0.00329027 9.23802e-09 0.8 0.8 0.8
vn 2.27137e-05 -9.17966e-06 1
v -0.00791259 0.00168191 9.23802e-09 0.8 0.8 0.8
vn 2.41259e-05 -4.25663e-06 1
v -0.00808936 3.85979e-08 9.23802e-09 0.8 0.8 0.8
vn 2.44837e-05 8.52439e-07 1
v -0.00791259 -0.00168183 9.23802e-09 0.8 0.8 0.8
vn 2.37714e-05 5.92425e-06 1
v -0.00739 -0.00329019 9.23802e-09 0.8 0.8 0.8
vn 2.20202e-05 1.07371e-05 1
v -0.00654443 -0.00475475 9.23802e-09 0.8 0.8 0.8
vn 1.93066e-05 1.50808e-05 1
v -0.00541285 -0.00601151 9.23802e-09 0.8 0.8 0.8
vn 1.57493e-05 1.87653e-05 1
v -0.00404469 -0.00700553 9.23802e-09 0.8 0.8 0.8
vn 1.15036e-05 2.16297e-05 1
v -0.00249977 -0.00769338 9.23802e-09 0.8 0.8 0.8
vn 6.75515e-06 2.35488e-05 1
v -0.000845589 -0.00804498 9.23802e-09 0.8 0.8 0.8
vn 1.71147e-06 2.44386e-05 1
v 0.000845543 -0.00804498 9.23802e-09 0.8 0.8 0.8
vn -3.40701e-06 2.42604e-05 1
v 0.00249972 -0.00769338 9.23802e-09 0.8 0.8 0.8
vn -8.37658e-06 2.30219e-05 1
v 0.00404465 -0.00700553 9.23802e-09 0.8 0.8 0.8
vn -1.29801e-05 2.07772e-05 1
v 0.0054128 -0.00601151 9.23802e-09 0.8 0.8 0.8
vn -1.70163e-05 1.76245e-05 1
v 0.00654439 -0.00475475 9.23802e-09 0.8 0.8 0.8
vn -2.03087e-05 1.37015e-05 1
v 0.00738995 -0.00329019 9.23802e-09 0.8 0.8 0.8
vn -2.27137e-05 9.17966e-06 1
v 0.00791254 -0.00168183 9.23802e-09 0.8 0.8 0.8
vn -2.41259e-05 4.25663e-06 1
v 0.00606698 3.85979e-08 4.69066e-10 0.8 0.8 0.8
vn -2.51046e-06 -9.86069e-08 1
v 0.0059344 0.00126144 4.69066e-10 0.8 0.8 0.8
vn -2.4351e-06 -6.18406e-07 1
v 0.00554246 0.00246771 4.69066e-10 0.8 0.8 0.8
vn -2.25331e-06 -1.11118e-06 1
v 0.00490829 0.00356613 4.69066e-10 0.8 0.8 0.8
vn -1.97304e-06 -1.55539e-06 1
v 0.00405959 0.0045087 4.69066e-10 0.8 0.8 0.8
vn -1.60655e-06 -1.93162e-06 1
v 0.00303348 0.00525422 4.69066e-10 0.8 0.8 0.8
vn -1.16983e-06 -2.22343e-06 1
v 0.00187478 0.0057701 4.69066e-10 0.8 0.8 0.8
vn -6.81994e-07 -2.41806e-06 1
v 0.000634152 0.00603381 4.69066e-10 0.8 0.8 0.8
vn -1.64348e-07 -2.50701e-06 1
v -0.000634197 0.00603381 4.69066e-10 0.8 0.8 0.8
vn 3.60481e-07 -2.4864e-06 1
v -0.00187483 0.0057701 4.69066e-10 0.8 0.8 0.8
vn 8.69556e-07 -2.35712e-06 1
v -0.00303352 0.00525422 4.69066e-10 0.8 0.8 0.8
vn 1.34063e-06 -2.12482e-06 1
v -0.00405964 0.0045087 4.69066e-10 0.8 0.8 0.8
vn 1.7531e-06 -1.79965e-06 1
v -0.00490833 0.00356613 4.69066e-10 0.8 0.8 0.8
vn 2.08896e-06 -1.39584e-06 1
v -0.00554251 0.00246771 4.69066e-10 0.8 0.8 0.8
vn 2.33353e-06 -9.31014e-07 1
v -0.00593445 0.00126144 4.69066e-10 0.8 0.8 0.8
vn 2.4761e-06 -4.25502e-07 1
v -0.00606703 3.85979e-08 4.69066e-10 0.8 0.8 0.8
vn 2.51046e-06 9.86069e-08 1
v -0.00593445 -0.00126136 4.69066e-10 0.8 0.8 0.8
vn 2.4351e-06 6.18406e-07 1
v -0.00554251 -0.00246763 4.69066e-10 0.8 0.8 0.8
vn 2.25331e-06 1.11118e-06 1
v -0.00490833 -0.00356606 4.69066e-10 0.8 0.8 0.8
vn 1.97304e-06 1.55539e-06 1
v -0.00405964 -0.00450862 4.69066e-10 0.8 0.8 0.8
vn 1.60655e-06 1.93162e-06 1
v -0.00303352 -0.00525414 4.69066e-10 0.8 0.8 0.8
vn 1.16983e-06 2.22343e-06 1
v -0.00187483 -0.00577002 4.69066e-10 0.8 0.8 0.8
vn 6.81994e-07 2.41806e-06 1
v -0.000634197 -0.00603373 4.69066e-10 0.8 0.8 0.8
vn 1.64348e-07 2.50701e-06 1
v 0.000634152 -0.00603373 4.69066e-10 0.8 0.8 0.8
vn -3.60481e-07 2.4864e-06 1
v 0.00187478 -0.00577002 4.69066e-10 0.8 0.8 0.8
vn -8.69556e-07 2.35712e-06 1
v 0.00303348 -0.00525414 4.69066e-10 0.8 0.8 0.8
vn -1.34063e-06 2.12482e-06 1
v 0.00405959 -0.00450862 4.69066e-10 0.8 0.8 0.8
vn -1.7531e-06 1.79965e-06 1
v 0.00490829 -0.00356606 4.69066e-10 0.8 0.8 0.8
vn -2.08896e-06 1.39584e-06 1
v 0.00554246 -0.00246763 4.69066e-10 0.8 0.8 0.8
vn -2.33353e-06 9.31014e-07 1
v 0.0059344 -0.00126136 4.69066e-10 0.8 0.8 0.8
vn -2.4761e-06 4.25502e-07 1
v 0.00404465 3.85979e-08 7.03004e-12 0.8 0.8 0.8
vn -1.3472e-07 -5.97278e-09 1
v 0.00395626 0.000840972 7.03004e-12 0.8 0.8 0.8
vn -1.30534e-07 -3.3852e-08 1
v 0.00369497 0.00164515 7.03004e-12 0.8 0.8 0.8
vn -1.20643e-07 -6.02518e-08 1
v 0.00327218 0.00237744 7.03004e-12 0.8 0.8 0.8
vn -1.0548e-07 -8.40183e-08 1
v 0.00270639 0.00300581 7.03004e-12 0.8 0.8 0.8
vn -8.57064e-08 -1.04113e-07 1
v 0.00202231 0.00350282 7.03004e-12 0.8 0.8 0.8
vn -6.21872e-08 -1.19657e-07 1
v 0.00124985 0.00384675 7.03004e-12 0.8 0.8 0.8
vn -3.59502e-08 -1.29972e-07 1
v 0.00042276 0.00402255 7.03004e-12 0.8 0.8 0.8
vn -8.14197e-09 -1.34606e-07 1
v -0.000422806 0.00402255 7.03004e-12 0.8 0.8 0.8
vn 2.00221e-08 -1.33357e-07 1
v -0.00124989 0.00384675 7.03004e-12 0.8 0.8 0.8
vn 4.73111e-08 -1.2628e-07 1
v -0.00202236 0.00350282 7.03004e-12 0.8 0.8 0.8
vn 7.25324e-08 -1.13684e-07 1
v -0.00270643 0.00300581 7.03004e-12 0.8 0.8 0.8
vn 9.45837e-08 -9.61196e-08 1
v -0.00327223 0.00237744 7.03004e-12 0.8 0.8 0.8
vn 1.12501e-07 -7.43541e-08 1
v -0.00369501 0.00164515 7.03004e-12 0.8 0.8 0.8
vn 1.25502e-07 -4.9339e-08 1
v -0.00395631 0.000840972 7.03004e-12 0.8 0.8 0.8
vn 1.33017e-07 -2.21675e-08 1
v -0.00404469 3.85979e-08 7.03004e-12 0.8 0.8 0.8
vn 1.3472e-07 5.97278e-09 1
v -0.00395631 -0.000840895 7.03004e-12 0.8 0.8 0.8
vn 1.30534e-07 3.3852e-08 1
v -0.00369501 -0.00164508 7.03004e-12 0.8 0.8 0.8
vn 1.20643e-07 6.02518e-08 1
v -0.00327223 -0.00237736 7.03004e-12 0.8 0.8 0.8
vn 1.0548e-07 8.40183e-08 1
v -0.00270643 -0.00300574 7.03004e-12 0.8 0.8 0.8
vn 8.57064e-08 1.04113e-07 1
v -0.00202236 -0.00350275 7.03004e-12 0.8 0.8 0.8
vn 6.21872e-08 1.19657e-07 1
v -0.00124989 -0.00384667 7.03004e-12 0.8 0.8 0.8
vn 3.59502e-08 1.29972e-07 1
v -0.000422806 -0.00402247 7.03004e-12 0.8 0.8 0.8
vn 8.14197e-09 1.34606e-07 1
v 0.00042276 -0.00402247 7.03004e-12 0.8 0.8 0.8
vn -2.00221e-08 1.33357e-07 1
v 0.00124985 -0.00384667 7.03004e-12 0.8 0.8 0.8
vn -4.73111e-08 1.2628e-07 1
v 0.00202231 -0.00350275 7.03004e-12 0.8 0.8 0.8
vn -7.25324e-08 1.13684e-07 1
v 0.00270639 -0.00300574 7.03004e-12 0.8 0.8 0.8
vn -9.45837e-08 9.61196e-08 1
v 0.00327218 -0.00237736 7.03004e-12 0.8 0.8 0.8
vn -1.12501e-07 7.43541e-08 1
v 0.00369497 -0.00164508 7.03004e-12 0.8 0.8 0.8
vn -1.25502e-07 4.9339e-08 1
v 0.00395626 -0.000840895 7.03004e-12 0.8 0.8 0.8
vn -1.33017e-07 2.21675e-08 1
v 0.00202231 3.85979e-08 5.32907e-15 0.8 0.8 0.8
vn -2.31659e-09 -1.21695e-10 1
v 0.00197812 0.000420506 5.32907e-15 0.8 0.8 0.8
vn -2.24066e-09 -6.00681e-10 1
v 0.00184747 0.000822596 5.32907e-15 0.8 0.8 0.8
vn -2.06681e-09 -1.05341e-09 1
v 0.00163608 0.00118874 5.32907e-15 0.8 0.8 0.8
vn -1.80263e-09 -1.46011e-09 1
v 0.00135318 0.00150293 5.32907e-15 0.8 0.8 0.8
vn -1.45966e-09 -1.80299e-09 1
v 0.00101114 0.00175143 5.32907e-15 0.8 0.8 0.8
vn -1.0529e-09 -2.06707e-09 1
v 0.000624913 0.00192339 5.32907e-15 0.8 0.8 0.8
vn -6.00125e-10 -2.24081e-09 1
v 0.000211369 0.00201129 5.32907e-15 0.8 0.8 0.8
vn -1.21121e-10 -2.31662e-09 1
v -0.000211414 0.00201129 5.32907e-15 0.8 0.8 0.8
vn 3.63178e-10 -2.29117e-09 1
v -0.000624958 0.00192339 5.32907e-15 0.8 0.8 0.8
vn 8.31603e-10 -2.1656e-09 1
v -0.00101119 0.00175143 5.32907e-15 0.8 0.8 0.8
vn 1.26368e-09 -1.94537e-09 1
v -0.00135323 0.00150293 5.32907e-15 0.8 0.8 0.8
vn 1.64054e-09 -1.64013e-09 1
v -0.00163613 0.00118874 5.32907e-15 0.8 0.8 0.8
vn 1.94569e-09 -1.2632e-09 1
v -0.00184752 0.000822596 5.32907e-15 0.8 0.8 0.8
vn 2.1658e-09 -8.31066e-10 1
v -0.00197816 0.000420506 5.32907e-15 0.8 0.8 0.8
vn 2.29126e-09 -3.62609e-10 1
v -0.00202236 3.85979e-08 5.32907e-15 0.8 0.8 0.8
vn 2.31659e-09 1.21695e-10 1
v -0.00197816 -0.000420428 5.32907e-15 0.8 0.8 0.8
vn 2.24066e-09 6.00681e-10 1
v -0.00184752 -0.000822519 5.32907e-15 0.8 0.8 0.8
vn 2.06681e-09 1.05341e-09 1
v -0.00163613 -0.00118866 5.32907e-15 0.8 0.8 0.8
vn 1.80263e-09 1.46011e-09 1
v -0.00135323 -0.00150285 5.32907e-15 0.8 0.8 0.8
vn 1.45966e-09 1.80299e-09 1
v -0.00101119 -0.00175135 5.32907e-15 0.8 0.8 0.8
vn 1.0529e-09 2.06707e-09 1
v -0.000624958 -0.00192332 5.32907e-15 0.8 0.8 0.8
vn 6.00125e-10 2.24081e-09 1
v -0.000211414 -0.00201122 5.32907e-15 0.8 0.8 0.8
vn 1.21121e-10 2.31662e-09 1
v 0.000211369 -0.00201122 5.32907e-15 0.8 0.8 0.8
vn -3.63178e-10 2.29117e-09 1
v 0.000624913 -0.00192332 5.32907e-15 0.8 0.8 0.8
vn -8.31603e-10 2.1656e-09 1
v 0.00101114 -0.00175135 5.32907e-15 0.8 0.8 0.8
vn -1.26368e-09 1.94537e-09 1
v 0.00135318 -0.00150285 5.32907e-15 0.8 0.8 0.8
vn -1.64054e-09 1.64013e-09 1
v 0.00163608 -0.00118866 5.32907e-15 0.8 0.8 0.8
vn -1.94569e-09 1.2632e-09 1
v 0.00184747 -0.000822519 5.32907e-15 0.8 0.8 0.8
vn -2.1658e-09 8.31066e-10 1
v 0.00197812 -0.000420428 5.32907e-15 0.8 0.8 0.8
vn -2.29126e-09 3.62609e-10 1
v -2.28653e-08 3.85979e-08 0 0.8 0.8 0.8
vn -2.64883e-12 -2.78404e-13 1
v -2.28653e-08 3.85979e-08 0 0.8 0.8 0.8
vn -2.53307e-12 -8.23043e-13 1
v -2.28653e-08 3.85979e-08 0 0.8 0.8 0.8
vn -2.30659e-12 -1.33171e-12 1
v -2.28653e-08 3.85979e-08 0 0.8 0.8 0.8
vn -1.97931e-12 -1.78218e-12 1
v -2.28653e-08 3.85979e-08 0 0.8 0.8 0.8
vn -1.56552e-12 -2.15476e-12 1
v -2.28653e-08 3.85979e-08 0 0.8 0.8 0.8
vn -1.08331e-12 -2.43316e-12 1
v -2.28653e-08 3.85979e-08 0 0.8 0.8 0.8
vn -5.53757e-13 -2.60522e-12 1
v -2.28653e-08 3.85979e-08 0 0.8 0.8 0.8
vn 2.01948e-28 -2.66342e-12 1
v -2.28653e-08 3.85979e-08 0 0.8 0.8 0.8
vn 5.53757e-13 -2.60522e-12 1
v -2.28653e-08 3.85979e-08 0 0.8 0.8 0.8
vn 1.08331e-12 -2.43316e-12 1
v -2.28653e-08 3.85979e-08 0 0.8 0.8 0.8
vn 1.56552e-12 -2.15476e-12 1
v -2.28653e-08 3.85979e-08 0 0.8 0.8 0.8
vn 1.97931e-12 -1.78218e-12 1
v -2.28653e-08 3.85979e-08 0 0.8 0.8 0.8
vn 2.30659e-12 -1.33171e-12 1
v -2.28653e-08 3.85979e-08 0 0.8 0.8 0.8
vn 2.53307e-12 -8.23043e-13 1
v -2.28653e-08 3.85979e-08 0 0.8 0.8 0.8
vn 2.64883e-12 -2.78404e-13 1
v -2.28653e-08 3.85979e-08 0 0.8 0.8 0.8
vn 2.64883e-12 2.78404e-13 1
v -2.28653e-08 3.85979e-08 0 0.8 0.8 0.8
vn 2.53307e-12 8.23043e-13 1
v -2.28653e-08 3.85979e-08 0 0.8 0.8 0.8
vn 2.30659e-12 1.33171e-12 1
v -2.28653e-08 3.85979e-08 0 0.8 0.8 0.8
vn 1.97931e-12 1.78218e-12 1
v -2.28653e-08 3.85979e-08 0 0.8 0.8 0.8
vn 1.56552e-12 2.15476e-12 1
v -2.28653e-08 3.85979e-08 0 0.8 0.8 0.8
vn 1.08331e-12 2.43316e-12 1
v -2.28653e-08 3.85979e-08 0 0.8 0.8 0.8
vn 5.53757e-13 2.60522e-12 1
v -2.28653e-08 3.85979e-08 0 0.8 0.8 0.8
vn -2.01948e-28 2.66342e-12 1
v -2.28653e-08 3.85979e-08 0 0.8 0.8 0.8
vn -5.53757e-13 2.60522e-12 1
v -2.28653e-08 3.85979e-08 0 0.8 0.8 0.8
vn -1.08331e-12 2.43316e-12 1
v -2.28653e-08 3.85979e-08 0 0.8 0.8 0.8
vn -1.56552e-12 2.15476e-12 1
v -2.28653e-08 3.85979e-08 0 0.8 0.8 0.8
vn -1.97931e-12 1.78218e-12 1
v -2.28653e-08 3.85979e-08 0 0.8 0.8 0.8
vn -2.30659e-12 1.33171e-12 1
v -2.28653e-08 3.85979e-08 0 0.8 0.8 0.8
vn -2.53307e-12 8.23043e-13 1
v -2.28653e-08 3.85979e-08 0 0.8 0.8 0.8
vn -2.64883e-12 2.78404e-13 1
v 0.0496382 3.85979e-08 0.160987 0.8 0.8 0.8
vn 0.999449 -0.0328762 0.00456524
v 0.0485535 0.0103204 0.160987 0.8 0.8 0.8
vn 0.984444 0.175639 0.00456524
v 0.0453468 0.0201897 0.160987 0.8 0.8 0.8
vn 0.926414 0.376479 0.00456524
v 0.0401582 0.0291767 0.160987 0.8 0.8 0.8
vn 0.827895 0.560864 0.00456524
v 0.0332144 0.0368884 0.160987 0.8 0.8 0.8
vn 0.693194 0.720737 0.00456524
v 0.0248191 0.042988 0.160987 0.8 0.8 0.8
vn 0.528196 0.84911 0.00456524
v 0.015339 0.0472088 0.160987 0.8 0.8 0.8
vn 0.340114 0.940373 0.00456524
v 0.00518859 0.0493663 0.160987 0.8 0.8 0.8
vn 0.137167 0.990537 0.00456524
v -0.00518863 0.0493663 0.160987 0.8 0.8 0.8
vn -0.0717748 0.99741 0.00456524
v -0.0153391 0.0472088 0.160987 0.8 0.8 0.8
vn -0.27758 0.960692 0.00456524
v -0.0248191 0.042988 0.160987 0.8 0.8 0.8
vn -0.471253 0.881986 0.00456524
v -0.0332145 0.0368884 0.160987 0.8 0.8 0.8
vn -0.64433 0.764734 0.00456524
v -0.0401582 0.0291767 0.160987 0.8 0.8 0.8
vn -0.789247 0.614059 0.00456524
v -0.0453468 0.0201897 0.160987 0.8 0.8 0.8
vn -0.89967 0.436546 0.00456524
v -0.0485535 0.0103204 0.160987 0.8 0.8 0.8
vn -0.970773 0.239955 0.00456524
v -0.0496383 3.85979e-08 0.160987 0.8 0.8 0.8
vn -0.999449 0.0328762 0.00456524
v -0.0485535 -0.0103203 0.160987 0.8 0.8 0.8
vn -0.984444 -0.175639 0.00456524
v -0.0453468 -0.0201897 0.160987 0.8 0.8 0.8
vn -0.926414 -0.376479 0.00456524
v -0.0401582 -0.0291766 0.160987 0.8 0.8 0.8
vn -0.827895 -0.560864 0.00456524
v -0.0332145 -0.0368884 0.160987 0.8 0.8 0.8
vn -0.693194 -0.720737 0.00456524
v -0.0248191 -0.0429879 0.160987 0.8 0.8 0.8
vn -0.528196 -0.84911 0.00456524
v -0.0153391 -0.0472087 0.160987 0.8 0.8 0.8
vn -0.340114 -0.940373 0.00456524
v -0.00518863 -0.0493663 0.160987 0.8 0.8 0.8
vn -0.137167 -0.990537 0.00456524
v 0.00518859 -0.0493663 0.160987 0.8 0.8 0.8
vn 0.0717748 -0.99741 0.00456524
v 0.015339 -0.0472087 0.160987 0.8 0.8 0.8
vn 0.27758 -0.960692 0.00456524
v 0.0248191 -0.0429879 0.160987 0.8 0.8 0.8
vn 0.471253 -0.881986 0.00456524
v 0.0332144 -0.0368884 0.160987 0.8 0.8 0.8
vn 0.64433 -0.764734 0.00456524
v 0.0401582 -0.0291766 0.160987 0.8 0.8 0.8
vn 0.789247 -0.614059 0.00456524
v 0.0453468 -0.0201897 0.160987 0.8 0.8 0.8
vn 0.89967 -0.436546 0.00456524
v 0.0485535 -0.0103203 0.160987 0.8 0.8 0.8
vn 0.970773 -0.239955 0.00456524
v 0.0452241 3.85979e-08 0.0946263 0.8 0.8 0.8
vn 0.997228 0.0114449 -0.0735267
v 0.0442359 0.00940267 0.0946263 0.8 0.8 0.8
vn 0.973056 0.21853 -0.0735267
v 0.0413143 0.0183944 0.0946263 0.8 0.8 0.8
vn 0.906358 0.416064 -0.0735267
v 0.0365871 0.0265821 0.0946263 0.8 0.8 0.8
vn 0.800047 0.595415 -0.0735267
v 0.0302608 0.0336081 0.0946263 0.8 0.8 0.8
vn 0.65877 0.748743 -0.0735267
v 0.0226121 0.0391653 0.0946263 0.8 0.8 0.8
vn 0.488702 0.869347 -0.0735267
v 0.013975 0.0430108 0.0946263 0.8 0.8 0.8
vn 0.297276 0.951956 -0.0735267
v 0.00472719 0.0449765 0.0946263 0.8 0.8 0.8
vn 0.0928565 0.992961 -0.0735267
v -0.00472723 0.0449765 0.0946263 0.8 0.8 0.8
vn -0.115621 0.990568 -0.0735267
v -0.0139751 0.0430108 0.0946263 0.8 0.8 0.8
vn -0.319045 0.944883 -0.0735267
v -0.0226121 0.0391653 0.0946263 0.8 0.8 0.8
vn -0.508525 0.857902 -0.0735267
v -0.0302609 0.0336081 0.0946263 0.8 0.8 0.8
vn -0.675781 0.733426 -0.0735267
v -0.0365871 0.0265821 0.0946263 0.8 0.8 0.8
vn -0.813501 0.576897 -0.0735267
v -0.0413143 0.0183944 0.0946263 0.8 0.8 0.8
vn -0.915668 0.395154 -0.0735267
v -0.0442359 0.00940267 0.0946263 0.8 0.8 0.8
vn -0.977815 0.19614 -0.0735267
v -0.0452242 3.85979e-08 0.0946263 0.8 0.8 0.8
vn -0.997228 -0.0114449 -0.0735267
v -0.0442359 -0.00940259 0.0946263 0.8 0.8 0.8
vn -0.973056 -0.21853 -0.0735267
v -0.0413143 -0.0183943 0.0946263 0.8 0.8 0.8
vn -0.906358 -0.416064 -0.0735267
v -0.0365871 -0.0265821 0.0946263 0.8 0.8 0.8
vn -0.800047 -0.595415 -0.0735267
v -0.0302609 -0.0336081 0.0946263 0.8 0.8 0.8
vn -0.65877 -0.748743 -0.0735267
v -0.0226121 -0.0391652 0.0946263 0.8 0.8 0.8
vn -0.488702 -0.869347 -0.0735267
v -0.0139751 -0.0430107 0.0946263 0.8 0.8 0.8
vn -0.297276 -0.951956 -0.0735267
v -0.00472723 -0.0449764 0.0946263 0.8 0.8 0.8
vn -0.0928565 -0.992961 -0.0735267
v 0.00472719 -0.0449764 0.0946263 0.8 0.8 0.8
vn 0.115621 -0.990568 -0.0735267
v 0.013975 -0.0430107 0.0946263 0.8 0.8 0.8
vn 0.319045 -0.944883 -0.0735267
v 0.0226121 -0.0391652 0.0946263 0.8 0.8 0.8
vn 0.508525 -0.857902 -0.0735267
v 0.0302608 -0.0336081 0.0946263 0.8 0.8 0.8
vn 0.675781 -0.733426 -0.0735267
v 0.0365871 -0.0265821 0.0946263 0.8 0.8 0.8
vn 0.813501 -0.576897 -0.0735267
v 0.0413143 -0.0183943 0.0946263 0.8 0.8 0.8
vn 0.915668 -0.395154 -0.0735267
v 0.0442359 -0.00940259 0.0946263 0.8 0.8 0.8
vn 0.977815 -0.19614 -0.0735267
v 0.0417245 3.85979e-08 0.0540445 0.8 0.8 0.8
vn 0.995053 0.0115002 -0.0986734
v 0.0408127 0.00867506 0.0540445 0.8 0.8 0.8
vn 0.970918 0.218132 -0.0986734
v 0.0381172 0.0169709 0.0540445 0.8 0.8 0.8
vn 0.904349 0.415231 -0.0986734
v 0.0337558 0.0245251 0.0540445 0.8 0.8 0.8
vn 0.798255 0.594182 -0.0986734
v 0.0279191 0.0310074 0.0540445 0.8 0.8 0.8
vn 0.657274 0.747164 -0.0986734
v 0.0208623 0.0361346 0.0540445 0.8 0.8 0.8
vn 0.487567 0.867492 -0.0986734
v 0.0128936 0.0396824 0.0540445 0.8 0.8 0.8
vn 0.296551 0.949906 -0.0986734
v 0.00436138 0.041496 0.0540445 0.8 0.8 0.8
vn 0.0925742 0.990805 -0.0986734
v -0.00436143 0.041496 0.0540445 0.8 0.8 0.8
vn -0.115449 0.9884 -0.0986734
v -0.0128936 0.0396824 0.0540445 0.8 0.8 0.8
vn -0.318426 0.942798 -0.0986734
v -0.0208623 0.0361346 0.0540445 0.8 0.8 0.8
vn -0.507486 0.855991 -0.0986734
v -0.0279192 0.0310074 0.0540445 0.8 0.8 0.8
vn -0.674367 0.731774 -0.0986734
v -0.0337559 0.0245251 0.0540445 0.8 0.8 0.8
vn -0.811775 0.575574 -0.0986734
v -0.0381173 0.0169709 0.0540445 0.8 0.8 0.8
vn -0.913704 0.394219 -0.0986734
v -0.0408128 0.00867506 0.0540445 0.8 0.8 0.8
vn -0.9757 0.195634 -0.0986734
v -0.0417246 3.85979e-08 0.0540445 0.8 0.8 0.8
vn -0.995053 -0.0115002 -0.0986734
v -0.0408128 -0.00867498 0.0540445 0.8 0.8 0.8
vn -0.970918 -0.218132 -0.0986734
v -0.0381173 -0.0169709 0.0540445 0.8 0.8 0.8
vn -0.904349 -0.415231 -0.0986734
v -0.0337559 -0.024525 0.0540445 0.8 0.8 0.8
vn -0.798255 -0.594182 -0.0986734
v -0.0279192 -0.0310073 0.0540445 0.8 0.8 0.8
vn -0.657274 -0.747164 -0.0986734
v -0.0208623 -0.0361345 0.0540445 0.8 0.8 0.8
vn -0.487567 -0.867492 -0.0986734
v -0.0128936 -0.0396824 0.0540445 0.8 0.8 0.8
vn -0.296551 -0.949906 -0.0986734
v -0.00436143 -0.0414959 0.0540445 0.8 0.8 0.8
vn -0.0925742 -0.990805 -0.0986734
v 0.00436138 -0.0414959 0.0540445 0.8 0.8 0.8
vn 0.115449 -0.9884 -0.0986734
v 0.0128936 -0.0396824 0.0540445 0.8 0.8 0.8
vn 0.318426 -0.942798 -0.0986734
v 0.0208623 -0.0361345 0.0540445 0.8 0.8 0.8
vn 0.507486 -0.855991 -0.0986734
v 0.0279191 -0.0310073 0.0540445 0.8 0.8 0.8
vn 0.674367 -0.731774 -0.0986734
v 0.0337558 -0.024525 0.0540445 0.8 0.8 0.8
vn 0.811775 -0.575574 -0.0986734
v 0.0381172 -0.0169709 0.0540445 0.8 0.8 0.8
vn 0.913704 -0.394219 -0.0986734
v 0.0408127 -0.00867498 0.0540445 0.8 0.8 0.8
vn 0.9757 -0.195634 -0.0986734
v 0.0387773 3.85979e-08 0.029894 0.8 0.8 0.8
vn 0.989513 0.011728 -0.14397
v 0.03793 0.00806231 0.029894 0.8 0.8 0.8
vn 0.965451 0.217203 -0.14397
v 0.0354249 0.0157722 0.029894 0.8 0.8 0.8
vn 0.899195 0.413185 -0.14397
v 0.0313715 0.0227928 0.029894 0.8 0.8 0.8
vn 0.793639 0.591109 -0.14397
v 0.0259471 0.0288172 0.029894 0.8 0.8 0.8
vn 0.653398 0.743199 -0.14397
v 0.0193887 0.0335822 0.029894 0.8 0.8 0.8
vn 0.4846 0.862807 -0.14397
v 0.0119828 0.0368795 0.029894 0.8 0.8 0.8
vn 0.294622 0.944707 -0.14397
v 0.00405332 0.038565 0.029894 0.8 0.8 0.8
vn 0.0917685 0.985318 -0.14397
v -0.00405336 0.038565 0.029894 0.8 0.8 0.8
vn -0.115096 0.982866 -0.14397
v -0.0119829 0.0368795 0.029894 0.8 0.8 0.8
vn -0.31693 0.937458 -0.14397
v -0.0193887 0.0335822 0.029894 0.8 0.8 0.8
vn -0.504913 0.851079 -0.14397
v -0.0259471 0.0288172 0.029894 0.8 0.8 0.8
vn -0.670829 0.727504 -0.14397
v -0.0313716 0.0227928 0.029894 0.8 0.8 0.8
vn -0.807426 0.572133 -0.14397
v -0.0354249 0.0157722 0.029894 0.8 0.8 0.8
vn -0.908735 0.391757 -0.14397
v -0.03793 0.00806231 0.029894 0.8 0.8 0.8
vn -0.970328 0.19426 -0.14397
v -0.0387774 3.85979e-08 0.029894 0.8 0.8 0.8
vn -0.989513 -0.011728 -0.14397
v -0.03793 -0.00806223 0.029894 0.8 0.8 0.8
vn -0.965451 -0.217203 -0.14397
v -0.0354249 -0.0157721 0.029894 0.8 0.8 0.8
vn -0.899195 -0.413185 -0.14397
v -0.0313716 -0.0227927 0.029894 0.8 0.8 0.8
vn -0.793639 -0.591109 -0.14397
v -0.0259471 -0.0288172 0.029894 0.8 0.8 0.8
vn -0.653398 -0.743199 -0.14397
v -0.0193887 -0.0335821 0.029894 0.8 0.8 0.8
vn -0.4846 -0.862807 -0.14397
v -0.0119829 -0.0368794 0.029894 0.8 0.8 0.8
vn -0.294622 -0.944707 -0.14397
v -0.00405336 -0.0385649 0.029894 0.8 0.8 0.8
vn -0.0917685 -0.985318 -0.14397
v 0.00405332 -0.0385649 0.029894 0.8 0.8 0.8
vn 0.115096 -0.982866 -0.14397
v 0.0119828 -0.0368794 0.029894 0.8 0.8 0.8
vn 0.31693 -0.937458 -0.14397
v 0.0193887 -0.0335821 0.029894 0.8 0.8 0.8
vn 0.504913 -0.851079 -0.14397
v 0.0259471 -0.0288172 0.029894 0.8 0.8 0.8
vn 0.670829 -0.727504 -0.14397
v 0.0313715 -0.0227927 0.029894 0.8 0.8 0.8
vn 0.807426 -0.572133 -0.14397
v 0.0354249 -0.0157721 0.029894 0.8 0.8 0.8
vn 0.908735 -0.391757 -0.14397
v 0.03793 -0.00806223 0.029894 0.8 0.8 0.8
vn 0.970328 -0.19426 -0.14397
v 0.0361545 3.85979e-08 0.0159522 0.8 0.8 0.8
vn 0.974123 0.012009 -0.225697
v 0.0353644 0.00751698 0.0159522 0.8 0.8 0.8
vn 0.95034 0.214278 -0.225697
v 0.0330288 0.0147054 0.0159522 0.8 0.8 0.8
vn 0.885022 0.407182 -0.225697
v 0.0292496 0.0212511 0.0159522 0.8 0.8 0.8
vn 0.781024 0.582291 -0.225697
v 0.0241921 0.0268681 0.0159522 0.8 0.8 0.8
vn 0.642891 0.73195 -0.225697
v 0.0180772 0.0313108 0.0159522 0.8 0.8 0.8
vn 0.476662 0.84962 -0.225697
v 0.0111723 0.034385 0.0159522 0.8 0.8 0.8
vn 0.289599 0.930157 -0.225697
v 0.00377915 0.0359565 0.0159522 0.8 0.8 0.8
vn 0.0898804 0.970042 -0.225697
v -0.0037792 0.0359565 0.0159522 0.8 0.8 0.8
vn -0.113767 0.967532 -0.225697
v -0.0111724 0.034385 0.0159522 0.8 0.8 0.8
vn -0.312442 0.922735 -0.225697
v -0.0180773 0.0313108 0.0159522 0.8 0.8 0.8
vn -0.497462 0.837611 -0.225697
v -0.0241921 0.0268681 0.0159522 0.8 0.8 0.8
vn -0.66074 0.715879 -0.225697
v -0.0292496 0.0212511 0.0159522 0.8 0.8 0.8
vn -0.795141 0.56286 -0.225697
v -0.0330288 0.0147054 0.0159522 0.8 0.8 0.8
vn -0.894791 0.385241 -0.225697
v -0.0353645 0.00751698 0.0159522 0.8 0.8 0.8
vn -0.955333 0.190785 -0.225697
v -0.0361545 3.85979e-08 0.0159522 0.8 0.8 0.8
vn -0.974123 -0.012009 -0.225697
v -0.0353645 -0.00751691 0.0159522 0.8 0.8 0.8
vn -0.95034 -0.214278 -0.225697
v -0.0330288 -0.0147053 0.0159522 0.8 0.8 0.8
vn -0.885022 -0.407182 -0.225697
v -0.0292496 -0.021251 0.0159522 0.8 0.8 0.8
vn -0.781024 -0.582291 -0.225697
v -0.0241921 -0.026868 0.0159522 0.8 0.8 0.8
vn -0.642891 -0.73195 -0.225697
v -0.0180773 -0.0313107 0.0159522 0.8 0.8 0.8
vn -0.476662 -0.84962 -0.225697
v -0.0111724 -0.0343849 0.0159522 0.8 0.8 0.8
vn -0.289599 -0.930157 -0.225697
v -0.0037792 -0.0359564 0.0159522 0.8 0.8 0.8
vn -0.0898804 -0.970042 -0.225697
v 0.00377915 -0.0359564 0.0159522 0.8 0.8 0.8
vn 0.113767 -0.967532 -0.225697
v 0.0111723 -0.0343849 0.0159522 0.8 0.8 0.8
vn 0.312442 -0.922735 -0.225697
v 0.0180772 -0.0313107 0.0159522 0.8 0.8 0.8
vn 0.497462 -0.837611 -0.225697
v 0.0241921 -0.026868 0.0159522 0.8 0.8 0.8
vn 0.66074 -0.715879 -0.225697
v 0.0292496 -0.021251 0.0159522 0.8 0.8 0.8
vn 0.795141 -0.56286 -0.225697
v 0.0330288 -0.0147053 0.0159522 0.8 0.8 0.8
vn 0.894791 -0.385241 -0.225697
v 0.0353644 -0.00751691 0.0159522 0.8 0.8 0.8
vn 0.955333 -0.190785 -0.225697
v 0.033716 3.85979e-08 0.00817424 0.8 0.8 0.8
vn 0.929387 0.0120456 -0.368909
v 0.0329793 0.00701 0.00817424 0.8 0.8 0.8
vn 0.906574 0.205013 -0.368909
v 0.0308011 0.0137136 0.00817424 0.8 0.8 0.8
vn 0.844138 0.38902 -0.368909
v 0.0272768 0.0198178 0.00817424 0.8 0.8 0.8
vn 0.74481 0.556025 -0.368909
v 0.0225604 0.025056 0.00817424 0.8 0.8 0.8
vn 0.61293 0.698729 -0.368909
v 0.016858 0.029199 0.00817424 0.8 0.8 0.8
vn 0.454262 0.810896 -0.368909
v 0.0104188 0.0320659 0.00817424 0.8 0.8 0.8
vn 0.27574 0.887622 -0.368909
v 0.00352427 0.0335314 0.00817424 0.8 0.8 0.8
vn 0.0851678 0.925555 -0.368909
v -0.00352431 0.0335314 0.00817424 0.8 0.8 0.8
vn -0.109127 0.923037 -0.368909
v -0.0104189 0.0320659 0.00817424 0.8 0.8 0.8
vn -0.298653 0.880178 -0.368909
v -0.0168581 0.029199 0.00817424 0.8 0.8 0.8
vn -0.475125 0.79885 -0.368909
v -0.0225605 0.025056 0.00817424 0.8 0.8 0.8
vn -0.630833 0.682609 -0.368909
v -0.0272769 0.0198178 0.00817424 0.8 0.8 0.8
vn -0.75897 0.536535 -0.368909
v -0.0308012 0.0137136 0.00817424 0.8 0.8 0.8
vn -0.853937 0.367012 -0.368909
v -0.0329793 0.00701 0.00817424 0.8 0.8 0.8
vn -0.911582 0.181448 -0.368909
v -0.0337161 3.85979e-08 0.00817424 0.8 0.8 0.8
vn -0.929387 -0.0120456 -0.368909
v -0.0329793 -0.00700993 0.00817424 0.8 0.8 0.8
vn -0.906574 -0.205013 -0.368909
v -0.0308012 -0.0137135 0.00817424 0.8 0.8 0.8
vn -0.844138 -0.38902 -0.368909
v -0.0272769 -0.0198178 0.00817424 0.8 0.8 0.8
vn -0.74481 -0.556025 -0.368909
v -0.0225605 -0.0250559 0.00817424 0.8 0.8 0.8
vn -0.61293 -0.698729 -0.368909
v -0.0168581 -0.0291989 0.00817424 0.8 0.8 0.8
vn -0.454262 -0.810896 -0.368909
v -0.0104189 -0.0320658 0.00817424 0.8 0.8 0.8
vn -0.27574 -0.887622 -0.368909
v -0.00352431 -0.0335313 0.00817424 0.8 0.8 0.8
vn -0.0851678 -0.925555 -0.368909
v 0.00352427 -0.0335313 0.00817424 0.8 0.8 0.8
vn 0.109127 -0.923037 -0.368909
v 0.0104188 -0.0320658 0.00817424 0.8 0.8 0.8
vn 0.298653 -0.880178 -0.368909
v 0.016858 -0.0291989 0.00817424 0.8 0.8 0.8
vn 0.475125 -0.79885 -0.368909
v 0.0225604 -0.0250559 0.00817424 0.8 0.8 0.8
vn 0.630833 -0.682609 -0.368909
v 0.0272768 -0.0198178 0.00817424 0.8 0.8 0.8
vn 0.75897 -0.536535 -0.368909
v 0.0308011 -0.0137135 0.00817424 0.8 0.8 0.8
vn 0.853937 -0.367012 -0.368909
v 0.0329793 -0.00700993 0.00817424 0.8 0.8 0.8
vn 0.911582 -0.181448 -0.368909
v 0.0313787 3.85979e-08 0.00399975 0.8 0.8 0.8
vn 0.809205 0.0111172 -0.587421
v 0.030693 0.00652405 0.00399975 0.8 0.8 0.8
vn 0.789211 0.179118 -0.587421
v 0.0286659 0.0127629 0.00399975 0.8 0.8 0.8
vn 0.734724 0.339289 -0.587421
v 0.0253859 0.018444 0.00399975 0.8 0.8 0.8
vn 0.648126 0.484633 -0.587421
v 0.0209965 0.023319 0.00399975 0.8 0.8 0.8
vn 0.533202 0.608796 -0.587421
v 0.0156894 0.0271749 0.00399975 0.8 0.8 0.8
vn 0.394975 0.706351 -0.587421
v 0.00969655 0.029843 0.00399975 0.8 0.8 0.8
vn 0.239485 0.773035 -0.587421
v 0.00327995 0.0312069 0.00399975 0.8 0.8 0.8
vn 0.0735286 0.805934 -0.587421
v -0.00328 0.0312069 0.00399975 0.8 0.8 0.8
vn -0.0956413 0.80361 -0.587421
v -0.0096966 0.029843 0.00399975 0.8 0.8 0.8
vn -0.260631 0.766164 -0.587421
v -0.0156894 0.0271749 0.00399975 0.8 0.8 0.8
vn -0.41423 0.695234 -0.587421
v -0.0209965 0.023319 0.00399975 0.8 0.8 0.8
vn -0.549726 0.593918 -0.587421
v -0.025386 0.018444 0.00399975 0.8 0.8 0.8
vn -0.661195 0.466645 -0.587421
v -0.028666 0.0127629 0.00399975 0.8 0.8 0.8
vn -0.743768 0.318977 -0.587421
v -0.0306931 0.00652405 0.00399975 0.8 0.8 0.8
vn -0.793834 0.157369 -0.587421
v -0.0313788 3.85979e-08 0.00399975 0.8 0.8 0.8
vn -0.809205 -0.0111172 -0.587421
v -0.0306931 -0.00652397 0.00399975 0.8 0.8 0.8
vn -0.789211 -0.179118 -0.587421
v -0.028666 -0.0127629 0.00399975 0.8 0.8 0.8
vn -0.734724 -0.339289 -0.587421
v -0.025386 -0.0184439 0.00399975 0.8 0.8 0.8
vn -0.648126 -0.484633 -0.587421
v -0.0209965 -0.0233189 0.00399975 0.8 0.8 0.8
vn -0.533202 -0.608796 -0.587421
v -0.0156894 -0.0271748 0.00399975 0.8 0.8 0.8
vn -0.394975 -0.706351 -0.587421
v -0.0096966 -0.0298429 0.00399975 0.8 0.8 0.8
vn -0.239485 -0.773035 -0.587421
v -0.00328 -0.0312068 0.00399975 0.8 0.8 0.8
vn -0.0735286 -0.805934 -0.587421
v 0.00327995 -0.0312068 0.00399975 0.8 0.8 0.8
vn 0.0956413 -0.80361 -0.587421
v 0.00969655 -0.0298429 0.00399975 0.8 0.8 0.8
vn 0.260631 -0.766164 -0.587421
v 0.0156894 -0.0271748 0.00399975 0.8 0.8 0.8
vn 0.41423 -0.695234 -0.587421
v 0.0209965 -0.0233189 0.00399975 0.8 0.8 0.8
vn 0.549726 -0.593918 -0.587421
v 0.0253859 -0.0184439 0.00399975 0.8 0.8 0.8
vn 0.661195 -0.466645 -0.587421
v 0.0286659 -0.0127629 0.00399975 0.8 0.8 0.8
vn 0.743768 -0.318977 -0.587421
v 0.030693 -0.00652397 0.00399975 0.8 0.8 0.8
vn 0.793834 -0.157369 -0.587421
v 0.0290947 3.85979e-08 0.00185612 0.8 0.8 0.8
vn 0.578121 0.00847567 -0.815907
v 0.0284589 0.00604917 0.00185612 0.8 0.8 0.8
vn 0.563726 0.128489 -0.815907
v 0.0265793 0.0118339 0.00185612 0.8 0.8 0.8
vn 0.524693 0.242886 -0.815907
v 0.0235381 0.0171015 0.00185612 0.8 0.8 0.8
vn 0.462728 0.346668 -0.815907
v 0.0194681 0.0216216 0.00185612 0.8 0.8 0.8
vn 0.38054 0.435299 -0.815907
v 0.0145473 0.0251968 0.00185612 0.8 0.8 0.8
vn 0.281721 0.504906 -0.815907
v 0.00899074 0.0276708 0.00185612 0.8 0.8 0.8
vn 0.170589 0.552445 -0.815907
v 0.0030412 0.0289354 0.00185612 0.8 0.8 0.8
vn 0.0520009 0.57584 -0.815907
v -0.00304125 0.0289354 0.00185612 0.8 0.8 0.8
vn -0.0688594 0.574069 -0.815907
v -0.00899079 0.0276708 0.00185612 0.8 0.8 0.8
vn -0.18671 0.547207 -0.815907
v -0.0145474 0.0251968 0.00185612 0.8 0.8 0.8
vn -0.296401 0.49643 -0.815907
v -0.0194682 0.0216216 0.00185612 0.8 0.8 0.8
vn -0.393137 0.423957 -0.815907
v -0.0235382 0.0171015 0.00185612 0.8 0.8 0.8
vn -0.472692 0.332954 -0.815907
v -0.0265794 0.0118339 0.00185612 0.8 0.8 0.8
vn -0.531588 0.2274 -0.815907
v -0.028459 0.00604917 0.00185612 0.8 0.8 0.8
vn -0.56725 0.111908 -0.815907
v -0.0290947 3.85979e-08 0.00185612 0.8 0.8 0.8
vn -0.578121 -0.00847567 -0.815907
v -0.028459 -0.00604909 0.00185612 0.8 0.8 0.8
vn -0.563726 -0.128489 -0.815907
v -0.0265794 -0.0118339 0.00185612 0.8 0.8 0.8
vn -0.524693 -0.242886 -0.815907
v -0.0235382 -0.0171014 0.00185612 0.8 0.8 0.8
vn -0.462728 -0.346668 -0.815907
v -0.0194682 -0.0216216 0.00185612 0.8 0.8 0.8
vn -0.38054 -0.435299 -0.815907
v -0.0145474 -0.0251967 0.00185612 0.8 0.8 0.8
vn -0.281721 -0.504906 -0.815907
v -0.00899079 -0.0276707 0.00185612 0.8 0.8 0.8
vn -0.170589 -0.552445 -0.815907
v -0.00304125 -0.0289353 0.00185612 0.8 0.8 0.8
vn -0.0520009 -0.57584 -0.815907
v 0.0030412 -0.0289353 0.00185612 0.8 0.8 0.8
vn 0.0688594 -0.574069 -0.815907
v 0.00899074 -0.0276707 0.00185612 0.8 0.8 0.8
vn 0.18671 -0.547207 -0.815907
v 0.0145473 -0.0251967 0.00185612 0.8 0.8 0.8
vn 0.296401 -0.49643 -0.815907
v 0.0194681 -0.0216216 0.00185612 0.8 0.8 0.8
vn 0.393137 -0.423957 -0.815907
v 0.0235381 -0.0171014 0.00185612 0.8 0.8 0.8
vn 0.472692 -0.332954 -0.815907
v 0.0265793 -0.0118339 0.00185612 0.8 0.8 0.8
vn 0.531588 -0.2274 -0.815907
v 0.0284589 -0.00604909 0.00185612 0.8 0.8 0.8
vn 0.56725 -0.111908 -0.815907
v 0.0268374 3.85979e-08 0.000809983 0.8 0.8 0.8
vn 0.324217 0.0051026 -0.945969
v 0.0262509 0.00557985 0.000809983 0.8 0.8 0.8
vn 0.316071 0.0723995 -0.945969
v 0.0245172 0.0109158 0.000809983 0.8 0.8 0.8
vn 0.294111 0.136532 -0.945969
v 0.0217119 0.0157747 0.000809983 0.8 0.8 0.8
vn 0.259298 0.194698 -0.945969
v 0.0179577 0.0199441 0.000809983 0.8 0.8 0.8
vn 0.213151 0.244354 -0.945969
v 0.0134187 0.0232419 0.000809983 0.8 0.8 0.8
vn 0.157689 0.283331 -0.945969
v 0.0082932 0.025524 0.000809983 0.8 0.8 0.8
vn 0.0953356 0.309925 -0.945969
v 0.00280525 0.0266905 0.000809983 0.8 0.8 0.8
vn 0.0288152 0.322974 -0.945969
v -0.0028053 0.0266905 0.000809983 0.8 0.8 0.8
vn -0.0389645 0.321907 -0.945969
v -0.00829325 0.025524 0.000809983 0.8 0.8 0.8
vn -0.105041 0.306772 -0.945969
v -0.0134187 0.0232419 0.000809983 0.8 0.8 0.8
vn -0.166527 0.278229 -0.945969
v -0.0179578 0.0199441 0.000809983 0.8 0.8 0.8
vn -0.220735 0.237526 -0.945969
v -0.021712 0.0157747 0.000809983 0.8 0.8 0.8
vn -0.265296 0.186442 -0.945969
v -0.0245172 0.0109158 0.000809983 0.8 0.8 0.8
vn -0.298262 0.127209 -0.945969
v -0.026251 0.00557985 0.000809983 0.8 0.8 0.8
vn -0.318193 0.0624173 -0.945969
v -0.0268375 3.85979e-08 0.000809983 0.8 0.8 0.8
vn -0.324217 -0.0051026 -0.945969
v -0.026251 -0.00557978 0.000809983 0.8 0.8 0.8
vn -0.316071 -0.0723995 -0.945969
v -0.0245172 -0.0109157 0.000809983 0.8 0.8 0.8
vn -0.294111 -0.136532 -0.945969
v -0.021712 -0.0157746 0.000809983 0.8 0.8 0.8
vn -0.259298 -0.194698 -0.945969
v -0.0179578 -0.0199441 0.000809983 0.8 0.8 0.8
vn -0.213151 -0.244354 -0.945969
v -0.0134187 -0.0232419 0.000809983 0.8 0.8 0.8
vn -0.157689 -0.283331 -0.945969
v -0.00829325 -0.0255239 0.000809983 0.8 0.8 0.8
vn -0.0953356 -0.309925 -0.945969
v -0.0028053 -0.0266904 0.000809983 0.8 0.8 0.8
vn -0.0288152 -0.322974 -0.945969
v 0.00280525 -0.0266904 0.000809983 0.8 0.8 0.8
vn 0.0389645 -0.321907 -0.945969
v 0.0082932 -0.0255239 0.000809983 0.8 0.8 0.8
vn 0.105041 -0.306772 -0.945969
v 0.0134187 -0.0232419 0.000809983 0.8 0.8 0.8
vn 0.166527 -0.278229 -0.945969
v 0.0179577 -0.0199441 0.000809983 0.8 0.8 0.8
vn 0.220735 -0.237526 -0.945969
v 0.0217119 -0.0157746 0.000809983 0.8 0.8 0.8
vn 0.265296 -0.186442 -0.945969
v 0.0245172 -0.0109157 0.000809983 0.8 0.8 0.8
vn 0.298262 -0.127209 -0.945969
v 0.0262509 -0.00557978 0.000809983 0.8 0.8 0.8
vn 0.318193 -0.0624173 -0.945969
v 0.0245928 3.85979e-08 0.000328846 0.8 0.8 0.8
vn 0.153356 0.00260589 -0.988168
v 0.0240554 0.00511318 0.000328846 0.8 0.8 0.8
vn 0.149463 0.0344334 -0.988168
v 0.0224667 0.0100029 0.000328846 0.8 0.8 0.8
vn 0.139038 0.0647561 -0.988168
v 0.019896 0.0144554 0.000328846 0.8 0.8 0.8
vn 0.122536 0.0922486 -0.988168
v 0.0164558 0.0182761 0.000328846 0.8 0.8 0.8
vn 0.100679 0.115709 -0.988168
v 0.0122964 0.0212981 0.000328846 0.8 0.8 0.8
vn 0.0744212 0.134113 -0.988168
v 0.00759959 0.0233892 0.000328846 0.8 0.8 0.8
vn 0.0449112 0.146655 -0.988168
v 0.00257063 0.0244582 0.000328846 0.8 0.8 0.8
vn 0.0134385 0.152788 -0.988168
v -0.00257068 0.0244582 0.000328846 0.8 0.8 0.8
vn -0.0186217 0.152243 -0.988168
v -0.00759964 0.0233892 0.000328846 0.8 0.8 0.8
vn -0.0498679 0.145045 -0.988168
v -0.0122965 0.0212981 0.000328846 0.8 0.8 0.8
vn -0.0789347 0.131507 -0.988168
v -0.0164559 0.0182761 0.000328846 0.8 0.8 0.8
vn -0.104552 0.112222 -0.988168
v -0.0198961 0.0144554 0.000328846 0.8 0.8 0.8
vn -0.125599 0.0880322 -0.988168
v -0.0224667 0.0100029 0.000328846 0.8 0.8 0.8
vn -0.141158 0.0599949 -0.988168
v -0.0240555 0.00511318 0.000328846 0.8 0.8 0.8
vn -0.150547 0.0293356 -0.988168
v -0.0245929 3.85979e-08 0.000328846 0.8 0.8 0.8
vn -0.153356 -0.00260589 -0.988168
v -0.0240555 -0.00511311 0.000328846 0.8 0.8 0.8
vn -0.149463 -0.0344334 -0.988168
v -0.0224667 -0.0100028 0.000328846 0.8 0.8 0.8
vn -0.139038 -0.0647561 -0.988168
v -0.0198961 -0.0144553 0.000328846 0.8 0.8 0.8
vn -0.122536 -0.0922486 -0.988168
v -0.0164559 -0.018276 0.000328846 0.8 0.8 0.8
vn -0.100679 -0.115709 -0.988168
v -0.0122965 -0.021298 0.000328846 0.8 0.8 0.8
vn -0.0744212 -0.134113 -0.988168
v -0.00759964 -0.0233892 0.000328846 0.8 0.8 0.8
vn -0.0449112 -0.146655 -0.988168
v -0.00257068 -0.0244581 0.000328846 0.8 0.8 0.8
vn -0.0134385 -0.152788 -0.988168
v 0.00257063 -0.0244581 0.000328846 0.8 0.8 0.8
vn 0.0186217 -0.152243 -0.988168
v 0.00759959 -0.0233892 0.000328846 0.8 0.8 0.8
vn 0.0498679 -0.145045 -0.988168
v 0.0122964 -0.021298 0.000328846 0.8 0.8 0.8
vn 0.0789347 -0.131507 -0.988168
v 0.0164558 -0.018276 0.000328846 0.8 0.8 0.8
vn 0.104552 -0.112222 -0.988168
v 0.019896 -0.0144553 0.000328846 0.8 0.8 0.8
vn 0.125599 -0.0880322 -0.988168
v 0.0224667 -0.0100028 0.000328846 0.8 0.8 0.8
vn 0.141158 -0.0599949 -0.988168
v 0.0240554 -0.00511311 0.000328846 0.8 0.8 0.8
vn 0.150547 -0.0293356 -0.988168
v 0.022354 3.85979e-08 0.00012251 0.8 0.8 0.8
vn 0.0650811 0.0012011 -0.997879
v 0.0218655 0.00464769 0.00012251 0.8 0.8 0.8
vn 0.0634092 0.014706 -0.997879
v 0.0204214 0.00909223 0.00012251 0.8 0.8 0.8
vn 0.058966 0.0275681 -0.997879
v 0.0180847 0.0131394 0.00012251 0.8 0.8 0.8
vn 0.0519457 0.0392254 -0.997879
v 0.0149577 0.0166123 0.00012251 0.8 0.8 0.8
vn 0.0426551 0.0491683 -0.997879
v 0.011177 0.0193592 0.00012251 0.8 0.8 0.8
vn 0.0315004 0.0569624 -0.997879
v 0.00690774 0.0212599 0.00012251 0.8 0.8 0.8
vn 0.0189688 0.0622669 -0.997879
v 0.00233661 0.0222316 0.00012251 0.8 0.8 0.8
vn 0.00560831 0.0648501 -0.997879
v -0.00233665 0.0222316 0.00012251 0.8 0.8 0.8
vn -0.00799734 0.064599 -0.997879
v -0.00690779 0.0212599 0.00012251 0.8 0.8 0.8
vn -0.0212535 0.0615246 -0.997879
v -0.011177 0.0193592 0.00012251 0.8 0.8 0.8
vn -0.0335807 0.0557613 -0.997879
v -0.0149578 0.0166123 0.00012251 0.8 0.8 0.8
vn -0.0444403 0.047561 -0.997879
v -0.0180848 0.0131394 0.00012251 0.8 0.8 0.8
vn -0.0533577 0.037282 -0.997879
v -0.0204214 0.00909223 0.00012251 0.8 0.8 0.8
vn -0.059943 0.0253736 -0.997879
v -0.0218655 0.00464769 0.00012251 0.8 0.8 0.8
vn -0.0639086 0.0123563 -0.997879
v -0.022354 3.85979e-08 0.00012251 0.8 0.8 0.8
vn -0.0650811 -0.0012011 -0.997879
v -0.0218655 -0.00464762 0.00012251 0.8 0.8 0.8
vn -0.0634092 -0.014706 -0.997879
v -0.0204214 -0.00909215 0.00012251 0.8 0.8 0.8
vn -0.058966 -0.0275681 -0.997879
v -0.0180848 -0.0131393 0.00012251 0.8 0.8 0.8
vn -0.0519457 -0.0392254 -0.997879
v -0.0149578 -0.0166122 0.00012251 0.8 0.8 0.8
vn -0.0426551 -0.0491683 -0.997879
v -0.011177 -0.0193591 0.00012251 0.8 0.8 0.8
vn -0.0315004 -0.0569624 -0.997879
v -0.00690779 -0.0212599 0.00012251 0.8 0.8 0.8
vn -0.0189688 -0.0622669 -0.997879
v -0.00233665 -0.0222315 0.00012251 0.8 0.8 0.8
vn -0.00560831 -0.0648501 -0.997879
v 0.00233661 -0.0222315 0.00012251 0.8 0.8 0.8
vn 0.00799734 -0.064599 -0.997879
v 0.00690774 -0.0212599 0.00012251 0.8 0.8 0.8
vn 0.0212535 -0.0615246 -0.997879
v 0.011177 -0.0193591 0.00012251 0.8 0.8 0.8
vn 0.0335807 -0.0557613 -0.997879
v 0.0149577 -0.0166122 0.00012251 0.8 0.8 0.8
vn 0.0444403 -0.047561 -0.997879
v 0.0180847 -0.0131393 0.00012251 0.8 0.8 0.8
vn 0.0533577 -0.037282 -0.997879
v 0.0204214 -0.00909215 0.00012251 0.8 0.8 0.8
vn 0.059943 -0.0253736 -0.997879
v 0.0218655 -0.00464762 0.00012251 0.8 0.8 0.8
vn 0.0639086 -0.0123563 -0.997879
v 0.0201174 3.85979e-08 4.11274e-05 0.8 0.8 0.8
vn 0.0251055 0.000506405 -0.999685
v 0.0196778 0.0041827 4.11274e-05 0.8 0.8 0.8
vn 0.0244516 0.00571506 -0.999685
v 0.0183782 0.00818255 4.11274e-05 0.8 0.8 0.8
vn 0.022729 0.0106739 -0.999685
v 0.0162754 0.0118248 4.11274e-05 0.8 0.8 0.8
vn 0.0200131 0.0151663 -0.999685
v 0.0134612 0.0149502 4.11274e-05 0.8 0.8 0.8
vn 0.0164225 0.0189958 -0.999685
v 0.0100587 0.0174223 4.11274e-05 0.8 0.8 0.8
vn 0.0121142 0.0219952 -0.999685
v 0.00621662 0.0191329 4.11274e-05 0.8 0.8 0.8
vn 0.00727639 0.0240332 -0.999685
v 0.00210283 0.0200073 4.11274e-05 0.8 0.8 0.8
vn 0.0021206 0.0250209 -0.999685
v -0.00210287 0.0200073 4.11274e-05 0.8 0.8 0.8
vn -0.00312787 0.024915 -0.999685
v -0.00621666 0.0191329 4.11274e-05 0.8 0.8 0.8
vn -0.00823963 0.0237202 -0.999685
v -0.0100588 0.0174223 4.11274e-05 0.8 0.8 0.8
vn -0.0129913 0.0214888 -0.999685
v -0.0134612 0.0149502 4.11274e-05 0.8 0.8 0.8
vn -0.0171752 0.0183181 -0.999685
v -0.0162754 0.0118248 4.11274e-05 0.8 0.8 0.8
vn -0.0206084 0.0143469 -0.999685
v -0.0183782 0.00818255 4.11274e-05 0.8 0.8 0.8
vn -0.0231409 0.00974868 -0.999685
v -0.0196779 0.0041827 4.11274e-05 0.8 0.8 0.8
vn -0.0246621 0.00472438 -0.999685
v -0.0201175 3.85979e-08 4.11274e-05 0.8 0.8 0.8
vn -0.0251055 -0.000506405 -0.999685
v -0.0196779 -0.00418262 4.11274e-05 0.8 0.8 0.8
vn -0.0244516 -0.00571506 -0.999685
v -0.0183782 -0.00818247 4.11274e-05 0.8 0.8 0.8
vn -0.022729 -0.0106739 -0.999685
v -0.0162754 -0.0118247 4.11274e-05 0.8 0.8 0.8
vn -0.0200131 -0.0151663 -0.999685
v -0.0134612 -0.0149502 4.11274e-05 0.8 0.8 0.8
vn -0.0164225 -0.0189958 -0.999685
v -0.0100588 -0.0174222 4.11274e-05 0.8 0.8 0.8
vn -0.0121142 -0.0219952 -0.999685
v -0.00621666 -0.0191328 4.11274e-05 0.8 0.8 0.8
vn -0.00727639 -0.0240332 -0.999685
v -0.00210287 -0.0200072 4.11274e-05 0.8 0.8 0.8
vn -0.0021206 -0.0250209 -0.999685
v 0.00210283 -0.0200072 4.11274e-05 0.8 0.8 0.8
vn 0.00312787 -0.024915 -0.999685
v 0.00621662 -0.0191328 4.11274e-05 0.8 0.8 0.8
vn 0.00823963 -0.0237202 -0.999685
v 0.0100587 -0.0174222 4.11274e-05 0.8 0.8 0.8
vn 0.0129913 -0.0214888 -0.999685
v 0.0134612 -0.0149502 4.11274e-05 0.8 0.8 0.8
vn 0.0171752 -0.0183181 -0.999685
v 0.0162754 -0.0118247 4.11274e-05 0.8 0.8 0.8
vn 0.0206084 -0.0143469 -0.999685
v 0.0183782 -0.00818247 4.11274e-05 0.8 0.8 0.8
vn 0.0231409 -0.00974868 -0.999685
v 0.0196778 -0.00418262 4.11274e-05 0.8 0.8 0.8
vn 0.0246621 -0.00472438 -0.999685
v 0.0178818 3.85979e-08 1.21395e-05 0.8 0.8 0.8
vn 0.00870305 0.000193177 -0.999962
v 0.0174911 0.00371788 1.21395e-05 0.8 0.8 0.8
vn 0.0084727 0.00199842 -0.999962
v 0.0163359 0.00727324 1.21395e-05 0.8 0.8 0.8
vn 0.00787206 0.00371633 -0.999962
v 0.0144667 0.0105107 1.21395e-05 0.8 0.8 0.8
vn 0.00692737 0.00527181 -0.999962
v 0.0119653 0.0132888 1.21395e-05 0.8 0.8 0.8
vn 0.00567992 0.00659689 -0.999962
v 0.0089409 0.0154862 1.21395e-05 0.8 0.8 0.8
vn 0.00418423 0.00763365 -0.999962
v 0.00552577 0.0170067 1.21395e-05 0.8 0.8 0.8
vn 0.00250567 0.00833679 -0.999962
v 0.00186914 0.0177839 1.21395e-05 0.8 0.8 0.8
vn 0.000717597 0.00867557 -0.999962
v -0.00186918 0.0177839 1.21395e-05 0.8 0.8 0.8
vn -0.00110184 0.00863518 -0.999962
v -0.00552582 0.0170067 1.21395e-05 0.8 0.8 0.8
vn -0.00287311 0.0082174 -0.999962
v -0.00894094 0.0154862 1.21395e-05 0.8 0.8 0.8
vn -0.00451882 0.00744047 -0.999962
v -0.0119653 0.0132888 1.21395e-05 0.8 0.8 0.8
vn -0.00596704 0.00633836 -0.999962
v -0.0144667 0.0105107 1.21395e-05 0.8 0.8 0.8
vn -0.00715446 0.00495924 -0.999962
v -0.0163359 0.00727324 1.21395e-05 0.8 0.8 0.8
vn -0.0080292 0.00336337 -0.999962
v -0.0174911 0.00371788 1.21395e-05 0.8 0.8 0.8
vn -0.00855303 0.00162051 -0.999962
v -0.0178819 3.85979e-08 1.21395e-05 0.8 0.8 0.8
vn -0.00870305 -0.000193177 -0.999962
v -0.0174911 -0.00371781 1.21395e-05 0.8 0.8 0.8
vn -0.0084727 -0.00199842 -0.999962
v -0.0163359 -0.00727316 1.21395e-05 0.8 0.8 0.8
vn -0.00787206 -0.00371633 -0.999962
v -0.0144667 -0.0105106 1.21395e-05 0.8 0.8 0.8
vn -0.00692737 -0.00527181 -0.999962
v -0.0119653 -0.0132888 1.21395e-05 0.8 0.8 0.8
vn -0.00567992 -0.00659689 -0.999962
v -0.00894094 -0.0154861 1.21395e-05 0.8 0.8 0.8
vn -0.00418423 -0.00763365 -0.999962
v -0.00552582 -0.0170066 1.21395e-05 0.8 0.8 0.8
vn -0.00250567 -0.00833679 -0.999962
v -0.00186918 -0.0177838 1.21395e-05 0.8 0.8 0.8
vn -0.000717597 -0.00867557 -0.999962
v 0.00186914 -0.0177838 1.21395e-05 0.8 0.8 0.8
vn 0.00110184 -0.00863518 -0.999962
v 0.00552577 -0.0170066 1.21395e-05 0.8 0.8 0.8
vn 0.00287311 -0.0082174 -0.999962
v 0.0089409 -0.0154861 1.21395e-05 0.8 0.8 0.8
vn 0.00451882 -0.00744047 -0.999962
v 0.0119653 -0.0132888 1.21395e-05 0.8 0.8 0.8
vn 0.00596704 -0.00633836 -0.999962
v 0.0144667 -0.0105106 1.21395e-05 0.8 0.8 0.8
vn 0.00715446 -0.00495924 -0.999962
v 0.0163359 -0.00727316 1.21395e-05 0.8 0.8 0.8
vn 0.0080292 -0.00336337 -0.999962
v 0.0174911 -0.00371781 1.21395e-05 0.8 0.8 0.8
vn 0.00855303 -0.00162051 -0.999962
v 0.0156465 3.85979e-08 3.04377e-06 0.8 0.8 0.8
vn 0.00264856 6.51586e-05 -0.999996
v 0.0153046 0.00325313 3.04377e-06 0.8 0.8 0.8
vn 0.00257714 0.000614402 -0.999996
v 0.0142938 0.00636405 3.04377e-06 0.8 0.8 0.8
vn 0.00239308 0.00113679 -0.999996
v 0.0126583 0.00919683 3.04377e-06 0.8 0.8 0.8
vn 0.00210443 0.0016095 -0.999996
v 0.0104695 0.0116277 3.04377e-06 0.8 0.8 0.8
vn 0.00172381 0.00201186 -0.999996
v 0.00782323 0.0135503 3.04377e-06 0.8 0.8 0.8
vn 0.00126785 0.0023263 -0.999996
v 0.00483502 0.0148808 3.04377e-06 0.8 0.8 0.8
vn 0.000756481 0.00253907 -0.999996
v 0.00163548 0.0155608 3.04377e-06 0.8 0.8 0.8
vn 0.000212048 0.00264086 -0.999996
v -0.00163553 0.0155608 3.04377e-06 0.8 0.8 0.8
vn -0.000341652 0.00262724 -0.999996
v -0.00483506 0.0148808 3.04377e-06 0.8 0.8 0.8
vn -0.00088042 0.0024988 -0.999996
v -0.00782328 0.0135503 3.04377e-06 0.8 0.8 0.8
vn -0.00138071 0.00226114 -0.999996
v -0.0104696 0.0116277 3.04377e-06 0.8 0.8 0.8
vn -0.00182066 0.00192467 -0.999996
v -0.0126583 0.00919683 3.04377e-06 0.8 0.8 0.8
vn -0.00218103 0.00150407 -0.999996
v -0.0142938 0.00636405 3.04377e-06 0.8 0.8 0.8
vn -0.00244608 0.00101774 -0.999996
v -0.0153046 0.00325313 3.04377e-06 0.8 0.8 0.8
vn -0.00260423 0.000486932 -0.999996
v -0.0156465 3.85979e-08 3.04377e-06 0.8 0.8 0.8
vn -0.00264856 -6.51586e-05 -0.999996
v -0.0153046 -0.00325305 3.04377e-06 0.8 0.8 0.8
vn -0.00257714 -0.000614402 -0.999996
v -0.0142938 -0.00636397 3.04377e-06 0.8 0.8 0.8
vn -0.00239308 -0.00113679 -0.999996
v -0.0126583 -0.00919675 3.04377e-06 0.8 0.8 0.8
vn -0.00210443 -0.0016095 -0.999996
v -0.0104696 -0.0116276 3.04377e-06 0.8 0.8 0.8
vn -0.00172381 -0.00201186 -0.999996
v -0.00782328 -0.0135502 3.04377e-06 0.8 0.8 0.8
vn -0.00126785 -0.0023263 -0.999996
v -0.00483506 -0.0148807 3.04377e-06 0.8 0.8 0.8
vn -0.000756481 -0.00253907 -0.999996
v -0.00163553 -0.0155608 3.04377e-06 0.8 0.8 0.8
vn -0.000212048 -0.00264086 -0.999996
v 0.00163548 -0.0155608 3.04377e-06 0.8 0.8 0.8
vn 0.000341652 -0.00262724 -0.999996
v 0.00483502 -0.0148807 3.04377e-06 0.8 0.8 0.8
vn 0.00088042 -0.0024988 -0.999996
v 0.00782323 -0.0135502 3.04377e-06 0.8 0.8 0.8
vn 0.00138071 -0.00226114 -0.999996
v 0.0104695 -0.0116276 3.04377e-06 0.8 0.8 0.8
vn 0.00182066 -0.00192467 -0.999996
v 0.0126583 -0.00919675 3.04377e-06 0.8 0.8 0.8
vn 0.00218103 -0.00150407 -0.999996
v 0.0142938 -0.00636397 3.04377e-06 0.8 0.8 0.8
vn 0.00244608 -0.00101774 -0.999996
v 0.0153046 -0.00325305 3.04377e-06 0.8 0.8 0.8
vn 0.00260423 -0.000486932 -0.999996
v 0.0134113 3.85979e-08 6.16389e-07 0.8 0.8 0.8
vn 0.000683674 1.87772e-05 -1
v 0.0131182 0.0027884 6.16389e-07 0.8 0.8 0.8
vn 0.00066483 0.000160511 -1
v 0.0122518 0.0054549 6.16389e-07 0.8 0.8 0.8
vn 0.00061693 0.000295229 -1
v 0.0108499 0.00788299 6.16389e-07 0.8 0.8 0.8
vn 0.000542067 0.000417045 -1
v 0.00897387 0.00996656 6.16389e-07 0.8 0.8 0.8
vn 0.000443513 0.000520634 -1
v 0.00670561 0.0116145 6.16389e-07 0.8 0.8 0.8
vn 0.000325576 0.000601468 -1
v 0.00414429 0.0127549 6.16389e-07 0.8 0.8 0.8
vn 0.000193409 0.000656016 -1
v 0.00140184 0.0133378 6.16389e-07 0.8 0.8 0.8
vn 5.27891e-05 0.000681892 -1
v -0.00140188 0.0133378 6.16389e-07 0.8 0.8 0.8
vn -9.01378e-05 0.000677966 -1
v -0.00414433 0.0127549 6.16389e-07 0.8 0.8 0.8
vn -0.000229125 0.000644411 -1
v -0.00670566 0.0116145 6.16389e-07 0.8 0.8 0.8
vn -0.000358099 0.000582691 -1
v -0.00897392 0.00996656 6.16389e-07 0.8 0.8 0.8
vn -0.000471422 0.000495505 -1
v -0.01085 0.00788299 6.16389e-07 0.8 0.8 0.8
vn -0.000564141 0.000386663 -1
v -0.0122518 0.0054549 6.16389e-07 0.8 0.8 0.8
vn -0.000632205 0.000260922 -1
v -0.0131182 0.0027884 6.16389e-07 0.8 0.8 0.8
vn -0.000672639 0.000123777 -1
v -0.0134113 3.85979e-08 6.16389e-07 0.8 0.8 0.8
vn -0.000683674 -1.87772e-05 -1
v -0.0131182 -0.00278832 6.16389e-07 0.8 0.8 0.8
vn -0.00066483 -0.000160511 -1
v -0.0122518 -0.00545482 6.16389e-07 0.8 0.8 0.8
vn -0.00061693 -0.000295229 -1
v -0.01085 -0.00788291 6.16389e-07 0.8 0.8 0.8
vn -0.000542067 -0.000417045 -1
v -0.00897392 -0.00996648 6.16389e-07 0.8 0.8 0.8
vn -0.000443513 -0.000520634 -1
v -0.00670566 -0.0116145 6.16389e-07 0.8 0.8 0.8
vn -0.000325576 -0.000601468 -1
v -0.00414433 -0.0127548 6.16389e-07 0.8 0.8 0.8
vn -0.000193409 -0.000656016 -1
v -0.00140188 -0.0133378 6.16389e-07 0.8 0.8 0.8
vn -5.27891e-05 -0.000681892 -1
v 0.00140184 -0.0133378 6.16389e-07 0.8 0.8 0.8
vn 9.01378e-05 -0.000677966 -1
v 0.00414429 -0.0127548 6.16389e-07 0.8 0.8 0.8
vn 0.000229125 -0.000644411 -1
v 0.00670561 -0.0116145 6.16389e-07 0.8 0.8 0.8
vn 0.000358099 -0.000582691 -1
v 0.00897387 -0.00996648 6.16389e-07 0.8 0.8 0.8
vn 0.000471422 -0.000495505 -1
v 0.0108499 -0.00788291 6.16389e-07 0.8 0.8 0.8
vn 0.000564141 -0.000386663 -1
v 0.0122518 -0.00545482 6.16389e-07 0.8 0.8 0.8
vn 0.000632205 -0.000260922 -1
v 0.0131182 -0.00278832 6.16389e-07 0.8 0.8 0.8
vn 0.000672639 -0.000123777 -1
v 0.011176 3.85979e-08 9.32289e-08 0.8 0.8 0.8
vn 0.000142364 4.39342e-06 -1
v 0.0109318 0.00232367 9.32289e-08 0.8 0.8 0.8
vn 0.00013834 3.38966e-05 -1
v 0.0102098 0.00454575 9.32289e-08 0.8 0.8 0.8
vn 0.000128269 6.19183e-05 -1
v 0.0090416 0.00656916 9.32289e-08 0.8 0.8 0.8
vn 0.000112593 8.72339e-05 -1
v 0.00747822 0.00830547 9.32289e-08 0.8 0.8 0.8
vn 9.19953e-05 0.000108737 -1
v 0.00558801 0.00967879 9.32289e-08 0.8 0.8 0.8
vn 6.73773e-05 0.000125488 -1
v 0.00345357 0.0106291 9.32289e-08 0.8 0.8 0.8
vn 3.98146e-05 0.000136754 -1
v 0.00116819 0.0111149 9.32289e-08 0.8 0.8 0.8
vn 1.05118e-05 0.000142044 -1
v -0.00116824 0.0111149 9.32289e-08 0.8 0.8 0.8
vn -1.92505e-05 0.000141125 -1
v -0.00345361 0.0106291 9.32289e-08 0.8 0.8 0.8
vn -4.81714e-05 0.000134039 -1
v -0.00558805 0.00967879 9.32289e-08 0.8 0.8 0.8
vn -7.49869e-05 0.000121094 -1
v -0.00747827 0.00830547 9.32289e-08 0.8 0.8 0.8
vn -9.85252e-05 0.000102857 -1
v -0.00904164 0.00656916 9.32289e-08 0.8 0.8 0.8
vn -0.000117757 8.01252e-05 -1
v -0.0102099 0.00454575 9.32289e-08 0.8 0.8 0.8
vn -0.000131843 5.38912e-05 -1
v -0.0109319 0.00232367 9.32289e-08 0.8 0.8 0.8
vn -0.000140167 2.53018e-05 -1
v -0.0111761 3.85979e-08 9.32289e-08 0.8 0.8 0.8
vn -0.000142364 -4.39342e-06 -1
v -0.0109319 -0.00232359 9.32289e-08 0.8 0.8 0.8
vn -0.00013834 -3.38966e-05 -1
v -0.0102099 -0.00454567 9.32289e-08 0.8 0.8 0.8
vn -0.000128269 -6.19183e-05 -1
v -0.00904164 -0.00656908 9.32289e-08 0.8 0.8 0.8
vn -0.000112593 -8.72339e-05 -1
v -0.00747827 -0.00830539 9.32289e-08 0.8 0.8 0.8
vn -9.19953e-05 -0.000108737 -1
v -0.00558805 -0.00967871 9.32289e-08 0.8 0.8 0.8
vn -6.73773e-05 -0.000125488 -1
v -0.00345361 -0.010629 9.32289e-08 0.8 0.8 0.8
vn -3.98146e-05 -0.000136754 -1
v -0.00116824 -0.0111148 9.32289e-08 0.8 0.8 0.8
vn -1.05118e-05 -0.000142044 -1
v 0.00116819 -0.0111148 9.32289e-08 0.8 0.8 0.8
vn 1.92505e-05 -0.000141125 -1
v 0.00345357 -0.010629 9.32289e-08 0.8 0.8 0.8
vn 4.81714e-05 -0.000134039 -1
v 0.00558801 -0.00967871 9.32289e-08 0.8 0.8 0.8
vn 7.49869e-05 -0.000121094 -1
v 0.00747822 -0.00830539 9.32289e-08 0.8 0.8 0.8
vn 9.85252e-05 -0.000102857 -1
v 0.0090416 -0.00656908 9.32289e-08 0.8 0.8 0.8
vn 0.000117757 -8.01252e-05 -1
v 0.0102098 -0.00454567 9.32289e-08 0.8 0.8 0.8
vn 0.000131843 -5.38912e-05 -1
v 0.0109318 -0.00232359 9.32289e-08 0.8 0.8 0.8
vn 0.000140167 -2.53018e-05 -1
v 0.00894082 3.85979e-08 9.23802e-09 0.8 0.8 0.8
vn 2.21519e-05 7.71254e-07 -1
v 0.00874544 0.00185894 9.23802e-09 0.8 0.8 0.8
vn 2.15075e-05 5.36004e-06 -1
v 0.00816785 0.00363661 9.23802e-09 0.8 0.8 0.8
vn 1.99231e-05 9.71456e-06 -1
v 0.00723327 0.00525534 9.23802e-09 0.8 0.8 0.8
vn 1.74679e-05 1.36445e-05 -1
v 0.00598257 0.00664438 9.23802e-09 0.8 0.8 0.8
vn 1.42493e-05 1.69781e-05 -1
v 0.0044704 0.00774304 9.23802e-09 0.8 0.8 0.8
vn 1.0408e-05 1.95697e-05 -1
v 0.00276285 0.00850329 9.23802e-09 0.8 0.8 0.8
vn 6.1118e-06 2.1306e-05 -1
v 0.00093455 0.00889191 9.23802e-09 0.8 0.8 0.8
vn 1.54847e-06 2.21111e-05 -1
v -0.000934596 0.00889191 9.23802e-09 0.8 0.8 0.8
vn -3.08253e-06 2.19499e-05 -1
v -0.0027629 0.00850329 9.23802e-09 0.8 0.8 0.8
vn -7.57881e-06 2.08294e-05 -1
v -0.00447045 0.00774304 9.23802e-09 0.8 0.8 0.8
vn -1.17439e-05 1.87985e-05 -1
v -0.00598262 0.00664438 9.23802e-09 0.8 0.8 0.8
vn -1.53957e-05 1.5946e-05 -1
v -0.00723332 0.00525534 9.23802e-09 0.8 0.8 0.8
vn -1.83746e-05 1.23966e-05 -1
v -0.00816789 0.00363661 9.23802e-09 0.8 0.8 0.8
vn -2.05504e-05 8.30541e-06 -1
v -0.00874549 0.00185894 9.23802e-09 0.8 0.8 0.8
vn -2.18282e-05 3.85123e-06 -1
v -0.00894087 3.85979e-08 9.23802e-09 0.8 0.8 0.8
vn -2.21519e-05 -7.71254e-07 -1
v -0.00874549 -0.00185887 9.23802e-09 0.8 0.8 0.8
vn -2.15075e-05 -5.36004e-06 -1
v -0.00816789 -0.00363653 9.23802e-09 0.8 0.8 0.8
vn -1.99231e-05 -9.71456e-06 -1
v -0.00723332 -0.00525526 9.23802e-09 0.8 0.8 0.8
vn -1.74679e-05 -1.36445e-05 -1
v -0.00598262 -0.0066443 9.23802e-09 0.8 0.8 0.8
vn -1.42493e-05 -1.69781e-05 -1
v -0.00447045 -0.00774296 9.23802e-09 0.8 0.8 0.8
vn -1.0408e-05 -1.95697e-05 -1
v -0.0027629 -0.00850321 9.23802e-09 0.8 0.8 0.8
vn -6.1118e-06 -2.1306e-05 -1
v -0.000934596 -0.00889183 9.23802e-09 0.8 0.8 0.8
vn -1.54847e-06 -2.21111e-05 -1
v 0.00093455 -0.00889183 9.23802e-09 0.8 0.8 0.8
vn 3.08253e-06 -2.19499e-05 -1
v 0.00276285 -0.00850321 9.23802e-09 0.8 0.8 0.8
vn 7.57881e-06 -2.08294e-05 -1
v 0.0044704 -0.00774296 9.23802e-09 0.8 0.8 0.8
vn 1.17439e-05 -1.87985e-05 -1
v 0.00598257 -0.0066443 9.23802e-09 0.8 0.8 0.8
vn 1.53957e-05 -1.5946e-05 -1
v 0.00723327 -0.00525526 9.23802e-09 0.8 0.8 0.8
vn 1.83746e-05 -1.23966e-05 -1
v 0.00816785 -0.00363653 9.23802e-09 0.8 0.8 0.8
vn 2.05504e-05 -8.30541e-06 -1
v 0.00874544 -0.00185887 9.23802e-09 0.8 0.8 0.8
vn 2.18282e-05 -3.85123e-06 -1
v 0.00670561 3.85979e-08 4.69066e-10 0.8 0.8 0.8
vn 2.27137e-06 8.92158e-08 -1
v 0.00655908 0.00139422 4.69066e-10 0.8 0.8 0.8
vn 2.20318e-06 5.5951e-07 -1
v 0.00612588 0.00272747 4.69066e-10 0.8 0.8 0.8
vn 2.03871e-06 1.00535e-06 -1
v 0.00542495 0.00394151 4.69066e-10 0.8 0.8 0.8
vn 1.78514e-06 1.40725e-06 -1
v 0.00448692 0.0049833 4.69066e-10 0.8 0.8 0.8
vn 1.45354e-06 1.74765e-06 -1
v 0.00335279 0.00580729 4.69066e-10 0.8 0.8 0.8
vn 1.05842e-06 2.01167e-06 -1
v 0.00207213 0.00637748 4.69066e-10 0.8 0.8 0.8
vn 6.17042e-07 2.18777e-06 -1
v 0.000700907 0.00666894 4.69066e-10 0.8 0.8 0.8
vn 1.48696e-07 2.26825e-06 -1
v -0.000700953 0.00666894 4.69066e-10 0.8 0.8 0.8
vn -3.2615e-07 2.2496e-06 -1
v -0.00207218 0.00637748 4.69066e-10 0.8 0.8 0.8
vn -7.86741e-07 2.13263e-06 -1
v -0.00335284 0.00580729 4.69066e-10 0.8 0.8 0.8
vn -1.21295e-06 1.92245e-06 -1
v -0.00448697 0.0049833 4.69066e-10 0.8 0.8 0.8
vn -1.58614e-06 1.62826e-06 -1
v -0.005425 0.00394151 4.69066e-10 0.8 0.8 0.8
vn -1.89002e-06 1.2629e-06 -1
v -0.00612592 0.00272747 4.69066e-10 0.8 0.8 0.8
vn -2.11129e-06 8.42346e-07 -1
v -0.00655912 0.00139422 4.69066e-10 0.8 0.8 0.8
vn -2.24028e-06 3.84978e-07 -1
v -0.00670566 3.85979e-08 4.69066e-10 0.8 0.8 0.8
vn -2.27137e-06 -8.92158e-08 -1
v -0.00655912 -0.00139414 4.69066e-10 0.8 0.8 0.8
vn -2.20318e-06 -5.5951e-07 -1
v -0.00612592 -0.00272739 4.69066e-10 0.8 0.8 0.8
vn -2.03871e-06 -1.00535e-06 -1
v -0.005425 -0.00394143 4.69066e-10 0.8 0.8 0.8
vn -1.78514e-06 -1.40725e-06 -1
v -0.00448697 -0.00498322 4.69066e-10 0.8 0.8 0.8
vn -1.45354e-06 -1.74765e-06 -1
v -0.00335284 -0.00580721 4.69066e-10 0.8 0.8 0.8
vn -1.05842e-06 -2.01167e-06 -1
v -0.00207218 -0.0063774 4.69066e-10 0.8 0.8 0.8
vn -6.17042e-07 -2.18777e-06 -1
v -0.000700953 -0.00666886 4.69066e-10 0.8 0.8 0.8
vn -1.48696e-07 -2.26825e-06 -1
v 0.000700907 -0.00666886 4.69066e-10 0.8 0.8 0.8
vn 3.2615e-07 -2.2496e-06 -1
v 0.00207213 -0.0063774 4.69066e-10 0.8 0.8 0.8
vn 7.86741e-07 -2.13263e-06 -1
v 0.00335279 -0.00580721 4.69066e-10 0.8 0.8 0.8
vn 1.21295e-06 -1.92245e-06 -1
v 0.00448692 -0.00498322 4.69066e-10 0.8 0.8 0.8
vn 1.58614e-06 -1.62826e-06 -1
v 0.00542495 -0.00394143 4.69066e-10 0.8 0.8 0.8
vn 1.89002e-06 -1.2629e-06 -1
v 0.00612588 -0.00272739 4.69066e-10 0.8 0.8 0.8
vn 2.11129e-06 -8.42346e-07 -1
v 0.00655908 -0.00139414 4.69066e-10 0.8 0.8 0.8
vn 2.24028e-06 -3.84978e-07 -1
v 0.0044704 3.85979e-08 7.03004e-12 0.8 0.8 0.8
vn 1.21889e-07 5.40395e-09 -1
v 0.00437271 0.000929492 7.03004e-12 0.8 0.8 0.8
vn 1.18102e-07 3.0628e-08 -1
v 0.00408391 0.00181832 7.03004e-12 0.8 0.8 0.8
vn 1.09153e-07 5.45135e-08 -1
v 0.00361663 0.00262769 7.03004e-12 0.8 0.8 0.8
vn 9.54341e-08 7.60165e-08 -1
v 0.00299127 0.00332221 7.03004e-12 0.8 0.8 0.8
vn 7.75439e-08 9.41973e-08 -1
v 0.00223519 0.00387154 7.03004e-12 0.8 0.8 0.8
vn 5.62646e-08 1.08261e-07 -1
v 0.00138141 0.00425166 7.03004e-12 0.8 0.8 0.8
vn 3.25264e-08 1.17593e-07 -1
v 0.000467264 0.00444597 7.03004e-12 0.8 0.8 0.8
vn 7.36654e-09 1.21786e-07 -1
v -0.000467309 0.00444597 7.03004e-12 0.8 0.8 0.8
vn -1.81152e-08 1.20657e-07 -1
v -0.00138146 0.00425166 7.03004e-12 0.8 0.8 0.8
vn -4.28053e-08 1.14254e-07 -1
v -0.00223523 0.00387154 7.03004e-12 0.8 0.8 0.8
vn -6.56245e-08 1.02857e-07 -1
v -0.00299132 0.00332221 7.03004e-12 0.8 0.8 0.8
vn -8.55757e-08 8.69654e-08 -1
v -0.00361667 0.00262769 7.03004e-12 0.8 0.8 0.8
vn -1.01787e-07 6.72728e-08 -1
v -0.00408396 0.00181832 7.03004e-12 0.8 0.8 0.8
vn -1.13549e-07 4.464e-08 -1
v -0.00437276 0.000929492 7.03004e-12 0.8 0.8 0.8
vn -1.20349e-07 2.00563e-08 -1
v -0.00447045 3.85979e-08 7.03004e-12 0.8 0.8 0.8
vn -1.21889e-07 -5.40395e-09 -1
v -0.00437276 -0.000929415 7.03004e-12 0.8 0.8 0.8
vn -1.18102e-07 -3.0628e-08 -1
v -0.00408396 -0.00181825 7.03004e-12 0.8 0.8 0.8
vn -1.09153e-07 -5.45135e-08 -1
v -0.00361667 -0.00262761 7.03004e-12 0.8 0.8 0.8
vn -9.54341e-08 -7.60165e-08 -1
v -0.00299132 -0.00332213 7.03004e-12 0.8 0.8 0.8
vn -7.75439e-08 -9.41973e-08 -1
v -0.00223523 -0.00387146 7.03004e-12 0.8 0.8 0.8
vn -5.62646e-08 -1.08261e-07 -1
v -0.00138146 -0.00425159 7.03004e-12 0.8 0.8 0.8
vn -3.25264e-08 -1.17593e-07 -1
v -0.000467309 -0.00444589 7.03004e-12 0.8 0.8 0.8
vn -7.36654e-09 -1.21786e-07 -1
v 0.000467264 -0.00444589 7.03004e-12 0.8 0.8 0.8
vn 1.81152e-08 -1.20657e-07 -1
v 0.00138141 -0.00425159 7.03004e-12 0.8 0.8 0.8
vn 4.28053e-08 -1.14254e-07 -1
v 0.00223519 -0.00387146 7.03004e-12 0.8 0.8 0.8
vn 6.56245e-08 -1.02857e-07 -1
v 0.00299127 -0.00332213 7.03004e-12 0.8 0.8 0.8
vn 8.55757e-08 -8.69654e-08 -1
v 0.00361663 -0.00262761 7.03004e-12 0.8 0.8 0.8
vn 1.01787e-07 -6.72728e-08 -1
v 0.00408391 -0.00181825 7.03004e-12 0.8 0.8 0.8
vn 1.13549e-07 -4.464e-08 -1
v 0.00437271 -0.000929415 7.03004e-12 0.8 0.8 0.8
vn 1.20349e-07 -2.00563e-08 -1
v 0.00223519 3.85979e-08 5.32907e-15 0.8 0.8 0.8
vn 2.09596e-09 1.10105e-10 -1
v 0.00218634 0.000464765 5.32907e-15 0.8 0.8 0.8
vn 2.02726e-09 5.43473e-10 -1
v 0.00204194 0.000909181 5.32907e-15 0.8 0.8 0.8
vn 1.86997e-09 9.53089e-10 -1
v 0.0018083 0.00131386 5.32907e-15 0.8 0.8 0.8
vn 1.63095e-09 1.32105e-09 -1
v 0.00149563 0.00166112 5.32907e-15 0.8 0.8 0.8
vn 1.32065e-09 1.63128e-09 -1
v 0.00111758 0.00193579 5.32907e-15 0.8 0.8 0.8
vn 9.52625e-10 1.87021e-09 -1
v 0.000690695 0.00212585 5.32907e-15 0.8 0.8 0.8
vn 5.42971e-10 2.0274e-09 -1
v 0.00023362 0.00222301 5.32907e-15 0.8 0.8 0.8
vn 1.09585e-10 2.09599e-09 -1
v -0.000233666 0.00222301 5.32907e-15 0.8 0.8 0.8
vn -3.28589e-10 2.07297e-09 -1
v -0.000690741 0.00212585 5.32907e-15 0.8 0.8 0.8
vn -7.52403e-10 1.95935e-09 -1
v -0.00111763 0.00193579 5.32907e-15 0.8 0.8 0.8
vn -1.14333e-09 1.7601e-09 -1
v -0.00149567 0.00166112 5.32907e-15 0.8 0.8 0.8
vn -1.48429e-09 1.48393e-09 -1
v -0.00180835 0.00131386 5.32907e-15 0.8 0.8 0.8
vn -1.76038e-09 1.1429e-09 -1
v -0.00204199 0.000909181 5.32907e-15 0.8 0.8 0.8
vn -1.95954e-09 7.51917e-10 -1
v -0.00218639 0.000464765 5.32907e-15 0.8 0.8 0.8
vn -2.07305e-09 3.28075e-10 -1
v -0.00223523 3.85979e-08 5.32907e-15 0.8 0.8 0.8
vn -2.09596e-09 -1.10105e-10 -1
v -0.00218639 -0.000464688 5.32907e-15 0.8 0.8 0.8
vn -2.02726e-09 -5.43473e-10 -1
v -0.00204199 -0.000909104 5.32907e-15 0.8 0.8 0.8
vn -1.86997e-09 -9.53089e-10 -1
v -0.00180835 -0.00131379 5.32907e-15 0.8 0.8 0.8
vn -1.63095e-09 -1.32105e-09 -1
v -0.00149567 -0.00166105 5.32907e-15 0.8 0.8 0.8
vn -1.32065e-09 -1.63128e-09 -1
v -0.00111763 -0.00193571 5.32907e-15 0.8 0.8 0.8
vn -9.52625e-10 -1.87021e-09 -1
v -0.000690741 -0.00212577 5.32907e-15 0.8 0.8 0.8
vn -5.42971e-10 -2.0274e-09 -1
v -0.000233666 -0.00222293 5.32907e-15 0.8 0.8 0.8
vn -1.09585e-10 -2.09599e-09 -1
v 0.00023362 -0.00222293 5.32907e-15 0.8 0.8 0.8
vn 3.28589e-10 -2.07297e-09 -1
v 0.000690695 -0.00212577 5.32907e-15 0.8 0.8 0.8
vn 7.52403e-10 -1.95935e-09 -1
v 0.00111758 -0.00193571 5.32907e-15 0.8 0.8 0.8
vn 1.14333e-09 -1.7601e-09 -1
v 0.00149563 -0.00166105 5.32907e-15 0.8 0.8 0.8
vn 1.48429e-09 -1.48393e-09 -1
v 0.0018083 -0.00131379 5.32907e-15 0.8 0.8 0.8
vn 1.76038e-09 -1.1429e-09 -1
v 0.00204194 -0.000909104 5.32907e-15 0.8 0.8 0.8
vn 1.95954e-09 -7.51917e-10 -1
v 0.00218634 -0.000464688 5.32907e-15 0.8 0.8 0.8
vn 2.07305e-09 -3.28075e-10 -1
v -2.28653e-08 3.85979e-08 0 0.8 0.8 0.8
vn 2.39656e-12 2.51889e-13 -1
v -2.28653e-08 3.85979e-08 0 0.8 0.8 0.8
vn 2.29182e-12 7.44658e-13 -1
v -2.28653e-08 3.85979e-08 0 0.8 0.8 0.8
vn 2.08692e-12 1.20488e-12 -1
v -2.28653e-08 3.85979e-08 0 0.8 0.8 0.8
vn 1.7908e-12 1.61245e-12 -1
v -2.28653e-08 3.85979e-08 0 0.8 0.8 0.8
vn 1.41642e-12 1.94954e-12 -1
v -2.28653e-08 3.85979e-08 0 0.8 0.8 0.8
vn 9.8014e-13 2.20143e-12 -1
v -2.28653e-08 3.85979e-08 0 0.8 0.8 0.8
vn 5.01018e-13 2.35711e-12 -1
v -2.28653e-08 3.85979e-08 0 0.8 0.8 0.8
vn -2.01948e-28 2.40976e-12 -1
v -2.28653e-08 3.85979e-08 0 0.8 0.8 0.8
vn -5.01018e-13 2.35711e-12 -1
v -2.28653e-08 3.85979e-08 0 0.8 0.8 0.8
vn -9.8014e-13 2.20143e-12 -1
v -2.28653e-08 3.85979e-08 0 0.8 0.8 0.8
vn -1.41642e-12 1.94954e-12 -1
v -2.28653e-08 3.85979e-08 0 0.8 0.8 0.8
vn -1.7908e-12 1.61245e-12 -1
v -2.28653e-08 3.85979e-08 0 0.8 0.8 0.8
vn -2.08692e-12 1.20488e-12 -1
v -2.28653e-08 3.85979e-08 0 0.8 0.8 0.8
vn -2.29182e-12 7.44658e-13 -1
v -2.28653e-08 3.85979e-08 0 0.8 0.8 0.8
vn -2.39656e-12 2.51889e-13 -1
v -2.28653e-08 3.85979e-08 0 0.8 0.8 0.8
vn -2.39656e-12 -2.51889e-13 -1
v -2.28653e-08 3.85979e-08 0 0.8 0.8 0.8
vn -2.29182e-12 -7.44658e-13 -1
v -2.28653e-08 3.85979e-08 0 0.8 0.8 0.8
vn -2.08692e-12 -1.20488e-12 -1
v -2.28653e-08 3.85979e-08 0 0.8 0.8 0.8
vn -1.7908e-12 -1.61245e-12 -1
v -2.28653e-08 3.85979e-08 0 0.8 0.8 0.8
vn -1.41642e-12 -1.94954e-12 -1
v -2.28653e-08 3.85979e-08 0 0.8 0.8 0.8
vn -9.8014e-13 -2.20143e-12 -1
v -2.28653e-08 3.85979e-08 0 0.8 0.8 0.8
vn -5.01018e-13 -2.35711e-12 -1
v -2.28653e-08 3.85979e-08 0 0.8 0.8 0.8
vn 1.41364e-27 -2.40976e-12 -1
v -2.28653e-08 3.85979e-08 0 0.8 0.8 0.8
vn 5.01018e-13 -2.35711e-12 -1
v -2.28653e-08 3.85979e-08 0 0.8 0.8 0.8
vn 9.8014e-13 -2.20143e-12 -1
v -2.28653e-08 3.85979e-08 0 0.8 0.8 0.8
vn 1.41642e-12 -1.94954e-12 -1
v -2.28653e-08 3.85979e-08 0 0.8 0.8 0.8
vn 1.7908e-12 -1.61245e-12 -1
v -2.28653e-08 3.85979e-08 0 0.8 0.8 0.8
vn 2.08692e-12 -1.20488e-12 -1
v -2.28653e-08 3.85979e-08 0 0.8 0.8 0.8
vn 2.29182e-12 -7.44658e-13 -1
v -2.28653e-08 3.85979e-08 0 0.8 0.8 0.8
vn 2.39656e-12 -2.51889e-13 -1
f 2//2 31//31 1//1
f 32//32 31//31 2//2
f 3//3 32//32 2//2
f 33//33 32//32 3//3
f 4//4 33//33 3//3
f 34//34 33//33 4//4
f 5//5 34//34 4//4
f 35//35 34//34 5//5
f 6//6 35//35 5//5
f 36//36 35//35 6//6
f 7//7 36//36 6//6
f 37//37 36//36 7//7
f 8//8 37//37 7//7
f 38//38 37//37 8//8
f 9//9 38//38 8//8
f 39//39 38//38 9//9
f 10//10 39//39 9//9
f 40//40 39//39 10//10
f 11//11 40//40 10//10
f 41//41 40//40 11//11
f 12//12 41//41 11//11
f 42//42 41//41 12//12
f 13//13 42//42 12//12
f 43//43 42//42 13//13
f 14//14 43//43 13//13
f 44//44 43//43 14//14
f 15//15 44//44 14//14
f 45//45 44//44 15//15
f 16//16 45//45 15//15
f 46//46 45//45 16//16
f 17//17 46//46 16//16
f 47//47 46//46 17//17
f 18//18 47//47 17//17
f 48//48 47//47 18//18
f 19//19 48//48 18//18
f 49//49 48//48 19//19
f 20//20 49//49 19//19
f 50//50 49//49 20//20
f 21//21 50//50 20//20
f 51//51 50//50 21//21
f 22//22 51//51 21//21
f 52//52 51//51 22//22
f 23//23 52//52 22//22
f 53//53 52//52 23//23
f 24//24 53//53 23//23
f 54//54 53//53 24//24
f 25//25 54//54 24//24
f 55//55 54//54 25//25
f 26//26 55//55 25//25
f 56//56 55//55 26//26
f 27//27 56//56 26//26
f 57//57 56//56 27//27
f 28//28 57//57 27//27
f 58//58 57//57 28//28
f 29//29 58//58 28//28
f 59//59 58//58 29//29
f 30//30 59//59 29//29
f 60//60 59//59 30//30
f 1//1 60//60 30//30
f 31//31 60//60 1//1
f 32//32 61//61 31//31
f 62//62 61//61 32//32
f 33//33 62//62 32//32
f 63//63 62//62 33//33
f 34//34 63//63 33//33
f 64//64 63//63 34//34
f 35//35 64//64 34//34
f 65//65 64//64 35//35
f 36//36 65//65 35//35
f 66//66 65//65 36//36
f 37//37 66//66 36//36
f 67//67 66//66 37//37
f 38//38 67//67 37//37
f 68//68 67//67 38//38
f 39//39 68//68 38//38
f 69//69 68//68 39//39
f 40//40 69//69 39//39
f 70//70 69//69 40//40
f 41//41 70//70 40//40
f 71//71 70//70 41//41
f 42//42 71//71 41//41
f 72//72 71//71 42//42
f 43//43 72//72 42//42
f 73//73 72//72 43//43
f 44//44 73//73 43//43
f 74//74 73//73 44//44
f 45//45 74//74 44//44
f 75//75 74//74 45//45
f 46//46 75//75 45//45
f 76//76 75//75 46//46
f 47//47 76//76 46//46
f 77//77 76//76 47//47
f 48//48 77//77 47//47
f 78//78 77//77 48//48
f 49//49 78//78 48//48
f 79//79 78//78 49//49
f 50//50 79//79 49//49
f 80//80 79//79 50//50
f 51//51 80//80 50//50
f 81//81 80//80 51//51
f 52//52 81//81 51//51
f 82//82 81//81 52//52
f 53//53 82//82 52//52
f 83//83 82//82 53//53
f 54//54 83//83 53//53
f 84//84 83//83 54//54
f 55//55 84//84 54//54
f 85//85 84//84 55//55
f 56//56 85//85 55//55
f 86//86 85//85 56//56
f 57//57 86//86 56//56
f 87//87 86//86 57//57
f 58//58 87//87 57//57
f 88//88 87//87 58//58
f 59//59 88//88 58//58
f 89//89 88//88 59//59
f 60//60 89//89 59//59
f 90//90 89//89 60//60
f 31//31 90//90 60//60
f 61//61 90//90 31//31
f 62//62 91//91 61//61
f 92//92 91//91 62//62
f 63//63 92//92 62//62
f 93//93 92//92 63//63
f 64//64 93//93 63//63
f 94//94 93//93 64//64
f 65//65 94//94 64//64
f 95//95 94//94 65//65
f 66//66 95//95 65//65
f 96//96 95//95 66//66
f 67//67 96//96 66//66
f 97//97 96//96 67//67
f 68//68 97//97 67//67
f 98//98 97//97 68//68
f 69//69 98//98 68//68
f 99//99 98//98 69//69
f 70//70 99//99 69//69
f 100//100 99//99 70//70
f 71//71 100//100 70//70
f 101//101 100//100 71//71
f 72//72 101//101 71//71
f 102//102 101//101 72//72
f 73//73 102//102 72//72
f 103//103 102//102 73//73
f 74//74 103//103 73//73
f 104//104 103//103 74//74
f 75//75 104//104 74//74
f 105//105 104//104 75//75
f 76//76 105//105 75//75
f 106//106 105//105 76//76
f 77//77 106//106 76//76
f 107//107 106//106 77//77
f 78//78 107//107 77//77
f 108//108 107//107 78//78
f 79//79 108//108 78//78
f 109//109 108//108 79//79
f 80//80 109//109 79//79
f 110//110 109//109 80//80
f 81//81 110//110 80//80
f 111//111 110//110 81//81
f 82//82 111//111 81//81
f 112//112 111//111 82//82
f 83//83 112//112 82//82
f 113//113 112//112 83//83
f 84//84 113//113 83//83
f 114//114 113//113 84//84
f 85//85 114//114 84//84
f 115//115 114//114 85//85
f 86//86 115//115 85//85
f 116//116 115//115 86//86
f 87//87 116//116 86//86
f 117//117 116//116 87//87
f 88//88 117//117 87//87
f 118//118 117//117 88//88
f 89//89 118//118 88//88
f 119//119 118//118 89//89
f 90//90 119//119 89//89
f 120//120 119//119 90//90
f 61//61 120//120 90//90
f 91//91 120//120 61//61
f 92//92 121//121 91//91
f 122//122 121//121 92//92
f 93//93 122//122 92//92
f 123//123 122//122 93//93
f 94//94 123//123 93//93
f 124//124 123//123 94//94
f 95//95 124//124 94//94
f 125//125 124//124 95//95
f 96//96 125//125 95//95
f 126//126 125//125 96//96
f 97//97 126//126 96//96
f 127//127 126//126 97//97
f 98//98 127//127 97//97
f 128//128 127//127 98//98
f 99//99 128//128 98//98
f 129//129 128//128 99//99
f 100//100 129//129 99//99
f 130//130 129//129 100//100
f 101//101 130//130 100//100
f 131//131 130//130 101//101
f 102//102 131//131 101//101
f 132//132 131//131 102//102
f 103//103 132//132 102//102
f 133//133 132//132 103//103
f 104//104 133//133 103//103
f 134//134 133//133 104//104
f 105//105 134//134 104//104
f 135//135 134//134 105//105
f 106//106 135//135 105//105
f 136//136 135//135 106//106
f 107//107 136//136 106//106
f 137//137 136//136 107//107
f 108//108 137//137 107//107
f 138//138 137//137 108//108
f 109//109 138//138 108//108
f 139//139 138//138 109//109
f 110//110 139//139 109//109
f 140//140 139//139 110//110
f 111//111 140//140 110//110
f 141//141 140//140 111//111
f 112//112 141//141 111//111
f 142//142 141//141 112//112
f 113//113 142//142 112//112
f 143//143 142//142 113//113
f 114//114 143//143 113//113
f 144//144 143//143 114//114
f 115//115 144//144 114//114
f 145//145 144//144 115//115
f 116//116 145//145 115//115
f 146//146 145//145 116//116
f 117//117 146//146 116//116
f 147//147 146//146 117//117
f 118//118 147//147 117//117
f 148//148 147//147 118//118
f 119//119 148//148 118//118
f 149//149 148//148 119//119
f 120//120 149//149 119//119
f 150//150 149//149 120//120
f 91//91 150//150 120//120
f 121//121 150//150 91//91
f 122//122 151//151 121//121
f 152//152 151//151 122//122
f 123//123 152//152 122//122
f 153//153 152//152 123//123
f 124//124 153//153 123//123
f 154//154 153//153 124//124
f 125//125 154//154 124//124
f 155//155 154//154 125//125
f 126//126 155//155 125//125
f 156//156 155//155 126//126
f 127//127 156//156 126//126
f 157//157 156//156 127//127
f 128//128 157//157 127//127
f 158//158 157//157 128//128
f 129//129 158//158 128//128
f 159//159 158//158 129//129
f 130//130 159//159 129//129
f 160//160 159//159 130//130
f 131//131 160//160 130//130
f 161//161 160//160 131//131
f 132//132 161//161 131//131
f 162//162 161//161 132//132
f 133//133 162//162 132//132
f 163//163 162//162 133//133
f 134//134 163//163 133//133
f 164//164 163//163 134//134
f 135//135 164//164 134//134
f 165//165 164//164 135//135
f 136//136 165//165 135//135
f 166//166 165//165 136//136
f 137//137 166//166 136//136
f 167//167 166//166 137//137
f 138//138 167//167 137//137
f 168//168 167//167 138//138
f 139//139 168//168 138//138
f 169//169 168//168 139//139
f 140//140 169//169 139//139
f 170//170 169//169 140//140
f 141//141 170//170 140//140
f 171//171 170//170 141//141
f 142//142 171//171 141//141
f 172//172 171//171 142//142
f 143//143 172//172 142//142
f 173//173 172//172 143//143
f 144//144 173//173 143//143
f 174//174 173//173 144//144
f 145//145 174//174 144//144
f 175//175 174//174 145//145
f 146//146 175//175 145//145
f 176//176 175//175 146//146
f 147//147 176//176 146//146
f 177//177 176//176 147//147
f 148//148 177//177 147//147
f 178//178 177//177 148//148
f 149//149 178//178 148//148
f 179//179 178//178 149//149
f 150//150 179//179 149//149
f 180//180 179//179 150//150
f 121//121 180//180 150//150
f 151//151 180//180 121//121
f 152//152 181//181 151//151
f 182//182 181//181 152//152
f 153//153 182//182 152//152
f 183//183 182//182 153//153
f 154//154 183//183 153//153
f 184//184 183//183 154//154
f 155//155 184//184 154//154
f 185//185 184//184 155//155
f 156//156 185//185 155//155
f 186//186 185//185 156//156
f 157//157 186//186 156//156
f 187//187 186//186 157//157
f 158//158 187//187 157//157
f 188//188 187//187 158//158
f 159//159 188//188 158//158
f 189//189 188//188 159//159
f 160//160 189//189 159//159
f 190//190 189//189 160//160
f 161//161 190//190 160//160
f 191//191 190//190 161//161
f 162//162 191//191 161//161
f 192//192 191//191 162//162
f 163//163 192//192 162//162
f 193//193 192//192 163//163
f 164//164 193//193 163//163
f 194//194 193//193 164//164
f 165//165 194//194 164//164
f 195//195 194//194 165//165
f 166//166 195//195 165//165
f 196//196 195//195 166//166
f 167//167 196//196 166//166
f 197//197 196//196 167//167
f 168//168 197//197 167//167
f 198//198 197//197 168//168
f 169//169 198//198 168//168
f 199//199 198//198 169//169
f 170//170 199//199 169//169
f 200//200 199//199 170//170
f 171//171 200//200 170//170
f 201//201 200//200 171//171
f 172//172 201//201 171//171
f 202//202 201//201 172//172
f 173//173 202//202 172//172
f 203//203 202//202 173//173
f 174//174 203//203 173//173
f 204//204 203//203 174//174
f 175//175 204//204 174//174
f 205//205 204//204 175//175
f 176//176 205//205 175//175
f 206//206 205//205 176//176
f 177//177 206//206 176//176
f 207//207 206//206 177//177
f 178//178 207//207 177//177
f 208//208 207//207 178//178
f 179//179 208//208 178//178
f 209//209 208//208 179//179
f 180//180 209//209 179//179
f 210//210 209//209 180//180
f 151//151 210//210 180//180
f 181//181 210//210 151//151
f 182//182 211//211 181//181
f 212//212 211//211 182//182
f 183//183 212//212 182//182
f 213//213 212//212 183//183
f 184//184 213//213 183//183
f 214//214 213//213 184//184
f 185//185 214//214 184//184
f 215//215 214//214 185//185
f 186//186 215//215 185//185
f 216//216 215//215 186//186
f 187//187 216//216 186//186
f 217//217 216//216 187//187
f 188//188 217//217 187//187
f 218//218 217//217 188//188
f 189//189 218//218 188//188
f 219//219 218//218 189//189
f 190//190 219//219 189//189
f 220//220 219//219 190//190
f 191//191 220//220 190//190
f 221//221 220//220 191//191
f 192//192 221//221 191//191
f 222//222 221//221 192//192
f 193//193 222//222 192//192
f 223//223 222//222 193//193
f 194//194 223//223 193//193
f 224//224 223//223 194//194
f 195//195 224//224 194//194
f 225//225 224//224 195//195
f 196//196 225//225 195//195
f 226//226 225//225 196//196
f 197//197 226//226 196//196
f 227//227 226//226 197//197
f 198//198 227//227 197//197
f 228//228 227//227 198//198
f 199//199 228//228 198//198
f 229//229 228//228 199//199
f 200//200 229//229 199//199
f 230//230 229//229 200//200
f 201//201 230//230 200//200
f 231//231 230//230 201//201
f 202//202 231//231 201//201
f 232//232 231//231 202//202
f 203//203 232//232 202//202
f 233//233 232//232 203//203
f 204//204 233//233 203//203
f 234//234 233//233 204//204
f 205//205 234//234 204//204
f 235//235 234//234 205//205
f 206//206 235//235 205//205
f 236//236 235//235 206//206
f 207//207 236//236 206//206
f 237//237 236//236 207//207
f 208//208 237//237 207//207
f 238//238 237//237 208//208
f 209//209 238//238 208//208
f 239//239 238//238 209//209
f 210//210 239//239 209//209
f 240//240 239//239 210//210
f 181//181 240//240 210//210
f 211//211 240//240 181//181
f 212//212 241//241 211//211
f 242//242 241//241 212//212
f 213//213 242//242 212//212
f 243//243 242//242 213//213
f 214//214 243//243 213//213
f 244//244 243//243 214//214
f 215//215 244//244 214//214
f 245//245 244//244 215//215
f 216//216 245//245 215//215
f 246//246 245//245 216//216
f 217//217 246//246 216//216
f 247//247 246//246 217//217
f 218//218 247//247 217//217
f 248//248 247//247 218//218
f 219//219 248//248 218//218
f 249//249 248//248 219//219
f 220//220 249//249 219//219
f 250//250 249//249 220//220
f 221//221 250//250 220//220
f 251//251 250//250 221//221
f 222//222 251//251 221//221
f 252//252 251//251 222//222
f 223//223 252//252 222//222
f 253//253 252//252 223//223
f 224//224 253//253 223//223
f 254//254 253//253 224//224
f 225//225 254//254 224//224
f 255//255 254//254 225//225
f 226//226 255//255 225//225
f 256//256 255//255 226//226
f 227//227 256//256 226//226
f 257//257 256//256 227//227
f 228//228 257//257 227//227
f 258//258 257//257 228//228
f 229//229 258//258 228//228
f 259//259 258//258 229//229
f 230//230 259//259 229//229
f 260//260 259//259 230//230
f 231//231 260//260 230//230
f 261//261 260//260 231//231
f 232//232 261//261 231//231
f 262//262 261//261 232//232
f 233//233 262//262 232//232
f 263//263 262//262 233//233
f 234//234 263//263 233//233
f 264//264 263//263 234//234
f 235//235 264//264 234//234
f 265//265 264//264 235//235
f 236//236 265//265 235//235
f 266//266 265//265 236//236
f 237//237 266//266 236//236
f 267//267 266//266 237//237
f 238//238 267//267 237//237
f 268//268 267//267 238//238
f 239//239 268//268 238//238
f 269//269 268//268 239//239
f 240//240 269//269 239//239
f 270//270 269//269 240//240
f 211//211 270//270 240//240
f 241//241 270//270 211//211
f 242//242 271//271 241//241
f 272//272 271//271 242//242
f 243//243 272//272 242//242
f 273//273 272//272 243//243
f 244//244 273//273 243//243
f 274//274 273//273 244//244
f 245//245 274//274 244//244
f 275//275 274//274 245//245
f 246//246 275//275 245//245
f 276//276 275//275 246//246
f 247//247 276//276 246//246
f 277//277 276//276 247//247
f 248//248 277//277 247//247
f 278//278 277//277 248//248
f 249//249 278//278 248//248
f 279//279 278//278 249//249
f 250//250 279//279 249//249
f 280//280 279//279 250//250
f 251//251 280//280 250//250
f 281//281 280//280 251//251
f 252//252 281//281 251//251
f 282//282 281//281 252//252
f 253//253 282//282 252//252
f 283//283 282//282 253//253
f 254//254 283//283 253//253
f 284//284 283//283 254//254
f 255//255 284//284 254//254
f 285//285 284//284 255//255
f 256//256 285//285 255//255
f 286//286 285//285 256//256
f 257//257 286//286 256//256
f 287//287 286//286 257//257
f 258//258 287//287 257//257
f 288//288 287//287 258//258
f 259//259 288//288 258//258
f 289//289 288//288 259//259
f 260//260 289//289 259//259
f 290//290 289//289 260//260
f 261//261 290//290 260//260
f 291//291 290//290 261//261
f 262//262 291//291 261//261
f 292//292 291//291 262//262
f 263//263 292//292 262//262
f 293//293 292//292 263//263
f 264//264 293//293 263//263
f 294//294 293//293 264//264
f 265//265 294//294 264//264
f 295//295 294//294 265//265
f 266//266 295//295 265//265
f 296//296 295//295 266//266
f 267//267 296//296 266//266
f 297//297 296//296 267//267
f 268//268 297//297 267//267
f 298//298 297//297 268//268
f 269//269 298//298 268//268
f 299//299 298//298 269//269
f 270//270 299//299 269//269
f 300//300 299//299 270//270
f 241//241 300//300 270//270
f 271//271 300//300 241//241
f 272//272 301//301 271//271
f 302//302 301//301 272//272
f 273//273 302//302 272//272
f 303//303 302//302 273//273
f 274//274 303//303 273//273
f 304//304 303//303 274//274
f 275//275 304//304 274//274
f 305//305 304//304 275//275
f 276//276 305//305 275//275
f 306//306 305//305 276//276
f 277//277 306//306 276//276
f 307//307 306//306 277//277
f 278//278 307//307 277//277
f 308//308 307//307 278//278
f 279//279 308//308 278//278
f 309//309 308//308 279//279
f 280//280 309//309 279//279
f 310//310 309//309 280//280
f 281//281 310//310 280//280
f 311//311 310//310 281//281
f 282//282 311//311 281//281
f 312//312 311//311 282//282
f 283//283 312//312 282//282
f 313//313 312//312 283//283
f 284//284 313//313 283//283
f 314//314 313//313 284//284
f 285//285 314//314 284//284
f 315//315 314//314 285//285
f 286//286 315//315 285//285
f 316//316 315//315 286//286
f 287//287 316//316 286//286
f 317//317 316//316 287//287
f 288//288 317//317 287//287
f 318//318 317//317 288//288
f 289//289 318//318 288//288
f 319//319 318//318 289//289
f 290//290 319//319 289//289
f 320//320 319//319 290//290
f 291//291 320//320 290//290
f 321//321 320//320 291//291
f 292//292 321//321 291//291
f 322//322 321//321 292//292
f 293//293 322//322 292//292
f 323//323 322//322 293//293
f 294//294 323//323 293//293
f 324//324 323//323 294//294
f 295//295 324//324 294//294
f 325//325 324//324 295//295
f 296//296 325//325 295//295
f 326//326 325//325 296//296
f 297//297 326//326 296//296
f 327//327 326//326 297//297
f 298//298 327//327 297//297
f 328//328 327//327 298//298
f 299//299 328//328 298//298
f 329//329 328//328 299//299
f 300//300 329//329 299//299
f 330//330 329//329 300//300
f 271//271 330//330 300//300
f 301//301 330//330 271//271
f 302//302 331//331 301//301
f 332//332 331//331 302//302
f 303//303 332//332 302//302
f 333//333 332//332 303//303
f 304//304 333//333 303//303
f 334//334 333//333 304//304
f 305//305 334//334 304//304
f 335//335 334//334 305//305
f 306//306 335//335 305//305
f 336//336 335//335 306//306
f 307//307 336//336 306//306
f 337//337 336//336 307//307
f 308//308 337//337 307//307
f 338//338 337//337 308//308
f 309//309 338//338 308//308
f 339//339 338//338 309//309
f 310//310 339//339 309//309
f 340//340 339//339 310//310
f 311//311 340//340 310//310
f 341//341 340//340 311//311
f 312//312 341//341 311//311
f 342//342 341//341 312//312
f 313//313 342//342 312//312
f 343//343 342//342 313//313
f 314//314 343//343 313//313
f 344//344 343//343 314//314
f 315//315 344//344 314//314
f 345//345 344//344 315//315
f 316//316 345//345 315//315
f 346//346 345//345 316//316
f 317//317 346//346 316//316
f 347//347 346//346 317//317
f 318//318 347//347 317//317
f 348//348 347//347 318//318
f 319//319 348//348 318//318
f 349//349 348//348 319//319
f 320//320 349//349 319//319
f 350//350 349//349 320//320
f 321//321 350//350 320//320
f 351//351 350//350 321//321
f 322//322 351//351 321//321
f 352//352 351//351 322//322
f 323//323 352//352 322//322
f 353//353 352//352 323//323
f 324//324 353//353 323//323
f 354//354 353//353 324//324
f 325//325 354//354 324//324
f 355//355 354//354 325//325
f 326//326 355//355 325//325
f 356//356 355//355 326//326
f 327//327 356//356 326//326
f 357//357 356//356 327//327
f 328//328 357//357 327//327
f 358//358 357//357 328//328
f 329//329 358//358 328//328
f 359//359 358//358 329//329
f 330//330 359//359 329//329
f 360//360 359//359 330//330
f 301//301 360//360 330//330
f 331//331 360//360 301//301
f 332//332 361//361 331//331
f 362//362 361//361 332//332
f 333//333 362//362 332//332
f 363//363 362//362 333//333
f 334//334 363//363 333//333
f 364//364 363//363 334//334
f 335//335 364//364 334//334
f 365//365 364//364 335//335
f 336//336 365//365 335//335
f 366//366 365//365 336//336
f 337//337 366//366 336//336
f 367//367 366//366 337//337
f 338//338 367//367 337//337
f 368//368 367//367 338//338
f 339//339 368//368 338//338
f 369//369 368//368 339//339
f 340//340 369//369 339//339
f 370//370 369//369 340//340
f 341//341 370//370 340//340
f 371//371 370//370 341//341
f 342//342 371//371 341//341
f 372//372 371//371 342//342
f 343//343 372//372 342//342
f 373//373 372//372 343//343
f 344//344 373//373 343//343
f 374//374 373//373 344//344
f 345//345 374//374 344//344
f 375//375 374//374 345//345
f 346//346 375//375 345//345
f 376//376 375//375 346//346
f 347//347 376//376 346//346
f 377//377 376//376 347//347
f 348//348 377//377 347//347
f 378//378 377//377 348//348
f 349//349 378//378 348//348
f 379//379 378//378 349//349
f 350//350 379//379 349//349
f 380//380 379//379 350//350
f 351//351 380//380 350//350
f 381//381 380//380 351//351
f 352//352 381//381 351//351
f 382//382 381//381 352//352
f 353//353 382//382 352//352
f 383//383 382//382 353//353
f 354//354 383//383 353//353
f 384//384 383//383 354//354
f 355//355 384//384 354//354
f 385//385 384//384 355//355
f 356//356 385//385 355//355
f 386//386 385//385 356//356
f 357//357 386//386 356//356
f 387//387 386//386 357//357
f 358//358 387//387 357//357
f 388//388 387//387 358//358
f 359//359 388//388 358//358
f 389//389 388//388 359//359
f 360//360 389//389 359//359
f 390//390 389//389 360//360
f 331//331 390//390 360//360
f 361//361 390//390 331//331
f 362//362 391//391 361//361
f 392//392 391//391 362//362
f 363//363 392//392 362//362
f 393//393 392//392 363//363
f 364//364 393//393 363//363
f 394//394 393//393 364//364
f 365//365 394//394 364//364
f 395//395 394//394 365//365
f 366//366 395//395 365//365
f 396//396 395//395 366//366
f 367//367 396//396 366//366
f 397//397 396//396 367//367
f 368//368 397//397 367//367
f 398//398 397//397 368//368
f 369//369 398//398 368//368
f 399//399 398//398 369//369
f 370//370 399//399 369//369
f 400//400 399//399 370//370
f 371//371 400//400 370//370
f 401//401 400//400 371//371
f 372//372 401//401 371//371
f 402//402 401//401 372//372
f 373//373 402//402 372//372
f 403//403 402//402 373//373
f 374//374 403//403 373//373
f 404//404 403//403 374//374
f 375//375 404//404 374//374
f 405//405 404//404 375//375
f 376//376 405//405 375//375
f 406//406 405//405 376//376
f 377//377 406//406 376//376
f 407//407 406//406 377//377
f 378//378 407//407 377//377
f 408//408 407//407 378//378
f 379//379 408//408 378//378
f 409//409 408//408 379//379
f 380//380 409//409 379//379
f 410//410 409//409 380//380
f 381//381 410//410 380//380
f 411//411 410//410 381//381
f 382//382 411//411 381//381
f 412//412 411//411 382//382
f 383//383 412//412 382//382
f 413//413 412//412 383//383
f 384//384 413//413 383//383
f 414//414 413//413 384//384
f 385//385 414//414 384//384
f 415//415 414//414 385//385
f 386//386 415//415 385//385
f 416//416 415//415 386//386
f 387//387 416//416 386//386
f 417//417 416//416 387//387
f 388//388 417//417 387//387
f 418//418 417//417 388//388
f 389//389 418//418 388//388
f 419//419 418//418 389//389
f 390//390 419//419 389//389
f 420//420 419//419 390//390
f 361//361 420//420 390//390
f 391//391 420//420 361//361
f 392//392 421//421 391//391
f 422//422 421//421 392//392
f 393//393 422//422 392//392
f 423//423 422//422 393//393
f 394//394 423//423 393//393
f 424//424 423//423 394//394
f 395//395 424//424 394//394
f 425//425 424//424 395//395
f 396//396 425//425 395//395
f 426//426 425//425 396//396
f 397//397 426//426 396//396
f 427//427 426//426 397//397
f 398//398 427//427 397//397
f 428//428 427//427 398//398
f 399//399 428//428 398//398
f 429//429 428//428 399//399
f 400//400 429//429 399//399
f 430//430 429//429 400//400
f 401//401 430//430 400//400
f 431//431 430//430 401//401
f 402//402 431//431 401//401
f 432//432 431//431 402//402
f 403//403 432//432 402//402
f 433//433 432//432 403//403
f 404//404 433//433 403//403
f 434//434 433//433 404//404
f 405//405 434//434 404//404
f 435//435 434//434 405//405
f 406//406 435//435 405//405
f 436//436 435//435 406//406
f 407//407 436//436 406//406
f 437//437 436//436 407//407
f 408//408 437//437 407//407
f 438//438 437//437 408//408
f 409//409 438//438 408//408
f 439//439 438//438 409//409
f 410//410 439//439 409//409
f 440//440 439//439 410//410
f 411//411 440//440 410//410
f 441//441 440//440 411//411
f 412//412 441//441 411//411
f 442//442 441//441 412//412
f 413//413 442//442 412//412
f 443//443 442//442 413//413
f 414//414 443//443 413//413
f 444//444 443//443 414//414
f 415//415 444//444 414//414
f 445//445 444//444 415//415
f 416//416 445//445 415//415
f 446//446 445//445 416//416
f 417//417 446//446 416//416
f 447//447 446//446 417//417
f 418//418 447//447 417//417
f 448//448 447//447 418//418
f 419//419 448//448 418//418
f 449//449 448//448 419//419
f 420//420 449//449 419//419
f 450//450 449//449 420//420
f 391//391 450//450 420//420
f 421//421 450//450 391//391
f 422//422 451//451 421//421
f 452//452 451//451 422//422
f 423//423 452//452 422//422
f 453//453 452//452 423//423
f 424//424 453//453 423//423
f 454//454 453//453 424//424
f 425//425 454//454 424//424
f 455//455 454//454 425//425
f 426//426 455//455 425//425
f 456//456 455//455 426//426
f 427//427 456//456 426//426
f 457//457 456//456 427//427
f 428//428 457//457 427//427
f 458//458 457//457 428//428
f 429//429 458//458 428//428
f 459//459 458//458 429//429
f 430//430 459//459 429//429
f 460//460 459//459 430//430
f 431//431 460//460 430//430
f 461//461 460//460 431//431
f 432//432 461//461 431//431
f 462//462 461//461 432//432
f 433//433 462//462 432//432
f 463//463 462//462 433//433
f 434//434 463//463 433//433
f 464//464 463//463 434//434
f 435//435 464//464 434//434
f 465//465 464//464 435//435
f 436//436 465//465 435//435
f 466//466 465//465 436//436
f 437//437 466//466 436//436
f 467//467 466//466 437//437
f 438//438 467//467 437//437
f 468//468 467//467 438//438
f 439//439 468//468 438//438
f 469//469 468//468 439//439
f 440//440 469//469 439//439
f 470//470 469//469 440//440
f 441//441 470//470 440//440
f 471//471 470//470 441//441
f 442//442 471//471 441//441
f 472//472 471//471 442//442
f 443//443 472//472 442//442
f 473//473 472//472 443//443
f 444//444 473//473 443//443
f 474//474 473//473 444//444
f 445//445 474//474 444//444
f 475//475 474//474 445//445
f 446//446 475//475 445//445
f 476//476 475//475 446//446
f 447//447 476//476 446//446
f 477//477 476//476 447//447
f 448//448 477//477 447//447
f 478//478 477//477 448//448
f 449//449 478//478 448//448
f 479//479 478//478 449//449
f 450//450 479//479 449//449
f 480//480 479//479 450//450
f 421//421 480//480 450//450
f 451//451 480//480 421//421
f 452//452 481//481 451//451
f 482//482 481//481 452//452
f 453//453 482//482 452//452
f 483//483 482//482 453//453
f 454//454 483//483 453//453
f 484//484 483//483 454//454
f 455//455 484//484 454//454
f 485//485 484//484 455//455
f 456//456 485//485 455//455
f 486//486 485//485 456//456
f 457//457 486//486 456//456
f 487//487 486//486 457//457
f 458//458 487//487 457//457
f 488//488 487//487 458//458
f 459//459 488//488 458//458
f 489//489 488//488 459//459
f 460//460 489//489 459//459
f 490//490 489//489 460//460
f 461//461 490//490 460//460
f 491//491 490//490 461//461
f 462//462 491//491 461//461
f 492//492 491//491 462//462
f 463//463 492//492 462//462
f 493//493 492//492 463//463
f 464//464 493//493 463//463
f 494//494 493//493 464//464
f 465//465 494//494 464//464
f 495//495 494//494 465//465
f 466//466 495//495 465//465
f 496//496 495//495 466//466
f 467//467 496//496 466//466
f 497//497 496//496 467//467
f 468//468 497//497 467//467
f 498//498 497//497 468//468
f 469//469 498//498 468//468
f 499//499 498//498 469//469
f 470//470 499//499 469//469
f 500//500 499//499 470//470
f 471//471 500//500 470//470
f 501//501 500//500 471//471
f 472//472 501//501 471//471
f 502//502 501//501 472//472
f 473//473 502//502 472//472
f 503//503 502//502 473//473
f 474//474 503//503 473//473
f 504//504 503//503 474//474
f 475//475 504//504 474//474
f 505//505 504//504 475//475
f 476//476 505//505 475//475
f 506//506 505//505 476//476
f 477//477 506//506 476//476
f 507//507 506//506 477//477
f 478//478 507//507 477//477
f 508//508 507//507 478//478
f 479//479 508//508 478//478
f 509//509 508//508 479//479
f 480//480 509//509 479//479
f 510//510 509//509 480//480
f 451//451 510//510 480//480
f 481//481 510//510 451//451
f 482//482 511//511 481//481
f 512//512 511//511 482//482
f 483//483 512//512 482//482
f 513//513 512//512 483//483
f 484//484 513//513 483//483
f 514//514 513//513 484//484
f 485//485 514//514 484//484
f 515//515 514//514 485//485
f 486//486 515//515 485//485
f 516//516 515//515 486//486
f 487//487 516//516 486//486
f 517//517 516//516 487//487
f 488//488 517//517 487//487
f 518//518 517//517 488//488
f 489//489 518//518 488//488
f 519//519 518//518 489//489
f 490//490 519//519 489//489
f 520//520 519//519 490//490
f 491//491 520//520 490//490
f 521//521 520//520 491//491
f 492//492 521//521 491//491
f 522//522 521//521 492//492
f 493//493 522//522 492//492
f 523//523 522//522 493//493
f 494//494 523//523 493//493
f 524//524 523//523 494//494
f 495//495 524//524 494//494
f 525//525 524//524 495//495
f 496//496 525//525 495//495
f 526//526 525//525 496//496
f 497//497 526//526 496//496
f 527//527 526//526 497//497
f 498//498 527//527 497//497
f 528//528 527//527 498//498
f 499//499 528//528 498//498
f 529//529 528//528 499//499
f 500//500 529//529 499//499
f 530//530 529//529 500//500
f 501//501 530//530 500//500
f 531//531 530//530 501//501
f 502//502 531//531 501//501
f 532//532 531//531 502//502
f 503//503 532//532 502//502
f 533//533 532//532 503//503
f 504//504 533//533 503//503
f 534//534 533//533 504//504
f 505//505 534//534 504//504
f 535//535 534//534 505//505
f 506//506 535//535 505//505
f 536//536 535//535 506//506
f 507//507 536//536 506//506
f 537//537 536//536 507//507
f 508//508 537//537 507//507
f 538//538 537//537 508//508
f 509//509 538//538 508//508
f 539//539 538//538 509//509
f 510//510 539//539 509//509
f 540//540 539//539 510//510
f 481//481 540//540 510//510
f 511//511 540//540 481//481
f 512//512 541//541 511//511
f 542//542 541//541 512//512
f 513//513 542//542 512//512
f 543//543 542//542 513//513
f 514//514 543//543 513//513
f 544//544 543//543 514//514
f 515//515 544//544 514//514
f 545//545 544//544 515//515
f 516//516 545//545 515//515
f 546//546 545//545 516//516
f 517//517 546//546 516//516
f 547//547 546//546 517//517
f 518//518 547//547 517//517
f 548//548 547//547 518//518
f 519//519 548//548 518//518
f 549//549 548//548 519//519
f 520//520 549//549 519//519
f 550//550 549//549 520//520
f 521//521 550//550 520//520
f 551//551 550//550 521//521
f 522//522 551//551 521//521
f 552//552 551//551 522//522
f 523//523 552//552 522//522
f 553//553 552//552 523//523
f 524//524 553//553 523//523
f 554//554 553//553 524//524
f 525//525 554//554 524//524
f 555//555 554//554 525//525
f 526//526 555//555 525//525
f 556//556 555//555 526//526
f 527//527 556//556 526//526
f 557//557 556//556 527//527
f 528//528 557//557 527//527
f 558//558 557//557 528//528
f 529//529 558//558 528//528
f 559//559 558//558 529//529
f 530//530 559//559 529//529
f 560//560 559//559 530//530
f 531//531 560//560 530//530
f 561//561 560//560 531//531
f 532//532 561//561 531//531
f 562//562 561//561 532//532
f 533//533 562//562 532//532
f 563//563 562//562 533//533
f 534//534 563//563 533//533
f 564//564 563//563 534//534
f 535//535 564//564 534//534
f 565//565 564//564 535//535
f 536//536 565//565 535//535
f 566//566 565//565 536//536
f 537//537 566//566 536//536
f 567//567 566//566 537//537
f 538//538 567//567 537//537
f 568//568 567//567 538//538
f 539//539 568//568 538//538
f 569//569 568//568 539//539
f 540//540 569//569 539//539
f 570//570 569//569 540//540
f 511//511 570//570 540//540
f 541//541 570//570 511//511
f 542//542 571//571 541//541
f 572//572 571//571 542//542
f 543//543 572//572 542//542
f 573//573 572//572 543//543
f 544//544 573//573 543//543
f 574//574 573//573 544//544
f 545//545 574//574 544//544
f 575//575 574//574 545//545
f 546//546 575//575 545//545
f 576//576 575//575 546//546
f 547//547 576//576 546//546
f 577//577 576//576 547//547
f 548//548 577//577 547//547
f 578//578 577//577 548//548
f 549//549 578//578 548//548
f 579//579 578//578 549//549
f 550//550 579//579 549//549
f 580//580 579//579 550//550
f 551//551 580//580 550//550
f 581//581 580//580 551//551
f 552//552 581//581 551//551
f 582//582 581//581 552//552
f 553//553 582//582 552//552
f 583//583 582//582 553//553
f 554//554 583//583 553//553
f 584//584 583//583 554//554
f 555//555 584//584 554//554
f 585//585 584//584 555//555
f 556//556 585//585 555//555
f 586//586 585//585 556//556
f 557//557 586//586 556//556
f 587//587 586//586 557//557
f 558//558 587//587 557//557
f 588//588 587//587 558//558
f 559//559 588//588 558//558
f 589//589 588//588 559//559
f 560//560 589//589 559//559
f 590//590 589//589 560//560
f 561//561 590//590 560//560
f 591//591 590//590 561//561
f 562//562 591//591 561//561
f 592//592 591//591 562//562
f 563//563 592//592 562//562
f 593//593 592//592 563//563
f 564//564 593//593 563//563
f 594//594 593//593 564//564
f 565//565 594//594 564//564
f 595//595 594//594 565//565
f 566//566 595//595 565//565
f 596//596 595//595 566//566
f 567//567 596//596 566//566
f 597//597 596//596 567//567
f 568//568 597//597 567//567
f 598//598 597//597 568//568
f 569//569 598//598 568//568
f 599//599 598//598 569//569
f 570//570 599//599 569//569
f 600//600 599//599 570//570
f 541//541 600//600 570//570
f 571//571 600//600 541//541
f 572//572 601//601 571//571
f 602//602 601//601 572//572
f 573//573 602//602 572//572
f 603//603 602//602 573//573
f 574//574 603//603 573//573
f 604//604 603//603 574//574
f 575//575 604//604 574//574
f 605//605 604//604 575//575
f 576//576 605//605 575//575
f 606//606 605//605 576//576
f 577//577 606//606 576//576
f 607//607 606//606 577//577
f 578//578 607//607 577//577
f 608//608 607//607 578//578
f 579//579 608//608 578//578
f 609//609 608//608 579//579
f 580//580 609//609 579//579
f 610//610 609//609 580//580
f 581//581 610//610 580//580
f 611//611 610//610 581//581
f 582//582 611//611 581//581
f 612//612 611//611 582//582
f 583//583 612//612 582//582
f 613//613 612//612 583//583
f 584//584 613//613 583//583
f 614//614 613//613 584//584
f 585//585 614//614 584//584
f 615//615 614//614 585//585
f 586//586 615//615 585//585
f 616//616 615//615 586//586
f 587//587 616//616 586//586
f 617//617 616//616 587//587
f 588//588 617//617 587//587
f 618//618 617//617 588//588
f 589//589 618//618 588//588
f 619//619 618//618 589//589
f 590//590 619//619 589//589
f 620//620 619//619 590//590
f 591//591 620//620 590//590
f 621//621 620//620 591//591
f 592//592 621//621 591//591
f 622//622 621//621 592//592
f 593//593 622//622 592//592
f 623//623 622//622 593//593
f 594//594 623//623 593//593
f 624//624 623//623 594//594
f 595//595 624//624 594//594
f 625//625 624//624 595//595
f 596//596 625//625 595//595
f 626//626 625//625 596//596
f 597//597 626//626 596//596
f 627//627 626//626 597//597
f 598//598 627//627 597//597
f 628//628 627//627 598//598
f 599//599 628//628 598//598
f 629//629 628//628 599//599
f 600//600 629//629 599//599
f 630//630 629//629 600//600
f 571//571 630//630 600//600
f 601//601 630//630 571//571
f 661//661 632//632 631//631
f 661//661 662//662 632//632
f 662//662 633//633 632//632
f 662//662 663//663 633//633
f 663//663 634//634 633//633
f 663//663 664//664 634//634
f 664//664 635//635 634//634
f 664//664 665//665 635//635
f 665//665 636//636 635//635
f 665//665 666//666 636//636
f 666//666 637//637 636//636
f 666//666 667//667 637//637
f 667//667 638//638 637//637
f 667//667 668//668 638//638
f 668//668 639//639 638//638
f 668//668 669//669 639//639
f 669//669 640//640 639//639
f 669//669 670//670 640//640
f 670//670 641//641 640//640
f 670//670 671//671 641//641
f 671//671 642//642 641//641
f 671//671 672//672 642//642
f 672//672 643//643 642//642
f 672//672 673//673 643//643
f 673//673 644//644 643//643
f 673//673 674//674 644//644
f 674//674 645//645 644//644
f 674//674 675//675 645//645
f 675//675 646//646 645//645
f 675//675 676//676 646//646
f 676//676 647//647 646//646
f 676//676 677//677 647//647
f 677//677 648//648 647//647
f 677//677 678//678 648//648
f 678//678 649//649 648//648
f 678//678 679//679 649//649
f 679//679 650//650 649//649
f 679//679 680//680 650//650
f 680//680 651//651 650//650
f 680//680 681//681 651//651
f 681//681 652//652 651//651
f 681//681 682//682 652//652
f 682//682 653//653 652//652
f 682//682 683//683 653//653
f 683//683 654//654 653//653
f 683//683 684//684 654//654
f 684//684 655//655 654//654
f 684//684 685//685 655//655
f 685//685 656//656 655//655
f 685//685 686//686 656//656
f 686//686 657//657 656//656
f 686//686 687//687 657//657
f 687//687 658//658 657//657
f 687//687 688//688 658//658
f 688//688 659//659 658//658
f 688//688 689//689 659//659
f 689//689 660//660 659//659
f 689//689 690//690 660//660
f 690//690 631//631 660//660
f 690//690 661//661 631//631
f 691//691 662//662 661//661
f 691//691 692//692 662//662
f 692//692 663//663 662//662
f 692//692 693//693 663//663
f 693//693 664//664 663//663
f 693//693 694//694 664//664
f 694//694 665//665 664//664
f 694//694 695//695 665//665
f 695//695 666//666 665//665
f 695//695 696//696 666//666
f 696//696 667//667 666//666
f 696//696 697//697 667//667
f 697//697 668//668 667//667
f 697//697 698//698 668//668
f 698//698 669//669 668//668
f 698//698 699//699 669//669
f 699//699 670//670 669//669
f 699//699 700//700 670//670
f 700//700 671//671 670//670
f 700//700 701//701 671//671
f 701//701 672//672 671//671
f 701//701 702//702 672//672
f 702//702 673//673 672//672
f 702//702 703//703 673//673
f 703//703 674//674 673//673
f 703//703 704//704 674//674
f 704//704 675//675 674//674
f 704//704 705//705 675//675
f 705//705 676//676 675//675
f 705//705 706//706 676//676
f 706//706 677//677 676//676
f 706//706 707//707 677//677
f 707//707 678//678 677//677
f 707//707 708//708 678//678
f 708//708 679//679 678//678
f 708//708 709//709 679//679
f 709//709 680//680 679//679
f 709//709 710//710 680//680
f 710//710 681//681 680//680
f 710//710 711//711 681//681
f 711//711 682//682 681//681
f 711//711 712//712 682//682
f 712//712 683//683 682//682
f 712//712 713//713 683//683
f 713//713 684//684 683//683
f 713//713 714//714 684//684
f 714//714 685//685 684//684
f 714//714 715//715 685//685
f 715//715 686//686 685//685
f 715//715 716//716 686//686
f 716//716 687//687 686//686
f 716//716 717//717 687//687
f 717//717 688//688 687//687
f 717//717 718//718 688//688
f 718//718 689//689 688//688
f 718//718 719//719 689//689
f 719//719 690//690 689//689
f 719//719 720//720 690//690
f 720//720 661//661 690//690
f 720//720 691//691 661//661
f 721//721 692//692 691//691
f 721//721 722//722 692//692
f 722//722 693//693 692//692
f 722//722 723//723 693//693
f 723//723 694//694 693//693
f 723//723 724//724 694//694
f 724//724 695//695 694//694
f 724//724 725//725 695//695
f 725//725 696//696 695//695
f 725//725 726//726 696//696
f 726//726 697//697 696//696
f 726//726 727//727 697//697
f 727//727 698//698 697//697
f 727//727 728//728 698//698
f 728//728 699//699 698//698
f 728//728 729//729 699//699
f 729//729 700//700 699//699
f 729//729 730//730 700//700
f 730//730 701//701 700//700
f 730//730 731//731 701//701
f 731//731 702//702 701//701
f 731//731 732//732 702//702
f 732//732 703//703 702//702
f 732//732 733//733 703//703
f 733//733 704//704 703//703
f 733//733 734//734 704//704
f 734//734 705//705 704//704
f 734//734 735//735 705//705
f 735//735 706//706 705//705
f 735//735 736//736 706//706
f 736//736 707//707 706//706
f 736//736 737//737 707//707
f 737//737 708//708 707//707
f 737//737 738//738 708//708
f 738//738 709//709 708//708
f 738//738 739//739 709//709
f 739//739 710//710 709//709
f 739//739 740//740 710//710
f 740//740 711//711 710//710
f 740//740 741//741 711//711
f 741//741 712//712 711//711
f 741//741 742//742 712//712
f 742//742 713//713 712//712
f 742//742 743//743 713//713
f 743//743 714//714 713//713
f 743//743 744//744 714//714
f 744//744 715//715 714//714
f 744//744 745//745 715//715
f 745//745 716//716 715//715
f 745//745 746//746 716//716
f 746//746 717//717 716//716
f 746//746 747//747 717//717
f 747//747 718//718 717//717
f 747//747 748//748 718//718
f 748//748 719//719 718//718
f 748//748 749//749 719//719
f 749//749 720//720 719//719
f 749//749 750//750 720//720
f 750//750 691//691 720//720
f 750//750 721//721 691//691
f 751//751 722//722 721//721
f 751//751 752//752 722//722
f 752//752 723//723 722//722
f 752//752 753//753 723//723
f 753//753 724//724 723//723
f 753//753 754//754 724//724
f 754//754 725//725 724//724
f 754//754 755//755 725//725
f 755//755 726//726 725//725
f 755//755 756//756 726//726
f 756//756 727//727 726//726
f 756//756 757//757 727//727
f 757//757 728//728 727//727
f 757//757 758//758 728//728
f 758//758 729//729 728//728
f 758//758 759//759 729//729
f 759//759 730//730 729//729
f 759//759 760//760 730//730
f 760//760 731//731 730//730
f 760//760 761//761 731//731
f 761//761 732//732 731//731
f 761//761 762//762 732//732
f 762//762 733//733 732//732
f 762//762 763//763 733//733
f 763//763 734//734 733//733
f 763//763 764//764 734//734
f 764//764 735//735 734//734
f 764//764 765//765 735//735
f 765//765 736//736 735//735
f 765//765 766//766 736//736
f 766//766 737//737 736//736
f 766//766 767//767 737//737
f 767//767 738//738 737//737
f 767//767 768//768 738//738
f 768//768 739//739 738//738
f 768//768 769//769 739//739
f 769//769 740//740 739//739
f 769//769 770//770 740//740
f 770//770 741//741 740//740
f 770//770 771//771 741//741
f 771//771 742//742 741//741
f 771//771 772//772 742//742
f 772//772 743//743 742//742
f 772//772 773//773 743//743
f 773//773 744//744 743//743
f 773//773 774//774 744//744
f 774//774 745//745 744//744
f 774//774 775//775 745//745
f 775//775 746//746 745//745
f 775//775 776//776 746//746
f 776//776 747//747 746//746
f 776//776 777//777 747//747
f 777//777 748//748 747//747
f 777//777 778//778 748//748
f 778//778 749//749 748//748
f 778//778 779//779 749//749
f 779//779 750//750 749//749
f 779//779 780//780 750//750
f 780//780 721//721 750//750
f 780//780 751//751 721//721
f 781//781 752//752 751//751
f 781//781 782//782 752//752
f 782//782 753//753 752//752
f 782//782 783//783 753//753
f 783//783 754//754 753//753
f 783//783 784//784 754//754
f 784//784 755//755 754//754
f 784//784 785//785 755//755
f 785//785 756//756 755//755
f 785//785 786//786 756//756
f 786//786 757//757 756//756
f 786//786 787//787 757//757
f 787//787 758//758 757//757
f 787//787 788//788 758//758
f 788//788 759//759 758//758
f 788//788 789//789 759//759
f 789//789 760//760 759//759
f 789//789 790//790 760//760
f 790//790 761//761 760//760
f 790//790 791//791 761//761
f 791//791 762//762 761//761
f 791//791 792//792 762//762
f 792//792 763//763 762//762
f 792//792 793//793 763//763
f 793//793 764//764 763//763
f 793//793 794//794 764//764
f 794//794 765//765 764//764
f 794//794 795//795 765//765
f 795//795 766//766 765//765
f 795//795 796//796 766//766
f 796//796 767//767 766//766
f 796//796 797//797 767//767
f 797//797 768//768 767//767
f 797//797 798//798 768//768
f 798//798 769//769 768//768
f 798//798 799//799 769//769
f 799//799 770//770 769//769
f 799//799 800//800 770//770
f 800//800 771//771 770//770
f 800//800 801//801 771//771
f 801//801 772//772 771//771
f 801//801 802//802 772//772
f 802//802 773//773 772//772
f 802//802 803//803 773//773
f 803//803 774//774 773//773
f 803//803 804//804 774//774
f 804//804 775//775 774//774
f 804//804 805//805 775//775
f 805//805 776//776 775//775
f 805//805 806//806 776//776
f 806//806 777//777 776//776
f 806//806 807//807 777//777
f 807//807 778//778 777//777
f 807//807 808//808 778//778
f 808//808 779//779 778//778
f 808//808 809//809 779//779
f 809//809 780//780 779//779
f 809//809 810//810 780//780
f 810//810 751//751 780//780
f 810//810 781//781 751//751
f 811//811 782//782 781//781
f 811//811 812//812 782//782
f 812//812 783//783 782//782
f 812//812 813//813 783//783
f 813//813 784//784 783//783
f 813//813 814//814 784//784
f 814//814 785//785 784//784
f 814//814 815//815 785//785
f 815//815 786//786 785//785
f 815//815 816//816 786//786
f 816//816 787//787 786//786
f 816//816 817//817 787//787
f 817//817 788//788 787//787
f 817//817 818//818 788//788
f 818//818 789//789 788//788
f 818//818 819//819 789//789
f 819//819 790//790 789//789
f 819//819 820//820 790//790
f 820//820 791//791 790//790
f 820//820 821//821 791//791
f 821//821 792//792 791//791
f 821//821 822//822 792//792
f 822//822 793//793 792//792
f 822//822 823//823 793//793
f 823//823 794//794 793//793
f 823//823 824//824 794//794
f 824//824 795//795 794//794
f 824//824 825//825 795//795
f 825//825 796//796 795//795
f 825//825 826//826 796//796
f 826//826 797//797 796//796
f 826//826 827//827 797//797
f 827//827 798//798 797//797
f 827//827 828//828 798//798
f 828//828 799//799 798//798
f 828//828 829//829 799//799
f 829//829 800//800 799//799
f 829//829 830//830 800//800
f 830//830 801//801 800//800
f 830//830 831//831 801//801
f 831//831 802//802 801//801
f 831//831 832//832 802//802
f 832//832 803//803 802//802
f 832//832 833//833 803//803
f 833//833 804//804 803//803
f 833//833 834//834 804//804
f 834//834 805//805 804//804
f 834//834 835//835 805//805
f 835//835 806//806 805//805
f 835//835 836//836 806//806
f 836//836 807//807 806//806
f 836//836 837//837 807//807
f 837//837 808//808 807//807
f 837//837 838//838 808//808
f 838//838 809//809 808//808
f 838//838 839//839 809//809
f 839//839 810//810 809//809
f 839//839 840//840 810//810
f 840//840 781//781 810//810
f 840//840 811//811 781//781
f 841//841 812//812 811//811
f 841//841 842//842 812//812
f 842//842 813//813 812//812
f 842//842 843//843 813//813
f 843//843 814//814 813//813
f 843//843 844//844 814//814
f 844//844 815//815 814//814
f 844//844 845//845 815//815
f 845//845 816//816 815//815
f 845//845 846//846 816//816
f 846//846 817//817 816//816
f 846//846 847//847 817//817
f 847//847 818//818 817//817
f 847//847 848//848 818//818
f 848//848 819//819 818//818
f 848//848 849//849 819//819
f 849//849 820//820 819//819
f 849//849 850//850 820//820
f 850//850 821//821 820//820
f 850//850 851//851 821//821
f 851//851 822//822 821//821
f 851//851 852//852 822//822
f 852//852 823//823 822//822
f 852//852 853//853 823//823
f 853//853 824//824 823//823
f 853//853 854//854 824//824
f 854//854 825//825 824//824
f 854//854 855//855 825//825
f 855//855 826//826 825//825
f 855//855 856//856 826//826
f 856//856 827//827 826//826
f 856//856 857//857 827//827
f 857//857 828//828 827//827
f 857//857 858//858 828//828
f 858//858 829//829 828//828
f 858//858 859//859 829//829
f 859//859 830//830 829//829
f 859//859 860//860 830//830
f 860//860 831//831 830//830
f 860//860 861//861 831//831
f 861//861 832//832 831//831
f 861//861 862//862 832//832
f 862//862 833//833 832//832
f 862//862 863//863 833//833
f 863//863 834//834 833//833
f 863//863 864//864 834//834
f 864//864 835//835 834//834
f 864//864 865//865 835//835
f 865//865 836//836 835//835
f 865//865 866//866 836//836
f 866//866 837//837 836//836
f 866//866 867//867 837//837
f 867//867 838//838 837//837
f 867//867 868//868 838//838
f 868//868 839//839 838//838
f 868//868 869//869 839//839
f 869//869 840//840 839//839
f 869//869 870//870 840//840
f 870//870 811//811 840//840
f 870//870 841//841 811//811
f 871//871 842//842 841//841
f 871//871 872//872 842//842
f 872//872 843//843 842//842
f 872//872 873//873 843//843
f 873//873 844//844 843//843
f 873//873 874//874 844//844
f 874//874 845//845 844//844
f 874//874 875//875 845//845
f 875//875 846//846 845//845
f 875//875 876//876 846//846
f 876//876 847//847 846//846
f 876//876 877//877 847//847
f 877//877 848//848 847//847
f 877//877 878//878 848//848
f 878//878 849//849 848//848
f 878//878 879//879 849//849
f 879//879 850//850 849//849
f 879//879 880//880 850//850
f 880//880 851//851 850//850
f 880//880 881//881 851//851
f 881//881 852//852 851//851
f 881//881 882//882 852//852
f 882//882 853//853 852//852
f 882//882 883//883 853//853
f 883//883 854//854 853//853
f 883//883 884//884 854//854
f 884//884 855//855 854//854
f 884//884 885//885 855//855
f 885//885 856//856 855//855
f 885//885 886//886 856//856
f 886//886 857//857 856//856
f 886//886 887//887 857//857
f 887//887 858//858 857//857
f 887//887 888//888 858//858
f 888//888 859//859 858//858
f 888//888 889//889 859//859
f 889//889 860//860 859//859
f 889//889 890//890 860//860
f 890//890 861//861 860//860
f 890//890 891//891 861//861
f 891//891 862//862 861//861
f 891//891 892//892 862//862
f 892//892 863//863 862//862
f 892//892 893//893 863//863
f 893//893 864//864 863//863
f 893//893 894//894 864//864
f 894//894 865//865 864//864
f 894//894 895//895 865//865
f 895//895 866//866 865//865
f 895//895 896//896 866//866
f 896//896 867//867 866//866
f 896//896 897//897 867//867
f 897//897 868//868 867//867
f 897//897 898//898 868//868
f 898//898 869//869 868//868
f 898//898 899//899 869//869
f 899//899 870//870 869//869
f 899//899 900//900 870//870
f 900//900 841//841 870//870
f 900//900 871//871 841//841
f 901//901 872//872 871//871
f 901//901 902//902 872//872
f 902//902 873//873 872//872
f 902//902 903//903 873//873
f 903//903 874//874 873//873
f 903//903 904//904 874//874
f 904//904 875//875 874//874
f 904//904 905//905 875//875
f 905//905 876//876 875//875
f 905//905 906//906 876//876
f 906//906 877//877 876//876
f 906//906 907//907 877//877
f 907//907 878//878 877//877
f 907//907 908//908 878//878
f 908//908 879//879 878//878
f 908//908 909//909 879//879
f 909//909 880//880 879//879
f 909//909 910//910 880//880
f 910//910 881//881 880//880
f 910//910 911//911 881//881
f 911//911 882//882 881//881
f 911//911 912//912 882//882
f 912//912 883//883 882//882
f 912//912 913//913 883//883
f 913//913 884//884 883//883
f 913//913 914//914 884//884
f 914//914 885//885 884//884
f 914//914 915//915 885//885
f 915//915 886//886 885//885
f 915//915 916//916 886//886
f 916//916 887//887 886//886
f 916//916 917//917 887//887
f 917//917 888//888 887//887
f 917//917 918//918 888//888
f 918//918 889//889 888//888
f 918//918 919//919 889//889
f 919//919 890//890 889//889
f 919//919 920//920 890//890
f 920//920 891//891 890//890
f 920//920 921//921 891//891
f 921//921 892//892 891//891
f 921//921 922//922 892//892
f 922//922 893//893 892//892
f 922//922 923//923 893//893
f 923//923 894//894 893//893
f 923//923 924//924 894//894
f 924//924 895//895 894//894
f 924//924 925//925 895//895
f 925//925 896//896 895//895
f 925//925 926//926 896//896
f 926//926 897//897 896//896
f 926//926 927//927 897//897
f 927//927 898//898 897//897
f 927//927 928//928 898//898
f 928//928 899//899 898//898
f 928//928 929//929 899//899
f 929//929 900//900 899//899
f 929//929 930//930 900//900
f 930//930 871//871 900//900
f 930//930 901//901 871//871
f 931//931 902//902 901//901
f 931//931 932//932 902//902
f 932//932 903//903 902//902
f 932//932 933//933 903//903
f 933//933 904//904 903//903
f 933//933 934//934 904//904
f 934//934 905//905 904//904
f 934//934 935//935 905//905
f 935//935 906//906 905//905
f 935//935 936//936 906//906
f 936//936 907//907 906//906
f 936//936 937//937 907//907
f 937//937 908//908 907//907
f 937//937 938//938 908//908
f 938//938 909//909 908//908
f 938//938 939//939 909//909
f 939//939 910//910 909//909
f 939//939 940//940 910//910
f 940//940 911//911 910//910
f 940//940 941//941 911//911
f 941//941 912//912 911//911
f 941//941 942//942 912//912
f 942//942 913//913 912//912
f 942//942 943//943 913//913
f 943//943 914//914 913//913
f 943//943 944//944 914//914
f 944//944 915//915 914//914
f 944//944 945//945 915//915
f 945//945 916//916 915//915
f 945//945 946//946 916//916
f 946//946 917//917 916//916
f 946//946 947//947 917//917
f 947//947 918//918 917//917
f 947//947 948//948 918//918
f 948//948 919//919 918//918
f 948//948 949//949 919//919
f 949//949 920//920 919//919
f 949//949 950//950 920//920
f 950//950 921//921 920//920
f 950//950 951//951 921//921
f 951//951 922//922 921//921
f 951//951 952//952 922//922
f 952//952 923//923 922//922
f 952//952 953//953 923//923
f 953//953 924//924 923//923
f 953//953 954//954 924//924
f 954//954 925//925 924//924
f 954//954 955//955 925//925
f 955//955 926//926 925//925
f 955//955 956//956 926//926
f 956//956 927//927 926//926
f 956//956 957//957 927//927
f 957//957 928//928 927//927
f 957//957 958//958 928//928
f 958//958 929//929 928//928
f 958//958 959//959 929//929
f 959//959 930//930 929//929
f 959//959 960//960 930//930
f 960//960 901//901 930//930
f 960//960 931//931 901//901
f 961//961 932//932 931//931
f 961//961 962//962 932//932
f 962//962 933//933 932//932
f 962//962 963//963 933//933
f 963//963 934//934 933//933
f 963//963 964//964 934//934
f 964//964 935//935 934//934
f 964//964 965//965 935//935
f 965//965 936//936 935//935
f 965//965 966//966 936//936
f 966//966 937//937 936//936
f 966//966 967//967 937//937
f 967//967 938//938 937//937
f 967//967 968//968 938//938
f 968//968 939//939 938//938
f 968//968 969//969 939//939
f 969//969 940//940 939//939
f 969//969 970//970 940//940
f 970//970 941//941 940//940
f 970//970 971//971 941//941
f 971//971 942//942 941//941
f 971//971 972//972 942//942
f 972//972 943//943 942//942
f 972//972 973//973 943//943
f 973//973 944//944 943//943
f 973//973 974//974 944//944
f 974//974 945//945 944//944
f 974//974 975//975 945//945
f 975//975 946//946 945//945
f 975//975 976//976 946//946
f 976//976 947//947 946//946
f 976//976 977//977 947//947
f 977//977 948//948 947//947
f 977//977 978//978 948//948
f 978//978 949//949 948//948
f 978//978 979//979 949//949
f 979//979 950//950 949//949
f 979//979 980//980 950//950
f 980//980 951//951 950//950
f 980//980 981//981 951//951
f 981//981 952//952 951//951
f 981//981 982//982 952//952
f 982//982 953//953 952//952
f 982//982 983//983 953//953
f 983//983 954//954 953//953
f 983//983 984//984 954//954
f 984//984 955//955 954//954
f 984//984 985//985 955//955
f 985//985 956//956 955//955
f 985//985 986//986 956//956
f 986//986 957//957 956//956
f 986//986 987//987 957//957
f 987//987 958//958 957//957
f 987//987 988//988 958//958
f 988//988 959//959 958//958
f 988//988 989//989 959//959
f 989//989 960//960 959//959
f 989//989 990//990 960//960
f 990//990 931//931 960//960
f 990//990 961//961 931//931
f 991//991 962//962 961//961
f 991//991 992//992 962//962
f 992//992 963//963 962//962
f 992//992 993//993 963//963
f 993//993 964//964 963//963
f 993//993 994//994 964//964
f 994//994 965//965 964//964
f 994//994 995//995 965//965
f 995//995 966//966 965//965
f 995//995 996//996 966//966
f 996//996 967//967 966//966
f 996//996 997//997 967//967
f 997//997 968//968 967//967
f 997//997 998//998 968//968
f 998//998 969//969 968//968
f 998//998 999//999 969//969
f 999//999 970//970 969//969
f 999//999 1000//1000 970//970
f 1000//1000 971//971 970//970
f 1000//1000 1001//1001 971//971
f 1001//1001 972//972 971//971
f 1001//1001 1002//1002 972//972
f 1002//1002 973//973 972//972
f 1002//1002 1003//1003 973//973
f 1003//1003 974//974 973//973
f 1003//1003 1004//1004 974//974
f 1004//1004 975//975 974//974
f 1004//1004 1005//1005 975//975
f 1005//1005 976//976 975//975
f 1005//1005 1006//1006 976//976
f 1006//1006 977//977 976//976
f 1006//1006 1007//1007 977//977
f 1007//1007 978//978 977//977
f 1007//1007 1008//1008 978//978
f 1008//1008 979//979 978//978
f 1008//1008 1009//1009 979//979
f 1009//1009 980//980 979//979
f 1009//1009 1010//1010 980//980
f 1010//1010 981//981 980//980
f 1010//1010 1011//1011 981//981
f 1011//1011 982//982 981//981
f 1011//1011 1012//1012 982//982
f 1012//1012 983//983 982//982
f 1012//1012 1013//1013 983//983
f 1013//1013 984//984 983//983
f 1013//1013 1014//1014 984//984
f 1014//1014 985//985 984//984
f 1014//1014 1015//1015 985//985
f 1015//1015 986//986 985//985
f 1015//1015 1016//1016 986//986
f 1016//1016 987//987 986//986
f 1016//1016 1017//1017 987//987
f 1017//1017 988//988 987//987
f 1017//1017 1018//1018 988//988
f 1018//1018 989//989 988//988
f 1018//1018 1019//1019 989//989
f 1019//1019 990//990 989//989
f 1019//1019 1020//1020 990//990
f 1020//1020 961//961 990//990
f 1020//1020 991//991 961//961
f 1021//1021 992//992 991//991
f 1021//1021 1022//1022 992//992
f 1022//1022 993//993 992//992
f 1022//1022 1023//1023 993//993
f 1023//1023 994//994 993//993
f 1023//1023 1024//1024 994//994
f 1024//1024 995//995 994//994
f 1024//1024 1025//1025 995//995
f 1025//1025 996//996 995//995
f 1025//1025 1026//1026 996//996
f 1026//1026 997//997 996//996
f 1026//1026 1027//1027 997//997
f 1027//1027 998//998 997//997
f 1027//1027 1028//1028 998//998
f 1028//1028 999//999 998//998
f 1028//1028 1029//1029 999//999
f 1029//1029 1000//1000 999//999
f 1029//1029 1030//1030 1000//1000
f 1030//1030 1001//1001 1000//1000
f 1030//1030 1031//1031 1001//1001
f 1031//1031 1002//1002 1001//1001
f 1031//1031 1032//1032 1002//1002
f 1032//1032 1003//1003 1002//1002
f 1032//1032 1033//1033 1003//1003
f 1033//1033 1004//1004 1003//1003
f 1033//1033 1034//1034 1004//1004
f 1034//1034 1005//1005 1004//1004
f 1034//1034 1035//1035 1005//1005
f 1035//1035 1006//1006 1005//1005
f 1035//1035 1036//1036 1006//1006
f 1036//1036 1007//1007 1006//1006
f 1036//1036 1037//1037 1007//1007
f 1037//1037 1008//1008 1007//1007
f 1037//1037 1038//1038 1008//1008
f 1038//1038 1009//1009 1008//1008
f 1038//1038 1039//1039 1009//1009
f 1039//1039 1010//1010 1009//1009
f 1039//1039 1040//1040 1010//1010
f 1040//1040 1011//1011 1010//1010
f 1040//1040 1041//1041 1011//1011
f 1041//1041 1012//1012 1011//1011
f 1041//1041 1042//1042 1012//1012
f 1042//1042 1013//1013 1012//1012
f 1042//1042 1043//1043 1013//1013
f 1043//1043 1014//1014 1013//1013
f 1043//1043 1044//1044 1014//1014
f 1044//1044 1015//1015 1014//1014
f 1044//1044 1045//1045 1015//1015
f 1045//1045 1016//1016 1015//1015
f 1045//1045 1046//1046 1016//1016
f 1046//1046 1017//1017 1016//1016
f 1046//1046 1047//1047 1017//1017
f 1047//1047 1018//1018 1017//1017
f 1047//1047 1048//1048 1018//1018
f 1048//1048 1019//1019 1018//1018
f 1048//1048 1049//1049 1019//1019
f 1049//1049 1020//1020 1019//1019
f 1049//1049 1050//1050 1020//1020
f 1050//1050 991//991 1020//1020
f 1050//1050 1021//1021 991//991
f 1051//1051 1022//1022 1021//1021
f 1051//1051 1052//1052 1022//1022
f 1052//1052 1023//1023 1022//1022
f 1052//1052 1053//1053 1023//1023
f 1053//1053 1024//1024 1023//1023
f 1053//1053 1054//1054 1024//1024
f 1054//1054 1025//1025 1024//1024
f 1054//1054 1055//1055 1025//1025
f 1055//1055 1026//1026 1025//1025
f 1055//1055 1056//1056 1026//1026
f 1056//1056 1027//1027 1026//1026
f 1056//1056 1057//1057 1027//1027
f 1057//1057 1028//1028 1027//1027
f 1057//1057 1058//1058 1028//1028
f 1058//1058 1029//1029 1028//1028
f 1058//1058 1059//1059 1029//1029
f 1059//1059 1030//1030 1029//1029
f 1059//1059 1060//1060 1030//1030
f 1060//1060 1031//1031 1030//1030
f 1060//1060 1061//1061 1031//1031
f 1061//1061 1032//1032 1031//1031
f 1061//1061 1062//1062 1032//1032
f 1062//1062 1033//1033 1032//1032
f 1062//1062 1063//1063 1033//1033
f 1063//1063 1034//1034 1033//1033
f 1063//1063 1064//1064 1034//1034
f 1064//1064 1035//1035 1034//1034
f 1064//1064 1065//1065 1035//1035
f 1065//1065 1036//1036 1035//1035
f 1065//1065 1066//1066 1036//1036
f 1066//1066 1037//1037 1036//1036
f 1066//1066 1067//1067 1037//1037
f 1067//1067 1038//1038 1037//1037
f 1067//1067 1068//1068 1038//1038
f 1068//1068 1039//1039 1038//1038
f 1068//1068 1069//1069 1039//1039
f 1069//1069 1040//1040 1039//1039
f 1069//1069 1070//1070 1040//1040
f 1070//1070 1041//1041 1040//1040
f 1070//1070 1071//1071 1041//1041
f 1071//1071 1042//1042 1041//1041
f 1071//1071 1072//1072 1042//1042
f 1072//1072 1043//1043 1042//1042
f 1072//1072 1073//1073 1043//1043
f 1073//1073 1044//1044 1043//1043
f 1073//1073 1074//1074 1044//1044
f 1074//1074 1045//1045 1044//1044
f 1074//1074 1075//1075 1045//1045
f 1075//1075 1046//1046 1045//1045
f 1075//1075 1076//1076 1046//1046
f 1076//1076 1047//1047 1046//1046
f 1076//1076 1077//1077 1047//1047
f 1077//1077 1048//1048 1047//1047
f 1077//1077 1078//1078 1048//1048
f 1078//1078 1049//1049 1048//1048
f 1078//1078 1079//1079 1049//1049
f 1079//1079 1050//1050 1049//1049
f 1079//1079 1080//1080 1050//1050
f 1080//1080 1021//1021 1050//1050
f 1080//1080 1051//1051 1021//1021
f 1081//1081 1052//1052 1051//1051
f 1081//1081 1082//1082 1052//1052
f 1082//1082 1053//1053 1052//1052
f 1082//1082 1083//1083 1053//1053
f 1083//1083 1054//1054 1053//1053
f 1083//1083 1084//1084 1054//1054
f 1084//1084 1055//1055 1054//1054
f 1084//1084 1085//1085 1055//1055
f 1085//1085 1056//1056 1055//1055
f 1085//1085 1086//1086 1056//1056
f 1086//1086 1057//1057 1056//1056
f 1086//1086 1087//1087 1057//1057
f 1087//1087 1058//1058 1057//1057
f 1087//1087 1088//1088 1058//1058
f 1088//1088 1059//1059 1058//1058
f 1088//1088 1089//1089 1059//1059
f 1089//1089 1060//1060 1059//1059
f 1089//1089 1090//1090 1060//1060
f 1090//1090 1061//1061 1060//1060
f 1090//1090 1091//1091 1061//1061
f 1091//1091 1062//1062 1061//1061
f 1091//1091 1092//1092 1062//1062
f 1092//1092 1063//1063 1062//1062
f 1092//1092 1093//1093 1063//1063
f 1093//1093 1064//1064 1063//1063
f 1093//1093 1094//1094 1064//1064
f 1094//1094 1065//1065 1064//1064
f 1094//1094 1095//1095 1065//1065
f 1095//1095 1066//1066 1065//1065
f 1095//1095 1096//1096 1066//1066
f 1096//1096 1067//1067 1066//1066
f 1096//1096 1097//1097 1067//1067
f 1097//1097 1068//1068 1067//1067
f 1097//1097 1098//1098 1068//1068
f 1098//1098 1069//1069 1068//1068
f 1098//1098 1099//1099 1069//1069
f 1099//1099 1070//1070 1069//1069
f 1099//1099 1100//1100 1070//1070
f 1100//1100 1071//1071 1070//1070
f 1100//1100 1101//1101 1071//1071
f 1101//1101 1072//1072 1071//1071
f 1101//1101 1102//1102 1072//1072
f 1102//1102 1073//1073 1072//1072
f 1102//1102 1103//1103 1073//1073
f 1103//1103 1074//1074 1073//1073
f 1103//1103 1104//1104 1074//1074
f 1104//1104 1075//1075 1074//1074
f 1104//1104 1105//1105 1075//1075
f 1105//1105 1076//1076 1075//1075
f 1105//1105 1106//1106 1076//1076
f 1106//1106 1077//1077 1076//1076
f 1106//1106 1107//1107 1077//1077
f 1107//1107 1078//1078 1077//1077
f 1107//1107 1108//1108 1078//1078
f 1108//1108 1079//1079 1078//1078
f 1108//1108 1109//1109 1079//1079
f 1109//1109 1080//1080 1079//1079
f 1109//1109 1110//1110 1080//1080
f 1110//1110 1051//1051 1080//1080
f 1110//1110 1081//1081 1051//1051
f 1111//1111 1082//1082 1081//1081
f 1111//1111 1112//1112 1082//1082
f 1112//1112 1083//1083 1082//1082
f 1112//1112 1113//1113 1083//1083
f 1113//1113 1084//1084 1083//1083
f 1113//1113 1114//1114 1084//1084
f 1114//1114 1085//1085 1084//1084
f 1114//1114 1115//1115 1085//1085
f 1115//1115 1086//1086 1085//1085
f 1115//1115 1116//1116 1086//1086
f 1116//1116 1087//1087 1086//1086
f 1116//1116 1117//1117 1087//1087
f 1117//1117 1088//1088 1087//1087
f 1117//1117 1118//1118 1088//1088
f 1118//1118 1089//1089 1088//1088
f 1118//1118 1119//1119 1089//1089
f 1119//1119 1090//1090 1089//1089
f 1119//1119 1120//1120 1090//1090
f 1120//1120 1091//1091 1090//1090
f 1120//1120 1121//1121 1091//1091
f 1121//1121 1092//1092 1091//1091
f 1121//1121 1122//1122 1092//1092
f 1122//1122 1093//1093 1092//1092
f 1122//1122 1123//1123 1093//1093
f 1123//1123 1094//1094 1093//1093
f 1123//1123 1124//1124 1094//1094
f 1124//1124 1095//1095 1094//1094
f 1124//1124 1125//1125 1095//1095
f 1125//1125 1096//1096 1095//1095
f 1125//1125 1126//1126 1096//1096
f 1126//1126 1097//1097 1096//1096
f 1126//1126 1127//1127 1097//1097
f 1127//1127 1098//1098 1097//1097
f 1127//1127 1128//1128 1098//1098
f 1128//1128 1099//1099 1098//1098
f 1128//1128 1129//1129 1099//1099
f 1129//1129 1100//1100 1099//1099
f 1129//1129 1130//1130 1100//1100
f 1130//1130 1101//1101 1100//1100
f 1130//1130 1131//1131 1101//1101
f 1131//1131 1102//1102 1101//1101
f 1131//1131 1132//1132 1102//1102
f 1132//1132 1103//1103 1102//1102
f 1132//1132 1133//1133 1103//1103
f 1133//1133 1104//1104 1103//1103
f 1133//1133 1134//1134 1104//1104
f 1134//1134 1105//1105 1104//1104
f 1134//1134 1135//1135 1105//1105
f 1135//1135 1106//1106 1105//1105
f 1135//1135 1136//1136 1106//1106
f 1136//1136 1107//1107 1106//1106
f 1136//1136 1137//1137 1107//1107
f 1137//1137 1108//1108 1107//1107
f 1137//1137 1138//1138 1108//1108
f 1138//1138 1109//1109 1108//1108
f 1138//1138 1139//1139 1109//1109
f 1139//1139 1110//1110 1109//1109
f 1139//1139 1140//1140 1110//1110
f 1140//1140 1081//1081 1110//1110
f 1140//1140 1111//1111 1081//1081
f 1141//1141 1112//1112 1111//1111
f 1141//1141 1142//1142 1112//1112
f 1142//1142 1113//1113 1112//1112
f 1142//1142 1143//1143 1113//1113
f 1143//1143 1114//1114 1113//1113
f 1143//1143 1144//1144 1114//1114
f 1144//1144 1115//1115 1114//1114
f 1144//1144 1145//1145 1115//1115
f 1145//1145 1116//1116 1115//1115
f 1145//1145 1146//1146 1116//1116
f 1146//1146 1117//1117 1116//1116
f 1146//1146 1147//1147 1117//1117
f 1147//1147 1118//1118 1117//1117
f 1147//1147 1148//1148 1118//1118
f 1148//1148 1119//1119 1118//1118
f 1148//1148 1149//1149 1119//1119
f 1149//1149 1120//1120 1119//1119
f 1149//1149 1150//1150 1120//1120
f 1150//1150 1121//1121 1120//1120
f 1150//1150 1151//1151 1121//1121
f 1151//1151 1122//1122 1121//1121
f 1151//1151 1152//1152 1122//1122
f 1152//1152 1123//1123 1122//1122
f 1152//1152 1153//1153 1123//1123
f 1153//1153 1124//1124 1123//1123
f 1153//1153 1154//1154 1124//1124
f 1154//1154 1125//1125 1124//1124
f 1154//1154 1155//1155 1125//1125
f 1155//1155 1126//1126 1125//1125
f 1155//1155 1156//1156 1126//1126
f 1156//1156 1127//1127 1126//1126
f 1156//1156 1157//1157 1127//1127
f 1157//1157 1128//1128 1127//1127
f 1157//1157 1158//1158 1128//1128
f 1158//1158 1129//1129 1128//1128
f 1158//1158 1159//1159 1129//1129
f 1159//1159 1130//1130 1129//1129
f 1159//1159 1160//1160 1130//1130
f 1160//1160 1131//1131 1130//1130
f 1160//1160 1161//1161 1131//1131
f 1161//1161 1132//1132 1131//1131
f 1161//1161 1162//1162 1132//1132
f 1162//1162 1133//1133 1132//1132
f 1162//1162 1163//1163 1133//1133
f 1163//1163 1134//1134 1133//1133
f 1163//1163 1164//1164 1134//1134
f 1164//1164 1135//1135 1134//1134
f 1164//1164 1165//1165 1135//1135
f 1165//1165 1136//1136 1135//1135
f 1165//1165 1166//1166 1136//1136
f 1166//1166 1137//1137 1136//1136
f 1166//1166 1167//1167 1137//1137
f 1167//1167 1138//1138 1137//1137
f 1167//1167 1168//1168 1138//1138
f 1168//1168 1139//1139 1138//1138
f 1168//1168 1169//1169 1139//1139
f 1169//1169 1140//1140 1139//1139
f 1169//1169 1170//1170 1140//1140
f 1170//1170 1111//1111 1140//1140
f 1170//1170 1141//1141 1111//1111
f 1171//1171 1142//1142 1141//1141
f 1171//1171 1172//1172 1142//1142
f 1172//1172 1143//1143 1142//1142
f 1172//1172 1173//1173 1143//1143
f 1173//1173 1144//1144 1143//1143
f 1173//1173 1174//1174 1144//1144
f 1174//1174 1145//1145 1144//1144
f 1174//1174 1175//1175 1145//1145
f 1175//1175 1146//1146 1145//1145
f 1175//1175 1176//1176 1146//1146
f 1176//1176 1147//1147 1146//1146
f 1176//1176 1177//1177 1147//1147
f 1177//1177 1148//1148 1147//1147
f 1177//1177 1178//1178 1148//1148
f 1178//1178 1149//1149 1148//1148
f 1178//1178 1179//1179 1149//1149
f 1179//1179 1150//1150 1149//1149
f 1179//1179 1180//1180 1150//1150
f 1180//1180 1151//1151 1150//1150
f 1180//1180 1181//1181 1151//1151
f 1181//1181 1152//1152 1151//1151
f 1181//1181 1182//1182 1152//1152
f 1182//1182 1153//1153 1152//1152
f 1182//1182 1183//1183 1153//1153
f 1183//1183 1154//1154 1153//1153
f 1183//1183 1184//1184 1154//1154
f 1184//1184 1155//1155 1154//1154
f 1184//1184 1185//1185 1155//1155
f 1185//1185 1156//1156 1155//1155
f 1185//1185 1186//1186 1156//1156
f 1186//1186 1157//1157 1156//1156
f 1186//1186 1187//1187 1157//1157
f 1187//1187 1158//1158 1157//1157
f 1187//1187 1188//1188 1158//1158
f 1188//1188 1159//1159 1158//1158
f 1188//1188 1189//1189 1159//1159
f 1189//1189 1160//1160 1159//1159
f 1189//1189 1190//1190 1160//1160
f 1190//1190 1161//1161 1160//1160
f 1190//1190 1191//1191 1161//1161
f 1191//1191 1162//1162 1161//1161
f 1191//1191 1192//1192 1162//1162
f 1192//1192 1163//1163 1162//1162
f 1192//1192 1193//1193 1163//1163
f 1193//1193 1164//1164 1163//1163
f 1193//1193 1194//1194 1164//1164
f 1194//1194 1165//1165 1164//1164
f 1194//1194 1195//1195 1165//1165
f 1195//1195 1166//1166 1165//1165
f 1195//1195 1196//1196 1166//1166
f 1196//1196 1167//1167 1166//1166
f 1196//1196 1197//1197 1167//1167
f 1197//1197 1168//1168 1167//1167
f 1197//1197 1198//1198 1168//1168
f 1198//1198 1169//1169 1168//1168
f 1198//1198 1199//1199 1169//1169
f 1199//1199 1170//1170 1169//1169
f 1199//1199 1200//1200 1170//1170
f 1200//1200 1141//1141 1170//1170
f 1200//1200 1171//1171 1141//1141
f 1201//1201 1172//1172 1171//1171
f 1201//1201 1202//1202 1172//1172
f 1202//1202 1173//1173 1172//1172
f 1202//1202 1203//1203 1173//1173
f 1203//1203 1174//1174 1173//1173
f 1203//1203 1204//1204 1174//1174
f 1204//1204 1175//1175 1174//1174
f 1204//1204 1205//1205 1175//1175
f 1205//1205 1176//1176 1175//1175
f 1205//1205 1206//1206 1176//1176
f 1206//1206 1177//1177 1176//1176
f 1206//1206 1207//1207 1177//1177
f 1207//1207 1178//1178 1177//1177
f 1207//1207 1208//1208 1178//1178
f 1208//1208 1179//1179 1178//1178
f 1208//1208 1209//1209 1179//1179
f 1209//1209 1180//1180 1179//1179
f 1209//1209 1210//1210 1180//1180
f 1210//1210 1181//1181 1180//1180
f 1210//1210 1211//1211 1181//1181
f 1211//1211 1182//1182 1181//1181
f 1211//1211 1212//1212 1182//1182
f 1212//1212 1183//1183 1182//1182
f 1212//1212 1213//1213 1183//1183
f 1213//1213 1184//1184 1183//1183
f 1213//1213 1214//1214 1184//1184
f 1214//1214 1185//1185 1184//1184
f 1214//1214 1215//1215 1185//1185
f 1215//1215 1186//1186 1185//1185
f 1215//1215 1216//1216 1186//1186
f 1216//1216 1187//1187 1186//1186
f 1216//1216 1217//1217 1187//1187
f 1217//1217 1188//1188 1187//1187
f 1217//1217 1218//1218 1188//1188
f 1218//1218 1189//1189 1188//1188
f 1218//1218 1219//1219 1189//1189
f 1219//1219 1190//1190 1189//1189
f 1219//1219 1220//1220 1190//1190
f 1220//1220 1191//1191 1190//1190
f 1220//1220 1221//1221 1191//1191
f 1221//1221 1192//1192 1191//1191
f 1221//1221 1222//1222 1192//1192
f 1222//1222 1193//1193 1192//1192
f 1222//1222 1223//1223 1193//1193
f 1223//1223 1194//1194 1193//1193
f 1223//1223 1224//1224 1194//1194
f 1224//1224 1195//1195 1194//1194
f 1224//1224 1225//1225 1195//1195
f 1225//1225 1196//1196 1195//1195
f 1225//1225 1226//1226 1196//1196
f 1226//1226 1197//1197 1196//1196
f 1226//1226 1227//1227 1197//1197
f 1227//1227 1198//1198 1197//1197
f 1227//1227 1228//1228 1198//1198
f 1228//1228 1199//1199 1198//1198
f 1228//1228 1229//1229 1199//1199
f 1229//1229 1200//1200 1199//1199
f 1229//1229 1230//1230 1200//1200
f 1230//1230 1171//1171 1200//1200
f 1230//1230 1201//1201 1171//1171
f 1231//1231 1202//1202 1201//1201
f 1231//1231 1232//1232 1202//1202
f 1232//1232 1203//1203 1202//1202
f 1232//1232 1233//1233 1203//1203
f 1233//1233 1204//1204 1203//1203
f 1233//1233 1234//1234 1204//1204
f 1234//1234 1205//1205 1204//1204
f 1234//1234 1235//1235 1205//1205
f 1235//1235 1206//1206 1205//1205
f 1235//1235 1236//1236 1206//1206
f 1236//1236 1207//1207 1206//1206
f 1236//1236 1237//1237 1207//1207
f 1237//1237 1208//1208 1207//1207
f 1237//1237 1238//1238 1208//1208
f 1238//1238 1209//1209 1208//1208
f 1238//1238 1239//1239 1209//1209
f 1239//1239 1210//1210 1209//1209
f 1239//1239 1240//1240 1210//1210
f 1240//1240 1211//1211 1210//1210
f 1240//1240 1241//1241 1211//1211
f 1241//1241 1212//1212 1211//1211
f 1241//1241 1242//1242 1212//1212
f 1242//1242 1213//1213 1212//1212
f 1242//1242 1243//1243 1213//1213
f 1243//1243 1214//1214 1213//1213
f 1243//1243 1244//1244 1214//1214
f 1244//1244 1215//1215 1214//1214
f 1244//1244 1245//1245 1215//1215
f 1245//1245 1216//1216 1215//1215
f 1245//1245 1246//1246 1216//1216
f 1246//1246 1217//1217 1216//1216
f 1246//1246 1247//1247 1217//1217
f 1247//1247 1218//1218 1217//1217
f 1247//1247 1248//1248 1218//1218
f 1248//1248 1219//1219 1218//1218
f 1248//1248 1249//1249 1219//1219
f 1249//1249 1220//1220 1219//1219
f 1249//1249 1250//1250 1220//1220
f 1250//1250 1221//1221 1220//1220
f 1250//1250 1251//1251 1221//1221
f 1251//1251 1222//1222 1221//1221
f 1251//1251 1252//1252 1222//1222
f 1252//1252 1223//1223 1222//1222
f 1252//1252 1253//1253 1223//1223
f 1253//1253 1224//1224 1223//1223
f 1253//1253 1254//1254 1224//1224
f 1254//1254 1225//1225 1224//1224
f 1254//1254 1255//1255 1225//1225
f 1255//1255 1226//1226 1225//1225
f 1255//1255 1256//1256 1226//1226
f 1256//1256 1227//1227 1226//1226
f 1256//1256 1257//1257 1227//1227
f 1257//1257 1228//1228 1227//1227
f 1257//1257 1258//1258 1228//1228
f 1258//1258 1229//1229 1228//1228
f 1258//1258 1259//1259 1229//1229
f 1259//1259 1230//1230 1229//1229
f 1259//1259 1260//1260 1230//1230
f 1260//1260 1201//1201 1230//1230
f 1260//1260 1231//1231 1201//1201
f 2//2 1//1 632//632
f 3//3 2//2 633//633
f 4//4 3//3 634//634
f 5//5 4//4 635//635
f 6//6 5//5 636//636
f 7//7 6//6 637//637
f 8//8 7//7 638//638
f 9//9 8//8 639//639
f 10//10 9//9 640//640
f 11//11 10//10 641//641
f 12//12 11//11 642//642
f 13//13 12//12 643//643
f 14//14 13//13 644//644
f 15//15 14//14 645//645
f 16//16 15//15 646//646
f 17//17 16//16 647//647
f 18//18 17//17 648//648
f 19//19 18//18 649//649
f 20//20 19//19 650//650
f 21//21 20//20 651//651
f 22//22 21//21 652//652
f 23//23 22//22 653//653
f 24//24 23//23 654//654
f 25//25 24//24 655//655
f 26//26 25//25 656//656
f 27//27 26//26 657//657
f 28//28 27//27 658//658
f 29//29 28//28 659//659
f 30//30 29//29 660//660
f 1//1 30//30 631//631
f 1//1 631//631 632//632
f 2//2 632//632 633//633
f 3//3 633//633 634//634
f 4//4 634//634 635//635
f 5//5 635//635 636//636
f 6//6 636//636 637//637
f 7//7 637//637 638//638
f 8//8 638//638 639//639
f 9//9 639//639 640//640
f 10//10 640//640 641//641
f 11//11 641//641 642//642
f 12//12 642//642 643//643
f 13//13 643//643 644//644
f 14//14 644//644 645//645
f 15//15 645//645 646//646
f 16//16 646//646 647//647
f 17//17 647//647 648//648
f 18//18 648//648 649//649
f 19//19 649//649 650//650
f 20//20 650//650 651//651
f 21//21 651//651 652//652
f 22//22 652//652 653//653
f 23//23 653//653 654//654
f 24//24 654//654 655//655
f 25//25 655//655 656//656
f 26//26 656//656 657//657
f 27//27 657//657 658//658
f 28//28 658//658 659//659
f 29//29 659//659 660//660
f 30//30 660//660 631//631
