# Created by Open3D 
# object name: temp_object_61223460
# number of vertices: 1260
# number of triangles: 2460
v 0.0903595 2.51251e-08 0.0295834 0.8 0.8 0.8
vn -0.342747 0.00289928 0.939423
v 0.0892612 0.03788 0.0295834 0.8 0.8 0.8
vn -0.364793 -0.0225166 0.930817
v 0.0859483 0.0549191 0.0295834 0.8 0.8 0.8
vn -0.316633 -0.0846916 0.94476
v 0.0803576 0.0673338 0.0295834 0.8 0.8 0.8
vn -0.266484 -0.151776 0.951814
v 0.0723422 0.0766675 0.0295834 0.8 0.8 0.8
vn -0.203636 -0.217275 0.954633
v 0.0615672 0.0834442 0.0295834 0.8 0.8 0.8
vn -0.134192 -0.271972 0.952903
v 0.0471706 0.0878842 0.0295834 0.8 0.8 0.8
vn -0.0665298 -0.307102 0.949348
v 0.0258884 0.0900852 0.0295834 0.8 0.8 0.8
vn -0.0136265 -0.30752 0.951444
v -0.0258885 0.0900852 0.0295834 0.8 0.8 0.8
vn 0.00708411 -0.372434 0.928032
v -0.0471707 0.0878842 0.0295834 0.8 0.8 0.8
vn 0.0535322 -0.336935 0.940005
v -0.0615672 0.0834442 0.0295834 0.8 0.8 0.8
vn 0.117825 -0.29334 0.94872
v -0.0723422 0.0766675 0.0295834 0.8 0.8 0.8
vn 0.185324 -0.236358 0.953829
v -0.0803576 0.0673338 0.0295834 0.8 0.8 0.8
vn 0.246504 -0.169229 0.954252
v -0.0859484 0.0549191 0.0295834 0.8 0.8 0.8
vn 0.292649 -0.0996307 0.951015
v -0.0892612 0.03788 0.0295834 0.8 0.8 0.8
vn 0.305968 -0.0316827 0.951514
v -0.0903595 1.84412e-08 0.0295834 0.8 0.8 0.8
vn 0.342747 -0.00289928 0.939423
v -0.0892612 -0.03788 0.0295834 0.8 0.8 0.8
vn 0.364793 0.0225166 0.930817
v -0.0859484 -0.0549191 0.0295834 0.8 0.8 0.8
vn 0.316633 0.0846916 0.94476
v -0.0803576 -0.0673338 0.0295834 0.8 0.8 0.8
vn 0.266484 0.151776 0.951814
v -0.0723422 -0.0766675 0.0295834 0.8 0.8 0.8
vn 0.203636 0.217275 0.954633
v -0.0615672 -0.0834442 0.0295834 0.8 0.8 0.8
vn 0.134192 0.271972 0.952903
v -0.0471707 -0.0878842 0.0295834 0.8 0.8 0.8
vn 0.0665298 0.307102 0.949348
v -0.0258885 -0.0900852 0.0295834 0.8 0.8 0.8
vn 0.0136265 0.30752 0.951444
v 0.0258884 -0.0900852 0.0295834 0.8 0.8 0.8
vn -0.00708411 0.372434 0.928032
v 0.0471706 -0.0878842 0.0295834 0.8 0.8 0.8
vn -0.0535322 0.336935 0.940005
v 0.0615672 -0.0834442 0.0295834 0.8 0.8 0.8
vn -0.117825 0.29334 0.94872
v 0.0723422 -0.0766675 0.0295834 0.8 0.8 0.8
vn -0.185324 0.236358 0.953829
v 0.0803576 -0.0673338 0.0295834 0.8 0.8 0.8
vn -0.246504 0.169229 0.954252
v 0.0859483 -0.054919 0.0295834 0.8 0.8 0.8
vn -0.292649 0.0996307 0.951015
v 0.0892612 -0.03788 0.0295834 0.8 0.8 0.8
vn -0.305968 0.0316827 0.951514
v 0.0744387 2.45239e-08 0.0199585 0.8 0.8 0.8
vn -0.513302 -0.00176521 0.858206
v 0.0735339 0.0312058 0.0199585 0.8 0.8 0.8
vn -0.502805 -0.0448073 0.863238
v 0.0708048 0.0452427 0.0199585 0.8 0.8 0.8
vn -0.458227 -0.145428 0.876857
v 0.0661991 0.05547 0.0199585 0.8 0.8 0.8
vn -0.386418 -0.251077 0.887491
v 0.0595959 0.0631592 0.0199585 0.8 0.8 0.8
vn -0.291231 -0.352225 0.889451
v 0.0507194 0.0687419 0.0199585 0.8 0.8 0.8
vn -0.185532 -0.434186 0.88151
v 0.0388595 0.0723996 0.0199585 0.8 0.8 0.8
vn -0.0853427 -0.488534 0.868361
v 0.0213271 0.0742127 0.0199585 0.8 0.8 0.8
vn -0.012962 -0.512318 0.858698
v -0.0213271 0.0742127 0.0199585 0.8 0.8 0.8
vn 0.0180756 -0.509828 0.860086
v -0.0388595 0.0723996 0.0199585 0.8 0.8 0.8
vn 0.0957597 -0.483367 0.870165
v -0.0507195 0.0687419 0.0199585 0.8 0.8 0.8
vn 0.197795 -0.42578 0.882943
v -0.0595959 0.0631592 0.0199585 0.8 0.8 0.8
vn 0.303224 -0.341086 0.889784
v -0.0661991 0.05547 0.0199585 0.8 0.8 0.8
vn 0.396322 -0.238694 0.88654
v -0.0708048 0.0452427 0.0199585 0.8 0.8 0.8
vn 0.465008 -0.13381 0.875136
v -0.0735339 0.0312058 0.0199585 0.8 0.8 0.8
vn 0.506737 -0.0366298 0.861322
v -0.0744387 1.90177e-08 0.0199585 0.8 0.8 0.8
vn 0.513302 0.00176521 0.858206
v -0.0735339 -0.0312058 0.0199585 0.8 0.8 0.8
vn 0.502805 0.0448073 0.863238
v -0.0708048 -0.0452426 0.0199585 0.8 0.8 0.8
vn 0.458227 0.145428 0.876857
v -0.0661991 -0.05547 0.0199585 0.8 0.8 0.8
vn 0.386418 0.251077 0.887491
v -0.0595959 -0.0631591 0.0199585 0.8 0.8 0.8
vn 0.291231 0.352225 0.889451
v -0.0507195 -0.0687418 0.0199585 0.8 0.8 0.8
vn 0.185532 0.434186 0.88151
v -0.0388595 -0.0723995 0.0199585 0.8 0.8 0.8
vn 0.0853427 0.488534 0.868361
v -0.0213271 -0.0742127 0.0199585 0.8 0.8 0.8
vn 0.012962 0.512318 0.858698
v 0.0213271 -0.0742127 0.0199585 0.8 0.8 0.8
vn -0.0180756 0.509828 0.860086
v 0.0388595 -0.0723995 0.0199585 0.8 0.8 0.8
vn -0.0957597 0.483367 0.870165
v 0.0507194 -0.0687418 0.0199585 0.8 0.8 0.8
vn -0.197795 0.42578 0.882943
v 0.0595959 -0.0631591 0.0199585 0.8 0.8 0.8
vn -0.303224 0.341086 0.889784
v 0.0661991 -0.05547 0.0199585 0.8 0.8 0.8
vn -0.396322 0.238694 0.88654
v 0.0708048 -0.0452426 0.0199585 0.8 0.8 0.8
vn -0.465008 0.13381 0.875136
v 0.0735339 -0.0312058 0.0199585 0.8 0.8 0.8
vn -0.506737 0.0366298 0.861322
v 0.0629146 2.40887e-08 0.0131815 0.8 0.8 0.8
vn -0.498009 -0.00163766 0.86717
v 0.0621498 0.0263747 0.0131815 0.8 0.8 0.8
vn -0.487007 -0.0432036 0.872329
v 0.0598432 0.0382385 0.0131815 0.8 0.8 0.8
vn -0.443978 -0.140607 0.884937
v 0.0559506 0.0468825 0.0131815 0.8 0.8 0.8
vn -0.374305 -0.242805 0.894953
v 0.0503696 0.0533812 0.0131815 0.8 0.8 0.8
vn -0.282208 -0.340771 0.896791
v 0.0428674 0.0580997 0.0131815 0.8 0.8 0.8
vn -0.180015 -0.4205 0.889255
v 0.0328435 0.0611911 0.0131815 0.8 0.8 0.8
vn -0.0830059 -0.473828 0.876697
v 0.0180253 0.0627236 0.0131815 0.8 0.8 0.8
vn -0.0126948 -0.497789 0.867205
v -0.0180254 0.0627236 0.0131815 0.8 0.8 0.8
vn 0.0173853 -0.493765 0.869422
v -0.0328435 0.0611911 0.0131815 0.8 0.8 0.8
vn 0.0925443 -0.468403 0.878655
v -0.0428674 0.0580997 0.0131815 0.8 0.8 0.8
vn 0.191263 -0.412467 0.890668
v -0.0503697 0.0533812 0.0131815 0.8 0.8 0.8
vn 0.293279 -0.330421 0.897112
v -0.0559506 0.0468825 0.0131815 0.8 0.8 0.8
vn 0.383605 -0.231421 0.894031
v -0.0598432 0.0382385 0.0131815 0.8 0.8 0.8
vn 0.450659 -0.129962 0.883185
v -0.0621498 0.0263747 0.0131815 0.8 0.8 0.8
vn 0.492149 -0.0357413 0.869777
v -0.0629146 1.94349e-08 0.0131815 0.8 0.8 0.8
vn 0.498009 0.00163766 0.86717
v -0.0621498 -0.0263747 0.0131815 0.8 0.8 0.8
vn 0.487007 0.0432036 0.872329
v -0.0598432 -0.0382385 0.0131815 0.8 0.8 0.8
vn 0.443978 0.140607 0.884937
v -0.0559506 -0.0468824 0.0131815 0.8 0.8 0.8
vn 0.374305 0.242805 0.894953
v -0.0503697 -0.0533812 0.0131815 0.8 0.8 0.8
vn 0.282208 0.340771 0.896791
v -0.0428674 -0.0580996 0.0131815 0.8 0.8 0.8
vn 0.180015 0.4205 0.889255
v -0.0328435 -0.0611911 0.0131815 0.8 0.8 0.8
vn 0.0830059 0.473828 0.876697
v -0.0180254 -0.0627235 0.0131815 0.8 0.8 0.8
vn 0.0126948 0.497789 0.867205
v 0.0180253 -0.0627235 0.0131815 0.8 0.8 0.8
vn -0.0173853 0.493765 0.869422
v 0.0328435 -0.0611911 0.0131815 0.8 0.8 0.8
vn -0.0925443 0.468403 0.878655
v 0.0428674 -0.0580996 0.0131815 0.8 0.8 0.8
vn -0.191263 0.412467 0.890668
v 0.0503696 -0.0533812 0.0131815 0.8 0.8 0.8
vn -0.293279 0.330421 0.897112
v 0.0559506 -0.0468824 0.0131815 0.8 0.8 0.8
vn -0.383605 0.231421 0.894031
v 0.0598432 -0.0382384 0.0131815 0.8 0.8 0.8
vn -0.450659 0.129962 0.883185
v 0.0621498 -0.0263747 0.0131815 0.8 0.8 0.8
vn -0.492149 0.0357413 0.869777
v 0.0544585 2.37693e-08 0.00850166 0.8 0.8 0.8
vn -0.468702 -0.00148711 0.883355
v 0.0537966 0.0228298 0.00850166 0.8 0.8 0.8
vn -0.457112 -0.0404109 0.888491
v 0.0518 0.0330991 0.00850166 0.8 0.8 0.8
vn -0.416742 -0.131767 0.899424
v 0.0484305 0.0405812 0.00850166 0.8 0.8 0.8
vn -0.351059 -0.227436 0.908312
v 0.0435997 0.0462065 0.00850166 0.8 0.8 0.8
vn -0.264752 -0.319302 0.909919
v 0.0371058 0.0502908 0.00850166 0.8 0.8 0.8
vn -0.169167 -0.394602 0.903145
v 0.0284291 0.0529667 0.00850166 0.8 0.8 0.8
vn -0.078244 -0.445686 0.891763
v 0.0156026 0.0542932 0.00850166 0.8 0.8 0.8
vn -0.0120473 -0.469537 0.88283
v -0.0156027 0.0542932 0.00850166 0.8 0.8 0.8
vn 0.0162312 -0.463451 0.885974
v -0.0284292 0.0529667 0.00850166 0.8 0.8 0.8
vn 0.0867245 -0.439861 0.893868
v -0.0371058 0.0502908 0.00850166 0.8 0.8 0.8
vn 0.179193 -0.386977 0.90451
v -0.0435997 0.0462065 0.00850166 0.8 0.8 0.8
vn 0.274718 -0.309887 0.91022
v -0.0484305 0.0405812 0.00850166 0.8 0.8 0.8
vn 0.35966 -0.217253 0.907439
v -0.0518 0.033099 0.00850166 0.8 0.8 0.8
vn 0.423365 -0.122295 0.897667
v -0.0537966 0.0228298 0.00850166 0.8 0.8 0.8
vn 0.463903 -0.0338105 0.88524
v -0.0544585 1.97411e-08 0.00850166 0.8 0.8 0.8
vn 0.468702 0.00148711 0.883355
v -0.0537966 -0.0228298 0.00850166 0.8 0.8 0.8
vn 0.457112 0.0404109 0.888491
v -0.0518 -0.033099 0.00850166 0.8 0.8 0.8
vn 0.416742 0.131767 0.899424
v -0.0484305 -0.0405812 0.00850166 0.8 0.8 0.8
vn 0.351059 0.227436 0.908312
v -0.0435997 -0.0462065 0.00850166 0.8 0.8 0.8
vn 0.264752 0.319302 0.909919
v -0.0371058 -0.0502907 0.00850166 0.8 0.8 0.8
vn 0.169167 0.394602 0.903145
v -0.0284292 -0.0529667 0.00850166 0.8 0.8 0.8
vn 0.078244 0.445686 0.891763
v -0.0156027 -0.0542932 0.00850166 0.8 0.8 0.8
vn 0.0120473 0.469537 0.88283
v 0.0156026 -0.0542932 0.00850166 0.8 0.8 0.8
vn -0.0162312 0.463451 0.885974
v 0.0284291 -0.0529667 0.00850166 0.8 0.8 0.8
vn -0.0867245 0.439861 0.893868
v 0.0371058 -0.0502907 0.00850166 0.8 0.8 0.8
vn -0.179193 0.386977 0.90451
v 0.0435997 -0.0462065 0.00850166 0.8 0.8 0.8
vn -0.274718 0.309887 0.91022
v 0.0484305 -0.0405812 0.00850166 0.8 0.8 0.8
vn -0.35966 0.217253 0.907439
v 0.0518 -0.033099 0.00850166 0.8 0.8 0.8
vn -0.423365 0.122295 0.897667
v 0.0537966 -0.0228298 0.00850166 0.8 0.8 0.8
vn -0.463903 0.0338105 0.88524
v 0.0481002 2.35292e-08 0.00533938 0.8 0.8 0.8
vn -0.421818 -0.00131158 0.90668
v 0.0475155 0.0201643 0.00533938 0.8 0.8 0.8
vn -0.409759 -0.0361555 0.911477
v 0.045752 0.0292346 0.00533938 0.8 0.8 0.8
vn -0.373526 -0.117997 0.920084
v 0.042776 0.0358432 0.00533938 0.8 0.8 0.8
vn -0.314228 -0.203433 0.927295
v 0.0385092 0.0408117 0.00533938 0.8 0.8 0.8
vn -0.237009 -0.285651 0.928563
v 0.0327735 0.0444191 0.00533938 0.8 0.8 0.8
vn -0.151756 -0.353715 0.92296
v 0.0251099 0.0467825 0.00533938 0.8 0.8 0.8
vn -0.0704484 -0.400808 0.913449
v 0.0137809 0.0479542 0.00533938 0.8 0.8 0.8
vn -0.0109136 -0.423938 0.905626
v -0.013781 0.0479542 0.00533938 0.8 0.8 0.8
vn 0.0145079 -0.415462 0.909495
v -0.0251099 0.0467825 0.00533938 0.8 0.8 0.8
vn 0.0776981 -0.394531 0.915592
v -0.0327735 0.0444191 0.00533938 0.8 0.8 0.8
vn 0.160362 -0.346575 0.924213
v -0.0385092 0.0408117 0.00533938 0.8 0.8 0.8
vn 0.245689 -0.277328 0.928831
v -0.042776 0.0358432 0.00533938 0.8 0.8 0.8
vn 0.322008 -0.194646 0.926512
v -0.045752 0.0292345 0.00533938 0.8 0.8 0.8
vn 0.380069 -0.109888 0.918407
v -0.0475155 0.0201643 0.00533938 0.8 0.8 0.8
vn 0.418454 -0.0305579 0.907724
v -0.0481002 1.99713e-08 0.00533938 0.8 0.8 0.8
vn 0.421818 0.00131158 0.90668
v -0.0475155 -0.0201643 0.00533938 0.8 0.8 0.8
vn 0.409759 0.0361555 0.911477
v -0.045752 -0.0292345 0.00533938 0.8 0.8 0.8
vn 0.373526 0.117997 0.920084
v -0.042776 -0.0358431 0.00533938 0.8 0.8 0.8
vn 0.314228 0.203433 0.927295
v -0.0385092 -0.0408116 0.00533938 0.8 0.8 0.8
vn 0.237009 0.285651 0.928563
v -0.0327735 -0.044419 0.00533938 0.8 0.8 0.8
vn 0.151756 0.353715 0.92296
v -0.0251099 -0.0467825 0.00533938 0.8 0.8 0.8
vn 0.0704484 0.400808 0.913449
v -0.013781 -0.0479541 0.00533938 0.8 0.8 0.8
vn 0.0109136 0.423938 0.905626
v 0.0137809 -0.0479541 0.00533938 0.8 0.8 0.8
vn -0.0145079 0.415462 0.909495
v 0.0251099 -0.0467825 0.00533938 0.8 0.8 0.8
vn -0.0776981 0.394531 0.915592
v 0.0327735 -0.044419 0.00533938 0.8 0.8 0.8
vn -0.160362 0.346575 0.924213
v 0.0385092 -0.0408116 0.00533938 0.8 0.8 0.8
vn -0.245689 0.277328 0.928831
v 0.042776 -0.0358431 0.00533938 0.8 0.8 0.8
vn -0.322008 0.194646 0.926512
v 0.045752 -0.0292345 0.00533938 0.8 0.8 0.8
vn -0.380069 0.109888 0.918407
v 0.0475155 -0.0201643 0.00533938 0.8 0.8 0.8
vn -0.418454 0.0305579 0.907724
v 0.0431436 2.33421e-08 0.00325414 0.8 0.8 0.8
vn -0.356706 -0.00110843 0.934216
v 0.0426191 0.0180864 0.00325414 0.8 0.8 0.8
vn -0.344696 -0.0304128 0.938222
v 0.0410374 0.026222 0.00325414 0.8 0.8 0.8
vn -0.314238 -0.099265 0.94414
v 0.038368 0.0321496 0.00325414 0.8 0.8 0.8
vn -0.263913 -0.170855 0.949294
v 0.0345409 0.0366061 0.00325414 0.8 0.8 0.8
vn -0.199068 -0.239918 0.950164
v 0.0293962 0.0398418 0.00325414 0.8 0.8 0.8
vn -0.127753 -0.297759 0.946054
v 0.0225224 0.0419617 0.00325414 0.8 0.8 0.8
vn -0.0595379 -0.338722 0.939001
v 0.0123608 0.0430126 0.00325414 0.8 0.8 0.8
vn -0.00927037 -0.36007 0.932879
v -0.0123609 0.0430126 0.00325414 0.8 0.8 0.8
vn 0.0122036 -0.349506 0.936855
v -0.0225224 0.0419617 0.00325414 0.8 0.8 0.8
vn 0.0654182 -0.332189 0.940942
v -0.0293962 0.0398418 0.00325414 0.8 0.8 0.8
vn 0.134777 -0.291287 0.947094
v -0.0345409 0.0366061 0.00325414 0.8 0.8 0.8
vn 0.206291 -0.232861 0.950379
v -0.038368 0.0321496 0.00325414 0.8 0.8 0.8
vn 0.270692 -0.163631 0.948657
v -0.0410374 0.026222 0.00325414 0.8 0.8 0.8
vn 0.320516 -0.0926725 0.942699
v -0.0426192 0.0180864 0.00325414 0.8 0.8 0.8
vn 0.354993 -0.0259251 0.93451
v -0.0431436 2.01507e-08 0.00325414 0.8 0.8 0.8
vn 0.356706 0.00110843 0.934216
v -0.0426192 -0.0180864 0.00325414 0.8 0.8 0.8
vn 0.344696 0.0304128 0.938222
v -0.0410374 -0.026222 0.00325414 0.8 0.8 0.8
vn 0.314238 0.099265 0.94414
v -0.038368 -0.0321496 0.00325414 0.8 0.8 0.8
vn 0.263913 0.170855 0.949294
v -0.0345409 -0.0366061 0.00325414 0.8 0.8 0.8
vn 0.199068 0.239918 0.950164
v -0.0293962 -0.0398417 0.00325414 0.8 0.8 0.8
vn 0.127753 0.297759 0.946054
v -0.0225224 -0.0419617 0.00325414 0.8 0.8 0.8
vn 0.0595379 0.338722 0.939001
v -0.0123609 -0.0430126 0.00325414 0.8 0.8 0.8
vn 0.00927037 0.36007 0.932879
v 0.0123608 -0.0430126 0.00325414 0.8 0.8 0.8
vn -0.0122036 0.349506 0.936855
v 0.0225224 -0.0419617 0.00325414 0.8 0.8 0.8
vn -0.0654182 0.332189 0.940942
v 0.0293962 -0.0398417 0.00325414 0.8 0.8 0.8
vn -0.134777 0.291287 0.947094
v 0.0345409 -0.0366061 0.00325414 0.8 0.8 0.8
vn -0.206291 0.232861 0.950379
v 0.038368 -0.0321496 0.00325414 0.8 0.8 0.8
vn -0.270692 0.163631 0.948657
v 0.0410374 -0.026222 0.00325414 0.8 0.8 0.8
vn -0.320516 0.0926725 0.942699
v 0.0426191 -0.0180864 0.00325414 0.8 0.8 0.8
vn -0.354993 0.0259251 0.93451
v 0.0390997 2.31893e-08 0.00191663 0.8 0.8 0.8
vn -0.278703 -0.000883432 0.960377
v 0.0386245 0.0163912 0.00191663 0.8 0.8 0.8
vn -0.267684 -0.0236624 0.963216
v 0.037191 0.0237642 0.00191663 0.8 0.8 0.8
vn -0.244201 -0.0772088 0.966646
v 0.0347718 0.0291362 0.00191663 0.8 0.8 0.8
vn -0.204778 -0.132663 0.969777
v 0.0313034 0.033175 0.00191663 0.8 0.8 0.8
vn -0.154466 -0.186286 0.970277
v 0.0266409 0.0361074 0.00191663 0.8 0.8 0.8
vn -0.0993345 -0.231701 0.967702
v 0.0204113 0.0380287 0.00191663 0.8 0.8 0.8
vn -0.0464569 -0.264608 0.963236
v 0.0112023 0.0389811 0.00191663 0.8 0.8 0.8
vn -0.00725798 -0.282831 0.959142
v -0.0112023 0.0389811 0.00191663 0.8 0.8 0.8
vn 0.00950361 -0.271396 0.962421
v -0.0204114 0.0380287 0.00191663 0.8 0.8 0.8
vn 0.0509309 -0.258333 0.964713
v -0.0266409 0.0361074 0.00191663 0.8 0.8 0.8
vn 0.104725 -0.226168 0.968442
v -0.0313034 0.033175 0.00191663 0.8 0.8 0.8
vn 0.160133 -0.180639 0.970426
v -0.0347718 0.0291362 0.00191663 0.8 0.8 0.8
vn 0.210356 -0.12707 0.969331
v -0.037191 0.0237642 0.00191663 0.8 0.8 0.8
vn 0.249848 -0.072175 0.965591
v -0.0386245 0.0163912 0.00191663 0.8 0.8 0.8
vn 0.278491 -0.020299 0.960224
v -0.0390998 2.02972e-08 0.00191663 0.8 0.8 0.8
vn 0.278703 0.000883432 0.960377
v -0.0386245 -0.0163912 0.00191663 0.8 0.8 0.8
vn 0.267684 0.0236624 0.963216
v -0.037191 -0.0237642 0.00191663 0.8 0.8 0.8
vn 0.244201 0.0772088 0.966646
v -0.0347718 -0.0291362 0.00191663 0.8 0.8 0.8
vn 0.204778 0.132663 0.969777
v -0.0313034 -0.033175 0.00191663 0.8 0.8 0.8
vn 0.154466 0.186286 0.970277
v -0.0266409 -0.0361074 0.00191663 0.8 0.8 0.8
vn 0.0993345 0.231701 0.967702
v -0.0204114 -0.0380286 0.00191663 0.8 0.8 0.8
vn 0.0464569 0.264608 0.963236
v -0.0112023 -0.038981 0.00191663 0.8 0.8 0.8
vn 0.00725798 0.282831 0.959142
v 0.0112023 -0.038981 0.00191663 0.8 0.8 0.8
vn -0.00950361 0.271396 0.962421
v 0.0204113 -0.0380286 0.00191663 0.8 0.8 0.8
vn -0.0509309 0.258333 0.964713
v 0.0266409 -0.0361074 0.00191663 0.8 0.8 0.8
vn -0.104725 0.226168 0.968442
v 0.0313034 -0.033175 0.00191663 0.8 0.8 0.8
vn -0.160133 0.180639 0.970426
v 0.0347718 -0.0291362 0.00191663 0.8 0.8 0.8
vn -0.210356 0.12707 0.969331
v 0.037191 -0.0237642 0.00191663 0.8 0.8 0.8
vn -0.249848 0.072175 0.965591
v 0.0386245 -0.0163912 0.00191663 0.8 0.8 0.8
vn -0.278491 0.020299 0.960224
v 0.0356331 2.30584e-08 0.00108541 0.8 0.8 0.8
vn -0.199162 -0.000656369 0.979966
v 0.0352 0.0149379 0.00108541 0.8 0.8 0.8
vn -0.190108 -0.0168686 0.981618
v 0.0338936 0.0216573 0.00108541 0.8 0.8 0.8
vn -0.173696 -0.0550148 0.983261
v 0.0316889 0.026553 0.00108541 0.8 0.8 0.8
vn -0.145505 -0.0943943 0.984844
v 0.028528 0.0302337 0.00108541 0.8 0.8 0.8
vn -0.109759 -0.132545 0.985081
v 0.0242789 0.0329061 0.00108541 0.8 0.8 0.8
vn -0.0706885 -0.165137 0.983734
v 0.0186017 0.034657 0.00108541 0.8 0.8 0.8
vn -0.0331396 -0.189198 0.981379
v 0.0102091 0.035525 0.00108541 0.8 0.8 0.8
vn -0.00518179 -0.203266 0.97911
v -0.0102091 0.035525 0.00108541 0.8 0.8 0.8
vn 0.00678699 -0.192695 0.981235
v -0.0186017 0.034657 0.00108541 0.8 0.8 0.8
vn 0.0363214 -0.183813 0.98229
v -0.0242789 0.0329061 0.00108541 0.8 0.8 0.8
vn 0.07456 -0.160778 0.98417
v -0.028528 0.0302337 0.00108541 0.8 0.8 0.8
vn 0.113914 -0.128331 0.985167
v -0.0316889 0.026553 0.00108541 0.8 0.8 0.8
vn 0.149767 -0.0903441 0.984585
v -0.0338936 0.0216573 0.00108541 0.8 0.8 0.8
vn 0.178322 -0.0514197 0.982628
v -0.0352 0.0149379 0.00108541 0.8 0.8 0.8
vn 0.199918 -0.0145154 0.979705
v -0.0356331 2.04227e-08 0.00108541 0.8 0.8 0.8
vn 0.199162 0.000656369 0.979966
v -0.0352 -0.0149379 0.00108541 0.8 0.8 0.8
vn 0.190108 0.0168686 0.981618
v -0.0338936 -0.0216572 0.00108541 0.8 0.8 0.8
vn 0.173696 0.0550148 0.983261
v -0.0316889 -0.0265529 0.00108541 0.8 0.8 0.8
vn 0.145505 0.0943943 0.984844
v -0.028528 -0.0302337 0.00108541 0.8 0.8 0.8
vn 0.109759 0.132545 0.985081
v -0.0242789 -0.0329061 0.00108541 0.8 0.8 0.8
vn 0.0706885 0.165137 0.983734
v -0.0186017 -0.034657 0.00108541 0.8 0.8 0.8
vn 0.0331396 0.189198 0.981379
v -0.0102091 -0.0355249 0.00108541 0.8 0.8 0.8
vn 0.00518179 0.203266 0.97911
v 0.0102091 -0.0355249 0.00108541 0.8 0.8 0.8
vn -0.00678699 0.192695 0.981235
v 0.0186017 -0.034657 0.00108541 0.8 0.8 0.8
vn -0.0363214 0.183813 0.98229
v 0.0242789 -0.0329061 0.00108541 0.8 0.8 0.8
vn -0.07456 0.160778 0.98417
v 0.028528 -0.0302337 0.00108541 0.8 0.8 0.8
vn -0.113914 0.128331 0.985167
v 0.0316889 -0.0265529 0.00108541 0.8 0.8 0.8
vn -0.149767 0.0903441 0.984585
v 0.0338936 -0.0216572 0.00108541 0.8 0.8 0.8
vn -0.178322 0.0514197 0.982628
v 0.0352 -0.0149379 0.00108541 0.8 0.8 0.8
vn -0.199918 0.0145154 0.979705
v 0.0325194 2.29408e-08 0.000587317 0.8 0.8 0.8
vn -0.130093 -0.000453179 0.991502
v 0.0321241 0.0136326 0.000587317 0.8 0.8 0.8
vn -0.123473 -0.011018 0.992287
v 0.0309319 0.0197648 0.000587317 0.8 0.8 0.8
vn -0.113061 -0.0359047 0.992939
v 0.0289198 0.0242327 0.000587317 0.8 0.8 0.8
vn -0.0946673 -0.0615407 0.993605
v 0.0260352 0.0275918 0.000587317 0.8 0.8 0.8
vn -0.0714101 -0.0864065 0.993697
v 0.0221574 0.0300307 0.000587317 0.8 0.8 0.8
vn -0.0460245 -0.107766 0.99311
v 0.0169762 0.0316286 0.000587317 0.8 0.8 0.8
vn -0.0215988 -0.123742 0.992079
v 0.00931697 0.0324207 0.000587317 0.8 0.8 0.8
vn -0.00336983 -0.133505 0.991042
v -0.00931698 0.0324207 0.000587317 0.8 0.8 0.8
vn 0.00444459 -0.125104 0.992134
v -0.0169762 0.0316286 0.000587317 0.8 0.8 0.8
vn 0.0237219 -0.119645 0.992533
v -0.0221574 0.0300307 0.000587317 0.8 0.8 0.8
vn 0.0486305 -0.104627 0.993322
v -0.0260352 0.0275918 0.000587317 0.8 0.8 0.8
vn 0.0742534 -0.0834858 0.993739
v -0.0289199 0.0242327 0.000587317 0.8 0.8 0.8
vn 0.0976714 -0.0587958 0.99348
v -0.0309319 0.0197648 0.000587317 0.8 0.8 0.8
vn 0.116479 -0.0334963 0.992628
v -0.0321241 0.0136326 0.000587317 0.8 0.8 0.8
vn 0.131189 -0.00947003 0.991312
v -0.0325194 2.05354e-08 0.000587317 0.8 0.8 0.8
vn 0.130093 0.000453179 0.991502
v -0.0321241 -0.0136326 0.000587317 0.8 0.8 0.8
vn 0.123473 0.011018 0.992287
v -0.0309319 -0.0197648 0.000587317 0.8 0.8 0.8
vn 0.113061 0.0359047 0.992939
v -0.0289199 -0.0242327 0.000587317 0.8 0.8 0.8
vn 0.0946673 0.0615407 0.993605
v -0.0260352 -0.0275918 0.000587317 0.8 0.8 0.8
vn 0.0714101 0.0864065 0.993697
v -0.0221574 -0.0300306 0.000587317 0.8 0.8 0.8
vn 0.0460245 0.107766 0.99311
v -0.0169762 -0.0316285 0.000587317 0.8 0.8 0.8
vn 0.0215988 0.123742 0.992079
v -0.00931698 -0.0324207 0.000587317 0.8 0.8 0.8
vn 0.00336983 0.133505 0.991042
v 0.00931697 -0.0324207 0.000587317 0.8 0.8 0.8
vn -0.00444459 0.125104 0.992134
v 0.0169762 -0.0316285 0.000587317 0.8 0.8 0.8
vn -0.0237219 0.119645 0.992533
v 0.0221574 -0.0300306 0.000587317 0.8 0.8 0.8
vn -0.0486305 0.104627 0.993322
v 0.0260352 -0.0275918 0.000587317 0.8 0.8 0.8
vn -0.0742534 0.0834858 0.993739
v 0.0289198 -0.0242327 0.000587317 0.8 0.8 0.8
vn -0.0976714 0.0587958 0.99348
v 0.0309319 -0.0197648 0.000587317 0.8 0.8 0.8
vn -0.116479 0.0334963 0.992628
v 0.0321241 -0.0136326 0.000587317 0.8 0.8 0.8
vn -0.131189 0.00947003 0.991312
v 0.0296132 2.28311e-08 0.00030125 0.8 0.8 0.8
vn -0.0781002 -0.000291604 0.996945
v 0.0292533 0.0124143 0.00030125 0.8 0.8 0.8
vn -0.0737455 -0.00663025 0.997255
v 0.0281676 0.0179985 0.00030125 0.8 0.8 0.8
vn -0.0676978 -0.0215746 0.997473
v 0.0263354 0.0220671 0.00030125 0.8 0.8 0.8
vn -0.056679 -0.036947 0.997709
v 0.0237085 0.025126 0.00030125 0.8 0.8 0.8
vn -0.0427514 -0.0518662 0.997739
v 0.0201772 0.0273469 0.00030125 0.8 0.8 0.8
vn -0.0275561 -0.0647208 0.997523
v 0.0154591 0.028802 0.00030125 0.8 0.8 0.8
vn -0.0129288 -0.0744168 0.997143
v 0.00848433 0.0295234 0.00030125 0.8 0.8 0.8
vn -0.0020065 -0.0805558 0.996748
v -0.00848435 0.0295234 0.00030125 0.8 0.8 0.8
vn 0.00268399 -0.0746859 0.997203
v -0.0154591 0.028802 0.00030125 0.8 0.8 0.8
vn 0.0142645 -0.0716224 0.99733
v -0.0201772 0.0273469 0.00030125 0.8 0.8 0.8
vn 0.0292062 -0.0626471 0.997608
v -0.0237085 0.025126 0.00030125 0.8 0.8 0.8
vn 0.0445714 -0.0499814 0.997755
v -0.0263354 0.0220671 0.00030125 0.8 0.8 0.8
vn 0.058638 -0.0352009 0.997659
v -0.0281676 0.0179985 0.00030125 0.8 0.8 0.8
vn 0.0699906 -0.0200549 0.997346
v -0.0292533 0.0124143 0.00030125 0.8 0.8 0.8
vn 0.0791067 -0.00566633 0.99685
v -0.0296133 2.06406e-08 0.00030125 0.8 0.8 0.8
vn 0.0781002 0.000291604 0.996945
v -0.0292533 -0.0124143 0.00030125 0.8 0.8 0.8
vn 0.0737455 0.00663025 0.997255
v -0.0281676 -0.0179984 0.00030125 0.8 0.8 0.8
vn 0.0676978 0.0215746 0.997473
v -0.0263354 -0.0220671 0.00030125 0.8 0.8 0.8
vn 0.056679 0.036947 0.997709
v -0.0237085 -0.025126 0.00030125 0.8 0.8 0.8
vn 0.0427514 0.0518662 0.997739
v -0.0201772 -0.0273469 0.00030125 0.8 0.8 0.8
vn 0.0275561 0.0647208 0.997523
v -0.0154591 -0.028802 0.00030125 0.8 0.8 0.8
vn 0.0129288 0.0744168 0.997143
v -0.00848435 -0.0295233 0.00030125 0.8 0.8 0.8
vn 0.0020065 0.0805558 0.996748
v 0.00848433 -0.0295233 0.00030125 0.8 0.8 0.8
vn -0.00268399 0.0746859 0.997203
v 0.0154591 -0.028802 0.00030125 0.8 0.8 0.8
vn -0.0142645 0.0716224 0.99733
v 0.0201772 -0.0273469 0.00030125 0.8 0.8 0.8
vn -0.0292062 0.0626471 0.997608
v 0.0237085 -0.025126 0.00030125 0.8 0.8 0.8
vn -0.0445714 0.0499814 0.997755
v 0.0263354 -0.0220671 0.00030125 0.8 0.8 0.8
vn -0.058638 0.0352009 0.997659
v 0.0281676 -0.0179984 0.00030125 0.8 0.8 0.8
vn -0.0699906 0.0200549 0.997346
v 0.0292533 -0.0124143 0.00030125 0.8 0.8 0.8
vn -0.0791067 0.00566633 0.99685
v 0.0268237 2.27258e-08 0.000144983 0.8 0.8 0.8
vn -0.0433093 -0.000175418 0.999062
v 0.0264976 0.0112449 0.000144983 0.8 0.8 0.8
vn -0.0406957 -0.00369377 0.999165
v 0.0255142 0.016303 0.000144983 0.8 0.8 0.8
vn -0.0374586 -0.011991 0.999226
v 0.0238546 0.0199884 0.000144983 0.8 0.8 0.8
vn -0.0313635 -0.0205159 0.999297
v 0.0214751 0.0227592 0.000144983 0.8 0.8 0.8
vn -0.0236524 -0.0287913 0.999306
v 0.0182765 0.0247709 0.000144983 0.8 0.8 0.8
vn -0.0152397 -0.0359325 0.999238
v 0.0140028 0.0260889 0.000144983 0.8 0.8 0.8
vn -0.0071417 -0.0413507 0.999119
v 0.00768511 0.0267423 0.000144983 0.8 0.8 0.8
vn -0.00109923 -0.0448849 0.998992
v -0.00768513 0.0267423 0.000144983 0.8 0.8 0.8
vn 0.00150199 -0.0411952 0.99915
v -0.0140029 0.0260889 0.000144983 0.8 0.8 0.8
vn 0.00793502 -0.039616 0.999183
v -0.0182766 0.0247709 0.000144983 0.8 0.8 0.8
vn 0.0162235 -0.0346668 0.999267
v -0.0214752 0.0227592 0.000144983 0.8 0.8 0.8
vn 0.0247443 -0.0276553 0.999311
v -0.0238546 0.0199884 0.000144983 0.8 0.8 0.8
vn 0.0325509 -0.0194721 0.99928
v -0.0255142 0.016303 0.000144983 0.8 0.8 0.8
vn 0.0388695 -0.0110867 0.999183
v -0.0264977 0.0112449 0.000144983 0.8 0.8 0.8
vn 0.0440561 -0.00312484 0.999024
v -0.0268237 2.07416e-08 0.000144983 0.8 0.8 0.8
vn 0.0433093 0.000175418 0.999062
v -0.0264977 -0.0112449 0.000144983 0.8 0.8 0.8
vn 0.0406957 0.00369377 0.999165
v -0.0255142 -0.016303 0.000144983 0.8 0.8 0.8
vn 0.0374586 0.011991 0.999226
v -0.0238546 -0.0199884 0.000144983 0.8 0.8 0.8
vn 0.0313635 0.0205159 0.999297
v -0.0214752 -0.0227591 0.000144983 0.8 0.8 0.8
vn 0.0236524 0.0287913 0.999306
v -0.0182766 -0.0247708 0.000144983 0.8 0.8 0.8
vn 0.0152397 0.0359325 0.999238
v -0.0140029 -0.0260889 0.000144983 0.8 0.8 0.8
vn 0.0071417 0.0413507 0.999119
v -0.00768513 -0.0267422 0.000144983 0.8 0.8 0.8
vn 0.00109923 0.0448849 0.998992
v 0.00768511 -0.0267422 0.000144983 0.8 0.8 0.8
vn -0.00150199 0.0411952 0.99915
v 0.0140028 -0.0260889 0.000144983 0.8 0.8 0.8
vn -0.00793502 0.039616 0.999183
v 0.0182765 -0.0247708 0.000144983 0.8 0.8 0.8
vn -0.0162235 0.0346668 0.999267
v 0.0214751 -0.0227591 0.000144983 0.8 0.8 0.8
vn -0.0247443 0.0276553 0.999311
v 0.0238546 -0.0199884 0.000144983 0.8 0.8 0.8
vn -0.0325509 0.0194721 0.99928
v 0.0255142 -0.016303 0.000144983 0.8 0.8 0.8
vn -0.0388695 0.0110867 0.999183
v 0.0264976 -0.0112449 0.000144983 0.8 0.8 0.8
vn -0.0440561 0.00312484 0.999024
v 0.0240962 2.26228e-08 6.45944e-05 0.8 0.8 0.8
vn -0.0221871 -9.85689e-05 0.999754
v 0.0238033 0.0101015 6.45944e-05 0.8 0.8 0.8
vn -0.0207439 -0.00190511 0.999783
v 0.0229199 0.0146453 6.45944e-05 0.8 0.8 0.8
vn -0.0191483 -0.00616346 0.999798
v 0.021429 0.017956 6.45944e-05 0.8 0.8 0.8
vn -0.0160339 -0.0105336 0.999816
v 0.0192915 0.020445 6.45944e-05 0.8 0.8 0.8
vn -0.012088 -0.0147755 0.999818
v 0.0164181 0.0222521 6.45944e-05 0.8 0.8 0.8
vn -0.00778291 -0.0184393 0.9998
v 0.012579 0.0234361 6.45944e-05 0.8 0.8 0.8
vn -0.00364025 -0.0212324 0.999768
v 0.00690368 0.0240231 6.45944e-05 0.8 0.8 0.8
vn -0.000553994 -0.0231052 0.999733
v -0.0069037 0.0240231 6.45944e-05 0.8 0.8 0.8
vn 0.000778995 -0.0209883 0.999779
v -0.012579 0.0234361 6.45944e-05 0.8 0.8 0.8
vn 0.00408324 -0.0202429 0.999787
v -0.0164182 0.0222521 6.45944e-05 0.8 0.8 0.8
vn 0.00833338 -0.0177231 0.999808
v -0.0192915 0.020445 6.45944e-05 0.8 0.8 0.8
vn 0.0127008 -0.0141365 0.999819
v -0.021429 0.017956 6.45944e-05 0.8 0.8 0.8
vn 0.0167036 -0.00994873 0.999811
v -0.0229199 0.0146453 6.45944e-05 0.8 0.8 0.8
vn 0.0199497 -0.00565807 0.999785
v -0.0238033 0.0101015 6.45944e-05 0.8 0.8 0.8
vn 0.0226693 -0.00158842 0.999742
v -0.0240962 2.08404e-08 6.45944e-05 0.8 0.8 0.8
vn 0.0221871 9.85689e-05 0.999754
v -0.0238033 -0.0101015 6.45944e-05 0.8 0.8 0.8
vn 0.0207439 0.00190511 0.999783
v -0.0229199 -0.0146453 6.45944e-05 0.8 0.8 0.8
vn 0.0191483 0.00616346 0.999798
v -0.021429 -0.0179559 6.45944e-05 0.8 0.8 0.8
vn 0.0160339 0.0105336 0.999816
v -0.0192915 -0.0204449 6.45944e-05 0.8 0.8 0.8
vn 0.012088 0.0147755 0.999818
v -0.0164182 -0.0222521 6.45944e-05 0.8 0.8 0.8
vn 0.00778291 0.0184393 0.9998
v -0.012579 -0.0234361 6.45944e-05 0.8 0.8 0.8
vn 0.00364025 0.0212324 0.999768
v -0.0069037 -0.024023 6.45944e-05 0.8 0.8 0.8
vn 0.000553994 0.0231052 0.999733
v 0.00690368 -0.024023 6.45944e-05 0.8 0.8 0.8
vn -0.000778995 0.0209883 0.999779
v 0.012579 -0.0234361 6.45944e-05 0.8 0.8 0.8
vn -0.00408324 0.0202429 0.999787
v 0.0164181 -0.0222521 6.45944e-05 0.8 0.8 0.8
vn -0.00833338 0.0177231 0.999808
v 0.0192915 -0.0204449 6.45944e-05 0.8 0.8 0.8
vn -0.0127008 0.0141365 0.999819
v 0.021429 -0.0179559 6.45944e-05 0.8 0.8 0.8
vn -0.0167036 0.00994873 0.999811
v 0.0229199 -0.0146453 6.45944e-05 0.8 0.8 0.8
vn -0.0199497 0.00565807 0.999785
v 0.0238033 -0.0101015 6.45944e-05 0.8 0.8 0.8
vn -0.0226693 0.00158842 0.999742
v 0.0213997 2.25209e-08 2.61583e-05 0.8 0.8 0.8
vn -0.0104316 -5.13887e-05 0.999946
v 0.0211396 0.00897108 2.61583e-05 0.8 0.8 0.8
vn -0.00969893 -0.000903744 0.999953
v 0.020355 0.0130064 2.61583e-05 0.8 0.8 0.8
vn -0.00898115 -0.00291054 0.999955
v 0.0190309 0.0159466 2.61583e-05 0.8 0.8 0.8
vn -0.00752081 -0.00496715 0.999959
v 0.0171327 0.018157 2.61583e-05 0.8 0.8 0.8
vn -0.00566749 -0.00696298 0.99996
v 0.0145808 0.019762 2.61583e-05 0.8 0.8 0.8
vn -0.0036453 -0.00868793 0.999956
v 0.0111713 0.0208135 2.61583e-05 0.8 0.8 0.8
vn -0.00170053 -0.010009 0.999948
v 0.00613111 0.0213347 2.61583e-05 0.8 0.8 0.8
vn -0.000255001 -0.0109199 0.99994
v -0.00613113 0.0213347 2.61583e-05 0.8 0.8 0.8
vn 0.000372063 -0.00980798 0.999952
v -0.0111713 0.0208135 2.61583e-05 0.8 0.8 0.8
vn 0.00193097 -0.00949038 0.999953
v -0.0145809 0.019762 2.61583e-05 0.8 0.8 0.8
vn 0.00393185 -0.00831358 0.999958
v -0.0171327 0.018157 2.61583e-05 0.8 0.8 0.8
vn 0.00598683 -0.00662976 0.99996
v -0.019031 0.0159466 2.61583e-05 0.8 0.8 0.8
vn 0.00787043 -0.00466256 0.999958
v -0.020355 0.0130064 2.61583e-05 0.8 0.8 0.8
vn 0.0094006 -0.00264755 0.999952
v -0.0211396 0.00897108 2.61583e-05 0.8 0.8 0.8
vn 0.0107098 -0.000739196 0.999942
v -0.0213997 2.0938e-08 2.61583e-05 0.8 0.8 0.8
vn 0.0104316 5.13887e-05 0.999946
v -0.0211396 -0.00897103 2.61583e-05 0.8 0.8 0.8
vn 0.00969893 0.000903744 0.999953
v -0.020355 -0.0130064 2.61583e-05 0.8 0.8 0.8
vn 0.00898115 0.00291054 0.999955
v -0.019031 -0.0159465 2.61583e-05 0.8 0.8 0.8
vn 0.00752081 0.00496715 0.999959
v -0.0171327 -0.018157 2.61583e-05 0.8 0.8 0.8
vn 0.00566749 0.00696298 0.99996
v -0.0145809 -0.0197619 2.61583e-05 0.8 0.8 0.8
vn 0.0036453 0.00868793 0.999956
v -0.0111713 -0.0208134 2.61583e-05 0.8 0.8 0.8
vn 0.00170053 0.010009 0.999948
v -0.00613113 -0.0213347 2.61583e-05 0.8 0.8 0.8
vn 0.000255001 0.0109199 0.99994
v 0.00613111 -0.0213347 2.61583e-05 0.8 0.8 0.8
vn -0.000372063 0.00980798 0.999952
v 0.0111713 -0.0208134 2.61583e-05 0.8 0.8 0.8
vn -0.00193097 0.00949038 0.999953
v 0.0145808 -0.0197619 2.61583e-05 0.8 0.8 0.8
vn -0.00393185 0.00831358 0.999958
v 0.0171327 -0.018157 2.61583e-05 0.8 0.8 0.8
vn -0.00598683 0.00662976 0.99996
v 0.0190309 -0.0159465 2.61583e-05 0.8 0.8 0.8
vn -0.00787043 0.00466256 0.999958
v 0.020355 -0.0130064 2.61583e-05 0.8 0.8 0.8
vn -0.0094006 0.00264755 0.999952
v 0.0211396 -0.00897103 2.61583e-05 0.8 0.8 0.8
vn -0.0107098 0.000739196 0.999942
v 0.0187174 2.24196e-08 9.38267e-06 0.8 0.8 0.8
vn -0.0044375 -2.45198e-05 0.99999
v 0.0184899 0.00784663 9.38267e-06 0.8 0.8 0.8
vn -0.00409894 -0.000388851 0.999992
v 0.0178036 0.0113762 9.38267e-06 0.8 0.8 0.8
vn -0.00380954 -0.00124497 0.999992
v 0.0166456 0.0139478 9.38267e-06 0.8 0.8 0.8
vn -0.00319017 -0.00212086 0.999993
v 0.0149852 0.0158812 9.38267e-06 0.8 0.8 0.8
vn -0.0024026 -0.00297055 0.999993
v 0.0127532 0.017285 9.38267e-06 0.8 0.8 0.8
vn -0.00154327 -0.00370533 0.999992
v 0.00977109 0.0182047 9.38267e-06 0.8 0.8 0.8
vn -0.000717489 -0.00427089 0.999991
v 0.00536262 0.0186606 9.38267e-06 0.8 0.8 0.8
vn -0.00010555 -0.00467276 0.999989
v -0.00536264 0.0186606 9.38267e-06 0.8 0.8 0.8
vn 0.000161421 -0.00414251 0.999991
v -0.00977111 0.0182047 9.38267e-06 0.8 0.8 0.8
vn 0.000827461 -0.00402354 0.999992
v -0.0127533 0.017285 9.38267e-06 0.8 0.8 0.8
vn 0.00168001 -0.00352675 0.999992
v -0.0149852 0.0158812 9.38267e-06 0.8 0.8 0.8
vn 0.00255497 -0.00281156 0.999993
v -0.0166456 0.0139478 9.38267e-06 0.8 0.8 0.8
vn 0.00335697 -0.00197551 0.999992
v -0.0178037 0.0113762 9.38267e-06 0.8 0.8 0.8
vn 0.00400961 -0.00111947 0.999991
v -0.0184899 0.00784662 9.38267e-06 0.8 0.8 0.8
vn 0.00458099 -0.00031031 0.999989
v -0.0187174 2.10351e-08 9.38267e-06 0.8 0.8 0.8
vn 0.0044375 2.45198e-05 0.99999
v -0.0184899 -0.00784658 9.38267e-06 0.8 0.8 0.8
vn 0.00409894 0.000388851 0.999992
v -0.0178037 -0.0113761 9.38267e-06 0.8 0.8 0.8
vn 0.00380954 0.00124497 0.999992
v -0.0166456 -0.0139477 9.38267e-06 0.8 0.8 0.8
vn 0.00319017 0.00212086 0.999993
v -0.0149852 -0.0158812 9.38267e-06 0.8 0.8 0.8
vn 0.0024026 0.00297055 0.999993
v -0.0127533 -0.0172849 9.38267e-06 0.8 0.8 0.8
vn 0.00154327 0.00370533 0.999992
v -0.00977111 -0.0182046 9.38267e-06 0.8 0.8 0.8
vn 0.000717489 0.00427089 0.999991
v -0.00536264 -0.0186606 9.38267e-06 0.8 0.8 0.8
vn 0.00010555 0.00467276 0.999989
v 0.00536262 -0.0186606 9.38267e-06 0.8 0.8 0.8
vn -0.000161421 0.00414251 0.999991
v 0.00977109 -0.0182046 9.38267e-06 0.8 0.8 0.8
vn -0.000827461 0.00402354 0.999992
v 0.0127532 -0.0172849 9.38267e-06 0.8 0.8 0.8
vn -0.00168001 0.00352675 0.999992
v 0.0149852 -0.0158812 9.38267e-06 0.8 0.8 0.8
vn -0.00255497 0.00281156 0.999993
v 0.0166456 -0.0139477 9.38267e-06 0.8 0.8 0.8
vn -0.00335697 0.00197551 0.999992
v 0.0178036 -0.0113761 9.38267e-06 0.8 0.8 0.8
vn -0.00400961 0.00111947 0.999991
v 0.0184899 -0.00784658 9.38267e-06 0.8 0.8 0.8
vn -0.00458099 0.00031031 0.999989
v 0.016041 2.23186e-08 2.86744e-06 0.8 0.8 0.8
vn -0.00166799 -1.04688e-05 0.999999
v 0.0158461 0.00672466 2.86744e-06 0.8 0.8 0.8
vn -0.00152858 -0.000148301 0.999999
v 0.0152579 0.00974952 2.86744e-06 0.8 0.8 0.8
vn -0.00142694 -0.000471249 0.999999
v 0.0142655 0.0119534 2.86744e-06 0.8 0.8 0.8
vn -0.00119491 -0.00080095 0.999999
v 0.0128425 0.0136104 2.86744e-06 0.8 0.8 0.8
vn -0.000899204 -0.00112063 0.999999
v 0.0109297 0.0148134 2.86744e-06 0.8 0.8 0.8
vn -0.000576585 -0.00139722 0.999999
v 0.00837395 0.0156016 2.86744e-06 0.8 0.8 0.8
vn -0.000266885 -0.00161133 0.999999
v 0.00459583 0.0159924 2.86744e-06 0.8 0.8 0.8
vn -3.82895e-05 -0.00176864 0.999998
v -0.00459585 0.0159924 2.86744e-06 0.8 0.8 0.8
vn 6.21916e-05 -0.00154371 0.999999
v -0.00837397 0.0156016 2.86744e-06 0.8 0.8 0.8
vn 0.000313932 -0.00150622 0.999999
v -0.0109297 0.0148134 2.86744e-06 0.8 0.8 0.8
vn 0.000635044 -0.00132115 0.999999
v -0.0128425 0.0136104 2.86744e-06 0.8 0.8 0.8
vn 0.000964282 -0.00105277 0.999999
v -0.0142655 0.0119534 2.86744e-06 0.8 0.8 0.8
vn 0.00126603 -0.000738841 0.999999
v -0.015258 0.00974951 2.86744e-06 0.8 0.8 0.8
vn 0.00151207 -0.000417577 0.999999
v -0.0158461 0.00672466 2.86744e-06 0.8 0.8 0.8
vn 0.00173314 -0.000114662 0.999998
v -0.0160411 2.1132e-08 2.86744e-06 0.8 0.8 0.8
vn 0.00166799 1.04688e-05 0.999999
v -0.0158461 -0.00672462 2.86744e-06 0.8 0.8 0.8
vn 0.00152858 0.000148301 0.999999
v -0.015258 -0.00974947 2.86744e-06 0.8 0.8 0.8
vn 0.00142694 0.000471249 0.999999
v -0.0142655 -0.0119534 2.86744e-06 0.8 0.8 0.8
vn 0.00119491 0.00080095 0.999999
v -0.0128425 -0.0136104 2.86744e-06 0.8 0.8 0.8
vn 0.000899204 0.00112063 0.999999
v -0.0109297 -0.0148134 2.86744e-06 0.8 0.8 0.8
vn 0.000576585 0.00139722 0.999999
v -0.00837397 -0.0156016 2.86744e-06 0.8 0.8 0.8
vn 0.000266885 0.00161133 0.999999
v -0.00459585 -0.0159923 2.86744e-06 0.8 0.8 0.8
vn 3.82895e-05 0.00176864 0.999998
v 0.00459583 -0.0159923 2.86744e-06 0.8 0.8 0.8
vn -6.21916e-05 0.00154371 0.999999
v 0.00837395 -0.0156016 2.86744e-06 0.8 0.8 0.8
vn -0.000313932 0.00150622 0.999999
v 0.0109297 -0.0148134 2.86744e-06 0.8 0.8 0.8
vn -0.000635044 0.00132115 0.999999
v 0.0128425 -0.0136104 2.86744e-06 0.8 0.8 0.8
vn -0.000964282 0.00105277 0.999999
v 0.0142655 -0.0119534 2.86744e-06 0.8 0.8 0.8
vn -0.00126603 0.000738841 0.999999
v 0.0152579 -0.00974947 2.86744e-06 0.8 0.8 0.8
vn -0.00151207 0.000417577 0.999999
v 0.0158461 -0.00672462 2.86744e-06 0.8 0.8 0.8
vn -0.00173314 0.000114662 0.999998
v 0.0133669 2.22176e-08 6.99473e-07 0.8 0.8 0.8
vn -0.000534072 -3.86006e-06 1
v 0.0132044 0.0056036 6.99473e-07 0.8 0.8 0.8
vn -0.0004847 -4.838e-05 1
v 0.0127143 0.00812419 6.99473e-07 0.8 0.8 0.8
vn -0.000454906 -0.00015224 1
v 0.0118873 0.0099607 6.99473e-07 0.8 0.8 0.8
vn -0.000380893 -0.000257989 1
v 0.0107016 0.0113414 6.99473e-07 0.8 0.8 0.8
vn -0.00028633 -0.000360447 1
v 0.00910762 0.0123439 6.99473e-07 0.8 0.8 0.8
vn -0.000183181 -0.000449144 1
v 0.00697793 0.0130007 6.99473e-07 0.8 0.8 0.8
vn -8.43006e-05 -0.000518247 1
v 0.00382966 0.0133263 6.99473e-07 0.8 0.8 0.8
vn -1.16956e-05 -0.000570922 1
v -0.00382968 0.0133263 6.99473e-07 0.8 0.8 0.8
vn 2.05438e-05 -0.000489066 1
v -0.00697795 0.0130007 6.99473e-07 0.8 0.8 0.8
vn 0.000101717 -0.000479859 1
v -0.00910763 0.0123439 6.99473e-07 0.8 0.8 0.8
vn 0.000204792 -0.00042122 1
v -0.0107016 0.0113414 6.99473e-07 0.8 0.8 0.8
vn 0.000310341 -0.000335446 1
v -0.0118873 0.0099607 6.99473e-07 0.8 0.8 0.8
vn 0.000407056 -0.000235048 1
v -0.0127143 0.00812419 6.99473e-07 0.8 0.8 0.8
vn 0.000486079 -0.000132385 1
v -0.0132044 0.0056036 6.99473e-07 0.8 0.8 0.8
vn 0.000559204 -3.58995e-05 1
v -0.0133669 2.12288e-08 6.99473e-07 0.8 0.8 0.8
vn 0.000534072 3.86006e-06 1
v -0.0132044 -0.00560356 6.99473e-07 0.8 0.8 0.8
vn 0.0004847 4.838e-05 1
v -0.0127143 -0.00812415 6.99473e-07 0.8 0.8 0.8
vn 0.000454906 0.00015224 1
v -0.0118873 -0.00996065 6.99473e-07 0.8 0.8 0.8
vn 0.000380893 0.000257989 1
v -0.0107016 -0.0113414 6.99473e-07 0.8 0.8 0.8
vn 0.00028633 0.000360447 1
v -0.00910763 -0.0123439 6.99473e-07 0.8 0.8 0.8
vn 0.000183181 0.000449144 1
v -0.00697795 -0.0130007 6.99473e-07 0.8 0.8 0.8
vn 8.43006e-05 0.000518247 1
v -0.00382968 -0.0133263 6.99473e-07 0.8 0.8 0.8
vn 1.16956e-05 0.000570922 1
v 0.00382966 -0.0133263 6.99473e-07 0.8 0.8 0.8
vn -2.05438e-05 0.000489066 1
v 0.00697793 -0.0130007 6.99473e-07 0.8 0.8 0.8
vn -0.000101717 0.000479859 1
v 0.00910762 -0.0123439 6.99473e-07 0.8 0.8 0.8
vn -0.000204792 0.00042122 1
v 0.0107016 -0.0113414 6.99473e-07 0.8 0.8 0.8
vn -0.000310341 0.000335446 1
v 0.0118873 -0.00996065 6.99473e-07 0.8 0.8 0.8
vn -0.000407056 0.000235048 1
v 0.0127143 -0.00812414 6.99473e-07 0.8 0.8 0.8
vn -0.000486079 0.000132385 1
v 0.0132044 -0.00560356 6.99473e-07 0.8 0.8 0.8
vn -0.000559204 3.58995e-05 1
v 0.0106933 2.21166e-08 1.17086e-07 0.8 0.8 0.8
vn -0.000137568 -1.16117e-06 1
v 0.0105634 0.00448283 1.17086e-07 0.8 0.8 0.8
vn -0.000123397 -1.27707e-05 1
v 0.0101713 0.00649927 1.17086e-07 0.8 0.8 0.8
vn -0.000116551 -3.9669e-05 1
v 0.00950969 0.00796845 1.17086e-07 0.8 0.8 0.8
vn -9.75604e-05 -6.69632e-05 1
v 0.00856113 0.00907302 1.17086e-07 0.8 0.8 0.8
vn -7.32314e-05 -9.33796e-05 1
v 0.00728599 0.009875 1.17086e-07 0.8 0.8 0.8
vn -4.67065e-05 -0.000116255 1
v 0.00558227 0.0104004 1.17086e-07 0.8 0.8 0.8
vn -2.13291e-05 -0.0001342 1
v 0.00306369 0.0106609 1.17086e-07 0.8 0.8 0.8
vn -2.82615e-06 -0.000148412 1
v -0.00306371 0.0106609 1.17086e-07 0.8 0.8 0.8
vn 5.50708e-06 -0.000124381 1
v -0.00558229 0.0104004 1.17086e-07 0.8 0.8 0.8
vn 2.66062e-05 -0.000122854 1
v -0.00728601 0.00987499 1.17086e-07 0.8 0.8 0.8
vn 5.32384e-05 -0.000107924 1
v -0.00856115 0.00907302 1.17086e-07 0.8 0.8 0.8
vn 8.04629e-05 -8.58686e-05 1
v -0.00950971 0.00796845 1.17086e-07 0.8 0.8 0.8
vn 0.000105396 -6.00405e-05 1
v -0.0101713 0.00649927 1.17086e-07 0.8 0.8 0.8
vn 0.00012581 -3.366e-05 1
v -0.0105634 0.00448283 1.17086e-07 0.8 0.8 0.8
vn 0.000145303 -8.97402e-06 1
v -0.0106934 2.13256e-08 1.17086e-07 0.8 0.8 0.8
vn 0.000137568 1.16117e-06 1
v -0.0105634 -0.00448278 1.17086e-07 0.8 0.8 0.8
vn 0.000123397 1.27707e-05 1
v -0.0101713 -0.00649922 1.17086e-07 0.8 0.8 0.8
vn 0.000116551 3.9669e-05 1
v -0.00950971 -0.00796841 1.17086e-07 0.8 0.8 0.8
vn 9.75604e-05 6.69632e-05 1
v -0.00856115 -0.00907298 1.17086e-07 0.8 0.8 0.8
vn 7.32314e-05 9.33796e-05 1
v -0.00728601 -0.00987495 1.17086e-07 0.8 0.8 0.8
vn 4.67065e-05 0.000116255 1
v -0.00558229 -0.0104004 1.17086e-07 0.8 0.8 0.8
vn 2.13291e-05 0.0001342 1
v -0.00306371 -0.0106609 1.17086e-07 0.8 0.8 0.8
vn 2.82615e-06 0.000148412 1
v 0.00306369 -0.0106609 1.17086e-07 0.8 0.8 0.8
vn -5.50708e-06 0.000124381 1
v 0.00558227 -0.0104004 1.17086e-07 0.8 0.8 0.8
vn -2.66062e-05 0.000122854 1
v 0.00728599 -0.00987495 1.17086e-07 0.8 0.8 0.8
vn -5.32384e-05 0.000107924 1
v 0.00856113 -0.00907298 1.17086e-07 0.8 0.8 0.8
vn -8.04629e-05 8.58686e-05 1
v 0.00950969 -0.00796841 1.17086e-07 0.8 0.8 0.8
vn -0.000105396 6.00405e-05 1
v 0.0101713 -0.00649922 1.17086e-07 0.8 0.8 0.8
vn -0.00012581 3.366e-05 1
v 0.0105634 -0.00448278 1.17086e-07 0.8 0.8 0.8
vn -0.000145303 8.97402e-06 1
v 0.00801998 2.20157e-08 2.93286e-09 0.8 0.8 0.8
vn -2.59636e-05 -2.58894e-07 1
v 0.00792249 0.00336212 2.93286e-09 0.8 0.8 0.8
vn -2.29951e-05 -2.49095e-06 1
v 0.00762846 0.00487444 2.93286e-09 0.8 0.8 0.8
vn -2.18611e-05 -7.60013e-06 1
v 0.00713225 0.00597633 2.93286e-09 0.8 0.8 0.8
vn -1.82854e-05 -1.27625e-05 1
v 0.00642083 0.00680475 2.93286e-09 0.8 0.8 0.8
vn -1.36959e-05 -1.77498e-05 1
v 0.00546448 0.00740623 2.93286e-09 0.8 0.8 0.8
vn -8.69823e-06 -2.20665e-05 1
v 0.00418669 0.00780031 2.93286e-09 0.8 0.8 0.8
vn -3.93045e-06 -2.54711e-05 1
v 0.00229776 0.00799566 2.93286e-09 0.8 0.8 0.8
vn -4.88352e-07 -2.82531e-05 1
v -0.00229778 0.00799566 2.93286e-09 0.8 0.8 0.8
vn 1.09461e-06 -2.31557e-05 1
v -0.00418671 0.00780031 2.93286e-09 0.8 0.8 0.8
vn 5.12371e-06 -2.30301e-05 1
v -0.0054645 0.00740623 2.93286e-09 0.8 0.8 0.8
vn 1.01681e-05 -2.02394e-05 1
v -0.00642084 0.00680475 2.93286e-09 0.8 0.8 0.8
vn 1.5312e-05 -1.60796e-05 1
v -0.00713227 0.00597633 2.93286e-09 0.8 0.8 0.8
vn 2.0017e-05 -1.12094e-05 1
v -0.00762848 0.00487444 2.93286e-09 0.8 0.8 0.8
vn 2.38733e-05 -6.24454e-06 1
v -0.00792251 0.00336212 2.93286e-09 0.8 0.8 0.8
vn 2.76568e-05 -1.62576e-06 1
v -0.00802 2.14224e-08 2.93286e-09 0.8 0.8 0.8
vn 2.59636e-05 2.58894e-07 1
v -0.00792251 -0.00336207 2.93286e-09 0.8 0.8 0.8
vn 2.29951e-05 2.49095e-06 1
v -0.00762848 -0.0048744 2.93286e-09 0.8 0.8 0.8
vn 2.18611e-05 7.60013e-06 1
v -0.00713227 -0.00597629 2.93286e-09 0.8 0.8 0.8
vn 1.82854e-05 1.27625e-05 1
v -0.00642084 -0.00680471 2.93286e-09 0.8 0.8 0.8
vn 1.36959e-05 1.77498e-05 1
v -0.0054645 -0.00740619 2.93286e-09 0.8 0.8 0.8
vn 8.69823e-06 2.20665e-05 1
v -0.00418671 -0.00780027 2.93286e-09 0.8 0.8 0.8
vn 3.93045e-06 2.54711e-05 1
v -0.00229778 -0.00799562 2.93286e-09 0.8 0.8 0.8
vn 4.88352e-07 2.82531e-05 1
v 0.00229776 -0.00799562 2.93286e-09 0.8 0.8 0.8
vn -1.09461e-06 2.31557e-05 1
v 0.00418669 -0.00780027 2.93286e-09 0.8 0.8 0.8
vn -5.12371e-06 2.30301e-05 1
v 0.00546448 -0.00740619 2.93286e-09 0.8 0.8 0.8
vn -1.01681e-05 2.02394e-05 1
v 0.00642083 -0.00680471 2.93286e-09 0.8 0.8 0.8
vn -1.5312e-05 1.60796e-05 1
v 0.00713225 -0.00597629 2.93286e-09 0.8 0.8 0.8
vn -2.0017e-05 1.12094e-05 1
v 0.00762846 -0.0048744 2.93286e-09 0.8 0.8 0.8
vn -2.38733e-05 6.24454e-06 1
v 0.00792249 -0.00336207 2.93286e-09 0.8 0.8 0.8
vn -2.76568e-05 1.62576e-06 1
v 0.00534665 2.19147e-08 -1.05472e-08 0.8 0.8 0.8
vn -3.03892e-06 -3.59865e-08 1
v 0.00528166 0.00224142 -1.05472e-08 0.8 0.8 0.8
vn -2.66978e-06 -3.058e-07 1
v 0.00508563 0.00324963 -1.05472e-08 0.8 0.8 0.8
vn -2.54422e-06 -9.07646e-07 1
v 0.00475483 0.00398423 -1.05472e-08 0.8 0.8 0.8
vn -2.1234e-06 -1.51264e-06 1
v 0.00428055 0.00453651 -1.05472e-08 0.8 0.8 0.8
vn -1.58478e-06 -2.09508e-06 1
v 0.00364298 0.00493749 -1.05472e-08 0.8 0.8 0.8
vn -1.00022e-06 -2.59749e-06 1
v 0.00279112 0.00520021 -1.05472e-08 0.8 0.8 0.8
vn -4.45198e-07 -2.99238e-06 1
v 0.00153183 0.00533045 -1.05472e-08 0.8 0.8 0.8
vn -5.04524e-08 -3.31338e-06 1
v -0.00153185 0.00533045 -1.05472e-08 0.8 0.8 0.8
vn 1.37511e-07 -2.68843e-06 1
v -0.00279114 0.00520021 -1.05472e-08 0.8 0.8 0.8
vn 6.16435e-07 -2.68155e-06 1
v -0.003643 0.00493749 -1.05472e-08 0.8 0.8 0.8
vn 1.20889e-06 -2.35326e-06 1
v -0.00428057 0.00453651 -1.05472e-08 0.8 0.8 0.8
vn 1.81062e-06 -1.86432e-06 1
v -0.00475485 0.00398423 -1.05472e-08 0.8 0.8 0.8
vn 2.35918e-06 -1.29367e-06 1
v -0.00508565 0.00324963 -1.05472e-08 0.8 0.8 0.8
vn 2.80719e-06 -7.14125e-07 1
v -0.00528168 0.00224142 -1.05472e-08 0.8 0.8 0.8
vn 3.24637e-06 -1.79476e-07 1
v -0.00534667 2.15192e-08 -1.05472e-08 0.8 0.8 0.8
vn 3.03892e-06 3.59865e-08 1
v -0.00528168 -0.00224137 -1.05472e-08 0.8 0.8 0.8
vn 2.66978e-06 3.058e-07 1
v -0.00508565 -0.00324959 -1.05472e-08 0.8 0.8 0.8
vn 2.54422e-06 9.07646e-07 1
v -0.00475485 -0.00398418 -1.05472e-08 0.8 0.8 0.8
vn 2.1234e-06 1.51264e-06 1
v -0.00428057 -0.00453647 -1.05472e-08 0.8 0.8 0.8
vn 1.58478e-06 2.09508e-06 1
v -0.003643 -0.00493745 -1.05472e-08 0.8 0.8 0.8
vn 1.00022e-06 2.59749e-06 1
v -0.00279114 -0.00520017 -1.05472e-08 0.8 0.8 0.8
vn 4.45198e-07 2.99238e-06 1
v -0.00153185 -0.0053304 -1.05472e-08 0.8 0.8 0.8
vn 5.04524e-08 3.31338e-06 1
v 0.00153183 -0.0053304 -1.05472e-08 0.8 0.8 0.8
vn -1.37511e-07 2.68843e-06 1
v 0.00279112 -0.00520017 -1.05472e-08 0.8 0.8 0.8
vn -6.16435e-07 2.68155e-06 1
v 0.00364298 -0.00493745 -1.05472e-08 0.8 0.8 0.8
vn -1.20889e-06 2.35326e-06 1
v 0.00428055 -0.00453646 -1.05472e-08 0.8 0.8 0.8
vn -1.81062e-06 1.86432e-06 1
v 0.00475483 -0.00398418 -1.05472e-08 0.8 0.8 0.8
vn -2.35918e-06 1.29367e-06 1
v 0.00508563 -0.00324959 -1.05472e-08 0.8 0.8 0.8
vn -2.80719e-06 7.14125e-07 1
v 0.00528166 -0.00224137 -1.05472e-08 0.8 0.8 0.8
vn -3.24637e-06 1.79476e-07 1
v 0.00267332 2.18138e-08 -1.11728e-08 0.8 0.8 0.8
vn -1.56384e-07 -2.26164e-09 1
v 0.00264082 0.00112072 -1.11728e-08 0.8 0.8 0.8
vn -1.40529e-07 -1.74089e-08 1
v 0.00254281 0.00162483 -1.11728e-08 0.8 0.8 0.8
vn -1.3094e-07 -4.84244e-08 1
v 0.00237741 0.00199212 -1.11728e-08 0.8 0.8 0.8
vn -1.08361e-07 -7.94307e-08 1
v 0.00214027 0.00226827 -1.11728e-08 0.8 0.8 0.8
vn -8.01668e-08 -1.08979e-07 1
v 0.00182149 0.00246876 -1.11728e-08 0.8 0.8 0.8
vn -4.99447e-08 -1.34054e-07 1
v 0.00139556 0.00260012 -1.11728e-08 0.8 0.8 0.8
vn -2.15917e-08 -1.52875e-07 1
v 0.000765912 0.00266523 -1.11728e-08 0.8 0.8 0.8
vn -2.06883e-09 -1.65531e-07 1
v -0.000765932 0.00266523 -1.11728e-08 0.8 0.8 0.8
vn 8.11844e-09 -1.42369e-07 1
v -0.00139558 0.00260012 -1.11728e-08 0.8 0.8 0.8
vn 3.33977e-08 -1.38815e-07 1
v -0.0018215 0.00246876 -1.11728e-08 0.8 0.8 0.8
vn 6.38993e-08 -1.20578e-07 1
v -0.00214029 0.00226826 -1.11728e-08 0.8 0.8 0.8
vn 9.45916e-08 -9.47455e-08 1
v -0.00237743 0.00199212 -1.11728e-08 0.8 0.8 0.8
vn 1.22232e-07 -6.5075e-08 1
v -0.00254283 0.00162483 -1.11728e-08 0.8 0.8 0.8
vn 1.44249e-07 -3.52782e-08 1
v -0.00264084 0.00112072 -1.11728e-08 0.8 0.8 0.8
vn 1.63024e-07 -8.25341e-09 1
v -0.00267334 2.1616e-08 -1.11728e-08 0.8 0.8 0.8
vn 1.56384e-07 2.26164e-09 1
v -0.00264084 -0.00112068 -1.11728e-08 0.8 0.8 0.8
vn 1.40529e-07 1.74089e-08 1
v -0.00254283 -0.00162478 -1.11728e-08 0.8 0.8 0.8
vn 1.3094e-07 4.84244e-08 1
v -0.00237743 -0.00199208 -1.11728e-08 0.8 0.8 0.8
vn 1.08361e-07 7.94307e-08 1
v -0.00214029 -0.00226822 -1.11728e-08 0.8 0.8 0.8
vn 8.01668e-08 1.08979e-07 1
v -0.0018215 -0.00246871 -1.11728e-08 0.8 0.8 0.8
vn 4.99447e-08 1.34054e-07 1
v -0.00139558 -0.00260007 -1.11728e-08 0.8 0.8 0.8
vn 2.15917e-08 1.52875e-07 1
v -0.000765932 -0.00266519 -1.11728e-08 0.8 0.8 0.8
vn 2.06883e-09 1.65531e-07 1
v 0.000765912 -0.00266519 -1.11728e-08 0.8 0.8 0.8
vn -8.11844e-09 1.42369e-07 1
v 0.00139556 -0.00260007 -1.11728e-08 0.8 0.8 0.8
vn -3.33977e-08 1.38815e-07 1
v 0.00182149 -0.00246871 -1.11728e-08 0.8 0.8 0.8
vn -6.38993e-08 1.20578e-07 1
v 0.00214027 -0.00226822 -1.11728e-08 0.8 0.8 0.8
vn -9.45916e-08 9.47455e-08 1
v 0.00237741 -0.00199208 -1.11728e-08 0.8 0.8 0.8
vn -1.22232e-07 6.5075e-08 1
v 0.00254281 -0.00162478 -1.11728e-08 0.8 0.8 0.8
vn -1.44249e-07 3.52782e-08 1
v 0.00264082 -0.00112068 -1.11728e-08 0.8 0.8 0.8
vn -1.63024e-07 8.25341e-09 1
v -9.65055e-09 2.17128e-08 -1.11759e-08 0.8 0.8 0.8
vn -1.15253e-09 -3.34181e-11 1
v -9.65055e-09 2.17128e-08 -1.11759e-08 0.8 0.8 0.8
vn -1.07779e-09 -2.0955e-10 1
v -9.65055e-09 2.17128e-08 -1.11759e-08 0.8 0.8 0.8
vn -9.40932e-10 -4.23728e-10 1
v -9.65055e-09 2.17128e-08 -1.11759e-08 0.8 0.8 0.8
vn -7.53663e-10 -6.47219e-10 1
v -9.65055e-09 2.17128e-08 -1.11759e-08 0.8 0.8 0.8
vn -5.36143e-10 -8.52467e-10 1
v -9.65055e-09 2.17128e-08 -1.11759e-08 0.8 0.8 0.8
vn -3.13556e-10 -1.0167e-09 1
v -9.65055e-09 2.17128e-08 -1.11759e-08 0.8 0.8 0.8
vn -1.16107e-10 -1.12268e-09 1
v -9.65055e-09 2.17128e-08 -1.11759e-08 0.8 0.8 0.8
vn 0 -1.15604e-09 1
v -9.65055e-09 2.17128e-08 -1.11759e-08 0.8 0.8 0.8
vn 1.16107e-10 -1.12268e-09 1
v -9.65055e-09 2.17128e-08 -1.11759e-08 0.8 0.8 0.8
vn 3.13556e-10 -1.0167e-09 1
v -9.65055e-09 2.17128e-08 -1.11759e-08 0.8 0.8 0.8
vn 5.36143e-10 -8.52467e-10 1
v -9.65055e-09 2.17128e-08 -1.11759e-08 0.8 0.8 0.8
vn 7.53663e-10 -6.47219e-10 1
v -9.65055e-09 2.17128e-08 -1.11759e-08 0.8 0.8 0.8
vn 9.40932e-10 -4.23728e-10 1
v -9.65055e-09 2.17128e-08 -1.11759e-08 0.8 0.8 0.8
vn 1.07779e-09 -2.0955e-10 1
v -9.65055e-09 2.17128e-08 -1.11759e-08 0.8 0.8 0.8
vn 1.15253e-09 -3.3418e-11 1
v -9.65055e-09 2.17128e-08 -1.11759e-08 0.8 0.8 0.8
vn 1.15253e-09 3.34181e-11 1
v -9.65055e-09 2.17128e-08 -1.11759e-08 0.8 0.8 0.8
vn 1.07779e-09 2.0955e-10 1
v -9.65055e-09 2.17128e-08 -1.11759e-08 0.8 0.8 0.8
vn 9.40932e-10 4.23728e-10 1
v -9.65055e-09 2.17128e-08 -1.11759e-08 0.8 0.8 0.8
vn 7.53663e-10 6.47219e-10 1
v -9.65055e-09 2.17128e-08 -1.11759e-08 0.8 0.8 0.8
vn 5.36143e-10 8.52467e-10 1
v -9.65055e-09 2.17128e-08 -1.11759e-08 0.8 0.8 0.8
vn 3.13556e-10 1.0167e-09 1
v -9.65055e-09 2.17128e-08 -1.11759e-08 0.8 0.8 0.8
vn 1.16107e-10 1.12268e-09 1
v -9.65055e-09 2.17128e-08 -1.11759e-08 0.8 0.8 0.8
vn 0 1.15604e-09 1
v -9.65055e-09 2.17128e-08 -1.11759e-08 0.8 0.8 0.8
vn -1.16107e-10 1.12268e-09 1
v -9.65055e-09 2.17128e-08 -1.11759e-08 0.8 0.8 0.8
vn -3.13556e-10 1.0167e-09 1
v -9.65055e-09 2.17128e-08 -1.11759e-08 0.8 0.8 0.8
vn -5.36143e-10 8.52467e-10 1
v -9.65055e-09 2.17128e-08 -1.11759e-08 0.8 0.8 0.8
vn -7.53663e-10 6.47219e-10 1
v -9.65055e-09 2.17128e-08 -1.11759e-08 0.8 0.8 0.8
vn -9.40932e-10 4.23728e-10 1
v -9.65055e-09 2.17128e-08 -1.11759e-08 0.8 0.8 0.8
vn -1.07779e-09 2.0955e-10 1
v -9.65055e-09 2.17128e-08 -1.11759e-08 0.8 0.8 0.8
vn -1.15253e-09 3.3418e-11 1
v 0.099871 2.54843e-08 0.0295834 0.8 0.8 0.8
vn 0.776402 -0.00656754 -0.630204
v 0.0986571 0.0418674 0.0295834 0.8 0.8 0.8
vn 0.773762 0.04776 -0.631674
v 0.0949955 0.0607001 0.0295834 0.8 0.8 0.8
vn 0.728306 0.194804 -0.656979
v 0.0888163 0.0744216 0.0295834 0.8 0.8 0.8
vn 0.637612 0.363153 -0.67939
v 0.0799572 0.0847378 0.0295834 0.8 0.8 0.8
vn 0.496491 0.529744 -0.687654
v 0.068048 0.0922278 0.0295834 0.8 0.8 0.8
vn 0.325918 0.660552 -0.67635
v 0.052136 0.0971352 0.0295834 0.8 0.8 0.8
vn 0.160171 0.739349 -0.653994
v 0.0286135 0.0995679 0.0295834 0.8 0.8 0.8
vn 0.0340958 0.769469 -0.637774
v -0.0286136 0.0995679 0.0295834 0.8 0.8 0.8
vn -0.0148053 0.77836 -0.627644
v -0.052136 0.0971352 0.0295834 0.8 0.8 0.8
vn -0.119955 0.755004 -0.644654
v -0.068048 0.0922278 0.0295834 0.8 0.8 0.8
vn -0.276981 0.689576 -0.669153
v -0.0799572 0.0847378 0.0295834 0.8 0.8 0.8
vn -0.448976 0.572614 -0.685955
v -0.0888163 0.0744216 0.0295834 0.8 0.8 0.8
vn -0.60124 0.41276 -0.684207
v -0.0949955 0.0607 0.0295834 0.8 0.8 0.8
vn -0.706471 0.240514 -0.665622
v -0.0986571 0.0418674 0.0295834 0.8 0.8 0.8
vn -0.761389 0.078841 -0.643483
v -0.0998711 1.80969e-08 0.0295834 0.8 0.8 0.8
vn -0.776402 0.00656754 -0.630204
v -0.0986571 -0.0418674 0.0295834 0.8 0.8 0.8
vn -0.773762 -0.04776 -0.631674
v -0.0949955 -0.0607 0.0295834 0.8 0.8 0.8
vn -0.728306 -0.194804 -0.656979
v -0.0888163 -0.0744215 0.0295834 0.8 0.8 0.8
vn -0.637612 -0.363153 -0.67939
v -0.0799572 -0.0847377 0.0295834 0.8 0.8 0.8
vn -0.496491 -0.529744 -0.687654
v -0.068048 -0.0922278 0.0295834 0.8 0.8 0.8
vn -0.325918 -0.660552 -0.67635
v -0.052136 -0.0971351 0.0295834 0.8 0.8 0.8
vn -0.160171 -0.739349 -0.653994
v -0.0286136 -0.0995678 0.0295834 0.8 0.8 0.8
vn -0.0340958 -0.769469 -0.637774
v 0.0286135 -0.0995678 0.0295834 0.8 0.8 0.8
vn 0.0148053 -0.77836 -0.627644
v 0.052136 -0.0971351 0.0295834 0.8 0.8 0.8
vn 0.119955 -0.755004 -0.644654
v 0.068048 -0.0922278 0.0295834 0.8 0.8 0.8
vn 0.276981 -0.689576 -0.669153
v 0.0799572 -0.0847377 0.0295834 0.8 0.8 0.8
vn 0.448976 -0.572614 -0.685955
v 0.0888163 -0.0744215 0.0295834 0.8 0.8 0.8
vn 0.60124 -0.41276 -0.684207
v 0.0949955 -0.0607 0.0295834 0.8 0.8 0.8
vn 0.706471 -0.240514 -0.665622
v 0.0986571 -0.0418674 0.0295834 0.8 0.8 0.8
vn 0.761389 -0.078841 -0.643483
v 0.0822744 2.48198e-08 0.0199585 0.8 0.8 0.8
vn 0.475929 0.00163669 -0.879482
v 0.0812743 0.0344906 0.0199585 0.8 0.8 0.8
vn 0.465813 0.0415107 -0.883909
v 0.0782579 0.0500051 0.0199585 0.8 0.8 0.8
vn 0.423561 0.134426 -0.895838
v 0.0731674 0.061309 0.0199585 0.8 0.8 0.8
vn 0.356552 0.231672 -0.905096
v 0.0658692 0.0698075 0.0199585 0.8 0.8 0.8
vn 0.268633 0.324894 -0.906797
v 0.0560583 0.0759779 0.0199585 0.8 0.8 0.8
vn 0.171363 0.401028 -0.899895
v 0.0429499 0.0800206 0.0199585 0.8 0.8 0.8
vn 0.0789972 0.45221 -0.888406
v 0.023572 0.0820246 0.0199585 0.8 0.8 0.8
vn 0.0120173 0.474978 -0.879915
v -0.023572 0.0820246 0.0199585 0.8 0.8 0.8
vn -0.0167544 0.472563 -0.881138
v -0.0429499 0.0800206 0.0199585 0.8 0.8 0.8
vn -0.0886134 0.447294 -0.889986
v -0.0560583 0.0759778 0.0199585 0.8 0.8 0.8
vn -0.182646 0.39317 -0.901143
v -0.0658692 0.0698075 0.0199585 0.8 0.8 0.8
vn -0.27968 0.314602 -0.907086
v -0.0731674 0.061309 0.0199585 0.8 0.8 0.8
vn -0.365748 0.22028 -0.90427
v -0.0782579 0.0500051 0.0199585 0.8 0.8 0.8
vn -0.429951 0.123722 -0.894335
v -0.0812743 0.0344906 0.0199585 0.8 0.8 0.8
vn -0.469603 0.0339455 -0.882225
v -0.0822744 1.8734e-08 0.0199585 0.8 0.8 0.8
vn -0.475929 -0.00163669 -0.879482
v -0.0812743 -0.0344906 0.0199585 0.8 0.8 0.8
vn -0.465813 -0.0415107 -0.883909
v -0.0782579 -0.050005 0.0199585 0.8 0.8 0.8
vn -0.423561 -0.134426 -0.895838
v -0.0731674 -0.0613089 0.0199585 0.8 0.8 0.8
vn -0.356552 -0.231672 -0.905096
v -0.0658692 -0.0698074 0.0199585 0.8 0.8 0.8
vn -0.268633 -0.324894 -0.906797
v -0.0560583 -0.0759778 0.0199585 0.8 0.8 0.8
vn -0.171363 -0.401028 -0.899895
v -0.0429499 -0.0800205 0.0199585 0.8 0.8 0.8
vn -0.0789972 -0.45221 -0.888406
v -0.023572 -0.0820246 0.0199585 0.8 0.8 0.8
vn -0.0120173 -0.474978 -0.879915
v 0.023572 -0.0820246 0.0199585 0.8 0.8 0.8
vn 0.0167544 -0.472563 -0.881138
v 0.0429499 -0.0800205 0.0199585 0.8 0.8 0.8
vn 0.0886134 -0.447294 -0.889986
v 0.0560583 -0.0759778 0.0199585 0.8 0.8 0.8
vn 0.182646 -0.39317 -0.901143
v 0.0658692 -0.0698074 0.0199585 0.8 0.8 0.8
vn 0.27968 -0.314602 -0.907086
v 0.0731674 -0.0613089 0.0199585 0.8 0.8 0.8
vn 0.365748 -0.22028 -0.90427
v 0.0782579 -0.050005 0.0199585 0.8 0.8 0.8
vn 0.429951 -0.123722 -0.894335
v 0.0812743 -0.0344906 0.0199585 0.8 0.8 0.8
vn 0.469603 -0.0339455 -0.882225
v 0.0695371 2.43388e-08 0.0131815 0.8 0.8 0.8
vn 0.461071 0.0015162 -0.887362
v 0.0686919 0.029151 0.0131815 0.8 0.8 0.8
vn 0.450501 0.0399651 -0.891881
v 0.0661425 0.0422636 0.0131815 0.8 0.8 0.8
vn 0.409838 0.129795 -0.902877
v 0.0618401 0.0518175 0.0131815 0.8 0.8 0.8
vn 0.344942 0.223758 -0.911563
v 0.0556717 0.0590003 0.0131815 0.8 0.8 0.8
vn 0.25999 0.313941 -0.913152
v 0.0473797 0.0642154 0.0131815 0.8 0.8 0.8
vn 0.166052 0.387884 -0.906627
v 0.0363007 0.0676323 0.0131815 0.8 0.8 0.8
vn 0.0767282 0.437993 -0.895698
v 0.0199227 0.0693261 0.0131815 0.8 0.8 0.8
vn 0.0117531 0.460864 -0.887393
v -0.0199228 0.0693261 0.0131815 0.8 0.8 0.8
vn -0.0160898 0.456972 -0.889336
v -0.0363007 0.0676323 0.0131815 0.8 0.8 0.8
vn -0.0855174 0.432838 -0.897407
v -0.0473797 0.0642154 0.0131815 0.8 0.8 0.8
vn -0.176386 0.380385 -0.907852
v -0.0556717 0.0590003 0.0131815 0.8 0.8 0.8
vn -0.270174 0.30439 -0.913429
v -0.0618401 0.0518175 0.0131815 0.8 0.8 0.8
vn -0.353567 0.2133 -0.910765
v -0.0661425 0.0422636 0.0131815 0.8 0.8 0.8
vn -0.416127 0.120004 -0.901353
v -0.0686919 0.029151 0.0131815 0.8 0.8 0.8
vn -0.45545 0.0330761 -0.889647
v -0.0695372 1.91951e-08 0.0131815 0.8 0.8 0.8
vn -0.461071 -0.0015162 -0.887362
v -0.0686919 -0.029151 0.0131815 0.8 0.8 0.8
vn -0.450501 -0.0399651 -0.891881
v -0.0661425 -0.0422636 0.0131815 0.8 0.8 0.8
vn -0.409838 -0.129795 -0.902877
v -0.0618401 -0.0518174 0.0131815 0.8 0.8 0.8
vn -0.344942 -0.223758 -0.911563
v -0.0556717 -0.0590003 0.0131815 0.8 0.8 0.8
vn -0.25999 -0.313941 -0.913152
v -0.0473797 -0.0642154 0.0131815 0.8 0.8 0.8
vn -0.166052 -0.387884 -0.906627
v -0.0363007 -0.0676322 0.0131815 0.8 0.8 0.8
vn -0.0767282 -0.437993 -0.895698
v -0.0199228 -0.069326 0.0131815 0.8 0.8 0.8
vn -0.0117531 -0.460864 -0.887393
v 0.0199227 -0.069326 0.0131815 0.8 0.8 0.8
vn 0.0160898 -0.456972 -0.889336
v 0.0363007 -0.0676322 0.0131815 0.8 0.8 0.8
vn 0.0855174 -0.432838 -0.897407
v 0.0473797 -0.0642154 0.0131815 0.8 0.8 0.8
vn 0.176386 -0.380385 -0.907852
v 0.0556717 -0.0590003 0.0131815 0.8 0.8 0.8
vn 0.270174 -0.30439 -0.913429
v 0.0618401 -0.0518174 0.0131815 0.8 0.8 0.8
vn 0.353567 -0.2133 -0.910765
v 0.0661425 -0.0422635 0.0131815 0.8 0.8 0.8
vn 0.416127 -0.120004 -0.901353
v 0.0686919 -0.029151 0.0131815 0.8 0.8 0.8
vn 0.45545 -0.0330761 -0.889647
v 0.060191 2.39858e-08 0.00850166 0.8 0.8 0.8
vn 0.432774 0.00137312 -0.901501
v 0.0594594 0.025233 0.00850166 0.8 0.8 0.8
vn 0.421711 0.0372812 -0.905964
v 0.0572526 0.0365832 0.00850166 0.8 0.8 0.8
vn 0.38376 0.121338 -0.915426
v 0.0535285 0.044853 0.00850166 0.8 0.8 0.8
vn 0.322789 0.209121 -0.923079
v 0.0481892 0.0510704 0.00850166 0.8 0.8 0.8
vn 0.243366 0.293509 -0.92446
v 0.0410116 0.0555846 0.00850166 0.8 0.8 0.8
vn 0.155681 0.363144 -0.918635
v 0.0314217 0.0585422 0.00850166 0.8 0.8 0.8
vn 0.0721448 0.410944 -0.908801
v 0.017245 0.0600083 0.00850166 0.8 0.8 0.8
vn 0.0111248 0.433584 -0.901044
v -0.017245 0.0600083 0.00850166 0.8 0.8 0.8
vn -0.0149804 0.427739 -0.903778
v -0.0314217 0.0585422 0.00850166 0.8 0.8 0.8
vn -0.0799359 0.40543 -0.910624
v -0.0410117 0.0555846 0.00850166 0.8 0.8 0.8
vn -0.16487 0.356045 -0.91981
v -0.0481892 0.0510704 0.00850166 0.8 0.8 0.8
vn -0.252513 0.28484 -0.924718
v -0.0535285 0.044853 0.00850166 0.8 0.8 0.8
vn -0.330746 0.199788 -0.92233
v -0.0572526 0.0365832 0.00850166 0.8 0.8 0.8
vn -0.389975 0.11265 -0.913909
v -0.0594594 0.025233 0.00850166 0.8 0.8 0.8
vn -0.428209 0.031209 -0.903141
v -0.060191 1.95335e-08 0.00850166 0.8 0.8 0.8
vn -0.432774 -0.00137312 -0.901501
v -0.0594594 -0.0252329 0.00850166 0.8 0.8 0.8
vn -0.421711 -0.0372812 -0.905964
v -0.0572526 -0.0365831 0.00850166 0.8 0.8 0.8
vn -0.38376 -0.121338 -0.915426
v -0.0535285 -0.0448529 0.00850166 0.8 0.8 0.8
vn -0.322789 -0.209121 -0.923079
v -0.0481892 -0.0510703 0.00850166 0.8 0.8 0.8
vn -0.243366 -0.293509 -0.92446
v -0.0410117 -0.0555845 0.00850166 0.8 0.8 0.8
vn -0.155681 -0.363144 -0.918635
v -0.0314217 -0.0585421 0.00850166 0.8 0.8 0.8
vn -0.0721448 -0.410944 -0.908801
v -0.017245 -0.0600083 0.00850166 0.8 0.8 0.8
vn -0.0111248 -0.433584 -0.901044
v 0.017245 -0.0600083 0.00850166 0.8 0.8 0.8
vn 0.0149804 -0.427739 -0.903778
v 0.0314217 -0.0585421 0.00850166 0.8 0.8 0.8
vn 0.0799359 -0.40543 -0.910624
v 0.0410116 -0.0555845 0.00850166 0.8 0.8 0.8
vn 0.16487 -0.356045 -0.91981
v 0.0481892 -0.0510703 0.00850166 0.8 0.8 0.8
vn 0.252513 -0.28484 -0.924718
v 0.0535285 -0.0448529 0.00850166 0.8 0.8 0.8
vn 0.330746 -0.199788 -0.92233
v 0.0572526 -0.0365831 0.00850166 0.8 0.8 0.8
vn 0.389975 -0.11265 -0.913909
v 0.0594594 -0.0252329 0.00850166 0.8 0.8 0.8
vn 0.428209 -0.031209 -0.903141
v 0.0531634 2.37204e-08 0.00533938 0.8 0.8 0.8
vn 0.387957 0.00120629 -0.921677
v 0.0525171 0.0222869 0.00533938 0.8 0.8 0.8
vn 0.376558 0.0332261 -0.925797
v 0.050568 0.0323119 0.00533938 0.8 0.8 0.8
vn 0.342756 0.108277 -0.933164
v 0.0472787 0.0396161 0.00533938 0.8 0.8 0.8
vn 0.287986 0.186444 -0.93931
v 0.0425628 0.0451076 0.00533938 0.8 0.8 0.8
vn 0.217168 0.261738 -0.940389
v 0.0362233 0.0490947 0.00533938 0.8 0.8 0.8
vn 0.139186 0.324416 -0.935618
v 0.027753 0.051707 0.00533938 0.8 0.8 0.8
vn 0.0647186 0.368209 -0.927488
v 0.0152316 0.053002 0.00533938 0.8 0.8 0.8
vn 0.0100393 0.389977 -0.92077
v -0.0152316 0.053002 0.00533938 0.8 0.8 0.8
vn -0.0133369 0.381929 -0.924095
v -0.027753 0.051707 0.00533938 0.8 0.8 0.8
vn -0.0713525 0.36231 -0.929323
v -0.0362233 0.0490947 0.00533938 0.8 0.8 0.8
vn -0.147047 0.3178 -0.936686
v -0.0425628 0.0451076 0.00533938 0.8 0.8 0.8
vn -0.225111 0.254099 -0.940616
v -0.0472787 0.0396161 0.00533938 0.8 0.8 0.8
vn -0.295155 0.178415 -0.938644
v -0.050568 0.0323119 0.00533938 0.8 0.8 0.8
vn -0.348861 0.100865 -0.931731
v -0.0525172 0.0222869 0.00533938 0.8 0.8 0.8
vn -0.384795 0.0280999 -0.922574
v -0.0531634 1.9788e-08 0.00533938 0.8 0.8 0.8
vn -0.387957 -0.00120629 -0.921677
v -0.0525172 -0.0222868 0.00533938 0.8 0.8 0.8
vn -0.376558 -0.0332261 -0.925797
v -0.050568 -0.0323118 0.00533938 0.8 0.8 0.8
vn -0.342756 -0.108277 -0.933164
v -0.0472787 -0.0396161 0.00533938 0.8 0.8 0.8
vn -0.287986 -0.186444 -0.93931
v -0.0425628 -0.0451076 0.00533938 0.8 0.8 0.8
vn -0.217168 -0.261738 -0.940389
v -0.0362233 -0.0490947 0.00533938 0.8 0.8 0.8
vn -0.139186 -0.324416 -0.935618
v -0.027753 -0.051707 0.00533938 0.8 0.8 0.8
vn -0.0647186 -0.368209 -0.927488
v -0.0152316 -0.0530019 0.00533938 0.8 0.8 0.8
vn -0.0100393 -0.389977 -0.92077
v 0.0152316 -0.0530019 0.00533938 0.8 0.8 0.8
vn 0.0133369 -0.381929 -0.924095
v 0.027753 -0.051707 0.00533938 0.8 0.8 0.8
vn 0.0713525 -0.36231 -0.929323
v 0.0362233 -0.0490947 0.00533938 0.8 0.8 0.8
vn 0.147047 -0.3178 -0.936686
v 0.0425628 -0.0451076 0.00533938 0.8 0.8 0.8
vn 0.225111 -0.254099 -0.940616
v 0.0472787 -0.0396161 0.00533938 0.8 0.8 0.8
vn 0.295155 -0.178415 -0.938644
v 0.050568 -0.0323118 0.00533938 0.8 0.8 0.8
vn 0.348861 -0.100865 -0.931731
v 0.0525171 -0.0222868 0.00533938 0.8 0.8 0.8
vn 0.384795 -0.0280999 -0.922574
v 0.047685 2.35136e-08 0.00325414 0.8 0.8 0.8
vn 0.326524 0.00101464 -0.945188
v 0.0471054 0.0199903 0.00325414 0.8 0.8 0.8
vn 0.315311 0.0278202 -0.948581
v 0.0453571 0.0289822 0.00325414 0.8 0.8 0.8
vn 0.287153 0.0907092 -0.95358
v 0.0424067 0.0355338 0.00325414 0.8 0.8 0.8
vn 0.240948 0.155988 -0.95792
v 0.0381768 0.0404594 0.00325414 0.8 0.8 0.8
vn 0.181718 0.219008 -0.958652
v 0.0324906 0.0440356 0.00325414 0.8 0.8 0.8
vn 0.116702 0.272003 -0.955194
v 0.0248931 0.0463787 0.00325414 0.8 0.8 0.8
vn 0.054455 0.309804 -0.94924
v 0.013662 0.0475403 0.00325414 0.8 0.8 0.8
vn 0.00848796 0.329681 -0.944054
v -0.013662 0.0475403 0.00325414 0.8 0.8 0.8
vn -0.0111659 0.319787 -0.947424
v -0.0248932 0.0463787 0.00325414 0.8 0.8 0.8
vn -0.059813 0.303726 -0.95088
v -0.0324906 0.0440356 0.00325414 0.8 0.8 0.8
vn -0.123096 0.266043 -0.956069
v -0.0381768 0.0404594 0.00325414 0.8 0.8 0.8
vn -0.188305 0.212558 -0.958833
v -0.0424068 0.0355338 0.00325414 0.8 0.8 0.8
vn -0.247165 0.149409 -0.957385
v -0.0453571 0.0289822 0.00325414 0.8 0.8 0.8
vn -0.292964 0.0847062 -0.952364
v -0.0471054 0.0199903 0.00325414 0.8 0.8 0.8
vn -0.32494 0.0237304 -0.945437
v -0.047685 1.99863e-08 0.00325414 0.8 0.8 0.8
vn -0.326524 -0.00101464 -0.945188
v -0.0471054 -0.0199902 0.00325414 0.8 0.8 0.8
vn -0.315311 -0.0278202 -0.948581
v -0.0453571 -0.0289822 0.00325414 0.8 0.8 0.8
vn -0.287153 -0.0907092 -0.95358
v -0.0424068 -0.0355337 0.00325414 0.8 0.8 0.8
vn -0.240948 -0.155988 -0.95792
v -0.0381768 -0.0404593 0.00325414 0.8 0.8 0.8
vn -0.181718 -0.219008 -0.958652
v -0.0324906 -0.0440356 0.00325414 0.8 0.8 0.8
vn -0.116702 -0.272003 -0.955194
v -0.0248932 -0.0463787 0.00325414 0.8 0.8 0.8
vn -0.054455 -0.309804 -0.94924
v -0.013662 -0.0475402 0.00325414 0.8 0.8 0.8
vn -0.00848796 -0.329681 -0.944054
v 0.013662 -0.0475402 0.00325414 0.8 0.8 0.8
vn 0.0111659 -0.319787 -0.947424
v 0.0248931 -0.0463787 0.00325414 0.8 0.8 0.8
vn 0.059813 -0.303726 -0.95088
v 0.0324906 -0.0440356 0.00325414 0.8 0.8 0.8
vn 0.123096 -0.266043 -0.956069
v 0.0381768 -0.0404593 0.00325414 0.8 0.8 0.8
vn 0.188305 -0.212558 -0.958833
v 0.0424067 -0.0355337 0.00325414 0.8 0.8 0.8
vn 0.247165 -0.149409 -0.957385
v 0.0453571 -0.0289822 0.00325414 0.8 0.8 0.8
vn 0.292964 -0.0847062 -0.952364
v 0.0471054 -0.0199902 0.00325414 0.8 0.8 0.8
vn 0.32494 -0.0237304 -0.945437
v 0.0432155 2.33448e-08 0.00191663 0.8 0.8 0.8
vn 0.253955 0.000804987 -0.967216
v 0.0426902 0.0181166 0.00191663 0.8 0.8 0.8
vn 0.243793 0.0215505 -0.969588
v 0.0411058 0.0262657 0.00191663 0.8 0.8 0.8
vn 0.22227 0.0702749 -0.972449
v 0.038432 0.0322032 0.00191663 0.8 0.8 0.8
vn 0.186284 0.120682 -0.975056
v 0.0345985 0.0366672 0.00191663 0.8 0.8 0.8
vn 0.140503 0.169447 -0.975472
v 0.0294452 0.0399082 0.00191663 0.8 0.8 0.8
vn 0.0903967 0.210853 -0.973329
v 0.0225599 0.0420317 0.00191663 0.8 0.8 0.8
vn 0.0423103 0.24099 -0.969605
v 0.0123815 0.0430843 0.00191663 0.8 0.8 0.8
vn 0.00661495 0.257773 -0.966183
v -0.0123815 0.0430843 0.00191663 0.8 0.8 0.8
vn -0.00865661 0.247208 -0.968924
v -0.0225599 0.0420317 0.00191663 0.8 0.8 0.8
vn -0.0463729 0.235213 -0.970837
v -0.0294453 0.0399082 0.00191663 0.8 0.8 0.8
vn -0.0952901 0.205791 -0.973945
v -0.0345985 0.0366671 0.00191663 0.8 0.8 0.8
vn -0.145654 0.164306 -0.975596
v -0.038432 0.0322032 0.00191663 0.8 0.8 0.8
vn -0.191373 0.115603 -0.974686
v -0.0411058 0.0262657 0.00191663 0.8 0.8 0.8
vn -0.227452 0.0657055 -0.97157
v -0.0426902 0.0181166 0.00191663 0.8 0.8 0.8
vn -0.253769 0.0184971 -0.967088
v -0.0432155 2.01481e-08 0.00191663 0.8 0.8 0.8
vn -0.253955 -0.000804987 -0.967216
v -0.0426902 -0.0181165 0.00191663 0.8 0.8 0.8
vn -0.243793 -0.0215505 -0.969588
v -0.0411058 -0.0262657 0.00191663 0.8 0.8 0.8
vn -0.22227 -0.0702749 -0.972449
v -0.038432 -0.0322032 0.00191663 0.8 0.8 0.8
vn -0.186284 -0.120682 -0.975056
v -0.0345985 -0.0366671 0.00191663 0.8 0.8 0.8
vn -0.140503 -0.169447 -0.975472
v -0.0294453 -0.0399082 0.00191663 0.8 0.8 0.8
vn -0.0903967 -0.210853 -0.973329
v -0.0225599 -0.0420316 0.00191663 0.8 0.8 0.8
vn -0.0423103 -0.24099 -0.969605
v -0.0123815 -0.0430843 0.00191663 0.8 0.8 0.8
vn -0.00661495 -0.257773 -0.966183
v 0.0123815 -0.0430843 0.00191663 0.8 0.8 0.8
vn 0.00865661 -0.247208 -0.968924
v 0.0225599 -0.0420316 0.00191663 0.8 0.8 0.8
vn 0.0463729 -0.235213 -0.970837
v 0.0294452 -0.0399082 0.00191663 0.8 0.8 0.8
vn 0.0952901 -0.205791 -0.973945
v 0.0345985 -0.0366671 0.00191663 0.8 0.8 0.8
vn 0.145654 -0.164306 -0.975596
v 0.038432 -0.0322032 0.00191663 0.8 0.8 0.8
vn 0.191373 -0.115603 -0.974686
v 0.0411058 -0.0262657 0.00191663 0.8 0.8 0.8
vn 0.227452 -0.0657055 -0.97157
v 0.0426902 -0.0181165 0.00191663 0.8 0.8 0.8
vn 0.253769 -0.0184971 -0.967088
v 0.039384 2.32001e-08 0.00108541 0.8 0.8 0.8
vn 0.180846 0.000596006 -0.983511
v 0.0389052 0.0165104 0.00108541 0.8 0.8 0.8
vn 0.172574 0.0153128 -0.984878
v 0.0374613 0.023937 0.00108541 0.8 0.8 0.8
vn 0.157629 0.0499259 -0.986236
v 0.0350246 0.029348 0.00108541 0.8 0.8 0.8
vn 0.132008 0.0856383 -0.987542
v 0.031531 0.0334162 0.00108541 0.8 0.8 0.8
vn 0.0995732 0.120245 -0.987738
v 0.0268346 0.0363699 0.00108541 0.8 0.8 0.8
vn 0.0641443 0.149849 -0.986626
v 0.0205597 0.0383051 0.00108541 0.8 0.8 0.8
vn 0.0300843 0.171755 -0.98468
v 0.0112837 0.0392644 0.00108541 0.8 0.8 0.8
vn 0.00470597 0.184601 -0.982802
v -0.0112837 0.0392644 0.00108541 0.8 0.8 0.8
vn -0.00616142 0.174934 -0.984561
v -0.0205597 0.0383051 0.00108541 0.8 0.8 0.8
vn -0.0329674 0.166839 -0.985433
v -0.0268346 0.0363699 0.00108541 0.8 0.8 0.8
vn -0.0676521 0.145882 -0.986986
v -0.031531 0.0334162 0.00108541 0.8 0.8 0.8
vn -0.103342 0.116421 -0.987809
v -0.0350246 0.029348 0.00108541 0.8 0.8 0.8
vn -0.135881 0.0819676 -0.987329
v -0.0374613 0.023937 0.00108541 0.8 0.8 0.8
vn -0.161846 0.0466686 -0.985712
v -0.0389053 0.0165103 0.00108541 0.8 0.8 0.8
vn -0.181541 0.0131811 -0.983295
v -0.039384 2.02869e-08 0.00108541 0.8 0.8 0.8
vn -0.180846 -0.000596006 -0.983511
v -0.0389053 -0.0165103 0.00108541 0.8 0.8 0.8
vn -0.172574 -0.0153128 -0.984878
v -0.0374613 -0.0239369 0.00108541 0.8 0.8 0.8
vn -0.157629 -0.0499259 -0.986236
v -0.0350246 -0.029348 0.00108541 0.8 0.8 0.8
vn -0.132008 -0.0856383 -0.987542
v -0.031531 -0.0334162 0.00108541 0.8 0.8 0.8
vn -0.0995732 -0.120245 -0.987738
v -0.0268346 -0.0363699 0.00108541 0.8 0.8 0.8
vn -0.0641443 -0.149849 -0.986626
v -0.0205597 -0.0383051 0.00108541 0.8 0.8 0.8
vn -0.0300843 -0.171755 -0.98468
v -0.0112837 -0.0392644 0.00108541 0.8 0.8 0.8
vn -0.00470597 -0.184601 -0.982802
v 0.0112837 -0.0392644 0.00108541 0.8 0.8 0.8
vn 0.00616142 -0.174934 -0.984561
v 0.0205597 -0.0383051 0.00108541 0.8 0.8 0.8
vn 0.0329674 -0.166839 -0.985433
v 0.0268346 -0.0363699 0.00108541 0.8 0.8 0.8
vn 0.0676521 -0.145882 -0.986986
v 0.031531 -0.0334162 0.00108541 0.8 0.8 0.8
vn 0.103342 -0.116421 -0.987809
v 0.0350246 -0.029348 0.00108541 0.8 0.8 0.8
vn 0.135881 -0.0819676 -0.987329
v 0.0374613 -0.0239369 0.00108541 0.8 0.8 0.8
vn 0.161846 -0.0466686 -0.985712
v 0.0389052 -0.0165103 0.00108541 0.8 0.8 0.8
vn 0.181541 -0.0131811 -0.983295
v 0.0359425 2.30701e-08 0.000587317 0.8 0.8 0.8
vn 0.117884 0.00041065 -0.993027
v 0.0355056 0.0150676 0.000587317 0.8 0.8 0.8
vn 0.11187 0.00998257 -0.993673
v 0.0341879 0.0218453 0.000587317 0.8 0.8 0.8
vn 0.102424 0.0325267 -0.994209
v 0.031964 0.0267835 0.000587317 0.8 0.8 0.8
vn 0.0857506 0.0557442 -0.994756
v 0.0287757 0.0304962 0.000587317 0.8 0.8 0.8
vn 0.0646829 0.0782665 -0.994832
v 0.0244897 0.0331918 0.000587317 0.8 0.8 0.8
vn 0.0416932 0.0976247 -0.99435
v 0.0187632 0.0349579 0.000587317 0.8 0.8 0.8
vn 0.0195698 0.112118 -0.993502
v 0.0102977 0.0358334 0.000587317 0.8 0.8 0.8
vn 0.00305384 0.120987 -0.992649
v -0.0102977 0.0358334 0.000587317 0.8 0.8 0.8
vn -0.00402702 0.113351 -0.993547
v -0.0187632 0.0349579 0.000587317 0.8 0.8 0.8
vn -0.0214917 0.108397 -0.993875
v -0.0244897 0.0331918 0.000587317 0.8 0.8 0.8
vn -0.0440523 0.0947773 -0.994523
v -0.0287757 0.0304962 0.000587317 0.8 0.8 0.8
vn -0.0672579 0.0756204 -0.994866
v -0.031964 0.0267835 0.000587317 0.8 0.8 0.8
vn -0.0884737 0.053259 -0.994654
v -0.0341879 0.0218453 0.000587317 0.8 0.8 0.8
vn -0.105527 0.0303466 -0.993953
v -0.0355056 0.0150676 0.000587317 0.8 0.8 0.8
vn -0.118882 0.0085816 -0.992871
v -0.0359425 2.04115e-08 0.000587317 0.8 0.8 0.8
vn -0.117884 -0.00041065 -0.993027
v -0.0355056 -0.0150676 0.000587317 0.8 0.8 0.8
vn -0.11187 -0.00998257 -0.993673
v -0.0341879 -0.0218453 0.000587317 0.8 0.8 0.8
vn -0.102424 -0.0325267 -0.994209
v -0.031964 -0.0267835 0.000587317 0.8 0.8 0.8
vn -0.0857506 -0.0557442 -0.994756
v -0.0287757 -0.0304962 0.000587317 0.8 0.8 0.8
vn -0.0646829 -0.0782665 -0.994832
v -0.0244897 -0.0331918 0.000587317 0.8 0.8 0.8
vn -0.0416932 -0.0976247 -0.99435
v -0.0187632 -0.0349579 0.000587317 0.8 0.8 0.8
vn -0.0195698 -0.112118 -0.993502
v -0.0102977 -0.0358334 0.000587317 0.8 0.8 0.8
vn -0.00305384 -0.120987 -0.992649
v 0.0102977 -0.0358334 0.000587317 0.8 0.8 0.8
vn 0.00402702 -0.113351 -0.993547
v 0.0187632 -0.0349579 0.000587317 0.8 0.8 0.8
vn 0.0214917 -0.108397 -0.993875
v 0.0244897 -0.0331918 0.000587317 0.8 0.8 0.8
vn 0.0440523 -0.0947773 -0.994523
v 0.0287757 -0.0304962 0.000587317 0.8 0.8 0.8
vn 0.0672579 -0.0756204 -0.994866
v 0.031964 -0.0267835 0.000587317 0.8 0.8 0.8
vn 0.0884737 -0.053259 -0.994654
v 0.0341879 -0.0218453 0.000587317 0.8 0.8 0.8
vn 0.105527 -0.0303466 -0.993953
v 0.0355056 -0.0150676 0.000587317 0.8 0.8 0.8
vn 0.118882 -0.0085816 -0.992871
v 0.0327304 2.29488e-08 0.00030125 0.8 0.8 0.8
vn 0.0707012 0.000263978 -0.997498
v 0.0323326 0.0137211 0.00030125 0.8 0.8 0.8
vn 0.0667553 0.00600178 -0.997751
v 0.0311326 0.0198931 0.00030125 0.8 0.8 0.8
vn 0.0612785 0.0195288 -0.99793
v 0.0291075 0.02439 0.00030125 0.8 0.8 0.8
vn 0.0513023 0.0334421 -0.998123
v 0.0262041 0.0277709 0.00030125 0.8 0.8 0.8
vn 0.0386957 0.0469458 -0.998148
v 0.0223011 0.0302256 0.00030125 0.8 0.8 0.8
vn 0.0249429 0.0585832 -0.997971
v 0.0170864 0.0318338 0.00030125 0.8 0.8 0.8
vn 0.0117035 0.0673643 -0.99766
v 0.00937742 0.0326311 0.00030125 0.8 0.8 0.8
vn 0.00181647 0.0729268 -0.997336
v -0.00937744 0.0326311 0.00030125 0.8 0.8 0.8
vn -0.0024296 0.0676072 -0.997709
v -0.0170864 0.0318338 0.00030125 0.8 0.8 0.8
vn -0.0129122 0.0648326 -0.997813
v -0.0223012 0.0302256 0.00030125 0.8 0.8 0.8
vn -0.0264361 0.0567053 -0.998041
v -0.0262041 0.0277709 0.00030125 0.8 0.8 0.8
vn -0.0403429 0.0452397 -0.998161
v -0.0291075 0.02439 0.00030125 0.8 0.8 0.8
vn -0.053076 0.0318619 -0.998082
v -0.0311326 0.0198931 0.00030125 0.8 0.8 0.8
vn -0.0633553 0.0181536 -0.997826
v -0.0323326 0.0137211 0.00030125 0.8 0.8 0.8
vn -0.0716136 0.0051296 -0.997419
v -0.0327304 2.05278e-08 0.00030125 0.8 0.8 0.8
vn -0.0707012 -0.000263978 -0.997498
v -0.0323326 -0.013721 0.00030125 0.8 0.8 0.8
vn -0.0667553 -0.00600178 -0.997751
v -0.0311326 -0.019893 0.00030125 0.8 0.8 0.8
vn -0.0612785 -0.0195288 -0.99793
v -0.0291075 -0.0243899 0.00030125 0.8 0.8 0.8
vn -0.0513023 -0.0334421 -0.998123
v -0.0262041 -0.0277708 0.00030125 0.8 0.8 0.8
vn -0.0386957 -0.0469458 -0.998148
v -0.0223012 -0.0302255 0.00030125 0.8 0.8 0.8
vn -0.0249429 -0.0585832 -0.997971
v -0.0170864 -0.0318338 0.00030125 0.8 0.8 0.8
vn -0.0117035 -0.0673643 -0.99766
v -0.00937744 -0.032631 0.00030125 0.8 0.8 0.8
vn -0.00181647 -0.0729268 -0.997336
v 0.00937742 -0.032631 0.00030125 0.8 0.8 0.8
vn 0.0024296 -0.0676072 -0.997709
v 0.0170864 -0.0318338 0.00030125 0.8 0.8 0.8
vn 0.0129122 -0.0648326 -0.997813
v 0.0223011 -0.0302255 0.00030125 0.8 0.8 0.8
vn 0.0264361 -0.0567053 -0.998041
v 0.0262041 -0.0277708 0.00030125 0.8 0.8 0.8
vn 0.0403429 -0.0452397 -0.998161
v 0.0291075 -0.0243899 0.00030125 0.8 0.8 0.8
vn 0.053076 -0.0318619 -0.998082
v 0.0311326 -0.019893 0.00030125 0.8 0.8 0.8
vn 0.0633553 -0.0181536 -0.997826
v 0.0323326 -0.013721 0.00030125 0.8 0.8 0.8
vn 0.0716136 -0.0051296 -0.997419
v 0.0296472 2.28324e-08 0.000144983 0.8 0.8 0.8
vn 0.0391912 0.000158739 -0.999232
v 0.0292869 0.0124286 0.000144983 0.8 0.8 0.8
vn 0.0368255 0.00334249 -0.999316
v 0.0281999 0.0180191 0.000144983 0.8 0.8 0.8
vn 0.0338959 0.0108505 -0.999366
v 0.0263656 0.0220925 0.000144983 0.8 0.8 0.8
vn 0.0283801 0.0185644 -0.999425
v 0.0237357 0.0251549 0.000144983 0.8 0.8 0.8
vn 0.0214025 0.0260525 -0.999431
v 0.0202004 0.0273783 0.000144983 0.8 0.8 0.8
vn 0.0137902 0.0325149 -0.999376
v 0.0154768 0.0288351 0.000144983 0.8 0.8 0.8
vn 0.00646257 0.0374185 -0.999279
v 0.00849407 0.0295573 0.000144983 0.8 0.8 0.8
vn 0.000994726 0.0406176 -0.999174
v -0.00849409 0.0295573 0.000144983 0.8 0.8 0.8
vn -0.00135915 0.0372776 -0.999304
v -0.0154768 0.0288351 0.000144983 0.8 0.8 0.8
vn -0.00718037 0.0358483 -0.999331
v -0.0202004 0.0273783 0.000144983 0.8 0.8 0.8
vn -0.0146804 0.0313694 -0.9994
v -0.0237357 0.0251549 0.000144983 0.8 0.8 0.8
vn -0.0223905 0.0250246 -0.999436
v -0.0263656 0.0220925 0.000144983 0.8 0.8 0.8
vn -0.0294547 0.0176199 -0.999411
v -0.0281999 0.0180191 0.000144983 0.8 0.8 0.8
vn -0.0351728 0.0100323 -0.999331
v -0.0292869 0.0124286 0.000144983 0.8 0.8 0.8
vn -0.0398673 0.00282774 -0.999201
v -0.0296473 2.06394e-08 0.000144983 0.8 0.8 0.8
vn -0.0391912 -0.000158739 -0.999232
v -0.0292869 -0.0124285 0.000144983 0.8 0.8 0.8
vn -0.0368255 -0.00334249 -0.999316
v -0.0281999 -0.0180191 0.000144983 0.8 0.8 0.8
vn -0.0338959 -0.0108505 -0.999366
v -0.0263656 -0.0220924 0.000144983 0.8 0.8 0.8
vn -0.0283801 -0.0185644 -0.999425
v -0.0237357 -0.0251548 0.000144983 0.8 0.8 0.8
vn -0.0214025 -0.0260525 -0.999431
v -0.0202004 -0.0273783 0.000144983 0.8 0.8 0.8
vn -0.0137902 -0.0325149 -0.999376
v -0.0154768 -0.0288351 0.000144983 0.8 0.8 0.8
vn -0.00646257 -0.0374185 -0.999279
v -0.00849409 -0.0295572 0.000144983 0.8 0.8 0.8
vn -0.000994726 -0.0406176 -0.999174
v 0.00849407 -0.0295572 0.000144983 0.8 0.8 0.8
vn 0.00135915 -0.0372776 -0.999304
v 0.0154768 -0.0288351 0.000144983 0.8 0.8 0.8
vn 0.00718037 -0.0358483 -0.999331
v 0.0202004 -0.0273783 0.000144983 0.8 0.8 0.8
vn 0.0146804 -0.0313694 -0.9994
v 0.0237357 -0.0251548 0.000144983 0.8 0.8 0.8
vn 0.0223905 -0.0250246 -0.999436
v 0.0263656 -0.0220924 0.000144983 0.8 0.8 0.8
vn 0.0294547 -0.0176199 -0.999411
v 0.0281999 -0.0180191 0.000144983 0.8 0.8 0.8
vn 0.0351728 -0.0100323 -0.999331
v 0.0292869 -0.0124285 0.000144983 0.8 0.8 0.8
vn 0.0398673 -0.00282774 -0.999201
v 0.0266326 2.27185e-08 6.45944e-05 0.8 0.8 0.8
vn 0.0200749 8.91853e-05 -0.999798
v 0.0263089 0.0111648 6.45944e-05 0.8 0.8 0.8
vn 0.0187691 0.00172374 -0.999822
v 0.0253325 0.0161869 6.45944e-05 0.8 0.8 0.8
vn 0.0173253 0.00557667 -0.999834
v 0.0236847 0.0198461 6.45944e-05 0.8 0.8 0.8
vn 0.0145073 0.00953069 -0.999849
v 0.0213222 0.0225971 6.45944e-05 0.8 0.8 0.8
vn 0.0109371 0.0133687 -0.999851
v 0.0181464 0.0245945 6.45944e-05 0.8 0.8 0.8
vn 0.00704193 0.0166838 -0.999836
v 0.0139031 0.0259031 6.45944e-05 0.8 0.8 0.8
vn 0.0032937 0.0192111 -0.99981
v 0.00763038 0.0265518 6.45944e-05 0.8 0.8 0.8
vn 0.000501257 0.0209058 -0.999781
v -0.0076304 0.0265518 6.45944e-05 0.8 0.8 0.8
vn -0.000704833 0.0189901 -0.999819
v -0.0139031 0.0259031 6.45944e-05 0.8 0.8 0.8
vn -0.00369451 0.0183157 -0.999825
v -0.0181464 0.0245945 6.45944e-05 0.8 0.8 0.8
vn -0.00753999 0.0160357 -0.999843
v -0.0213222 0.0225971 6.45944e-05 0.8 0.8 0.8
vn -0.0114916 0.0127906 -0.999852
v -0.0236847 0.0198461 6.45944e-05 0.8 0.8 0.8
vn -0.0151133 0.00900154 -0.999845
v -0.0253325 0.0161869 6.45944e-05 0.8 0.8 0.8
vn -0.0180504 0.0051194 -0.999824
v -0.0263089 0.0111648 6.45944e-05 0.8 0.8 0.8
vn -0.0205113 0.00143721 -0.999789
v -0.0266327 2.07485e-08 6.45944e-05 0.8 0.8 0.8
vn -0.0200749 -8.91853e-05 -0.999798
v -0.0263089 -0.0111648 6.45944e-05 0.8 0.8 0.8
vn -0.0187691 -0.00172374 -0.999822
v -0.0253325 -0.0161869 6.45944e-05 0.8 0.8 0.8
vn -0.0173253 -0.00557667 -0.999834
v -0.0236847 -0.019846 6.45944e-05 0.8 0.8 0.8
vn -0.0145073 -0.00953069 -0.999849
v -0.0213222 -0.022597 6.45944e-05 0.8 0.8 0.8
vn -0.0109371 -0.0133687 -0.999851
v -0.0181464 -0.0245944 6.45944e-05 0.8 0.8 0.8
vn -0.00704193 -0.0166838 -0.999836
v -0.0139031 -0.0259031 6.45944e-05 0.8 0.8 0.8
vn -0.0032937 -0.0192111 -0.99981
v -0.0076304 -0.0265518 6.45944e-05 0.8 0.8 0.8
vn -0.000501257 -0.0209058 -0.999781
v 0.00763038 -0.0265518 6.45944e-05 0.8 0.8 0.8
vn 0.000704833 -0.0189901 -0.999819
v 0.0139031 -0.0259031 6.45944e-05 0.8 0.8 0.8
vn 0.00369451 -0.0183157 -0.999825
v 0.0181464 -0.0245944 6.45944e-05 0.8 0.8 0.8
vn 0.00753999 -0.0160357 -0.999843
v 0.0213222 -0.022597 6.45944e-05 0.8 0.8 0.8
vn 0.0114916 -0.0127906 -0.999852
v 0.0236847 -0.019846 6.45944e-05 0.8 0.8 0.8
vn 0.0151133 -0.00900154 -0.999845
v 0.0253325 -0.0161869 6.45944e-05 0.8 0.8 0.8
vn 0.0180504 -0.0051194 -0.999824
v 0.0263089 -0.0111648 6.45944e-05 0.8 0.8 0.8
vn 0.0205113 -0.00143721 -0.999789
v 0.0236523 2.2606e-08 2.61583e-05 0.8 0.8 0.8
vn 0.00943823 4.6495e-05 -0.999955
v 0.0233648 0.0099154 2.61583e-05 0.8 0.8 0.8
vn 0.0087753 0.00081768 -0.999961
v 0.0224976 0.0143755 2.61583e-05 0.8 0.8 0.8
vn 0.00812587 0.00263337 -0.999964
v 0.0210342 0.0176251 2.61583e-05 0.8 0.8 0.8
vn 0.00680459 0.00449412 -0.999967
v 0.0189361 0.0200683 2.61583e-05 0.8 0.8 0.8
vn 0.00512776 0.00629988 -0.999967
v 0.0161157 0.0218422 2.61583e-05 0.8 0.8 0.8
vn 0.00329816 0.00786057 -0.999964
v 0.0123473 0.0230044 2.61583e-05 0.8 0.8 0.8
vn 0.00153859 0.00905586 -0.999958
v 0.00677649 0.0235805 2.61583e-05 0.8 0.8 0.8
vn 0.000230718 0.00988004 -0.999951
v -0.00677651 0.0235805 2.61583e-05 0.8 0.8 0.8
vn -0.000336631 0.00887396 -0.999961
v -0.0123473 0.0230044 2.61583e-05 0.8 0.8 0.8
vn -0.00174708 0.00858661 -0.999962
v -0.0161157 0.0218422 2.61583e-05 0.8 0.8 0.8
vn -0.00355742 0.00752187 -0.999965
v -0.0189361 0.0200683 2.61583e-05 0.8 0.8 0.8
vn -0.0054167 0.0059984 -0.999967
v -0.0210342 0.0176251 2.61583e-05 0.8 0.8 0.8
vn -0.00712092 0.00421854 -0.999966
v -0.0224976 0.0143755 2.61583e-05 0.8 0.8 0.8
vn -0.00850538 0.00239543 -0.999961
v -0.0233648 0.0099154 2.61583e-05 0.8 0.8 0.8
vn -0.00968989 0.000668803 -0.999953
v -0.0236523 2.08564e-08 2.61583e-05 0.8 0.8 0.8
vn -0.00943823 -4.6495e-05 -0.999955
v -0.0233648 -0.00991536 2.61583e-05 0.8 0.8 0.8
vn -0.0087753 -0.00081768 -0.999961
v -0.0224976 -0.0143755 2.61583e-05 0.8 0.8 0.8
vn -0.00812587 -0.00263337 -0.999964
v -0.0210342 -0.0176251 2.61583e-05 0.8 0.8 0.8
vn -0.00680459 -0.00449412 -0.999967
v -0.0189361 -0.0200683 2.61583e-05 0.8 0.8 0.8
vn -0.00512776 -0.00629988 -0.999967
v -0.0161157 -0.0218421 2.61583e-05 0.8 0.8 0.8
vn -0.00329816 -0.00786057 -0.999964
v -0.0123473 -0.0230043 2.61583e-05 0.8 0.8 0.8
vn -0.00153859 -0.00905586 -0.999958
v -0.00677651 -0.0235805 2.61583e-05 0.8 0.8 0.8
vn -0.000230718 -0.00988004 -0.999951
v 0.00677649 -0.0235805 2.61583e-05 0.8 0.8 0.8
vn 0.000336631 -0.00887396 -0.999961
v 0.0123473 -0.0230043 2.61583e-05 0.8 0.8 0.8
vn 0.00174708 -0.00858661 -0.999962
v 0.0161157 -0.0218421 2.61583e-05 0.8 0.8 0.8
vn 0.00355742 -0.00752187 -0.999965
v 0.0189361 -0.0200683 2.61583e-05 0.8 0.8 0.8
vn 0.0054167 -0.0059984 -0.999967
v 0.0210342 -0.0176251 2.61583e-05 0.8 0.8 0.8
vn 0.00712092 -0.00421854 -0.999966
v 0.0224976 -0.0143755 2.61583e-05 0.8 0.8 0.8
vn 0.00850538 -0.00239543 -0.999961
v 0.0233648 -0.00991535 2.61583e-05 0.8 0.8 0.8
vn 0.00968989 -0.000668803 -0.999953
v 0.0206876 2.2494e-08 9.38267e-06 0.8 0.8 0.8
vn 0.00401488 2.21846e-05 -0.999992
v 0.0204362 0.00867258 9.38267e-06 0.8 0.8 0.8
vn 0.00370857 0.000351818 -0.999993
v 0.0196777 0.0125736 9.38267e-06 0.8 0.8 0.8
vn 0.00344673 0.00112641 -0.999993
v 0.0183977 0.015416 9.38267e-06 0.8 0.8 0.8
vn 0.00288635 0.00191887 -0.999994
v 0.0165626 0.0175529 9.38267e-06 0.8 0.8 0.8
vn 0.00217378 0.00268764 -0.999994
v 0.0140957 0.0191044 9.38267e-06 0.8 0.8 0.8
vn 0.00139629 0.00335245 -0.999993
v 0.0107996 0.020121 9.38267e-06 0.8 0.8 0.8
vn 0.000649158 0.00386414 -0.999992
v 0.00592711 0.0206249 9.38267e-06 0.8 0.8 0.8
vn 9.54981e-05 0.00422775 -0.999991
v -0.00592713 0.0206249 9.38267e-06 0.8 0.8 0.8
vn -0.000146047 0.003748 -0.999993
v -0.0107996 0.020121 9.38267e-06 0.8 0.8 0.8
vn -0.000748657 0.00364035 -0.999993
v -0.0140957 0.0191044 9.38267e-06 0.8 0.8 0.8
vn -0.00152001 0.00319088 -0.999994
v -0.0165626 0.0175529 9.38267e-06 0.8 0.8 0.8
vn -0.00231165 0.0025438 -0.999994
v -0.0183977 0.015416 9.38267e-06 0.8 0.8 0.8
vn -0.00303726 0.00178737 -0.999994
v -0.0196777 0.0125736 9.38267e-06 0.8 0.8 0.8
vn -0.00362775 0.00101286 -0.999993
v -0.0204362 0.00867258 9.38267e-06 0.8 0.8 0.8
vn -0.00414471 0.000280757 -0.999991
v -0.0206877 2.09638e-08 9.38267e-06 0.8 0.8 0.8
vn -0.00401488 -2.21846e-05 -0.999992
v -0.0204362 -0.00867254 9.38267e-06 0.8 0.8 0.8
vn -0.00370857 -0.000351818 -0.999993
v -0.0196777 -0.0125736 9.38267e-06 0.8 0.8 0.8
vn -0.00344673 -0.00112641 -0.999993
v -0.0183977 -0.0154159 9.38267e-06 0.8 0.8 0.8
vn -0.00288635 -0.00191887 -0.999994
v -0.0165626 -0.0175529 9.38267e-06 0.8 0.8 0.8
vn -0.00217378 -0.00268764 -0.999994
v -0.0140957 -0.0191044 9.38267e-06 0.8 0.8 0.8
vn -0.00139629 -0.00335245 -0.999993
v -0.0107996 -0.0201209 9.38267e-06 0.8 0.8 0.8
vn -0.000649158 -0.00386414 -0.999992
v -0.00592713 -0.0206248 9.38267e-06 0.8 0.8 0.8
vn -9.54981e-05 -0.00422775 -0.999991
v 0.00592711 -0.0206248 9.38267e-06 0.8 0.8 0.8
vn 0.000146047 -0.003748 -0.999993
v 0.0107996 -0.0201209 9.38267e-06 0.8 0.8 0.8
vn 0.000748657 -0.00364035 -0.999993
v 0.0140957 -0.0191044 9.38267e-06 0.8 0.8 0.8
vn 0.00152001 -0.00319088 -0.999994
v 0.0165626 -0.0175529 9.38267e-06 0.8 0.8 0.8
vn 0.00231165 -0.0025438 -0.999994
v 0.0183977 -0.0154159 9.38267e-06 0.8 0.8 0.8
vn 0.00303726 -0.00178737 -0.999994
v 0.0196777 -0.0125736 9.38267e-06 0.8 0.8 0.8
vn 0.00362775 -0.00101286 -0.999993
v 0.0204362 -0.00867254 9.38267e-06 0.8 0.8 0.8
vn 0.00414471 -0.000280757 -0.999991
v 0.0177296 2.23823e-08 2.86744e-06 0.8 0.8 0.8
vn 0.00150914 9.47179e-06 -0.999999
v 0.0175141 0.00743252 2.86744e-06 0.8 0.8 0.8
vn 0.001383 0.000134178 -0.999999
v 0.016864 0.0107758 2.86744e-06 0.8 0.8 0.8
vn 0.00129104 0.000426369 -0.999999
v 0.0157671 0.0132117 2.86744e-06 0.8 0.8 0.8
vn 0.00108111 0.000724669 -0.999999
v 0.0141944 0.0150431 2.86744e-06 0.8 0.8 0.8
vn 0.000813565 0.0010139 -0.999999
v 0.0120802 0.0163727 2.86744e-06 0.8 0.8 0.8
vn 0.000521672 0.00126416 -0.999999
v 0.00925542 0.0172439 2.86744e-06 0.8 0.8 0.8
vn 0.000241467 0.00145787 -0.999999
v 0.0050796 0.0176758 2.86744e-06 0.8 0.8 0.8
vn 3.46429e-05 0.00160019 -0.999999
v -0.00507962 0.0176758 2.86744e-06 0.8 0.8 0.8
vn -5.62686e-05 0.00139669 -0.999999
v -0.00925543 0.0172439 2.86744e-06 0.8 0.8 0.8
vn -0.000284034 0.00136277 -0.999999
v -0.0120802 0.0163727 2.86744e-06 0.8 0.8 0.8
vn -0.000574564 0.00119533 -0.999999
v -0.0141944 0.0150431 2.86744e-06 0.8 0.8 0.8
vn -0.000872446 0.000952509 -0.999999
v -0.0157671 0.0132117 2.86744e-06 0.8 0.8 0.8
vn -0.00114546 0.000668475 -0.999999
v -0.0168641 0.0107758 2.86744e-06 0.8 0.8 0.8
vn -0.00136806 0.000377807 -0.999999
v -0.0175141 0.00743252 2.86744e-06 0.8 0.8 0.8
vn -0.00156808 0.000103742 -0.999999
v -0.0177296 2.10709e-08 2.86744e-06 0.8 0.8 0.8
vn -0.00150914 -9.47179e-06 -0.999999
v -0.0175141 -0.00743247 2.86744e-06 0.8 0.8 0.8
vn -0.001383 -0.000134178 -0.999999
v -0.0168641 -0.0107757 2.86744e-06 0.8 0.8 0.8
vn -0.00129104 -0.000426369 -0.999999
v -0.0157671 -0.0132116 2.86744e-06 0.8 0.8 0.8
vn -0.00108111 -0.000724669 -0.999999
v -0.0141944 -0.015043 2.86744e-06 0.8 0.8 0.8
vn -0.000813565 -0.0010139 -0.999999
v -0.0120802 -0.0163727 2.86744e-06 0.8 0.8 0.8
vn -0.000521672 -0.00126416 -0.999999
v -0.00925543 -0.0172439 2.86744e-06 0.8 0.8 0.8
vn -0.000241467 -0.00145787 -0.999999
v -0.00507962 -0.0176757 2.86744e-06 0.8 0.8 0.8
vn -3.46429e-05 -0.00160019 -0.999999
v 0.0050796 -0.0176757 2.86744e-06 0.8 0.8 0.8
vn 5.62686e-05 -0.00139669 -0.999999
v 0.00925542 -0.0172439 2.86744e-06 0.8 0.8 0.8
vn 0.000284034 -0.00136277 -0.999999
v 0.0120802 -0.0163727 2.86744e-06 0.8 0.8 0.8
vn 0.000574564 -0.00119533 -0.999999
v 0.0141944 -0.015043 2.86744e-06 0.8 0.8 0.8
vn 0.000872446 -0.000952509 -0.999999
v 0.0157671 -0.0132116 2.86744e-06 0.8 0.8 0.8
vn 0.00114546 -0.000668475 -0.999999
v 0.016864 -0.0107757 2.86744e-06 0.8 0.8 0.8
vn 0.00136806 -0.000377807 -0.999999
v 0.0175141 -0.00743247 2.86744e-06 0.8 0.8 0.8
vn 0.00156808 -0.000103742 -0.999999
v 0.0147739 2.22707e-08 6.99473e-07 0.8 0.8 0.8
vn 0.000483208 3.49244e-06 -1
v 0.0145943 0.00619345 6.99473e-07 0.8 0.8 0.8
vn 0.000438538 4.37724e-05 -1
v 0.0140527 0.00897936 6.99473e-07 0.8 0.8 0.8
vn 0.000411582 0.000137741 -1
v 0.0131386 0.0110092 6.99473e-07 0.8 0.8 0.8
vn 0.000344618 0.000233418 -1
v 0.011828 0.0125353 6.99473e-07 0.8 0.8 0.8
vn 0.00025906 0.000326119 -1
v 0.0100663 0.0136433 6.99473e-07 0.8 0.8 0.8
vn 0.000165735 0.000406368 -1
v 0.00771245 0.0143692 6.99473e-07 0.8 0.8 0.8
vn 7.6272e-05 0.00046889 -1
v 0.00423279 0.0147291 6.99473e-07 0.8 0.8 0.8
vn 1.05817e-05 0.000516548 -1
v -0.00423281 0.0147291 6.99473e-07 0.8 0.8 0.8
vn -1.85872e-05 0.000442488 -1
v -0.00771247 0.0143692 6.99473e-07 0.8 0.8 0.8
vn -9.20296e-05 0.000434158 -1
v -0.0100663 0.0136433 6.99473e-07 0.8 0.8 0.8
vn -0.000185288 0.000381104 -1
v -0.0118281 0.0125353 6.99473e-07 0.8 0.8 0.8
vn -0.000280785 0.000303499 -1
v -0.0131386 0.0110092 6.99473e-07 0.8 0.8 0.8
vn -0.000368289 0.000212663 -1
v -0.0140527 0.00897936 6.99473e-07 0.8 0.8 0.8
vn -0.000439785 0.000119777 -1
v -0.0145943 0.00619345 6.99473e-07 0.8 0.8 0.8
vn -0.000505946 3.24805e-05 -1
v -0.0147739 2.11779e-08 6.99473e-07 0.8 0.8 0.8
vn -0.000483208 -3.49244e-06 -1
v -0.0145943 -0.00619341 6.99473e-07 0.8 0.8 0.8
vn -0.000438538 -4.37724e-05 -1
v -0.0140527 -0.00897932 6.99473e-07 0.8 0.8 0.8
vn -0.000411582 -0.000137741 -1
v -0.0131386 -0.0110091 6.99473e-07 0.8 0.8 0.8
vn -0.000344618 -0.000233418 -1
v -0.0118281 -0.0125352 6.99473e-07 0.8 0.8 0.8
vn -0.00025906 -0.000326119 -1
v -0.0100663 -0.0136432 6.99473e-07 0.8 0.8 0.8
vn -0.000165735 -0.000406368 -1
v -0.00771247 -0.0143692 6.99473e-07 0.8 0.8 0.8
vn -7.6272e-05 -0.00046889 -1
v -0.00423281 -0.014729 6.99473e-07 0.8 0.8 0.8
vn -1.05817e-05 -0.000516548 -1
v 0.00423279 -0.014729 6.99473e-07 0.8 0.8 0.8
vn 1.85872e-05 -0.000442488 -1
v 0.00771245 -0.0143692 6.99473e-07 0.8 0.8 0.8
vn 9.20296e-05 -0.000434158 -1
v 0.0100663 -0.0136432 6.99473e-07 0.8 0.8 0.8
vn 0.000185288 -0.000381104 -1
v 0.011828 -0.0125352 6.99473e-07 0.8 0.8 0.8
vn 0.000280785 -0.000303499 -1
v 0.0131386 -0.0110091 6.99473e-07 0.8 0.8 0.8
vn 0.000368289 -0.000212663 -1
v 0.0140527 -0.00897932 6.99473e-07 0.8 0.8 0.8
vn 0.000439785 -0.000119777 -1
v 0.0145943 -0.00619341 6.99473e-07 0.8 0.8 0.8
vn 0.000505946 -3.24805e-05 -1
v 0.011819 2.21591e-08 1.17086e-07 0.8 0.8 0.8
vn 0.000124466 1.05058e-06 -1
v 0.0116753 0.0049547 1.17086e-07 0.8 0.8 0.8
vn 0.000111645 1.15544e-05 -1
v 0.011242 0.0071834 1.17086e-07 0.8 0.8 0.8
vn 0.000105451 3.5891e-05 -1
v 0.0105107 0.00880724 1.17086e-07 0.8 0.8 0.8
vn 8.82689e-05 6.05858e-05 -1
v 0.0094623 0.0100281 1.17086e-07 0.8 0.8 0.8
vn 6.6257e-05 8.44863e-05 -1
v 0.00805294 0.0109145 1.17086e-07 0.8 0.8 0.8
vn 4.22583e-05 0.000105183 -1
v 0.00616988 0.0114952 1.17086e-07 0.8 0.8 0.8
vn 1.92978e-05 0.000121419 -1
v 0.00338618 0.0117831 1.17086e-07 0.8 0.8 0.8
vn 2.55699e-06 0.000134278 -1
v -0.0033862 0.0117831 1.17086e-07 0.8 0.8 0.8
vn -4.9826e-06 0.000112535 -1
v -0.0061699 0.0114952 1.17086e-07 0.8 0.8 0.8
vn -2.40723e-05 0.000111154 -1
v -0.00805296 0.0109145 1.17086e-07 0.8 0.8 0.8
vn -4.81681e-05 9.76455e-05 -1
v -0.00946232 0.0100281 1.17086e-07 0.8 0.8 0.8
vn -7.27998e-05 7.76907e-05 -1
v -0.0105107 0.00880724 1.17086e-07 0.8 0.8 0.8
vn -9.5358e-05 5.43223e-05 -1
v -0.011242 0.0071834 1.17086e-07 0.8 0.8 0.8
vn -0.000113828 3.04543e-05 -1
v -0.0116753 0.0049547 1.17086e-07 0.8 0.8 0.8
vn -0.000131465 8.11935e-06 -1
v -0.011819 2.12849e-08 1.17086e-07 0.8 0.8 0.8
vn -0.000124466 -1.05058e-06 -1
v -0.0116753 -0.00495466 1.17086e-07 0.8 0.8 0.8
vn -0.000111645 -1.15544e-05 -1
v -0.011242 -0.00718335 1.17086e-07 0.8 0.8 0.8
vn -0.000105451 -3.5891e-05 -1
v -0.0105107 -0.00880719 1.17086e-07 0.8 0.8 0.8
vn -8.82689e-05 -6.05858e-05 -1
v -0.00946232 -0.010028 1.17086e-07 0.8 0.8 0.8
vn -6.6257e-05 -8.44863e-05 -1
v -0.00805296 -0.0109144 1.17086e-07 0.8 0.8 0.8
vn -4.22583e-05 -0.000105183 -1
v -0.0061699 -0.0114952 1.17086e-07 0.8 0.8 0.8
vn -1.92978e-05 -0.000121419 -1
v -0.0033862 -0.0117831 1.17086e-07 0.8 0.8 0.8
vn -2.55699e-06 -0.000134278 -1
v 0.00338618 -0.0117831 1.17086e-07 0.8 0.8 0.8
vn 4.9826e-06 -0.000112535 -1
v 0.00616988 -0.0114952 1.17086e-07 0.8 0.8 0.8
vn 2.40723e-05 -0.000111154 -1
v 0.00805294 -0.0109144 1.17086e-07 0.8 0.8 0.8
vn 4.81681e-05 -9.76455e-05 -1
v 0.0094623 -0.010028 1.17086e-07 0.8 0.8 0.8
vn 7.27998e-05 -7.76907e-05 -1
v 0.0105107 -0.00880719 1.17086e-07 0.8 0.8 0.8
vn 9.5358e-05 -5.43223e-05 -1
v 0.011242 -0.00718335 1.17086e-07 0.8 0.8 0.8
vn 0.000113828 -3.04543e-05 -1
v 0.0116753 -0.00495466 1.17086e-07 0.8 0.8 0.8
vn 0.000131465 -8.11935e-06 -1
v 0.00886419 2.20475e-08 2.93286e-09 0.8 0.8 0.8
vn 2.34909e-05 2.34237e-07 -1
v 0.00875644 0.00371602 2.93286e-09 0.8 0.8 0.8
vn 2.08051e-05 2.25372e-06 -1
v 0.00843145 0.00538754 2.93286e-09 0.8 0.8 0.8
vn 1.97791e-05 6.87631e-06 -1
v 0.00788301 0.00660541 2.93286e-09 0.8 0.8 0.8
vn 1.65439e-05 1.1547e-05 -1
v 0.0070967 0.00752104 2.93286e-09 0.8 0.8 0.8
vn 1.23915e-05 1.60594e-05 -1
v 0.00603969 0.00818583 2.93286e-09 0.8 0.8 0.8
vn 7.86983e-06 1.99649e-05 -1
v 0.00462739 0.00862139 2.93286e-09 0.8 0.8 0.8
vn 3.55612e-06 2.30453e-05 -1
v 0.00253963 0.00883731 2.93286e-09 0.8 0.8 0.8
vn 4.41842e-07 2.55624e-05 -1
v -0.00253965 0.00883731 2.93286e-09 0.8 0.8 0.8
vn -9.90365e-07 2.09504e-05 -1
v -0.00462741 0.00862139 2.93286e-09 0.8 0.8 0.8
vn -4.63574e-06 2.08367e-05 -1
v -0.0060397 0.00818583 2.93286e-09 0.8 0.8 0.8
vn -9.19973e-06 1.83118e-05 -1
v -0.00709672 0.00752104 2.93286e-09 0.8 0.8 0.8
vn -1.38537e-05 1.45482e-05 -1
v -0.00788303 0.00660541 2.93286e-09 0.8 0.8 0.8
vn -1.81106e-05 1.01418e-05 -1
v -0.00843147 0.00538754 2.93286e-09 0.8 0.8 0.8
vn -2.15997e-05 5.64982e-06 -1
v -0.00875646 0.00371602 2.93286e-09 0.8 0.8 0.8
vn -2.50228e-05 1.47092e-06 -1
v -0.00886421 2.13919e-08 2.93286e-09 0.8 0.8 0.8
vn -2.34909e-05 -2.34237e-07 -1
v -0.00875646 -0.00371598 2.93286e-09 0.8 0.8 0.8
vn -2.08051e-05 -2.25372e-06 -1
v -0.00843147 -0.0053875 2.93286e-09 0.8 0.8 0.8
vn -1.97791e-05 -6.87631e-06 -1
v -0.00788303 -0.00660537 2.93286e-09 0.8 0.8 0.8
vn -1.65439e-05 -1.1547e-05 -1
v -0.00709672 -0.007521 2.93286e-09 0.8 0.8 0.8
vn -1.23915e-05 -1.60594e-05 -1
v -0.0060397 -0.00818579 2.93286e-09 0.8 0.8 0.8
vn -7.86983e-06 -1.99649e-05 -1
v -0.00462741 -0.00862135 2.93286e-09 0.8 0.8 0.8
vn -3.55612e-06 -2.30453e-05 -1
v -0.00253965 -0.00883726 2.93286e-09 0.8 0.8 0.8
vn -4.41842e-07 -2.55624e-05 -1
v 0.00253963 -0.00883726 2.93286e-09 0.8 0.8 0.8
vn 9.90365e-07 -2.09504e-05 -1
v 0.00462739 -0.00862135 2.93286e-09 0.8 0.8 0.8
vn 4.63574e-06 -2.08367e-05 -1
v 0.00603969 -0.00818579 2.93286e-09 0.8 0.8 0.8
vn 9.19973e-06 -1.83118e-05 -1
v 0.0070967 -0.007521 2.93286e-09 0.8 0.8 0.8
vn 1.38537e-05 -1.45482e-05 -1
v 0.00788301 -0.00660537 2.93286e-09 0.8 0.8 0.8
vn 1.81106e-05 -1.01418e-05 -1
v 0.00843145 -0.0053875 2.93286e-09 0.8 0.8 0.8
vn 2.15997e-05 -5.64982e-06 -1
v 0.00875644 -0.00371598 2.93286e-09 0.8 0.8 0.8
vn 2.50228e-05 -1.47092e-06 -1
v 0.00590945 2.1936e-08 -1.05472e-08 0.8 0.8 0.8
vn 2.7495e-06 3.25592e-08 -1
v 0.00583762 0.00247735 -1.05472e-08 0.8 0.8 0.8
vn 2.41551e-06 2.76676e-07 -1
v 0.00562096 0.0035917 -1.05472e-08 0.8 0.8 0.8
vn 2.30191e-06 8.21204e-07 -1
v 0.00525534 0.00440362 -1.05472e-08 0.8 0.8 0.8
vn 1.92117e-06 1.36858e-06 -1
v 0.00473113 0.00501403 -1.05472e-08 0.8 0.8 0.8
vn 1.43385e-06 1.89555e-06 -1
v 0.00402645 0.00545723 -1.05472e-08 0.8 0.8 0.8
vn 9.04958e-07 2.35011e-06 -1
v 0.00308492 0.0057476 -1.05472e-08 0.8 0.8 0.8
vn 4.02798e-07 2.70739e-06 -1
v 0.00169308 0.00589154 -1.05472e-08 0.8 0.8 0.8
vn 4.56474e-08 2.99782e-06 -1
v -0.0016931 0.00589154 -1.05472e-08 0.8 0.8 0.8
vn -1.24415e-07 2.43239e-06 -1
v -0.00308494 0.0057476 -1.05472e-08 0.8 0.8 0.8
vn -5.57727e-07 2.42616e-06 -1
v -0.00402647 0.00545723 -1.05472e-08 0.8 0.8 0.8
vn -1.09376e-06 2.12914e-06 -1
v -0.00473115 0.00501403 -1.05472e-08 0.8 0.8 0.8
vn -1.63818e-06 1.68676e-06 -1
v -0.00525536 0.00440362 -1.05472e-08 0.8 0.8 0.8
vn -2.13449e-06 1.17046e-06 -1
v -0.00562098 0.0035917 -1.05472e-08 0.8 0.8 0.8
vn -2.53984e-06 6.46114e-07 -1
v -0.00583764 0.00247735 -1.05472e-08 0.8 0.8 0.8
vn -2.93719e-06 1.62383e-07 -1
v -0.00590947 2.14988e-08 -1.05472e-08 0.8 0.8 0.8
vn -2.7495e-06 -3.25592e-08 -1
v -0.00583764 -0.00247731 -1.05472e-08 0.8 0.8 0.8
vn -2.41551e-06 -2.76676e-07 -1
v -0.00562098 -0.00359166 -1.05472e-08 0.8 0.8 0.8
vn -2.30191e-06 -8.21204e-07 -1
v -0.00525536 -0.00440357 -1.05472e-08 0.8 0.8 0.8
vn -1.92117e-06 -1.36858e-06 -1
v -0.00473115 -0.00501399 -1.05472e-08 0.8 0.8 0.8
vn -1.43385e-06 -1.89555e-06 -1
v -0.00402647 -0.00545718 -1.05472e-08 0.8 0.8 0.8
vn -9.04958e-07 -2.35011e-06 -1
v -0.00308494 -0.00574756 -1.05472e-08 0.8 0.8 0.8
vn -4.02798e-07 -2.70739e-06 -1
v -0.0016931 -0.0058915 -1.05472e-08 0.8 0.8 0.8
vn -4.56474e-08 -2.99782e-06 -1
v 0.00169308 -0.0058915 -1.05472e-08 0.8 0.8 0.8
vn 1.24415e-07 -2.43239e-06 -1
v 0.00308492 -0.00574756 -1.05472e-08 0.8 0.8 0.8
vn 5.57727e-07 -2.42616e-06 -1
v 0.00402645 -0.00545718 -1.05472e-08 0.8 0.8 0.8
vn 1.09376e-06 -2.12914e-06 -1
v 0.00473113 -0.00501399 -1.05472e-08 0.8 0.8 0.8
vn 1.63818e-06 -1.68676e-06 -1
v 0.00525534 -0.00440357 -1.05472e-08 0.8 0.8 0.8
vn 2.13449e-06 -1.17046e-06 -1
v 0.00562096 -0.00359166 -1.05472e-08 0.8 0.8 0.8
vn 2.53984e-06 -6.46114e-07 -1
v 0.00583762 -0.00247731 -1.05472e-08 0.8 0.8 0.8
vn 2.93719e-06 -1.62383e-07 -1
v 0.00295472 2.18244e-08 -1.11728e-08 0.8 0.8 0.8
vn 1.4149e-07 2.04625e-09 -1
v 0.00291881 0.00123869 -1.11728e-08 0.8 0.8 0.8
vn 1.27145e-07 1.57509e-08 -1
v 0.00281048 0.00179586 -1.11728e-08 0.8 0.8 0.8
vn 1.18469e-07 4.38126e-08 -1
v 0.00262766 0.00220182 -1.11728e-08 0.8 0.8 0.8
vn 9.8041e-08 7.18659e-08 -1
v 0.00236556 0.00250703 -1.11728e-08 0.8 0.8 0.8
vn 7.25319e-08 9.85999e-08 -1
v 0.00201322 0.00272862 -1.11728e-08 0.8 0.8 0.8
vn 4.51881e-08 1.21287e-07 -1
v 0.00154246 0.00287381 -1.11728e-08 0.8 0.8 0.8
vn 1.95353e-08 1.38316e-07 -1
v 0.000846536 0.00294578 -1.11728e-08 0.8 0.8 0.8
vn 1.8718e-09 1.49766e-07 -1
v -0.000846555 0.00294578 -1.11728e-08 0.8 0.8 0.8
vn -7.34526e-09 1.2881e-07 -1
v -0.00154248 0.00287381 -1.11728e-08 0.8 0.8 0.8
vn -3.0217e-08 1.25594e-07 -1
v -0.00201324 0.00272862 -1.11728e-08 0.8 0.8 0.8
vn -5.78137e-08 1.09094e-07 -1
v -0.00236558 0.00250703 -1.11728e-08 0.8 0.8 0.8
vn -8.55829e-08 8.57222e-08 -1
v -0.00262768 0.00220182 -1.11728e-08 0.8 0.8 0.8
vn -1.10591e-07 5.88774e-08 -1
v -0.0028105 0.00179586 -1.11728e-08 0.8 0.8 0.8
vn -1.30511e-07 3.19183e-08 -1
v -0.00291883 0.00123869 -1.11728e-08 0.8 0.8 0.8
vn -1.47498e-07 7.46737e-09 -1
v -0.00295474 2.16058e-08 -1.11728e-08 0.8 0.8 0.8
vn -1.4149e-07 -2.04625e-09 -1
v -0.00291883 -0.00123864 -1.11728e-08 0.8 0.8 0.8
vn -1.27145e-07 -1.57509e-08 -1
v -0.0028105 -0.00179582 -1.11728e-08 0.8 0.8 0.8
vn -1.18469e-07 -4.38126e-08 -1
v -0.00262768 -0.00220178 -1.11728e-08 0.8 0.8 0.8
vn -9.8041e-08 -7.18659e-08 -1
v -0.00236558 -0.00250698 -1.11728e-08 0.8 0.8 0.8
vn -7.25319e-08 -9.85999e-08 -1
v -0.00201324 -0.00272858 -1.11728e-08 0.8 0.8 0.8
vn -4.51881e-08 -1.21287e-07 -1
v -0.00154248 -0.00287377 -1.11728e-08 0.8 0.8 0.8
vn -1.95353e-08 -1.38316e-07 -1
v -0.000846555 -0.00294574 -1.11728e-08 0.8 0.8 0.8
vn -1.8718e-09 -1.49766e-07 -1
v 0.000846536 -0.00294574 -1.11728e-08 0.8 0.8 0.8
vn 7.34526e-09 -1.2881e-07 -1
v 0.00154246 -0.00287377 -1.11728e-08 0.8 0.8 0.8
vn 3.0217e-08 -1.25594e-07 -1
v 0.00201322 -0.00272858 -1.11728e-08 0.8 0.8 0.8
vn 5.78137e-08 -1.09094e-07 -1
v 0.00236556 -0.00250698 -1.11728e-08 0.8 0.8 0.8
vn 8.55829e-08 -8.57222e-08 -1
v 0.00262766 -0.00220178 -1.11728e-08 0.8 0.8 0.8
vn 1.10591e-07 -5.88774e-08 -1
v 0.00281048 -0.00179582 -1.11728e-08 0.8 0.8 0.8
vn 1.30511e-07 -3.19183e-08 -1
v 0.00291881 -0.00123864 -1.11728e-08 0.8 0.8 0.8
vn 1.47498e-07 -7.46737e-09 -1
v -9.65055e-09 2.17128e-08 -1.11759e-08 0.8 0.8 0.8
vn 1.04277e-09 3.02354e-11 -1
v -9.65055e-09 2.17128e-08 -1.11759e-08 0.8 0.8 0.8
vn 9.75141e-10 1.89593e-10 -1
v -9.65055e-09 2.17128e-08 -1.11759e-08 0.8 0.8 0.8
vn 8.51319e-10 3.83373e-10 -1
v -9.65055e-09 2.17128e-08 -1.11759e-08 0.8 0.8 0.8
vn 6.81885e-10 5.85579e-10 -1
v -9.65055e-09 2.17128e-08 -1.11759e-08 0.8 0.8 0.8
vn 4.85082e-10 7.7128e-10 -1
v -9.65055e-09 2.17128e-08 -1.11759e-08 0.8 0.8 0.8
vn 2.83693e-10 9.19869e-10 -1
v -9.65055e-09 2.17128e-08 -1.11759e-08 0.8 0.8 0.8
vn 1.05049e-10 1.01575e-09 -1
v -9.65055e-09 2.17128e-08 -1.11759e-08 0.8 0.8 0.8
vn -1.03398e-25 1.04594e-09 -1
v -9.65055e-09 2.17128e-08 -1.11759e-08 0.8 0.8 0.8
vn -1.05049e-10 1.01575e-09 -1
v -9.65055e-09 2.17128e-08 -1.11759e-08 0.8 0.8 0.8
vn -2.83693e-10 9.19869e-10 -1
v -9.65055e-09 2.17128e-08 -1.11759e-08 0.8 0.8 0.8
vn -4.85082e-10 7.7128e-10 -1
v -9.65055e-09 2.17128e-08 -1.11759e-08 0.8 0.8 0.8
vn -6.81885e-10 5.85579e-10 -1
v -9.65055e-09 2.17128e-08 -1.11759e-08 0.8 0.8 0.8
vn -8.51319e-10 3.83373e-10 -1
v -9.65055e-09 2.17128e-08 -1.11759e-08 0.8 0.8 0.8
vn -9.75141e-10 1.89593e-10 -1
v -9.65055e-09 2.17128e-08 -1.11759e-08 0.8 0.8 0.8
vn -1.04277e-09 3.02353e-11 -1
v -9.65055e-09 2.17128e-08 -1.11759e-08 0.8 0.8 0.8
vn -1.04277e-09 -3.02354e-11 -1
v -9.65055e-09 2.17128e-08 -1.11759e-08 0.8 0.8 0.8
vn -9.75141e-10 -1.89593e-10 -1
v -9.65055e-09 2.17128e-08 -1.11759e-08 0.8 0.8 0.8
vn -8.51319e-10 -3.83373e-10 -1
v -9.65055e-09 2.17128e-08 -1.11759e-08 0.8 0.8 0.8
vn -6.81885e-10 -5.85579e-10 -1
v -9.65055e-09 2.17128e-08 -1.11759e-08 0.8 0.8 0.8
vn -4.85082e-10 -7.7128e-10 -1
v -9.65055e-09 2.17128e-08 -1.11759e-08 0.8 0.8 0.8
vn -2.83693e-10 -9.19869e-10 -1
v -9.65055e-09 2.17128e-08 -1.11759e-08 0.8 0.8 0.8
vn -1.05049e-10 -1.01575e-09 -1
v -9.65055e-09 2.17128e-08 -1.11759e-08 0.8 0.8 0.8
vn 1.03398e-25 -1.04594e-09 -1
v -9.65055e-09 2.17128e-08 -1.11759e-08 0.8 0.8 0.8
vn 1.05049e-10 -1.01575e-09 -1
v -9.65055e-09 2.17128e-08 -1.11759e-08 0.8 0.8 0.8
vn 2.83693e-10 -9.19869e-10 -1
v -9.65055e-09 2.17128e-08 -1.11759e-08 0.8 0.8 0.8
vn 4.85082e-10 -7.7128e-10 -1
v -9.65055e-09 2.17128e-08 -1.11759e-08 0.8 0.8 0.8
vn 6.81885e-10 -5.85579e-10 -1
v -9.65055e-09 2.17128e-08 -1.11759e-08 0.8 0.8 0.8
vn 8.51319e-10 -3.83373e-10 -1
v -9.65055e-09 2.17128e-08 -1.11759e-08 0.8 0.8 0.8
vn 9.75141e-10 -1.89593e-10 -1
v -9.65055e-09 2.17128e-08 -1.11759e-08 0.8 0.8 0.8
vn 1.04277e-09 -3.02353e-11 -1
f 2//2 31//31 1//1
f 32//32 31//31 2//2
f 3//3 32//32 2//2
f 33//33 32//32 3//3
f 4//4 33//33 3//3
f 34//34 33//33 4//4
f 5//5 34//34 4//4
f 35//35 34//34 5//5
f 6//6 35//35 5//5
f 36//36 35//35 6//6
f 7//7 36//36 6//6
f 37//37 36//36 7//7
f 8//8 37//37 7//7
f 38//38 37//37 8//8
f 9//9 38//38 8//8
f 39//39 38//38 9//9
f 10//10 39//39 9//9
f 40//40 39//39 10//10
f 11//11 40//40 10//10
f 41//41 40//40 11//11
f 12//12 41//41 11//11
f 42//42 41//41 12//12
f 13//13 42//42 12//12
f 43//43 42//42 13//13
f 14//14 43//43 13//13
f 44//44 43//43 14//14
f 15//15 44//44 14//14
f 45//45 44//44 15//15
f 16//16 45//45 15//15
f 46//46 45//45 16//16
f 17//17 46//46 16//16
f 47//47 46//46 17//17
f 18//18 47//47 17//17
f 48//48 47//47 18//18
f 19//19 48//48 18//18
f 49//49 48//48 19//19
f 20//20 49//49 19//19
f 50//50 49//49 20//20
f 21//21 50//50 20//20
f 51//51 50//50 21//21
f 22//22 51//51 21//21
f 52//52 51//51 22//22
f 23//23 52//52 22//22
f 53//53 52//52 23//23
f 24//24 53//53 23//23
f 54//54 53//53 24//24
f 25//25 54//54 24//24
f 55//55 54//54 25//25
f 26//26 55//55 25//25
f 56//56 55//55 26//26
f 27//27 56//56 26//26
f 57//57 56//56 27//27
f 28//28 57//57 27//27
f 58//58 57//57 28//28
f 29//29 58//58 28//28
f 59//59 58//58 29//29
f 30//30 59//59 29//29
f 60//60 59//59 30//30
f 1//1 60//60 30//30
f 31//31 60//60 1//1
f 32//32 61//61 31//31
f 62//62 61//61 32//32
f 33//33 62//62 32//32
f 63//63 62//62 33//33
f 34//34 63//63 33//33
f 64//64 63//63 34//34
f 35//35 64//64 34//34
f 65//65 64//64 35//35
f 36//36 65//65 35//35
f 66//66 65//65 36//36
f 37//37 66//66 36//36
f 67//67 66//66 37//37
f 38//38 67//67 37//37
f 68//68 67//67 38//38
f 39//39 68//68 38//38
f 69//69 68//68 39//39
f 40//40 69//69 39//39
f 70//70 69//69 40//40
f 41//41 70//70 40//40
f 71//71 70//70 41//41
f 42//42 71//71 41//41
f 72//72 71//71 42//42
f 43//43 72//72 42//42
f 73//73 72//72 43//43
f 44//44 73//73 43//43
f 74//74 73//73 44//44
f 45//45 74//74 44//44
f 75//75 74//74 45//45
f 46//46 75//75 45//45
f 76//76 75//75 46//46
f 47//47 76//76 46//46
f 77//77 76//76 47//47
f 48//48 77//77 47//47
f 78//78 77//77 48//48
f 49//49 78//78 48//48
f 79//79 78//78 49//49
f 50//50 79//79 49//49
f 80//80 79//79 50//50
f 51//51 80//80 50//50
f 81//81 80//80 51//51
f 52//52 81//81 51//51
f 82//82 81//81 52//52
f 53//53 82//82 52//52
f 83//83 82//82 53//53
f 54//54 83//83 53//53
f 84//84 83//83 54//54
f 55//55 84//84 54//54
f 85//85 84//84 55//55
f 56//56 85//85 55//55
f 86//86 85//85 56//56
f 57//57 86//86 56//56
f 87//87 86//86 57//57
f 58//58 87//87 57//57
f 88//88 87//87 58//58
f 59//59 88//88 58//58
f 89//89 88//88 59//59
f 60//60 89//89 59//59
f 90//90 89//89 60//60
f 31//31 90//90 60//60
f 61//61 90//90 31//31
f 62//62 91//91 61//61
f 92//92 91//91 62//62
f 63//63 92//92 62//62
f 93//93 92//92 63//63
f 64//64 93//93 63//63
f 94//94 93//93 64//64
f 65//65 94//94 64//64
f 95//95 94//94 65//65
f 66//66 95//95 65//65
f 96//96 95//95 66//66
f 67//67 96//96 66//66
f 97//97 96//96 67//67
f 68//68 97//97 67//67
f 98//98 97//97 68//68
f 69//69 98//98 68//68
f 99//99 98//98 69//69
f 70//70 99//99 69//69
f 100//100 99//99 70//70
f 71//71 100//100 70//70
f 101//101 100//100 71//71
f 72//72 101//101 71//71
f 102//102 101//101 72//72
f 73//73 102//102 72//72
f 103//103 102//102 73//73
f 74//74 103//103 73//73
f 104//104 103//103 74//74
f 75//75 104//104 74//74
f 105//105 104//104 75//75
f 76//76 105//105 75//75
f 106//106 105//105 76//76
f 77//77 106//106 76//76
f 107//107 106//106 77//77
f 78//78 107//107 77//77
f 108//108 107//107 78//78
f 79//79 108//108 78//78
f 109//109 108//108 79//79
f 80//80 109//109 79//79
f 110//110 109//109 80//80
f 81//81 110//110 80//80
f 111//111 110//110 81//81
f 82//82 111//111 81//81
f 112//112 111//111 82//82
f 83//83 112//112 82//82
f 113//113 112//112 83//83
f 84//84 113//113 83//83
f 114//114 113//113 84//84
f 85//85 114//114 84//84
f 115//115 114//114 85//85
f 86//86 115//115 85//85
f 116//116 115//115 86//86
f 87//87 116//116 86//86
f 117//117 116//116 87//87
f 88//88 117//117 87//87
f 118//118 117//117 88//88
f 89//89 118//118 88//88
f 119//119 118//118 89//89
f 90//90 119//119 89//89
f 120//120 119//119 90//90
f 61//61 120//120 90//90
f 91//91 120//120 61//61
f 92//92 121//121 91//91
f 122//122 121//121 92//92
f 93//93 122//122 92//92
f 123//123 122//122 93//93
f 94//94 123//123 93//93
f 124//124 123//123 94//94
f 95//95 124//124 94//94
f 125//125 124//124 95//95
f 96//96 125//125 95//95
f 126//126 125//125 96//96
f 97//97 126//126 96//96
f 127//127 126//126 97//97
f 98//98 127//127 97//97
f 128//128 127//127 98//98
f 99//99 128//128 98//98
f 129//129 128//128 99//99
f 100//100 129//129 99//99
f 130//130 129//129 100//100
f 101//101 130//130 100//100
f 131//131 130//130 101//101
f 102//102 131//131 101//101
f 132//132 131//131 102//102
f 103//103 132//132 102//102
f 133//133 132//132 103//103
f 104//104 133//133 103//103
f 134//134 133//133 104//104
f 105//105 134//134 104//104
f 135//135 134//134 105//105
f 106//106 135//135 105//105
f 136//136 135//135 106//106
f 107//107 136//136 106//106
f 137//137 136//136 107//107
f 108//108 137//137 107//107
f 138//138 137//137 108//108
f 109//109 138//138 108//108
f 139//139 138//138 109//109
f 110//110 139//139 109//109
f 140//140 139//139 110//110
f 111//111 140//140 110//110
f 141//141 140//140 111//111
f 112//112 141//141 111//111
f 142//142 141//141 112//112
f 113//113 142//142 112//112
f 143//143 142//142 113//113
f 114//114 143//143 113//113
f 144//144 143//143 114//114
f 115//115 144//144 114//114
f 145//145 144//144 115//115
f 116//116 145//145 115//115
f 146//146 145//145 116//116
f 117//117 146//146 116//116
f 147//147 146//146 117//117
f 118//118 147//147 117//117
f 148//148 147//147 118//118
f 119//119 148//148 118//118
f 149//149 148//148 119//119
f 120//120 149//149 119//119
f 150//150 149//149 120//120
f 91//91 150//150 120//120
f 121//121 150//150 91//91
f 122//122 151//151 121//121
f 152//152 151//151 122//122
f 123//123 152//152 122//122
f 153//153 152//152 123//123
f 124//124 153//153 123//123
f 154//154 153//153 124//124
f 125//125 154//154 124//124
f 155//155 154//154 125//125
f 126//126 155//155 125//125
f 156//156 155//155 126//126
f 127//127 156//156 126//126
f 157//157 156//156 127//127
f 128//128 157//157 127//127
f 158//158 157//157 128//128
f 129//129 158//158 128//128
f 159//159 158//158 129//129
f 130//130 159//159 129//129
f 160//160 159//159 130//130
f 131//131 160//160 130//130
f 161//161 160//160 131//131
f 132//132 161//161 131//131
f 162//162 161//161 132//132
f 133//133 162//162 132//132
f 163//163 162//162 133//133
f 134//134 163//163 133//133
f 164//164 163//163 134//134
f 135//135 164//164 134//134
f 165//165 164//164 135//135
f 136//136 165//165 135//135
f 166//166 165//165 136//136
f 137//137 166//166 136//136
f 167//167 166//166 137//137
f 138//138 167//167 137//137
f 168//168 167//167 138//138
f 139//139 168//168 138//138
f 169//169 168//168 139//139
f 140//140 169//169 139//139
f 170//170 169//169 140//140
f 141//141 170//170 140//140
f 171//171 170//170 141//141
f 142//142 171//171 141//141
f 172//172 171//171 142//142
f 143//143 172//172 142//142
f 173//173 172//172 143//143
f 144//144 173//173 143//143
f 174//174 173//173 144//144
f 145//145 174//174 144//144
f 175//175 174//174 145//145
f 146//146 175//175 145//145
f 176//176 175//175 146//146
f 147//147 176//176 146//146
f 177//177 176//176 147//147
f 148//148 177//177 147//147
f 178//178 177//177 148//148
f 149//149 178//178 148//148
f 179//179 178//178 149//149
f 150//150 179//179 149//149
f 180//180 179//179 150//150
f 121//121 180//180 150//150
f 151//151 180//180 121//121
f 152//152 181//181 151//151
f 182//182 181//181 152//152
f 153//153 182//182 152//152
f 183//183 182//182 153//153
f 154//154 183//183 153//153
f 184//184 183//183 154//154
f 155//155 184//184 154//154
f 185//185 184//184 155//155
f 156//156 185//185 155//155
f 186//186 185//185 156//156
f 157//157 186//186 156//156
f 187//187 186//186 157//157
f 158//158 187//187 157//157
f 188//188 187//187 158//158
f 159//159 188//188 158//158
f 189//189 188//188 159//159
f 160//160 189//189 159//159
f 190//190 189//189 160//160
f 161//161 190//190 160//160
f 191//191 190//190 161//161
f 162//162 191//191 161//161
f 192//192 191//191 162//162
f 163//163 192//192 162//162
f 193//193 192//192 163//163
f 164//164 193//193 163//163
f 194//194 193//193 164//164
f 165//165 194//194 164//164
f 195//195 194//194 165//165
f 166//166 195//195 165//165
f 196//196 195//195 166//166
f 167//167 196//196 166//166
f 197//197 196//196 167//167
f 168//168 197//197 167//167
f 198//198 197//197 168//168
f 169//169 198//198 168//168
f 199//199 198//198 169//169
f 170//170 199//199 169//169
f 200//200 199//199 170//170
f 171//171 200//200 170//170
f 201//201 200//200 171//171
f 172//172 201//201 171//171
f 202//202 201//201 172//172
f 173//173 202//202 172//172
f 203//203 202//202 173//173
f 174//174 203//203 173//173
f 204//204 203//203 174//174
f 175//175 204//204 174//174
f 205//205 204//204 175//175
f 176//176 205//205 175//175
f 206//206 205//205 176//176
f 177//177 206//206 176//176
f 207//207 206//206 177//177
f 178//178 207//207 177//177
f 208//208 207//207 178//178
f 179//179 208//208 178//178
f 209//209 208//208 179//179
f 180//180 209//209 179//179
f 210//210 209//209 180//180
f 151//151 210//210 180//180
f 181//181 210//210 151//151
f 182//182 211//211 181//181
f 212//212 211//211 182//182
f 183//183 212//212 182//182
f 213//213 212//212 183//183
f 184//184 213//213 183//183
f 214//214 213//213 184//184
f 185//185 214//214 184//184
f 215//215 214//214 185//185
f 186//186 215//215 185//185
f 216//216 215//215 186//186
f 187//187 216//216 186//186
f 217//217 216//216 187//187
f 188//188 217//217 187//187
f 218//218 217//217 188//188
f 189//189 218//218 188//188
f 219//219 218//218 189//189
f 190//190 219//219 189//189
f 220//220 219//219 190//190
f 191//191 220//220 190//190
f 221//221 220//220 191//191
f 192//192 221//221 191//191
f 222//222 221//221 192//192
f 193//193 222//222 192//192
f 223//223 222//222 193//193
f 194//194 223//223 193//193
f 224//224 223//223 194//194
f 195//195 224//224 194//194
f 225//225 224//224 195//195
f 196//196 225//225 195//195
f 226//226 225//225 196//196
f 197//197 226//226 196//196
f 227//227 226//226 197//197
f 198//198 227//227 197//197
f 228//228 227//227 198//198
f 199//199 228//228 198//198
f 229//229 228//228 199//199
f 200//200 229//229 199//199
f 230//230 229//229 200//200
f 201//201 230//230 200//200
f 231//231 230//230 201//201
f 202//202 231//231 201//201
f 232//232 231//231 202//202
f 203//203 232//232 202//202
f 233//233 232//232 203//203
f 204//204 233//233 203//203
f 234//234 233//233 204//204
f 205//205 234//234 204//204
f 235//235 234//234 205//205
f 206//206 235//235 205//205
f 236//236 235//235 206//206
f 207//207 236//236 206//206
f 237//237 236//236 207//207
f 208//208 237//237 207//207
f 238//238 237//237 208//208
f 209//209 238//238 208//208
f 239//239 238//238 209//209
f 210//210 239//239 209//209
f 240//240 239//239 210//210
f 181//181 240//240 210//210
f 211//211 240//240 181//181
f 212//212 241//241 211//211
f 242//242 241//241 212//212
f 213//213 242//242 212//212
f 243//243 242//242 213//213
f 214//214 243//243 213//213
f 244//244 243//243 214//214
f 215//215 244//244 214//214
f 245//245 244//244 215//215
f 216//216 245//245 215//215
f 246//246 245//245 216//216
f 217//217 246//246 216//216
f 247//247 246//246 217//217
f 218//218 247//247 217//217
f 248//248 247//247 218//218
f 219//219 248//248 218//218
f 249//249 248//248 219//219
f 220//220 249//249 219//219
f 250//250 249//249 220//220
f 221//221 250//250 220//220
f 251//251 250//250 221//221
f 222//222 251//251 221//221
f 252//252 251//251 222//222
f 223//223 252//252 222//222
f 253//253 252//252 223//223
f 224//224 253//253 223//223
f 254//254 253//253 224//224
f 225//225 254//254 224//224
f 255//255 254//254 225//225
f 226//226 255//255 225//225
f 256//256 255//255 226//226
f 227//227 256//256 226//226
f 257//257 256//256 227//227
f 228//228 257//257 227//227
f 258//258 257//257 228//228
f 229//229 258//258 228//228
f 259//259 258//258 229//229
f 230//230 259//259 229//229
f 260//260 259//259 230//230
f 231//231 260//260 230//230
f 261//261 260//260 231//231
f 232//232 261//261 231//231
f 262//262 261//261 232//232
f 233//233 262//262 232//232
f 263//263 262//262 233//233
f 234//234 263//263 233//233
f 264//264 263//263 234//234
f 235//235 264//264 234//234
f 265//265 264//264 235//235
f 236//236 265//265 235//235
f 266//266 265//265 236//236
f 237//237 266//266 236//236
f 267//267 266//266 237//237
f 238//238 267//267 237//237
f 268//268 267//267 238//238
f 239//239 268//268 238//238
f 269//269 268//268 239//239
f 240//240 269//269 239//239
f 270//270 269//269 240//240
f 211//211 270//270 240//240
f 241//241 270//270 211//211
f 242//242 271//271 241//241
f 272//272 271//271 242//242
f 243//243 272//272 242//242
f 273//273 272//272 243//243
f 244//244 273//273 243//243
f 274//274 273//273 244//244
f 245//245 274//274 244//244
f 275//275 274//274 245//245
f 246//246 275//275 245//245
f 276//276 275//275 246//246
f 247//247 276//276 246//246
f 277//277 276//276 247//247
f 248//248 277//277 247//247
f 278//278 277//277 248//248
f 249//249 278//278 248//248
f 279//279 278//278 249//249
f 250//250 279//279 249//249
f 280//280 279//279 250//250
f 251//251 280//280 250//250
f 281//281 280//280 251//251
f 252//252 281//281 251//251
f 282//282 281//281 252//252
f 253//253 282//282 252//252
f 283//283 282//282 253//253
f 254//254 283//283 253//253
f 284//284 283//283 254//254
f 255//255 284//284 254//254
f 285//285 284//284 255//255
f 256//256 285//285 255//255
f 286//286 285//285 256//256
f 257//257 286//286 256//256
f 287//287 286//286 257//257
f 258//258 287//287 257//257
f 288//288 287//287 258//258
f 259//259 288//288 258//258
f 289//289 288//288 259//259
f 260//260 289//289 259//259
f 290//290 289//289 260//260
f 261//261 290//290 260//260
f 291//291 290//290 261//261
f 262//262 291//291 261//261
f 292//292 291//291 262//262
f 263//263 292//292 262//262
f 293//293 292//292 263//263
f 264//264 293//293 263//263
f 294//294 293//293 264//264
f 265//265 294//294 264//264
f 295//295 294//294 265//265
f 266//266 295//295 265//265
f 296//296 295//295 266//266
f 267//267 296//296 266//266
f 297//297 296//296 267//267
f 268//268 297//297 267//267
f 298//298 297//297 268//268
f 269//269 298//298 268//268
f 299//299 298//298 269//269
f 270//270 299//299 269//269
f 300//300 299//299 270//270
f 241//241 300//300 270//270
f 271//271 300//300 241//241
f 272//272 301//301 271//271
f 302//302 301//301 272//272
f 273//273 302//302 272//272
f 303//303 302//302 273//273
f 274//274 303//303 273//273
f 304//304 303//303 274//274
f 275//275 304//304 274//274
f 305//305 304//304 275//275
f 276//276 305//305 275//275
f 306//306 305//305 276//276
f 277//277 306//306 276//276
f 307//307 306//306 277//277
f 278//278 307//307 277//277
f 308//308 307//307 278//278
f 279//279 308//308 278//278
f 309//309 308//308 279//279
f 280//280 309//309 279//279
f 310//310 309//309 280//280
f 281//281 310//310 280//280
f 311//311 310//310 281//281
f 282//282 311//311 281//281
f 312//312 311//311 282//282
f 283//283 312//312 282//282
f 313//313 312//312 283//283
f 284//284 313//313 283//283
f 314//314 313//313 284//284
f 285//285 314//314 284//284
f 315//315 314//314 285//285
f 286//286 315//315 285//285
f 316//316 315//315 286//286
f 287//287 316//316 286//286
f 317//317 316//316 287//287
f 288//288 317//317 287//287
f 318//318 317//317 288//288
f 289//289 318//318 288//288
f 319//319 318//318 289//289
f 290//290 319//319 289//289
f 320//320 319//319 290//290
f 291//291 320//320 290//290
f 321//321 320//320 291//291
f 292//292 321//321 291//291
f 322//322 321//321 292//292
f 293//293 322//322 292//292
f 323//323 322//322 293//293
f 294//294 323//323 293//293
f 324//324 323//323 294//294
f 295//295 324//324 294//294
f 325//325 324//324 295//295
f 296//296 325//325 295//295
f 326//326 325//325 296//296
f 297//297 326//326 296//296
f 327//327 326//326 297//297
f 298//298 327//327 297//297
f 328//328 327//327 298//298
f 299//299 328//328 298//298
f 329//329 328//328 299//299
f 300//300 329//329 299//299
f 330//330 329//329 300//300
f 271//271 330//330 300//300
f 301//301 330//330 271//271
f 302//302 331//331 301//301
f 332//332 331//331 302//302
f 303//303 332//332 302//302
f 333//333 332//332 303//303
f 304//304 333//333 303//303
f 334//334 333//333 304//304
f 305//305 334//334 304//304
f 335//335 334//334 305//305
f 306//306 335//335 305//305
f 336//336 335//335 306//306
f 307//307 336//336 306//306
f 337//337 336//336 307//307
f 308//308 337//337 307//307
f 338//338 337//337 308//308
f 309//309 338//338 308//308
f 339//339 338//338 309//309
f 310//310 339//339 309//309
f 340//340 339//339 310//310
f 311//311 340//340 310//310
f 341//341 340//340 311//311
f 312//312 341//341 311//311
f 342//342 341//341 312//312
f 313//313 342//342 312//312
f 343//343 342//342 313//313
f 314//314 343//343 313//313
f 344//344 343//343 314//314
f 315//315 344//344 314//314
f 345//345 344//344 315//315
f 316//316 345//345 315//315
f 346//346 345//345 316//316
f 317//317 346//346 316//316
f 347//347 346//346 317//317
f 318//318 347//347 317//317
f 348//348 347//347 318//318
f 319//319 348//348 318//318
f 349//349 348//348 319//319
f 320//320 349//349 319//319
f 350//350 349//349 320//320
f 321//321 350//350 320//320
f 351//351 350//350 321//321
f 322//322 351//351 321//321
f 352//352 351//351 322//322
f 323//323 352//352 322//322
f 353//353 352//352 323//323
f 324//324 353//353 323//323
f 354//354 353//353 324//324
f 325//325 354//354 324//324
f 355//355 354//354 325//325
f 326//326 355//355 325//325
f 356//356 355//355 326//326
f 327//327 356//356 326//326
f 357//357 356//356 327//327
f 328//328 357//357 327//327
f 358//358 357//357 328//328
f 329//329 358//358 328//328
f 359//359 358//358 329//329
f 330//330 359//359 329//329
f 360//360 359//359 330//330
f 301//301 360//360 330//330
f 331//331 360//360 301//301
f 332//332 361//361 331//331
f 362//362 361//361 332//332
f 333//333 362//362 332//332
f 363//363 362//362 333//333
f 334//334 363//363 333//333
f 364//364 363//363 334//334
f 335//335 364//364 334//334
f 365//365 364//364 335//335
f 336//336 365//365 335//335
f 366//366 365//365 336//336
f 337//337 366//366 336//336
f 367//367 366//366 337//337
f 338//338 367//367 337//337
f 368//368 367//367 338//338
f 339//339 368//368 338//338
f 369//369 368//368 339//339
f 340//340 369//369 339//339
f 370//370 369//369 340//340
f 341//341 370//370 340//340
f 371//371 370//370 341//341
f 342//342 371//371 341//341
f 372//372 371//371 342//342
f 343//343 372//372 342//342
f 373//373 372//372 343//343
f 344//344 373//373 343//343
f 374//374 373//373 344//344
f 345//345 374//374 344//344
f 375//375 374//374 345//345
f 346//346 375//375 345//345
f 376//376 375//375 346//346
f 347//347 376//376 346//346
f 377//377 376//376 347//347
f 348//348 377//377 347//347
f 378//378 377//377 348//348
f 349//349 378//378 348//348
f 379//379 378//378 349//349
f 350//350 379//379 349//349
f 380//380 379//379 350//350
f 351//351 380//380 350//350
f 381//381 380//380 351//351
f 352//352 381//381 351//351
f 382//382 381//381 352//352
f 353//353 382//382 352//352
f 383//383 382//382 353//353
f 354//354 383//383 353//353
f 384//384 383//383 354//354
f 355//355 384//384 354//354
f 385//385 384//384 355//355
f 356//356 385//385 355//355
f 386//386 385//385 356//356
f 357//357 386//386 356//356
f 387//387 386//386 357//357
f 358//358 387//387 357//357
f 388//388 387//387 358//358
f 359//359 388//388 358//358
f 389//389 388//388 359//359
f 360//360 389//389 359//359
f 390//390 389//389 360//360
f 331//331 390//390 360//360
f 361//361 390//390 331//331
f 362//362 391//391 361//361
f 392//392 391//391 362//362
f 363//363 392//392 362//362
f 393//393 392//392 363//363
f 364//364 393//393 363//363
f 394//394 393//393 364//364
f 365//365 394//394 364//364
f 395//395 394//394 365//365
f 366//366 395//395 365//365
f 396//396 395//395 366//366
f 367//367 396//396 366//366
f 397//397 396//396 367//367
f 368//368 397//397 367//367
f 398//398 397//397 368//368
f 369//369 398//398 368//368
f 399//399 398//398 369//369
f 370//370 399//399 369//369
f 400//400 399//399 370//370
f 371//371 400//400 370//370
f 401//401 400//400 371//371
f 372//372 401//401 371//371
f 402//402 401//401 372//372
f 373//373 402//402 372//372
f 403//403 402//402 373//373
f 374//374 403//403 373//373
f 404//404 403//403 374//374
f 375//375 404//404 374//374
f 405//405 404//404 375//375
f 376//376 405//405 375//375
f 406//406 405//405 376//376
f 377//377 406//406 376//376
f 407//407 406//406 377//377
f 378//378 407//407 377//377
f 408//408 407//407 378//378
f 379//379 408//408 378//378
f 409//409 408//408 379//379
f 380//380 409//409 379//379
f 410//410 409//409 380//380
f 381//381 410//410 380//380
f 411//411 410//410 381//381
f 382//382 411//411 381//381
f 412//412 411//411 382//382
f 383//383 412//412 382//382
f 413//413 412//412 383//383
f 384//384 413//413 383//383
f 414//414 413//413 384//384
f 385//385 414//414 384//384
f 415//415 414//414 385//385
f 386//386 415//415 385//385
f 416//416 415//415 386//386
f 387//387 416//416 386//386
f 417//417 416//416 387//387
f 388//388 417//417 387//387
f 418//418 417//417 388//388
f 389//389 418//418 388//388
f 419//419 418//418 389//389
f 390//390 419//419 389//389
f 420//420 419//419 390//390
f 361//361 420//420 390//390
f 391//391 420//420 361//361
f 392//392 421//421 391//391
f 422//422 421//421 392//392
f 393//393 422//422 392//392
f 423//423 422//422 393//393
f 394//394 423//423 393//393
f 424//424 423//423 394//394
f 395//395 424//424 394//394
f 425//425 424//424 395//395
f 396//396 425//425 395//395
f 426//426 425//425 396//396
f 397//397 426//426 396//396
f 427//427 426//426 397//397
f 398//398 427//427 397//397
f 428//428 427//427 398//398
f 399//399 428//428 398//398
f 429//429 428//428 399//399
f 400//400 429//429 399//399
f 430//430 429//429 400//400
f 401//401 430//430 400//400
f 431//431 430//430 401//401
f 402//402 431//431 401//401
f 432//432 431//431 402//402
f 403//403 432//432 402//402
f 433//433 432//432 403//403
f 404//404 433//433 403//403
f 434//434 433//433 404//404
f 405//405 434//434 404//404
f 435//435 434//434 405//405
f 406//406 435//435 405//405
f 436//436 435//435 406//406
f 407//407 436//436 406//406
f 437//437 436//436 407//407
f 408//408 437//437 407//407
f 438//438 437//437 408//408
f 409//409 438//438 408//408
f 439//439 438//438 409//409
f 410//410 439//439 409//409
f 440//440 439//439 410//410
f 411//411 440//440 410//410
f 441//441 440//440 411//411
f 412//412 441//441 411//411
f 442//442 441//441 412//412
f 413//413 442//442 412//412
f 443//443 442//442 413//413
f 414//414 443//443 413//413
f 444//444 443//443 414//414
f 415//415 444//444 414//414
f 445//445 444//444 415//415
f 416//416 445//445 415//415
f 446//446 445//445 416//416
f 417//417 446//446 416//416
f 447//447 446//446 417//417
f 418//418 447//447 417//417
f 448//448 447//447 418//418
f 419//419 448//448 418//418
f 449//449 448//448 419//419
f 420//420 449//449 419//419
f 450//450 449//449 420//420
f 391//391 450//450 420//420
f 421//421 450//450 391//391
f 422//422 451//451 421//421
f 452//452 451//451 422//422
f 423//423 452//452 422//422
f 453//453 452//452 423//423
f 424//424 453//453 423//423
f 454//454 453//453 424//424
f 425//425 454//454 424//424
f 455//455 454//454 425//425
f 426//426 455//455 425//425
f 456//456 455//455 426//426
f 427//427 456//456 426//426
f 457//457 456//456 427//427
f 428//428 457//457 427//427
f 458//458 457//457 428//428
f 429//429 458//458 428//428
f 459//459 458//458 429//429
f 430//430 459//459 429//429
f 460//460 459//459 430//430
f 431//431 460//460 430//430
f 461//461 460//460 431//431
f 432//432 461//461 431//431
f 462//462 461//461 432//432
f 433//433 462//462 432//432
f 463//463 462//462 433//433
f 434//434 463//463 433//433
f 464//464 463//463 434//434
f 435//435 464//464 434//434
f 465//465 464//464 435//435
f 436//436 465//465 435//435
f 466//466 465//465 436//436
f 437//437 466//466 436//436
f 467//467 466//466 437//437
f 438//438 467//467 437//437
f 468//468 467//467 438//438
f 439//439 468//468 438//438
f 469//469 468//468 439//439
f 440//440 469//469 439//439
f 470//470 469//469 440//440
f 441//441 470//470 440//440
f 471//471 470//470 441//441
f 442//442 471//471 441//441
f 472//472 471//471 442//442
f 443//443 472//472 442//442
f 473//473 472//472 443//443
f 444//444 473//473 443//443
f 474//474 473//473 444//444
f 445//445 474//474 444//444
f 475//475 474//474 445//445
f 446//446 475//475 445//445
f 476//476 475//475 446//446
f 447//447 476//476 446//446
f 477//477 476//476 447//447
f 448//448 477//477 447//447
f 478//478 477//477 448//448
f 449//449 478//478 448//448
f 479//479 478//478 449//449
f 450//450 479//479 449//449
f 480//480 479//479 450//450
f 421//421 480//480 450//450
f 451//451 480//480 421//421
f 452//452 481//481 451//451
f 482//482 481//481 452//452
f 453//453 482//482 452//452
f 483//483 482//482 453//453
f 454//454 483//483 453//453
f 484//484 483//483 454//454
f 455//455 484//484 454//454
f 485//485 484//484 455//455
f 456//456 485//485 455//455
f 486//486 485//485 456//456
f 457//457 486//486 456//456
f 487//487 486//486 457//457
f 458//458 487//487 457//457
f 488//488 487//487 458//458
f 459//459 488//488 458//458
f 489//489 488//488 459//459
f 460//460 489//489 459//459
f 490//490 489//489 460//460
f 461//461 490//490 460//460
f 491//491 490//490 461//461
f 462//462 491//491 461//461
f 492//492 491//491 462//462
f 463//463 492//492 462//462
f 493//493 492//492 463//463
f 464//464 493//493 463//463
f 494//494 493//493 464//464
f 465//465 494//494 464//464
f 495//495 494//494 465//465
f 466//466 495//495 465//465
f 496//496 495//495 466//466
f 467//467 496//496 466//466
f 497//497 496//496 467//467
f 468//468 497//497 467//467
f 498//498 497//497 468//468
f 469//469 498//498 468//468
f 499//499 498//498 469//469
f 470//470 499//499 469//469
f 500//500 499//499 470//470
f 471//471 500//500 470//470
f 501//501 500//500 471//471
f 472//472 501//501 471//471
f 502//502 501//501 472//472
f 473//473 502//502 472//472
f 503//503 502//502 473//473
f 474//474 503//503 473//473
f 504//504 503//503 474//474
f 475//475 504//504 474//474
f 505//505 504//504 475//475
f 476//476 505//505 475//475
f 506//506 505//505 476//476
f 477//477 506//506 476//476
f 507//507 506//506 477//477
f 478//478 507//507 477//477
f 508//508 507//507 478//478
f 479//479 508//508 478//478
f 509//509 508//508 479//479
f 480//480 509//509 479//479
f 510//510 509//509 480//480
f 451//451 510//510 480//480
f 481//481 510//510 451//451
f 482//482 511//511 481//481
f 512//512 511//511 482//482
f 483//483 512//512 482//482
f 513//513 512//512 483//483
f 484//484 513//513 483//483
f 514//514 513//513 484//484
f 485//485 514//514 484//484
f 515//515 514//514 485//485
f 486//486 515//515 485//485
f 516//516 515//515 486//486
f 487//487 516//516 486//486
f 517//517 516//516 487//487
f 488//488 517//517 487//487
f 518//518 517//517 488//488
f 489//489 518//518 488//488
f 519//519 518//518 489//489
f 490//490 519//519 489//489
f 520//520 519//519 490//490
f 491//491 520//520 490//490
f 521//521 520//520 491//491
f 492//492 521//521 491//491
f 522//522 521//521 492//492
f 493//493 522//522 492//492
f 523//523 522//522 493//493
f 494//494 523//523 493//493
f 524//524 523//523 494//494
f 495//495 524//524 494//494
f 525//525 524//524 495//495
f 496//496 525//525 495//495
f 526//526 525//525 496//496
f 497//497 526//526 496//496
f 527//527 526//526 497//497
f 498//498 527//527 497//497
f 528//528 527//527 498//498
f 499//499 528//528 498//498
f 529//529 528//528 499//499
f 500//500 529//529 499//499
f 530//530 529//529 500//500
f 501//501 530//530 500//500
f 531//531 530//530 501//501
f 502//502 531//531 501//501
f 532//532 531//531 502//502
f 503//503 532//532 502//502
f 533//533 532//532 503//503
f 504//504 533//533 503//503
f 534//534 533//533 504//504
f 505//505 534//534 504//504
f 535//535 534//534 505//505
f 506//506 535//535 505//505
f 536//536 535//535 506//506
f 507//507 536//536 506//506
f 537//537 536//536 507//507
f 508//508 537//537 507//507
f 538//538 537//537 508//508
f 509//509 538//538 508//508
f 539//539 538//538 509//509
f 510//510 539//539 509//509
f 540//540 539//539 510//510
f 481//481 540//540 510//510
f 511//511 540//540 481//481
f 512//512 541//541 511//511
f 542//542 541//541 512//512
f 513//513 542//542 512//512
f 543//543 542//542 513//513
f 514//514 543//543 513//513
f 544//544 543//543 514//514
f 515//515 544//544 514//514
f 545//545 544//544 515//515
f 516//516 545//545 515//515
f 546//546 545//545 516//516
f 517//517 546//546 516//516
f 547//547 546//546 517//517
f 518//518 547//547 517//517
f 548//548 547//547 518//518
f 519//519 548//548 518//518
f 549//549 548//548 519//519
f 520//520 549//549 519//519
f 550//550 549//549 520//520
f 521//521 550//550 520//520
f 551//551 550//550 521//521
f 522//522 551//551 521//521
f 552//552 551//551 522//522
f 523//523 552//552 522//522
f 553//553 552//552 523//523
f 524//524 553//553 523//523
f 554//554 553//553 524//524
f 525//525 554//554 524//524
f 555//555 554//554 525//525
f 526//526 555//555 525//525
f 556//556 555//555 526//526
f 527//527 556//556 526//526
f 557//557 556//556 527//527
f 528//528 557//557 527//527
f 558//558 557//557 528//528
f 529//529 558//558 528//528
f 559//559 558//558 529//529
f 530//530 559//559 529//529
f 560//560 559//559 530//530
f 531//531 560//560 530//530
f 561//561 560//560 531//531
f 532//532 561//561 531//531
f 562//562 561//561 532//532
f 533//533 562//562 532//532
f 563//563 562//562 533//533
f 534//534 563//563 533//533
f 564//564 563//563 534//534
f 535//535 564//564 534//534
f 565//565 564//564 535//535
f 536//536 565//565 535//535
f 566//566 565//565 536//536
f 537//537 566//566 536//536
f 567//567 566//566 537//537
f 538//538 567//567 537//537
f 568//568 567//567 538//538
f 539//539 568//568 538//538
f 569//569 568//568 539//539
f 540//540 569//569 539//539
f 570//570 569//569 540//540
f 511//511 570//570 540//540
f 541//541 570//570 511//511
f 542//542 571//571 541//541
f 572//572 571//571 542//542
f 543//543 572//572 542//542
f 573//573 572//572 543//543
f 544//544 573//573 543//543
f 574//574 573//573 544//544
f 545//545 574//574 544//544
f 575//575 574//574 545//545
f 546//546 575//575 545//545
f 576//576 575//575 546//546
f 547//547 576//576 546//546
f 577//577 576//576 547//547
f 548//548 577//577 547//547
f 578//578 577//577 548//548
f 549//549 578//578 548//548
f 579//579 578//578 549//549
f 550//550 579//579 549//549
f 580//580 579//579 550//550
f 551//551 580//580 550//550
f 581//581 580//580 551//551
f 552//552 581//581 551//551
f 582//582 581//581 552//552
f 553//553 582//582 552//552
f 583//583 582//582 553//553
f 554//554 583//583 553//553
f 584//584 583//583 554//554
f 555//555 584//584 554//554
f 585//585 584//584 555//555
f 556//556 585//585 555//555
f 586//586 585//585 556//556
f 557//557 586//586 556//556
f 587//587 586//586 557//557
f 558//558 587//587 557//557
f 588//588 587//587 558//558
f 559//559 588//588 558//558
f 589//589 588//588 559//559
f 560//560 589//589 559//559
f 590//590 589//589 560//560
f 561//561 590//590 560//560
f 591//591 590//590 561//561
f 562//562 591//591 561//561
f 592//592 591//591 562//562
f 563//563 592//592 562//562
f 593//593 592//592 563//563
f 564//564 593//593 563//563
f 594//594 593//593 564//564
f 565//565 594//594 564//564
f 595//595 594//594 565//565
f 566//566 595//595 565//565
f 596//596 595//595 566//566
f 567//567 596//596 566//566
f 597//597 596//596 567//567
f 568//568 597//597 567//567
f 598//598 597//597 568//568
f 569//569 598//598 568//568
f 599//599 598//598 569//569
f 570//570 599//599 569//569
f 600//600 599//599 570//570
f 541//541 600//600 570//570
f 571//571 600//600 541//541
f 572//572 601//601 571//571
f 602//602 601//601 572//572
f 573//573 602//602 572//572
f 603//603 602//602 573//573
f 574//574 603//603 573//573
f 604//604 603//603 574//574
f 575//575 604//604 574//574
f 605//605 604//604 575//575
f 576//576 605//605 575//575
f 606//606 605//605 576//576
f 577//577 606//606 576//576
f 607//607 606//606 577//577
f 578//578 607//607 577//577
f 608//608 607//607 578//578
f 579//579 608//608 578//578
f 609//609 608//608 579//579
f 580//580 609//609 579//579
f 610//610 609//609 580//580
f 581//581 610//610 580//580
f 611//611 610//610 581//581
f 582//582 611//611 581//581
f 612//612 611//611 582//582
f 583//583 612//612 582//582
f 613//613 612//612 583//583
f 584//584 613//613 583//583
f 614//614 613//613 584//584
f 585//585 614//614 584//584
f 615//615 614//614 585//585
f 586//586 615//615 585//585
f 616//616 615//615 586//586
f 587//587 616//616 586//586
f 617//617 616//616 587//587
f 588//588 617//617 587//587
f 618//618 617//617 588//588
f 589//589 618//618 588//588
f 619//619 618//618 589//589
f 590//590 619//619 589//589
f 620//620 619//619 590//590
f 591//591 620//620 590//590
f 621//621 620//620 591//591
f 592//592 621//621 591//591
f 622//622 621//621 592//592
f 593//593 622//622 592//592
f 623//623 622//622 593//593
f 594//594 623//623 593//593
f 624//624 623//623 594//594
f 595//595 624//624 594//594
f 625//625 624//624 595//595
f 596//596 625//625 595//595
f 626//626 625//625 596//596
f 597//597 626//626 596//596
f 627//627 626//626 597//597
f 598//598 627//627 597//597
f 628//628 627//627 598//598
f 599//599 628//628 598//598
f 629//629 628//628 599//599
f 600//600 629//629 599//599
f 630//630 629//629 600//600
f 571//571 630//630 600//600
f 601//601 630//630 571//571
f 661//661 632//632 631//631
f 661//661 662//662 632//632
f 662//662 633//633 632//632
f 662//662 663//663 633//633
f 663//663 634//634 633//633
f 663//663 664//664 634//634
f 664//664 635//635 634//634
f 664//664 665//665 635//635
f 665//665 636//636 635//635
f 665//665 666//666 636//636
f 666//666 637//637 636//636
f 666//666 667//667 637//637
f 667//667 638//638 637//637
f 667//667 668//668 638//638
f 668//668 639//639 638//638
f 668//668 669//669 639//639
f 669//669 640//640 639//639
f 669//669 670//670 640//640
f 670//670 641//641 640//640
f 670//670 671//671 641//641
f 671//671 642//642 641//641
f 671//671 672//672 642//642
f 672//672 643//643 642//642
f 672//672 673//673 643//643
f 673//673 644//644 643//643
f 673//673 674//674 644//644
f 674//674 645//645 644//644
f 674//674 675//675 645//645
f 675//675 646//646 645//645
f 675//675 676//676 646//646
f 676//676 647//647 646//646
f 676//676 677//677 647//647
f 677//677 648//648 647//647
f 677//677 678//678 648//648
f 678//678 649//649 648//648
f 678//678 679//679 649//649
f 679//679 650//650 649//649
f 679//679 680//680 650//650
f 680//680 651//651 650//650
f 680//680 681//681 651//651
f 681//681 652//652 651//651
f 681//681 682//682 652//652
f 682//682 653//653 652//652
f 682//682 683//683 653//653
f 683//683 654//654 653//653
f 683//683 684//684 654//654
f 684//684 655//655 654//654
f 684//684 685//685 655//655
f 685//685 656//656 655//655
f 685//685 686//686 656//656
f 686//686 657//657 656//656
f 686//686 687//687 657//657
f 687//687 658//658 657//657
f 687//687 688//688 658//658
f 688//688 659//659 658//658
f 688//688 689//689 659//659
f 689//689 660//660 659//659
f 689//689 690//690 660//660
f 690//690 631//631 660//660
f 690//690 661//661 631//631
f 691//691 662//662 661//661
f 691//691 692//692 662//662
f 692//692 663//663 662//662
f 692//692 693//693 663//663
f 693//693 664//664 663//663
f 693//693 694//694 664//664
f 694//694 665//665 664//664
f 694//694 695//695 665//665
f 695//695 666//666 665//665
f 695//695 696//696 666//666
f 696//696 667//667 666//666
f 696//696 697//697 667//667
f 697//697 668//668 667//667
f 697//697 698//698 668//668
f 698//698 669//669 668//668
f 698//698 699//699 669//669
f 699//699 670//670 669//669
f 699//699 700//700 670//670
f 700//700 671//671 670//670
f 700//700 701//701 671//671
f 701//701 672//672 671//671
f 701//701 702//702 672//672
f 702//702 673//673 672//672
f 702//702 703//703 673//673
f 703//703 674//674 673//673
f 703//703 704//704 674//674
f 704//704 675//675 674//674
f 704//704 705//705 675//675
f 705//705 676//676 675//675
f 705//705 706//706 676//676
f 706//706 677//677 676//676
f 706//706 707//707 677//677
f 707//707 678//678 677//677
f 707//707 708//708 678//678
f 708//708 679//679 678//678
f 708//708 709//709 679//679
f 709//709 680//680 679//679
f 709//709 710//710 680//680
f 710//710 681//681 680//680
f 710//710 711//711 681//681
f 711//711 682//682 681//681
f 711//711 712//712 682//682
f 712//712 683//683 682//682
f 712//712 713//713 683//683
f 713//713 684//684 683//683
f 713//713 714//714 684//684
f 714//714 685//685 684//684
f 714//714 715//715 685//685
f 715//715 686//686 685//685
f 715//715 716//716 686//686
f 716//716 687//687 686//686
f 716//716 717//717 687//687
f 717//717 688//688 687//687
f 717//717 718//718 688//688
f 718//718 689//689 688//688
f 718//718 719//719 689//689
f 719//719 690//690 689//689
f 719//719 720//720 690//690
f 720//720 661//661 690//690
f 720//720 691//691 661//661
f 721//721 692//692 691//691
f 721//721 722//722 692//692
f 722//722 693//693 692//692
f 722//722 723//723 693//693
f 723//723 694//694 693//693
f 723//723 724//724 694//694
f 724//724 695//695 694//694
f 724//724 725//725 695//695
f 725//725 696//696 695//695
f 725//725 726//726 696//696
f 726//726 697//697 696//696
f 726//726 727//727 697//697
f 727//727 698//698 697//697
f 727//727 728//728 698//698
f 728//728 699//699 698//698
f 728//728 729//729 699//699
f 729//729 700//700 699//699
f 729//729 730//730 700//700
f 730//730 701//701 700//700
f 730//730 731//731 701//701
f 731//731 702//702 701//701
f 731//731 732//732 702//702
f 732//732 703//703 702//702
f 732//732 733//733 703//703
f 733//733 704//704 703//703
f 733//733 734//734 704//704
f 734//734 705//705 704//704
f 734//734 735//735 705//705
f 735//735 706//706 705//705
f 735//735 736//736 706//706
f 736//736 707//707 706//706
f 736//736 737//737 707//707
f 737//737 708//708 707//707
f 737//737 738//738 708//708
f 738//738 709//709 708//708
f 738//738 739//739 709//709
f 739//739 710//710 709//709
f 739//739 740//740 710//710
f 740//740 711//711 710//710
f 740//740 741//741 711//711
f 741//741 712//712 711//711
f 741//741 742//742 712//712
f 742//742 713//713 712//712
f 742//742 743//743 713//713
f 743//743 714//714 713//713
f 743//743 744//744 714//714
f 744//744 715//715 714//714
f 744//744 745//745 715//715
f 745//745 716//716 715//715
f 745//745 746//746 716//716
f 746//746 717//717 716//716
f 746//746 747//747 717//717
f 747//747 718//718 717//717
f 747//747 748//748 718//718
f 748//748 719//719 718//718
f 748//748 749//749 719//719
f 749//749 720//720 719//719
f 749//749 750//750 720//720
f 750//750 691//691 720//720
f 750//750 721//721 691//691
f 751//751 722//722 721//721
f 751//751 752//752 722//722
f 752//752 723//723 722//722
f 752//752 753//753 723//723
f 753//753 724//724 723//723
f 753//753 754//754 724//724
f 754//754 725//725 724//724
f 754//754 755//755 725//725
f 755//755 726//726 725//725
f 755//755 756//756 726//726
f 756//756 727//727 726//726
f 756//756 757//757 727//727
f 757//757 728//728 727//727
f 757//757 758//758 728//728
f 758//758 729//729 728//728
f 758//758 759//759 729//729
f 759//759 730//730 729//729
f 759//759 760//760 730//730
f 760//760 731//731 730//730
f 760//760 761//761 731//731
f 761//761 732//732 731//731
f 761//761 762//762 732//732
f 762//762 733//733 732//732
f 762//762 763//763 733//733
f 763//763 734//734 733//733
f 763//763 764//764 734//734
f 764//764 735//735 734//734
f 764//764 765//765 735//735
f 765//765 736//736 735//735
f 765//765 766//766 736//736
f 766//766 737//737 736//736
f 766//766 767//767 737//737
f 767//767 738//738 737//737
f 767//767 768//768 738//738
f 768//768 739//739 738//738
f 768//768 769//769 739//739
f 769//769 740//740 739//739
f 769//769 770//770 740//740
f 770//770 741//741 740//740
f 770//770 771//771 741//741
f 771//771 742//742 741//741
f 771//771 772//772 742//742
f 772//772 743//743 742//742
f 772//772 773//773 743//743
f 773//773 744//744 743//743
f 773//773 774//774 744//744
f 774//774 745//745 744//744
f 774//774 775//775 745//745
f 775//775 746//746 745//745
f 775//775 776//776 746//746
f 776//776 747//747 746//746
f 776//776 777//777 747//747
f 777//777 748//748 747//747
f 777//777 778//778 748//748
f 778//778 749//749 748//748
f 778//778 779//779 749//749
f 779//779 750//750 749//749
f 779//779 780//780 750//750
f 780//780 721//721 750//750
f 780//780 751//751 721//721
f 781//781 752//752 751//751
f 781//781 782//782 752//752
f 782//782 753//753 752//752
f 782//782 783//783 753//753
f 783//783 754//754 753//753
f 783//783 784//784 754//754
f 784//784 755//755 754//754
f 784//784 785//785 755//755
f 785//785 756//756 755//755
f 785//785 786//786 756//756
f 786//786 757//757 756//756
f 786//786 787//787 757//757
f 787//787 758//758 757//757
f 787//787 788//788 758//758
f 788//788 759//759 758//758
f 788//788 789//789 759//759
f 789//789 760//760 759//759
f 789//789 790//790 760//760
f 790//790 761//761 760//760
f 790//790 791//791 761//761
f 791//791 762//762 761//761
f 791//791 792//792 762//762
f 792//792 763//763 762//762
f 792//792 793//793 763//763
f 793//793 764//764 763//763
f 793//793 794//794 764//764
f 794//794 765//765 764//764
f 794//794 795//795 765//765
f 795//795 766//766 765//765
f 795//795 796//796 766//766
f 796//796 767//767 766//766
f 796//796 797//797 767//767
f 797//797 768//768 767//767
f 797//797 798//798 768//768
f 798//798 769//769 768//768
f 798//798 799//799 769//769
f 799//799 770//770 769//769
f 799//799 800//800 770//770
f 800//800 771//771 770//770
f 800//800 801//801 771//771
f 801//801 772//772 771//771
f 801//801 802//802 772//772
f 802//802 773//773 772//772
f 802//802 803//803 773//773
f 803//803 774//774 773//773
f 803//803 804//804 774//774
f 804//804 775//775 774//774
f 804//804 805//805 775//775
f 805//805 776//776 775//775
f 805//805 806//806 776//776
f 806//806 777//777 776//776
f 806//806 807//807 777//777
f 807//807 778//778 777//777
f 807//807 808//808 778//778
f 808//808 779//779 778//778
f 808//808 809//809 779//779
f 809//809 780//780 779//779
f 809//809 810//810 780//780
f 810//810 751//751 780//780
f 810//810 781//781 751//751
f 811//811 782//782 781//781
f 811//811 812//812 782//782
f 812//812 783//783 782//782
f 812//812 813//813 783//783
f 813//813 784//784 783//783
f 813//813 814//814 784//784
f 814//814 785//785 784//784
f 814//814 815//815 785//785
f 815//815 786//786 785//785
f 815//815 816//816 786//786
f 816//816 787//787 786//786
f 816//816 817//817 787//787
f 817//817 788//788 787//787
f 817//817 818//818 788//788
f 818//818 789//789 788//788
f 818//818 819//819 789//789
f 819//819 790//790 789//789
f 819//819 820//820 790//790
f 820//820 791//791 790//790
f 820//820 821//821 791//791
f 821//821 792//792 791//791
f 821//821 822//822 792//792
f 822//822 793//793 792//792
f 822//822 823//823 793//793
f 823//823 794//794 793//793
f 823//823 824//824 794//794
f 824//824 795//795 794//794
f 824//824 825//825 795//795
f 825//825 796//796 795//795
f 825//825 826//826 796//796
f 826//826 797//797 796//796
f 826//826 827//827 797//797
f 827//827 798//798 797//797
f 827//827 828//828 798//798
f 828//828 799//799 798//798
f 828//828 829//829 799//799
f 829//829 800//800 799//799
f 829//829 830//830 800//800
f 830//830 801//801 800//800
f 830//830 831//831 801//801
f 831//831 802//802 801//801
f 831//831 832//832 802//802
f 832//832 803//803 802//802
f 832//832 833//833 803//803
f 833//833 804//804 803//803
f 833//833 834//834 804//804
f 834//834 805//805 804//804
f 834//834 835//835 805//805
f 835//835 806//806 805//805
f 835//835 836//836 806//806
f 836//836 807//807 806//806
f 836//836 837//837 807//807
f 837//837 808//808 807//807
f 837//837 838//838 808//808
f 838//838 809//809 808//808
f 838//838 839//839 809//809
f 839//839 810//810 809//809
f 839//839 840//840 810//810
f 840//840 781//781 810//810
f 840//840 811//811 781//781
f 841//841 812//812 811//811
f 841//841 842//842 812//812
f 842//842 813//813 812//812
f 842//842 843//843 813//813
f 843//843 814//814 813//813
f 843//843 844//844 814//814
f 844//844 815//815 814//814
f 844//844 845//845 815//815
f 845//845 816//816 815//815
f 845//845 846//846 816//816
f 846//846 817//817 816//816
f 846//846 847//847 817//817
f 847//847 818//818 817//817
f 847//847 848//848 818//818
f 848//848 819//819 818//818
f 848//848 849//849 819//819
f 849//849 820//820 819//819
f 849//849 850//850 820//820
f 850//850 821//821 820//820
f 850//850 851//851 821//821
f 851//851 822//822 821//821
f 851//851 852//852 822//822
f 852//852 823//823 822//822
f 852//852 853//853 823//823
f 853//853 824//824 823//823
f 853//853 854//854 824//824
f 854//854 825//825 824//824
f 854//854 855//855 825//825
f 855//855 826//826 825//825
f 855//855 856//856 826//826
f 856//856 827//827 826//826
f 856//856 857//857 827//827
f 857//857 828//828 827//827
f 857//857 858//858 828//828
f 858//858 829//829 828//828
f 858//858 859//859 829//829
f 859//859 830//830 829//829
f 859//859 860//860 830//830
f 860//860 831//831 830//830
f 860//860 861//861 831//831
f 861//861 832//832 831//831
f 861//861 862//862 832//832
f 862//862 833//833 832//832
f 862//862 863//863 833//833
f 863//863 834//834 833//833
f 863//863 864//864 834//834
f 864//864 835//835 834//834
f 864//864 865//865 835//835
f 865//865 836//836 835//835
f 865//865 866//866 836//836
f 866//866 837//837 836//836
f 866//866 867//867 837//837
f 867//867 838//838 837//837
f 867//867 868//868 838//838
f 868//868 839//839 838//838
f 868//868 869//869 839//839
f 869//869 840//840 839//839
f 869//869 870//870 840//840
f 870//870 811//811 840//840
f 870//870 841//841 811//811
f 871//871 842//842 841//841
f 871//871 872//872 842//842
f 872//872 843//843 842//842
f 872//872 873//873 843//843
f 873//873 844//844 843//843
f 873//873 874//874 844//844
f 874//874 845//845 844//844
f 874//874 875//875 845//845
f 875//875 846//846 845//845
f 875//875 876//876 846//846
f 876//876 847//847 846//846
f 876//876 877//877 847//847
f 877//877 848//848 847//847
f 877//877 878//878 848//848
f 878//878 849//849 848//848
f 878//878 879//879 849//849
f 879//879 850//850 849//849
f 879//879 880//880 850//850
f 880//880 851//851 850//850
f 880//880 881//881 851//851
f 881//881 852//852 851//851
f 881//881 882//882 852//852
f 882//882 853//853 852//852
f 882//882 883//883 853//853
f 883//883 854//854 853//853
f 883//883 884//884 854//854
f 884//884 855//855 854//854
f 884//884 885//885 855//855
f 885//885 856//856 855//855
f 885//885 886//886 856//856
f 886//886 857//857 856//856
f 886//886 887//887 857//857
f 887//887 858//858 857//857
f 887//887 888//888 858//858
f 888//888 859//859 858//858
f 888//888 889//889 859//859
f 889//889 860//860 859//859
f 889//889 890//890 860//860
f 890//890 861//861 860//860
f 890//890 891//891 861//861
f 891//891 862//862 861//861
f 891//891 892//892 862//862
f 892//892 863//863 862//862
f 892//892 893//893 863//863
f 893//893 864//864 863//863
f 893//893 894//894 864//864
f 894//894 865//865 864//864
f 894//894 895//895 865//865
f 895//895 866//866 865//865
f 895//895 896//896 866//866
f 896//896 867//867 866//866
f 896//896 897//897 867//867
f 897//897 868//868 867//867
f 897//897 898//898 868//868
f 898//898 869//869 868//868
f 898//898 899//899 869//869
f 899//899 870//870 869//869
f 899//899 900//900 870//870
f 900//900 841//841 870//870
f 900//900 871//871 841//841
f 901//901 872//872 871//871
f 901//901 902//902 872//872
f 902//902 873//873 872//872
f 902//902 903//903 873//873
f 903//903 874//874 873//873
f 903//903 904//904 874//874
f 904//904 875//875 874//874
f 904//904 905//905 875//875
f 905//905 876//876 875//875
f 905//905 906//906 876//876
f 906//906 877//877 876//876
f 906//906 907//907 877//877
f 907//907 878//878 877//877
f 907//907 908//908 878//878
f 908//908 879//879 878//878
f 908//908 909//909 879//879
f 909//909 880//880 879//879
f 909//909 910//910 880//880
f 910//910 881//881 880//880
f 910//910 911//911 881//881
f 911//911 882//882 881//881
f 911//911 912//912 882//882
f 912//912 883//883 882//882
f 912//912 913//913 883//883
f 913//913 884//884 883//883
f 913//913 914//914 884//884
f 914//914 885//885 884//884
f 914//914 915//915 885//885
f 915//915 886//886 885//885
f 915//915 916//916 886//886
f 916//916 887//887 886//886
f 916//916 917//917 887//887
f 917//917 888//888 887//887
f 917//917 918//918 888//888
f 918//918 889//889 888//888
f 918//918 919//919 889//889
f 919//919 890//890 889//889
f 919//919 920//920 890//890
f 920//920 891//891 890//890
f 920//920 921//921 891//891
f 921//921 892//892 891//891
f 921//921 922//922 892//892
f 922//922 893//893 892//892
f 922//922 923//923 893//893
f 923//923 894//894 893//893
f 923//923 924//924 894//894
f 924//924 895//895 894//894
f 924//924 925//925 895//895
f 925//925 896//896 895//895
f 925//925 926//926 896//896
f 926//926 897//897 896//896
f 926//926 927//927 897//897
f 927//927 898//898 897//897
f 927//927 928//928 898//898
f 928//928 899//899 898//898
f 928//928 929//929 899//899
f 929//929 900//900 899//899
f 929//929 930//930 900//900
f 930//930 871//871 900//900
f 930//930 901//901 871//871
f 931//931 902//902 901//901
f 931//931 932//932 902//902
f 932//932 903//903 902//902
f 932//932 933//933 903//903
f 933//933 904//904 903//903
f 933//933 934//934 904//904
f 934//934 905//905 904//904
f 934//934 935//935 905//905
f 935//935 906//906 905//905
f 935//935 936//936 906//906
f 936//936 907//907 906//906
f 936//936 937//937 907//907
f 937//937 908//908 907//907
f 937//937 938//938 908//908
f 938//938 909//909 908//908
f 938//938 939//939 909//909
f 939//939 910//910 909//909
f 939//939 940//940 910//910
f 940//940 911//911 910//910
f 940//940 941//941 911//911
f 941//941 912//912 911//911
f 941//941 942//942 912//912
f 942//942 913//913 912//912
f 942//942 943//943 913//913
f 943//943 914//914 913//913
f 943//943 944//944 914//914
f 944//944 915//915 914//914
f 944//944 945//945 915//915
f 945//945 916//916 915//915
f 945//945 946//946 916//916
f 946//946 917//917 916//916
f 946//946 947//947 917//917
f 947//947 918//918 917//917
f 947//947 948//948 918//918
f 948//948 919//919 918//918
f 948//948 949//949 919//919
f 949//949 920//920 919//919
f 949//949 950//950 920//920
f 950//950 921//921 920//920
f 950//950 951//951 921//921
f 951//951 922//922 921//921
f 951//951 952//952 922//922
f 952//952 923//923 922//922
f 952//952 953//953 923//923
f 953//953 924//924 923//923
f 953//953 954//954 924//924
f 954//954 925//925 924//924
f 954//954 955//955 925//925
f 955//955 926//926 925//925
f 955//955 956//956 926//926
f 956//956 927//927 926//926
f 956//956 957//957 927//927
f 957//957 928//928 927//927
f 957//957 958//958 928//928
f 958//958 929//929 928//928
f 958//958 959//959 929//929
f 959//959 930//930 929//929
f 959//959 960//960 930//930
f 960//960 901//901 930//930
f 960//960 931//931 901//901
f 961//961 932//932 931//931
f 961//961 962//962 932//932
f 962//962 933//933 932//932
f 962//962 963//963 933//933
f 963//963 934//934 933//933
f 963//963 964//964 934//934
f 964//964 935//935 934//934
f 964//964 965//965 935//935
f 965//965 936//936 935//935
f 965//965 966//966 936//936
f 966//966 937//937 936//936
f 966//966 967//967 937//937
f 967//967 938//938 937//937
f 967//967 968//968 938//938
f 968//968 939//939 938//938
f 968//968 969//969 939//939
f 969//969 940//940 939//939
f 969//969 970//970 940//940
f 970//970 941//941 940//940
f 970//970 971//971 941//941
f 971//971 942//942 941//941
f 971//971 972//972 942//942
f 972//972 943//943 942//942
f 972//972 973//973 943//943
f 973//973 944//944 943//943
f 973//973 974//974 944//944
f 974//974 945//945 944//944
f 974//974 975//975 945//945
f 975//975 946//946 945//945
f 975//975 976//976 946//946
f 976//976 947//947 946//946
f 976//976 977//977 947//947
f 977//977 948//948 947//947
f 977//977 978//978 948//948
f 978//978 949//949 948//948
f 978//978 979//979 949//949
f 979//979 950//950 949//949
f 979//979 980//980 950//950
f 980//980 951//951 950//950
f 980//980 981//981 951//951
f 981//981 952//952 951//951
f 981//981 982//982 952//952
f 982//982 953//953 952//952
f 982//982 983//983 953//953
f 983//983 954//954 953//953
f 983//983 984//984 954//954
f 984//984 955//955 954//954
f 984//984 985//985 955//955
f 985//985 956//956 955//955
f 985//985 986//986 956//956
f 986//986 957//957 956//956
f 986//986 987//987 957//957
f 987//987 958//958 957//957
f 987//987 988//988 958//958
f 988//988 959//959 958//958
f 988//988 989//989 959//959
f 989//989 960//960 959//959
f 989//989 990//990 960//960
f 990//990 931//931 960//960
f 990//990 961//961 931//931
f 991//991 962//962 961//961
f 991//991 992//992 962//962
f 992//992 963//963 962//962
f 992//992 993//993 963//963
f 993//993 964//964 963//963
f 993//993 994//994 964//964
f 994//994 965//965 964//964
f 994//994 995//995 965//965
f 995//995 966//966 965//965
f 995//995 996//996 966//966
f 996//996 967//967 966//966
f 996//996 997//997 967//967
f 997//997 968//968 967//967
f 997//997 998//998 968//968
f 998//998 969//969 968//968
f 998//998 999//999 969//969
f 999//999 970//970 969//969
f 999//999 1000//1000 970//970
f 1000//1000 971//971 970//970
f 1000//1000 1001//1001 971//971
f 1001//1001 972//972 971//971
f 1001//1001 1002//1002 972//972
f 1002//1002 973//973 972//972
f 1002//1002 1003//1003 973//973
f 1003//1003 974//974 973//973
f 1003//1003 1004//1004 974//974
f 1004//1004 975//975 974//974
f 1004//1004 1005//1005 975//975
f 1005//1005 976//976 975//975
f 1005//1005 1006//1006 976//976
f 1006//1006 977//977 976//976
f 1006//1006 1007//1007 977//977
f 1007//1007 978//978 977//977
f 1007//1007 1008//1008 978//978
f 1008//1008 979//979 978//978
f 1008//1008 1009//1009 979//979
f 1009//1009 980//980 979//979
f 1009//1009 1010//1010 980//980
f 1010//1010 981//981 980//980
f 1010//1010 1011//1011 981//981
f 1011//1011 982//982 981//981
f 1011//1011 1012//1012 982//982
f 1012//1012 983//983 982//982
f 1012//1012 1013//1013 983//983
f 1013//1013 984//984 983//983
f 1013//1013 1014//1014 984//984
f 1014//1014 985//985 984//984
f 1014//1014 1015//1015 985//985
f 1015//1015 986//986 985//985
f 1015//1015 1016//1016 986//986
f 1016//1016 987//987 986//986
f 1016//1016 1017//1017 987//987
f 1017//1017 988//988 987//987
f 1017//1017 1018//1018 988//988
f 1018//1018 989//989 988//988
f 1018//1018 1019//1019 989//989
f 1019//1019 990//990 989//989
f 1019//1019 1020//1020 990//990
f 1020//1020 961//961 990//990
f 1020//1020 991//991 961//961
f 1021//1021 992//992 991//991
f 1021//1021 1022//1022 992//992
f 1022//1022 993//993 992//992
f 1022//1022 1023//1023 993//993
f 1023//1023 994//994 993//993
f 1023//1023 1024//1024 994//994
f 1024//1024 995//995 994//994
f 1024//1024 1025//1025 995//995
f 1025//1025 996//996 995//995
f 1025//1025 1026//1026 996//996
f 1026//1026 997//997 996//996
f 1026//1026 1027//1027 997//997
f 1027//1027 998//998 997//997
f 1027//1027 1028//1028 998//998
f 1028//1028 999//999 998//998
f 1028//1028 1029//1029 999//999
f 1029//1029 1000//1000 999//999
f 1029//1029 1030//1030 1000//1000
f 1030//1030 1001//1001 1000//1000
f 1030//1030 1031//1031 1001//1001
f 1031//1031 1002//1002 1001//1001
f 1031//1031 1032//1032 1002//1002
f 1032//1032 1003//1003 1002//1002
f 1032//1032 1033//1033 1003//1003
f 1033//1033 1004//1004 1003//1003
f 1033//1033 1034//1034 1004//1004
f 1034//1034 1005//1005 1004//1004
f 1034//1034 1035//1035 1005//1005
f 1035//1035 1006//1006 1005//1005
f 1035//1035 1036//1036 1006//1006
f 1036//1036 1007//1007 1006//1006
f 1036//1036 1037//1037 1007//1007
f 1037//1037 1008//1008 1007//1007
f 1037//1037 1038//1038 1008//1008
f 1038//1038 1009//1009 1008//1008
f 1038//1038 1039//1039 1009//1009
f 1039//1039 1010//1010 1009//1009
f 1039//1039 1040//1040 1010//1010
f 1040//1040 1011//1011 1010//1010
f 1040//1040 1041//1041 1011//1011
f 1041//1041 1012//1012 1011//1011
f 1041//1041 1042//1042 1012//1012
f 1042//1042 1013//1013 1012//1012
f 1042//1042 1043//1043 1013//1013
f 1043//1043 1014//1014 1013//1013
f 1043//1043 1044//1044 1014//1014
f 1044//1044 1015//1015 1014//1014
f 1044//1044 1045//1045 1015//1015
f 1045//1045 1016//1016 1015//1015
f 1045//1045 1046//1046 1016//1016
f 1046//1046 1017//1017 1016//1016
f 1046//1046 1047//1047 1017//1017
f 1047//1047 1018//1018 1017//1017
f 1047//1047 1048//1048 1018//1018
f 1048//1048 1019//1019 1018//1018
f 1048//1048 1049//1049 1019//1019
f 1049//1049 1020//1020 1019//1019
f 1049//1049 1050//1050 1020//1020
f 1050//1050 991//991 1020//1020
f 1050//1050 1021//1021 991//991
f 1051//1051 1022//1022 1021//1021
f 1051//1051 1052//1052 1022//1022
f 1052//1052 1023//1023 1022//1022
f 1052//1052 1053//1053 1023//1023
f 1053//1053 1024//1024 1023//1023
f 1053//1053 1054//1054 1024//1024
f 1054//1054 1025//1025 1024//1024
f 1054//1054 1055//1055 1025//1025
f 1055//1055 1026//1026 1025//1025
f 1055//1055 1056//1056 1026//1026
f 1056//1056 1027//1027 1026//1026
f 1056//1056 1057//1057 1027//1027
f 1057//1057 1028//1028 1027//1027
f 1057//1057 1058//1058 1028//1028
f 1058//1058 1029//1029 1028//1028
f 1058//1058 1059//1059 1029//1029
f 1059//1059 1030//1030 1029//1029
f 1059//1059 1060//1060 1030//1030
f 1060//1060 1031//1031 1030//1030
f 1060//1060 1061//1061 1031//1031
f 1061//1061 1032//1032 1031//1031
f 1061//1061 1062//1062 1032//1032
f 1062//1062 1033//1033 1032//1032
f 1062//1062 1063//1063 1033//1033
f 1063//1063 1034//1034 1033//1033
f 1063//1063 1064//1064 1034//1034
f 1064//1064 1035//1035 1034//1034
f 1064//1064 1065//1065 1035//1035
f 1065//1065 1036//1036 1035//1035
f 1065//1065 1066//1066 1036//1036
f 1066//1066 1037//1037 1036//1036
f 1066//1066 1067//1067 1037//1037
f 1067//1067 1038//1038 1037//1037
f 1067//1067 1068//1068 1038//1038
f 1068//1068 1039//1039 1038//1038
f 1068//1068 1069//1069 1039//1039
f 1069//1069 1040//1040 1039//1039
f 1069//1069 1070//1070 1040//1040
f 1070//1070 1041//1041 1040//1040
f 1070//1070 1071//1071 1041//1041
f 1071//1071 1042//1042 1041//1041
f 1071//1071 1072//1072 1042//1042
f 1072//1072 1043//1043 1042//1042
f 1072//1072 1073//1073 1043//1043
f 1073//1073 1044//1044 1043//1043
f 1073//1073 1074//1074 1044//1044
f 1074//1074 1045//1045 1044//1044
f 1074//1074 1075//1075 1045//1045
f 1075//1075 1046//1046 1045//1045
f 1075//1075 1076//1076 1046//1046
f 1076//1076 1047//1047 1046//1046
f 1076//1076 1077//1077 1047//1047
f 1077//1077 1048//1048 1047//1047
f 1077//1077 1078//1078 1048//1048
f 1078//1078 1049//1049 1048//1048
f 1078//1078 1079//1079 1049//1049
f 1079//1079 1050//1050 1049//1049
f 1079//1079 1080//1080 1050//1050
f 1080//1080 1021//1021 1050//1050
f 1080//1080 1051//1051 1021//1021
f 1081//1081 1052//1052 1051//1051
f 1081//1081 1082//1082 1052//1052
f 1082//1082 1053//1053 1052//1052
f 1082//1082 1083//1083 1053//1053
f 1083//1083 1054//1054 1053//1053
f 1083//1083 1084//1084 1054//1054
f 1084//1084 1055//1055 1054//1054
f 1084//1084 1085//1085 1055//1055
f 1085//1085 1056//1056 1055//1055
f 1085//1085 1086//1086 1056//1056
f 1086//1086 1057//1057 1056//1056
f 1086//1086 1087//1087 1057//1057
f 1087//1087 1058//1058 1057//1057
f 1087//1087 1088//1088 1058//1058
f 1088//1088 1059//1059 1058//1058
f 1088//1088 1089//1089 1059//1059
f 1089//1089 1060//1060 1059//1059
f 1089//1089 1090//1090 1060//1060
f 1090//1090 1061//1061 1060//1060
f 1090//1090 1091//1091 1061//1061
f 1091//1091 1062//1062 1061//1061
f 1091//1091 1092//1092 1062//1062
f 1092//1092 1063//1063 1062//1062
f 1092//1092 1093//1093 1063//1063
f 1093//1093 1064//1064 1063//1063
f 1093//1093 1094//1094 1064//1064
f 1094//1094 1065//1065 1064//1064
f 1094//1094 1095//1095 1065//1065
f 1095//1095 1066//1066 1065//1065
f 1095//1095 1096//1096 1066//1066
f 1096//1096 1067//1067 1066//1066
f 1096//1096 1097//1097 1067//1067
f 1097//1097 1068//1068 1067//1067
f 1097//1097 1098//1098 1068//1068
f 1098//1098 1069//1069 1068//1068
f 1098//1098 1099//1099 1069//1069
f 1099//1099 1070//1070 1069//1069
f 1099//1099 1100//1100 1070//1070
f 1100//1100 1071//1071 1070//1070
f 1100//1100 1101//1101 1071//1071
f 1101//1101 1072//1072 1071//1071
f 1101//1101 1102//1102 1072//1072
f 1102//1102 1073//1073 1072//1072
f 1102//1102 1103//1103 1073//1073
f 1103//1103 1074//1074 1073//1073
f 1103//1103 1104//1104 1074//1074
f 1104//1104 1075//1075 1074//1074
f 1104//1104 1105//1105 1075//1075
f 1105//1105 1076//1076 1075//1075
f 1105//1105 1106//1106 1076//1076
f 1106//1106 1077//1077 1076//1076
f 1106//1106 1107//1107 1077//1077
f 1107//1107 1078//1078 1077//1077
f 1107//1107 1108//1108 1078//1078
f 1108//1108 1079//1079 1078//1078
f 1108//1108 1109//1109 1079//1079
f 1109//1109 1080//1080 1079//1079
f 1109//1109 1110//1110 1080//1080
f 1110//1110 1051//1051 1080//1080
f 1110//1110 1081//1081 1051//1051
f 1111//1111 1082//1082 1081//1081
f 1111//1111 1112//1112 1082//1082
f 1112//1112 1083//1083 1082//1082
f 1112//1112 1113//1113 1083//1083
f 1113//1113 1084//1084 1083//1083
f 1113//1113 1114//1114 1084//1084
f 1114//1114 1085//1085 1084//1084
f 1114//1114 1115//1115 1085//1085
f 1115//1115 1086//1086 1085//1085
f 1115//1115 1116//1116 1086//1086
f 1116//1116 1087//1087 1086//1086
f 1116//1116 1117//1117 1087//1087
f 1117//1117 1088//1088 1087//1087
f 1117//1117 1118//1118 1088//1088
f 1118//1118 1089//1089 1088//1088
f 1118//1118 1119//1119 1089//1089
f 1119//1119 1090//1090 1089//1089
f 1119//1119 1120//1120 1090//1090
f 1120//1120 1091//1091 1090//1090
f 1120//1120 1121//1121 1091//1091
f 1121//1121 1092//1092 1091//1091
f 1121//1121 1122//1122 1092//1092
f 1122//1122 1093//1093 1092//1092
f 1122//1122 1123//1123 1093//1093
f 1123//1123 1094//1094 1093//1093
f 1123//1123 1124//1124 1094//1094
f 1124//1124 1095//1095 1094//1094
f 1124//1124 1125//1125 1095//1095
f 1125//1125 1096//1096 1095//1095
f 1125//1125 1126//1126 1096//1096
f 1126//1126 1097//1097 1096//1096
f 1126//1126 1127//1127 1097//1097
f 1127//1127 1098//1098 1097//1097
f 1127//1127 1128//1128 1098//1098
f 1128//1128 1099//1099 1098//1098
f 1128//1128 1129//1129 1099//1099
f 1129//1129 1100//1100 1099//1099
f 1129//1129 1130//1130 1100//1100
f 1130//1130 1101//1101 1100//1100
f 1130//1130 1131//1131 1101//1101
f 1131//1131 1102//1102 1101//1101
f 1131//1131 1132//1132 1102//1102
f 1132//1132 1103//1103 1102//1102
f 1132//1132 1133//1133 1103//1103
f 1133//1133 1104//1104 1103//1103
f 1133//1133 1134//1134 1104//1104
f 1134//1134 1105//1105 1104//1104
f 1134//1134 1135//1135 1105//1105
f 1135//1135 1106//1106 1105//1105
f 1135//1135 1136//1136 1106//1106
f 1136//1136 1107//1107 1106//1106
f 1136//1136 1137//1137 1107//1107
f 1137//1137 1108//1108 1107//1107
f 1137//1137 1138//1138 1108//1108
f 1138//1138 1109//1109 1108//1108
f 1138//1138 1139//1139 1109//1109
f 1139//1139 1110//1110 1109//1109
f 1139//1139 1140//1140 1110//1110
f 1140//1140 1081//1081 1110//1110
f 1140//1140 1111//1111 1081//1081
f 1141//1141 1112//1112 1111//1111
f 1141//1141 1142//1142 1112//1112
f 1142//1142 1113//1113 1112//1112
f 1142//1142 1143//1143 1113//1113
f 1143//1143 1114//1114 1113//1113
f 1143//1143 1144//1144 1114//1114
f 1144//1144 1115//1115 1114//1114
f 1144//1144 1145//1145 1115//1115
f 1145//1145 1116//1116 1115//1115
f 1145//1145 1146//1146 1116//1116
f 1146//1146 1117//1117 1116//1116
f 1146//1146 1147//1147 1117//1117
f 1147//1147 1118//1118 1117//1117
f 1147//1147 1148//1148 1118//1118
f 1148//1148 1119//1119 1118//1118
f 1148//1148 1149//1149 1119//1119
f 1149//1149 1120//1120 1119//1119
f 1149//1149 1150//1150 1120//1120
f 1150//1150 1121//1121 1120//1120
f 1150//1150 1151//1151 1121//1121
f 1151//1151 1122//1122 1121//1121
f 1151//1151 1152//1152 1122//1122
f 1152//1152 1123//1123 1122//1122
f 1152//1152 1153//1153 1123//1123
f 1153//1153 1124//1124 1123//1123
f 1153//1153 1154//1154 1124//1124
f 1154//1154 1125//1125 1124//1124
f 1154//1154 1155//1155 1125//1125
f 1155//1155 1126//1126 1125//1125
f 1155//1155 1156//1156 1126//1126
f 1156//1156 1127//1127 1126//1126
f 1156//1156 1157//1157 1127//1127
f 1157//1157 1128//1128 1127//1127
f 1157//1157 1158//1158 1128//1128
f 1158//1158 1129//1129 1128//1128
f 1158//1158 1159//1159 1129//1129
f 1159//1159 1130//1130 1129//1129
f 1159//1159 1160//1160 1130//1130
f 1160//1160 1131//1131 1130//1130
f 1160//1160 1161//1161 1131//1131
f 1161//1161 1132//1132 1131//1131
f 1161//1161 1162//1162 1132//1132
f 1162//1162 1133//1133 1132//1132
f 1162//1162 1163//1163 1133//1133
f 1163//1163 1134//1134 1133//1133
f 1163//1163 1164//1164 1134//1134
f 1164//1164 1135//1135 1134//1134
f 1164//1164 1165//1165 1135//1135
f 1165//1165 1136//1136 1135//1135
f 1165//1165 1166//1166 1136//1136
f 1166//1166 1137//1137 1136//1136
f 1166//1166 1167//1167 1137//1137
f 1167//1167 1138//1138 1137//1137
f 1167//1167 1168//1168 1138//1138
f 1168//1168 1139//1139 1138//1138
f 1168//1168 1169//1169 1139//1139
f 1169//1169 1140//1140 1139//1139
f 1169//1169 1170//1170 1140//1140
f 1170//1170 1111//1111 1140//1140
f 1170//1170 1141//1141 1111//1111
f 1171//1171 1142//1142 1141//1141
f 1171//1171 1172//1172 1142//1142
f 1172//1172 1143//1143 1142//1142
f 1172//1172 1173//1173 1143//1143
f 1173//1173 1144//1144 1143//1143
f 1173//1173 1174//1174 1144//1144
f 1174//1174 1145//1145 1144//1144
f 1174//1174 1175//1175 1145//1145
f 1175//1175 1146//1146 1145//1145
f 1175//1175 1176//1176 1146//1146
f 1176//1176 1147//1147 1146//1146
f 1176//1176 1177//1177 1147//1147
f 1177//1177 1148//1148 1147//1147
f 1177//1177 1178//1178 1148//1148
f 1178//1178 1149//1149 1148//1148
f 1178//1178 1179//1179 1149//1149
f 1179//1179 1150//1150 1149//1149
f 1179//1179 1180//1180 1150//1150
f 1180//1180 1151//1151 1150//1150
f 1180//1180 1181//1181 1151//1151
f 1181//1181 1152//1152 1151//1151
f 1181//1181 1182//1182 1152//1152
f 1182//1182 1153//1153 1152//1152
f 1182//1182 1183//1183 1153//1153
f 1183//1183 1154//1154 1153//1153
f 1183//1183 1184//1184 1154//1154
f 1184//1184 1155//1155 1154//1154
f 1184//1184 1185//1185 1155//1155
f 1185//1185 1156//1156 1155//1155
f 1185//1185 1186//1186 1156//1156
f 1186//1186 1157//1157 1156//1156
f 1186//1186 1187//1187 1157//1157
f 1187//1187 1158//1158 1157//1157
f 1187//1187 1188//1188 1158//1158
f 1188//1188 1159//1159 1158//1158
f 1188//1188 1189//1189 1159//1159
f 1189//1189 1160//1160 1159//1159
f 1189//1189 1190//1190 1160//1160
f 1190//1190 1161//1161 1160//1160
f 1190//1190 1191//1191 1161//1161
f 1191//1191 1162//1162 1161//1161
f 1191//1191 1192//1192 1162//1162
f 1192//1192 1163//1163 1162//1162
f 1192//1192 1193//1193 1163//1163
f 1193//1193 1164//1164 1163//1163
f 1193//1193 1194//1194 1164//1164
f 1194//1194 1165//1165 1164//1164
f 1194//1194 1195//1195 1165//1165
f 1195//1195 1166//1166 1165//1165
f 1195//1195 1196//1196 1166//1166
f 1196//1196 1167//1167 1166//1166
f 1196//1196 1197//1197 1167//1167
f 1197//1197 1168//1168 1167//1167
f 1197//1197 1198//1198 1168//1168
f 1198//1198 1169//1169 1168//1168
f 1198//1198 1199//1199 1169//1169
f 1199//1199 1170//1170 1169//1169
f 1199//1199 1200//1200 1170//1170
f 1200//1200 1141//1141 1170//1170
f 1200//1200 1171//1171 1141//1141
f 1201//1201 1172//1172 1171//1171
f 1201//1201 1202//1202 1172//1172
f 1202//1202 1173//1173 1172//1172
f 1202//1202 1203//1203 1173//1173
f 1203//1203 1174//1174 1173//1173
f 1203//1203 1204//1204 1174//1174
f 1204//1204 1175//1175 1174//1174
f 1204//1204 1205//1205 1175//1175
f 1205//1205 1176//1176 1175//1175
f 1205//1205 1206//1206 1176//1176
f 1206//1206 1177//1177 1176//1176
f 1206//1206 1207//1207 1177//1177
f 1207//1207 1178//1178 1177//1177
f 1207//1207 1208//1208 1178//1178
f 1208//1208 1179//1179 1178//1178
f 1208//1208 1209//1209 1179//1179
f 1209//1209 1180//1180 1179//1179
f 1209//1209 1210//1210 1180//1180
f 1210//1210 1181//1181 1180//1180
f 1210//1210 1211//1211 1181//1181
f 1211//1211 1182//1182 1181//1181
f 1211//1211 1212//1212 1182//1182
f 1212//1212 1183//1183 1182//1182
f 1212//1212 1213//1213 1183//1183
f 1213//1213 1184//1184 1183//1183
f 1213//1213 1214//1214 1184//1184
f 1214//1214 1185//1185 1184//1184
f 1214//1214 1215//1215 1185//1185
f 1215//1215 1186//1186 1185//1185
f 1215//1215 1216//1216 1186//1186
f 1216//1216 1187//1187 1186//1186
f 1216//1216 1217//1217 1187//1187
f 1217//1217 1188//1188 1187//1187
f 1217//1217 1218//1218 1188//1188
f 1218//1218 1189//1189 1188//1188
f 1218//1218 1219//1219 1189//1189
f 1219//1219 1190//1190 1189//1189
f 1219//1219 1220//1220 1190//1190
f 1220//1220 1191//1191 1190//1190
f 1220//1220 1221//1221 1191//1191
f 1221//1221 1192//1192 1191//1191
f 1221//1221 1222//1222 1192//1192
f 1222//1222 1193//1193 1192//1192
f 1222//1222 1223//1223 1193//1193
f 1223//1223 1194//1194 1193//1193
f 1223//1223 1224//1224 1194//1194
f 1224//1224 1195//1195 1194//1194
f 1224//1224 1225//1225 1195//1195
f 1225//1225 1196//1196 1195//1195
f 1225//1225 1226//1226 1196//1196
f 1226//1226 1197//1197 1196//1196
f 1226//1226 1227//1227 1197//1197
f 1227//1227 1198//1198 1197//1197
f 1227//1227 1228//1228 1198//1198
f 1228//1228 1199//1199 1198//1198
f 1228//1228 1229//1229 1199//1199
f 1229//1229 1200//1200 1199//1199
f 1229//1229 1230//1230 1200//1200
f 1230//1230 1171//1171 1200//1200
f 1230//1230 1201//1201 1171//1171
f 1231//1231 1202//1202 1201//1201
f 1231//1231 1232//1232 1202//1202
f 1232//1232 1203//1203 1202//1202
f 1232//1232 1233//1233 1203//1203
f 1233//1233 1204//1204 1203//1203
f 1233//1233 1234//1234 1204//1204
f 1234//1234 1205//1205 1204//1204
f 1234//1234 1235//1235 1205//1205
f 1235//1235 1206//1206 1205//1205
f 1235//1235 1236//1236 1206//1206
f 1236//1236 1207//1207 1206//1206
f 1236//1236 1237//1237 1207//1207
f 1237//1237 1208//1208 1207//1207
f 1237//1237 1238//1238 1208//1208
f 1238//1238 1209//1209 1208//1208
f 1238//1238 1239//1239 1209//1209
f 1239//1239 1210//1210 1209//1209
f 1239//1239 1240//1240 1210//1210
f 1240//1240 1211//1211 1210//1210
f 1240//1240 1241//1241 1211//1211
f 1241//1241 1212//1212 1211//1211
f 1241//1241 1242//1242 1212//1212
f 1242//1242 1213//1213 1212//1212
f 1242//1242 1243//1243 1213//1213
f 1243//1243 1214//1214 1213//1213
f 1243//1243 1244//1244 1214//1214
f 1244//1244 1215//1215 1214//1214
f 1244//1244 1245//1245 1215//1215
f 1245//1245 1216//1216 1215//1215
f 1245//1245 1246//1246 1216//1216
f 1246//1246 1217//1217 1216//1216
f 1246//1246 1247//1247 1217//1217
f 1247//1247 1218//1218 1217//1217
f 1247//1247 1248//1248 1218//1218
f 1248//1248 1219//1219 1218//1218
f 1248//1248 1249//1249 1219//1219
f 1249//1249 1220//1220 1219//1219
f 1249//1249 1250//1250 1220//1220
f 1250//1250 1221//1221 1220//1220
f 1250//1250 1251//1251 1221//1221
f 1251//1251 1222//1222 1221//1221
f 1251//1251 1252//1252 1222//1222
f 1252//1252 1223//1223 1222//1222
f 1252//1252 1253//1253 1223//1223
f 1253//1253 1224//1224 1223//1223
f 1253//1253 1254//1254 1224//1224
f 1254//1254 1225//1225 1224//1224
f 1254//1254 1255//1255 1225//1225
f 1255//1255 1226//1226 1225//1225
f 1255//1255 1256//1256 1226//1226
f 1256//1256 1227//1227 1226//1226
f 1256//1256 1257//1257 1227//1227
f 1257//1257 1228//1228 1227//1227
f 1257//1257 1258//1258 1228//1228
f 1258//1258 1229//1229 1228//1228
f 1258//1258 1259//1259 1229//1229
f 1259//1259 1230//1230 1229//1229
f 1259//1259 1260//1260 1230//1230
f 1260//1260 1201//1201 1230//1230
f 1260//1260 1231//1231 1201//1201
f 2//2 1//1 632//632
f 3//3 2//2 633//633
f 4//4 3//3 634//634
f 5//5 4//4 635//635
f 6//6 5//5 636//636
f 7//7 6//6 637//637
f 8//8 7//7 638//638
f 9//9 8//8 639//639
f 10//10 9//9 640//640
f 11//11 10//10 641//641
f 12//12 11//11 642//642
f 13//13 12//12 643//643
f 14//14 13//13 644//644
f 15//15 14//14 645//645
f 16//16 15//15 646//646
f 17//17 16//16 647//647
f 18//18 17//17 648//648
f 19//19 18//18 649//649
f 20//20 19//19 650//650
f 21//21 20//20 651//651
f 22//22 21//21 652//652
f 23//23 22//22 653//653
f 24//24 23//23 654//654
f 25//25 24//24 655//655
f 26//26 25//25 656//656
f 27//27 26//26 657//657
f 28//28 27//27 658//658
f 29//29 28//28 659//659
f 30//30 29//29 660//660
f 1//1 30//30 631//631
f 1//1 631//631 632//632
f 2//2 632//632 633//633
f 3//3 633//633 634//634
f 4//4 634//634 635//635
f 5//5 635//635 636//636
f 6//6 636//636 637//637
f 7//7 637//637 638//638
f 8//8 638//638 639//639
f 9//9 639//639 640//640
f 10//10 640//640 641//641
f 11//11 641//641 642//642
f 12//12 642//642 643//643
f 13//13 643//643 644//644
f 14//14 644//644 645//645
f 15//15 645//645 646//646
f 16//16 646//646 647//647
f 17//17 647//647 648//648
f 18//18 648//648 649//649
f 19//19 649//649 650//650
f 20//20 650//650 651//651
f 21//21 651//651 652//652
f 22//22 652//652 653//653
f 23//23 653//653 654//654
f 24//24 654//654 655//655
f 25//25 655//655 656//656
f 26//26 656//656 657//657
f 27//27 657//657 658//658
f 28//28 658//658 659//659
f 29//29 659//659 660//660
f 30//30 660//660 631//631
